fid,OBJECTID,OBJIDstr,AIN,NumPrefix,Number,NumSuffix,PreMod,PreDir,PreType,StArticle,StreetName,PostType,PostDir,PostMod,BldgID,BldgSource,BldgTypePl,BldgType,BldgName,FlrTypePl,FlrType,FlrName,UnitType,UnitName,ZipCode,Zip4,LegalComm,PostComm1,PostComm2,PostComm3,OtherComm1,OtherComm2,Source,SourceID,MADRank,AROIDstr,OIDstr,PropType,ObjID,PreDirAbbr,PostDirAbbr,PreTypeAbbr,PostTypeAbbr,FullName,UpdateDate,FullAddress,UniqueID,StName_EnerGov,FullAddress_EnerGov,MSAG_City,ESN,lon,lat
13498,53838,,,,664.0,,,South,,,Bixel,Street,,,,,,,,,,,,,90017.0,,Los Angeles,Los Angeles,,,,,LA City,{A6F037BF-0C79-4C53-8EEC-75F56FDAA4C4},0,,A6F037BF-0C79-4C53-8EEC-75F56FDAA4C4,Unknown,,S,,,St,S Bixel St,2023/09/12 23:03:18+00,664 S Bixel St Los Angeles 90017,A6F037BF-0C79-4C53-8EEC-75F56FDAA4C4_664_S_Bixel_St_Los_Angeles_90017,Bixel,664 S Bixel Street St Los Angeles 90017,,,,
472392,1021276,,4326035182.0,,1058.0,,,,,,Wilshire,Boulevard,,,,,,,,,,,UNIT,69,90017.0,,Los Angeles,Los Angeles,,,,,Assessor,{7D0ECC23-0652-4F8A-A8B1-1C00F04DBE7C},0,,7D0ECC23-0652-4F8A-A8B1-1C00F04DBE7C,Unknown,,,,,Blvd,Wilshire Blvd,2024/05/12 21:05:27+00,1058 Wilshire Blvd UNIT 69 Los Angeles 90017,7D0ECC23-0652-4F8A-A8B1-1C00F04DBE7C_1058_Wilshire_Blvd_UNIT_69_Los_Angeles_90017,Wilshire,1058 Wilshire Boulevard Blvd UNIT 69 Los Angeles 90017,,,,
472393,1021277,,4326035183.0,,1058.0,,,,,,Wilshire,Boulevard,,,,,,,,,,,UNIT,71,90017.0,,Los Angeles,Los Angeles,,,,,Assessor,{4C4678AA-5D02-47F6-AA37-7DE6D6DB7F59},0,,4C4678AA-5D02-47F6-AA37-7DE6D6DB7F59,Unknown,,,,,Blvd,Wilshire Blvd,2024/05/12 21:05:27+00,1058 Wilshire Blvd UNIT 71 Los Angeles 90017,4C4678AA-5D02-47F6-AA37-7DE6D6DB7F59_1058_Wilshire_Blvd_UNIT_71_Los_Angeles_90017,Wilshire,1058 Wilshire Boulevard Blvd UNIT 71 Los Angeles 90017,,,,
659803,1236550,,5142009001.0,,1604.0,,,West,,,6Th,Street,,,,,,,,,,,,,90017.0,,Los Angeles,Los Angeles,,,,,LA City,{74A59F70-B9FA-423F-80CB-2ED41EA15FB5},0,,74A59F70-B9FA-423F-80CB-2ED41EA15FB5,Unknown,,W,,,St,W 6Th St,2023/09/12 23:03:18+00,1604 W 6Th St Los Angeles 90017,74A59F70-B9FA-423F-80CB-2ED41EA15FB5_1604_W_6Th_St_Los_Angeles_90017,6Th,1604 W 6Th Street St Los Angeles 90017,,,,
659804,1236551,,5142009001.0,,1602.0,,,West,,,6Th,Street,,,,,,,,,,,,,90017.0,,Los Angeles,Los Angeles,,,,,LA City,{7189310D-5B70-450A-A057-5922DFB4DEFA},0,,7189310D-5B70-450A-A057-5922DFB4DEFA,Unknown,,W,,,St,W 6Th St,2023/09/12 23:03:18+00,1602 W 6Th St Los Angeles 90017,7189310D-5B70-450A-A057-5922DFB4DEFA_1602_W_6Th_St_Los_Angeles_90017,6Th,1602 W 6Th Street St Los Angeles 90017,,,,
659805,1236552,,5142009001.0,,1608.0,,,West,,,6Th,Street,,,,,,,,,,,,,90017.0,,Los Angeles,Los Angeles,,,,,LA City,{D8B92622-E3C5-47A0-AA72-4F198192F4E6},0,,D8B92622-E3C5-47A0-AA72-4F198192F4E6,Unknown,,W,,,St,W 6Th St,2023/09/12 23:03:18+00,1608 W 6Th St Los Angeles 90017,D8B92622-E3C5-47A0-AA72-4F198192F4E6_1608_W_6Th_St_Los_Angeles_90017,6Th,1608 W 6Th Street St Los Angeles 90017,,,,
659806,1236553,,5142009001.0,,1606.0,,,West,,,6Th,Street,,,,,,,,,,,,,90017.0,,Los Angeles,Los Angeles,,,,,LA City,{6EAE1348-41C5-469C-A092-CBB6023FFED8},0,,6EAE1348-41C5-469C-A092-CBB6023FFED8,Unknown,,W,,,St,W 6Th St,2023/09/12 23:03:18+00,1606 W 6Th St Los Angeles 90017,6EAE1348-41C5-469C-A092-CBB6023FFED8_1606_W_6Th_St_Los_Angeles_90017,6Th,1606 W 6Th Street St Los Angeles 90017,,,,
659807,1236554,,5142009001.0,,1600.0,,,West,,,6Th,Street,,,,,,,,,,,,,90017.0,,Los Angeles,Los Angeles,,,,,LA City,{90DEAA41-54BC-48B1-95F7-77F330B78A6A},0,,90DEAA41-54BC-48B1-95F7-77F330B78A6A,Unknown,,W,,,St,W 6Th St,2023/09/12 23:03:18+00,1600 W 6Th St Los Angeles 90017,90DEAA41-54BC-48B1-95F7-77F330B78A6A_1600_W_6Th_St_Los_Angeles_90017,6Th,1600 W 6Th Street St Los Angeles 90017,,,,
659808,1236555,,5142009005.0,,621.0,,,South,,,Union,Avenue,,,,,,,,,,,,,90017.0,,Los Angeles,Los Angeles,,,,,LA City,{88131052-B51F-441C-A806-88EE9467862C},0,,88131052-B51F-441C-A806-88EE9467862C,Unknown,,S,,,Ave,S Union Ave,2023/09/12 23:03:18+00,621 S Union Ave Los Angeles 90017,88131052-B51F-441C-A806-88EE9467862C_621_S_Union_Ave_Los_Angeles_90017,Union,621 S Union Avenue Ave Los Angeles 90017,,,,
659809,1236556,,5142009006.0,,1615.0,,,West,,,Shatto,Street,,,,,,,,,,,,,90017.0,,Los Angeles,Los Angeles,,,,,LA City,{2B4B53BF-5FD9-4681-B36B-E24958E005D5},0,,2B4B53BF-5FD9-4681-B36B-E24958E005D5,Unknown,,W,,,St,W Shatto St,2023/09/12 23:03:18+00,1615 W Shatto St Los Angeles 90017,2B4B53BF-5FD9-4681-B36B-E24958E005D5_1615_W_Shatto_St_Los_Angeles_90017,Shatto,1615 W Shatto Street St Los Angeles 90017,,,,
659810,1236557,,5142009029.0,,1622.0,,,West,,,6Th,Street,,,,,,,,,,,,,90017.0,,Los Angeles,Los Angeles,,,,,LA City,{CDD46BA8-BD20-4B4F-B3F9-7A76E180758B},0,,CDD46BA8-BD20-4B4F-B3F9-7A76E180758B,Unknown,,W,,,St,W 6Th St,2023/09/12 23:03:18+00,1622 W 6Th St Los Angeles 90017,CDD46BA8-BD20-4B4F-B3F9-7A76E180758B_1622_W_6Th_St_Los_Angeles_90017,6Th,1622 W 6Th Street St Los Angeles 90017,,,,
659811,1236558,,5142009029.0,,1624.0,,,West,,,6Th,Street,,,,,,,,,,,,,90017.0,,Los Angeles,Los Angeles,,,,,LA City,{62E350CA-A3F7-4B06-8AB8-C5C2FFB9ED29},0,,62E350CA-A3F7-4B06-8AB8-C5C2FFB9ED29,Unknown,,W,,,St,W 6Th St,2023/09/12 23:03:18+00,1624 W 6Th St Los Angeles 90017,62E350CA-A3F7-4B06-8AB8-C5C2FFB9ED29_1624_W_6Th_St_Los_Angeles_90017,6Th,1624 W 6Th Street St Los Angeles 90017,,,,
659812,1236559,,5142009029.0,,1618.0,,,West,,,6Th,Street,,,,,,,,,,,,,90017.0,,Los Angeles,Los Angeles,,,,,LA City,{42C378DC-FCF8-424B-AE8C-148BB30E9329},0,,42C378DC-FCF8-424B-AE8C-148BB30E9329,Unknown,,W,,,St,W 6Th St,2023/09/12 23:03:18+00,1618 W 6Th St Los Angeles 90017,42C378DC-FCF8-424B-AE8C-148BB30E9329_1618_W_6Th_St_Los_Angeles_90017,6Th,1618 W 6Th Street St Los Angeles 90017,,,,
659813,1236560,,5142009029.0,,1620.0,,,West,,,6Th,Street,,,,,,,,,,,,,90017.0,,Los Angeles,Los Angeles,,,,,LA City,{591D884C-1AFF-4D8B-9669-2A11F7B7A0DA},0,,591D884C-1AFF-4D8B-9669-2A11F7B7A0DA,Unknown,,W,,,St,W 6Th St,2023/09/12 23:03:18+00,1620 W 6Th St Los Angeles 90017,591D884C-1AFF-4D8B-9669-2A11F7B7A0DA_1620_W_6Th_St_Los_Angeles_90017,6Th,1620 W 6Th Street St Los Angeles 90017,,,,
659814,1236561,,5142009031.0,,1612.0,,,West,,,6Th,Street,,,,,,,,,,,,,90017.0,,Los Angeles,Los Angeles,,,,,LA City,{96AD2DA1-CF89-4560-B28A-45954C0D958E},0,,96AD2DA1-CF89-4560-B28A-45954C0D958E,Unknown,,W,,,St,W 6Th St,2023/09/12 23:03:18+00,1612 W 6Th St Los Angeles 90017,96AD2DA1-CF89-4560-B28A-45954C0D958E_1612_W_6Th_St_Los_Angeles_90017,6Th,1612 W 6Th Street St Los Angeles 90017,,,,
659815,1236562,,5142009031.0,,1610.0,,,West,,,6Th,Street,,,,,,,,,,,,1-5,90017.0,,Los Angeles,Los Angeles,,,,,LA City,{6062DE98-483F-4284-9123-A3CD6EC5CFD9},0,,6062DE98-483F-4284-9123-A3CD6EC5CFD9,Unknown,,W,,,St,W 6Th St,2023/09/12 23:03:18+00,1610 W 6Th St 1-5 Los Angeles 90017,6062DE98-483F-4284-9123-A3CD6EC5CFD9_1610_W_6Th_St_1-5_Los_Angeles_90017,6Th,1610 W 6Th Street St 1-5 Los Angeles 90017,,,,
659816,1236563,,5142009031.0,,1614.0,,,West,,,6Th,Street,,,,,,,,,,,,,90017.0,,Los Angeles,Los Angeles,,,,,LA City,{4A2E5FAF-56F0-4B0F-99B6-F0C8DDD12CEB},0,,4A2E5FAF-56F0-4B0F-99B6-F0C8DDD12CEB,Unknown,,W,,,St,W 6Th St,2024/05/12 21:05:27+00,1614 W 6Th St Los Angeles 90017,4A2E5FAF-56F0-4B0F-99B6-F0C8DDD12CEB_1614_W_6Th_St_Los_Angeles_90017,6Th,1614 W 6Th Street St Los Angeles 90017,,,,
659817,1236564,,5142009031.0,,1616.0,,,West,,,6Th,Street,,,,,,,,,,,,,90017.0,,Los Angeles,Los Angeles,,,,,LA City,{86301CC2-61FA-4CC7-A1A3-7985D9D6B0CD},0,,86301CC2-61FA-4CC7-A1A3-7985D9D6B0CD,Unknown,,W,,,St,W 6Th St,2024/05/12 21:05:27+00,1616 W 6Th St Los Angeles 90017,86301CC2-61FA-4CC7-A1A3-7985D9D6B0CD_1616_W_6Th_St_Los_Angeles_90017,6Th,1616 W 6Th Street St Los Angeles 90017,,,,
659818,1236565,,5142009031.0,,1614.0,1/2,,West,,,6Th,Street,,,,,,,,,,,,,90017.0,,Los Angeles,Los Angeles,,,,,LA City,{1051A3B5-3C5C-4756-B2FA-7D905398A270},0,,1051A3B5-3C5C-4756-B2FA-7D905398A270,Unknown,,W,,,St,W 6Th St,2024/05/12 21:05:27+00,1614 1/2 W 6Th St Los Angeles 90017,1051A3B5-3C5C-4756-B2FA-7D905398A270_1614_1/2_W_6Th_St_Los_Angeles_90017,6Th,1614 1/2 W 6Th Street St Los Angeles 90017,,,,
659819,1236566,,5142009032.0,,607.0,,,South,,,Union,Avenue,,,,,,,,,,,,,90017.0,,Los Angeles,Los Angeles,,,,,LA City,{31A0D010-58D9-4FD3-94A1-DC09731D7213},0,,31A0D010-58D9-4FD3-94A1-DC09731D7213,Unknown,,S,,,Ave,S Union Ave,2023/09/12 23:03:18+00,607 S Union Ave Los Angeles 90017,31A0D010-58D9-4FD3-94A1-DC09731D7213_607_S_Union_Ave_Los_Angeles_90017,Union,607 S Union Avenue Ave Los Angeles 90017,,,,
659820,1236567,,5142009035.0,,1625.0,,,West,,,Wilshire,Boulevard,,,,,,,,,,,,,90017.0,,Los Angeles,Los Angeles,,,,,LA City,{082E85F9-B532-40CE-8341-5CDF08F49918},0,,082E85F9-B532-40CE-8341-5CDF08F49918,Unknown,,W,,,Blvd,W Wilshire Blvd,2023/09/12 23:03:18+00,1625 W Wilshire Blvd Los Angeles 90017,082E85F9-B532-40CE-8341-5CDF08F49918_1625_W_Wilshire_Blvd_Los_Angeles_90017,Wilshire,1625 W Wilshire Boulevard Blvd Los Angeles 90017,,,,
659821,1236568,,5142009035.0,,1609.0,,,West,,,Wilshire,Boulevard,,,,,,,,,,,,,90017.0,,Los Angeles,Los Angeles,,,,,LA City,{F9BF0A83-B8ED-4333-8E10-593F2A672214},0,,F9BF0A83-B8ED-4333-8E10-593F2A672214,Unknown,,W,,,Blvd,W Wilshire Blvd,2023/09/12 23:03:18+00,1609 W Wilshire Blvd Los Angeles 90017,F9BF0A83-B8ED-4333-8E10-593F2A672214_1609_W_Wilshire_Blvd_Los_Angeles_90017,Wilshire,1609 W Wilshire Boulevard Blvd Los Angeles 90017,,,,
659822,1236569,,5142009035.0,,1605.0,,,West,,,Wilshire,Boulevard,,,,,,,,,,,,,90017.0,,Los Angeles,Los Angeles,,,,,LA City,{947E60E1-3FA0-46C2-8A02-1CA69C4E92C2},0,,947E60E1-3FA0-46C2-8A02-1CA69C4E92C2,Unknown,,W,,,Blvd,W Wilshire Blvd,2023/09/12 23:03:18+00,1605 W Wilshire Blvd Los Angeles 90017,947E60E1-3FA0-46C2-8A02-1CA69C4E92C2_1605_W_Wilshire_Blvd_Los_Angeles_90017,Wilshire,1605 W Wilshire Boulevard Blvd Los Angeles 90017,,,,
659823,1236570,,5142009035.0,,1675.0,,,West,,,Wilshire,Boulevard,,,,,,,,,,,,,90017.0,,Los Angeles,Los Angeles,,,,,LA City,{8F0BF6A7-622C-4754-BABC-F4F60A2BFC3D},0,,8F0BF6A7-622C-4754-BABC-F4F60A2BFC3D,Unknown,,W,,,Blvd,W Wilshire Blvd,2023/09/12 23:03:18+00,1675 W Wilshire Blvd Los Angeles 90017,8F0BF6A7-622C-4754-BABC-F4F60A2BFC3D_1675_W_Wilshire_Blvd_Los_Angeles_90017,Wilshire,1675 W Wilshire Boulevard Blvd Los Angeles 90017,,,,
659825,1236572,,5142009035.0,,1603.0,,,West,,,Wilshire,Boulevard,,,,,,,,,,,,,90017.0,,Los Angeles,Los Angeles,,,,,LA City,{0E8C8480-323C-4264-975C-4986DF86FB26},0,,0E8C8480-323C-4264-975C-4986DF86FB26,Unknown,,W,,,Blvd,W Wilshire Blvd,2023/09/12 23:03:18+00,1603 W Wilshire Blvd Los Angeles 90017,0E8C8480-323C-4264-975C-4986DF86FB26_1603_W_Wilshire_Blvd_Los_Angeles_90017,Wilshire,1603 W Wilshire Boulevard Blvd Los Angeles 90017,,,,
659826,1236573,,5142009035.0,,1607.0,,,West,,,Wilshire,Boulevard,,,,,,,,,,,,,90017.0,,Los Angeles,Los Angeles,,,,,LA City,{2B2DD149-03E3-4F8D-AA95-C1518E68ADF0},0,,2B2DD149-03E3-4F8D-AA95-C1518E68ADF0,Unknown,,W,,,Blvd,W Wilshire Blvd,2023/09/12 23:03:18+00,1607 W Wilshire Blvd Los Angeles 90017,2B2DD149-03E3-4F8D-AA95-C1518E68ADF0_1607_W_Wilshire_Blvd_Los_Angeles_90017,Wilshire,1607 W Wilshire Boulevard Blvd Los Angeles 90017,,,,
659827,1236574,,5142009035.0,,1601.0,,,West,,,Wilshire,Boulevard,,,,,,,,,,,,,90017.0,,Los Angeles,Los Angeles,,,,,LA City,{7B99BEB0-AF87-47E8-8D81-46281A634C58},0,,7B99BEB0-AF87-47E8-8D81-46281A634C58,Unknown,,W,,,Blvd,W Wilshire Blvd,2023/09/12 23:03:18+00,1601 W Wilshire Blvd Los Angeles 90017,7B99BEB0-AF87-47E8-8D81-46281A634C58_1601_W_Wilshire_Blvd_Los_Angeles_90017,Wilshire,1601 W Wilshire Boulevard Blvd Los Angeles 90017,,,,
659828,1236575,,5142009035.0,,1700.0,,,West,,,6Th,Street,,,,,,,,,,,,,90017.0,,Los Angeles,Los Angeles,,,,,LA City,{2F7AB0F0-79B4-457E-BCEF-2B054795C734},0,,2F7AB0F0-79B4-457E-BCEF-2B054795C734,Unknown,,W,,,St,W 6Th St,2023/09/12 23:03:18+00,1700 W 6Th St Los Angeles 90017,2F7AB0F0-79B4-457E-BCEF-2B054795C734_1700_W_6Th_St_Los_Angeles_90017,6Th,1700 W 6Th Street St Los Angeles 90017,,,,
659829,1236576,,5142011001.0,,1660.0,,,West,,,Wilshire,Boulevard,,,,,,,,,,,,,90017.0,,Los Angeles,Los Angeles,,,,,LA City,{64D92D1B-FFC0-41EE-A34B-0D1216977168},0,,64D92D1B-FFC0-41EE-A34B-0D1216977168,Unknown,,W,,,Blvd,W Wilshire Blvd,2023/09/12 23:03:18+00,1660 W Wilshire Blvd Los Angeles 90017,64D92D1B-FFC0-41EE-A34B-0D1216977168_1660_W_Wilshire_Blvd_Los_Angeles_90017,Wilshire,1660 W Wilshire Boulevard Blvd Los Angeles 90017,,,,
659830,1236577,,5142011001.0,,1666.0,,,West,,,Wilshire,Boulevard,,,,,,,,,,,,,90017.0,,Los Angeles,Los Angeles,,,,,LA City,{ED8DC555-ABE5-4361-A37F-32A027220F63},0,,ED8DC555-ABE5-4361-A37F-32A027220F63,Unknown,,W,,,Blvd,W Wilshire Blvd,2023/09/12 23:03:18+00,1666 W Wilshire Blvd Los Angeles 90017,ED8DC555-ABE5-4361-A37F-32A027220F63_1666_W_Wilshire_Blvd_Los_Angeles_90017,Wilshire,1666 W Wilshire Boulevard Blvd Los Angeles 90017,,,,
659831,1236578,,5142011001.0,,1662.0,,,West,,,Wilshire,Boulevard,,,,,,,,,,,,,90017.0,,Los Angeles,Los Angeles,,,,,LA City,{5D57FEE2-3412-4318-9083-69FF31A52B67},0,,5D57FEE2-3412-4318-9083-69FF31A52B67,Unknown,,W,,,Blvd,W Wilshire Blvd,2023/09/12 23:03:18+00,1662 W Wilshire Blvd Los Angeles 90017,5D57FEE2-3412-4318-9083-69FF31A52B67_1662_W_Wilshire_Blvd_Los_Angeles_90017,Wilshire,1662 W Wilshire Boulevard Blvd Los Angeles 90017,,,,
659832,1236579,,5142011002.0,,1670.0,,,West,,,Wilshire,Boulevard,,,,,,,,,,,,,90017.0,,Los Angeles,Los Angeles,,,,,LA City,{7EA03FFB-B09F-4958-93C7-B7ED8F3873FE},0,,7EA03FFB-B09F-4958-93C7-B7ED8F3873FE,Unknown,,W,,,Blvd,W Wilshire Blvd,2023/09/12 23:03:18+00,1670 W Wilshire Blvd Los Angeles 90017,7EA03FFB-B09F-4958-93C7-B7ED8F3873FE_1670_W_Wilshire_Blvd_Los_Angeles_90017,Wilshire,1670 W Wilshire Boulevard Blvd Los Angeles 90017,,,,
659833,1236580,,5142011004.0,,667.0,,,,,,Little,Street,,,,,,,,,,,,,90017.0,,Los Angeles,Los Angeles,,,,,Assessor,{9A45217B-5429-49F1-B3C1-322DB2B8F705},0,,9A45217B-5429-49F1-B3C1-322DB2B8F705,Unknown,,,,,St,Little St,2024/04/27 17:13:09+00,667 Little St Los Angeles 90017,9A45217B-5429-49F1-B3C1-322DB2B8F705_667_Little_St_Los_Angeles_90017,Little,667 Little Street St Los Angeles 90017,,,,
659835,1236582,,5142011012.0,,675.0,,,South,,,Little,Street,,,,,,,,,,,,,90017.0,,Los Angeles,Los Angeles,,,,,LA City,{6767D1A4-1278-4528-8F4D-4A26C5A15AE3},0,,6767D1A4-1278-4528-8F4D-4A26C5A15AE3,Unknown,,S,,,St,S Little St,2023/09/12 23:03:18+00,675 S Little St Los Angeles 90017,6767D1A4-1278-4528-8F4D-4A26C5A15AE3_675_S_Little_St_Los_Angeles_90017,Little,675 S Little Street St Los Angeles 90017,,,,
659836,1236583,,5142011012.0,,683.0,,,South,,,Little,Street,,,,,,,,,,,,,90017.0,,Los Angeles,Los Angeles,,,,,LA City,{C32614B4-3590-47B6-A9FE-3AEC307491C1},0,,C32614B4-3590-47B6-A9FE-3AEC307491C1,Unknown,,S,,,St,S Little St,2023/09/12 23:03:18+00,683 S Little St Los Angeles 90017,C32614B4-3590-47B6-A9FE-3AEC307491C1_683_S_Little_St_Los_Angeles_90017,Little,683 S Little Street St Los Angeles 90017,,,,
659839,1236586,,5142011013.0,,1729.0,,,West,,,7Th,Street,,,,,,,,,,,,,90017.0,,Los Angeles,Los Angeles,,,,,LA City,{59D18C64-7B40-45B1-AB9A-EFBCA947B3E0},0,,59D18C64-7B40-45B1-AB9A-EFBCA947B3E0,Unknown,,W,,,St,W 7Th St,2023/09/12 23:03:18+00,1729 W 7Th St Los Angeles 90017,59D18C64-7B40-45B1-AB9A-EFBCA947B3E0_1729_W_7Th_St_Los_Angeles_90017,7Th,1729 W 7Th Street St Los Angeles 90017,,,,
659840,1236587,,5142011013.0,,1723.0,,,West,,,7Th,Street,,,,,,,,,,,,,90017.0,,Los Angeles,Los Angeles,,,,,LA City,{0958F5FA-CDCA-441C-B3D2-84B08418597A},0,,0958F5FA-CDCA-441C-B3D2-84B08418597A,Unknown,,W,,,St,W 7Th St,2023/09/12 23:03:18+00,1723 W 7Th St Los Angeles 90017,0958F5FA-CDCA-441C-B3D2-84B08418597A_1723_W_7Th_St_Los_Angeles_90017,7Th,1723 W 7Th Street St Los Angeles 90017,,,,
659841,1236588,,5142011013.0,,1721.0,,,West,,,7Th,Street,,,,,,,,,,,,,90017.0,,Los Angeles,Los Angeles,,,,,LA City,{022E713C-B4A6-43F0-9708-519CCADD869D},0,,022E713C-B4A6-43F0-9708-519CCADD869D,Unknown,,W,,,St,W 7Th St,2023/09/12 23:03:18+00,1721 W 7Th St Los Angeles 90017,022E713C-B4A6-43F0-9708-519CCADD869D_1721_W_7Th_St_Los_Angeles_90017,7Th,1721 W 7Th Street St Los Angeles 90017,,,,
659842,1236589,,5142011013.0,,1727.0,,,West,,,7Th,Street,,,,,,,,,,,,,90017.0,,Los Angeles,Los Angeles,,,,,LA City,{92D28E8C-804C-4EBE-8FAB-7868AD134592},0,,92D28E8C-804C-4EBE-8FAB-7868AD134592,Unknown,,W,,,St,W 7Th St,2023/09/12 23:03:18+00,1727 W 7Th St Los Angeles 90017,92D28E8C-804C-4EBE-8FAB-7868AD134592_1727_W_7Th_St_Los_Angeles_90017,7Th,1727 W 7Th Street St Los Angeles 90017,,,,
659844,1236591,,5142012004.0,,669.0,,,South,,,Union,Avenue,,,,,,,,,,,,,90017.0,,Los Angeles,Los Angeles,,,,,LA City,{07FD53D0-548A-4406-BD14-756CB32EE18D},0,,07FD53D0-548A-4406-BD14-756CB32EE18D,Unknown,,S,,,Ave,S Union Ave,2023/09/12 23:03:18+00,669 S Union Ave Los Angeles 90017,07FD53D0-548A-4406-BD14-756CB32EE18D_669_S_Union_Ave_Los_Angeles_90017,Union,669 S Union Avenue Ave Los Angeles 90017,,,,
659845,1236592,,5142012018.0,,1644.0,,,West,,,Wilshire,Boulevard,,,,,,,,,,,,,90017.0,,Los Angeles,Los Angeles,,,,,LA City,{B2AA55BB-4CC2-4DA0-BF01-03734E8809AE},0,,B2AA55BB-4CC2-4DA0-BF01-03734E8809AE,Unknown,,W,,,Blvd,W Wilshire Blvd,2023/09/12 23:03:18+00,1644 W Wilshire Blvd Los Angeles 90017,B2AA55BB-4CC2-4DA0-BF01-03734E8809AE_1644_W_Wilshire_Blvd_Los_Angeles_90017,Wilshire,1644 W Wilshire Boulevard Blvd Los Angeles 90017,,,,
659846,1236593,,5142012020.0,,1648.0,,,West,,,Wilshire,Boulevard,,,,,,,,,,,,,90017.0,,Los Angeles,Los Angeles,,,,,LA City,{6929B278-3D89-4488-87FF-4971C4C799A2},0,,6929B278-3D89-4488-87FF-4971C4C799A2,Unknown,,W,,,Blvd,W Wilshire Blvd,2023/09/12 23:03:18+00,1648 W Wilshire Blvd Los Angeles 90017,6929B278-3D89-4488-87FF-4971C4C799A2_1648_W_Wilshire_Blvd_Los_Angeles_90017,Wilshire,1648 W Wilshire Boulevard Blvd Los Angeles 90017,,,,
659847,1236594,,5142012021.0,,1650.0,,,West,,,Wilshire,Boulevard,,,,,,,,,,,,,90017.0,,Los Angeles,Los Angeles,,,,,LA City,{628B17EF-396E-4CF2-8E37-0A0E15E208C5},0,,628B17EF-396E-4CF2-8E37-0A0E15E208C5,Unknown,,W,,,Blvd,W Wilshire Blvd,2023/09/12 23:03:18+00,1650 W Wilshire Blvd Los Angeles 90017,628B17EF-396E-4CF2-8E37-0A0E15E208C5_1650_W_Wilshire_Blvd_Los_Angeles_90017,Wilshire,1650 W Wilshire Boulevard Blvd Los Angeles 90017,,,,
659848,1236595,,5142012027.0,,1636.0,,,West,,,Wilshire,Boulevard,,,,,,,,,,,,,90017.0,,Los Angeles,Los Angeles,,,,,LA City,{28793A20-AD0C-4F32-8C0A-F8C8D646F956},0,,28793A20-AD0C-4F32-8C0A-F8C8D646F956,Unknown,,W,,,Blvd,W Wilshire Blvd,2023/09/12 23:03:18+00,1636 W Wilshire Blvd Los Angeles 90017,28793A20-AD0C-4F32-8C0A-F8C8D646F956_1636_W_Wilshire_Blvd_Los_Angeles_90017,Wilshire,1636 W Wilshire Boulevard Blvd Los Angeles 90017,,,,
659849,1236596,,5142012027.0,,1640.0,,,West,,,Wilshire,Boulevard,,,,,,,,,,,,,90017.0,,Los Angeles,Los Angeles,,,,,LA City,{D1F96C36-82C8-4A3C-B748-9F1B50A620D3},0,,D1F96C36-82C8-4A3C-B748-9F1B50A620D3,Unknown,,W,,,Blvd,W Wilshire Blvd,2023/09/12 23:03:18+00,1640 W Wilshire Blvd Los Angeles 90017,D1F96C36-82C8-4A3C-B748-9F1B50A620D3_1640_W_Wilshire_Blvd_Los_Angeles_90017,Wilshire,1640 W Wilshire Boulevard Blvd Los Angeles 90017,,,,
659850,1236597,,5142012027.0,,1638.0,,,West,,,Wilshire,Boulevard,,,,,,,,,,,,,90017.0,,Los Angeles,Los Angeles,,,,,LA City,{BC875633-0E97-4BD3-B20C-0E458C3395E5},0,,BC875633-0E97-4BD3-B20C-0E458C3395E5,Unknown,,W,,,Blvd,W Wilshire Blvd,2023/09/12 23:03:18+00,1638 W Wilshire Blvd Los Angeles 90017,BC875633-0E97-4BD3-B20C-0E458C3395E5_1638_W_Wilshire_Blvd_Los_Angeles_90017,Wilshire,1638 W Wilshire Boulevard Blvd Los Angeles 90017,,,,
659851,1236598,,5142012030.0,,1608.0,,,West,,,Wilshire,Boulevard,,,,,,,,,,,,,90017.0,,Los Angeles,Los Angeles,,,,,LA City,{BD39092E-085D-40A8-B140-C0585E821DFC},0,,BD39092E-085D-40A8-B140-C0585E821DFC,Unknown,,W,,,Blvd,W Wilshire Blvd,2023/09/12 23:03:18+00,1608 W Wilshire Blvd Los Angeles 90017,BD39092E-085D-40A8-B140-C0585E821DFC_1608_W_Wilshire_Blvd_Los_Angeles_90017,Wilshire,1608 W Wilshire Boulevard Blvd Los Angeles 90017,,,,
659852,1236599,,5142012030.0,,1600.0,,,West,,,Wilshire,Boulevard,,,,,,,,,,,,,90017.0,,Los Angeles,Los Angeles,,,,,LA City,{B0C129BD-0917-4412-A7BF-26C125F3267B},0,,B0C129BD-0917-4412-A7BF-26C125F3267B,Unknown,,W,,,Blvd,W Wilshire Blvd,2023/09/12 23:03:18+00,1600 W Wilshire Blvd Los Angeles 90017,B0C129BD-0917-4412-A7BF-26C125F3267B_1600_W_Wilshire_Blvd_Los_Angeles_90017,Wilshire,1600 W Wilshire Boulevard Blvd Los Angeles 90017,,,,
659853,1236600,,5142012030.0,,655.0,,,South,,,Union,Avenue,,,,,,,,,,,,,90017.0,,Los Angeles,Los Angeles,,,,,LA City,{FD816024-A853-49EA-BD15-0078364B4AA5},0,,FD816024-A853-49EA-BD15-0078364B4AA5,Unknown,,S,,,Ave,S Union Ave,2023/09/12 23:03:18+00,655 S Union Ave Los Angeles 90017,FD816024-A853-49EA-BD15-0078364B4AA5_655_S_Union_Ave_Los_Angeles_90017,Union,655 S Union Avenue Ave Los Angeles 90017,,,,
659854,1236601,,5142012030.0,,657.0,,,South,,,Union,Avenue,,,,,,,,,,,,,90017.0,,Los Angeles,Los Angeles,,,,,LA City,{CDAC3CD4-6BDC-405F-830C-F2FB6B2608A9},0,,CDAC3CD4-6BDC-405F-830C-F2FB6B2608A9,Unknown,,S,,,Ave,S Union Ave,2023/09/12 23:03:18+00,657 S Union Ave Los Angeles 90017,CDAC3CD4-6BDC-405F-830C-F2FB6B2608A9_657_S_Union_Ave_Los_Angeles_90017,Union,657 S Union Avenue Ave Los Angeles 90017,,,,
659855,1236602,,5142012030.0,,1614.0,,,West,,,Wilshire,Boulevard,,,,,,,,,,,,1-12,90017.0,,Los Angeles,Los Angeles,,,,,LA City,{475A6695-1982-4836-A601-318BD1EBCA05},0,,475A6695-1982-4836-A601-318BD1EBCA05,Unknown,,W,,,Blvd,W Wilshire Blvd,2023/09/12 23:03:18+00,1614 W Wilshire Blvd 1-12 Los Angeles 90017,475A6695-1982-4836-A601-318BD1EBCA05_1614_W_Wilshire_Blvd_1-12_Los_Angeles_90017,Wilshire,1614 W Wilshire Boulevard Blvd 1-12 Los Angeles 90017,,,,
659856,1236603,,5142012030.0,,659.0,,,South,,,Union,Avenue,,,,,,,,,,,,,90017.0,,Los Angeles,Los Angeles,,,,,LA City,{652B4CAB-AE3A-4842-964B-E4C69DFD15C9},0,,652B4CAB-AE3A-4842-964B-E4C69DFD15C9,Unknown,,S,,,Ave,S Union Ave,2023/09/12 23:03:18+00,659 S Union Ave Los Angeles 90017,652B4CAB-AE3A-4842-964B-E4C69DFD15C9_659_S_Union_Ave_Los_Angeles_90017,Union,659 S Union Avenue Ave Los Angeles 90017,,,,
659857,1236604,,5142012902.0,,1630.0,,,West,,,Wilshire,Boulevard,,,,,,,,,,,,,90017.0,,Los Angeles,Los Angeles,,,,,LA City,{C31A058A-CD2F-42B7-A67A-3FDF57CB6468},0,,C31A058A-CD2F-42B7-A67A-3FDF57CB6468,Unknown,,W,,,Blvd,W Wilshire Blvd,2023/09/12 23:03:18+00,1630 W Wilshire Blvd Los Angeles 90017,C31A058A-CD2F-42B7-A67A-3FDF57CB6468_1630_W_Wilshire_Blvd_Los_Angeles_90017,Wilshire,1630 W Wilshire Boulevard Blvd Los Angeles 90017,,,,
659858,1236605,,5142012904.0,,1631.0,,,West,,,Ingraham,Street,,,,,,,,,,,,,90017.0,,Los Angeles,Los Angeles,,,,,LA City,{DB318782-7739-427C-A3E0-CAECD3A50C8A},0,,DB318782-7739-427C-A3E0-CAECD3A50C8A,Unknown,,W,,,St,W Ingraham St,2023/09/12 23:03:18+00,1631 W Ingraham St Los Angeles 90017,DB318782-7739-427C-A3E0-CAECD3A50C8A_1631_W_Ingraham_St_Los_Angeles_90017,Ingraham,1631 W Ingraham Street St Los Angeles 90017,,,,
659859,1236606,,5142012906.0,,1641.0,,,West,,,Ingraham,Street,,,,,,,,,,,,,90017.0,,Los Angeles,Los Angeles,,,,,LA City,{E9CCAEB8-9577-4AD8-B5D3-D548EB5E1F1E},0,,E9CCAEB8-9577-4AD8-B5D3-D548EB5E1F1E,Unknown,,W,,,St,W Ingraham St,2023/09/12 23:03:18+00,1641 W Ingraham St Los Angeles 90017,E9CCAEB8-9577-4AD8-B5D3-D548EB5E1F1E_1641_W_Ingraham_St_Los_Angeles_90017,Ingraham,1641 W Ingraham Street St Los Angeles 90017,,,,
659860,1236607,,5142012906.0,,1637.0,,,West,,,Ingraham,Street,,,,,,,,,,,,,90017.0,,Los Angeles,Los Angeles,,,,,LA City,{7123DA95-789C-4B53-96CB-B797708BD4A8},0,,7123DA95-789C-4B53-96CB-B797708BD4A8,Unknown,,W,,,St,W Ingraham St,2023/09/12 23:03:18+00,1637 W Ingraham St Los Angeles 90017,7123DA95-789C-4B53-96CB-B797708BD4A8_1637_W_Ingraham_St_Los_Angeles_90017,Ingraham,1637 W Ingraham Street St Los Angeles 90017,,,,
659861,1236608,,5142012907.0,,1645.0,,,West,,,Ingraham,Street,,,,,,,,,,,,,90017.0,,Los Angeles,Los Angeles,,,,,LA City,{A45AB110-C4DB-47B5-9DDC-A1276DA86CFB},0,,A45AB110-C4DB-47B5-9DDC-A1276DA86CFB,Unknown,,W,,,St,W Ingraham St,2023/09/12 23:03:18+00,1645 W Ingraham St Los Angeles 90017,A45AB110-C4DB-47B5-9DDC-A1276DA86CFB_1645_W_Ingraham_St_Los_Angeles_90017,Ingraham,1645 W Ingraham Street St Los Angeles 90017,,,,
659862,1236609,,5142012907.0,,1647.0,,,West,,,Ingraham,Street,,,,,,,,,,,,,90017.0,,Los Angeles,Los Angeles,,,,,LA City,{5A0CB401-B5B6-47C2-A13B-14122B03838D},0,,5A0CB401-B5B6-47C2-A13B-14122B03838D,Unknown,,W,,,St,W Ingraham St,2024/05/12 21:05:27+00,1647 W Ingraham St Los Angeles 90017,5A0CB401-B5B6-47C2-A13B-14122B03838D_1647_W_Ingraham_St_Los_Angeles_90017,Ingraham,1647 W Ingraham Street St Los Angeles 90017,,,,
659863,1236610,,5142012907.0,,1647.0,1/2,,West,,,Ingraham,Street,,,,,,,,,,,,,90017.0,,Los Angeles,Los Angeles,,,,,LA City,{16A2ABD5-F1EE-4100-A8A3-E683754E1A1C},0,,16A2ABD5-F1EE-4100-A8A3-E683754E1A1C,Unknown,,W,,,St,W Ingraham St,2024/05/12 21:05:27+00,1647 1/2 W Ingraham St Los Angeles 90017,16A2ABD5-F1EE-4100-A8A3-E683754E1A1C_1647_1/2_W_Ingraham_St_Los_Angeles_90017,Ingraham,1647 1/2 W Ingraham Street St Los Angeles 90017,,,,
659864,1236611,,5142012909.0,,1619.0,,,West,,,Ingraham,Street,,,,,,,,,,,,,90017.0,,Los Angeles,Los Angeles,,,,,LA City,{CE9C367C-3005-4A61-9734-352A6C2253C8},0,,CE9C367C-3005-4A61-9734-352A6C2253C8,Unknown,,W,,,St,W Ingraham St,2023/09/12 23:03:18+00,1619 W Ingraham St Los Angeles 90017,CE9C367C-3005-4A61-9734-352A6C2253C8_1619_W_Ingraham_St_Los_Angeles_90017,Ingraham,1619 W Ingraham Street St Los Angeles 90017,,,,
659865,1236612,,5142012910.0,,1615.0,,,West,,,Ingraham,Street,,,,,,,,,,,,,90017.0,,Los Angeles,Los Angeles,,,,,LA City,{6377CE73-EB27-418C-8410-683F997DB9C3},0,,6377CE73-EB27-418C-8410-683F997DB9C3,Unknown,,W,,,St,W Ingraham St,2023/09/12 23:03:18+00,1615 W Ingraham St Los Angeles 90017,6377CE73-EB27-418C-8410-683F997DB9C3_1615_W_Ingraham_St_Los_Angeles_90017,Ingraham,1615 W Ingraham Street St Los Angeles 90017,,,,
659866,1236613,,5142013900.0,,1626.0,,,West,,,Ingraham,Street,,,,,,,,,,,,,90017.0,,Los Angeles,Los Angeles,,,,,LA City,{49F6EDFB-05A5-429D-8659-62CB9CCE5D31},0,,49F6EDFB-05A5-429D-8659-62CB9CCE5D31,Unknown,,W,,,St,W Ingraham St,2023/09/12 23:03:18+00,1626 W Ingraham St Los Angeles 90017,49F6EDFB-05A5-429D-8659-62CB9CCE5D31_1626_W_Ingraham_St_Los_Angeles_90017,Ingraham,1626 W Ingraham Street St Los Angeles 90017,,,,
659867,1236614,,5142013902.0,,1616.0,,,West,,,Ingraham,Street,,,,,,,,,,,,,90017.0,,Los Angeles,Los Angeles,,,,,LA City,{35030A85-35EE-47BA-94E4-1411E55E1050},0,,35030A85-35EE-47BA-94E4-1411E55E1050,Unknown,,W,,,St,W Ingraham St,2023/09/12 23:03:18+00,1616 W Ingraham St Los Angeles 90017,35030A85-35EE-47BA-94E4-1411E55E1050_1616_W_Ingraham_St_Los_Angeles_90017,Ingraham,1616 W Ingraham Street St Los Angeles 90017,,,,
659868,1236615,,5142013903.0,,1631.0,,,West,,,7Th,Street,,,,,,,,,,,,,90017.0,,Los Angeles,Los Angeles,,,,,LA City,{0CDF0638-7849-4F49-A69F-E801CA70C400},0,,0CDF0638-7849-4F49-A69F-E801CA70C400,Unknown,,W,,,St,W 7Th St,2023/09/12 23:03:18+00,1631 W 7Th St Los Angeles 90017,0CDF0638-7849-4F49-A69F-E801CA70C400_1631_W_7Th_St_Los_Angeles_90017,7Th,1631 W 7Th Street St Los Angeles 90017,,,,
659869,1236616,,5142013904.0,,1641.0,,,West,,,7Th,Street,,,,,,,,,,,,,90017.0,,Los Angeles,Los Angeles,,,,,LA City,{36896A27-EFAD-44B5-9044-AD871A3F983B},0,,36896A27-EFAD-44B5-9044-AD871A3F983B,Unknown,,W,,,St,W 7Th St,2023/09/12 23:03:18+00,1641 W 7Th St Los Angeles 90017,36896A27-EFAD-44B5-9044-AD871A3F983B_1641_W_7Th_St_Los_Angeles_90017,7Th,1641 W 7Th Street St Los Angeles 90017,,,,
659870,1236617,,5142013904.0,,1637.0,,,West,,,7Th,Street,,,,,,,,,,,,,90017.0,,Los Angeles,Los Angeles,,,,,LA City,{C28C9A42-970B-41D2-A74F-914F835DAD8B},0,,C28C9A42-970B-41D2-A74F-914F835DAD8B,Unknown,,W,,,St,W 7Th St,2023/09/12 23:03:18+00,1637 W 7Th St Los Angeles 90017,C28C9A42-970B-41D2-A74F-914F835DAD8B_1637_W_7Th_St_Los_Angeles_90017,7Th,1637 W 7Th Street St Los Angeles 90017,,,,
659871,1236618,,5142013904.0,,1639.0,,,West,,,7Th,Street,,,,,,,,,,,,,90017.0,,Los Angeles,Los Angeles,,,,,LA City,{6EF78AA7-0835-4413-8410-6298497F2FAB},0,,6EF78AA7-0835-4413-8410-6298497F2FAB,Unknown,,W,,,St,W 7Th St,2023/09/12 23:03:18+00,1639 W 7Th St Los Angeles 90017,6EF78AA7-0835-4413-8410-6298497F2FAB_1639_W_7Th_St_Los_Angeles_90017,7Th,1639 W 7Th Street St Los Angeles 90017,,,,
659872,1236619,,5142013905.0,,1652.0,,,West,,,Ingraham,Street,,,,,,,,,,,,,90017.0,,Los Angeles,Los Angeles,,,,,LA City,{1B1C01B0-0717-439F-91CE-18D5229C71A3},0,,1B1C01B0-0717-439F-91CE-18D5229C71A3,Unknown,,W,,,St,W Ingraham St,2023/09/12 23:03:18+00,1652 W Ingraham St Los Angeles 90017,1B1C01B0-0717-439F-91CE-18D5229C71A3_1652_W_Ingraham_St_Los_Angeles_90017,Ingraham,1652 W Ingraham Street St Los Angeles 90017,,,,
659873,1236620,,5142013905.0,,680.0,,,South,,,Little,Street,,,,,,,,,,,,,90017.0,,Los Angeles,Los Angeles,,,,,LA City,{06A845BF-0D43-4528-B40D-FC2011BAF257},0,,06A845BF-0D43-4528-B40D-FC2011BAF257,Unknown,,S,,,St,S Little St,2023/09/12 23:03:18+00,680 S Little St Los Angeles 90017,06A845BF-0D43-4528-B40D-FC2011BAF257_680_S_Little_St_Los_Angeles_90017,Little,680 S Little Street St Los Angeles 90017,,,,
659874,1236621,,5142013906.0,,1610.0,,,West,,,Ingraham,Street,,,,,,,,,,,,,90017.0,,Los Angeles,Los Angeles,,,,,LA City,{0517E1C5-04B9-4A5B-8770-F7F46FE457FE},0,,0517E1C5-04B9-4A5B-8770-F7F46FE457FE,Unknown,,W,,,St,W Ingraham St,2023/09/12 23:03:18+00,1610 W Ingraham St Los Angeles 90017,0517E1C5-04B9-4A5B-8770-F7F46FE457FE_1610_W_Ingraham_St_Los_Angeles_90017,Ingraham,1610 W Ingraham Street St Los Angeles 90017,,,,
659875,1236622,,5142013906.0,,1606.0,,,West,,,Ingraham,Street,,,,,,,,,,,,,90017.0,,Los Angeles,Los Angeles,,,,,LA City,{59ACF66E-D264-4E80-9D59-EAD885B713A5},0,,59ACF66E-D264-4E80-9D59-EAD885B713A5,Unknown,,W,,,St,W Ingraham St,2023/09/12 23:03:18+00,1606 W Ingraham St Los Angeles 90017,59ACF66E-D264-4E80-9D59-EAD885B713A5_1606_W_Ingraham_St_Los_Angeles_90017,Ingraham,1606 W Ingraham Street St Los Angeles 90017,,,,
659876,1236623,,5142013906.0,,1608.0,,,West,,,Ingraham,Street,,,,,,,,,,,,,90017.0,,Los Angeles,Los Angeles,,,,,LA City,{BA3E0746-C854-488C-8C97-8D263B0D11D9},0,,BA3E0746-C854-488C-8C97-8D263B0D11D9,Unknown,,W,,,St,W Ingraham St,2023/09/12 23:03:18+00,1608 W Ingraham St Los Angeles 90017,BA3E0746-C854-488C-8C97-8D263B0D11D9_1608_W_Ingraham_St_Los_Angeles_90017,Ingraham,1608 W Ingraham Street St Los Angeles 90017,,,,
659877,1236624,,5142013906.0,,1600.0,,,West,,,Ingraham,Street,,,,,,,,,,,,,90017.0,,Los Angeles,Los Angeles,,,,,LA City,{E4965612-04F4-44D6-BC21-064BD2D0A5AE},0,,E4965612-04F4-44D6-BC21-064BD2D0A5AE,Unknown,,W,,,St,W Ingraham St,2023/09/12 23:03:18+00,1600 W Ingraham St Los Angeles 90017,E4965612-04F4-44D6-BC21-064BD2D0A5AE_1600_W_Ingraham_St_Los_Angeles_90017,Ingraham,1600 W Ingraham Street St Los Angeles 90017,,,,
659878,1236625,,5142013906.0,,1602.0,,,West,,,Ingraham,Street,,,,,,,,,,,,,90017.0,,Los Angeles,Los Angeles,,,,,LA City,{78469DBA-E62F-4F4B-A2B6-04A7953E5851},0,,78469DBA-E62F-4F4B-A2B6-04A7953E5851,Unknown,,W,,,St,W Ingraham St,2023/09/12 23:03:18+00,1602 W Ingraham St Los Angeles 90017,78469DBA-E62F-4F4B-A2B6-04A7953E5851_1602_W_Ingraham_St_Los_Angeles_90017,Ingraham,1602 W Ingraham Street St Los Angeles 90017,,,,
659879,1236626,,5142013906.0,,687.0,,,South,,,Union,Avenue,,,,,,,,,,,,,90017.0,,Los Angeles,Los Angeles,,,,,LA City,{7C39FF5E-7B68-4077-AE4B-8D4EBFE3C445},0,,7C39FF5E-7B68-4077-AE4B-8D4EBFE3C445,Unknown,,S,,,Ave,S Union Ave,2023/09/12 23:03:18+00,687 S Union Ave Los Angeles 90017,7C39FF5E-7B68-4077-AE4B-8D4EBFE3C445_687_S_Union_Ave_Los_Angeles_90017,Union,687 S Union Avenue Ave Los Angeles 90017,,,,
659880,1236627,,5142013906.0,,677.0,,,South,,,Union,Avenue,,,,,,,,,,,,,90017.0,,Los Angeles,Los Angeles,,,,,LA City,{B5818B12-4BB1-4427-9194-71C6D2E8A415},0,,B5818B12-4BB1-4427-9194-71C6D2E8A415,Unknown,,S,,,Ave,S Union Ave,2023/09/12 23:03:18+00,677 S Union Ave Los Angeles 90017,B5818B12-4BB1-4427-9194-71C6D2E8A415_677_S_Union_Ave_Los_Angeles_90017,Union,677 S Union Avenue Ave Los Angeles 90017,,,,
659881,1236628,,5142013906.0,,679.0,,,South,,,Union,Avenue,,,,,,,,,,,,,90017.0,,Los Angeles,Los Angeles,,,,,LA City,{9BB2EC01-7C10-4C6E-9D09-2BDFDCF74D39},0,,9BB2EC01-7C10-4C6E-9D09-2BDFDCF74D39,Unknown,,S,,,Ave,S Union Ave,2023/09/12 23:03:18+00,679 S Union Ave Los Angeles 90017,9BB2EC01-7C10-4C6E-9D09-2BDFDCF74D39_679_S_Union_Ave_Los_Angeles_90017,Union,679 S Union Avenue Ave Los Angeles 90017,,,,
659882,1236629,,5142013906.0,,685.0,,,South,,,Union,Avenue,,,,,,,,,,,,,90017.0,,Los Angeles,Los Angeles,,,,,LA City,{F0940630-B14F-42BC-9A7A-BC6C20CE8D75},0,,F0940630-B14F-42BC-9A7A-BC6C20CE8D75,Unknown,,S,,,Ave,S Union Ave,2023/09/12 23:03:18+00,685 S Union Ave Los Angeles 90017,F0940630-B14F-42BC-9A7A-BC6C20CE8D75_685_S_Union_Ave_Los_Angeles_90017,Union,685 S Union Avenue Ave Los Angeles 90017,,,,
659883,1236630,,5142013906.0,,681.0,,,South,,,Union,Avenue,,,,,,,,,,,,,90017.0,,Los Angeles,Los Angeles,,,,,LA City,{08D2333F-84BD-4C96-9200-9C0D863C886B},0,,08D2333F-84BD-4C96-9200-9C0D863C886B,Unknown,,S,,,Ave,S Union Ave,2023/09/12 23:03:18+00,681 S Union Ave Los Angeles 90017,08D2333F-84BD-4C96-9200-9C0D863C886B_681_S_Union_Ave_Los_Angeles_90017,Union,681 S Union Avenue Ave Los Angeles 90017,,,,
659884,1236631,,5142013906.0,,1604.0,,,West,,,Ingraham,Street,,,,,,,,,,,,,90017.0,,Los Angeles,Los Angeles,,,,,LA City,{AD78581D-8F39-4617-9E51-51983C0E958F},0,,AD78581D-8F39-4617-9E51-51983C0E958F,Unknown,,W,,,St,W Ingraham St,2023/09/12 23:03:18+00,1604 W Ingraham St Los Angeles 90017,AD78581D-8F39-4617-9E51-51983C0E958F_1604_W_Ingraham_St_Los_Angeles_90017,Ingraham,1604 W Ingraham Street St Los Angeles 90017,,,,
659885,1236632,,5142013906.0,,683.0,,,South,,,Union,Avenue,,,,,,,,,,,,,90017.0,,Los Angeles,Los Angeles,,,,,LA City,{6A7E5FB7-AEFB-453F-BAF4-CE7A45E1E5F1},0,,6A7E5FB7-AEFB-453F-BAF4-CE7A45E1E5F1,Unknown,,S,,,Ave,S Union Ave,2023/09/12 23:03:18+00,683 S Union Ave Los Angeles 90017,6A7E5FB7-AEFB-453F-BAF4-CE7A45E1E5F1_683_S_Union_Ave_Los_Angeles_90017,Union,683 S Union Avenue Ave Los Angeles 90017,,,,
659886,1236633,,5142013907.0,,1632.0,,,West,,,Ingraham,Street,,,,,,,,,,,,,90017.0,,Los Angeles,Los Angeles,,,,,LA City,{77D15F77-EE4D-4F0B-BD75-7297904A3ABD},0,,77D15F77-EE4D-4F0B-BD75-7297904A3ABD,Unknown,,W,,,St,W Ingraham St,2023/09/12 23:03:18+00,1632 W Ingraham St Los Angeles 90017,77D15F77-EE4D-4F0B-BD75-7297904A3ABD_1632_W_Ingraham_St_Los_Angeles_90017,Ingraham,1632 W Ingraham Street St Los Angeles 90017,,,,
659887,1236634,,5142013908.0,,1648.0,,,West,,,Ingraham,Street,,,,,,,,,,,,,90017.0,,Los Angeles,Los Angeles,,,,,LA City,{C822406A-88F4-4619-A7EC-F3BE1220B554},0,,C822406A-88F4-4619-A7EC-F3BE1220B554,Unknown,,W,,,St,W Ingraham St,2023/09/12 23:03:18+00,1648 W Ingraham St Los Angeles 90017,C822406A-88F4-4619-A7EC-F3BE1220B554_1648_W_Ingraham_St_Los_Angeles_90017,Ingraham,1648 W Ingraham Street St Los Angeles 90017,,,,
659888,1236635,,5142013909.0,,1646.0,,,West,,,Ingraham,Street,,,,,,,,,,,,,90017.0,,Los Angeles,Los Angeles,,,,,LA City,{C4D8BB90-3206-4229-888E-A219959834A7},0,,C4D8BB90-3206-4229-888E-A219959834A7,Unknown,,W,,,St,W Ingraham St,2023/09/12 23:03:18+00,1646 W Ingraham St Los Angeles 90017,C4D8BB90-3206-4229-888E-A219959834A7_1646_W_Ingraham_St_Los_Angeles_90017,Ingraham,1646 W Ingraham Street St Los Angeles 90017,,,,
659889,1236636,,5142013911.0,,1621.0,,,West,,,7Th,Street,,,,,,,,,,,,,90017.0,,Los Angeles,Los Angeles,,,,,LA City,{1033F7BA-2ECE-4649-B1FF-C644CB433817},0,,1033F7BA-2ECE-4649-B1FF-C644CB433817,Unknown,,W,,,St,W 7Th St,2023/09/12 23:03:18+00,1621 W 7Th St Los Angeles 90017,1033F7BA-2ECE-4649-B1FF-C644CB433817_1621_W_7Th_St_Los_Angeles_90017,7Th,1621 W 7Th Street St Los Angeles 90017,,,,
659890,1236637,,5142013911.0,,1619.0,,,West,,,7Th,Street,,,,,,,,,,,,,90017.0,,Los Angeles,Los Angeles,,,,,LA City,{998CC404-39A1-46D6-A44B-1073D8E17889},0,,998CC404-39A1-46D6-A44B-1073D8E17889,Unknown,,W,,,St,W 7Th St,2023/09/12 23:03:18+00,1619 W 7Th St Los Angeles 90017,998CC404-39A1-46D6-A44B-1073D8E17889_1619_W_7Th_St_Los_Angeles_90017,7Th,1619 W 7Th Street St Los Angeles 90017,,,,
659891,1236638,,5142013911.0,,1623.0,,,West,,,7Th,Street,,,,,,,,,,,,,90017.0,,Los Angeles,Los Angeles,,,,,LA City,{14E7C10D-2018-4572-BD98-FD21F6D7A29E},0,,14E7C10D-2018-4572-BD98-FD21F6D7A29E,Unknown,,W,,,St,W 7Th St,2023/09/12 23:03:18+00,1623 W 7Th St Los Angeles 90017,14E7C10D-2018-4572-BD98-FD21F6D7A29E_1623_W_7Th_St_Los_Angeles_90017,7Th,1623 W 7Th Street St Los Angeles 90017,,,,
659892,1236639,,5142013911.0,,1613.0,,,West,,,7Th,Street,,,,,,,,,,,,,90017.0,,Los Angeles,Los Angeles,,,,,LA City,{0A666C3D-4785-47F8-91AE-C7BD8E950034},0,,0A666C3D-4785-47F8-91AE-C7BD8E950034,Unknown,,W,,,St,W 7Th St,2023/09/12 23:03:18+00,1613 W 7Th St Los Angeles 90017,0A666C3D-4785-47F8-91AE-C7BD8E950034_1613_W_7Th_St_Los_Angeles_90017,7Th,1613 W 7Th Street St Los Angeles 90017,,,,
659893,1236640,,5142013911.0,,1615.0,,,West,,,7Th,Street,,,,,,,,,,,,,90017.0,,Los Angeles,Los Angeles,,,,,LA City,{4CC9A555-68B6-40ED-A90E-1D96151F4349},0,,4CC9A555-68B6-40ED-A90E-1D96151F4349,Unknown,,W,,,St,W 7Th St,2023/09/12 23:03:18+00,1615 W 7Th St Los Angeles 90017,4CC9A555-68B6-40ED-A90E-1D96151F4349_1615_W_7Th_St_Los_Angeles_90017,7Th,1615 W 7Th Street St Los Angeles 90017,,,,
659894,1236641,,5142013911.0,,1617.0,1/2,,West,,,7Th,Street,,,,,,,,,,,,,90017.0,,Los Angeles,Los Angeles,,,,,LA City,{D2D1CCD8-69E6-4CE3-A5D0-D9F17E10A1A3},0,,D2D1CCD8-69E6-4CE3-A5D0-D9F17E10A1A3,Unknown,,W,,,St,W 7Th St,2024/05/12 21:05:27+00,1617 1/2 W 7Th St Los Angeles 90017,D2D1CCD8-69E6-4CE3-A5D0-D9F17E10A1A3_1617_1/2_W_7Th_St_Los_Angeles_90017,7Th,1617 1/2 W 7Th Street St Los Angeles 90017,,,,
659895,1236642,,5142013911.0,,1617.0,,,West,,,7Th,Street,,,,,,,,,,,,,90017.0,,Los Angeles,Los Angeles,,,,,LA City,{B690EDF1-8E47-4513-994F-1EC85F2760F1},0,,B690EDF1-8E47-4513-994F-1EC85F2760F1,Unknown,,W,,,St,W 7Th St,2024/05/12 21:05:27+00,1617 W 7Th St Los Angeles 90017,B690EDF1-8E47-4513-994F-1EC85F2760F1_1617_W_7Th_St_Los_Angeles_90017,7Th,1617 W 7Th Street St Los Angeles 90017,,,,
659896,1236643,,5142013912.0,,1630.0,,,West,,,Ingraham,Street,,,,,,,,,,,,,90017.0,,Los Angeles,Los Angeles,,,,,LA City,{5D2BE22C-68DF-4D50-BE3B-86A43EFD0216},0,,5D2BE22C-68DF-4D50-BE3B-86A43EFD0216,Unknown,,W,,,St,W Ingraham St,2023/09/12 23:03:18+00,1630 W Ingraham St Los Angeles 90017,5D2BE22C-68DF-4D50-BE3B-86A43EFD0216_1630_W_Ingraham_St_Los_Angeles_90017,Ingraham,1630 W Ingraham Street St Los Angeles 90017,,,,
659897,1236644,,5142013912.0,,1628.0,,,West,,,Ingraham,Street,,,,,,,,,,,,,90017.0,,Los Angeles,Los Angeles,,,,,LA City,{0EBDFF86-ACC7-413C-8AC5-83301CBBAB67},0,,0EBDFF86-ACC7-413C-8AC5-83301CBBAB67,Unknown,,W,,,St,W Ingraham St,2023/09/12 23:03:18+00,1628 W Ingraham St Los Angeles 90017,0EBDFF86-ACC7-413C-8AC5-83301CBBAB67_1628_W_Ingraham_St_Los_Angeles_90017,Ingraham,1628 W Ingraham Street St Los Angeles 90017,,,,
659898,1236645,,5142013913.0,,1601.0,,,West,,,7Th,Street,,,,,,,,,,,,,90017.0,,Los Angeles,Los Angeles,,,,,LA City,{3D538C13-CA07-48B5-B711-89994CD63BD5},0,,3D538C13-CA07-48B5-B711-89994CD63BD5,Unknown,,W,,,St,W 7Th St,2023/09/12 23:03:18+00,1601 W 7Th St Los Angeles 90017,3D538C13-CA07-48B5-B711-89994CD63BD5_1601_W_7Th_St_Los_Angeles_90017,7Th,1601 W 7Th Street St Los Angeles 90017,,,,
659899,1236646,,5142013913.0,,1607.0,,,West,,,7Th,Street,,,,,,,,,,,,,90017.0,,Los Angeles,Los Angeles,,,,,LA City,{FA325C23-0CAC-4F51-8A76-A31536E42A38},0,,FA325C23-0CAC-4F51-8A76-A31536E42A38,Unknown,,W,,,St,W 7Th St,2023/09/12 23:03:18+00,1607 W 7Th St Los Angeles 90017,FA325C23-0CAC-4F51-8A76-A31536E42A38_1607_W_7Th_St_Los_Angeles_90017,7Th,1607 W 7Th Street St Los Angeles 90017,,,,
659900,1236647,,5142013913.0,,1605.0,,,West,,,7Th,Street,,,,,,,,,,,,,90017.0,,Los Angeles,Los Angeles,,,,,LA City,{4BD31BB8-DA34-4848-8CB1-EC73AFA560C4},0,,4BD31BB8-DA34-4848-8CB1-EC73AFA560C4,Unknown,,W,,,St,W 7Th St,2023/09/12 23:03:18+00,1605 W 7Th St Los Angeles 90017,4BD31BB8-DA34-4848-8CB1-EC73AFA560C4_1605_W_7Th_St_Los_Angeles_90017,7Th,1605 W 7Th Street St Los Angeles 90017,,,,
659901,1236648,,5142013913.0,,1603.0,,,West,,,7Th,Street,,,,,,,,,,,,,90017.0,,Los Angeles,Los Angeles,,,,,LA City,{FE98E68D-CEFF-40D2-9BA6-B72A3CDC27CC},0,,FE98E68D-CEFF-40D2-9BA6-B72A3CDC27CC,Unknown,,W,,,St,W 7Th St,2023/09/12 23:03:18+00,1603 W 7Th St Los Angeles 90017,FE98E68D-CEFF-40D2-9BA6-B72A3CDC27CC_1603_W_7Th_St_Los_Angeles_90017,7Th,1603 W 7Th Street St Los Angeles 90017,,,,
659902,1236649,,5142013913.0,,1609.0,,,West,,,7Th,Street,,,,,,,,,,,,,90017.0,,Los Angeles,Los Angeles,,,,,LA City,{A94067CF-AAAC-4727-91DC-B8BBC29F3740},0,,A94067CF-AAAC-4727-91DC-B8BBC29F3740,Unknown,,W,,,St,W 7Th St,2023/09/12 23:03:18+00,1609 W 7Th St Los Angeles 90017,A94067CF-AAAC-4727-91DC-B8BBC29F3740_1609_W_7Th_St_Los_Angeles_90017,7Th,1609 W 7Th Street St Los Angeles 90017,,,,
659903,1236650,,5142013913.0,,1611.0,,,West,,,7Th,Street,,,,,,,,,,,,,90017.0,,Los Angeles,Los Angeles,,,,,LA City,{101C8793-45F8-43E5-A857-36B1809001CC},0,,101C8793-45F8-43E5-A857-36B1809001CC,Unknown,,W,,,St,W 7Th St,2023/09/12 23:03:18+00,1611 W 7Th St Los Angeles 90017,101C8793-45F8-43E5-A857-36B1809001CC_1611_W_7Th_St_Los_Angeles_90017,7Th,1611 W 7Th Street St Los Angeles 90017,,,,
659904,1236651,,5142013914.0,,1703.0,,,West,,,7Th,Street,,,,,,,,,,,,,90017.0,,Los Angeles,Los Angeles,,,,,LA City,{9E83F0DB-6CCE-4887-8891-8B36C9BF77E5},0,,9E83F0DB-6CCE-4887-8891-8B36C9BF77E5,Unknown,,W,,,St,W 7Th St,2023/09/12 23:03:18+00,1703 W 7Th St Los Angeles 90017,9E83F0DB-6CCE-4887-8891-8B36C9BF77E5_1703_W_7Th_St_Los_Angeles_90017,7Th,1703 W 7Th Street St Los Angeles 90017,,,,
659905,1236652,,5142013914.0,,1705.0,,,West,,,7Th,Street,,,,,,,,,,,,,90017.0,,Los Angeles,Los Angeles,,,,,LA City,{E6BE87EE-C6F6-4AB9-89E9-8980616F98E7},0,,E6BE87EE-C6F6-4AB9-89E9-8980616F98E7,Unknown,,W,,,St,W 7Th St,2023/09/12 23:03:18+00,1705 W 7Th St Los Angeles 90017,E6BE87EE-C6F6-4AB9-89E9-8980616F98E7_1705_W_7Th_St_Los_Angeles_90017,7Th,1705 W 7Th Street St Los Angeles 90017,,,,
659906,1236653,,5142013915.0,,1709.0,,,West,,,7Th,Street,,,,,,,,,,,,,90017.0,,Los Angeles,Los Angeles,,,,,LA City,{6B714362-D919-4E36-9D40-AA1EEC4935F7},0,,6B714362-D919-4E36-9D40-AA1EEC4935F7,Unknown,,W,,,St,W 7Th St,2023/09/12 23:03:18+00,1709 W 7Th St Los Angeles 90017,6B714362-D919-4E36-9D40-AA1EEC4935F7_1709_W_7Th_St_Los_Angeles_90017,7Th,1709 W 7Th Street St Los Angeles 90017,,,,
659907,1236654,,5142013915.0,,1713.0,,,West,,,7Th,Street,,,,,,,,,,,,,90017.0,,Los Angeles,Los Angeles,,,,,LA City,{4564C1A3-40C4-4EA9-B526-5F9CA5B2560B},0,,4564C1A3-40C4-4EA9-B526-5F9CA5B2560B,Unknown,,W,,,St,W 7Th St,2023/09/12 23:03:18+00,1713 W 7Th St Los Angeles 90017,4564C1A3-40C4-4EA9-B526-5F9CA5B2560B_1713_W_7Th_St_Los_Angeles_90017,7Th,1713 W 7Th Street St Los Angeles 90017,,,,
659908,1236655,,5142013915.0,,1717.0,,,West,,,7Th,Street,,,,,,,,,,,,,90017.0,,Los Angeles,Los Angeles,,,,,LA City,{3440070F-9381-4828-A377-B20CEED53A28},0,,3440070F-9381-4828-A377-B20CEED53A28,Unknown,,W,,,St,W 7Th St,2023/09/12 23:03:18+00,1717 W 7Th St Los Angeles 90017,3440070F-9381-4828-A377-B20CEED53A28_1717_W_7Th_St_Los_Angeles_90017,7Th,1717 W 7Th Street St Los Angeles 90017,,,,
659909,1236656,,5142013915.0,,1715.0,,,West,,,7Th,Street,,,,,,,,,,,,,90017.0,,Los Angeles,Los Angeles,,,,,LA City,{0CC91FE0-8760-4557-B6F6-6421CDD2C1B0},0,,0CC91FE0-8760-4557-B6F6-6421CDD2C1B0,Unknown,,W,,,St,W 7Th St,2023/09/12 23:03:18+00,1715 W 7Th St Los Angeles 90017,0CC91FE0-8760-4557-B6F6-6421CDD2C1B0_1715_W_7Th_St_Los_Angeles_90017,7Th,1715 W 7Th Street St Los Angeles 90017,,,,
659910,1236657,,5142013915.0,,1707.0,,,West,,,7Th,Street,,,,,,,,,,,,,90017.0,,Los Angeles,Los Angeles,,,,,LA City,{D5C5BB49-E5B0-42C1-B3B7-53851A0A2EA3},0,,D5C5BB49-E5B0-42C1-B3B7-53851A0A2EA3,Unknown,,W,,,St,W 7Th St,2023/09/12 23:03:18+00,1707 W 7Th St Los Angeles 90017,D5C5BB49-E5B0-42C1-B3B7-53851A0A2EA3_1707_W_7Th_St_Los_Angeles_90017,7Th,1707 W 7Th Street St Los Angeles 90017,,,,
659911,1236658,,5142013915.0,,1719.0,,,West,,,7Th,Street,,,,,,,,,,,,,90017.0,,Los Angeles,Los Angeles,,,,,LA City,{321105D2-9C52-41A8-93FD-5154DE7F55D1},0,,321105D2-9C52-41A8-93FD-5154DE7F55D1,Unknown,,W,,,St,W 7Th St,2023/09/12 23:03:18+00,1719 W 7Th St Los Angeles 90017,321105D2-9C52-41A8-93FD-5154DE7F55D1_1719_W_7Th_St_Los_Angeles_90017,7Th,1719 W 7Th Street St Los Angeles 90017,,,,
659912,1236659,,5142013916.0,,1627.0,,,West,,,7Th,Street,,,,,,,,,,,,,90017.0,,Los Angeles,Los Angeles,,,,,LA City,{66D50106-394A-4569-9801-6C597DB77F05},0,,66D50106-394A-4569-9801-6C597DB77F05,Unknown,,W,,,St,W 7Th St,2023/09/12 23:03:18+00,1627 W 7Th St Los Angeles 90017,66D50106-394A-4569-9801-6C597DB77F05_1627_W_7Th_St_Los_Angeles_90017,7Th,1627 W 7Th Street St Los Angeles 90017,,,,
659913,1236660,,5142013916.0,,1629.0,,,West,,,7Th,Street,,,,,,,,,,,,,90017.0,,Los Angeles,Los Angeles,,,,,LA City,{13FB521B-61A4-4614-BFDA-0726732EE1E9},0,,13FB521B-61A4-4614-BFDA-0726732EE1E9,Unknown,,W,,,St,W 7Th St,2023/09/12 23:03:18+00,1629 W 7Th St Los Angeles 90017,13FB521B-61A4-4614-BFDA-0726732EE1E9_1629_W_7Th_St_Los_Angeles_90017,7Th,1629 W 7Th Street St Los Angeles 90017,,,,
659914,1236661,,5142014001.0,,1726.0,,,West,,,7Th,Street,,,,,,,,,,,,,90017.0,,Los Angeles,Los Angeles,,,,,LA City,{5BEE5663-277C-4E10-B135-DFF18E931C37},0,,5BEE5663-277C-4E10-B135-DFF18E931C37,Unknown,,W,,,St,W 7Th St,2023/09/12 23:03:18+00,1726 W 7Th St Los Angeles 90017,5BEE5663-277C-4E10-B135-DFF18E931C37_1726_W_7Th_St_Los_Angeles_90017,7Th,1726 W 7Th Street St Los Angeles 90017,,,,
659915,1236662,,5142014001.0,,1728.0,,,West,,,7Th,Street,,,,,,,,,,,,,90017.0,,Los Angeles,Los Angeles,,,,,LA City,{CACDED90-7975-4FED-9E94-FCE5E446DB83},0,,CACDED90-7975-4FED-9E94-FCE5E446DB83,Unknown,,W,,,St,W 7Th St,2023/09/12 23:03:18+00,1728 W 7Th St Los Angeles 90017,CACDED90-7975-4FED-9E94-FCE5E446DB83_1728_W_7Th_St_Los_Angeles_90017,7Th,1728 W 7Th Street St Los Angeles 90017,,,,
659916,1236663,,5142014001.0,,1732.0,,,West,,,7Th,Street,,,,,,,,,,,,,90017.0,,Los Angeles,Los Angeles,,,,,LA City,{764EFC04-1501-41CE-9452-AAA592807756},0,,764EFC04-1501-41CE-9452-AAA592807756,Unknown,,W,,,St,W 7Th St,2023/09/12 23:03:18+00,1732 W 7Th St Los Angeles 90017,764EFC04-1501-41CE-9452-AAA592807756_1732_W_7Th_St_Los_Angeles_90017,7Th,1732 W 7Th Street St Los Angeles 90017,,,,
659917,1236664,,5142014001.0,,1730.0,,,West,,,7Th,Street,,,,,,,,,,,,,90017.0,,Los Angeles,Los Angeles,,,,,LA City,{9B897FCB-AFEA-4053-9DCA-22B124505BE6},0,,9B897FCB-AFEA-4053-9DCA-22B124505BE6,Unknown,,W,,,St,W 7Th St,2023/09/12 23:03:18+00,1730 W 7Th St Los Angeles 90017,9B897FCB-AFEA-4053-9DCA-22B124505BE6_1730_W_7Th_St_Los_Angeles_90017,7Th,1730 W 7Th Street St Los Angeles 90017,,,,
659918,1236665,,5142014001.0,,1736.0,,,West,,,7Th,Street,,,,,,,,,,,,,90017.0,,Los Angeles,Los Angeles,,,,,LA City,{75EBF2D2-3FE7-4EDE-B7E8-16753DB6FC16},0,,75EBF2D2-3FE7-4EDE-B7E8-16753DB6FC16,Unknown,,W,,,St,W 7Th St,2023/09/12 23:03:18+00,1736 W 7Th St Los Angeles 90017,75EBF2D2-3FE7-4EDE-B7E8-16753DB6FC16_1736_W_7Th_St_Los_Angeles_90017,7Th,1736 W 7Th Street St Los Angeles 90017,,,,
659919,1236666,,5142014001.0,,1738.0,,,West,,,7Th,Street,,,,,,,,,,,,,90017.0,,Los Angeles,Los Angeles,,,,,LA City,{0804499F-DBC1-4683-8649-347B4F610CA8},0,,0804499F-DBC1-4683-8649-347B4F610CA8,Unknown,,W,,,St,W 7Th St,2023/09/12 23:03:18+00,1738 W 7Th St Los Angeles 90017,0804499F-DBC1-4683-8649-347B4F610CA8_1738_W_7Th_St_Los_Angeles_90017,7Th,1738 W 7Th Street St Los Angeles 90017,,,,
659921,1236668,,5142014001.0,,1734.0,,,West,,,7Th,Street,,,,,,,,,,,,,90017.0,,Los Angeles,Los Angeles,,,,,LA City,{FD25ECF9-A65C-421E-B8DF-7EA2C124CE5F},0,,FD25ECF9-A65C-421E-B8DF-7EA2C124CE5F,Unknown,,W,,,St,W 7Th St,2023/09/12 23:03:18+00,1734 W 7Th St Los Angeles 90017,FD25ECF9-A65C-421E-B8DF-7EA2C124CE5F_1734_W_7Th_St_Los_Angeles_90017,7Th,1734 W 7Th Street St Los Angeles 90017,,,,
659929,1236676,,5142014043.0,,1741.0,,,West,,,8Th,Street,,,,,,,,,,,,,90017.0,,Los Angeles,Los Angeles,,,,,LA City,{00709DB1-69AD-416C-9820-0CF130781CCA},0,,00709DB1-69AD-416C-9820-0CF130781CCA,Unknown,,W,,,St,W 8Th St,2023/09/12 23:03:18+00,1741 W 8Th St Los Angeles 90017,00709DB1-69AD-416C-9820-0CF130781CCA_1741_W_8Th_St_Los_Angeles_90017,8Th,1741 W 8Th Street St Los Angeles 90017,,,,
659930,1236677,,5142014043.0,,1721.0,,,West,,,8Th,Street,,,,,,,,,,,,,90017.0,,Los Angeles,Los Angeles,,,,,LA City,{6C0622B4-FF4A-42C4-9ABB-85D28D0B1EC1},0,,6C0622B4-FF4A-42C4-9ABB-85D28D0B1EC1,Unknown,,W,,,St,W 8Th St,2023/09/12 23:03:18+00,1721 W 8Th St Los Angeles 90017,6C0622B4-FF4A-42C4-9ABB-85D28D0B1EC1_1721_W_8Th_St_Los_Angeles_90017,8Th,1721 W 8Th Street St Los Angeles 90017,,,,
659931,1236678,,5142014043.0,,1731.0,,,West,,,8Th,Street,,,,,,,,,,,,,90017.0,,Los Angeles,Los Angeles,,,,,LA City,{EE942C30-91D6-4018-8E4F-2661F19C1D25},0,,EE942C30-91D6-4018-8E4F-2661F19C1D25,Unknown,,W,,,St,W 8Th St,2023/09/12 23:03:18+00,1731 W 8Th St Los Angeles 90017,EE942C30-91D6-4018-8E4F-2661F19C1D25_1731_W_8Th_St_Los_Angeles_90017,8Th,1731 W 8Th Street St Los Angeles 90017,,,,
659932,1236679,,5142014044.0,,1711.0,,,West,,,8Th,Street,,,,,,,,,,,,,90017.0,,Los Angeles,Los Angeles,,,,,LA City,{5B3BC127-AB56-4F9A-9965-4F1A17B20EA6},0,,5B3BC127-AB56-4F9A-9965-4F1A17B20EA6,Unknown,,W,,,St,W 8Th St,2023/09/12 23:03:18+00,1711 W 8Th St Los Angeles 90017,5B3BC127-AB56-4F9A-9965-4F1A17B20EA6_1711_W_8Th_St_Los_Angeles_90017,8Th,1711 W 8Th Street St Los Angeles 90017,,,,
659933,1236680,,5142014044.0,,1713.0,,,West,,,8Th,Street,,,,,,,,,,,,,90017.0,,Los Angeles,Los Angeles,,,,,LA City,{57640E91-8F5D-4ECD-B6F1-6C220D128FBA},0,,57640E91-8F5D-4ECD-B6F1-6C220D128FBA,Unknown,,W,,,St,W 8Th St,2023/09/12 23:03:18+00,1713 W 8Th St Los Angeles 90017,57640E91-8F5D-4ECD-B6F1-6C220D128FBA_1713_W_8Th_St_Los_Angeles_90017,8Th,1713 W 8Th Street St Los Angeles 90017,,,,
659934,1236681,,5142014044.0,,1715.0,,,West,,,8Th,Street,,,,,,,,,,,,,90017.0,,Los Angeles,Los Angeles,,,,,LA City,{A2C57CF8-DC6A-4A90-AA6F-98C180F5F69F},0,,A2C57CF8-DC6A-4A90-AA6F-98C180F5F69F,Unknown,,W,,,St,W 8Th St,2023/09/12 23:03:18+00,1715 W 8Th St Los Angeles 90017,A2C57CF8-DC6A-4A90-AA6F-98C180F5F69F_1715_W_8Th_St_Los_Angeles_90017,8Th,1715 W 8Th Street St Los Angeles 90017,,,,
659935,1236682,,5142014044.0,,1705.0,,,West,,,8Th,Street,,,,,,,,,,,,,90017.0,,Los Angeles,Los Angeles,,,,,LA City,{54C3EEBB-17F6-44C8-9AC2-4B817EEF776C},0,,54C3EEBB-17F6-44C8-9AC2-4B817EEF776C,Unknown,,W,,,St,W 8Th St,2023/09/12 23:03:18+00,1705 W 8Th St Los Angeles 90017,54C3EEBB-17F6-44C8-9AC2-4B817EEF776C_1705_W_8Th_St_Los_Angeles_90017,8Th,1705 W 8Th Street St Los Angeles 90017,,,,
659936,1236683,,5142014044.0,,747.0,,,South,,,Beacon,Avenue,,,,,,,,,,,,,90017.0,,Los Angeles,Los Angeles,,,,,LA City,{F1FB5660-7235-4088-9C5E-6D473CB27C19},0,,F1FB5660-7235-4088-9C5E-6D473CB27C19,Unknown,,S,,,Ave,S Beacon Ave,2023/09/12 23:03:18+00,747 S Beacon Ave Los Angeles 90017,F1FB5660-7235-4088-9C5E-6D473CB27C19_747_S_Beacon_Ave_Los_Angeles_90017,Beacon,747 S Beacon Avenue Ave Los Angeles 90017,,,,
659937,1236684,,5142014044.0,,1709.0,,,West,,,8Th,Street,,,,,,,,,,,,,90017.0,,Los Angeles,Los Angeles,,,,,LA City,{FE80BFBF-C16C-4D42-A03F-B9F17493B8DD},0,,FE80BFBF-C16C-4D42-A03F-B9F17493B8DD,Unknown,,W,,,St,W 8Th St,2023/09/12 23:03:18+00,1709 W 8Th St Los Angeles 90017,FE80BFBF-C16C-4D42-A03F-B9F17493B8DD_1709_W_8Th_St_Los_Angeles_90017,8Th,1709 W 8Th Street St Los Angeles 90017,,,,
659938,1236685,,5142014044.0,,1701.0,,,West,,,8Th,Street,,,,,,,,,,,,,90017.0,,Los Angeles,Los Angeles,,,,,LA City,{17A38AC0-D806-4D47-9C26-F896C6E97F81},0,,17A38AC0-D806-4D47-9C26-F896C6E97F81,Unknown,,W,,,St,W 8Th St,2023/09/12 23:03:18+00,1701 W 8Th St Los Angeles 90017,17A38AC0-D806-4D47-9C26-F896C6E97F81_1701_W_8Th_St_Los_Angeles_90017,8Th,1701 W 8Th Street St Los Angeles 90017,,,,
659939,1236686,,5142014044.0,,1717.0,,,West,,,8Th,Street,,,,,,,,,,,,,90017.0,,Los Angeles,Los Angeles,,,,,LA City,{DD19E42A-13CE-4AD5-BC13-77981663203A},0,,DD19E42A-13CE-4AD5-BC13-77981663203A,Unknown,,W,,,St,W 8Th St,2023/09/12 23:03:18+00,1717 W 8Th St Los Angeles 90017,DD19E42A-13CE-4AD5-BC13-77981663203A_1717_W_8Th_St_Los_Angeles_90017,8Th,1717 W 8Th Street St Los Angeles 90017,,,,
659940,1236687,,5142014044.0,,1707.0,,,West,,,8Th,Street,,,,,,,,,,,,,90017.0,,Los Angeles,Los Angeles,,,,,LA City,{B0A63943-DABE-4C23-9BB7-05974E53D460},0,,B0A63943-DABE-4C23-9BB7-05974E53D460,Unknown,,W,,,St,W 8Th St,2023/09/12 23:03:18+00,1707 W 8Th St Los Angeles 90017,B0A63943-DABE-4C23-9BB7-05974E53D460_1707_W_8Th_St_Los_Angeles_90017,8Th,1707 W 8Th Street St Los Angeles 90017,,,,
659941,1236688,,5142014044.0,,749.0,,,South,,,Beacon,Avenue,,,,,,,,,,,,,90017.0,,Los Angeles,Los Angeles,,,,,LA City,{6DEF6BAB-1E39-4335-9986-A55DE302E4B5},0,,6DEF6BAB-1E39-4335-9986-A55DE302E4B5,Unknown,,S,,,Ave,S Beacon Ave,2023/09/12 23:03:18+00,749 S Beacon Ave Los Angeles 90017,6DEF6BAB-1E39-4335-9986-A55DE302E4B5_749_S_Beacon_Ave_Los_Angeles_90017,Beacon,749 S Beacon Avenue Ave Los Angeles 90017,,,,
659943,1236690,,5142014048.0,,731.0,,,South,,,Beacon,Avenue,,,,,,,,,,,,,90017.0,,Los Angeles,Los Angeles,,,,,LA City,{40EEEAFF-F71D-4A02-98AF-6358B198E268},0,,40EEEAFF-F71D-4A02-98AF-6358B198E268,Unknown,,S,,,Ave,S Beacon Ave,2023/09/12 23:03:18+00,731 S Beacon Ave Los Angeles 90017,40EEEAFF-F71D-4A02-98AF-6358B198E268_731_S_Beacon_Ave_Los_Angeles_90017,Beacon,731 S Beacon Avenue Ave Los Angeles 90017,,,,
659945,1236692,,5142014048.0,,727.0,,,South,,,Beacon,Avenue,,,,,,,,,,,,,90017.0,,Los Angeles,Los Angeles,,,,,LA City,{A1FB5A24-1CEA-436A-AFAA-723FEC973AB0},0,,A1FB5A24-1CEA-436A-AFAA-723FEC973AB0,Unknown,,S,,,Ave,S Beacon Ave,2023/09/12 23:03:18+00,727 S Beacon Ave Los Angeles 90017,A1FB5A24-1CEA-436A-AFAA-723FEC973AB0_727_S_Beacon_Ave_Los_Angeles_90017,Beacon,727 S Beacon Avenue Ave Los Angeles 90017,,,,
659947,1236694,,5142014049.0,,1710.0,,,West,,,7Th,Street,,,,,,,,,,,,,90017.0,,Los Angeles,Los Angeles,,,,,LA City,{3E897B8A-35CB-4113-A29B-A93F51F3E84A},0,,3E897B8A-35CB-4113-A29B-A93F51F3E84A,Unknown,,W,,,St,W 7Th St,2023/09/12 23:03:18+00,1710 W 7Th St Los Angeles 90017,3E897B8A-35CB-4113-A29B-A93F51F3E84A_1710_W_7Th_St_Los_Angeles_90017,7Th,1710 W 7Th Street St Los Angeles 90017,,,,
659948,1236695,,5142014049.0,,1720.0,,,West,,,7Th,Street,,,,,,,,,,,,,90017.0,,Los Angeles,Los Angeles,,,,,LA City,{A4C66D99-9414-4C98-9C8B-B5B2CF5D42E1},0,,A4C66D99-9414-4C98-9C8B-B5B2CF5D42E1,Unknown,,W,,,St,W 7Th St,2023/09/12 23:03:18+00,1720 W 7Th St Los Angeles 90017,A4C66D99-9414-4C98-9C8B-B5B2CF5D42E1_1720_W_7Th_St_Los_Angeles_90017,7Th,1720 W 7Th Street St Los Angeles 90017,,,,
659949,1236696,,5142014049.0,,715.0,,,South,,,Beacon,Avenue,,,,,,,,,,,,,90017.0,,Los Angeles,Los Angeles,,,,,LA City,{81152643-4DCB-4196-8769-11240B68095A},0,,81152643-4DCB-4196-8769-11240B68095A,Unknown,,S,,,Ave,S Beacon Ave,2023/09/12 23:03:18+00,715 S Beacon Ave Los Angeles 90017,81152643-4DCB-4196-8769-11240B68095A_715_S_Beacon_Ave_Los_Angeles_90017,Beacon,715 S Beacon Avenue Ave Los Angeles 90017,,,,
659956,1236703,,5142015010.0,,847.0,,,South,,,Beacon,Avenue,,,,,,,,,,,,,90017.0,,Los Angeles,Los Angeles,,,,,LA City,{393E7B32-62C8-46F5-A122-FA0B897B50AB},0,,393E7B32-62C8-46F5-A122-FA0B897B50AB,Unknown,,S,,,Ave,S Beacon Ave,2023/09/12 23:03:18+00,847 S Beacon Ave Los Angeles 90017,393E7B32-62C8-46F5-A122-FA0B897B50AB_847_S_Beacon_Ave_Los_Angeles_90017,Beacon,847 S Beacon Avenue Ave Los Angeles 90017,,,,
659959,1236706,,5142015011.0,,843.0,,,South,,,Beacon,Avenue,,,,,,,,,,,,,90017.0,,Los Angeles,Los Angeles,,,,,LA City,{A92E6855-7C56-45D9-B7C9-311AD9F90682},0,,A92E6855-7C56-45D9-B7C9-311AD9F90682,Unknown,,S,,,Ave,S Beacon Ave,2023/09/12 23:03:18+00,843 S Beacon Ave Los Angeles 90017,A92E6855-7C56-45D9-B7C9-311AD9F90682_843_S_Beacon_Ave_Los_Angeles_90017,Beacon,843 S Beacon Avenue Ave Los Angeles 90017,,,,
659960,1236707,,5142015012.0,,837.0,,,South,,,Beacon,Avenue,,,,,,,,,,,,,90017.0,,Los Angeles,Los Angeles,,,,,LA City,{8A3FBBF9-3ABF-4067-86AC-7F071B2F9A57},0,,8A3FBBF9-3ABF-4067-86AC-7F071B2F9A57,Unknown,,S,,,Ave,S Beacon Ave,2023/09/12 23:03:18+00,837 S Beacon Ave Los Angeles 90017,8A3FBBF9-3ABF-4067-86AC-7F071B2F9A57_837_S_Beacon_Ave_Los_Angeles_90017,Beacon,837 S Beacon Avenue Ave Los Angeles 90017,,,,
659961,1236708,,5142015013.0,,833.0,,,South,,,Beacon,Avenue,,,,,,,,,,,,,90017.0,,Los Angeles,Los Angeles,,,,,LA City,{8CAB9F99-3EE7-42DB-B00A-604C43B3B4A6},0,,8CAB9F99-3EE7-42DB-B00A-604C43B3B4A6,Unknown,,S,,,Ave,S Beacon Ave,2023/09/12 23:03:18+00,833 S Beacon Ave Los Angeles 90017,8CAB9F99-3EE7-42DB-B00A-604C43B3B4A6_833_S_Beacon_Ave_Los_Angeles_90017,Beacon,833 S Beacon Avenue Ave Los Angeles 90017,,,,
659962,1236709,,5142015014.0,,827.0,,,South,,,Beacon,Avenue,,,,,,,,,,,,,90017.0,,Los Angeles,Los Angeles,,,,,LA City,{148E319D-52D5-4E2B-8743-9E882814BC68},0,,148E319D-52D5-4E2B-8743-9E882814BC68,Unknown,,S,,,Ave,S Beacon Ave,2023/09/12 23:03:18+00,827 S Beacon Ave Los Angeles 90017,148E319D-52D5-4E2B-8743-9E882814BC68_827_S_Beacon_Ave_Los_Angeles_90017,Beacon,827 S Beacon Avenue Ave Los Angeles 90017,,,,
659963,1236710,,5142015015.0,,819.0,,,South,,,Beacon,Avenue,,,,,,,,,,,,,90017.0,,Los Angeles,Los Angeles,,,,,LA City,{AF427906-4F4A-4535-B106-05B321E8BBAE},0,,AF427906-4F4A-4535-B106-05B321E8BBAE,Unknown,,S,,,Ave,S Beacon Ave,2023/09/12 23:03:18+00,819 S Beacon Ave Los Angeles 90017,AF427906-4F4A-4535-B106-05B321E8BBAE_819_S_Beacon_Ave_Los_Angeles_90017,Beacon,819 S Beacon Avenue Ave Los Angeles 90017,,,,
659964,1236711,,5142015016.0,,817.0,,,South,,,Beacon,Avenue,,,,,,,,,,,,,90017.0,,Los Angeles,Los Angeles,,,,,LA City,{BC39F3AC-AE52-42A2-87A8-47605C677D84},0,,BC39F3AC-AE52-42A2-87A8-47605C677D84,Unknown,,S,,,Ave,S Beacon Ave,2023/09/12 23:03:18+00,817 S Beacon Ave Los Angeles 90017,BC39F3AC-AE52-42A2-87A8-47605C677D84_817_S_Beacon_Ave_Los_Angeles_90017,Beacon,817 S Beacon Avenue Ave Los Angeles 90017,,,,
659965,1236712,,5142015020.0,,811.0,,,South,,,Beacon,Avenue,,,,,,,,,,,,,90017.0,,Los Angeles,Los Angeles,,,,,LA City,{F5B99D07-B80D-47D7-88C0-C1BDCB23B687},0,,F5B99D07-B80D-47D7-88C0-C1BDCB23B687,Unknown,,S,,,Ave,S Beacon Ave,2023/09/12 23:03:18+00,811 S Beacon Ave Los Angeles 90017,F5B99D07-B80D-47D7-88C0-C1BDCB23B687_811_S_Beacon_Ave_Los_Angeles_90017,Beacon,811 S Beacon Avenue Ave Los Angeles 90017,,,,
659972,1236719,,5142015900.0,,801.0,,,South,,,Beacon,Avenue,,,,,,,,,,,,,90017.0,,Los Angeles,Los Angeles,,,,,LA City,{8B36D932-9D94-4833-9457-84F8ECC7C7CA},0,,8B36D932-9D94-4833-9457-84F8ECC7C7CA,Unknown,,S,,,Ave,S Beacon Ave,2023/09/12 23:03:18+00,801 S Beacon Ave Los Angeles 90017,8B36D932-9D94-4833-9457-84F8ECC7C7CA_801_S_Beacon_Ave_Los_Angeles_90017,Beacon,801 S Beacon Avenue Ave Los Angeles 90017,,,,
659973,1236720,,5142016001.0,,709.0,,,South,,,Union,Avenue,,,,,,,,,,,,,90017.0,,Los Angeles,Los Angeles,,,,,LA City,{CF0415D0-DAD4-4830-AB49-96B3BD37ADDE},0,,CF0415D0-DAD4-4830-AB49-96B3BD37ADDE,Unknown,,S,,,Ave,S Union Ave,2023/09/12 23:03:18+00,709 S Union Ave Los Angeles 90017,CF0415D0-DAD4-4830-AB49-96B3BD37ADDE_709_S_Union_Ave_Los_Angeles_90017,Union,709 S Union Avenue Ave Los Angeles 90017,,,,
659974,1236721,,5142016001.0,,1602.0,,,West,,,7Th,Street,,,,,,,,,,,,,90017.0,,Los Angeles,Los Angeles,,,,,LA City,{1386E418-9405-45A4-8D0E-7A79F252595D},0,,1386E418-9405-45A4-8D0E-7A79F252595D,Unknown,,W,,,St,W 7Th St,2023/09/12 23:03:18+00,1602 W 7Th St Los Angeles 90017,1386E418-9405-45A4-8D0E-7A79F252595D_1602_W_7Th_St_Los_Angeles_90017,7Th,1602 W 7Th Street St Los Angeles 90017,,,,
659975,1236722,,5142016001.0,,1614.0,,,West,,,7Th,Street,,,,,,,,,,,,,90017.0,,Los Angeles,Los Angeles,,,,,LA City,{400697FD-2B6E-4728-A4DB-675FC7DA1718},0,,400697FD-2B6E-4728-A4DB-675FC7DA1718,Unknown,,W,,,St,W 7Th St,2023/09/12 23:03:18+00,1614 W 7Th St Los Angeles 90017,400697FD-2B6E-4728-A4DB-675FC7DA1718_1614_W_7Th_St_Los_Angeles_90017,7Th,1614 W 7Th Street St Los Angeles 90017,,,,
659976,1236723,,5142016001.0,,1610.0,,,West,,,7Th,Street,,,,,,,,,,,,,90017.0,,Los Angeles,Los Angeles,,,,,LA City,{CDAD8C36-8D33-47AB-BB5B-24BE0599C6E7},0,,CDAD8C36-8D33-47AB-BB5B-24BE0599C6E7,Unknown,,W,,,St,W 7Th St,2023/09/12 23:03:18+00,1610 W 7Th St Los Angeles 90017,CDAD8C36-8D33-47AB-BB5B-24BE0599C6E7_1610_W_7Th_St_Los_Angeles_90017,7Th,1610 W 7Th Street St Los Angeles 90017,,,,
659977,1236724,,5142016001.0,,1606.0,,,West,,,7Th,Street,,,,,,,,,,,,,90017.0,,Los Angeles,Los Angeles,,,,,LA City,{E6793457-47C5-4E90-BBBC-8F79AC3369E1},0,,E6793457-47C5-4E90-BBBC-8F79AC3369E1,Unknown,,W,,,St,W 7Th St,2023/09/12 23:03:18+00,1606 W 7Th St Los Angeles 90017,E6793457-47C5-4E90-BBBC-8F79AC3369E1_1606_W_7Th_St_Los_Angeles_90017,7Th,1606 W 7Th Street St Los Angeles 90017,,,,
659978,1236725,,5142016002.0,,723.0,,,South,,,Union,Avenue,,,,,,,,,,,,,90017.0,,Los Angeles,Los Angeles,,,,,LA City,{D9CABFC5-F0E5-4154-AC29-58D504AC4AAF},0,,D9CABFC5-F0E5-4154-AC29-58D504AC4AAF,Unknown,,S,,,Ave,S Union Ave,2023/09/12 23:03:18+00,723 S Union Ave Los Angeles 90017,D9CABFC5-F0E5-4154-AC29-58D504AC4AAF_723_S_Union_Ave_Los_Angeles_90017,Union,723 S Union Avenue Ave Los Angeles 90017,,,,
659979,1236726,,5142016003.0,,733.0,,,South,,,Union,Avenue,,,,,,,,,,,,,90017.0,,Los Angeles,Los Angeles,,,,,LA City,{E5FE908D-E53C-4C22-8EB9-FDF4162C7F93},0,,E5FE908D-E53C-4C22-8EB9-FDF4162C7F93,Unknown,,S,,,Ave,S Union Ave,2023/09/12 23:03:18+00,733 S Union Ave Los Angeles 90017,E5FE908D-E53C-4C22-8EB9-FDF4162C7F93_733_S_Union_Ave_Los_Angeles_90017,Union,733 S Union Avenue Ave Los Angeles 90017,,,,
659980,1236727,,5142016003.0,,729.0,,,South,,,Union,Avenue,,,,,,,,,,,,,90017.0,,Los Angeles,Los Angeles,,,,,LA City,{E2A90AD9-4A76-45AC-968F-5D04A1D8052F},0,,E2A90AD9-4A76-45AC-968F-5D04A1D8052F,Unknown,,S,,,Ave,S Union Ave,2023/09/12 23:03:18+00,729 S Union Ave Los Angeles 90017,E2A90AD9-4A76-45AC-968F-5D04A1D8052F_729_S_Union_Ave_Los_Angeles_90017,Union,729 S Union Avenue Ave Los Angeles 90017,,,,
659981,1236728,,5142016004.0,,737.0,,,South,,,Union,Avenue,,,,,,,,,,,,,90017.0,,Los Angeles,Los Angeles,,,,,LA City,{06A5AA1B-DAB9-42ED-B7E4-A5F388871238},0,,06A5AA1B-DAB9-42ED-B7E4-A5F388871238,Unknown,,S,,,Ave,S Union Ave,2023/09/12 23:03:18+00,737 S Union Ave Los Angeles 90017,06A5AA1B-DAB9-42ED-B7E4-A5F388871238_737_S_Union_Ave_Los_Angeles_90017,Union,737 S Union Avenue Ave Los Angeles 90017,,,,
659982,1236729,,5142016009.0,,1626.0,,,West,,,7Th,Street,,,,,,,,,,,,,90017.0,,Los Angeles,Los Angeles,,,,,LA City,{8CB18AD0-5C4C-422F-B399-6C651FBF7ACF},0,,8CB18AD0-5C4C-422F-B399-6C651FBF7ACF,Unknown,,W,,,St,W 7Th St,2023/09/12 23:03:18+00,1626 W 7Th St Los Angeles 90017,8CB18AD0-5C4C-422F-B399-6C651FBF7ACF_1626_W_7Th_St_Los_Angeles_90017,7Th,1626 W 7Th Street St Los Angeles 90017,,,,
659983,1236730,,5142016009.0,,1624.0,,,West,,,7Th,Street,,,,,,,,,,,,,90017.0,,Los Angeles,Los Angeles,,,,,LA City,{132BDDD8-0EB9-49B3-AA11-DC8A6BDB2891},0,,132BDDD8-0EB9-49B3-AA11-DC8A6BDB2891,Unknown,,W,,,St,W 7Th St,2023/09/12 23:03:18+00,1624 W 7Th St Los Angeles 90017,132BDDD8-0EB9-49B3-AA11-DC8A6BDB2891_1624_W_7Th_St_Los_Angeles_90017,7Th,1624 W 7Th Street St Los Angeles 90017,,,,
659984,1236731,,5142016009.0,,1620.0,,,West,,,7Th,Street,,,,,,,,,,,,,90017.0,,Los Angeles,Los Angeles,,,,,LA City,{B52E807A-D855-4C0B-89A9-EA30594DE0F8},0,,B52E807A-D855-4C0B-89A9-EA30594DE0F8,Unknown,,W,,,St,W 7Th St,2023/09/12 23:03:18+00,1620 W 7Th St Los Angeles 90017,B52E807A-D855-4C0B-89A9-EA30594DE0F8_1620_W_7Th_St_Los_Angeles_90017,7Th,1620 W 7Th Street St Los Angeles 90017,,,,
659985,1236732,,5142016009.0,,1618.0,,,West,,,7Th,Street,,,,,,,,,,,,,90017.0,,Los Angeles,Los Angeles,,,,,LA City,{FCE273B4-8EFA-4519-BE4F-48042E6FB2CF},0,,FCE273B4-8EFA-4519-BE4F-48042E6FB2CF,Unknown,,W,,,St,W 7Th St,2023/09/12 23:03:18+00,1618 W 7Th St Los Angeles 90017,FCE273B4-8EFA-4519-BE4F-48042E6FB2CF_1618_W_7Th_St_Los_Angeles_90017,7Th,1618 W 7Th Street St Los Angeles 90017,,,,
659986,1236733,,5142016011.0,,716.0,,,South,,,Beacon,Avenue,,,,,,,,,,,,,90017.0,,Los Angeles,Los Angeles,,,,,LA City,{FE79A12E-4CE6-4240-BBD0-0D1735AF90D8},0,,FE79A12E-4CE6-4240-BBD0-0D1735AF90D8,Unknown,,S,,,Ave,S Beacon Ave,2023/09/12 23:03:18+00,716 S Beacon Ave Los Angeles 90017,FE79A12E-4CE6-4240-BBD0-0D1735AF90D8_716_S_Beacon_Ave_Los_Angeles_90017,Beacon,716 S Beacon Avenue Ave Los Angeles 90017,,,,
659987,1236734,,5142016012.0,,720.0,,,South,,,Beacon,Avenue,,,,,,,,,,,,,90017.0,,Los Angeles,Los Angeles,,,,,LA City,{59913504-A6F9-4FF7-BA67-A4503DDF5791},0,,59913504-A6F9-4FF7-BA67-A4503DDF5791,Unknown,,S,,,Ave,S Beacon Ave,2023/09/12 23:03:18+00,720 S Beacon Ave Los Angeles 90017,59913504-A6F9-4FF7-BA67-A4503DDF5791_720_S_Beacon_Ave_Los_Angeles_90017,Beacon,720 S Beacon Avenue Ave Los Angeles 90017,,,,
659988,1236735,,5142016013.0,,724.0,,,South,,,Beacon,Avenue,,,,,,,,,,,,,90017.0,,Los Angeles,Los Angeles,,,,,LA City,{E4A5DC17-7569-4CC3-B087-959DC866DC38},0,,E4A5DC17-7569-4CC3-B087-959DC866DC38,Unknown,,S,,,Ave,S Beacon Ave,2024/05/12 21:05:27+00,724 S Beacon Ave Los Angeles 90017,E4A5DC17-7569-4CC3-B087-959DC866DC38_724_S_Beacon_Ave_Los_Angeles_90017,Beacon,724 S Beacon Avenue Ave Los Angeles 90017,,,,
659989,1236736,,5142016013.0,,724.0,1/2,,South,,,Beacon,Avenue,,,,,,,,,,,,,90017.0,,Los Angeles,Los Angeles,,,,,LA City,{B334BF4A-B166-4D9E-9C41-1BE7FA41BD42},0,,B334BF4A-B166-4D9E-9C41-1BE7FA41BD42,Unknown,,S,,,Ave,S Beacon Ave,2024/05/12 21:05:27+00,724 1/2 S Beacon Ave Los Angeles 90017,B334BF4A-B166-4D9E-9C41-1BE7FA41BD42_724_1/2_S_Beacon_Ave_Los_Angeles_90017,Beacon,724 1/2 S Beacon Avenue Ave Los Angeles 90017,,,,
659990,1236737,,5142016014.0,,730.0,,,South,,,Beacon,Avenue,,,,,,,,,,,,1-12,90017.0,,Los Angeles,Los Angeles,,,,,LA City,{452F71CC-7A46-4E8A-943B-9733522AEA5B},0,,452F71CC-7A46-4E8A-943B-9733522AEA5B,Unknown,,S,,,Ave,S Beacon Ave,2023/09/12 23:03:18+00,730 S Beacon Ave 1-12 Los Angeles 90017,452F71CC-7A46-4E8A-943B-9733522AEA5B_730_S_Beacon_Ave_1-12_Los_Angeles_90017,Beacon,730 S Beacon Avenue Ave 1-12 Los Angeles 90017,,,,
659991,1236738,,5142016015.0,,738.0,,,South,,,Beacon,Avenue,,,,,,,,,,,,,90017.0,,Los Angeles,Los Angeles,,,,,LA City,{FB6B56BB-76EE-4987-A2F4-D0B4AFF49250},0,,FB6B56BB-76EE-4987-A2F4-D0B4AFF49250,Unknown,,S,,,Ave,S Beacon Ave,2023/09/12 23:03:18+00,738 S Beacon Ave Los Angeles 90017,FB6B56BB-76EE-4987-A2F4-D0B4AFF49250_738_S_Beacon_Ave_Los_Angeles_90017,Beacon,738 S Beacon Avenue Ave Los Angeles 90017,,,,
659992,1236739,,5142016015.0,,736.0,,,South,,,Beacon,Avenue,,,,,,,,,,,,,90017.0,,Los Angeles,Los Angeles,,,,,LA City,{4F6FBF95-3D77-4BA7-9D19-C03482B1C7BF},0,,4F6FBF95-3D77-4BA7-9D19-C03482B1C7BF,Unknown,,S,,,Ave,S Beacon Ave,2023/09/12 23:03:18+00,736 S Beacon Ave Los Angeles 90017,4F6FBF95-3D77-4BA7-9D19-C03482B1C7BF_736_S_Beacon_Ave_Los_Angeles_90017,Beacon,736 S Beacon Avenue Ave Los Angeles 90017,,,,
659993,1236740,,5142016017.0,,744.0,,,South,,,Beacon,Avenue,,,,,,,,,,,,,90017.0,,Los Angeles,Los Angeles,,,,,LA City,{A906DBD3-A46F-4334-8FC7-8A31F53BD713},0,,A906DBD3-A46F-4334-8FC7-8A31F53BD713,Unknown,,S,,,Ave,S Beacon Ave,2023/09/12 23:03:18+00,744 S Beacon Ave Los Angeles 90017,A906DBD3-A46F-4334-8FC7-8A31F53BD713_744_S_Beacon_Ave_Los_Angeles_90017,Beacon,744 S Beacon Avenue Ave Los Angeles 90017,,,,
659994,1236741,,5142016022.0,,1629.0,,,West,,,8Th,Street,,,,,,,,,,,,,90017.0,,Los Angeles,Los Angeles,,,,,LA City,{E8902433-F27B-4521-A057-193E49371048},0,,E8902433-F27B-4521-A057-193E49371048,Unknown,,W,,,St,W 8Th St,2023/09/12 23:03:18+00,1629 W 8Th St Los Angeles 90017,E8902433-F27B-4521-A057-193E49371048_1629_W_8Th_St_Los_Angeles_90017,8Th,1629 W 8Th Street St Los Angeles 90017,,,,
659995,1236742,,5142016024.0,,739.0,,,South,,,Union,Avenue,,,,,,,,,,,,,90017.0,,Los Angeles,Los Angeles,,,,,LA City,{4886B2E0-771F-43FB-B811-970BEF91C1A1},0,,4886B2E0-771F-43FB-B811-970BEF91C1A1,Unknown,,S,,,Ave,S Union Ave,2023/09/12 23:03:18+00,739 S Union Ave Los Angeles 90017,4886B2E0-771F-43FB-B811-970BEF91C1A1_739_S_Union_Ave_Los_Angeles_90017,Union,739 S Union Avenue Ave Los Angeles 90017,,,,
659996,1236743,,5142016024.0,,759.0,,,South,,,Union,Avenue,,,,,,,,,,,,,90017.0,,Los Angeles,Los Angeles,,,,,LA City,{0F5FB184-CED8-4F09-AACE-0FB85A1FA9FD},0,,0F5FB184-CED8-4F09-AACE-0FB85A1FA9FD,Unknown,,S,,,Ave,S Union Ave,2023/09/12 23:03:18+00,759 S Union Ave Los Angeles 90017,0F5FB184-CED8-4F09-AACE-0FB85A1FA9FD_759_S_Union_Ave_Los_Angeles_90017,Union,759 S Union Avenue Ave Los Angeles 90017,,,,
659997,1236744,,5142016024.0,,1601.0,,,West,,,8Th,Street,,,,,,,,,,,,,90017.0,,Los Angeles,Los Angeles,,,,,LA City,{08389461-B9BF-47F6-9660-E26079674C88},0,,08389461-B9BF-47F6-9660-E26079674C88,Unknown,,W,,,St,W 8Th St,2023/09/12 23:03:18+00,1601 W 8Th St Los Angeles 90017,08389461-B9BF-47F6-9660-E26079674C88_1601_W_8Th_St_Los_Angeles_90017,8Th,1601 W 8Th Street St Los Angeles 90017,,,,
659998,1236745,,5142017001.0,,801.0,,,South,,,Union,Avenue,,,,,,,,,,,,,90017.0,,Los Angeles,Los Angeles,,,,,LA City,{1FE9F90C-E9B6-465C-9EE6-F3D4F3FC67D6},0,,1FE9F90C-E9B6-465C-9EE6-F3D4F3FC67D6,Unknown,,S,,,Ave,S Union Ave,2023/09/12 23:03:18+00,801 S Union Ave Los Angeles 90017,1FE9F90C-E9B6-465C-9EE6-F3D4F3FC67D6_801_S_Union_Ave_Los_Angeles_90017,Union,801 S Union Avenue Ave Los Angeles 90017,,,,
659999,1236746,,5142017002.0,,805.0,,,South,,,Union,Avenue,,,,,,,,,,,,,90017.0,,Los Angeles,Los Angeles,,,,,LA City,{3EA419B4-52CE-4173-941A-6994DA2068DE},0,,3EA419B4-52CE-4173-941A-6994DA2068DE,Unknown,,S,,,Ave,S Union Ave,2023/09/12 23:03:18+00,805 S Union Ave Los Angeles 90017,3EA419B4-52CE-4173-941A-6994DA2068DE_805_S_Union_Ave_Los_Angeles_90017,Union,805 S Union Avenue Ave Los Angeles 90017,,,,
660000,1236747,,5142017003.0,,811.0,,,South,,,Union,Avenue,,,,,,,,,,,,,90017.0,,Los Angeles,Los Angeles,,,,,LA City,{05C38D32-E9F6-4778-993B-779C6A082F16},0,,05C38D32-E9F6-4778-993B-779C6A082F16,Unknown,,S,,,Ave,S Union Ave,2023/09/12 23:03:18+00,811 S Union Ave Los Angeles 90017,05C38D32-E9F6-4778-993B-779C6A082F16_811_S_Union_Ave_Los_Angeles_90017,Union,811 S Union Avenue Ave Los Angeles 90017,,,,
660001,1236748,,5142017005.0,,823.0,,,South,,,Union,Avenue,,,,,,,,,,,,,90017.0,,Los Angeles,Los Angeles,,,,,LA City,{F61647F4-236F-4458-8DFA-77C1CB0A2299},0,,F61647F4-236F-4458-8DFA-77C1CB0A2299,Unknown,,S,,,Ave,S Union Ave,2023/09/12 23:03:18+00,823 S Union Ave Los Angeles 90017,F61647F4-236F-4458-8DFA-77C1CB0A2299_823_S_Union_Ave_Los_Angeles_90017,Union,823 S Union Avenue Ave Los Angeles 90017,,,,
660009,1236756,,5142017010.0,,847.0,,,South,,,Union,Avenue,,,,,,,,,,,,,90017.0,,Los Angeles,Los Angeles,,,,,LA City,{2E33C27C-2832-4741-92E6-417FE9CA41EB},0,,2E33C27C-2832-4741-92E6-417FE9CA41EB,Unknown,,S,,,Ave,S Union Ave,2023/09/12 23:03:18+00,847 S Union Ave Los Angeles 90017,2E33C27C-2832-4741-92E6-417FE9CA41EB_847_S_Union_Ave_Los_Angeles_90017,Union,847 S Union Avenue Ave Los Angeles 90017,,,,
660010,1236757,,5142017013.0,,810.0,,,South,,,Beacon,Avenue,,,,,,,,,,,,,90017.0,,Los Angeles,Los Angeles,,,,,LA City,{193DDB5C-A7C8-4A36-8D18-5B31FCDA02FF},0,,193DDB5C-A7C8-4A36-8D18-5B31FCDA02FF,Unknown,,S,,,Ave,S Beacon Ave,2023/09/12 23:03:18+00,810 S Beacon Ave Los Angeles 90017,193DDB5C-A7C8-4A36-8D18-5B31FCDA02FF_810_S_Beacon_Ave_Los_Angeles_90017,Beacon,810 S Beacon Avenue Ave Los Angeles 90017,,,,
660011,1236758,,5142017014.0,,816.0,,,South,,,Beacon,Avenue,,,,,,,,,,,,,90017.0,,Los Angeles,Los Angeles,,,,,LA City,{E49C25DE-8EFE-4421-B04E-E00BEB22ABF5},0,,E49C25DE-8EFE-4421-B04E-E00BEB22ABF5,Unknown,,S,,,Ave,S Beacon Ave,2023/09/12 23:03:18+00,816 S Beacon Ave Los Angeles 90017,E49C25DE-8EFE-4421-B04E-E00BEB22ABF5_816_S_Beacon_Ave_Los_Angeles_90017,Beacon,816 S Beacon Avenue Ave Los Angeles 90017,,,,
660012,1236759,,5142017015.0,,820.0,,,South,,,Beacon,Avenue,,,,,,,,,,,,,90017.0,,Los Angeles,Los Angeles,,,,,LA City,{D9DA380A-367A-4954-85E7-D4E94CF0F05C},0,,D9DA380A-367A-4954-85E7-D4E94CF0F05C,Unknown,,S,,,Ave,S Beacon Ave,2023/09/12 23:03:18+00,820 S Beacon Ave Los Angeles 90017,D9DA380A-367A-4954-85E7-D4E94CF0F05C_820_S_Beacon_Ave_Los_Angeles_90017,Beacon,820 S Beacon Avenue Ave Los Angeles 90017,,,,
660015,1236762,,5142017021.0,,800.0,,,South,,,Beacon,Avenue,,,,,,,,,,,,,90017.0,,Los Angeles,Los Angeles,,,,,LA City,{746B68AA-6B80-4D49-89EE-C176C8E28388},0,,746B68AA-6B80-4D49-89EE-C176C8E28388,Unknown,,S,,,Ave,S Beacon Ave,2023/09/12 23:03:18+00,800 S Beacon Ave Los Angeles 90017,746B68AA-6B80-4D49-89EE-C176C8E28388_800_S_Beacon_Ave_Los_Angeles_90017,Beacon,800 S Beacon Avenue Ave Los Angeles 90017,,,,
660016,1236763,,5142017021.0,,806.0,,,South,,,Beacon,Avenue,,,,,,,,,,,,,90017.0,,Los Angeles,Los Angeles,,,,,LA City,{52113363-E82F-4FBF-A4DB-5B096B825287},0,,52113363-E82F-4FBF-A4DB-5B096B825287,Unknown,,S,,,Ave,S Beacon Ave,2023/09/12 23:03:18+00,806 S Beacon Ave Los Angeles 90017,52113363-E82F-4FBF-A4DB-5B096B825287_806_S_Beacon_Ave_Los_Angeles_90017,Beacon,806 S Beacon Avenue Ave Los Angeles 90017,,,,
660017,1236764,,5142017021.0,,1636.0,,,West,,,8Th,Street,,,,,,,,,,,,,90017.0,,Los Angeles,Los Angeles,,,,,LA City,{291DA12B-827B-41B5-899D-041017DD526D},0,,291DA12B-827B-41B5-899D-041017DD526D,Unknown,,W,,,St,W 8Th St,2023/09/12 23:03:18+00,1636 W 8Th St Los Angeles 90017,291DA12B-827B-41B5-899D-041017DD526D_1636_W_8Th_St_Los_Angeles_90017,8Th,1636 W 8Th Street St Los Angeles 90017,,,,
660018,1236765,,5142017022.0,,838.0,,,South,,,Beacon,Avenue,,,,,,,,,,,,,90017.0,,Los Angeles,Los Angeles,,,,,LA City,{60053ED6-A153-480A-B299-4A6F0EF32925},0,,60053ED6-A153-480A-B299-4A6F0EF32925,Unknown,,S,,,Ave,S Beacon Ave,2023/09/12 23:03:18+00,838 S Beacon Ave Los Angeles 90017,60053ED6-A153-480A-B299-4A6F0EF32925_838_S_Beacon_Ave_Los_Angeles_90017,Beacon,838 S Beacon Avenue Ave Los Angeles 90017,,,,
660019,1236766,,5142017022.0,,842.0,,,South,,,Beacon,Avenue,,,,,,,,,,,,,90017.0,,Los Angeles,Los Angeles,,,,,LA City,{96B7270A-F428-453A-A4EF-3711FDCD67D1},0,,96B7270A-F428-453A-A4EF-3711FDCD67D1,Unknown,,S,,,Ave,S Beacon Ave,2024/05/12 21:05:27+00,842 S Beacon Ave Los Angeles 90017,96B7270A-F428-453A-A4EF-3711FDCD67D1_842_S_Beacon_Ave_Los_Angeles_90017,Beacon,842 S Beacon Avenue Ave Los Angeles 90017,,,,
660020,1236767,,5142017022.0,,842.0,1/4,,South,,,Beacon,Avenue,,,,,,,,,,,,,90017.0,,Los Angeles,Los Angeles,,,,,LA City,{38CAC609-FD16-49A4-A457-A71E4B7E09A3},0,,38CAC609-FD16-49A4-A457-A71E4B7E09A3,Unknown,,S,,,Ave,S Beacon Ave,2024/05/12 21:05:27+00,842 1/4 S Beacon Ave Los Angeles 90017,38CAC609-FD16-49A4-A457-A71E4B7E09A3_842_1/4_S_Beacon_Ave_Los_Angeles_90017,Beacon,842 1/4 S Beacon Avenue Ave Los Angeles 90017,,,,
660021,1236768,,5142017022.0,,842.0,1/2,,South,,,Beacon,Avenue,,,,,,,,,,,,,90017.0,,Los Angeles,Los Angeles,,,,,LA City,{570B5F5A-ACF3-4A7F-98EC-02F54CEDC934},0,,570B5F5A-ACF3-4A7F-98EC-02F54CEDC934,Unknown,,S,,,Ave,S Beacon Ave,2024/05/12 21:05:27+00,842 1/2 S Beacon Ave Los Angeles 90017,570B5F5A-ACF3-4A7F-98EC-02F54CEDC934_842_1/2_S_Beacon_Ave_Los_Angeles_90017,Beacon,842 1/2 S Beacon Avenue Ave Los Angeles 90017,,,,
660022,1236769,,5142017022.0,,842.0,3/4,,South,,,Beacon,Avenue,,,,,,,,,,,,,90017.0,,Los Angeles,Los Angeles,,,,,LA City,{1A9EA53D-6B02-4C84-97EB-8353A617F038},0,,1A9EA53D-6B02-4C84-97EB-8353A617F038,Unknown,,S,,,Ave,S Beacon Ave,2024/05/12 21:05:27+00,842 3/4 S Beacon Ave Los Angeles 90017,1A9EA53D-6B02-4C84-97EB-8353A617F038_842_3/4_S_Beacon_Ave_Los_Angeles_90017,Beacon,842 3/4 S Beacon Avenue Ave Los Angeles 90017,,,,
660023,1236770,,5142017023.0,,827.0,,,South,,,Union,Avenue,,,,,,,,,,,,,90017.0,,Los Angeles,Los Angeles,,,,,LA City,{3EF422FE-817B-4FAD-AC64-3C46DCEC5411},0,,3EF422FE-817B-4FAD-AC64-3C46DCEC5411,Unknown,,S,,,Ave,S Union Ave,2023/09/12 23:03:18+00,827 S Union Ave Los Angeles 90017,3EF422FE-817B-4FAD-AC64-3C46DCEC5411_827_S_Union_Ave_Los_Angeles_90017,Union,827 S Union Avenue Ave Los Angeles 90017,,,,
660024,1236771,,5142017023.0,,837.0,,,South,,,Union,Avenue,,,,,,,,,,,,,90017.0,,Los Angeles,Los Angeles,,,,,LA City,{9737A45A-9693-4020-A6A1-E6F09EE754A1},0,,9737A45A-9693-4020-A6A1-E6F09EE754A1,Unknown,,S,,,Ave,S Union Ave,2023/09/12 23:03:18+00,837 S Union Ave Los Angeles 90017,9737A45A-9693-4020-A6A1-E6F09EE754A1_837_S_Union_Ave_Los_Angeles_90017,Union,837 S Union Avenue Ave Los Angeles 90017,,,,
660025,1236772,,5142017023.0,,843.0,,,South,,,Union,Avenue,,,,,,,,,,,,,90017.0,,Los Angeles,Los Angeles,,,,,LA City,{C4E0F5BA-79F6-4E3F-9384-F418BE6381DE},0,,C4E0F5BA-79F6-4E3F-9384-F418BE6381DE,Unknown,,S,,,Ave,S Union Ave,2024/05/12 21:05:27+00,843 S Union Ave Los Angeles 90017,C4E0F5BA-79F6-4E3F-9384-F418BE6381DE_843_S_Union_Ave_Los_Angeles_90017,Union,843 S Union Avenue Ave Los Angeles 90017,,,,
660026,1236773,,5142017023.0,,841.0,1/2,,South,,,Union,Avenue,,,,,,,,,,,,,90017.0,,Los Angeles,Los Angeles,,,,,LA City,{04F752BB-9135-46BD-9965-7FA9A78D1880},0,,04F752BB-9135-46BD-9965-7FA9A78D1880,Unknown,,S,,,Ave,S Union Ave,2024/05/12 21:05:27+00,841 1/2 S Union Ave Los Angeles 90017,04F752BB-9135-46BD-9965-7FA9A78D1880_841_1/2_S_Union_Ave_Los_Angeles_90017,Union,841 1/2 S Union Avenue Ave Los Angeles 90017,,,,
660027,1236774,,5142017023.0,,843.0,1/2,,South,,,Union,Avenue,,,,,,,,,,,,,90017.0,,Los Angeles,Los Angeles,,,,,LA City,{F44BA338-DBDA-49EB-BC2A-3E875926E269},0,,F44BA338-DBDA-49EB-BC2A-3E875926E269,Unknown,,S,,,Ave,S Union Ave,2024/05/12 21:05:27+00,843 1/2 S Union Ave Los Angeles 90017,F44BA338-DBDA-49EB-BC2A-3E875926E269_843_1/2_S_Union_Ave_Los_Angeles_90017,Union,843 1/2 S Union Avenue Ave Los Angeles 90017,,,,
660028,1236775,,5142017023.0,,841.0,,,South,,,Union,Avenue,,,,,,,,,,,,,90017.0,,Los Angeles,Los Angeles,,,,,LA City,{40165370-CF9F-450C-8A40-395FD2C5676D},0,,40165370-CF9F-450C-8A40-395FD2C5676D,Unknown,,S,,,Ave,S Union Ave,2024/05/12 21:05:27+00,841 S Union Ave Los Angeles 90017,40165370-CF9F-450C-8A40-395FD2C5676D_841_S_Union_Ave_Los_Angeles_90017,Union,841 S Union Avenue Ave Los Angeles 90017,,,,
660029,1236776,,5142017024.0,,821.0,,,South,,,Union,Avenue,,,,,,,,,,,,,90017.0,,Los Angeles,Los Angeles,,,,,Assessor,{E90D6130-56F7-407F-8606-252EBDA61C3F},0,,E90D6130-56F7-407F-8606-252EBDA61C3F,Unknown,,S,,,Ave,S Union Ave,2024/04/27 17:13:09+00,821 S Union Ave Los Angeles 90017,E90D6130-56F7-407F-8606-252EBDA61C3F_821_S_Union_Ave_Los_Angeles_90017,Union,821 S Union Avenue Ave Los Angeles 90017,,,,
660030,1236777,,5142018003.0,,816.0,,,South,,,Union,Avenue,,,,,,,,,,,,,90017.0,,Los Angeles,Los Angeles,,,,,LA City,{A51B7F6C-3211-499B-A866-A48D7C355ED9},0,,A51B7F6C-3211-499B-A866-A48D7C355ED9,Unknown,,S,,,Ave,S Union Ave,2023/09/12 23:03:18+00,816 S Union Ave Los Angeles 90017,A51B7F6C-3211-499B-A866-A48D7C355ED9_816_S_Union_Ave_Los_Angeles_90017,Union,816 S Union Avenue Ave Los Angeles 90017,,,,
660031,1236778,,5142018004.0,,820.0,,,South,,,Union,Avenue,,,,,,,,,,,,,90017.0,,Los Angeles,Los Angeles,,,,,LA City,{F1FBB77D-77FF-4720-B902-26D6F4258912},0,,F1FBB77D-77FF-4720-B902-26D6F4258912,Unknown,,S,,,Ave,S Union Ave,2023/09/12 23:03:18+00,820 S Union Ave Los Angeles 90017,F1FBB77D-77FF-4720-B902-26D6F4258912_820_S_Union_Ave_Los_Angeles_90017,Union,820 S Union Avenue Ave Los Angeles 90017,,,,
660032,1236779,,5142018005.0,,826.0,,,South,,,Union,Avenue,,,,,,,,,,,,,90017.0,,Los Angeles,Los Angeles,,,,,LA City,{A9EFB643-3A9C-40F0-A1AE-AE0518B2C178},0,,A9EFB643-3A9C-40F0-A1AE-AE0518B2C178,Unknown,,S,,,Ave,S Union Ave,2023/09/12 23:03:18+00,826 S Union Ave Los Angeles 90017,A9EFB643-3A9C-40F0-A1AE-AE0518B2C178_826_S_Union_Ave_Los_Angeles_90017,Union,826 S Union Avenue Ave Los Angeles 90017,,,,
660033,1236780,,5142018006.0,,836.0,,,South,,,Union,Avenue,,,,,,,,,,,,,90017.0,,Los Angeles,Los Angeles,,,,,LA City,{31D8CDE6-109B-4C4C-BD7C-770C06218FF1},0,,31D8CDE6-109B-4C4C-BD7C-770C06218FF1,Unknown,,S,,,Ave,S Union Ave,2023/09/12 23:03:18+00,836 S Union Ave Los Angeles 90017,31D8CDE6-109B-4C4C-BD7C-770C06218FF1_836_S_Union_Ave_Los_Angeles_90017,Union,836 S Union Avenue Ave Los Angeles 90017,,,,
660034,1236781,,5142018006.0,,830.0,,,South,,,Union,Avenue,,,,,,,,,,,,,90017.0,,Los Angeles,Los Angeles,,,,,LA City,{2D966392-2272-4152-A102-2F3B32FFC94B},0,,2D966392-2272-4152-A102-2F3B32FFC94B,Unknown,,S,,,Ave,S Union Ave,2023/09/12 23:03:18+00,830 S Union Ave Los Angeles 90017,2D966392-2272-4152-A102-2F3B32FFC94B_830_S_Union_Ave_Los_Angeles_90017,Union,830 S Union Avenue Ave Los Angeles 90017,,,,
660035,1236782,,5142018006.0,,832.0,,,South,,,Union,Avenue,,,,,,,,,,,,,90017.0,,Los Angeles,Los Angeles,,,,,LA City,{5530FD5A-D79A-4FD9-9B80-D6D2C6A3854D},0,,5530FD5A-D79A-4FD9-9B80-D6D2C6A3854D,Unknown,,S,,,Ave,S Union Ave,2023/09/12 23:03:18+00,832 S Union Ave Los Angeles 90017,5530FD5A-D79A-4FD9-9B80-D6D2C6A3854D_832_S_Union_Ave_Los_Angeles_90017,Union,832 S Union Avenue Ave Los Angeles 90017,,,,
660036,1236783,,5142018007.0,,846.0,,,South,,,Union,Avenue,,,,,,,,,,,,,90017.0,,Los Angeles,Los Angeles,,,,,LA City,{69987C31-7ED9-4F6E-8133-072593E7157C},0,,69987C31-7ED9-4F6E-8133-072593E7157C,Unknown,,S,,,Ave,S Union Ave,2023/09/12 23:03:18+00,846 S Union Ave Los Angeles 90017,69987C31-7ED9-4F6E-8133-072593E7157C_846_S_Union_Ave_Los_Angeles_90017,Union,846 S Union Avenue Ave Los Angeles 90017,,,,
660040,1236787,,5142018009.0,,837.0,,,South,,,Green,Avenue,,,,,,,,,,,,,90017.0,,Los Angeles,Los Angeles,,,,,LA City,{9732806A-DBC0-490F-9101-804592D89BD4},0,,9732806A-DBC0-490F-9101-804592D89BD4,Unknown,,S,,,Ave,S Green Ave,2023/09/12 23:03:18+00,837 S Green Ave Los Angeles 90017,9732806A-DBC0-490F-9101-804592D89BD4_837_S_Green_Ave_Los_Angeles_90017,Green,837 S Green Avenue Ave Los Angeles 90017,,,,
660041,1236788,,5142018009.0,,845.0,,,,,,Green,Avenue,,,,,,,,,,,,,90017.0,,Los Angeles,Los Angeles,,,,,Assessor,{15D786E2-D0EB-4FBC-A34C-D714EE788224},0,,15D786E2-D0EB-4FBC-A34C-D714EE788224,Unknown,,,,,Ave,Green Ave,2024/04/27 17:13:09+00,845 Green Ave Los Angeles 90017,15D786E2-D0EB-4FBC-A34C-D714EE788224_845_Green_Ave_Los_Angeles_90017,Green,845 Green Avenue Ave Los Angeles 90017,,,,
660042,1236789,,5142018010.0,,825.0,,,South,,,Green,Avenue,,,,,,,,,,,,,90017.0,,Los Angeles,Los Angeles,,,,,LA City,{AC698450-9826-4AF4-BE2D-36AA3E633817},0,,AC698450-9826-4AF4-BE2D-36AA3E633817,Unknown,,S,,,Ave,S Green Ave,2023/09/12 23:03:18+00,825 S Green Ave Los Angeles 90017,AC698450-9826-4AF4-BE2D-36AA3E633817_825_S_Green_Ave_Los_Angeles_90017,Green,825 S Green Avenue Ave Los Angeles 90017,,,,
660043,1236790,,5142018010.0,,835.0,,,South,,,Green,Avenue,,,,,,,,,,,,,90017.0,,Los Angeles,Los Angeles,,,,,LA City,{7BDA84AA-E9D4-4F50-8419-068381B116B1},0,,7BDA84AA-E9D4-4F50-8419-068381B116B1,Unknown,,S,,,Ave,S Green Ave,2023/09/12 23:03:18+00,835 S Green Ave Los Angeles 90017,7BDA84AA-E9D4-4F50-8419-068381B116B1_835_S_Green_Ave_Los_Angeles_90017,Green,835 S Green Avenue Ave Los Angeles 90017,,,,
660044,1236791,,5142018011.0,,821.0,,,South,,,Green,Avenue,,,,,,,,,,,,,90017.0,,Los Angeles,Los Angeles,,,,,LA City,{E18E7DC7-F864-4DF3-9233-EDE6E8F775EF},0,,E18E7DC7-F864-4DF3-9233-EDE6E8F775EF,Unknown,,S,,,Ave,S Green Ave,2023/09/12 23:03:18+00,821 S Green Ave Los Angeles 90017,E18E7DC7-F864-4DF3-9233-EDE6E8F775EF_821_S_Green_Ave_Los_Angeles_90017,Green,821 S Green Avenue Ave Los Angeles 90017,,,,
660045,1236792,,5142018012.0,,815.0,,,South,,,Green,Avenue,,,,,,,,,,,,,90017.0,,Los Angeles,Los Angeles,,,,,LA City,{C5B3A6F7-2459-4FB1-9114-32C4F38EF370},0,,C5B3A6F7-2459-4FB1-9114-32C4F38EF370,Unknown,,S,,,Ave,S Green Ave,2023/09/12 23:03:18+00,815 S Green Ave Los Angeles 90017,C5B3A6F7-2459-4FB1-9114-32C4F38EF370_815_S_Green_Ave_Los_Angeles_90017,Green,815 S Green Avenue Ave Los Angeles 90017,,,,
660046,1236793,,5142018015.0,,809.0,,,South,,,Green,Avenue,,,,,,,,,,,,,90017.0,,Los Angeles,Los Angeles,,,,,LA City,{378E6FF8-8285-4BE3-AFAA-3A870A73B51C},0,,378E6FF8-8285-4BE3-AFAA-3A870A73B51C,Unknown,,S,,,Ave,S Green Ave,2023/09/12 23:03:18+00,809 S Green Ave Los Angeles 90017,378E6FF8-8285-4BE3-AFAA-3A870A73B51C_809_S_Green_Ave_Los_Angeles_90017,Green,809 S Green Avenue Ave Los Angeles 90017,,,,
660047,1236794,,5142018015.0,,1520.0,,,West,,,8Th,Street,,,,,,,,,,,,,90017.0,,Los Angeles,Los Angeles,,,,,LA City,{57065E4A-76EC-407D-B517-82F1836E2EBE},0,,57065E4A-76EC-407D-B517-82F1836E2EBE,Unknown,,W,,,St,W 8Th St,2023/09/12 23:03:18+00,1520 W 8Th St Los Angeles 90017,57065E4A-76EC-407D-B517-82F1836E2EBE_1520_W_8Th_St_Los_Angeles_90017,8Th,1520 W 8Th Street St Los Angeles 90017,,,,
660048,1236795,,5142018015.0,,1500.0,,,West,,,8th,Street,,,,,,,,,,,,,90017.0,,Los Angeles,Los Angeles,,,,,Assessor,{F8B38934-9C7A-48F1-91D6-EE76EA288367},0,,F8B38934-9C7A-48F1-91D6-EE76EA288367,Unknown,,W,,,St,W 8th St,2024/04/27 17:13:09+00,1500 W 8th St Los Angeles 90017,F8B38934-9C7A-48F1-91D6-EE76EA288367_1500_W_8th_St_Los_Angeles_90017,8th,1500 W 8th Street St Los Angeles 90017,,,,
660049,1236796,,5142018016.0,,1548.0,,,West,,,8Th,Street,,,,,,,,,,,,,90017.0,,Los Angeles,Los Angeles,,,,,LA City,{8FA6D453-7367-4A14-B6A7-A54FFEC49398},0,,8FA6D453-7367-4A14-B6A7-A54FFEC49398,Unknown,,W,,,St,W 8Th St,2023/09/12 23:03:18+00,1548 W 8Th St Los Angeles 90017,8FA6D453-7367-4A14-B6A7-A54FFEC49398_1548_W_8Th_St_Los_Angeles_90017,8Th,1548 W 8Th Street St Los Angeles 90017,,,,
660050,1236797,,5142018016.0,,810.0,,,South,,,Union,Avenue,,,,,,,,,,,,,90017.0,,Los Angeles,Los Angeles,,,,,LA City,{9ABC6E7D-A9B2-4E36-B51D-3C09AD7D9B1A},0,,9ABC6E7D-A9B2-4E36-B51D-3C09AD7D9B1A,Unknown,,S,,,Ave,S Union Ave,2023/09/12 23:03:18+00,810 S Union Ave Los Angeles 90017,9ABC6E7D-A9B2-4E36-B51D-3C09AD7D9B1A_810_S_Union_Ave_Los_Angeles_90017,Union,810 S Union Avenue Ave Los Angeles 90017,,,,
660051,1236798,,5142018016.0,,1550.0,,,West,,,8Th,Street,,,,,,,,,,,,,90017.0,,Los Angeles,Los Angeles,,,,,LA City,{90727A8D-CFC7-41E9-9564-74D026DF7E83},0,,90727A8D-CFC7-41E9-9564-74D026DF7E83,Unknown,,W,,,St,W 8Th St,2023/09/12 23:03:18+00,1550 W 8Th St Los Angeles 90017,90727A8D-CFC7-41E9-9564-74D026DF7E83_1550_W_8Th_St_Los_Angeles_90017,8Th,1550 W 8Th Street St Los Angeles 90017,,,,
660052,1236799,,5142018016.0,,1544.0,,,West,,,8Th,Street,,,,,,,,,,,,,90017.0,,Los Angeles,Los Angeles,,,,,LA City,{DEF380BD-E96F-4600-9049-26561660DB65},0,,DEF380BD-E96F-4600-9049-26561660DB65,Unknown,,W,,,St,W 8Th St,2023/09/12 23:03:18+00,1544 W 8Th St Los Angeles 90017,DEF380BD-E96F-4600-9049-26561660DB65_1544_W_8Th_St_Los_Angeles_90017,8Th,1544 W 8Th Street St Los Angeles 90017,,,,
660054,1236801,,5142019010.0,,838.0,,,,,,Green,Avenue,,,,,,,,,,,,,90017.0,,Los Angeles,Los Angeles,,,,,Assessor,{918CB496-B3A2-45A0-9554-A8A12B2C7A98},0,,918CB496-B3A2-45A0-9554-A8A12B2C7A98,Unknown,,,,,Ave,Green Ave,2024/04/27 17:13:09+00,838 Green Ave Los Angeles 90017,918CB496-B3A2-45A0-9554-A8A12B2C7A98_838_Green_Ave_Los_Angeles_90017,Green,838 Green Avenue Ave Los Angeles 90017,,,,
660055,1236802,,5142019013.0,,830.0,,,South,,,Green,Avenue,,,,,,,,,,,,,90017.0,,Los Angeles,Los Angeles,,,,,LA City,{8BAC1A1F-D857-477F-ABC9-836E091ADC33},0,,8BAC1A1F-D857-477F-ABC9-836E091ADC33,Unknown,,S,,,Ave,S Green Ave,2023/09/12 23:03:18+00,830 S Green Ave Los Angeles 90017,8BAC1A1F-D857-477F-ABC9-836E091ADC33_830_S_Green_Ave_Los_Angeles_90017,Green,830 S Green Avenue Ave Los Angeles 90017,,,,
660056,1236803,,5142019013.0,,832.0,,,South,,,Green,Avenue,,,,,,,,,,,,,90017.0,,Los Angeles,Los Angeles,,,,,LA City,{36A08CA5-A3FD-4BDD-9655-46DA6D4C5E61},0,,36A08CA5-A3FD-4BDD-9655-46DA6D4C5E61,Unknown,,S,,,Ave,S Green Ave,2023/09/12 23:03:18+00,832 S Green Ave Los Angeles 90017,36A08CA5-A3FD-4BDD-9655-46DA6D4C5E61_832_S_Green_Ave_Los_Angeles_90017,Green,832 S Green Avenue Ave Los Angeles 90017,,,,
660057,1236804,,5142019013.0,,836.0,,,,,,Green,Avenue,,,,,,,,,,,,,90017.0,,Los Angeles,Los Angeles,,,,,Assessor,{F2EBDA0B-41EE-43A5-B097-020E1B5FB504},0,,F2EBDA0B-41EE-43A5-B097-020E1B5FB504,Unknown,,,,,Ave,Green Ave,2024/04/27 17:13:09+00,836 Green Ave Los Angeles 90017,F2EBDA0B-41EE-43A5-B097-020E1B5FB504_836_Green_Ave_Los_Angeles_90017,Green,836 Green Avenue Ave Los Angeles 90017,,,,
660058,1236805,,5142019014.0,,816.0,,,South,,,Green,Avenue,,,,,,,,,,,,,90017.0,,Los Angeles,Los Angeles,,,,,LA City,{B002C643-C565-4894-A0B6-A4A914225FF1},0,,B002C643-C565-4894-A0B6-A4A914225FF1,Unknown,,S,,,Ave,S Green Ave,2023/09/12 23:03:18+00,816 S Green Ave Los Angeles 90017,B002C643-C565-4894-A0B6-A4A914225FF1_816_S_Green_Ave_Los_Angeles_90017,Green,816 S Green Avenue Ave Los Angeles 90017,,,,
660059,1236806,,5142019014.0,,812.0,,,,,,Green,Avenue,,,,,,,,,,,,,90017.0,,Los Angeles,Los Angeles,,,,,Assessor,{577A9A1A-8D30-4388-8B4A-1E14AF194CD2},0,,577A9A1A-8D30-4388-8B4A-1E14AF194CD2,Unknown,,,,,Ave,Green Ave,2024/04/27 17:13:09+00,812 Green Ave Los Angeles 90017,577A9A1A-8D30-4388-8B4A-1E14AF194CD2_812_Green_Ave_Los_Angeles_90017,Green,812 Green Avenue Ave Los Angeles 90017,,,,
660060,1236807,,5142019900.0,,777.0,,,South,,,Valencia,Street,,,,,,,,,,,,,90017.0,,Los Angeles,Los Angeles,,,,,LA City,{791B1723-FFD0-48E9-B992-89CC5BB2F8E7},0,,791B1723-FFD0-48E9-B992-89CC5BB2F8E7,Unknown,,S,,,St,S Valencia St,2023/09/12 23:03:18+00,777 S Valencia St Los Angeles 90017,791B1723-FFD0-48E9-B992-89CC5BB2F8E7_777_S_Valencia_St_Los_Angeles_90017,Valencia,777 S Valencia Street St Los Angeles 90017,,,,
660061,1236808,,5142020004.0,,811.0,,,South,,,Columbia,Avenue,,,,,,,,,,,,,90017.0,,Los Angeles,Los Angeles,,,,,LA City,{B0F8170E-3438-4BBD-A8F2-1AA89E45CBAF},0,,B0F8170E-3438-4BBD-A8F2-1AA89E45CBAF,Unknown,,S,,,Ave,S Columbia Ave,2023/09/12 23:03:18+00,811 S Columbia Ave Los Angeles 90017,B0F8170E-3438-4BBD-A8F2-1AA89E45CBAF_811_S_Columbia_Ave_Los_Angeles_90017,Columbia,811 S Columbia Avenue Ave Los Angeles 90017,,,,
660062,1236809,,5142020006.0,,825.0,,,South,,,Columbia,Avenue,,,,,,,,,,,,,90017.0,,Los Angeles,Los Angeles,,,,,LA City,{4D0F4A2B-FB53-430D-9884-F2CBDD51849D},0,,4D0F4A2B-FB53-430D-9884-F2CBDD51849D,Unknown,,S,,,Ave,S Columbia Ave,2023/09/12 23:03:18+00,825 S Columbia Ave Los Angeles 90017,4D0F4A2B-FB53-430D-9884-F2CBDD51849D_825_S_Columbia_Ave_Los_Angeles_90017,Columbia,825 S Columbia Avenue Ave Los Angeles 90017,,,,
660063,1236810,,5142020007.0,,807.0,,,South,,,Columbia,Avenue,,,,,,,,,,,,,90017.0,,Los Angeles,Los Angeles,,,,,LA City,{868A732E-E818-44C6-B667-EBCD12F60479},0,,868A732E-E818-44C6-B667-EBCD12F60479,Unknown,,S,,,Ave,S Columbia Ave,2023/09/12 23:03:18+00,807 S Columbia Ave Los Angeles 90017,868A732E-E818-44C6-B667-EBCD12F60479_807_S_Columbia_Ave_Los_Angeles_90017,Columbia,807 S Columbia Avenue Ave Los Angeles 90017,,,,
660064,1236811,,5142021001.0,,741.0,,,South,,,Columbia,Avenue,,,,,,,,,,,,,90017.0,,Los Angeles,Los Angeles,,,,,LA City,{4E8E6AA1-5F05-4951-AFEC-C54B671DD491},0,,4E8E6AA1-5F05-4951-AFEC-C54B671DD491,Unknown,,S,,,Ave,S Columbia Ave,2023/09/12 23:03:18+00,741 S Columbia Ave Los Angeles 90017,4E8E6AA1-5F05-4951-AFEC-C54B671DD491_741_S_Columbia_Ave_Los_Angeles_90017,Columbia,741 S Columbia Avenue Ave Los Angeles 90017,,,,
660065,1236812,,5142021002.0,,745.0,,,South,,,Columbia,Avenue,,,,,,,,,,,,,90017.0,,Los Angeles,Los Angeles,,,,,LA City,{EC5CE62A-4756-47FE-8FDE-9B1CFA86B4F9},0,,EC5CE62A-4756-47FE-8FDE-9B1CFA86B4F9,Unknown,,S,,,Ave,S Columbia Ave,2024/05/12 21:05:27+00,745 S Columbia Ave Los Angeles 90017,EC5CE62A-4756-47FE-8FDE-9B1CFA86B4F9_745_S_Columbia_Ave_Los_Angeles_90017,Columbia,745 S Columbia Avenue Ave Los Angeles 90017,,,,
660066,1236813,,5142021002.0,,745.0,1/2,,South,,,Columbia,Avenue,,,,,,,,,,,,,90017.0,,Los Angeles,Los Angeles,,,,,LA City,{7F30A45C-9BC4-4EC9-8EC8-023649AFD6F9},0,,7F30A45C-9BC4-4EC9-8EC8-023649AFD6F9,Unknown,,S,,,Ave,S Columbia Ave,2024/05/12 21:05:27+00,745 1/2 S Columbia Ave Los Angeles 90017,7F30A45C-9BC4-4EC9-8EC8-023649AFD6F9_745_1/2_S_Columbia_Ave_Los_Angeles_90017,Columbia,745 1/2 S Columbia Avenue Ave Los Angeles 90017,,,,
660067,1236814,,5142021003.0,,751.0,,,South,,,Columbia,Avenue,,,,,,,,,,,,,90017.0,,Los Angeles,Los Angeles,,,,,LA City,{034B9FA9-5784-4565-9981-1DFC93336448},0,,034B9FA9-5784-4565-9981-1DFC93336448,Unknown,,S,,,Ave,S Columbia Ave,2023/09/12 23:03:18+00,751 S Columbia Ave Los Angeles 90017,034B9FA9-5784-4565-9981-1DFC93336448_751_S_Columbia_Ave_Los_Angeles_90017,Columbia,751 S Columbia Avenue Ave Los Angeles 90017,,,,
660068,1236815,,5142021003.0,,749.0,,,South,,,Columbia,Avenue,,,,,,,,,,,,,90017.0,,Los Angeles,Los Angeles,,,,,LA City,{4890B5CB-7C36-4555-9225-43A6825D79F0},0,,4890B5CB-7C36-4555-9225-43A6825D79F0,Unknown,,S,,,Ave,S Columbia Ave,2023/09/12 23:03:18+00,749 S Columbia Ave Los Angeles 90017,4890B5CB-7C36-4555-9225-43A6825D79F0_749_S_Columbia_Ave_Los_Angeles_90017,Columbia,749 S Columbia Avenue Ave Los Angeles 90017,,,,
660069,1236816,,5142021004.0,,753.0,,,South,,,Columbia,Avenue,,,,,,,,,,,,,90017.0,,Los Angeles,Los Angeles,,,,,LA City,{7CEF20C8-EAFA-4655-ACDB-87D6D50C96FB},0,,7CEF20C8-EAFA-4655-ACDB-87D6D50C96FB,Unknown,,S,,,Ave,S Columbia Ave,2023/09/12 23:03:18+00,753 S Columbia Ave Los Angeles 90017,7CEF20C8-EAFA-4655-ACDB-87D6D50C96FB_753_S_Columbia_Ave_Los_Angeles_90017,Columbia,753 S Columbia Avenue Ave Los Angeles 90017,,,,
660070,1236817,,5142021005.0,,759.0,,,South,,,Columbia,Avenue,,,,,,,,,,,,,90017.0,,Los Angeles,Los Angeles,,,,,LA City,{E59D49A6-6694-4EA4-B377-2E5F22ED2590},0,,E59D49A6-6694-4EA4-B377-2E5F22ED2590,Unknown,,S,,,Ave,S Columbia Ave,2023/09/12 23:03:18+00,759 S Columbia Ave Los Angeles 90017,E59D49A6-6694-4EA4-B377-2E5F22ED2590_759_S_Columbia_Ave_Los_Angeles_90017,Columbia,759 S Columbia Avenue Ave Los Angeles 90017,,,,
660071,1236818,,5142021007.0,,774.0,,,South,,,Valencia,Street,,,,,,,,,,,,,90017.0,,Los Angeles,Los Angeles,,,,,LA City,{E53B33E2-6FA6-4C5D-80CF-99F2E258F896},0,,E53B33E2-6FA6-4C5D-80CF-99F2E258F896,Unknown,,S,,,St,S Valencia St,2023/09/12 23:03:18+00,774 S Valencia St Los Angeles 90017,E53B33E2-6FA6-4C5D-80CF-99F2E258F896_774_S_Valencia_St_Los_Angeles_90017,Valencia,774 S Valencia Street St Los Angeles 90017,,,,
660072,1236819,,5142021008.0,,777.0,,,South,,,Columbia,Avenue,,,,,,,,,,,,,90017.0,,Los Angeles,Los Angeles,,,,,LA City,{ABFEECBE-9842-4C9E-9ED8-82DFB59BEF7F},0,,ABFEECBE-9842-4C9E-9ED8-82DFB59BEF7F,Unknown,,S,,,Ave,S Columbia Ave,2023/09/12 23:03:18+00,777 S Columbia Ave Los Angeles 90017,ABFEECBE-9842-4C9E-9ED8-82DFB59BEF7F_777_S_Columbia_Ave_Los_Angeles_90017,Columbia,777 S Columbia Avenue Ave Los Angeles 90017,,,,
660073,1236820,,5142021008.0,,1415.0,,,West,,,8Th,Street,,,,,,,,,,,,,90017.0,,Los Angeles,Los Angeles,,,,,LA City,{D9866276-82BF-4D40-AB93-C225CAA09D9A},0,,D9866276-82BF-4D40-AB93-C225CAA09D9A,Unknown,,W,,,St,W 8Th St,2023/09/12 23:03:18+00,1415 W 8Th St Los Angeles 90017,D9866276-82BF-4D40-AB93-C225CAA09D9A_1415_W_8Th_St_Los_Angeles_90017,8Th,1415 W 8Th Street St Los Angeles 90017,,,,
660074,1236821,,5142021014.0,,756.0,,,South,,,Valencia,Street,,,,,,,,,,,,,90017.0,,Los Angeles,Los Angeles,,,,,LA City,{7548F05C-E2E1-4345-842A-24F71072B51C},0,,7548F05C-E2E1-4345-842A-24F71072B51C,Unknown,,S,,,St,S Valencia St,2023/09/12 23:03:18+00,756 S Valencia St Los Angeles 90017,7548F05C-E2E1-4345-842A-24F71072B51C_756_S_Valencia_St_Los_Angeles_90017,Valencia,756 S Valencia Street St Los Angeles 90017,,,,
660075,1236822,,5142021014.0,,758.0,,,South,,,Valencia,Street,,,,,,,,,,,,,90017.0,,Los Angeles,Los Angeles,,,,,LA City,{D1122D4C-F6DE-4501-A2DE-41A21EFCB402},0,,D1122D4C-F6DE-4501-A2DE-41A21EFCB402,Unknown,,S,,,St,S Valencia St,2023/09/12 23:03:18+00,758 S Valencia St Los Angeles 90017,D1122D4C-F6DE-4501-A2DE-41A21EFCB402_758_S_Valencia_St_Los_Angeles_90017,Valencia,758 S Valencia Street St Los Angeles 90017,,,,
660076,1236823,,5142021014.0,,760.0,,,South,,,Valencia,Street,,,,,,,,,,,,,90017.0,,Los Angeles,Los Angeles,,,,,LA City,{509C0CA0-F4C8-4DE2-9CCA-21E116EED31A},0,,509C0CA0-F4C8-4DE2-9CCA-21E116EED31A,Unknown,,S,,,St,S Valencia St,2023/09/12 23:03:18+00,760 S Valencia St Los Angeles 90017,509C0CA0-F4C8-4DE2-9CCA-21E116EED31A_760_S_Valencia_St_Los_Angeles_90017,Valencia,760 S Valencia Street St Los Angeles 90017,,,,
660077,1236824,,5142021016.0,,782.0,,,South,,,Valencia,Street,,,,,,,,,,,,,90017.0,,Los Angeles,Los Angeles,,,,,LA City,{4610FA2C-06D2-4A01-B867-A51520A72627},0,,4610FA2C-06D2-4A01-B867-A51520A72627,Unknown,,S,,,St,S Valencia St,2023/09/12 23:03:18+00,782 S Valencia St Los Angeles 90017,4610FA2C-06D2-4A01-B867-A51520A72627_782_S_Valencia_St_Los_Angeles_90017,Valencia,782 S Valencia Street St Los Angeles 90017,,,,
660078,1236825,,5142021016.0,,1423.0,,,West,,,8Th,Street,,,,,,,,,,,,,90017.0,,Los Angeles,Los Angeles,,,,,LA City,{76E5CF9C-4573-4B8D-8A6B-0792F4CBF6D3},0,,76E5CF9C-4573-4B8D-8A6B-0792F4CBF6D3,Unknown,,W,,,St,W 8Th St,2023/09/12 23:03:18+00,1423 W 8Th St Los Angeles 90017,76E5CF9C-4573-4B8D-8A6B-0792F4CBF6D3_1423_W_8Th_St_Los_Angeles_90017,8Th,1423 W 8Th Street St Los Angeles 90017,,,,
660079,1236826,,5142021018.0,,754.0,,,South,,,Valencia,Street,,,,,,,,,,,,,90017.0,,Los Angeles,Los Angeles,,,,,LA City,{F736ECF7-52D7-4226-A60D-AB4C8B5078E2},0,,F736ECF7-52D7-4226-A60D-AB4C8B5078E2,Unknown,,S,,,St,S Valencia St,2023/09/12 23:03:18+00,754 S Valencia St Los Angeles 90017,F736ECF7-52D7-4226-A60D-AB4C8B5078E2_754_S_Valencia_St_Los_Angeles_90017,Valencia,754 S Valencia Street St Los Angeles 90017,,,,
660080,1236827,,5142021021.0,,734.0,,,South,,,Valencia,Street,,,,,,,,,,,,,90017.0,,Los Angeles,Los Angeles,,,,,LA City,{9F64BDE5-C933-47C8-B772-029486AFAC08},0,,9F64BDE5-C933-47C8-B772-029486AFAC08,Unknown,,S,,,St,S Valencia St,2023/09/12 23:03:18+00,734 S Valencia St Los Angeles 90017,9F64BDE5-C933-47C8-B772-029486AFAC08_734_S_Valencia_St_Los_Angeles_90017,Valencia,734 S Valencia Street St Los Angeles 90017,,,,
660081,1236828,,5142022001.0,,709.0,,,South,,,Columbia,Avenue,,,,,,,,,,,,,90017.0,,Los Angeles,Los Angeles,,,,,LA City,{07EA27EE-EC16-469E-8B18-4187F5928C0D},0,,07EA27EE-EC16-469E-8B18-4187F5928C0D,Unknown,,S,,,Ave,S Columbia Ave,2023/09/12 23:03:18+00,709 S Columbia Ave Los Angeles 90017,07EA27EE-EC16-469E-8B18-4187F5928C0D_709_S_Columbia_Ave_Los_Angeles_90017,Columbia,709 S Columbia Avenue Ave Los Angeles 90017,,,,
660082,1236829,,5142022001.0,,711.0,,,South,,,Columbia,Avenue,,,,,,,,,,,,,90017.0,,Los Angeles,Los Angeles,,,,,LA City,{C9447A6E-D286-4402-A77A-DDDA44E99746},0,,C9447A6E-D286-4402-A77A-DDDA44E99746,Unknown,,S,,,Ave,S Columbia Ave,2023/09/12 23:03:18+00,711 S Columbia Ave Los Angeles 90017,C9447A6E-D286-4402-A77A-DDDA44E99746_711_S_Columbia_Ave_Los_Angeles_90017,Columbia,711 S Columbia Avenue Ave Los Angeles 90017,,,,
660083,1236830,,5142022001.0,,707.0,,,South,,,Columbia,Avenue,,,,,,,,,,,,,90017.0,,Los Angeles,Los Angeles,,,,,LA City,{25366798-B8EB-4B97-9E55-3BC7F0D4BECE},0,,25366798-B8EB-4B97-9E55-3BC7F0D4BECE,Unknown,,S,,,Ave,S Columbia Ave,2023/09/12 23:03:18+00,707 S Columbia Ave Los Angeles 90017,25366798-B8EB-4B97-9E55-3BC7F0D4BECE_707_S_Columbia_Ave_Los_Angeles_90017,Columbia,707 S Columbia Avenue Ave Los Angeles 90017,,,,
660084,1236831,,5142022001.0,,1400.0,,,West,,,7th,Street,,,,,,,,,,,,,90017.0,,Los Angeles,Los Angeles,,,,,Assessor,{9B915E38-36E9-4442-8523-8CEA0A32AF9D},0,,9B915E38-36E9-4442-8523-8CEA0A32AF9D,Unknown,,W,,,St,W 7th St,2024/04/27 17:13:09+00,1400 W 7th St Los Angeles 90017,9B915E38-36E9-4442-8523-8CEA0A32AF9D_1400_W_7th_St_Los_Angeles_90017,7th,1400 W 7th Street St Los Angeles 90017,,,,
660085,1236832,,5142022002.0,,1406.0,,,West,,,7Th,Street,,,,,,,,,,,,,90017.0,,Los Angeles,Los Angeles,,,,,LA City,{97A77B93-24E3-409E-8F1A-FA3DDA0C6A7F},0,,97A77B93-24E3-409E-8F1A-FA3DDA0C6A7F,Unknown,,W,,,St,W 7Th St,2023/09/12 23:03:18+00,1406 W 7Th St Los Angeles 90017,97A77B93-24E3-409E-8F1A-FA3DDA0C6A7F_1406_W_7Th_St_Los_Angeles_90017,7Th,1406 W 7Th Street St Los Angeles 90017,,,,
660086,1236833,,5142022003.0,,1414.0,,,West,,,7Th,Street,,,,,,,,,,,,,90017.0,,Los Angeles,Los Angeles,,,,,LA City,{30F4FE17-C939-469C-B323-8FD763BAD538},0,,30F4FE17-C939-469C-B323-8FD763BAD538,Unknown,,W,,,St,W 7Th St,2023/09/12 23:03:18+00,1414 W 7Th St Los Angeles 90017,30F4FE17-C939-469C-B323-8FD763BAD538_1414_W_7Th_St_Los_Angeles_90017,7Th,1414 W 7Th Street St Los Angeles 90017,,,,
660087,1236834,,5142022006.0,,717.0,,,South,,,Columbia,Avenue,,,,,,,,,,,,,90017.0,,Los Angeles,Los Angeles,,,,,LA City,{99606754-088E-4105-94A3-DE946012DD56},0,,99606754-088E-4105-94A3-DE946012DD56,Unknown,,S,,,Ave,S Columbia Ave,2023/09/12 23:03:18+00,717 S Columbia Ave Los Angeles 90017,99606754-088E-4105-94A3-DE946012DD56_717_S_Columbia_Ave_Los_Angeles_90017,Columbia,717 S Columbia Avenue Ave Los Angeles 90017,,,,
660088,1236835,,5142022008.0,,727.0,,,South,,,Columbia,Avenue,,,,,,,,,,,,,90017.0,,Los Angeles,Los Angeles,,,,,LA City,{D2D9EDE5-6857-46B3-B2F1-3D6E923C35A7},0,,D2D9EDE5-6857-46B3-B2F1-3D6E923C35A7,Unknown,,S,,,Ave,S Columbia Ave,2023/09/12 23:03:18+00,727 S Columbia Ave Los Angeles 90017,D2D9EDE5-6857-46B3-B2F1-3D6E923C35A7_727_S_Columbia_Ave_Los_Angeles_90017,Columbia,727 S Columbia Avenue Ave Los Angeles 90017,,,,
660089,1236836,,5142022008.0,,725.0,,,,,,Columbia,Avenue,,,,,,,,,,,,,90017.0,,Los Angeles,Los Angeles,,,,,Assessor,{A8C8145F-E5D3-47E3-8B47-F76EB2AB36EF},0,,A8C8145F-E5D3-47E3-8B47-F76EB2AB36EF,Unknown,,,,,Ave,Columbia Ave,2024/04/27 17:13:09+00,725 Columbia Ave Los Angeles 90017,A8C8145F-E5D3-47E3-8B47-F76EB2AB36EF_725_Columbia_Ave_Los_Angeles_90017,Columbia,725 Columbia Avenue Ave Los Angeles 90017,,,,
660090,1236837,,5142022009.0,,733.0,,,South,,,Columbia,Avenue,,,,,,,,,,,,,90017.0,,Los Angeles,Los Angeles,,,,,LA City,{CA05AB3D-8F59-4FC0-B5DF-F69FAEF46B35},0,,CA05AB3D-8F59-4FC0-B5DF-F69FAEF46B35,Unknown,,S,,,Ave,S Columbia Ave,2023/09/12 23:03:18+00,733 S Columbia Ave Los Angeles 90017,CA05AB3D-8F59-4FC0-B5DF-F69FAEF46B35_733_S_Columbia_Ave_Los_Angeles_90017,Columbia,733 S Columbia Avenue Ave Los Angeles 90017,,,,
660091,1236838,,5142022010.0,,737.0,,,South,,,Columbia,Avenue,,,,,,,,,,,,,90017.0,,Los Angeles,Los Angeles,,,,,LA City,{EF361E8C-CED2-4D5B-8074-EA8CD1DFBBE3},0,,EF361E8C-CED2-4D5B-8074-EA8CD1DFBBE3,Unknown,,S,,,Ave,S Columbia Ave,2023/09/12 23:03:18+00,737 S Columbia Ave Los Angeles 90017,EF361E8C-CED2-4D5B-8074-EA8CD1DFBBE3_737_S_Columbia_Ave_Los_Angeles_90017,Columbia,737 S Columbia Avenue Ave Los Angeles 90017,,,,
660092,1236839,,5142022013.0,,706.0,,,South,,,Valencia,Street,,,,,,,,,,,,,90017.0,,Los Angeles,Los Angeles,,,,,LA City,{DE716F57-FE08-4EE8-98A1-639EDA5A141C},0,,DE716F57-FE08-4EE8-98A1-639EDA5A141C,Unknown,,S,,,St,S Valencia St,2023/09/12 23:03:18+00,706 S Valencia St Los Angeles 90017,DE716F57-FE08-4EE8-98A1-639EDA5A141C_706_S_Valencia_St_Los_Angeles_90017,Valencia,706 S Valencia Street St Los Angeles 90017,,,,
660093,1236840,,5142022013.0,,1424.0,,,West,,,7Th,Street,,,,,,,,,,,,,90017.0,,Los Angeles,Los Angeles,,,,,LA City,{959BACE0-1B7C-42AE-BB92-3A1FF88668A4},0,,959BACE0-1B7C-42AE-BB92-3A1FF88668A4,Unknown,,W,,,St,W 7Th St,2023/09/12 23:03:18+00,1424 W 7Th St Los Angeles 90017,959BACE0-1B7C-42AE-BB92-3A1FF88668A4_1424_W_7Th_St_Los_Angeles_90017,7Th,1424 W 7Th Street St Los Angeles 90017,,,,
660094,1236841,,5142022014.0,,728.0,,,South,,,Valencia,Street,,,,,,,,,,,,,90017.0,,Los Angeles,Los Angeles,,,,,LA City,{15797011-CF31-4461-BF10-612C0A0CABC0},0,,15797011-CF31-4461-BF10-612C0A0CABC0,Unknown,,S,,,St,S Valencia St,2023/09/12 23:03:18+00,728 S Valencia St Los Angeles 90017,15797011-CF31-4461-BF10-612C0A0CABC0_728_S_Valencia_St_Los_Angeles_90017,Valencia,728 S Valencia Street St Los Angeles 90017,,,,
660095,1236842,,5142022014.0,,718.0,,,South,,,Valencia,Street,,,,,,,,,,,,,90017.0,,Los Angeles,Los Angeles,,,,,LA City,{782F4B25-0407-40E9-B365-F6816C8E7FA2},0,,782F4B25-0407-40E9-B365-F6816C8E7FA2,Unknown,,S,,,St,S Valencia St,2023/09/12 23:03:18+00,718 S Valencia St Los Angeles 90017,782F4B25-0407-40E9-B365-F6816C8E7FA2_718_S_Valencia_St_Los_Angeles_90017,Valencia,718 S Valencia Street St Los Angeles 90017,,,,
660096,1236843,,5142022014.0,,726.0,,,South,,,Valencia,Street,,,,,,,,,,,,,90017.0,,Los Angeles,Los Angeles,,,,,LA City,{7F9FF1B7-6FC3-4DD3-A934-16D56C49BCF5},0,,7F9FF1B7-6FC3-4DD3-A934-16D56C49BCF5,Unknown,,S,,,St,S Valencia St,2023/09/12 23:03:18+00,726 S Valencia St Los Angeles 90017,7F9FF1B7-6FC3-4DD3-A934-16D56C49BCF5_726_S_Valencia_St_Los_Angeles_90017,Valencia,726 S Valencia Street St Los Angeles 90017,,,,
660097,1236844,,5142022014.0,,720.0,,,South,,,Valencia,Street,,,,,,,,,,,,,90017.0,,Los Angeles,Los Angeles,,,,,LA City,{A7AA4408-6CF6-46F1-8B7B-71C4F0324787},0,,A7AA4408-6CF6-46F1-8B7B-71C4F0324787,Unknown,,S,,,St,S Valencia St,2023/09/12 23:03:18+00,720 S Valencia St Los Angeles 90017,A7AA4408-6CF6-46F1-8B7B-71C4F0324787_720_S_Valencia_St_Los_Angeles_90017,Valencia,720 S Valencia Street St Los Angeles 90017,,,,
660098,1236845,,5142023002.0,,1515.0,,,West,,,8Th,Street,,,,,,,,,,,,,90017.0,,Los Angeles,Los Angeles,,,,,LA City,{BB7B33C2-AF6B-4A8D-A837-309F8F966180},0,,BB7B33C2-AF6B-4A8D-A837-309F8F966180,Unknown,,W,,,St,W 8Th St,2023/09/12 23:03:18+00,1515 W 8Th St Los Angeles 90017,BB7B33C2-AF6B-4A8D-A837-309F8F966180_1515_W_8Th_St_Los_Angeles_90017,8Th,1515 W 8Th Street St Los Angeles 90017,,,,
660099,1236846,,5142023005.0,,1529.0,,,West,,,8Th,Street,,,,,,,,,,,,,90017.0,,Los Angeles,Los Angeles,,,,,LA City,{C4E0DDB8-E515-4138-B558-DBD69B5EE4AD},0,,C4E0DDB8-E515-4138-B558-DBD69B5EE4AD,Unknown,,W,,,St,W 8Th St,2023/09/12 23:03:18+00,1529 W 8Th St Los Angeles 90017,C4E0DDB8-E515-4138-B558-DBD69B5EE4AD_1529_W_8Th_St_Los_Angeles_90017,8Th,1529 W 8Th Street St Los Angeles 90017,,,,
660100,1236847,,5142023005.0,,1525.0,,,West,,,8Th,Street,,,,,,,,,,,,,90017.0,,Los Angeles,Los Angeles,,,,,LA City,{82E3DB60-76F1-4476-B7F8-FCBB1D141154},0,,82E3DB60-76F1-4476-B7F8-FCBB1D141154,Unknown,,W,,,St,W 8Th St,2023/09/12 23:03:18+00,1525 W 8Th St Los Angeles 90017,82E3DB60-76F1-4476-B7F8-FCBB1D141154_1525_W_8Th_St_Los_Angeles_90017,8Th,1525 W 8Th Street St Los Angeles 90017,,,,
660101,1236848,,5142023006.0,,1537.0,,,West,,,8Th,Street,,,,,,,,,,,,,90017.0,,Los Angeles,Los Angeles,,,,,LA City,{B0748C69-BD13-41A4-ABC3-5EBCC9E7D970},0,,B0748C69-BD13-41A4-ABC3-5EBCC9E7D970,Unknown,,W,,,St,W 8Th St,2023/09/12 23:03:18+00,1537 W 8Th St Los Angeles 90017,B0748C69-BD13-41A4-ABC3-5EBCC9E7D970_1537_W_8Th_St_Los_Angeles_90017,8Th,1537 W 8Th Street St Los Angeles 90017,,,,
660102,1236849,,5142023006.0,,1535.0,,,West,,,8Th,Street,,,,,,,,,,,,,90017.0,,Los Angeles,Los Angeles,,,,,LA City,{2F2554FF-3D33-4479-8F6E-7068DF91EC1E},0,,2F2554FF-3D33-4479-8F6E-7068DF91EC1E,Unknown,,W,,,St,W 8Th St,2023/09/12 23:03:18+00,1535 W 8Th St Los Angeles 90017,2F2554FF-3D33-4479-8F6E-7068DF91EC1E_1535_W_8Th_St_Los_Angeles_90017,8Th,1535 W 8Th Street St Los Angeles 90017,,,,
660103,1236850,,5142023007.0,,1541.0,,,West,,,8Th,Street,,,,,,,,,,,,,90017.0,,Los Angeles,Los Angeles,,,,,LA City,{025AE709-4C59-4CEB-96FD-7DC47B9F5ED0},0,,025AE709-4C59-4CEB-96FD-7DC47B9F5ED0,Unknown,,W,,,St,W 8Th St,2023/09/12 23:03:18+00,1541 W 8Th St Los Angeles 90017,025AE709-4C59-4CEB-96FD-7DC47B9F5ED0_1541_W_8Th_St_Los_Angeles_90017,8Th,1541 W 8Th Street St Los Angeles 90017,,,,
660104,1236851,,5142023007.0,,1539.0,,,West,,,8Th,Street,,,,,,,,,,,,,90017.0,,Los Angeles,Los Angeles,,,,,LA City,{A8CC2929-B679-4912-833E-A3167FD1EAE5},0,,A8CC2929-B679-4912-833E-A3167FD1EAE5,Unknown,,W,,,St,W 8Th St,2023/09/12 23:03:18+00,1539 W 8Th St Los Angeles 90017,A8CC2929-B679-4912-833E-A3167FD1EAE5_1539_W_8Th_St_Los_Angeles_90017,8Th,1539 W 8Th Street St Los Angeles 90017,,,,
660105,1236852,,5142023007.0,,1545.0,,,West,,,8Th,Street,,,,,,,,,,,,,90017.0,,Los Angeles,Los Angeles,,,,,LA City,{B2CD3134-18FB-4A1A-B69A-D98918203615},0,,B2CD3134-18FB-4A1A-B69A-D98918203615,Unknown,,W,,,St,W 8Th St,2023/09/12 23:03:18+00,1545 W 8Th St Los Angeles 90017,B2CD3134-18FB-4A1A-B69A-D98918203615_1545_W_8Th_St_Los_Angeles_90017,8Th,1545 W 8Th Street St Los Angeles 90017,,,,
660106,1236853,,5142023007.0,,1543.0,,,West,,,8Th,Street,,,,,,,,,,,,,90017.0,,Los Angeles,Los Angeles,,,,,LA City,{2F301B13-55BD-4966-B2A1-B37B1F6E8ECB},0,,2F301B13-55BD-4966-B2A1-B37B1F6E8ECB,Unknown,,W,,,St,W 8Th St,2023/09/12 23:03:18+00,1543 W 8Th St Los Angeles 90017,2F301B13-55BD-4966-B2A1-B37B1F6E8ECB_1543_W_8Th_St_Los_Angeles_90017,8Th,1543 W 8Th Street St Los Angeles 90017,,,,
660107,1236854,,5142023008.0,,1553.0,,,West,,,8Th,Street,,,,,,,,,,,,,90017.0,,Los Angeles,Los Angeles,,,,,LA City,{AF3D884C-1DC8-465C-ACA0-31DED30E4E1B},0,,AF3D884C-1DC8-465C-ACA0-31DED30E4E1B,Unknown,,W,,,St,W 8Th St,2023/09/12 23:03:18+00,1553 W 8Th St Los Angeles 90017,AF3D884C-1DC8-465C-ACA0-31DED30E4E1B_1553_W_8Th_St_Los_Angeles_90017,8Th,1553 W 8Th Street St Los Angeles 90017,,,,
660108,1236855,,5142023008.0,,1551.0,,,West,,,8Th,Street,,,,,,,,,,,,,90017.0,,Los Angeles,Los Angeles,,,,,LA City,{BA10074B-77F2-4C37-B7B7-9768B6C6E94B},0,,BA10074B-77F2-4C37-B7B7-9768B6C6E94B,Unknown,,W,,,St,W 8Th St,2023/09/12 23:03:18+00,1551 W 8Th St Los Angeles 90017,BA10074B-77F2-4C37-B7B7-9768B6C6E94B_1551_W_8Th_St_Los_Angeles_90017,8Th,1551 W 8Th Street St Los Angeles 90017,,,,
660109,1236856,,5142023008.0,,1547.0,,,West,,,8Th,Street,,,,,,,,,,,,,90017.0,,Los Angeles,Los Angeles,,,,,LA City,{1020B398-22EE-4DE9-994A-A7AF225FD56C},0,,1020B398-22EE-4DE9-994A-A7AF225FD56C,Unknown,,W,,,St,W 8Th St,2023/09/12 23:03:18+00,1547 W 8Th St Los Angeles 90017,1020B398-22EE-4DE9-994A-A7AF225FD56C_1547_W_8Th_St_Los_Angeles_90017,8Th,1547 W 8Th Street St Los Angeles 90017,,,,
660110,1236857,,5142023008.0,,1549.0,,,West,,,8Th,Street,,,,,,,,,,,,,90017.0,,Los Angeles,Los Angeles,,,,,LA City,{9C4B100A-FC9F-433D-B7C8-7CB9CC63E7D2},0,,9C4B100A-FC9F-433D-B7C8-7CB9CC63E7D2,Unknown,,W,,,St,W 8Th St,2023/09/12 23:03:18+00,1549 W 8Th St Los Angeles 90017,9C4B100A-FC9F-433D-B7C8-7CB9CC63E7D2_1549_W_8Th_St_Los_Angeles_90017,8Th,1549 W 8Th Street St Los Angeles 90017,,,,
660111,1236858,,5142023008.0,,754.0,,,South,,,Union,Avenue,,,,,,,,,,,,,90017.0,,Los Angeles,Los Angeles,,,,,LA City,{20570BB5-F100-467F-BB59-D0E79B7A7D75},0,,20570BB5-F100-467F-BB59-D0E79B7A7D75,Unknown,,S,,,Ave,S Union Ave,2023/09/12 23:03:18+00,754 S Union Ave Los Angeles 90017,20570BB5-F100-467F-BB59-D0E79B7A7D75_754_S_Union_Ave_Los_Angeles_90017,Union,754 S Union Avenue Ave Los Angeles 90017,,,,
660112,1236859,,5142023009.0,,748.0,,,South,,,Union,Avenue,,,,,,,,,,,,,90017.0,,Los Angeles,Los Angeles,,,,,LA City,{6971BD13-26CA-45D7-9731-311C7F128D49},0,,6971BD13-26CA-45D7-9731-311C7F128D49,Unknown,,S,,,Ave,S Union Ave,2023/09/12 23:03:18+00,748 S Union Ave Los Angeles 90017,6971BD13-26CA-45D7-9731-311C7F128D49_748_S_Union_Ave_Los_Angeles_90017,Union,748 S Union Avenue Ave Los Angeles 90017,,,,
660113,1236860,,5142023009.0,,750.0,,,South,,,Union,Avenue,,,,,,,,,,,,,90017.0,,Los Angeles,Los Angeles,,,,,LA City,{09503135-3C77-429C-BA86-16B3461AF760},0,,09503135-3C77-429C-BA86-16B3461AF760,Unknown,,S,,,Ave,S Union Ave,2023/09/12 23:03:18+00,750 S Union Ave Los Angeles 90017,09503135-3C77-429C-BA86-16B3461AF760_750_S_Union_Ave_Los_Angeles_90017,Union,750 S Union Avenue Ave Los Angeles 90017,,,,
660114,1236861,,5142023009.0,,752.0,,,South,,,Union,Avenue,,,,,,,,,,,,,90017.0,,Los Angeles,Los Angeles,,,,,LA City,{2592950F-7683-4904-A16A-3DC31133FBAE},0,,2592950F-7683-4904-A16A-3DC31133FBAE,Unknown,,S,,,Ave,S Union Ave,2023/09/12 23:03:18+00,752 S Union Ave Los Angeles 90017,2592950F-7683-4904-A16A-3DC31133FBAE_752_S_Union_Ave_Los_Angeles_90017,Union,752 S Union Avenue Ave Los Angeles 90017,,,,
660115,1236862,,5142023012.0,,738.0,,,South,,,Union,Avenue,,,,,,,,,,,,,90017.0,,Los Angeles,Los Angeles,,,,,LA City,{3A9AAE63-1589-4D33-A57C-5506DEB47021},0,,3A9AAE63-1589-4D33-A57C-5506DEB47021,Unknown,,S,,,Ave,S Union Ave,2023/09/12 23:03:18+00,738 S Union Ave Los Angeles 90017,3A9AAE63-1589-4D33-A57C-5506DEB47021_738_S_Union_Ave_Los_Angeles_90017,Union,738 S Union Avenue Ave Los Angeles 90017,,,,
660116,1236863,,5142023013.0,,1538.0,,,West,,,Cambria,Street,,,,,,,,,,,,,90017.0,,Los Angeles,Los Angeles,,,,,LA City,{7C3F047B-34B5-4473-B7E9-9E59FF08C56B},0,,7C3F047B-34B5-4473-B7E9-9E59FF08C56B,Unknown,,W,,,St,W Cambria St,2023/09/12 23:03:18+00,1538 W Cambria St Los Angeles 90017,7C3F047B-34B5-4473-B7E9-9E59FF08C56B_1538_W_Cambria_St_Los_Angeles_90017,Cambria,1538 W Cambria Street St Los Angeles 90017,,,,
660117,1236864,,5142023013.0,,1536.0,,,West,,,Cambria,Street,,,,,,,,,,,,,90017.0,,Los Angeles,Los Angeles,,,,,LA City,{59A3375D-4CD2-464E-9268-D394C70D44BF},0,,59A3375D-4CD2-464E-9268-D394C70D44BF,Unknown,,W,,,St,W Cambria St,2023/09/12 23:03:18+00,1536 W Cambria St Los Angeles 90017,59A3375D-4CD2-464E-9268-D394C70D44BF_1536_W_Cambria_St_Los_Angeles_90017,Cambria,1536 W Cambria Street St Los Angeles 90017,,,,
660118,1236865,,5142023013.0,,1532.0,,,West,,,Cambria,Street,,,,,,,,,,,,1-57,90017.0,,Los Angeles,Los Angeles,,,,,LA City,{0733143A-4BAE-4583-9900-C86BA30603E1},0,,0733143A-4BAE-4583-9900-C86BA30603E1,Unknown,,W,,,St,W Cambria St,2023/09/12 23:03:18+00,1532 W Cambria St 1-57 Los Angeles 90017,0733143A-4BAE-4583-9900-C86BA30603E1_1532_W_Cambria_St_1-57_Los_Angeles_90017,Cambria,1532 W Cambria Street St 1-57 Los Angeles 90017,,,,
660119,1236866,,5142023013.0,,1534.0,1/2,,West,,,Cambria,Street,,,,,,,,,,,,,90017.0,,Los Angeles,Los Angeles,,,,,LA City,{89ECC7CA-90FA-45BD-AAC8-DBDBED02BBE7},0,,89ECC7CA-90FA-45BD-AAC8-DBDBED02BBE7,Unknown,,W,,,St,W Cambria St,2024/05/12 21:05:27+00,1534 1/2 W Cambria St Los Angeles 90017,89ECC7CA-90FA-45BD-AAC8-DBDBED02BBE7_1534_1/2_W_Cambria_St_Los_Angeles_90017,Cambria,1534 1/2 W Cambria Street St Los Angeles 90017,,,,
660120,1236867,,5142023013.0,,1534.0,,,West,,,Cambria,Street,,,,,,,,,,,,,90017.0,,Los Angeles,Los Angeles,,,,,LA City,{9B5F609C-BE2C-4ABA-9593-199730055DF9},0,,9B5F609C-BE2C-4ABA-9593-199730055DF9,Unknown,,W,,,St,W Cambria St,2024/05/12 21:05:27+00,1534 W Cambria St Los Angeles 90017,9B5F609C-BE2C-4ABA-9593-199730055DF9_1534_W_Cambria_St_Los_Angeles_90017,Cambria,1534 W Cambria Street St Los Angeles 90017,,,,
660121,1236868,,5142023014.0,,1501.0,,,West,,,8Th,Street,,,,,,,,,,,,,90017.0,,Los Angeles,Los Angeles,,,,,LA City,{4E4CC4BA-0A62-4954-975D-78AF67F6AAD2},0,,4E4CC4BA-0A62-4954-975D-78AF67F6AAD2,Unknown,,W,,,St,W 8Th St,2023/09/12 23:03:18+00,1501 W 8Th St Los Angeles 90017,4E4CC4BA-0A62-4954-975D-78AF67F6AAD2_1501_W_8Th_St_Los_Angeles_90017,8Th,1501 W 8Th Street St Los Angeles 90017,,,,
660122,1236869,,5142023014.0,,751.0,,,South,,,Valencia,Street,,,,,,,,,,,,,90017.0,,Los Angeles,Los Angeles,,,,,LA City,{DC1ACD7E-C3B1-48EB-BA8C-A9468A597241},0,,DC1ACD7E-C3B1-48EB-BA8C-A9468A597241,Unknown,,S,,,St,S Valencia St,2023/09/12 23:03:18+00,751 S Valencia St Los Angeles 90017,DC1ACD7E-C3B1-48EB-BA8C-A9468A597241_751_S_Valencia_St_Los_Angeles_90017,Valencia,751 S Valencia Street St Los Angeles 90017,,,,
660123,1236870,,5142023014.0,,1509.0,,,West,,,8Th,Street,,,,,,,,,,,,,90017.0,,Los Angeles,Los Angeles,,,,,LA City,{6F176B58-DC69-404C-8E70-D7EC23509319},0,,6F176B58-DC69-404C-8E70-D7EC23509319,Unknown,,W,,,St,W 8Th St,2023/09/12 23:03:18+00,1509 W 8Th St Los Angeles 90017,6F176B58-DC69-404C-8E70-D7EC23509319_1509_W_8Th_St_Los_Angeles_90017,8Th,1509 W 8Th Street St Los Angeles 90017,,,,
660124,1236871,,5142023016.0,,1523.0,,,West,,,8Th,Street,,,,,,,,,,,,,90017.0,,Los Angeles,Los Angeles,,,,,LA City,{17D31BC7-19AE-4E2A-B315-2F8FA69D74D7},0,,17D31BC7-19AE-4E2A-B315-2F8FA69D74D7,Unknown,,W,,,St,W 8Th St,2023/09/12 23:03:18+00,1523 W 8Th St Los Angeles 90017,17D31BC7-19AE-4E2A-B315-2F8FA69D74D7_1523_W_8Th_St_Los_Angeles_90017,8Th,1523 W 8Th Street St Los Angeles 90017,,,,
660125,1236872,,5142023016.0,,1521.0,,,West,,,8Th,Street,,,,,,,,,,,,,90017.0,,Los Angeles,Los Angeles,,,,,LA City,{C52413E2-C01E-4AEA-A854-95BB27F0A16F},0,,C52413E2-C01E-4AEA-A854-95BB27F0A16F,Unknown,,W,,,St,W 8Th St,2023/09/12 23:03:18+00,1521 W 8Th St Los Angeles 90017,C52413E2-C01E-4AEA-A854-95BB27F0A16F_1521_W_8Th_St_Los_Angeles_90017,8Th,1521 W 8Th Street St Los Angeles 90017,,,,
660126,1236873,,5142023900.0,,1510.0,,,West,,,Cambria,Street,,,,,,,,,,,,,90017.0,,Los Angeles,Los Angeles,,,,,LA City,{6F2569D5-55D4-43E3-9492-7A954E3C7EC0},0,,6F2569D5-55D4-43E3-9492-7A954E3C7EC0,Unknown,,W,,,St,W Cambria St,2023/09/12 23:03:18+00,1510 W Cambria St Los Angeles 90017,6F2569D5-55D4-43E3-9492-7A954E3C7EC0_1510_W_Cambria_St_Los_Angeles_90017,Cambria,1510 W Cambria Street St Los Angeles 90017,,,,
660127,1236874,,5142024001.0,,711.0,,,South,,,Valencia,Street,,,,,,,,,,,,,90017.0,,Los Angeles,Los Angeles,,,,,LA City,{50AC688F-8CFD-4B66-81FD-A6E0E951A4A0},0,,50AC688F-8CFD-4B66-81FD-A6E0E951A4A0,Unknown,,S,,,St,S Valencia St,2023/09/12 23:03:18+00,711 S Valencia St Los Angeles 90017,50AC688F-8CFD-4B66-81FD-A6E0E951A4A0_711_S_Valencia_St_Los_Angeles_90017,Valencia,711 S Valencia Street St Los Angeles 90017,,,,
660128,1236875,,5142024001.0,,713.0,,,South,,,Valencia,Street,,,,,,,,,,,,,90017.0,,Los Angeles,Los Angeles,,,,,LA City,{B88CEB9E-0AB8-4101-862B-6E39837528FC},0,,B88CEB9E-0AB8-4101-862B-6E39837528FC,Unknown,,S,,,St,S Valencia St,2023/09/12 23:03:18+00,713 S Valencia St Los Angeles 90017,B88CEB9E-0AB8-4101-862B-6E39837528FC_713_S_Valencia_St_Los_Angeles_90017,Valencia,713 S Valencia Street St Los Angeles 90017,,,,
660129,1236876,,5142024001.0,,707.0,,,South,,,Valencia,Street,,,,,,,,,,,,,90017.0,,Los Angeles,Los Angeles,,,,,LA City,{C91E8699-053E-4908-9BF4-8A3A7765CD3F},0,,C91E8699-053E-4908-9BF4-8A3A7765CD3F,Unknown,,S,,,St,S Valencia St,2023/09/12 23:03:18+00,707 S Valencia St Los Angeles 90017,C91E8699-053E-4908-9BF4-8A3A7765CD3F_707_S_Valencia_St_Los_Angeles_90017,Valencia,707 S Valencia Street St Los Angeles 90017,,,,
660130,1236877,,5142024001.0,,709.0,,,South,,,Valencia,Street,,,,,,,,,,,,,90017.0,,Los Angeles,Los Angeles,,,,,LA City,{94A9E451-1013-4752-A34D-92FCB62A1B95},0,,94A9E451-1013-4752-A34D-92FCB62A1B95,Unknown,,S,,,St,S Valencia St,2023/09/12 23:03:18+00,709 S Valencia St Los Angeles 90017,94A9E451-1013-4752-A34D-92FCB62A1B95_709_S_Valencia_St_Los_Angeles_90017,Valencia,709 S Valencia Street St Los Angeles 90017,,,,
660131,1236878,,5142024001.0,,1510.0,,,West,,,7Th,Street,,,,,,,,,,,,,90017.0,,Los Angeles,Los Angeles,,,,,LA City,{08F77D06-0AFB-46FF-9817-400FBE02C44E},0,,08F77D06-0AFB-46FF-9817-400FBE02C44E,Unknown,,W,,,St,W 7Th St,2023/09/12 23:03:18+00,1510 W 7Th St Los Angeles 90017,08F77D06-0AFB-46FF-9817-400FBE02C44E_1510_W_7Th_St_Los_Angeles_90017,7Th,1510 W 7Th Street St Los Angeles 90017,,,,
660132,1236879,,5142024001.0,,703.0,,,South,,,Valencia,Street,,,,,,,,,,,,,90017.0,,Los Angeles,Los Angeles,,,,,LA City,{A23E03C7-6964-42E4-A728-A36EC87D5B63},0,,A23E03C7-6964-42E4-A728-A36EC87D5B63,Unknown,,S,,,St,S Valencia St,2023/09/12 23:03:18+00,703 S Valencia St Los Angeles 90017,A23E03C7-6964-42E4-A728-A36EC87D5B63_703_S_Valencia_St_Los_Angeles_90017,Valencia,703 S Valencia Street St Los Angeles 90017,,,,
660133,1236880,,5142024002.0,,1514.0,,,West,,,7Th,Street,,,,,,,,,,,,,90017.0,,Los Angeles,Los Angeles,,,,,LA City,{EDD1FBC7-5B6C-4074-87FA-FB52784DCE0F},0,,EDD1FBC7-5B6C-4074-87FA-FB52784DCE0F,Unknown,,W,,,St,W 7Th St,2023/09/12 23:03:18+00,1514 W 7Th St Los Angeles 90017,EDD1FBC7-5B6C-4074-87FA-FB52784DCE0F_1514_W_7Th_St_Los_Angeles_90017,7Th,1514 W 7Th Street St Los Angeles 90017,,,,
660134,1236881,,5142024002.0,,1518.0,,,West,,,7Th,Street,,,,,,,,,,,,,90017.0,,Los Angeles,Los Angeles,,,,,LA City,{CEB9BDD5-57FA-431A-933B-9962EE9C46B4},0,,CEB9BDD5-57FA-431A-933B-9962EE9C46B4,Unknown,,W,,,St,W 7Th St,2023/09/12 23:03:18+00,1518 W 7Th St Los Angeles 90017,CEB9BDD5-57FA-431A-933B-9962EE9C46B4_1518_W_7Th_St_Los_Angeles_90017,7Th,1518 W 7Th Street St Los Angeles 90017,,,,
660135,1236882,,5142024002.0,,1516.0,,,West,,,7Th,Street,,,,,,,,,,,,,90017.0,,Los Angeles,Los Angeles,,,,,LA City,{DA5CC52C-9435-4691-A8C9-F8F234927F57},0,,DA5CC52C-9435-4691-A8C9-F8F234927F57,Unknown,,W,,,St,W 7Th St,2023/09/12 23:03:18+00,1516 W 7Th St Los Angeles 90017,DA5CC52C-9435-4691-A8C9-F8F234927F57_1516_W_7Th_St_Los_Angeles_90017,7Th,1516 W 7Th Street St Los Angeles 90017,,,,
660136,1236883,,5142024002.0,,1512.0,,,West,,,7Th,Street,,,,,,,,,,,,,90017.0,,Los Angeles,Los Angeles,,,,,LA City,{A72E54BE-533D-4D43-9A32-3BA618C7AF40},0,,A72E54BE-533D-4D43-9A32-3BA618C7AF40,Unknown,,W,,,St,W 7Th St,2023/09/12 23:03:18+00,1512 W 7Th St Los Angeles 90017,A72E54BE-533D-4D43-9A32-3BA618C7AF40_1512_W_7Th_St_Los_Angeles_90017,7Th,1512 W 7Th Street St Los Angeles 90017,,,,
660137,1236884,,5142024003.0,,1520.0,1/2,,West,,,7Th,Street,,,,,,,,,,,,,90017.0,,Los Angeles,Los Angeles,,,,,LA City,{1EBD2F2E-0BCB-4CCC-BFFB-C6A1CE167926},0,,1EBD2F2E-0BCB-4CCC-BFFB-C6A1CE167926,Unknown,,W,,,St,W 7Th St,2024/05/12 21:05:27+00,1520 1/2 W 7Th St Los Angeles 90017,1EBD2F2E-0BCB-4CCC-BFFB-C6A1CE167926_1520_1/2_W_7Th_St_Los_Angeles_90017,7Th,1520 1/2 W 7Th Street St Los Angeles 90017,,,,
660138,1236885,,5142024003.0,,1520.0,,,West,,,7Th,Street,,,,,,,,,,,,,90017.0,,Los Angeles,Los Angeles,,,,,LA City,{A80D1B3F-CB3D-4BFF-BCC6-A9AD6EA38B13},0,,A80D1B3F-CB3D-4BFF-BCC6-A9AD6EA38B13,Unknown,,W,,,St,W 7Th St,2024/05/12 21:05:27+00,1520 W 7Th St Los Angeles 90017,A80D1B3F-CB3D-4BFF-BCC6-A9AD6EA38B13_1520_W_7Th_St_Los_Angeles_90017,7Th,1520 W 7Th Street St Los Angeles 90017,,,,
660139,1236886,,5142024004.0,,1528.0,,,West,,,7Th,Street,,,,,,,,,,,,,90017.0,,Los Angeles,Los Angeles,,,,,LA City,{6CADD6F9-D116-4885-AB7C-8771E29AB338},0,,6CADD6F9-D116-4885-AB7C-8771E29AB338,Unknown,,W,,,St,W 7Th St,2023/09/12 23:03:18+00,1528 W 7Th St Los Angeles 90017,6CADD6F9-D116-4885-AB7C-8771E29AB338_1528_W_7Th_St_Los_Angeles_90017,7Th,1528 W 7Th Street St Los Angeles 90017,,,,
660140,1236887,,5142024004.0,,1524.0,,,West,,,7Th,Street,,,,,,,,,,,,,90017.0,,Los Angeles,Los Angeles,,,,,LA City,{92C4B1E8-9126-4709-A276-F939763F2A39},0,,92C4B1E8-9126-4709-A276-F939763F2A39,Unknown,,W,,,St,W 7Th St,2023/09/12 23:03:18+00,1524 W 7Th St Los Angeles 90017,92C4B1E8-9126-4709-A276-F939763F2A39_1524_W_7Th_St_Los_Angeles_90017,7Th,1524 W 7Th Street St Los Angeles 90017,,,,
660141,1236888,,5142024004.0,,1526.0,,,West,,,7Th,Street,,,,,,,,,,,,,90017.0,,Los Angeles,Los Angeles,,,,,LA City,{6CC415FF-78E7-4C44-9175-A34C0403A14B},0,,6CC415FF-78E7-4C44-9175-A34C0403A14B,Unknown,,W,,,St,W 7Th St,2023/09/12 23:03:18+00,1526 W 7Th St Los Angeles 90017,6CC415FF-78E7-4C44-9175-A34C0403A14B_1526_W_7Th_St_Los_Angeles_90017,7Th,1526 W 7Th Street St Los Angeles 90017,,,,
660142,1236889,,5142024004.0,,1522.0,,,West,,,7Th,Street,,,,,,,,,,,,,90017.0,,Los Angeles,Los Angeles,,,,,LA City,{8A698989-2635-4861-AC9F-367DAAAA7376},0,,8A698989-2635-4861-AC9F-367DAAAA7376,Unknown,,W,,,St,W 7Th St,2023/09/12 23:03:18+00,1522 W 7Th St Los Angeles 90017,8A698989-2635-4861-AC9F-367DAAAA7376_1522_W_7Th_St_Los_Angeles_90017,7Th,1522 W 7Th Street St Los Angeles 90017,,,,
660143,1236890,,5142024006.0,,1534.0,,,West,,,7Th,Street,,,,,,,,,,,,,90017.0,,Los Angeles,Los Angeles,,,,,LA City,{8A7AED43-E9DF-46F0-A9BE-B1303B7610B2},0,,8A7AED43-E9DF-46F0-A9BE-B1303B7610B2,Unknown,,W,,,St,W 7Th St,2023/09/12 23:03:18+00,1534 W 7Th St Los Angeles 90017,8A7AED43-E9DF-46F0-A9BE-B1303B7610B2_1534_W_7Th_St_Los_Angeles_90017,7Th,1534 W 7Th Street St Los Angeles 90017,,,,
660144,1236891,,5142024007.0,,1531.0,1/2,,West,,,Cambria,Street,,,,,,,,,,,,,90017.0,,Los Angeles,Los Angeles,,,,,LA City,{871C3525-2D67-4F1C-B353-6BC2A3322E93},0,,871C3525-2D67-4F1C-B353-6BC2A3322E93,Unknown,,W,,,St,W Cambria St,2024/05/12 21:05:27+00,1531 1/2 W Cambria St Los Angeles 90017,871C3525-2D67-4F1C-B353-6BC2A3322E93_1531_1/2_W_Cambria_St_Los_Angeles_90017,Cambria,1531 1/2 W Cambria Street St Los Angeles 90017,,,,
660145,1236892,,5142024007.0,,1531.0,,,West,,,Cambria,Street,,,,,,,,,,,,,90017.0,,Los Angeles,Los Angeles,,,,,LA City,{262C30A5-26EB-45AB-92D1-737DBE380233},0,,262C30A5-26EB-45AB-92D1-737DBE380233,Unknown,,W,,,St,W Cambria St,2024/05/12 21:05:27+00,1531 W Cambria St Los Angeles 90017,262C30A5-26EB-45AB-92D1-737DBE380233_1531_W_Cambria_St_Los_Angeles_90017,Cambria,1531 W Cambria Street St Los Angeles 90017,,,,
660146,1236893,,5142024008.0,,1535.0,,,West,,,Cambria,Street,,,,,,,,,,,,,90017.0,,Los Angeles,Los Angeles,,,,,LA City,{5C60C013-2BE4-47DF-AE95-E2F7FA76F66C},0,,5C60C013-2BE4-47DF-AE95-E2F7FA76F66C,Unknown,,W,,,St,W Cambria St,2023/09/12 23:03:18+00,1535 W Cambria St Los Angeles 90017,5C60C013-2BE4-47DF-AE95-E2F7FA76F66C_1535_W_Cambria_St_Los_Angeles_90017,Cambria,1535 W Cambria Street St Los Angeles 90017,,,,
660147,1236894,,5142024009.0,,1538.0,,,West,,,7Th,Street,,,,,,,,,,,,,90017.0,,Los Angeles,Los Angeles,,,,,LA City,{C67E9CB7-8FE7-477E-BD57-2830ACDFAAF0},0,,C67E9CB7-8FE7-477E-BD57-2830ACDFAAF0,Unknown,,W,,,St,W 7Th St,2023/09/12 23:03:18+00,1538 W 7Th St Los Angeles 90017,C67E9CB7-8FE7-477E-BD57-2830ACDFAAF0_1538_W_7Th_St_Los_Angeles_90017,7Th,1538 W 7Th Street St Los Angeles 90017,,,,
660148,1236895,,5142024009.0,,1536.0,,,West,,,7th,Street,,,,,,,,,,,,,90017.0,,Los Angeles,Los Angeles,,,,,Assessor,{E7013A3E-C203-4F02-A829-A8C17A30EF9E},0,,E7013A3E-C203-4F02-A829-A8C17A30EF9E,Unknown,,W,,,St,W 7th St,2024/04/27 17:13:09+00,1536 W 7th St Los Angeles 90017,E7013A3E-C203-4F02-A829-A8C17A30EF9E_1536_W_7th_St_Los_Angeles_90017,7th,1536 W 7th Street St Los Angeles 90017,,,,
660149,1236896,,5142024010.0,,1539.0,,,West,,,Cambria,Street,,,,,,,,,,,,,90017.0,,Los Angeles,Los Angeles,,,,,LA City,{103B8F5E-6493-4940-8962-093D0B43B822},0,,103B8F5E-6493-4940-8962-093D0B43B822,Unknown,,W,,,St,W Cambria St,2023/09/12 23:03:18+00,1539 W Cambria St Los Angeles 90017,103B8F5E-6493-4940-8962-093D0B43B822_1539_W_Cambria_St_Los_Angeles_90017,Cambria,1539 W Cambria Street St Los Angeles 90017,,,,
660150,1236897,,5142024010.0,,1543.0,,,West,,,Cambria,Street,,,,,,,,,,,,,90017.0,,Los Angeles,Los Angeles,,,,,LA City,{3671AE94-2901-425F-A364-83EFB90F7417},0,,3671AE94-2901-425F-A364-83EFB90F7417,Unknown,,W,,,St,W Cambria St,2023/09/12 23:03:18+00,1543 W Cambria St Los Angeles 90017,3671AE94-2901-425F-A364-83EFB90F7417_1543_W_Cambria_St_Los_Angeles_90017,Cambria,1543 W Cambria Street St Los Angeles 90017,,,,
660151,1236898,,5142024010.0,,1541.0,,,West,,,Cambria,Street,,,,,,,,,,,,,90017.0,,Los Angeles,Los Angeles,,,,,LA City,{000C8DC0-11D0-439E-B4F0-8EDD5A3D761E},0,,000C8DC0-11D0-439E-B4F0-8EDD5A3D761E,Unknown,,W,,,St,W Cambria St,2023/09/12 23:03:18+00,1541 W Cambria St Los Angeles 90017,000C8DC0-11D0-439E-B4F0-8EDD5A3D761E_1541_W_Cambria_St_Los_Angeles_90017,Cambria,1541 W Cambria Street St Los Angeles 90017,,,,
660152,1236899,,5142024010.0,,1537.0,,,West,,,Cambria,Street,,,,,,,,,,,,,90017.0,,Los Angeles,Los Angeles,,,,,LA City,{C956508E-BE98-4499-A7D2-55D27FACF547},0,,C956508E-BE98-4499-A7D2-55D27FACF547,Unknown,,W,,,St,W Cambria St,2023/09/12 23:03:18+00,1537 W Cambria St Los Angeles 90017,C956508E-BE98-4499-A7D2-55D27FACF547_1537_W_Cambria_St_Los_Angeles_90017,Cambria,1537 W Cambria Street St Los Angeles 90017,,,,
660153,1236900,,5142024012.0,,1545.0,,,West,,,Cambria,Street,,,,,,,,,,,,,90017.0,,Los Angeles,Los Angeles,,,,,LA City,{D7F27402-B7C0-4DF0-8555-859EB43C183F},0,,D7F27402-B7C0-4DF0-8555-859EB43C183F,Unknown,,W,,,St,W Cambria St,2023/09/12 23:03:18+00,1545 W Cambria St Los Angeles 90017,D7F27402-B7C0-4DF0-8555-859EB43C183F_1545_W_Cambria_St_Los_Angeles_90017,Cambria,1545 W Cambria Street St Los Angeles 90017,,,,
660154,1236901,,5142024014.0,,718.0,,,South,,,Union,Avenue,,,,,,,,,,,,,90017.0,,Los Angeles,Los Angeles,,,,,LA City,{A4960A0C-34A9-4985-BD02-63BEAE3BA3C1},0,,A4960A0C-34A9-4985-BD02-63BEAE3BA3C1,Unknown,,S,,,Ave,S Union Ave,2023/09/12 23:03:18+00,718 S Union Ave Los Angeles 90017,A4960A0C-34A9-4985-BD02-63BEAE3BA3C1_718_S_Union_Ave_Los_Angeles_90017,Union,718 S Union Avenue Ave Los Angeles 90017,,,,
660155,1236902,,5142024015.0,,1503.0,,,West,,,Cambria,Street,,,,,,,,,,,,,90017.0,,Los Angeles,Los Angeles,,,,,LA City,{37833E18-CD71-47C4-943D-B155E0751C1D},0,,37833E18-CD71-47C4-943D-B155E0751C1D,Unknown,,W,,,St,W Cambria St,2023/09/12 23:03:18+00,1503 W Cambria St Los Angeles 90017,37833E18-CD71-47C4-943D-B155E0751C1D_1503_W_Cambria_St_Los_Angeles_90017,Cambria,1503 W Cambria Street St Los Angeles 90017,,,,
660156,1236903,,5142024015.0,,719.0,,,South,,,Valencia,Street,,,,,,,,,,,,,90017.0,,Los Angeles,Los Angeles,,,,,LA City,{DCE0C3E5-223F-4126-A8B0-470FFDAFAFB9},0,,DCE0C3E5-223F-4126-A8B0-470FFDAFAFB9,Unknown,,S,,,St,S Valencia St,2023/09/12 23:03:18+00,719 S Valencia St Los Angeles 90017,DCE0C3E5-223F-4126-A8B0-470FFDAFAFB9_719_S_Valencia_St_Los_Angeles_90017,Valencia,719 S Valencia Street St Los Angeles 90017,,,,
660157,1236904,,5142024015.0,,1507.0,,,West,,,Cambria,Street,,,,,,,,,,,,,90017.0,,Los Angeles,Los Angeles,,,,,LA City,{761847F8-7496-4BA8-BBF7-48C0CFF0BADF},0,,761847F8-7496-4BA8-BBF7-48C0CFF0BADF,Unknown,,W,,,St,W Cambria St,2023/09/12 23:03:18+00,1507 W Cambria St Los Angeles 90017,761847F8-7496-4BA8-BBF7-48C0CFF0BADF_1507_W_Cambria_St_Los_Angeles_90017,Cambria,1507 W Cambria Street St Los Angeles 90017,,,,
660158,1236905,,5142024016.0,,1519.0,,,West,,,Cambria,Street,,,,,,,,,,,,,90017.0,,Los Angeles,Los Angeles,,,,,LA City,{8CFCF723-540B-436E-9061-59E66EF4B970},0,,8CFCF723-540B-436E-9061-59E66EF4B970,Unknown,,W,,,St,W Cambria St,2023/09/12 23:03:18+00,1519 W Cambria St Los Angeles 90017,8CFCF723-540B-436E-9061-59E66EF4B970_1519_W_Cambria_St_Los_Angeles_90017,Cambria,1519 W Cambria Street St Los Angeles 90017,,,,
660159,1236906,,5142024016.0,,1517.0,,,West,,,Cambria,Street,,,,,,,,,,,,,90017.0,,Los Angeles,Los Angeles,,,,,LA City,{9056FDB3-0733-4F77-B584-E1E1C6A5ED58},0,,9056FDB3-0733-4F77-B584-E1E1C6A5ED58,Unknown,,W,,,St,W Cambria St,2023/09/12 23:03:18+00,1517 W Cambria St Los Angeles 90017,9056FDB3-0733-4F77-B584-E1E1C6A5ED58_1517_W_Cambria_St_Los_Angeles_90017,Cambria,1517 W Cambria Street St Los Angeles 90017,,,,
660160,1236907,,5142024017.0,,1521.0,,,West,,,Cambria,Street,,,,,,,,,,,,,90017.0,,Los Angeles,Los Angeles,,,,,LA City,{B46D11B1-A40B-4B64-8007-7268509E731C},0,,B46D11B1-A40B-4B64-8007-7268509E731C,Unknown,,W,,,St,W Cambria St,2023/09/12 23:03:18+00,1521 W Cambria St Los Angeles 90017,B46D11B1-A40B-4B64-8007-7268509E731C_1521_W_Cambria_St_Los_Angeles_90017,Cambria,1521 W Cambria Street St Los Angeles 90017,,,,
660161,1236908,,5142024017.0,,1523.0,1/2,,West,,,Cambria,Street,,,,,,,,,,,,,90017.0,,Los Angeles,Los Angeles,,,,,LA City,{C10437FA-31AA-4316-9A92-CDA46F9AA7ED},0,,C10437FA-31AA-4316-9A92-CDA46F9AA7ED,Unknown,,W,,,St,W Cambria St,2024/05/12 21:05:27+00,1523 1/2 W Cambria St Los Angeles 90017,C10437FA-31AA-4316-9A92-CDA46F9AA7ED_1523_1/2_W_Cambria_St_Los_Angeles_90017,Cambria,1523 1/2 W Cambria Street St Los Angeles 90017,,,,
660162,1236909,,5142024017.0,,1523.0,,,West,,,Cambria,Street,,,,,,,,,,,,,90017.0,,Los Angeles,Los Angeles,,,,,LA City,{ED110F1B-2727-4BCF-9107-82A3512B583E},0,,ED110F1B-2727-4BCF-9107-82A3512B583E,Unknown,,W,,,St,W Cambria St,2024/05/12 21:05:27+00,1523 W Cambria St Los Angeles 90017,ED110F1B-2727-4BCF-9107-82A3512B583E_1523_W_Cambria_St_Los_Angeles_90017,Cambria,1523 W Cambria Street St Los Angeles 90017,,,,
660163,1236910,,5142024018.0,,1548.0,,,West,,,7Th,Street,,,,,,,,,,,,,90017.0,,Los Angeles,Los Angeles,,,,,LA City,{A4C19523-42EE-4DDA-8CFA-A8577C92138D},0,,A4C19523-42EE-4DDA-8CFA-A8577C92138D,Unknown,,W,,,St,W 7Th St,2023/09/12 23:03:18+00,1548 W 7Th St Los Angeles 90017,A4C19523-42EE-4DDA-8CFA-A8577C92138D_1548_W_7Th_St_Los_Angeles_90017,7Th,1548 W 7Th Street St Los Angeles 90017,,,,
660164,1236911,,5142024018.0,,1542.0,,,West,,,7Th,Street,,,,,,,,,,,,,90017.0,,Los Angeles,Los Angeles,,,,,LA City,{42FB0857-1355-40B6-9562-BC0265F3BD2C},0,,42FB0857-1355-40B6-9562-BC0265F3BD2C,Unknown,,W,,,St,W 7Th St,2024/05/12 21:05:27+00,1542 W 7Th St Los Angeles 90017,42FB0857-1355-40B6-9562-BC0265F3BD2C_1542_W_7Th_St_Los_Angeles_90017,7Th,1542 W 7Th Street St Los Angeles 90017,,,,
660165,1236912,,5142024018.0,,1546.0,1/2,,West,,,7Th,Street,,,,,,,,,,,,,90017.0,,Los Angeles,Los Angeles,,,,,LA City,{6E252D68-0064-46D8-BEDA-1A91457A12EF},0,,6E252D68-0064-46D8-BEDA-1A91457A12EF,Unknown,,W,,,St,W 7Th St,2024/05/12 21:05:27+00,1546 1/2 W 7Th St Los Angeles 90017,6E252D68-0064-46D8-BEDA-1A91457A12EF_1546_1/2_W_7Th_St_Los_Angeles_90017,7Th,1546 1/2 W 7Th Street St Los Angeles 90017,,,,
660166,1236913,,5142024018.0,,1544.0,1/2,,West,,,7Th,Street,,,,,,,,,,,,,90017.0,,Los Angeles,Los Angeles,,,,,LA City,{58DBCB2C-9010-4BE4-84E9-C3A2AF0A37E9},0,,58DBCB2C-9010-4BE4-84E9-C3A2AF0A37E9,Unknown,,W,,,St,W 7Th St,2024/05/12 21:05:27+00,1544 1/2 W 7Th St Los Angeles 90017,58DBCB2C-9010-4BE4-84E9-C3A2AF0A37E9_1544_1/2_W_7Th_St_Los_Angeles_90017,7Th,1544 1/2 W 7Th Street St Los Angeles 90017,,,,
660167,1236914,,5142024018.0,,1546.0,,,West,,,7Th,Street,,,,,,,,,,,,,90017.0,,Los Angeles,Los Angeles,,,,,LA City,{8FF3545A-1598-41E8-979A-5C780014271F},0,,8FF3545A-1598-41E8-979A-5C780014271F,Unknown,,W,,,St,W 7Th St,2024/05/12 21:05:27+00,1546 W 7Th St Los Angeles 90017,8FF3545A-1598-41E8-979A-5C780014271F_1546_W_7Th_St_Los_Angeles_90017,7Th,1546 W 7Th Street St Los Angeles 90017,,,,
660168,1236915,,5142024018.0,,1544.0,,,West,,,7Th,Street,,,,,,,,,,,,,90017.0,,Los Angeles,Los Angeles,,,,,LA City,{16BB02CA-4BA1-47B7-8E4D-0C3E869DC792},0,,16BB02CA-4BA1-47B7-8E4D-0C3E869DC792,Unknown,,W,,,St,W 7Th St,2024/05/12 21:05:27+00,1544 W 7Th St Los Angeles 90017,16BB02CA-4BA1-47B7-8E4D-0C3E869DC792_1544_W_7Th_St_Los_Angeles_90017,7Th,1544 W 7Th Street St Los Angeles 90017,,,,
660169,1236916,,5142024018.0,,1542.0,1/2,,West,,,7Th,Street,,,,,,,,,,,,,90017.0,,Los Angeles,Los Angeles,,,,,LA City,{B7501063-4817-42B2-A1FD-FE6BE753CB81},0,,B7501063-4817-42B2-A1FD-FE6BE753CB81,Unknown,,W,,,St,W 7Th St,2024/05/12 21:05:27+00,1542 1/2 W 7Th St Los Angeles 90017,B7501063-4817-42B2-A1FD-FE6BE753CB81_1542_1/2_W_7Th_St_Los_Angeles_90017,7Th,1542 1/2 W 7Th Street St Los Angeles 90017,,,,
660170,1236917,,5142024019.0,,1527.0,,,West,,,Cambria,Street,,,,,,,,,,,,,90017.0,,Los Angeles,Los Angeles,,,,,LA City,{6AA03363-F84E-46D8-8408-208909AE8E1B},0,,6AA03363-F84E-46D8-8408-208909AE8E1B,Unknown,,W,,,St,W Cambria St,2023/09/12 23:03:18+00,1527 W Cambria St Los Angeles 90017,6AA03363-F84E-46D8-8408-208909AE8E1B_1527_W_Cambria_St_Los_Angeles_90017,Cambria,1527 W Cambria Street St Los Angeles 90017,,,,
660171,1236918,,5142024020.0,,1529.0,,,West,,,Cambria,Street,,,,,,,,,,,,,90017.0,,Los Angeles,Los Angeles,,,,,LA City,{73ABD3C2-0A12-4715-8D06-0571EDE64B71},0,,73ABD3C2-0A12-4715-8D06-0571EDE64B71,Unknown,,W,,,St,W Cambria St,2023/09/12 23:03:18+00,1529 W Cambria St Los Angeles 90017,73ABD3C2-0A12-4715-8D06-0571EDE64B71_1529_W_Cambria_St_Los_Angeles_90017,Cambria,1529 W Cambria Street St Los Angeles 90017,,,,
660172,1236919,,5142026041.0,,1555.0,,,West,,,7Th,Street,,,,,,,,,,,,,90017.0,,Los Angeles,Los Angeles,,,,,LA City,{3ACCE056-AB6E-43A8-9303-DA8E970BD582},0,,3ACCE056-AB6E-43A8-9303-DA8E970BD582,Unknown,,W,,,St,W 7Th St,2023/09/12 23:03:18+00,1555 W 7Th St Los Angeles 90017,3ACCE056-AB6E-43A8-9303-DA8E970BD582_1555_W_7Th_St_Los_Angeles_90017,7Th,1555 W 7Th Street St Los Angeles 90017,,,,
660173,1236920,,5142026041.0,,1551.0,,,West,,,7Th,Street,,,,,,,,,,,,,90017.0,,Los Angeles,Los Angeles,,,,,LA City,{ADEEBD01-5624-44CB-9ED3-AB02B133E2B1},0,,ADEEBD01-5624-44CB-9ED3-AB02B133E2B1,Unknown,,W,,,St,W 7Th St,2023/09/12 23:03:18+00,1551 W 7Th St Los Angeles 90017,ADEEBD01-5624-44CB-9ED3-AB02B133E2B1_1551_W_7Th_St_Los_Angeles_90017,7Th,1551 W 7Th Street St Los Angeles 90017,,,,
660174,1236921,,5142026041.0,,1553.0,,,West,,,7Th,Street,,,,,,,,,,,,,90017.0,,Los Angeles,Los Angeles,,,,,LA City,{A372A4FB-552C-4FFF-9D6F-9171F25EA979},0,,A372A4FB-552C-4FFF-9D6F-9171F25EA979,Unknown,,W,,,St,W 7Th St,2023/09/12 23:03:18+00,1553 W 7Th St Los Angeles 90017,A372A4FB-552C-4FFF-9D6F-9171F25EA979_1553_W_7Th_St_Los_Angeles_90017,7Th,1553 W 7Th Street St Los Angeles 90017,,,,
660175,1236922,,5142026900.0,,1524.0,,,West,,,Ingraham,Street,,,,,,,,,,,,,90017.0,,Los Angeles,Los Angeles,,,,,LA City,{CE816EB6-6B4E-4753-88C7-3532DF498E02},0,,CE816EB6-6B4E-4753-88C7-3532DF498E02,Unknown,,W,,,St,W Ingraham St,2023/09/12 23:03:18+00,1524 W Ingraham St Los Angeles 90017,CE816EB6-6B4E-4753-88C7-3532DF498E02_1524_W_Ingraham_St_Los_Angeles_90017,Ingraham,1524 W Ingraham Street St Los Angeles 90017,,,,
660176,1236923,,5142026901.0,,1533.0,,,West,,,7Th,Street,,,,,,,,,,,,,90017.0,,Los Angeles,Los Angeles,,,,,LA City,{8DD80C3D-DDA0-4BDE-A728-9F40817D04AF},0,,8DD80C3D-DDA0-4BDE-A728-9F40817D04AF,Unknown,,W,,,St,W 7Th St,2023/09/12 23:03:18+00,1533 W 7Th St Los Angeles 90017,8DD80C3D-DDA0-4BDE-A728-9F40817D04AF_1533_W_7Th_St_Los_Angeles_90017,7Th,1533 W 7Th Street St Los Angeles 90017,,,,
660177,1236924,,5142026901.0,,1535.0,,,West,,,7Th,Street,,,,,,,,,,,,,90017.0,,Los Angeles,Los Angeles,,,,,LA City,{4D96E4BF-76B4-474E-9550-EEA601AEF373},0,,4D96E4BF-76B4-474E-9550-EEA601AEF373,Unknown,,W,,,St,W 7Th St,2023/09/12 23:03:18+00,1535 W 7Th St Los Angeles 90017,4D96E4BF-76B4-474E-9550-EEA601AEF373_1535_W_7Th_St_Los_Angeles_90017,7Th,1535 W 7Th Street St Los Angeles 90017,,,,
660178,1236925,,5142026903.0,,1528.0,,,West,,,Ingraham,Street,,,,,,,,,,,,,90017.0,,Los Angeles,Los Angeles,,,,,LA City,{D2001245-4B2F-4D8B-A13F-882CED377D8F},0,,D2001245-4B2F-4D8B-A13F-882CED377D8F,Unknown,,W,,,St,W Ingraham St,2023/09/12 23:03:18+00,1528 W Ingraham St Los Angeles 90017,D2001245-4B2F-4D8B-A13F-882CED377D8F_1528_W_Ingraham_St_Los_Angeles_90017,Ingraham,1528 W Ingraham Street St Los Angeles 90017,,,,
660179,1236926,,5142026904.0,,675.0,,,South,,,Valencia,Street,,,,,,,,,,,,,90017.0,,Los Angeles,Los Angeles,,,,,LA City,{42B4D19B-C95C-4999-9DFC-A56592070E00},0,,42B4D19B-C95C-4999-9DFC-A56592070E00,Unknown,,S,,,St,S Valencia St,2023/09/12 23:03:18+00,675 S Valencia St Los Angeles 90017,42B4D19B-C95C-4999-9DFC-A56592070E00_675_S_Valencia_St_Los_Angeles_90017,Valencia,675 S Valencia Street St Los Angeles 90017,,,,
660180,1236927,,5142026905.0,,1510.0,,,West,,,Ingraham,Street,,,,,,,,,,,,,90017.0,,Los Angeles,Los Angeles,,,,,LA City,{EC4D9B2A-A756-42BD-97B7-0C563E27D6AB},0,,EC4D9B2A-A756-42BD-97B7-0C563E27D6AB,Unknown,,W,,,St,W Ingraham St,2023/09/12 23:03:18+00,1510 W Ingraham St Los Angeles 90017,EC4D9B2A-A756-42BD-97B7-0C563E27D6AB_1510_W_Ingraham_St_Los_Angeles_90017,Ingraham,1510 W Ingraham Street St Los Angeles 90017,,,,
660181,1236928,,5142026906.0,,1513.0,,,West,,,7Th,Street,,,,,,,,,,,,,90017.0,,Los Angeles,Los Angeles,,,,,LA City,{5F6417E9-8C66-490B-94BB-8DDDC2559460},0,,5F6417E9-8C66-490B-94BB-8DDDC2559460,Unknown,,W,,,St,W 7Th St,2023/09/12 23:03:18+00,1513 W 7Th St Los Angeles 90017,5F6417E9-8C66-490B-94BB-8DDDC2559460_1513_W_7Th_St_Los_Angeles_90017,7Th,1513 W 7Th Street St Los Angeles 90017,,,,
660182,1236929,,5142026906.0,,1501.0,,,West,,,7Th,Street,,,,,,,,,,,,,90017.0,,Los Angeles,Los Angeles,,,,,LA City,{C170359C-934D-4CE0-B9AE-BBF35EDC80B5},0,,C170359C-934D-4CE0-B9AE-BBF35EDC80B5,Unknown,,W,,,St,W 7Th St,2023/09/12 23:03:18+00,1501 W 7Th St Los Angeles 90017,C170359C-934D-4CE0-B9AE-BBF35EDC80B5_1501_W_7Th_St_Los_Angeles_90017,7Th,1501 W 7Th Street St Los Angeles 90017,,,,
660183,1236930,,5142026906.0,,1511.0,,,West,,,7Th,Street,,,,,,,,,,,,,90017.0,,Los Angeles,Los Angeles,,,,,LA City,{3BFEA801-15D5-44A6-8F1A-DFE2D769F150},0,,3BFEA801-15D5-44A6-8F1A-DFE2D769F150,Unknown,,W,,,St,W 7Th St,2023/09/12 23:03:18+00,1511 W 7Th St Los Angeles 90017,3BFEA801-15D5-44A6-8F1A-DFE2D769F150_1511_W_7Th_St_Los_Angeles_90017,7Th,1511 W 7Th Street St Los Angeles 90017,,,,
660184,1236931,,5142026906.0,,691.0,,,South,,,Valencia,Street,,,,,,,,,,,,,90017.0,,Los Angeles,Los Angeles,,,,,LA City,{25C160E3-9B34-40E0-A649-09BC5AF51133},0,,25C160E3-9B34-40E0-A649-09BC5AF51133,Unknown,,S,,,St,S Valencia St,2023/09/12 23:03:18+00,691 S Valencia St Los Angeles 90017,25C160E3-9B34-40E0-A649-09BC5AF51133_691_S_Valencia_St_Los_Angeles_90017,Valencia,691 S Valencia Street St Los Angeles 90017,,,,
660185,1236932,,5142026906.0,,1515.0,,,West,,,7Th,Street,,,,,,,,,,,,,90017.0,,Los Angeles,Los Angeles,,,,,LA City,{35A3BB6C-2BE7-4D1E-B5B9-46539F506E5F},0,,35A3BB6C-2BE7-4D1E-B5B9-46539F506E5F,Unknown,,W,,,St,W 7Th St,2023/09/12 23:03:18+00,1515 W 7Th St Los Angeles 90017,35A3BB6C-2BE7-4D1E-B5B9-46539F506E5F_1515_W_7Th_St_Los_Angeles_90017,7Th,1515 W 7Th Street St Los Angeles 90017,,,,
660186,1236933,,5142026906.0,,1507.0,,,West,,,7Th,Street,,,,,,,,,,,,,90017.0,,Los Angeles,Los Angeles,,,,,LA City,{9FB0D200-75AE-4B45-8A12-7F1F0E3FACE2},0,,9FB0D200-75AE-4B45-8A12-7F1F0E3FACE2,Unknown,,W,,,St,W 7Th St,2023/09/12 23:03:18+00,1507 W 7Th St Los Angeles 90017,9FB0D200-75AE-4B45-8A12-7F1F0E3FACE2_1507_W_7Th_St_Los_Angeles_90017,7Th,1507 W 7Th Street St Los Angeles 90017,,,,
660187,1236934,,5142026908.0,,1514.0,,,West,,,Ingraham,Street,,,,,,,,,,,,,90017.0,,Los Angeles,Los Angeles,,,,,LA City,{EAB6E743-2365-479A-824F-A52673CE9200},0,,EAB6E743-2365-479A-824F-A52673CE9200,Unknown,,W,,,St,W Ingraham St,2023/09/12 23:03:18+00,1514 W Ingraham St Los Angeles 90017,EAB6E743-2365-479A-824F-A52673CE9200_1514_W_Ingraham_St_Los_Angeles_90017,Ingraham,1514 W Ingraham Street St Los Angeles 90017,,,,
660188,1236935,,5142026909.0,,1525.0,,,West,,,7Th,Street,,,,,,,,,,,,,90017.0,,Los Angeles,Los Angeles,,,,,LA City,{0D17818A-F1C8-4D93-B8A2-D797BC0ACF9B},0,,0D17818A-F1C8-4D93-B8A2-D797BC0ACF9B,Unknown,,W,,,St,W 7Th St,2023/09/12 23:03:18+00,1525 W 7Th St Los Angeles 90017,0D17818A-F1C8-4D93-B8A2-D797BC0ACF9B_1525_W_7Th_St_Los_Angeles_90017,7Th,1525 W 7Th Street St Los Angeles 90017,,,,
660189,1236936,,5142026909.0,,1521.0,,,West,,,7Th,Street,,,,,,,,,,,,,90017.0,,Los Angeles,Los Angeles,,,,,LA City,{D9D0BC86-1296-4331-8FCA-5459C161347C},0,,D9D0BC86-1296-4331-8FCA-5459C161347C,Unknown,,W,,,St,W 7Th St,2023/09/12 23:03:18+00,1521 W 7Th St Los Angeles 90017,D9D0BC86-1296-4331-8FCA-5459C161347C_1521_W_7Th_St_Los_Angeles_90017,7Th,1521 W 7Th Street St Los Angeles 90017,,,,
660190,1236937,,5142026910.0,,1527.0,,,West,,,7Th,Street,,,,,,,,,,,,,90017.0,,Los Angeles,Los Angeles,,,,,LA City,{BC04DBDD-2153-4340-88AF-647A168525B8},0,,BC04DBDD-2153-4340-88AF-647A168525B8,Unknown,,W,,,St,W 7Th St,2023/09/12 23:03:18+00,1527 W 7Th St Los Angeles 90017,BC04DBDD-2153-4340-88AF-647A168525B8_1527_W_7Th_St_Los_Angeles_90017,7Th,1527 W 7Th Street St Los Angeles 90017,,,,
660191,1236938,,5142026910.0,,1529.0,1/2,,West,,,7Th,Street,,,,,,,,,,,,,90017.0,,Los Angeles,Los Angeles,,,,,LA City,{0E3326D2-E66A-4F86-9669-EC7663051207},0,,0E3326D2-E66A-4F86-9669-EC7663051207,Unknown,,W,,,St,W 7Th St,2024/05/12 21:05:27+00,1529 1/2 W 7Th St Los Angeles 90017,0E3326D2-E66A-4F86-9669-EC7663051207_1529_1/2_W_7Th_St_Los_Angeles_90017,7Th,1529 1/2 W 7Th Street St Los Angeles 90017,,,,
660192,1236939,,5142026910.0,,1529.0,,,West,,,7Th,Street,,,,,,,,,,,,,90017.0,,Los Angeles,Los Angeles,,,,,LA City,{2123AABF-AEE0-48A0-86B8-1F1A8E259D4E},0,,2123AABF-AEE0-48A0-86B8-1F1A8E259D4E,Unknown,,W,,,St,W 7Th St,2024/05/12 21:05:27+00,1529 W 7Th St Los Angeles 90017,2123AABF-AEE0-48A0-86B8-1F1A8E259D4E_1529_W_7Th_St_Los_Angeles_90017,7Th,1529 W 7Th Street St Los Angeles 90017,,,,
660193,1236940,,5142026911.0,,1530.0,,,West,,,Ingraham,Street,,,,,,,,,,,,,90017.0,,Los Angeles,Los Angeles,,,,,LA City,{90F108EB-4A66-40D0-8E09-3F59E8A169FA},0,,90F108EB-4A66-40D0-8E09-3F59E8A169FA,Unknown,,W,,,St,W Ingraham St,2023/09/12 23:03:18+00,1530 W Ingraham St Los Angeles 90017,90F108EB-4A66-40D0-8E09-3F59E8A169FA_1530_W_Ingraham_St_Los_Angeles_90017,Ingraham,1530 W Ingraham Street St Los Angeles 90017,,,,
660194,1236941,,5142026912.0,,1519.0,1/2,,West,,,7Th,Street,,,,,,,,,,,,,90017.0,,Los Angeles,Los Angeles,,,,,LA City,{19DDD9C8-9B78-4E65-B043-640AB276B2A5},0,,19DDD9C8-9B78-4E65-B043-640AB276B2A5,Unknown,,W,,,St,W 7Th St,2024/05/12 21:05:27+00,1519 1/2 W 7Th St Los Angeles 90017,19DDD9C8-9B78-4E65-B043-640AB276B2A5_1519_1/2_W_7Th_St_Los_Angeles_90017,7Th,1519 1/2 W 7Th Street St Los Angeles 90017,,,,
660195,1236942,,5142026912.0,,1517.0,,,West,,,7Th,Street,,,,,,,,,,,,,90017.0,,Los Angeles,Los Angeles,,,,,LA City,{1A29EEE7-0DF1-4042-8239-F98140042B89},0,,1A29EEE7-0DF1-4042-8239-F98140042B89,Unknown,,W,,,St,W 7Th St,2024/05/12 21:05:27+00,1517 W 7Th St Los Angeles 90017,1A29EEE7-0DF1-4042-8239-F98140042B89_1517_W_7Th_St_Los_Angeles_90017,7Th,1517 W 7Th Street St Los Angeles 90017,,,,
660196,1236943,,5142026912.0,,1519.0,,,West,,,7Th,Street,,,,,,,,,,,,,90017.0,,Los Angeles,Los Angeles,,,,,LA City,{F569E131-B615-4357-ABB5-E21F7211233A},0,,F569E131-B615-4357-ABB5-E21F7211233A,Unknown,,W,,,St,W 7Th St,2024/05/12 21:05:27+00,1519 W 7Th St Los Angeles 90017,F569E131-B615-4357-ABB5-E21F7211233A_1519_W_7Th_St_Los_Angeles_90017,7Th,1519 W 7Th Street St Los Angeles 90017,,,,
660197,1236944,,5142026912.0,,1517.0,1/2,,West,,,7Th,Street,,,,,,,,,,,,,90017.0,,Los Angeles,Los Angeles,,,,,LA City,{091EA8FC-C7C5-4E76-A2D9-414A0D3632DE},0,,091EA8FC-C7C5-4E76-A2D9-414A0D3632DE,Unknown,,W,,,St,W 7Th St,2024/05/12 21:05:27+00,1517 1/2 W 7Th St Los Angeles 90017,091EA8FC-C7C5-4E76-A2D9-414A0D3632DE_1517_1/2_W_7Th_St_Los_Angeles_90017,7Th,1517 1/2 W 7Th Street St Los Angeles 90017,,,,
660198,1236945,,5142026913.0,,1540.0,,,West,,,Wilshire,Boulevard,,,,,,,,,,,,,90017.0,,Los Angeles,Los Angeles,,,,,LA City,{8D99F841-0F3C-4CF1-BDB9-15A738017A1E},0,,8D99F841-0F3C-4CF1-BDB9-15A738017A1E,Unknown,,W,,,Blvd,W Wilshire Blvd,2023/09/12 23:03:18+00,1540 W Wilshire Blvd Los Angeles 90017,8D99F841-0F3C-4CF1-BDB9-15A738017A1E_1540_W_Wilshire_Blvd_Los_Angeles_90017,Wilshire,1540 W Wilshire Boulevard Blvd Los Angeles 90017,,,,
660199,1236946,,5142026915.0,,1544.0,,,West,,,Wilshire,Boulevard,,,,,,,,,,,,,90017.0,,Los Angeles,Los Angeles,,,,,LA City,{2F37F197-BBB4-4AEB-A767-157868FCE0AD},0,,2F37F197-BBB4-4AEB-A767-157868FCE0AD,Unknown,,W,,,Blvd,W Wilshire Blvd,2023/09/12 23:03:18+00,1544 W Wilshire Blvd Los Angeles 90017,2F37F197-BBB4-4AEB-A767-157868FCE0AD_1544_W_Wilshire_Blvd_Los_Angeles_90017,Wilshire,1544 W Wilshire Boulevard Blvd Los Angeles 90017,,,,
660200,1236947,,5142026915.0,,1546.0,,,West,,,Wilshire,Boulevard,,,,,,,,,,,,,90017.0,,Los Angeles,Los Angeles,,,,,LA City,{79A01D05-2A83-43BE-AA05-BAC84FC6051B},0,,79A01D05-2A83-43BE-AA05-BAC84FC6051B,Unknown,,W,,,Blvd,W Wilshire Blvd,2023/09/12 23:03:18+00,1546 W Wilshire Blvd Los Angeles 90017,79A01D05-2A83-43BE-AA05-BAC84FC6051B_1546_W_Wilshire_Blvd_Los_Angeles_90017,Wilshire,1546 W Wilshire Boulevard Blvd Los Angeles 90017,,,,
660201,1236948,,5142026916.0,,1520.0,,,West,,,Ingraham,Street,,,,,,,,,,,,,90017.0,,Los Angeles,Los Angeles,,,,,LA City,{32C286B9-953E-4C71-8D51-C8BA8A3DF0C1},0,,32C286B9-953E-4C71-8D51-C8BA8A3DF0C1,Unknown,,W,,,St,W Ingraham St,2023/09/12 23:03:18+00,1520 W Ingraham St Los Angeles 90017,32C286B9-953E-4C71-8D51-C8BA8A3DF0C1_1520_W_Ingraham_St_Los_Angeles_90017,Ingraham,1520 W Ingraham Street St Los Angeles 90017,,,,
660202,1236949,,5142026917.0,,1532.0,,,West,,,Ingraham,Street,,,,,,,,,,,,1-7,90017.0,,Los Angeles,Los Angeles,,,,,LA City,{9678D160-1F9D-4B20-B160-E4D536F6237A},0,,9678D160-1F9D-4B20-B160-E4D536F6237A,Unknown,,W,,,St,W Ingraham St,2023/09/12 23:03:18+00,1532 W Ingraham St 1-7 Los Angeles 90017,9678D160-1F9D-4B20-B160-E4D536F6237A_1532_W_Ingraham_St_1-7_Los_Angeles_90017,Ingraham,1532 W Ingraham Street St 1-7 Los Angeles 90017,,,,
660203,1236950,,5142026918.0,,1538.0,,,West,,,Ingraham,Street,,,,,,,,,,,,,90017.0,,Los Angeles,Los Angeles,,,,,LA City,{07E6DEF2-9978-4633-A7D7-611538ADE6F1},0,,07E6DEF2-9978-4633-A7D7-611538ADE6F1,Unknown,,W,,,St,W Ingraham St,2023/09/12 23:03:18+00,1538 W Ingraham St Los Angeles 90017,07E6DEF2-9978-4633-A7D7-611538ADE6F1_1538_W_Ingraham_St_Los_Angeles_90017,Ingraham,1538 W Ingraham Street St Los Angeles 90017,,,,
660204,1236951,,5142026918.0,,1534.0,,,,,,Ingraham,Street,,,,,,,,,,,,,90017.0,,Los Angeles,Los Angeles,,,,,Assessor,{876164D3-3325-4DD7-849A-0F8EB0BDD729},0,,876164D3-3325-4DD7-849A-0F8EB0BDD729,Unknown,,,,,St,Ingraham St,2024/04/27 17:13:09+00,1534 Ingraham St Los Angeles 90017,876164D3-3325-4DD7-849A-0F8EB0BDD729_1534_Ingraham_St_Los_Angeles_90017,Ingraham,1534 Ingraham Street St Los Angeles 90017,,,,
660205,1236952,,5142026920.0,,1542.0,,,,,,Ingraham,Street,,,,,,,,,,,,,90017.0,,Los Angeles,Los Angeles,,,,,Assessor,{7C1A5DB1-823F-4402-9D95-F5CDBEEE5D35},0,,7C1A5DB1-823F-4402-9D95-F5CDBEEE5D35,Unknown,,,,,St,Ingraham St,2024/04/27 17:13:09+00,1542 Ingraham St Los Angeles 90017,7C1A5DB1-823F-4402-9D95-F5CDBEEE5D35_1542_Ingraham_St_Los_Angeles_90017,Ingraham,1542 Ingraham Street St Los Angeles 90017,,,,
660206,1236953,,5142026921.0,,1508.0,,,West,,,Wilshire,Boulevard,,,,,,,,,,,,,90017.0,,Los Angeles,Los Angeles,,,,,LA City,{57098C70-52CD-4679-9954-2D333B78F2F0},0,,57098C70-52CD-4679-9954-2D333B78F2F0,Unknown,,W,,,Blvd,W Wilshire Blvd,2023/09/12 23:03:18+00,1508 W Wilshire Blvd Los Angeles 90017,57098C70-52CD-4679-9954-2D333B78F2F0_1508_W_Wilshire_Blvd_Los_Angeles_90017,Wilshire,1508 W Wilshire Boulevard Blvd Los Angeles 90017,,,,
660207,1236954,,5142026921.0,,1524.0,,,West,,,Wilshire,Boulevard,,,,,,,,,,,,,90017.0,,Los Angeles,Los Angeles,,,,,LA City,{0F0B1CF0-5197-4EF2-98D5-B016C9781D32},0,,0F0B1CF0-5197-4EF2-98D5-B016C9781D32,Unknown,,W,,,Blvd,W Wilshire Blvd,2023/09/12 23:03:18+00,1524 W Wilshire Blvd Los Angeles 90017,0F0B1CF0-5197-4EF2-98D5-B016C9781D32_1524_W_Wilshire_Blvd_Los_Angeles_90017,Wilshire,1524 W Wilshire Boulevard Blvd Los Angeles 90017,,,,
660208,1236955,,5142026921.0,,1500.0,,,West,,,Wilshire,Boulevard,,,,,,,,,,,,,90017.0,,Los Angeles,Los Angeles,,,,,LA City,{10E0C924-50EF-47ED-A7EE-6AF61331A552},0,,10E0C924-50EF-47ED-A7EE-6AF61331A552,Unknown,,W,,,Blvd,W Wilshire Blvd,2023/09/12 23:03:18+00,1500 W Wilshire Blvd Los Angeles 90017,10E0C924-50EF-47ED-A7EE-6AF61331A552_1500_W_Wilshire_Blvd_Los_Angeles_90017,Wilshire,1500 W Wilshire Boulevard Blvd Los Angeles 90017,,,,
660209,1236956,,5142026921.0,,1520.0,,,West,,,Wilshire,Boulevard,,,,,,,,,,,,,90017.0,,Los Angeles,Los Angeles,,,,,LA City,{ABCD5741-C675-4907-A53D-FC02D7A015A9},0,,ABCD5741-C675-4907-A53D-FC02D7A015A9,Unknown,,W,,,Blvd,W Wilshire Blvd,2023/09/12 23:03:18+00,1520 W Wilshire Blvd Los Angeles 90017,ABCD5741-C675-4907-A53D-FC02D7A015A9_1520_W_Wilshire_Blvd_Los_Angeles_90017,Wilshire,1520 W Wilshire Boulevard Blvd Los Angeles 90017,,,,
660210,1236957,,5142026921.0,,1522.0,1/2,,West,,,Wilshire,Boulevard,,,,,,,,,,,,,90017.0,,Los Angeles,Los Angeles,,,,,LA City,{703A5838-EB20-416C-AD84-CDF5D4C81DC6},0,,703A5838-EB20-416C-AD84-CDF5D4C81DC6,Unknown,,W,,,Blvd,W Wilshire Blvd,2024/05/12 21:05:27+00,1522 1/2 W Wilshire Blvd Los Angeles 90017,703A5838-EB20-416C-AD84-CDF5D4C81DC6_1522_1/2_W_Wilshire_Blvd_Los_Angeles_90017,Wilshire,1522 1/2 W Wilshire Boulevard Blvd Los Angeles 90017,,,,
660211,1236958,,5142026921.0,,1522.0,,,West,,,Wilshire,Boulevard,,,,,,,,,,,,,90017.0,,Los Angeles,Los Angeles,,,,,LA City,{FB2F3010-F60E-4F9E-85E5-45491F3957A5},0,,FB2F3010-F60E-4F9E-85E5-45491F3957A5,Unknown,,W,,,Blvd,W Wilshire Blvd,2024/05/12 21:05:27+00,1522 W Wilshire Blvd Los Angeles 90017,FB2F3010-F60E-4F9E-85E5-45491F3957A5_1522_W_Wilshire_Blvd_Los_Angeles_90017,Wilshire,1522 W Wilshire Boulevard Blvd Los Angeles 90017,,,,
660212,1236959,,5142026922.0,,669.0,,,South,,,Valencia,Street,,,,,,,,,,,,,90017.0,,Los Angeles,Los Angeles,,,,,LA City,{D51B05AF-B075-4CC5-9906-62C398F2CE6F},0,,D51B05AF-B075-4CC5-9906-62C398F2CE6F,Unknown,,S,,,St,S Valencia St,2023/09/12 23:03:18+00,669 S Valencia St Los Angeles 90017,D51B05AF-B075-4CC5-9906-62C398F2CE6F_669_S_Valencia_St_Los_Angeles_90017,Valencia,669 S Valencia Street St Los Angeles 90017,,,,
660213,1236960,,5142026924.0,,1515.0,,,West,,,Ingraham,Street,,,,,,,,,,,,,90017.0,,Los Angeles,Los Angeles,,,,,LA City,{DA7F6736-4178-4BA7-AEF2-EF4678F8AC42},0,,DA7F6736-4178-4BA7-AEF2-EF4678F8AC42,Unknown,,W,,,St,W Ingraham St,2023/09/12 23:03:18+00,1515 W Ingraham St Los Angeles 90017,DA7F6736-4178-4BA7-AEF2-EF4678F8AC42_1515_W_Ingraham_St_Los_Angeles_90017,Ingraham,1515 W Ingraham Street St Los Angeles 90017,,,,
660214,1236961,,5142026925.0,,1519.0,,,West,,,Ingraham,Street,,,,,,,,,,,,,90017.0,,Los Angeles,Los Angeles,,,,,LA City,{A524AC66-B28F-4AFB-9413-F9FAC8709BAD},0,,A524AC66-B28F-4AFB-9413-F9FAC8709BAD,Unknown,,W,,,St,W Ingraham St,2023/09/12 23:03:18+00,1519 W Ingraham St Los Angeles 90017,A524AC66-B28F-4AFB-9413-F9FAC8709BAD_1519_W_Ingraham_St_Los_Angeles_90017,Ingraham,1519 W Ingraham Street St Los Angeles 90017,,,,
660215,1236962,,5142026926.0,,1526.0,,,West,,,Wilshire,Boulevard,,,,,,,,,,,,,90017.0,,Los Angeles,Los Angeles,,,,,LA City,{496F7976-93AF-4C9A-A0BF-E204D7969C9B},0,,496F7976-93AF-4C9A-A0BF-E204D7969C9B,Unknown,,W,,,Blvd,W Wilshire Blvd,2023/09/12 23:03:18+00,1526 W Wilshire Blvd Los Angeles 90017,496F7976-93AF-4C9A-A0BF-E204D7969C9B_1526_W_Wilshire_Blvd_Los_Angeles_90017,Wilshire,1526 W Wilshire Boulevard Blvd Los Angeles 90017,,,,
660216,1236963,,5142026927.0,,1529.0,,,West,,,Ingraham,Street,,,,,,,,,,,,,90017.0,,Los Angeles,Los Angeles,,,,,LA City,{1FC3790D-573A-4610-82D4-2DD88D3913F6},0,,1FC3790D-573A-4610-82D4-2DD88D3913F6,Unknown,,W,,,St,W Ingraham St,2023/09/12 23:03:18+00,1529 W Ingraham St Los Angeles 90017,1FC3790D-573A-4610-82D4-2DD88D3913F6_1529_W_Ingraham_St_Los_Angeles_90017,Ingraham,1529 W Ingraham Street St Los Angeles 90017,,,,
660217,1236964,,5142026928.0,,1532.0,,,West,,,Wilshire,Boulevard,,,,,,,,,,,,,90017.0,,Los Angeles,Los Angeles,,,,,LA City,{5C4A84B3-5080-45B4-BAEE-ADAE96484082},0,,5C4A84B3-5080-45B4-BAEE-ADAE96484082,Unknown,,W,,,Blvd,W Wilshire Blvd,2023/09/12 23:03:18+00,1532 W Wilshire Blvd Los Angeles 90017,5C4A84B3-5080-45B4-BAEE-ADAE96484082_1532_W_Wilshire_Blvd_Los_Angeles_90017,Wilshire,1532 W Wilshire Boulevard Blvd Los Angeles 90017,,,,
660218,1236965,,5142026929.0,,1533.0,,,West,,,Ingraham,Street,,,,,,,,,,,,,90017.0,,Los Angeles,Los Angeles,,,,,LA City,{77EEF837-5632-46BE-8148-6ED286AED2F9},0,,77EEF837-5632-46BE-8148-6ED286AED2F9,Unknown,,W,,,St,W Ingraham St,2023/09/12 23:03:18+00,1533 W Ingraham St Los Angeles 90017,77EEF837-5632-46BE-8148-6ED286AED2F9_1533_W_Ingraham_St_Los_Angeles_90017,Ingraham,1533 W Ingraham Street St Los Angeles 90017,,,,
660219,1236966,,5142026930.0,,1545.0,,,West,,,Ingraham,Street,,,,,,,,,,,,,90017.0,,Los Angeles,Los Angeles,,,,,LA City,{10EF5449-37BC-421B-8E04-2D5AE4566E43},0,,10EF5449-37BC-421B-8E04-2D5AE4566E43,Unknown,,W,,,St,W Ingraham St,2023/09/12 23:03:18+00,1545 W Ingraham St Los Angeles 90017,10EF5449-37BC-421B-8E04-2D5AE4566E43_1545_W_Ingraham_St_Los_Angeles_90017,Ingraham,1545 W Ingraham Street St Los Angeles 90017,,,,
660220,1236967,,5142026931.0,,1551.0,,,West,,,Ingraham,Street,,,,,,,,,,,,,90017.0,,Los Angeles,Los Angeles,,,,,LA City,{A8C7AD02-9047-4E45-9C20-F00521F1BA33},0,,A8C7AD02-9047-4E45-9C20-F00521F1BA33,Unknown,,W,,,St,W Ingraham St,2023/09/12 23:03:18+00,1551 W Ingraham St Los Angeles 90017,A8C7AD02-9047-4E45-9C20-F00521F1BA33_1551_W_Ingraham_St_Los_Angeles_90017,Ingraham,1551 W Ingraham Street St Los Angeles 90017,,,,
660221,1236968,,5142027014.0,,1527.0,,,West,,,Wilshire,Boulevard,,,,,,,,,,,,,90017.0,,Los Angeles,Los Angeles,,,,,LA City,{C0CBE3C8-7C99-478E-9C91-05EA9421F6BC},0,,C0CBE3C8-7C99-478E-9C91-05EA9421F6BC,Unknown,,W,,,Blvd,W Wilshire Blvd,2023/09/12 23:03:18+00,1527 W Wilshire Blvd Los Angeles 90017,C0CBE3C8-7C99-478E-9C91-05EA9421F6BC_1527_W_Wilshire_Blvd_Los_Angeles_90017,Wilshire,1527 W Wilshire Boulevard Blvd Los Angeles 90017,,,,
660222,1236969,,5142027016.0,,1533.0,,,West,,,Wilshire,Boulevard,,,,,,,,,,,,,90017.0,,Los Angeles,Los Angeles,,,,,LA City,{84E26A08-0A9D-4575-B929-B4929911AA50},0,,84E26A08-0A9D-4575-B929-B4929911AA50,Unknown,,W,,,Blvd,W Wilshire Blvd,2023/09/12 23:03:18+00,1533 W Wilshire Blvd Los Angeles 90017,84E26A08-0A9D-4575-B929-B4929911AA50_1533_W_Wilshire_Blvd_Los_Angeles_90017,Wilshire,1533 W Wilshire Boulevard Blvd Los Angeles 90017,,,,
660223,1236970,,5142027025.0,,1541.0,,,West,,,Wilshire,Boulevard,,,,,,,,,,,,,90017.0,,Los Angeles,Los Angeles,,,,,LA City,{219EFD75-868B-496E-9910-70BC8E20F34D},0,,219EFD75-868B-496E-9910-70BC8E20F34D,Unknown,,W,,,Blvd,W Wilshire Blvd,2023/09/12 23:03:18+00,1541 W Wilshire Blvd Los Angeles 90017,219EFD75-868B-496E-9910-70BC8E20F34D_1541_W_Wilshire_Blvd_Los_Angeles_90017,Wilshire,1541 W Wilshire Boulevard Blvd Los Angeles 90017,,,,
660224,1236971,,5142027036.0,,1545.0,,,West,,,Wilshire,Boulevard,,,,,,,,,,,,,90017.0,,Los Angeles,Los Angeles,,,,,LA City,{18A9547E-E12B-4432-A491-63A4CAF96D93},0,,18A9547E-E12B-4432-A491-63A4CAF96D93,Unknown,,W,,,Blvd,W Wilshire Blvd,2023/09/12 23:03:18+00,1545 W Wilshire Blvd Los Angeles 90017,18A9547E-E12B-4432-A491-63A4CAF96D93_1545_W_Wilshire_Blvd_Los_Angeles_90017,Wilshire,1545 W Wilshire Boulevard Blvd Los Angeles 90017,,,,
660225,1236972,,5142027039.0,,1501.0,,,West,,,Wilshire,Boulevard,,,,,,,,,,,,,90017.0,,Los Angeles,Los Angeles,,,,,LA City,{1BB27742-9A20-4453-9E69-2CCECFC15C7D},0,,1BB27742-9A20-4453-9E69-2CCECFC15C7D,Unknown,,W,,,Blvd,W Wilshire Blvd,2023/09/12 23:03:18+00,1501 W Wilshire Blvd Los Angeles 90017,1BB27742-9A20-4453-9E69-2CCECFC15C7D_1501_W_Wilshire_Blvd_Los_Angeles_90017,Wilshire,1501 W Wilshire Boulevard Blvd Los Angeles 90017,,,,
660226,1236973,,5142027039.0,,1503.0,,,West,,,Wilshire,Boulevard,,,,,,,,,,,,,90017.0,,Los Angeles,Los Angeles,,,,,LA City,{D135B773-4E4A-47BE-BDF6-F081B3C1E302},0,,D135B773-4E4A-47BE-BDF6-F081B3C1E302,Unknown,,W,,,Blvd,W Wilshire Blvd,2023/09/12 23:03:18+00,1503 W Wilshire Blvd Los Angeles 90017,D135B773-4E4A-47BE-BDF6-F081B3C1E302_1503_W_Wilshire_Blvd_Los_Angeles_90017,Wilshire,1503 W Wilshire Boulevard Blvd Los Angeles 90017,,,,
660227,1236974,,5142027039.0,,1525.0,,,West,,,Wilshire,Boulevard,,,,,,,,,,,,,90017.0,,Los Angeles,Los Angeles,,,,,LA City,{F38A164C-3F23-4E55-9B17-F0D712BCAA9C},0,,F38A164C-3F23-4E55-9B17-F0D712BCAA9C,Unknown,,W,,,Blvd,W Wilshire Blvd,2023/09/12 23:03:18+00,1525 W Wilshire Blvd Los Angeles 90017,F38A164C-3F23-4E55-9B17-F0D712BCAA9C_1525_W_Wilshire_Blvd_Los_Angeles_90017,Wilshire,1525 W Wilshire Boulevard Blvd Los Angeles 90017,,,,
660228,1236975,,5142027039.0,,1523.0,,,West,,,Wilshire,Boulevard,,,,,,,,,,,,,90017.0,,Los Angeles,Los Angeles,,,,,LA City,{C71B06D2-8552-42DC-835B-FFE7FC615431},0,,C71B06D2-8552-42DC-835B-FFE7FC615431,Unknown,,W,,,Blvd,W Wilshire Blvd,2023/09/12 23:03:18+00,1523 W Wilshire Blvd Los Angeles 90017,C71B06D2-8552-42DC-835B-FFE7FC615431_1523_W_Wilshire_Blvd_Los_Angeles_90017,Wilshire,1523 W Wilshire Boulevard Blvd Los Angeles 90017,,,,
660229,1236976,,5142027039.0,,1515.0,,,West,,,Wilshire,Boulevard,,,,,,,,,,,,,90017.0,,Los Angeles,Los Angeles,,,,,LA City,{3999B219-3D59-42A8-9A83-4E5F564E2EA8},0,,3999B219-3D59-42A8-9A83-4E5F564E2EA8,Unknown,,W,,,Blvd,W Wilshire Blvd,2023/09/12 23:03:18+00,1515 W Wilshire Blvd Los Angeles 90017,3999B219-3D59-42A8-9A83-4E5F564E2EA8_1515_W_Wilshire_Blvd_Los_Angeles_90017,Wilshire,1515 W Wilshire Boulevard Blvd Los Angeles 90017,,,,
660230,1236977,,5142027039.0,,1521.0,,,West,,,Wilshire,Boulevard,,,,,,,,,,,,,90017.0,,Los Angeles,Los Angeles,,,,,LA City,{1997C26D-B7C2-4B1A-825D-D20362D89ADA},0,,1997C26D-B7C2-4B1A-825D-D20362D89ADA,Unknown,,W,,,Blvd,W Wilshire Blvd,2023/09/12 23:03:18+00,1521 W Wilshire Blvd Los Angeles 90017,1997C26D-B7C2-4B1A-825D-D20362D89ADA_1521_W_Wilshire_Blvd_Los_Angeles_90017,Wilshire,1521 W Wilshire Boulevard Blvd Los Angeles 90017,,,,
660231,1236978,,5142028012.0,,1542.0,,,West,,,6Th,Street,,,,,,,,,,,,,90017.0,,Los Angeles,Los Angeles,,,,,LA City,{E884754D-B7AC-49C4-9ACC-2F35E0D4B246},0,,E884754D-B7AC-49C4-9ACC-2F35E0D4B246,Unknown,,W,,,St,W 6Th St,2023/09/12 23:03:18+00,1542 W 6Th St Los Angeles 90017,E884754D-B7AC-49C4-9ACC-2F35E0D4B246_1542_W_6Th_St_Los_Angeles_90017,6Th,1542 W 6Th Street St Los Angeles 90017,,,,
660232,1236979,,5142028012.0,,1540.0,,,West,,,6Th,Street,,,,,,,,,,,,,90017.0,,Los Angeles,Los Angeles,,,,,LA City,{F7293BC5-4C4E-4DB5-8879-BC653B88D948},0,,F7293BC5-4C4E-4DB5-8879-BC653B88D948,Unknown,,W,,,St,W 6Th St,2023/09/12 23:03:18+00,1540 W 6Th St Los Angeles 90017,F7293BC5-4C4E-4DB5-8879-BC653B88D948_1540_W_6Th_St_Los_Angeles_90017,6Th,1540 W 6Th Street St Los Angeles 90017,,,,
660233,1236980,,5142028014.0,,1556.0,,,West,,,6Th,Street,,,,,,,,,,,,,90017.0,,Los Angeles,Los Angeles,,,,,LA City,{A00577F5-4984-4C0E-8B20-34BA672C1E30},0,,A00577F5-4984-4C0E-8B20-34BA672C1E30,Unknown,,W,,,St,W 6Th St,2023/09/12 23:03:18+00,1556 W 6Th St Los Angeles 90017,A00577F5-4984-4C0E-8B20-34BA672C1E30_1556_W_6Th_St_Los_Angeles_90017,6Th,1556 W 6Th Street St Los Angeles 90017,,,,
660234,1236981,,5142028014.0,,1550.0,,,West,,,6Th,Street,,,,,,,,,,,,,90017.0,,Los Angeles,Los Angeles,,,,,LA City,{D48B072B-D785-4AD5-9D3C-5EA9F9047045},0,,D48B072B-D785-4AD5-9D3C-5EA9F9047045,Unknown,,W,,,St,W 6Th St,2023/09/12 23:03:18+00,1550 W 6Th St Los Angeles 90017,D48B072B-D785-4AD5-9D3C-5EA9F9047045_1550_W_6Th_St_Los_Angeles_90017,6Th,1550 W 6Th Street St Los Angeles 90017,,,,
660235,1236982,,5142028014.0,,1544.0,,,West,,,6Th,Street,,,,,,,,,,,,,90017.0,,Los Angeles,Los Angeles,,,,,LA City,{60B19885-051B-4A98-99E9-CD8B4E1DD20D},0,,60B19885-051B-4A98-99E9-CD8B4E1DD20D,Unknown,,W,,,St,W 6Th St,2023/09/12 23:03:18+00,1544 W 6Th St Los Angeles 90017,60B19885-051B-4A98-99E9-CD8B4E1DD20D_1544_W_6Th_St_Los_Angeles_90017,6Th,1544 W 6Th Street St Los Angeles 90017,,,,
660236,1236983,,5142028014.0,,1554.0,,,West,,,6Th,Street,,,,,,,,,,,,,90017.0,,Los Angeles,Los Angeles,,,,,LA City,{477941C9-BD28-4EB2-B043-84CFD701EDD2},0,,477941C9-BD28-4EB2-B043-84CFD701EDD2,Unknown,,W,,,St,W 6Th St,2023/09/12 23:03:18+00,1554 W 6Th St Los Angeles 90017,477941C9-BD28-4EB2-B043-84CFD701EDD2_1554_W_6Th_St_Los_Angeles_90017,6Th,1554 W 6Th Street St Los Angeles 90017,,,,
660237,1236984,,5142028014.0,,1546.0,,,West,,,6Th,Street,,,,,,,,,,,,,90017.0,,Los Angeles,Los Angeles,,,,,LA City,{2D73B2B3-F684-4A22-BAA4-C5C8A38BD461},0,,2D73B2B3-F684-4A22-BAA4-C5C8A38BD461,Unknown,,W,,,St,W 6Th St,2023/09/12 23:03:18+00,1546 W 6Th St Los Angeles 90017,2D73B2B3-F684-4A22-BAA4-C5C8A38BD461_1546_W_6Th_St_Los_Angeles_90017,6Th,1546 W 6Th Street St Los Angeles 90017,,,,
660238,1236985,,5142028014.0,,1552.0,,,West,,,6Th,Street,,,,,,,,,,,,,90017.0,,Los Angeles,Los Angeles,,,,,LA City,{72B300A4-30DC-4A1A-AA39-6362D208FE38},0,,72B300A4-30DC-4A1A-AA39-6362D208FE38,Unknown,,W,,,St,W 6Th St,2023/09/12 23:03:18+00,1552 W 6Th St Los Angeles 90017,72B300A4-30DC-4A1A-AA39-6362D208FE38_1552_W_6Th_St_Los_Angeles_90017,6Th,1552 W 6Th Street St Los Angeles 90017,,,,
660239,1236986,,5142028019.0,,1400.0,,,West,,,6Th,Street,,,,,,,,,,,,,90017.0,,Los Angeles,Los Angeles,,,,,LA City,{E1817078-0BCF-4FDC-83F4-9EC8832C6CF1},0,,E1817078-0BCF-4FDC-83F4-9EC8832C6CF1,Unknown,,W,,,St,W 6Th St,2023/09/12 23:03:18+00,1400 W 6Th St Los Angeles 90017,E1817078-0BCF-4FDC-83F4-9EC8832C6CF1_1400_W_6Th_St_Los_Angeles_90017,6Th,1400 W 6Th Street St Los Angeles 90017,,,,
660240,1236987,,5142028019.0,,1406.0,,,West,,,6Th,Street,,,,,,,,,,,,,90017.0,,Los Angeles,Los Angeles,,,,,LA City,{864F448B-3E37-440A-BBB9-B7A4E7CDB2FA},0,,864F448B-3E37-440A-BBB9-B7A4E7CDB2FA,Unknown,,W,,,St,W 6Th St,2023/09/12 23:03:18+00,1406 W 6Th St Los Angeles 90017,864F448B-3E37-440A-BBB9-B7A4E7CDB2FA_1406_W_6Th_St_Los_Angeles_90017,6Th,1406 W 6Th Street St Los Angeles 90017,,,,
660241,1236988,,5142028019.0,,1402.0,,,West,,,6Th,Street,,,,,,,,,,,,,90017.0,,Los Angeles,Los Angeles,,,,,LA City,{8C085229-665F-4221-9912-4B1D681F3850},0,,8C085229-665F-4221-9912-4B1D681F3850,Unknown,,W,,,St,W 6Th St,2023/09/12 23:03:18+00,1402 W 6Th St Los Angeles 90017,8C085229-665F-4221-9912-4B1D681F3850_1402_W_6Th_St_Los_Angeles_90017,6Th,1402 W 6Th Street St Los Angeles 90017,,,,
660242,1236989,,5142028019.0,,1404.0,,,West,,,6Th,Street,,,,,,,,,,,,,90017.0,,Los Angeles,Los Angeles,,,,,LA City,{EA63FBE5-D84E-41B0-9039-52B4B7451CA3},0,,EA63FBE5-D84E-41B0-9039-52B4B7451CA3,Unknown,,W,,,St,W 6Th St,2023/09/12 23:03:18+00,1404 W 6Th St Los Angeles 90017,EA63FBE5-D84E-41B0-9039-52B4B7451CA3_1404_W_6Th_St_Los_Angeles_90017,6Th,1404 W 6Th Street St Los Angeles 90017,,,,
660243,1236990,,5142028019.0,,1408.0,,,West,,,6Th,Street,,,,,,,,,,,,,90017.0,,Los Angeles,Los Angeles,,,,,LA City,{1AF7C3A4-A970-47C0-B8CC-D94EAE235461},0,,1AF7C3A4-A970-47C0-B8CC-D94EAE235461,Unknown,,W,,,St,W 6Th St,2023/09/12 23:03:18+00,1408 W 6Th St Los Angeles 90017,1AF7C3A4-A970-47C0-B8CC-D94EAE235461_1408_W_6Th_St_Los_Angeles_90017,6Th,1408 W 6Th Street St Los Angeles 90017,,,,
660244,1236991,,5142028020.0,,1500.0,,,West,,,6Th,Street,,,,,,,,,,,,,90017.0,,Los Angeles,Los Angeles,,,,,LA City,{D58B4258-3C7D-4380-B1DF-E85B29CF4FCE},0,,D58B4258-3C7D-4380-B1DF-E85B29CF4FCE,Unknown,,W,,,St,W 6Th St,2023/09/12 23:03:18+00,1500 W 6Th St Los Angeles 90017,D58B4258-3C7D-4380-B1DF-E85B29CF4FCE_1500_W_6Th_St_Los_Angeles_90017,6Th,1500 W 6Th Street St Los Angeles 90017,,,,
660245,1236992,,5142028020.0,,1508.0,,,West,,,6Th,Street,,,,,,,,,,,,,90017.0,,Los Angeles,Los Angeles,,,,,LA City,{B63749BC-5D0D-48E7-9A40-374D018A9055},0,,B63749BC-5D0D-48E7-9A40-374D018A9055,Unknown,,W,,,St,W 6Th St,2023/09/12 23:03:18+00,1508 W 6Th St Los Angeles 90017,B63749BC-5D0D-48E7-9A40-374D018A9055_1508_W_6Th_St_Los_Angeles_90017,6Th,1508 W 6Th Street St Los Angeles 90017,,,,
660246,1236993,,5142028020.0,,1530.0,,,West,,,6th,Street,,,,,,,,,,,,,90017.0,,Los Angeles,Los Angeles,,,,,Assessor,{41EC5655-3146-4220-B20A-A529246FD4C9},0,,41EC5655-3146-4220-B20A-A529246FD4C9,Unknown,,W,,,St,W 6th St,2024/04/27 17:13:09+00,1530 W 6th St Los Angeles 90017,41EC5655-3146-4220-B20A-A529246FD4C9_1530_W_6th_St_Los_Angeles_90017,6th,1530 W 6th Street St Los Angeles 90017,,,,
660247,1236994,,5142028031.0,,620.0,,,South,,,Union,Avenue,,,,,,,,,,,,,90017.0,,Los Angeles,Los Angeles,,,,,LA City,{E0BE342A-80ED-4DBB-BA61-77F54F7A517A},0,,E0BE342A-80ED-4DBB-BA61-77F54F7A517A,Unknown,,S,,,Ave,S Union Ave,2023/09/12 23:03:18+00,620 S Union Ave Los Angeles 90017,E0BE342A-80ED-4DBB-BA61-77F54F7A517A_620_S_Union_Ave_Los_Angeles_90017,Union,620 S Union Avenue Ave Los Angeles 90017,,,,
660248,1236995,,5142028032.0,,1501.0,,,,,,Shatto,Street,,,,,,,,,,,,,90017.0,,Los Angeles,Los Angeles,,,,,Assessor,{4E6409DE-0CE7-4101-8949-9B290C8A4174},0,,4E6409DE-0CE7-4101-8949-9B290C8A4174,Unknown,,,,,St,Shatto St,2024/04/27 17:13:09+00,1501 Shatto St Los Angeles 90017,4E6409DE-0CE7-4101-8949-9B290C8A4174_1501_Shatto_St_Los_Angeles_90017,Shatto,1501 Shatto Street St Los Angeles 90017,,,,
660249,1236996,,5143001006.0,,814.0,,,South,,,Columbia,Avenue,,,,,,,,,,,,,90017.0,,Los Angeles,Los Angeles,,,,,LA City,{81C6C10C-F9DA-492C-99CF-B951064A89BB},0,,81C6C10C-F9DA-492C-99CF-B951064A89BB,Unknown,,S,,,Ave,S Columbia Ave,2023/09/12 23:03:18+00,814 S Columbia Ave Los Angeles 90017,81C6C10C-F9DA-492C-99CF-B951064A89BB_814_S_Columbia_Ave_Los_Angeles_90017,Columbia,814 S Columbia Avenue Ave Los Angeles 90017,,,,
660251,1236998,,5143001009.0,,820.0,,,South,,,Columbia,Avenue,,,,,,,,,,,,,90017.0,,Los Angeles,Los Angeles,,,,,LA City,{E82FE29F-D14C-4F53-81AC-776083CF40B8},0,,E82FE29F-D14C-4F53-81AC-776083CF40B8,Unknown,,S,,,Ave,S Columbia Ave,2023/09/12 23:03:18+00,820 S Columbia Ave Los Angeles 90017,E82FE29F-D14C-4F53-81AC-776083CF40B8_820_S_Columbia_Ave_Los_Angeles_90017,Columbia,820 S Columbia Avenue Ave Los Angeles 90017,,,,
660253,1237000,,5143001012.0,,1310.0,,,West,,,8Th,Street,,,,,,,,,,,,,90017.0,,Los Angeles,Los Angeles,,,,,LA City,{6CEE97F7-3601-4ED5-B192-76CC3D9699F0},0,,6CEE97F7-3601-4ED5-B192-76CC3D9699F0,Unknown,,W,,,St,W 8Th St,2023/09/12 23:03:18+00,1310 W 8Th St Los Angeles 90017,6CEE97F7-3601-4ED5-B192-76CC3D9699F0_1310_W_8Th_St_Los_Angeles_90017,8Th,1310 W 8Th Street St Los Angeles 90017,,,,
660254,1237001,,5143001012.0,,1308.0,,,West,,,8Th,Street,,,,,,,,,,,,,90017.0,,Los Angeles,Los Angeles,,,,,LA City,{C241CC49-950D-4ED8-9B9D-B6F5B2AF7BC0},0,,C241CC49-950D-4ED8-9B9D-B6F5B2AF7BC0,Unknown,,W,,,St,W 8Th St,2023/09/12 23:03:18+00,1308 W 8Th St Los Angeles 90017,C241CC49-950D-4ED8-9B9D-B6F5B2AF7BC0_1308_W_8Th_St_Los_Angeles_90017,8Th,1308 W 8Th Street St Los Angeles 90017,,,,
660255,1237002,,5143001012.0,,815.0,,,South,,,Witmer,Street,,,,,,,,,,,,,90017.0,,Los Angeles,Los Angeles,,,,,LA City,{BD9A3606-4B4B-4511-B388-70F5A4C24A9F},0,,BD9A3606-4B4B-4511-B388-70F5A4C24A9F,Unknown,,S,,,St,S Witmer St,2023/09/12 23:03:18+00,815 S Witmer St Los Angeles 90017,BD9A3606-4B4B-4511-B388-70F5A4C24A9F_815_S_Witmer_St_Los_Angeles_90017,Witmer,815 S Witmer Street St Los Angeles 90017,,,,
660257,1237004,,5143001014.0,,1320.0,,,West,,,8Th,Street,,,,,,,,,,,,,90017.0,,Los Angeles,Los Angeles,,,,,LA City,{B2F5499B-9CA4-4724-B427-49F969FCFAE9},0,,B2F5499B-9CA4-4724-B427-49F969FCFAE9,Unknown,,W,,,St,W 8Th St,2023/09/12 23:03:18+00,1320 W 8Th St Los Angeles 90017,B2F5499B-9CA4-4724-B427-49F969FCFAE9_1320_W_8Th_St_Los_Angeles_90017,8Th,1320 W 8Th Street St Los Angeles 90017,,,,
660258,1237005,,5143001014.0,,1318.0,,,West,,,8Th,Street,,,,,,,,,,,,,90017.0,,Los Angeles,Los Angeles,,,,,LA City,{B11485C9-23F4-4BDE-A118-A8777C9C7430},0,,B11485C9-23F4-4BDE-A118-A8777C9C7430,Unknown,,W,,,St,W 8Th St,2023/09/12 23:03:18+00,1318 W 8Th St Los Angeles 90017,B11485C9-23F4-4BDE-A118-A8777C9C7430_1318_W_8Th_St_Los_Angeles_90017,8Th,1318 W 8Th Street St Los Angeles 90017,,,,
660259,1237006,,5143001014.0,,1314.0,,,West,,,8Th,Street,,,,,,,,,,,,,90017.0,,Los Angeles,Los Angeles,,,,,LA City,{E28B8FD1-C08E-40BF-878F-D342F1593E2A},0,,E28B8FD1-C08E-40BF-878F-D342F1593E2A,Unknown,,W,,,St,W 8Th St,2023/09/12 23:03:18+00,1314 W 8Th St Los Angeles 90017,E28B8FD1-C08E-40BF-878F-D342F1593E2A_1314_W_8Th_St_Los_Angeles_90017,8Th,1314 W 8Th Street St Los Angeles 90017,,,,
660260,1237007,,5143001014.0,,808.0,,,South,,,Columbia,Avenue,,,,,,,,,,,,,90017.0,,Los Angeles,Los Angeles,,,,,LA City,{F561422E-CD01-4F4F-8123-4BE3E215AE27},0,,F561422E-CD01-4F4F-8123-4BE3E215AE27,Unknown,,S,,,Ave,S Columbia Ave,2023/09/12 23:03:18+00,808 S Columbia Ave Los Angeles 90017,F561422E-CD01-4F4F-8123-4BE3E215AE27_808_S_Columbia_Ave_Los_Angeles_90017,Columbia,808 S Columbia Avenue Ave Los Angeles 90017,,,,
660261,1237008,,5143001014.0,,1316.0,,,West,,,8Th,Street,,,,,,,,,,,,,90017.0,,Los Angeles,Los Angeles,,,,,LA City,{240035EF-B48A-4B07-AC4F-D1D0441F54B7},0,,240035EF-B48A-4B07-AC4F-D1D0441F54B7,Unknown,,W,,,St,W 8Th St,2023/09/12 23:03:18+00,1316 W 8Th St Los Angeles 90017,240035EF-B48A-4B07-AC4F-D1D0441F54B7_1316_W_8Th_St_Los_Angeles_90017,8Th,1316 W 8Th Street St Los Angeles 90017,,,,
660262,1237009,,5143001014.0,,1312.0,,,West,,,8Th,Street,,,,,,,,,,,,,90017.0,,Los Angeles,Los Angeles,,,,,LA City,{F736289A-023A-4DC5-8F6E-36EE216595A3},0,,F736289A-023A-4DC5-8F6E-36EE216595A3,Unknown,,W,,,St,W 8Th St,2023/09/12 23:03:18+00,1312 W 8Th St Los Angeles 90017,F736289A-023A-4DC5-8F6E-36EE216595A3_1312_W_8Th_St_Los_Angeles_90017,8Th,1312 W 8Th Street St Los Angeles 90017,,,,
660264,1237011,,5143002002.0,,1238.0,,,West,,,8Th,Street,,,,,,,,,,,,,90017.0,,Los Angeles,Los Angeles,,,,,LA City,{D57CFD60-4FAA-46AF-BF7A-75AA18535EDF},0,,D57CFD60-4FAA-46AF-BF7A-75AA18535EDF,Unknown,,W,,,St,W 8Th St,2023/09/12 23:03:18+00,1238 W 8Th St Los Angeles 90017,D57CFD60-4FAA-46AF-BF7A-75AA18535EDF_1238_W_8Th_St_Los_Angeles_90017,8Th,1238 W 8Th Street St Los Angeles 90017,,,,
660267,1237014,,5143002004.0,,1230.0,,,West,,,8Th,Street,,,,,,,,,,,,,90017.0,,Los Angeles,Los Angeles,,,,,LA City,{E69C5C17-05A7-4509-96AC-31A9642903A0},0,,E69C5C17-05A7-4509-96AC-31A9642903A0,Unknown,,W,,,St,W 8Th St,2023/09/12 23:03:18+00,1230 W 8Th St Los Angeles 90017,E69C5C17-05A7-4509-96AC-31A9642903A0_1230_W_8Th_St_Los_Angeles_90017,8Th,1230 W 8Th Street St Los Angeles 90017,,,,
660270,1237017,,5143002006.0,,1224.0,,,West,,,8Th,Street,,,,,,,,,,,,,90017.0,,Los Angeles,Los Angeles,,,,,LA City,{E9245DBC-9422-4B52-9F03-2ADBDA03CD91},0,,E9245DBC-9422-4B52-9F03-2ADBDA03CD91,Unknown,,W,,,St,W 8Th St,2023/09/12 23:03:18+00,1224 W 8Th St Los Angeles 90017,E9245DBC-9422-4B52-9F03-2ADBDA03CD91_1224_W_8Th_St_Los_Angeles_90017,8Th,1224 W 8Th Street St Los Angeles 90017,,,,
660272,1237019,,5143002008.0,,1222.0,,,West,,,8Th,Street,,,,,,,,,,,,,90017.0,,Los Angeles,Los Angeles,,,,,LA City,{F932F5A6-CDD7-4792-875D-D96B11AF6C9F},0,,F932F5A6-CDD7-4792-875D-D96B11AF6C9F,Unknown,,W,,,St,W 8Th St,2023/09/12 23:03:18+00,1222 W 8Th St Los Angeles 90017,F932F5A6-CDD7-4792-875D-D96B11AF6C9F_1222_W_8Th_St_Los_Angeles_90017,8Th,1222 W 8Th Street St Los Angeles 90017,,,,
660273,1237020,,5143002010.0,,1218.0,,,West,,,8Th,Street,,,,,,,,,,,,,90017.0,,Los Angeles,Los Angeles,,,,,LA City,{85598FEC-C146-4300-BE1E-3345AD047805},0,,85598FEC-C146-4300-BE1E-3345AD047805,Unknown,,W,,,St,W 8Th St,2023/09/12 23:03:18+00,1218 W 8Th St Los Angeles 90017,85598FEC-C146-4300-BE1E-3345AD047805_1218_W_8Th_St_Los_Angeles_90017,8Th,1218 W 8Th Street St Los Angeles 90017,,,,
660274,1237021,,5143002010.0,,1216.0,,,West,,,8Th,Street,,,,,,,,,,,,,90017.0,,Los Angeles,Los Angeles,,,,,LA City,{6E898E9E-1C6C-49C2-A9A2-6C769A45B221},0,,6E898E9E-1C6C-49C2-A9A2-6C769A45B221,Unknown,,W,,,St,W 8Th St,2023/09/12 23:03:18+00,1216 W 8Th St Los Angeles 90017,6E898E9E-1C6C-49C2-A9A2-6C769A45B221_1216_W_8Th_St_Los_Angeles_90017,8Th,1216 W 8Th Street St Los Angeles 90017,,,,
660275,1237022,,5143002010.0,,1214.0,,,West,,,8Th,Street,,,,,,,,,,,,,90017.0,,Los Angeles,Los Angeles,,,,,LA City,{74A82DD0-0E8A-414B-97E9-B8BF8FED7EC9},0,,74A82DD0-0E8A-414B-97E9-B8BF8FED7EC9,Unknown,,W,,,St,W 8Th St,2023/09/12 23:03:18+00,1214 W 8Th St Los Angeles 90017,74A82DD0-0E8A-414B-97E9-B8BF8FED7EC9_1214_W_8Th_St_Los_Angeles_90017,8Th,1214 W 8Th Street St Los Angeles 90017,,,,
660277,1237024,,5143002012.0,,1210.0,,,West,,,8Th,Street,,,,,,,,,,,,,90017.0,,Los Angeles,Los Angeles,,,,,LA City,{7514129D-2BA8-4255-955F-6E34B2A03919},0,,7514129D-2BA8-4255-955F-6E34B2A03919,Unknown,,W,,,St,W 8Th St,2023/09/12 23:03:18+00,1210 W 8Th St Los Angeles 90017,7514129D-2BA8-4255-955F-6E34B2A03919_1210_W_8Th_St_Los_Angeles_90017,8Th,1210 W 8Th Street St Los Angeles 90017,,,,
660278,1237025,,5143002015.0,,1206.0,,,West,,,8Th,Street,,,,,,,,,,,,,90017.0,,Los Angeles,Los Angeles,,,,,LA City,{CAB94F5A-95FF-4C51-8B84-ED2B43F716AE},0,,CAB94F5A-95FF-4C51-8B84-ED2B43F716AE,Unknown,,W,,,St,W 8Th St,2023/09/12 23:03:18+00,1206 W 8Th St Los Angeles 90017,CAB94F5A-95FF-4C51-8B84-ED2B43F716AE_1206_W_8Th_St_Los_Angeles_90017,8Th,1206 W 8Th Street St Los Angeles 90017,,,,
660279,1237026,,5143002015.0,,1208.0,,,West,,,8Th,Street,,,,,,,,,,,,,90017.0,,Los Angeles,Los Angeles,,,,,LA City,{8979FD9A-C24E-4567-A4F6-79A32450CC21},0,,8979FD9A-C24E-4567-A4F6-79A32450CC21,Unknown,,W,,,St,W 8Th St,2024/05/12 21:05:27+00,1208 W 8Th St Los Angeles 90017,8979FD9A-C24E-4567-A4F6-79A32450CC21_1208_W_8Th_St_Los_Angeles_90017,8Th,1208 W 8Th Street St Los Angeles 90017,,,,
660280,1237027,,5143002015.0,,1208.0,3/4,,West,,,8Th,Street,,,,,,,,,,,,,90017.0,,Los Angeles,Los Angeles,,,,,LA City,{1CA9B31C-6A1D-43A4-999B-460B06F99370},0,,1CA9B31C-6A1D-43A4-999B-460B06F99370,Unknown,,W,,,St,W 8Th St,2024/05/12 21:05:27+00,1208 3/4 W 8Th St Los Angeles 90017,1CA9B31C-6A1D-43A4-999B-460B06F99370_1208_3/4_W_8Th_St_Los_Angeles_90017,8Th,1208 3/4 W 8Th Street St Los Angeles 90017,,,,
660281,1237028,,5143002015.0,,1208.0,1/4,,West,,,8Th,Street,,,,,,,,,,,,,90017.0,,Los Angeles,Los Angeles,,,,,LA City,{22B6DF83-86BA-4573-948A-29EFA467DC76},0,,22B6DF83-86BA-4573-948A-29EFA467DC76,Unknown,,W,,,St,W 8Th St,2024/05/12 21:05:27+00,1208 1/4 W 8Th St Los Angeles 90017,22B6DF83-86BA-4573-948A-29EFA467DC76_1208_1/4_W_8Th_St_Los_Angeles_90017,8Th,1208 1/4 W 8Th Street St Los Angeles 90017,,,,
660282,1237029,,5143002015.0,,1208.0,1/2,,West,,,8Th,Street,,,,,,,,,,,,,90017.0,,Los Angeles,Los Angeles,,,,,LA City,{FE8BACFB-B75E-4316-A2C8-9C5A0808CDEB},0,,FE8BACFB-B75E-4316-A2C8-9C5A0808CDEB,Unknown,,W,,,St,W 8Th St,2024/05/12 21:05:27+00,1208 1/2 W 8Th St Los Angeles 90017,FE8BACFB-B75E-4316-A2C8-9C5A0808CDEB_1208_1/2_W_8Th_St_Los_Angeles_90017,8Th,1208 1/2 W 8Th Street St Los Angeles 90017,,,,
660283,1237030,,5143002017.0,,1200.0,,,West,,,8Th,Street,,,,,,,,,,,,,90017.0,,Los Angeles,Los Angeles,,,,,LA City,{2D65E087-B7F3-4497-9F91-33B8580D44D2},0,,2D65E087-B7F3-4497-9F91-33B8580D44D2,Unknown,,W,,,St,W 8Th St,2023/09/12 23:03:18+00,1200 W 8Th St Los Angeles 90017,2D65E087-B7F3-4497-9F91-33B8580D44D2_1200_W_8Th_St_Los_Angeles_90017,8Th,1200 W 8Th Street St Los Angeles 90017,,,,
660284,1237031,,5143002017.0,,1202.0,,,West,,,8th,Street,,,,,,,,,,,,,90017.0,,Los Angeles,Los Angeles,,,,,Assessor,{7BB9BB0E-8131-4156-BF8C-F7E309C5E6A4},0,,7BB9BB0E-8131-4156-BF8C-F7E309C5E6A4,Unknown,,W,,,St,W 8th St,2024/04/27 17:13:09+00,1202 W 8th St Los Angeles 90017,7BB9BB0E-8131-4156-BF8C-F7E309C5E6A4_1202_W_8th_St_Los_Angeles_90017,8th,1202 W 8th Street St Los Angeles 90017,,,,
660285,1237032,,5143002019.0,,1225.0,,,West,,,James M. Wood,Boulevard,,,,,,,,,,,,,90017.0,,Los Angeles,Los Angeles,,,,,LA City,{8AB0578E-0E00-409E-B0CB-B65BB5C32EC7},0,,8AB0578E-0E00-409E-B0CB-B65BB5C32EC7,Unknown,,W,,,Blvd,W James M. Wood Blvd,2023/09/12 23:03:18+00,1225 W James M. Wood Blvd Los Angeles 90017,8AB0578E-0E00-409E-B0CB-B65BB5C32EC7_1225_W_James_M._Wood_Blvd_Los_Angeles_90017,James M. Wood,1225 W James M. Wood Boulevard Blvd Los Angeles 90017,,,,
660286,1237033,,5143002019.0,,821.0,,,South,,,Garland,Avenue,,,,,,,,,,,,,90017.0,,Los Angeles,Los Angeles,,,,,LA City,{D5DEC832-CBD8-4A73-86AD-2675E0385CA4},0,,D5DEC832-CBD8-4A73-86AD-2675E0385CA4,Unknown,,S,,,Ave,S Garland Ave,2023/09/12 23:03:18+00,821 S Garland Ave Los Angeles 90017,D5DEC832-CBD8-4A73-86AD-2675E0385CA4_821_S_Garland_Ave_Los_Angeles_90017,Garland,821 S Garland Avenue Ave Los Angeles 90017,,,,
660288,1237035,,5143003012.0,,845.0,,,South,,,Golden,Avenue,,,,,,,,,,,,,90017.0,,Los Angeles,Los Angeles,,,,,LA City,{6336FF5C-794E-42D3-BF4F-11D890047A76},0,,6336FF5C-794E-42D3-BF4F-11D890047A76,Unknown,,S,,,Ave,S Golden Ave,2023/09/12 23:03:18+00,845 S Golden Ave Los Angeles 90017,6336FF5C-794E-42D3-BF4F-11D890047A76_845_S_Golden_Ave_Los_Angeles_90017,Golden,845 S Golden Avenue Ave Los Angeles 90017,,,,
660289,1237036,,5143003012.0,,841.0,,,South,,,Golden,Avenue,,,,,,,,,,,,,90017.0,,Los Angeles,Los Angeles,,,,,LA City,{2F3A94ED-39C7-4E68-9D37-38E1806FAC60},0,,2F3A94ED-39C7-4E68-9D37-38E1806FAC60,Unknown,,S,,,Ave,S Golden Ave,2023/09/12 23:03:18+00,841 S Golden Ave Los Angeles 90017,2F3A94ED-39C7-4E68-9D37-38E1806FAC60_841_S_Golden_Ave_Los_Angeles_90017,Golden,841 S Golden Avenue Ave Los Angeles 90017,,,,
660290,1237037,,5143003012.0,,847.0,,,South,,,Golden,Avenue,,,,,,,,,,,,,90017.0,,Los Angeles,Los Angeles,,,,,LA City,{4F8C5167-AF8D-48C7-BA48-ABE22C6351F8},0,,4F8C5167-AF8D-48C7-BA48-ABE22C6351F8,Unknown,,S,,,Ave,S Golden Ave,2023/09/12 23:03:18+00,847 S Golden Ave Los Angeles 90017,4F8C5167-AF8D-48C7-BA48-ABE22C6351F8_847_S_Golden_Ave_Los_Angeles_90017,Golden,847 S Golden Avenue Ave Los Angeles 90017,,,,
660291,1237038,,5143003012.0,,843.0,,,South,,,Golden,Avenue,,,,,,,,,,,,,90017.0,,Los Angeles,Los Angeles,,,,,LA City,{2FE5856D-3700-4795-9AF2-82DCE5628FB0},0,,2FE5856D-3700-4795-9AF2-82DCE5628FB0,Unknown,,S,,,Ave,S Golden Ave,2023/09/12 23:03:18+00,843 S Golden Ave Los Angeles 90017,2FE5856D-3700-4795-9AF2-82DCE5628FB0_843_S_Golden_Ave_Los_Angeles_90017,Golden,843 S Golden Avenue Ave Los Angeles 90017,,,,
660292,1237039,,5143003013.0,,831.0,,,South,,,Golden,Avenue,,,,,,,,,,,,,90017.0,,Los Angeles,Los Angeles,,,,,LA City,{1CF4B23B-1E39-410C-A01D-96A2276B7174},0,,1CF4B23B-1E39-410C-A01D-96A2276B7174,Unknown,,S,,,Ave,S Golden Ave,2023/09/12 23:03:18+00,831 S Golden Ave Los Angeles 90017,1CF4B23B-1E39-410C-A01D-96A2276B7174_831_S_Golden_Ave_Los_Angeles_90017,Golden,831 S Golden Avenue Ave Los Angeles 90017,,,,
660293,1237040,,5143003014.0,,825.0,,,South,,,Golden,Avenue,,,,,,,,,,,,,90017.0,,Los Angeles,Los Angeles,,,,,LA City,{5B49EE19-2363-461F-8730-023CE911D7B6},0,,5B49EE19-2363-461F-8730-023CE911D7B6,Unknown,,S,,,Ave,S Golden Ave,2023/09/12 23:03:18+00,825 S Golden Ave Los Angeles 90017,5B49EE19-2363-461F-8730-023CE911D7B6_825_S_Golden_Ave_Los_Angeles_90017,Golden,825 S Golden Avenue Ave Los Angeles 90017,,,,
660302,1237049,,5143003018.0,,810.0,,,South,,,Garland,Avenue,,,,,,,,,,,,,90017.0,,Los Angeles,Los Angeles,,,,,LA City,{A67D0645-750A-408A-95B5-416C71937701},0,,A67D0645-750A-408A-95B5-416C71937701,Unknown,,S,,,Ave,S Garland Ave,2023/09/12 23:03:18+00,810 S Garland Ave Los Angeles 90017,A67D0645-750A-408A-95B5-416C71937701_810_S_Garland_Ave_Los_Angeles_90017,Garland,810 S Garland Avenue Ave Los Angeles 90017,,,,
660303,1237050,,5143003018.0,,806.0,,,South,,,Garland,Avenue,,,,,,,,,,,,,90017.0,,Los Angeles,Los Angeles,,,,,LA City,{F30611FC-6284-427F-AF94-173BEF8B5DE6},0,,F30611FC-6284-427F-AF94-173BEF8B5DE6,Unknown,,S,,,Ave,S Garland Ave,2023/09/12 23:03:18+00,806 S Garland Ave Los Angeles 90017,F30611FC-6284-427F-AF94-173BEF8B5DE6_806_S_Garland_Ave_Los_Angeles_90017,Garland,806 S Garland Avenue Ave Los Angeles 90017,,,,
660304,1237051,,5143003018.0,,804.0,,,South,,,Garland,Avenue,,,,,,,,,,,,,90017.0,,Los Angeles,Los Angeles,,,,,LA City,{B33F2F48-A03A-41E7-A034-B537508C37A4},0,,B33F2F48-A03A-41E7-A034-B537508C37A4,Unknown,,S,,,Ave,S Garland Ave,2023/09/12 23:03:18+00,804 S Garland Ave Los Angeles 90017,B33F2F48-A03A-41E7-A034-B537508C37A4_804_S_Garland_Ave_Los_Angeles_90017,Garland,804 S Garland Avenue Ave Los Angeles 90017,,,,
660305,1237052,,5143003018.0,,1172.0,,,West,,,8Th,Place,,,,,,,,,,,,,90017.0,,Los Angeles,Los Angeles,,,,,LA City,{F6C12D83-CA11-4C37-8689-95DDE18257E6},0,,F6C12D83-CA11-4C37-8689-95DDE18257E6,Unknown,,W,,,Pl,W 8Th Pl,2023/09/12 23:03:18+00,1172 W 8Th Pl Los Angeles 90017,F6C12D83-CA11-4C37-8689-95DDE18257E6_1172_W_8Th_Pl_Los_Angeles_90017,8Th,1172 W 8Th Place Pl Los Angeles 90017,,,,
660306,1237053,,5143003018.0,,1180.0,,,West,,,8Th,Place,,,,,,,,,,,,,90017.0,,Los Angeles,Los Angeles,,,,,LA City,{C3D9DC64-83F9-4158-ABEA-AC411BB44091},0,,C3D9DC64-83F9-4158-ABEA-AC411BB44091,Unknown,,W,,,Pl,W 8Th Pl,2023/09/12 23:03:18+00,1180 W 8Th Pl Los Angeles 90017,C3D9DC64-83F9-4158-ABEA-AC411BB44091_1180_W_8Th_Pl_Los_Angeles_90017,8Th,1180 W 8Th Place Pl Los Angeles 90017,,,,
660307,1237054,,5143004011.0,,1074.0,,,West,,,7Th,Street,,,,,,,,,,,,,90017.0,,Los Angeles,Los Angeles,,,,,LA City,{4F98D0C2-DD84-461C-AA8D-C6430A86AB78},0,,4F98D0C2-DD84-461C-AA8D-C6430A86AB78,Unknown,,W,,,St,W 7Th St,2023/09/12 23:03:18+00,1074 W 7Th St Los Angeles 90017,4F98D0C2-DD84-461C-AA8D-C6430A86AB78_1074_W_7Th_St_Los_Angeles_90017,7Th,1074 W 7Th Street St Los Angeles 90017,,,,
660308,1237055,,5143004011.0,,1086.0,,,West,,,7Th,Street,,,,,,,,,,,,,90017.0,,Los Angeles,Los Angeles,,,,,LA City,{96932ED9-86BD-4879-B816-FAD08C3CDEBB},0,,96932ED9-86BD-4879-B816-FAD08C3CDEBB,Unknown,,W,,,St,W 7Th St,2023/09/12 23:03:18+00,1086 W 7Th St Los Angeles 90017,96932ED9-86BD-4879-B816-FAD08C3CDEBB_1086_W_7Th_St_Los_Angeles_90017,7Th,1086 W 7Th Street St Los Angeles 90017,,,,
660309,1237056,,5143004011.0,,722.0,,,South,,,Bixel,Street,,,,,,,,,,,,1-316,90017.0,,Los Angeles,Los Angeles,,,,,LA City,{47D71AF1-F7C4-4200-934F-C108555F2D7D},0,,47D71AF1-F7C4-4200-934F-C108555F2D7D,Unknown,,S,,,St,S Bixel St,2023/09/12 23:03:18+00,722 S Bixel St 1-316 Los Angeles 90017,47D71AF1-F7C4-4200-934F-C108555F2D7D_722_S_Bixel_St_1-316_Los_Angeles_90017,Bixel,722 S Bixel Street St 1-316 Los Angeles 90017,,,,
660310,1237057,,5143004011.0,,1078.0,,,West,,,7Th,Street,,,,,,,,,,,,,90017.0,,Los Angeles,Los Angeles,,,,,LA City,{D1CF6290-FB71-40CE-8F55-267058380A50},0,,D1CF6290-FB71-40CE-8F55-267058380A50,Unknown,,W,,,St,W 7Th St,2023/09/12 23:03:18+00,1078 W 7Th St Los Angeles 90017,D1CF6290-FB71-40CE-8F55-267058380A50_1078_W_7Th_St_Los_Angeles_90017,7Th,1078 W 7Th Street St Los Angeles 90017,,,,
660311,1237058,,5143004011.0,,1090.0,,,West,,,7Th,Street,,,,,,,,,,,,,90017.0,,Los Angeles,Los Angeles,,,,,LA City,{28B8A1F3-8C95-4397-9374-3BB46C17E5BF},0,,28B8A1F3-8C95-4397-9374-3BB46C17E5BF,Unknown,,W,,,St,W 7Th St,2023/09/12 23:03:18+00,1090 W 7Th St Los Angeles 90017,28B8A1F3-8C95-4397-9374-3BB46C17E5BF_1090_W_7Th_St_Los_Angeles_90017,7Th,1090 W 7Th Street St Los Angeles 90017,,,,
660312,1237059,,5143004011.0,,1070.0,,,West,,,7Th,Street,,,,,,,,,,,,,90017.0,,Los Angeles,Los Angeles,,,,,LA City,{74248031-E5BF-4304-A03F-AE68283FD1E5},0,,74248031-E5BF-4304-A03F-AE68283FD1E5,Unknown,,W,,,St,W 7Th St,2023/09/12 23:03:18+00,1070 W 7Th St Los Angeles 90017,74248031-E5BF-4304-A03F-AE68283FD1E5_1070_W_7Th_St_Los_Angeles_90017,7Th,1070 W 7Th Street St Los Angeles 90017,,,,
660313,1237060,,5143004011.0,,1082.0,,,West,,,7Th,Street,,,,,,,,,,,,,90017.0,,Los Angeles,Los Angeles,,,,,LA City,{4543F20E-EA9E-488A-BD81-152254107851},0,,4543F20E-EA9E-488A-BD81-152254107851,Unknown,,W,,,St,W 7Th St,2023/09/12 23:03:18+00,1082 W 7Th St Los Angeles 90017,4543F20E-EA9E-488A-BD81-152254107851_1082_W_7Th_St_Los_Angeles_90017,7Th,1082 W 7Th Street St Los Angeles 90017,,,,
660314,1237061,,5143004011.0,,1099.0,,,West,,,8Th,Street,,,,,,,,,,,,,90017.0,,Los Angeles,Los Angeles,,,,,LA City,{89B517D2-3A26-4357-A762-15318E6E2643},0,,89B517D2-3A26-4357-A762-15318E6E2643,Unknown,,W,,,St,W 8Th St,2023/09/12 23:03:18+00,1099 W 8Th St Los Angeles 90017,89B517D2-3A26-4357-A762-15318E6E2643_1099_W_8Th_St_Los_Angeles_90017,8Th,1099 W 8Th Street St Los Angeles 90017,,,,
660315,1237062,,5143004011.0,,1068.0,,,West,,,7Th,Street,,,,,,,,,,,,,90017.0,,Los Angeles,Los Angeles,,,,,LA City,{12DF2239-FAFB-4CD9-AC4D-7B822D954AEE},0,,12DF2239-FAFB-4CD9-AC4D-7B822D954AEE,Unknown,,W,,,St,W 7Th St,2023/09/12 23:03:18+00,1068 W 7Th St Los Angeles 90017,12DF2239-FAFB-4CD9-AC4D-7B822D954AEE_1068_W_7Th_St_Los_Angeles_90017,7Th,1068 W 7Th Street St Los Angeles 90017,,,,
660316,1237063,,5143004012.0,,1104.0,,,West,,,7Th,Street,,,,,,,,,,,,,90017.0,,Los Angeles,Los Angeles,,,,,LA City,{C5E678F5-355B-4BAD-994C-629775382D17},0,,C5E678F5-355B-4BAD-994C-629775382D17,Unknown,,W,,,St,W 7Th St,2023/09/12 23:03:18+00,1104 W 7Th St Los Angeles 90017,C5E678F5-355B-4BAD-994C-629775382D17_1104_W_7Th_St_Los_Angeles_90017,7Th,1104 W 7Th Street St Los Angeles 90017,,,,
660317,1237064,,5143004012.0,,1116.0,,,West,,,7Th,Street,,,,,,,,,,,,,90017.0,,Los Angeles,Los Angeles,,,,,LA City,{9E708C1C-0476-47FC-8D37-D921859DE993},0,,9E708C1C-0476-47FC-8D37-D921859DE993,Unknown,,W,,,St,W 7Th St,2023/09/12 23:03:18+00,1116 W 7Th St Los Angeles 90017,9E708C1C-0476-47FC-8D37-D921859DE993_1116_W_7Th_St_Los_Angeles_90017,7Th,1116 W 7Th Street St Los Angeles 90017,,,,
660318,1237065,,5143004012.0,,725.0,,,South,,,Bixel,Street,,,,,,,,,,,,1-328,90017.0,,Los Angeles,Los Angeles,,,,,LA City,{03DA2DDC-FD4C-44D1-87FC-7E2B258FAFBA},0,,03DA2DDC-FD4C-44D1-87FC-7E2B258FAFBA,Unknown,,S,,,St,S Bixel St,2023/09/12 23:03:18+00,725 S Bixel St 1-328 Los Angeles 90017,03DA2DDC-FD4C-44D1-87FC-7E2B258FAFBA_725_S_Bixel_St_1-328_Los_Angeles_90017,Bixel,725 S Bixel Street St 1-328 Los Angeles 90017,,,,
660319,1237066,,5143004012.0,,1100.0,,,West,,,7Th,Street,,,,,,,,,,,,,90017.0,,Los Angeles,Los Angeles,,,,,LA City,{C7DFCF05-DEB3-4AE9-9FE1-E590369E4DC5},0,,C7DFCF05-DEB3-4AE9-9FE1-E590369E4DC5,Unknown,,W,,,St,W 7Th St,2023/09/12 23:03:18+00,1100 W 7Th St Los Angeles 90017,C7DFCF05-DEB3-4AE9-9FE1-E590369E4DC5_1100_W_7Th_St_Los_Angeles_90017,7Th,1100 W 7Th Street St Los Angeles 90017,,,,
660320,1237067,,5143004012.0,,1108.0,,,West,,,7Th,Street,,,,,,,,,,,,,90017.0,,Los Angeles,Los Angeles,,,,,LA City,{D605A0B7-9675-46BB-B650-28E85E6BBD55},0,,D605A0B7-9675-46BB-B650-28E85E6BBD55,Unknown,,W,,,St,W 7Th St,2023/09/12 23:03:18+00,1108 W 7Th St Los Angeles 90017,D605A0B7-9675-46BB-B650-28E85E6BBD55_1108_W_7Th_St_Los_Angeles_90017,7Th,1108 W 7Th Street St Los Angeles 90017,,,,
660321,1237068,,5143004012.0,,1101.0,,,West,,,8Th,Street,,,,,,,,,,,,,90017.0,,Los Angeles,Los Angeles,,,,,LA City,{BE588AB3-A976-4BF1-8F0A-1B628C13453B},0,,BE588AB3-A976-4BF1-8F0A-1B628C13453B,Unknown,,W,,,St,W 8Th St,2023/09/12 23:03:18+00,1101 W 8Th St Los Angeles 90017,BE588AB3-A976-4BF1-8F0A-1B628C13453B_1101_W_8Th_St_Los_Angeles_90017,8Th,1101 W 8Th Street St Los Angeles 90017,,,,
660322,1237069,,5143004012.0,,1112.0,,,West,,,7Th,Street,,,,,,,,,,,,,90017.0,,Los Angeles,Los Angeles,,,,,LA City,{AC7BA74D-06DD-483A-B3BE-847EED2F26F3},0,,AC7BA74D-06DD-483A-B3BE-847EED2F26F3,Unknown,,W,,,St,W 7Th St,2023/09/12 23:03:18+00,1112 W 7Th St Los Angeles 90017,AC7BA74D-06DD-483A-B3BE-847EED2F26F3_1112_W_7Th_St_Los_Angeles_90017,7Th,1112 W 7Th Street St Los Angeles 90017,,,,
660323,1237070,,5143004013.0,,1100.0,,,West,,,8Th,Street,,,,,,,,,,,,,90017.0,,Los Angeles,Los Angeles,,,,,LA City,{E33FD184-E901-44A3-8FAD-1394EA30FC7D},0,,E33FD184-E901-44A3-8FAD-1394EA30FC7D,Unknown,,W,,,St,W 8Th St,2023/09/12 23:03:18+00,1100 W 8Th St Los Angeles 90017,E33FD184-E901-44A3-8FAD-1394EA30FC7D_1100_W_8Th_St_Los_Angeles_90017,8Th,1100 W 8Th Street St Los Angeles 90017,,,,
660324,1237071,,5143006014.0,,750.0,,,South,,,Garland,Avenue,,,,,,,,,,,,,90017.0,,Los Angeles,Los Angeles,,,,,LA City,{7C7E2868-ACDF-466B-88E7-20879D4D63A8},0,,7C7E2868-ACDF-466B-88E7-20879D4D63A8,Unknown,,S,,,Ave,S Garland Ave,2023/09/12 23:03:18+00,750 S Garland Ave Los Angeles 90017,7C7E2868-ACDF-466B-88E7-20879D4D63A8_750_S_Garland_Ave_Los_Angeles_90017,Garland,750 S Garland Avenue Ave Los Angeles 90017,,,,
660325,1237072,,5143006014.0,,756.0,,,South,,,Garland,Avenue,,,,,,,,,,,,,90017.0,,Los Angeles,Los Angeles,,,,,LA City,{781CA226-02F7-42ED-A0B6-87A722C58927},0,,781CA226-02F7-42ED-A0B6-87A722C58927,Unknown,,S,,,Ave,S Garland Ave,2023/09/12 23:03:18+00,756 S Garland Ave Los Angeles 90017,781CA226-02F7-42ED-A0B6-87A722C58927_756_S_Garland_Ave_Los_Angeles_90017,Garland,756 S Garland Avenue Ave Los Angeles 90017,,,,
660326,1237073,,5143006014.0,,748.0,,,South,,,Garland,Avenue,,,,,,,,,,,,,90017.0,,Los Angeles,Los Angeles,,,,,LA City,{BF5C0C9A-A8A8-46DC-8A2A-6B1FA174B5A3},0,,BF5C0C9A-A8A8-46DC-8A2A-6B1FA174B5A3,Unknown,,S,,,Ave,S Garland Ave,2023/09/12 23:03:18+00,748 S Garland Ave Los Angeles 90017,BF5C0C9A-A8A8-46DC-8A2A-6B1FA174B5A3_748_S_Garland_Ave_Los_Angeles_90017,Garland,748 S Garland Avenue Ave Los Angeles 90017,,,,
660327,1237074,,5143006019.0,,1200.0,,,West,,,7Th,Street,,,,,,,,,,,,,90017.0,,Los Angeles,Los Angeles,,,,,LA City,{8D96B9FE-A870-469D-9C3F-423665DA8228},0,,8D96B9FE-A870-469D-9C3F-423665DA8228,Unknown,,W,,,St,W 7Th St,2023/09/12 23:03:18+00,1200 W 7Th St Los Angeles 90017,8D96B9FE-A870-469D-9C3F-423665DA8228_1200_W_7Th_St_Los_Angeles_90017,7Th,1200 W 7Th Street St Los Angeles 90017,,,,
660328,1237075,,5143006019.0,,1111.0,,,West,,,8Th,Street,,,,,,,,,,,,,90017.0,,Los Angeles,Los Angeles,,,,,LA City,{0A840A38-241C-423A-92D2-D3490560734F},0,,0A840A38-241C-423A-92D2-D3490560734F,Unknown,,W,,,St,W 8Th St,2023/09/12 23:03:18+00,1111 W 8Th St Los Angeles 90017,0A840A38-241C-423A-92D2-D3490560734F_1111_W_8Th_St_Los_Angeles_90017,8Th,1111 W 8Th Street St Los Angeles 90017,,,,
660329,1237076,,5143009002.0,,708.0,,,South,,,Hartford,Avenue,,,,,,,,,,,,,90017.0,,Los Angeles,Los Angeles,,,,,LA City,{231DE538-468D-45E3-944C-FA42BDA2A5A3},0,,231DE538-468D-45E3-944C-FA42BDA2A5A3,Unknown,,S,,,Ave,S Hartford Ave,2023/09/12 23:03:18+00,708 S Hartford Ave Los Angeles 90017,231DE538-468D-45E3-944C-FA42BDA2A5A3_708_S_Hartford_Ave_Los_Angeles_90017,Hartford,708 S Hartford Avenue Ave Los Angeles 90017,,,,
660330,1237077,,5143009002.0,,706.0,,,South,,,Hartford,Avenue,,,,,,,,,,,,,90017.0,,Los Angeles,Los Angeles,,,,,LA City,{C5FF44E1-7A97-41EF-8CC1-19DD896075E5},0,,C5FF44E1-7A97-41EF-8CC1-19DD896075E5,Unknown,,S,,,Ave,S Hartford Ave,2023/09/12 23:03:18+00,706 S Hartford Ave Los Angeles 90017,C5FF44E1-7A97-41EF-8CC1-19DD896075E5_706_S_Hartford_Ave_Los_Angeles_90017,Hartford,706 S Hartford Avenue Ave Los Angeles 90017,,,,
660331,1237078,,5143009002.0,,1244.0,,,West,,,7Th,Street,,,,,,,,,,,,,90017.0,,Los Angeles,Los Angeles,,,,,LA City,{BA3DA713-E05B-4F60-9B9D-9E774CD65B6C},0,,BA3DA713-E05B-4F60-9B9D-9E774CD65B6C,Unknown,,W,,,St,W 7Th St,2023/09/12 23:03:18+00,1244 W 7Th St Los Angeles 90017,BA3DA713-E05B-4F60-9B9D-9E774CD65B6C_1244_W_7Th_St_Los_Angeles_90017,7Th,1244 W 7Th Street St Los Angeles 90017,,,,
660332,1237079,,5143009002.0,,704.0,,,South,,,Hartford,Avenue,,,,,,,,,,,,,90017.0,,Los Angeles,Los Angeles,,,,,LA City,{AE353FEC-073E-45DA-AEC0-F2DCE24904E3},0,,AE353FEC-073E-45DA-AEC0-F2DCE24904E3,Unknown,,S,,,Ave,S Hartford Ave,2023/09/12 23:03:18+00,704 S Hartford Ave Los Angeles 90017,AE353FEC-073E-45DA-AEC0-F2DCE24904E3_704_S_Hartford_Ave_Los_Angeles_90017,Hartford,704 S Hartford Avenue Ave Los Angeles 90017,,,,
660333,1237080,,5143009002.0,,1246.0,,,West,,,7Th,Street,,,,,,,,,,,,,90017.0,,Los Angeles,Los Angeles,,,,,LA City,{34497F96-B4CE-43B6-9433-D70EE8C377E9},0,,34497F96-B4CE-43B6-9433-D70EE8C377E9,Unknown,,W,,,St,W 7Th St,2023/09/12 23:03:18+00,1246 W 7Th St Los Angeles 90017,34497F96-B4CE-43B6-9433-D70EE8C377E9_1246_W_7Th_St_Los_Angeles_90017,7Th,1246 W 7Th Street St Los Angeles 90017,,,,
660334,1237081,,5143009002.0,,1240.0,,,West,,,7Th,Street,,,,,,,,,,,,,90017.0,,Los Angeles,Los Angeles,,,,,LA City,{510A6D20-8A50-4B6A-BC6D-9D55CDE53920},0,,510A6D20-8A50-4B6A-BC6D-9D55CDE53920,Unknown,,W,,,St,W 7Th St,2023/09/12 23:03:18+00,1240 W 7Th St Los Angeles 90017,510A6D20-8A50-4B6A-BC6D-9D55CDE53920_1240_W_7Th_St_Los_Angeles_90017,7Th,1240 W 7Th Street St Los Angeles 90017,,,,
660335,1237082,,5143009002.0,,1242.0,,,West,,,7Th,Street,,,,,,,,,,,,,90017.0,,Los Angeles,Los Angeles,,,,,LA City,{7ED8CB1C-9250-4F08-BD49-3BBF5E973856},0,,7ED8CB1C-9250-4F08-BD49-3BBF5E973856,Unknown,,W,,,St,W 7Th St,2023/09/12 23:03:18+00,1242 W 7Th St Los Angeles 90017,7ED8CB1C-9250-4F08-BD49-3BBF5E973856_1242_W_7Th_St_Los_Angeles_90017,7Th,1242 W 7Th Street St Los Angeles 90017,,,,
660336,1237083,,5143009003.0,,1234.0,,,West,,,7Th,Street,,,,,,,,,,,,,90017.0,,Los Angeles,Los Angeles,,,,,LA City,{2E90FCF6-FC84-447A-BA56-91F393E6ACAB},0,,2E90FCF6-FC84-447A-BA56-91F393E6ACAB,Unknown,,W,,,St,W 7Th St,2023/09/12 23:03:18+00,1234 W 7Th St Los Angeles 90017,2E90FCF6-FC84-447A-BA56-91F393E6ACAB_1234_W_7Th_St_Los_Angeles_90017,7Th,1234 W 7Th Street St Los Angeles 90017,,,,
660337,1237084,,5143009003.0,,1236.0,,,West,,,7Th,Street,,,,,,,,,,,,,90017.0,,Los Angeles,Los Angeles,,,,,LA City,{240C0D5D-9CFC-4A6E-A8CF-13F915BA5BD6},0,,240C0D5D-9CFC-4A6E-A8CF-13F915BA5BD6,Unknown,,W,,,St,W 7Th St,2023/09/12 23:03:18+00,1236 W 7Th St Los Angeles 90017,240C0D5D-9CFC-4A6E-A8CF-13F915BA5BD6_1236_W_7Th_St_Los_Angeles_90017,7Th,1236 W 7Th Street St Los Angeles 90017,,,,
660338,1237085,,5143009003.0,,1238.0,,,West,,,7Th,Street,,,,,,,,,,,,,90017.0,,Los Angeles,Los Angeles,,,,,LA City,{E8A01648-BB12-4D3B-BA23-24C8ECDA2E50},0,,E8A01648-BB12-4D3B-BA23-24C8ECDA2E50,Unknown,,W,,,St,W 7Th St,2023/09/12 23:03:18+00,1238 W 7Th St Los Angeles 90017,E8A01648-BB12-4D3B-BA23-24C8ECDA2E50_1238_W_7Th_St_Los_Angeles_90017,7Th,1238 W 7Th Street St Los Angeles 90017,,,,
660339,1237086,,5143009003.0,,1232.0,,,West,,,7Th,Street,,,,,,,,,,,,,90017.0,,Los Angeles,Los Angeles,,,,,LA City,{9652983B-24AC-4827-A64F-1DAB1133BCE4},0,,9652983B-24AC-4827-A64F-1DAB1133BCE4,Unknown,,W,,,St,W 7Th St,2023/09/12 23:03:18+00,1232 W 7Th St Los Angeles 90017,9652983B-24AC-4827-A64F-1DAB1133BCE4_1232_W_7Th_St_Los_Angeles_90017,7Th,1232 W 7Th Street St Los Angeles 90017,,,,
660340,1237087,,5143009004.0,,734.0,,,South,,,Hartford,Avenue,,,,,,,,,,,,,90017.0,,Los Angeles,Los Angeles,,,,,LA City,{E3170C91-24E6-4394-B203-5608A5C4D672},0,,E3170C91-24E6-4394-B203-5608A5C4D672,Unknown,,S,,,Ave,S Hartford Ave,2023/09/12 23:03:18+00,734 S Hartford Ave Los Angeles 90017,E3170C91-24E6-4394-B203-5608A5C4D672_734_S_Hartford_Ave_Los_Angeles_90017,Hartford,734 S Hartford Avenue Ave Los Angeles 90017,,,,
660341,1237088,,5143009004.0,,736.0,,,South,,,Hartford,Avenue,,,,,,,,,,,,,90017.0,,Los Angeles,Los Angeles,,,,,LA City,{B12AAEE5-9789-4CC0-AC21-01652C4A7304},0,,B12AAEE5-9789-4CC0-AC21-01652C4A7304,Unknown,,S,,,Ave,S Hartford Ave,2023/09/12 23:03:18+00,736 S Hartford Ave Los Angeles 90017,B12AAEE5-9789-4CC0-AC21-01652C4A7304_736_S_Hartford_Ave_Los_Angeles_90017,Hartford,736 S Hartford Avenue Ave Los Angeles 90017,,,,
660342,1237089,,5143009005.0,,728.0,,,South,,,Hartford,Avenue,,,,,,,,,,,,,90017.0,,Los Angeles,Los Angeles,,,,,LA City,{C28E6D48-79A1-42EE-8E94-F1142180B430},0,,C28E6D48-79A1-42EE-8E94-F1142180B430,Unknown,,S,,,Ave,S Hartford Ave,2023/09/12 23:03:18+00,728 S Hartford Ave Los Angeles 90017,C28E6D48-79A1-42EE-8E94-F1142180B430_728_S_Hartford_Ave_Los_Angeles_90017,Hartford,728 S Hartford Avenue Ave Los Angeles 90017,,,,
660343,1237090,,5143009005.0,,726.0,,,South,,,Hartford,Avenue,,,,,,,,,,,,,90017.0,,Los Angeles,Los Angeles,,,,,LA City,{252C1512-D8ED-418C-806D-5B23C7914E98},0,,252C1512-D8ED-418C-806D-5B23C7914E98,Unknown,,S,,,Ave,S Hartford Ave,2023/09/12 23:03:18+00,726 S Hartford Ave Los Angeles 90017,252C1512-D8ED-418C-806D-5B23C7914E98_726_S_Hartford_Ave_Los_Angeles_90017,Hartford,726 S Hartford Avenue Ave Los Angeles 90017,,,,
660344,1237091,,5143009006.0,,722.0,,,South,,,Hartford,Avenue,,,,,,,,,,,,,90017.0,,Los Angeles,Los Angeles,,,,,LA City,{740C1EC5-A036-45FC-BD2A-B4B1B99E0E34},0,,740C1EC5-A036-45FC-BD2A-B4B1B99E0E34,Unknown,,S,,,Ave,S Hartford Ave,2023/09/12 23:03:18+00,722 S Hartford Ave Los Angeles 90017,740C1EC5-A036-45FC-BD2A-B4B1B99E0E34_722_S_Hartford_Ave_Los_Angeles_90017,Hartford,722 S Hartford Avenue Ave Los Angeles 90017,,,,
660345,1237092,,5143009007.0,,720.0,,,South,,,Hartford,Avenue,,,,,,,,,,,,,90017.0,,Los Angeles,Los Angeles,,,,,LA City,{120C49DA-1D04-48A9-B13F-3052BCA38077},0,,120C49DA-1D04-48A9-B13F-3052BCA38077,Unknown,,S,,,Ave,S Hartford Ave,2023/09/12 23:03:18+00,720 S Hartford Ave Los Angeles 90017,120C49DA-1D04-48A9-B13F-3052BCA38077_720_S_Hartford_Ave_Los_Angeles_90017,Hartford,720 S Hartford Avenue Ave Los Angeles 90017,,,,
660346,1237093,,5143009007.0,,718.0,,,South,,,Hartford,Avenue,,,,,,,,,,,,,90017.0,,Los Angeles,Los Angeles,,,,,LA City,{5C9E2431-A251-4367-B759-81F5E61F29B3},0,,5C9E2431-A251-4367-B759-81F5E61F29B3,Unknown,,S,,,Ave,S Hartford Ave,2023/09/12 23:03:18+00,718 S Hartford Ave Los Angeles 90017,5C9E2431-A251-4367-B759-81F5E61F29B3_718_S_Hartford_Ave_Los_Angeles_90017,Hartford,718 S Hartford Avenue Ave Los Angeles 90017,,,,
660347,1237094,,5143009009.0,,1216.0,,,West,,,7Th,Street,,,,,,,,,,,,,90017.0,,Los Angeles,Los Angeles,,,,,LA City,{D07AC224-3C4D-4BCF-B397-9B28F5686E53},0,,D07AC224-3C4D-4BCF-B397-9B28F5686E53,Unknown,,W,,,St,W 7Th St,2023/09/12 23:03:18+00,1216 W 7Th St Los Angeles 90017,D07AC224-3C4D-4BCF-B397-9B28F5686E53_1216_W_7Th_St_Los_Angeles_90017,7Th,1216 W 7Th Street St Los Angeles 90017,,,,
660348,1237095,,5143009009.0,,1220.0,,,West,,,7Th,Street,,,,,,,,,,,,,90017.0,,Los Angeles,Los Angeles,,,,,LA City,{C7BDA407-9B00-4469-9D33-282F5AB87AE5},0,,C7BDA407-9B00-4469-9D33-282F5AB87AE5,Unknown,,W,,,St,W 7Th St,2023/09/12 23:03:18+00,1220 W 7Th St Los Angeles 90017,C7BDA407-9B00-4469-9D33-282F5AB87AE5_1220_W_7Th_St_Los_Angeles_90017,7Th,1220 W 7Th Street St Los Angeles 90017,,,,
660349,1237096,,5143009011.0,,721.0,,,South,,,Garland,Avenue,,,,,,,,,,,,,90017.0,,Los Angeles,Los Angeles,,,,,LA City,{5ED3FCEA-6E93-48FA-9504-FEC1AFF39D01},0,,5ED3FCEA-6E93-48FA-9504-FEC1AFF39D01,Unknown,,S,,,Ave,S Garland Ave,2023/09/12 23:03:18+00,721 S Garland Ave Los Angeles 90017,5ED3FCEA-6E93-48FA-9504-FEC1AFF39D01_721_S_Garland_Ave_Los_Angeles_90017,Garland,721 S Garland Avenue Ave Los Angeles 90017,,,,
660350,1237097,,5143009012.0,,727.0,,,South,,,Garland,Avenue,,,,,,,,,,,,,90017.0,,Los Angeles,Los Angeles,,,,,LA City,{4B9E5C47-1B40-4169-8958-2894B4378A04},0,,4B9E5C47-1B40-4169-8958-2894B4378A04,Unknown,,S,,,Ave,S Garland Ave,2023/09/12 23:03:18+00,727 S Garland Ave Los Angeles 90017,4B9E5C47-1B40-4169-8958-2894B4378A04_727_S_Garland_Ave_Los_Angeles_90017,Garland,727 S Garland Avenue Ave Los Angeles 90017,,,,
660351,1237098,,5143009014.0,,717.0,,,South,,,Garland,Avenue,,,,,,,,,,,,,90017.0,,Los Angeles,Los Angeles,,,,,LA City,{B5CF02DB-74BD-4C13-B9FA-E85A2BAE31C5},0,,B5CF02DB-74BD-4C13-B9FA-E85A2BAE31C5,Unknown,,S,,,Ave,S Garland Ave,2023/09/12 23:03:18+00,717 S Garland Ave Los Angeles 90017,B5CF02DB-74BD-4C13-B9FA-E85A2BAE31C5_717_S_Garland_Ave_Los_Angeles_90017,Garland,717 S Garland Avenue Ave Los Angeles 90017,,,,
660352,1237099,,5143009014.0,,1226.0,,,West,,,7Th,Street,,,,,,,,,,,,,90017.0,,Los Angeles,Los Angeles,,,,,LA City,{2056FFFA-E940-4B70-B76D-BE52EAC48A18},0,,2056FFFA-E940-4B70-B76D-BE52EAC48A18,Unknown,,W,,,St,W 7Th St,2023/09/12 23:03:18+00,1226 W 7Th St Los Angeles 90017,2056FFFA-E940-4B70-B76D-BE52EAC48A18_1226_W_7Th_St_Los_Angeles_90017,7Th,1226 W 7Th Street St Los Angeles 90017,,,,
660353,1237100,,5143009014.0,,1222.0,,,West,,,7Th,Street,,,,,,,,,,,,,90017.0,,Los Angeles,Los Angeles,,,,,LA City,{8B25068B-2413-4518-BBFF-212958409708},0,,8B25068B-2413-4518-BBFF-212958409708,Unknown,,W,,,St,W 7Th St,2023/09/12 23:03:18+00,1222 W 7Th St Los Angeles 90017,8B25068B-2413-4518-BBFF-212958409708_1222_W_7Th_St_Los_Angeles_90017,7Th,1222 W 7Th Street St Los Angeles 90017,,,,
660354,1237101,,5143009014.0,,715.0,,,South,,,Garland,Avenue,,,,,,,,,,,,,90017.0,,Los Angeles,Los Angeles,,,,,LA City,{2DEB66E6-F18C-4217-8C4B-2DE498F98139},0,,2DEB66E6-F18C-4217-8C4B-2DE498F98139,Unknown,,S,,,Ave,S Garland Ave,2023/09/12 23:03:18+00,715 S Garland Ave Los Angeles 90017,2DEB66E6-F18C-4217-8C4B-2DE498F98139_715_S_Garland_Ave_Los_Angeles_90017,Garland,715 S Garland Avenue Ave Los Angeles 90017,,,,
660355,1237102,,5143009014.0,,1228.0,,,West,,,7Th,Street,,,,,,,,,,,,,90017.0,,Los Angeles,Los Angeles,,,,,LA City,{C10B78BB-965C-4C8D-B489-C1301021B9AC},0,,C10B78BB-965C-4C8D-B489-C1301021B9AC,Unknown,,W,,,St,W 7Th St,2023/09/12 23:03:18+00,1228 W 7Th St Los Angeles 90017,C10B78BB-965C-4C8D-B489-C1301021B9AC_1228_W_7Th_St_Los_Angeles_90017,7Th,1228 W 7Th Street St Los Angeles 90017,,,,
660356,1237103,,5143009014.0,,1230.0,,,West,,,7Th,Street,,,,,,,,,,,,,90017.0,,Los Angeles,Los Angeles,,,,,LA City,{5C125B75-8931-4043-8747-F09E5F6528F2},0,,5C125B75-8931-4043-8747-F09E5F6528F2,Unknown,,W,,,St,W 7Th St,2023/09/12 23:03:18+00,1230 W 7Th St Los Angeles 90017,5C125B75-8931-4043-8747-F09E5F6528F2_1230_W_7Th_St_Los_Angeles_90017,7Th,1230 W 7Th Street St Los Angeles 90017,,,,
660357,1237104,,5143009015.0,,739.0,,,South,,,Garland,Avenue,,,,,,,,,,,,,90017.0,,Los Angeles,Los Angeles,,,,,LA City,{2FAF0815-679C-4BA3-980C-345F896C5B3A},0,,2FAF0815-679C-4BA3-980C-345F896C5B3A,Unknown,,S,,,Ave,S Garland Ave,2023/09/12 23:03:18+00,739 S Garland Ave Los Angeles 90017,2FAF0815-679C-4BA3-980C-345F896C5B3A_739_S_Garland_Ave_Los_Angeles_90017,Garland,739 S Garland Avenue Ave Los Angeles 90017,,,,
660358,1237105,,5143009015.0,,733.0,,,,,,Garland,Avenue,,,,,,,,,,,,,90017.0,,Los Angeles,Los Angeles,,,,,Assessor,{0ED16C73-BD00-4A99-80A4-F3C444D3817B},0,,0ED16C73-BD00-4A99-80A4-F3C444D3817B,Unknown,,,,,Ave,Garland Ave,2024/04/27 17:13:09+00,733 Garland Ave Los Angeles 90017,0ED16C73-BD00-4A99-80A4-F3C444D3817B_733_Garland_Ave_Los_Angeles_90017,Garland,733 Garland Avenue Ave Los Angeles 90017,,,,
660359,1237106,,5143010002.0,,743.0,,,South,,,Garland,Avenue,,,,,,,,,,,,,90017.0,,Los Angeles,Los Angeles,,,,,LA City,{6EBC145C-56A1-40C7-AB3C-D73A03CDE7C3},0,,6EBC145C-56A1-40C7-AB3C-D73A03CDE7C3,Unknown,,S,,,Ave,S Garland Ave,2023/09/12 23:03:18+00,743 S Garland Ave Los Angeles 90017,6EBC145C-56A1-40C7-AB3C-D73A03CDE7C3_743_S_Garland_Ave_Los_Angeles_90017,Garland,743 S Garland Avenue Ave Los Angeles 90017,,,,
660360,1237107,,5143010002.0,,741.0,,,,,,Garland,Avenue,,,,,,,,,,,,,90017.0,,Los Angeles,Los Angeles,,,,,Assessor,{C9EF274D-6499-4F65-8BFF-039F88E2FD5B},0,,C9EF274D-6499-4F65-8BFF-039F88E2FD5B,Unknown,,,,,Ave,Garland Ave,2024/04/27 17:13:09+00,741 Garland Ave Los Angeles 90017,C9EF274D-6499-4F65-8BFF-039F88E2FD5B_741_Garland_Ave_Los_Angeles_90017,Garland,741 Garland Avenue Ave Los Angeles 90017,,,,
660361,1237108,,5143010003.0,,749.0,,,South,,,Garland,Avenue,,,,,,,,,,,,1-4,90017.0,,Los Angeles,Los Angeles,,,,,LA City,{4B47AC7A-5DB9-42EB-810A-31A4E4495EE2},0,,4B47AC7A-5DB9-42EB-810A-31A4E4495EE2,Unknown,,S,,,Ave,S Garland Ave,2023/09/12 23:03:18+00,749 S Garland Ave 1-4 Los Angeles 90017,4B47AC7A-5DB9-42EB-810A-31A4E4495EE2_749_S_Garland_Ave_1-4_Los_Angeles_90017,Garland,749 S Garland Avenue Ave 1-4 Los Angeles 90017,,,,
660362,1237109,,5143010004.0,,767.0,,,South,,,Garland,Avenue,,,,,,,,,,,,,90017.0,,Los Angeles,Los Angeles,,,,,LA City,{844ADE8F-F20F-417E-87E5-D0F3CC27F7AD},0,,844ADE8F-F20F-417E-87E5-D0F3CC27F7AD,Unknown,,S,,,Ave,S Garland Ave,2023/09/12 23:03:18+00,767 S Garland Ave Los Angeles 90017,844ADE8F-F20F-417E-87E5-D0F3CC27F7AD_767_S_Garland_Ave_Los_Angeles_90017,Garland,767 S Garland Avenue Ave Los Angeles 90017,,,,
660363,1237110,,5143010006.0,,758.0,,,South,,,Hartford,Avenue,,,,,,,,,,,,,90017.0,,Los Angeles,Los Angeles,,,,,LA City,{0C53586F-0D2F-42FC-8558-45DC43A5BFBA},0,,0C53586F-0D2F-42FC-8558-45DC43A5BFBA,Unknown,,S,,,Ave,S Hartford Ave,2023/09/12 23:03:18+00,758 S Hartford Ave Los Angeles 90017,0C53586F-0D2F-42FC-8558-45DC43A5BFBA_758_S_Hartford_Ave_Los_Angeles_90017,Hartford,758 S Hartford Avenue Ave Los Angeles 90017,,,,
660364,1237111,,5143010007.0,,752.0,,,South,,,Hartford,Avenue,,,,,,,,,,,,,90017.0,,Los Angeles,Los Angeles,,,,,LA City,{4B347431-C64A-4755-AE96-97503AEAD9C7},0,,4B347431-C64A-4755-AE96-97503AEAD9C7,Unknown,,S,,,Ave,S Hartford Ave,2023/09/12 23:03:18+00,752 S Hartford Ave Los Angeles 90017,4B347431-C64A-4755-AE96-97503AEAD9C7_752_S_Hartford_Ave_Los_Angeles_90017,Hartford,752 S Hartford Avenue Ave Los Angeles 90017,,,,
660365,1237112,,5143010010.0,,740.0,,,South,,,Hartford,Avenue,,,,,,,,,,,,,90017.0,,Los Angeles,Los Angeles,,,,,LA City,{1319D327-4D91-4D25-9863-D1B5D7789872},0,,1319D327-4D91-4D25-9863-D1B5D7789872,Unknown,,S,,,Ave,S Hartford Ave,2023/09/12 23:03:18+00,740 S Hartford Ave Los Angeles 90017,1319D327-4D91-4D25-9863-D1B5D7789872_740_S_Hartford_Ave_Los_Angeles_90017,Hartford,740 S Hartford Avenue Ave Los Angeles 90017,,,,
660366,1237113,,5143010020.0,,1203.0,,,West,,,8Th,Street,,,,,,,,,,,,,90017.0,,Los Angeles,Los Angeles,,,,,LA City,{62542B0D-01EA-4AA4-9846-238D97B59587},0,,62542B0D-01EA-4AA4-9846-238D97B59587,Unknown,,W,,,St,W 8Th St,2023/09/12 23:03:18+00,1203 W 8Th St Los Angeles 90017,62542B0D-01EA-4AA4-9846-238D97B59587_1203_W_8Th_St_Los_Angeles_90017,8Th,1203 W 8Th Street St Los Angeles 90017,,,,
660367,1237114,,5143010020.0,,1209.0,,,West,,,8Th,Street,,,,,,,,,,,,,90017.0,,Los Angeles,Los Angeles,,,,,LA City,{393D2738-535F-4954-95C9-6FC0ED27E54D},0,,393D2738-535F-4954-95C9-6FC0ED27E54D,Unknown,,W,,,St,W 8Th St,2023/09/12 23:03:18+00,1209 W 8Th St Los Angeles 90017,393D2738-535F-4954-95C9-6FC0ED27E54D_1209_W_8Th_St_Los_Angeles_90017,8Th,1209 W 8Th Street St Los Angeles 90017,,,,
660368,1237115,,5143010021.0,,744.0,,,South,,,Hartford,Avenue,,,,,,,,,,,,1-24,90017.0,,Los Angeles,Los Angeles,,,,,LA City,{AE24566B-E208-4A8C-995E-FA7E7BEEAF96},0,,AE24566B-E208-4A8C-995E-FA7E7BEEAF96,Unknown,,S,,,Ave,S Hartford Ave,2023/09/12 23:03:18+00,744 S Hartford Ave 1-24 Los Angeles 90017,AE24566B-E208-4A8C-995E-FA7E7BEEAF96_744_S_Hartford_Ave_1-24_Los_Angeles_90017,Hartford,744 S Hartford Avenue Ave 1-24 Los Angeles 90017,,,,
660369,1237116,,5143010021.0,,748.0,,,,,,Hartford,Avenue,,,,,,,,,,,,,90017.0,,Los Angeles,Los Angeles,,,,,Assessor,{38F46210-D3A5-41BB-831F-888C82418E25},0,,38F46210-D3A5-41BB-831F-888C82418E25,Unknown,,,,,Ave,Hartford Ave,2024/04/27 17:13:09+00,748 Hartford Ave Los Angeles 90017,38F46210-D3A5-41BB-831F-888C82418E25_748_Hartford_Ave_Los_Angeles_90017,Hartford,748 Hartford Avenue Ave Los Angeles 90017,,,,
660370,1237117,,5143011001.0,,764.0,,,South,,,Columbia,Avenue,,,,,,,,,,,,,90017.0,,Los Angeles,Los Angeles,,,,,LA City,{743F1587-BECA-47F2-8FC1-B06DAAEEB935},0,,743F1587-BECA-47F2-8FC1-B06DAAEEB935,Unknown,,S,,,Ave,S Columbia Ave,2023/09/12 23:03:18+00,764 S Columbia Ave Los Angeles 90017,743F1587-BECA-47F2-8FC1-B06DAAEEB935_764_S_Columbia_Ave_Los_Angeles_90017,Columbia,764 S Columbia Avenue Ave Los Angeles 90017,,,,
660371,1237118,,5143011001.0,,762.0,,,South,,,Columbia,Avenue,,,,,,,,,,,,,90017.0,,Los Angeles,Los Angeles,,,,,LA City,{B119962C-3F39-483C-9CC4-B81E1AB09E75},0,,B119962C-3F39-483C-9CC4-B81E1AB09E75,Unknown,,S,,,Ave,S Columbia Ave,2023/09/12 23:03:18+00,762 S Columbia Ave Los Angeles 90017,B119962C-3F39-483C-9CC4-B81E1AB09E75_762_S_Columbia_Ave_Los_Angeles_90017,Columbia,762 S Columbia Avenue Ave Los Angeles 90017,,,,
660372,1237119,,5143011001.0,,760.0,,,South,,,Columbia,Avenue,,,,,,,,,,,,,90017.0,,Los Angeles,Los Angeles,,,,,LA City,{69D0A86A-0849-49E9-88FF-EB20D0CEF2FF},0,,69D0A86A-0849-49E9-88FF-EB20D0CEF2FF,Unknown,,S,,,Ave,S Columbia Ave,2023/09/12 23:03:18+00,760 S Columbia Ave Los Angeles 90017,69D0A86A-0849-49E9-88FF-EB20D0CEF2FF_760_S_Columbia_Ave_Los_Angeles_90017,Columbia,760 S Columbia Avenue Ave Los Angeles 90017,,,,
660373,1237120,,5143011005.0,,1312.0,1/2,,West,,,Linwood,Avenue,,,,,,,,,,,,,90017.0,,Los Angeles,Los Angeles,,,,,LA City,{E05A505B-3B00-4460-ACF8-2937A199F311},0,,E05A505B-3B00-4460-ACF8-2937A199F311,Unknown,,W,,,Ave,W Linwood Ave,2024/05/12 21:05:27+00,1312 1/2 W Linwood Ave Los Angeles 90017,E05A505B-3B00-4460-ACF8-2937A199F311_1312_1/2_W_Linwood_Ave_Los_Angeles_90017,Linwood,1312 1/2 W Linwood Avenue Ave Los Angeles 90017,,,,
660374,1237121,,5143011005.0,,1314.0,,,West,,,Linwood,Avenue,,,,,,,,,,,,,90017.0,,Los Angeles,Los Angeles,,,,,LA City,{32486E25-3458-438C-9AD4-98D52118EE81},0,,32486E25-3458-438C-9AD4-98D52118EE81,Unknown,,W,,,Ave,W Linwood Ave,2024/05/12 21:05:27+00,1314 W Linwood Ave Los Angeles 90017,32486E25-3458-438C-9AD4-98D52118EE81_1314_W_Linwood_Ave_Los_Angeles_90017,Linwood,1314 W Linwood Avenue Ave Los Angeles 90017,,,,
660375,1237122,,5143011005.0,,1312.0,,,West,,,Linwood,Avenue,,,,,,,,,,,,,90017.0,,Los Angeles,Los Angeles,,,,,LA City,{AEB87588-9292-4FCE-8505-C8544DDFB9C8},0,,AEB87588-9292-4FCE-8505-C8544DDFB9C8,Unknown,,W,,,Ave,W Linwood Ave,2024/05/12 21:05:27+00,1312 W Linwood Ave Los Angeles 90017,AEB87588-9292-4FCE-8505-C8544DDFB9C8_1312_W_Linwood_Ave_Los_Angeles_90017,Linwood,1312 W Linwood Avenue Ave Los Angeles 90017,,,,
660376,1237123,,5143011005.0,,1314.0,1/2,,West,,,Linwood,Avenue,,,,,,,,,,,,,90017.0,,Los Angeles,Los Angeles,,,,,LA City,{08C36BC2-4F70-440A-AB0A-E9D808010ABC},0,,08C36BC2-4F70-440A-AB0A-E9D808010ABC,Unknown,,W,,,Ave,W Linwood Ave,2024/05/12 21:05:27+00,1314 1/2 W Linwood Ave Los Angeles 90017,08C36BC2-4F70-440A-AB0A-E9D808010ABC_1314_1/2_W_Linwood_Ave_Los_Angeles_90017,Linwood,1314 1/2 W Linwood Avenue Ave Los Angeles 90017,,,,
660377,1237124,,5143011006.0,,1306.0,1/2,,West,,,Linwood,Avenue,,,,,,,,,,,,,90017.0,,Los Angeles,Los Angeles,,,,,LA City,{1FEE0B73-6FD4-4D0D-9017-3DA269B912B5},0,,1FEE0B73-6FD4-4D0D-9017-3DA269B912B5,Unknown,,W,,,Ave,W Linwood Ave,2024/05/12 21:05:27+00,1306 1/2 W Linwood Ave Los Angeles 90017,1FEE0B73-6FD4-4D0D-9017-3DA269B912B5_1306_1/2_W_Linwood_Ave_Los_Angeles_90017,Linwood,1306 1/2 W Linwood Avenue Ave Los Angeles 90017,,,,
660378,1237125,,5143011006.0,,1310.0,,,West,,,Linwood,Avenue,,,,,,,,,,,,,90017.0,,Los Angeles,Los Angeles,,,,,LA City,{723C921A-123D-4730-9106-B97119FFF29B},0,,723C921A-123D-4730-9106-B97119FFF29B,Unknown,,W,,,Ave,W Linwood Ave,2024/05/12 21:05:27+00,1310 W Linwood Ave Los Angeles 90017,723C921A-123D-4730-9106-B97119FFF29B_1310_W_Linwood_Ave_Los_Angeles_90017,Linwood,1310 W Linwood Avenue Ave Los Angeles 90017,,,,
660379,1237126,,5143011006.0,,1306.0,,,West,,,Linwood,Avenue,,,,,,,,,,,,,90017.0,,Los Angeles,Los Angeles,,,,,LA City,{B9696453-46A2-4A09-AFA5-27D4830022D8},0,,B9696453-46A2-4A09-AFA5-27D4830022D8,Unknown,,W,,,Ave,W Linwood Ave,2024/05/12 21:05:27+00,1306 W Linwood Ave Los Angeles 90017,B9696453-46A2-4A09-AFA5-27D4830022D8_1306_W_Linwood_Ave_Los_Angeles_90017,Linwood,1306 W Linwood Avenue Ave Los Angeles 90017,,,,
660380,1237127,,5143011006.0,,1310.0,1/2,,West,,,Linwood,Avenue,,,,,,,,,,,,,90017.0,,Los Angeles,Los Angeles,,,,,LA City,{902F5C5F-3B53-41EE-99C2-F2993666A7EC},0,,902F5C5F-3B53-41EE-99C2-F2993666A7EC,Unknown,,W,,,Ave,W Linwood Ave,2024/05/12 21:05:27+00,1310 1/2 W Linwood Ave Los Angeles 90017,902F5C5F-3B53-41EE-99C2-F2993666A7EC_1310_1/2_W_Linwood_Ave_Los_Angeles_90017,Linwood,1310 1/2 W Linwood Avenue Ave Los Angeles 90017,,,,
660381,1237128,,5143011011.0,,1305.0,,,West,,,8Th,Street,,,,,,,,,,,,,90017.0,,Los Angeles,Los Angeles,,,,,LA City,{3B9C0B17-9674-4AB0-A467-982D3E10006A},0,,3B9C0B17-9674-4AB0-A467-982D3E10006A,Unknown,,W,,,St,W 8Th St,2023/09/12 23:03:18+00,1305 W 8Th St Los Angeles 90017,3B9C0B17-9674-4AB0-A467-982D3E10006A_1305_W_8Th_St_Los_Angeles_90017,8Th,1305 W 8Th Street St Los Angeles 90017,,,,
660382,1237129,,5143011012.0,,1247.0,,,West,,,8Th,Street,,,,,,,,,,,,,90017.0,,Los Angeles,Los Angeles,,,,,LA City,{D684FADC-961E-4B39-B256-332A3406AB7A},0,,D684FADC-961E-4B39-B256-332A3406AB7A,Unknown,,W,,,St,W 8Th St,2023/09/12 23:03:18+00,1247 W 8Th St Los Angeles 90017,D684FADC-961E-4B39-B256-332A3406AB7A_1247_W_8Th_St_Los_Angeles_90017,8Th,1247 W 8Th Street St Los Angeles 90017,,,,
660383,1237130,,5143011013.0,,1239.0,,,West,,,8Th,Street,,,,,,,,,,,,,90017.0,,Los Angeles,Los Angeles,,,,,LA City,{3949758B-77C8-46F2-8F64-2CDE6FD246B9},0,,3949758B-77C8-46F2-8F64-2CDE6FD246B9,Unknown,,W,,,St,W 8Th St,2023/09/12 23:03:18+00,1239 W 8Th St Los Angeles 90017,3949758B-77C8-46F2-8F64-2CDE6FD246B9_1239_W_8Th_St_Los_Angeles_90017,8Th,1239 W 8Th Street St Los Angeles 90017,,,,
660384,1237131,,5143011013.0,,1241.0,,,West,,,8Th,Street,,,,,,,,,,,,,90017.0,,Los Angeles,Los Angeles,,,,,LA City,{5608D869-31DF-4C0D-B651-8291053CC45E},0,,5608D869-31DF-4C0D-B651-8291053CC45E,Unknown,,W,,,St,W 8Th St,2023/09/12 23:03:18+00,1241 W 8Th St Los Angeles 90017,5608D869-31DF-4C0D-B651-8291053CC45E_1241_W_8Th_St_Los_Angeles_90017,8Th,1241 W 8Th Street St Los Angeles 90017,,,,
660385,1237132,,5143011013.0,,1243.0,,,West,,,8Th,Street,,,,,,,,,,,,,90017.0,,Los Angeles,Los Angeles,,,,,LA City,{0DC7CA64-978D-498A-9DCA-4594E3D59E09},0,,0DC7CA64-978D-498A-9DCA-4594E3D59E09,Unknown,,W,,,St,W 8Th St,2023/09/12 23:03:18+00,1243 W 8Th St Los Angeles 90017,0DC7CA64-978D-498A-9DCA-4594E3D59E09_1243_W_8Th_St_Los_Angeles_90017,8Th,1243 W 8Th Street St Los Angeles 90017,,,,
660386,1237133,,5143011014.0,,1231.0,,,West,,,8Th,Street,,,,,,,,,,,,,90017.0,,Los Angeles,Los Angeles,,,,,LA City,{5916C8B9-2C68-462E-82F6-C19A3ECC87AE},0,,5916C8B9-2C68-462E-82F6-C19A3ECC87AE,Unknown,,W,,,St,W 8Th St,2023/09/12 23:03:18+00,1231 W 8Th St Los Angeles 90017,5916C8B9-2C68-462E-82F6-C19A3ECC87AE_1231_W_8Th_St_Los_Angeles_90017,8Th,1231 W 8Th Street St Los Angeles 90017,,,,
660387,1237134,,5143011016.0,,1313.0,,,West,,,8Th,Street,,,,,,,,,,,,,90017.0,,Los Angeles,Los Angeles,,,,,LA City,{ADBC13B6-89F8-48E0-ADB2-95B4E5EFE955},0,,ADBC13B6-89F8-48E0-ADB2-95B4E5EFE955,Unknown,,W,,,St,W 8Th St,2023/09/12 23:03:18+00,1313 W 8Th St Los Angeles 90017,ADBC13B6-89F8-48E0-ADB2-95B4E5EFE955_1313_W_8Th_St_Los_Angeles_90017,8Th,1313 W 8Th Street St Los Angeles 90017,,,,
660388,1237135,,5143011016.0,,1309.0,,,West,,,8Th,Street,,,,,,,,,,,,,90017.0,,Los Angeles,Los Angeles,,,,,LA City,{4641A8A1-0963-4C53-9D15-F1670E484CF6},0,,4641A8A1-0963-4C53-9D15-F1670E484CF6,Unknown,,W,,,St,W 8Th St,2023/09/12 23:03:18+00,1309 W 8Th St Los Angeles 90017,4641A8A1-0963-4C53-9D15-F1670E484CF6_1309_W_8Th_St_Los_Angeles_90017,8Th,1309 W 8Th Street St Los Angeles 90017,,,,
660389,1237136,,5143011016.0,,770.0,,,South,,,Columbia,Avenue,,,,,,,,,,,,,90017.0,,Los Angeles,Los Angeles,,,,,LA City,{92640EF8-A31A-4DE4-938F-C53A35F567C6},0,,92640EF8-A31A-4DE4-938F-C53A35F567C6,Unknown,,S,,,Ave,S Columbia Ave,2023/09/12 23:03:18+00,770 S Columbia Ave Los Angeles 90017,92640EF8-A31A-4DE4-938F-C53A35F567C6_770_S_Columbia_Ave_Los_Angeles_90017,Columbia,770 S Columbia Avenue Ave Los Angeles 90017,,,,
660390,1237137,,5143011017.0,,1328.0,,,West,,,Linwood,Avenue,,,,,,,,,,,,,90017.0,,Los Angeles,Los Angeles,,,,,LA City,{DD83937A-68B8-4EDA-A2A7-9A9C2C23D162},0,,DD83937A-68B8-4EDA-A2A7-9A9C2C23D162,Unknown,,W,,,Ave,W Linwood Ave,2023/09/12 23:03:18+00,1328 W Linwood Ave Los Angeles 90017,DD83937A-68B8-4EDA-A2A7-9A9C2C23D162_1328_W_Linwood_Ave_Los_Angeles_90017,Linwood,1328 W Linwood Avenue Ave Los Angeles 90017,,,,
660391,1237138,,5143011017.0,,1316.0,,,West,,,Linwood,Avenue,,,,,,,,,,,,,90017.0,,Los Angeles,Los Angeles,,,,,LA City,{05EC631F-24AA-4481-B311-31FB917607F3},0,,05EC631F-24AA-4481-B311-31FB917607F3,Unknown,,W,,,Ave,W Linwood Ave,2023/09/12 23:03:18+00,1316 W Linwood Ave Los Angeles 90017,05EC631F-24AA-4481-B311-31FB917607F3_1316_W_Linwood_Ave_Los_Angeles_90017,Linwood,1316 W Linwood Avenue Ave Los Angeles 90017,,,,
660392,1237139,,5143011017.0,,1324.0,,,West,,,Linwood,Avenue,,,,,,,,,,,,,90017.0,,Los Angeles,Los Angeles,,,,,LA City,{F3DC44D9-CAAD-4BB9-9CBF-B2CC501AEF6B},0,,F3DC44D9-CAAD-4BB9-9CBF-B2CC501AEF6B,Unknown,,W,,,Ave,W Linwood Ave,2023/09/12 23:03:18+00,1324 W Linwood Ave Los Angeles 90017,F3DC44D9-CAAD-4BB9-9CBF-B2CC501AEF6B_1324_W_Linwood_Ave_Los_Angeles_90017,Linwood,1324 W Linwood Avenue Ave Los Angeles 90017,,,,
660393,1237140,,5143011017.0,,1322.0,1/2,,West,,,Linwood,Avenue,,,,,,,,,,,,,90017.0,,Los Angeles,Los Angeles,,,,,LA City,{755B5B17-C9DF-4107-AA17-6E935DA6CC2A},0,,755B5B17-C9DF-4107-AA17-6E935DA6CC2A,Unknown,,W,,,Ave,W Linwood Ave,2024/05/12 21:05:27+00,1322 1/2 W Linwood Ave Los Angeles 90017,755B5B17-C9DF-4107-AA17-6E935DA6CC2A_1322_1/2_W_Linwood_Ave_Los_Angeles_90017,Linwood,1322 1/2 W Linwood Avenue Ave Los Angeles 90017,,,,
660394,1237141,,5143011017.0,,1318.0,1/2,,West,,,Linwood,Avenue,,,,,,,,,,,,,90017.0,,Los Angeles,Los Angeles,,,,,LA City,{C16ED02E-EC94-4E51-A681-B841BD196CBC},0,,C16ED02E-EC94-4E51-A681-B841BD196CBC,Unknown,,W,,,Ave,W Linwood Ave,2024/05/12 21:05:27+00,1318 1/2 W Linwood Ave Los Angeles 90017,C16ED02E-EC94-4E51-A681-B841BD196CBC_1318_1/2_W_Linwood_Ave_Los_Angeles_90017,Linwood,1318 1/2 W Linwood Avenue Ave Los Angeles 90017,,,,
660395,1237142,,5143011017.0,,1318.0,,,West,,,Linwood,Avenue,,,,,,,,,,,,,90017.0,,Los Angeles,Los Angeles,,,,,LA City,{A72464C4-3303-4D39-889B-F6C7F1C57EF1},0,,A72464C4-3303-4D39-889B-F6C7F1C57EF1,Unknown,,W,,,Ave,W Linwood Ave,2024/05/12 21:05:27+00,1318 W Linwood Ave Los Angeles 90017,A72464C4-3303-4D39-889B-F6C7F1C57EF1_1318_W_Linwood_Ave_Los_Angeles_90017,Linwood,1318 W Linwood Avenue Ave Los Angeles 90017,,,,
660396,1237143,,5143011017.0,,1322.0,,,West,,,Linwood,Avenue,,,,,,,,,,,,,90017.0,,Los Angeles,Los Angeles,,,,,LA City,{2E199A0B-ADFB-4682-97E5-8E91917DA623},0,,2E199A0B-ADFB-4682-97E5-8E91917DA623,Unknown,,W,,,Ave,W Linwood Ave,2024/05/12 21:05:27+00,1322 W Linwood Ave Los Angeles 90017,2E199A0B-ADFB-4682-97E5-8E91917DA623_1322_W_Linwood_Ave_Los_Angeles_90017,Linwood,1322 W Linwood Avenue Ave Los Angeles 90017,,,,
660397,1237144,,5143012009.0,,743.0,,,South,,,Hartford,Avenue,,,,,,,,,,,,,90017.0,,Los Angeles,Los Angeles,,,,,LA City,{EB79BB47-ACAF-4C3F-B901-95D7CD9D7531},0,,EB79BB47-ACAF-4C3F-B901-95D7CD9D7531,Unknown,,S,,,Ave,S Hartford Ave,2023/09/12 23:03:18+00,743 S Hartford Ave Los Angeles 90017,EB79BB47-ACAF-4C3F-B901-95D7CD9D7531_743_S_Hartford_Ave_Los_Angeles_90017,Hartford,743 S Hartford Avenue Ave Los Angeles 90017,,,,
660398,1237145,,5143012009.0,,745.0,,,South,,,Hartford,Avenue,,,,,,,,,,,,,90017.0,,Los Angeles,Los Angeles,,,,,LA City,{AEE32C50-4A84-47FD-B7C6-8A538AEB8873},0,,AEE32C50-4A84-47FD-B7C6-8A538AEB8873,Unknown,,S,,,Ave,S Hartford Ave,2023/09/12 23:03:18+00,745 S Hartford Ave Los Angeles 90017,AEE32C50-4A84-47FD-B7C6-8A538AEB8873_745_S_Hartford_Ave_Los_Angeles_90017,Hartford,745 S Hartford Avenue Ave Los Angeles 90017,,,,
660399,1237146,,5143012010.0,,749.0,,,South,,,Hartford,Avenue,,,,,,,,,,,,,90017.0,,Los Angeles,Los Angeles,,,,,LA City,{D2365ABE-B9D3-4769-BF9A-A4155B10AC78},0,,D2365ABE-B9D3-4769-BF9A-A4155B10AC78,Unknown,,S,,,Ave,S Hartford Ave,2023/09/12 23:03:18+00,749 S Hartford Ave Los Angeles 90017,D2365ABE-B9D3-4769-BF9A-A4155B10AC78_749_S_Hartford_Ave_Los_Angeles_90017,Hartford,749 S Hartford Avenue Ave Los Angeles 90017,,,,
660400,1237147,,5143012011.0,,1317.0,,,West,,,Linwood,Avenue,,,,,,,,,,,,,90017.0,,Los Angeles,Los Angeles,,,,,LA City,{2EF7C00D-976A-4528-BC22-99D621BC7FC1},0,,2EF7C00D-976A-4528-BC22-99D621BC7FC1,Unknown,,W,,,Ave,W Linwood Ave,2023/09/12 23:03:18+00,1317 W Linwood Ave Los Angeles 90017,2EF7C00D-976A-4528-BC22-99D621BC7FC1_1317_W_Linwood_Ave_Los_Angeles_90017,Linwood,1317 W Linwood Avenue Ave Los Angeles 90017,,,,
660401,1237148,,5143012011.0,,741.0,,,South,,,Witmer,Street,,,,,,,,,,,,,90017.0,,Los Angeles,Los Angeles,,,,,LA City,{B72F979C-8149-4A5D-BE29-03A1C52188EA},0,,B72F979C-8149-4A5D-BE29-03A1C52188EA,Unknown,,S,,,St,S Witmer St,2023/09/12 23:03:18+00,741 S Witmer St Los Angeles 90017,B72F979C-8149-4A5D-BE29-03A1C52188EA_741_S_Witmer_St_Los_Angeles_90017,Witmer,741 S Witmer Street St Los Angeles 90017,,,,
660402,1237149,,5143012011.0,,1319.0,,,West,,,Linwood,Avenue,,,,,,,,,,,,,90017.0,,Los Angeles,Los Angeles,,,,,LA City,{B0B3011F-BC97-4373-A85D-7B97D01EF0F3},0,,B0B3011F-BC97-4373-A85D-7B97D01EF0F3,Unknown,,W,,,Ave,W Linwood Ave,2023/09/12 23:03:18+00,1319 W Linwood Ave Los Angeles 90017,B0B3011F-BC97-4373-A85D-7B97D01EF0F3_1319_W_Linwood_Ave_Los_Angeles_90017,Linwood,1319 W Linwood Avenue Ave Los Angeles 90017,,,,
660403,1237150,,5143012012.0,,1325.0,,,West,,,Linwood,Avenue,,,,,,,,,,,,,90017.0,,Los Angeles,Los Angeles,,,,,LA City,{07B10D84-C821-481B-A942-0A57B885BB89},0,,07B10D84-C821-481B-A942-0A57B885BB89,Unknown,,W,,,Ave,W Linwood Ave,2024/05/12 21:05:27+00,1325 W Linwood Ave Los Angeles 90017,07B10D84-C821-481B-A942-0A57B885BB89_1325_W_Linwood_Ave_Los_Angeles_90017,Linwood,1325 W Linwood Avenue Ave Los Angeles 90017,,,,
660404,1237151,,5143012012.0,,1325.0,1/2,,West,,,Linwood,Avenue,,,,,,,,,,,,,90017.0,,Los Angeles,Los Angeles,,,,,LA City,{A7626828-40C3-477B-B1FC-C0AB79BCB9B2},0,,A7626828-40C3-477B-B1FC-C0AB79BCB9B2,Unknown,,W,,,Ave,W Linwood Ave,2024/05/12 21:05:27+00,1325 1/2 W Linwood Ave Los Angeles 90017,A7626828-40C3-477B-B1FC-C0AB79BCB9B2_1325_1/2_W_Linwood_Ave_Los_Angeles_90017,Linwood,1325 1/2 W Linwood Avenue Ave Los Angeles 90017,,,,
660405,1237152,,5143012012.0,,1323.0,,,West,,,Linwood,Avenue,,,,,,,,,,,,,90017.0,,Los Angeles,Los Angeles,,,,,LA City,{AEA750FC-2DF3-42D9-B560-5E8DA3108D69},0,,AEA750FC-2DF3-42D9-B560-5E8DA3108D69,Unknown,,W,,,Ave,W Linwood Ave,2024/05/12 21:05:27+00,1323 W Linwood Ave Los Angeles 90017,AEA750FC-2DF3-42D9-B560-5E8DA3108D69_1323_W_Linwood_Ave_Los_Angeles_90017,Linwood,1323 W Linwood Avenue Ave Los Angeles 90017,,,,
660406,1237153,,5143012012.0,,1323.0,1/2,,West,,,Linwood,Avenue,,,,,,,,,,,,,90017.0,,Los Angeles,Los Angeles,,,,,LA City,{EEA83C12-BFBF-4CC7-8406-4D15AB16B6CE},0,,EEA83C12-BFBF-4CC7-8406-4D15AB16B6CE,Unknown,,W,,,Ave,W Linwood Ave,2024/05/12 21:05:27+00,1323 1/2 W Linwood Ave Los Angeles 90017,EEA83C12-BFBF-4CC7-8406-4D15AB16B6CE_1323_1/2_W_Linwood_Ave_Los_Angeles_90017,Linwood,1323 1/2 W Linwood Avenue Ave Los Angeles 90017,,,,
660407,1237154,,5143012013.0,,1329.0,,,West,,,Linwood,Avenue,,,,,,,,,,,,,90017.0,,Los Angeles,Los Angeles,,,,,LA City,{1FA1B549-A190-4E94-AE11-379E5DF1EFD7},0,,1FA1B549-A190-4E94-AE11-379E5DF1EFD7,Unknown,,W,,,Ave,W Linwood Ave,2023/09/12 23:03:18+00,1329 W Linwood Ave Los Angeles 90017,1FA1B549-A190-4E94-AE11-379E5DF1EFD7_1329_W_Linwood_Ave_Los_Angeles_90017,Linwood,1329 W Linwood Avenue Ave Los Angeles 90017,,,,
660408,1237155,,5143012013.0,,1331.0,,,West,,,Linwood,Avenue,,,,,,,,,,,,,90017.0,,Los Angeles,Los Angeles,,,,,LA City,{AE2DA4F1-B861-4B0D-BBF2-92F34C226E2E},0,,AE2DA4F1-B861-4B0D-BBF2-92F34C226E2E,Unknown,,W,,,Ave,W Linwood Ave,2023/09/12 23:03:18+00,1331 W Linwood Ave Los Angeles 90017,AE2DA4F1-B861-4B0D-BBF2-92F34C226E2E_1331_W_Linwood_Ave_Los_Angeles_90017,Linwood,1331 W Linwood Avenue Ave Los Angeles 90017,,,,
660409,1237156,,5143012014.0,,1333.0,,,West,,,Linwood,Avenue,,,,,,,,,,,,,90017.0,,Los Angeles,Los Angeles,,,,,LA City,{8D0CA105-63D8-471C-A715-C5F9B8BE14C8},0,,8D0CA105-63D8-471C-A715-C5F9B8BE14C8,Unknown,,W,,,Ave,W Linwood Ave,2023/09/12 23:03:18+00,1333 W Linwood Ave Los Angeles 90017,8D0CA105-63D8-471C-A715-C5F9B8BE14C8_1333_W_Linwood_Ave_Los_Angeles_90017,Linwood,1333 W Linwood Avenue Ave Los Angeles 90017,,,,
660410,1237157,,5143012014.0,,742.0,,,South,,,Columbia,Avenue,,,,,,,,,,,,,90017.0,,Los Angeles,Los Angeles,,,,,LA City,{968C8CB6-9A62-4F26-8094-D045F0AF5BCC},0,,968C8CB6-9A62-4F26-8094-D045F0AF5BCC,Unknown,,S,,,Ave,S Columbia Ave,2023/09/12 23:03:18+00,742 S Columbia Ave Los Angeles 90017,968C8CB6-9A62-4F26-8094-D045F0AF5BCC_742_S_Columbia_Ave_Los_Angeles_90017,Columbia,742 S Columbia Avenue Ave Los Angeles 90017,,,,
660411,1237158,,5143012015.0,,725.0,,,South,,,Witmer,Street,,,,,,,,,,,,,90017.0,,Los Angeles,Los Angeles,,,,,LA City,{36E60478-1DE3-4495-8B2B-E6418D12AB93},0,,36E60478-1DE3-4495-8B2B-E6418D12AB93,Unknown,,S,,,St,S Witmer St,2023/09/12 23:03:18+00,725 S Witmer St Los Angeles 90017,36E60478-1DE3-4495-8B2B-E6418D12AB93_725_S_Witmer_St_Los_Angeles_90017,Witmer,725 S Witmer Street St Los Angeles 90017,,,,
660412,1237159,,5143012015.0,,715.0,,,South,,,Witmer,Street,,,,,,,,,,,,,90017.0,,Los Angeles,Los Angeles,,,,,LA City,{66135833-98A1-4E95-BE23-14690CCA47EF},0,,66135833-98A1-4E95-BE23-14690CCA47EF,Unknown,,S,,,St,S Witmer St,2023/09/12 23:03:18+00,715 S Witmer St Los Angeles 90017,66135833-98A1-4E95-BE23-14690CCA47EF_715_S_Witmer_St_Los_Angeles_90017,Witmer,715 S Witmer Street St Los Angeles 90017,,,,
660413,1237160,,5143012017.0,,729.0,,,South,,,Witmer,Street,,,,,,,,,,,,,90017.0,,Los Angeles,Los Angeles,,,,,LA City,{6AB1EB82-7F4F-4FBF-8765-B7EAD15DCD37},0,,6AB1EB82-7F4F-4FBF-8765-B7EAD15DCD37,Unknown,,S,,,St,S Witmer St,2023/09/12 23:03:18+00,729 S Witmer St Los Angeles 90017,6AB1EB82-7F4F-4FBF-8765-B7EAD15DCD37_729_S_Witmer_St_Los_Angeles_90017,Witmer,729 S Witmer Street St Los Angeles 90017,,,,
660414,1237161,,5143012018.0,,735.0,,,South,,,Witmer,Street,,,,,,,,,,,,,90017.0,,Los Angeles,Los Angeles,,,,,LA City,{828FF6B7-F6D4-422E-AE4A-EECBC8419A18},0,,828FF6B7-F6D4-422E-AE4A-EECBC8419A18,Unknown,,S,,,St,S Witmer St,2023/09/12 23:03:18+00,735 S Witmer St Los Angeles 90017,828FF6B7-F6D4-422E-AE4A-EECBC8419A18_735_S_Witmer_St_Los_Angeles_90017,Witmer,735 S Witmer Street St Los Angeles 90017,,,,
660415,1237162,,5143012019.0,,736.0,,,South,,,Columbia,Avenue,,,,,,,,,,,,,90017.0,,Los Angeles,Los Angeles,,,,,LA City,{9CF9A8DD-CCE3-47F9-AB72-F5F805B37A1C},0,,9CF9A8DD-CCE3-47F9-AB72-F5F805B37A1C,Unknown,,S,,,Ave,S Columbia Ave,2023/09/12 23:03:18+00,736 S Columbia Ave Los Angeles 90017,9CF9A8DD-CCE3-47F9-AB72-F5F805B37A1C_736_S_Columbia_Ave_Los_Angeles_90017,Columbia,736 S Columbia Avenue Ave Los Angeles 90017,,,,
660416,1237163,,5143012019.0,,738.0,,,South,,,Columbia,Avenue,,,,,,,,,,,,,90017.0,,Los Angeles,Los Angeles,,,,,LA City,{44AC9E3C-C462-46B1-BA47-4AA4BF73DD70},0,,44AC9E3C-C462-46B1-BA47-4AA4BF73DD70,Unknown,,S,,,Ave,S Columbia Ave,2023/09/12 23:03:18+00,738 S Columbia Ave Los Angeles 90017,44AC9E3C-C462-46B1-BA47-4AA4BF73DD70_738_S_Columbia_Ave_Los_Angeles_90017,Columbia,738 S Columbia Avenue Ave Los Angeles 90017,,,,
660417,1237164,,5143012020.0,,732.0,,,South,,,Columbia,Avenue,,,,,,,,,,,,,90017.0,,Los Angeles,Los Angeles,,,,,LA City,{9D60DE74-6BE2-4830-9ECB-C1ED41B16CC5},0,,9D60DE74-6BE2-4830-9ECB-C1ED41B16CC5,Unknown,,S,,,Ave,S Columbia Ave,2023/09/12 23:03:18+00,732 S Columbia Ave Los Angeles 90017,9D60DE74-6BE2-4830-9ECB-C1ED41B16CC5_732_S_Columbia_Ave_Los_Angeles_90017,Columbia,732 S Columbia Avenue Ave Los Angeles 90017,,,,
660418,1237165,,5143012021.0,,726.0,,,South,,,Columbia,Avenue,,,,,,,,,,,,,90017.0,,Los Angeles,Los Angeles,,,,,LA City,{E2EFB07F-E792-4F40-9350-8FFD1F3769F0},0,,E2EFB07F-E792-4F40-9350-8FFD1F3769F0,Unknown,,S,,,Ave,S Columbia Ave,2023/09/12 23:03:18+00,726 S Columbia Ave Los Angeles 90017,E2EFB07F-E792-4F40-9350-8FFD1F3769F0_726_S_Columbia_Ave_Los_Angeles_90017,Columbia,726 S Columbia Avenue Ave Los Angeles 90017,,,,
660419,1237166,,5143012022.0,,720.0,,,South,,,Columbia,Avenue,,,,,,,,,,,,,90017.0,,Los Angeles,Los Angeles,,,,,LA City,{4F7F5B5D-3B07-4E2D-BD4E-C8D60347A7C9},0,,4F7F5B5D-3B07-4E2D-BD4E-C8D60347A7C9,Unknown,,S,,,Ave,S Columbia Ave,2023/09/12 23:03:18+00,720 S Columbia Ave Los Angeles 90017,4F7F5B5D-3B07-4E2D-BD4E-C8D60347A7C9_720_S_Columbia_Ave_Los_Angeles_90017,Columbia,720 S Columbia Avenue Ave Los Angeles 90017,,,,
660420,1237167,,5143012022.0,,718.0,,,South,,,Columbia,Avenue,,,,,,,,,,,,,90017.0,,Los Angeles,Los Angeles,,,,,LA City,{3E525A44-4C21-43C1-82B5-EF5E44B1B6B6},0,,3E525A44-4C21-43C1-82B5-EF5E44B1B6B6,Unknown,,S,,,Ave,S Columbia Ave,2023/09/12 23:03:18+00,718 S Columbia Ave Los Angeles 90017,3E525A44-4C21-43C1-82B5-EF5E44B1B6B6_718_S_Columbia_Ave_Los_Angeles_90017,Columbia,718 S Columbia Avenue Ave Los Angeles 90017,,,,
660421,1237168,,5143012023.0,,716.0,,,South,,,Columbia,Avenue,,,,,,,,,,,,,90017.0,,Los Angeles,Los Angeles,,,,,LA City,{3D784882-B76D-4503-8C2F-26114562D554},0,,3D784882-B76D-4503-8C2F-26114562D554,Unknown,,S,,,Ave,S Columbia Ave,2023/09/12 23:03:18+00,716 S Columbia Ave Los Angeles 90017,3D784882-B76D-4503-8C2F-26114562D554_716_S_Columbia_Ave_Los_Angeles_90017,Columbia,716 S Columbia Avenue Ave Los Angeles 90017,,,,
660422,1237169,,5143012029.0,,725.0,,,South,,,Hartford,Avenue,,,,,,,,,,,,,90017.0,,Los Angeles,Los Angeles,,,,,LA City,{E870AC2C-BFC5-4C79-A8C2-7F180176AA24},0,,E870AC2C-BFC5-4C79-A8C2-7F180176AA24,Unknown,,S,,,Ave,S Hartford Ave,2023/09/12 23:03:18+00,725 S Hartford Ave Los Angeles 90017,E870AC2C-BFC5-4C79-A8C2-7F180176AA24_725_S_Hartford_Ave_Los_Angeles_90017,Hartford,725 S Hartford Avenue Ave Los Angeles 90017,,,,
660423,1237170,,5143012029.0,,713.0,,,South,,,Hartford,Avenue,,,,,,,,,,,,,90017.0,,Los Angeles,Los Angeles,,,,,LA City,{88D02E2C-3187-43F6-8CE3-54D02D62432A},0,,88D02E2C-3187-43F6-8CE3-54D02D62432A,Unknown,,S,,,Ave,S Hartford Ave,2023/09/12 23:03:18+00,713 S Hartford Ave Los Angeles 90017,88D02E2C-3187-43F6-8CE3-54D02D62432A_713_S_Hartford_Ave_Los_Angeles_90017,Hartford,713 S Hartford Avenue Ave Los Angeles 90017,,,,
660424,1237171,,5143012029.0,,717.0,,,South,,,Hartford,Avenue,,,,,,,,,,,,,90017.0,,Los Angeles,Los Angeles,,,,,LA City,{2A17B431-5762-4D45-A78A-F0E4E9C22AD4},0,,2A17B431-5762-4D45-A78A-F0E4E9C22AD4,Unknown,,S,,,Ave,S Hartford Ave,2023/09/12 23:03:18+00,717 S Hartford Ave Los Angeles 90017,2A17B431-5762-4D45-A78A-F0E4E9C22AD4_717_S_Hartford_Ave_Los_Angeles_90017,Hartford,717 S Hartford Avenue Ave Los Angeles 90017,,,,
660425,1237172,,5143012029.0,,1256.0,,,West,,,7Th,Street,,,,,,,,,,,,,90017.0,,Los Angeles,Los Angeles,,,,,LA City,{99EC8594-B2A9-4F99-9524-CD9CBC58D1A4},0,,99EC8594-B2A9-4F99-9524-CD9CBC58D1A4,Unknown,,W,,,St,W 7Th St,2023/09/12 23:03:18+00,1256 W 7Th St Los Angeles 90017,99EC8594-B2A9-4F99-9524-CD9CBC58D1A4_1256_W_7Th_St_Los_Angeles_90017,7Th,1256 W 7Th Street St Los Angeles 90017,,,,
660426,1237173,,5143012032.0,,735.0,,,South,,,Hartford,Avenue,,,,,,,,,,,,,90017.0,,Los Angeles,Los Angeles,,,,,LA City,{3F23294F-6EA3-4311-BD14-A312E2C4E6FD},0,,3F23294F-6EA3-4311-BD14-A312E2C4E6FD,Unknown,,S,,,Ave,S Hartford Ave,2023/09/12 23:03:18+00,735 S Hartford Ave Los Angeles 90017,3F23294F-6EA3-4311-BD14-A312E2C4E6FD_735_S_Hartford_Ave_Los_Angeles_90017,Hartford,735 S Hartford Avenue Ave Los Angeles 90017,,,,
660427,1237174,,5143012032.0,,733.0,,,South,,,Hartford,Avenue,,,,,,,,,,,,,90017.0,,Los Angeles,Los Angeles,,,,,LA City,{E5FE5BE1-0E06-452B-AF63-F7D1A6298C0B},0,,E5FE5BE1-0E06-452B-AF63-F7D1A6298C0B,Unknown,,S,,,Ave,S Hartford Ave,2023/09/12 23:03:18+00,733 S Hartford Ave Los Angeles 90017,E5FE5BE1-0E06-452B-AF63-F7D1A6298C0B_733_S_Hartford_Ave_Los_Angeles_90017,Hartford,733 S Hartford Avenue Ave Los Angeles 90017,,,,
660428,1237175,,5143012033.0,,1338.0,,,West,,,7Th,Street,,,,,,,,,,,,,90017.0,,Los Angeles,Los Angeles,,,,,LA City,{C216E7CC-8C89-4A4A-B112-6F404DA6254B},0,,C216E7CC-8C89-4A4A-B112-6F404DA6254B,Unknown,,W,,,St,W 7Th St,2023/09/12 23:03:18+00,1338 W 7Th St Los Angeles 90017,C216E7CC-8C89-4A4A-B112-6F404DA6254B_1338_W_7Th_St_Los_Angeles_90017,7Th,1338 W 7Th Street St Los Angeles 90017,,,,
660429,1237176,,5143012033.0,,712.0,,,South,,,Columbia,Avenue,,,,,,,,,,,,,90017.0,,Los Angeles,Los Angeles,,,,,LA City,{60369D82-D118-4B83-849C-973B860F6017},0,,60369D82-D118-4B83-849C-973B860F6017,Unknown,,S,,,Ave,S Columbia Ave,2023/09/12 23:03:18+00,712 S Columbia Ave Los Angeles 90017,60369D82-D118-4B83-849C-973B860F6017_712_S_Columbia_Ave_Los_Angeles_90017,Columbia,712 S Columbia Avenue Ave Los Angeles 90017,,,,
660430,1237177,,5143012033.0,,1310.0,,,West,,,7Th,Street,,,,,,,,,,,,,90017.0,,Los Angeles,Los Angeles,,,,,LA City,{055591C2-1BF1-4E24-BE40-2149301F0142},0,,055591C2-1BF1-4E24-BE40-2149301F0142,Unknown,,W,,,St,W 7Th St,2023/09/12 23:03:18+00,1310 W 7Th St Los Angeles 90017,055591C2-1BF1-4E24-BE40-2149301F0142_1310_W_7Th_St_Los_Angeles_90017,7Th,1310 W 7Th Street St Los Angeles 90017,,,,
660431,1237178,,5143012033.0,,1300.0,,,West,,,7Th,Street,,,,,,,,,,,,,90017.0,,Los Angeles,Los Angeles,,,,,LA City,{5F427D1D-9301-4757-BD11-E12446E5BB17},0,,5F427D1D-9301-4757-BD11-E12446E5BB17,Unknown,,W,,,St,W 7Th St,2023/09/12 23:03:18+00,1300 W 7Th St Los Angeles 90017,5F427D1D-9301-4757-BD11-E12446E5BB17_1300_W_7Th_St_Los_Angeles_90017,7Th,1300 W 7Th Street St Los Angeles 90017,,,,
660432,1237179,,5143012033.0,,1324.0,,,West,,,7Th,Street,,,,,,,,,,,,,90017.0,,Los Angeles,Los Angeles,,,,,LA City,{F5EFBA16-21AD-432F-9A13-5A449D6A27D7},0,,F5EFBA16-21AD-432F-9A13-5A449D6A27D7,Unknown,,W,,,St,W 7Th St,2023/09/12 23:03:18+00,1324 W 7Th St Los Angeles 90017,F5EFBA16-21AD-432F-9A13-5A449D6A27D7_1324_W_7Th_St_Los_Angeles_90017,7Th,1324 W 7Th Street St Los Angeles 90017,,,,
660433,1237180,,5143012033.0,,1320.0,,,West,,,7th,Street,,,,,,,,,,,,,90017.0,,Los Angeles,Los Angeles,,,,,Assessor,{D8DACB5D-B5FA-49E7-8C38-4A39A7856D70},0,,D8DACB5D-B5FA-49E7-8C38-4A39A7856D70,Unknown,,W,,,St,W 7th St,2024/04/27 17:13:09+00,1320 W 7th St Los Angeles 90017,D8DACB5D-B5FA-49E7-8C38-4A39A7856D70_1320_W_7th_St_Los_Angeles_90017,7th,1320 W 7th Street St Los Angeles 90017,,,,
660434,1237181,,5143013001.0,,685.0,,,South,,,Witmer,Street,,,,,,,,,,,,,90017.0,,Los Angeles,Los Angeles,,,,,LA City,{B071BA3C-6588-4CB7-AE09-53DCD1E9CFE8},0,,B071BA3C-6588-4CB7-AE09-53DCD1E9CFE8,Unknown,,S,,,St,S Witmer St,2023/09/12 23:03:18+00,685 S Witmer St Los Angeles 90017,B071BA3C-6588-4CB7-AE09-53DCD1E9CFE8_685_S_Witmer_St_Los_Angeles_90017,Witmer,685 S Witmer Street St Los Angeles 90017,,,,
660435,1237182,,5143013005.0,,1312.0,,,West,,,Ingraham,Street,,,,,,,,,,,,,90017.0,,Los Angeles,Los Angeles,,,,,LA City,{971DB959-20E2-413C-8C14-682F79C39C4B},0,,971DB959-20E2-413C-8C14-682F79C39C4B,Unknown,,W,,,St,W Ingraham St,2023/09/12 23:03:18+00,1312 W Ingraham St Los Angeles 90017,971DB959-20E2-413C-8C14-682F79C39C4B_1312_W_Ingraham_St_Los_Angeles_90017,Ingraham,1312 W Ingraham Street St Los Angeles 90017,,,,
660436,1237183,,5143013007.0,,1320.0,,,West,,,Ingraham,Street,,,,,,,,,,,,,90017.0,,Los Angeles,Los Angeles,,,,,LA City,{FF4C1AE9-0296-468F-AE8A-A13BA8F55C37},0,,FF4C1AE9-0296-468F-AE8A-A13BA8F55C37,Unknown,,W,,,St,W Ingraham St,2023/09/12 23:03:18+00,1320 W Ingraham St Los Angeles 90017,FF4C1AE9-0296-468F-AE8A-A13BA8F55C37_1320_W_Ingraham_St_Los_Angeles_90017,Ingraham,1320 W Ingraham Street St Los Angeles 90017,,,,
660437,1237184,,5143013022.0,,1303.0,,,West,,,7Th,Street,,,,,,,,,,,,,90017.0,,Los Angeles,Los Angeles,,,,,LA City,{F58E17D1-F060-40EF-ADEB-FA39D00FD6C5},0,,F58E17D1-F060-40EF-ADEB-FA39D00FD6C5,Unknown,,W,,,St,W 7Th St,2023/09/12 23:03:18+00,1303 W 7Th St Los Angeles 90017,F58E17D1-F060-40EF-ADEB-FA39D00FD6C5_1303_W_7Th_St_Los_Angeles_90017,7Th,1303 W 7Th Street St Los Angeles 90017,,,,
660438,1237185,,5143013022.0,,1310.0,,,West,,,Ingraham,Street,,,,,,,,,,,,,90017.0,,Los Angeles,Los Angeles,,,,,LA City,{C1065D0E-1173-489D-BB26-6635494C7855},0,,C1065D0E-1173-489D-BB26-6635494C7855,Unknown,,W,,,St,W Ingraham St,2023/09/12 23:03:18+00,1310 W Ingraham St Los Angeles 90017,C1065D0E-1173-489D-BB26-6635494C7855_1310_W_Ingraham_St_Los_Angeles_90017,Ingraham,1310 W Ingraham Street St Los Angeles 90017,,,,
660439,1237186,,5143013022.0,,1301.0,,,West,,,7Th,Street,,,,,,,,,,,,,90017.0,,Los Angeles,Los Angeles,,,,,LA City,{248F3C23-6D12-4DF4-AEA9-472B6E6471AC},0,,248F3C23-6D12-4DF4-AEA9-472B6E6471AC,Unknown,,W,,,St,W 7Th St,2023/09/12 23:03:18+00,1301 W 7Th St Los Angeles 90017,248F3C23-6D12-4DF4-AEA9-472B6E6471AC_1301_W_7Th_St_Los_Angeles_90017,7Th,1301 W 7Th Street St Los Angeles 90017,,,,
660440,1237187,,5143013022.0,,697.0,,,South,,,Witmer,Street,,,,,,,,,,,,,90017.0,,Los Angeles,Los Angeles,,,,,LA City,{3A2D8693-48C8-43CB-9789-560CE3A526FE},0,,3A2D8693-48C8-43CB-9789-560CE3A526FE,Unknown,,S,,,St,S Witmer St,2023/09/12 23:03:18+00,697 S Witmer St Los Angeles 90017,3A2D8693-48C8-43CB-9789-560CE3A526FE_697_S_Witmer_St_Los_Angeles_90017,Witmer,697 S Witmer Street St Los Angeles 90017,,,,
660441,1237188,,5143013022.0,,695.0,,,South,,,Witmer,Street,,,,,,,,,,,,,90017.0,,Los Angeles,Los Angeles,,,,,LA City,{CD17BF39-C725-4C20-8C87-CD913A8899E4},0,,CD17BF39-C725-4C20-8C87-CD913A8899E4,Unknown,,S,,,St,S Witmer St,2023/09/12 23:03:18+00,695 S Witmer St Los Angeles 90017,CD17BF39-C725-4C20-8C87-CD913A8899E4_695_S_Witmer_St_Los_Angeles_90017,Witmer,695 S Witmer Street St Los Angeles 90017,,,,
660442,1237189,,5143013028.0,,1433.0,,,West,,,7Th,Street,,,,,,,,,,,,,90017.0,,Los Angeles,Los Angeles,,,,,LA City,{F5BF5E86-460F-43A3-9D95-EA953A2A0A98},0,,F5BF5E86-460F-43A3-9D95-EA953A2A0A98,Unknown,,W,,,St,W 7Th St,2023/09/12 23:03:18+00,1433 W 7Th St Los Angeles 90017,F5BF5E86-460F-43A3-9D95-EA953A2A0A98_1433_W_7Th_St_Los_Angeles_90017,7Th,1433 W 7Th Street St Los Angeles 90017,,,,
660443,1237190,,5143013028.0,,692.0,,,South,,,Valencia,Street,,,,,,,,,,,,,90017.0,,Los Angeles,Los Angeles,,,,,LA City,{B533A27E-5676-4FC7-AB07-D6A281D42F37},0,,B533A27E-5676-4FC7-AB07-D6A281D42F37,Unknown,,S,,,St,S Valencia St,2023/09/12 23:03:18+00,692 S Valencia St Los Angeles 90017,B533A27E-5676-4FC7-AB07-D6A281D42F37_692_S_Valencia_St_Los_Angeles_90017,Valencia,692 S Valencia Street St Los Angeles 90017,,,,
660444,1237191,,5143013028.0,,1425.0,,,West,,,7Th,Street,,,,,,,,,,,,,90017.0,,Los Angeles,Los Angeles,,,,,LA City,{9F8EE565-BB54-4666-87C5-D1A8AAEF2623},0,,9F8EE565-BB54-4666-87C5-D1A8AAEF2623,Unknown,,W,,,St,W 7Th St,2023/09/12 23:03:18+00,1425 W 7Th St Los Angeles 90017,9F8EE565-BB54-4666-87C5-D1A8AAEF2623_1425_W_7Th_St_Los_Angeles_90017,7Th,1425 W 7Th Street St Los Angeles 90017,,,,
660445,1237192,,5143013029.0,,1348.0,,,West,,,Ingraham,Street,,,,,,,,,,,,,90017.0,,Los Angeles,Los Angeles,,,,,LA City,{8CF6717F-DCE0-4BCB-8348-9AB0F4A36C1F},0,,8CF6717F-DCE0-4BCB-8348-9AB0F4A36C1F,Unknown,,W,,,St,W Ingraham St,2023/09/12 23:03:18+00,1348 W Ingraham St Los Angeles 90017,8CF6717F-DCE0-4BCB-8348-9AB0F4A36C1F_1348_W_Ingraham_St_Los_Angeles_90017,Ingraham,1348 W Ingraham Street St Los Angeles 90017,,,,
660446,1237193,,5143013030.0,,1336.0,,,West,,,Ingraham,Street,,,,,,,,,,,,,90017.0,,Los Angeles,Los Angeles,,,,,LA City,{993F0A57-186B-44F4-80EA-2EDCFF136CDE},0,,993F0A57-186B-44F4-80EA-2EDCFF136CDE,Unknown,,W,,,St,W Ingraham St,2023/09/12 23:03:18+00,1336 W Ingraham St Los Angeles 90017,993F0A57-186B-44F4-80EA-2EDCFF136CDE_1336_W_Ingraham_St_Los_Angeles_90017,Ingraham,1336 W Ingraham Street St Los Angeles 90017,,,,
660447,1237194,,5143013033.0,,1322.0,,,West,,,Ingraham,Street,,,,,,,,,,,,,90017.0,,Los Angeles,Los Angeles,,,,,LA City,{E4B9DD26-A21F-492D-B240-7359EC5F9200},0,,E4B9DD26-A21F-492D-B240-7359EC5F9200,Unknown,,W,,,St,W Ingraham St,2023/09/12 23:03:18+00,1322 W Ingraham St Los Angeles 90017,E4B9DD26-A21F-492D-B240-7359EC5F9200_1322_W_Ingraham_St_Los_Angeles_90017,Ingraham,1322 W Ingraham Street St Los Angeles 90017,,,,
660448,1237195,,5143013033.0,,1330.0,,,West,,,Ingraham,Street,,,,,,,,,,,,1-48,90017.0,,Los Angeles,Los Angeles,,,,,LA City,{818405A1-7571-4558-BF21-0005B385BD2F},0,,818405A1-7571-4558-BF21-0005B385BD2F,Unknown,,W,,,St,W Ingraham St,2023/09/12 23:03:18+00,1330 W Ingraham St 1-48 Los Angeles 90017,818405A1-7571-4558-BF21-0005B385BD2F_1330_W_Ingraham_St_1-48_Los_Angeles_90017,Ingraham,1330 W Ingraham Street St 1-48 Los Angeles 90017,,,,
660449,1237196,,5143013033.0,,1328.0,,,West,,,Ingraham,Street,,,,,,,,,,,,,90017.0,,Los Angeles,Los Angeles,,,,,LA City,{78053207-B89F-4230-AE70-FEF84B7BF87F},0,,78053207-B89F-4230-AE70-FEF84B7BF87F,Unknown,,W,,,St,W Ingraham St,2023/09/12 23:03:18+00,1328 W Ingraham St Los Angeles 90017,78053207-B89F-4230-AE70-FEF84B7BF87F_1328_W_Ingraham_St_Los_Angeles_90017,Ingraham,1328 W Ingraham Street St Los Angeles 90017,,,,
660450,1237197,,5143013034.0,,1315.0,,,West,,,7Th,Street,,,,,,,,,,,,,90017.0,,Los Angeles,Los Angeles,,,,,LA City,{84D07A2A-B0D2-4895-AD7C-1ABD7E7C859C},0,,84D07A2A-B0D2-4895-AD7C-1ABD7E7C859C,Unknown,,W,,,St,W 7Th St,2023/09/12 23:03:18+00,1315 W 7Th St Los Angeles 90017,84D07A2A-B0D2-4895-AD7C-1ABD7E7C859C_1315_W_7Th_St_Los_Angeles_90017,7Th,1315 W 7Th Street St Los Angeles 90017,,,,
660451,1237198,,5143013034.0,,1311.0,,,West,,,7Th,Street,,,,,,,,,,,,,90017.0,,Los Angeles,Los Angeles,,,,,LA City,{901216BF-9D7F-4273-9C27-EE7BAFD84FC8},0,,901216BF-9D7F-4273-9C27-EE7BAFD84FC8,Unknown,,W,,,St,W 7Th St,2023/09/12 23:03:18+00,1311 W 7Th St Los Angeles 90017,901216BF-9D7F-4273-9C27-EE7BAFD84FC8_1311_W_7Th_St_Los_Angeles_90017,7Th,1311 W 7Th Street St Los Angeles 90017,,,,
660452,1237199,,5143013034.0,,1325.0,,,West,,,7Th,Street,,,,,,,,,,,,,90017.0,,Los Angeles,Los Angeles,,,,,LA City,{C70C2364-22DF-4931-A303-D4980CDB55BE},0,,C70C2364-22DF-4931-A303-D4980CDB55BE,Unknown,,W,,,St,W 7Th St,2023/09/12 23:03:18+00,1325 W 7Th St Los Angeles 90017,C70C2364-22DF-4931-A303-D4980CDB55BE_1325_W_7Th_St_Los_Angeles_90017,7Th,1325 W 7Th Street St Los Angeles 90017,,,,
660453,1237200,,5143013034.0,,1317.0,,,West,,,7Th,Street,,,,,,,,,,,,,90017.0,,Los Angeles,Los Angeles,,,,,LA City,{5A1A56F0-E3B5-4D02-AB5A-D4B24C654138},0,,5A1A56F0-E3B5-4D02-AB5A-D4B24C654138,Unknown,,W,,,St,W 7Th St,2023/09/12 23:03:18+00,1317 W 7Th St Los Angeles 90017,5A1A56F0-E3B5-4D02-AB5A-D4B24C654138_1317_W_7Th_St_Los_Angeles_90017,7Th,1317 W 7Th Street St Los Angeles 90017,,,,
660454,1237201,,5143013036.0,,1405.0,,,West,,,7Th,Street,,,,,,,,,,,,,90017.0,,Los Angeles,Los Angeles,,,,,LA City,{AD91C116-84F6-4713-BB0C-706A33F7FF0C},0,,AD91C116-84F6-4713-BB0C-706A33F7FF0C,Unknown,,W,,,St,W 7Th St,2023/09/12 23:03:18+00,1405 W 7Th St Los Angeles 90017,AD91C116-84F6-4713-BB0C-706A33F7FF0C_1405_W_7Th_St_Los_Angeles_90017,7Th,1405 W 7Th Street St Los Angeles 90017,,,,
660455,1237202,,5143013036.0,,1331.0,,,West,,,7Th,Street,,,,,,,,,,,,,90017.0,,Los Angeles,Los Angeles,,,,,LA City,{90DAD16F-54C3-447E-8F95-37615B0B109A},0,,90DAD16F-54C3-447E-8F95-37615B0B109A,Unknown,,W,,,St,W 7Th St,2023/09/12 23:03:18+00,1331 W 7Th St Los Angeles 90017,90DAD16F-54C3-447E-8F95-37615B0B109A_1331_W_7Th_St_Los_Angeles_90017,7Th,1331 W 7Th Street St Los Angeles 90017,,,,
660456,1237203,,5143013036.0,,1413.0,,,West,,,7Th,Street,,,,,,,,,,,,,90017.0,,Los Angeles,Los Angeles,,,,,LA City,{591402F5-1B53-481D-9E39-9D925B982EE1},0,,591402F5-1B53-481D-9E39-9D925B982EE1,Unknown,,W,,,St,W 7Th St,2023/09/12 23:03:18+00,1413 W 7Th St Los Angeles 90017,591402F5-1B53-481D-9E39-9D925B982EE1_1413_W_7Th_St_Los_Angeles_90017,7Th,1413 W 7Th Street St Los Angeles 90017,,,,
660457,1237204,,5143014001.0,,1302.0,,,West,,,Wilshire,Boulevard,,,,,,,,,,,,,90017.0,,Los Angeles,Los Angeles,,,,,LA City,{B8E9D653-6C04-4FDC-AEA8-EA6850145D42},0,,B8E9D653-6C04-4FDC-AEA8-EA6850145D42,Unknown,,W,,,Blvd,W Wilshire Blvd,2023/09/12 23:03:18+00,1302 W Wilshire Blvd Los Angeles 90017,B8E9D653-6C04-4FDC-AEA8-EA6850145D42_1302_W_Wilshire_Blvd_Los_Angeles_90017,Wilshire,1302 W Wilshire Boulevard Blvd Los Angeles 90017,,,,
660458,1237205,,5143014001.0,,1300.0,,,West,,,Wilshire,Boulevard,,,,,,,,,,,,,90017.0,,Los Angeles,Los Angeles,,,,,LA City,{C37CECAA-6656-45C4-A284-A2366CE17118},0,,C37CECAA-6656-45C4-A284-A2366CE17118,Unknown,,W,,,Blvd,W Wilshire Blvd,2023/09/12 23:03:18+00,1300 W Wilshire Blvd Los Angeles 90017,C37CECAA-6656-45C4-A284-A2366CE17118_1300_W_Wilshire_Blvd_Los_Angeles_90017,Wilshire,1300 W Wilshire Boulevard Blvd Los Angeles 90017,,,,
660459,1237206,,5143014003.0,,1310.0,,,West,,,Wilshire,Boulevard,,,,,,,,,,,,,90017.0,,Los Angeles,Los Angeles,,,,,LA City,{432F5157-5386-41B5-8AFD-748D09DB58DC},0,,432F5157-5386-41B5-8AFD-748D09DB58DC,Unknown,,W,,,Blvd,W Wilshire Blvd,2023/09/12 23:03:18+00,1310 W Wilshire Blvd Los Angeles 90017,432F5157-5386-41B5-8AFD-748D09DB58DC_1310_W_Wilshire_Blvd_Los_Angeles_90017,Wilshire,1310 W Wilshire Boulevard Blvd Los Angeles 90017,,,,
660460,1237207,,5143014003.0,,1306.0,,,West,,,Wilshire,Boulevard,,,,,,,,,,,,,90017.0,,Los Angeles,Los Angeles,,,,,LA City,{78029C8B-7AFF-4695-AD2F-08745CC81797},0,,78029C8B-7AFF-4695-AD2F-08745CC81797,Unknown,,W,,,Blvd,W Wilshire Blvd,2023/09/12 23:03:18+00,1306 W Wilshire Blvd Los Angeles 90017,78029C8B-7AFF-4695-AD2F-08745CC81797_1306_W_Wilshire_Blvd_Los_Angeles_90017,Wilshire,1306 W Wilshire Boulevard Blvd Los Angeles 90017,,,,
660461,1237208,,5143014003.0,,1308.0,,,West,,,Wilshire,Boulevard,,,,,,,,,,,,,90017.0,,Los Angeles,Los Angeles,,,,,LA City,{84C0FBF2-12DD-496F-AC0E-04C07AF8DBDA},0,,84C0FBF2-12DD-496F-AC0E-04C07AF8DBDA,Unknown,,W,,,Blvd,W Wilshire Blvd,2023/09/12 23:03:18+00,1308 W Wilshire Blvd Los Angeles 90017,84C0FBF2-12DD-496F-AC0E-04C07AF8DBDA_1308_W_Wilshire_Blvd_Los_Angeles_90017,Wilshire,1308 W Wilshire Boulevard Blvd Los Angeles 90017,,,,
660462,1237209,,5143014004.0,,1305.0,,,West,,,Ingraham,Street,,,,,,,,,,,,,90017.0,,Los Angeles,Los Angeles,,,,,LA City,{D67982D4-3962-4C0E-BD65-808E91A018D0},0,,D67982D4-3962-4C0E-BD65-808E91A018D0,Unknown,,W,,,St,W Ingraham St,2023/09/12 23:03:18+00,1305 W Ingraham St Los Angeles 90017,D67982D4-3962-4C0E-BD65-808E91A018D0_1305_W_Ingraham_St_Los_Angeles_90017,Ingraham,1305 W Ingraham Street St Los Angeles 90017,,,,
660463,1237210,,5143014004.0,,1307.0,,,West,,,Ingraham,Street,,,,,,,,,,,,,90017.0,,Los Angeles,Los Angeles,,,,,LA City,{7D9F6592-D9A7-4745-8853-15F94EA83A2D},0,,7D9F6592-D9A7-4745-8853-15F94EA83A2D,Unknown,,W,,,St,W Ingraham St,2023/09/12 23:03:18+00,1307 W Ingraham St Los Angeles 90017,7D9F6592-D9A7-4745-8853-15F94EA83A2D_1307_W_Ingraham_St_Los_Angeles_90017,Ingraham,1307 W Ingraham Street St Los Angeles 90017,,,,
660464,1237211,,5143014005.0,,1314.0,,,West,,,Wilshire,Boulevard,,,,,,,,,,,,,90017.0,,Los Angeles,Los Angeles,,,,,LA City,{CEAA6BAB-5B4E-4D2C-AB9D-A936CEB6218D},0,,CEAA6BAB-5B4E-4D2C-AB9D-A936CEB6218D,Unknown,,W,,,Blvd,W Wilshire Blvd,2023/09/12 23:03:18+00,1314 W Wilshire Blvd Los Angeles 90017,CEAA6BAB-5B4E-4D2C-AB9D-A936CEB6218D_1314_W_Wilshire_Blvd_Los_Angeles_90017,Wilshire,1314 W Wilshire Boulevard Blvd Los Angeles 90017,,,,
660465,1237212,,5143014006.0,,1311.0,,,West,,,Ingraham,Street,,,,,,,,,,,,,90017.0,,Los Angeles,Los Angeles,,,,,LA City,{00C3984F-3499-49F9-A7A4-962D8213C771},0,,00C3984F-3499-49F9-A7A4-962D8213C771,Unknown,,W,,,St,W Ingraham St,2023/09/12 23:03:18+00,1311 W Ingraham St Los Angeles 90017,00C3984F-3499-49F9-A7A4-962D8213C771_1311_W_Ingraham_St_Los_Angeles_90017,Ingraham,1311 W Ingraham Street St Los Angeles 90017,,,,
660466,1237213,,5143014012.0,,1316.0,,,West,,,Wilshire,Boulevard,,,,,,,,,,,,,90017.0,,Los Angeles,Los Angeles,,,,,LA City,{E22340EB-C1FC-46BA-8EDD-E1346C3EA505},0,,E22340EB-C1FC-46BA-8EDD-E1346C3EA505,Unknown,,W,,,Blvd,W Wilshire Blvd,2023/09/12 23:03:18+00,1316 W Wilshire Blvd Los Angeles 90017,E22340EB-C1FC-46BA-8EDD-E1346C3EA505_1316_W_Wilshire_Blvd_Los_Angeles_90017,Wilshire,1316 W Wilshire Boulevard Blvd Los Angeles 90017,,,,
660467,1237214,,5143014013.0,,1319.0,,,West,,,Ingraham,Street,,,,,,,,,,,,,90017.0,,Los Angeles,Los Angeles,,,,,LA City,{492A160E-8B33-4527-BFF0-FEF9EB440EBA},0,,492A160E-8B33-4527-BFF0-FEF9EB440EBA,Unknown,,W,,,St,W Ingraham St,2023/09/12 23:03:18+00,1319 W Ingraham St Los Angeles 90017,492A160E-8B33-4527-BFF0-FEF9EB440EBA_1319_W_Ingraham_St_Los_Angeles_90017,Ingraham,1319 W Ingraham Street St Los Angeles 90017,,,,
660468,1237215,,5143014015.0,,1325.0,,,West,,,Ingraham,Street,,,,,,,,,,,,,90017.0,,Los Angeles,Los Angeles,,,,,LA City,{7C26AC14-EC6F-42B4-8758-5AB7993379A0},0,,7C26AC14-EC6F-42B4-8758-5AB7993379A0,Unknown,,W,,,St,W Ingraham St,2023/09/12 23:03:18+00,1325 W Ingraham St Los Angeles 90017,7C26AC14-EC6F-42B4-8758-5AB7993379A0_1325_W_Ingraham_St_Los_Angeles_90017,Ingraham,1325 W Ingraham Street St Los Angeles 90017,,,,
660469,1237216,,5143014026.0,,1324.0,,,West,,,Wilshire,Boulevard,,,,,,,,,,,,,90017.0,,Los Angeles,Los Angeles,,,,,LA City,{DBECB19F-457C-4AD9-A380-15AC4EB43C30},0,,DBECB19F-457C-4AD9-A380-15AC4EB43C30,Unknown,,W,,,Blvd,W Wilshire Blvd,2024/05/12 21:05:27+00,1324 W Wilshire Blvd Los Angeles 90017,DBECB19F-457C-4AD9-A380-15AC4EB43C30_1324_W_Wilshire_Blvd_Los_Angeles_90017,Wilshire,1324 W Wilshire Boulevard Blvd Los Angeles 90017,,,,
660470,1237217,,5143014026.0,,1324.0,1/2,,West,,,Wilshire,Boulevard,,,,,,,,,,,,,90017.0,,Los Angeles,Los Angeles,,,,,LA City,{56BBC52E-F691-4C21-AC2F-27B2100AE7EC},0,,56BBC52E-F691-4C21-AC2F-27B2100AE7EC,Unknown,,W,,,Blvd,W Wilshire Blvd,2024/05/12 21:05:27+00,1324 1/2 W Wilshire Blvd Los Angeles 90017,56BBC52E-F691-4C21-AC2F-27B2100AE7EC_1324_1/2_W_Wilshire_Blvd_Los_Angeles_90017,Wilshire,1324 1/2 W Wilshire Boulevard Blvd Los Angeles 90017,,,,
660471,1237218,,5143014900.0,,1339.0,,,West,,,Ingraham,Street,,,,,,,,,,,,,90017.0,,Los Angeles,Los Angeles,,,,,LA City,{F8ED71C3-7567-40FA-B7EC-699A32EFF093},0,,F8ED71C3-7567-40FA-B7EC-699A32EFF093,Unknown,,W,,,St,W Ingraham St,2023/09/12 23:03:18+00,1339 W Ingraham St Los Angeles 90017,F8ED71C3-7567-40FA-B7EC-699A32EFF093_1339_W_Ingraham_St_Los_Angeles_90017,Ingraham,1339 W Ingraham Street St Los Angeles 90017,,,,
660472,1237219,,5143014901.0,,666.0,,,South,,,Valencia,Street,,,,,,,,,,,,,90017.0,,Los Angeles,Los Angeles,,,,,LA City,{4BFE94E1-1FED-4A14-B2EF-53B0BA79F8AD},0,,4BFE94E1-1FED-4A14-B2EF-53B0BA79F8AD,Unknown,,S,,,St,S Valencia St,2023/09/12 23:03:18+00,666 S Valencia St Los Angeles 90017,4BFE94E1-1FED-4A14-B2EF-53B0BA79F8AD_666_S_Valencia_St_Los_Angeles_90017,Valencia,666 S Valencia Street St Los Angeles 90017,,,,
660473,1237220,,5143014901.0,,1349.0,,,West,,,Ingraham,Street,,,,,,,,,,,,,90017.0,,Los Angeles,Los Angeles,,,,,LA City,{A1377B3C-0D81-419C-ACA0-383B36658F5A},0,,A1377B3C-0D81-419C-ACA0-383B36658F5A,Unknown,,W,,,St,W Ingraham St,2023/09/12 23:03:18+00,1349 W Ingraham St Los Angeles 90017,A1377B3C-0D81-419C-ACA0-383B36658F5A_1349_W_Ingraham_St_Los_Angeles_90017,Ingraham,1349 W Ingraham Street St Los Angeles 90017,,,,
660474,1237221,,5143014901.0,,1351.0,,,West,,,Ingraham,Street,,,,,,,,,,,,,90017.0,,Los Angeles,Los Angeles,,,,,LA City,{82FE1091-230D-47B3-85A7-424A97048330},0,,82FE1091-230D-47B3-85A7-424A97048330,Unknown,,W,,,St,W Ingraham St,2023/09/12 23:03:18+00,1351 W Ingraham St Los Angeles 90017,82FE1091-230D-47B3-85A7-424A97048330_1351_W_Ingraham_St_Los_Angeles_90017,Ingraham,1351 W Ingraham Street St Los Angeles 90017,,,,
660475,1237222,,5143014902.0,,1345.0,,,West,,,Ingraham,Street,,,,,,,,,,,,,90017.0,,Los Angeles,Los Angeles,,,,,LA City,{33841E5F-D521-48EE-A24D-44023C96FA8A},0,,33841E5F-D521-48EE-A24D-44023C96FA8A,Unknown,,W,,,St,W Ingraham St,2023/09/12 23:03:18+00,1345 W Ingraham St Los Angeles 90017,33841E5F-D521-48EE-A24D-44023C96FA8A_1345_W_Ingraham_St_Los_Angeles_90017,Ingraham,1345 W Ingraham Street St Los Angeles 90017,,,,
660476,1237223,,5143014903.0,,1341.0,,,West,,,Ingraham,Street,,,,,,,,,,,,,90017.0,,Los Angeles,Los Angeles,,,,,LA City,{0A2CE38B-5EFF-4C95-ABF7-992E3456EBCE},0,,0A2CE38B-5EFF-4C95-ABF7-992E3456EBCE,Unknown,,W,,,St,W Ingraham St,2023/09/12 23:03:18+00,1341 W Ingraham St Los Angeles 90017,0A2CE38B-5EFF-4C95-ABF7-992E3456EBCE_1341_W_Ingraham_St_Los_Angeles_90017,Ingraham,1341 W Ingraham Street St Los Angeles 90017,,,,
660477,1237224,,5143014904.0,,1337.0,,,West,,,Ingraham,Street,,,,,,,,,,,,,90017.0,,Los Angeles,Los Angeles,,,,,LA City,{0B470173-33F8-446E-B0D3-B86F228F071F},0,,0B470173-33F8-446E-B0D3-B86F228F071F,Unknown,,W,,,St,W Ingraham St,2023/09/12 23:03:18+00,1337 W Ingraham St Los Angeles 90017,0B470173-33F8-446E-B0D3-B86F228F071F_1337_W_Ingraham_St_Los_Angeles_90017,Ingraham,1337 W Ingraham Street St Los Angeles 90017,,,,
660478,1237225,,5143014904.0,,1335.0,,,,,,Ingraham,Street,,,,,,,,,,,,,90017.0,,Los Angeles,Los Angeles,,,,,Assessor,{7C66274A-61F2-40C5-AB36-E747E5AAC37F},0,,7C66274A-61F2-40C5-AB36-E747E5AAC37F,Unknown,,,,,St,Ingraham St,2024/04/27 17:13:09+00,1335 Ingraham St Los Angeles 90017,7C66274A-61F2-40C5-AB36-E747E5AAC37F_1335_Ingraham_St_Los_Angeles_90017,Ingraham,1335 Ingraham Street St Los Angeles 90017,,,,
660479,1237226,,5143014907.0,,1332.0,,,West,,,Wilshire,Boulevard,,,,,,,,,,,,,90017.0,,Los Angeles,Los Angeles,,,,,LA City,{EA6A4A21-0B36-4FAD-A8AF-38A5129BAD20},0,,EA6A4A21-0B36-4FAD-A8AF-38A5129BAD20,Unknown,,W,,,Blvd,W Wilshire Blvd,2023/09/12 23:03:18+00,1332 W Wilshire Blvd Los Angeles 90017,EA6A4A21-0B36-4FAD-A8AF-38A5129BAD20_1332_W_Wilshire_Blvd_Los_Angeles_90017,Wilshire,1332 W Wilshire Boulevard Blvd Los Angeles 90017,,,,
660480,1237227,,5143014908.0,,1340.0,,,West,,,Wilshire,Boulevard,,,,,,,,,,,,,90017.0,,Los Angeles,Los Angeles,,,,,LA City,{2C17687F-F87C-424A-AB72-DD9D28D1EE33},0,,2C17687F-F87C-424A-AB72-DD9D28D1EE33,Unknown,,W,,,Blvd,W Wilshire Blvd,2023/09/12 23:03:18+00,1340 W Wilshire Blvd Los Angeles 90017,2C17687F-F87C-424A-AB72-DD9D28D1EE33_1340_W_Wilshire_Blvd_Los_Angeles_90017,Wilshire,1340 W Wilshire Boulevard Blvd Los Angeles 90017,,,,
660481,1237228,,5143014909.0,,1344.0,,,West,,,Wilshire,Boulevard,,,,,,,,,,,,,90017.0,,Los Angeles,Los Angeles,,,,,LA City,{B6B5B454-84BA-479D-983A-BB05D02242BA},0,,B6B5B454-84BA-479D-983A-BB05D02242BA,Unknown,,W,,,Blvd,W Wilshire Blvd,2023/09/12 23:03:18+00,1344 W Wilshire Blvd Los Angeles 90017,B6B5B454-84BA-479D-983A-BB05D02242BA_1344_W_Wilshire_Blvd_Los_Angeles_90017,Wilshire,1344 W Wilshire Boulevard Blvd Los Angeles 90017,,,,
660482,1237229,,5143014910.0,,1346.0,,,West,,,Wilshire,Boulevard,,,,,,,,,,,,,90017.0,,Los Angeles,Los Angeles,,,,,LA City,{09DC34AB-13E7-49CC-BB29-94564281F408},0,,09DC34AB-13E7-49CC-BB29-94564281F408,Unknown,,W,,,Blvd,W Wilshire Blvd,2023/09/12 23:03:18+00,1346 W Wilshire Blvd Los Angeles 90017,09DC34AB-13E7-49CC-BB29-94564281F408_1346_W_Wilshire_Blvd_Los_Angeles_90017,Wilshire,1346 W Wilshire Boulevard Blvd Los Angeles 90017,,,,
660483,1237230,,5143014911.0,,1350.0,,,West,,,Wilshire,Boulevard,,,,,,,,,,,,,90017.0,,Los Angeles,Los Angeles,,,,,LA City,{B28B4181-E128-4B4F-BCA7-AB21C3A29242},0,,B28B4181-E128-4B4F-BCA7-AB21C3A29242,Unknown,,W,,,Blvd,W Wilshire Blvd,2023/09/12 23:03:18+00,1350 W Wilshire Blvd Los Angeles 90017,B28B4181-E128-4B4F-BCA7-AB21C3A29242_1350_W_Wilshire_Blvd_Los_Angeles_90017,Wilshire,1350 W Wilshire Boulevard Blvd Los Angeles 90017,,,,
660484,1237231,,5143014912.0,,1333.0,,,West,,,Ingraham,Street,,,,,,,,,,,,,90017.0,,Los Angeles,Los Angeles,,,,,LA City,{B4E7909B-ADA9-405E-BB97-1E073F7AA6DD},0,,B4E7909B-ADA9-405E-BB97-1E073F7AA6DD,Unknown,,W,,,St,W Ingraham St,2023/09/12 23:03:18+00,1333 W Ingraham St Los Angeles 90017,B4E7909B-ADA9-405E-BB97-1E073F7AA6DD_1333_W_Ingraham_St_Los_Angeles_90017,Ingraham,1333 W Ingraham Street St Los Angeles 90017,,,,
660485,1237232,,5143014913.0,,1331.0,,,West,,,Ingraham,Street,,,,,,,,,,,,,90017.0,,Los Angeles,Los Angeles,,,,,LA City,{CC15582A-D259-48D4-BF4B-E23D7F59092B},0,,CC15582A-D259-48D4-BF4B-E23D7F59092B,Unknown,,W,,,St,W Ingraham St,2023/09/12 23:03:18+00,1331 W Ingraham St Los Angeles 90017,CC15582A-D259-48D4-BF4B-E23D7F59092B_1331_W_Ingraham_St_Los_Angeles_90017,Ingraham,1331 W Ingraham Street St Los Angeles 90017,,,,
660486,1237233,,5143015019.0,,630.0,,,South,,,Valencia,Street,,,,,,,,,,,,,90017.0,,Los Angeles,Los Angeles,,,,,LA City,{CFE836EE-29DE-42E0-A223-5D9AE7017BE7},0,,CFE836EE-29DE-42E0-A223-5D9AE7017BE7,Unknown,,S,,,St,S Valencia St,2023/09/12 23:03:18+00,630 S Valencia St Los Angeles 90017,CFE836EE-29DE-42E0-A223-5D9AE7017BE7_630_S_Valencia_St_Los_Angeles_90017,Valencia,630 S Valencia Street St Los Angeles 90017,,,,
660487,1237234,,5143015023.0,,540.0,,,South,,,Valencia,Street,,,,,,,,,,,,,90017.0,,Los Angeles,Los Angeles,,,,,LA City,{CA41A3FF-95A8-4A17-960E-F8F627EE2C85},0,,CA41A3FF-95A8-4A17-960E-F8F627EE2C85,Unknown,,S,,,St,S Valencia St,2023/09/12 23:03:18+00,540 S Valencia St Los Angeles 90017,CA41A3FF-95A8-4A17-960E-F8F627EE2C85_540_S_Valencia_St_Los_Angeles_90017,Valencia,540 S Valencia Street St Los Angeles 90017,,,,
660488,1237235,,5143015024.0,,1343.0,,,West,,,Wilshire,Boulevard,,,,,,,,,,,,,90017.0,,Los Angeles,Los Angeles,,,,,LA City,{062A85CC-59E9-44B0-AC89-3B689D911D88},0,,062A85CC-59E9-44B0-AC89-3B689D911D88,Unknown,,W,,,Blvd,W Wilshire Blvd,2024/05/12 21:05:27+00,1343 W Wilshire Blvd Los Angeles 90017,062A85CC-59E9-44B0-AC89-3B689D911D88_1343_W_Wilshire_Blvd_Los_Angeles_90017,Wilshire,1343 W Wilshire Boulevard Blvd Los Angeles 90017,,,,
660489,1237236,,5143015024.0,,1343.0,1/2,,West,,,Wilshire,Boulevard,,,,,,,,,,,,,90017.0,,Los Angeles,Los Angeles,,,,,LA City,{07CD439D-9BC3-4AC3-A80B-A9B3B1248F90},0,,07CD439D-9BC3-4AC3-A80B-A9B3B1248F90,Unknown,,W,,,Blvd,W Wilshire Blvd,2024/05/12 21:05:27+00,1343 1/2 W Wilshire Blvd Los Angeles 90017,07CD439D-9BC3-4AC3-A80B-A9B3B1248F90_1343_1/2_W_Wilshire_Blvd_Los_Angeles_90017,Wilshire,1343 1/2 W Wilshire Boulevard Blvd Los Angeles 90017,,,,
660490,1237237,,5143015025.0,,1339.0,,,West,,,Wilshire,Boulevard,,,,,,,,,,,,,90017.0,,Los Angeles,Los Angeles,,,,,LA City,{DFFF04AC-77BF-4E1F-8422-C4BF1D31DEE6},0,,DFFF04AC-77BF-4E1F-8422-C4BF1D31DEE6,Unknown,,W,,,Blvd,W Wilshire Blvd,2023/09/12 23:03:18+00,1339 W Wilshire Blvd Los Angeles 90017,DFFF04AC-77BF-4E1F-8422-C4BF1D31DEE6_1339_W_Wilshire_Blvd_Los_Angeles_90017,Wilshire,1339 W Wilshire Boulevard Blvd Los Angeles 90017,,,,
660491,1237238,,5143015026.0,,1335.0,,,West,,,Wilshire,Boulevard,,,,,,,,,,,,,90017.0,,Los Angeles,Los Angeles,,,,,LA City,{D9C6182D-292E-4F14-AC3B-C9B81B8D807A},0,,D9C6182D-292E-4F14-AC3B-C9B81B8D807A,Unknown,,W,,,Blvd,W Wilshire Blvd,2023/09/12 23:03:18+00,1335 W Wilshire Blvd Los Angeles 90017,D9C6182D-292E-4F14-AC3B-C9B81B8D807A_1335_W_Wilshire_Blvd_Los_Angeles_90017,Wilshire,1335 W Wilshire Boulevard Blvd Los Angeles 90017,,,,
660492,1237239,,5143015028.0,,635.0,,,South,,,Witmer,Street,,,,,,,,,,,,,90017.0,,Los Angeles,Los Angeles,,,,,LA City,{78BFE952-0AAC-49C1-B05C-913B84A9CF03},0,,78BFE952-0AAC-49C1-B05C-913B84A9CF03,Unknown,,S,,,St,S Witmer St,2023/09/12 23:03:18+00,635 S Witmer St Los Angeles 90017,78BFE952-0AAC-49C1-B05C-913B84A9CF03_635_S_Witmer_St_Los_Angeles_90017,Witmer,635 S Witmer Street St Los Angeles 90017,,,,
660493,1237240,,5143015028.0,,1301.0,,,West,,,Wilshire,Boulevard,,,,,,,,,,,,,90017.0,,Los Angeles,Los Angeles,,,,,LA City,{7482EA01-6AB6-4A0F-87B2-1D6CBCBBDA35},0,,7482EA01-6AB6-4A0F-87B2-1D6CBCBBDA35,Unknown,,W,,,Blvd,W Wilshire Blvd,2023/09/12 23:03:18+00,1301 W Wilshire Blvd Los Angeles 90017,7482EA01-6AB6-4A0F-87B2-1D6CBCBBDA35_1301_W_Wilshire_Blvd_Los_Angeles_90017,Wilshire,1301 W Wilshire Boulevard Blvd Los Angeles 90017,,,,
660494,1237241,,5143015028.0,,1325.0,,,West,,,Wilshire,Boulevard,,,,,,,,,,,,,90017.0,,Los Angeles,Los Angeles,,,,,LA City,{AF9A8239-2C8B-40B9-BC78-B636BC4C8E7A},0,,AF9A8239-2C8B-40B9-BC78-B636BC4C8E7A,Unknown,,W,,,Blvd,W Wilshire Blvd,2023/09/12 23:03:18+00,1325 W Wilshire Blvd Los Angeles 90017,AF9A8239-2C8B-40B9-BC78-B636BC4C8E7A_1325_W_Wilshire_Blvd_Los_Angeles_90017,Wilshire,1325 W Wilshire Boulevard Blvd Los Angeles 90017,,,,
660495,1237242,,5143015028.0,,1303.0,,,West,,,Wilshire,Boulevard,,,,,,,,,,,,,90017.0,,Los Angeles,Los Angeles,,,,,LA City,{E25EA565-B9B5-4526-82ED-D9D18B052E8D},0,,E25EA565-B9B5-4526-82ED-D9D18B052E8D,Unknown,,W,,,Blvd,W Wilshire Blvd,2023/09/12 23:03:18+00,1303 W Wilshire Blvd Los Angeles 90017,E25EA565-B9B5-4526-82ED-D9D18B052E8D_1303_W_Wilshire_Blvd_Los_Angeles_90017,Wilshire,1303 W Wilshire Boulevard Blvd Los Angeles 90017,,,,
660496,1237243,,5143016010.0,,1310.0,,,West,,,6Th,Street,,,,,,,,,,,,,90017.0,,Los Angeles,Los Angeles,,,,,LA City,{64FEF912-A87D-4116-8603-ABEF3BBABE1C},0,,64FEF912-A87D-4116-8603-ABEF3BBABE1C,Unknown,,W,,,St,W 6Th St,2023/09/12 23:03:18+00,1310 W 6Th St Los Angeles 90017,64FEF912-A87D-4116-8603-ABEF3BBABE1C_1310_W_6Th_St_Los_Angeles_90017,6Th,1310 W 6Th Street St Los Angeles 90017,,,,
660497,1237244,,5143016010.0,,1308.0,,,West,,,6Th,Street,,,,,,,,,,,,,90017.0,,Los Angeles,Los Angeles,,,,,LA City,{58FBAE39-E022-4250-9FBE-C203376A315C},0,,58FBAE39-E022-4250-9FBE-C203376A315C,Unknown,,W,,,St,W 6Th St,2023/09/12 23:03:18+00,1308 W 6Th St Los Angeles 90017,58FBAE39-E022-4250-9FBE-C203376A315C_1308_W_6Th_St_Los_Angeles_90017,6Th,1308 W 6Th Street St Los Angeles 90017,,,,
660498,1237245,,5143016013.0,,1314.0,,,West,,,6Th,Street,,,,,,,,,,,,,90017.0,,Los Angeles,Los Angeles,,,,,LA City,{DE41C8DA-D8A7-4A0B-B58B-52919B207A26},0,,DE41C8DA-D8A7-4A0B-B58B-52919B207A26,Unknown,,W,,,St,W 6Th St,2023/09/12 23:03:18+00,1314 W 6Th St Los Angeles 90017,DE41C8DA-D8A7-4A0B-B58B-52919B207A26_1314_W_6Th_St_Los_Angeles_90017,6Th,1314 W 6Th Street St Los Angeles 90017,,,,
660499,1237246,,5143016013.0,,1312.0,,,West,,,6Th,Street,,,,,,,,,,,,,90017.0,,Los Angeles,Los Angeles,,,,,LA City,{4CE46D80-E4CA-487E-8253-39CDAFBA002E},0,,4CE46D80-E4CA-487E-8253-39CDAFBA002E,Unknown,,W,,,St,W 6Th St,2023/09/12 23:03:18+00,1312 W 6Th St Los Angeles 90017,4CE46D80-E4CA-487E-8253-39CDAFBA002E_1312_W_6Th_St_Los_Angeles_90017,6Th,1312 W 6Th Street St Los Angeles 90017,,,,
660500,1237247,,5143016024.0,,1316.0,,,West,,,6Th,Street,,,,,,,,,,,,,90017.0,,Los Angeles,Los Angeles,,,,,LA City,{ECD45A1E-9937-410D-AAF0-A268C13A665E},0,,ECD45A1E-9937-410D-AAF0-A268C13A665E,Unknown,,W,,,St,W 6Th St,2023/09/12 23:03:18+00,1316 W 6Th St Los Angeles 90017,ECD45A1E-9937-410D-AAF0-A268C13A665E_1316_W_6Th_St_Los_Angeles_90017,6Th,1316 W 6Th Street St Los Angeles 90017,,,,
660501,1237248,,5143016025.0,,1326.0,,,West,,,6th,Street,,,,,,,,,,,,,90017.0,,Los Angeles,Los Angeles,,,,,Assessor,{5B263712-EB70-43BF-A232-2898FB656420},0,,5B263712-EB70-43BF-A232-2898FB656420,Unknown,,W,,,St,W 6th St,2024/04/27 17:13:09+00,1326 W 6th St Los Angeles 90017,5B263712-EB70-43BF-A232-2898FB656420_1326_W_6th_St_Los_Angeles_90017,6th,1326 W 6th Street St Los Angeles 90017,,,,
660502,1237249,,5143016027.0,,627.0,,,South,,,Witmer,Street,,,,,,,,,,,,,90017.0,,Los Angeles,Los Angeles,,,,,LA City,{BEE31CE6-91D9-4E21-A69C-64D5C036AF2C},0,,BEE31CE6-91D9-4E21-A69C-64D5C036AF2C,Unknown,,S,,,St,S Witmer St,2023/09/12 23:03:18+00,627 S Witmer St Los Angeles 90017,BEE31CE6-91D9-4E21-A69C-64D5C036AF2C_627_S_Witmer_St_Los_Angeles_90017,Witmer,627 S Witmer Street St Los Angeles 90017,,,,
660503,1237250,,5143016027.0,,631.0,,,South,,,Witmer,Street,,,,,,,,,,,,,90017.0,,Los Angeles,Los Angeles,,,,,LA City,{4C625D26-DBCD-4EC4-B50B-35203DBC6459},0,,4C625D26-DBCD-4EC4-B50B-35203DBC6459,Unknown,,S,,,St,S Witmer St,2023/09/12 23:03:18+00,631 S Witmer St Los Angeles 90017,4C625D26-DBCD-4EC4-B50B-35203DBC6459_631_S_Witmer_St_Los_Angeles_90017,Witmer,631 S Witmer Street St Los Angeles 90017,,,,
660504,1237251,,5143016027.0,,1317.0,,,West,,,Shatto,Street,,,,,,,,,,,,,90017.0,,Los Angeles,Los Angeles,,,,,LA City,{1F6863B2-AB61-41FE-9B6C-C8C870A29684},0,,1F6863B2-AB61-41FE-9B6C-C8C870A29684,Unknown,,W,,,St,W Shatto St,2023/09/12 23:03:18+00,1317 W Shatto St Los Angeles 90017,1F6863B2-AB61-41FE-9B6C-C8C870A29684_1317_W_Shatto_St_Los_Angeles_90017,Shatto,1317 W Shatto Street St Los Angeles 90017,,,,
660505,1237252,,5143016900.0,,1340.0,,,West,,,6Th,Street,,,,,,,,,,,,,90017.0,,Los Angeles,Los Angeles,,,,,LA City,{A2CC8274-25EC-4CF6-9FF7-B6F6AF4CEBB5},0,,A2CC8274-25EC-4CF6-9FF7-B6F6AF4CEBB5,Unknown,,W,,,St,W 6Th St,2023/09/12 23:03:18+00,1340 W 6Th St Los Angeles 90017,A2CC8274-25EC-4CF6-9FF7-B6F6AF4CEBB5_1340_W_6Th_St_Los_Angeles_90017,6Th,1340 W 6Th Street St Los Angeles 90017,,,,
660506,1237253,,5143017031.0,,602.0,,,South,,,Witmer,Street,,,,,,,,,,,,,90017.0,,Los Angeles,Los Angeles,,,,,LA City,{8CE36988-F396-4354-B5FB-D957D2785207},0,,8CE36988-F396-4354-B5FB-D957D2785207,Unknown,,S,,,St,S Witmer St,2023/09/12 23:03:18+00,602 S Witmer St Los Angeles 90017,8CE36988-F396-4354-B5FB-D957D2785207_602_S_Witmer_St_Los_Angeles_90017,Witmer,602 S Witmer Street St Los Angeles 90017,,,,
660507,1237254,,5143017031.0,,1260.0,,,West,,,6Th,Street,,,,,,,,,,,,,90017.0,,Los Angeles,Los Angeles,,,,,LA City,{DE78CD0E-9736-4DE3-A2D2-2BDFEAA0438C},0,,DE78CD0E-9736-4DE3-A2D2-2BDFEAA0438C,Unknown,,W,,,St,W 6Th St,2023/09/12 23:03:18+00,1260 W 6Th St Los Angeles 90017,DE78CD0E-9736-4DE3-A2D2-2BDFEAA0438C_1260_W_6Th_St_Los_Angeles_90017,6Th,1260 W 6Th Street St Los Angeles 90017,,,,
660508,1237255,,5143017031.0,,1254.0,,,West,,,6Th,Street,,,,,,,,,,,,,90017.0,,Los Angeles,Los Angeles,,,,,LA City,{C24F3E15-A1C8-4957-AF2A-E26ACA6B7E43},0,,C24F3E15-A1C8-4957-AF2A-E26ACA6B7E43,Unknown,,W,,,St,W 6Th St,2023/09/12 23:03:18+00,1254 W 6Th St Los Angeles 90017,C24F3E15-A1C8-4957-AF2A-E26ACA6B7E43_1254_W_6Th_St_Los_Angeles_90017,6Th,1254 W 6Th Street St Los Angeles 90017,,,,
660509,1237256,,5143017031.0,,1250.0,,,West,,,6Th,Street,,,,,,,,,,,,,90017.0,,Los Angeles,Los Angeles,,,,,LA City,{9F44F017-F269-4FFA-B459-B56BD45BC29E},0,,9F44F017-F269-4FFA-B459-B56BD45BC29E,Unknown,,W,,,St,W 6Th St,2023/09/12 23:03:18+00,1250 W 6Th St Los Angeles 90017,9F44F017-F269-4FFA-B459-B56BD45BC29E_1250_W_6Th_St_Los_Angeles_90017,6Th,1250 W 6Th Street St Los Angeles 90017,,,,
660510,1237257,,5143017032.0,,1242.0,,,West,,,6Th,Street,,,,,,,,,,,,,90017.0,,Los Angeles,Los Angeles,,,,,LA City,{937AD01D-036E-4906-B200-C884DB932313},0,,937AD01D-036E-4906-B200-C884DB932313,Unknown,,W,,,St,W 6Th St,2023/09/12 23:03:18+00,1242 W 6Th St Los Angeles 90017,937AD01D-036E-4906-B200-C884DB932313_1242_W_6Th_St_Los_Angeles_90017,6Th,1242 W 6Th Street St Los Angeles 90017,,,,
660511,1237258,,5143017032.0,,1244.0,,,West,,,6Th,Street,,,,,,,,,,,,,90017.0,,Los Angeles,Los Angeles,,,,,LA City,{DCCEA06D-56DF-49AF-8F7C-3BAD42E761BF},0,,DCCEA06D-56DF-49AF-8F7C-3BAD42E761BF,Unknown,,W,,,St,W 6Th St,2023/09/12 23:03:18+00,1244 W 6Th St Los Angeles 90017,DCCEA06D-56DF-49AF-8F7C-3BAD42E761BF_1244_W_6Th_St_Los_Angeles_90017,6Th,1244 W 6Th Street St Los Angeles 90017,,,,
660512,1237259,,5143017034.0,,1224.0,,,West,,,6Th,Street,,,,,,,,,,,,,90017.0,,Los Angeles,Los Angeles,,,,,LA City,{86CAAE61-36FF-4241-A2A1-634C02A56529},0,,86CAAE61-36FF-4241-A2A1-634C02A56529,Unknown,,W,,,St,W 6Th St,2023/09/12 23:03:18+00,1224 W 6Th St Los Angeles 90017,86CAAE61-36FF-4241-A2A1-634C02A56529_1224_W_6Th_St_Los_Angeles_90017,6Th,1224 W 6Th Street St Los Angeles 90017,,,,
660513,1237260,,5143017034.0,,605.0,,,South,,,Lucas,Avenue,,,,,,,,,,,,,90017.0,,Los Angeles,Los Angeles,,,,,LA City,{B6D7B362-EC9B-498A-ACEE-9B9269BD9286},0,,B6D7B362-EC9B-498A-ACEE-9B9269BD9286,Unknown,,S,,,Ave,S Lucas Ave,2023/09/12 23:03:18+00,605 S Lucas Ave Los Angeles 90017,B6D7B362-EC9B-498A-ACEE-9B9269BD9286_605_S_Lucas_Ave_Los_Angeles_90017,Lucas,605 S Lucas Avenue Ave Los Angeles 90017,,,,
660514,1237261,,5143017034.0,,616.0,,,South,,,Witmer,Street,,,,,,,,,,,,,90017.0,,Los Angeles,Los Angeles,,,,,LA City,{57CB9BB8-DCF0-40BF-A946-673B546E1812},0,,57CB9BB8-DCF0-40BF-A946-673B546E1812,Unknown,,S,,,St,S Witmer St,2023/09/12 23:03:18+00,616 S Witmer St Los Angeles 90017,57CB9BB8-DCF0-40BF-A946-673B546E1812_616_S_Witmer_St_Los_Angeles_90017,Witmer,616 S Witmer Street St Los Angeles 90017,,,,
660515,1237262,,5143017034.0,,623.0,,,South,,,Lucas,Avenue,,,,,,,,,,,,,90017.0,,Los Angeles,Los Angeles,,,,,LA City,{4BF71F00-AFA8-4C4A-B5E8-E77BE9831E6F},0,,4BF71F00-AFA8-4C4A-B5E8-E77BE9831E6F,Unknown,,S,,,Ave,S Lucas Ave,2023/09/12 23:03:18+00,623 S Lucas Ave Los Angeles 90017,4BF71F00-AFA8-4C4A-B5E8-E77BE9831E6F_623_S_Lucas_Ave_Los_Angeles_90017,Lucas,623 S Lucas Avenue Ave Los Angeles 90017,,,,
660516,1237263,,5143017034.0,,615.0,,,South,,,Lucas,Avenue,,,,,,,,,,,,,90017.0,,Los Angeles,Los Angeles,,,,,LA City,{BFAD7F6A-4B30-4E89-ACCE-418F07BEE294},0,,BFAD7F6A-4B30-4E89-ACCE-418F07BEE294,Unknown,,S,,,Ave,S Lucas Ave,2023/09/12 23:03:18+00,615 S Lucas Ave Los Angeles 90017,BFAD7F6A-4B30-4E89-ACCE-418F07BEE294_615_S_Lucas_Ave_Los_Angeles_90017,Lucas,615 S Lucas Avenue Ave Los Angeles 90017,,,,
660517,1237264,,5143017034.0,,1212.0,,,West,,,6Th,Street,,,,,,,,,,,,,90017.0,,Los Angeles,Los Angeles,,,,,LA City,{82E8B85A-331D-40FA-9594-B3F4F7B4E69E},0,,82E8B85A-331D-40FA-9594-B3F4F7B4E69E,Unknown,,W,,,St,W 6Th St,2023/09/12 23:03:18+00,1212 W 6Th St Los Angeles 90017,82E8B85A-331D-40FA-9594-B3F4F7B4E69E_1212_W_6Th_St_Los_Angeles_90017,6Th,1212 W 6Th Street St Los Angeles 90017,,,,
660518,1237265,,5143017034.0,,1222.0,,,West,,,6Th,Street,,,,,,,,,,,,,90017.0,,Los Angeles,Los Angeles,,,,,LA City,{D5B8245E-2D47-49EF-BCD5-F85F7773E853},0,,D5B8245E-2D47-49EF-BCD5-F85F7773E853,Unknown,,W,,,St,W 6Th St,2023/09/12 23:03:18+00,1222 W 6Th St Los Angeles 90017,D5B8245E-2D47-49EF-BCD5-F85F7773E853_1222_W_6Th_St_Los_Angeles_90017,6Th,1222 W 6Th Street St Los Angeles 90017,,,,
660519,1237266,,5143017034.0,,1212.0,,,,,,Shatto,Street,,,,,,,,,,,,,90017.0,,Los Angeles,Los Angeles,,,,,Assessor,{E5F11C78-C679-44BE-8CF5-5DA668F25FE7},0,,E5F11C78-C679-44BE-8CF5-5DA668F25FE7,Unknown,,,,,St,Shatto St,2024/04/27 17:13:09+00,1212 Shatto St Los Angeles 90017,E5F11C78-C679-44BE-8CF5-5DA668F25FE7_1212_Shatto_St_Los_Angeles_90017,Shatto,1212 Shatto Street St Los Angeles 90017,,,,
660520,1237267,,5143017034.0,,1228.0,,,West,,,6Th,Street,,,,,,,,,,,,,90017.0,,Los Angeles,Los Angeles,,,,,LA City,{FBC123DC-B919-403F-A9CE-AF0A707966FE},0,,FBC123DC-B919-403F-A9CE-AF0A707966FE,Unknown,,W,,,St,W 6Th St,2024/05/12 21:05:27+00,1228 W 6Th St Los Angeles 90017,FBC123DC-B919-403F-A9CE-AF0A707966FE_1228_W_6Th_St_Los_Angeles_90017,6Th,1228 W 6Th Street St Los Angeles 90017,,,,
660521,1237268,,5143017034.0,,1228.0,3/4,,West,,,6Th,Street,,,,,,,,,,,,,90017.0,,Los Angeles,Los Angeles,,,,,LA City,{60249088-E689-45B1-93B4-DF0A044144ED},0,,60249088-E689-45B1-93B4-DF0A044144ED,Unknown,,W,,,St,W 6Th St,2024/05/12 21:05:27+00,1228 3/4 W 6Th St Los Angeles 90017,60249088-E689-45B1-93B4-DF0A044144ED_1228_3/4_W_6Th_St_Los_Angeles_90017,6Th,1228 3/4 W 6Th Street St Los Angeles 90017,,,,
660522,1237269,,5143017034.0,,1228.0,1/2,,West,,,6Th,Street,,,,,,,,,,,,,90017.0,,Los Angeles,Los Angeles,,,,,LA City,{BCC0F62B-2641-4FA5-B952-A3A6A8DCCDD1},0,,BCC0F62B-2641-4FA5-B952-A3A6A8DCCDD1,Unknown,,W,,,St,W 6Th St,2024/05/12 21:05:27+00,1228 1/2 W 6Th St Los Angeles 90017,BCC0F62B-2641-4FA5-B952-A3A6A8DCCDD1_1228_1/2_W_6Th_St_Los_Angeles_90017,6Th,1228 1/2 W 6Th Street St Los Angeles 90017,,,,
660523,1237270,,5143017034.0,,1226.0,1/2,,West,,,6Th,Street,,,,,,,,,,,,,90017.0,,Los Angeles,Los Angeles,,,,,LA City,{F6CB887D-5D9D-49D0-B3A3-B6E36DC86C81},0,,F6CB887D-5D9D-49D0-B3A3-B6E36DC86C81,Unknown,,W,,,St,W 6Th St,2024/05/12 21:05:27+00,1226 1/2 W 6Th St Los Angeles 90017,F6CB887D-5D9D-49D0-B3A3-B6E36DC86C81_1226_1/2_W_6Th_St_Los_Angeles_90017,6Th,1226 1/2 W 6Th Street St Los Angeles 90017,,,,
660524,1237271,,5143017034.0,,1226.0,,,West,,,6Th,Street,,,,,,,,,,,,,90017.0,,Los Angeles,Los Angeles,,,,,LA City,{3B4FA3C3-720D-45D1-A150-E6B8CED6D3EC},0,,3B4FA3C3-720D-45D1-A150-E6B8CED6D3EC,Unknown,,W,,,St,W 6Th St,2024/05/12 21:05:27+00,1226 W 6Th St Los Angeles 90017,3B4FA3C3-720D-45D1-A150-E6B8CED6D3EC_1226_W_6Th_St_Los_Angeles_90017,6Th,1226 W 6Th Street St Los Angeles 90017,,,,
660525,1237272,,5143017039.0,,637.0,,,South,,,Lucas,Avenue,,,,,,,,,,,,,90017.0,,Los Angeles,Los Angeles,,,,,LA City,{B33A2588-659F-424E-AF01-AA332319EAB8},0,,B33A2588-659F-424E-AF01-AA332319EAB8,Unknown,,S,,,Ave,S Lucas Ave,2023/09/12 23:03:18+00,637 S Lucas Ave Los Angeles 90017,B33A2588-659F-424E-AF01-AA332319EAB8_637_S_Lucas_Ave_Los_Angeles_90017,Lucas,637 S Lucas Avenue Ave Los Angeles 90017,,,,
660526,1237273,,5143017041.0,,1245.0,,,West,,,Wilshire,Boulevard,,,,,,,,,,,,,90017.0,,Los Angeles,Los Angeles,,,,,LA City,{D854FF98-E9E4-4AF0-B659-12FCAB0312F1},0,,D854FF98-E9E4-4AF0-B659-12FCAB0312F1,Unknown,,W,,,Blvd,W Wilshire Blvd,2023/09/12 23:03:18+00,1245 W Wilshire Blvd Los Angeles 90017,D854FF98-E9E4-4AF0-B659-12FCAB0312F1_1245_W_Wilshire_Blvd_Los_Angeles_90017,Wilshire,1245 W Wilshire Boulevard Blvd Los Angeles 90017,,,,
660527,1237274,,5143017041.0,,1225.0,,,West,,,Wilshire,Boulevard,,,,,,,,,,,,,90017.0,,Los Angeles,Los Angeles,,,,,LA City,{5BA26D96-E42C-417D-805E-2721DDA09194},0,,5BA26D96-E42C-417D-805E-2721DDA09194,Unknown,,W,,,Blvd,W Wilshire Blvd,2023/09/12 23:03:18+00,1225 W Wilshire Blvd Los Angeles 90017,5BA26D96-E42C-417D-805E-2721DDA09194_1225_W_Wilshire_Blvd_Los_Angeles_90017,Wilshire,1225 W Wilshire Boulevard Blvd Los Angeles 90017,,,,
660528,1237275,,5143019016.0,,1241.0,,,West,,,Ingraham,Street,,,,,,,,,,,,,90017.0,,Los Angeles,Los Angeles,,,,,LA City,{1FBF1C04-7913-4A35-8B6C-512D9DA5E8CF},0,,1FBF1C04-7913-4A35-8B6C-512D9DA5E8CF,Unknown,,W,,,St,W Ingraham St,2023/09/12 23:03:18+00,1241 W Ingraham St Los Angeles 90017,1FBF1C04-7913-4A35-8B6C-512D9DA5E8CF_1241_W_Ingraham_St_Los_Angeles_90017,Ingraham,1241 W Ingraham Street St Los Angeles 90017,,,,
660529,1237276,,5143019018.0,,1247.0,,,West,,,Ingraham,Street,,,,,,,,,,,,,90017.0,,Los Angeles,Los Angeles,,,,,LA City,{89EC1D63-AFE7-4B85-969F-5E810FED91CF},0,,89EC1D63-AFE7-4B85-969F-5E810FED91CF,Unknown,,W,,,St,W Ingraham St,2023/09/12 23:03:18+00,1247 W Ingraham St Los Angeles 90017,89EC1D63-AFE7-4B85-969F-5E810FED91CF_1247_W_Ingraham_St_Los_Angeles_90017,Ingraham,1247 W Ingraham Street St Los Angeles 90017,,,,
660530,1237277,,5143019020.0,,1249.0,,,West,,,Ingraham,Street,,,,,,,,,,,,,90017.0,,Los Angeles,Los Angeles,,,,,LA City,{D67C1150-168E-4AE9-8486-BB042BE7D6B9},0,,D67C1150-168E-4AE9-8486-BB042BE7D6B9,Unknown,,W,,,St,W Ingraham St,2023/09/12 23:03:18+00,1249 W Ingraham St Los Angeles 90017,D67C1150-168E-4AE9-8486-BB042BE7D6B9_1249_W_Ingraham_St_Los_Angeles_90017,Ingraham,1249 W Ingraham Street St Los Angeles 90017,,,,
660531,1237278,,5143019021.0,,1212.0,,,West,,,Wilshire,Boulevard,,,,,,,,,,,,,90017.0,,Los Angeles,Los Angeles,,,,,LA City,{2B429653-2492-479A-909A-FFFA92AFC468},0,,2B429653-2492-479A-909A-FFFA92AFC468,Unknown,,W,,,Blvd,W Wilshire Blvd,2023/09/12 23:03:18+00,1212 W Wilshire Blvd Los Angeles 90017,2B429653-2492-479A-909A-FFFA92AFC468_1212_W_Wilshire_Blvd_Los_Angeles_90017,Wilshire,1212 W Wilshire Boulevard Blvd Los Angeles 90017,,,,
660532,1237279,,5143019022.0,,1200.0,,,West,,,Wilshire,Boulevard,,,,,,,,,,,,,90017.0,,Los Angeles,Los Angeles,,,,,LA City,{B7D452C7-901C-42FF-B4FE-0EC6CA647C65},0,,B7D452C7-901C-42FF-B4FE-0EC6CA647C65,Unknown,,W,,,Blvd,W Wilshire Blvd,2023/09/12 23:03:18+00,1200 W Wilshire Blvd Los Angeles 90017,B7D452C7-901C-42FF-B4FE-0EC6CA647C65_1200_W_Wilshire_Blvd_Los_Angeles_90017,Wilshire,1200 W Wilshire Boulevard Blvd Los Angeles 90017,,,,
660533,1237280,,5143019024.0,,1240.0,,,West,,,Wilshire,Boulevard,,,,,,,,,,,,,90017.0,,Los Angeles,Los Angeles,,,,,LA City,{04431B46-FD51-4D5A-9683-6D70A6EB5925},0,,04431B46-FD51-4D5A-9683-6D70A6EB5925,Unknown,,W,,,Blvd,W Wilshire Blvd,2023/09/12 23:03:18+00,1240 W Wilshire Blvd Los Angeles 90017,04431B46-FD51-4D5A-9683-6D70A6EB5925_1240_W_Wilshire_Blvd_Los_Angeles_90017,Wilshire,1240 W Wilshire Boulevard Blvd Los Angeles 90017,,,,
660534,1237281,,5143019024.0,,1260.0,,,West,,,Wilshire,Boulevard,,,,,,,,,,,,,90017.0,,Los Angeles,Los Angeles,,,,,LA City,{63FA2E56-DAE4-4846-87CE-D837D4FF90B6},0,,63FA2E56-DAE4-4846-87CE-D837D4FF90B6,Unknown,,W,,,Blvd,W Wilshire Blvd,2023/09/12 23:03:18+00,1260 W Wilshire Blvd Los Angeles 90017,63FA2E56-DAE4-4846-87CE-D837D4FF90B6_1260_W_Wilshire_Blvd_Los_Angeles_90017,Wilshire,1260 W Wilshire Boulevard Blvd Los Angeles 90017,,,,
660535,1237282,,5143019024.0,,1254.0,,,West,,,Wilshire,Boulevard,,,,,,,,,,,,,90017.0,,Los Angeles,Los Angeles,,,,,LA City,{93FADAAB-1863-473F-B851-0CF54D820ED5},0,,93FADAAB-1863-473F-B851-0CF54D820ED5,Unknown,,W,,,Blvd,W Wilshire Blvd,2023/09/12 23:03:18+00,1254 W Wilshire Blvd Los Angeles 90017,93FADAAB-1863-473F-B851-0CF54D820ED5_1254_W_Wilshire_Blvd_Los_Angeles_90017,Wilshire,1254 W Wilshire Boulevard Blvd Los Angeles 90017,,,,
660536,1237283,,5143019024.0,,1258.0,,,West,,,Wilshire,Boulevard,,,,,,,,,,,,,90017.0,,Los Angeles,Los Angeles,,,,,LA City,{D3C47727-DD8F-4D66-8897-A1134F4025C1},0,,D3C47727-DD8F-4D66-8897-A1134F4025C1,Unknown,,W,,,Blvd,W Wilshire Blvd,2023/09/12 23:03:18+00,1258 W Wilshire Blvd Los Angeles 90017,D3C47727-DD8F-4D66-8897-A1134F4025C1_1258_W_Wilshire_Blvd_Los_Angeles_90017,Wilshire,1258 W Wilshire Boulevard Blvd Los Angeles 90017,,,,
660537,1237284,,5143019024.0,,1234.0,,,West,,,Wilshire,Boulevard,,,,,,,,,,,,,90017.0,,Los Angeles,Los Angeles,,,,,LA City,{EE15D32F-7DA4-4A23-80D5-E435647F3DAB},0,,EE15D32F-7DA4-4A23-80D5-E435647F3DAB,Unknown,,W,,,Blvd,W Wilshire Blvd,2023/09/12 23:03:18+00,1234 W Wilshire Blvd Los Angeles 90017,EE15D32F-7DA4-4A23-80D5-E435647F3DAB_1234_W_Wilshire_Blvd_Los_Angeles_90017,Wilshire,1234 W Wilshire Boulevard Blvd Los Angeles 90017,,,,
660538,1237285,,5143019024.0,,1230.0,,,West,,,Wilshire,Boulevard,,,,,,,,,,,,,90017.0,,Los Angeles,Los Angeles,,,,,LA City,{DFE908C5-0BE3-426E-97B9-BF51CF88D39E},0,,DFE908C5-0BE3-426E-97B9-BF51CF88D39E,Unknown,,W,,,Blvd,W Wilshire Blvd,2023/09/12 23:03:18+00,1230 W Wilshire Blvd Los Angeles 90017,DFE908C5-0BE3-426E-97B9-BF51CF88D39E_1230_W_Wilshire_Blvd_Los_Angeles_90017,Wilshire,1230 W Wilshire Boulevard Blvd Los Angeles 90017,,,,
660539,1237286,,5143020013.0,,1237.0,,,West,,,7Th,Street,,,,,,,,,,,,,90017.0,,Los Angeles,Los Angeles,,,,,LA City,{C6AF908B-27A1-480D-975A-A43B49BAA98D},0,,C6AF908B-27A1-480D-975A-A43B49BAA98D,Unknown,,W,,,St,W 7Th St,2023/09/12 23:03:18+00,1237 W 7Th St Los Angeles 90017,C6AF908B-27A1-480D-975A-A43B49BAA98D_1237_W_7Th_St_Los_Angeles_90017,7Th,1237 W 7Th Street St Los Angeles 90017,,,,
660540,1237287,,5143020017.0,,680.0,,,South,,,Witmer,Street,,,,,,,,,,,,,90017.0,,Los Angeles,Los Angeles,,,,,LA City,{A18CE67F-F161-46AB-9160-028629EB3C34},0,,A18CE67F-F161-46AB-9160-028629EB3C34,Unknown,,S,,,St,S Witmer St,2023/09/12 23:03:18+00,680 S Witmer St Los Angeles 90017,A18CE67F-F161-46AB-9160-028629EB3C34_680_S_Witmer_St_Los_Angeles_90017,Witmer,680 S Witmer Street St Los Angeles 90017,,,,
660541,1237288,,5143020022.0,,1203.0,,,West,,,7Th,Street,,,,,,,,,,,,,90017.0,,Los Angeles,Los Angeles,,,,,LA City,{DCA6FBCD-3216-4122-8D0B-B58C575C75B3},0,,DCA6FBCD-3216-4122-8D0B-B58C575C75B3,Unknown,,W,,,St,W 7Th St,2023/09/12 23:03:18+00,1203 W 7Th St Los Angeles 90017,DCA6FBCD-3216-4122-8D0B-B58C575C75B3_1203_W_7Th_St_Los_Angeles_90017,7Th,1203 W 7Th Street St Los Angeles 90017,,,,
660542,1237289,,5143020022.0,,1205.0,,,West,,,7Th,Street,,,,,,,,,,,,,90017.0,,Los Angeles,Los Angeles,,,,,LA City,{23D9F13A-59E8-485E-858E-39518496FB30},0,,23D9F13A-59E8-485E-858E-39518496FB30,Unknown,,W,,,St,W 7Th St,2023/09/12 23:03:18+00,1205 W 7Th St Los Angeles 90017,23D9F13A-59E8-485E-858E-39518496FB30_1205_W_7Th_St_Los_Angeles_90017,7Th,1205 W 7Th Street St Los Angeles 90017,,,,
660543,1237290,,5143020022.0,,1207.0,,,West,,,7Th,Street,,,,,,,,,,,,,90017.0,,Los Angeles,Los Angeles,,,,,LA City,{B318D9F9-5D47-491E-A712-B51E00BBBAB0},0,,B318D9F9-5D47-491E-A712-B51E00BBBAB0,Unknown,,W,,,St,W 7Th St,2023/09/12 23:03:18+00,1207 W 7Th St Los Angeles 90017,B318D9F9-5D47-491E-A712-B51E00BBBAB0_1207_W_7Th_St_Los_Angeles_90017,7Th,1207 W 7Th Street St Los Angeles 90017,,,,
660544,1237291,,5143020022.0,,1209.0,,,West,,,7Th,Street,,,,,,,,,,,,,90017.0,,Los Angeles,Los Angeles,,,,,LA City,{585B9E4F-A00A-432C-99BB-5503B99AE419},0,,585B9E4F-A00A-432C-99BB-5503B99AE419,Unknown,,W,,,St,W 7Th St,2023/09/12 23:03:18+00,1209 W 7Th St Los Angeles 90017,585B9E4F-A00A-432C-99BB-5503B99AE419_1209_W_7Th_St_Los_Angeles_90017,7Th,1209 W 7Th Street St Los Angeles 90017,,,,
660545,1237292,,5143020022.0,,685.0,,,South,,,Lucas,Avenue,,,,,,,,,,,,,90017.0,,Los Angeles,Los Angeles,,,,,LA City,{F115AA4D-C06F-4A52-9F65-34D59DB482B7},0,,F115AA4D-C06F-4A52-9F65-34D59DB482B7,Unknown,,S,,,Ave,S Lucas Ave,2023/09/12 23:03:18+00,685 S Lucas Ave Los Angeles 90017,F115AA4D-C06F-4A52-9F65-34D59DB482B7_685_S_Lucas_Ave_Los_Angeles_90017,Lucas,685 S Lucas Avenue Ave Los Angeles 90017,,,,
660546,1237293,,5143020023.0,,1214.0,,,West,,,Ingraham,Street,,,,,,,,,,,,,90017.0,,Los Angeles,Los Angeles,,,,,LA City,{2974FABA-6FBF-44BA-A792-AFC0B2C08E09},0,,2974FABA-6FBF-44BA-A792-AFC0B2C08E09,Unknown,,W,,,St,W Ingraham St,2023/09/12 23:03:18+00,1214 W Ingraham St Los Angeles 90017,2974FABA-6FBF-44BA-A792-AFC0B2C08E09_1214_W_Ingraham_St_Los_Angeles_90017,Ingraham,1214 W Ingraham Street St Los Angeles 90017,,,,
660547,1237294,,5143020023.0,,1210.0,,,West,,,Ingraham,Street,,,,,,,,,,,,,90017.0,,Los Angeles,Los Angeles,,,,,LA City,{5A1145CF-BD53-42F3-9440-578A73231CAA},0,,5A1145CF-BD53-42F3-9440-578A73231CAA,Unknown,,W,,,St,W Ingraham St,2023/09/12 23:03:18+00,1210 W Ingraham St Los Angeles 90017,5A1145CF-BD53-42F3-9440-578A73231CAA_1210_W_Ingraham_St_Los_Angeles_90017,Ingraham,1210 W Ingraham Street St Los Angeles 90017,,,,
660548,1237295,,5143020023.0,,1225.0,,,West,,,7Th,Street,,,,,,,,,,,,,90017.0,,Los Angeles,Los Angeles,,,,,LA City,{B504EBD4-D950-4ABE-9628-7106B5A20226},0,,B504EBD4-D950-4ABE-9628-7106B5A20226,Unknown,,W,,,St,W 7Th St,2023/09/12 23:03:18+00,1225 W 7Th St Los Angeles 90017,B504EBD4-D950-4ABE-9628-7106B5A20226_1225_W_7Th_St_Los_Angeles_90017,7Th,1225 W 7Th Street St Los Angeles 90017,,,,
660549,1237296,,5143020023.0,,1221.0,,,West,,,7Th,Street,,,,,,,,,,,,,90017.0,,Los Angeles,Los Angeles,,,,,LA City,{4E084541-8B05-4B98-A04D-CA00D6B1C895},0,,4E084541-8B05-4B98-A04D-CA00D6B1C895,Unknown,,W,,,St,W 7Th St,2023/09/12 23:03:18+00,1221 W 7Th St Los Angeles 90017,4E084541-8B05-4B98-A04D-CA00D6B1C895_1221_W_7Th_St_Los_Angeles_90017,7Th,1221 W 7Th Street St Los Angeles 90017,,,,
660550,1237297,,5143020023.0,,1206.0,,,West,,,Ingraham,Street,,,,,,,,,,,,,90017.0,,Los Angeles,Los Angeles,,,,,LA City,{68ECE4D9-E2CD-44D4-81CC-2A2444C2E759},0,,68ECE4D9-E2CD-44D4-81CC-2A2444C2E759,Unknown,,W,,,St,W Ingraham St,2023/09/12 23:03:18+00,1206 W Ingraham St Los Angeles 90017,68ECE4D9-E2CD-44D4-81CC-2A2444C2E759_1206_W_Ingraham_St_Los_Angeles_90017,Ingraham,1206 W Ingraham Street St Los Angeles 90017,,,,
660551,1237298,,5143020023.0,,1231.0,,,West,,,7Th,Street,,,,,,,,,,,,,90017.0,,Los Angeles,Los Angeles,,,,,LA City,{9A0F4D02-9A60-4278-837C-4023D50BA4A6},0,,9A0F4D02-9A60-4278-837C-4023D50BA4A6,Unknown,,W,,,St,W 7Th St,2024/05/12 21:05:27+00,1231 W 7Th St Los Angeles 90017,9A0F4D02-9A60-4278-837C-4023D50BA4A6_1231_W_7Th_St_Los_Angeles_90017,7Th,1231 W 7Th Street St Los Angeles 90017,,,,
660552,1237299,,5143020023.0,,1231.0,1/2,,West,,,7Th,Street,,,,,,,,,,,,,90017.0,,Los Angeles,Los Angeles,,,,,LA City,{BBDCA302-60E0-4EC2-A5F1-3D89B2B1214E},0,,BBDCA302-60E0-4EC2-A5F1-3D89B2B1214E,Unknown,,W,,,St,W 7Th St,2024/05/12 21:05:27+00,1231 1/2 W 7Th St Los Angeles 90017,BBDCA302-60E0-4EC2-A5F1-3D89B2B1214E_1231_1/2_W_7Th_St_Los_Angeles_90017,7Th,1231 1/2 W 7Th Street St Los Angeles 90017,,,,
660553,1237300,,5143020023.0,,1233.0,,,West,,,7Th,Street,,,,,,,,,,,,,90017.0,,Los Angeles,Los Angeles,,,,,LA City,{12328912-6A22-4828-9699-1C059F4ED893},0,,12328912-6A22-4828-9699-1C059F4ED893,Unknown,,W,,,St,W 7Th St,2024/05/12 21:05:27+00,1233 W 7Th St Los Angeles 90017,12328912-6A22-4828-9699-1C059F4ED893_1233_W_7Th_St_Los_Angeles_90017,7Th,1233 W 7Th Street St Los Angeles 90017,,,,
660554,1237301,,5143020023.0,,1233.0,1/2,,West,,,7Th,Street,,,,,,,,,,,,,90017.0,,Los Angeles,Los Angeles,,,,,LA City,{52568207-C56B-4FEC-A5B4-F4B8E73185AB},0,,52568207-C56B-4FEC-A5B4-F4B8E73185AB,Unknown,,W,,,St,W 7Th St,2024/05/12 21:05:27+00,1233 1/2 W 7Th St Los Angeles 90017,52568207-C56B-4FEC-A5B4-F4B8E73185AB_1233_1/2_W_7Th_St_Los_Angeles_90017,7Th,1233 1/2 W 7Th Street St Los Angeles 90017,,,,
660555,1237302,,5143020024.0,,1232.0,,,West,,,Ingraham,Street,,,,,,,,,,,,,90017.0,,Los Angeles,Los Angeles,,,,,LA City,{87D321AE-E2E8-4017-BFF7-29CAED84FFCB},0,,87D321AE-E2E8-4017-BFF7-29CAED84FFCB,Unknown,,W,,,St,W Ingraham St,2023/09/12 23:03:18+00,1232 W Ingraham St Los Angeles 90017,87D321AE-E2E8-4017-BFF7-29CAED84FFCB_1232_W_Ingraham_St_Los_Angeles_90017,Ingraham,1232 W Ingraham Street St Los Angeles 90017,,,,
660556,1237303,,5143020024.0,,1218.0,,,West,,,Ingraham,Street,,,,,,,,,,,,,90017.0,,Los Angeles,Los Angeles,,,,,LA City,{1AD5BE22-A901-4FDD-BA8C-5F7858A37D8A},0,,1AD5BE22-A901-4FDD-BA8C-5F7858A37D8A,Unknown,,W,,,St,W Ingraham St,2023/09/12 23:03:18+00,1218 W Ingraham St Los Angeles 90017,1AD5BE22-A901-4FDD-BA8C-5F7858A37D8A_1218_W_Ingraham_St_Los_Angeles_90017,Ingraham,1218 W Ingraham Street St Los Angeles 90017,,,,
660557,1237304,,5143020024.0,,1228.0,,,West,,,Ingraham,Street,,,,,,,,,,,,,90017.0,,Los Angeles,Los Angeles,,,,,LA City,{5B833086-8129-4E8C-9FEE-D49CE9595C08},0,,5B833086-8129-4E8C-9FEE-D49CE9595C08,Unknown,,W,,,St,W Ingraham St,2023/09/12 23:03:18+00,1228 W Ingraham St Los Angeles 90017,5B833086-8129-4E8C-9FEE-D49CE9595C08_1228_W_Ingraham_St_Los_Angeles_90017,Ingraham,1228 W Ingraham Street St Los Angeles 90017,,,,
660558,1237305,,5143020024.0,,1222.0,,,West,,,Ingraham,Street,,,,,,,,,,,,,90017.0,,Los Angeles,Los Angeles,,,,,LA City,{AF99EF76-F641-49BA-87E3-EA7F7AC26A62},0,,AF99EF76-F641-49BA-87E3-EA7F7AC26A62,Unknown,,W,,,St,W Ingraham St,2023/09/12 23:03:18+00,1222 W Ingraham St Los Angeles 90017,AF99EF76-F641-49BA-87E3-EA7F7AC26A62_1222_W_Ingraham_St_Los_Angeles_90017,Ingraham,1222 W Ingraham Street St Los Angeles 90017,,,,
660559,1237306,,5143020024.0,,1230.0,,,West,,,Ingraham,Street,,,,,,,,,,,,,90017.0,,Los Angeles,Los Angeles,,,,,LA City,{9DFE47C3-3908-4D2F-BFB2-A64DC33FF4F1},0,,9DFE47C3-3908-4D2F-BFB2-A64DC33FF4F1,Unknown,,W,,,St,W Ingraham St,2023/09/12 23:03:18+00,1230 W Ingraham St Los Angeles 90017,9DFE47C3-3908-4D2F-BFB2-A64DC33FF4F1_1230_W_Ingraham_St_Los_Angeles_90017,Ingraham,1230 W Ingraham Street St Los Angeles 90017,,,,
660560,1237307,,5143021001.0,,1101.0,,,West,,,7Th,Street,,,,,,,,,,,,,90017.0,,Los Angeles,Los Angeles,,,,,LA City,{80D3AC31-17FA-4E3C-9A0C-5234D4748BA7},0,,80D3AC31-17FA-4E3C-9A0C-5234D4748BA7,Unknown,,W,,,St,W 7Th St,2023/09/12 23:03:18+00,1101 W 7Th St Los Angeles 90017,80D3AC31-17FA-4E3C-9A0C-5234D4748BA7_1101_W_7Th_St_Los_Angeles_90017,7Th,1101 W 7Th Street St Los Angeles 90017,,,,
660561,1237308,,5143021001.0,,1109.0,,,West,,,7Th,Street,,,,,,,,,,,,,90017.0,,Los Angeles,Los Angeles,,,,,LA City,{372121F7-DA90-4D3F-89F1-DAE63A513379},0,,372121F7-DA90-4D3F-89F1-DAE63A513379,Unknown,,W,,,St,W 7Th St,2023/09/12 23:03:18+00,1109 W 7Th St Los Angeles 90017,372121F7-DA90-4D3F-89F1-DAE63A513379_1109_W_7Th_St_Los_Angeles_90017,7Th,1109 W 7Th Street St Los Angeles 90017,,,,
660562,1237309,,5143021001.0,,1107.0,,,West,,,7Th,Street,,,,,,,,,,,,,90017.0,,Los Angeles,Los Angeles,,,,,LA City,{712C2372-B340-44DD-87E6-148CB345A1F1},0,,712C2372-B340-44DD-87E6-148CB345A1F1,Unknown,,W,,,St,W 7Th St,2023/09/12 23:03:18+00,1107 W 7Th St Los Angeles 90017,712C2372-B340-44DD-87E6-148CB345A1F1_1107_W_7Th_St_Los_Angeles_90017,7Th,1107 W 7Th Street St Los Angeles 90017,,,,
660563,1237310,,5143021001.0,,1103.0,,,West,,,7Th,Street,,,,,,,,,,,,,90017.0,,Los Angeles,Los Angeles,,,,,LA City,{224012C1-664B-4AB8-9254-BD18EAAFF4D5},0,,224012C1-664B-4AB8-9254-BD18EAAFF4D5,Unknown,,W,,,St,W 7Th St,2023/09/12 23:03:18+00,1103 W 7Th St Los Angeles 90017,224012C1-664B-4AB8-9254-BD18EAAFF4D5_1103_W_7Th_St_Los_Angeles_90017,7Th,1103 W 7Th Street St Los Angeles 90017,,,,
660564,1237311,,5143021001.0,,1105.0,,,West,,,7Th,Street,,,,,,,,,,,,,90017.0,,Los Angeles,Los Angeles,,,,,LA City,{BB95D40D-F266-4B36-8615-0F1EFD1DF6B3},0,,BB95D40D-F266-4B36-8615-0F1EFD1DF6B3,Unknown,,W,,,St,W 7Th St,2023/09/12 23:03:18+00,1105 W 7Th St Los Angeles 90017,BB95D40D-F266-4B36-8615-0F1EFD1DF6B3_1105_W_7Th_St_Los_Angeles_90017,7Th,1105 W 7Th Street St Los Angeles 90017,,,,
660565,1237312,,5143021001.0,,1111.0,,,West,,,7Th,Street,,,,,,,,,,,,,90017.0,,Los Angeles,Los Angeles,,,,,LA City,{68C03B27-ADB2-458E-934E-7F6F003BBC5F},0,,68C03B27-ADB2-458E-934E-7F6F003BBC5F,Unknown,,W,,,St,W 7Th St,2023/09/12 23:03:18+00,1111 W 7Th St Los Angeles 90017,68C03B27-ADB2-458E-934E-7F6F003BBC5F_1111_W_7Th_St_Los_Angeles_90017,7Th,1111 W 7Th Street St Los Angeles 90017,,,,
660566,1237313,,5143021001.0,,685.0,,,South,,,Bixel,Street,,,,,,,,,,,,,90017.0,,Los Angeles,Los Angeles,,,,,LA City,{96ABC491-4EDA-46B2-A557-38C90754B56A},0,,96ABC491-4EDA-46B2-A557-38C90754B56A,Unknown,,S,,,St,S Bixel St,2023/09/12 23:03:18+00,685 S Bixel St Los Angeles 90017,96ABC491-4EDA-46B2-A557-38C90754B56A_685_S_Bixel_St_Los_Angeles_90017,Bixel,685 S Bixel Street St Los Angeles 90017,,,,
660567,1237314,,5143021008.0,,1110.0,,,West,,,Ingraham,Street,,,,,,,,,,,,,90017.0,,Los Angeles,Los Angeles,,,,,LA City,{C92BDAE9-50F1-4E58-B7E5-F28884D9547B},0,,C92BDAE9-50F1-4E58-B7E5-F28884D9547B,Unknown,,W,,,St,W Ingraham St,2023/09/12 23:03:18+00,1110 W Ingraham St Los Angeles 90017,C92BDAE9-50F1-4E58-B7E5-F28884D9547B_1110_W_Ingraham_St_Los_Angeles_90017,Ingraham,1110 W Ingraham Street St Los Angeles 90017,,,,
660568,1237315,,5143021008.0,,675.0,,,South,,,Bixel,Street,,,,,,,,,,,,,90017.0,,Los Angeles,Los Angeles,,,,,LA City,{F1A16EE5-3B7F-45C9-907C-DD6BC9A22D44},0,,F1A16EE5-3B7F-45C9-907C-DD6BC9A22D44,Unknown,,S,,,St,S Bixel St,2023/09/12 23:03:18+00,675 S Bixel St Los Angeles 90017,F1A16EE5-3B7F-45C9-907C-DD6BC9A22D44_675_S_Bixel_St_Los_Angeles_90017,Bixel,675 S Bixel Street St Los Angeles 90017,,,,
660569,1237316,,5143021009.0,,1112.0,,,West,,,Ingraham,Street,,,,,,,,,,,,,90017.0,,Los Angeles,Los Angeles,,,,,LA City,{0F2C0028-F158-4C76-870A-C0373BED8F9A},0,,0F2C0028-F158-4C76-870A-C0373BED8F9A,Unknown,,W,,,St,W Ingraham St,2023/09/12 23:03:18+00,1112 W Ingraham St Los Angeles 90017,0F2C0028-F158-4C76-870A-C0373BED8F9A_1112_W_Ingraham_St_Los_Angeles_90017,Ingraham,1112 W Ingraham Street St Los Angeles 90017,,,,
660570,1237317,,5143021009.0,,1116.0,,,West,,,Ingraham,Street,,,,,,,,,,,,,90017.0,,Los Angeles,Los Angeles,,,,,LA City,{7AE469E4-EA09-4B29-B838-96C619892C4C},0,,7AE469E4-EA09-4B29-B838-96C619892C4C,Unknown,,W,,,St,W Ingraham St,2023/09/12 23:03:18+00,1116 W Ingraham St Los Angeles 90017,7AE469E4-EA09-4B29-B838-96C619892C4C_1116_W_Ingraham_St_Los_Angeles_90017,Ingraham,1116 W Ingraham Street St Los Angeles 90017,,,,
660571,1237318,,5143021010.0,,1120.0,,,West,,,Ingraham,Street,,,,,,,,,,,,,90017.0,,Los Angeles,Los Angeles,,,,,LA City,{2590C64E-551A-46B9-A174-9E9915772AC7},0,,2590C64E-551A-46B9-A174-9E9915772AC7,Unknown,,W,,,St,W Ingraham St,2023/09/12 23:03:18+00,1120 W Ingraham St Los Angeles 90017,2590C64E-551A-46B9-A174-9E9915772AC7_1120_W_Ingraham_St_Los_Angeles_90017,Ingraham,1120 W Ingraham Street St Los Angeles 90017,,,,
660572,1237319,,5143021010.0,,1124.0,,,West,,,Ingraham,Street,,,,,,,,,,,,,90017.0,,Los Angeles,Los Angeles,,,,,LA City,{E76C080C-D1CF-4D9B-9799-410ACB39BFDA},0,,E76C080C-D1CF-4D9B-9799-410ACB39BFDA,Unknown,,W,,,St,W Ingraham St,2023/09/12 23:03:18+00,1124 W Ingraham St Los Angeles 90017,E76C080C-D1CF-4D9B-9799-410ACB39BFDA_1124_W_Ingraham_St_Los_Angeles_90017,Ingraham,1124 W Ingraham Street St Los Angeles 90017,,,,
660573,1237320,,5143021012.0,,1128.0,,,West,,,Ingraham,Street,,,,,,,,,,,,,90017.0,,Los Angeles,Los Angeles,,,,,LA City,{97AFC54C-4F6B-4CCD-9DC2-7DB358F55DFF},0,,97AFC54C-4F6B-4CCD-9DC2-7DB358F55DFF,Unknown,,W,,,St,W Ingraham St,2023/09/12 23:03:18+00,1128 W Ingraham St Los Angeles 90017,97AFC54C-4F6B-4CCD-9DC2-7DB358F55DFF_1128_W_Ingraham_St_Los_Angeles_90017,Ingraham,1128 W Ingraham Street St Los Angeles 90017,,,,
660574,1237321,,5143021015.0,,1142.0,,,West,,,Ingraham,Street,,,,,,,,,,,,,90017.0,,Los Angeles,Los Angeles,,,,,LA City,{95408B40-E7A5-4AE8-8CE4-0E955A44A38D},0,,95408B40-E7A5-4AE8-8CE4-0E955A44A38D,Unknown,,W,,,St,W Ingraham St,2023/09/12 23:03:18+00,1142 W Ingraham St Los Angeles 90017,95408B40-E7A5-4AE8-8CE4-0E955A44A38D_1142_W_Ingraham_St_Los_Angeles_90017,Ingraham,1142 W Ingraham Street St Los Angeles 90017,,,,
660575,1237322,,5143021015.0,,1140.0,,,West,,,Ingraham,Street,,,,,,,,,,,,,90017.0,,Los Angeles,Los Angeles,,,,,LA City,{8F4511CB-3A7E-411C-BD99-29F7587AB1BC},0,,8F4511CB-3A7E-411C-BD99-29F7587AB1BC,Unknown,,W,,,St,W Ingraham St,2023/09/12 23:03:18+00,1140 W Ingraham St Los Angeles 90017,8F4511CB-3A7E-411C-BD99-29F7587AB1BC_1140_W_Ingraham_St_Los_Angeles_90017,Ingraham,1140 W Ingraham Street St Los Angeles 90017,,,,
660576,1237323,,5143021015.0,,666.0,,,South,,,Lucas,Avenue,,,,,,,,,,,,,90017.0,,Los Angeles,Los Angeles,,,,,LA City,{4241B259-1FA7-4477-B533-7E84A4CAE247},0,,4241B259-1FA7-4477-B533-7E84A4CAE247,Unknown,,S,,,Ave,S Lucas Ave,2023/09/12 23:03:18+00,666 S Lucas Ave Los Angeles 90017,4241B259-1FA7-4477-B533-7E84A4CAE247_666_S_Lucas_Ave_Los_Angeles_90017,Lucas,666 S Lucas Avenue Ave Los Angeles 90017,,,,
660577,1237324,,5143021015.0,,668.0,,,South,,,Lucas,Avenue,,,,,,,,,,,,,90017.0,,Los Angeles,Los Angeles,,,,,LA City,{78CB941E-1672-4A65-BCCD-5E777AF0EDD5},0,,78CB941E-1672-4A65-BCCD-5E777AF0EDD5,Unknown,,S,,,Ave,S Lucas Ave,2023/09/12 23:03:18+00,668 S Lucas Ave Los Angeles 90017,78CB941E-1672-4A65-BCCD-5E777AF0EDD5_668_S_Lucas_Ave_Los_Angeles_90017,Lucas,668 S Lucas Avenue Ave Los Angeles 90017,,,,
660578,1237325,,5143021015.0,,672.0,,,South,,,Lucas,Avenue,,,,,,,,,,,,,90017.0,,Los Angeles,Los Angeles,,,,,LA City,{93F385D4-869B-46E3-998E-1C31DE5AFED1},0,,93F385D4-869B-46E3-998E-1C31DE5AFED1,Unknown,,S,,,Ave,S Lucas Ave,2023/09/12 23:03:18+00,672 S Lucas Ave Los Angeles 90017,93F385D4-869B-46E3-998E-1C31DE5AFED1_672_S_Lucas_Ave_Los_Angeles_90017,Lucas,672 S Lucas Avenue Ave Los Angeles 90017,,,,
660579,1237326,,5143021015.0,,662.0,,,South,,,Lucas,Avenue,,,,,,,,,,,,,90017.0,,Los Angeles,Los Angeles,,,,,LA City,{89B0A53F-E003-4728-A86E-E183B876D0CD},0,,89B0A53F-E003-4728-A86E-E183B876D0CD,Unknown,,S,,,Ave,S Lucas Ave,2023/09/12 23:03:18+00,662 S Lucas Ave Los Angeles 90017,89B0A53F-E003-4728-A86E-E183B876D0CD_662_S_Lucas_Ave_Los_Angeles_90017,Lucas,662 S Lucas Avenue Ave Los Angeles 90017,,,,
660580,1237327,,5143021015.0,,670.0,,,South,,,Lucas,Avenue,,,,,,,,,,,,,90017.0,,Los Angeles,Los Angeles,,,,,LA City,{97D76E56-263A-44B8-84F9-81B18C496A6D},0,,97D76E56-263A-44B8-84F9-81B18C496A6D,Unknown,,S,,,Ave,S Lucas Ave,2023/09/12 23:03:18+00,670 S Lucas Ave Los Angeles 90017,97D76E56-263A-44B8-84F9-81B18C496A6D_670_S_Lucas_Ave_Los_Angeles_90017,Lucas,670 S Lucas Avenue Ave Los Angeles 90017,,,,
660581,1237328,,5143021015.0,,678.0,,,South,,,Lucas,Avenue,,,,,,,,,,,,,90017.0,,Los Angeles,Los Angeles,,,,,LA City,{14D835C0-B874-46CF-A9AD-530F266C4106},0,,14D835C0-B874-46CF-A9AD-530F266C4106,Unknown,,S,,,Ave,S Lucas Ave,2023/09/12 23:03:18+00,678 S Lucas Ave Los Angeles 90017,14D835C0-B874-46CF-A9AD-530F266C4106_678_S_Lucas_Ave_Los_Angeles_90017,Lucas,678 S Lucas Avenue Ave Los Angeles 90017,,,,
660582,1237329,,5143021015.0,,664.0,,,South,,,Lucas,Avenue,,,,,,,,,,,,,90017.0,,Los Angeles,Los Angeles,,,,,LA City,{7125740E-D643-4573-B5A0-B97DA221F512},0,,7125740E-D643-4573-B5A0-B97DA221F512,Unknown,,S,,,Ave,S Lucas Ave,2023/09/12 23:03:18+00,664 S Lucas Ave Los Angeles 90017,7125740E-D643-4573-B5A0-B97DA221F512_664_S_Lucas_Ave_Los_Angeles_90017,Lucas,664 S Lucas Avenue Ave Los Angeles 90017,,,,
660583,1237330,,5143021015.0,,674.0,,,South,,,Lucas,Avenue,,,,,,,,,,,,,90017.0,,Los Angeles,Los Angeles,,,,,LA City,{741E4878-A5EE-4223-8E26-80B87D157811},0,,741E4878-A5EE-4223-8E26-80B87D157811,Unknown,,S,,,Ave,S Lucas Ave,2023/09/12 23:03:18+00,674 S Lucas Ave Los Angeles 90017,741E4878-A5EE-4223-8E26-80B87D157811_674_S_Lucas_Ave_Los_Angeles_90017,Lucas,674 S Lucas Avenue Ave Los Angeles 90017,,,,
660584,1237331,,5143021015.0,,676.0,,,South,,,Lucas,Avenue,,,,,,,,,,,,,90017.0,,Los Angeles,Los Angeles,,,,,LA City,{70189BD6-9B23-4655-B4EA-83B137C58B1A},0,,70189BD6-9B23-4655-B4EA-83B137C58B1A,Unknown,,S,,,Ave,S Lucas Ave,2023/09/12 23:03:18+00,676 S Lucas Ave Los Angeles 90017,70189BD6-9B23-4655-B4EA-83B137C58B1A_676_S_Lucas_Ave_Los_Angeles_90017,Lucas,676 S Lucas Avenue Ave Los Angeles 90017,,,,
660585,1237332,,5143021017.0,,1123.0,,,West,,,7Th,Street,,,,,,,,,,,,,90017.0,,Los Angeles,Los Angeles,,,,,LA City,{E521BF51-7433-45F5-A18C-F6E76281AB72},0,,E521BF51-7433-45F5-A18C-F6E76281AB72,Unknown,,W,,,St,W 7Th St,2023/09/12 23:03:18+00,1123 W 7Th St Los Angeles 90017,E521BF51-7433-45F5-A18C-F6E76281AB72_1123_W_7Th_St_Los_Angeles_90017,7Th,1123 W 7Th Street St Los Angeles 90017,,,,
660586,1237333,,5143021017.0,,1115.0,,,West,,,7Th,Street,,,,,,,,,,,,,90017.0,,Los Angeles,Los Angeles,,,,,LA City,{EB547E67-20E8-4100-BC76-FFFC6005DE43},0,,EB547E67-20E8-4100-BC76-FFFC6005DE43,Unknown,,W,,,St,W 7Th St,2023/09/12 23:03:18+00,1115 W 7Th St Los Angeles 90017,EB547E67-20E8-4100-BC76-FFFC6005DE43_1115_W_7Th_St_Los_Angeles_90017,7Th,1115 W 7Th Street St Los Angeles 90017,,,,
660587,1237334,,5143021018.0,,1135.0,,,West,,,7Th,Street,,,,,,,,,,,,,90017.0,,Los Angeles,Los Angeles,,,,,LA City,{60D443B2-4A80-419D-9608-8DA1C43FBF9B},0,,60D443B2-4A80-419D-9608-8DA1C43FBF9B,Unknown,,W,,,St,W 7Th St,2023/09/12 23:03:18+00,1135 W 7Th St Los Angeles 90017,60D443B2-4A80-419D-9608-8DA1C43FBF9B_1135_W_7Th_St_Los_Angeles_90017,7Th,1135 W 7Th Street St Los Angeles 90017,,,,
660588,1237335,,5143021018.0,,1147.0,,,West,,,7Th,Street,,,,,,,,,,,,,90017.0,,Los Angeles,Los Angeles,,,,,LA City,{BD1AF104-EA1B-4D52-A5E5-94F98A4A781C},0,,BD1AF104-EA1B-4D52-A5E5-94F98A4A781C,Unknown,,W,,,St,W 7Th St,2023/09/12 23:03:18+00,1147 W 7Th St Los Angeles 90017,BD1AF104-EA1B-4D52-A5E5-94F98A4A781C_1147_W_7Th_St_Los_Angeles_90017,7Th,1147 W 7Th Street St Los Angeles 90017,,,,
660589,1237336,,5143021018.0,,1145.0,,,West,,,7Th,Street,,,,,,,,,,,,,90017.0,,Los Angeles,Los Angeles,,,,,LA City,{885FA583-1159-44F2-B484-42799A0AF65C},0,,885FA583-1159-44F2-B484-42799A0AF65C,Unknown,,W,,,St,W 7Th St,2023/09/12 23:03:18+00,1145 W 7Th St Los Angeles 90017,885FA583-1159-44F2-B484-42799A0AF65C_1145_W_7Th_St_Los_Angeles_90017,7Th,1145 W 7Th Street St Los Angeles 90017,,,,
660590,1237337,,5143022004.0,,1122.0,,,West,,,Wilshire,Boulevard,,,,,,,,,,,,,90017.0,,Los Angeles,Los Angeles,,,,,LA City,{DFFB8875-C697-47E5-8CB2-8A93BA592D92},0,,DFFB8875-C697-47E5-8CB2-8A93BA592D92,Unknown,,W,,,Blvd,W Wilshire Blvd,2023/09/12 23:03:18+00,1122 W Wilshire Blvd Los Angeles 90017,DFFB8875-C697-47E5-8CB2-8A93BA592D92_1122_W_Wilshire_Blvd_Los_Angeles_90017,Wilshire,1122 W Wilshire Boulevard Blvd Los Angeles 90017,,,,
660591,1237338,,5143022004.0,,1120.0,,,West,,,Wilshire,Boulevard,,,,,,,,,,,,,90017.0,,Los Angeles,Los Angeles,,,,,LA City,{EF2D191F-C2A6-4FF7-9F6F-B2E0FB88E03A},0,,EF2D191F-C2A6-4FF7-9F6F-B2E0FB88E03A,Unknown,,W,,,Blvd,W Wilshire Blvd,2023/09/12 23:03:18+00,1120 W Wilshire Blvd Los Angeles 90017,EF2D191F-C2A6-4FF7-9F6F-B2E0FB88E03A_1120_W_Wilshire_Blvd_Los_Angeles_90017,Wilshire,1120 W Wilshire Boulevard Blvd Los Angeles 90017,,,,
660592,1237339,,5143022004.0,,1121.0,,,West,,,Ingraham,Street,,,,,,,,,,,,,90017.0,,Los Angeles,Los Angeles,,,,,LA City,{5EA4DE23-DB1A-42AD-85FB-36E9849BEDFE},0,,5EA4DE23-DB1A-42AD-85FB-36E9849BEDFE,Unknown,,W,,,St,W Ingraham St,2023/09/12 23:03:18+00,1121 W Ingraham St Los Angeles 90017,5EA4DE23-DB1A-42AD-85FB-36E9849BEDFE_1121_W_Ingraham_St_Los_Angeles_90017,Ingraham,1121 W Ingraham Street St Los Angeles 90017,,,,
660593,1237340,,5143022007.0,,1136.0,,,West,,,Wilshire,Boulevard,,,,,,,,,,,,,90017.0,,Los Angeles,Los Angeles,,,,,LA City,{E34B2481-894A-4726-8731-49711867D1AD},0,,E34B2481-894A-4726-8731-49711867D1AD,Unknown,,W,,,Blvd,W Wilshire Blvd,2023/09/12 23:03:18+00,1136 W Wilshire Blvd Los Angeles 90017,E34B2481-894A-4726-8731-49711867D1AD_1136_W_Wilshire_Blvd_Los_Angeles_90017,Wilshire,1136 W Wilshire Boulevard Blvd Los Angeles 90017,,,,
660594,1237341,,5143022007.0,,1138.0,,,West,,,Wilshire,Boulevard,,,,,,,,,,,,,90017.0,,Los Angeles,Los Angeles,,,,,LA City,{644DACF9-2927-43EF-A66A-66A500D4C78B},0,,644DACF9-2927-43EF-A66A-66A500D4C78B,Unknown,,W,,,Blvd,W Wilshire Blvd,2023/09/12 23:03:18+00,1138 W Wilshire Blvd Los Angeles 90017,644DACF9-2927-43EF-A66A-66A500D4C78B_1138_W_Wilshire_Blvd_Los_Angeles_90017,Wilshire,1138 W Wilshire Boulevard Blvd Los Angeles 90017,,,,
660595,1237342,,5143022011.0,,1150.0,,,West,,,Wilshire,Boulevard,,,,,,,,,,,,,90017.0,,Los Angeles,Los Angeles,,,,,LA City,{46A49D93-758E-4E1E-9627-298BB039F268},0,,46A49D93-758E-4E1E-9627-298BB039F268,Unknown,,W,,,Blvd,W Wilshire Blvd,2023/09/12 23:03:18+00,1150 W Wilshire Blvd Los Angeles 90017,46A49D93-758E-4E1E-9627-298BB039F268_1150_W_Wilshire_Blvd_Los_Angeles_90017,Wilshire,1150 W Wilshire Boulevard Blvd Los Angeles 90017,,,,
660596,1237343,,5143022011.0,,658.0,,,South,,,Lucas,Avenue,,,,,,,,,,,,,90017.0,,Los Angeles,Los Angeles,,,,,LA City,{129DD4FF-06FE-426D-842F-AF05BD0D2CAB},0,,129DD4FF-06FE-426D-842F-AF05BD0D2CAB,Unknown,,S,,,Ave,S Lucas Ave,2023/09/12 23:03:18+00,658 S Lucas Ave Los Angeles 90017,129DD4FF-06FE-426D-842F-AF05BD0D2CAB_658_S_Lucas_Ave_Los_Angeles_90017,Lucas,658 S Lucas Avenue Ave Los Angeles 90017,,,,
660597,1237344,,5143022011.0,,1140.0,,,West,,,Wilshire,Boulevard,,,,,,,,,,,,,90017.0,,Los Angeles,Los Angeles,,,,,LA City,{4D86FBB5-7CCE-4BF8-B366-4F9E664EB722},0,,4D86FBB5-7CCE-4BF8-B366-4F9E664EB722,Unknown,,W,,,Blvd,W Wilshire Blvd,2023/09/12 23:03:18+00,1140 W Wilshire Blvd Los Angeles 90017,4D86FBB5-7CCE-4BF8-B366-4F9E664EB722_1140_W_Wilshire_Blvd_Los_Angeles_90017,Wilshire,1140 W Wilshire Boulevard Blvd Los Angeles 90017,,,,
660598,1237345,,5143022011.0,,1145.0,,,West,,,Ingraham,Street,,,,,,,,,,,,,90017.0,,Los Angeles,Los Angeles,,,,,LA City,{37C35818-CC5A-4B37-B901-0B78A6EB1E8D},0,,37C35818-CC5A-4B37-B901-0B78A6EB1E8D,Unknown,,W,,,St,W Ingraham St,2023/09/12 23:03:18+00,1145 W Ingraham St Los Angeles 90017,37C35818-CC5A-4B37-B901-0B78A6EB1E8D_1145_W_Ingraham_St_Los_Angeles_90017,Ingraham,1145 W Ingraham Street St Los Angeles 90017,,,,
660599,1237346,,5143022012.0,,1126.0,,,West,,,Wilshire,Boulevard,,,,,,,,,,,,,90017.0,,Los Angeles,Los Angeles,,,,,LA City,{94D337A8-D36F-46DC-9985-6C8A25CFAF82},0,,94D337A8-D36F-46DC-9985-6C8A25CFAF82,Unknown,,W,,,Blvd,W Wilshire Blvd,2023/09/12 23:03:18+00,1126 W Wilshire Blvd Los Angeles 90017,94D337A8-D36F-46DC-9985-6C8A25CFAF82_1126_W_Wilshire_Blvd_Los_Angeles_90017,Wilshire,1126 W Wilshire Boulevard Blvd Los Angeles 90017,,,,
660600,1237347,,5143022012.0,,1127.0,,,West,,,Ingraham,Street,,,,,,,,,,,,,90017.0,,Los Angeles,Los Angeles,,,,,LA City,{BB083F3D-090F-4E88-AC6E-9D3780CF604D},0,,BB083F3D-090F-4E88-AC6E-9D3780CF604D,Unknown,,W,,,St,W Ingraham St,2023/09/12 23:03:18+00,1127 W Ingraham St Los Angeles 90017,BB083F3D-090F-4E88-AC6E-9D3780CF604D_1127_W_Ingraham_St_Los_Angeles_90017,Ingraham,1127 W Ingraham Street St Los Angeles 90017,,,,
660601,1237348,,5143022015.0,,1100.0,,,West,,,Wilshire,Boulevard,,,,,,,,,,,,,90017.0,,Los Angeles,Los Angeles,,,,,LA City,{264BF6A4-178B-40E3-828A-155E978C7A37},0,,264BF6A4-178B-40E3-828A-155E978C7A37,Unknown,,W,,,Blvd,W Wilshire Blvd,2023/09/12 23:03:18+00,1100 W Wilshire Blvd Los Angeles 90017,264BF6A4-178B-40E3-828A-155E978C7A37_1100_W_Wilshire_Blvd_Los_Angeles_90017,Wilshire,1100 W Wilshire Boulevard Blvd Los Angeles 90017,,,,
660602,1237349,,5143023001.0,,1145.0,,,West,,,Wilshire,Boulevard,,,,,,,,,,,,,90017.0,,Los Angeles,Los Angeles,,,,,LA City,{3038985D-3EEC-4F38-973A-0BE4E5C4F655},0,,3038985D-3EEC-4F38-973A-0BE4E5C4F655,Unknown,,W,,,Blvd,W Wilshire Blvd,2023/09/12 23:03:18+00,1145 W Wilshire Blvd Los Angeles 90017,3038985D-3EEC-4F38-973A-0BE4E5C4F655_1145_W_Wilshire_Blvd_Los_Angeles_90017,Wilshire,1145 W Wilshire Boulevard Blvd Los Angeles 90017,,,,
660603,1237350,,5143023001.0,,1137.0,,,West,,,Wilshire,Boulevard,,,,,,,,,,,,,90017.0,,Los Angeles,Los Angeles,,,,,LA City,{6BB23EC4-CAB0-4672-AD05-D73E0EE8F333},0,,6BB23EC4-CAB0-4672-AD05-D73E0EE8F333,Unknown,,W,,,Blvd,W Wilshire Blvd,2023/09/12 23:03:18+00,1137 W Wilshire Blvd Los Angeles 90017,6BB23EC4-CAB0-4672-AD05-D73E0EE8F333_1137_W_Wilshire_Blvd_Los_Angeles_90017,Wilshire,1137 W Wilshire Boulevard Blvd Los Angeles 90017,,,,
660604,1237351,,5143023001.0,,644.0,,,South,,,Lucas,Avenue,,,,,,,,,,,,,90017.0,,Los Angeles,Los Angeles,,,,,LA City,{ADE49A0B-642B-4FEF-895A-50F0F9B798AF},0,,ADE49A0B-642B-4FEF-895A-50F0F9B798AF,Unknown,,S,,,Ave,S Lucas Ave,2023/09/12 23:03:18+00,644 S Lucas Ave Los Angeles 90017,ADE49A0B-642B-4FEF-895A-50F0F9B798AF_644_S_Lucas_Ave_Los_Angeles_90017,Lucas,644 S Lucas Avenue Ave Los Angeles 90017,,,,
660605,1237352,,5143023019.0,,1127.0,,,West,,,Wilshire,Boulevard,,,,,,,,,,,,,90017.0,,Los Angeles,Los Angeles,,,,,LA City,{48FE8D38-E699-4BA1-9E6F-2DD24CBCA8A0},0,,48FE8D38-E699-4BA1-9E6F-2DD24CBCA8A0,Unknown,,W,,,Blvd,W Wilshire Blvd,2023/09/12 23:03:18+00,1127 W Wilshire Blvd Los Angeles 90017,48FE8D38-E699-4BA1-9E6F-2DD24CBCA8A0_1127_W_Wilshire_Blvd_Los_Angeles_90017,Wilshire,1127 W Wilshire Boulevard Blvd Los Angeles 90017,,,,
660606,1237353,,5143023021.0,,636.0,,,South,,,Lucas,Avenue,,,,,,,,,,,,,90017.0,,Los Angeles,Los Angeles,,,,,LA City,{EF1A8240-5B52-408A-AD32-C3376FFD54B3},0,,EF1A8240-5B52-408A-AD32-C3376FFD54B3,Unknown,,S,,,Ave,S Lucas Ave,2023/09/12 23:03:18+00,636 S Lucas Ave Los Angeles 90017,EF1A8240-5B52-408A-AD32-C3376FFD54B3_636_S_Lucas_Ave_Los_Angeles_90017,Lucas,636 S Lucas Avenue Ave Los Angeles 90017,,,,
660607,1237354,,5143023022.0,,1111.0,,,West,,,Wilshire,Boulevard,,,,,,,,,,,,,90017.0,,Los Angeles,Los Angeles,,,,,LA City,{3E2F7805-607B-4053-89BF-6DCC40C078D9},0,,3E2F7805-607B-4053-89BF-6DCC40C078D9,Unknown,,W,,,Blvd,W Wilshire Blvd,2023/09/12 23:03:18+00,1111 W Wilshire Blvd Los Angeles 90017,3E2F7805-607B-4053-89BF-6DCC40C078D9_1111_W_Wilshire_Blvd_Los_Angeles_90017,Wilshire,1111 W Wilshire Boulevard Blvd Los Angeles 90017,,,,
660608,1237355,,5143024008.0,,625.0,,,South,,,Bixel,Street,,,,,,,,,,,,,90017.0,,Los Angeles,Los Angeles,,,,,LA City,{7A0D61AB-71EA-4626-9D3C-FA358FAD66AD},0,,7A0D61AB-71EA-4626-9D3C-FA358FAD66AD,Unknown,,S,,,St,S Bixel St,2023/09/12 23:03:18+00,625 S Bixel St Los Angeles 90017,7A0D61AB-71EA-4626-9D3C-FA358FAD66AD_625_S_Bixel_St_Los_Angeles_90017,Bixel,625 S Bixel Street St Los Angeles 90017,,,,
660609,1237356,,5143024015.0,,1136.0,,,West,,,6Th,Street,,,,,,,,,,,,,90017.0,,Los Angeles,Los Angeles,,,,,LA City,{4DAB70D9-CCEA-450D-BC31-190CF4683511},0,,4DAB70D9-CCEA-450D-BC31-190CF4683511,Unknown,,W,,,St,W 6Th St,2023/09/12 23:03:18+00,1136 W 6Th St Los Angeles 90017,4DAB70D9-CCEA-450D-BC31-190CF4683511_1136_W_6Th_St_Los_Angeles_90017,6Th,1136 W 6Th Street St Los Angeles 90017,,,,
660610,1237357,,5143024017.0,,1120.0,,,West,,,6th,Street,,,,,,,,,,,,,90017.0,,Los Angeles,Los Angeles,,,,,CAMS,{3BE50DCB-B8D0-46D2-803E-767F3674273E},0,,3BE50DCB-B8D0-46D2-803E-767F3674273E,Unknown,,W,,,St,W 6th St,2020/06/29 15:37:11+00,1120 W 6th St Los Angeles 90017,3BE50DCB-B8D0-46D2-803E-767F3674273E_1120_W_6th_St_Los_Angeles_90017,6th,1120 W 6th Street St Los Angeles 90017,,,,
660611,1237358,,5143024017.0,,1102.0,,,West,,,6Th,Street,,,,,,,,,,,,,90017.0,,Los Angeles,Los Angeles,,,,,LA City,{6895F5E5-CD35-42FB-8E9C-124BF7B40D76},0,,6895F5E5-CD35-42FB-8E9C-124BF7B40D76,Unknown,,W,,,St,W 6Th St,2023/09/12 23:03:18+00,1102 W 6Th St Los Angeles 90017,6895F5E5-CD35-42FB-8E9C-124BF7B40D76_1102_W_6Th_St_Los_Angeles_90017,6Th,1102 W 6Th Street St Los Angeles 90017,,,,
660612,1237359,,5143024017.0,,1122.0,,,West,,,6Th,Street,,,,,,,,,,,,,90017.0,,Los Angeles,Los Angeles,,,,,LA City,{7597A9AD-7EEA-41E8-9B54-6D492F7F7B4C},0,,7597A9AD-7EEA-41E8-9B54-6D492F7F7B4C,Unknown,,W,,,St,W 6Th St,2023/09/12 23:03:18+00,1122 W 6Th St Los Angeles 90017,7597A9AD-7EEA-41E8-9B54-6D492F7F7B4C_1122_W_6Th_St_Los_Angeles_90017,6Th,1122 W 6Th Street St Los Angeles 90017,,,,
660613,1237360,,5143024017.0,,615.0,,,South,,,Bixel,Street,,,,,,,,,,,,,90017.0,,Los Angeles,Los Angeles,,,,,LA City,{2D3EBD58-BEE9-4DB9-94DE-9F84846355BC},0,,2D3EBD58-BEE9-4DB9-94DE-9F84846355BC,Unknown,,S,,,St,S Bixel St,2023/09/12 23:03:18+00,615 S Bixel St Los Angeles 90017,2D3EBD58-BEE9-4DB9-94DE-9F84846355BC_615_S_Bixel_St_Los_Angeles_90017,Bixel,615 S Bixel Street St Los Angeles 90017,,,,
660614,1237361,,5143024017.0,,632.0,,,South,,,Lucas,Avenue,,,,,,,,,,,,,90017.0,,Los Angeles,Los Angeles,,,,,LA City,{2ADD0CAD-840D-4D53-A49C-A892BCD5CF41},0,,2ADD0CAD-840D-4D53-A49C-A892BCD5CF41,Unknown,,S,,,Ave,S Lucas Ave,2023/09/12 23:03:18+00,632 S Lucas Ave Los Angeles 90017,2ADD0CAD-840D-4D53-A49C-A892BCD5CF41_632_S_Lucas_Ave_Los_Angeles_90017,Lucas,632 S Lucas Avenue Ave Los Angeles 90017,,,,
660615,1237362,,5143024017.0,,1120.0,,,West,,,6Th,Street,,,,,,,,,,,,,90017.0,,Los Angeles,Los Angeles,,,,,LA City,{3F94B67C-C745-481F-983B-8ED35527D963},0,,3F94B67C-C745-481F-983B-8ED35527D963,Unknown,,W,,,St,W 6Th St,2023/09/12 23:03:18+00,1120 W 6Th St Los Angeles 90017,3F94B67C-C745-481F-983B-8ED35527D963_1120_W_6Th_St_Los_Angeles_90017,6Th,1120 W 6Th Street St Los Angeles 90017,,,,
660616,1237363,,5143024017.0,,634.0,,,South,,,Lucas,Avenue,,,,,,,,,,,,,90017.0,,Los Angeles,Los Angeles,,,,,LA City,{D84C35CA-0A30-40D0-B919-6C7A21E45DF8},0,,D84C35CA-0A30-40D0-B919-6C7A21E45DF8,Unknown,,S,,,Ave,S Lucas Ave,2023/09/12 23:03:18+00,634 S Lucas Ave Los Angeles 90017,D84C35CA-0A30-40D0-B919-6C7A21E45DF8_634_S_Lucas_Ave_Los_Angeles_90017,Lucas,634 S Lucas Avenue Ave Los Angeles 90017,,,,
660617,1237364,,5143025028.0,,1055.0,,,West,,,Wilshire,Boulevard,,,,,,,,,,,,,90017.0,,Los Angeles,Los Angeles,,,,,LA City,{E3EAA3A8-1B37-4CD8-BAE2-B3224C086E2A},0,,E3EAA3A8-1B37-4CD8-BAE2-B3224C086E2A,Unknown,,W,,,Blvd,W Wilshire Blvd,2023/09/12 23:03:18+00,1055 W Wilshire Blvd Los Angeles 90017,E3EAA3A8-1B37-4CD8-BAE2-B3224C086E2A_1055_W_Wilshire_Blvd_Los_Angeles_90017,Wilshire,1055 W Wilshire Boulevard Blvd Los Angeles 90017,,,,
660618,1237365,,5143025028.0,,1049.0,,,West,,,Wilshire,Boulevard,,,,,,,,,,,,,90017.0,,Los Angeles,Los Angeles,,,,,LA City,{FF436419-CBA1-4E86-99B1-BCB4B41C175E},0,,FF436419-CBA1-4E86-99B1-BCB4B41C175E,Unknown,,W,,,Blvd,W Wilshire Blvd,2023/09/12 23:03:18+00,1049 W Wilshire Blvd Los Angeles 90017,FF436419-CBA1-4E86-99B1-BCB4B41C175E_1049_W_Wilshire_Blvd_Los_Angeles_90017,Wilshire,1049 W Wilshire Boulevard Blvd Los Angeles 90017,,,,
660619,1237366,,5143025028.0,,636.0,,,South,,,Bixel,Street,,,,,,,,,,,,,90017.0,,Los Angeles,Los Angeles,,,,,LA City,{91658E11-A997-4010-B206-F43C441FF630},0,,91658E11-A997-4010-B206-F43C441FF630,Unknown,,S,,,St,S Bixel St,2023/09/12 23:03:18+00,636 S Bixel St Los Angeles 90017,91658E11-A997-4010-B206-F43C441FF630_636_S_Bixel_St_Los_Angeles_90017,Bixel,636 S Bixel Street St Los Angeles 90017,,,,
660620,1237367,,5143025028.0,,1065.0,,,West,,,Wilshire,Boulevard,,,,,,,,,,,,,90017.0,,Los Angeles,Los Angeles,,,,,LA City,{B23B024A-9338-4426-B106-0B645CB3EDA9},0,,B23B024A-9338-4426-B106-0B645CB3EDA9,Unknown,,W,,,Blvd,W Wilshire Blvd,2023/09/12 23:03:18+00,1065 W Wilshire Blvd Los Angeles 90017,B23B024A-9338-4426-B106-0B645CB3EDA9_1065_W_Wilshire_Blvd_Los_Angeles_90017,Wilshire,1065 W Wilshire Boulevard Blvd Los Angeles 90017,,,,
660621,1237368,,5143025028.0,,640.0,,,South,,,Bixel,Street,,,,,,,,,,,,,90017.0,,Los Angeles,Los Angeles,,,,,LA City,{E5DBF2EF-0967-4E26-8C59-1505C04CEA17},0,,E5DBF2EF-0967-4E26-8C59-1505C04CEA17,Unknown,,S,,,St,S Bixel St,2023/09/12 23:03:18+00,640 S Bixel St Los Angeles 90017,E5DBF2EF-0967-4E26-8C59-1505C04CEA17_640_S_Bixel_St_Los_Angeles_90017,Bixel,640 S Bixel Street St Los Angeles 90017,,,,
660622,1237369,,5143025042.0,,632.0,,,South,,,Bixel,Street,,,,,,,,,,,,,90017.0,,Los Angeles,Los Angeles,,,,,LA City,{0BE177CC-02C1-40B9-AF4F-76B89E9A3811},0,,0BE177CC-02C1-40B9-AF4F-76B89E9A3811,Unknown,,S,,,St,S Bixel St,2023/09/12 23:03:18+00,632 S Bixel St Los Angeles 90017,0BE177CC-02C1-40B9-AF4F-76B89E9A3811_632_S_Bixel_St_Los_Angeles_90017,Bixel,632 S Bixel Street St Los Angeles 90017,,,,
660623,1237370,,5143025042.0,,624.0,,,South,,,Bixel,Street,,,,,,,,,,,,,90017.0,,Los Angeles,Los Angeles,,,,,LA City,{9CDFE042-F2C8-4C95-9A97-B683A1DA673B},0,,9CDFE042-F2C8-4C95-9A97-B683A1DA673B,Unknown,,S,,,St,S Bixel St,2023/09/12 23:03:18+00,624 S Bixel St Los Angeles 90017,9CDFE042-F2C8-4C95-9A97-B683A1DA673B_624_S_Bixel_St_Los_Angeles_90017,Bixel,624 S Bixel Street St Los Angeles 90017,,,,
660624,1237371,,5143025042.0,,628.0,,,South,,,Bixel,Street,,,,,,,,,,,,,90017.0,,Los Angeles,Los Angeles,,,,,LA City,{113287DE-929C-4096-8F09-7D97C9DDF805},0,,113287DE-929C-4096-8F09-7D97C9DDF805,Unknown,,S,,,St,S Bixel St,2023/09/12 23:03:18+00,628 S Bixel St Los Angeles 90017,113287DE-929C-4096-8F09-7D97C9DDF805_628_S_Bixel_St_Los_Angeles_90017,Bixel,628 S Bixel Street St Los Angeles 90017,,,,
660625,1237372,,5143025042.0,,630.0,,,South,,,Bixel,Street,,,,,,,,,,,,,90017.0,,Los Angeles,Los Angeles,,,,,LA City,{0E5AFBF8-948A-4817-8A8F-EDCECF6A99AC},0,,0E5AFBF8-948A-4817-8A8F-EDCECF6A99AC,Unknown,,S,,,St,S Bixel St,2023/09/12 23:03:18+00,630 S Bixel St Los Angeles 90017,0E5AFBF8-948A-4817-8A8F-EDCECF6A99AC_630_S_Bixel_St_Los_Angeles_90017,Bixel,630 S Bixel Street St Los Angeles 90017,,,,
660626,1237373,,5143025042.0,,1066.0,,,West,,,6Th,Street,,,,,,,,,,,,,90017.0,,Los Angeles,Los Angeles,,,,,LA City,{688466F9-61ED-480C-AB33-D1BAECDBBB54},0,,688466F9-61ED-480C-AB33-D1BAECDBBB54,Unknown,,W,,,St,W 6Th St,2023/09/12 23:03:18+00,1066 W 6Th St Los Angeles 90017,688466F9-61ED-480C-AB33-D1BAECDBBB54_1066_W_6Th_St_Los_Angeles_90017,6Th,1066 W 6Th Street St Los Angeles 90017,,,,
660627,1237374,,5143025042.0,,622.0,,,South,,,Bixel,Street,,,,,,,,,,,,,90017.0,,Los Angeles,Los Angeles,,,,,LA City,{30D1E61C-25EC-4489-B0A4-88AB4C66873F},0,,30D1E61C-25EC-4489-B0A4-88AB4C66873F,Unknown,,S,,,St,S Bixel St,2023/09/12 23:03:18+00,622 S Bixel St Los Angeles 90017,30D1E61C-25EC-4489-B0A4-88AB4C66873F_622_S_Bixel_St_Los_Angeles_90017,Bixel,622 S Bixel Street St Los Angeles 90017,,,,
660628,1237375,,5143025042.0,,620.0,,,South,,,Bixel,Street,,,,,,,,,,,,,90017.0,,Los Angeles,Los Angeles,,,,,LA City,{69B9A33E-459B-4A18-B852-C7F03C3D963C},0,,69B9A33E-459B-4A18-B852-C7F03C3D963C,Unknown,,S,,,St,S Bixel St,2023/09/12 23:03:18+00,620 S Bixel St Los Angeles 90017,69B9A33E-459B-4A18-B852-C7F03C3D963C_620_S_Bixel_St_Los_Angeles_90017,Bixel,620 S Bixel Street St Los Angeles 90017,,,,
660629,1237376,,5143025042.0,,618.0,,,South,,,Bixel,Street,,,,,,,,,,,,,90017.0,,Los Angeles,Los Angeles,,,,,LA City,{4302D138-A5A3-4F5C-A6F0-FC4DC199DC71},0,,4302D138-A5A3-4F5C-A6F0-FC4DC199DC71,Unknown,,S,,,St,S Bixel St,2023/09/12 23:03:18+00,618 S Bixel St Los Angeles 90017,4302D138-A5A3-4F5C-A6F0-FC4DC199DC71_618_S_Bixel_St_Los_Angeles_90017,Bixel,618 S Bixel Street St Los Angeles 90017,,,,
660630,1237377,,5143025042.0,,1068.0,,,West,,,6Th,Street,,,,,,,,,,,,,90017.0,,Los Angeles,Los Angeles,,,,,LA City,{4CDFF88D-5BC9-4AE3-84A5-20D340DEB683},0,,4CDFF88D-5BC9-4AE3-84A5-20D340DEB683,Unknown,,W,,,St,W 6Th St,2023/09/12 23:03:18+00,1068 W 6Th St Los Angeles 90017,4CDFF88D-5BC9-4AE3-84A5-20D340DEB683_1068_W_6Th_St_Los_Angeles_90017,6Th,1068 W 6Th Street St Los Angeles 90017,,,,
660631,1237378,,5143025042.0,,614.0,,,South,,,Bixel,Street,,,,,,,,,,,,,90017.0,,Los Angeles,Los Angeles,,,,,LA City,{B1C94AE1-DA76-40BB-B703-E914C7787F67},0,,B1C94AE1-DA76-40BB-B703-E914C7787F67,Unknown,,S,,,St,S Bixel St,2023/09/12 23:03:18+00,614 S Bixel St Los Angeles 90017,B1C94AE1-DA76-40BB-B703-E914C7787F67_614_S_Bixel_St_Los_Angeles_90017,Bixel,614 S Bixel Street St Los Angeles 90017,,,,
660632,1237379,,5143025042.0,,1074.0,,,West,,,6Th,Street,,,,,,,,,,,,,90017.0,,Los Angeles,Los Angeles,,,,,LA City,{A4247E4A-7010-4BB3-BF55-981C12277048},0,,A4247E4A-7010-4BB3-BF55-981C12277048,Unknown,,W,,,St,W 6Th St,2023/09/12 23:03:18+00,1074 W 6Th St Los Angeles 90017,A4247E4A-7010-4BB3-BF55-981C12277048_1074_W_6Th_St_Los_Angeles_90017,6Th,1074 W 6Th Street St Los Angeles 90017,,,,
660633,1237380,,5143025042.0,,612.0,,,South,,,Bixel,Street,,,,,,,,,,,,,90017.0,,Los Angeles,Los Angeles,,,,,LA City,{7FA65B4D-7C5C-456E-96C3-C53F641763DF},0,,7FA65B4D-7C5C-456E-96C3-C53F641763DF,Unknown,,S,,,St,S Bixel St,2023/09/12 23:03:18+00,612 S Bixel St Los Angeles 90017,7FA65B4D-7C5C-456E-96C3-C53F641763DF_612_S_Bixel_St_Los_Angeles_90017,Bixel,612 S Bixel Street St Los Angeles 90017,,,,
660634,1237381,,5143025042.0,,1072.0,,,West,,,6Th,Street,,,,,,,,,,,,,90017.0,,Los Angeles,Los Angeles,,,,,LA City,{69E9A726-E6F7-48F9-8A24-8B0181CDF83A},0,,69E9A726-E6F7-48F9-8A24-8B0181CDF83A,Unknown,,W,,,St,W 6Th St,2023/09/12 23:03:18+00,1072 W 6Th St Los Angeles 90017,69E9A726-E6F7-48F9-8A24-8B0181CDF83A_1072_W_6Th_St_Los_Angeles_90017,6Th,1072 W 6Th Street St Los Angeles 90017,,,,
660635,1237382,,5143025042.0,,1070.0,,,West,,,6Th,Street,,,,,,,,,,,,,90017.0,,Los Angeles,Los Angeles,,,,,LA City,{DDB6E43F-8674-4BF0-A746-CD9BA47B1DDD},0,,DDB6E43F-8674-4BF0-A746-CD9BA47B1DDD,Unknown,,W,,,St,W 6Th St,2023/09/12 23:03:18+00,1070 W 6Th St Los Angeles 90017,DDB6E43F-8674-4BF0-A746-CD9BA47B1DDD_1070_W_6Th_St_Los_Angeles_90017,6Th,1070 W 6Th Street St Los Angeles 90017,,,,
660636,1237383,,5143025043.0,,1040.0,,,West,,,6Th,Street,,,,,,,,,,,,,90017.0,,Los Angeles,Los Angeles,,,,,LA City,{C19E06D0-35CA-4D7C-B70E-19DCC958D3DD},0,,C19E06D0-35CA-4D7C-B70E-19DCC958D3DD,Unknown,,W,,,St,W 6Th St,2023/09/12 23:03:18+00,1040 W 6Th St Los Angeles 90017,C19E06D0-35CA-4D7C-B70E-19DCC958D3DD_1040_W_6Th_St_Los_Angeles_90017,6Th,1040 W 6Th Street St Los Angeles 90017,,,,
660637,1237384,,5143025043.0,,609.0,,,South,,,St Paul,Avenue,,,,,,,,,,,,1-350,90017.0,,Los Angeles,Los Angeles,,,,,LA City,{6BBE9632-D5D2-4F42-880E-835034C99DC0},0,,6BBE9632-D5D2-4F42-880E-835034C99DC0,Unknown,,S,,,Ave,S St Paul Ave,2023/09/12 23:03:18+00,609 S St Paul Ave 1-350 Los Angeles 90017,6BBE9632-D5D2-4F42-880E-835034C99DC0_609_S_St_Paul_Ave_1-350_Los_Angeles_90017,St Paul,609 S St Paul Avenue Ave 1-350 Los Angeles 90017,,,,
660638,1237385,,5143025043.0,,1048.0,,,West,,,6Th,Street,,,,,,,,,,,,,90017.0,,Los Angeles,Los Angeles,,,,,LA City,{09511A0C-4CFA-4A4C-B42D-B1E8F6217506},0,,09511A0C-4CFA-4A4C-B42D-B1E8F6217506,Unknown,,W,,,St,W 6Th St,2023/09/12 23:03:18+00,1048 W 6Th St Los Angeles 90017,09511A0C-4CFA-4A4C-B42D-B1E8F6217506_1048_W_6Th_St_Los_Angeles_90017,6Th,1048 W 6Th Street St Los Angeles 90017,,,,
660639,1237386,,5143025043.0,,1046.0,,,West,,,6Th,Street,,,,,,,,,,,,,90017.0,,Los Angeles,Los Angeles,,,,,LA City,{99318ED3-BFC1-471F-936C-843FF4F78A72},0,,99318ED3-BFC1-471F-936C-843FF4F78A72,Unknown,,W,,,St,W 6Th St,2023/09/12 23:03:18+00,1046 W 6Th St Los Angeles 90017,99318ED3-BFC1-471F-936C-843FF4F78A72_1046_W_6Th_St_Los_Angeles_90017,6Th,1046 W 6Th Street St Los Angeles 90017,,,,
660640,1237387,,5143025043.0,,1044.0,,,West,,,6Th,Street,,,,,,,,,,,,,90017.0,,Los Angeles,Los Angeles,,,,,LA City,{CF94FA09-57C5-4886-915F-23066ECCC09E},0,,CF94FA09-57C5-4886-915F-23066ECCC09E,Unknown,,W,,,St,W 6Th St,2023/09/12 23:03:18+00,1044 W 6Th St Los Angeles 90017,CF94FA09-57C5-4886-915F-23066ECCC09E_1044_W_6Th_St_Los_Angeles_90017,6Th,1044 W 6Th Street St Los Angeles 90017,,,,
660641,1237388,,5143025043.0,,1042.0,,,West,,,6Th,Street,,,,,,,,,,,,,90017.0,,Los Angeles,Los Angeles,,,,,LA City,{EB55FFAA-56C4-4396-B305-D42AA9CC2BA1},0,,EB55FFAA-56C4-4396-B305-D42AA9CC2BA1,Unknown,,W,,,St,W 6Th St,2023/09/12 23:03:18+00,1042 W 6Th St Los Angeles 90017,EB55FFAA-56C4-4396-B305-D42AA9CC2BA1_1042_W_6Th_St_Los_Angeles_90017,6Th,1042 W 6Th Street St Los Angeles 90017,,,,
660642,1237389,,5143025043.0,,1050.0,,,West,,,6Th,Street,,,,,,,,,,,,,90017.0,,Los Angeles,Los Angeles,,,,,LA City,{EA2E5881-4B4F-48C2-B792-B6B9CC43D8E5},0,,EA2E5881-4B4F-48C2-B792-B6B9CC43D8E5,Unknown,,W,,,St,W 6Th St,2023/09/12 23:03:18+00,1050 W 6Th St Los Angeles 90017,EA2E5881-4B4F-48C2-B792-B6B9CC43D8E5_1050_W_6Th_St_Los_Angeles_90017,6Th,1050 W 6Th Street St Los Angeles 90017,,,,
660643,1237390,,5143025044.0,,627.0,,,South,,,St Paul,Avenue,,,,,,,,,,,,,90017.0,,Los Angeles,Los Angeles,,,,,LA City,{874A9B9D-1F5E-4693-A153-1D0F0ACE2137},0,,874A9B9D-1F5E-4693-A153-1D0F0ACE2137,Unknown,,S,,,Ave,S St Paul Ave,2023/09/12 23:03:18+00,627 S St Paul Ave Los Angeles 90017,874A9B9D-1F5E-4693-A153-1D0F0ACE2137_627_S_St_Paul_Ave_Los_Angeles_90017,St Paul,627 S St Paul Avenue Ave Los Angeles 90017,,,,
660644,1237391,,5143025044.0,,1027.0,,,West,,,Wilshire,Boulevard,,,,,,,,,,,,,90017.0,,Los Angeles,Los Angeles,,,,,LA City,{B4E21637-CB37-4B85-883B-0F2ED07EDB40},0,,B4E21637-CB37-4B85-883B-0F2ED07EDB40,Unknown,,W,,,Blvd,W Wilshire Blvd,2023/09/12 23:03:18+00,1027 W Wilshire Blvd Los Angeles 90017,B4E21637-CB37-4B85-883B-0F2ED07EDB40_1027_W_Wilshire_Blvd_Los_Angeles_90017,Wilshire,1027 W Wilshire Boulevard Blvd Los Angeles 90017,,,,
660645,1237392,,5143026007.0,,620.0,,,,,,Saint Paul,Avenue,,,,,,,,,,,,,90017.0,,Los Angeles,Los Angeles,,,,,Assessor,{AA5A0E28-042E-4B45-B2F1-070332CC3BCE},0,,AA5A0E28-042E-4B45-B2F1-070332CC3BCE,Unknown,,,,,Ave,Saint Paul Ave,2024/04/27 17:13:09+00,620 Saint Paul Ave Los Angeles 90017,AA5A0E28-042E-4B45-B2F1-070332CC3BCE_620_Saint_Paul_Ave_Los_Angeles_90017,Saint Paul,620 Saint Paul Avenue Ave Los Angeles 90017,,,,
660646,1237393,,5143026008.0,,616.0,,,South,,,St Paul,Avenue,,,,,,,,,,,,1-225,90017.0,,Los Angeles,Los Angeles,,,,,LA City,{C5A8C1E7-B3F3-4641-9779-3FFBA9809A7E},0,,C5A8C1E7-B3F3-4641-9779-3FFBA9809A7E,Unknown,,S,,,Ave,S St Paul Ave,2023/09/12 23:03:18+00,616 S St Paul Ave 1-225 Los Angeles 90017,C5A8C1E7-B3F3-4641-9779-3FFBA9809A7E_616_S_St_Paul_Ave_1-225_Los_Angeles_90017,St Paul,616 S St Paul Avenue Ave 1-225 Los Angeles 90017,,,,
660647,1237394,,5143026011.0,,600.0,,,South,,,St Paul,Avenue,,,,,,,,,,,,,90017.0,,Los Angeles,Los Angeles,,,,,LA City,{FBF54BBF-B95B-4E2E-A84A-94AE9CE68122},0,,FBF54BBF-B95B-4E2E-A84A-94AE9CE68122,Unknown,,S,,,Ave,S St Paul Ave,2023/09/12 23:03:18+00,600 S St Paul Ave Los Angeles 90017,FBF54BBF-B95B-4E2E-A84A-94AE9CE68122_600_S_St_Paul_Ave_Los_Angeles_90017,St Paul,600 S St Paul Avenue Ave Los Angeles 90017,,,,
660648,1237395,,5143026011.0,,1036.0,,,West,,,6Th,Street,,,,,,,,,,,,,90017.0,,Los Angeles,Los Angeles,,,,,LA City,{D2AAB5A1-018E-40A7-BBA5-269083C1AEA5},0,,D2AAB5A1-018E-40A7-BBA5-269083C1AEA5,Unknown,,W,,,St,W 6Th St,2023/09/12 23:03:18+00,1036 W 6Th St Los Angeles 90017,D2AAB5A1-018E-40A7-BBA5-269083C1AEA5_1036_W_6Th_St_Los_Angeles_90017,6Th,1036 W 6Th Street St Los Angeles 90017,,,,
660649,1237396,,5143026017.0,,1017.0,,,West,,,Wilshire,Boulevard,,,,,,,,,,,,,90017.0,,Los Angeles,Los Angeles,,,,,LA City,{173601C0-7D55-4695-9A95-535EDAC548A0},0,,173601C0-7D55-4695-9A95-535EDAC548A0,Unknown,,W,,,Blvd,W Wilshire Blvd,2023/09/12 23:03:18+00,1017 W Wilshire Blvd Los Angeles 90017,173601C0-7D55-4695-9A95-535EDAC548A0_1017_W_Wilshire_Blvd_Los_Angeles_90017,Wilshire,1017 W Wilshire Boulevard Blvd Los Angeles 90017,,,,
660650,1237397,,5143026017.0,,1015.0,,,West,,,Wilshire,Boulevard,,,,,,,,,,,,,90017.0,,Los Angeles,Los Angeles,,,,,LA City,{B785D13C-13FA-4B0E-8CF7-07EC205104E2},0,,B785D13C-13FA-4B0E-8CF7-07EC205104E2,Unknown,,W,,,Blvd,W Wilshire Blvd,2023/09/12 23:03:18+00,1015 W Wilshire Blvd Los Angeles 90017,B785D13C-13FA-4B0E-8CF7-07EC205104E2_1015_W_Wilshire_Blvd_Los_Angeles_90017,Wilshire,1015 W Wilshire Boulevard Blvd Los Angeles 90017,,,,
660651,1237398,,5143026017.0,,1013.0,,,,,,Wilshire,Boulevard,,,,,,,,,,,,,90017.0,,Los Angeles,Los Angeles,,,,,Assessor,{6B30D9FD-512F-481E-8CB6-E308FDB91BAD},0,,6B30D9FD-512F-481E-8CB6-E308FDB91BAD,Unknown,,,,,Blvd,Wilshire Blvd,2024/04/27 17:13:09+00,1013 Wilshire Blvd Los Angeles 90017,6B30D9FD-512F-481E-8CB6-E308FDB91BAD_1013_Wilshire_Blvd_Los_Angeles_90017,Wilshire,1013 Wilshire Boulevard Blvd Los Angeles 90017,,,,
660652,1237399,,5143026018.0,,612.0,,,,,,St Paul,Avenue,,,,,,,,,,,,,90017.0,,Los Angeles,Los Angeles,,,,,Assessor,{F4AFB753-346D-4BFB-8E0E-58A764EFC2CD},0,,F4AFB753-346D-4BFB-8E0E-58A764EFC2CD,Unknown,,,,,Ave,St Paul Ave,2024/04/27 17:13:09+00,612 St Paul Ave Los Angeles 90017,F4AFB753-346D-4BFB-8E0E-58A764EFC2CD_612_St_Paul_Ave_Los_Angeles_90017,St Paul,612 St Paul Avenue Ave Los Angeles 90017,,,,
660653,1237400,,5143026019.0,,640.0,,,South,,,St Paul,Avenue,,,,,,,,,,,,,90017.0,,Los Angeles,Los Angeles,,,,,LA City,{3B51A223-5B77-4997-B70C-7BEAC4542CFF},0,,3B51A223-5B77-4997-B70C-7BEAC4542CFF,Unknown,,S,,,Ave,S St Paul Ave,2023/09/12 23:03:18+00,640 S St Paul Ave Los Angeles 90017,3B51A223-5B77-4997-B70C-7BEAC4542CFF_640_S_St_Paul_Ave_Los_Angeles_90017,St Paul,640 S St Paul Avenue Ave Los Angeles 90017,,,,
660654,1237401,,5143026020.0,,615.0,,,South,,,Beaudry,Avenue,,,,,,,,,,,,,90017.0,,Los Angeles,Los Angeles,,,,,LA City,{89DAD152-C2EC-4CB1-8B07-3B415E1D7E97},0,,89DAD152-C2EC-4CB1-8B07-3B415E1D7E97,Unknown,,S,,,Ave,S Beaudry Ave,2023/09/12 23:03:18+00,615 S Beaudry Ave Los Angeles 90017,89DAD152-C2EC-4CB1-8B07-3B415E1D7E97_615_S_Beaudry_Ave_Los_Angeles_90017,Beaudry,615 S Beaudry Avenue Ave Los Angeles 90017,,,,
660655,1237402,,5143026020.0,,621.0,,,South,,,Beaudry,Avenue,,,,,,,,,,,,,90017.0,,Los Angeles,Los Angeles,,,,,LA City,{E0CBF927-32D7-4A0B-A020-18837EF9BED7},0,,E0CBF927-32D7-4A0B-A020-18837EF9BED7,Unknown,,S,,,Ave,S Beaudry Ave,2023/09/12 23:03:18+00,621 S Beaudry Ave Los Angeles 90017,E0CBF927-32D7-4A0B-A020-18837EF9BED7_621_S_Beaudry_Ave_Los_Angeles_90017,Beaudry,621 S Beaudry Avenue Ave Los Angeles 90017,,,,
660656,1237403,,5143026020.0,,625.0,,,South,,,Beaudry,Avenue,,,,,,,,,,,,,90017.0,,Los Angeles,Los Angeles,,,,,LA City,{BD9453AF-619A-4C6A-B716-9C59FC39CC8E},0,,BD9453AF-619A-4C6A-B716-9C59FC39CC8E,Unknown,,S,,,Ave,S Beaudry Ave,2023/09/12 23:03:18+00,625 S Beaudry Ave Los Angeles 90017,BD9453AF-619A-4C6A-B716-9C59FC39CC8E_625_S_Beaudry_Ave_Los_Angeles_90017,Beaudry,625 S Beaudry Avenue Ave Los Angeles 90017,,,,
660657,1237404,,5143026020.0,,631.0,,,South,,,Beaudry,Avenue,,,,,,,,,,,,,90017.0,,Los Angeles,Los Angeles,,,,,LA City,{16EE9096-1869-4F7B-90AB-525F58A7154B},0,,16EE9096-1869-4F7B-90AB-525F58A7154B,Unknown,,S,,,Ave,S Beaudry Ave,2023/09/12 23:03:18+00,631 S Beaudry Ave Los Angeles 90017,16EE9096-1869-4F7B-90AB-525F58A7154B_631_S_Beaudry_Ave_Los_Angeles_90017,Beaudry,631 S Beaudry Avenue Ave Los Angeles 90017,,,,
660658,1237405,,5143026021.0,,1001.0,,,West,,,Wilshire,Boulevard,,,,,,,,,,,,,90017.0,,Los Angeles,Los Angeles,,,,,LA City,{9A6DEF9F-8651-465C-82C8-555EED580CA6},0,,9A6DEF9F-8651-465C-82C8-555EED580CA6,Unknown,,W,,,Blvd,W Wilshire Blvd,2023/09/12 23:03:18+00,1001 W Wilshire Blvd Los Angeles 90017,9A6DEF9F-8651-465C-82C8-555EED580CA6_1001_W_Wilshire_Blvd_Los_Angeles_90017,Wilshire,1001 W Wilshire Boulevard Blvd Los Angeles 90017,,,,
660659,1237406,,5143026021.0,,1009.0,,,West,,,Wilshire,Boulevard,,,,,,,,,,,,,90017.0,,Los Angeles,Los Angeles,,,,,LA City,{96E1D969-951B-4607-8511-25688D28E77A},0,,96E1D969-951B-4607-8511-25688D28E77A,Unknown,,W,,,Blvd,W Wilshire Blvd,2023/09/12 23:03:18+00,1009 W Wilshire Blvd Los Angeles 90017,96E1D969-951B-4607-8511-25688D28E77A_1009_W_Wilshire_Blvd_Los_Angeles_90017,Wilshire,1009 W Wilshire Boulevard Blvd Los Angeles 90017,,,,
660660,1237407,,5143027016.0,,1038.0,,,West,,,Wilshire,Boulevard,,,,,,,,,,,,,90017.0,,Los Angeles,Los Angeles,,,,,LA City,{E4484ED1-FBC4-4121-98C5-08F12BA18F9B},0,,E4484ED1-FBC4-4121-98C5-08F12BA18F9B,Unknown,,W,,,Blvd,W Wilshire Blvd,2023/09/12 23:03:18+00,1038 W Wilshire Blvd Los Angeles 90017,E4484ED1-FBC4-4121-98C5-08F12BA18F9B_1038_W_Wilshire_Blvd_Los_Angeles_90017,Wilshire,1038 W Wilshire Boulevard Blvd Los Angeles 90017,,,,
660661,1237408,,5143027016.0,,1080.0,,,West,,,Wilshire,Boulevard,,,,,,,,,,,,,90017.0,,Los Angeles,Los Angeles,,,,,LA City,{5323A7E4-0B6C-43BD-9EF3-1D0F5FC61C4A},0,,5323A7E4-0B6C-43BD-9EF3-1D0F5FC61C4A,Unknown,,W,,,Blvd,W Wilshire Blvd,2023/09/12 23:03:18+00,1080 W Wilshire Blvd Los Angeles 90017,5323A7E4-0B6C-43BD-9EF3-1D0F5FC61C4A_1080_W_Wilshire_Blvd_Los_Angeles_90017,Wilshire,1080 W Wilshire Boulevard Blvd Los Angeles 90017,,,,
660662,1237409,,5143027016.0,,1070.0,,,West,,,Wilshire,Boulevard,,,,,,,,,,,,,90017.0,,Los Angeles,Los Angeles,,,,,LA City,{C5A92445-F299-4FB8-B45F-42360B33D4F0},0,,C5A92445-F299-4FB8-B45F-42360B33D4F0,Unknown,,W,,,Blvd,W Wilshire Blvd,2023/09/12 23:03:18+00,1070 W Wilshire Blvd Los Angeles 90017,C5A92445-F299-4FB8-B45F-42360B33D4F0_1070_W_Wilshire_Blvd_Los_Angeles_90017,Wilshire,1070 W Wilshire Boulevard Blvd Los Angeles 90017,,,,
660663,1237410,,5143027016.0,,1090.0,,,West,,,Wilshire,Boulevard,,,,,,,,,,,,,90017.0,,Los Angeles,Los Angeles,,,,,LA City,{6AC115DC-2355-447F-9995-9B17C56A4667},0,,6AC115DC-2355-447F-9995-9B17C56A4667,Unknown,,W,,,Blvd,W Wilshire Blvd,2023/09/12 23:03:18+00,1090 W Wilshire Blvd Los Angeles 90017,6AC115DC-2355-447F-9995-9B17C56A4667_1090_W_Wilshire_Blvd_Los_Angeles_90017,Wilshire,1090 W Wilshire Boulevard Blvd Los Angeles 90017,,,,
660664,1237411,,5143027016.0,,1050.0,,,West,,,Wilshire,Boulevard,,,,,,,,,,,,,90017.0,,Los Angeles,Los Angeles,,,,,LA City,{EA503AAA-3205-40EB-892D-AF9BADAECF1E},0,,EA503AAA-3205-40EB-892D-AF9BADAECF1E,Unknown,,W,,,Blvd,W Wilshire Blvd,2023/09/12 23:03:18+00,1050 W Wilshire Blvd Los Angeles 90017,EA503AAA-3205-40EB-892D-AF9BADAECF1E_1050_W_Wilshire_Blvd_Los_Angeles_90017,Wilshire,1050 W Wilshire Boulevard Blvd Los Angeles 90017,,,,
660665,1237412,,5143027017.0,,1010.0,,,West,,,Wilshire,Boulevard,,,,,,,,,,,,,90017.0,,Los Angeles,Los Angeles,,,,,LA City,{51D8E273-F51A-4FCF-BF1E-6938A92EAE80},0,,51D8E273-F51A-4FCF-BF1E-6938A92EAE80,Unknown,,W,,,Blvd,W Wilshire Blvd,2023/09/12 23:03:18+00,1010 W Wilshire Blvd Los Angeles 90017,51D8E273-F51A-4FCF-BF1E-6938A92EAE80_1010_W_Wilshire_Blvd_Los_Angeles_90017,Wilshire,1010 W Wilshire Boulevard Blvd Los Angeles 90017,,,,
660666,1237413,,5143028019.0,,1055.0,,,West,,,7Th,Street,,,,,,,,,,,,,90017.0,,Los Angeles,Los Angeles,,,,,LA City,{0E1C8844-4A8C-4881-BE98-FAB6B769B1B0},0,,0E1C8844-4A8C-4881-BE98-FAB6B769B1B0,Unknown,,W,,,St,W 7Th St,2023/09/12 23:03:18+00,1055 W 7Th St Los Angeles 90017,0E1C8844-4A8C-4881-BE98-FAB6B769B1B0_1055_W_7Th_St_Los_Angeles_90017,7Th,1055 W 7Th Street St Los Angeles 90017,,,,
660667,1237414,,5143028022.0,,670.0,,,South,,,Bixel,Street,,,,,,,,,,,,,90017.0,,Los Angeles,Los Angeles,,,,,LA City,{AC8A10E6-626E-4A25-8732-F880F1EEC862},0,,AC8A10E6-626E-4A25-8732-F880F1EEC862,Unknown,,S,,,St,S Bixel St,2023/09/12 23:03:18+00,670 S Bixel St Los Angeles 90017,AC8A10E6-626E-4A25-8732-F880F1EEC862_670_S_Bixel_St_Los_Angeles_90017,Bixel,670 S Bixel Street St Los Angeles 90017,,,,
660668,1237415,,5143028022.0,,1050.0,,,West,,,Ingraham,Street,,,,,,,,,,,,,90017.0,,Los Angeles,Los Angeles,,,,,LA City,{DF0B6D02-465A-4412-8E1A-EA6ECC2DA5B7},0,,DF0B6D02-465A-4412-8E1A-EA6ECC2DA5B7,Unknown,,W,,,St,W Ingraham St,2023/09/12 23:03:18+00,1050 W Ingraham St Los Angeles 90017,DF0B6D02-465A-4412-8E1A-EA6ECC2DA5B7_1050_W_Ingraham_St_Los_Angeles_90017,Ingraham,1050 W Ingraham Street St Los Angeles 90017,,,,
660839,1237586,,5144004014.0,,624.0,,,South,,,Grand,Avenue,,,,,,,,,,,,,90017.0,,Los Angeles,Los Angeles,,,,,LA City,{51FF1D7A-D864-49ED-BB4F-F07ABBA30621},0,,51FF1D7A-D864-49ED-BB4F-F07ABBA30621,Unknown,,S,,,Ave,S Grand Ave,2023/09/12 23:03:18+00,624 S Grand Ave Los Angeles 90017,51FF1D7A-D864-49ED-BB4F-F07ABBA30621_624_S_Grand_Ave_Los_Angeles_90017,Grand,624 S Grand Avenue Ave Los Angeles 90017,,,,
660840,1237587,,5144004014.0,,618.0,,,South,,,Grand,Avenue,,,,,,,,,,,,,90017.0,,Los Angeles,Los Angeles,,,,,LA City,{92F1B9C9-0912-437C-B815-342D075372A4},0,,92F1B9C9-0912-437C-B815-342D075372A4,Unknown,,S,,,Ave,S Grand Ave,2023/09/12 23:03:18+00,618 S Grand Ave Los Angeles 90017,92F1B9C9-0912-437C-B815-342D075372A4_618_S_Grand_Ave_Los_Angeles_90017,Grand,618 S Grand Avenue Ave Los Angeles 90017,,,,
660850,1237597,,5144004029.0,,640.0,,,South,,,Grand,Avenue,,,,,,,,,,,,,90017.0,,Los Angeles,Los Angeles,,,,,LA City,{FCFED681-9F79-4BF9-A8BF-D19EA2F44755},0,,FCFED681-9F79-4BF9-A8BF-D19EA2F44755,Unknown,,S,,,Ave,S Grand Ave,2023/09/12 23:03:18+00,640 S Grand Ave Los Angeles 90017,FCFED681-9F79-4BF9-A8BF-D19EA2F44755_640_S_Grand_Ave_Los_Angeles_90017,Grand,640 S Grand Avenue Ave Los Angeles 90017,,,,
660867,1237614,,5144005021.0,,611.0,,,West,,,Wilshire,Boulevard,,,,,,,,,,,,,90017.0,,Los Angeles,Los Angeles,,,,,LA City,{DFDEE844-37D9-45FE-8C7D-0C6C4792F53F},0,,DFDEE844-37D9-45FE-8C7D-0C6C4792F53F,Unknown,,W,,,Blvd,W Wilshire Blvd,2023/09/12 23:03:18+00,611 W Wilshire Blvd Los Angeles 90017,DFDEE844-37D9-45FE-8C7D-0C6C4792F53F_611_W_Wilshire_Blvd_Los_Angeles_90017,Wilshire,611 W Wilshire Boulevard Blvd Los Angeles 90017,,,,
660868,1237615,,5144005021.0,,619.0,,,South,,,Grand,Avenue,,,,,,,,,,,,,90017.0,,Los Angeles,Los Angeles,,,,,LA City,{A1384146-ABCA-4063-968C-7E644D780C29},0,,A1384146-ABCA-4063-968C-7E644D780C29,Unknown,,S,,,Ave,S Grand Ave,2023/09/12 23:03:18+00,619 S Grand Ave Los Angeles 90017,A1384146-ABCA-4063-968C-7E644D780C29_619_S_Grand_Ave_Los_Angeles_90017,Grand,619 S Grand Avenue Ave Los Angeles 90017,,,,
660869,1237616,,5144005021.0,,601.0,,,West,,,Wilshire,Boulevard,,,,,,,,,,,,,90017.0,,Los Angeles,Los Angeles,,,,,LA City,{1DEE8A25-FE06-422F-81DA-10FFA8D54396},0,,1DEE8A25-FE06-422F-81DA-10FFA8D54396,Unknown,,W,,,Blvd,W Wilshire Blvd,2023/09/12 23:03:18+00,601 W Wilshire Blvd Los Angeles 90017,1DEE8A25-FE06-422F-81DA-10FFA8D54396_601_W_Wilshire_Blvd_Los_Angeles_90017,Wilshire,601 W Wilshire Boulevard Blvd Los Angeles 90017,,,,
660870,1237617,,5144005023.0,,614.0,,,West,,,6Th,Street,,,,,,,,,,,,,90017.0,,Los Angeles,Los Angeles,,,,,LA City,{E4E5AFC5-F558-4777-8023-32F00ED88ABA},0,,E4E5AFC5-F558-4777-8023-32F00ED88ABA,Unknown,,W,,,St,W 6Th St,2023/09/12 23:03:18+00,614 W 6Th St Los Angeles 90017,E4E5AFC5-F558-4777-8023-32F00ED88ABA_614_W_6Th_St_Los_Angeles_90017,6Th,614 W 6Th Street St Los Angeles 90017,,,,
660871,1237618,,5144005023.0,,612.0,,,West,,,6Th,Street,,,,,,,,,,,,,90017.0,,Los Angeles,Los Angeles,,,,,LA City,{490E96EB-981B-4988-AE71-53BA8BBCF06D},0,,490E96EB-981B-4988-AE71-53BA8BBCF06D,Unknown,,W,,,St,W 6Th St,2023/09/12 23:03:18+00,612 W 6Th St Los Angeles 90017,490E96EB-981B-4988-AE71-53BA8BBCF06D_612_W_6Th_St_Los_Angeles_90017,6Th,612 W 6Th Street St Los Angeles 90017,,,,
660872,1237619,,5144005031.0,,637.0,,,West,,,Wilshire,Boulevard,,,,,,,,,,,,,90017.0,,Los Angeles,Los Angeles,,,,,LA City,{23B92E68-1E4A-4D9D-8FF9-59B17F050FEC},0,,23B92E68-1E4A-4D9D-8FF9-59B17F050FEC,Unknown,,W,,,Blvd,W Wilshire Blvd,2023/09/12 23:03:18+00,637 W Wilshire Blvd Los Angeles 90017,23B92E68-1E4A-4D9D-8FF9-59B17F050FEC_637_W_Wilshire_Blvd_Los_Angeles_90017,Wilshire,637 W Wilshire Boulevard Blvd Los Angeles 90017,,,,
660873,1237620,,5144005033.0,,630.0,,,West,,,6Th,Street,,,,,,,,,,,,,90017.0,,Los Angeles,Los Angeles,,,,,LA City,{B8D7200D-972C-4CF7-A1D0-81D79867075B},0,,B8D7200D-972C-4CF7-A1D0-81D79867075B,Unknown,,W,,,St,W 6Th St,2023/09/12 23:03:18+00,630 W 6Th St Los Angeles 90017,B8D7200D-972C-4CF7-A1D0-81D79867075B_630_W_6Th_St_Los_Angeles_90017,6Th,630 W 6Th Street St Los Angeles 90017,,,,
660874,1237621,,5144005124.0,,731.0,,,West,,,Wilshire,Boulevard,,,,,,,,,,,,,90017.0,,Los Angeles,Los Angeles,,,,,LA City,{8B26D752-C96A-4191-AD8E-26B05CD9CF36},0,,8B26D752-C96A-4191-AD8E-26B05CD9CF36,Unknown,,W,,,Blvd,W Wilshire Blvd,2023/09/12 23:03:18+00,731 W Wilshire Blvd Los Angeles 90017,8B26D752-C96A-4191-AD8E-26B05CD9CF36_731_W_Wilshire_Blvd_Los_Angeles_90017,Wilshire,731 W Wilshire Boulevard Blvd Los Angeles 90017,,,,
660875,1237622,,5144005124.0,,740.0,,,West,,,6Th,Street,,,,,,,,,,,,,90017.0,,Los Angeles,Los Angeles,,,,,LA City,{4819CC56-7B82-4223-A39C-2830F779026D},0,,4819CC56-7B82-4223-A39C-2830F779026D,Unknown,,W,,,St,W 6Th St,2023/09/12 23:03:18+00,740 W 6Th St Los Angeles 90017,4819CC56-7B82-4223-A39C-2830F779026D_740_W_6Th_St_Los_Angeles_90017,6Th,740 W 6Th Street St Los Angeles 90017,,,,
660876,1237623,,5144005124.0,,726.0,,,West,,,6Th,Street,,,,,,,,,,,,,90017.0,,Los Angeles,Los Angeles,,,,,LA City,{D69F9F03-EAF7-4E30-AA43-6823197BCEF6},0,,D69F9F03-EAF7-4E30-AA43-6823197BCEF6,Unknown,,W,,,St,W 6Th St,2023/09/12 23:03:18+00,726 W 6Th St Los Angeles 90017,D69F9F03-EAF7-4E30-AA43-6823197BCEF6_726_W_6Th_St_Los_Angeles_90017,6Th,726 W 6Th Street St Los Angeles 90017,,,,
660877,1237624,,5144005124.0,,736.0,,,West,,,6Th,Street,,,,,,,,,,,,,90017.0,,Los Angeles,Los Angeles,,,,,LA City,{0A0630EA-05A8-430F-A774-3898733C5FF9},0,,0A0630EA-05A8-430F-A774-3898733C5FF9,Unknown,,W,,,St,W 6Th St,2023/09/12 23:03:18+00,736 W 6Th St Los Angeles 90017,0A0630EA-05A8-430F-A774-3898733C5FF9_736_W_6Th_St_Los_Angeles_90017,6Th,736 W 6Th Street St Los Angeles 90017,,,,
660878,1237625,,5144005124.0,,728.0,,,West,,,6Th,Street,,,,,,,,,,,,,90017.0,,Los Angeles,Los Angeles,,,,,LA City,{15C84B97-59C1-48DA-84E4-85CBC0BF2CCF},0,,15C84B97-59C1-48DA-84E4-85CBC0BF2CCF,Unknown,,W,,,St,W 6Th St,2023/09/12 23:03:18+00,728 W 6Th St Los Angeles 90017,15C84B97-59C1-48DA-84E4-85CBC0BF2CCF_728_W_6Th_St_Los_Angeles_90017,6Th,728 W 6Th Street St Los Angeles 90017,,,,
660879,1237626,,5144005124.0,,730.0,,,West,,,6Th,Street,,,,,,,,,,,,,90017.0,,Los Angeles,Los Angeles,,,,,LA City,{5DB82499-64B9-45DB-86A9-0E0B261AC95A},0,,5DB82499-64B9-45DB-86A9-0E0B261AC95A,Unknown,,W,,,St,W 6Th St,2023/09/12 23:03:18+00,730 W 6Th St Los Angeles 90017,5DB82499-64B9-45DB-86A9-0E0B261AC95A_730_W_6Th_St_Los_Angeles_90017,6Th,730 W 6Th Street St Los Angeles 90017,,,,
660880,1237627,,5144005124.0,,732.0,,,West,,,6Th,Street,,,,,,,,,,,,,90017.0,,Los Angeles,Los Angeles,,,,,LA City,{963F38B0-A5BB-415B-A960-4D60F282219B},0,,963F38B0-A5BB-415B-A960-4D60F282219B,Unknown,,W,,,St,W 6Th St,2023/09/12 23:03:18+00,732 W 6Th St Los Angeles 90017,963F38B0-A5BB-415B-A960-4D60F282219B_732_W_6Th_St_Los_Angeles_90017,6Th,732 W 6Th Street St Los Angeles 90017,,,,
660881,1237628,,5144005124.0,,724.0,,,West,,,6Th,Street,,,,,,,,,,,,,90017.0,,Los Angeles,Los Angeles,,,,,LA City,{C68ABC62-D7FF-40E1-A0C7-03513914CBCC},0,,C68ABC62-D7FF-40E1-A0C7-03513914CBCC,Unknown,,W,,,St,W 6Th St,2023/09/12 23:03:18+00,724 W 6Th St Los Angeles 90017,C68ABC62-D7FF-40E1-A0C7-03513914CBCC_724_W_6Th_St_Los_Angeles_90017,6Th,724 W 6Th Street St Los Angeles 90017,,,,
660882,1237629,,5144005125.0,,605.0,,,South,,,Grand,Avenue,,,,,,,,,,,,,90017.0,,Los Angeles,Los Angeles,,,,,LA City,{5EEE0A05-2E37-46D1-921A-197F285DDAA2},0,,5EEE0A05-2E37-46D1-921A-197F285DDAA2,Unknown,,S,,,Ave,S Grand Ave,2023/09/12 23:03:18+00,605 S Grand Ave Los Angeles 90017,5EEE0A05-2E37-46D1-921A-197F285DDAA2_605_S_Grand_Ave_Los_Angeles_90017,Grand,605 S Grand Avenue Ave Los Angeles 90017,,,,
660883,1237630,,5144005125.0,,608.0,,,West,,,6Th,Street,,,,,,,,,,,,,90017.0,,Los Angeles,Los Angeles,,,,,LA City,{BD60FA0F-CD8A-44CD-BD56-CE422EE170DD},0,,BD60FA0F-CD8A-44CD-BD56-CE422EE170DD,Unknown,,W,,,St,W 6Th St,2023/09/12 23:03:18+00,608 W 6Th St Los Angeles 90017,BD60FA0F-CD8A-44CD-BD56-CE422EE170DD_608_W_6Th_St_Los_Angeles_90017,6Th,608 W 6Th Street St Los Angeles 90017,,,,
660884,1237631,,5144005125.0,,609.0,,,South,,,Grand,Avenue,,,,,,,,,,,,,90017.0,,Los Angeles,Los Angeles,,,,,LA City,{783D928C-DF26-4AEF-8DFB-6C033A6785CA},0,,783D928C-DF26-4AEF-8DFB-6C033A6785CA,Unknown,,S,,,Ave,S Grand Ave,2023/09/12 23:03:18+00,609 S Grand Ave Los Angeles 90017,783D928C-DF26-4AEF-8DFB-6C033A6785CA_609_S_Grand_Ave_Los_Angeles_90017,Grand,609 S Grand Avenue Ave Los Angeles 90017,,,,
660885,1237632,,5144005125.0,,602.0,,,West,,,6Th,Street,,,,,,,,,,,,,90017.0,,Los Angeles,Los Angeles,,,,,LA City,{70F02298-BC85-44AF-AE2E-9780B2FDECB3},0,,70F02298-BC85-44AF-AE2E-9780B2FDECB3,Unknown,,W,,,St,W 6Th St,2023/09/12 23:03:18+00,602 W 6Th St Los Angeles 90017,70F02298-BC85-44AF-AE2E-9780B2FDECB3_602_W_6Th_St_Los_Angeles_90017,6Th,602 W 6Th Street St Los Angeles 90017,,,,
660886,1237633,,5144005125.0,,604.0,,,West,,,6Th,Street,,,,,,,,,,,,,90017.0,,Los Angeles,Los Angeles,,,,,LA City,{122FA335-5B35-4719-959D-2724127DF0FD},0,,122FA335-5B35-4719-959D-2724127DF0FD,Unknown,,W,,,St,W 6Th St,2023/09/12 23:03:18+00,604 W 6Th St Los Angeles 90017,122FA335-5B35-4719-959D-2724127DF0FD_604_W_6Th_St_Los_Angeles_90017,6Th,604 W 6Th Street St Los Angeles 90017,,,,
660887,1237634,,5144005125.0,,610.0,,,West,,,6Th,Street,,,,,,,,,,,,,90017.0,,Los Angeles,Los Angeles,,,,,LA City,{152BF93F-E11B-4045-A5FE-108DFD6EDAF0},0,,152BF93F-E11B-4045-A5FE-108DFD6EDAF0,Unknown,,W,,,St,W 6Th St,2023/09/12 23:03:18+00,610 W 6Th St Los Angeles 90017,152BF93F-E11B-4045-A5FE-108DFD6EDAF0_610_W_6Th_St_Los_Angeles_90017,6Th,610 W 6Th Street St Los Angeles 90017,,,,
660888,1237635,,5144005125.0,,606.0,,,West,,,6Th,Street,,,,,,,,,,,,,90017.0,,Los Angeles,Los Angeles,,,,,LA City,{36B0755C-1AD3-40F9-8E9A-4D6E22476B3C},0,,36B0755C-1AD3-40F9-8E9A-4D6E22476B3C,Unknown,,W,,,St,W 6Th St,2023/09/12 23:03:18+00,606 W 6Th St Los Angeles 90017,36B0755C-1AD3-40F9-8E9A-4D6E22476B3C_606_W_6Th_St_Los_Angeles_90017,6Th,606 W 6Th Street St Los Angeles 90017,,,,
660889,1237636,,5144005125.0,,601.0,,,South,,,Grand,Avenue,,,,,,,,,,,,,90017.0,,Los Angeles,Los Angeles,,,,,LA City,{29A07A05-FB96-4CEF-A6D5-CE3D149E7DF8},0,,29A07A05-FB96-4CEF-A6D5-CE3D149E7DF8,Unknown,,S,,,Ave,S Grand Ave,2023/09/12 23:03:18+00,601 S Grand Ave Los Angeles 90017,29A07A05-FB96-4CEF-A6D5-CE3D149E7DF8_601_S_Grand_Ave_Los_Angeles_90017,Grand,601 S Grand Avenue Ave Los Angeles 90017,,,,
660890,1237637,,5144005400.0,,623.0,,,South,,,Hope,Street,,,,,,,,,,,,,90017.0,,Los Angeles,Los Angeles,,,,,LA City,{632B0E6C-01B6-4627-B481-B6358D7ECD9D},0,,632B0E6C-01B6-4627-B481-B6358D7ECD9D,Unknown,,S,,,St,S Hope St,2023/09/12 23:03:18+00,623 S Hope St Los Angeles 90017,632B0E6C-01B6-4627-B481-B6358D7ECD9D_623_S_Hope_St_Los_Angeles_90017,Hope,623 S Hope Street St Los Angeles 90017,,,,
660891,1237638,,5144005400.0,,707.0,,,West,,,Wilshire,Boulevard,,,,,,,,,,,,,90017.0,,Los Angeles,Los Angeles,,,,,LA City,{0F1AA8F0-4548-42A3-93C5-F9D1560904DE},0,,0F1AA8F0-4548-42A3-93C5-F9D1560904DE,Unknown,,W,,,Blvd,W Wilshire Blvd,2023/09/12 23:03:18+00,707 W Wilshire Blvd Los Angeles 90017,0F1AA8F0-4548-42A3-93C5-F9D1560904DE_707_W_Wilshire_Blvd_Los_Angeles_90017,Wilshire,707 W Wilshire Boulevard Blvd Los Angeles 90017,,,,
660892,1237639,,5144005400.0,,621.0,,,South,,,Hope,Street,,,,,,,,,,,,,90017.0,,Los Angeles,Los Angeles,,,,,LA City,{862C2B3A-ECE1-48E5-9DDC-1C253CF87166},0,,862C2B3A-ECE1-48E5-9DDC-1C253CF87166,Unknown,,S,,,St,S Hope St,2023/09/12 23:03:18+00,621 S Hope St Los Angeles 90017,862C2B3A-ECE1-48E5-9DDC-1C253CF87166_621_S_Hope_St_Los_Angeles_90017,Hope,621 S Hope Street St Los Angeles 90017,,,,
660893,1237640,,5144005400.0,,617.0,,,South,,,Hope,Street,,,,,,,,,,,,,90017.0,,Los Angeles,Los Angeles,,,,,LA City,{FF37216C-801E-4691-B0B2-A3F1A70C3404},0,,FF37216C-801E-4691-B0B2-A3F1A70C3404,Unknown,,S,,,St,S Hope St,2023/09/12 23:03:18+00,617 S Hope St Los Angeles 90017,FF37216C-801E-4691-B0B2-A3F1A70C3404_617_S_Hope_St_Los_Angeles_90017,Hope,617 S Hope Street St Los Angeles 90017,,,,
660894,1237641,,5144005400.0,,605.0,,,South,,,Hope,Street,,,,,,,,,,,,,90017.0,,Los Angeles,Los Angeles,,,,,LA City,{088699E0-7900-4C46-AAAC-63C6B73A57D0},0,,088699E0-7900-4C46-AAAC-63C6B73A57D0,Unknown,,S,,,St,S Hope St,2023/09/12 23:03:18+00,605 S Hope St Los Angeles 90017,088699E0-7900-4C46-AAAC-63C6B73A57D0_605_S_Hope_St_Los_Angeles_90017,Hope,605 S Hope Street St Los Angeles 90017,,,,
660895,1237642,,5144006020.0,,710.0,,,West,,,Wilshire,Boulevard,,,,,,,,,,,,,90017.0,,Los Angeles,Los Angeles,,,,,LA City,{5DFB280B-2C99-4D71-9B7E-81901ADD16A5},0,,5DFB280B-2C99-4D71-9B7E-81901ADD16A5,Unknown,,W,,,Blvd,W Wilshire Blvd,2023/09/12 23:03:18+00,710 W Wilshire Blvd Los Angeles 90017,5DFB280B-2C99-4D71-9B7E-81901ADD16A5_710_W_Wilshire_Blvd_Los_Angeles_90017,Wilshire,710 W Wilshire Boulevard Blvd Los Angeles 90017,,,,
660896,1237643,,5144006020.0,,700.0,,,West,,,Wilshire,Boulevard,,,,,,,,,,,,,90017.0,,Los Angeles,Los Angeles,,,,,LA City,{40E5AC88-EAFC-4EBF-BA9B-EFBE45A94C6E},0,,40E5AC88-EAFC-4EBF-BA9B-EFBE45A94C6E,Unknown,,W,,,Blvd,W Wilshire Blvd,2023/09/12 23:03:18+00,700 W Wilshire Blvd Los Angeles 90017,40E5AC88-EAFC-4EBF-BA9B-EFBE45A94C6E_700_W_Wilshire_Blvd_Los_Angeles_90017,Wilshire,700 W Wilshire Boulevard Blvd Los Angeles 90017,,,,
660897,1237644,,5144006023.0,,611.0,,,West,,,7Th,Street,,,,,,,,,,,,,90017.0,,Los Angeles,Los Angeles,,,,,LA City,{DB4682D5-DBEC-4977-9735-CBEC3A924A44},0,,DB4682D5-DBEC-4977-9735-CBEC3A924A44,Unknown,,W,,,St,W 7Th St,2023/09/12 23:03:18+00,611 W 7Th St Los Angeles 90017,DB4682D5-DBEC-4977-9735-CBEC3A924A44_611_W_7Th_St_Los_Angeles_90017,7Th,611 W 7Th Street St Los Angeles 90017,,,,
660898,1237645,,5144006023.0,,613.0,,,West,,,7Th,Street,,,,,,,,,,,,,90017.0,,Los Angeles,Los Angeles,,,,,LA City,{16C9B0D7-A006-41E1-85B6-18555571E021},0,,16C9B0D7-A006-41E1-85B6-18555571E021,Unknown,,W,,,St,W 7Th St,2023/09/12 23:03:18+00,613 W 7Th St Los Angeles 90017,16C9B0D7-A006-41E1-85B6-18555571E021_613_W_7Th_St_Los_Angeles_90017,7Th,613 W 7Th Street St Los Angeles 90017,,,,
660899,1237646,,5144006023.0,,609.0,,,West,,,7Th,Street,,,,,,,,,,,,,90017.0,,Los Angeles,Los Angeles,,,,,LA City,{7DACF296-8469-4E5A-BA91-E179695CE2D3},0,,7DACF296-8469-4E5A-BA91-E179695CE2D3,Unknown,,W,,,St,W 7Th St,2023/09/12 23:03:18+00,609 W 7Th St Los Angeles 90017,7DACF296-8469-4E5A-BA91-E179695CE2D3_609_W_7Th_St_Los_Angeles_90017,7Th,609 W 7Th Street St Los Angeles 90017,,,,
660900,1237647,,5144006024.0,,623.0,,,West,,,7Th,Street,,,,,,,,,,,,,90017.0,,Los Angeles,Los Angeles,,,,,LA City,{AA81965D-8F24-48F5-9FEB-62DE223CB0C6},0,,AA81965D-8F24-48F5-9FEB-62DE223CB0C6,Unknown,,W,,,St,W 7Th St,2023/09/12 23:03:18+00,623 W 7Th St Los Angeles 90017,AA81965D-8F24-48F5-9FEB-62DE223CB0C6_623_W_7Th_St_Los_Angeles_90017,7Th,623 W 7Th Street St Los Angeles 90017,,,,
660901,1237648,,5144006024.0,,617.0,,,West,,,7Th,Street,,,,,,,,,,,,,90017.0,,Los Angeles,Los Angeles,,,,,LA City,{F33FD7C1-F2E7-4B6D-9A40-924212CCAC3F},0,,F33FD7C1-F2E7-4B6D-9A40-924212CCAC3F,Unknown,,W,,,St,W 7Th St,2023/09/12 23:03:18+00,617 W 7Th St Los Angeles 90017,F33FD7C1-F2E7-4B6D-9A40-924212CCAC3F_617_W_7Th_St_Los_Angeles_90017,7Th,617 W 7Th Street St Los Angeles 90017,,,,
660902,1237649,,5144006024.0,,635.0,,,West,,,7Th,Street,,,,,,,,,,,,,90017.0,,Los Angeles,Los Angeles,,,,,LA City,{5B6DB6DC-A894-4BD3-974E-CBF841FF6B1A},0,,5B6DB6DC-A894-4BD3-974E-CBF841FF6B1A,Unknown,,W,,,St,W 7Th St,2023/09/12 23:03:18+00,635 W 7Th St Los Angeles 90017,5B6DB6DC-A894-4BD3-974E-CBF841FF6B1A_635_W_7Th_St_Los_Angeles_90017,7Th,635 W 7Th Street St Los Angeles 90017,,,,
660903,1237650,,5144006024.0,,619.0,,,West,,,7Th,Street,,,,,,,,,,,,,90017.0,,Los Angeles,Los Angeles,,,,,LA City,{817C8D3A-6740-46AC-AEA8-76C9451C3B02},0,,817C8D3A-6740-46AC-AEA8-76C9451C3B02,Unknown,,W,,,St,W 7Th St,2023/09/12 23:03:18+00,619 W 7Th St Los Angeles 90017,817C8D3A-6740-46AC-AEA8-76C9451C3B02_619_W_7Th_St_Los_Angeles_90017,7Th,619 W 7Th Street St Los Angeles 90017,,,,
660904,1237651,,5144006024.0,,615.0,1/2,,West,,,7Th,Street,,,,,,,,,,,,,90017.0,,Los Angeles,Los Angeles,,,,,LA City,{349BAC65-4AA9-4C85-8C03-555C8BB8B206},0,,349BAC65-4AA9-4C85-8C03-555C8BB8B206,Unknown,,W,,,St,W 7Th St,2024/05/12 21:05:27+00,615 1/2 W 7Th St Los Angeles 90017,349BAC65-4AA9-4C85-8C03-555C8BB8B206_615_1/2_W_7Th_St_Los_Angeles_90017,7Th,615 1/2 W 7Th Street St Los Angeles 90017,,,,
660905,1237652,,5144006024.0,,615.0,,,West,,,7Th,Street,,,,,,,,,,,,,90017.0,,Los Angeles,Los Angeles,,,,,LA City,{33335E1F-CDD6-4745-B647-20C5B27980D3},0,,33335E1F-CDD6-4745-B647-20C5B27980D3,Unknown,,W,,,St,W 7Th St,2024/05/12 21:05:27+00,615 W 7Th St Los Angeles 90017,33335E1F-CDD6-4745-B647-20C5B27980D3_615_W_7Th_St_Los_Angeles_90017,7Th,615 W 7Th Street St Los Angeles 90017,,,,
660906,1237653,,5144006025.0,,626.0,,,West,,,Wilshire,Boulevard,,,,,,,,,,,,,90017.0,,Los Angeles,Los Angeles,,,,,LA City,{A36F5FE5-BBFE-48DF-910C-22ADE26A9F97},0,,A36F5FE5-BBFE-48DF-910C-22ADE26A9F97,Unknown,,W,,,Blvd,W Wilshire Blvd,2023/09/12 23:03:18+00,626 W Wilshire Blvd Los Angeles 90017,A36F5FE5-BBFE-48DF-910C-22ADE26A9F97_626_W_Wilshire_Blvd_Los_Angeles_90017,Wilshire,626 W Wilshire Boulevard Blvd Los Angeles 90017,,,,
660907,1237654,,5144006028.0,,600.0,,,West,,,Wilshire,Boulevard,,,,,,,,,,,,,90017.0,,Los Angeles,Los Angeles,,,,,LA City,{49B5A153-F819-438D-941B-3088E4D5CD45},0,,49B5A153-F819-438D-941B-3088E4D5CD45,Unknown,,W,,,Blvd,W Wilshire Blvd,2023/09/12 23:03:18+00,600 W Wilshire Blvd Los Angeles 90017,49B5A153-F819-438D-941B-3088E4D5CD45_600_W_Wilshire_Blvd_Los_Angeles_90017,Wilshire,600 W Wilshire Boulevard Blvd Los Angeles 90017,,,,
660908,1237655,,5144006028.0,,601.0,,,West,,,7Th,Street,,,,,,,,,,,,,90017.0,,Los Angeles,Los Angeles,,,,,LA City,{0EE903CB-D252-4375-8FF2-0B4C74694FF5},0,,0EE903CB-D252-4375-8FF2-0B4C74694FF5,Unknown,,W,,,St,W 7Th St,2023/09/12 23:03:18+00,601 W 7Th St Los Angeles 90017,0EE903CB-D252-4375-8FF2-0B4C74694FF5_601_W_7Th_St_Los_Angeles_90017,7Th,601 W 7Th Street St Los Angeles 90017,,,,
660909,1237656,,5144006028.0,,607.0,,,West,,,7Th,Street,,,,,,,,,,,,,90017.0,,Los Angeles,Los Angeles,,,,,LA City,{F200691B-E04F-4907-9509-D9A1CF6E2D8D},0,,F200691B-E04F-4907-9509-D9A1CF6E2D8D,Unknown,,W,,,St,W 7Th St,2023/09/12 23:03:18+00,607 W 7Th St Los Angeles 90017,F200691B-E04F-4907-9509-D9A1CF6E2D8D_607_W_7Th_St_Los_Angeles_90017,7Th,607 W 7Th Street St Los Angeles 90017,,,,
660910,1237657,,5144006028.0,,603.0,,,West,,,7Th,Street,,,,,,,,,,,,,90017.0,,Los Angeles,Los Angeles,,,,,LA City,{3345C772-521A-48E6-B5BF-9F2DB2FD3382},0,,3345C772-521A-48E6-B5BF-9F2DB2FD3382,Unknown,,W,,,St,W 7Th St,2023/09/12 23:03:18+00,603 W 7Th St Los Angeles 90017,3345C772-521A-48E6-B5BF-9F2DB2FD3382_603_W_7Th_St_Los_Angeles_90017,7Th,603 W 7Th Street St Los Angeles 90017,,,,
660911,1237658,,5144006028.0,,605.0,,,West,,,7Th,Street,,,,,,,,,,,,,90017.0,,Los Angeles,Los Angeles,,,,,LA City,{4719AE71-8A99-4E70-B3E7-634FB8351A69},0,,4719AE71-8A99-4E70-B3E7-634FB8351A69,Unknown,,W,,,St,W 7Th St,2023/09/12 23:03:18+00,605 W 7Th St Los Angeles 90017,4719AE71-8A99-4E70-B3E7-634FB8351A69_605_W_7Th_St_Los_Angeles_90017,7Th,605 W 7Th Street St Los Angeles 90017,,,,
660912,1237659,,5144006028.0,,610.0,,,West,,,Wilshire,Boulevard,,,,,,,,,,,,,90017.0,,Los Angeles,Los Angeles,,,,,LA City,{3962BC44-48F7-42E5-A293-8D928EB2ACF7},0,,3962BC44-48F7-42E5-A293-8D928EB2ACF7,Unknown,,W,,,Blvd,W Wilshire Blvd,2023/09/12 23:03:18+00,610 W Wilshire Blvd Los Angeles 90017,3962BC44-48F7-42E5-A293-8D928EB2ACF7_610_W_Wilshire_Blvd_Los_Angeles_90017,Wilshire,610 W Wilshire Boulevard Blvd Los Angeles 90017,,,,
660913,1237660,,5144006031.0,,703.0,,,West,,,7Th,Street,,,,,,,,,,,,,90017.0,,Los Angeles,Los Angeles,,,,,LA City,{5F0CDC96-6FC9-4A76-BCF5-89CE809C65C1},0,,5F0CDC96-6FC9-4A76-BCF5-89CE809C65C1,Unknown,,W,,,St,W 7Th St,2023/09/12 23:03:18+00,703 W 7Th St Los Angeles 90017,5F0CDC96-6FC9-4A76-BCF5-89CE809C65C1_703_W_7Th_St_Los_Angeles_90017,7Th,703 W 7Th Street St Los Angeles 90017,,,,
660914,1237661,,5144006031.0,,705.0,,,West,,,7Th,Street,,,,,,,,,,,,,90017.0,,Los Angeles,Los Angeles,,,,,LA City,{EA43612B-9FEF-40BB-9FC4-5A192F6A156A},0,,EA43612B-9FEF-40BB-9FC4-5A192F6A156A,Unknown,,W,,,St,W 7Th St,2023/09/12 23:03:18+00,705 W 7Th St Los Angeles 90017,EA43612B-9FEF-40BB-9FC4-5A192F6A156A_705_W_7Th_St_Los_Angeles_90017,7Th,705 W 7Th Street St Los Angeles 90017,,,,
660915,1237662,,5144006031.0,,701.0,,,West,,,7Th,Street,,,,,,,,,,,,,90017.0,,Los Angeles,Los Angeles,,,,,LA City,{E5F1FB15-2550-47D3-BCFA-5EC3AACCC6A6},0,,E5F1FB15-2550-47D3-BCFA-5EC3AACCC6A6,Unknown,,W,,,St,W 7Th St,2023/09/12 23:03:18+00,701 W 7Th St Los Angeles 90017,E5F1FB15-2550-47D3-BCFA-5EC3AACCC6A6_701_W_7Th_St_Los_Angeles_90017,7Th,701 W 7Th Street St Los Angeles 90017,,,,
660916,1237663,,5144006031.0,,707.0,,,West,,,7Th,Street,,,,,,,,,,,,,90017.0,,Los Angeles,Los Angeles,,,,,LA City,{713B7BCB-98CF-4511-B27F-92A1C1B0078E},0,,713B7BCB-98CF-4511-B27F-92A1C1B0078E,Unknown,,W,,,St,W 7Th St,2023/09/12 23:03:18+00,707 W 7Th St Los Angeles 90017,713B7BCB-98CF-4511-B27F-92A1C1B0078E_707_W_7Th_St_Los_Angeles_90017,7Th,707 W 7Th Street St Los Angeles 90017,,,,
660917,1237664,,5144006031.0,,655.0,,,South,,,Hope,Street,,,,,,,,,,,,1-80,90017.0,,Los Angeles,Los Angeles,,,,,LA City,{F685C7CB-771E-469F-B570-C96133DB388C},0,,F685C7CB-771E-469F-B570-C96133DB388C,Unknown,,S,,,St,S Hope St,2023/09/12 23:03:18+00,655 S Hope St 1-80 Los Angeles 90017,F685C7CB-771E-469F-B570-C96133DB388C_655_S_Hope_St_1-80_Los_Angeles_90017,Hope,655 S Hope Street St 1-80 Los Angeles 90017,,,,
660918,1237665,,5144006900.0,,718.0,,,West,,,Wilshire,Boulevard,,,,,,,,,,,,,90017.0,,Los Angeles,Los Angeles,,,,,LA City,{74C1EC57-8F94-4D8F-9956-AFD1D912E748},0,,74C1EC57-8F94-4D8F-9956-AFD1D912E748,Unknown,,W,,,Blvd,W Wilshire Blvd,2023/09/12 23:03:18+00,718 W Wilshire Blvd Los Angeles 90017,74C1EC57-8F94-4D8F-9956-AFD1D912E748_718_W_Wilshire_Blvd_Los_Angeles_90017,Wilshire,718 W Wilshire Boulevard Blvd Los Angeles 90017,,,,
660919,1237666,,5144006900.0,,770.0,,,West,,,Wilshire,Boulevard,,,,,,,,,,,,,90017.0,,Los Angeles,Los Angeles,,,,,LA City,{E9C5B9A6-581D-4BE2-9E97-0D77D0311753},0,,E9C5B9A6-581D-4BE2-9E97-0D77D0311753,Unknown,,W,,,Blvd,W Wilshire Blvd,2023/09/12 23:03:18+00,770 W Wilshire Blvd Los Angeles 90017,E9C5B9A6-581D-4BE2-9E97-0D77D0311753_770_W_Wilshire_Blvd_Los_Angeles_90017,Wilshire,770 W Wilshire Boulevard Blvd Los Angeles 90017,,,,
660920,1237667,,5144007023.0,,615.0,,,South,,,Flower,Street,,,,,,,,,,,,,90017.0,,Los Angeles,Los Angeles,,,,,LA City,{B2EE4B35-12F5-4246-AFF6-E45D1BDAEB44},0,,B2EE4B35-12F5-4246-AFF6-E45D1BDAEB44,Unknown,,S,,,St,S Flower St,2023/09/12 23:03:18+00,615 S Flower St Los Angeles 90017,B2EE4B35-12F5-4246-AFF6-E45D1BDAEB44_615_S_Flower_St_Los_Angeles_90017,Flower,615 S Flower Street St Los Angeles 90017,,,,
660921,1237668,,5144007023.0,,805.0,,,West,,,Wilshire,Boulevard,,,,,,,,,,,,,90017.0,,Los Angeles,Los Angeles,,,,,LA City,{D760BA47-52F4-437D-BD64-415438DEAA3D},0,,D760BA47-52F4-437D-BD64-415438DEAA3D,Unknown,,W,,,Blvd,W Wilshire Blvd,2023/09/12 23:03:18+00,805 W Wilshire Blvd Los Angeles 90017,D760BA47-52F4-437D-BD64-415438DEAA3D_805_W_Wilshire_Blvd_Los_Angeles_90017,Wilshire,805 W Wilshire Boulevard Blvd Los Angeles 90017,,,,
660922,1237669,,5144007023.0,,809.0,,,West,,,Wilshire,Boulevard,,,,,,,,,,,,,90017.0,,Los Angeles,Los Angeles,,,,,LA City,{6F46B997-ADF1-443A-BD68-882BE40B7EF6},0,,6F46B997-ADF1-443A-BD68-882BE40B7EF6,Unknown,,W,,,Blvd,W Wilshire Blvd,2023/09/12 23:03:18+00,809 W Wilshire Blvd Los Angeles 90017,6F46B997-ADF1-443A-BD68-882BE40B7EF6_809_W_Wilshire_Blvd_Los_Angeles_90017,Wilshire,809 W Wilshire Boulevard Blvd Los Angeles 90017,,,,
660923,1237670,,5144007023.0,,811.0,,,West,,,Wilshire,Boulevard,,,,,,,,,,,,,90017.0,,Los Angeles,Los Angeles,,,,,LA City,{46C60778-5746-41E4-8973-B6F96ABEF3A5},0,,46C60778-5746-41E4-8973-B6F96ABEF3A5,Unknown,,W,,,Blvd,W Wilshire Blvd,2023/09/12 23:03:18+00,811 W Wilshire Blvd Los Angeles 90017,46C60778-5746-41E4-8973-B6F96ABEF3A5_811_W_Wilshire_Blvd_Los_Angeles_90017,Wilshire,811 W Wilshire Boulevard Blvd Los Angeles 90017,,,,
660924,1237671,,5144007025.0,,839.0,,,West,,,Wilshire,Boulevard,,,,,,,,,,,,,90017.0,,Los Angeles,Los Angeles,,,,,LA City,{AFC72738-7341-4829-B5C0-0177861B4C5C},0,,AFC72738-7341-4829-B5C0-0177861B4C5C,Unknown,,W,,,Blvd,W Wilshire Blvd,2023/09/12 23:03:18+00,839 W Wilshire Blvd Los Angeles 90017,AFC72738-7341-4829-B5C0-0177861B4C5C_839_W_Wilshire_Blvd_Los_Angeles_90017,Wilshire,839 W Wilshire Boulevard Blvd Los Angeles 90017,,,,
660925,1237672,,5144007025.0,,835.0,,,West,,,Wilshire,Boulevard,,,,,,,,,,,,,90017.0,,Los Angeles,Los Angeles,,,,,LA City,{79901F4E-8B84-46DC-9468-C150E3396A8A},0,,79901F4E-8B84-46DC-9468-C150E3396A8A,Unknown,,W,,,Blvd,W Wilshire Blvd,2023/09/12 23:03:18+00,835 W Wilshire Blvd Los Angeles 90017,79901F4E-8B84-46DC-9468-C150E3396A8A_835_W_Wilshire_Blvd_Los_Angeles_90017,Wilshire,835 W Wilshire Boulevard Blvd Los Angeles 90017,,,,
660926,1237673,,5144007027.0,,620.0,,,South,,,Figueroa,Street,,,,,,,,,,,,,90017.0,,Los Angeles,Los Angeles,,,,,LA City,{5AEFA54F-9E12-4ED7-AAE1-C701F96FD990},0,,5AEFA54F-9E12-4ED7-AAE1-C701F96FD990,Unknown,,S,,,St,S Figueroa St,2023/09/12 23:03:18+00,620 S Figueroa St Los Angeles 90017,5AEFA54F-9E12-4ED7-AAE1-C701F96FD990_620_S_Figueroa_St_Los_Angeles_90017,Figueroa,620 S Figueroa Street St Los Angeles 90017,,,,
660927,1237674,,5144007040.0,,915.0,,,West,,,Wilshire,Boulevard,,,,,,,,,,,,,90017.0,,Los Angeles,Los Angeles,,,,,LA City,{C92A48FD-7E44-4901-8768-3FF155E6CB02},0,,C92A48FD-7E44-4901-8768-3FF155E6CB02,Unknown,,W,,,Blvd,W Wilshire Blvd,2023/09/12 23:03:18+00,915 W Wilshire Blvd Los Angeles 90017,C92A48FD-7E44-4901-8768-3FF155E6CB02_915_W_Wilshire_Blvd_Los_Angeles_90017,Wilshire,915 W Wilshire Boulevard Blvd Los Angeles 90017,,,,
660928,1237675,,5144007044.0,,901.0,,,West,,,Wilshire,Boulevard,,,,,,,,,,,,,90017.0,,Los Angeles,Los Angeles,,,,,LA City,{6B5ACB9F-B009-4F0E-8C30-99F89D71943D},0,,6B5ACB9F-B009-4F0E-8C30-99F89D71943D,Unknown,,W,,,Blvd,W Wilshire Blvd,2023/09/12 23:03:18+00,901 W Wilshire Blvd Los Angeles 90017,6B5ACB9F-B009-4F0E-8C30-99F89D71943D_901_W_Wilshire_Blvd_Los_Angeles_90017,Wilshire,901 W Wilshire Boulevard Blvd Los Angeles 90017,,,,
660929,1237676,,5144007044.0,,601.0,,,South,,,Figueroa,Street,,,,,,,,,,,,,90017.0,,Los Angeles,Los Angeles,,,,,LA City,{8E00BBFF-8D63-44B6-97B9-674081F821A2},0,,8E00BBFF-8D63-44B6-97B9-674081F821A2,Unknown,,S,,,St,S Figueroa St,2023/09/12 23:03:18+00,601 S Figueroa St Los Angeles 90017,8E00BBFF-8D63-44B6-97B9-674081F821A2_601_S_Figueroa_St_Los_Angeles_90017,Figueroa,601 S Figueroa Street St Los Angeles 90017,,,,
660930,1237677,,5144007400.0,,800.0,,,West,,,6Th,Street,,,,,,,,,,,,,90017.0,,Los Angeles,Los Angeles,,,,,LA City,{24B060A8-100A-452B-9B4F-D80D470E21A0},0,,24B060A8-100A-452B-9B4F-D80D470E21A0,Unknown,,W,,,St,W 6Th St,2023/09/12 23:03:18+00,800 W 6Th St Los Angeles 90017,24B060A8-100A-452B-9B4F-D80D470E21A0_800_W_6Th_St_Los_Angeles_90017,6Th,800 W 6Th Street St Los Angeles 90017,,,,
660931,1237678,,5144007400.0,,804.0,,,West,,,6Th,Street,,,,,,,,,,,,,90017.0,,Los Angeles,Los Angeles,,,,,LA City,{9A23BAB8-2315-4176-8BFA-37F0E10A89AE},0,,9A23BAB8-2315-4176-8BFA-37F0E10A89AE,Unknown,,W,,,St,W 6Th St,2023/09/12 23:03:18+00,804 W 6Th St Los Angeles 90017,9A23BAB8-2315-4176-8BFA-37F0E10A89AE_804_W_6Th_St_Los_Angeles_90017,6Th,804 W 6Th Street St Los Angeles 90017,,,,
660932,1237679,,5144007400.0,,802.0,,,West,,,6Th,Street,,,,,,,,,,,,,90017.0,,Los Angeles,Los Angeles,,,,,LA City,{D8038354-E514-4288-9644-34ED4BB816A1},0,,D8038354-E514-4288-9644-34ED4BB816A1,Unknown,,W,,,St,W 6Th St,2023/09/12 23:03:18+00,802 W 6Th St Los Angeles 90017,D8038354-E514-4288-9644-34ED4BB816A1_802_W_6Th_St_Los_Angeles_90017,6Th,802 W 6Th Street St Los Angeles 90017,,,,
660933,1237680,,5144007400.0,,810.0,,,West,,,6Th,Street,,,,,,,,,,,,,90017.0,,Los Angeles,Los Angeles,,,,,LA City,{12DADDB7-8D03-48EA-8784-05AFA1F7E2CE},0,,12DADDB7-8D03-48EA-8784-05AFA1F7E2CE,Unknown,,W,,,St,W 6Th St,2023/09/12 23:03:18+00,810 W 6Th St Los Angeles 90017,12DADDB7-8D03-48EA-8784-05AFA1F7E2CE_810_W_6Th_St_Los_Angeles_90017,6Th,810 W 6Th Street St Los Angeles 90017,,,,
660934,1237681,,5144007400.0,,814.0,,,West,,,6Th,Street,,,,,,,,,,,,,90017.0,,Los Angeles,Los Angeles,,,,,LA City,{BE632678-A21A-40E7-A235-92640CCE2A84},0,,BE632678-A21A-40E7-A235-92640CCE2A84,Unknown,,W,,,St,W 6Th St,2023/09/12 23:03:18+00,814 W 6Th St Los Angeles 90017,BE632678-A21A-40E7-A235-92640CCE2A84_814_W_6Th_St_Los_Angeles_90017,6Th,814 W 6Th Street St Los Angeles 90017,,,,
660935,1237682,,5144007400.0,,808.0,,,West,,,6Th,Street,,,,,,,,,,,,,90017.0,,Los Angeles,Los Angeles,,,,,LA City,{D8AABA3E-A986-4307-82B3-1745D89BB35C},0,,D8AABA3E-A986-4307-82B3-1745D89BB35C,Unknown,,W,,,St,W 6Th St,2024/05/12 21:05:27+00,808 W 6Th St Los Angeles 90017,D8AABA3E-A986-4307-82B3-1745D89BB35C_808_W_6Th_St_Los_Angeles_90017,6Th,808 W 6Th Street St Los Angeles 90017,,,,
660936,1237683,,5144007400.0,,808.0,1/2,,West,,,6Th,Street,,,,,,,,,,,,,90017.0,,Los Angeles,Los Angeles,,,,,LA City,{F28DC9E2-5FE1-4430-8324-7B0E0CA5110E},0,,F28DC9E2-5FE1-4430-8324-7B0E0CA5110E,Unknown,,W,,,St,W 6Th St,2024/05/12 21:05:27+00,808 1/2 W 6Th St Los Angeles 90017,F28DC9E2-5FE1-4430-8324-7B0E0CA5110E_808_1/2_W_6Th_St_Los_Angeles_90017,6Th,808 1/2 W 6Th Street St Los Angeles 90017,,,,
660937,1237684,,5144007401.0,,830.0,,,West,,,6Th,Street,,,,,,,,,,,,,90017.0,,Los Angeles,Los Angeles,,,,,LA City,{D79E9D49-3354-4813-A46B-D9F0F867DDCD},0,,D79E9D49-3354-4813-A46B-D9F0F867DDCD,Unknown,,W,,,St,W 6Th St,2023/09/12 23:03:18+00,830 W 6Th St Los Angeles 90017,D79E9D49-3354-4813-A46B-D9F0F867DDCD_830_W_6Th_St_Los_Angeles_90017,6Th,830 W 6Th Street St Los Angeles 90017,,,,
660938,1237685,,5144007401.0,,888.0,,,West,,,6Th,Street,,,,,,,,,,,,,90017.0,,Los Angeles,Los Angeles,,,,,LA City,{8028221A-F7D8-4D69-B73E-38831E8A32BA},0,,8028221A-F7D8-4D69-B73E-38831E8A32BA,Unknown,,W,,,St,W 6Th St,2023/09/12 23:03:18+00,888 W 6Th St Los Angeles 90017,8028221A-F7D8-4D69-B73E-38831E8A32BA_888_W_6Th_St_Los_Angeles_90017,6Th,888 W 6Th Street St Los Angeles 90017,,,,
660939,1237686,,5144007401.0,,818.0,,,West,,,6Th,Street,,,,,,,,,,,,,90017.0,,Los Angeles,Los Angeles,,,,,LA City,{E3FF2DF7-9A2B-4E14-8BD0-C200F301ABCB},0,,E3FF2DF7-9A2B-4E14-8BD0-C200F301ABCB,Unknown,,W,,,St,W 6Th St,2023/09/12 23:03:18+00,818 W 6Th St Los Angeles 90017,E3FF2DF7-9A2B-4E14-8BD0-C200F301ABCB_818_W_6Th_St_Los_Angeles_90017,6Th,818 W 6Th Street St Los Angeles 90017,,,,
660940,1237687,,5144007401.0,,832.0,,,West,,,6Th,Street,,,,,,,,,,,,,90017.0,,Los Angeles,Los Angeles,,,,,LA City,{F85303B5-865F-4E4D-8B42-C25370B1D8E0},0,,F85303B5-865F-4E4D-8B42-C25370B1D8E0,Unknown,,W,,,St,W 6Th St,2023/09/12 23:03:18+00,832 W 6Th St Los Angeles 90017,F85303B5-865F-4E4D-8B42-C25370B1D8E0_832_W_6Th_St_Los_Angeles_90017,6Th,832 W 6Th Street St Los Angeles 90017,,,,
660941,1237688,,5144007401.0,,836.0,,,West,,,6Th,Street,,,,,,,,,,,,,90017.0,,Los Angeles,Los Angeles,,,,,LA City,{2C8B95D0-C4D2-4104-8C88-71496DDE92BC},0,,2C8B95D0-C4D2-4104-8C88-71496DDE92BC,Unknown,,W,,,St,W 6Th St,2023/09/12 23:03:18+00,836 W 6Th St Los Angeles 90017,2C8B95D0-C4D2-4104-8C88-71496DDE92BC_836_W_6Th_St_Los_Angeles_90017,6Th,836 W 6Th Street St Los Angeles 90017,,,,
660942,1237689,,5144007401.0,,822.0,,,West,,,6Th,Street,,,,,,,,,,,,,90017.0,,Los Angeles,Los Angeles,,,,,LA City,{DD3A1ECD-53C8-41FE-B43A-2DA3FA209322},0,,DD3A1ECD-53C8-41FE-B43A-2DA3FA209322,Unknown,,W,,,St,W 6Th St,2023/09/12 23:03:18+00,822 W 6Th St Los Angeles 90017,DD3A1ECD-53C8-41FE-B43A-2DA3FA209322_822_W_6Th_St_Los_Angeles_90017,6Th,822 W 6Th Street St Los Angeles 90017,,,,
660943,1237690,,5144007401.0,,828.0,,,West,,,6Th,Street,,,,,,,,,,,,,90017.0,,Los Angeles,Los Angeles,,,,,LA City,{80C99AB8-99B6-4B9D-A8E5-75CE1F5EC891},0,,80C99AB8-99B6-4B9D-A8E5-75CE1F5EC891,Unknown,,W,,,St,W 6Th St,2023/09/12 23:03:18+00,828 W 6Th St Los Angeles 90017,80C99AB8-99B6-4B9D-A8E5-75CE1F5EC891_828_W_6Th_St_Los_Angeles_90017,6Th,828 W 6Th Street St Los Angeles 90017,,,,
660944,1237691,,5144007401.0,,820.0,,,West,,,6Th,Street,,,,,,,,,,,,,90017.0,,Los Angeles,Los Angeles,,,,,LA City,{220288C9-AF49-4B2D-8BD3-D3FC5F2EC5C9},0,,220288C9-AF49-4B2D-8BD3-D3FC5F2EC5C9,Unknown,,W,,,St,W 6Th St,2023/09/12 23:03:18+00,820 W 6Th St Los Angeles 90017,220288C9-AF49-4B2D-8BD3-D3FC5F2EC5C9_820_W_6Th_St_Los_Angeles_90017,6Th,820 W 6Th Street St Los Angeles 90017,,,,
660945,1237692,,5144007401.0,,826.0,,,West,,,6Th,Street,,,,,,,,,,,,,90017.0,,Los Angeles,Los Angeles,,,,,LA City,{DA44840B-A2A6-424E-86F2-78725280881A},0,,DA44840B-A2A6-424E-86F2-78725280881A,Unknown,,W,,,St,W 6Th St,2023/09/12 23:03:18+00,826 W 6Th St Los Angeles 90017,DA44840B-A2A6-424E-86F2-78725280881A_826_W_6Th_St_Los_Angeles_90017,6Th,826 W 6Th Street St Los Angeles 90017,,,,
660946,1237693,,5144008008.0,,815.0,,,West,,,7Th,Street,,,,,,,,,,,,,90017.0,,Los Angeles,Los Angeles,,,,,LA City,{0861B50A-4F7D-4739-BD9E-2A5DD4C6B1DD},0,,0861B50A-4F7D-4739-BD9E-2A5DD4C6B1DD,Unknown,,W,,,St,W 7Th St,2023/09/12 23:03:18+00,815 W 7Th St Los Angeles 90017,0861B50A-4F7D-4739-BD9E-2A5DD4C6B1DD_815_W_7Th_St_Los_Angeles_90017,7Th,815 W 7Th Street St Los Angeles 90017,,,,
660947,1237694,,5144008008.0,,811.0,,,West,,,7Th,Street,,,,,,,,,,,,,90017.0,,Los Angeles,Los Angeles,,,,,LA City,{CED2517A-338E-4F8F-AEF6-22C1EC31E7FE},0,,CED2517A-338E-4F8F-AEF6-22C1EC31E7FE,Unknown,,W,,,St,W 7Th St,2023/09/12 23:03:18+00,811 W 7Th St Los Angeles 90017,CED2517A-338E-4F8F-AEF6-22C1EC31E7FE_811_W_7Th_St_Los_Angeles_90017,7Th,811 W 7Th Street St Los Angeles 90017,,,,
660948,1237695,,5144008008.0,,809.0,,,West,,,7Th,Street,,,,,,,,,,,,,90017.0,,Los Angeles,Los Angeles,,,,,LA City,{AD6D92B0-CE4C-4B73-9821-20940A149EA7},0,,AD6D92B0-CE4C-4B73-9821-20940A149EA7,Unknown,,W,,,St,W 7Th St,2023/09/12 23:03:18+00,809 W 7Th St Los Angeles 90017,AD6D92B0-CE4C-4B73-9821-20940A149EA7_809_W_7Th_St_Los_Angeles_90017,7Th,809 W 7Th Street St Los Angeles 90017,,,,
660949,1237696,,5144008009.0,,661.0,,,South,,,Flower,Street,,,,,,,,,,,,,90017.0,,Los Angeles,Los Angeles,,,,,LA City,{935D50BD-6D11-453F-B230-6E7DD323E8A9},0,,935D50BD-6D11-453F-B230-6E7DD323E8A9,Unknown,,S,,,St,S Flower St,2023/09/12 23:03:18+00,661 S Flower St Los Angeles 90017,935D50BD-6D11-453F-B230-6E7DD323E8A9_661_S_Flower_St_Los_Angeles_90017,Flower,661 S Flower Street St Los Angeles 90017,,,,
660950,1237697,,5144008009.0,,657.0,,,South,,,Flower,Street,,,,,,,,,,,,,90017.0,,Los Angeles,Los Angeles,,,,,LA City,{3E623D3D-BA0F-4DCE-BFF6-C5CFA4492C70},0,,3E623D3D-BA0F-4DCE-BFF6-C5CFA4492C70,Unknown,,S,,,St,S Flower St,2023/09/12 23:03:18+00,657 S Flower St Los Angeles 90017,3E623D3D-BA0F-4DCE-BFF6-C5CFA4492C70_657_S_Flower_St_Los_Angeles_90017,Flower,657 S Flower Street St Los Angeles 90017,,,,
660951,1237698,,5144008009.0,,801.0,,,West,,,7Th,Street,,,,,,,,,,,,,90017.0,,Los Angeles,Los Angeles,,,,,LA City,{F77C5EA0-E577-4F18-A579-01B966ACAA5B},0,,F77C5EA0-E577-4F18-A579-01B966ACAA5B,Unknown,,W,,,St,W 7Th St,2023/09/12 23:03:18+00,801 W 7Th St Los Angeles 90017,F77C5EA0-E577-4F18-A579-01B966ACAA5B_801_W_7Th_St_Los_Angeles_90017,7Th,801 W 7Th Street St Los Angeles 90017,,,,
660952,1237699,,5144008009.0,,659.0,,,South,,,Flower,Street,,,,,,,,,,,,,90017.0,,Los Angeles,Los Angeles,,,,,LA City,{027E45DB-847D-4550-9867-4EAE5D288D69},0,,027E45DB-847D-4550-9867-4EAE5D288D69,Unknown,,S,,,St,S Flower St,2023/09/12 23:03:18+00,659 S Flower St Los Angeles 90017,027E45DB-847D-4550-9867-4EAE5D288D69_659_S_Flower_St_Los_Angeles_90017,Flower,659 S Flower Street St Los Angeles 90017,,,,
660953,1237700,,5144008010.0,,810.0,,,West,,,Wilshire,Boulevard,,,,,,,,,,,,,90017.0,,Los Angeles,Los Angeles,,,,,LA City,{5ECCF07D-7159-4EAF-A20D-0991F2EAA452},0,,5ECCF07D-7159-4EAF-A20D-0991F2EAA452,Unknown,,W,,,Blvd,W Wilshire Blvd,2023/09/12 23:03:18+00,810 W Wilshire Blvd Los Angeles 90017,5ECCF07D-7159-4EAF-A20D-0991F2EAA452_810_W_Wilshire_Blvd_Los_Angeles_90017,Wilshire,810 W Wilshire Boulevard Blvd Los Angeles 90017,,,,
660954,1237701,,5144008010.0,,814.0,,,West,,,Wilshire,Boulevard,,,,,,,,,,,,,90017.0,,Los Angeles,Los Angeles,,,,,LA City,{4A1F9AD5-FD60-4590-940A-CB62B097BF2E},0,,4A1F9AD5-FD60-4590-940A-CB62B097BF2E,Unknown,,W,,,Blvd,W Wilshire Blvd,2023/09/12 23:03:18+00,814 W Wilshire Blvd Los Angeles 90017,4A1F9AD5-FD60-4590-940A-CB62B097BF2E_814_W_Wilshire_Blvd_Los_Angeles_90017,Wilshire,814 W Wilshire Boulevard Blvd Los Angeles 90017,,,,
660955,1237702,,5144008010.0,,812.0,,,West,,,Wilshire,Boulevard,,,,,,,,,,,,,90017.0,,Los Angeles,Los Angeles,,,,,LA City,{B6ABFF35-40C1-48F5-8B15-1D32CAB25EE2},0,,B6ABFF35-40C1-48F5-8B15-1D32CAB25EE2,Unknown,,W,,,Blvd,W Wilshire Blvd,2023/09/12 23:03:18+00,812 W Wilshire Blvd Los Angeles 90017,B6ABFF35-40C1-48F5-8B15-1D32CAB25EE2_812_W_Wilshire_Blvd_Los_Angeles_90017,Wilshire,812 W Wilshire Boulevard Blvd Los Angeles 90017,,,,
660956,1237703,,5144008010.0,,800.0,,,West,,,Wilshire,Boulevard,,,,,,,,,,,,,90017.0,,Los Angeles,Los Angeles,,,,,LA City,{D4DC9AC1-E720-400E-AE0C-54990CFD171F},0,,D4DC9AC1-E720-400E-AE0C-54990CFD171F,Unknown,,W,,,Blvd,W Wilshire Blvd,2023/09/12 23:03:18+00,800 W Wilshire Blvd Los Angeles 90017,D4DC9AC1-E720-400E-AE0C-54990CFD171F_800_W_Wilshire_Blvd_Los_Angeles_90017,Wilshire,800 W Wilshire Boulevard Blvd Los Angeles 90017,,,,
660957,1237704,,5144008011.0,,824.0,,,West,,,Wilshire,Boulevard,,,,,,,,,,,,,90017.0,,Los Angeles,Los Angeles,,,,,LA City,{F85CF115-11B4-46A0-87B7-F29483856E95},0,,F85CF115-11B4-46A0-87B7-F29483856E95,Unknown,,W,,,Blvd,W Wilshire Blvd,2023/09/12 23:03:18+00,824 W Wilshire Blvd Los Angeles 90017,F85CF115-11B4-46A0-87B7-F29483856E95_824_W_Wilshire_Blvd_Los_Angeles_90017,Wilshire,824 W Wilshire Boulevard Blvd Los Angeles 90017,,,,
660958,1237705,,5144008011.0,,820.0,,,West,,,Wilshire,Boulevard,,,,,,,,,,,,,90017.0,,Los Angeles,Los Angeles,,,,,LA City,{A043089D-8C6A-4432-AA59-4F87F710C2B2},0,,A043089D-8C6A-4432-AA59-4F87F710C2B2,Unknown,,W,,,Blvd,W Wilshire Blvd,2023/09/12 23:03:18+00,820 W Wilshire Blvd Los Angeles 90017,A043089D-8C6A-4432-AA59-4F87F710C2B2_820_W_Wilshire_Blvd_Los_Angeles_90017,Wilshire,820 W Wilshire Boulevard Blvd Los Angeles 90017,,,,
660959,1237706,,5144008011.0,,822.0,,,West,,,Wilshire,Boulevard,,,,,,,,,,,,,90017.0,,Los Angeles,Los Angeles,,,,,LA City,{74CC477B-3CA9-49F5-B7EC-E2CFE09497BD},0,,74CC477B-3CA9-49F5-B7EC-E2CFE09497BD,Unknown,,W,,,Blvd,W Wilshire Blvd,2023/09/12 23:03:18+00,822 W Wilshire Blvd Los Angeles 90017,74CC477B-3CA9-49F5-B7EC-E2CFE09497BD_822_W_Wilshire_Blvd_Los_Angeles_90017,Wilshire,822 W Wilshire Boulevard Blvd Los Angeles 90017,,,,
660960,1237707,,5144008013.0,,829.0,,,West,,,7Th,Street,,,,,,,,,,,,,90017.0,,Los Angeles,Los Angeles,,,,,LA City,{B44AEC04-3F3F-44EB-9576-799F8AE9D654},0,,B44AEC04-3F3F-44EB-9576-799F8AE9D654,Unknown,,W,,,St,W 7Th St,2023/09/12 23:03:18+00,829 W 7Th St Los Angeles 90017,B44AEC04-3F3F-44EB-9576-799F8AE9D654_829_W_7Th_St_Los_Angeles_90017,7Th,829 W 7Th Street St Los Angeles 90017,,,,
660961,1237708,,5144008013.0,,654.0,,,South,,,Figueroa,Street,,,,,,,,,,,,,90017.0,,Los Angeles,Los Angeles,,,,,LA City,{05E2E419-6774-42BE-A4FF-AF1BDAC1233C},0,,05E2E419-6774-42BE-A4FF-AF1BDAC1233C,Unknown,,S,,,St,S Figueroa St,2023/09/12 23:03:18+00,654 S Figueroa St Los Angeles 90017,05E2E419-6774-42BE-A4FF-AF1BDAC1233C_654_S_Figueroa_St_Los_Angeles_90017,Figueroa,654 S Figueroa Street St Los Angeles 90017,,,,
660962,1237709,,5144008013.0,,831.0,,,West,,,7Th,Street,,,,,,,,,,,,,90017.0,,Los Angeles,Los Angeles,,,,,LA City,{F624F1BB-29A8-4E78-93BE-31C02DEAA136},0,,F624F1BB-29A8-4E78-93BE-31C02DEAA136,Unknown,,W,,,St,W 7Th St,2023/09/12 23:03:18+00,831 W 7Th St Los Angeles 90017,F624F1BB-29A8-4E78-93BE-31C02DEAA136_831_W_7Th_St_Los_Angeles_90017,7Th,831 W 7Th Street St Los Angeles 90017,,,,
660963,1237710,,5144008013.0,,827.0,,,West,,,7Th,Street,,,,,,,,,,,,,90017.0,,Los Angeles,Los Angeles,,,,,LA City,{43E916D3-965D-486A-A977-1F7400A5C0E9},0,,43E916D3-965D-486A-A977-1F7400A5C0E9,Unknown,,W,,,St,W 7Th St,2023/09/12 23:03:18+00,827 W 7Th St Los Angeles 90017,43E916D3-965D-486A-A977-1F7400A5C0E9_827_W_7Th_St_Los_Angeles_90017,7Th,827 W 7Th Street St Los Angeles 90017,,,,
660964,1237711,,5144008013.0,,871.0,,,West,,,7Th,Street,,,,,,,,,,,,,90017.0,,Los Angeles,Los Angeles,,,,,LA City,{CD11D400-7DE4-4C6D-8E49-2A7010CA9C31},0,,CD11D400-7DE4-4C6D-8E49-2A7010CA9C31,Unknown,,W,,,St,W 7Th St,2023/09/12 23:03:18+00,871 W 7Th St Los Angeles 90017,CD11D400-7DE4-4C6D-8E49-2A7010CA9C31_871_W_7Th_St_Los_Angeles_90017,7Th,871 W 7Th Street St Los Angeles 90017,,,,
660965,1237712,,5144008017.0,,836.0,,,West,,,Wilshire,Boulevard,,,,,,,,,,,,,90017.0,,Los Angeles,Los Angeles,,,,,LA City,{E940C109-A08C-4D9D-91DB-9BE69E46E957},0,,E940C109-A08C-4D9D-91DB-9BE69E46E957,Unknown,,W,,,Blvd,W Wilshire Blvd,2023/09/12 23:03:18+00,836 W Wilshire Blvd Los Angeles 90017,E940C109-A08C-4D9D-91DB-9BE69E46E957_836_W_Wilshire_Blvd_Los_Angeles_90017,Wilshire,836 W Wilshire Boulevard Blvd Los Angeles 90017,,,,
660966,1237713,,5144008017.0,,832.0,,,West,,,Wilshire,Boulevard,,,,,,,,,,,,,90017.0,,Los Angeles,Los Angeles,,,,,LA City,{736D4A5E-0B31-41B8-B91D-6DBB576D0C34},0,,736D4A5E-0B31-41B8-B91D-6DBB576D0C34,Unknown,,W,,,Blvd,W Wilshire Blvd,2023/09/12 23:03:18+00,832 W Wilshire Blvd Los Angeles 90017,736D4A5E-0B31-41B8-B91D-6DBB576D0C34_832_W_Wilshire_Blvd_Los_Angeles_90017,Wilshire,832 W Wilshire Boulevard Blvd Los Angeles 90017,,,,
660967,1237714,,5144008017.0,,834.0,,,West,,,Wilshire,Boulevard,,,,,,,,,,,,,90017.0,,Los Angeles,Los Angeles,,,,,LA City,{619A087F-BC95-42CA-A553-D37A240AEC3D},0,,619A087F-BC95-42CA-A553-D37A240AEC3D,Unknown,,W,,,Blvd,W Wilshire Blvd,2023/09/12 23:03:18+00,834 W Wilshire Blvd Los Angeles 90017,619A087F-BC95-42CA-A553-D37A240AEC3D_834_W_Wilshire_Blvd_Los_Angeles_90017,Wilshire,834 W Wilshire Boulevard Blvd Los Angeles 90017,,,,
660968,1237715,,5144008017.0,,830.0,,,West,,,Wilshire,Boulevard,,,,,,,,,,,,,90017.0,,Los Angeles,Los Angeles,,,,,LA City,{58FD8385-4A5E-43C3-B44F-E4CDAA385F1D},0,,58FD8385-4A5E-43C3-B44F-E4CDAA385F1D,Unknown,,W,,,Blvd,W Wilshire Blvd,2023/09/12 23:03:18+00,830 W Wilshire Blvd Los Angeles 90017,58FD8385-4A5E-43C3-B44F-E4CDAA385F1D_830_W_Wilshire_Blvd_Los_Angeles_90017,Wilshire,830 W Wilshire Boulevard Blvd Los Angeles 90017,,,,
660969,1237716,,5144008017.0,,888.0,,,West,,,Wilshire,Boulevard,,,,,,,,,,,,,90017.0,,Los Angeles,Los Angeles,,,,,LA City,{6C5039FC-A3B0-4EA5-9308-1C2B12CAAD39},0,,6C5039FC-A3B0-4EA5-9308-1C2B12CAAD39,Unknown,,W,,,Blvd,W Wilshire Blvd,2023/09/12 23:03:18+00,888 W Wilshire Blvd Los Angeles 90017,6C5039FC-A3B0-4EA5-9308-1C2B12CAAD39_888_W_Wilshire_Blvd_Los_Angeles_90017,Wilshire,888 W Wilshire Boulevard Blvd Los Angeles 90017,,,,
660970,1237717,,5144008019.0,,644.0,,,South,,,Figueroa,Street,,,,,,,,,,,,,90017.0,,Los Angeles,Los Angeles,,,,,LA City,{E21E1F1D-BDE3-497D-9B5C-F15FD83D20CB},0,,E21E1F1D-BDE3-497D-9B5C-F15FD83D20CB,Unknown,,S,,,St,S Figueroa St,2023/09/12 23:03:18+00,644 S Figueroa St Los Angeles 90017,E21E1F1D-BDE3-497D-9B5C-F15FD83D20CB_644_S_Figueroa_St_Los_Angeles_90017,Figueroa,644 S Figueroa Street St Los Angeles 90017,,,,
660971,1237718,,5144008022.0,,1000.0,,,West,,,Wilshire,Boulevard,,,,,,,,,,,,,90017.0,,Los Angeles,Los Angeles,,,,,LA City,{9CFBF459-50D2-49C2-AFA7-66DF0634DE8B},0,,9CFBF459-50D2-49C2-AFA7-66DF0634DE8B,Unknown,,W,,,Blvd,W Wilshire Blvd,2023/09/12 23:03:18+00,1000 W Wilshire Blvd Los Angeles 90017,9CFBF459-50D2-49C2-AFA7-66DF0634DE8B_1000_W_Wilshire_Blvd_Los_Angeles_90017,Wilshire,1000 W Wilshire Boulevard Blvd Los Angeles 90017,,,,
660972,1237719,,5144008022.0,,1005.0,,,West,,,7Th,Street,,,,,,,,,,,,,90017.0,,Los Angeles,Los Angeles,,,,,LA City,{D8AC7167-4C4E-4131-8619-01D32F6789D7},0,,D8AC7167-4C4E-4131-8619-01D32F6789D7,Unknown,,W,,,St,W 7Th St,2023/09/12 23:03:18+00,1005 W 7Th St Los Angeles 90017,D8AC7167-4C4E-4131-8619-01D32F6789D7_1005_W_7Th_St_Los_Angeles_90017,7Th,1005 W 7Th Street St Los Angeles 90017,,,,
660973,1237720,,5144008025.0,,900.0,,,West,,,Wilshire,Boulevard,,,,,,,,,,,,,90017.0,,Los Angeles,Los Angeles,,,,,LA City,{6A1DF60A-CED2-4631-B8A7-7EDD5A5D7886},0,,6A1DF60A-CED2-4631-B8A7-7EDD5A5D7886,Unknown,,W,,,Blvd,W Wilshire Blvd,2023/09/12 23:03:18+00,900 W Wilshire Blvd Los Angeles 90017,6A1DF60A-CED2-4631-B8A7-7EDD5A5D7886_900_W_Wilshire_Blvd_Los_Angeles_90017,Wilshire,900 W Wilshire Boulevard Blvd Los Angeles 90017,,,,
660974,1237721,,5144008025.0,,930.0,,,West,,,Wilshire,Boulevard,,,,,,,,,,,,,90017.0,,Los Angeles,Los Angeles,,,,,LA City,{8692AF1D-39A8-4DC1-BF4A-C9A8BBBA9082},0,,8692AF1D-39A8-4DC1-BF4A-C9A8BBBA9082,Unknown,,W,,,Blvd,W Wilshire Blvd,2023/09/12 23:03:18+00,930 W Wilshire Blvd Los Angeles 90017,8692AF1D-39A8-4DC1-BF4A-C9A8BBBA9082_930_W_Wilshire_Blvd_Los_Angeles_90017,Wilshire,930 W Wilshire Boulevard Blvd Los Angeles 90017,,,,
660975,1237722,,5144008025.0,,655.0,,,South,,,Figueroa,Street,,,,,,,,,,,,,90017.0,,Los Angeles,Los Angeles,,,,,LA City,{7C8964FE-4547-405B-ADCC-9E9C8CDA22B6},0,,7C8964FE-4547-405B-ADCC-9E9C8CDA22B6,Unknown,,S,,,St,S Figueroa St,2023/09/12 23:03:18+00,655 S Figueroa St Los Angeles 90017,7C8964FE-4547-405B-ADCC-9E9C8CDA22B6_655_S_Figueroa_St_Los_Angeles_90017,Figueroa,655 S Figueroa Street St Los Angeles 90017,,,,
660976,1237723,,5144008025.0,,935.0,,,West,,,7Th,Street,,,,,,,,,,,,,90017.0,,Los Angeles,Los Angeles,,,,,LA City,{EC4B28DD-C92A-4C3D-8F5F-A68B34A7F051},0,,EC4B28DD-C92A-4C3D-8F5F-A68B34A7F051,Unknown,,W,,,St,W 7Th St,2023/09/12 23:03:18+00,935 W 7Th St Los Angeles 90017,EC4B28DD-C92A-4C3D-8F5F-A68B34A7F051_935_W_7Th_St_Los_Angeles_90017,7Th,935 W 7Th Street St Los Angeles 90017,,,,
660977,1237724,,5144008025.0,,699.0,,,South,,,Figueroa,Street,,,,,,,,,,,,,90017.0,,Los Angeles,Los Angeles,,,,,LA City,{5D2EA252-C77B-435E-AD6E-A12E7D14F902},0,,5D2EA252-C77B-435E-AD6E-A12E7D14F902,Unknown,,S,,,St,S Figueroa St,2023/09/12 23:03:18+00,699 S Figueroa St Los Angeles 90017,5D2EA252-C77B-435E-AD6E-A12E7D14F902_699_S_Figueroa_St_Los_Angeles_90017,Figueroa,699 S Figueroa Street St Los Angeles 90017,,,,
660978,1237725,,5144008025.0,,695.0,,,South,,,Figueroa,Street,,,,,,,,,,,,,90017.0,,Los Angeles,Los Angeles,,,,,LA City,{384898E0-F935-4AEE-9263-22B601B66390},0,,384898E0-F935-4AEE-9263-22B601B66390,Unknown,,S,,,St,S Figueroa St,2023/09/12 23:03:18+00,695 S Figueroa St Los Angeles 90017,384898E0-F935-4AEE-9263-22B601B66390_695_S_Figueroa_St_Los_Angeles_90017,Figueroa,695 S Figueroa Street St Los Angeles 90017,,,,
660979,1237726,,5144008025.0,,925.0,,,West,,,7Th,Street,,,,,,,,,,,,,90017.0,,Los Angeles,Los Angeles,,,,,LA City,{BE930691-A92D-4969-867B-441B81874BFA},0,,BE930691-A92D-4969-867B-441B81874BFA,Unknown,,W,,,St,W 7Th St,2023/09/12 23:03:18+00,925 W 7Th St Los Angeles 90017,BE930691-A92D-4969-867B-441B81874BFA_925_W_7Th_St_Los_Angeles_90017,7Th,925 W 7Th Street St Los Angeles 90017,,,,
660980,1237727,,5144008025.0,,685.0,,,South,,,Figueroa,Street,,,,,,,,,,,,,90017.0,,Los Angeles,Los Angeles,,,,,LA City,{6A52CF64-1138-42DE-90AE-5C33B39C2BA2},0,,6A52CF64-1138-42DE-90AE-5C33B39C2BA2,Unknown,,S,,,St,S Figueroa St,2023/09/12 23:03:18+00,685 S Figueroa St Los Angeles 90017,6A52CF64-1138-42DE-90AE-5C33B39C2BA2_685_S_Figueroa_St_Los_Angeles_90017,Figueroa,685 S Figueroa Street St Los Angeles 90017,,,,
660981,1237728,,5144009047.0,,777.0,,,South,,,Figueroa,Street,,,,,,,,,,,,,90017.0,,Los Angeles,Los Angeles,,,,,LA City,{9719F035-E73C-42F2-8576-509B52ABDFC5},0,,9719F035-E73C-42F2-8576-509B52ABDFC5,Unknown,,S,,,St,S Figueroa St,2023/09/12 23:03:18+00,777 S Figueroa St Los Angeles 90017,9719F035-E73C-42F2-8576-509B52ABDFC5_777_S_Figueroa_St_Los_Angeles_90017,Figueroa,777 S Figueroa Street St Los Angeles 90017,,,,
660982,1237729,,5144009079.0,,945.0,,,West,,,8Th,Street,,,,,,,,,,,,,90017.0,,Los Angeles,Los Angeles,,,,,LA City,{63C3114E-860E-4380-9DA5-E3A10F0E14D2},0,,63C3114E-860E-4380-9DA5-E3A10F0E14D2,Unknown,,W,,,St,W 8Th St,2023/09/12 23:03:18+00,945 W 8Th St Los Angeles 90017,63C3114E-860E-4380-9DA5-E3A10F0E14D2_945_W_8Th_St_Los_Angeles_90017,8Th,945 W 8Th Street St Los Angeles 90017,,,,
660983,1237730,,5144009082.0,,1013.0,,,West,,,8Th,Street,,,,,,,,,,,,,90017.0,,Los Angeles,Los Angeles,,,,,LA City,{4C52B239-628D-4F6E-A28E-34CF34987122},0,,4C52B239-628D-4F6E-A28E-34CF34987122,Unknown,,W,,,St,W 8Th St,2023/09/12 23:03:18+00,1013 W 8Th St Los Angeles 90017,4C52B239-628D-4F6E-A28E-34CF34987122_1013_W_8Th_St_Los_Angeles_90017,8Th,1013 W 8Th Street St Los Angeles 90017,,,,
660984,1237731,,5144009088.0,,925.0,,,West,,,8Th,Street,,,,,,,,,,,,,90017.0,,Los Angeles,Los Angeles,,,,,LA City,{2544D23D-017A-40BF-8BD9-D3EDBFF60036},0,,2544D23D-017A-40BF-8BD9-D3EDBFF60036,Unknown,,W,,,St,W 8Th St,2023/09/12 23:03:18+00,925 W 8Th St Los Angeles 90017,2544D23D-017A-40BF-8BD9-D3EDBFF60036_925_W_8Th_St_Los_Angeles_90017,8Th,925 W 8Th Street St Los Angeles 90017,,,,
660985,1237732,,5144009088.0,,775.0,,,South,,,Figueroa,Street,,,,,,,,,,,,,90017.0,,Los Angeles,Los Angeles,,,,,LA City,{C7B41440-4B59-4135-A3CD-5FCF1B3422C8},0,,C7B41440-4B59-4135-A3CD-5FCF1B3422C8,Unknown,,S,,,St,S Figueroa St,2023/09/12 23:03:18+00,775 S Figueroa St Los Angeles 90017,C7B41440-4B59-4135-A3CD-5FCF1B3422C8_775_S_Figueroa_St_Los_Angeles_90017,Figueroa,775 S Figueroa Street St Los Angeles 90017,,,,
660986,1237733,,5144009088.0,,735.0,,,South,,,Figueroa,Street,,,,,,,,,,,,,90017.0,,Los Angeles,Los Angeles,,,,,LA City,{0002DABD-19E9-498D-8E5C-CA20C33A7D00},0,,0002DABD-19E9-498D-8E5C-CA20C33A7D00,Unknown,,S,,,St,S Figueroa St,2023/09/12 23:03:18+00,735 S Figueroa St Los Angeles 90017,0002DABD-19E9-498D-8E5C-CA20C33A7D00_735_S_Figueroa_St_Los_Angeles_90017,Figueroa,735 S Figueroa Street St Los Angeles 90017,,,,
660987,1237734,,5144009088.0,,725.0,,,South,,,Figueroa,Street,,,,,,,,,,,,,90017.0,,Los Angeles,Los Angeles,,,,,LA City,{378592CB-1D4E-488E-8D59-17C15244B811},0,,378592CB-1D4E-488E-8D59-17C15244B811,Unknown,,S,,,St,S Figueroa St,2023/09/12 23:03:18+00,725 S Figueroa St Los Angeles 90017,378592CB-1D4E-488E-8D59-17C15244B811_725_S_Figueroa_St_Los_Angeles_90017,Figueroa,725 S Figueroa Street St Los Angeles 90017,,,,
660988,1237735,,5144009088.0,,920.0,,,West,,,7Th,Street,,,,,,,,,,,,,90017.0,,Los Angeles,Los Angeles,,,,,LA City,{41366A93-86CA-4F1D-B7FB-16B4DEAB27A6},0,,41366A93-86CA-4F1D-B7FB-16B4DEAB27A6,Unknown,,W,,,St,W 7Th St,2023/09/12 23:03:18+00,920 W 7Th St Los Angeles 90017,41366A93-86CA-4F1D-B7FB-16B4DEAB27A6_920_W_7Th_St_Los_Angeles_90017,7Th,920 W 7Th Street St Los Angeles 90017,,,,
660989,1237736,,5144010009.0,,803.0,,,West,,,8Th,Street,,,,,,,,,,,,,90017.0,,Los Angeles,Los Angeles,,,,,LA City,{BD68E18F-7F02-4EC1-B32D-453A35EAB850},0,,BD68E18F-7F02-4EC1-B32D-453A35EAB850,Unknown,,W,,,St,W 8Th St,2023/09/12 23:03:18+00,803 W 8Th St Los Angeles 90017,BD68E18F-7F02-4EC1-B32D-453A35EAB850_803_W_8Th_St_Los_Angeles_90017,8Th,803 W 8Th Street St Los Angeles 90017,,,,
660990,1237737,,5144010019.0,,720.0,,,South,,,Figueroa,Street,,,,,,,,,,,,,90017.0,,Los Angeles,Los Angeles,,,,,LA City,{3BD626DC-6E22-47B0-9842-882AE12DAFB4},0,,3BD626DC-6E22-47B0-9842-882AE12DAFB4,Unknown,,S,,,St,S Figueroa St,2023/09/12 23:03:18+00,720 S Figueroa St Los Angeles 90017,3BD626DC-6E22-47B0-9842-882AE12DAFB4_720_S_Figueroa_St_Los_Angeles_90017,Figueroa,720 S Figueroa Street St Los Angeles 90017,,,,
660991,1237738,,5144010020.0,,716.0,,,South,,,Figueroa,Street,,,,,,,,,,,,,90017.0,,Los Angeles,Los Angeles,,,,,LA City,{F016678E-29C7-4531-939F-A58BEF3C4A7A},0,,F016678E-29C7-4531-939F-A58BEF3C4A7A,Unknown,,S,,,St,S Figueroa St,2023/09/12 23:03:18+00,716 S Figueroa St Los Angeles 90017,F016678E-29C7-4531-939F-A58BEF3C4A7A_716_S_Figueroa_St_Los_Angeles_90017,Figueroa,716 S Figueroa Street St Los Angeles 90017,,,,
660992,1237739,,5144010022.0,,888.0,,,West,,,7Th,Street,,,,,,,,,,,,,90017.0,,Los Angeles,Los Angeles,,,,,LA City,{79DADB07-640F-41CB-A27F-A39DE7EB4702},0,,79DADB07-640F-41CB-A27F-A39DE7EB4702,Unknown,,W,,,St,W 7Th St,2023/09/12 23:03:18+00,888 W 7Th St Los Angeles 90017,79DADB07-640F-41CB-A27F-A39DE7EB4702_888_W_7Th_St_Los_Angeles_90017,7Th,888 W 7Th Street St Los Angeles 90017,,,,
660993,1237740,,5144010022.0,,818.0,,,West,,,7Th,Street,,,,,,,,,,,,,90017.0,,Los Angeles,Los Angeles,,,,,LA City,{001429BE-6CEC-4988-AD72-18418E62AC7B},0,,001429BE-6CEC-4988-AD72-18418E62AC7B,Unknown,,W,,,St,W 7Th St,2023/09/12 23:03:18+00,818 W 7Th St Los Angeles 90017,001429BE-6CEC-4988-AD72-18418E62AC7B_818_W_7Th_St_Los_Angeles_90017,7Th,818 W 7Th Street St Los Angeles 90017,,,,
660994,1237741,,5144010022.0,,870.0,,,West,,,7Th,Street,,,,,,,,,,,,,90017.0,,Los Angeles,Los Angeles,,,,,LA City,{9E3B1379-79B6-482D-BA10-95BB2CA120DB},0,,9E3B1379-79B6-482D-BA10-95BB2CA120DB,Unknown,,W,,,St,W 7Th St,2023/09/12 23:03:18+00,870 W 7Th St Los Angeles 90017,9E3B1379-79B6-482D-BA10-95BB2CA120DB_870_W_7Th_St_Los_Angeles_90017,7Th,870 W 7Th Street St Los Angeles 90017,,,,
660995,1237742,,5144010022.0,,868.0,,,West,,,7Th,Street,,,,,,,,,,,,,90017.0,,Los Angeles,Los Angeles,,,,,LA City,{7F0D90CC-383B-4B22-BDE9-217309340A69},0,,7F0D90CC-383B-4B22-BDE9-217309340A69,Unknown,,W,,,St,W 7Th St,2023/09/12 23:03:18+00,868 W 7Th St Los Angeles 90017,7F0D90CC-383B-4B22-BDE9-217309340A69_868_W_7Th_St_Los_Angeles_90017,7Th,868 W 7Th Street St Los Angeles 90017,,,,
660996,1237743,,5144010022.0,,878.0,,,West,,,7Th,Street,,,,,,,,,,,,,90017.0,,Los Angeles,Los Angeles,,,,,LA City,{76D18C55-58BF-44D1-97CF-5A54C500DD97},0,,76D18C55-58BF-44D1-97CF-5A54C500DD97,Unknown,,W,,,St,W 7Th St,2023/09/12 23:03:18+00,878 W 7Th St Los Angeles 90017,76D18C55-58BF-44D1-97CF-5A54C500DD97_878_W_7Th_St_Los_Angeles_90017,7Th,878 W 7Th Street St Los Angeles 90017,,,,
660997,1237744,,5144010022.0,,816.0,,,West,,,7Th,Street,,,,,,,,,,,,,90017.0,,Los Angeles,Los Angeles,,,,,LA City,{9DECAF80-1CEE-4296-BCEA-9665CDF48781},0,,9DECAF80-1CEE-4296-BCEA-9665CDF48781,Unknown,,W,,,St,W 7Th St,2023/09/12 23:03:18+00,816 W 7Th St Los Angeles 90017,9DECAF80-1CEE-4296-BCEA-9665CDF48781_816_W_7Th_St_Los_Angeles_90017,7Th,816 W 7Th Street St Los Angeles 90017,,,,
660998,1237745,,5144010022.0,,838.0,,,West,,,7Th,Street,,,,,,,,,,,,,90017.0,,Los Angeles,Los Angeles,,,,,LA City,{D28DD484-136A-447D-965F-FB090EDC189C},0,,D28DD484-136A-447D-965F-FB090EDC189C,Unknown,,W,,,St,W 7Th St,2023/09/12 23:03:18+00,838 W 7Th St Los Angeles 90017,D28DD484-136A-447D-965F-FB090EDC189C_838_W_7Th_St_Los_Angeles_90017,7Th,838 W 7Th Street St Los Angeles 90017,,,,
660999,1237746,,5144010022.0,,711.0,,,South,,,Flower,Street,,,,,,,,,,,,,90017.0,,Los Angeles,Los Angeles,,,,,LA City,{2FCB66AC-367F-4C39-AD08-732004B001DA},0,,2FCB66AC-367F-4C39-AD08-732004B001DA,Unknown,,S,,,St,S Flower St,2023/09/12 23:03:18+00,711 S Flower St Los Angeles 90017,2FCB66AC-367F-4C39-AD08-732004B001DA_711_S_Flower_St_Los_Angeles_90017,Flower,711 S Flower Street St Los Angeles 90017,,,,
661000,1237747,,5144010022.0,,812.0,,,West,,,7Th,Street,,,,,,,,,,,,,90017.0,,Los Angeles,Los Angeles,,,,,LA City,{24D52CEB-6CD6-40FB-A7E5-076C0009D02C},0,,24D52CEB-6CD6-40FB-A7E5-076C0009D02C,Unknown,,W,,,St,W 7Th St,2023/09/12 23:03:18+00,812 W 7Th St Los Angeles 90017,24D52CEB-6CD6-40FB-A7E5-076C0009D02C_812_W_7Th_St_Los_Angeles_90017,7Th,812 W 7Th Street St Los Angeles 90017,,,,
661001,1237748,,5144010022.0,,828.0,,,West,,,7Th,Street,,,,,,,,,,,,,90017.0,,Los Angeles,Los Angeles,,,,,LA City,{A718FC44-F3CE-4A4A-903E-43A12F407190},0,,A718FC44-F3CE-4A4A-903E-43A12F407190,Unknown,,W,,,St,W 7Th St,2023/09/12 23:03:18+00,828 W 7Th St Los Angeles 90017,A718FC44-F3CE-4A4A-903E-43A12F407190_828_W_7Th_St_Los_Angeles_90017,7Th,828 W 7Th Street St Los Angeles 90017,,,,
661002,1237749,,5144010022.0,,898.0,,,West,,,7Th,Street,,,,,,,,,,,,,90017.0,,Los Angeles,Los Angeles,,,,,LA City,{454B33F2-78DC-4975-AF8D-A6AD4711ABB4},0,,454B33F2-78DC-4975-AF8D-A6AD4711ABB4,Unknown,,W,,,St,W 7Th St,2023/09/12 23:03:18+00,898 W 7Th St Los Angeles 90017,454B33F2-78DC-4975-AF8D-A6AD4711ABB4_898_W_7Th_St_Los_Angeles_90017,7Th,898 W 7Th Street St Los Angeles 90017,,,,
661003,1237750,,5144010022.0,,848.0,,,West,,,7Th,Street,,,,,,,,,,,,,90017.0,,Los Angeles,Los Angeles,,,,,LA City,{7D265561-9E8C-4E3E-8F15-A620AE29F2CC},0,,7D265561-9E8C-4E3E-8F15-A620AE29F2CC,Unknown,,W,,,St,W 7Th St,2023/09/12 23:03:18+00,848 W 7Th St Los Angeles 90017,7D265561-9E8C-4E3E-8F15-A620AE29F2CC_848_W_7Th_St_Los_Angeles_90017,7Th,848 W 7Th Street St Los Angeles 90017,,,,
661004,1237751,,5144010022.0,,800.0,,,West,,,7Th,Street,,,,,,,,,,,,,90017.0,,Los Angeles,Los Angeles,,,,,LA City,{687F5898-9C2F-43EB-B1C4-BB1207097299},0,,687F5898-9C2F-43EB-B1C4-BB1207097299,Unknown,,W,,,St,W 7Th St,2023/09/12 23:03:18+00,800 W 7Th St Los Angeles 90017,687F5898-9C2F-43EB-B1C4-BB1207097299_800_W_7Th_St_Los_Angeles_90017,7Th,800 W 7Th Street St Los Angeles 90017,,,,
661005,1237752,,5144010022.0,,802.0,,,West,,,7Th,Street,,,,,,,,,,,,,90017.0,,Los Angeles,Los Angeles,,,,,LA City,{B67D2CF6-56A0-41A4-8536-38550612614C},0,,B67D2CF6-56A0-41A4-8536-38550612614C,Unknown,,W,,,St,W 7Th St,2023/09/12 23:03:18+00,802 W 7Th St Los Angeles 90017,B67D2CF6-56A0-41A4-8536-38550612614C_802_W_7Th_St_Los_Angeles_90017,7Th,802 W 7Th Street St Los Angeles 90017,,,,
661006,1237753,,5144010025.0,,737.0,,,South,,,Flower,Street,,,,,,,,,,,,,90017.0,,Los Angeles,Los Angeles,,,,,LA City,{F23A375E-C78A-4A17-9046-88BCFD591302},0,,F23A375E-C78A-4A17-9046-88BCFD591302,Unknown,,S,,,St,S Flower St,2023/09/12 23:03:18+00,737 S Flower St Los Angeles 90017,F23A375E-C78A-4A17-9046-88BCFD591302_737_S_Flower_St_Los_Angeles_90017,Flower,737 S Flower Street St Los Angeles 90017,,,,
661007,1237754,,5144010026.0,,712.0,,,South,,,Figueroa,Street,,,,,,,,,,,,,90017.0,,Los Angeles,Los Angeles,,,,,LA City,{19467F9D-C9E2-495D-BE16-021E6AE81260},0,,19467F9D-C9E2-495D-BE16-021E6AE81260,Unknown,,S,,,St,S Figueroa St,2023/09/12 23:03:18+00,712 S Figueroa St Los Angeles 90017,19467F9D-C9E2-495D-BE16-021E6AE81260_712_S_Figueroa_St_Los_Angeles_90017,Figueroa,712 S Figueroa Street St Los Angeles 90017,,,,
661008,1237755,,5144010027.0,,732.0,,,South,,,Figueroa,Street,,,,,,,,,,,,,90017.0,,Los Angeles,Los Angeles,,,,,LA City,{59F2D865-08AD-4A5D-B0EE-9EEE1933B695},0,,59F2D865-08AD-4A5D-B0EE-9EEE1933B695,Unknown,,S,,,St,S Figueroa St,2023/09/12 23:03:18+00,732 S Figueroa St Los Angeles 90017,59F2D865-08AD-4A5D-B0EE-9EEE1933B695_732_S_Figueroa_St_Los_Angeles_90017,Figueroa,732 S Figueroa Street St Los Angeles 90017,,,,
661009,1237756,,5144010027.0,,829.0,,,West,,,8Th,Street,,,,,,,,,,,,,90017.0,,Los Angeles,Los Angeles,,,,,LA City,{0DFF43A6-A2AC-40DC-A1C0-16138C98028E},0,,0DFF43A6-A2AC-40DC-A1C0-16138C98028E,Unknown,,W,,,St,W 8Th St,2023/09/12 23:03:18+00,829 W 8Th St Los Angeles 90017,0DFF43A6-A2AC-40DC-A1C0-16138C98028E_829_W_8Th_St_Los_Angeles_90017,8Th,829 W 8Th Street St Los Angeles 90017,,,,
661010,1237757,,5144010027.0,,817.0,,,West,,,8th,Street,,,,,,,,,,,,,90017.0,,Los Angeles,Los Angeles,,,,,Assessor,{B9017C6C-465B-411F-ADBB-E1032D48C495},0,,B9017C6C-465B-411F-ADBB-E1032D48C495,Unknown,,W,,,St,W 8th St,2024/04/27 17:13:09+00,817 W 8th St Los Angeles 90017,B9017C6C-465B-411F-ADBB-E1032D48C495_817_W_8th_St_Los_Angeles_90017,8th,817 W 8th Street St Los Angeles 90017,,,,
661011,1237758,,5144010401.0,,700.0,,,South,,,Flower,Street,,,,,,,,,,,,,90017.0,,Los Angeles,Los Angeles,,,,,LA City,{3E518CF7-1526-4FCE-A219-E2A05E4F113A},0,,3E518CF7-1526-4FCE-A219-E2A05E4F113A,Unknown,,S,,,St,S Flower St,2023/09/12 23:03:18+00,700 S Flower St Los Angeles 90017,3E518CF7-1526-4FCE-A219-E2A05E4F113A_700_S_Flower_St_Los_Angeles_90017,Flower,700 S Flower Street St Los Angeles 90017,,,,
661012,1237759,,5144010401.0,,711.0,,,South,,,Hope,Street,,,,,,,,,,,,,90017.0,,Los Angeles,Los Angeles,,,,,LA City,{79E4C4F2-BEA1-4534-AA87-81DABFD21B8C},0,,79E4C4F2-BEA1-4534-AA87-81DABFD21B8C,Unknown,,S,,,St,S Hope St,2023/09/12 23:03:18+00,711 S Hope St Los Angeles 90017,79E4C4F2-BEA1-4534-AA87-81DABFD21B8C_711_S_Hope_St_Los_Angeles_90017,Hope,711 S Hope Street St Los Angeles 90017,,,,
661013,1237760,,5144010401.0,,700.0,,,West,,,7Th,Street,,,,,,,,,,,,,90017.0,,Los Angeles,Los Angeles,,,,,LA City,{CCFEC683-9218-4168-B1E7-920E44B9DA92},0,,CCFEC683-9218-4168-B1E7-920E44B9DA92,Unknown,,W,,,St,W 7Th St,2023/09/12 23:03:18+00,700 W 7Th St Los Angeles 90017,CCFEC683-9218-4168-B1E7-920E44B9DA92_700_W_7Th_St_Los_Angeles_90017,7Th,700 W 7Th Street St Los Angeles 90017,,,,
661014,1237761,,5144011009.0,,754.0,,,South,,,Hope,Street,,,,,,,,,,,,,90017.0,,Los Angeles,Los Angeles,,,,,LA City,{08DFE50F-5D33-4B15-BD17-4B09A56FC815},0,,08DFE50F-5D33-4B15-BD17-4B09A56FC815,Unknown,,S,,,St,S Hope St,2023/09/12 23:03:18+00,754 S Hope St Los Angeles 90017,08DFE50F-5D33-4B15-BD17-4B09A56FC815_754_S_Hope_St_Los_Angeles_90017,Hope,754 S Hope Street St Los Angeles 90017,,,,
661015,1237762,,5144011009.0,,625.0,,,West,,,8Th,Street,,,,,,,,,,,,,90017.0,,Los Angeles,Los Angeles,,,,,LA City,{C4911983-6B9F-4567-AA1C-9655ADEA8AB2},0,,C4911983-6B9F-4567-AA1C-9655ADEA8AB2,Unknown,,W,,,St,W 8Th St,2023/09/12 23:03:18+00,625 W 8Th St Los Angeles 90017,C4911983-6B9F-4567-AA1C-9655ADEA8AB2_625_W_8Th_St_Los_Angeles_90017,8Th,625 W 8Th Street St Los Angeles 90017,,,,
661016,1237763,,5144011014.0,,723.0,,,South,,,Grand,Avenue,,,,,,,,,,,,,90017.0,,Los Angeles,Los Angeles,,,,,LA City,{F6CD1DDC-E93B-40F5-BF6C-62900B4E6A51},0,,F6CD1DDC-E93B-40F5-BF6C-62900B4E6A51,Unknown,,S,,,Ave,S Grand Ave,2023/09/12 23:03:18+00,723 S Grand Ave Los Angeles 90017,F6CD1DDC-E93B-40F5-BF6C-62900B4E6A51_723_S_Grand_Ave_Los_Angeles_90017,Grand,723 S Grand Avenue Ave Los Angeles 90017,,,,
661017,1237764,,5144011016.0,,735.0,,,South,,,Grand,Avenue,,,,,,,,,,,,,90017.0,,Los Angeles,Los Angeles,,,,,Assessor,{FF147149-FA3F-492D-8C59-40DC8A2F809D},0,,FF147149-FA3F-492D-8C59-40DC8A2F809D,Unknown,,S,,,Ave,S Grand Ave,2024/04/27 17:13:09+00,735 S Grand Ave Los Angeles 90017,FF147149-FA3F-492D-8C59-40DC8A2F809D_735_S_Grand_Ave_Los_Angeles_90017,Grand,735 S Grand Avenue Ave Los Angeles 90017,,,,
661018,1237765,,5144011019.0,,719.0,,,South,,,Grand,Avenue,,,,,,,,,,,,,90017.0,,Los Angeles,Los Angeles,,,,,LA City,{8E6E1159-2563-467D-B41B-E6FA705D7DD6},0,,8E6E1159-2563-467D-B41B-E6FA705D7DD6,Unknown,,S,,,Ave,S Grand Ave,2023/09/12 23:03:18+00,719 S Grand Ave Los Angeles 90017,8E6E1159-2563-467D-B41B-E6FA705D7DD6_719_S_Grand_Ave_Los_Angeles_90017,Grand,719 S Grand Avenue Ave Los Angeles 90017,,,,
661019,1237766,,5144011019.0,,722.0,,,South,,,Hope,Street,,,,,,,,,,,,,90017.0,,Los Angeles,Los Angeles,,,,,LA City,{0899C921-A160-487E-89E9-A65B8CA268D6},0,,0899C921-A160-487E-89E9-A65B8CA268D6,Unknown,,S,,,St,S Hope St,2023/09/12 23:03:18+00,722 S Hope St Los Angeles 90017,0899C921-A160-487E-89E9-A65B8CA268D6_722_S_Hope_St_Los_Angeles_90017,Hope,722 S Hope Street St Los Angeles 90017,,,,
661020,1237767,,5144011019.0,,632.0,,,West,,,7Th,Street,,,,,,,,,,,,,90017.0,,Los Angeles,Los Angeles,,,,,LA City,{5D00DB0B-487E-4411-8AC3-9D42310E8998},0,,5D00DB0B-487E-4411-8AC3-9D42310E8998,Unknown,,W,,,St,W 7Th St,2023/09/12 23:03:18+00,632 W 7Th St Los Angeles 90017,5D00DB0B-487E-4411-8AC3-9D42310E8998_632_W_7Th_St_Los_Angeles_90017,7Th,632 W 7Th Street St Los Angeles 90017,,,,
661021,1237768,,5144011019.0,,707.0,,,South,,,Grand,Avenue,,,,,,,,,,,,,90017.0,,Los Angeles,Los Angeles,,,,,LA City,{D1642B15-B26B-453F-9943-7E4F1D6E1561},0,,D1642B15-B26B-453F-9943-7E4F1D6E1561,Unknown,,S,,,Ave,S Grand Ave,2023/09/12 23:03:18+00,707 S Grand Ave Los Angeles 90017,D1642B15-B26B-453F-9943-7E4F1D6E1561_707_S_Grand_Ave_Los_Angeles_90017,Grand,707 S Grand Avenue Ave Los Angeles 90017,,,,
661022,1237769,,5144011019.0,,600.0,,,West,,,7Th,Street,,,,,,,,,,,,,90017.0,,Los Angeles,Los Angeles,,,,,LA City,{7ACEE84B-9864-4A11-8939-279E24900D2A},0,,7ACEE84B-9864-4A11-8939-279E24900D2A,Unknown,,W,,,St,W 7Th St,2023/09/12 23:03:18+00,600 W 7Th St Los Angeles 90017,7ACEE84B-9864-4A11-8939-279E24900D2A_600_W_7Th_St_Los_Angeles_90017,7Th,600 W 7Th Street St Los Angeles 90017,,,,
661023,1237770,,5144011020.0,,733.0,,,South,,,Grand,Avenue,,,,,,,,,,,,,90017.0,,Los Angeles,Los Angeles,,,,,LA City,{6CEEFAF7-E007-491F-B8F8-9CB1A543F395},0,,6CEEFAF7-E007-491F-B8F8-9CB1A543F395,Unknown,,S,,,Ave,S Grand Ave,2023/09/12 23:03:18+00,733 S Grand Ave Los Angeles 90017,6CEEFAF7-E007-491F-B8F8-9CB1A543F395_733_S_Grand_Ave_Los_Angeles_90017,Grand,733 S Grand Avenue Ave Los Angeles 90017,,,,
661024,1237771,,5144011020.0,,737.0,,,South,,,Grand,Avenue,,,,,,,,,,,,,90017.0,,Los Angeles,Los Angeles,,,,,LA City,{D529DF67-3ACA-46AA-8BF5-5BBFFBEFA3EE},0,,D529DF67-3ACA-46AA-8BF5-5BBFFBEFA3EE,Unknown,,S,,,Ave,S Grand Ave,2023/09/12 23:03:18+00,737 S Grand Ave Los Angeles 90017,D529DF67-3ACA-46AA-8BF5-5BBFFBEFA3EE_737_S_Grand_Ave_Los_Angeles_90017,Grand,737 S Grand Avenue Ave Los Angeles 90017,,,,
661025,1237772,,5144011021.0,,727.0,,,South,,,Grand,Avenue,,,,,,,,,,,,,90017.0,,Los Angeles,Los Angeles,,,,,LA City,{3DBA5F8A-030A-4DB4-A8A0-3FE3753A1A4A},0,,3DBA5F8A-030A-4DB4-A8A0-3FE3753A1A4A,Unknown,,S,,,Ave,S Grand Ave,2023/09/12 23:03:18+00,727 S Grand Ave Los Angeles 90017,3DBA5F8A-030A-4DB4-A8A0-3FE3753A1A4A_727_S_Grand_Ave_Los_Angeles_90017,Grand,727 S Grand Avenue Ave Los Angeles 90017,,,,
661041,1237788,,5144012057.0,,700.0,,,South,,,Grand,Avenue,,,,,,,,,,,,,90017.0,,Los Angeles,Los Angeles,,,,,LA City,{DF486358-2503-44F3-B5A5-B90B05942EE0},0,,DF486358-2503-44F3-B5A5-B90B05942EE0,Unknown,,S,,,Ave,S Grand Ave,2023/09/12 23:03:18+00,700 S Grand Ave Los Angeles 90017,DF486358-2503-44F3-B5A5-B90B05942EE0_700_S_Grand_Ave_Los_Angeles_90017,Grand,700 S Grand Avenue Ave Los Angeles 90017,,,,
661042,1237789,,5144012057.0,,710.0,,,South,,,Grand,Avenue,,,,,,,,,,,,,90017.0,,Los Angeles,Los Angeles,,,,,LA City,{26F0F1D8-9492-4A16-ABD9-539CC3C2F361},0,,26F0F1D8-9492-4A16-ABD9-539CC3C2F361,Unknown,,S,,,Ave,S Grand Ave,2023/09/12 23:03:18+00,710 S Grand Ave Los Angeles 90017,26F0F1D8-9492-4A16-ABD9-539CC3C2F361_710_S_Grand_Ave_Los_Angeles_90017,Grand,710 S Grand Avenue Ave Los Angeles 90017,,,,
661043,1237790,,5144012061.0,,750.0,,,South,,,Grand,Avenue,,,,,,,,,,,,,90017.0,,Los Angeles,Los Angeles,,,,,LA City,{B3E88EB4-DC1A-4BA4-A190-7D00830E3B56},0,,B3E88EB4-DC1A-4BA4-A190-7D00830E3B56,Unknown,,S,,,Ave,S Grand Ave,2023/09/12 23:03:18+00,750 S Grand Ave Los Angeles 90017,B3E88EB4-DC1A-4BA4-A190-7D00830E3B56_750_S_Grand_Ave_Los_Angeles_90017,Grand,750 S Grand Avenue Ave Los Angeles 90017,,,,
661045,1237792,,5144012061.0,,770.0,,,South,,,Grand,Avenue,,,,,,,,,,,,,90017.0,,Los Angeles,Los Angeles,,,,,LA City,{46FFD3D7-05B2-454F-9555-1B14BE10CE62},0,,46FFD3D7-05B2-454F-9555-1B14BE10CE62,Unknown,,S,,,Ave,S Grand Ave,2023/09/12 23:03:18+00,770 S Grand Ave Los Angeles 90017,46FFD3D7-05B2-454F-9555-1B14BE10CE62_770_S_Grand_Ave_Los_Angeles_90017,Grand,770 S Grand Avenue Ave Los Angeles 90017,,,,
661046,1237793,,5144012061.0,,788.0,,,South,,,Grand,Avenue,,,,,,,,,,,,,90017.0,,Los Angeles,Los Angeles,,,,,LA City,{81858CF2-5C5A-42D6-A85A-68CAAE64452C},0,,81858CF2-5C5A-42D6-A85A-68CAAE64452C,Unknown,,S,,,Ave,S Grand Ave,2023/09/12 23:03:18+00,788 S Grand Ave Los Angeles 90017,81858CF2-5C5A-42D6-A85A-68CAAE64452C_788_S_Grand_Ave_Los_Angeles_90017,Grand,788 S Grand Avenue Ave Los Angeles 90017,,,,
661494,1238241,,5144019006.0,,848.0,,,South,,,Grand,Avenue,,,,,,,,,,,,,90017.0,,Los Angeles,Los Angeles,,,,,LA City,{90087C30-7745-47A7-B14A-F96F32A1AE6A},0,,90087C30-7745-47A7-B14A-F96F32A1AE6A,Unknown,,S,,,Ave,S Grand Ave,2023/09/12 23:03:18+00,848 S Grand Ave Los Angeles 90017,90087C30-7745-47A7-B14A-F96F32A1AE6A_848_S_Grand_Ave_Los_Angeles_90017,Grand,848 S Grand Avenue Ave Los Angeles 90017,,,,
661495,1238242,,5144019006.0,,858.0,,,South,,,Grand,Avenue,,,,,,,,,,,,,90017.0,,Los Angeles,Los Angeles,,,,,LA City,{D11003D9-A57B-4D5B-92EF-9A353AF6A574},0,,D11003D9-A57B-4D5B-92EF-9A353AF6A574,Unknown,,S,,,Ave,S Grand Ave,2023/09/12 23:03:18+00,858 S Grand Ave Los Angeles 90017,D11003D9-A57B-4D5B-92EF-9A353AF6A574_858_S_Grand_Ave_Los_Angeles_90017,Grand,858 S Grand Avenue Ave Los Angeles 90017,,,,
661496,1238243,,5144019007.0,,846.0,,,South,,,Grand,Avenue,,,,,,,,,,,,,90017.0,,Los Angeles,Los Angeles,,,,,LA City,{D3487CF5-C284-4549-A7C1-E11303183BED},0,,D3487CF5-C284-4549-A7C1-E11303183BED,Unknown,,S,,,Ave,S Grand Ave,2023/09/12 23:03:18+00,846 S Grand Ave Los Angeles 90017,D3487CF5-C284-4549-A7C1-E11303183BED_846_S_Grand_Ave_Los_Angeles_90017,Grand,846 S Grand Avenue Ave Los Angeles 90017,,,,
661497,1238244,,5144019007.0,,842.0,,,South,,,Grand,Avenue,,,,,,,,,,,,,90017.0,,Los Angeles,Los Angeles,,,,,LA City,{187E7417-DEBB-40AD-A1FA-A8A1B409A707},0,,187E7417-DEBB-40AD-A1FA-A8A1B409A707,Unknown,,S,,,Ave,S Grand Ave,2023/09/12 23:03:18+00,842 S Grand Ave Los Angeles 90017,187E7417-DEBB-40AD-A1FA-A8A1B409A707_842_S_Grand_Ave_Los_Angeles_90017,Grand,842 S Grand Avenue Ave Los Angeles 90017,,,,
661498,1238245,,5144019007.0,,844.0,,,South,,,Grand,Avenue,,,,,,,,,,,,,90017.0,,Los Angeles,Los Angeles,,,,,LA City,{C1BE50B5-2955-4F04-8BDC-79FDF525617F},0,,C1BE50B5-2955-4F04-8BDC-79FDF525617F,Unknown,,S,,,Ave,S Grand Ave,2023/09/12 23:03:18+00,844 S Grand Ave Los Angeles 90017,C1BE50B5-2955-4F04-8BDC-79FDF525617F_844_S_Grand_Ave_Los_Angeles_90017,Grand,844 S Grand Avenue Ave Los Angeles 90017,,,,
661499,1238246,,5144019008.0,,836.0,,,South,,,Grand,Avenue,,,,,,,,,,,,,90017.0,,Los Angeles,Los Angeles,,,,,LA City,{19B224FA-777E-444E-AE36-25F9ED31BA8C},0,,19B224FA-777E-444E-AE36-25F9ED31BA8C,Unknown,,S,,,Ave,S Grand Ave,2023/09/12 23:03:18+00,836 S Grand Ave Los Angeles 90017,19B224FA-777E-444E-AE36-25F9ED31BA8C_836_S_Grand_Ave_Los_Angeles_90017,Grand,836 S Grand Avenue Ave Los Angeles 90017,,,,
661500,1238247,,5144019008.0,,838.0,,,South,,,Grand,Avenue,,,,,,,,,,,,,90017.0,,Los Angeles,Los Angeles,,,,,LA City,{948AF7C7-E843-477D-9472-DDCA7759EF7E},0,,948AF7C7-E843-477D-9472-DDCA7759EF7E,Unknown,,S,,,Ave,S Grand Ave,2023/09/12 23:03:18+00,838 S Grand Ave Los Angeles 90017,948AF7C7-E843-477D-9472-DDCA7759EF7E_838_S_Grand_Ave_Los_Angeles_90017,Grand,838 S Grand Avenue Ave Los Angeles 90017,,,,
661501,1238248,,5144019008.0,,834.0,,,South,,,Grand,Avenue,,,,,,,,,,,,,90017.0,,Los Angeles,Los Angeles,,,,,LA City,{C376A86F-2779-4BD2-AC01-9F8FE56C8FAB},0,,C376A86F-2779-4BD2-AC01-9F8FE56C8FAB,Unknown,,S,,,Ave,S Grand Ave,2023/09/12 23:03:18+00,834 S Grand Ave Los Angeles 90017,C376A86F-2779-4BD2-AC01-9F8FE56C8FAB_834_S_Grand_Ave_Los_Angeles_90017,Grand,834 S Grand Avenue Ave Los Angeles 90017,,,,
661502,1238249,,5144019008.0,,840.0,,,South,,,Grand,Avenue,,,,,,,,,,,,,90017.0,,Los Angeles,Los Angeles,,,,,LA City,{9FC97822-25A0-480A-92EE-B4A086955397},0,,9FC97822-25A0-480A-92EE-B4A086955397,Unknown,,S,,,Ave,S Grand Ave,2023/09/12 23:03:18+00,840 S Grand Ave Los Angeles 90017,9FC97822-25A0-480A-92EE-B4A086955397_840_S_Grand_Ave_Los_Angeles_90017,Grand,840 S Grand Avenue Ave Los Angeles 90017,,,,
661503,1238250,,5144019009.0,,830.0,,,South,,,Grand,Avenue,,,,,,,,,,,,,90017.0,,Los Angeles,Los Angeles,,,,,LA City,{A82F63F2-10EE-47A6-A62A-77AE12E03D10},0,,A82F63F2-10EE-47A6-A62A-77AE12E03D10,Unknown,,S,,,Ave,S Grand Ave,2023/09/12 23:03:18+00,830 S Grand Ave Los Angeles 90017,A82F63F2-10EE-47A6-A62A-77AE12E03D10_830_S_Grand_Ave_Los_Angeles_90017,Grand,830 S Grand Avenue Ave Los Angeles 90017,,,,
661504,1238251,,5144019010.0,,826.0,,,South,,,Grand,Avenue,,,,,,,,,,,,,90017.0,,Los Angeles,Los Angeles,,,,,LA City,{A12F9A3A-CE23-49E0-B3EE-94649F802EE6},0,,A12F9A3A-CE23-49E0-B3EE-94649F802EE6,Unknown,,S,,,Ave,S Grand Ave,2023/09/12 23:03:18+00,826 S Grand Ave Los Angeles 90017,A12F9A3A-CE23-49E0-B3EE-94649F802EE6_826_S_Grand_Ave_Los_Angeles_90017,Grand,826 S Grand Avenue Ave Los Angeles 90017,,,,
661505,1238252,,5144019011.0,,822.0,,,South,,,Grand,Avenue,,,,,,,,,,,,,90017.0,,Los Angeles,Los Angeles,,,,,LA City,{1B5EC3B0-45C7-4014-9658-3C8DE3AFB37D},0,,1B5EC3B0-45C7-4014-9658-3C8DE3AFB37D,Unknown,,S,,,Ave,S Grand Ave,2023/09/12 23:03:18+00,822 S Grand Ave Los Angeles 90017,1B5EC3B0-45C7-4014-9658-3C8DE3AFB37D_822_S_Grand_Ave_Los_Angeles_90017,Grand,822 S Grand Avenue Ave Los Angeles 90017,,,,
661506,1238253,,5144019011.0,,824.0,1/2,,South,,,Grand,Avenue,,,,,,,,,,,,,90017.0,,Los Angeles,Los Angeles,,,,,LA City,{6BE5863A-038F-4778-861D-93D871313A7C},0,,6BE5863A-038F-4778-861D-93D871313A7C,Unknown,,S,,,Ave,S Grand Ave,2024/05/12 21:05:27+00,824 1/2 S Grand Ave Los Angeles 90017,6BE5863A-038F-4778-861D-93D871313A7C_824_1/2_S_Grand_Ave_Los_Angeles_90017,Grand,824 1/2 S Grand Avenue Ave Los Angeles 90017,,,,
661507,1238254,,5144019011.0,,824.0,,,South,,,Grand,Avenue,,,,,,,,,,,,,90017.0,,Los Angeles,Los Angeles,,,,,LA City,{D29D555A-167C-4A5B-8DF3-7850255C14E7},0,,D29D555A-167C-4A5B-8DF3-7850255C14E7,Unknown,,S,,,Ave,S Grand Ave,2024/05/12 21:05:27+00,824 S Grand Ave Los Angeles 90017,D29D555A-167C-4A5B-8DF3-7850255C14E7_824_S_Grand_Ave_Los_Angeles_90017,Grand,824 S Grand Avenue Ave Los Angeles 90017,,,,
661515,1238262,,5144019023.0,,816.0,,,South,,,Grand,Avenue,,,,,,,,,,,,,90017.0,,Los Angeles,Los Angeles,,,,,LA City,{F3F72FC1-9647-422F-AF50-4877324007E9},0,,F3F72FC1-9647-422F-AF50-4877324007E9,Unknown,,S,,,Ave,S Grand Ave,2023/09/12 23:03:18+00,816 S Grand Ave Los Angeles 90017,F3F72FC1-9647-422F-AF50-4877324007E9_816_S_Grand_Ave_Los_Angeles_90017,Grand,816 S Grand Avenue Ave Los Angeles 90017,,,,
661531,1238278,,5144019027.0,,800.0,,,South,,,Grand,Avenue,,,,,,,,,,,,,90017.0,,Los Angeles,Los Angeles,,,,,LA City,{4F125096-959F-46DD-B446-7A8E73F45CCD},0,,4F125096-959F-46DD-B446-7A8E73F45CCD,Unknown,,S,,,Ave,S Grand Ave,2023/09/12 23:03:18+00,800 S Grand Ave Los Angeles 90017,4F125096-959F-46DD-B446-7A8E73F45CCD_800_S_Grand_Ave_Los_Angeles_90017,Grand,800 S Grand Avenue Ave Los Angeles 90017,,,,
661532,1238279,,5144019027.0,,812.0,,,South,,,Grand,Avenue,,,,,,,,,,,,,90017.0,,Los Angeles,Los Angeles,,,,,LA City,{4877EDE8-C55E-45B4-8756-3787EBFFEF47},0,,4877EDE8-C55E-45B4-8756-3787EBFFEF47,Unknown,,S,,,Ave,S Grand Ave,2023/09/12 23:03:18+00,812 S Grand Ave Los Angeles 90017,4877EDE8-C55E-45B4-8756-3787EBFFEF47_812_S_Grand_Ave_Los_Angeles_90017,Grand,812 S Grand Avenue Ave Los Angeles 90017,,,,
661533,1238280,,5144019027.0,,810.0,,,South,,,Grand,Avenue,,,,,,,,,,,,,90017.0,,Los Angeles,Los Angeles,,,,,LA City,{27055433-A3F7-4B99-8E36-CE5F8CE8881F},0,,27055433-A3F7-4B99-8E36-CE5F8CE8881F,Unknown,,S,,,Ave,S Grand Ave,2023/09/12 23:03:18+00,810 S Grand Ave Los Angeles 90017,27055433-A3F7-4B99-8E36-CE5F8CE8881F_810_S_Grand_Ave_Los_Angeles_90017,Grand,810 S Grand Avenue Ave Los Angeles 90017,,,,
661534,1238281,,5144020011.0,,857.0,,,South,,,Grand,Avenue,,,,,,,,,,,,,90017.0,,Los Angeles,Los Angeles,,,,,LA City,{17EEBE13-9B79-4013-BA43-6B18F5030749},0,,17EEBE13-9B79-4013-BA43-6B18F5030749,Unknown,,S,,,Ave,S Grand Ave,2023/09/12 23:03:18+00,857 S Grand Ave Los Angeles 90017,17EEBE13-9B79-4013-BA43-6B18F5030749_857_S_Grand_Ave_Los_Angeles_90017,Grand,857 S Grand Avenue Ave Los Angeles 90017,,,,
661536,1238283,,5144020011.0,,859.0,,,South,,,Grand,Avenue,,,,,,,,,,,,,90017.0,,Los Angeles,Los Angeles,,,,,LA City,{B4F89254-9E9D-447F-B49B-B5C3824A4291},0,,B4F89254-9E9D-447F-B49B-B5C3824A4291,Unknown,,S,,,Ave,S Grand Ave,2023/09/12 23:03:18+00,859 S Grand Ave Los Angeles 90017,B4F89254-9E9D-447F-B49B-B5C3824A4291_859_S_Grand_Ave_Los_Angeles_90017,Grand,859 S Grand Avenue Ave Los Angeles 90017,,,,
661537,1238284,,5144020011.0,,861.0,,,South,,,Grand,Avenue,,,,,,,,,,,,,90017.0,,Los Angeles,Los Angeles,,,,,LA City,{82F51D08-A3AF-4AAD-8279-9E83DB93A7A8},0,,82F51D08-A3AF-4AAD-8279-9E83DB93A7A8,Unknown,,S,,,Ave,S Grand Ave,2023/09/12 23:03:18+00,861 S Grand Ave Los Angeles 90017,82F51D08-A3AF-4AAD-8279-9E83DB93A7A8_861_S_Grand_Ave_Los_Angeles_90017,Grand,861 S Grand Avenue Ave Los Angeles 90017,,,,
661538,1238285,,5144020012.0,,845.0,,,South,,,Grand,Avenue,,,,,,,,,,,,,90017.0,,Los Angeles,Los Angeles,,,,,LA City,{FBE12DFD-BE08-4878-A236-4323B6F62E52},0,,FBE12DFD-BE08-4878-A236-4323B6F62E52,Unknown,,S,,,Ave,S Grand Ave,2023/09/12 23:03:18+00,845 S Grand Ave Los Angeles 90017,FBE12DFD-BE08-4878-A236-4323B6F62E52_845_S_Grand_Ave_Los_Angeles_90017,Grand,845 S Grand Avenue Ave Los Angeles 90017,,,,
661539,1238286,,5144020012.0,,849.0,,,South,,,Grand,Avenue,,,,,,,,,,,,,90017.0,,Los Angeles,Los Angeles,,,,,LA City,{19616CFB-23AA-4F7D-946C-9DB29E850AA8},0,,19616CFB-23AA-4F7D-946C-9DB29E850AA8,Unknown,,S,,,Ave,S Grand Ave,2023/09/12 23:03:18+00,849 S Grand Ave Los Angeles 90017,19616CFB-23AA-4F7D-946C-9DB29E850AA8_849_S_Grand_Ave_Los_Angeles_90017,Grand,849 S Grand Avenue Ave Los Angeles 90017,,,,
661540,1238287,,5144020012.0,,843.0,,,South,,,Grand,Avenue,,,,,,,,,,,,,90017.0,,Los Angeles,Los Angeles,,,,,LA City,{CC957306-5B7B-41CA-9487-D398961B7234},0,,CC957306-5B7B-41CA-9487-D398961B7234,Unknown,,S,,,Ave,S Grand Ave,2023/09/12 23:03:18+00,843 S Grand Ave Los Angeles 90017,CC957306-5B7B-41CA-9487-D398961B7234_843_S_Grand_Ave_Los_Angeles_90017,Grand,843 S Grand Avenue Ave Los Angeles 90017,,,,
661541,1238288,,5144020012.0,,851.0,,,South,,,Grand,Avenue,,,,,,,,,,,,,90017.0,,Los Angeles,Los Angeles,,,,,LA City,{E47DFBB4-3557-4C20-894B-92DBC773F24D},0,,E47DFBB4-3557-4C20-894B-92DBC773F24D,Unknown,,S,,,Ave,S Grand Ave,2023/09/12 23:03:18+00,851 S Grand Ave Los Angeles 90017,E47DFBB4-3557-4C20-894B-92DBC773F24D_851_S_Grand_Ave_Los_Angeles_90017,Grand,851 S Grand Avenue Ave Los Angeles 90017,,,,
661542,1238289,,5144020012.0,,847.0,,,South,,,Grand,Avenue,,,,,,,,,,,,,90017.0,,Los Angeles,Los Angeles,,,,,LA City,{051FF480-07FF-458A-8181-9964F64554E8},0,,051FF480-07FF-458A-8181-9964F64554E8,Unknown,,S,,,Ave,S Grand Ave,2023/09/12 23:03:18+00,847 S Grand Ave Los Angeles 90017,051FF480-07FF-458A-8181-9964F64554E8_847_S_Grand_Ave_Los_Angeles_90017,Grand,847 S Grand Avenue Ave Los Angeles 90017,,,,
661543,1238290,,5144020040.0,,720.0,,,West,,,8Th,Street,,,,,,,,,,,,,90017.0,,Los Angeles,Los Angeles,,,,,LA City,{245FA79E-4AE8-4F1E-BE0C-B0654AE75C9F},0,,245FA79E-4AE8-4F1E-BE0C-B0654AE75C9F,Unknown,,W,,,St,W 8Th St,2023/09/12 23:03:18+00,720 W 8Th St Los Angeles 90017,245FA79E-4AE8-4F1E-BE0C-B0654AE75C9F_720_W_8Th_St_Los_Angeles_90017,8Th,720 W 8Th Street St Los Angeles 90017,,,,
661544,1238291,,5144020040.0,,810.0,,,South,,,Flower,Street,,,,,,,,,,,,,90017.0,,Los Angeles,Los Angeles,,,,,LA City,{C0972641-14C4-411C-9FAD-36F751B034EA},0,,C0972641-14C4-411C-9FAD-36F751B034EA,Unknown,,S,,,St,S Flower St,2023/09/12 23:03:18+00,810 S Flower St Los Angeles 90017,C0972641-14C4-411C-9FAD-36F751B034EA_810_S_Flower_St_Los_Angeles_90017,Flower,810 S Flower Street St Los Angeles 90017,,,,
661545,1238292,,5144020040.0,,800.0,,,South,,,Flower,Street,,,,,,,,,,,,,90017.0,,Los Angeles,Los Angeles,,,,,LA City,{1B865ABC-977A-4B37-9527-3A58F80DF295},0,,1B865ABC-977A-4B37-9527-3A58F80DF295,Unknown,,S,,,St,S Flower St,2023/09/12 23:03:18+00,800 S Flower St Los Angeles 90017,1B865ABC-977A-4B37-9527-3A58F80DF295_800_S_Flower_St_Los_Angeles_90017,Flower,800 S Flower Street St Los Angeles 90017,,,,
661546,1238293,,5144020042.0,,801.0,,,South,,,Grand,Avenue,,,,,,,,,,,,,90017.0,,Los Angeles,Los Angeles,,,,,LA City,{2A228130-57A3-40E0-BEB8-B210A71D9553},0,,2A228130-57A3-40E0-BEB8-B210A71D9553,Unknown,,S,,,Ave,S Grand Ave,2023/09/12 23:03:18+00,801 S Grand Ave Los Angeles 90017,2A228130-57A3-40E0-BEB8-B210A71D9553_801_S_Grand_Ave_Los_Angeles_90017,Grand,801 S Grand Avenue Ave Los Angeles 90017,,,,
661547,1238294,,5144020192.0,,831.0,,,South,,,Hope,Street,,,,,,,,,,,,,90017.0,,Los Angeles,Los Angeles,,,,,LA City,{190F8A18-8250-4CD9-9958-B59BFE2DE075},0,,190F8A18-8250-4CD9-9958-B59BFE2DE075,Unknown,,S,,,St,S Hope St,2023/09/12 23:03:18+00,831 S Hope St Los Angeles 90017,190F8A18-8250-4CD9-9958-B59BFE2DE075_831_S_Hope_St_Los_Angeles_90017,Hope,831 S Hope Street St Los Angeles 90017,,,,
661548,1238295,,5144020192.0,,830.0,,,South,,,Flower,Street,,,,,,,,,,,,,90017.0,,Los Angeles,Los Angeles,,,,,LA City,{DD3F2EA7-5B10-46C7-95CD-19358659BEA2},0,,DD3F2EA7-5B10-46C7-95CD-19358659BEA2,Unknown,,S,,,St,S Flower St,2023/09/12 23:03:18+00,830 S Flower St Los Angeles 90017,DD3F2EA7-5B10-46C7-95CD-19358659BEA2_830_S_Flower_St_Los_Angeles_90017,Flower,830 S Flower Street St Los Angeles 90017,,,,
661549,1238296,,5144020196.0,,850.0,,,South,,,Hope,Street,,,,,,,,,,,,,90017.0,,Los Angeles,Los Angeles,,,,,LA City,{44C78BEA-8090-4BC3-9ED5-E561AAC67186},0,,44C78BEA-8090-4BC3-9ED5-E561AAC67186,Unknown,,S,,,St,S Hope St,2023/09/12 23:03:18+00,850 S Hope St Los Angeles 90017,44C78BEA-8090-4BC3-9ED5-E561AAC67186_850_S_Hope_St_Los_Angeles_90017,Hope,850 S Hope Street St Los Angeles 90017,,,,
661550,1238297,,5144020196.0,,826.0,,,South,,,Hope,Street,,,,,,,,,,,,,90017.0,,Los Angeles,Los Angeles,,,,,LA City,{255EA2EF-05A3-4FA0-B96B-A3E6809E852E},0,,255EA2EF-05A3-4FA0-B96B-A3E6809E852E,Unknown,,S,,,St,S Hope St,2023/09/12 23:03:18+00,826 S Hope St Los Angeles 90017,255EA2EF-05A3-4FA0-B96B-A3E6809E852E_826_S_Hope_St_Los_Angeles_90017,Hope,826 S Hope Street St Los Angeles 90017,,,,
661551,1238298,,5144020196.0,,888.0,,,South,,,Hope,Street,,,,,,,,,,,,,90017.0,,Los Angeles,Los Angeles,,,,,LA City,{E79B1008-97FC-4FEF-B8F1-CDFFCEE8787E},0,,E79B1008-97FC-4FEF-B8F1-CDFFCEE8787E,Unknown,,S,,,St,S Hope St,2023/09/12 23:03:18+00,888 S Hope St Los Angeles 90017,E79B1008-97FC-4FEF-B8F1-CDFFCEE8787E_888_S_Hope_St_Los_Angeles_90017,Hope,888 S Hope Street St Los Angeles 90017,,,,
661552,1238299,,5144020196.0,,834.0,,,South,,,Hope,Street,,,,,,,,,,,,,90017.0,,Los Angeles,Los Angeles,,,,,LA City,{2B5F55E5-34AE-4379-8B22-E24A066650AA},0,,2B5F55E5-34AE-4379-8B22-E24A066650AA,Unknown,,S,,,St,S Hope St,2023/09/12 23:03:18+00,834 S Hope St Los Angeles 90017,2B5F55E5-34AE-4379-8B22-E24A066650AA_834_S_Hope_St_Los_Angeles_90017,Hope,834 S Hope Street St Los Angeles 90017,,,,
661554,1238301,,5144020196.0,,840.0,,,South,,,Hope,Street,,,,,,,,,,,,,90017.0,,Los Angeles,Los Angeles,,,,,LA City,{8E9FF883-763F-45D1-B35E-B8C8B2E4EDA4},0,,8E9FF883-763F-45D1-B35E-B8C8B2E4EDA4,Unknown,,S,,,St,S Hope St,2023/09/12 23:03:18+00,840 S Hope St Los Angeles 90017,8E9FF883-763F-45D1-B35E-B8C8B2E4EDA4_840_S_Hope_St_Los_Angeles_90017,Hope,840 S Hope Street St Los Angeles 90017,,,,
661558,1238305,,5144020201.0,,810.0,,,South,,,Hope,Street,,,,,,,,,,,,,90017.0,,Los Angeles,Los Angeles,,,,,LA City,{73830C83-1D2A-45C9-90B5-A3AFE5E1244D},0,,73830C83-1D2A-45C9-90B5-A3AFE5E1244D,Unknown,,S,,,St,S Hope St,2023/09/12 23:03:18+00,810 S Hope St Los Angeles 90017,73830C83-1D2A-45C9-90B5-A3AFE5E1244D_810_S_Hope_St_Los_Angeles_90017,Hope,810 S Hope Street St Los Angeles 90017,,,,
661559,1238306,,5144020201.0,,800.0,,,South,,,Hope,Street,,,,,,,,,,,,,90017.0,,Los Angeles,Los Angeles,,,,,LA City,{27F6DE98-8630-4AD2-B227-3CD993D46DD9},0,,27F6DE98-8630-4AD2-B227-3CD993D46DD9,Unknown,,S,,,St,S Hope St,2023/09/12 23:03:18+00,800 S Hope St Los Angeles 90017,27F6DE98-8630-4AD2-B227-3CD993D46DD9_800_S_Hope_St_Los_Angeles_90017,Hope,800 S Hope Street St Los Angeles 90017,,,,
661560,1238307,,5144020201.0,,614.0,,,West,,,8Th,Street,,,,,,,,,,,,,90017.0,,Los Angeles,Los Angeles,,,,,LA City,{4B1C9848-FD2C-4FBA-ABC3-351F6131C69F},0,,4B1C9848-FD2C-4FBA-ABC3-351F6131C69F,Unknown,,W,,,St,W 8Th St,2023/09/12 23:03:18+00,614 W 8Th St Los Angeles 90017,4B1C9848-FD2C-4FBA-ABC3-351F6131C69F_614_W_8Th_St_Los_Angeles_90017,8Th,614 W 8Th Street St Los Angeles 90017,,,,
661561,1238308,,5144020201.0,,624.0,,,West,,,8Th,Street,,,,,,,,,,,,,90017.0,,Los Angeles,Los Angeles,,,,,LA City,{39A8129E-EE32-446F-BD8A-AB169041479F},0,,39A8129E-EE32-446F-BD8A-AB169041479F,Unknown,,W,,,St,W 8Th St,2023/09/12 23:03:18+00,624 W 8Th St Los Angeles 90017,39A8129E-EE32-446F-BD8A-AB169041479F_624_W_8Th_St_Los_Angeles_90017,8Th,624 W 8Th Street St Los Angeles 90017,,,,
661562,1238309,,5144020201.0,,616.0,,,West,,,8Th,Street,,,,,,,,,,,,,90017.0,,Los Angeles,Los Angeles,,,,,LA City,{EB29A2D3-6841-4F14-A731-6A7591A0E782},0,,EB29A2D3-6841-4F14-A731-6A7591A0E782,Unknown,,W,,,St,W 8Th St,2023/09/12 23:03:18+00,616 W 8Th St Los Angeles 90017,EB29A2D3-6841-4F14-A731-6A7591A0E782_616_W_8Th_St_Los_Angeles_90017,8Th,616 W 8Th Street St Los Angeles 90017,,,,
661563,1238310,,5144020201.0,,806.0,,,South,,,Hope,Street,,,,,,,,,,,,,90017.0,,Los Angeles,Los Angeles,,,,,LA City,{AB98DEDD-8F5B-4C56-A1E5-632EBC4D3FF6},0,,AB98DEDD-8F5B-4C56-A1E5-632EBC4D3FF6,Unknown,,S,,,St,S Hope St,2023/09/12 23:03:18+00,806 S Hope St Los Angeles 90017,AB98DEDD-8F5B-4C56-A1E5-632EBC4D3FF6_806_S_Hope_St_Los_Angeles_90017,Hope,806 S Hope Street St Los Angeles 90017,,,,
661564,1238311,,5144020201.0,,808.0,,,South,,,Hope,Street,,,,,,,,,,,,,90017.0,,Los Angeles,Los Angeles,,,,,LA City,{68DD844A-97CE-49C7-B229-BAABAFF1FE34},0,,68DD844A-97CE-49C7-B229-BAABAFF1FE34,Unknown,,S,,,St,S Hope St,2023/09/12 23:03:18+00,808 S Hope St Los Angeles 90017,68DD844A-97CE-49C7-B229-BAABAFF1FE34_808_S_Hope_St_Los_Angeles_90017,Hope,808 S Hope Street St Los Angeles 90017,,,,
661565,1238312,,5144020201.0,,820.0,,,South,,,Hope,Street,,,,,,,,,,,,,90017.0,,Los Angeles,Los Angeles,,,,,LA City,{0F450C4F-CADD-4C5C-809A-78FD459A7EF9},0,,0F450C4F-CADD-4C5C-809A-78FD459A7EF9,Unknown,,S,,,St,S Hope St,2023/09/12 23:03:18+00,820 S Hope St Los Angeles 90017,0F450C4F-CADD-4C5C-809A-78FD459A7EF9_820_S_Hope_St_Los_Angeles_90017,Hope,820 S Hope Street St Los Angeles 90017,,,,
661566,1238313,,5144020201.0,,626.0,,,West,,,8Th,Street,,,,,,,,,,,,,90017.0,,Los Angeles,Los Angeles,,,,,LA City,{C6EFADF9-F0DB-45FD-B359-2E51289A1FFA},0,,C6EFADF9-F0DB-45FD-B359-2E51289A1FFA,Unknown,,W,,,St,W 8Th St,2023/09/12 23:03:18+00,626 W 8Th St Los Angeles 90017,C6EFADF9-F0DB-45FD-B359-2E51289A1FFA_626_W_8Th_St_Los_Angeles_90017,8Th,626 W 8Th Street St Los Angeles 90017,,,,
661567,1238314,,5144020201.0,,620.0,,,West,,,8Th,Street,,,,,,,,,,,,,90017.0,,Los Angeles,Los Angeles,,,,,LA City,{A5289A4A-CAB4-44C2-B44B-8DE513ACF20D},0,,A5289A4A-CAB4-44C2-B44B-8DE513ACF20D,Unknown,,W,,,St,W 8Th St,2023/09/12 23:03:18+00,620 W 8Th St Los Angeles 90017,A5289A4A-CAB4-44C2-B44B-8DE513ACF20D_620_W_8Th_St_Los_Angeles_90017,8Th,620 W 8Th Street St Los Angeles 90017,,,,
661568,1238315,,5144020201.0,,630.0,,,West,,,8Th,Street,,,,,,,,,,,,,90017.0,,Los Angeles,Los Angeles,,,,,LA City,{B492CD95-E0C2-435E-A903-5E94356C0CE6},0,,B492CD95-E0C2-435E-A903-5E94356C0CE6,Unknown,,W,,,St,W 8Th St,2023/09/12 23:03:18+00,630 W 8Th St Los Angeles 90017,B492CD95-E0C2-435E-A903-5E94356C0CE6_630_W_8Th_St_Los_Angeles_90017,8Th,630 W 8Th Street St Los Angeles 90017,,,,
661569,1238316,,5144020201.0,,618.0,,,West,,,8Th,Street,,,,,,,,,,,,,90017.0,,Los Angeles,Los Angeles,,,,,LA City,{E8570FAC-7271-4062-81CA-6136AD8AFF6B},0,,E8570FAC-7271-4062-81CA-6136AD8AFF6B,Unknown,,W,,,St,W 8Th St,2023/09/12 23:03:18+00,618 W 8Th St Los Angeles 90017,E8570FAC-7271-4062-81CA-6136AD8AFF6B_618_W_8Th_St_Los_Angeles_90017,8Th,618 W 8Th Street St Los Angeles 90017,,,,
661570,1238317,,5144020201.0,,622.0,,,West,,,8Th,Street,,,,,,,,,,,,,90017.0,,Los Angeles,Los Angeles,,,,,LA City,{3CE1939A-C11A-4494-94AB-5D28F59DD4D8},0,,3CE1939A-C11A-4494-94AB-5D28F59DD4D8,Unknown,,W,,,St,W 8Th St,2023/09/12 23:03:18+00,622 W 8Th St Los Angeles 90017,3CE1939A-C11A-4494-94AB-5D28F59DD4D8_622_W_8Th_St_Los_Angeles_90017,8Th,622 W 8Th Street St Los Angeles 90017,,,,
661571,1238318,,5144020201.0,,628.0,,,West,,,8Th,Street,,,,,,,,,,,,,90017.0,,Los Angeles,Los Angeles,,,,,LA City,{48189806-A44C-46D9-B0E5-A51843FC960F},0,,48189806-A44C-46D9-B0E5-A51843FC960F,Unknown,,W,,,St,W 8Th St,2023/09/12 23:03:18+00,628 W 8Th St Los Angeles 90017,48189806-A44C-46D9-B0E5-A51843FC960F_628_W_8Th_St_Los_Angeles_90017,8Th,628 W 8Th Street St Los Angeles 90017,,,,
661572,1238319,,5144020201.0,,814.0,,,South,,,Hope,Street,,,,,,,,,,,,,90017.0,,Los Angeles,Los Angeles,,,,,LA City,{0F0CF1EE-EFCF-4346-BCFF-3D113BD19113},0,,0F0CF1EE-EFCF-4346-BCFF-3D113BD19113,Unknown,,S,,,St,S Hope St,2023/09/12 23:03:18+00,814 S Hope St Los Angeles 90017,0F0CF1EE-EFCF-4346-BCFF-3D113BD19113_814_S_Hope_St_Los_Angeles_90017,Hope,814 S Hope Street St Los Angeles 90017,,,,
661573,1238320,,5144021029.0,,810.0,,,West,,,8Th,Street,,,,,,,,,,,,,90017.0,,Los Angeles,Los Angeles,,,,,LA City,{6AE740AD-3BC2-4595-A2B7-54BEFD672736},0,,6AE740AD-3BC2-4595-A2B7-54BEFD672736,Unknown,,W,,,St,W 8Th St,2023/09/12 23:03:18+00,810 W 8Th St Los Angeles 90017,6AE740AD-3BC2-4595-A2B7-54BEFD672736_810_W_8Th_St_Los_Angeles_90017,8Th,810 W 8Th Street St Los Angeles 90017,,,,
661574,1238321,,5144021029.0,,804.0,,,West,,,8Th,Street,,,,,,,,,,,,,90017.0,,Los Angeles,Los Angeles,,,,,LA City,{AA0131DB-86E4-4BC0-AC1C-3F66F5482CB1},0,,AA0131DB-86E4-4BC0-AC1C-3F66F5482CB1,Unknown,,W,,,St,W 8Th St,2023/09/12 23:03:18+00,804 W 8Th St Los Angeles 90017,AA0131DB-86E4-4BC0-AC1C-3F66F5482CB1_804_W_8Th_St_Los_Angeles_90017,8Th,804 W 8Th Street St Los Angeles 90017,,,,
661575,1238322,,5144021029.0,,812.0,,,West,,,8Th,Street,,,,,,,,,,,,,90017.0,,Los Angeles,Los Angeles,,,,,LA City,{461B126A-CC84-47FF-9BF3-191A1EF97F87},0,,461B126A-CC84-47FF-9BF3-191A1EF97F87,Unknown,,W,,,St,W 8Th St,2023/09/12 23:03:18+00,812 W 8Th St Los Angeles 90017,461B126A-CC84-47FF-9BF3-191A1EF97F87_812_W_8Th_St_Los_Angeles_90017,8Th,812 W 8Th Street St Los Angeles 90017,,,,
661576,1238323,,5144021029.0,,816.0,,,West,,,8Th,Street,,,,,,,,,,,,,90017.0,,Los Angeles,Los Angeles,,,,,LA City,{2FA7E686-C1E7-4E11-8F2B-30C18EDA9AE6},0,,2FA7E686-C1E7-4E11-8F2B-30C18EDA9AE6,Unknown,,W,,,St,W 8Th St,2023/09/12 23:03:18+00,816 W 8Th St Los Angeles 90017,2FA7E686-C1E7-4E11-8F2B-30C18EDA9AE6_816_W_8Th_St_Los_Angeles_90017,8Th,816 W 8Th Street St Los Angeles 90017,,,,
661577,1238324,,5144021029.0,,808.0,,,West,,,8Th,Street,,,,,,,,,,,,,90017.0,,Los Angeles,Los Angeles,,,,,LA City,{402BCE9D-9F5D-4DCB-BABC-671E0B2F1C65},0,,402BCE9D-9F5D-4DCB-BABC-671E0B2F1C65,Unknown,,W,,,St,W 8Th St,2023/09/12 23:03:18+00,808 W 8Th St Los Angeles 90017,402BCE9D-9F5D-4DCB-BABC-671E0B2F1C65_808_W_8Th_St_Los_Angeles_90017,8Th,808 W 8Th Street St Los Angeles 90017,,,,
661578,1238325,,5144021029.0,,814.0,,,West,,,8Th,Street,,,,,,,,,,,,,90017.0,,Los Angeles,Los Angeles,,,,,LA City,{512FD897-00AE-40CF-A7A0-1749A9FC30AE},0,,512FD897-00AE-40CF-A7A0-1749A9FC30AE,Unknown,,W,,,St,W 8Th St,2023/09/12 23:03:18+00,814 W 8Th St Los Angeles 90017,512FD897-00AE-40CF-A7A0-1749A9FC30AE_814_W_8Th_St_Los_Angeles_90017,8Th,814 W 8Th Street St Los Angeles 90017,,,,
661579,1238326,,5144021029.0,,802.0,,,West,,,8Th,Street,,,,,,,,,,,,,90017.0,,Los Angeles,Los Angeles,,,,,LA City,{0F2D1385-C758-4D73-91C6-24CF358529B1},0,,0F2D1385-C758-4D73-91C6-24CF358529B1,Unknown,,W,,,St,W 8Th St,2023/09/12 23:03:18+00,802 W 8Th St Los Angeles 90017,0F2D1385-C758-4D73-91C6-24CF358529B1_802_W_8Th_St_Los_Angeles_90017,8Th,802 W 8Th Street St Los Angeles 90017,,,,
661580,1238327,,5144021029.0,,806.0,,,West,,,8Th,Street,,,,,,,,,,,,,90017.0,,Los Angeles,Los Angeles,,,,,LA City,{7665C2A1-19F8-4FAA-BB1A-4828E99290CC},0,,7665C2A1-19F8-4FAA-BB1A-4828E99290CC,Unknown,,W,,,St,W 8Th St,2023/09/12 23:03:18+00,806 W 8Th St Los Angeles 90017,7665C2A1-19F8-4FAA-BB1A-4828E99290CC_806_W_8Th_St_Los_Angeles_90017,8Th,806 W 8Th Street St Los Angeles 90017,,,,
661581,1238328,,5144021030.0,,807.0,,,South,,,Flower,Street,,,,,,,,,,,,,90017.0,,Los Angeles,Los Angeles,,,,,LA City,{09841241-EBA5-40BC-BD9C-B9E755093E7F},0,,09841241-EBA5-40BC-BD9C-B9E755093E7F,Unknown,,S,,,St,S Flower St,2023/09/12 23:03:18+00,807 S Flower St Los Angeles 90017,09841241-EBA5-40BC-BD9C-B9E755093E7F_807_S_Flower_St_Los_Angeles_90017,Flower,807 S Flower Street St Los Angeles 90017,,,,
661582,1238329,,5144021030.0,,809.0,,,South,,,Flower,Street,,,,,,,,,,,,,90017.0,,Los Angeles,Los Angeles,,,,,Assessor,{4913C217-2A43-449D-96DE-AB2EE74D7512},0,,4913C217-2A43-449D-96DE-AB2EE74D7512,Unknown,,S,,,St,S Flower St,2024/04/27 17:13:09+00,809 S Flower St Los Angeles 90017,4913C217-2A43-449D-96DE-AB2EE74D7512_809_S_Flower_St_Los_Angeles_90017,Flower,809 S Flower Street St Los Angeles 90017,,,,
661583,1238330,,5144021031.0,,813.0,,,South,,,Flower,Street,,,,,,,,,,,,,90017.0,,Los Angeles,Los Angeles,,,,,LA City,{21882C79-D575-4761-A055-5DB8130D53AE},0,,21882C79-D575-4761-A055-5DB8130D53AE,Unknown,,S,,,St,S Flower St,2023/09/12 23:03:18+00,813 S Flower St Los Angeles 90017,21882C79-D575-4761-A055-5DB8130D53AE_813_S_Flower_St_Los_Angeles_90017,Flower,813 S Flower Street St Los Angeles 90017,,,,
661584,1238331,,5144021031.0,,815.0,,,South,,,Flower,Street,,,,,,,,,,,,,90017.0,,Los Angeles,Los Angeles,,,,,LA City,{4330C61C-BB1A-4D5D-A1F0-F27F6EA00CD5},0,,4330C61C-BB1A-4D5D-A1F0-F27F6EA00CD5,Unknown,,S,,,St,S Flower St,2023/09/12 23:03:18+00,815 S Flower St Los Angeles 90017,4330C61C-BB1A-4D5D-A1F0-F27F6EA00CD5_815_S_Flower_St_Los_Angeles_90017,Flower,815 S Flower Street St Los Angeles 90017,,,,
661585,1238332,,5144021032.0,,819.0,,,South,,,Flower,Street,,,,,,,,,,,,,90017.0,,Los Angeles,Los Angeles,,,,,LA City,{A2BD23C3-595C-46B5-A381-865898683119},0,,A2BD23C3-595C-46B5-A381-865898683119,Unknown,,S,,,St,S Flower St,2023/09/12 23:03:18+00,819 S Flower St Los Angeles 90017,A2BD23C3-595C-46B5-A381-865898683119_819_S_Flower_St_Los_Angeles_90017,Flower,819 S Flower Street St Los Angeles 90017,,,,
661586,1238333,,5144021035.0,,818.0,,,South,,,Figueroa,Street,,,,,,,,,,,,,90017.0,,Los Angeles,Los Angeles,,,,,LA City,{224EC338-092F-4488-A0E9-4BFDCE87D85C},0,,224EC338-092F-4488-A0E9-4BFDCE87D85C,Unknown,,S,,,St,S Figueroa St,2023/09/12 23:03:18+00,818 S Figueroa St Los Angeles 90017,224EC338-092F-4488-A0E9-4BFDCE87D85C_818_S_Figueroa_St_Los_Angeles_90017,Figueroa,818 S Figueroa Street St Los Angeles 90017,,,,
661587,1238334,,5144021035.0,,814.0,,,South,,,Figueroa,Street,,,,,,,,,,,,,90017.0,,Los Angeles,Los Angeles,,,,,LA City,{E010BEC1-F677-4592-8F29-BFFD6B706E67},0,,E010BEC1-F677-4592-8F29-BFFD6B706E67,Unknown,,S,,,St,S Figueroa St,2023/09/12 23:03:18+00,814 S Figueroa St Los Angeles 90017,E010BEC1-F677-4592-8F29-BFFD6B706E67_814_S_Figueroa_St_Los_Angeles_90017,Figueroa,814 S Figueroa Street St Los Angeles 90017,,,,
661588,1238335,,5144021035.0,,816.0,,,South,,,Figueroa,Street,,,,,,,,,,,,,90017.0,,Los Angeles,Los Angeles,,,,,LA City,{0612A620-AE21-445B-B8E5-28DB70AEC42B},0,,0612A620-AE21-445B-B8E5-28DB70AEC42B,Unknown,,S,,,St,S Figueroa St,2023/09/12 23:03:18+00,816 S Figueroa St Los Angeles 90017,0612A620-AE21-445B-B8E5-28DB70AEC42B_816_S_Figueroa_St_Los_Angeles_90017,Figueroa,816 S Figueroa Street St Los Angeles 90017,,,,
661589,1238336,,5144021039.0,,818.0,,,West,,,8Th,Street,,,,,,,,,,,,,90017.0,,Los Angeles,Los Angeles,,,,,LA City,{7EF137C1-F597-46C9-97B2-5120473F1AA9},0,,7EF137C1-F597-46C9-97B2-5120473F1AA9,Unknown,,W,,,St,W 8Th St,2023/09/12 23:03:18+00,818 W 8Th St Los Angeles 90017,7EF137C1-F597-46C9-97B2-5120473F1AA9_818_W_8Th_St_Los_Angeles_90017,8Th,818 W 8Th Street St Los Angeles 90017,,,,
661590,1238337,,5144021039.0,,820.0,,,West,,,8Th,Street,,,,,,,,,,,,,90017.0,,Los Angeles,Los Angeles,,,,,LA City,{713951CA-956F-4FCC-8980-D84474D0841F},0,,713951CA-956F-4FCC-8980-D84474D0841F,Unknown,,W,,,St,W 8Th St,2023/09/12 23:03:18+00,820 W 8Th St Los Angeles 90017,713951CA-956F-4FCC-8980-D84474D0841F_820_W_8Th_St_Los_Angeles_90017,8Th,820 W 8Th Street St Los Angeles 90017,,,,
661591,1238338,,5144021039.0,,822.0,,,West,,,8Th,Street,,,,,,,,,,,,,90017.0,,Los Angeles,Los Angeles,,,,,LA City,{27F301AB-01B6-492A-BD17-8AA50031D987},0,,27F301AB-01B6-492A-BD17-8AA50031D987,Unknown,,W,,,St,W 8Th St,2023/09/12 23:03:18+00,822 W 8Th St Los Angeles 90017,27F301AB-01B6-492A-BD17-8AA50031D987_822_W_8Th_St_Los_Angeles_90017,8Th,822 W 8Th Street St Los Angeles 90017,,,,
661592,1238339,,5144021041.0,,827.0,,,South,,,Flower,Street,,,,,,,,,,,,,90017.0,,Los Angeles,Los Angeles,,,,,LA City,{68A29468-8CD6-458C-88C6-B7DDCAB48B6C},0,,68A29468-8CD6-458C-88C6-B7DDCAB48B6C,Unknown,,S,,,St,S Flower St,2023/09/12 23:03:18+00,827 S Flower St Los Angeles 90017,68A29468-8CD6-458C-88C6-B7DDCAB48B6C_827_S_Flower_St_Los_Angeles_90017,Flower,827 S Flower Street St Los Angeles 90017,,,,
661593,1238340,,5144021041.0,,831.0,,,South,,,Flower,Street,,,,,,,,,,,,,90017.0,,Los Angeles,Los Angeles,,,,,LA City,{E62D44B8-F5B4-409B-A357-877BE56D8828},0,,E62D44B8-F5B4-409B-A357-877BE56D8828,Unknown,,S,,,St,S Flower St,2023/09/12 23:03:18+00,831 S Flower St Los Angeles 90017,E62D44B8-F5B4-409B-A357-877BE56D8828_831_S_Flower_St_Los_Angeles_90017,Flower,831 S Flower Street St Los Angeles 90017,,,,
661594,1238341,,5144021041.0,,823.0,,,South,,,Flower,Street,,,,,,,,,,,,,90017.0,,Los Angeles,Los Angeles,,,,,LA City,{1C70D083-FD9A-4291-A19E-F270E985DACC},0,,1C70D083-FD9A-4291-A19E-F270E985DACC,Unknown,,S,,,St,S Flower St,2023/09/12 23:03:18+00,823 S Flower St Los Angeles 90017,1C70D083-FD9A-4291-A19E-F270E985DACC_823_S_Flower_St_Los_Angeles_90017,Flower,823 S Flower Street St Los Angeles 90017,,,,
661595,1238342,,5144021041.0,,837.0,,,South,,,Flower,Street,,,,,,,,,,,,,90017.0,,Los Angeles,Los Angeles,,,,,LA City,{8111ECC6-808F-4A1B-BD48-FA4FA27BF4D3},0,,8111ECC6-808F-4A1B-BD48-FA4FA27BF4D3,Unknown,,S,,,St,S Flower St,2023/09/12 23:03:18+00,837 S Flower St Los Angeles 90017,8111ECC6-808F-4A1B-BD48-FA4FA27BF4D3_837_S_Flower_St_Los_Angeles_90017,Flower,837 S Flower Street St Los Angeles 90017,,,,
661596,1238343,,5144021041.0,,833.0,,,South,,,Flower,Street,,,,,,,,,,,,,90017.0,,Los Angeles,Los Angeles,,,,,LA City,{CFB3E65E-D8D3-4413-A4EB-D91D1745AFA4},0,,CFB3E65E-D8D3-4413-A4EB-D91D1745AFA4,Unknown,,S,,,St,S Flower St,2023/09/12 23:03:18+00,833 S Flower St Los Angeles 90017,CFB3E65E-D8D3-4413-A4EB-D91D1745AFA4_833_S_Flower_St_Los_Angeles_90017,Flower,833 S Flower Street St Los Angeles 90017,,,,
661597,1238344,,5144021041.0,,835.0,,,South,,,Flower,Street,,,,,,,,,,,,,90017.0,,Los Angeles,Los Angeles,,,,,LA City,{5821C3E1-9A66-497C-B7A5-D1E793760B03},0,,5821C3E1-9A66-497C-B7A5-D1E793760B03,Unknown,,S,,,St,S Flower St,2023/09/12 23:03:18+00,835 S Flower St Los Angeles 90017,5821C3E1-9A66-497C-B7A5-D1E793760B03_835_S_Flower_St_Los_Angeles_90017,Flower,835 S Flower Street St Los Angeles 90017,,,,
661598,1238345,,5144021041.0,,839.0,,,South,,,Flower,Street,,,,,,,,,,,,,90017.0,,Los Angeles,Los Angeles,,,,,LA City,{54712707-CC8F-46E9-9A2A-F7245A29D4B7},0,,54712707-CC8F-46E9-9A2A-F7245A29D4B7,Unknown,,S,,,St,S Flower St,2023/09/12 23:03:18+00,839 S Flower St Los Angeles 90017,54712707-CC8F-46E9-9A2A-F7245A29D4B7_839_S_Flower_St_Los_Angeles_90017,Flower,839 S Flower Street St Los Angeles 90017,,,,
661599,1238346,,5144021041.0,,829.0,,,South,,,Flower,Street,,,,,,,,,,,,,90017.0,,Los Angeles,Los Angeles,,,,,LA City,{B7C5E733-59B4-48C3-A07E-5F3C8309CC5C},0,,B7C5E733-59B4-48C3-A07E-5F3C8309CC5C,Unknown,,S,,,St,S Flower St,2023/09/12 23:03:18+00,829 S Flower St Los Angeles 90017,B7C5E733-59B4-48C3-A07E-5F3C8309CC5C_829_S_Flower_St_Los_Angeles_90017,Flower,829 S Flower Street St Los Angeles 90017,,,,
661600,1238347,,5144021043.0,,888.0,,,South,,,Figueroa,Street,,,,,,,,,,,,,90017.0,,Los Angeles,Los Angeles,,,,,LA City,{A1EB6743-262B-450E-BBDD-96BC2168D752},0,,A1EB6743-262B-450E-BBDD-96BC2168D752,Unknown,,S,,,St,S Figueroa St,2023/09/12 23:03:18+00,888 S Figueroa St Los Angeles 90017,A1EB6743-262B-450E-BBDD-96BC2168D752_888_S_Figueroa_St_Los_Angeles_90017,Figueroa,888 S Figueroa Street St Los Angeles 90017,,,,
661601,1238348,,5144021043.0,,828.0,,,South,,,Figueroa,Street,,,,,,,,,,,,,90017.0,,Los Angeles,Los Angeles,,,,,LA City,{7DD1F814-527F-43CF-83D6-CE986C161B35},0,,7DD1F814-527F-43CF-83D6-CE986C161B35,Unknown,,S,,,St,S Figueroa St,2023/09/12 23:03:18+00,828 S Figueroa St Los Angeles 90017,7DD1F814-527F-43CF-83D6-CE986C161B35_828_S_Figueroa_St_Los_Angeles_90017,Figueroa,828 S Figueroa Street St Los Angeles 90017,,,,
661602,1238349,,5144021043.0,,824.0,,,South,,,Figueroa,Street,,,,,,,,,,,,,90017.0,,Los Angeles,Los Angeles,,,,,LA City,{295E0D3D-6B93-4106-A8D1-084120FD5B3D},0,,295E0D3D-6B93-4106-A8D1-084120FD5B3D,Unknown,,S,,,St,S Figueroa St,2023/09/12 23:03:18+00,824 S Figueroa St Los Angeles 90017,295E0D3D-6B93-4106-A8D1-084120FD5B3D_824_S_Figueroa_St_Los_Angeles_90017,Figueroa,824 S Figueroa Street St Los Angeles 90017,,,,
661603,1238350,,5144021043.0,,822.0,,,South,,,Figueroa,Street,,,,,,,,,,,,,90017.0,,Los Angeles,Los Angeles,,,,,LA City,{671B8548-8500-4825-9500-16AD660F2CBB},0,,671B8548-8500-4825-9500-16AD660F2CBB,Unknown,,S,,,St,S Figueroa St,2023/09/12 23:03:18+00,822 S Figueroa St Los Angeles 90017,671B8548-8500-4825-9500-16AD660F2CBB_822_S_Figueroa_St_Los_Angeles_90017,Figueroa,822 S Figueroa Street St Los Angeles 90017,,,,
661607,1238354,,5144022052.0,,873.0,,,South,,,Figueroa,Street,,,,,,,,,,,,,90017.0,,Los Angeles,Los Angeles,,,,,LA City,{5004BFF9-AE20-409E-BF89-3D3AB6881D78},0,,5004BFF9-AE20-409E-BF89-3D3AB6881D78,Unknown,,S,,,St,S Figueroa St,2023/09/12 23:03:18+00,873 S Figueroa St Los Angeles 90017,5004BFF9-AE20-409E-BF89-3D3AB6881D78_873_S_Figueroa_St_Los_Angeles_90017,Figueroa,873 S Figueroa Street St Los Angeles 90017,,,,
661608,1238355,,5144022052.0,,875.0,,,South,,,Figueroa,Street,,,,,,,,,,,,,90017.0,,Los Angeles,Los Angeles,,,,,LA City,{C2D88FE6-1815-4220-B274-7B3DB64F92BF},0,,C2D88FE6-1815-4220-B274-7B3DB64F92BF,Unknown,,S,,,St,S Figueroa St,2023/09/12 23:03:18+00,875 S Figueroa St Los Angeles 90017,C2D88FE6-1815-4220-B274-7B3DB64F92BF_875_S_Figueroa_St_Los_Angeles_90017,Figueroa,875 S Figueroa Street St Los Angeles 90017,,,,
661609,1238356,,5144022052.0,,877.0,,,South,,,Figueroa,Street,,,,,,,,,,,,,90017.0,,Los Angeles,Los Angeles,,,,,LA City,{F5D0B107-AB39-4339-89F2-8C0B2DFE08F8},0,,F5D0B107-AB39-4339-89F2-8C0B2DFE08F8,Unknown,,S,,,St,S Figueroa St,2023/09/12 23:03:18+00,877 S Figueroa St Los Angeles 90017,F5D0B107-AB39-4339-89F2-8C0B2DFE08F8_877_S_Figueroa_St_Los_Angeles_90017,Figueroa,877 S Figueroa Street St Los Angeles 90017,,,,
661612,1238359,,5144022057.0,,865.0,,,South,,,Figueroa,Street,,,,,,,,,,,,,90017.0,,Los Angeles,Los Angeles,,,,,LA City,{9790BE30-F5BA-4D08-BEEC-6BC1DEB32865},0,,9790BE30-F5BA-4D08-BEEC-6BC1DEB32865,Unknown,,S,,,St,S Figueroa St,2023/09/12 23:03:18+00,865 S Figueroa St Los Angeles 90017,9790BE30-F5BA-4D08-BEEC-6BC1DEB32865_865_S_Figueroa_St_Los_Angeles_90017,Figueroa,865 S Figueroa Street St Los Angeles 90017,,,,
661613,1238360,,5144022057.0,,944.0,,,West,,,8Th,Place,,,,,,,,,,,,,90017.0,,Los Angeles,Los Angeles,,,,,LA City,{342BCA22-C0BE-4921-B291-0AFDAD9DC980},0,,342BCA22-C0BE-4921-B291-0AFDAD9DC980,Unknown,,W,,,Pl,W 8Th Pl,2023/09/12 23:03:18+00,944 W 8Th Pl Los Angeles 90017,342BCA22-C0BE-4921-B291-0AFDAD9DC980_944_W_8Th_Pl_Los_Angeles_90017,8Th,944 W 8Th Place Pl Los Angeles 90017,,,,
661614,1238361,,5144022057.0,,930.0,,,West,,,8Th,Place,,,,,,,,,,,,,90017.0,,Los Angeles,Los Angeles,,,,,LA City,{5AAA2B43-3841-47A9-B5AE-8A88EA20F8BF},0,,5AAA2B43-3841-47A9-B5AE-8A88EA20F8BF,Unknown,,W,,,Pl,W 8Th Pl,2023/09/12 23:03:18+00,930 W 8Th Pl Los Angeles 90017,5AAA2B43-3841-47A9-B5AE-8A88EA20F8BF_930_W_8Th_Pl_Los_Angeles_90017,8Th,930 W 8Th Place Pl Los Angeles 90017,,,,
661617,1238364,,5144022057.0,,817.0,1/2,,West,,,James M. Wood,Boulevard,,,,,,,,,,,,,90017.0,,Los Angeles,Los Angeles,,,,,LA City,{4750F5BB-3A7B-4868-8449-18D9C194F9D1},0,,4750F5BB-3A7B-4868-8449-18D9C194F9D1,Unknown,,W,,,Blvd,W James M. Wood Blvd,2024/05/12 21:05:27+00,817 1/2 W James M. Wood Blvd Los Angeles 90017,4750F5BB-3A7B-4868-8449-18D9C194F9D1_817_1/2_W_James_M._Wood_Blvd_Los_Angeles_90017,James M. Wood,817 1/2 W James M. Wood Boulevard Blvd Los Angeles 90017,,,,
661618,1238365,,5144022057.0,,817.0,,,West,,,James M. Wood,Boulevard,,,,,,,,,,,,,90017.0,,Los Angeles,Los Angeles,,,,,LA City,{F0C537F0-E190-4D1F-94B5-ED86ABA4716A},0,,F0C537F0-E190-4D1F-94B5-ED86ABA4716A,Unknown,,W,,,Blvd,W James M. Wood Blvd,2024/05/12 21:05:27+00,817 W James M. Wood Blvd Los Angeles 90017,F0C537F0-E190-4D1F-94B5-ED86ABA4716A_817_W_James_M._Wood_Blvd_Los_Angeles_90017,James M. Wood,817 W James M. Wood Boulevard Blvd Los Angeles 90017,,,,
661621,1238368,,5144022063.0,,807.0,,,South,,,Figueroa,Street,,,,,,,,,,,,,90017.0,,Los Angeles,Los Angeles,,,,,LA City,{A94828BC-9DEE-495A-95E6-2AD4C61E232B},0,,A94828BC-9DEE-495A-95E6-2AD4C61E232B,Unknown,,S,,,St,S Figueroa St,2023/09/12 23:03:18+00,807 S Figueroa St Los Angeles 90017,A94828BC-9DEE-495A-95E6-2AD4C61E232B_807_S_Figueroa_St_Los_Angeles_90017,Figueroa,807 S Figueroa Street St Los Angeles 90017,,,,
661622,1238369,,5144022063.0,,819.0,,,South,,,Figueroa,Street,,,,,,,,,,,,,90017.0,,Los Angeles,Los Angeles,,,,,LA City,{C1964CBF-2150-4F43-9B39-293389E32DA2},0,,C1964CBF-2150-4F43-9B39-293389E32DA2,Unknown,,S,,,St,S Figueroa St,2023/09/12 23:03:18+00,819 S Figueroa St Los Angeles 90017,C1964CBF-2150-4F43-9B39-293389E32DA2_819_S_Figueroa_St_Los_Angeles_90017,Figueroa,819 S Figueroa Street St Los Angeles 90017,,,,
661623,1238370,,5144022063.0,,815.0,,,South,,,Figueroa,Street,,,,,,,,,,,,,90017.0,,Los Angeles,Los Angeles,,,,,LA City,{A2F133C0-CCDF-4F3B-80B3-E455186859E1},0,,A2F133C0-CCDF-4F3B-80B3-E455186859E1,Unknown,,S,,,St,S Figueroa St,2023/09/12 23:03:18+00,815 S Figueroa St Los Angeles 90017,A2F133C0-CCDF-4F3B-80B3-E455186859E1_815_S_Figueroa_St_Los_Angeles_90017,Figueroa,815 S Figueroa Street St Los Angeles 90017,,,,
661624,1238371,,5144022063.0,,811.0,,,South,,,Figueroa,Street,,,,,,,,,,,,,90017.0,,Los Angeles,Los Angeles,,,,,LA City,{C58AB42B-7CC8-4761-85FC-378BA273BC32},0,,C58AB42B-7CC8-4761-85FC-378BA273BC32,Unknown,,S,,,St,S Figueroa St,2023/09/12 23:03:18+00,811 S Figueroa St Los Angeles 90017,C58AB42B-7CC8-4761-85FC-378BA273BC32_811_S_Figueroa_St_Los_Angeles_90017,Figueroa,811 S Figueroa Street St Los Angeles 90017,,,,
661625,1238372,,5144022063.0,,801.0,,,South,,,Figueroa,Street,,,,,,,,,,,,,90017.0,,Los Angeles,Los Angeles,,,,,LA City,{AF0B1D7C-8211-4471-B183-187BCA7D14DF},0,,AF0B1D7C-8211-4471-B183-187BCA7D14DF,Unknown,,S,,,St,S Figueroa St,2023/09/12 23:03:18+00,801 S Figueroa St Los Angeles 90017,AF0B1D7C-8211-4471-B183-187BCA7D14DF_801_S_Figueroa_St_Los_Angeles_90017,Figueroa,801 S Figueroa Street St Los Angeles 90017,,,,
661626,1238373,,5144022063.0,,813.0,,,South,,,Figueroa,Street,,,,,,,,,,,,,90017.0,,Los Angeles,Los Angeles,,,,,LA City,{806DC413-745B-497F-A9CC-CE4237E7B0DE},0,,806DC413-745B-497F-A9CC-CE4237E7B0DE,Unknown,,S,,,St,S Figueroa St,2023/09/12 23:03:18+00,813 S Figueroa St Los Angeles 90017,806DC413-745B-497F-A9CC-CE4237E7B0DE_813_S_Figueroa_St_Los_Angeles_90017,Figueroa,813 S Figueroa Street St Los Angeles 90017,,,,
661627,1238374,,5144022063.0,,918.0,,,West,,,8Th,Street,,,,,,,,,,,,,90017.0,,Los Angeles,Los Angeles,,,,,LA City,{A9050378-B20D-4614-B3BD-E5A7F84A13DE},0,,A9050378-B20D-4614-B3BD-E5A7F84A13DE,Unknown,,W,,,St,W 8Th St,2023/09/12 23:03:18+00,918 W 8Th St Los Angeles 90017,A9050378-B20D-4614-B3BD-E5A7F84A13DE_918_W_8Th_St_Los_Angeles_90017,8Th,918 W 8Th Street St Los Angeles 90017,,,,
661628,1238375,,5144022065.0,,827.0,,,South,,,Figueroa,Street,,,,,,,,,,,,,90017.0,,Los Angeles,Los Angeles,,,,,LA City,{0ED1A489-3164-43D4-8C6A-8DFE827E92E7},0,,0ED1A489-3164-43D4-8C6A-8DFE827E92E7,Unknown,,S,,,St,S Figueroa St,2023/09/12 23:03:18+00,827 S Figueroa St Los Angeles 90017,0ED1A489-3164-43D4-8C6A-8DFE827E92E7_827_S_Figueroa_St_Los_Angeles_90017,Figueroa,827 S Figueroa Street St Los Angeles 90017,,,,
661629,1238376,,5144022065.0,,830.0,,,South,,,Francisco,Street,,,,,,,,,,,,,90017.0,,Los Angeles,Los Angeles,,,,,LA City,{9CBFF4E1-64F3-4DEE-8987-884980A23CF1},0,,9CBFF4E1-64F3-4DEE-8987-884980A23CF1,Unknown,,S,,,St,S Francisco St,2023/09/12 23:03:18+00,830 S Francisco St Los Angeles 90017,9CBFF4E1-64F3-4DEE-8987-884980A23CF1_830_S_Francisco_St_Los_Angeles_90017,Francisco,830 S Francisco Street St Los Angeles 90017,,,,
661630,1238377,,5144022065.0,,935.0,,,West,,,8Th,Place,,,,,,,,,,,,,90017.0,,Los Angeles,Los Angeles,,,,,LA City,{D224DD11-B22E-4E0B-98B4-2ABE41D397E6},0,,D224DD11-B22E-4E0B-98B4-2ABE41D397E6,Unknown,,W,,,Pl,W 8Th Pl,2023/09/12 23:03:18+00,935 W 8Th Pl Los Angeles 90017,D224DD11-B22E-4E0B-98B4-2ABE41D397E6_935_W_8Th_Pl_Los_Angeles_90017,8Th,935 W 8Th Place Pl Los Angeles 90017,,,,
661631,1238378,,5144022065.0,,824.0,,,South,,,Francisco,Street,,,,,,,,,,,,,90017.0,,Los Angeles,Los Angeles,,,,,LA City,{CA817055-0612-467D-A1A4-7A89AE4FA3C9},0,,CA817055-0612-467D-A1A4-7A89AE4FA3C9,Unknown,,S,,,St,S Francisco St,2023/09/12 23:03:18+00,824 S Francisco St Los Angeles 90017,CA817055-0612-467D-A1A4-7A89AE4FA3C9_824_S_Francisco_St_Los_Angeles_90017,Francisco,824 S Francisco Street St Los Angeles 90017,,,,
661632,1238379,,5144022065.0,,925.0,,,West,,,8Th,Place,,,,,,,,,,,,,90017.0,,Los Angeles,Los Angeles,,,,,LA City,{9415CDB9-67AC-426B-AAAD-1871A2008D59},0,,9415CDB9-67AC-426B-AAAD-1871A2008D59,Unknown,,W,,,Pl,W 8Th Pl,2023/09/12 23:03:18+00,925 W 8Th Pl Los Angeles 90017,9415CDB9-67AC-426B-AAAD-1871A2008D59_925_W_8Th_Pl_Los_Angeles_90017,8Th,925 W 8Th Place Pl Los Angeles 90017,,,,
661633,1238380,,5144022066.0,,990.0,,,West,,,8Th,Street,,,,,,,,,,,,,90017.0,,Los Angeles,Los Angeles,,,,,LA City,{83229909-1069-461C-8C33-6A3834D83700},0,,83229909-1069-461C-8C33-6A3834D83700,Unknown,,W,,,St,W 8Th St,2023/09/12 23:03:18+00,990 W 8Th St Los Angeles 90017,83229909-1069-461C-8C33-6A3834D83700_990_W_8Th_St_Los_Angeles_90017,8Th,990 W 8Th Street St Los Angeles 90017,,,,
661634,1238381,,5144022066.0,,810.0,,,South,,,Francisco,Street,,,,,,,,,,,,,90017.0,,Los Angeles,Los Angeles,,,,,LA City,{AC5CDF19-5C54-49EB-86CB-20FF234B5101},0,,AC5CDF19-5C54-49EB-86CB-20FF234B5101,Unknown,,S,,,St,S Francisco St,2023/09/12 23:03:18+00,810 S Francisco St Los Angeles 90017,AC5CDF19-5C54-49EB-86CB-20FF234B5101_810_S_Francisco_St_Los_Angeles_90017,Francisco,810 S Francisco Street St Los Angeles 90017,,,,
661635,1238382,,5144022066.0,,992.0,,,West,,,8Th,Street,,,,,,,,,,,,,90017.0,,Los Angeles,Los Angeles,,,,,LA City,{D611D9A0-7511-48BF-9284-76DD69725B5E},0,,D611D9A0-7511-48BF-9284-76DD69725B5E,Unknown,,W,,,St,W 8Th St,2023/09/12 23:03:18+00,992 W 8Th St Los Angeles 90017,D611D9A0-7511-48BF-9284-76DD69725B5E_992_W_8Th_St_Los_Angeles_90017,8Th,992 W 8Th Street St Los Angeles 90017,,,,
661636,1238383,,5144022066.0,,998.0,,,West,,,8Th,Street,,,,,,,,,,,,,90017.0,,Los Angeles,Los Angeles,,,,,LA City,{CE36E4A7-062C-4B5B-91D7-355AA481E67F},0,,CE36E4A7-062C-4B5B-91D7-355AA481E67F,Unknown,,W,,,St,W 8Th St,2023/09/12 23:03:18+00,998 W 8Th St Los Angeles 90017,CE36E4A7-062C-4B5B-91D7-355AA481E67F_998_W_8Th_St_Los_Angeles_90017,8Th,998 W 8Th Street St Los Angeles 90017,,,,
661637,1238384,,5144022066.0,,814.0,,,South,,,Francisco,Street,,,,,,,,,,,,,90017.0,,Los Angeles,Los Angeles,,,,,LA City,{81538803-7587-45A6-B1F4-68519BC6A82A},0,,81538803-7587-45A6-B1F4-68519BC6A82A,Unknown,,S,,,St,S Francisco St,2023/09/12 23:03:18+00,814 S Francisco St Los Angeles 90017,81538803-7587-45A6-B1F4-68519BC6A82A_814_S_Francisco_St_Los_Angeles_90017,Francisco,814 S Francisco Street St Los Angeles 90017,,,,
661638,1238385,,5144022900.0,,841.0,,,South,,,Figueroa,Street,,,,,,,,,,,,,90017.0,,Los Angeles,Los Angeles,,,,,LA City,{F787AFCF-DF2E-459E-B233-7BE160E5ACCE},0,,F787AFCF-DF2E-459E-B233-7BE160E5ACCE,Unknown,,S,,,St,S Figueroa St,2023/09/12 23:03:18+00,841 S Figueroa St Los Angeles 90017,F787AFCF-DF2E-459E-B233-7BE160E5ACCE_841_S_Figueroa_St_Los_Angeles_90017,Figueroa,841 S Figueroa Street St Los Angeles 90017,,,,
661639,1238386,,5144022900.0,,839.0,,,South,,,Figueroa,Street,,,,,,,,,,,,,90017.0,,Los Angeles,Los Angeles,,,,,LA City,{B23894AA-D9DC-4EC7-8141-F3EFDD5EB60D},0,,B23894AA-D9DC-4EC7-8141-F3EFDD5EB60D,Unknown,,S,,,St,S Figueroa St,2023/09/12 23:03:18+00,839 S Figueroa St Los Angeles 90017,B23894AA-D9DC-4EC7-8141-F3EFDD5EB60D_839_S_Figueroa_St_Los_Angeles_90017,Figueroa,839 S Figueroa Street St Los Angeles 90017,,,,
661640,1238387,,5144022900.0,,831.0,,,South,,,Figueroa,Street,,,,,,,,,,,,,90017.0,,Los Angeles,Los Angeles,,,,,LA City,{347FE43E-598C-4910-B574-69850114A8C0},0,,347FE43E-598C-4910-B574-69850114A8C0,Unknown,,S,,,St,S Figueroa St,2023/09/12 23:03:18+00,831 S Figueroa St Los Angeles 90017,347FE43E-598C-4910-B574-69850114A8C0_831_S_Figueroa_St_Los_Angeles_90017,Figueroa,831 S Figueroa Street St Los Angeles 90017,,,,
661641,1238388,,5144022900.0,,845.0,,,South,,,Figueroa,Street,,,,,,,,,,,,,90017.0,,Los Angeles,Los Angeles,,,,,LA City,{594196E7-C366-45C9-8973-A8DE6A182483},0,,594196E7-C366-45C9-8973-A8DE6A182483,Unknown,,S,,,St,S Figueroa St,2023/09/12 23:03:18+00,845 S Figueroa St Los Angeles 90017,594196E7-C366-45C9-8973-A8DE6A182483_845_S_Figueroa_St_Los_Angeles_90017,Figueroa,845 S Figueroa Street St Los Angeles 90017,,,,
661642,1238389,,5144023076.0,,899.0,,,South,,,Francisco,Street,,,,,,,,,,,,,90017.0,,Los Angeles,Los Angeles,,,,,LA City,{067E017A-91F4-47D4-94B6-092907DD998C},0,,067E017A-91F4-47D4-94B6-092907DD998C,Unknown,,S,,,St,S Francisco St,2023/09/12 23:03:18+00,899 S Francisco St Los Angeles 90017,067E017A-91F4-47D4-94B6-092907DD998C_899_S_Francisco_St_Los_Angeles_90017,Francisco,899 S Francisco Street St Los Angeles 90017,,,,
661643,1238390,,5144023224.0,,1028.0,,,West,,,8Th,Street,,,,,,,,,,,,,90017.0,,Los Angeles,Los Angeles,,,,,LA City,{57F7B6C1-CB16-4C80-9CE9-47F82C1AECE6},0,,57F7B6C1-CB16-4C80-9CE9-47F82C1AECE6,Unknown,,W,,,St,W 8Th St,2023/09/12 23:03:18+00,1028 W 8Th St Los Angeles 90017,57F7B6C1-CB16-4C80-9CE9-47F82C1AECE6_1028_W_8Th_St_Los_Angeles_90017,8Th,1028 W 8Th Street St Los Angeles 90017,,,,
661644,1238391,,5144023224.0,,1032.0,,,West,,,8Th,Street,,,,,,,,,,,,,90017.0,,Los Angeles,Los Angeles,,,,,LA City,{C0D140B9-033B-47E9-946E-507D3C735415},0,,C0D140B9-033B-47E9-946E-507D3C735415,Unknown,,W,,,St,W 8Th St,2023/09/12 23:03:18+00,1032 W 8Th St Los Angeles 90017,C0D140B9-033B-47E9-946E-507D3C735415_1032_W_8Th_St_Los_Angeles_90017,8Th,1032 W 8Th Street St Los Angeles 90017,,,,
661645,1238392,,5144023224.0,,1020.0,,,West,,,8Th,Street,,,,,,,,,,,,,90017.0,,Los Angeles,Los Angeles,,,,,LA City,{74FE78AC-C18D-4235-BC97-BAC3B23872D4},0,,74FE78AC-C18D-4235-BC97-BAC3B23872D4,Unknown,,W,,,St,W 8Th St,2023/09/12 23:03:18+00,1020 W 8Th St Los Angeles 90017,74FE78AC-C18D-4235-BC97-BAC3B23872D4_1020_W_8Th_St_Los_Angeles_90017,8Th,1020 W 8Th Street St Los Angeles 90017,,,,
661646,1238393,,5144023224.0,,1030.0,,,West,,,8Th,Street,,,,,,,,,,,,,90017.0,,Los Angeles,Los Angeles,,,,,LA City,{39BD3AB8-1A20-4512-A8D2-04DA618D1A60},0,,39BD3AB8-1A20-4512-A8D2-04DA618D1A60,Unknown,,W,,,St,W 8Th St,2023/09/12 23:03:18+00,1030 W 8Th St Los Angeles 90017,39BD3AB8-1A20-4512-A8D2-04DA618D1A60_1030_W_8Th_St_Los_Angeles_90017,8Th,1030 W 8Th Street St Los Angeles 90017,,,,
661647,1238394,,5144023224.0,,1004.0,,,West,,,8Th,Street,,,,,,,,,,,,,90017.0,,Los Angeles,Los Angeles,,,,,LA City,{C43FE6AC-D28C-4158-9A99-664AD9854DD4},0,,C43FE6AC-D28C-4158-9A99-664AD9854DD4,Unknown,,W,,,St,W 8Th St,2023/09/12 23:03:18+00,1004 W 8Th St Los Angeles 90017,C43FE6AC-D28C-4158-9A99-664AD9854DD4_1004_W_8Th_St_Los_Angeles_90017,8Th,1004 W 8Th Street St Los Angeles 90017,,,,
661648,1238395,,5144023224.0,,1026.0,,,West,,,8Th,Street,,,,,,,,,,,,,90017.0,,Los Angeles,Los Angeles,,,,,LA City,{84B223E6-FA88-488C-95A7-C4A7BCFA0A3B},0,,84B223E6-FA88-488C-95A7-C4A7BCFA0A3B,Unknown,,W,,,St,W 8Th St,2023/09/12 23:03:18+00,1026 W 8Th St Los Angeles 90017,84B223E6-FA88-488C-95A7-C4A7BCFA0A3B_1026_W_8Th_St_Los_Angeles_90017,8Th,1026 W 8Th Street St Los Angeles 90017,,,,
661653,1238400,,5144027006.0,,840.0,,,South,,,Flower,Street,,,,,,,,,,,,,90017.0,,Los Angeles,Los Angeles,,,,,LA City,{F1370172-C54E-4833-8D82-1FCB53909404},0,,F1370172-C54E-4833-8D82-1FCB53909404,Unknown,,S,,,St,S Flower St,2023/09/12 23:03:18+00,840 S Flower St Los Angeles 90017,F1370172-C54E-4833-8D82-1FCB53909404_840_S_Flower_St_Los_Angeles_90017,Flower,840 S Flower Street St Los Angeles 90017,,,,
661654,1238401,,5144027006.0,,835.0,,,South,,,Hope,Street,,,,,,,,,,,,,90017.0,,Los Angeles,Los Angeles,,,,,LA City,{82FE30AD-076E-49A6-972C-D27AC36D1769},0,,82FE30AD-076E-49A6-972C-D27AC36D1769,Unknown,,S,,,St,S Hope St,2023/09/12 23:03:18+00,835 S Hope St Los Angeles 90017,82FE30AD-076E-49A6-972C-D27AC36D1769_835_S_Hope_St_Los_Angeles_90017,Hope,835 S Hope Street St Los Angeles 90017,,,,
661657,1238404,,5144027006.0,,862.0,,,South,,,Flower,Street,,,,,,,,,,,,,90017.0,,Los Angeles,Los Angeles,,,,,LA City,{7A4833A6-DF9A-4465-81A6-1967E36E2FAE},0,,7A4833A6-DF9A-4465-81A6-1967E36E2FAE,Unknown,,S,,,St,S Flower St,2023/09/12 23:03:18+00,862 S Flower St Los Angeles 90017,7A4833A6-DF9A-4465-81A6-1967E36E2FAE_862_S_Flower_St_Los_Angeles_90017,Flower,862 S Flower Street St Los Angeles 90017,,,,
661659,1238406,,5144027006.0,,850.0,,,South,,,Flower,Street,,,,,,,,,,,,,90017.0,,Los Angeles,Los Angeles,,,,,LA City,{95F9C9EF-BC32-480E-B14B-12E4FA4D63F6},0,,95F9C9EF-BC32-480E-B14B-12E4FA4D63F6,Unknown,,S,,,St,S Flower St,2023/09/12 23:03:18+00,850 S Flower St Los Angeles 90017,95F9C9EF-BC32-480E-B14B-12E4FA4D63F6_850_S_Flower_St_Los_Angeles_90017,Flower,850 S Flower Street St Los Angeles 90017,,,,
661662,1238409,,5144027006.0,,842.0,,,South,,,Flower,Street,,,,,,,,,,,,,90017.0,,Los Angeles,Los Angeles,,,,,LA City,{DA8C2825-733B-4A38-9A9A-CA00548C0C1A},0,,DA8C2825-733B-4A38-9A9A-CA00548C0C1A,Unknown,,S,,,St,S Flower St,2023/09/12 23:03:18+00,842 S Flower St Los Angeles 90017,DA8C2825-733B-4A38-9A9A-CA00548C0C1A_842_S_Flower_St_Los_Angeles_90017,Flower,842 S Flower Street St Los Angeles 90017,,,,
661663,1238410,,5144027006.0,,848.0,,,South,,,Flower,Street,,,,,,,,,,,,,90017.0,,Los Angeles,Los Angeles,,,,,LA City,{A65246CE-9835-491F-A81D-12FE33A98965},0,,A65246CE-9835-491F-A81D-12FE33A98965,Unknown,,S,,,St,S Flower St,2023/09/12 23:03:18+00,848 S Flower St Los Angeles 90017,A65246CE-9835-491F-A81D-12FE33A98965_848_S_Flower_St_Los_Angeles_90017,Flower,848 S Flower Street St Los Angeles 90017,,,,
661665,1238412,,5144027006.0,,852.0,,,South,,,Flower,Street,,,,,,,,,,,,,90017.0,,Los Angeles,Los Angeles,,,,,LA City,{F0657D1B-4752-4554-BF0E-06D9A61B065E},0,,F0657D1B-4752-4554-BF0E-06D9A61B065E,Unknown,,S,,,St,S Flower St,2023/09/12 23:03:18+00,852 S Flower St Los Angeles 90017,F0657D1B-4752-4554-BF0E-06D9A61B065E_852_S_Flower_St_Los_Angeles_90017,Flower,852 S Flower Street St Los Angeles 90017,,,,
661670,1238417,,5144027006.0,,844.0,,,South,,,Flower,Street,,,,,,,,,,,,,90017.0,,Los Angeles,Los Angeles,,,,,LA City,{D11BDCC8-781A-4233-B3AF-E2CA0E9FE4D3},0,,D11BDCC8-781A-4233-B3AF-E2CA0E9FE4D3,Unknown,,S,,,St,S Flower St,2023/09/12 23:03:18+00,844 S Flower St Los Angeles 90017,D11BDCC8-781A-4233-B3AF-E2CA0E9FE4D3_844_S_Flower_St_Los_Angeles_90017,Flower,844 S Flower Street St Los Angeles 90017,,,,
661671,1238418,,5144027006.0,,845.0,,,South,,,Hope,Street,,,,,,,,,,,,,90017.0,,Los Angeles,Los Angeles,,,,,LA City,{D0C1F741-4453-4B9D-AF31-15BAE5AF706F},0,,D0C1F741-4453-4B9D-AF31-15BAE5AF706F,Unknown,,S,,,St,S Hope St,2023/09/12 23:03:18+00,845 S Hope St Los Angeles 90017,D0C1F741-4453-4B9D-AF31-15BAE5AF706F_845_S_Hope_St_Los_Angeles_90017,Hope,845 S Hope Street St Los Angeles 90017,,,,
661672,1238419,,5144029010.0,,727.0,,,West,,,7Th,Street,,,,,,,,,,,,1-222,90017.0,,Los Angeles,Los Angeles,,,,,LA City,{71D7FBD6-0DEE-4F5C-BB2E-1B68D34BE740},0,,71D7FBD6-0DEE-4F5C-BB2E-1B68D34BE740,Unknown,,W,,,St,W 7Th St,2023/09/12 23:03:18+00,727 W 7Th St 1-222 Los Angeles 90017,71D7FBD6-0DEE-4F5C-BB2E-1B68D34BE740_727_W_7Th_St_1-222_Los_Angeles_90017,7Th,727 W 7Th Street St 1-222 Los Angeles 90017,,,,
661673,1238420,,5144029010.0,,717.0,,,West,,,7Th,Street,,,,,,,,,,,,,90017.0,,Los Angeles,Los Angeles,,,,,LA City,{0DB5806B-D2B6-404B-880B-D2CC5C4AE3F1},0,,0DB5806B-D2B6-404B-880B-D2CC5C4AE3F1,Unknown,,W,,,St,W 7Th St,2023/09/12 23:03:18+00,717 W 7Th St Los Angeles 90017,0DB5806B-D2B6-404B-880B-D2CC5C4AE3F1_717_W_7Th_St_Los_Angeles_90017,7Th,717 W 7Th Street St Los Angeles 90017,,,,
661674,1238421,,5144029010.0,,729.0,,,West,,,7Th,Street,,,,,,,,,,,,,90017.0,,Los Angeles,Los Angeles,,,,,LA City,{93C1D031-CB96-462F-AEEE-372AC5A5E9C6},0,,93C1D031-CB96-462F-AEEE-372AC5A5E9C6,Unknown,,W,,,St,W 7Th St,2023/09/12 23:03:18+00,729 W 7Th St Los Angeles 90017,93C1D031-CB96-462F-AEEE-372AC5A5E9C6_729_W_7Th_St_Los_Angeles_90017,7Th,729 W 7Th Street St Los Angeles 90017,,,,
661675,1238422,,5144029010.0,,719.0,,,West,,,7Th,Street,,,,,,,,,,,,,90017.0,,Los Angeles,Los Angeles,,,,,LA City,{5E68DC74-142F-4E50-941D-B44121FBA404},0,,5E68DC74-142F-4E50-941D-B44121FBA404,Unknown,,W,,,St,W 7Th St,2023/09/12 23:03:18+00,719 W 7Th St Los Angeles 90017,5E68DC74-142F-4E50-941D-B44121FBA404_719_W_7Th_St_Los_Angeles_90017,7Th,719 W 7Th Street St Los Angeles 90017,,,,
661676,1238423,,5144029010.0,,648.0,,,South,,,Flower,Street,,,,,,,,,,,,,90017.0,,Los Angeles,Los Angeles,,,,,LA City,{DE90F6E4-561E-4441-9E86-167E8B2E7EFD},0,,DE90F6E4-561E-4441-9E86-167E8B2E7EFD,Unknown,,S,,,St,S Flower St,2023/09/12 23:03:18+00,648 S Flower St Los Angeles 90017,DE90F6E4-561E-4441-9E86-167E8B2E7EFD_648_S_Flower_St_Los_Angeles_90017,Flower,648 S Flower Street St Los Angeles 90017,,,,
661677,1238424,,5144029010.0,,713.0,,,West,,,7Th,Street,,,,,,,,,,,,,90017.0,,Los Angeles,Los Angeles,,,,,LA City,{C8411A77-763B-4ADF-B03B-8F381CC25C86},0,,C8411A77-763B-4ADF-B03B-8F381CC25C86,Unknown,,W,,,St,W 7Th St,2023/09/12 23:03:18+00,713 W 7Th St Los Angeles 90017,C8411A77-763B-4ADF-B03B-8F381CC25C86_713_W_7Th_St_Los_Angeles_90017,7Th,713 W 7Th Street St Los Angeles 90017,,,,
661678,1238425,,5144029010.0,,715.0,,,West,,,7Th,Street,,,,,,,,,,,,,90017.0,,Los Angeles,Los Angeles,,,,,LA City,{419B6406-74A3-48EE-8D00-64B2F1CA4F9D},0,,419B6406-74A3-48EE-8D00-64B2F1CA4F9D,Unknown,,W,,,St,W 7Th St,2023/09/12 23:03:18+00,715 W 7Th St Los Angeles 90017,419B6406-74A3-48EE-8D00-64B2F1CA4F9D_715_W_7Th_St_Los_Angeles_90017,7Th,715 W 7Th Street St Los Angeles 90017,,,,
661679,1238426,,5144029010.0,,731.0,,,West,,,7Th,Street,,,,,,,,,,,,,90017.0,,Los Angeles,Los Angeles,,,,,LA City,{0020DEA2-A695-45FA-B17A-0E67102FD867},0,,0020DEA2-A695-45FA-B17A-0E67102FD867,Unknown,,W,,,St,W 7Th St,2023/09/12 23:03:18+00,731 W 7Th St Los Angeles 90017,0020DEA2-A695-45FA-B17A-0E67102FD867_731_W_7Th_St_Los_Angeles_90017,7Th,731 W 7Th Street St Los Angeles 90017,,,,
661680,1238427,,5144029010.0,,725.0,,,West,,,7Th,Street,,,,,,,,,,,,,90017.0,,Los Angeles,Los Angeles,,,,,LA City,{DF1A816E-55EF-45F9-AB2D-D54C20D7051F},0,,DF1A816E-55EF-45F9-AB2D-D54C20D7051F,Unknown,,W,,,St,W 7Th St,2023/09/12 23:03:18+00,725 W 7Th St Los Angeles 90017,DF1A816E-55EF-45F9-AB2D-D54C20D7051F_725_W_7Th_St_Los_Angeles_90017,7Th,725 W 7Th Street St Los Angeles 90017,,,,
661681,1238428,,5144029010.0,,723.0,,,West,,,7Th,Street,,,,,,,,,,,,,90017.0,,Los Angeles,Los Angeles,,,,,LA City,{21E61AE4-E6C1-4A28-9CCB-62970A4A606B},0,,21E61AE4-E6C1-4A28-9CCB-62970A4A606B,Unknown,,W,,,St,W 7Th St,2023/09/12 23:03:18+00,723 W 7Th St Los Angeles 90017,21E61AE4-E6C1-4A28-9CCB-62970A4A606B_723_W_7Th_St_Los_Angeles_90017,7Th,723 W 7Th Street St Los Angeles 90017,,,,
661682,1238429,,5144029010.0,,735.0,,,West,,,7Th,Street,,,,,,,,,,,,,90017.0,,Los Angeles,Los Angeles,,,,,LA City,{F380FBC5-226F-427F-99CB-D3520045BF76},0,,F380FBC5-226F-427F-99CB-D3520045BF76,Unknown,,W,,,St,W 7Th St,2023/09/12 23:03:18+00,735 W 7Th St Los Angeles 90017,F380FBC5-226F-427F-99CB-D3520045BF76_735_W_7Th_St_Los_Angeles_90017,7Th,735 W 7Th Street St Los Angeles 90017,,,,
661683,1238430,,5144029010.0,,721.0,,,West,,,7Th,Street,,,,,,,,,,,,,90017.0,,Los Angeles,Los Angeles,,,,,LA City,{847D4E5D-D125-49C0-82F5-D627A6B8408B},0,,847D4E5D-D125-49C0-82F5-D627A6B8408B,Unknown,,W,,,St,W 7Th St,2023/09/12 23:03:18+00,721 W 7Th St Los Angeles 90017,847D4E5D-D125-49C0-82F5-D627A6B8408B_721_W_7Th_St_Los_Angeles_90017,7Th,721 W 7Th Street St Los Angeles 90017,,,,
661684,1238431,,5144029010.0,,733.0,,,West,,,7Th,Street,,,,,,,,,,,,,90017.0,,Los Angeles,Los Angeles,,,,,LA City,{10162876-2630-4222-9528-2A7F7F442E71},0,,10162876-2630-4222-9528-2A7F7F442E71,Unknown,,W,,,St,W 7Th St,2023/09/12 23:03:18+00,733 W 7Th St Los Angeles 90017,10162876-2630-4222-9528-2A7F7F442E71_733_W_7Th_St_Los_Angeles_90017,7Th,733 W 7Th Street St Los Angeles 90017,,,,
661685,1238432,,5144030004.0,,813.0,,,South,,,Hope,Street,,,,,,,,,,,,,90017.0,,Los Angeles,Los Angeles,,,,,LA City,{CF8ED8B0-EAFC-4F46-BF1B-68B1B0183C39},0,,CF8ED8B0-EAFC-4F46-BF1B-68B1B0183C39,Unknown,,S,,,St,S Hope St,2023/09/12 23:03:18+00,813 S Hope St Los Angeles 90017,CF8ED8B0-EAFC-4F46-BF1B-68B1B0183C39_813_S_Hope_St_Los_Angeles_90017,Hope,813 S Hope Street St Los Angeles 90017,,,,
661686,1238433,,5144030004.0,,815.0,,,South,,,Hope,Street,,,,,,,,,,,,,90017.0,,Los Angeles,Los Angeles,,,,,LA City,{2FCE0737-5047-4A43-9117-4BFFECBA3076},0,,2FCE0737-5047-4A43-9117-4BFFECBA3076,Unknown,,S,,,St,S Hope St,2023/09/12 23:03:18+00,815 S Hope St Los Angeles 90017,2FCE0737-5047-4A43-9117-4BFFECBA3076_815_S_Hope_St_Los_Angeles_90017,Hope,815 S Hope Street St Los Angeles 90017,,,,
661687,1238434,,5144030004.0,,805.0,,,South,,,Hope,Street,,,,,,,,,,,,,90017.0,,Los Angeles,Los Angeles,,,,,LA City,{4FF7DEA5-A175-4732-B1B9-BBC7889AC9F3},0,,4FF7DEA5-A175-4732-B1B9-BBC7889AC9F3,Unknown,,S,,,St,S Hope St,2023/09/12 23:03:18+00,805 S Hope St Los Angeles 90017,4FF7DEA5-A175-4732-B1B9-BBC7889AC9F3_805_S_Hope_St_Los_Angeles_90017,Hope,805 S Hope Street St Los Angeles 90017,,,,
661688,1238435,,5144033001.0,,889.0,,,South,,,Francisco,Street,,,,,,,,,,,,,90017.0,,Los Angeles,Los Angeles,,,,,LA City,{F283FF13-DFE5-474A-89CD-D211C4EDC68C},0,,F283FF13-DFE5-474A-89CD-D211C4EDC68C,Unknown,,S,,,St,S Francisco St,2023/09/12 23:03:18+00,889 S Francisco St Los Angeles 90017,F283FF13-DFE5-474A-89CD-D211C4EDC68C_889_S_Francisco_St_Los_Angeles_90017,Francisco,889 S Francisco Street St Los Angeles 90017,,,,
661689,1238436,,5144033001.0,,877.0,,,South,,,Francisco,Street,,,,,,,,,,,,,90017.0,,Los Angeles,Los Angeles,,,,,LA City,{2C28F410-EF87-4A27-9D6D-AAB013AE127A},0,,2C28F410-EF87-4A27-9D6D-AAB013AE127A,Unknown,,S,,,St,S Francisco St,2023/09/12 23:03:18+00,877 S Francisco St Los Angeles 90017,2C28F410-EF87-4A27-9D6D-AAB013AE127A_877_S_Francisco_St_Los_Angeles_90017,Francisco,877 S Francisco Street St Los Angeles 90017,,,,
666732,1243479,,5151023400.0,,811.0,,,West,,,6Th,Street,,,,,,,,,,,,,90017.0,,Los Angeles,Los Angeles,,,,,LA City,{E02CBD77-0331-461A-BBA2-99EF14B07E08},0,,E02CBD77-0331-461A-BBA2-99EF14B07E08,Unknown,,W,,,St,W 6Th St,2023/09/12 23:03:18+00,811 W 6Th St Los Angeles 90017,E02CBD77-0331-461A-BBA2-99EF14B07E08_811_W_6Th_St_Los_Angeles_90017,6Th,811 W 6Th Street St Los Angeles 90017,,,,
666733,1243480,,5151023400.0,,805.0,,,West,,,6Th,Street,,,,,,,,,,,,,90017.0,,Los Angeles,Los Angeles,,,,,LA City,{647287A9-D35C-40A8-8E8E-9B4248B9CC53},0,,647287A9-D35C-40A8-8E8E-9B4248B9CC53,Unknown,,W,,,St,W 6Th St,2023/09/12 23:03:18+00,805 W 6Th St Los Angeles 90017,647287A9-D35C-40A8-8E8E-9B4248B9CC53_805_W_6Th_St_Los_Angeles_90017,6Th,805 W 6Th Street St Los Angeles 90017,,,,
666735,1243482,,5151023400.0,,817.0,,,West,,,6Th,Street,,,,,,,,,,,,,90017.0,,Los Angeles,Los Angeles,,,,,LA City,{6C88E7D7-663A-4DD9-8B20-ADA1AABF4827},0,,6C88E7D7-663A-4DD9-8B20-ADA1AABF4827,Unknown,,W,,,St,W 6Th St,2023/09/12 23:03:18+00,817 W 6Th St Los Angeles 90017,6C88E7D7-663A-4DD9-8B20-ADA1AABF4827_817_W_6Th_St_Los_Angeles_90017,6Th,817 W 6Th Street St Los Angeles 90017,,,,
666736,1243483,,5151023400.0,,801.0,,,West,,,6Th,Street,,,,,,,,,,,,,90017.0,,Los Angeles,Los Angeles,,,,,LA City,{1C1A55F6-7B9C-46F5-9840-B844D6A6ECE8},0,,1C1A55F6-7B9C-46F5-9840-B844D6A6ECE8,Unknown,,W,,,St,W 6Th St,2023/09/12 23:03:18+00,801 W 6Th St Los Angeles 90017,1C1A55F6-7B9C-46F5-9840-B844D6A6ECE8_801_W_6Th_St_Los_Angeles_90017,6Th,801 W 6Th Street St Los Angeles 90017,,,,
666737,1243484,,5151023400.0,,815.0,,,West,,,6Th,Street,,,,,,,,,,,,,90017.0,,Los Angeles,Los Angeles,,,,,LA City,{A4EDFD8D-29FC-41D1-867C-85E2427D5CED},0,,A4EDFD8D-29FC-41D1-867C-85E2427D5CED,Unknown,,W,,,St,W 6Th St,2023/09/12 23:03:18+00,815 W 6Th St Los Angeles 90017,A4EDFD8D-29FC-41D1-867C-85E2427D5CED_815_W_6Th_St_Los_Angeles_90017,6Th,815 W 6Th Street St Los Angeles 90017,,,,
666739,1243486,,5151023400.0,,813.0,,,West,,,6Th,Street,,,,,,,,,,,,,90017.0,,Los Angeles,Los Angeles,,,,,LA City,{F1CFD11D-33A2-4CE2-85E5-311C0025451C},0,,F1CFD11D-33A2-4CE2-85E5-311C0025451C,Unknown,,W,,,St,W 6Th St,2023/09/12 23:03:18+00,813 W 6Th St Los Angeles 90017,F1CFD11D-33A2-4CE2-85E5-311C0025451C_813_W_6Th_St_Los_Angeles_90017,6Th,813 W 6Th Street St Los Angeles 90017,,,,
666755,1243502,,5151026400.0,,627.0,,,West,,,6Th,Street,,,,,,,,,,,,,90017.0,,Los Angeles,Los Angeles,,,,,LA City,{3D9DCF46-6394-4CC1-982B-E3F1CC08070B},0,,3D9DCF46-6394-4CC1-982B-E3F1CC08070B,Unknown,,W,,,St,W 6Th St,2023/09/12 23:03:18+00,627 W 6Th St Los Angeles 90017,3D9DCF46-6394-4CC1-982B-E3F1CC08070B_627_W_6Th_St_Los_Angeles_90017,6Th,627 W 6Th Street St Los Angeles 90017,,,,
666756,1243503,,5151026400.0,,611.0,,,West,,,6Th,Street,,,,,,,,,,,,,90017.0,,Los Angeles,Los Angeles,,,,,LA City,{BB966B3B-175C-40B4-B96A-69806978BF8D},0,,BB966B3B-175C-40B4-B96A-69806978BF8D,Unknown,,W,,,St,W 6Th St,2023/09/12 23:03:18+00,611 W 6Th St Los Angeles 90017,BB966B3B-175C-40B4-B96A-69806978BF8D_611_W_6Th_St_Los_Angeles_90017,6Th,611 W 6Th Street St Los Angeles 90017,,,,
666758,1243505,,5152001001.0,,1151.0,,,West,,,6Th,Street,,,,,,,,,,,,,90017.0,,Los Angeles,Los Angeles,,,,,LA City,{C766EBCF-B67A-490F-A668-9068E80556A4},0,,C766EBCF-B67A-490F-A668-9068E80556A4,Unknown,,W,,,St,W 6Th St,2023/09/12 23:03:18+00,1151 W 6Th St Los Angeles 90017,C766EBCF-B67A-490F-A668-9068E80556A4_1151_W_6Th_St_Los_Angeles_90017,6Th,1151 W 6Th Street St Los Angeles 90017,,,,
666759,1243506,,5152001002.0,,1145.0,,,West,,,6Th,Street,,,,,,,,,,,,,90017.0,,Los Angeles,Los Angeles,,,,,LA City,{0872BABA-6278-4B14-BF50-02E9053CADBB},0,,0872BABA-6278-4B14-BF50-02E9053CADBB,Unknown,,W,,,St,W 6Th St,2023/09/12 23:03:18+00,1145 W 6Th St Los Angeles 90017,0872BABA-6278-4B14-BF50-02E9053CADBB_1145_W_6Th_St_Los_Angeles_90017,6Th,1145 W 6Th Street St Los Angeles 90017,,,,
666760,1243507,,5152001003.0,,1137.0,,,West,,,6Th,Street,,,,,,,,,,,,,90017.0,,Los Angeles,Los Angeles,,,,,LA City,{2C9A8373-7D50-4506-BB57-289C68A9B192},0,,2C9A8373-7D50-4506-BB57-289C68A9B192,Unknown,,W,,,St,W 6Th St,2023/09/12 23:03:18+00,1137 W 6Th St Los Angeles 90017,2C9A8373-7D50-4506-BB57-289C68A9B192_1137_W_6Th_St_Los_Angeles_90017,6Th,1137 W 6Th Street St Los Angeles 90017,,,,
666761,1243508,,5152001003.0,,1139.0,,,West,,,6Th,Street,,,,,,,,,,,,,90017.0,,Los Angeles,Los Angeles,,,,,LA City,{DC9FC8FD-4FED-4CDB-B6CE-62E86D632BC1},0,,DC9FC8FD-4FED-4CDB-B6CE-62E86D632BC1,Unknown,,W,,,St,W 6Th St,2023/09/12 23:03:18+00,1139 W 6Th St Los Angeles 90017,DC9FC8FD-4FED-4CDB-B6CE-62E86D632BC1_1139_W_6Th_St_Los_Angeles_90017,6Th,1139 W 6Th Street St Los Angeles 90017,,,,
666762,1243509,,5152001003.0,,1141.0,,,West,,,6Th,Street,,,,,,,,,,,,,90017.0,,Los Angeles,Los Angeles,,,,,LA City,{EA4F5763-BE55-47A8-8969-A67974A33149},0,,EA4F5763-BE55-47A8-8969-A67974A33149,Unknown,,W,,,St,W 6Th St,2023/09/12 23:03:18+00,1141 W 6Th St Los Angeles 90017,EA4F5763-BE55-47A8-8969-A67974A33149_1141_W_6Th_St_Los_Angeles_90017,6Th,1141 W 6Th Street St Los Angeles 90017,,,,
666763,1243510,,5152001004.0,,1350.0,,,West,,,5Th,Street,,,,,,,,,,,,,90017.0,,Los Angeles,Los Angeles,,,,,LA City,{34740717-9F2C-49D4-A686-AE8B2400079D},0,,34740717-9F2C-49D4-A686-AE8B2400079D,Unknown,,W,,,St,W 5Th St,2023/09/12 23:03:18+00,1350 W 5Th St Los Angeles 90017,34740717-9F2C-49D4-A686-AE8B2400079D_1350_W_5Th_St_Los_Angeles_90017,5Th,1350 W 5Th Street St Los Angeles 90017,,,,
666764,1243511,,5152001004.0,,506.0,,,South,,,Lucas,Avenue,,,,,,,,,,,,,90017.0,,Los Angeles,Los Angeles,,,,,LA City,{BA9BF2E5-BB11-4D55-B878-D9A7F793D207},0,,BA9BF2E5-BB11-4D55-B878-D9A7F793D207,Unknown,,S,,,Ave,S Lucas Ave,2023/09/12 23:03:18+00,506 S Lucas Ave Los Angeles 90017,BA9BF2E5-BB11-4D55-B878-D9A7F793D207_506_S_Lucas_Ave_Los_Angeles_90017,Lucas,506 S Lucas Avenue Ave Los Angeles 90017,,,,
666765,1243512,,5152001004.0,,504.0,,,South,,,Lucas,Avenue,,,,,,,,,,,,,90017.0,,Los Angeles,Los Angeles,,,,,LA City,{C9E83E87-387A-4C22-A511-2330D6FB6FEE},0,,C9E83E87-387A-4C22-A511-2330D6FB6FEE,Unknown,,S,,,Ave,S Lucas Ave,2023/09/12 23:03:18+00,504 S Lucas Ave Los Angeles 90017,C9E83E87-387A-4C22-A511-2330D6FB6FEE_504_S_Lucas_Ave_Los_Angeles_90017,Lucas,504 S Lucas Avenue Ave Los Angeles 90017,,,,
666766,1243513,,5152001004.0,,500.0,,,South,,,Lucas,Avenue,,,,,,,,,,,,,90017.0,,Los Angeles,Los Angeles,,,,,LA City,{9571832D-5D3E-428F-B26D-5BD45A96580D},0,,9571832D-5D3E-428F-B26D-5BD45A96580D,Unknown,,S,,,Ave,S Lucas Ave,2023/09/12 23:03:18+00,500 S Lucas Ave Los Angeles 90017,9571832D-5D3E-428F-B26D-5BD45A96580D_500_S_Lucas_Ave_Los_Angeles_90017,Lucas,500 S Lucas Avenue Ave Los Angeles 90017,,,,
666767,1243514,,5152001014.0,,1115.0,,,West,,,6Th,Street,,,,,,,,,,,,,90017.0,,Los Angeles,Los Angeles,,,,,LA City,{1A40ABA6-D1F8-4E9C-81F5-69640A522ECD},0,,1A40ABA6-D1F8-4E9C-81F5-69640A522ECD,Unknown,,W,,,St,W 6Th St,2023/09/12 23:03:18+00,1115 W 6Th St Los Angeles 90017,1A40ABA6-D1F8-4E9C-81F5-69640A522ECD_1115_W_6Th_St_Los_Angeles_90017,6Th,1115 W 6Th Street St Los Angeles 90017,,,,
666768,1243515,,5152001014.0,,1135.0,,,West,,,6Th,Street,,,,,,,,,,,,,90017.0,,Los Angeles,Los Angeles,,,,,LA City,{3BFB0F7A-CD37-4ED5-BE81-6547A02FBFB0},0,,3BFB0F7A-CD37-4ED5-BE81-6547A02FBFB0,Unknown,,W,,,St,W 6Th St,2023/09/12 23:03:18+00,1135 W 6Th St Los Angeles 90017,3BFB0F7A-CD37-4ED5-BE81-6547A02FBFB0_1135_W_6Th_St_Los_Angeles_90017,6Th,1135 W 6Th Street St Los Angeles 90017,,,,
666769,1243516,,5152001014.0,,1119.0,,,West,,,6Th,Street,,,,,,,,,,,,,90017.0,,Los Angeles,Los Angeles,,,,,LA City,{CBB974B3-68FC-47CD-BD63-E3A8995BA276},0,,CBB974B3-68FC-47CD-BD63-E3A8995BA276,Unknown,,W,,,St,W 6Th St,2023/09/12 23:03:18+00,1119 W 6Th St Los Angeles 90017,CBB974B3-68FC-47CD-BD63-E3A8995BA276_1119_W_6Th_St_Los_Angeles_90017,6Th,1119 W 6Th Street St Los Angeles 90017,,,,
666770,1243517,,5152001014.0,,1129.0,,,West,,,6Th,Street,,,,,,,,,,,,,90017.0,,Los Angeles,Los Angeles,,,,,LA City,{63D37CCD-A86A-484E-B72D-400952867A8E},0,,63D37CCD-A86A-484E-B72D-400952867A8E,Unknown,,W,,,St,W 6Th St,2023/09/12 23:03:18+00,1129 W 6Th St Los Angeles 90017,63D37CCD-A86A-484E-B72D-400952867A8E_1129_W_6Th_St_Los_Angeles_90017,6Th,1129 W 6Th Street St Los Angeles 90017,,,,
666771,1243518,,5152001014.0,,1133.0,,,West,,,6Th,Street,,,,,,,,,,,,,90017.0,,Los Angeles,Los Angeles,,,,,LA City,{968BB551-9D83-4DB0-AD10-83FE4092EACF},0,,968BB551-9D83-4DB0-AD10-83FE4092EACF,Unknown,,W,,,St,W 6Th St,2023/09/12 23:03:18+00,1133 W 6Th St Los Angeles 90017,968BB551-9D83-4DB0-AD10-83FE4092EACF_1133_W_6Th_St_Los_Angeles_90017,6Th,1133 W 6Th Street St Los Angeles 90017,,,,
666772,1243519,,5152001014.0,,1117.0,,,West,,,6Th,Street,,,,,,,,,,,,,90017.0,,Los Angeles,Los Angeles,,,,,LA City,{58230D46-6E31-4E6D-A16C-4C7F5FD05052},0,,58230D46-6E31-4E6D-A16C-4C7F5FD05052,Unknown,,W,,,St,W 6Th St,2023/09/12 23:03:18+00,1117 W 6Th St Los Angeles 90017,58230D46-6E31-4E6D-A16C-4C7F5FD05052_1117_W_6Th_St_Los_Angeles_90017,6Th,1117 W 6Th Street St Los Angeles 90017,,,,
666773,1243520,,5152001014.0,,1125.0,,,West,,,6Th,Street,,,,,,,,,,,,,90017.0,,Los Angeles,Los Angeles,,,,,LA City,{59DFE9A3-B2C3-48F9-A90A-992DD674DA8A},0,,59DFE9A3-B2C3-48F9-A90A-992DD674DA8A,Unknown,,W,,,St,W 6Th St,2023/09/12 23:03:18+00,1125 W 6Th St Los Angeles 90017,59DFE9A3-B2C3-48F9-A90A-992DD674DA8A_1125_W_6Th_St_Los_Angeles_90017,6Th,1125 W 6Th Street St Los Angeles 90017,,,,
666774,1243521,,5152001021.0,,1324.0,,,West,,,5Th,Street,,,,,,,,,,,,,90017.0,,Los Angeles,Los Angeles,,,,,LA City,{92D8FDAB-FDF0-42DA-91B8-2D9B0BBC43EC},0,,92D8FDAB-FDF0-42DA-91B8-2D9B0BBC43EC,Unknown,,W,,,St,W 5Th St,2023/09/12 23:03:18+00,1324 W 5Th St Los Angeles 90017,92D8FDAB-FDF0-42DA-91B8-2D9B0BBC43EC_1324_W_5Th_St_Los_Angeles_90017,5Th,1324 W 5Th Street St Los Angeles 90017,,,,
666775,1243522,,5152001021.0,,1342.0,,,West,,,5Th,Street,,,,,,,,,,,,,90017.0,,Los Angeles,Los Angeles,,,,,LA City,{C3DBFF6D-B1E5-454E-82A4-B8C756E333F0},0,,C3DBFF6D-B1E5-454E-82A4-B8C756E333F0,Unknown,,W,,,St,W 5Th St,2023/09/12 23:03:18+00,1342 W 5Th St Los Angeles 90017,C3DBFF6D-B1E5-454E-82A4-B8C756E333F0_1342_W_5Th_St_Los_Angeles_90017,5Th,1342 W 5Th Street St Los Angeles 90017,,,,
666776,1243523,,5152001021.0,,1328.0,,,West,,,5Th,Street,,,,,,,,,,,,,90017.0,,Los Angeles,Los Angeles,,,,,LA City,{0BB753F7-61A1-4F80-9289-202A48EA5A8D},0,,0BB753F7-61A1-4F80-9289-202A48EA5A8D,Unknown,,W,,,St,W 5Th St,2023/09/12 23:03:18+00,1328 W 5Th St Los Angeles 90017,0BB753F7-61A1-4F80-9289-202A48EA5A8D_1328_W_5Th_St_Los_Angeles_90017,5Th,1328 W 5Th Street St Los Angeles 90017,,,,
666777,1243524,,5152001021.0,,1330.0,,,West,,,5Th,Street,,,,,,,,,,,,,90017.0,,Los Angeles,Los Angeles,,,,,LA City,{40AB7F09-D94E-48AD-A513-707DB166ADD7},0,,40AB7F09-D94E-48AD-A513-707DB166ADD7,Unknown,,W,,,St,W 5Th St,2023/09/12 23:03:18+00,1330 W 5Th St Los Angeles 90017,40AB7F09-D94E-48AD-A513-707DB166ADD7_1330_W_5Th_St_Los_Angeles_90017,5Th,1330 W 5Th Street St Los Angeles 90017,,,,
666778,1243525,,5152001023.0,,1107.0,,,West,,,6Th,Street,,,,,,,,,,,,,90017.0,,Los Angeles,Los Angeles,,,,,LA City,{8E0EB370-E9B2-4569-AD41-4625E22C2874},0,,8E0EB370-E9B2-4569-AD41-4625E22C2874,Unknown,,W,,,St,W 6Th St,2023/09/12 23:03:18+00,1107 W 6Th St Los Angeles 90017,8E0EB370-E9B2-4569-AD41-4625E22C2874_1107_W_6Th_St_Los_Angeles_90017,6Th,1107 W 6Th Street St Los Angeles 90017,,,,
666779,1243526,,5152001023.0,,1109.0,,,West,,,6Th,Street,,,,,,,,,,,,,90017.0,,Los Angeles,Los Angeles,,,,,LA City,{3FEB6254-B691-4B70-B662-27801BE041E5},0,,3FEB6254-B691-4B70-B662-27801BE041E5,Unknown,,W,,,St,W 6Th St,2023/09/12 23:03:18+00,1109 W 6Th St Los Angeles 90017,3FEB6254-B691-4B70-B662-27801BE041E5_1109_W_6Th_St_Los_Angeles_90017,6Th,1109 W 6Th Street St Los Angeles 90017,,,,
666780,1243527,,5152001023.0,,517.0,,,South,,,Bixel,Street,,,,,,,,,,,,,90017.0,,Los Angeles,Los Angeles,,,,,LA City,{14AC9FF6-0C0D-4935-9764-96DEB938E316},0,,14AC9FF6-0C0D-4935-9764-96DEB938E316,Unknown,,S,,,St,S Bixel St,2023/09/12 23:03:18+00,517 S Bixel St Los Angeles 90017,14AC9FF6-0C0D-4935-9764-96DEB938E316_517_S_Bixel_St_Los_Angeles_90017,Bixel,517 S Bixel Street St Los Angeles 90017,,,,
666781,1243528,,5152001023.0,,1101.0,,,West,,,6Th,Street,,,,,,,,,,,,,90017.0,,Los Angeles,Los Angeles,,,,,LA City,{1B7E24E0-14DC-4D7B-B724-1084B16CD60D},0,,1B7E24E0-14DC-4D7B-B724-1084B16CD60D,Unknown,,W,,,St,W 6Th St,2023/09/12 23:03:18+00,1101 W 6Th St Los Angeles 90017,1B7E24E0-14DC-4D7B-B724-1084B16CD60D_1101_W_6Th_St_Los_Angeles_90017,6Th,1101 W 6Th Street St Los Angeles 90017,,,,
666782,1243529,,5152001023.0,,1111.0,,,West,,,6Th,Street,,,,,,,,,,,,,90017.0,,Los Angeles,Los Angeles,,,,,LA City,{60E277E1-A934-430D-93D2-EDD1566BB8E4},0,,60E277E1-A934-430D-93D2-EDD1566BB8E4,Unknown,,W,,,St,W 6Th St,2023/09/12 23:03:18+00,1111 W 6Th St Los Angeles 90017,60E277E1-A934-430D-93D2-EDD1566BB8E4_1111_W_6Th_St_Los_Angeles_90017,6Th,1111 W 6Th Street St Los Angeles 90017,,,,
666783,1243530,,5152001023.0,,1113.0,,,West,,,6Th,Street,,,,,,,,,,,,,90017.0,,Los Angeles,Los Angeles,,,,,LA City,{743F2877-E23F-4952-A778-3A04CA4AC493},0,,743F2877-E23F-4952-A778-3A04CA4AC493,Unknown,,W,,,St,W 6Th St,2023/09/12 23:03:18+00,1113 W 6Th St Los Angeles 90017,743F2877-E23F-4952-A778-3A04CA4AC493_1113_W_6Th_St_Los_Angeles_90017,6Th,1113 W 6Th Street St Los Angeles 90017,,,,
666784,1243531,,5152001023.0,,1105.0,,,West,,,6Th,Street,,,,,,,,,,,,,90017.0,,Los Angeles,Los Angeles,,,,,LA City,{CE1527DA-B8AC-4665-B471-317158673797},0,,CE1527DA-B8AC-4665-B471-317158673797,Unknown,,W,,,St,W 6Th St,2023/09/12 23:03:18+00,1105 W 6Th St Los Angeles 90017,CE1527DA-B8AC-4665-B471-317158673797_1105_W_6Th_St_Los_Angeles_90017,6Th,1105 W 6Th Street St Los Angeles 90017,,,,
666785,1243532,,5152001023.0,,521.0,,,South,,,Bixel,Street,,,,,,,,,,,,,90017.0,,Los Angeles,Los Angeles,,,,,LA City,{AA14ACFF-2479-40E9-92D6-0E3D0D03E621},0,,AA14ACFF-2479-40E9-92D6-0E3D0D03E621,Unknown,,S,,,St,S Bixel St,2023/09/12 23:03:18+00,521 S Bixel St Los Angeles 90017,AA14ACFF-2479-40E9-92D6-0E3D0D03E621_521_S_Bixel_St_Los_Angeles_90017,Bixel,521 S Bixel Street St Los Angeles 90017,,,,
666786,1243533,,5152001900.0,,1320.0,,,West,,,5Th,Street,,,,,,,,,,,,,90017.0,,Los Angeles,Los Angeles,,,,,LA City,{368937A8-A8EB-4B08-A888-686A388AFCFA},0,,368937A8-A8EB-4B08-A888-686A388AFCFA,Unknown,,W,,,St,W 5Th St,2023/09/12 23:03:18+00,1320 W 5Th St Los Angeles 90017,368937A8-A8EB-4B08-A888-686A388AFCFA_1320_W_5Th_St_Los_Angeles_90017,5Th,1320 W 5Th Street St Los Angeles 90017,,,,
666787,1243534,,5152001900.0,,1316.0,,,West,,,5Th,Street,,,,,,,,,,,,,90017.0,,Los Angeles,Los Angeles,,,,,LA City,{2E9F2FAD-9039-4F96-B44B-84E82FC21DAD},0,,2E9F2FAD-9039-4F96-B44B-84E82FC21DAD,Unknown,,W,,,St,W 5Th St,2023/09/12 23:03:18+00,1316 W 5Th St Los Angeles 90017,2E9F2FAD-9039-4F96-B44B-84E82FC21DAD_1316_W_5Th_St_Los_Angeles_90017,5Th,1316 W 5Th Street St Los Angeles 90017,,,,
666788,1243535,,5152001900.0,,507.0,,,South,,,Bixel,Street,,,,,,,,,,,,,90017.0,,Los Angeles,Los Angeles,,,,,LA City,{6932333F-EA3B-49D6-B6C1-6F795B2B3C70},0,,6932333F-EA3B-49D6-B6C1-6F795B2B3C70,Unknown,,S,,,St,S Bixel St,2023/09/12 23:03:18+00,507 S Bixel St Los Angeles 90017,6932333F-EA3B-49D6-B6C1-6F795B2B3C70_507_S_Bixel_St_Los_Angeles_90017,Bixel,507 S Bixel Street St Los Angeles 90017,,,,
666789,1243536,,5152001900.0,,511.0,,,South,,,Bixel,Street,,,,,,,,,,,,,90017.0,,Los Angeles,Los Angeles,,,,,LA City,{F257E46E-3B9B-412A-8AD2-C39FB8819B9B},0,,F257E46E-3B9B-412A-8AD2-C39FB8819B9B,Unknown,,S,,,St,S Bixel St,2023/09/12 23:03:18+00,511 S Bixel St Los Angeles 90017,F257E46E-3B9B-412A-8AD2-C39FB8819B9B_511_S_Bixel_St_Los_Angeles_90017,Bixel,511 S Bixel Street St Los Angeles 90017,,,,
666790,1243537,,5152001900.0,,501.0,,,South,,,Bixel,Street,,,,,,,,,,,,,90017.0,,Los Angeles,Los Angeles,,,,,LA City,{5D38154B-D25A-4E7C-A5AB-50A3A68574A4},0,,5D38154B-D25A-4E7C-A5AB-50A3A68574A4,Unknown,,S,,,St,S Bixel St,2023/09/12 23:03:18+00,501 S Bixel St Los Angeles 90017,5D38154B-D25A-4E7C-A5AB-50A3A68574A4_501_S_Bixel_St_Los_Angeles_90017,Bixel,501 S Bixel Street St Los Angeles 90017,,,,
666791,1243538,,5152001900.0,,1312.0,,,West,,,5Th,Street,,,,,,,,,,,,,90017.0,,Los Angeles,Los Angeles,,,,,LA City,{25C92821-1104-40DB-8A30-8F1CA5BCC8D2},0,,25C92821-1104-40DB-8A30-8F1CA5BCC8D2,Unknown,,W,,,St,W 5Th St,2023/09/12 23:03:18+00,1312 W 5Th St Los Angeles 90017,25C92821-1104-40DB-8A30-8F1CA5BCC8D2_1312_W_5Th_St_Los_Angeles_90017,5Th,1312 W 5Th Street St Los Angeles 90017,,,,
666792,1243539,,5152002001.0,,451.0,,,South,,,Bixel,Street,,,,,,,,,,,,,90017.0,,Los Angeles,Los Angeles,,,,,LA City,{D4470D83-D62D-47FF-8DAD-9044189A33A5},0,,D4470D83-D62D-47FF-8DAD-9044189A33A5,Unknown,,S,,,St,S Bixel St,2023/09/12 23:03:18+00,451 S Bixel St Los Angeles 90017,D4470D83-D62D-47FF-8DAD-9044189A33A5_451_S_Bixel_St_Los_Angeles_90017,Bixel,451 S Bixel Street St Los Angeles 90017,,,,
666793,1243540,,5152002002.0,,459.0,,,South,,,Bixel,Street,,,,,,,,,,,,,90017.0,,Los Angeles,Los Angeles,,,,,LA City,{AFCB340F-0CF2-4C84-8FDC-1D08AA50568A},0,,AFCB340F-0CF2-4C84-8FDC-1D08AA50568A,Unknown,,S,,,St,S Bixel St,2023/09/12 23:03:18+00,459 S Bixel St Los Angeles 90017,AFCB340F-0CF2-4C84-8FDC-1D08AA50568A_459_S_Bixel_St_Los_Angeles_90017,Bixel,459 S Bixel Street St Los Angeles 90017,,,,
666794,1243541,,5152002003.0,,463.0,,,South,,,Bixel,Street,,,,,,,,,,,,,90017.0,,Los Angeles,Los Angeles,,,,,LA City,{2D3259EC-881D-47A3-A535-8DDDC746A8BC},0,,2D3259EC-881D-47A3-A535-8DDDC746A8BC,Unknown,,S,,,St,S Bixel St,2023/09/12 23:03:18+00,463 S Bixel St Los Angeles 90017,2D3259EC-881D-47A3-A535-8DDDC746A8BC_463_S_Bixel_St_Los_Angeles_90017,Bixel,463 S Bixel Street St Los Angeles 90017,,,,
666795,1243542,,5152002007.0,,1312.0,,,West,,,Maryland,Street,,,,,,,,,,,,,90017.0,,Los Angeles,Los Angeles,,,,,LA City,{E628EAA4-9BB0-4586-83D1-1C1329369AC3},0,,E628EAA4-9BB0-4586-83D1-1C1329369AC3,Unknown,,W,,,St,W Maryland St,2023/09/12 23:03:18+00,1312 W Maryland St Los Angeles 90017,E628EAA4-9BB0-4586-83D1-1C1329369AC3_1312_W_Maryland_St_Los_Angeles_90017,Maryland,1312 W Maryland Street St Los Angeles 90017,,,,
666796,1243543,,5152002009.0,,1318.0,,,West,,,Maryland,Street,,,,,,,,,,,,,90017.0,,Los Angeles,Los Angeles,,,,,LA City,{8C876336-F5D1-4331-BAA6-D99A55059C90},0,,8C876336-F5D1-4331-BAA6-D99A55059C90,Unknown,,W,,,St,W Maryland St,2023/09/12 23:03:18+00,1318 W Maryland St Los Angeles 90017,8C876336-F5D1-4331-BAA6-D99A55059C90_1318_W_Maryland_St_Los_Angeles_90017,Maryland,1318 W Maryland Street St Los Angeles 90017,,,,
666797,1243544,,5152002011.0,,1324.0,,,West,,,Maryland,Street,,,,,,,,,,,,,90017.0,,Los Angeles,Los Angeles,,,,,LA City,{5BDB1232-208D-425C-B9B7-D01C3B377EE6},0,,5BDB1232-208D-425C-B9B7-D01C3B377EE6,Unknown,,W,,,St,W Maryland St,2024/05/12 21:05:27+00,1324 W Maryland St Los Angeles 90017,5BDB1232-208D-425C-B9B7-D01C3B377EE6_1324_W_Maryland_St_Los_Angeles_90017,Maryland,1324 W Maryland Street St Los Angeles 90017,,,,
666798,1243545,,5152002011.0,,1324.0,1/2,,West,,,Maryland,Street,,,,,,,,,,,,,90017.0,,Los Angeles,Los Angeles,,,,,LA City,{612FFFAD-6B96-4103-941E-BB7371919BCE},0,,612FFFAD-6B96-4103-941E-BB7371919BCE,Unknown,,W,,,St,W Maryland St,2024/05/12 21:05:27+00,1324 1/2 W Maryland St Los Angeles 90017,612FFFAD-6B96-4103-941E-BB7371919BCE_1324_1/2_W_Maryland_St_Los_Angeles_90017,Maryland,1324 1/2 W Maryland Street St Los Angeles 90017,,,,
666799,1243546,,5152002011.0,,1322.0,1/2,,West,,,Maryland,Street,,,,,,,,,,,,,90017.0,,Los Angeles,Los Angeles,,,,,LA City,{A1652C48-69E1-4ECF-AAA9-126C7C806B31},0,,A1652C48-69E1-4ECF-AAA9-126C7C806B31,Unknown,,W,,,St,W Maryland St,2024/05/12 21:05:27+00,1322 1/2 W Maryland St Los Angeles 90017,A1652C48-69E1-4ECF-AAA9-126C7C806B31_1322_1/2_W_Maryland_St_Los_Angeles_90017,Maryland,1322 1/2 W Maryland Street St Los Angeles 90017,,,,
666800,1243547,,5152002011.0,,1322.0,,,West,,,Maryland,Street,,,,,,,,,,,,,90017.0,,Los Angeles,Los Angeles,,,,,LA City,{DB22A6FC-4B8F-4B04-8C72-B94E0603A89F},0,,DB22A6FC-4B8F-4B04-8C72-B94E0603A89F,Unknown,,W,,,St,W Maryland St,2024/05/12 21:05:27+00,1322 W Maryland St Los Angeles 90017,DB22A6FC-4B8F-4B04-8C72-B94E0603A89F_1322_W_Maryland_St_Los_Angeles_90017,Maryland,1322 W Maryland Street St Los Angeles 90017,,,,
666801,1243548,,5152002013.0,,1326.0,,,West,,,Maryland,Street,,,,,,,,,,,,1-37,90017.0,,Los Angeles,Los Angeles,,,,,LA City,{3E8F9277-79EE-4E3E-B6EF-29844E00928E},0,,3E8F9277-79EE-4E3E-B6EF-29844E00928E,Unknown,,W,,,St,W Maryland St,2023/09/12 23:03:18+00,1326 W Maryland St 1-37 Los Angeles 90017,3E8F9277-79EE-4E3E-B6EF-29844E00928E_1326_W_Maryland_St_1-37_Los_Angeles_90017,Maryland,1326 W Maryland Street St 1-37 Los Angeles 90017,,,,
666802,1243549,,5152002014.0,,1329.0,,,West,,,5Th,Street,,,,,,,,,,,,,90017.0,,Los Angeles,Los Angeles,,,,,LA City,{59D5C33B-8569-4563-9BB0-87F90CC5B559},0,,59D5C33B-8569-4563-9BB0-87F90CC5B559,Unknown,,W,,,St,W 5Th St,2023/09/12 23:03:18+00,1329 W 5Th St Los Angeles 90017,59D5C33B-8569-4563-9BB0-87F90CC5B559_1329_W_5Th_St_Los_Angeles_90017,5Th,1329 W 5Th Street St Los Angeles 90017,,,,
666803,1243550,,5152002025.0,,467.0,,,South,,,Bixel,Street,,,,,,,,,,,,,90017.0,,Los Angeles,Los Angeles,,,,,LA City,{0368FB8C-2BDC-4F81-A9B0-95814AA9EB8B},0,,0368FB8C-2BDC-4F81-A9B0-95814AA9EB8B,Unknown,,S,,,St,S Bixel St,2023/09/12 23:03:18+00,467 S Bixel St Los Angeles 90017,0368FB8C-2BDC-4F81-A9B0-95814AA9EB8B_467_S_Bixel_St_Los_Angeles_90017,Bixel,467 S Bixel Street St Los Angeles 90017,,,,
666804,1243551,,5152002027.0,,464.0,,,South,,,Lucas,Avenue,,,,,,,,,,,,,90017.0,,Los Angeles,Los Angeles,,,,,LA City,{15AD7A74-DAC3-4E54-B6F2-E2DAE3ADD046},0,,15AD7A74-DAC3-4E54-B6F2-E2DAE3ADD046,Unknown,,S,,,Ave,S Lucas Ave,2023/09/12 23:03:18+00,464 S Lucas Ave Los Angeles 90017,15AD7A74-DAC3-4E54-B6F2-E2DAE3ADD046_464_S_Lucas_Ave_Los_Angeles_90017,Lucas,464 S Lucas Avenue Ave Los Angeles 90017,,,,
666805,1243552,,5152002027.0,,1349.0,,,West,,,5Th,Street,,,,,,,,,,,,,90017.0,,Los Angeles,Los Angeles,,,,,LA City,{2317DFAE-8FD0-4C0D-83F1-F8BDA52AB3C2},0,,2317DFAE-8FD0-4C0D-83F1-F8BDA52AB3C2,Unknown,,W,,,St,W 5Th St,2023/09/12 23:03:18+00,1349 W 5Th St Los Angeles 90017,2317DFAE-8FD0-4C0D-83F1-F8BDA52AB3C2_1349_W_5Th_St_Los_Angeles_90017,5Th,1349 W 5Th Street St Los Angeles 90017,,,,
666806,1243553,,5152002032.0,,1337.0,,,West,,,5Th,Street,,,,,,,,,,,,,90017.0,,Los Angeles,Los Angeles,,,,,LA City,{6F78E9D3-335B-4769-91C1-FBC972FCC333},0,,6F78E9D3-335B-4769-91C1-FBC972FCC333,Unknown,,W,,,St,W 5Th St,2023/09/12 23:03:18+00,1337 W 5Th St Los Angeles 90017,6F78E9D3-335B-4769-91C1-FBC972FCC333_1337_W_5Th_St_Los_Angeles_90017,5Th,1337 W 5Th Street St Los Angeles 90017,,,,
666807,1243554,,5152002033.0,,1340.0,,,West,,,Maryland,Street,,,,,,,,,,,,,90017.0,,Los Angeles,Los Angeles,,,,,LA City,{8A89883B-9376-48E7-ADBB-BDEA4171D378},0,,8A89883B-9376-48E7-ADBB-BDEA4171D378,Unknown,,W,,,St,W Maryland St,2023/09/12 23:03:18+00,1340 W Maryland St Los Angeles 90017,8A89883B-9376-48E7-ADBB-BDEA4171D378_1340_W_Maryland_St_Los_Angeles_90017,Maryland,1340 W Maryland Street St Los Angeles 90017,,,,
666808,1243555,,5152002034.0,,1301.0,,,West,,,5Th,Street,,,,,,,,,,,,,90017.0,,Los Angeles,Los Angeles,,,,,LA City,{C9D6DC1D-E0C8-4FDC-B87A-CA3ED585445E},0,,C9D6DC1D-E0C8-4FDC-B87A-CA3ED585445E,Unknown,,W,,,St,W 5Th St,2023/09/12 23:03:18+00,1301 W 5Th St Los Angeles 90017,C9D6DC1D-E0C8-4FDC-B87A-CA3ED585445E_1301_W_5Th_St_Los_Angeles_90017,5Th,1301 W 5Th Street St Los Angeles 90017,,,,
666809,1243556,,5152002034.0,,1311.0,,,West,,,5Th,Street,,,,,,,,,,,,1-80,90017.0,,Los Angeles,Los Angeles,,,,,LA City,{68951C3E-0E06-427A-BC13-B74246B86571},0,,68951C3E-0E06-427A-BC13-B74246B86571,Unknown,,W,,,St,W 5Th St,2023/09/12 23:03:18+00,1311 W 5Th St 1-80 Los Angeles 90017,68951C3E-0E06-427A-BC13-B74246B86571_1311_W_5Th_St_1-80_Los_Angeles_90017,5Th,1311 W 5Th Street St 1-80 Los Angeles 90017,,,,
666810,1243557,,5152002034.0,,1319.0,,,West,,,5Th,Street,,,,,,,,,,,,,90017.0,,Los Angeles,Los Angeles,,,,,LA City,{26FAECA2-3942-4D27-847B-B5A470028BEA},0,,26FAECA2-3942-4D27-847B-B5A470028BEA,Unknown,,W,,,St,W 5Th St,2023/09/12 23:03:18+00,1319 W 5Th St Los Angeles 90017,26FAECA2-3942-4D27-847B-B5A470028BEA_1319_W_5Th_St_Los_Angeles_90017,5Th,1319 W 5Th Street St Los Angeles 90017,,,,
666811,1243558,,5152002034.0,,1309.0,,,West,,,5Th,Street,,,,,,,,,,,,,90017.0,,Los Angeles,Los Angeles,,,,,LA City,{9BC7D38C-6C72-42EA-887E-AE6B68BA1480},0,,9BC7D38C-6C72-42EA-887E-AE6B68BA1480,Unknown,,W,,,St,W 5Th St,2023/09/12 23:03:18+00,1309 W 5Th St Los Angeles 90017,9BC7D38C-6C72-42EA-887E-AE6B68BA1480_1309_W_5Th_St_Los_Angeles_90017,5Th,1309 W 5Th Street St Los Angeles 90017,,,,
666812,1243559,,5152002034.0,,1325.0,,,West,,,5Th,Street,,,,,,,,,,,,,90017.0,,Los Angeles,Los Angeles,,,,,LA City,{7434AF91-D9D9-477A-B3B4-350EF5A54A4F},0,,7434AF91-D9D9-477A-B3B4-350EF5A54A4F,Unknown,,W,,,St,W 5Th St,2023/09/12 23:03:18+00,1325 W 5Th St Los Angeles 90017,7434AF91-D9D9-477A-B3B4-350EF5A54A4F_1325_W_5Th_St_Los_Angeles_90017,5Th,1325 W 5Th Street St Los Angeles 90017,,,,
666813,1243560,,5152003001.0,,1303.0,,,West,,,Maryland,Street,,,,,,,,,,,,,90017.0,,Los Angeles,Los Angeles,,,,,LA City,{A4CE8BE0-2EE4-4B7E-989E-FDDFB5AE110D},0,,A4CE8BE0-2EE4-4B7E-989E-FDDFB5AE110D,Unknown,,W,,,St,W Maryland St,2023/09/12 23:03:18+00,1303 W Maryland St Los Angeles 90017,A4CE8BE0-2EE4-4B7E-989E-FDDFB5AE110D_1303_W_Maryland_St_Los_Angeles_90017,Maryland,1303 W Maryland Street St Los Angeles 90017,,,,
666814,1243561,,5152003001.0,,1301.0,,,West,,,Maryland,Street,,,,,,,,,,,,,90017.0,,Los Angeles,Los Angeles,,,,,LA City,{2E4617DB-D57E-4BC7-9F5A-2AC3A8705C08},0,,2E4617DB-D57E-4BC7-9F5A-2AC3A8705C08,Unknown,,W,,,St,W Maryland St,2023/09/12 23:03:18+00,1301 W Maryland St Los Angeles 90017,2E4617DB-D57E-4BC7-9F5A-2AC3A8705C08_1301_W_Maryland_St_Los_Angeles_90017,Maryland,1301 W Maryland Street St Los Angeles 90017,,,,
666815,1243562,,5152003001.0,,421.0,,,South,,,Bixel,Street,,,,,,,,,,,,,90017.0,,Los Angeles,Los Angeles,,,,,LA City,{B64CC57A-80ED-4D85-B31E-631B729D2416},0,,B64CC57A-80ED-4D85-B31E-631B729D2416,Unknown,,S,,,St,S Bixel St,2023/09/12 23:03:18+00,421 S Bixel St Los Angeles 90017,B64CC57A-80ED-4D85-B31E-631B729D2416_421_S_Bixel_St_Los_Angeles_90017,Bixel,421 S Bixel Street St Los Angeles 90017,,,,
666816,1243563,,5152003001.0,,1305.0,,,West,,,Maryland,Street,,,,,,,,,,,,,90017.0,,Los Angeles,Los Angeles,,,,,LA City,{806584D6-5671-46EA-88E5-F8097761ED0B},0,,806584D6-5671-46EA-88E5-F8097761ED0B,Unknown,,W,,,St,W Maryland St,2023/09/12 23:03:18+00,1305 W Maryland St Los Angeles 90017,806584D6-5671-46EA-88E5-F8097761ED0B_1305_W_Maryland_St_Los_Angeles_90017,Maryland,1305 W Maryland Street St Los Angeles 90017,,,,
666817,1243564,,5152003002.0,,1314.0,,,West,,,4Th,Street,,,,,,,,,,,,,90017.0,,Los Angeles,Los Angeles,,,,,LA City,{D0EB41D5-6506-4C2E-8144-49890075BF4F},0,,D0EB41D5-6506-4C2E-8144-49890075BF4F,Unknown,,W,,,St,W 4Th St,2024/05/12 21:05:27+00,1314 W 4Th St Los Angeles 90017,D0EB41D5-6506-4C2E-8144-49890075BF4F_1314_W_4Th_St_Los_Angeles_90017,4Th,1314 W 4Th Street St Los Angeles 90017,,,,
666818,1243565,,5152003002.0,,1314.0,1/2,,West,,,4Th,Street,,,,,,,,,,,,,90017.0,,Los Angeles,Los Angeles,,,,,LA City,{AD6DF8D0-02A7-4AA2-B885-B57475F70D85},0,,AD6DF8D0-02A7-4AA2-B885-B57475F70D85,Unknown,,W,,,St,W 4Th St,2024/05/12 21:05:27+00,1314 1/2 W 4Th St Los Angeles 90017,AD6DF8D0-02A7-4AA2-B885-B57475F70D85_1314_1/2_W_4Th_St_Los_Angeles_90017,4Th,1314 1/2 W 4Th Street St Los Angeles 90017,,,,
666819,1243566,,5152003002.0,,1312.0,,,West,,,4Th,Street,,,,,,,,,,,,,90017.0,,Los Angeles,Los Angeles,,,,,LA City,{9AAFDB52-1741-4075-B6B1-63B76F3AC28A},0,,9AAFDB52-1741-4075-B6B1-63B76F3AC28A,Unknown,,W,,,St,W 4Th St,2024/05/12 21:05:27+00,1312 W 4Th St Los Angeles 90017,9AAFDB52-1741-4075-B6B1-63B76F3AC28A_1312_W_4Th_St_Los_Angeles_90017,4Th,1312 W 4Th Street St Los Angeles 90017,,,,
666820,1243567,,5152003002.0,,1312.0,1/2,,West,,,4Th,Street,,,,,,,,,,,,,90017.0,,Los Angeles,Los Angeles,,,,,LA City,{0596A032-8AD2-4DD5-BD19-4CAEBF0D62E2},0,,0596A032-8AD2-4DD5-BD19-4CAEBF0D62E2,Unknown,,W,,,St,W 4Th St,2024/05/12 21:05:27+00,1312 1/2 W 4Th St Los Angeles 90017,0596A032-8AD2-4DD5-BD19-4CAEBF0D62E2_1312_1/2_W_4Th_St_Los_Angeles_90017,4Th,1312 1/2 W 4Th Street St Los Angeles 90017,,,,
666821,1243568,,5152003005.0,,1315.0,,,West,,,Maryland,Street,,,,,,,,,,,,,90017.0,,Los Angeles,Los Angeles,,,,,LA City,{436366EB-28FC-48D8-95BC-9835C33A0EF0},0,,436366EB-28FC-48D8-95BC-9835C33A0EF0,Unknown,,W,,,St,W Maryland St,2023/09/12 23:03:18+00,1315 W Maryland St Los Angeles 90017,436366EB-28FC-48D8-95BC-9835C33A0EF0_1315_W_Maryland_St_Los_Angeles_90017,Maryland,1315 W Maryland Street St Los Angeles 90017,,,,
666822,1243569,,5152003005.0,,1313.0,,,,,,Maryland,Street,,,,,,,,,,,,,90017.0,,Los Angeles,Los Angeles,,,,,Assessor,{3AC117EE-802B-4A33-9F11-6946046BB723},0,,3AC117EE-802B-4A33-9F11-6946046BB723,Unknown,,,,,St,Maryland St,2024/04/27 17:13:09+00,1313 Maryland St Los Angeles 90017,3AC117EE-802B-4A33-9F11-6946046BB723_1313_Maryland_St_Los_Angeles_90017,Maryland,1313 Maryland Street St Los Angeles 90017,,,,
666823,1243570,,5152003006.0,,1318.0,,,West,,,4Th,Street,,,,,,,,,,,,,90017.0,,Los Angeles,Los Angeles,,,,,LA City,{787CE068-4197-4902-8760-7F8C3F4B80C3},0,,787CE068-4197-4902-8760-7F8C3F4B80C3,Unknown,,W,,,St,W 4Th St,2023/09/12 23:03:18+00,1318 W 4Th St Los Angeles 90017,787CE068-4197-4902-8760-7F8C3F4B80C3_1318_W_4Th_St_Los_Angeles_90017,4Th,1318 W 4Th Street St Los Angeles 90017,,,,
666824,1243571,,5152003009.0,,1319.0,,,West,,,Maryland,Street,,,,,,,,,,,,,90017.0,,Los Angeles,Los Angeles,,,,,LA City,{1F4E1B9C-6D81-447D-B64C-ADAB4B304593},0,,1F4E1B9C-6D81-447D-B64C-ADAB4B304593,Unknown,,W,,,St,W Maryland St,2023/09/12 23:03:18+00,1319 W Maryland St Los Angeles 90017,1F4E1B9C-6D81-447D-B64C-ADAB4B304593_1319_W_Maryland_St_Los_Angeles_90017,Maryland,1319 W Maryland Street St Los Angeles 90017,,,,
666825,1243572,,5152003009.0,,1321.0,,,,,,Maryland,Street,,,,,,,,,,,,,90017.0,,Los Angeles,Los Angeles,,,,,Assessor,{F69483DB-30A6-466F-A6D2-DBFDB5A6A7C2},0,,F69483DB-30A6-466F-A6D2-DBFDB5A6A7C2,Unknown,,,,,St,Maryland St,2024/04/27 17:13:09+00,1321 Maryland St Los Angeles 90017,F69483DB-30A6-466F-A6D2-DBFDB5A6A7C2_1321_Maryland_St_Los_Angeles_90017,Maryland,1321 Maryland Street St Los Angeles 90017,,,,
666826,1243573,,5152003010.0,,1334.0,,,West,,,4Th,Street,,,,,,,,,,,,,90017.0,,Los Angeles,Los Angeles,,,,,LA City,{F8383543-893E-4252-81E3-4CD55B646007},0,,F8383543-893E-4252-81E3-4CD55B646007,Unknown,,W,,,St,W 4Th St,2023/09/12 23:03:18+00,1334 W 4Th St Los Angeles 90017,F8383543-893E-4252-81E3-4CD55B646007_1334_W_4Th_St_Los_Angeles_90017,4Th,1334 W 4Th Street St Los Angeles 90017,,,,
666827,1243574,,5152003010.0,,1328.0,,,West,,,4Th,Street,,,,,,,,,,,,,90017.0,,Los Angeles,Los Angeles,,,,,LA City,{7E858D19-008C-47B4-A239-EB6EA7173023},0,,7E858D19-008C-47B4-A239-EB6EA7173023,Unknown,,W,,,St,W 4Th St,2023/09/12 23:03:18+00,1328 W 4Th St Los Angeles 90017,7E858D19-008C-47B4-A239-EB6EA7173023_1328_W_4Th_St_Los_Angeles_90017,4Th,1328 W 4Th Street St Los Angeles 90017,,,,
666828,1243575,,5152003010.0,,1325.0,,,West,,,Maryland,Street,,,,,,,,,,,,,90017.0,,Los Angeles,Los Angeles,,,,,LA City,{39A0924E-CFE4-457C-8D08-98A8EC8CC2B5},0,,39A0924E-CFE4-457C-8D08-98A8EC8CC2B5,Unknown,,W,,,St,W Maryland St,2023/09/12 23:03:18+00,1325 W Maryland St Los Angeles 90017,39A0924E-CFE4-457C-8D08-98A8EC8CC2B5_1325_W_Maryland_St_Los_Angeles_90017,Maryland,1325 W Maryland Street St Los Angeles 90017,,,,
666829,1243576,,5152003010.0,,1338.0,,,West,,,4Th,Street,,,,,,,,,,,,,90017.0,,Los Angeles,Los Angeles,,,,,LA City,{411E34CB-C1B8-44EC-9712-5935C242D02A},0,,411E34CB-C1B8-44EC-9712-5935C242D02A,Unknown,,W,,,St,W 4Th St,2023/09/12 23:03:18+00,1338 W 4Th St Los Angeles 90017,411E34CB-C1B8-44EC-9712-5935C242D02A_1338_W_4Th_St_Los_Angeles_90017,4Th,1338 W 4Th Street St Los Angeles 90017,,,,
666830,1243577,,5152003010.0,,1326.0,,,West,,,4Th,Street,,,,,,,,,,,,,90017.0,,Los Angeles,Los Angeles,,,,,LA City,{82CAC386-0C78-4E48-9100-BF25D8D33E1E},0,,82CAC386-0C78-4E48-9100-BF25D8D33E1E,Unknown,,W,,,St,W 4Th St,2023/09/12 23:03:18+00,1326 W 4Th St Los Angeles 90017,82CAC386-0C78-4E48-9100-BF25D8D33E1E_1326_W_4Th_St_Los_Angeles_90017,4Th,1326 W 4Th Street St Los Angeles 90017,,,,
666831,1243578,,5152003010.0,,1327.0,,,West,,,Maryland,Street,,,,,,,,,,,,,90017.0,,Los Angeles,Los Angeles,,,,,LA City,{9D4D52CE-11B9-4348-AD3F-02D204A83D6E},0,,9D4D52CE-11B9-4348-AD3F-02D204A83D6E,Unknown,,W,,,St,W Maryland St,2023/09/12 23:03:18+00,1327 W Maryland St Los Angeles 90017,9D4D52CE-11B9-4348-AD3F-02D204A83D6E_1327_W_Maryland_St_Los_Angeles_90017,Maryland,1327 W Maryland Street St Los Angeles 90017,,,,
666832,1243579,,5152003010.0,,1332.0,,,West,,,4Th,Street,,,,,,,,,,,,,90017.0,,Los Angeles,Los Angeles,,,,,LA City,{EE7BEFFB-83C2-4CED-98BF-8ADE97104384},0,,EE7BEFFB-83C2-4CED-98BF-8ADE97104384,Unknown,,W,,,St,W 4Th St,2023/09/12 23:03:18+00,1332 W 4Th St Los Angeles 90017,EE7BEFFB-83C2-4CED-98BF-8ADE97104384_1332_W_4Th_St_Los_Angeles_90017,4Th,1332 W 4Th Street St Los Angeles 90017,,,,
666833,1243580,,5152003010.0,,1330.0,,,West,,,4Th,Street,,,,,,,,,,,,,90017.0,,Los Angeles,Los Angeles,,,,,LA City,{6D390F14-D563-49F3-B1FB-0102FAEC83D9},0,,6D390F14-D563-49F3-B1FB-0102FAEC83D9,Unknown,,W,,,St,W 4Th St,2023/09/12 23:03:18+00,1330 W 4Th St Los Angeles 90017,6D390F14-D563-49F3-B1FB-0102FAEC83D9_1330_W_4Th_St_Los_Angeles_90017,4Th,1330 W 4Th Street St Los Angeles 90017,,,,
666834,1243581,,5152003011.0,,1340.0,,,West,,,4Th,Street,,,,,,,,,,,,1-10,90017.0,,Los Angeles,Los Angeles,,,,,LA City,{959206BA-30BF-403A-82DF-1ECAEA1C7CEB},0,,959206BA-30BF-403A-82DF-1ECAEA1C7CEB,Unknown,,W,,,St,W 4Th St,2023/09/12 23:03:18+00,1340 W 4Th St 1-10 Los Angeles 90017,959206BA-30BF-403A-82DF-1ECAEA1C7CEB_1340_W_4Th_St_1-10_Los_Angeles_90017,4Th,1340 W 4Th Street St 1-10 Los Angeles 90017,,,,
666835,1243582,,5152003012.0,,1339.0,,,,,,Maryland,Street,,,,,,,,,,,,,90017.0,,Los Angeles,Los Angeles,,,,,Assessor,{B05B9F9A-83D6-4778-B768-071ECCDF9772},0,,B05B9F9A-83D6-4778-B768-071ECCDF9772,Unknown,,,,,St,Maryland St,2024/04/27 17:13:09+00,1339 Maryland St Los Angeles 90017,B05B9F9A-83D6-4778-B768-071ECCDF9772_1339_Maryland_St_Los_Angeles_90017,Maryland,1339 Maryland Street St Los Angeles 90017,,,,
666836,1243583,,5152003013.0,,1344.0,,,West,,,4Th,Street,,,,,,,,,,,,,90017.0,,Los Angeles,Los Angeles,,,,,LA City,{8F1A0A55-6A3C-4739-96ED-10C7D4497E08},0,,8F1A0A55-6A3C-4739-96ED-10C7D4497E08,Unknown,,W,,,St,W 4Th St,2023/09/12 23:03:18+00,1344 W 4Th St Los Angeles 90017,8F1A0A55-6A3C-4739-96ED-10C7D4497E08_1344_W_4Th_St_Los_Angeles_90017,4Th,1344 W 4Th Street St Los Angeles 90017,,,,
666837,1243584,,5152003015.0,,1350.0,,,West,,,4Th,Street,,,,,,,,,,,,,90017.0,,Los Angeles,Los Angeles,,,,,LA City,{0DD8DA87-45F0-4A86-97CF-2B4694399D74},0,,0DD8DA87-45F0-4A86-97CF-2B4694399D74,Unknown,,W,,,St,W 4Th St,2023/09/12 23:03:18+00,1350 W 4Th St Los Angeles 90017,0DD8DA87-45F0-4A86-97CF-2B4694399D74_1350_W_4Th_St_Los_Angeles_90017,4Th,1350 W 4Th Street St Los Angeles 90017,,,,
666838,1243585,,5152003016.0,,410.0,,,South,,,Lucas,Avenue,,,,,,,,,,,,,90017.0,,Los Angeles,Los Angeles,,,,,LA City,{CA08AD74-765A-4C42-A3AC-C7352A17E4D1},0,,CA08AD74-765A-4C42-A3AC-C7352A17E4D1,Unknown,,S,,,Ave,S Lucas Ave,2023/09/12 23:03:18+00,410 S Lucas Ave Los Angeles 90017,CA08AD74-765A-4C42-A3AC-C7352A17E4D1_410_S_Lucas_Ave_Los_Angeles_90017,Lucas,410 S Lucas Avenue Ave Los Angeles 90017,,,,
666839,1243586,,5152003017.0,,444.0,,,South,,,Lucas,Avenue,,,,,,,,,,,,,90017.0,,Los Angeles,Los Angeles,,,,,LA City,{638F8EE5-88E0-4816-A25C-D3F5648D8858},0,,638F8EE5-88E0-4816-A25C-D3F5648D8858,Unknown,,S,,,Ave,S Lucas Ave,2023/09/12 23:03:18+00,444 S Lucas Ave Los Angeles 90017,638F8EE5-88E0-4816-A25C-D3F5648D8858_444_S_Lucas_Ave_Los_Angeles_90017,Lucas,444 S Lucas Avenue Ave Los Angeles 90017,,,,
666840,1243587,,5152003017.0,,420.0,,,,,,Lucas,Avenue,,,,,,,,,,,,,90017.0,,Los Angeles,Los Angeles,,,,,Assessor,{8107F6E6-0771-46E4-8C03-BF8AD0736AB0},0,,8107F6E6-0771-46E4-8C03-BF8AD0736AB0,Unknown,,,,,Ave,Lucas Ave,2024/04/27 17:13:09+00,420 Lucas Ave Los Angeles 90017,8107F6E6-0771-46E4-8C03-BF8AD0736AB0_420_Lucas_Ave_Los_Angeles_90017,Lucas,420 Lucas Avenue Ave Los Angeles 90017,,,,
666841,1243588,,5152003018.0,,413.0,,,South,,,Bixel,Street,,,,,,,,,,,,,90017.0,,Los Angeles,Los Angeles,,,,,LA City,{4F382FFF-51D2-416B-B929-4D67E70BA540},0,,4F382FFF-51D2-416B-B929-4D67E70BA540,Unknown,,S,,,St,S Bixel St,2023/09/12 23:03:18+00,413 S Bixel St Los Angeles 90017,4F382FFF-51D2-416B-B929-4D67E70BA540_413_S_Bixel_St_Los_Angeles_90017,Bixel,413 S Bixel Street St Los Angeles 90017,,,,
666842,1243589,,5152003018.0,,401.0,,,South,,,Bixel,Street,,,,,,,,,,,,,90017.0,,Los Angeles,Los Angeles,,,,,LA City,{303311F9-391A-4A2F-A008-18E5C0F09758},0,,303311F9-391A-4A2F-A008-18E5C0F09758,Unknown,,S,,,St,S Bixel St,2023/09/12 23:03:18+00,401 S Bixel St Los Angeles 90017,303311F9-391A-4A2F-A008-18E5C0F09758_401_S_Bixel_St_Los_Angeles_90017,Bixel,401 S Bixel Street St Los Angeles 90017,,,,
666843,1243590,,5152003018.0,,409.0,,,South,,,Bixel,Street,,,,,,,,,,,,,90017.0,,Los Angeles,Los Angeles,,,,,LA City,{2EE3757E-53DA-41C5-B544-12A1A716F164},0,,2EE3757E-53DA-41C5-B544-12A1A716F164,Unknown,,S,,,St,S Bixel St,2023/09/12 23:03:18+00,409 S Bixel St Los Angeles 90017,2EE3757E-53DA-41C5-B544-12A1A716F164_409_S_Bixel_St_Los_Angeles_90017,Bixel,409 S Bixel Street St Los Angeles 90017,,,,
666844,1243591,,5152003018.0,,1300.0,,,West,,,4Th,Street,,,,,,,,,,,,,90017.0,,Los Angeles,Los Angeles,,,,,LA City,{42F6B2BE-3CC6-43D1-A7EB-D98C38C67A89},0,,42F6B2BE-3CC6-43D1-A7EB-D98C38C67A89,Unknown,,W,,,St,W 4Th St,2023/09/12 23:03:18+00,1300 W 4Th St Los Angeles 90017,42F6B2BE-3CC6-43D1-A7EB-D98C38C67A89_1300_W_4Th_St_Los_Angeles_90017,4Th,1300 W 4Th Street St Los Angeles 90017,,,,
666845,1243592,,5152004900.0,,1340.0,,,West,,,3Rd,Street,,,,,,,,,,,,,90017.0,,Los Angeles,Los Angeles,,,,,LA City,{5BD53F45-2DB8-4231-B7BC-28D21D57F33D},0,,5BD53F45-2DB8-4231-B7BC-28D21D57F33D,Unknown,,W,,,St,W 3Rd St,2023/09/12 23:03:18+00,1340 W 3Rd St Los Angeles 90017,5BD53F45-2DB8-4231-B7BC-28D21D57F33D_1340_W_3Rd_St_Los_Angeles_90017,3Rd,1340 W 3Rd Street St Los Angeles 90017,,,,
666846,1243593,,5152004900.0,,326.0,,,South,,,Lucas,Avenue,,,,,,,,,,,,,90017.0,,Los Angeles,Los Angeles,,,,,LA City,{87FC9261-F4F0-4D39-9576-C3CD2D7279F4},0,,87FC9261-F4F0-4D39-9576-C3CD2D7279F4,Unknown,,S,,,Ave,S Lucas Ave,2023/09/12 23:03:18+00,326 S Lucas Ave Los Angeles 90017,87FC9261-F4F0-4D39-9576-C3CD2D7279F4_326_S_Lucas_Ave_Los_Angeles_90017,Lucas,326 S Lucas Avenue Ave Los Angeles 90017,,,,
666847,1243594,,5152004900.0,,324.0,,,South,,,Lucas,Avenue,,,,,,,,,,,,,90017.0,,Los Angeles,Los Angeles,,,,,LA City,{14421A1D-91B7-4768-BFAF-E2DA28F8240A},0,,14421A1D-91B7-4768-BFAF-E2DA28F8240A,Unknown,,S,,,Ave,S Lucas Ave,2023/09/12 23:03:18+00,324 S Lucas Ave Los Angeles 90017,14421A1D-91B7-4768-BFAF-E2DA28F8240A_324_S_Lucas_Ave_Los_Angeles_90017,Lucas,324 S Lucas Avenue Ave Los Angeles 90017,,,,
666848,1243595,,5152004900.0,,1346.0,,,West,,,3Rd,Street,,,,,,,,,,,,,90017.0,,Los Angeles,Los Angeles,,,,,LA City,{B21F0B55-0BE4-4E0B-9415-46E24D880B75},0,,B21F0B55-0BE4-4E0B-9415-46E24D880B75,Unknown,,W,,,St,W 3Rd St,2023/09/12 23:03:18+00,1346 W 3Rd St Los Angeles 90017,B21F0B55-0BE4-4E0B-9415-46E24D880B75_1346_W_3Rd_St_Los_Angeles_90017,3Rd,1346 W 3Rd Street St Los Angeles 90017,,,,
666849,1243596,,5152004900.0,,322.0,,,South,,,Lucas,Avenue,,,,,,,,,,,,,90017.0,,Los Angeles,Los Angeles,,,,,LA City,{81627AB2-95C8-4F6B-B071-1E559063872F},0,,81627AB2-95C8-4F6B-B071-1E559063872F,Unknown,,S,,,Ave,S Lucas Ave,2023/09/12 23:03:18+00,322 S Lucas Ave Los Angeles 90017,81627AB2-95C8-4F6B-B071-1E559063872F_322_S_Lucas_Ave_Los_Angeles_90017,Lucas,322 S Lucas Avenue Ave Los Angeles 90017,,,,
666850,1243597,,5152004900.0,,1304.0,,,West,,,3Rd,Street,,,,,,,,,,,,,90017.0,,Los Angeles,Los Angeles,,,,,LA City,{435A7023-7DFC-4245-B13B-5C10C5A67249},0,,435A7023-7DFC-4245-B13B-5C10C5A67249,Unknown,,W,,,St,W 3Rd St,2023/09/12 23:03:18+00,1304 W 3Rd St Los Angeles 90017,435A7023-7DFC-4245-B13B-5C10C5A67249_1304_W_3Rd_St_Los_Angeles_90017,3Rd,1304 W 3Rd Street St Los Angeles 90017,,,,
666851,1243598,,5152004900.0,,1329.0,,,West,,,4Th,Street,,,,,,,,,,,,,90017.0,,Los Angeles,Los Angeles,,,,,LA City,{E5D82486-D95F-4852-9547-526A8C730E27},0,,E5D82486-D95F-4852-9547-526A8C730E27,Unknown,,W,,,St,W 4Th St,2023/09/12 23:03:18+00,1329 W 4Th St Los Angeles 90017,E5D82486-D95F-4852-9547-526A8C730E27_1329_W_4Th_St_Los_Angeles_90017,4Th,1329 W 4Th Street St Los Angeles 90017,,,,
666852,1243599,,5152004900.0,,1331.0,,,West,,,4Th,Street,,,,,,,,,,,,,90017.0,,Los Angeles,Los Angeles,,,,,LA City,{4B156527-E321-45CB-A5AB-B801E575EDB4},0,,4B156527-E321-45CB-A5AB-B801E575EDB4,Unknown,,W,,,St,W 4Th St,2023/09/12 23:03:18+00,1331 W 4Th St Los Angeles 90017,4B156527-E321-45CB-A5AB-B801E575EDB4_1331_W_4Th_St_Los_Angeles_90017,4Th,1331 W 4Th Street St Los Angeles 90017,,,,
666853,1243600,,5152004900.0,,1318.0,,,West,,,3Rd,Street,,,,,,,,,,,,,90017.0,,Los Angeles,Los Angeles,,,,,LA City,{FFDA7456-A842-48C3-AD33-3F20B7D1FF23},0,,FFDA7456-A842-48C3-AD33-3F20B7D1FF23,Unknown,,W,,,St,W 3Rd St,2023/09/12 23:03:18+00,1318 W 3Rd St Los Angeles 90017,FFDA7456-A842-48C3-AD33-3F20B7D1FF23_1318_W_3Rd_St_Los_Angeles_90017,3Rd,1318 W 3Rd Street St Los Angeles 90017,,,,
666854,1243601,,5152004900.0,,1323.0,,,West,,,4Th,Street,,,,,,,,,,,,,90017.0,,Los Angeles,Los Angeles,,,,,LA City,{ED3D7804-A1E1-43F2-AF91-9C0CC0F821BB},0,,ED3D7804-A1E1-43F2-AF91-9C0CC0F821BB,Unknown,,W,,,St,W 4Th St,2023/09/12 23:03:18+00,1323 W 4Th St Los Angeles 90017,ED3D7804-A1E1-43F2-AF91-9C0CC0F821BB_1323_W_4Th_St_Los_Angeles_90017,4Th,1323 W 4Th Street St Los Angeles 90017,,,,
666855,1243602,,5152004900.0,,1316.0,,,West,,,3Rd,Street,,,,,,,,,,,,,90017.0,,Los Angeles,Los Angeles,,,,,LA City,{34E6DDD8-5A9B-4688-A73C-27C6647A3A21},0,,34E6DDD8-5A9B-4688-A73C-27C6647A3A21,Unknown,,W,,,St,W 3Rd St,2023/09/12 23:03:18+00,1316 W 3Rd St Los Angeles 90017,34E6DDD8-5A9B-4688-A73C-27C6647A3A21_1316_W_3Rd_St_Los_Angeles_90017,3Rd,1316 W 3Rd Street St Los Angeles 90017,,,,
666856,1243603,,5152004900.0,,1325.0,,,West,,,4Th,Street,,,,,,,,,,,,,90017.0,,Los Angeles,Los Angeles,,,,,LA City,{AF71BD60-F81A-4C8C-A1E2-2EB9178A29A9},0,,AF71BD60-F81A-4C8C-A1E2-2EB9178A29A9,Unknown,,W,,,St,W 4Th St,2023/09/12 23:03:18+00,1325 W 4Th St Los Angeles 90017,AF71BD60-F81A-4C8C-A1E2-2EB9178A29A9_1325_W_4Th_St_Los_Angeles_90017,4Th,1325 W 4Th Street St Los Angeles 90017,,,,
666857,1243604,,5152004900.0,,1320.0,,,West,,,3Rd,Street,,,,,,,,,,,,,90017.0,,Los Angeles,Los Angeles,,,,,LA City,{05615A4A-DD29-482B-BBB0-2B2677E1C7CD},0,,05615A4A-DD29-482B-BBB0-2B2677E1C7CD,Unknown,,W,,,St,W 3Rd St,2023/09/12 23:03:18+00,1320 W 3Rd St Los Angeles 90017,05615A4A-DD29-482B-BBB0-2B2677E1C7CD_1320_W_3Rd_St_Los_Angeles_90017,3Rd,1320 W 3Rd Street St Los Angeles 90017,,,,
666858,1243605,,5152004900.0,,1327.0,,,West,,,4Th,Street,,,,,,,,,,,,,90017.0,,Los Angeles,Los Angeles,,,,,LA City,{31601885-05A1-4144-B58E-1AC5B06DB847},0,,31601885-05A1-4144-B58E-1AC5B06DB847,Unknown,,W,,,St,W 4Th St,2023/09/12 23:03:18+00,1327 W 4Th St Los Angeles 90017,31601885-05A1-4144-B58E-1AC5B06DB847_1327_W_4Th_St_Los_Angeles_90017,4Th,1327 W 4Th Street St Los Angeles 90017,,,,
666859,1243606,,5152004900.0,,316.0,1/2,,South,,,Lucas,Avenue,,,,,,,,,,,,,90017.0,,Los Angeles,Los Angeles,,,,,LA City,{ECC70033-F8DB-42B2-ABE8-6A971D6822F8},0,,ECC70033-F8DB-42B2-ABE8-6A971D6822F8,Unknown,,S,,,Ave,S Lucas Ave,2024/05/12 21:05:27+00,316 1/2 S Lucas Ave Los Angeles 90017,ECC70033-F8DB-42B2-ABE8-6A971D6822F8_316_1/2_S_Lucas_Ave_Los_Angeles_90017,Lucas,316 1/2 S Lucas Avenue Ave Los Angeles 90017,,,,
666860,1243607,,5152004900.0,,318.0,,,South,,,Lucas,Avenue,,,,,,,,,,,,,90017.0,,Los Angeles,Los Angeles,,,,,LA City,{A7674ABB-FD96-4BC5-BFDB-F0049E6F6521},0,,A7674ABB-FD96-4BC5-BFDB-F0049E6F6521,Unknown,,S,,,Ave,S Lucas Ave,2024/05/12 21:05:27+00,318 S Lucas Ave Los Angeles 90017,A7674ABB-FD96-4BC5-BFDB-F0049E6F6521_318_S_Lucas_Ave_Los_Angeles_90017,Lucas,318 S Lucas Avenue Ave Los Angeles 90017,,,,
666861,1243608,,5152004900.0,,316.0,,,South,,,Lucas,Avenue,,,,,,,,,,,,,90017.0,,Los Angeles,Los Angeles,,,,,LA City,{384B764F-CD14-482B-BF81-B3D793332E8E},0,,384B764F-CD14-482B-BF81-B3D793332E8E,Unknown,,S,,,Ave,S Lucas Ave,2024/05/12 21:05:27+00,316 S Lucas Ave Los Angeles 90017,384B764F-CD14-482B-BF81-B3D793332E8E_316_S_Lucas_Ave_Los_Angeles_90017,Lucas,316 S Lucas Avenue Ave Los Angeles 90017,,,,
666862,1243609,,5152004900.0,,1306.0,,,West,,,3Rd,Street,,,,,,,,,,,,,90017.0,,Los Angeles,Los Angeles,,,,,LA City,{6F32C9EC-C092-4AF4-A2CA-B2B7FB68E4D0},0,,6F32C9EC-C092-4AF4-A2CA-B2B7FB68E4D0,Unknown,,W,,,St,W 3Rd St,2024/05/12 21:05:27+00,1306 W 3Rd St Los Angeles 90017,6F32C9EC-C092-4AF4-A2CA-B2B7FB68E4D0_1306_W_3Rd_St_Los_Angeles_90017,3Rd,1306 W 3Rd Street St Los Angeles 90017,,,,
666863,1243610,,5152004900.0,,318.0,1/2,,South,,,Lucas,Avenue,,,,,,,,,,,,,90017.0,,Los Angeles,Los Angeles,,,,,LA City,{D1288C08-E57D-4F7E-B2C9-162447F65DD6},0,,D1288C08-E57D-4F7E-B2C9-162447F65DD6,Unknown,,S,,,Ave,S Lucas Ave,2024/05/12 21:05:27+00,318 1/2 S Lucas Ave Los Angeles 90017,D1288C08-E57D-4F7E-B2C9-162447F65DD6_318_1/2_S_Lucas_Ave_Los_Angeles_90017,Lucas,318 1/2 S Lucas Avenue Ave Los Angeles 90017,,,,
666864,1243611,,5152004900.0,,1306.0,1/2,,West,,,3Rd,Street,,,,,,,,,,,,,90017.0,,Los Angeles,Los Angeles,,,,,LA City,{4CB384FE-37B4-4866-8C50-8C1C0BD9BDA1},0,,4CB384FE-37B4-4866-8C50-8C1C0BD9BDA1,Unknown,,W,,,St,W 3Rd St,2024/05/12 21:05:27+00,1306 1/2 W 3Rd St Los Angeles 90017,4CB384FE-37B4-4866-8C50-8C1C0BD9BDA1_1306_1/2_W_3Rd_St_Los_Angeles_90017,3Rd,1306 1/2 W 3Rd Street St Los Angeles 90017,,,,
666865,1243612,,5152004900.0,,1347.0,,,West,,,4Th,Street,,,,,,,,,,,,,90017.0,,Los Angeles,Los Angeles,,,,,LA City,{0632F874-877B-4C09-95BF-E9EF48E1D5CF},0,,0632F874-877B-4C09-95BF-E9EF48E1D5CF,Unknown,,W,,,St,W 4Th St,2024/05/12 21:05:27+00,1347 W 4Th St Los Angeles 90017,0632F874-877B-4C09-95BF-E9EF48E1D5CF_1347_W_4Th_St_Los_Angeles_90017,4Th,1347 W 4Th Street St Los Angeles 90017,,,,
666866,1243613,,5152004900.0,,1349.0,1/2,,West,,,4Th,Street,,,,,,,,,,,,,90017.0,,Los Angeles,Los Angeles,,,,,LA City,{5F550276-66C3-473A-A45A-BAB3AD318023},0,,5F550276-66C3-473A-A45A-BAB3AD318023,Unknown,,W,,,St,W 4Th St,2024/05/12 21:05:27+00,1349 1/2 W 4Th St Los Angeles 90017,5F550276-66C3-473A-A45A-BAB3AD318023_1349_1/2_W_4Th_St_Los_Angeles_90017,4Th,1349 1/2 W 4Th Street St Los Angeles 90017,,,,
666867,1243614,,5152004900.0,,1349.0,,,West,,,4Th,Street,,,,,,,,,,,,,90017.0,,Los Angeles,Los Angeles,,,,,LA City,{9236D75F-D25D-46C3-AAEB-F6F86EA4F7A1},0,,9236D75F-D25D-46C3-AAEB-F6F86EA4F7A1,Unknown,,W,,,St,W 4Th St,2024/05/12 21:05:27+00,1349 W 4Th St Los Angeles 90017,9236D75F-D25D-46C3-AAEB-F6F86EA4F7A1_1349_W_4Th_St_Los_Angeles_90017,4Th,1349 W 4Th Street St Los Angeles 90017,,,,
666868,1243615,,5152004900.0,,1347.0,1/2,,West,,,4Th,Street,,,,,,,,,,,,,90017.0,,Los Angeles,Los Angeles,,,,,LA City,{CC27EBEF-383E-48E2-9E30-B6A4742EF323},0,,CC27EBEF-383E-48E2-9E30-B6A4742EF323,Unknown,,W,,,St,W 4Th St,2024/05/12 21:05:27+00,1347 1/2 W 4Th St Los Angeles 90017,CC27EBEF-383E-48E2-9E30-B6A4742EF323_1347_1/2_W_4Th_St_Los_Angeles_90017,4Th,1347 1/2 W 4Th Street St Los Angeles 90017,,,,
666869,1243616,,5152004901.0,,1317.0,,,West,,,4Th,Street,,,,,,,,,,,,,90017.0,,Los Angeles,Los Angeles,,,,,LA City,{76931F64-1D31-4644-AD85-E8E9C91CD0EF},0,,76931F64-1D31-4644-AD85-E8E9C91CD0EF,Unknown,,W,,,St,W 4Th St,2024/05/12 21:05:27+00,1317 W 4Th St Los Angeles 90017,76931F64-1D31-4644-AD85-E8E9C91CD0EF_1317_W_4Th_St_Los_Angeles_90017,4Th,1317 W 4Th Street St Los Angeles 90017,,,,
666870,1243617,,5152004901.0,,1317.0,1/2,,West,,,4Th,Street,,,,,,,,,,,,,90017.0,,Los Angeles,Los Angeles,,,,,LA City,{0462998B-E1BF-419B-81FD-EA59A559DCB9},0,,0462998B-E1BF-419B-81FD-EA59A559DCB9,Unknown,,W,,,St,W 4Th St,2024/05/12 21:05:27+00,1317 1/2 W 4Th St Los Angeles 90017,0462998B-E1BF-419B-81FD-EA59A559DCB9_1317_1/2_W_4Th_St_Los_Angeles_90017,4Th,1317 1/2 W 4Th Street St Los Angeles 90017,,,,
666871,1243618,,5152004901.0,,1315.0,,,West,,,4Th,Street,,,,,,,,,,,,,90017.0,,Los Angeles,Los Angeles,,,,,LA City,{D6D39818-8A0E-4A6F-A812-96D8C254B9B3},0,,D6D39818-8A0E-4A6F-A812-96D8C254B9B3,Unknown,,W,,,St,W 4Th St,2024/05/12 21:05:27+00,1315 W 4Th St Los Angeles 90017,D6D39818-8A0E-4A6F-A812-96D8C254B9B3_1315_W_4Th_St_Los_Angeles_90017,4Th,1315 W 4Th Street St Los Angeles 90017,,,,
666872,1243619,,5152004901.0,,1315.0,1/2,,West,,,4Th,Street,,,,,,,,,,,,,90017.0,,Los Angeles,Los Angeles,,,,,LA City,{F3F4AE9F-1637-448C-92EA-E0DF0813B7BB},0,,F3F4AE9F-1637-448C-92EA-E0DF0813B7BB,Unknown,,W,,,St,W 4Th St,2024/05/12 21:05:27+00,1315 1/2 W 4Th St Los Angeles 90017,F3F4AE9F-1637-448C-92EA-E0DF0813B7BB_1315_1/2_W_4Th_St_Los_Angeles_90017,4Th,1315 1/2 W 4Th Street St Los Angeles 90017,,,,
666873,1243620,,5152004902.0,,313.0,,,South,,,Bixel,Street,,,,,,,,,,,,,90017.0,,Los Angeles,Los Angeles,,,,,LA City,{FB8FC3CC-B2CD-4D81-90B3-52A233B7D12B},0,,FB8FC3CC-B2CD-4D81-90B3-52A233B7D12B,Unknown,,S,,,St,S Bixel St,2023/09/12 23:03:18+00,313 S Bixel St Los Angeles 90017,FB8FC3CC-B2CD-4D81-90B3-52A233B7D12B_313_S_Bixel_St_Los_Angeles_90017,Bixel,313 S Bixel Street St Los Angeles 90017,,,,
666874,1243621,,5152004902.0,,1301.0,,,West,,,4Th,Street,,,,,,,,,,,,,90017.0,,Los Angeles,Los Angeles,,,,,LA City,{2E66D506-704B-4A7A-A229-1DCC54529B06},0,,2E66D506-704B-4A7A-A229-1DCC54529B06,Unknown,,W,,,St,W 4Th St,2023/09/12 23:03:18+00,1301 W 4Th St Los Angeles 90017,2E66D506-704B-4A7A-A229-1DCC54529B06_1301_W_4Th_St_Los_Angeles_90017,4Th,1301 W 4Th Street St Los Angeles 90017,,,,
666875,1243622,,5152004902.0,,321.0,,,South,,,Bixel,Street,,,,,,,,,,,,,90017.0,,Los Angeles,Los Angeles,,,,,LA City,{A555DA42-ACE7-4D20-BC30-795CB0A0A10C},0,,A555DA42-ACE7-4D20-BC30-795CB0A0A10C,Unknown,,S,,,St,S Bixel St,2023/09/12 23:03:18+00,321 S Bixel St Los Angeles 90017,A555DA42-ACE7-4D20-BC30-795CB0A0A10C_321_S_Bixel_St_Los_Angeles_90017,Bixel,321 S Bixel Street St Los Angeles 90017,,,,
666876,1243623,,5152004902.0,,1303.0,,,West,,,4Th,Street,,,,,,,,,,,,,90017.0,,Los Angeles,Los Angeles,,,,,LA City,{79CCA16E-F774-414E-B2A0-B4E85464DBB4},0,,79CCA16E-F774-414E-B2A0-B4E85464DBB4,Unknown,,W,,,St,W 4Th St,2023/09/12 23:03:18+00,1303 W 4Th St Los Angeles 90017,79CCA16E-F774-414E-B2A0-B4E85464DBB4_1303_W_4Th_St_Los_Angeles_90017,4Th,1303 W 4Th Street St Los Angeles 90017,,,,
666877,1243624,,5152004902.0,,1311.0,,,West,,,4th,Street,,,,,,,,,,,,,90017.0,,Los Angeles,Los Angeles,,,,,Assessor,{944B6C8B-59E0-480F-9EAC-3C1D3E994272},0,,944B6C8B-59E0-480F-9EAC-3C1D3E994272,Unknown,,W,,,St,W 4th St,2024/04/27 17:13:09+00,1311 W 4th St Los Angeles 90017,944B6C8B-59E0-480F-9EAC-3C1D3E994272_1311_W_4th_St_Los_Angeles_90017,4th,1311 W 4th Street St Los Angeles 90017,,,,
666878,1243625,,5152004903.0,,1300.0,,,West,,,3Rd,Street,,,,,,,,,,,,,90017.0,,Los Angeles,Los Angeles,,,,,LA City,{B74F5EE6-5746-42BE-8B24-2E93143705D7},0,,B74F5EE6-5746-42BE-8B24-2E93143705D7,Unknown,,W,,,St,W 3Rd St,2023/09/12 23:03:18+00,1300 W 3Rd St Los Angeles 90017,B74F5EE6-5746-42BE-8B24-2E93143705D7_1300_W_3Rd_St_Los_Angeles_90017,3Rd,1300 W 3Rd Street St Los Angeles 90017,,,,
666886,1243633,,5152005906.0,,1357.0,,,West,,,3Rd,Street,,,,,,,,,,,,,90017.0,,Los Angeles,Los Angeles,,,,,LA City,{8A32F16D-5C1E-46AC-9305-B61313025E4B},0,,8A32F16D-5C1E-46AC-9305-B61313025E4B,Unknown,,W,,,St,W 3Rd St,2023/09/12 23:03:18+00,1357 W 3Rd St Los Angeles 90017,8A32F16D-5C1E-46AC-9305-B61313025E4B_1357_W_3Rd_St_Los_Angeles_90017,3Rd,1357 W 3Rd Street St Los Angeles 90017,,,,
666887,1243634,,5152005906.0,,1355.0,,,West,,,3Rd,Street,,,,,,,,,,,,,90017.0,,Los Angeles,Los Angeles,,,,,LA City,{069D9678-2E64-4E28-B5DE-393147E54EDE},0,,069D9678-2E64-4E28-B5DE-393147E54EDE,Unknown,,W,,,St,W 3Rd St,2023/09/12 23:03:18+00,1355 W 3Rd St Los Angeles 90017,069D9678-2E64-4E28-B5DE-393147E54EDE_1355_W_3Rd_St_Los_Angeles_90017,3Rd,1355 W 3Rd Street St Los Angeles 90017,,,,
666888,1243635,,5152005906.0,,1353.0,,,West,,,3Rd,Street,,,,,,,,,,,,,90017.0,,Los Angeles,Los Angeles,,,,,LA City,{331CBEB4-8EC6-4CF3-B4EA-F61699652D40},0,,331CBEB4-8EC6-4CF3-B4EA-F61699652D40,Unknown,,W,,,St,W 3Rd St,2023/09/12 23:03:18+00,1353 W 3Rd St Los Angeles 90017,331CBEB4-8EC6-4CF3-B4EA-F61699652D40_1353_W_3Rd_St_Los_Angeles_90017,3Rd,1353 W 3Rd Street St Los Angeles 90017,,,,
666889,1243636,,5152005906.0,,1351.0,,,West,,,3Rd,Street,,,,,,,,,,,,,90017.0,,Los Angeles,Los Angeles,,,,,LA City,{69055995-4D07-4060-9EB0-98F326D43007},0,,69055995-4D07-4060-9EB0-98F326D43007,Unknown,,W,,,St,W 3Rd St,2023/09/12 23:03:18+00,1351 W 3Rd St Los Angeles 90017,69055995-4D07-4060-9EB0-98F326D43007_1351_W_3Rd_St_Los_Angeles_90017,3Rd,1351 W 3Rd Street St Los Angeles 90017,,,,
666890,1243637,,5152005907.0,,1347.0,,,West,,,3Rd,Street,,,,,,,,,,,,,90017.0,,Los Angeles,Los Angeles,,,,,LA City,{7639E6BA-88A9-4B24-8397-094EAF65879D},0,,7639E6BA-88A9-4B24-8397-094EAF65879D,Unknown,,W,,,St,W 3Rd St,2023/09/12 23:03:18+00,1347 W 3Rd St Los Angeles 90017,7639E6BA-88A9-4B24-8397-094EAF65879D_1347_W_3Rd_St_Los_Angeles_90017,3Rd,1347 W 3Rd Street St Los Angeles 90017,,,,
666891,1243638,,5152005907.0,,1343.0,,,West,,,3Rd,Street,,,,,,,,,,,,,90017.0,,Los Angeles,Los Angeles,,,,,LA City,{8BE042AA-394E-40DD-8CC2-F0C2EB90819B},0,,8BE042AA-394E-40DD-8CC2-F0C2EB90819B,Unknown,,W,,,St,W 3Rd St,2023/09/12 23:03:18+00,1343 W 3Rd St Los Angeles 90017,8BE042AA-394E-40DD-8CC2-F0C2EB90819B_1343_W_3Rd_St_Los_Angeles_90017,3Rd,1343 W 3Rd Street St Los Angeles 90017,,,,
666892,1243639,,5152005907.0,,1341.0,,,West,,,3Rd,Street,,,,,,,,,,,,,90017.0,,Los Angeles,Los Angeles,,,,,LA City,{AF03D20E-36CC-463D-9A8D-FD5D64471933},0,,AF03D20E-36CC-463D-9A8D-FD5D64471933,Unknown,,W,,,St,W 3Rd St,2023/09/12 23:03:18+00,1341 W 3Rd St Los Angeles 90017,AF03D20E-36CC-463D-9A8D-FD5D64471933_1341_W_3Rd_St_Los_Angeles_90017,3Rd,1341 W 3Rd Street St Los Angeles 90017,,,,
666896,1243643,,5152005912.0,,1335.0,,,West,,,3rd,Street,,,,,,,,,,,,,90017.0,,Los Angeles,Los Angeles,,,,,Assessor,{80E3654C-9732-4C9A-ADF4-EC667FE55115},0,,80E3654C-9732-4C9A-ADF4-EC667FE55115,Unknown,,W,,,St,W 3rd St,2024/04/27 17:13:09+00,1335 W 3rd St Los Angeles 90017,80E3654C-9732-4C9A-ADF4-EC667FE55115_1335_W_3rd_St_Los_Angeles_90017,3rd,1335 W 3rd Street St Los Angeles 90017,,,,
666897,1243644,,5152005914.0,,1325.0,,,West,,,3Rd,Street,,,,,,,,,,,,,90017.0,,Los Angeles,Los Angeles,,,,,LA City,{AF9993F0-920B-4279-A44F-606FB0B942BA},0,,AF9993F0-920B-4279-A44F-606FB0B942BA,Unknown,,W,,,St,W 3Rd St,2023/09/12 23:03:18+00,1325 W 3Rd St Los Angeles 90017,AF9993F0-920B-4279-A44F-606FB0B942BA_1325_W_3Rd_St_Los_Angeles_90017,3Rd,1325 W 3Rd Street St Los Angeles 90017,,,,
666898,1243645,,5152005915.0,,1319.0,,,West,,,3Rd,Street,,,,,,,,,,,,,90017.0,,Los Angeles,Los Angeles,,,,,LA City,{12703EBA-F298-46CF-9276-5E3030FF5A48},0,,12703EBA-F298-46CF-9276-5E3030FF5A48,Unknown,,W,,,St,W 3Rd St,2023/09/12 23:03:18+00,1319 W 3Rd St Los Angeles 90017,12703EBA-F298-46CF-9276-5E3030FF5A48_1319_W_3Rd_St_Los_Angeles_90017,3Rd,1319 W 3Rd Street St Los Angeles 90017,,,,
666899,1243646,,5152005915.0,,1321.0,,,West,,,3Rd,Street,,,,,,,,,,,,,90017.0,,Los Angeles,Los Angeles,,,,,LA City,{119F5FF7-9648-45EE-812A-B30CFD10F916},0,,119F5FF7-9648-45EE-812A-B30CFD10F916,Unknown,,W,,,St,W 3Rd St,2023/09/12 23:03:18+00,1321 W 3Rd St Los Angeles 90017,119F5FF7-9648-45EE-812A-B30CFD10F916_1321_W_3Rd_St_Los_Angeles_90017,3Rd,1321 W 3Rd Street St Los Angeles 90017,,,,
667052,1243799,,5152013019.0,,1207.0,,,West,,,3Rd,Street,,,,,,,,,,,,,90017.0,,Los Angeles,Los Angeles,,,,,LA City,{337C6BE8-5419-4746-88AA-DFACF50B9F2B},0,,337C6BE8-5419-4746-88AA-DFACF50B9F2B,Unknown,,W,,,St,W 3Rd St,2023/09/12 23:03:18+00,1207 W 3Rd St Los Angeles 90017,337C6BE8-5419-4746-88AA-DFACF50B9F2B_1207_W_3Rd_St_Los_Angeles_90017,3Rd,1207 W 3Rd Street St Los Angeles 90017,,,,
667053,1243800,,5152013019.0,,1205.0,,,West,,,3Rd,Street,,,,,,,,,,,,,90017.0,,Los Angeles,Los Angeles,,,,,LA City,{E5C25BAD-AEA4-4A81-962E-90BAADBDB64F},0,,E5C25BAD-AEA4-4A81-962E-90BAADBDB64F,Unknown,,W,,,St,W 3Rd St,2023/09/12 23:03:18+00,1205 W 3Rd St Los Angeles 90017,E5C25BAD-AEA4-4A81-962E-90BAADBDB64F_1205_W_3Rd_St_Los_Angeles_90017,3Rd,1205 W 3Rd Street St Los Angeles 90017,,,,
667060,1243807,,5152014010.0,,1225.0,,,West,,,4Th,Street,,,,,,,,,,,,,90017.0,,Los Angeles,Los Angeles,,,,,LA City,{F5D61ACD-3962-4F24-AA94-58BBE2AB49D4},0,,F5D61ACD-3962-4F24-AA94-58BBE2AB49D4,Unknown,,W,,,St,W 4Th St,2023/09/12 23:03:18+00,1225 W 4Th St Los Angeles 90017,F5D61ACD-3962-4F24-AA94-58BBE2AB49D4_1225_W_4Th_St_Los_Angeles_90017,4Th,1225 W 4Th Street St Los Angeles 90017,,,,
667061,1243808,,5152014027.0,,1201.0,,,West,,,4Th,Street,,,,,,,,,,,,,90017.0,,Los Angeles,Los Angeles,,,,,LA City,{E13C87A8-F865-46B4-8DD4-62459A59D22C},0,,E13C87A8-F865-46B4-8DD4-62459A59D22C,Unknown,,W,,,St,W 4Th St,2023/09/12 23:03:18+00,1201 W 4Th St Los Angeles 90017,E13C87A8-F865-46B4-8DD4-62459A59D22C_1201_W_4Th_St_Los_Angeles_90017,4Th,1201 W 4Th Street St Los Angeles 90017,,,,
667062,1243809,,5152014027.0,,311.0,,,South,,,Boylston,Street,,,,,,,,,,,,,90017.0,,Los Angeles,Los Angeles,,,,,LA City,{615B19F5-C22F-4A2D-83DA-5608AAC2C888},0,,615B19F5-C22F-4A2D-83DA-5608AAC2C888,Unknown,,S,,,St,S Boylston St,2023/09/12 23:03:18+00,311 S Boylston St Los Angeles 90017,615B19F5-C22F-4A2D-83DA-5608AAC2C888_311_S_Boylston_St_Los_Angeles_90017,Boylston,311 S Boylston Street St Los Angeles 90017,,,,
667063,1243810,,5152014027.0,,333.0,,,South,,,Boylston,Street,,,,,,,,,,,,,90017.0,,Los Angeles,Los Angeles,,,,,LA City,{039394E6-FE56-477D-B295-31C4D5CCFBCA},0,,039394E6-FE56-477D-B295-31C4D5CCFBCA,Unknown,,S,,,St,S Boylston St,2023/09/12 23:03:18+00,333 S Boylston St Los Angeles 90017,039394E6-FE56-477D-B295-31C4D5CCFBCA_333_S_Boylston_St_Los_Angeles_90017,Boylston,333 S Boylston Street St Los Angeles 90017,,,,
667064,1243811,,5152014038.0,,1252.0,,,West,,,3Rd,Street,,,,,,,,,,,,,90017.0,,Los Angeles,Los Angeles,,,,,LA City,{19E40063-695E-4FA1-8B6F-B18F8F729672},0,,19E40063-695E-4FA1-8B6F-B18F8F729672,Unknown,,W,,,St,W 3Rd St,2023/09/12 23:03:18+00,1252 W 3Rd St Los Angeles 90017,19E40063-695E-4FA1-8B6F-B18F8F729672_1252_W_3Rd_St_Los_Angeles_90017,3Rd,1252 W 3Rd Street St Los Angeles 90017,,,,
667065,1243812,,5152014038.0,,1254.0,,,West,,,3Rd,Street,,,,,,,,,,,,,90017.0,,Los Angeles,Los Angeles,,,,,LA City,{F8DC90A9-7EC5-4D6A-8762-5C44378E2077},0,,F8DC90A9-7EC5-4D6A-8762-5C44378E2077,Unknown,,W,,,St,W 3Rd St,2023/09/12 23:03:18+00,1254 W 3Rd St Los Angeles 90017,F8DC90A9-7EC5-4D6A-8762-5C44378E2077_1254_W_3Rd_St_Los_Angeles_90017,3Rd,1254 W 3Rd Street St Los Angeles 90017,,,,
667066,1243813,,5152014038.0,,1256.0,,,West,,,3Rd,Street,,,,,,,,,,,,,90017.0,,Los Angeles,Los Angeles,,,,,LA City,{3F55F599-6891-4C70-86FC-A5ADDDB0CE6C},0,,3F55F599-6891-4C70-86FC-A5ADDDB0CE6C,Unknown,,W,,,St,W 3Rd St,2023/09/12 23:03:18+00,1256 W 3Rd St Los Angeles 90017,3F55F599-6891-4C70-86FC-A5ADDDB0CE6C_1256_W_3Rd_St_Los_Angeles_90017,3Rd,1256 W 3Rd Street St Los Angeles 90017,,,,
667067,1243814,,5152014038.0,,326.0,,,South,,,Bixel,Street,,,,,,,,,,,,,90017.0,,Los Angeles,Los Angeles,,,,,LA City,{89963FE3-871E-4C28-AF2D-108F8ADF1248},0,,89963FE3-871E-4C28-AF2D-108F8ADF1248,Unknown,,S,,,St,S Bixel St,2023/09/12 23:03:18+00,326 S Bixel St Los Angeles 90017,89963FE3-871E-4C28-AF2D-108F8ADF1248_326_S_Bixel_St_Los_Angeles_90017,Bixel,326 S Bixel Street St Los Angeles 90017,,,,
667068,1243815,,5152014038.0,,1240.0,,,West,,,3Rd,Street,,,,,,,,,,,,,90017.0,,Los Angeles,Los Angeles,,,,,LA City,{FCD4A63E-B9C6-48E4-9123-436731DAA815},0,,FCD4A63E-B9C6-48E4-9123-436731DAA815,Unknown,,W,,,St,W 3Rd St,2023/09/12 23:03:18+00,1240 W 3Rd St Los Angeles 90017,FCD4A63E-B9C6-48E4-9123-436731DAA815_1240_W_3Rd_St_Los_Angeles_90017,3Rd,1240 W 3Rd Street St Los Angeles 90017,,,,
667069,1243816,,5152014038.0,,1255.0,,,West,,,4Th,Street,,,,,,,,,,,,,90017.0,,Los Angeles,Los Angeles,,,,,LA City,{7E1D4D11-E72F-4F90-9ED6-4167AF29499B},0,,7E1D4D11-E72F-4F90-9ED6-4167AF29499B,Unknown,,W,,,St,W 4Th St,2023/09/12 23:03:18+00,1255 W 4Th St Los Angeles 90017,7E1D4D11-E72F-4F90-9ED6-4167AF29499B_1255_W_4Th_St_Los_Angeles_90017,4Th,1255 W 4Th Street St Los Angeles 90017,,,,
667070,1243817,,5152014038.0,,1249.0,,,West,,,4Th,Street,,,,,,,,,,,,,90017.0,,Los Angeles,Los Angeles,,,,,LA City,{90064D42-41EF-45DA-894B-30A5DA9E39AC},0,,90064D42-41EF-45DA-894B-30A5DA9E39AC,Unknown,,W,,,St,W 4Th St,2023/09/12 23:03:18+00,1249 W 4Th St Los Angeles 90017,90064D42-41EF-45DA-894B-30A5DA9E39AC_1249_W_4Th_St_Los_Angeles_90017,4Th,1249 W 4Th Street St Los Angeles 90017,,,,
667071,1243818,,5152014038.0,,350.0,,,South,,,Bixel,Street,,,,,,,,,,,,,90017.0,,Los Angeles,Los Angeles,,,,,LA City,{D284630A-7FD3-4DF2-9A45-2CDF342248D8},0,,D284630A-7FD3-4DF2-9A45-2CDF342248D8,Unknown,,S,,,St,S Bixel St,2023/09/12 23:03:18+00,350 S Bixel St Los Angeles 90017,D284630A-7FD3-4DF2-9A45-2CDF342248D8_350_S_Bixel_St_Los_Angeles_90017,Bixel,350 S Bixel Street St Los Angeles 90017,,,,
667072,1243819,,5152014038.0,,1242.0,,,West,,,3Rd,Street,,,,,,,,,,,,,90017.0,,Los Angeles,Los Angeles,,,,,LA City,{261954F5-5BB9-4444-ADDB-5D33B8EFA9A1},0,,261954F5-5BB9-4444-ADDB-5D33B8EFA9A1,Unknown,,W,,,St,W 3Rd St,2023/09/12 23:03:18+00,1242 W 3Rd St Los Angeles 90017,261954F5-5BB9-4444-ADDB-5D33B8EFA9A1_1242_W_3Rd_St_Los_Angeles_90017,3Rd,1242 W 3Rd Street St Los Angeles 90017,,,,
667073,1243820,,5152014038.0,,310.0,,,South,,,Bixel,Street,,,,,,,,,,,,,90017.0,,Los Angeles,Los Angeles,,,,,LA City,{9F7DC2A2-27C8-4CA4-BE50-80D134046BE6},0,,9F7DC2A2-27C8-4CA4-BE50-80D134046BE6,Unknown,,S,,,St,S Bixel St,2023/09/12 23:03:18+00,310 S Bixel St Los Angeles 90017,9F7DC2A2-27C8-4CA4-BE50-80D134046BE6_310_S_Bixel_St_Los_Angeles_90017,Bixel,310 S Bixel Street St Los Angeles 90017,,,,
667074,1243821,,5152014038.0,,1246.0,,,West,,,3Rd,Street,,,,,,,,,,,,,90017.0,,Los Angeles,Los Angeles,,,,,LA City,{EA518A1D-C4D6-4AE9-BFA9-C701C4077963},0,,EA518A1D-C4D6-4AE9-BFA9-C701C4077963,Unknown,,W,,,St,W 3Rd St,2023/09/12 23:03:18+00,1246 W 3Rd St Los Angeles 90017,EA518A1D-C4D6-4AE9-BFA9-C701C4077963_1246_W_3Rd_St_Los_Angeles_90017,3Rd,1246 W 3Rd Street St Los Angeles 90017,,,,
667075,1243822,,5152014038.0,,312.0,,,South,,,Bixel,Street,,,,,,,,,,,,,90017.0,,Los Angeles,Los Angeles,,,,,LA City,{3FEAB33A-443F-4F0D-88A6-7B379FE78086},0,,3FEAB33A-443F-4F0D-88A6-7B379FE78086,Unknown,,S,,,St,S Bixel St,2023/09/12 23:03:18+00,312 S Bixel St Los Angeles 90017,3FEAB33A-443F-4F0D-88A6-7B379FE78086_312_S_Bixel_St_Los_Angeles_90017,Bixel,312 S Bixel Street St Los Angeles 90017,,,,
667076,1243823,,5152014038.0,,318.0,1/2,,South,,,Bixel,Street,,,,,,,,,,,,,90017.0,,Los Angeles,Los Angeles,,,,,LA City,{E8790E55-8CA7-43F2-BAAE-D461C8471A00},0,,E8790E55-8CA7-43F2-BAAE-D461C8471A00,Unknown,,S,,,St,S Bixel St,2024/05/12 21:05:27+00,318 1/2 S Bixel St Los Angeles 90017,E8790E55-8CA7-43F2-BAAE-D461C8471A00_318_1/2_S_Bixel_St_Los_Angeles_90017,Bixel,318 1/2 S Bixel Street St Los Angeles 90017,,,,
667077,1243824,,5152014038.0,,320.0,1/2,,South,,,Bixel,Street,,,,,,,,,,,,,90017.0,,Los Angeles,Los Angeles,,,,,LA City,{4E692A94-B440-4E94-BE02-C49816DC5A21},0,,4E692A94-B440-4E94-BE02-C49816DC5A21,Unknown,,S,,,St,S Bixel St,2024/05/12 21:05:27+00,320 1/2 S Bixel St Los Angeles 90017,4E692A94-B440-4E94-BE02-C49816DC5A21_320_1/2_S_Bixel_St_Los_Angeles_90017,Bixel,320 1/2 S Bixel Street St Los Angeles 90017,,,,
667078,1243825,,5152014038.0,,320.0,,,South,,,Bixel,Street,,,,,,,,,,,,,90017.0,,Los Angeles,Los Angeles,,,,,LA City,{6E0CF2C6-63AD-4FD7-834C-BB6FA4A53E91},0,,6E0CF2C6-63AD-4FD7-834C-BB6FA4A53E91,Unknown,,S,,,St,S Bixel St,2024/05/12 21:05:27+00,320 S Bixel St Los Angeles 90017,6E0CF2C6-63AD-4FD7-834C-BB6FA4A53E91_320_S_Bixel_St_Los_Angeles_90017,Bixel,320 S Bixel Street St Los Angeles 90017,,,,
667079,1243826,,5152014038.0,,316.0,,,South,,,Bixel,Street,,,,,,,,,,,,,90017.0,,Los Angeles,Los Angeles,,,,,LA City,{FE6418BE-B866-42FA-9486-4B9DCD4D70CB},0,,FE6418BE-B866-42FA-9486-4B9DCD4D70CB,Unknown,,S,,,St,S Bixel St,2024/05/12 21:05:27+00,316 S Bixel St Los Angeles 90017,FE6418BE-B866-42FA-9486-4B9DCD4D70CB_316_S_Bixel_St_Los_Angeles_90017,Bixel,316 S Bixel Street St Los Angeles 90017,,,,
667080,1243827,,5152014038.0,,316.0,1/2,,South,,,Bixel,Street,,,,,,,,,,,,,90017.0,,Los Angeles,Los Angeles,,,,,LA City,{7864D29C-77EA-431A-9B22-0474DE7098C1},0,,7864D29C-77EA-431A-9B22-0474DE7098C1,Unknown,,S,,,St,S Bixel St,2024/05/12 21:05:27+00,316 1/2 S Bixel St Los Angeles 90017,7864D29C-77EA-431A-9B22-0474DE7098C1_316_1/2_S_Bixel_St_Los_Angeles_90017,Bixel,316 1/2 S Bixel Street St Los Angeles 90017,,,,
667081,1243828,,5152014038.0,,318.0,,,South,,,Bixel,Street,,,,,,,,,,,,,90017.0,,Los Angeles,Los Angeles,,,,,LA City,{7C653D74-7E7B-4BF3-BFFF-4AD9747BB487},0,,7C653D74-7E7B-4BF3-BFFF-4AD9747BB487,Unknown,,S,,,St,S Bixel St,2024/05/12 21:05:27+00,318 S Bixel St Los Angeles 90017,7C653D74-7E7B-4BF3-BFFF-4AD9747BB487_318_S_Bixel_St_Los_Angeles_90017,Bixel,318 S Bixel Street St Los Angeles 90017,,,,
667082,1243829,,5152014908.0,,1223.0,,,West,,,4Th,Street,,,,,,,,,,,,,90017.0,,Los Angeles,Los Angeles,,,,,LA City,{C245C54B-C79D-47B4-BE1D-2F23A7AAEF96},0,,C245C54B-C79D-47B4-BE1D-2F23A7AAEF96,Unknown,,W,,,St,W 4Th St,2023/09/12 23:03:18+00,1223 W 4Th St Los Angeles 90017,C245C54B-C79D-47B4-BE1D-2F23A7AAEF96_1223_W_4Th_St_Los_Angeles_90017,4Th,1223 W 4Th Street St Los Angeles 90017,,,,
667083,1243830,,5152014908.0,,1221.0,,,West,,,4Th,Street,,,,,,,,,,,,,90017.0,,Los Angeles,Los Angeles,,,,,LA City,{E867D1CF-A7DF-4F00-8E49-26180CC324C7},0,,E867D1CF-A7DF-4F00-8E49-26180CC324C7,Unknown,,W,,,St,W 4Th St,2024/05/12 21:05:27+00,1221 W 4Th St Los Angeles 90017,E867D1CF-A7DF-4F00-8E49-26180CC324C7_1221_W_4Th_St_Los_Angeles_90017,4Th,1221 W 4Th Street St Los Angeles 90017,,,,
667084,1243831,,5152014908.0,,1219.0,1/2,,West,,,4Th,Street,,,,,,,,,,,,,90017.0,,Los Angeles,Los Angeles,,,,,LA City,{2A5F6FA2-936E-4509-B3B8-9823909992AF},0,,2A5F6FA2-936E-4509-B3B8-9823909992AF,Unknown,,W,,,St,W 4Th St,2024/05/12 21:05:27+00,1219 1/2 W 4Th St Los Angeles 90017,2A5F6FA2-936E-4509-B3B8-9823909992AF_1219_1/2_W_4Th_St_Los_Angeles_90017,4Th,1219 1/2 W 4Th Street St Los Angeles 90017,,,,
667085,1243832,,5152014908.0,,1221.0,1/2,,West,,,4Th,Street,,,,,,,,,,,,,90017.0,,Los Angeles,Los Angeles,,,,,LA City,{BA38E14F-F4D1-4819-8A42-4FE31777E26C},0,,BA38E14F-F4D1-4819-8A42-4FE31777E26C,Unknown,,W,,,St,W 4Th St,2024/05/12 21:05:27+00,1221 1/2 W 4Th St Los Angeles 90017,BA38E14F-F4D1-4819-8A42-4FE31777E26C_1221_1/2_W_4Th_St_Los_Angeles_90017,4Th,1221 1/2 W 4Th Street St Los Angeles 90017,,,,
667086,1243833,,5152014908.0,,1219.0,,,West,,,4Th,Street,,,,,,,,,,,,,90017.0,,Los Angeles,Los Angeles,,,,,LA City,{11B3AECD-8AF5-4EBB-B2B1-BA8B2B3C67F6},0,,11B3AECD-8AF5-4EBB-B2B1-BA8B2B3C67F6,Unknown,,W,,,St,W 4Th St,2024/05/12 21:05:27+00,1219 W 4Th St Los Angeles 90017,11B3AECD-8AF5-4EBB-B2B1-BA8B2B3C67F6_1219_W_4Th_St_Los_Angeles_90017,4Th,1219 W 4Th Street St Los Angeles 90017,,,,
667087,1243834,,5152014909.0,,1243.0,,,West,,,4Th,Street,,,,,,,,,,,,,90017.0,,Los Angeles,Los Angeles,,,,,LA City,{A0BFB996-FF45-479B-B5C0-280A1D9FAD9F},0,,A0BFB996-FF45-479B-B5C0-280A1D9FAD9F,Unknown,,W,,,St,W 4Th St,2023/09/12 23:03:18+00,1243 W 4Th St Los Angeles 90017,A0BFB996-FF45-479B-B5C0-280A1D9FAD9F_1243_W_4Th_St_Los_Angeles_90017,4Th,1243 W 4Th Street St Los Angeles 90017,,,,
667088,1243835,,5152014909.0,,1230.0,,,West,,,3Rd,Street,,,,,,,,,,,,,90017.0,,Los Angeles,Los Angeles,,,,,LA City,{3D0EAD63-DEE1-4F2C-B9D2-7965F430FE96},0,,3D0EAD63-DEE1-4F2C-B9D2-7965F430FE96,Unknown,,W,,,St,W 3Rd St,2023/09/12 23:03:18+00,1230 W 3Rd St Los Angeles 90017,3D0EAD63-DEE1-4F2C-B9D2-7965F430FE96_1230_W_3Rd_St_Los_Angeles_90017,3Rd,1230 W 3Rd Street St Los Angeles 90017,,,,
667089,1243836,,5152014909.0,,1236.0,,,West,,,3Rd,Street,,,,,,,,,,,,,90017.0,,Los Angeles,Los Angeles,,,,,LA City,{A8ED0A8E-1456-4F6F-994C-EBCA09C4C903},0,,A8ED0A8E-1456-4F6F-994C-EBCA09C4C903,Unknown,,W,,,St,W 3Rd St,2023/09/12 23:03:18+00,1236 W 3Rd St Los Angeles 90017,A8ED0A8E-1456-4F6F-994C-EBCA09C4C903_1236_W_3Rd_St_Los_Angeles_90017,3Rd,1236 W 3Rd Street St Los Angeles 90017,,,,
667090,1243837,,5152014909.0,,1235.0,1/2,,West,,,4Th,Street,,,,,,,,,,,,,90017.0,,Los Angeles,Los Angeles,,,,,LA City,{D2DB2A9F-42C5-4A82-A008-A71B4C3609D3},0,,D2DB2A9F-42C5-4A82-A008-A71B4C3609D3,Unknown,,W,,,St,W 4Th St,2024/05/12 21:05:27+00,1235 1/2 W 4Th St Los Angeles 90017,D2DB2A9F-42C5-4A82-A008-A71B4C3609D3_1235_1/2_W_4Th_St_Los_Angeles_90017,4Th,1235 1/2 W 4Th Street St Los Angeles 90017,,,,
667091,1243838,,5152014909.0,,1233.0,1/4,,West,,,4Th,Street,,,,,,,,,,,,,90017.0,,Los Angeles,Los Angeles,,,,,LA City,{EF0F8641-2AEC-4384-BB1D-056A10AE2F96},0,,EF0F8641-2AEC-4384-BB1D-056A10AE2F96,Unknown,,W,,,St,W 4Th St,2024/05/12 21:05:27+00,1233 1/4 W 4Th St Los Angeles 90017,EF0F8641-2AEC-4384-BB1D-056A10AE2F96_1233_1/4_W_4Th_St_Los_Angeles_90017,4Th,1233 1/4 W 4Th Street St Los Angeles 90017,,,,
667092,1243839,,5152014909.0,,1239.0,,,West,,,4Th,Street,,,,,,,,,,,,,90017.0,,Los Angeles,Los Angeles,,,,,LA City,{D40D4E2C-BD6A-447F-84AD-96B6272E3F78},0,,D40D4E2C-BD6A-447F-84AD-96B6272E3F78,Unknown,,W,,,St,W 4Th St,2024/05/12 21:05:27+00,1239 W 4Th St Los Angeles 90017,D40D4E2C-BD6A-447F-84AD-96B6272E3F78_1239_W_4Th_St_Los_Angeles_90017,4Th,1239 W 4Th Street St Los Angeles 90017,,,,
667093,1243840,,5152014909.0,,1239.0,1/2,,West,,,4Th,Street,,,,,,,,,,,,,90017.0,,Los Angeles,Los Angeles,,,,,LA City,{B3ADC4D6-51A0-4EFA-9FA7-A4E09FA905C0},0,,B3ADC4D6-51A0-4EFA-9FA7-A4E09FA905C0,Unknown,,W,,,St,W 4Th St,2024/05/12 21:05:27+00,1239 1/2 W 4Th St Los Angeles 90017,B3ADC4D6-51A0-4EFA-9FA7-A4E09FA905C0_1239_1/2_W_4Th_St_Los_Angeles_90017,4Th,1239 1/2 W 4Th Street St Los Angeles 90017,,,,
667094,1243841,,5152014909.0,,1235.0,,,West,,,4Th,Street,,,,,,,,,,,,,90017.0,,Los Angeles,Los Angeles,,,,,LA City,{115E89B8-B8CC-423B-83E5-A2F100B65357},0,,115E89B8-B8CC-423B-83E5-A2F100B65357,Unknown,,W,,,St,W 4Th St,2024/05/12 21:05:27+00,1235 W 4Th St Los Angeles 90017,115E89B8-B8CC-423B-83E5-A2F100B65357_1235_W_4Th_St_Los_Angeles_90017,4Th,1235 W 4Th Street St Los Angeles 90017,,,,
667095,1243842,,5152014909.0,,1233.0,1/2,,West,,,4Th,Street,,,,,,,,,,,,,90017.0,,Los Angeles,Los Angeles,,,,,LA City,{C4005649-0051-43C8-A2F0-3377CB848975},0,,C4005649-0051-43C8-A2F0-3377CB848975,Unknown,,W,,,St,W 4Th St,2024/05/12 21:05:27+00,1233 1/2 W 4Th St Los Angeles 90017,C4005649-0051-43C8-A2F0-3377CB848975_1233_1/2_W_4Th_St_Los_Angeles_90017,4Th,1233 1/2 W 4Th Street St Los Angeles 90017,,,,
667096,1243843,,5152014909.0,,1233.0,,,West,,,4Th,Street,,,,,,,,,,,,,90017.0,,Los Angeles,Los Angeles,,,,,LA City,{B5CA7391-CCFA-49CB-B7E8-6B00B9DF7FBD},0,,B5CA7391-CCFA-49CB-B7E8-6B00B9DF7FBD,Unknown,,W,,,St,W 4Th St,2024/05/12 21:05:27+00,1233 W 4Th St Los Angeles 90017,B5CA7391-CCFA-49CB-B7E8-6B00B9DF7FBD_1233_W_4Th_St_Los_Angeles_90017,4Th,1233 W 4Th Street St Los Angeles 90017,,,,
667097,1243844,,5152014909.0,,1237.0,1/2,,West,,,4Th,Street,,,,,,,,,,,,,90017.0,,Los Angeles,Los Angeles,,,,,LA City,{EDB2D3CA-0F9D-4D6F-9EC1-C05C160B05A9},0,,EDB2D3CA-0F9D-4D6F-9EC1-C05C160B05A9,Unknown,,W,,,St,W 4Th St,2024/05/12 21:05:27+00,1237 1/2 W 4Th St Los Angeles 90017,EDB2D3CA-0F9D-4D6F-9EC1-C05C160B05A9_1237_1/2_W_4Th_St_Los_Angeles_90017,4Th,1237 1/2 W 4Th Street St Los Angeles 90017,,,,
667098,1243845,,5152014909.0,,1237.0,,,West,,,4Th,Street,,,,,,,,,,,,,90017.0,,Los Angeles,Los Angeles,,,,,LA City,{AB40351D-5B6B-455F-8D75-372DE8CB979B},0,,AB40351D-5B6B-455F-8D75-372DE8CB979B,Unknown,,W,,,St,W 4Th St,2024/05/12 21:05:27+00,1237 W 4Th St Los Angeles 90017,AB40351D-5B6B-455F-8D75-372DE8CB979B_1237_W_4Th_St_Los_Angeles_90017,4Th,1237 W 4Th Street St Los Angeles 90017,,,,
667099,1243846,,5152015019.0,,1238.0,,,West,,,4Th,Street,,,,,,,,,,,,,90017.0,,Los Angeles,Los Angeles,,,,,LA City,{E7411E96-CD63-4070-B1AE-6BC3ADC8FCC8},0,,E7411E96-CD63-4070-B1AE-6BC3ADC8FCC8,Unknown,,W,,,St,W 4Th St,2023/09/12 23:03:18+00,1238 W 4Th St Los Angeles 90017,E7411E96-CD63-4070-B1AE-6BC3ADC8FCC8_1238_W_4Th_St_Los_Angeles_90017,4Th,1238 W 4Th Street St Los Angeles 90017,,,,
667100,1243847,,5152015019.0,,404.0,,,South,,,Bixel,Street,,,,,,,,,,,,,90017.0,,Los Angeles,Los Angeles,,,,,LA City,{D6F7EFA8-23B7-4A2B-80FD-42F9CCA607F0},0,,D6F7EFA8-23B7-4A2B-80FD-42F9CCA607F0,Unknown,,S,,,St,S Bixel St,2023/09/12 23:03:18+00,404 S Bixel St Los Angeles 90017,D6F7EFA8-23B7-4A2B-80FD-42F9CCA607F0_404_S_Bixel_St_Los_Angeles_90017,Bixel,404 S Bixel Street St Los Angeles 90017,,,,
667101,1243848,,5152015019.0,,1245.0,,,West,,,Maryland,Street,,,,,,,,,,,,,90017.0,,Los Angeles,Los Angeles,,,,,LA City,{95015268-0556-4662-869C-7652B1DE3846},0,,95015268-0556-4662-869C-7652B1DE3846,Unknown,,W,,,St,W Maryland St,2023/09/12 23:03:18+00,1245 W Maryland St Los Angeles 90017,95015268-0556-4662-869C-7652B1DE3846_1245_W_Maryland_St_Los_Angeles_90017,Maryland,1245 W Maryland Street St Los Angeles 90017,,,,
667102,1243849,,5152015019.0,,1253.0,,,West,,,Maryland,Street,,,,,,,,,,,,,90017.0,,Los Angeles,Los Angeles,,,,,LA City,{14E842F9-FB5B-4D03-A9E4-88A8FCE49F37},0,,14E842F9-FB5B-4D03-A9E4-88A8FCE49F37,Unknown,,W,,,St,W Maryland St,2023/09/12 23:03:18+00,1253 W Maryland St Los Angeles 90017,14E842F9-FB5B-4D03-A9E4-88A8FCE49F37_1253_W_Maryland_St_Los_Angeles_90017,Maryland,1253 W Maryland Street St Los Angeles 90017,,,,
667103,1243850,,5152015019.0,,1241.0,,,West,,,Maryland,Street,,,,,,,,,,,,,90017.0,,Los Angeles,Los Angeles,,,,,LA City,{7B895984-5718-4039-9499-69088CC3E8D3},0,,7B895984-5718-4039-9499-69088CC3E8D3,Unknown,,W,,,St,W Maryland St,2023/09/12 23:03:18+00,1241 W Maryland St Los Angeles 90017,7B895984-5718-4039-9499-69088CC3E8D3_1241_W_Maryland_St_Los_Angeles_90017,Maryland,1241 W Maryland Street St Los Angeles 90017,,,,
667104,1243851,,5152015019.0,,1257.0,,,West,,,Maryland,Street,,,,,,,,,,,,,90017.0,,Los Angeles,Los Angeles,,,,,LA City,{977C0FF0-4253-4AC7-A328-DED69EE98B20},0,,977C0FF0-4253-4AC7-A328-DED69EE98B20,Unknown,,W,,,St,W Maryland St,2023/09/12 23:03:18+00,1257 W Maryland St Los Angeles 90017,977C0FF0-4253-4AC7-A328-DED69EE98B20_1257_W_Maryland_St_Los_Angeles_90017,Maryland,1257 W Maryland Street St Los Angeles 90017,,,,
667105,1243852,,5152015019.0,,1239.0,,,West,,,Maryland,Street,,,,,,,,,,,,,90017.0,,Los Angeles,Los Angeles,,,,,LA City,{04799EBA-245B-4BD4-9CDE-1249E6F3B68F},0,,04799EBA-245B-4BD4-9CDE-1249E6F3B68F,Unknown,,W,,,St,W Maryland St,2023/09/12 23:03:18+00,1239 W Maryland St Los Angeles 90017,04799EBA-245B-4BD4-9CDE-1249E6F3B68F_1239_W_Maryland_St_Los_Angeles_90017,Maryland,1239 W Maryland Street St Los Angeles 90017,,,,
667106,1243853,,5152015019.0,,412.0,,,South,,,Bixel,Street,,,,,,,,,,,,,90017.0,,Los Angeles,Los Angeles,,,,,LA City,{6C815CA0-3E6E-4C2B-969B-3D562222E350},0,,6C815CA0-3E6E-4C2B-969B-3D562222E350,Unknown,,S,,,St,S Bixel St,2023/09/12 23:03:18+00,412 S Bixel St Los Angeles 90017,6C815CA0-3E6E-4C2B-969B-3D562222E350_412_S_Bixel_St_Los_Angeles_90017,Bixel,412 S Bixel Street St Los Angeles 90017,,,,
667107,1243854,,5152015019.0,,410.0,,,South,,,Bixel,Street,,,,,,,,,,,,,90017.0,,Los Angeles,Los Angeles,,,,,LA City,{C15C6944-7897-42DC-8D47-0BBAEFD354BC},0,,C15C6944-7897-42DC-8D47-0BBAEFD354BC,Unknown,,S,,,St,S Bixel St,2023/09/12 23:03:18+00,410 S Bixel St Los Angeles 90017,C15C6944-7897-42DC-8D47-0BBAEFD354BC_410_S_Bixel_St_Los_Angeles_90017,Bixel,410 S Bixel Street St Los Angeles 90017,,,,
667108,1243855,,5152015019.0,,1242.0,,,West,,,4Th,Street,,,,,,,,,,,,,90017.0,,Los Angeles,Los Angeles,,,,,LA City,{32633D40-057E-4395-AA34-6CE5E77FE345},0,,32633D40-057E-4395-AA34-6CE5E77FE345,Unknown,,W,,,St,W 4Th St,2023/09/12 23:03:18+00,1242 W 4Th St Los Angeles 90017,32633D40-057E-4395-AA34-6CE5E77FE345_1242_W_4Th_St_Los_Angeles_90017,4Th,1242 W 4Th Street St Los Angeles 90017,,,,
667109,1243856,,5152015019.0,,416.0,,,South,,,Bixel,Street,,,,,,,,,,,,,90017.0,,Los Angeles,Los Angeles,,,,,LA City,{F6A14CC9-FCD2-43F3-86E8-CDEDDC6E21BC},0,,F6A14CC9-FCD2-43F3-86E8-CDEDDC6E21BC,Unknown,,S,,,St,S Bixel St,2023/09/12 23:03:18+00,416 S Bixel St Los Angeles 90017,F6A14CC9-FCD2-43F3-86E8-CDEDDC6E21BC_416_S_Bixel_St_Los_Angeles_90017,Bixel,416 S Bixel Street St Los Angeles 90017,,,,
667110,1243857,,5152015019.0,,1251.0,,,West,,,Maryland,Street,,,,,,,,,,,,,90017.0,,Los Angeles,Los Angeles,,,,,LA City,{84C9A4EA-EA13-4697-A4D4-8237CA0CB941},0,,84C9A4EA-EA13-4697-A4D4-8237CA0CB941,Unknown,,W,,,St,W Maryland St,2023/09/12 23:03:18+00,1251 W Maryland St Los Angeles 90017,84C9A4EA-EA13-4697-A4D4-8237CA0CB941_1251_W_Maryland_St_Los_Angeles_90017,Maryland,1251 W Maryland Street St Los Angeles 90017,,,,
667111,1243858,,5152015019.0,,414.0,,,South,,,Bixel,Street,,,,,,,,,,,,,90017.0,,Los Angeles,Los Angeles,,,,,LA City,{7C619338-D83E-43B3-92AF-D93208879633},0,,7C619338-D83E-43B3-92AF-D93208879633,Unknown,,S,,,St,S Bixel St,2023/09/12 23:03:18+00,414 S Bixel St Los Angeles 90017,7C619338-D83E-43B3-92AF-D93208879633_414_S_Bixel_St_Los_Angeles_90017,Bixel,414 S Bixel Street St Los Angeles 90017,,,,
667112,1243859,,5152015019.0,,408.0,,,South,,,Bixel,Street,,,,,,,,,,,,,90017.0,,Los Angeles,Los Angeles,,,,,LA City,{6E9D6E7F-5132-47E8-892C-C6083F9070DD},0,,6E9D6E7F-5132-47E8-892C-C6083F9070DD,Unknown,,S,,,St,S Bixel St,2023/09/12 23:03:18+00,408 S Bixel St Los Angeles 90017,6E9D6E7F-5132-47E8-892C-C6083F9070DD_408_S_Bixel_St_Los_Angeles_90017,Bixel,408 S Bixel Street St Los Angeles 90017,,,,
667113,1243860,,5152015019.0,,1249.0,,,West,,,Maryland,Street,,,,,,,,,,,,,90017.0,,Los Angeles,Los Angeles,,,,,LA City,{6912F375-AB4A-4679-B53B-BE83A28FCE5C},0,,6912F375-AB4A-4679-B53B-BE83A28FCE5C,Unknown,,W,,,St,W Maryland St,2023/09/12 23:03:18+00,1249 W Maryland St Los Angeles 90017,6912F375-AB4A-4679-B53B-BE83A28FCE5C_1249_W_Maryland_St_Los_Angeles_90017,Maryland,1249 W Maryland Street St Los Angeles 90017,,,,
667114,1243861,,5152015019.0,,1247.0,,,West,,,Maryland,Street,,,,,,,,,,,,,90017.0,,Los Angeles,Los Angeles,,,,,LA City,{FF291D87-4288-44F7-A82C-5EBAB2B54275},0,,FF291D87-4288-44F7-A82C-5EBAB2B54275,Unknown,,W,,,St,W Maryland St,2023/09/12 23:03:18+00,1247 W Maryland St Los Angeles 90017,FF291D87-4288-44F7-A82C-5EBAB2B54275_1247_W_Maryland_St_Los_Angeles_90017,Maryland,1247 W Maryland Street St Los Angeles 90017,,,,
667115,1243862,,5152015019.0,,1255.0,,,West,,,Maryland,Street,,,,,,,,,,,,,90017.0,,Los Angeles,Los Angeles,,,,,LA City,{B268EAB1-794F-4101-BDF9-D4A24E239264},0,,B268EAB1-794F-4101-BDF9-D4A24E239264,Unknown,,W,,,St,W Maryland St,2023/09/12 23:03:18+00,1255 W Maryland St Los Angeles 90017,B268EAB1-794F-4101-BDF9-D4A24E239264_1255_W_Maryland_St_Los_Angeles_90017,Maryland,1255 W Maryland Street St Los Angeles 90017,,,,
667116,1243863,,5152015019.0,,1243.0,,,West,,,Maryland,Street,,,,,,,,,,,,,90017.0,,Los Angeles,Los Angeles,,,,,LA City,{7E8601EC-AC6C-4F3F-8AA4-6D82FAE85E9A},0,,7E8601EC-AC6C-4F3F-8AA4-6D82FAE85E9A,Unknown,,W,,,St,W Maryland St,2023/09/12 23:03:18+00,1243 W Maryland St Los Angeles 90017,7E8601EC-AC6C-4F3F-8AA4-6D82FAE85E9A_1243_W_Maryland_St_Los_Angeles_90017,Maryland,1243 W Maryland Street St Los Angeles 90017,,,,
667117,1243864,,5152015021.0,,1221.0,,,West,,,Maryland,Street,,,,,,,,,,,,,90017.0,,Los Angeles,Los Angeles,,,,,LA City,{252FC70A-9C40-4E12-9CEC-5CB2747A732D},0,,252FC70A-9C40-4E12-9CEC-5CB2747A732D,Unknown,,W,,,St,W Maryland St,2023/09/12 23:03:18+00,1221 W Maryland St Los Angeles 90017,252FC70A-9C40-4E12-9CEC-5CB2747A732D_1221_W_Maryland_St_Los_Angeles_90017,Maryland,1221 W Maryland Street St Los Angeles 90017,,,,
667118,1243865,,5152015021.0,,1231.0,,,West,,,Maryland,Street,,,,,,,,,,,,,90017.0,,Los Angeles,Los Angeles,,,,,LA City,{5681E90C-BBD8-490F-A013-964B3299C73B},0,,5681E90C-BBD8-490F-A013-964B3299C73B,Unknown,,W,,,St,W Maryland St,2023/09/12 23:03:18+00,1231 W Maryland St Los Angeles 90017,5681E90C-BBD8-490F-A013-964B3299C73B_1231_W_Maryland_St_Los_Angeles_90017,Maryland,1231 W Maryland Street St Los Angeles 90017,,,,
667119,1243866,,5152015021.0,,1236.0,,,West,,,4Th,Street,,,,,,,,,,,,,90017.0,,Los Angeles,Los Angeles,,,,,LA City,{3C696FD9-4FAA-4CE2-A138-F9CE1A73D10F},0,,3C696FD9-4FAA-4CE2-A138-F9CE1A73D10F,Unknown,,W,,,St,W 4Th St,2023/09/12 23:03:18+00,1236 W 4Th St Los Angeles 90017,3C696FD9-4FAA-4CE2-A138-F9CE1A73D10F_1236_W_4Th_St_Los_Angeles_90017,4Th,1236 W 4Th Street St Los Angeles 90017,,,,
667120,1243867,,5152015021.0,,1210.0,,,West,,,4Th,Street,,,,,,,,,,,,,90017.0,,Los Angeles,Los Angeles,,,,,LA City,{0ACDB86B-375D-4DBE-9D8A-520C7BA9E509},0,,0ACDB86B-375D-4DBE-9D8A-520C7BA9E509,Unknown,,W,,,St,W 4Th St,2023/09/12 23:03:18+00,1210 W 4Th St Los Angeles 90017,0ACDB86B-375D-4DBE-9D8A-520C7BA9E509_1210_W_4Th_St_Los_Angeles_90017,4Th,1210 W 4Th Street St Los Angeles 90017,,,,
667121,1243868,,5152015021.0,,1225.0,,,West,,,Maryland,Street,,,,,,,,,,,,,90017.0,,Los Angeles,Los Angeles,,,,,LA City,{19E627BE-626E-48B1-9939-4D46B0479366},0,,19E627BE-626E-48B1-9939-4D46B0479366,Unknown,,W,,,St,W Maryland St,2023/09/12 23:03:18+00,1225 W Maryland St Los Angeles 90017,19E627BE-626E-48B1-9939-4D46B0479366_1225_W_Maryland_St_Los_Angeles_90017,Maryland,1225 W Maryland Street St Los Angeles 90017,,,,
667122,1243869,,5152015021.0,,1237.0,,,West,,,Maryland,Street,,,,,,,,,,,,,90017.0,,Los Angeles,Los Angeles,,,,,LA City,{69854B10-9BE8-4E2E-84B4-481DDCCF3B68},0,,69854B10-9BE8-4E2E-84B4-481DDCCF3B68,Unknown,,W,,,St,W Maryland St,2023/09/12 23:03:18+00,1237 W Maryland St Los Angeles 90017,69854B10-9BE8-4E2E-84B4-481DDCCF3B68_1237_W_Maryland_St_Los_Angeles_90017,Maryland,1237 W Maryland Street St Los Angeles 90017,,,,
667123,1243870,,5152015021.0,,407.0,,,South,,,Boylston,Street,,,,,,,,,,,,,90017.0,,Los Angeles,Los Angeles,,,,,LA City,{E81C6240-5100-4A80-9C80-48B2613744F1},0,,E81C6240-5100-4A80-9C80-48B2613744F1,Unknown,,S,,,St,S Boylston St,2023/09/12 23:03:18+00,407 S Boylston St Los Angeles 90017,E81C6240-5100-4A80-9C80-48B2613744F1_407_S_Boylston_St_Los_Angeles_90017,Boylston,407 S Boylston Street St Los Angeles 90017,,,,
667124,1243871,,5152015021.0,,411.0,,,South,,,Boylston,Street,,,,,,,,,,,,,90017.0,,Los Angeles,Los Angeles,,,,,LA City,{90DBE21C-59AC-4162-ADC5-95D3E036D95E},0,,90DBE21C-59AC-4162-ADC5-95D3E036D95E,Unknown,,S,,,St,S Boylston St,2023/09/12 23:03:18+00,411 S Boylston St Los Angeles 90017,90DBE21C-59AC-4162-ADC5-95D3E036D95E_411_S_Boylston_St_Los_Angeles_90017,Boylston,411 S Boylston Street St Los Angeles 90017,,,,
667125,1243872,,5152015021.0,,1226.0,,,West,,,4Th,Street,,,,,,,,,,,,,90017.0,,Los Angeles,Los Angeles,,,,,LA City,{745EE0FF-4701-40A0-879B-F4755C7C538D},0,,745EE0FF-4701-40A0-879B-F4755C7C538D,Unknown,,W,,,St,W 4Th St,2023/09/12 23:03:18+00,1226 W 4Th St Los Angeles 90017,745EE0FF-4701-40A0-879B-F4755C7C538D_1226_W_4Th_St_Los_Angeles_90017,4Th,1226 W 4Th Street St Los Angeles 90017,,,,
667126,1243873,,5152015021.0,,1220.0,,,West,,,4Th,Street,,,,,,,,,,,,,90017.0,,Los Angeles,Los Angeles,,,,,LA City,{BE3FB286-3D6E-4754-9ACD-263F2873153D},0,,BE3FB286-3D6E-4754-9ACD-263F2873153D,Unknown,,W,,,St,W 4Th St,2023/09/12 23:03:18+00,1220 W 4Th St Los Angeles 90017,BE3FB286-3D6E-4754-9ACD-263F2873153D_1220_W_4Th_St_Los_Angeles_90017,4Th,1220 W 4Th Street St Los Angeles 90017,,,,
667127,1243874,,5152015021.0,,1217.0,,,West,,,Maryland,Street,,,,,,,,,,,,,90017.0,,Los Angeles,Los Angeles,,,,,LA City,{5D100B4C-FFA9-4A4B-810D-9CBCCA7B81EC},0,,5D100B4C-FFA9-4A4B-810D-9CBCCA7B81EC,Unknown,,W,,,St,W Maryland St,2024/05/12 21:05:27+00,1217 W Maryland St Los Angeles 90017,5D100B4C-FFA9-4A4B-810D-9CBCCA7B81EC_1217_W_Maryland_St_Los_Angeles_90017,Maryland,1217 W Maryland Street St Los Angeles 90017,,,,
667128,1243875,,5152015021.0,,1215.0,,,West,,,Maryland,Street,,,,,,,,,,,,,90017.0,,Los Angeles,Los Angeles,,,,,LA City,{45B083C0-C7CC-4A02-B7CA-A85AD2DD41EF},0,,45B083C0-C7CC-4A02-B7CA-A85AD2DD41EF,Unknown,,W,,,St,W Maryland St,2024/05/12 21:05:27+00,1215 W Maryland St Los Angeles 90017,45B083C0-C7CC-4A02-B7CA-A85AD2DD41EF_1215_W_Maryland_St_Los_Angeles_90017,Maryland,1215 W Maryland Street St Los Angeles 90017,,,,
667129,1243876,,5152015021.0,,1215.0,1/2,,West,,,Maryland,Street,,,,,,,,,,,,,90017.0,,Los Angeles,Los Angeles,,,,,LA City,{A99AEF10-21B1-40BF-8FBA-DEA81538AEFC},0,,A99AEF10-21B1-40BF-8FBA-DEA81538AEFC,Unknown,,W,,,St,W Maryland St,2024/05/12 21:05:27+00,1215 1/2 W Maryland St Los Angeles 90017,A99AEF10-21B1-40BF-8FBA-DEA81538AEFC_1215_1/2_W_Maryland_St_Los_Angeles_90017,Maryland,1215 1/2 W Maryland Street St Los Angeles 90017,,,,
667130,1243877,,5152015021.0,,1234.0,1/2,,West,,,4Th,Street,,,,,,,,,,,,,90017.0,,Los Angeles,Los Angeles,,,,,LA City,{A60D0CD0-76CD-42BF-AE45-B433A7422E92},0,,A60D0CD0-76CD-42BF-AE45-B433A7422E92,Unknown,,W,,,St,W 4Th St,2024/05/12 21:05:27+00,1234 1/2 W 4Th St Los Angeles 90017,A60D0CD0-76CD-42BF-AE45-B433A7422E92_1234_1/2_W_4Th_St_Los_Angeles_90017,4Th,1234 1/2 W 4Th Street St Los Angeles 90017,,,,
667131,1243878,,5152015021.0,,401.0,1/2,,South,,,Boylston,Street,,,,,,,,,,,,,90017.0,,Los Angeles,Los Angeles,,,,,LA City,{BFED7B2A-0DE1-4705-A250-064EC5D0AD93},0,,BFED7B2A-0DE1-4705-A250-064EC5D0AD93,Unknown,,S,,,St,S Boylston St,2024/05/12 21:05:27+00,401 1/2 S Boylston St Los Angeles 90017,BFED7B2A-0DE1-4705-A250-064EC5D0AD93_401_1/2_S_Boylston_St_Los_Angeles_90017,Boylston,401 1/2 S Boylston Street St Los Angeles 90017,,,,
667132,1243879,,5152015021.0,,1215.0,1/4,,West,,,Maryland,Street,,,,,,,,,,,,,90017.0,,Los Angeles,Los Angeles,,,,,LA City,{0EB50E82-115C-4B3A-8C11-E0D5CA1F8F5B},0,,0EB50E82-115C-4B3A-8C11-E0D5CA1F8F5B,Unknown,,W,,,St,W Maryland St,2024/05/12 21:05:27+00,1215 1/4 W Maryland St Los Angeles 90017,0EB50E82-115C-4B3A-8C11-E0D5CA1F8F5B_1215_1/4_W_Maryland_St_Los_Angeles_90017,Maryland,1215 1/4 W Maryland Street St Los Angeles 90017,,,,
667133,1243880,,5152015021.0,,1234.0,,,West,,,4Th,Street,,,,,,,,,,,,,90017.0,,Los Angeles,Los Angeles,,,,,LA City,{23FEF10D-63B8-499B-BCB3-EF246C2982ED},0,,23FEF10D-63B8-499B-BCB3-EF246C2982ED,Unknown,,W,,,St,W 4Th St,2024/05/12 21:05:27+00,1234 W 4Th St Los Angeles 90017,23FEF10D-63B8-499B-BCB3-EF246C2982ED_1234_W_4Th_St_Los_Angeles_90017,4Th,1234 W 4Th Street St Los Angeles 90017,,,,
667134,1243881,,5152015021.0,,401.0,,,South,,,Boylston,Street,,,,,,,,,,,,,90017.0,,Los Angeles,Los Angeles,,,,,LA City,{522FF358-BB98-47ED-B922-A3B3A68A1436},0,,522FF358-BB98-47ED-B922-A3B3A68A1436,Unknown,,S,,,St,S Boylston St,2024/05/12 21:05:27+00,401 S Boylston St Los Angeles 90017,522FF358-BB98-47ED-B922-A3B3A68A1436_401_S_Boylston_St_Los_Angeles_90017,Boylston,401 S Boylston Street St Los Angeles 90017,,,,
667135,1243882,,5152015021.0,,1217.0,1/2,,West,,,Maryland,Street,,,,,,,,,,,,,90017.0,,Los Angeles,Los Angeles,,,,,LA City,{A1009888-1F2B-4539-B573-7311D4BF5899},0,,A1009888-1F2B-4539-B573-7311D4BF5899,Unknown,,W,,,St,W Maryland St,2024/05/12 21:05:27+00,1217 1/2 W Maryland St Los Angeles 90017,A1009888-1F2B-4539-B573-7311D4BF5899_1217_1/2_W_Maryland_St_Los_Angeles_90017,Maryland,1217 1/2 W Maryland Street St Los Angeles 90017,,,,
667136,1243883,,5152016001.0,,461.0,,,South,,,Boylston,Street,,,,,,,,,,,,,90017.0,,Los Angeles,Los Angeles,,,,,LA City,{73647FBC-55AC-4DE9-8352-6DA78F0161CD},0,,73647FBC-55AC-4DE9-8352-6DA78F0161CD,Unknown,,S,,,St,S Boylston St,2023/09/12 23:03:18+00,461 S Boylston St Los Angeles 90017,73647FBC-55AC-4DE9-8352-6DA78F0161CD_461_S_Boylston_St_Los_Angeles_90017,Boylston,461 S Boylston Street St Los Angeles 90017,,,,
667137,1243884,,5152016001.0,,460.0,,,South,,,Bixel,Street,,,,,,,,,,,,,90017.0,,Los Angeles,Los Angeles,,,,,LA City,{14B05B1A-D5CD-434E-A131-B5C0A5E4071A},0,,14B05B1A-D5CD-434E-A131-B5C0A5E4071A,Unknown,,S,,,St,S Bixel St,2023/09/12 23:03:18+00,460 S Bixel St Los Angeles 90017,14B05B1A-D5CD-434E-A131-B5C0A5E4071A_460_S_Bixel_St_Los_Angeles_90017,Bixel,460 S Bixel Street St Los Angeles 90017,,,,
667138,1243885,,5152016001.0,,1201.0,,,West,,,5Th,Street,,,,,,,,,,,,,90017.0,,Los Angeles,Los Angeles,,,,,LA City,{29E9B9AA-43B8-4F90-B79B-FEBF4A714EFB},0,,29E9B9AA-43B8-4F90-B79B-FEBF4A714EFB,Unknown,,W,,,St,W 5Th St,2023/09/12 23:03:18+00,1201 W 5Th St Los Angeles 90017,29E9B9AA-43B8-4F90-B79B-FEBF4A714EFB_1201_W_5Th_St_Los_Angeles_90017,5Th,1201 W 5Th Street St Los Angeles 90017,,,,
667139,1243886,,5152017026.0,,1218.0,,,West,,,5Th,Street,,,,,,,,,,,,,90017.0,,Los Angeles,Los Angeles,,,,,LA City,{AF3AD3E7-489C-4DAF-A9AB-8A0C2F8297C3},0,,AF3AD3E7-489C-4DAF-A9AB-8A0C2F8297C3,Unknown,,W,,,St,W 5Th St,2023/09/12 23:03:18+00,1218 W 5Th St Los Angeles 90017,AF3AD3E7-489C-4DAF-A9AB-8A0C2F8297C3_1218_W_5Th_St_Los_Angeles_90017,5Th,1218 W 5Th Street St Los Angeles 90017,,,,
667140,1243887,,5152017026.0,,1043.0,,,West,,,6Th,Street,,,,,,,,,,,,,90017.0,,Los Angeles,Los Angeles,,,,,LA City,{612C1F92-2695-40CC-B990-75EFD9D594A7},0,,612C1F92-2695-40CC-B990-75EFD9D594A7,Unknown,,W,,,St,W 6Th St,2023/09/12 23:03:18+00,1043 W 6Th St Los Angeles 90017,612C1F92-2695-40CC-B990-75EFD9D594A7_1043_W_6Th_St_Los_Angeles_90017,6Th,1043 W 6Th Street St Los Angeles 90017,,,,
667141,1243888,,5152017026.0,,1240.0,,,West,,,5Th,Street,,,,,,,,,,,,,90017.0,,Los Angeles,Los Angeles,,,,,LA City,{8DAA6B63-026E-4FF1-9032-EDB4956985BC},0,,8DAA6B63-026E-4FF1-9032-EDB4956985BC,Unknown,,W,,,St,W 5Th St,2023/09/12 23:03:18+00,1240 W 5Th St Los Angeles 90017,8DAA6B63-026E-4FF1-9032-EDB4956985BC_1240_W_5Th_St_Los_Angeles_90017,5Th,1240 W 5Th Street St Los Angeles 90017,,,,
667142,1243889,,5152017026.0,,1200.0,,,West,,,5Th,Street,,,,,,,,,,,,,90017.0,,Los Angeles,Los Angeles,,,,,LA City,{2AD6EF02-BF33-4462-848E-73B2682CDF33},0,,2AD6EF02-BF33-4462-848E-73B2682CDF33,Unknown,,W,,,St,W 5Th St,2023/09/12 23:03:18+00,1200 W 5Th St Los Angeles 90017,2AD6EF02-BF33-4462-848E-73B2682CDF33_1200_W_5Th_St_Los_Angeles_90017,5Th,1200 W 5Th Street St Los Angeles 90017,,,,
667143,1243890,,5152017026.0,,1210.0,,,West,,,5Th,Street,,,,,,,,,,,,,90017.0,,Los Angeles,Los Angeles,,,,,LA City,{BFC7AB30-A7AC-4779-9434-FA70F832601D},0,,BFC7AB30-A7AC-4779-9434-FA70F832601D,Unknown,,W,,,St,W 5Th St,2023/09/12 23:03:18+00,1210 W 5Th St Los Angeles 90017,BFC7AB30-A7AC-4779-9434-FA70F832601D_1210_W_5Th_St_Los_Angeles_90017,5Th,1210 W 5Th Street St Los Angeles 90017,,,,
667144,1243891,,5152017026.0,,1055.0,,,West,,,6Th,Street,,,,,,,,,,,,,90017.0,,Los Angeles,Los Angeles,,,,,LA City,{7CA6C0D9-F271-4F29-AA4C-021090A559B1},0,,7CA6C0D9-F271-4F29-AA4C-021090A559B1,Unknown,,W,,,St,W 6Th St,2023/09/12 23:03:18+00,1055 W 6Th St Los Angeles 90017,7CA6C0D9-F271-4F29-AA4C-021090A559B1_1055_W_6Th_St_Los_Angeles_90017,6Th,1055 W 6Th Street St Los Angeles 90017,,,,
667145,1243892,,5152017026.0,,1045.0,,,West,,,6Th,Street,,,,,,,,,,,,,90017.0,,Los Angeles,Los Angeles,,,,,LA City,{81D64A45-288D-45AF-B7B9-7BFCDAF15E37},0,,81D64A45-288D-45AF-B7B9-7BFCDAF15E37,Unknown,,W,,,St,W 6Th St,2023/09/12 23:03:18+00,1045 W 6Th St Los Angeles 90017,81D64A45-288D-45AF-B7B9-7BFCDAF15E37_1045_W_6Th_St_Los_Angeles_90017,6Th,1045 W 6Th Street St Los Angeles 90017,,,,
667146,1243893,,5152017026.0,,1037.0,,,West,,,6Th,Street,,,,,,,,,,,,,90017.0,,Los Angeles,Los Angeles,,,,,LA City,{31C3FFB7-38DA-44E0-91DD-7F1D8E4F6C4E},0,,31C3FFB7-38DA-44E0-91DD-7F1D8E4F6C4E,Unknown,,W,,,St,W 6Th St,2023/09/12 23:03:18+00,1037 W 6Th St Los Angeles 90017,31C3FFB7-38DA-44E0-91DD-7F1D8E4F6C4E_1037_W_6Th_St_Los_Angeles_90017,6Th,1037 W 6Th Street St Los Angeles 90017,,,,
667147,1243894,,5152017026.0,,1041.0,,,West,,,6Th,Street,,,,,,,,,,,,,90017.0,,Los Angeles,Los Angeles,,,,,LA City,{43E043E1-347D-46D4-864C-28B254132C5B},0,,43E043E1-347D-46D4-864C-28B254132C5B,Unknown,,W,,,St,W 6Th St,2023/09/12 23:03:18+00,1041 W 6Th St Los Angeles 90017,43E043E1-347D-46D4-864C-28B254132C5B_1041_W_6Th_St_Los_Angeles_90017,6Th,1041 W 6Th Street St Los Angeles 90017,,,,
667148,1243895,,5152017026.0,,1039.0,,,West,,,6Th,Street,,,,,,,,,,,,,90017.0,,Los Angeles,Los Angeles,,,,,LA City,{CB8CD35C-A055-4A36-8879-3DE85EFB443F},0,,CB8CD35C-A055-4A36-8879-3DE85EFB443F,Unknown,,W,,,St,W 6Th St,2023/09/12 23:03:18+00,1039 W 6Th St Los Angeles 90017,CB8CD35C-A055-4A36-8879-3DE85EFB443F_1039_W_6Th_St_Los_Angeles_90017,6Th,1039 W 6Th Street St Los Angeles 90017,,,,
667149,1243896,,5152017026.0,,1005.0,,,West,,,6Th,Street,,,,,,,,,,,,,90017.0,,Los Angeles,Los Angeles,,,,,LA City,{091D288F-0151-45D4-98A3-A157D9BDED0E},0,,091D288F-0151-45D4-98A3-A157D9BDED0E,Unknown,,W,,,St,W 6Th St,2023/09/12 23:03:18+00,1005 W 6Th St Los Angeles 90017,091D288F-0151-45D4-98A3-A157D9BDED0E_1005_W_6Th_St_Los_Angeles_90017,6Th,1005 W 6Th Street St Los Angeles 90017,,,,
667150,1243897,,5152017026.0,,516.0,,,South,,,Bixel,Street,,,,,,,,,,,,,90017.0,,Los Angeles,Los Angeles,,,,,LA City,{7C00028C-69A6-4A79-9DB2-C88B070A8217},0,,7C00028C-69A6-4A79-9DB2-C88B070A8217,Unknown,,S,,,St,S Bixel St,2023/09/12 23:03:18+00,516 S Bixel St Los Angeles 90017,7C00028C-69A6-4A79-9DB2-C88B070A8217_516_S_Bixel_St_Los_Angeles_90017,Bixel,516 S Bixel Street St Los Angeles 90017,,,,
667151,1243898,,5152017026.0,,1027.0,,,West,,,6Th,Street,,,,,,,,,,,,,90017.0,,Los Angeles,Los Angeles,,,,,LA City,{697AC4EF-2164-45FF-8E26-237F13FB9583},0,,697AC4EF-2164-45FF-8E26-237F13FB9583,Unknown,,W,,,St,W 6Th St,2023/09/12 23:03:18+00,1027 W 6Th St Los Angeles 90017,697AC4EF-2164-45FF-8E26-237F13FB9583_1027_W_6Th_St_Los_Angeles_90017,6Th,1027 W 6Th Street St Los Angeles 90017,,,,
667152,1243899,,5152017026.0,,1031.0,,,West,,,6Th,Street,,,,,,,,,,,,,90017.0,,Los Angeles,Los Angeles,,,,,LA City,{AF0BB2B3-9297-46EA-9070-7F1743ADEBB0},0,,AF0BB2B3-9297-46EA-9070-7F1743ADEBB0,Unknown,,W,,,St,W 6Th St,2023/09/12 23:03:18+00,1031 W 6Th St Los Angeles 90017,AF0BB2B3-9297-46EA-9070-7F1743ADEBB0_1031_W_6Th_St_Los_Angeles_90017,6Th,1031 W 6Th Street St Los Angeles 90017,,,,
667153,1243900,,5152018011.0,,437.0,,,South,,,Beaudry,Avenue,,,,,,,,,,,,,90017.0,,Los Angeles,Los Angeles,,,,,LA City,{C0FDF3B6-6BD0-477F-A36F-D15CA0D78998},0,,C0FDF3B6-6BD0-477F-A36F-D15CA0D78998,Unknown,,S,,,Ave,S Beaudry Ave,2023/09/12 23:03:18+00,437 S Beaudry Ave Los Angeles 90017,C0FDF3B6-6BD0-477F-A36F-D15CA0D78998_437_S_Beaudry_Ave_Los_Angeles_90017,Beaudry,437 S Beaudry Avenue Ave Los Angeles 90017,,,,
667154,1243901,,5152018012.0,,461.0,,,South,,,Beaudry,Avenue,,,,,,,,,,,,,90017.0,,Los Angeles,Los Angeles,,,,,LA City,{3A6175A1-DB8C-4646-AE48-90B8F1BE2E9F},0,,3A6175A1-DB8C-4646-AE48-90B8F1BE2E9F,Unknown,,S,,,Ave,S Beaudry Ave,2023/09/12 23:03:18+00,461 S Beaudry Ave Los Angeles 90017,3A6175A1-DB8C-4646-AE48-90B8F1BE2E9F_461_S_Beaudry_Ave_Los_Angeles_90017,Beaudry,461 S Beaudry Avenue Ave Los Angeles 90017,,,,
667155,1243902,,5152019900.0,,333.0,,,South,,,Beaudry,Avenue,,,,,,,,,,,,,90017.0,,Los Angeles,Los Angeles,,,,,LA City,{5AEC5E62-34C6-4B88-A9E1-6B34902C3A3A},0,,5AEC5E62-34C6-4B88-A9E1-6B34902C3A3A,Unknown,,S,,,Ave,S Beaudry Ave,2023/09/12 23:03:18+00,333 S Beaudry Ave Los Angeles 90017,5AEC5E62-34C6-4B88-A9E1-6B34902C3A3A_333_S_Beaudry_Ave_Los_Angeles_90017,Beaudry,333 S Beaudry Avenue Ave Los Angeles 90017,,,,
667156,1243903,,5152019900.0,,311.0,,,South,,,Beaudry,Avenue,,,,,,,,,,,,,90017.0,,Los Angeles,Los Angeles,,,,,LA City,{6281B106-2C57-4C03-9A97-4B475ACEB5BD},0,,6281B106-2C57-4C03-9A97-4B475ACEB5BD,Unknown,,S,,,Ave,S Beaudry Ave,2023/09/12 23:03:18+00,311 S Beaudry Ave Los Angeles 90017,6281B106-2C57-4C03-9A97-4B475ACEB5BD_311_S_Beaudry_Ave_Los_Angeles_90017,Beaudry,311 S Beaudry Avenue Ave Los Angeles 90017,,,,
667157,1243904,,5152019900.0,,319.0,,,South,,,Beaudry,Avenue,,,,,,,,,,,,,90017.0,,Los Angeles,Los Angeles,,,,,LA City,{C703150D-57A1-4ABC-BAE0-BC9E3DF76D54},0,,C703150D-57A1-4ABC-BAE0-BC9E3DF76D54,Unknown,,S,,,Ave,S Beaudry Ave,2023/09/12 23:03:18+00,319 S Beaudry Ave Los Angeles 90017,C703150D-57A1-4ABC-BAE0-BC9E3DF76D54_319_S_Beaudry_Ave_Los_Angeles_90017,Beaudry,319 S Beaudry Avenue Ave Los Angeles 90017,,,,
667257,1244004,,5153003001.0,,333.0,,,South,,,Union,Avenue,,,,,,,,,,,,,90017.0,,Los Angeles,Los Angeles,,,,,LA City,{F63F29DE-9212-4A22-8EE2-D422C53B60A5},0,,F63F29DE-9212-4A22-8EE2-D422C53B60A5,Unknown,,S,,,Ave,S Union Ave,2023/09/12 23:03:18+00,333 S Union Ave Los Angeles 90017,F63F29DE-9212-4A22-8EE2-D422C53B60A5_333_S_Union_Ave_Los_Angeles_90017,Union,333 S Union Avenue Ave Los Angeles 90017,,,,
667274,1244021,,5153003010.0,,433.0,,,South,,,Union,Avenue,,,,,,,,,,,,,90017.0,,Los Angeles,Los Angeles,,,,,LA City,{58970810-4608-43F3-B2F4-BDC95F3A1D6B},0,,58970810-4608-43F3-B2F4-BDC95F3A1D6B,Unknown,,S,,,Ave,S Union Ave,2023/09/12 23:03:18+00,433 S Union Ave Los Angeles 90017,58970810-4608-43F3-B2F4-BDC95F3A1D6B_433_S_Union_Ave_Los_Angeles_90017,Union,433 S Union Avenue Ave Los Angeles 90017,,,,
667275,1244022,,5153003010.0,,429.0,,,South,,,Union,Avenue,,,,,,,,,,,,,90017.0,,Los Angeles,Los Angeles,,,,,LA City,{07CE7BB5-5190-4639-BFD7-CE7ED904D954},0,,07CE7BB5-5190-4639-BFD7-CE7ED904D954,Unknown,,S,,,Ave,S Union Ave,2023/09/12 23:03:18+00,429 S Union Ave Los Angeles 90017,07CE7BB5-5190-4639-BFD7-CE7ED904D954_429_S_Union_Ave_Los_Angeles_90017,Union,429 S Union Avenue Ave Los Angeles 90017,,,,
667276,1244023,,5153003010.0,,431.0,,,South,,,Union,Avenue,,,,,,,,,,,,,90017.0,,Los Angeles,Los Angeles,,,,,LA City,{ED8A610A-DB3B-45BB-8E34-1C6AA0B700C5},0,,ED8A610A-DB3B-45BB-8E34-1C6AA0B700C5,Unknown,,S,,,Ave,S Union Ave,2023/09/12 23:03:18+00,431 S Union Ave Los Angeles 90017,ED8A610A-DB3B-45BB-8E34-1C6AA0B700C5_431_S_Union_Ave_Los_Angeles_90017,Union,431 S Union Avenue Ave Los Angeles 90017,,,,
667277,1244024,,5153003011.0,,427.0,,,South,,,Union,Avenue,,,,,,,,,,,,,90017.0,,Los Angeles,Los Angeles,,,,,LA City,{067CE29F-1CD0-4FFD-A0C9-441A2404ACCF},0,,067CE29F-1CD0-4FFD-A0C9-441A2404ACCF,Unknown,,S,,,Ave,S Union Ave,2024/05/12 21:05:27+00,427 S Union Ave Los Angeles 90017,067CE29F-1CD0-4FFD-A0C9-441A2404ACCF_427_S_Union_Ave_Los_Angeles_90017,Union,427 S Union Avenue Ave Los Angeles 90017,,,,
667278,1244025,,5153003011.0,,425.0,1/4,,South,,,Union,Avenue,,,,,,,,,,,,,90017.0,,Los Angeles,Los Angeles,,,,,LA City,{3210F4FF-4C8E-4E61-86F6-3163BE28005B},0,,3210F4FF-4C8E-4E61-86F6-3163BE28005B,Unknown,,S,,,Ave,S Union Ave,2024/05/12 21:05:27+00,425 1/4 S Union Ave Los Angeles 90017,3210F4FF-4C8E-4E61-86F6-3163BE28005B_425_1/4_S_Union_Ave_Los_Angeles_90017,Union,425 1/4 S Union Avenue Ave Los Angeles 90017,,,,
667279,1244026,,5153003011.0,,425.0,,,South,,,Union,Avenue,,,,,,,,,,,,,90017.0,,Los Angeles,Los Angeles,,,,,LA City,{E39550E0-3739-410F-AE26-7E7A16E38BB6},0,,E39550E0-3739-410F-AE26-7E7A16E38BB6,Unknown,,S,,,Ave,S Union Ave,2024/05/12 21:05:27+00,425 S Union Ave Los Angeles 90017,E39550E0-3739-410F-AE26-7E7A16E38BB6_425_S_Union_Ave_Los_Angeles_90017,Union,425 S Union Avenue Ave Los Angeles 90017,,,,
667280,1244027,,5153003011.0,,425.0,1/2,,South,,,Union,Avenue,,,,,,,,,,,,,90017.0,,Los Angeles,Los Angeles,,,,,LA City,{14BD96C4-4D09-4CDF-B284-171F01CB9B7A},0,,14BD96C4-4D09-4CDF-B284-171F01CB9B7A,Unknown,,S,,,Ave,S Union Ave,2024/05/12 21:05:27+00,425 1/2 S Union Ave Los Angeles 90017,14BD96C4-4D09-4CDF-B284-171F01CB9B7A_425_1/2_S_Union_Ave_Los_Angeles_90017,Union,425 1/2 S Union Avenue Ave Los Angeles 90017,,,,
667281,1244028,,5153003011.0,,427.0,1/2,,South,,,Union,Avenue,,,,,,,,,,,,,90017.0,,Los Angeles,Los Angeles,,,,,LA City,{97C41BF0-F60A-4260-8186-92E4E8B88FA8},0,,97C41BF0-F60A-4260-8186-92E4E8B88FA8,Unknown,,S,,,Ave,S Union Ave,2024/05/12 21:05:27+00,427 1/2 S Union Ave Los Angeles 90017,97C41BF0-F60A-4260-8186-92E4E8B88FA8_427_1/2_S_Union_Ave_Los_Angeles_90017,Union,427 1/2 S Union Avenue Ave Los Angeles 90017,,,,
667282,1244029,,5153003014.0,,409.0,1/4,,South,,,Union,Avenue,,,,,,,,,,,,,90017.0,,Los Angeles,Los Angeles,,,,,LA City,{284BA67A-D3CD-4E06-BEC8-6D985D5E4A9E},0,,284BA67A-D3CD-4E06-BEC8-6D985D5E4A9E,Unknown,,S,,,Ave,S Union Ave,2024/05/12 21:05:27+00,409 1/4 S Union Ave Los Angeles 90017,284BA67A-D3CD-4E06-BEC8-6D985D5E4A9E_409_1/4_S_Union_Ave_Los_Angeles_90017,Union,409 1/4 S Union Avenue Ave Los Angeles 90017,,,,
667283,1244030,,5153003014.0,,411.0,1/2,,South,,,Union,Avenue,,,,,,,,,,,,,90017.0,,Los Angeles,Los Angeles,,,,,LA City,{F3661CE1-6265-4A42-997A-D36F28524CB5},0,,F3661CE1-6265-4A42-997A-D36F28524CB5,Unknown,,S,,,Ave,S Union Ave,2024/05/12 21:05:27+00,411 1/2 S Union Ave Los Angeles 90017,F3661CE1-6265-4A42-997A-D36F28524CB5_411_1/2_S_Union_Ave_Los_Angeles_90017,Union,411 1/2 S Union Avenue Ave Los Angeles 90017,,,,
667284,1244031,,5153003014.0,,413.0,1/2,,South,,,Union,Avenue,,,,,,,,,,,,,90017.0,,Los Angeles,Los Angeles,,,,,LA City,{862CE389-C99F-4536-84F0-40CAC9D3B9C4},0,,862CE389-C99F-4536-84F0-40CAC9D3B9C4,Unknown,,S,,,Ave,S Union Ave,2024/05/12 21:05:27+00,413 1/2 S Union Ave Los Angeles 90017,862CE389-C99F-4536-84F0-40CAC9D3B9C4_413_1/2_S_Union_Ave_Los_Angeles_90017,Union,413 1/2 S Union Avenue Ave Los Angeles 90017,,,,
667285,1244032,,5153003014.0,,409.0,,,South,,,Union,Avenue,,,,,,,,,,,,,90017.0,,Los Angeles,Los Angeles,,,,,LA City,{4ED8E535-65D6-4664-8031-CB18CFCB533F},0,,4ED8E535-65D6-4664-8031-CB18CFCB533F,Unknown,,S,,,Ave,S Union Ave,2024/05/12 21:05:27+00,409 S Union Ave Los Angeles 90017,4ED8E535-65D6-4664-8031-CB18CFCB533F_409_S_Union_Ave_Los_Angeles_90017,Union,409 S Union Avenue Ave Los Angeles 90017,,,,
667286,1244033,,5153003014.0,,413.0,,,South,,,Union,Avenue,,,,,,,,,,,,,90017.0,,Los Angeles,Los Angeles,,,,,LA City,{101621A0-8310-4A7C-A8F8-62C4639EDC59},0,,101621A0-8310-4A7C-A8F8-62C4639EDC59,Unknown,,S,,,Ave,S Union Ave,2024/05/12 21:05:27+00,413 S Union Ave Los Angeles 90017,101621A0-8310-4A7C-A8F8-62C4639EDC59_413_S_Union_Ave_Los_Angeles_90017,Union,413 S Union Avenue Ave Los Angeles 90017,,,,
667287,1244034,,5153003014.0,,411.0,,,South,,,Union,Avenue,,,,,,,,,,,,,90017.0,,Los Angeles,Los Angeles,,,,,LA City,{0FA4A489-0BE9-4230-9444-196A679F3EBD},0,,0FA4A489-0BE9-4230-9444-196A679F3EBD,Unknown,,S,,,Ave,S Union Ave,2024/05/12 21:05:27+00,411 S Union Ave Los Angeles 90017,0FA4A489-0BE9-4230-9444-196A679F3EBD_411_S_Union_Ave_Los_Angeles_90017,Union,411 S Union Avenue Ave Los Angeles 90017,,,,
667288,1244035,,5153003014.0,,413.0,1/4,,South,,,Union,Avenue,,,,,,,,,,,,,90017.0,,Los Angeles,Los Angeles,,,,,LA City,{6633A172-CCC9-4BE0-94EB-10A2DDD58352},0,,6633A172-CCC9-4BE0-94EB-10A2DDD58352,Unknown,,S,,,Ave,S Union Ave,2024/05/12 21:05:27+00,413 1/4 S Union Ave Los Angeles 90017,6633A172-CCC9-4BE0-94EB-10A2DDD58352_413_1/4_S_Union_Ave_Los_Angeles_90017,Union,413 1/4 S Union Avenue Ave Los Angeles 90017,,,,
667289,1244036,,5153003014.0,,413.0,3/4,,South,,,Union,Avenue,,,,,,,,,,,,,90017.0,,Los Angeles,Los Angeles,,,,,LA City,{A4566C97-16CB-45BE-AA85-0017D55CEE12},0,,A4566C97-16CB-45BE-AA85-0017D55CEE12,Unknown,,S,,,Ave,S Union Ave,2024/05/12 21:05:27+00,413 3/4 S Union Ave Los Angeles 90017,A4566C97-16CB-45BE-AA85-0017D55CEE12_413_3/4_S_Union_Ave_Los_Angeles_90017,Union,413 3/4 S Union Avenue Ave Los Angeles 90017,,,,
667290,1244037,,5153003014.0,,409.0,1/2,,South,,,Union,Avenue,,,,,,,,,,,,,90017.0,,Los Angeles,Los Angeles,,,,,LA City,{FC5E03B8-51E1-4770-A5FA-AF0251A6652D},0,,FC5E03B8-51E1-4770-A5FA-AF0251A6652D,Unknown,,S,,,Ave,S Union Ave,2024/05/12 21:05:27+00,409 1/2 S Union Ave Los Angeles 90017,FC5E03B8-51E1-4770-A5FA-AF0251A6652D_409_1/2_S_Union_Ave_Los_Angeles_90017,Union,409 1/2 S Union Avenue Ave Los Angeles 90017,,,,
667291,1244038,,5153003014.0,,409.0,3/4,,South,,,Union,Avenue,,,,,,,,,,,,,90017.0,,Los Angeles,Los Angeles,,,,,LA City,{FB99CC4E-C390-4937-A671-884ED945A546},0,,FB99CC4E-C390-4937-A671-884ED945A546,Unknown,,S,,,Ave,S Union Ave,2024/05/12 21:05:27+00,409 3/4 S Union Ave Los Angeles 90017,FB99CC4E-C390-4937-A671-884ED945A546_409_3/4_S_Union_Ave_Los_Angeles_90017,Union,409 3/4 S Union Avenue Ave Los Angeles 90017,,,,
667292,1244039,,5153003015.0,,407.0,1/2,,South,,,Union,Avenue,,,,,,,,,,,,,90017.0,,Los Angeles,Los Angeles,,,,,LA City,{F31AE1C6-8AC0-44EF-8E19-69E061FB410B},0,,F31AE1C6-8AC0-44EF-8E19-69E061FB410B,Unknown,,S,,,Ave,S Union Ave,2024/05/12 21:05:27+00,407 1/2 S Union Ave Los Angeles 90017,F31AE1C6-8AC0-44EF-8E19-69E061FB410B_407_1/2_S_Union_Ave_Los_Angeles_90017,Union,407 1/2 S Union Avenue Ave Los Angeles 90017,,,,
667293,1244040,,5153003015.0,,403.0,3/4,,South,,,Union,Avenue,,,,,,,,,,,,,90017.0,,Los Angeles,Los Angeles,,,,,LA City,{27BF5DCD-DC8B-4062-8113-76F294E473E4},0,,27BF5DCD-DC8B-4062-8113-76F294E473E4,Unknown,,S,,,Ave,S Union Ave,2024/05/12 21:05:27+00,403 3/4 S Union Ave Los Angeles 90017,27BF5DCD-DC8B-4062-8113-76F294E473E4_403_3/4_S_Union_Ave_Los_Angeles_90017,Union,403 3/4 S Union Avenue Ave Los Angeles 90017,,,,
667294,1244041,,5153003015.0,,401.0,,,South,,,Union,Avenue,,,,,,,,,,,,,90017.0,,Los Angeles,Los Angeles,,,,,LA City,{44110740-4E01-4874-8985-182AA3C68E2B},0,,44110740-4E01-4874-8985-182AA3C68E2B,Unknown,,S,,,Ave,S Union Ave,2024/05/12 21:05:27+00,401 S Union Ave Los Angeles 90017,44110740-4E01-4874-8985-182AA3C68E2B_401_S_Union_Ave_Los_Angeles_90017,Union,401 S Union Avenue Ave Los Angeles 90017,,,,
667295,1244042,,5153003015.0,,405.0,,,South,,,Union,Avenue,,,,,,,,,,,,,90017.0,,Los Angeles,Los Angeles,,,,,LA City,{BC4C347D-C2BD-44CC-ADCC-D41CE9F76C79},0,,BC4C347D-C2BD-44CC-ADCC-D41CE9F76C79,Unknown,,S,,,Ave,S Union Ave,2024/05/12 21:05:27+00,405 S Union Ave Los Angeles 90017,BC4C347D-C2BD-44CC-ADCC-D41CE9F76C79_405_S_Union_Ave_Los_Angeles_90017,Union,405 S Union Avenue Ave Los Angeles 90017,,,,
667296,1244043,,5153003015.0,,405.0,1/4,,South,,,Union,Avenue,,,,,,,,,,,,,90017.0,,Los Angeles,Los Angeles,,,,,LA City,{95195895-60BD-4256-9EB0-6730F8194A30},0,,95195895-60BD-4256-9EB0-6730F8194A30,Unknown,,S,,,Ave,S Union Ave,2024/05/12 21:05:27+00,405 1/4 S Union Ave Los Angeles 90017,95195895-60BD-4256-9EB0-6730F8194A30_405_1/4_S_Union_Ave_Los_Angeles_90017,Union,405 1/4 S Union Avenue Ave Los Angeles 90017,,,,
667297,1244044,,5153003015.0,,407.0,3/4,,South,,,Union,Avenue,,,,,,,,,,,,,90017.0,,Los Angeles,Los Angeles,,,,,LA City,{0F9CD951-CAFD-475E-9CBA-45CC97BC3442},0,,0F9CD951-CAFD-475E-9CBA-45CC97BC3442,Unknown,,S,,,Ave,S Union Ave,2024/05/12 21:05:27+00,407 3/4 S Union Ave Los Angeles 90017,0F9CD951-CAFD-475E-9CBA-45CC97BC3442_407_3/4_S_Union_Ave_Los_Angeles_90017,Union,407 3/4 S Union Avenue Ave Los Angeles 90017,,,,
667298,1244045,,5153003015.0,,401.0,1/2,,South,,,Union,Avenue,,,,,,,,,,,,,90017.0,,Los Angeles,Los Angeles,,,,,LA City,{B89F391A-AE71-42C0-9317-3900A87CA2D7},0,,B89F391A-AE71-42C0-9317-3900A87CA2D7,Unknown,,S,,,Ave,S Union Ave,2024/05/12 21:05:27+00,401 1/2 S Union Ave Los Angeles 90017,B89F391A-AE71-42C0-9317-3900A87CA2D7_401_1/2_S_Union_Ave_Los_Angeles_90017,Union,401 1/2 S Union Avenue Ave Los Angeles 90017,,,,
667299,1244046,,5153003015.0,,401.0,3/4,,South,,,Union,Avenue,,,,,,,,,,,,,90017.0,,Los Angeles,Los Angeles,,,,,LA City,{C1AA8CE4-94BF-4FE0-9D66-DD0E9A206905},0,,C1AA8CE4-94BF-4FE0-9D66-DD0E9A206905,Unknown,,S,,,Ave,S Union Ave,2024/05/12 21:05:27+00,401 3/4 S Union Ave Los Angeles 90017,C1AA8CE4-94BF-4FE0-9D66-DD0E9A206905_401_3/4_S_Union_Ave_Los_Angeles_90017,Union,401 3/4 S Union Avenue Ave Los Angeles 90017,,,,
667300,1244047,,5153003015.0,,403.0,,,South,,,Union,Avenue,,,,,,,,,,,,,90017.0,,Los Angeles,Los Angeles,,,,,LA City,{51612822-6D3D-4F71-9B1B-CED4F34C7E5B},0,,51612822-6D3D-4F71-9B1B-CED4F34C7E5B,Unknown,,S,,,Ave,S Union Ave,2024/05/12 21:05:27+00,403 S Union Ave Los Angeles 90017,51612822-6D3D-4F71-9B1B-CED4F34C7E5B_403_S_Union_Ave_Los_Angeles_90017,Union,403 S Union Avenue Ave Los Angeles 90017,,,,
667301,1244048,,5153003015.0,,407.0,1/4,,South,,,Union,Avenue,,,,,,,,,,,,,90017.0,,Los Angeles,Los Angeles,,,,,LA City,{A2AA2027-3656-49A4-AE6B-35EE7CFCC5DF},0,,A2AA2027-3656-49A4-AE6B-35EE7CFCC5DF,Unknown,,S,,,Ave,S Union Ave,2024/05/12 21:05:27+00,407 1/4 S Union Ave Los Angeles 90017,A2AA2027-3656-49A4-AE6B-35EE7CFCC5DF_407_1/4_S_Union_Ave_Los_Angeles_90017,Union,407 1/4 S Union Avenue Ave Los Angeles 90017,,,,
667302,1244049,,5153003015.0,,407.0,,,South,,,Union,Avenue,,,,,,,,,,,,,90017.0,,Los Angeles,Los Angeles,,,,,LA City,{0EC6CCF1-57C8-4717-9FC6-177492D463DF},0,,0EC6CCF1-57C8-4717-9FC6-177492D463DF,Unknown,,S,,,Ave,S Union Ave,2024/05/12 21:05:27+00,407 S Union Ave Los Angeles 90017,0EC6CCF1-57C8-4717-9FC6-177492D463DF_407_S_Union_Ave_Los_Angeles_90017,Union,407 S Union Avenue Ave Los Angeles 90017,,,,
667303,1244050,,5153003015.0,,403.0,1/2,,South,,,Union,Avenue,,,,,,,,,,,,,90017.0,,Los Angeles,Los Angeles,,,,,LA City,{E897DFB9-C9B3-465A-8B5F-058C66815AD7},0,,E897DFB9-C9B3-465A-8B5F-058C66815AD7,Unknown,,S,,,Ave,S Union Ave,2024/05/12 21:05:27+00,403 1/2 S Union Ave Los Angeles 90017,E897DFB9-C9B3-465A-8B5F-058C66815AD7_403_1/2_S_Union_Ave_Los_Angeles_90017,Union,403 1/2 S Union Avenue Ave Los Angeles 90017,,,,
667304,1244051,,5153003015.0,,405.0,1/2,,South,,,Union,Avenue,,,,,,,,,,,,,90017.0,,Los Angeles,Los Angeles,,,,,LA City,{2DD10091-1437-425B-B000-E4661D8809C0},0,,2DD10091-1437-425B-B000-E4661D8809C0,Unknown,,S,,,Ave,S Union Ave,2024/05/12 21:05:27+00,405 1/2 S Union Ave Los Angeles 90017,2DD10091-1437-425B-B000-E4661D8809C0_405_1/2_S_Union_Ave_Los_Angeles_90017,Union,405 1/2 S Union Avenue Ave Los Angeles 90017,,,,
667305,1244052,,5153003015.0,,403.0,1/4,,South,,,Union,Avenue,,,,,,,,,,,,,90017.0,,Los Angeles,Los Angeles,,,,,LA City,{CF8285BB-8669-457A-82D2-024D87365435},0,,CF8285BB-8669-457A-82D2-024D87365435,Unknown,,S,,,Ave,S Union Ave,2024/05/12 21:05:27+00,403 1/4 S Union Ave Los Angeles 90017,CF8285BB-8669-457A-82D2-024D87365435_403_1/4_S_Union_Ave_Los_Angeles_90017,Union,403 1/4 S Union Avenue Ave Los Angeles 90017,,,,
667306,1244053,,5153003015.0,,401.0,1/4,,South,,,Union,Avenue,,,,,,,,,,,,,90017.0,,Los Angeles,Los Angeles,,,,,LA City,{03BFD198-329D-455F-BD61-804FA708FCB4},0,,03BFD198-329D-455F-BD61-804FA708FCB4,Unknown,,S,,,Ave,S Union Ave,2024/05/12 21:05:27+00,401 1/4 S Union Ave Los Angeles 90017,03BFD198-329D-455F-BD61-804FA708FCB4_401_1/4_S_Union_Ave_Los_Angeles_90017,Union,401 1/4 S Union Avenue Ave Los Angeles 90017,,,,
667307,1244054,,5153003015.0,,405.0,3/4,,South,,,Union,Avenue,,,,,,,,,,,,,90017.0,,Los Angeles,Los Angeles,,,,,LA City,{FC80C189-A907-453B-A8E3-DC50F6CB49A5},0,,FC80C189-A907-453B-A8E3-DC50F6CB49A5,Unknown,,S,,,Ave,S Union Ave,2024/05/12 21:05:27+00,405 3/4 S Union Ave Los Angeles 90017,FC80C189-A907-453B-A8E3-DC50F6CB49A5_405_3/4_S_Union_Ave_Los_Angeles_90017,Union,405 3/4 S Union Avenue Ave Los Angeles 90017,,,,
667308,1244055,,5153003021.0,,321.0,,,South,,,Union,Avenue,,,,,,,,,,,,,90017.0,,Los Angeles,Los Angeles,,,,,LA City,{378FB5DA-914A-492C-8AB9-1BA808730F7D},0,,378FB5DA-914A-492C-8AB9-1BA808730F7D,Unknown,,S,,,Ave,S Union Ave,2024/05/12 21:05:27+00,321 S Union Ave Los Angeles 90017,378FB5DA-914A-492C-8AB9-1BA808730F7D_321_S_Union_Ave_Los_Angeles_90017,Union,321 S Union Avenue Ave Los Angeles 90017,,,,
667309,1244056,,5153003021.0,,319.0,,,South,,,Union,Avenue,,,,,,,,,,,,,90017.0,,Los Angeles,Los Angeles,,,,,LA City,{B7DFCBD9-DD51-4AE5-BC1C-7A6C1195C57C},0,,B7DFCBD9-DD51-4AE5-BC1C-7A6C1195C57C,Unknown,,S,,,Ave,S Union Ave,2024/05/12 21:05:27+00,319 S Union Ave Los Angeles 90017,B7DFCBD9-DD51-4AE5-BC1C-7A6C1195C57C_319_S_Union_Ave_Los_Angeles_90017,Union,319 S Union Avenue Ave Los Angeles 90017,,,,
667310,1244057,,5153003021.0,,321.0,1/2,,South,,,Union,Avenue,,,,,,,,,,,,,90017.0,,Los Angeles,Los Angeles,,,,,LA City,{B4240C2C-5C38-4A65-928E-3675611995F4},0,,B4240C2C-5C38-4A65-928E-3675611995F4,Unknown,,S,,,Ave,S Union Ave,2024/05/12 21:05:27+00,321 1/2 S Union Ave Los Angeles 90017,B4240C2C-5C38-4A65-928E-3675611995F4_321_1/2_S_Union_Ave_Los_Angeles_90017,Union,321 1/2 S Union Avenue Ave Los Angeles 90017,,,,
667311,1244058,,5153003021.0,,319.0,1/2,,South,,,Union,Avenue,,,,,,,,,,,,,90017.0,,Los Angeles,Los Angeles,,,,,LA City,{D1D222C3-3AD3-4302-9EE1-9BCEFC787E0D},0,,D1D222C3-3AD3-4302-9EE1-9BCEFC787E0D,Unknown,,S,,,Ave,S Union Ave,2024/05/12 21:05:27+00,319 1/2 S Union Ave Los Angeles 90017,D1D222C3-3AD3-4302-9EE1-9BCEFC787E0D_319_1/2_S_Union_Ave_Los_Angeles_90017,Union,319 1/2 S Union Avenue Ave Los Angeles 90017,,,,
667312,1244059,,5153003022.0,,323.0,,,South,,,Union,Avenue,,,,,,,,,,,,,90017.0,,Los Angeles,Los Angeles,,,,,LA City,{A42A3136-4FF3-412B-A484-3B2BA3DFBD7C},0,,A42A3136-4FF3-412B-A484-3B2BA3DFBD7C,Unknown,,S,,,Ave,S Union Ave,2024/05/12 21:05:27+00,323 S Union Ave Los Angeles 90017,A42A3136-4FF3-412B-A484-3B2BA3DFBD7C_323_S_Union_Ave_Los_Angeles_90017,Union,323 S Union Avenue Ave Los Angeles 90017,,,,
667313,1244060,,5153003022.0,,325.0,1/2,,South,,,Union,Avenue,,,,,,,,,,,,,90017.0,,Los Angeles,Los Angeles,,,,,LA City,{00774DF5-40EC-4737-A454-A09CEF8E4B67},0,,00774DF5-40EC-4737-A454-A09CEF8E4B67,Unknown,,S,,,Ave,S Union Ave,2024/05/12 21:05:27+00,325 1/2 S Union Ave Los Angeles 90017,00774DF5-40EC-4737-A454-A09CEF8E4B67_325_1/2_S_Union_Ave_Los_Angeles_90017,Union,325 1/2 S Union Avenue Ave Los Angeles 90017,,,,
667314,1244061,,5153003022.0,,323.0,1/2,,South,,,Union,Avenue,,,,,,,,,,,,,90017.0,,Los Angeles,Los Angeles,,,,,LA City,{6B16827E-CD56-4DF8-8FE8-9CC859DB81D7},0,,6B16827E-CD56-4DF8-8FE8-9CC859DB81D7,Unknown,,S,,,Ave,S Union Ave,2024/05/12 21:05:27+00,323 1/2 S Union Ave Los Angeles 90017,6B16827E-CD56-4DF8-8FE8-9CC859DB81D7_323_1/2_S_Union_Ave_Los_Angeles_90017,Union,323 1/2 S Union Avenue Ave Los Angeles 90017,,,,
667315,1244062,,5153003022.0,,325.0,,,South,,,Union,Avenue,,,,,,,,,,,,,90017.0,,Los Angeles,Los Angeles,,,,,LA City,{FFCB5AA7-F704-44EC-BE9D-728F08DE0F96},0,,FFCB5AA7-F704-44EC-BE9D-728F08DE0F96,Unknown,,S,,,Ave,S Union Ave,2024/05/12 21:05:27+00,325 S Union Ave Los Angeles 90017,FFCB5AA7-F704-44EC-BE9D-728F08DE0F96_325_S_Union_Ave_Los_Angeles_90017,Union,325 S Union Avenue Ave Los Angeles 90017,,,,
667316,1244063,,5153003023.0,,327.0,,,South,,,Union,Avenue,,,,,,,,,,,,,90017.0,,Los Angeles,Los Angeles,,,,,LA City,{3B4DFB7A-C3D7-4110-9A6C-F3F3945DDF39},0,,3B4DFB7A-C3D7-4110-9A6C-F3F3945DDF39,Unknown,,S,,,Ave,S Union Ave,2023/09/12 23:03:18+00,327 S Union Ave Los Angeles 90017,3B4DFB7A-C3D7-4110-9A6C-F3F3945DDF39_327_S_Union_Ave_Los_Angeles_90017,Union,327 S Union Avenue Ave Los Angeles 90017,,,,
667334,1244081,,5153003036.0,,303.0,,,South,,,Union,Avenue,,,,,,,,,,,,,90017.0,,Los Angeles,Los Angeles,,,,,LA City,{96B016AB-6FCB-4641-819C-BB607930E6A3},0,,96B016AB-6FCB-4641-819C-BB607930E6A3,Unknown,,S,,,Ave,S Union Ave,2023/09/12 23:03:18+00,303 S Union Ave Los Angeles 90017,96B016AB-6FCB-4641-819C-BB607930E6A3_303_S_Union_Ave_Los_Angeles_90017,Union,303 S Union Avenue Ave Los Angeles 90017,,,,
667335,1244082,,5153003037.0,,415.0,,,South,,,Union,Avenue,,,,,,,,,,,,,90017.0,,Los Angeles,Los Angeles,,,,,LA City,{37A6A8C4-2B16-45A4-ACA5-483561FCB20A},0,,37A6A8C4-2B16-45A4-ACA5-483561FCB20A,Unknown,,S,,,Ave,S Union Ave,2023/09/12 23:03:18+00,415 S Union Ave Los Angeles 90017,37A6A8C4-2B16-45A4-ACA5-483561FCB20A_415_S_Union_Ave_Los_Angeles_90017,Union,415 S Union Avenue Ave Los Angeles 90017,,,,
667336,1244083,,5153003037.0,,421.0,,,South,,,Union,Avenue,,,,,,,,,,,,,90017.0,,Los Angeles,Los Angeles,,,,,LA City,{DA6B369E-F7BB-4889-9F8C-FD4C0D9DB6A3},0,,DA6B369E-F7BB-4889-9F8C-FD4C0D9DB6A3,Unknown,,S,,,Ave,S Union Ave,2023/09/12 23:03:18+00,421 S Union Ave Los Angeles 90017,DA6B369E-F7BB-4889-9F8C-FD4C0D9DB6A3_421_S_Union_Ave_Los_Angeles_90017,Union,421 S Union Avenue Ave Los Angeles 90017,,,,
667357,1244104,,5153004007.0,,470.0,,,South,,,Burlington,Avenue,,,,,,,,,,,,,90017.0,,Los Angeles,Los Angeles,,,,,LA City,{9F70AD62-7EFC-4F45-A56A-ACFFC80A4CCF},0,,9F70AD62-7EFC-4F45-A56A-ACFFC80A4CCF,Unknown,,S,,,Ave,S Burlington Ave,2023/09/12 23:03:18+00,470 S Burlington Ave Los Angeles 90017,9F70AD62-7EFC-4F45-A56A-ACFFC80A4CCF_470_S_Burlington_Ave_Los_Angeles_90017,Burlington,470 S Burlington Avenue Ave Los Angeles 90017,,,,
667391,1244138,,5153004013.0,,1715.0,,,West,,,6Th,Street,,,,,,,,,,,,,90017.0,,Los Angeles,Los Angeles,,,,,LA City,{61147F33-4463-44CB-B1C2-EA12510F57FD},0,,61147F33-4463-44CB-B1C2-EA12510F57FD,Unknown,,W,,,St,W 6Th St,2023/09/12 23:03:18+00,1715 W 6Th St Los Angeles 90017,61147F33-4463-44CB-B1C2-EA12510F57FD_1715_W_6Th_St_Los_Angeles_90017,6Th,1715 W 6Th Street St Los Angeles 90017,,,,
667392,1244139,,5153004013.0,,1717.0,1/2,,West,,,6Th,Street,,,,,,,,,,,,,90017.0,,Los Angeles,Los Angeles,,,,,LA City,{829AF43B-8A13-4408-B24F-7C8C2835A1F0},0,,829AF43B-8A13-4408-B24F-7C8C2835A1F0,Unknown,,W,,,St,W 6Th St,2024/05/12 21:05:27+00,1717 1/2 W 6Th St Los Angeles 90017,829AF43B-8A13-4408-B24F-7C8C2835A1F0_1717_1/2_W_6Th_St_Los_Angeles_90017,6Th,1717 1/2 W 6Th Street St Los Angeles 90017,,,,
667393,1244140,,5153004013.0,,1717.0,,,West,,,6Th,Street,,,,,,,,,,,,,90017.0,,Los Angeles,Los Angeles,,,,,LA City,{7945CF9F-047E-418D-A619-70C576D152C3},0,,7945CF9F-047E-418D-A619-70C576D152C3,Unknown,,W,,,St,W 6Th St,2024/05/12 21:05:27+00,1717 W 6Th St Los Angeles 90017,7945CF9F-047E-418D-A619-70C576D152C3_1717_W_6Th_St_Los_Angeles_90017,6Th,1717 W 6Th Street St Los Angeles 90017,,,,
667394,1244141,,5153004015.0,,543.0,,,South,,,Union,Avenue,,,,,,,,,,,,,90017.0,,Los Angeles,Los Angeles,,,,,LA City,{0374E309-4B43-4D75-982B-2212C283E802},0,,0374E309-4B43-4D75-982B-2212C283E802,Unknown,,S,,,Ave,S Union Ave,2023/09/12 23:03:18+00,543 S Union Ave Los Angeles 90017,0374E309-4B43-4D75-982B-2212C283E802_543_S_Union_Ave_Los_Angeles_90017,Union,543 S Union Avenue Ave Los Angeles 90017,,,,
667395,1244142,,5153004015.0,,535.0,,,South,,,Union,Avenue,,,,,,,,,,,,,90017.0,,Los Angeles,Los Angeles,,,,,LA City,{06A0AF98-9701-49E0-96CA-DE49DEDACA74},0,,06A0AF98-9701-49E0-96CA-DE49DEDACA74,Unknown,,S,,,Ave,S Union Ave,2023/09/12 23:03:18+00,535 S Union Ave Los Angeles 90017,06A0AF98-9701-49E0-96CA-DE49DEDACA74_535_S_Union_Ave_Los_Angeles_90017,Union,535 S Union Avenue Ave Los Angeles 90017,,,,
667396,1244143,,5153004015.0,,531.0,,,South,,,Union,Avenue,,,,,,,,,,,,,90017.0,,Los Angeles,Los Angeles,,,,,LA City,{EAC36606-7940-48E1-A90F-A80B330BADC0},0,,EAC36606-7940-48E1-A90F-A80B330BADC0,Unknown,,S,,,Ave,S Union Ave,2023/09/12 23:03:18+00,531 S Union Ave Los Angeles 90017,EAC36606-7940-48E1-A90F-A80B330BADC0_531_S_Union_Ave_Los_Angeles_90017,Union,531 S Union Avenue Ave Los Angeles 90017,,,,
667397,1244144,,5153004015.0,,545.0,,,South,,,Union,Avenue,,,,,,,,,,,,,90017.0,,Los Angeles,Los Angeles,,,,,LA City,{B9B06E49-5C61-49CD-9795-3CC106679F80},0,,B9B06E49-5C61-49CD-9795-3CC106679F80,Unknown,,S,,,Ave,S Union Ave,2023/09/12 23:03:18+00,545 S Union Ave Los Angeles 90017,B9B06E49-5C61-49CD-9795-3CC106679F80_545_S_Union_Ave_Los_Angeles_90017,Union,545 S Union Avenue Ave Los Angeles 90017,,,,
667398,1244145,,5153004015.0,,541.0,,,South,,,Union,Avenue,,,,,,,,,,,,,90017.0,,Los Angeles,Los Angeles,,,,,LA City,{B082AE6F-ED01-4133-9D6F-2475BE1C7FBE},0,,B082AE6F-ED01-4133-9D6F-2475BE1C7FBE,Unknown,,S,,,Ave,S Union Ave,2023/09/12 23:03:18+00,541 S Union Ave Los Angeles 90017,B082AE6F-ED01-4133-9D6F-2475BE1C7FBE_541_S_Union_Ave_Los_Angeles_90017,Union,541 S Union Avenue Ave Los Angeles 90017,,,,
667399,1244146,,5153004015.0,,539.0,,,South,,,Union,Avenue,,,,,,,,,,,,,90017.0,,Los Angeles,Los Angeles,,,,,LA City,{A51C4446-DFC0-4F79-BCAC-0064A7D1DB11},0,,A51C4446-DFC0-4F79-BCAC-0064A7D1DB11,Unknown,,S,,,Ave,S Union Ave,2023/09/12 23:03:18+00,539 S Union Ave Los Angeles 90017,A51C4446-DFC0-4F79-BCAC-0064A7D1DB11_539_S_Union_Ave_Los_Angeles_90017,Union,539 S Union Avenue Ave Los Angeles 90017,,,,
667400,1244147,,5153004015.0,,527.0,,,South,,,Union,Avenue,,,,,,,,,,,,,90017.0,,Los Angeles,Los Angeles,,,,,LA City,{6FE58BD0-6C1F-4AB9-B318-2DF8B16003C3},0,,6FE58BD0-6C1F-4AB9-B318-2DF8B16003C3,Unknown,,S,,,Ave,S Union Ave,2023/09/12 23:03:18+00,527 S Union Ave Los Angeles 90017,6FE58BD0-6C1F-4AB9-B318-2DF8B16003C3_527_S_Union_Ave_Los_Angeles_90017,Union,527 S Union Avenue Ave Los Angeles 90017,,,,
667401,1244148,,5153004015.0,,533.0,,,South,,,Union,Avenue,,,,,,,,,,,,,90017.0,,Los Angeles,Los Angeles,,,,,LA City,{59455924-7651-456A-9ADE-9F47BA9342E7},0,,59455924-7651-456A-9ADE-9F47BA9342E7,Unknown,,S,,,Ave,S Union Ave,2023/09/12 23:03:18+00,533 S Union Ave Los Angeles 90017,59455924-7651-456A-9ADE-9F47BA9342E7_533_S_Union_Ave_Los_Angeles_90017,Union,533 S Union Avenue Ave Los Angeles 90017,,,,
667402,1244149,,5153004015.0,,537.0,,,South,,,Union,Avenue,,,,,,,,,,,,,90017.0,,Los Angeles,Los Angeles,,,,,LA City,{8499070B-3435-4004-BBE0-A93E01B888CC},0,,8499070B-3435-4004-BBE0-A93E01B888CC,Unknown,,S,,,Ave,S Union Ave,2023/09/12 23:03:18+00,537 S Union Ave Los Angeles 90017,8499070B-3435-4004-BBE0-A93E01B888CC_537_S_Union_Ave_Los_Angeles_90017,Union,537 S Union Avenue Ave Los Angeles 90017,,,,
667403,1244150,,5153004015.0,,525.0,,,South,,,Union,Avenue,,,,,,,,,,,,,90017.0,,Los Angeles,Los Angeles,,,,,LA City,{CE35152A-0F39-48F0-8481-81E7904787A7},0,,CE35152A-0F39-48F0-8481-81E7904787A7,Unknown,,S,,,Ave,S Union Ave,2023/09/12 23:03:18+00,525 S Union Ave Los Angeles 90017,CE35152A-0F39-48F0-8481-81E7904787A7_525_S_Union_Ave_Los_Angeles_90017,Union,525 S Union Avenue Ave Los Angeles 90017,,,,
667404,1244151,,5153004015.0,,529.0,,,South,,,Union,Avenue,,,,,,,,,,,,,90017.0,,Los Angeles,Los Angeles,,,,,LA City,{EEF950E8-39C4-441C-BE26-2A20955B8259},0,,EEF950E8-39C4-441C-BE26-2A20955B8259,Unknown,,S,,,Ave,S Union Ave,2023/09/12 23:03:18+00,529 S Union Ave Los Angeles 90017,EEF950E8-39C4-441C-BE26-2A20955B8259_529_S_Union_Ave_Los_Angeles_90017,Union,529 S Union Avenue Ave Los Angeles 90017,,,,
667405,1244152,,5153004016.0,,521.0,,,South,,,Union,Avenue,,,,,,,,,,,,,90017.0,,Los Angeles,Los Angeles,,,,,LA City,{E1EB698E-6560-4D01-B8D4-19F8E5DB717E},0,,E1EB698E-6560-4D01-B8D4-19F8E5DB717E,Unknown,,S,,,Ave,S Union Ave,2023/09/12 23:03:18+00,521 S Union Ave Los Angeles 90017,E1EB698E-6560-4D01-B8D4-19F8E5DB717E_521_S_Union_Ave_Los_Angeles_90017,Union,521 S Union Avenue Ave Los Angeles 90017,,,,
667406,1244153,,5153004017.0,,515.0,3/4,,South,,,Union,Avenue,,,,,,,,,,,,,90017.0,,Los Angeles,Los Angeles,,,,,LA City,{99142794-7B05-4534-9FAF-7CD08CC5EA0A},0,,99142794-7B05-4534-9FAF-7CD08CC5EA0A,Unknown,,S,,,Ave,S Union Ave,2024/05/12 21:05:27+00,515 3/4 S Union Ave Los Angeles 90017,99142794-7B05-4534-9FAF-7CD08CC5EA0A_515_3/4_S_Union_Ave_Los_Angeles_90017,Union,515 3/4 S Union Avenue Ave Los Angeles 90017,,,,
667407,1244154,,5153004017.0,,513.0,3/4,,South,,,Union,Avenue,,,,,,,,,,,,,90017.0,,Los Angeles,Los Angeles,,,,,LA City,{FBE02D63-67B7-44E3-9E50-2D717525A112},0,,FBE02D63-67B7-44E3-9E50-2D717525A112,Unknown,,S,,,Ave,S Union Ave,2024/05/12 21:05:27+00,513 3/4 S Union Ave Los Angeles 90017,FBE02D63-67B7-44E3-9E50-2D717525A112_513_3/4_S_Union_Ave_Los_Angeles_90017,Union,513 3/4 S Union Avenue Ave Los Angeles 90017,,,,
667408,1244155,,5153004017.0,,513.0,1/4,,South,,,Union,Avenue,,,,,,,,,,,,,90017.0,,Los Angeles,Los Angeles,,,,,LA City,{923038F3-A6D3-401B-AA83-30D89CF432A3},0,,923038F3-A6D3-401B-AA83-30D89CF432A3,Unknown,,S,,,Ave,S Union Ave,2024/05/12 21:05:27+00,513 1/4 S Union Ave Los Angeles 90017,923038F3-A6D3-401B-AA83-30D89CF432A3_513_1/4_S_Union_Ave_Los_Angeles_90017,Union,513 1/4 S Union Avenue Ave Los Angeles 90017,,,,
667409,1244156,,5153004017.0,,513.0,1/2,,South,,,Union,Avenue,,,,,,,,,,,,,90017.0,,Los Angeles,Los Angeles,,,,,LA City,{EDD1AF5B-7F29-4343-AFD3-A972B1B4FEA5},0,,EDD1AF5B-7F29-4343-AFD3-A972B1B4FEA5,Unknown,,S,,,Ave,S Union Ave,2024/05/12 21:05:27+00,513 1/2 S Union Ave Los Angeles 90017,EDD1AF5B-7F29-4343-AFD3-A972B1B4FEA5_513_1/2_S_Union_Ave_Los_Angeles_90017,Union,513 1/2 S Union Avenue Ave Los Angeles 90017,,,,
667410,1244157,,5153004017.0,,515.0,1/4,,South,,,Union,Avenue,,,,,,,,,,,,,90017.0,,Los Angeles,Los Angeles,,,,,LA City,{06378C71-1D68-4830-A9B4-949F0C1A603D},0,,06378C71-1D68-4830-A9B4-949F0C1A603D,Unknown,,S,,,Ave,S Union Ave,2024/05/12 21:05:27+00,515 1/4 S Union Ave Los Angeles 90017,06378C71-1D68-4830-A9B4-949F0C1A603D_515_1/4_S_Union_Ave_Los_Angeles_90017,Union,515 1/4 S Union Avenue Ave Los Angeles 90017,,,,
667411,1244158,,5153004017.0,,515.0,1/2,,South,,,Union,Avenue,,,,,,,,,,,,,90017.0,,Los Angeles,Los Angeles,,,,,LA City,{AD7C7458-1C2D-4180-BAEF-23D9764CE897},0,,AD7C7458-1C2D-4180-BAEF-23D9764CE897,Unknown,,S,,,Ave,S Union Ave,2024/05/12 21:05:27+00,515 1/2 S Union Ave Los Angeles 90017,AD7C7458-1C2D-4180-BAEF-23D9764CE897_515_1/2_S_Union_Ave_Los_Angeles_90017,Union,515 1/2 S Union Avenue Ave Los Angeles 90017,,,,
667412,1244159,,5153004017.0,,515.0,,,South,,,Union,Avenue,,,,,,,,,,,,,90017.0,,Los Angeles,Los Angeles,,,,,LA City,{1E156469-DE2D-4ADA-92D3-3C1B292EF8D6},0,,1E156469-DE2D-4ADA-92D3-3C1B292EF8D6,Unknown,,S,,,Ave,S Union Ave,2024/05/12 21:05:27+00,515 S Union Ave Los Angeles 90017,1E156469-DE2D-4ADA-92D3-3C1B292EF8D6_515_S_Union_Ave_Los_Angeles_90017,Union,515 S Union Avenue Ave Los Angeles 90017,,,,
667413,1244160,,5153004017.0,,513.0,,,South,,,Union,Avenue,,,,,,,,,,,,,90017.0,,Los Angeles,Los Angeles,,,,,LA City,{1FD87C76-FAFE-459B-B14A-DA08715A8347},0,,1FD87C76-FAFE-459B-B14A-DA08715A8347,Unknown,,S,,,Ave,S Union Ave,2024/05/12 21:05:27+00,513 S Union Ave Los Angeles 90017,1FD87C76-FAFE-459B-B14A-DA08715A8347_513_S_Union_Ave_Los_Angeles_90017,Union,513 S Union Avenue Ave Los Angeles 90017,,,,
667414,1244161,,5153004017.0,,517.0,1/4,,South,,,Union,Avenue,,,,,,,,,,,,,90017.0,,Los Angeles,Los Angeles,,,,,LA City,{987BD71A-B4D7-4B40-897C-08D6D3E4F194},0,,987BD71A-B4D7-4B40-897C-08D6D3E4F194,Unknown,,S,,,Ave,S Union Ave,2024/05/12 21:05:27+00,517 1/4 S Union Ave Los Angeles 90017,987BD71A-B4D7-4B40-897C-08D6D3E4F194_517_1/4_S_Union_Ave_Los_Angeles_90017,Union,517 1/4 S Union Avenue Ave Los Angeles 90017,,,,
667415,1244162,,5153004017.0,,517.0,3/4,,South,,,Union,Avenue,,,,,,,,,,,,,90017.0,,Los Angeles,Los Angeles,,,,,LA City,{F598439A-7D69-4C3D-8B4B-A5542162E095},0,,F598439A-7D69-4C3D-8B4B-A5542162E095,Unknown,,S,,,Ave,S Union Ave,2024/05/12 21:05:27+00,517 3/4 S Union Ave Los Angeles 90017,F598439A-7D69-4C3D-8B4B-A5542162E095_517_3/4_S_Union_Ave_Los_Angeles_90017,Union,517 3/4 S Union Avenue Ave Los Angeles 90017,,,,
667416,1244163,,5153004017.0,,517.0,,,South,,,Union,Avenue,,,,,,,,,,,,,90017.0,,Los Angeles,Los Angeles,,,,,LA City,{8E1A7455-D4CE-4825-9200-4AA9991D604C},0,,8E1A7455-D4CE-4825-9200-4AA9991D604C,Unknown,,S,,,Ave,S Union Ave,2024/05/12 21:05:27+00,517 S Union Ave Los Angeles 90017,8E1A7455-D4CE-4825-9200-4AA9991D604C_517_S_Union_Ave_Los_Angeles_90017,Union,517 S Union Avenue Ave Los Angeles 90017,,,,
667417,1244164,,5153004017.0,,517.0,1/2,,South,,,Union,Avenue,,,,,,,,,,,,,90017.0,,Los Angeles,Los Angeles,,,,,LA City,{B800880F-B3FE-47D8-B68D-628B61E3CF10},0,,B800880F-B3FE-47D8-B68D-628B61E3CF10,Unknown,,S,,,Ave,S Union Ave,2024/05/12 21:05:27+00,517 1/2 S Union Ave Los Angeles 90017,B800880F-B3FE-47D8-B68D-628B61E3CF10_517_1/2_S_Union_Ave_Los_Angeles_90017,Union,517 1/2 S Union Avenue Ave Los Angeles 90017,,,,
667418,1244165,,5153004018.0,,511.0,,,South,,,Union,Avenue,,,,,,,,,,,,,90017.0,,Los Angeles,Los Angeles,,,,,LA City,{9C9FCE15-1897-4FD6-A30B-3E5A2B5285DD},0,,9C9FCE15-1897-4FD6-A30B-3E5A2B5285DD,Unknown,,S,,,Ave,S Union Ave,2023/09/12 23:03:18+00,511 S Union Ave Los Angeles 90017,9C9FCE15-1897-4FD6-A30B-3E5A2B5285DD_511_S_Union_Ave_Los_Angeles_90017,Union,511 S Union Avenue Ave Los Angeles 90017,,,,
667419,1244166,,5153004024.0,,1709.0,,,West,,,6Th,Street,,,,,,,,,,,,,90017.0,,Los Angeles,Los Angeles,,,,,LA City,{294733E7-89D5-45E0-9852-9F311C6B8181},0,,294733E7-89D5-45E0-9852-9F311C6B8181,Unknown,,W,,,St,W 6Th St,2023/09/12 23:03:18+00,1709 W 6Th St Los Angeles 90017,294733E7-89D5-45E0-9852-9F311C6B8181_1709_W_6Th_St_Los_Angeles_90017,6Th,1709 W 6Th Street St Los Angeles 90017,,,,
667420,1244167,,5153004024.0,,550.0,,,South,,,Union,Avenue,,,,,,,,,,,,,90017.0,,Los Angeles,Los Angeles,,,,,LA City,{CD936E5D-7098-44EB-B470-567C9CBCF3C6},0,,CD936E5D-7098-44EB-B470-567C9CBCF3C6,Unknown,,S,,,Ave,S Union Ave,2023/09/12 23:03:18+00,550 S Union Ave Los Angeles 90017,CD936E5D-7098-44EB-B470-567C9CBCF3C6_550_S_Union_Ave_Los_Angeles_90017,Union,550 S Union Avenue Ave Los Angeles 90017,,,,
667421,1244168,,5153004024.0,,1701.0,,,West,,,6Th,Street,,,,,,,,,,,,,90017.0,,Los Angeles,Los Angeles,,,,,LA City,{56394111-8E79-4569-9FD4-56A9E54D3E66},0,,56394111-8E79-4569-9FD4-56A9E54D3E66,Unknown,,W,,,St,W 6Th St,2023/09/12 23:03:18+00,1701 W 6Th St Los Angeles 90017,56394111-8E79-4569-9FD4-56A9E54D3E66_1701_W_6Th_St_Los_Angeles_90017,6Th,1701 W 6Th Street St Los Angeles 90017,,,,
667422,1244169,,5153004027.0,,1735.0,,,West,,,6Th,Street,,,,,,,,,,,,,90017.0,,Los Angeles,Los Angeles,,,,,LA City,{82EAE7F8-91F5-4AE9-8CC6-EF5588A01C34},0,,82EAE7F8-91F5-4AE9-8CC6-EF5588A01C34,Unknown,,W,,,St,W 6Th St,2023/09/12 23:03:18+00,1735 W 6Th St Los Angeles 90017,82EAE7F8-91F5-4AE9-8CC6-EF5588A01C34_1735_W_6Th_St_Los_Angeles_90017,6Th,1735 W 6Th Street St Los Angeles 90017,,,,
667423,1244170,,5153004028.0,,1725.0,,,West,,,6Th,Street,,,,,,,,,,,,,90017.0,,Los Angeles,Los Angeles,,,,,LA City,{04634C80-A7EF-4121-ABDA-43BD06CC249A},0,,04634C80-A7EF-4121-ABDA-43BD06CC249A,Unknown,,W,,,St,W 6Th St,2023/09/12 23:03:18+00,1725 W 6Th St Los Angeles 90017,04634C80-A7EF-4121-ABDA-43BD06CC249A_1725_W_6Th_St_Los_Angeles_90017,6Th,1725 W 6Th Street St Los Angeles 90017,,,,
667424,1244171,,5153004029.0,,455.0,,,South,,,Union,Avenue,,,,,,,,,,,,,90017.0,,Los Angeles,Los Angeles,,,,,LA City,{4955723C-92BD-4038-BA43-EC8343725778},0,,4955723C-92BD-4038-BA43-EC8343725778,Unknown,,S,,,Ave,S Union Ave,2023/09/12 23:03:18+00,455 S Union Ave Los Angeles 90017,4955723C-92BD-4038-BA43-EC8343725778_455_S_Union_Ave_Los_Angeles_90017,Union,455 S Union Avenue Ave Los Angeles 90017,,,,
667425,1244172,,5153004029.0,,501.0,,,South,,,Union,Avenue,,,,,,,,,,,,,90017.0,,Los Angeles,Los Angeles,,,,,LA City,{965D2B99-BCAB-4675-8861-13331DD1661C},0,,965D2B99-BCAB-4675-8861-13331DD1661C,Unknown,,S,,,Ave,S Union Ave,2024/05/12 21:05:27+00,501 S Union Ave Los Angeles 90017,965D2B99-BCAB-4675-8861-13331DD1661C_501_S_Union_Ave_Los_Angeles_90017,Union,501 S Union Avenue Ave Los Angeles 90017,,,,
667426,1244173,,5153004029.0,,501.0,1/2,,South,,,Union,Avenue,,,,,,,,,,,,,90017.0,,Los Angeles,Los Angeles,,,,,LA City,{78D5F7F7-F2E6-435D-BB0A-C97F9E76A0A7},0,,78D5F7F7-F2E6-435D-BB0A-C97F9E76A0A7,Unknown,,S,,,Ave,S Union Ave,2024/05/12 21:05:27+00,501 1/2 S Union Ave Los Angeles 90017,78D5F7F7-F2E6-435D-BB0A-C97F9E76A0A7_501_1/2_S_Union_Ave_Los_Angeles_90017,Union,501 1/2 S Union Avenue Ave Los Angeles 90017,,,,
667427,1244174,,5153005001.0,,1625.0,,,West,,,6Th,Street,,,,,,,,,,,,,90017.0,,Los Angeles,Los Angeles,,,,,LA City,{E04FD6DF-3C50-459B-AD8A-61D5FF6B51B5},0,,E04FD6DF-3C50-459B-AD8A-61D5FF6B51B5,Unknown,,W,,,St,W 6Th St,2023/09/12 23:03:18+00,1625 W 6Th St Los Angeles 90017,E04FD6DF-3C50-459B-AD8A-61D5FF6B51B5_1625_W_6Th_St_Los_Angeles_90017,6Th,1625 W 6Th Street St Los Angeles 90017,,,,
667428,1244175,,5153005001.0,,1629.0,,,West,,,6Th,Street,,,,,,,,,,,,,90017.0,,Los Angeles,Los Angeles,,,,,LA City,{43035D3A-038E-430B-A42B-CBC1424D1590},0,,43035D3A-038E-430B-A42B-CBC1424D1590,Unknown,,W,,,St,W 6Th St,2023/09/12 23:03:18+00,1629 W 6Th St Los Angeles 90017,43035D3A-038E-430B-A42B-CBC1424D1590_1629_W_6Th_St_Los_Angeles_90017,6Th,1629 W 6Th Street St Los Angeles 90017,,,,
667429,1244176,,5153005001.0,,634.0,,,South,,,Union,Avenue,,,,,,,,,,,,,90017.0,,Los Angeles,Los Angeles,,,,,LA City,{79840724-370A-4A3D-9963-ECE1E5218A37},0,,79840724-370A-4A3D-9963-ECE1E5218A37,Unknown,,S,,,Ave,S Union Ave,2023/09/12 23:03:18+00,634 S Union Ave Los Angeles 90017,79840724-370A-4A3D-9963-ECE1E5218A37_634_S_Union_Ave_Los_Angeles_90017,Union,634 S Union Avenue Ave Los Angeles 90017,,,,
667430,1244177,,5153005001.0,,1627.0,,,West,,,6Th,Street,,,,,,,,,,,,,90017.0,,Los Angeles,Los Angeles,,,,,LA City,{91520749-A714-48F9-B5EF-8094E54297EF},0,,91520749-A714-48F9-B5EF-8094E54297EF,Unknown,,W,,,St,W 6Th St,2023/09/12 23:03:18+00,1627 W 6Th St Los Angeles 90017,91520749-A714-48F9-B5EF-8094E54297EF_1627_W_6Th_St_Los_Angeles_90017,6Th,1627 W 6Th Street St Los Angeles 90017,,,,
667431,1244178,,5153005001.0,,1623.0,,,West,,,6Th,Street,,,,,,,,,,,,,90017.0,,Los Angeles,Los Angeles,,,,,LA City,{D81025A4-8CD9-4AD2-8512-C263C41E1A5D},0,,D81025A4-8CD9-4AD2-8512-C263C41E1A5D,Unknown,,W,,,St,W 6Th St,2023/09/12 23:03:18+00,1623 W 6Th St Los Angeles 90017,D81025A4-8CD9-4AD2-8512-C263C41E1A5D_1623_W_6Th_St_Los_Angeles_90017,6Th,1623 W 6Th Street St Los Angeles 90017,,,,
667432,1244179,,5153005001.0,,1619.0,,,West,,,6Th,Street,,,,,,,,,,,,,90017.0,,Los Angeles,Los Angeles,,,,,LA City,{23882EDD-C1C3-48EA-B067-7FC7476BB670},0,,23882EDD-C1C3-48EA-B067-7FC7476BB670,Unknown,,W,,,St,W 6Th St,2023/09/12 23:03:18+00,1619 W 6Th St Los Angeles 90017,23882EDD-C1C3-48EA-B067-7FC7476BB670_1619_W_6Th_St_Los_Angeles_90017,6Th,1619 W 6Th Street St Los Angeles 90017,,,,
667433,1244180,,5153005002.0,,1609.0,,,West,,,6Th,Street,,,,,,,,,,,,,90017.0,,Los Angeles,Los Angeles,,,,,LA City,{320AD71C-015F-456B-911B-642E9CB88CA2},0,,320AD71C-015F-456B-911B-642E9CB88CA2,Unknown,,W,,,St,W 6Th St,2023/09/12 23:03:18+00,1609 W 6Th St Los Angeles 90017,320AD71C-015F-456B-911B-642E9CB88CA2_1609_W_6Th_St_Los_Angeles_90017,6Th,1609 W 6Th Street St Los Angeles 90017,,,,
667434,1244181,,5153005002.0,,1603.0,,,West,,,6Th,Street,,,,,,,,,,,,,90017.0,,Los Angeles,Los Angeles,,,,,LA City,{C7BF20E9-B612-4839-92BD-63BF7469CA90},0,,C7BF20E9-B612-4839-92BD-63BF7469CA90,Unknown,,W,,,St,W 6Th St,2023/09/12 23:03:18+00,1603 W 6Th St Los Angeles 90017,C7BF20E9-B612-4839-92BD-63BF7469CA90_1603_W_6Th_St_Los_Angeles_90017,6Th,1603 W 6Th Street St Los Angeles 90017,,,,
667435,1244182,,5153005002.0,,1605.0,,,West,,,6Th,Street,,,,,,,,,,,,,90017.0,,Los Angeles,Los Angeles,,,,,LA City,{5A91B03A-D4D9-4AE1-B0FA-1B7B4B6D4DD3},0,,5A91B03A-D4D9-4AE1-B0FA-1B7B4B6D4DD3,Unknown,,W,,,St,W 6Th St,2023/09/12 23:03:18+00,1605 W 6Th St Los Angeles 90017,5A91B03A-D4D9-4AE1-B0FA-1B7B4B6D4DD3_1605_W_6Th_St_Los_Angeles_90017,6Th,1605 W 6Th Street St Los Angeles 90017,,,,
667436,1244183,,5153005002.0,,1607.0,,,West,,,6Th,Street,,,,,,,,,,,,,90017.0,,Los Angeles,Los Angeles,,,,,LA City,{488A27C8-4776-4C3A-9853-3A0039256D22},0,,488A27C8-4776-4C3A-9853-3A0039256D22,Unknown,,W,,,St,W 6Th St,2023/09/12 23:03:18+00,1607 W 6Th St Los Angeles 90017,488A27C8-4776-4C3A-9853-3A0039256D22_1607_W_6Th_St_Los_Angeles_90017,6Th,1607 W 6Th Street St Los Angeles 90017,,,,
667437,1244184,,5153005002.0,,1601.0,,,West,,,6Th,Street,,,,,,,,,,,,,90017.0,,Los Angeles,Los Angeles,,,,,LA City,{942BDB94-F35F-46CD-A363-8C46263442F7},0,,942BDB94-F35F-46CD-A363-8C46263442F7,Unknown,,W,,,St,W 6Th St,2023/09/12 23:03:18+00,1601 W 6Th St Los Angeles 90017,942BDB94-F35F-46CD-A363-8C46263442F7_1601_W_6Th_St_Los_Angeles_90017,6Th,1601 W 6Th Street St Los Angeles 90017,,,,
667438,1244185,,5153005003.0,,1611.0,,,West,,,6Th,Street,,,,,,,,,,,,,90017.0,,Los Angeles,Los Angeles,,,,,LA City,{06EE0BE8-78BD-4ABC-9BE7-CB66509733B9},0,,06EE0BE8-78BD-4ABC-9BE7-CB66509733B9,Unknown,,W,,,St,W 6Th St,2023/09/12 23:03:18+00,1611 W 6Th St Los Angeles 90017,06EE0BE8-78BD-4ABC-9BE7-CB66509733B9_1611_W_6Th_St_Los_Angeles_90017,6Th,1611 W 6Th Street St Los Angeles 90017,,,,
667439,1244186,,5153005003.0,,1615.0,,,West,,,6Th,Street,,,,,,,,,,,,,90017.0,,Los Angeles,Los Angeles,,,,,LA City,{7457C267-3151-44BC-9CC2-25C8E46E8E00},0,,7457C267-3151-44BC-9CC2-25C8E46E8E00,Unknown,,W,,,St,W 6Th St,2023/09/12 23:03:18+00,1615 W 6Th St Los Angeles 90017,7457C267-3151-44BC-9CC2-25C8E46E8E00_1615_W_6Th_St_Los_Angeles_90017,6Th,1615 W 6Th Street St Los Angeles 90017,,,,
667440,1244187,,5153005003.0,,1613.0,,,West,,,6th,Street,,,,,,,,,,,,,90017.0,,Los Angeles,Los Angeles,,,,,Assessor,{C4D9B937-E573-4A2B-B7AA-6A8D57F21B96},0,,C4D9B937-E573-4A2B-B7AA-6A8D57F21B96,Unknown,,W,,,St,W 6th St,2024/04/27 17:13:09+00,1613 W 6th St Los Angeles 90017,C4D9B937-E573-4A2B-B7AA-6A8D57F21B96_1613_W_6th_St_Los_Angeles_90017,6th,1613 W 6th Street St Los Angeles 90017,,,,
667441,1244188,,5153005004.0,,527.0,,,South,,,Union,Drive,,,,,,,,,,,,,90017.0,,Los Angeles,Los Angeles,,,,,LA City,{4825E28F-AC7E-4531-BF86-CD8CF190E1E3},0,,4825E28F-AC7E-4531-BF86-CD8CF190E1E3,Unknown,,S,,,Dr,S Union Dr,2023/09/12 23:03:18+00,527 S Union Dr Los Angeles 90017,4825E28F-AC7E-4531-BF86-CD8CF190E1E3_527_S_Union_Dr_Los_Angeles_90017,Union,527 S Union Drive Dr Los Angeles 90017,,,,
667442,1244189,,5153005005.0,,521.0,,,South,,,Union,Drive,,,,,,,,,,,,,90017.0,,Los Angeles,Los Angeles,,,,,LA City,{4C3DD544-911C-4380-8BB7-6C203E9C6FD4},0,,4C3DD544-911C-4380-8BB7-6C203E9C6FD4,Unknown,,S,,,Dr,S Union Dr,2023/09/12 23:03:18+00,521 S Union Dr Los Angeles 90017,4C3DD544-911C-4380-8BB7-6C203E9C6FD4_521_S_Union_Dr_Los_Angeles_90017,Union,521 S Union Drive Dr Los Angeles 90017,,,,
667443,1244190,,5153005006.0,,515.0,,,South,,,Union,Drive,,,,,,,,,,,,,90017.0,,Los Angeles,Los Angeles,,,,,LA City,{D2B4B40D-ED7B-4E93-B3FF-DAB034B3C2F5},0,,D2B4B40D-ED7B-4E93-B3FF-DAB034B3C2F5,Unknown,,S,,,Dr,S Union Dr,2023/09/12 23:03:18+00,515 S Union Dr Los Angeles 90017,D2B4B40D-ED7B-4E93-B3FF-DAB034B3C2F5_515_S_Union_Dr_Los_Angeles_90017,Union,515 S Union Drive Dr Los Angeles 90017,,,,
667444,1244191,,5153005007.0,,509.0,,,South,,,Union,Drive,,,,,,,,,,,,,90017.0,,Los Angeles,Los Angeles,,,,,LA City,{B80D0B86-134B-40FF-8EA6-13EB8725ED10},0,,B80D0B86-134B-40FF-8EA6-13EB8725ED10,Unknown,,S,,,Dr,S Union Dr,2023/09/12 23:03:18+00,509 S Union Dr Los Angeles 90017,B80D0B86-134B-40FF-8EA6-13EB8725ED10_509_S_Union_Dr_Los_Angeles_90017,Union,509 S Union Drive Dr Los Angeles 90017,,,,
667445,1244192,,5153005008.0,,503.0,,,South,,,Union,Drive,,,,,,,,,,,,,90017.0,,Los Angeles,Los Angeles,,,,,LA City,{A28E02DF-AE62-46E1-9D99-43462E7EE07D},0,,A28E02DF-AE62-46E1-9D99-43462E7EE07D,Unknown,,S,,,Dr,S Union Dr,2023/09/12 23:03:18+00,503 S Union Dr Los Angeles 90017,A28E02DF-AE62-46E1-9D99-43462E7EE07D_503_S_Union_Dr_Los_Angeles_90017,Union,503 S Union Drive Dr Los Angeles 90017,,,,
667446,1244193,,5153005009.0,,439.0,,,South,,,Union,Drive,,,,,,,,,,,,,90017.0,,Los Angeles,Los Angeles,,,,,LA City,{239114B3-BEE5-4812-BEB8-ADCE9C5D06D1},0,,239114B3-BEE5-4812-BEB8-ADCE9C5D06D1,Unknown,,S,,,Dr,S Union Dr,2023/09/12 23:03:18+00,439 S Union Dr Los Angeles 90017,239114B3-BEE5-4812-BEB8-ADCE9C5D06D1_439_S_Union_Dr_Los_Angeles_90017,Union,439 S Union Drive Dr Los Angeles 90017,,,,
667447,1244194,,5153005009.0,,441.0,,,South,,,Union,Drive,,,,,,,,,,,,,90017.0,,Los Angeles,Los Angeles,,,,,LA City,{F271C2B3-88FD-46F4-A1B7-DD8A679F7753},0,,F271C2B3-88FD-46F4-A1B7-DD8A679F7753,Unknown,,S,,,Dr,S Union Dr,2023/09/12 23:03:18+00,441 S Union Dr Los Angeles 90017,F271C2B3-88FD-46F4-A1B7-DD8A679F7753_441_S_Union_Dr_Los_Angeles_90017,Union,441 S Union Drive Dr Los Angeles 90017,,,,
667448,1244195,,5153005010.0,,433.0,,,South,,,Union,Drive,,,,,,,,,,,,,90017.0,,Los Angeles,Los Angeles,,,,,LA City,{FD26245E-C695-41BA-9915-7B5807D1EBCC},0,,FD26245E-C695-41BA-9915-7B5807D1EBCC,Unknown,,S,,,Dr,S Union Dr,2023/09/12 23:03:18+00,433 S Union Dr Los Angeles 90017,FD26245E-C695-41BA-9915-7B5807D1EBCC_433_S_Union_Dr_Los_Angeles_90017,Union,433 S Union Drive Dr Los Angeles 90017,,,,
667449,1244196,,5153005011.0,,427.0,,,South,,,Union,Drive,,,,,,,,,,,,,90017.0,,Los Angeles,Los Angeles,,,,,LA City,{8102B977-AF9A-42DB-8D71-E6CEA40CFCA3},0,,8102B977-AF9A-42DB-8D71-E6CEA40CFCA3,Unknown,,S,,,Dr,S Union Dr,2023/09/12 23:03:18+00,427 S Union Dr Los Angeles 90017,8102B977-AF9A-42DB-8D71-E6CEA40CFCA3_427_S_Union_Dr_Los_Angeles_90017,Union,427 S Union Drive Dr Los Angeles 90017,,,,
667450,1244197,,5153005012.0,,421.0,,,South,,,Union,Drive,,,,,,,,,,,,,90017.0,,Los Angeles,Los Angeles,,,,,LA City,{2D95FEA4-2E48-4557-93FB-7217CD5751F7},0,,2D95FEA4-2E48-4557-93FB-7217CD5751F7,Unknown,,S,,,Dr,S Union Dr,2023/09/12 23:03:18+00,421 S Union Dr Los Angeles 90017,2D95FEA4-2E48-4557-93FB-7217CD5751F7_421_S_Union_Dr_Los_Angeles_90017,Union,421 S Union Drive Dr Los Angeles 90017,,,,
667451,1244198,,5153005013.0,,415.0,,,South,,,Union,Drive,,,,,,,,,,,,,90017.0,,Los Angeles,Los Angeles,,,,,LA City,{4EFF75CF-FC33-4F3A-B452-F1BC8DBA8C28},0,,4EFF75CF-FC33-4F3A-B452-F1BC8DBA8C28,Unknown,,S,,,Dr,S Union Dr,2023/09/12 23:03:18+00,415 S Union Dr Los Angeles 90017,4EFF75CF-FC33-4F3A-B452-F1BC8DBA8C28_415_S_Union_Dr_Los_Angeles_90017,Union,415 S Union Drive Dr Los Angeles 90017,,,,
667452,1244199,,5153005014.0,,401.0,,,South,,,Union,Drive,,,,,,,,,,,,,90017.0,,Los Angeles,Los Angeles,,,,,LA City,{5BEDBA19-AAFD-4598-A7D7-A211D0791527},0,,5BEDBA19-AAFD-4598-A7D7-A211D0791527,Unknown,,S,,,Dr,S Union Dr,2023/09/12 23:03:18+00,401 S Union Dr Los Angeles 90017,5BEDBA19-AAFD-4598-A7D7-A211D0791527_401_S_Union_Dr_Los_Angeles_90017,Union,401 S Union Drive Dr Los Angeles 90017,,,,
667453,1244200,,5153005014.0,,407.0,,,South,,,Union,Drive,,,,,,,,,,,,,90017.0,,Los Angeles,Los Angeles,,,,,LA City,{ED7B1AFC-97D7-4BE6-8CEF-EA9FF510088F},0,,ED7B1AFC-97D7-4BE6-8CEF-EA9FF510088F,Unknown,,S,,,Dr,S Union Dr,2023/09/12 23:03:18+00,407 S Union Dr Los Angeles 90017,ED7B1AFC-97D7-4BE6-8CEF-EA9FF510088F_407_S_Union_Dr_Los_Angeles_90017,Union,407 S Union Drive Dr Los Angeles 90017,,,,
667454,1244201,,5153005015.0,,400.0,,,South,,,Union,Avenue,,,,,,,,,,,,,90017.0,,Los Angeles,Los Angeles,,,,,LA City,{AC3A5144-562D-4A87-92B0-EB05515E7900},0,,AC3A5144-562D-4A87-92B0-EB05515E7900,Unknown,,S,,,Ave,S Union Ave,2023/09/12 23:03:18+00,400 S Union Ave Los Angeles 90017,AC3A5144-562D-4A87-92B0-EB05515E7900_400_S_Union_Ave_Los_Angeles_90017,Union,400 S Union Avenue Ave Los Angeles 90017,,,,
667455,1244202,,5153005015.0,,1618.0,,,West,,,4Th,Street,,,,,,,,,,,,1-11,90017.0,,Los Angeles,Los Angeles,,,,,LA City,{E9697F51-30EC-4EFB-983C-DED5C273B478},0,,E9697F51-30EC-4EFB-983C-DED5C273B478,Unknown,,W,,,St,W 4Th St,2023/09/12 23:03:18+00,1618 W 4Th St 1-11 Los Angeles 90017,E9697F51-30EC-4EFB-983C-DED5C273B478_1618_W_4Th_St_1-11_Los_Angeles_90017,4Th,1618 W 4Th Street St 1-11 Los Angeles 90017,,,,
667456,1244203,,5153005015.0,,402.0,,,South,,,Union,Avenue,,,,,,,,,,,,,90017.0,,Los Angeles,Los Angeles,,,,,LA City,{3B2BD537-11E0-42EA-8597-90A38838705D},0,,3B2BD537-11E0-42EA-8597-90A38838705D,Unknown,,S,,,Ave,S Union Ave,2023/09/12 23:03:18+00,402 S Union Ave Los Angeles 90017,3B2BD537-11E0-42EA-8597-90A38838705D_402_S_Union_Ave_Los_Angeles_90017,Union,402 S Union Avenue Ave Los Angeles 90017,,,,
667457,1244204,,5153005015.0,,404.0,1/2,,South,,,Union,Avenue,,,,,,,,,,,,,90017.0,,Los Angeles,Los Angeles,,,,,LA City,{1586D24E-5B7D-4DC9-B025-48DCC33E6686},0,,1586D24E-5B7D-4DC9-B025-48DCC33E6686,Unknown,,S,,,Ave,S Union Ave,2024/05/12 21:05:27+00,404 1/2 S Union Ave Los Angeles 90017,1586D24E-5B7D-4DC9-B025-48DCC33E6686_404_1/2_S_Union_Ave_Los_Angeles_90017,Union,404 1/2 S Union Avenue Ave Los Angeles 90017,,,,
667458,1244205,,5153005015.0,,404.0,,,South,,,Union,Avenue,,,,,,,,,,,,,90017.0,,Los Angeles,Los Angeles,,,,,LA City,{2AEA5CED-46C6-4481-8BD8-4FEC0CDBB2F8},0,,2AEA5CED-46C6-4481-8BD8-4FEC0CDBB2F8,Unknown,,S,,,Ave,S Union Ave,2024/05/12 21:05:27+00,404 S Union Ave Los Angeles 90017,2AEA5CED-46C6-4481-8BD8-4FEC0CDBB2F8_404_S_Union_Ave_Los_Angeles_90017,Union,404 S Union Avenue Ave Los Angeles 90017,,,,
667459,1244206,,5153005016.0,,416.0,,,South,,,Union,Avenue,,,,,,,,,,,,,90017.0,,Los Angeles,Los Angeles,,,,,LA City,{8CD106DB-6E53-46A9-9CDC-5DCDE6162CF7},0,,8CD106DB-6E53-46A9-9CDC-5DCDE6162CF7,Unknown,,S,,,Ave,S Union Ave,2023/09/12 23:03:18+00,416 S Union Ave Los Angeles 90017,8CD106DB-6E53-46A9-9CDC-5DCDE6162CF7_416_S_Union_Ave_Los_Angeles_90017,Union,416 S Union Avenue Ave Los Angeles 90017,,,,
667460,1244207,,5153005016.0,,410.0,,,South,,,Union,Avenue,,,,,,,,,,,,,90017.0,,Los Angeles,Los Angeles,,,,,LA City,{DC745110-35F7-4B6D-AFA1-0228A13F2EAB},0,,DC745110-35F7-4B6D-AFA1-0228A13F2EAB,Unknown,,S,,,Ave,S Union Ave,2023/09/12 23:03:18+00,410 S Union Ave Los Angeles 90017,DC745110-35F7-4B6D-AFA1-0228A13F2EAB_410_S_Union_Ave_Los_Angeles_90017,Union,410 S Union Avenue Ave Los Angeles 90017,,,,
667461,1244208,,5153005017.0,,420.0,,,South,,,Union,Avenue,,,,,,,,,,,,,90017.0,,Los Angeles,Los Angeles,,,,,LA City,{73695FDD-3312-4FA2-AA4B-BDF0B4F39342},0,,73695FDD-3312-4FA2-AA4B-BDF0B4F39342,Unknown,,S,,,Ave,S Union Ave,2023/09/12 23:03:18+00,420 S Union Ave Los Angeles 90017,73695FDD-3312-4FA2-AA4B-BDF0B4F39342_420_S_Union_Ave_Los_Angeles_90017,Union,420 S Union Avenue Ave Los Angeles 90017,,,,
667462,1244209,,5153005018.0,,424.0,,,South,,,Union,Avenue,,,,,,,,,,,,,90017.0,,Los Angeles,Los Angeles,,,,,LA City,{6082DDA4-E9FC-4330-88DC-C2DE5EDEAC81},0,,6082DDA4-E9FC-4330-88DC-C2DE5EDEAC81,Unknown,,S,,,Ave,S Union Ave,2023/09/12 23:03:18+00,424 S Union Ave Los Angeles 90017,6082DDA4-E9FC-4330-88DC-C2DE5EDEAC81_424_S_Union_Ave_Los_Angeles_90017,Union,424 S Union Avenue Ave Los Angeles 90017,,,,
667463,1244210,,5153005018.0,,426.0,,,South,,,Union,Avenue,,,,,,,,,,,,,90017.0,,Los Angeles,Los Angeles,,,,,LA City,{39D93789-6493-497C-A163-906C25039688},0,,39D93789-6493-497C-A163-906C25039688,Unknown,,S,,,Ave,S Union Ave,2023/09/12 23:03:18+00,426 S Union Ave Los Angeles 90017,39D93789-6493-497C-A163-906C25039688_426_S_Union_Ave_Los_Angeles_90017,Union,426 S Union Avenue Ave Los Angeles 90017,,,,
667464,1244211,,5153005019.0,,430.0,,,South,,,Union,Avenue,,,,,,,,,,,,,90017.0,,Los Angeles,Los Angeles,,,,,LA City,{A278AB03-20E7-41A4-BC95-9E105F9BD92B},0,,A278AB03-20E7-41A4-BC95-9E105F9BD92B,Unknown,,S,,,Ave,S Union Ave,2023/09/12 23:03:18+00,430 S Union Ave Los Angeles 90017,A278AB03-20E7-41A4-BC95-9E105F9BD92B_430_S_Union_Ave_Los_Angeles_90017,Union,430 S Union Avenue Ave Los Angeles 90017,,,,
667465,1244212,,5153005020.0,,436.0,1/2,,South,,,Union,Avenue,,,,,,,,,,,,,90017.0,,Los Angeles,Los Angeles,,,,,LA City,{55732693-40A3-4525-BB0E-871B33E66FE6},0,,55732693-40A3-4525-BB0E-871B33E66FE6,Unknown,,S,,,Ave,S Union Ave,2024/05/12 21:05:27+00,436 1/2 S Union Ave Los Angeles 90017,55732693-40A3-4525-BB0E-871B33E66FE6_436_1/2_S_Union_Ave_Los_Angeles_90017,Union,436 1/2 S Union Avenue Ave Los Angeles 90017,,,,
667466,1244213,,5153005020.0,,436.0,,,South,,,Union,Avenue,,,,,,,,,,,,,90017.0,,Los Angeles,Los Angeles,,,,,LA City,{FE7860D2-E2EB-45A9-AAE4-12A2CC2E42E9},0,,FE7860D2-E2EB-45A9-AAE4-12A2CC2E42E9,Unknown,,S,,,Ave,S Union Ave,2024/05/12 21:05:27+00,436 S Union Ave Los Angeles 90017,FE7860D2-E2EB-45A9-AAE4-12A2CC2E42E9_436_S_Union_Ave_Los_Angeles_90017,Union,436 S Union Avenue Ave Los Angeles 90017,,,,
667467,1244214,,5153005020.0,,434.0,,,South,,,Union,Avenue,,,,,,,,,,,,,90017.0,,Los Angeles,Los Angeles,,,,,LA City,{F97C1C7B-0FF4-400E-B370-50A89F2ABD87},0,,F97C1C7B-0FF4-400E-B370-50A89F2ABD87,Unknown,,S,,,Ave,S Union Ave,2024/05/12 21:05:27+00,434 S Union Ave Los Angeles 90017,F97C1C7B-0FF4-400E-B370-50A89F2ABD87_434_S_Union_Ave_Los_Angeles_90017,Union,434 S Union Avenue Ave Los Angeles 90017,,,,
667468,1244215,,5153005020.0,,434.0,1/2,,South,,,Union,Avenue,,,,,,,,,,,,,90017.0,,Los Angeles,Los Angeles,,,,,LA City,{DB6EA228-C2A0-4DE7-B29F-1F4BA486CEF9},0,,DB6EA228-C2A0-4DE7-B29F-1F4BA486CEF9,Unknown,,S,,,Ave,S Union Ave,2024/05/12 21:05:27+00,434 1/2 S Union Ave Los Angeles 90017,DB6EA228-C2A0-4DE7-B29F-1F4BA486CEF9_434_1/2_S_Union_Ave_Los_Angeles_90017,Union,434 1/2 S Union Avenue Ave Los Angeles 90017,,,,
667469,1244216,,5153005021.0,,440.0,,,South,,,Union,Avenue,,,,,,,,,,,,,90017.0,,Los Angeles,Los Angeles,,,,,LA City,{894097BE-7CBB-447D-B862-5C5DBFA02C59},0,,894097BE-7CBB-447D-B862-5C5DBFA02C59,Unknown,,S,,,Ave,S Union Ave,2023/09/12 23:03:18+00,440 S Union Ave Los Angeles 90017,894097BE-7CBB-447D-B862-5C5DBFA02C59_440_S_Union_Ave_Los_Angeles_90017,Union,440 S Union Avenue Ave Los Angeles 90017,,,,
667470,1244217,,5153005026.0,,516.0,,,South,,,Union,Avenue,,,,,,,,,,,,,90017.0,,Los Angeles,Los Angeles,,,,,LA City,{D19FF541-9CC5-476E-B324-18B21D220052},0,,D19FF541-9CC5-476E-B324-18B21D220052,Unknown,,S,,,Ave,S Union Ave,2023/09/12 23:03:18+00,516 S Union Ave Los Angeles 90017,D19FF541-9CC5-476E-B324-18B21D220052_516_S_Union_Ave_Los_Angeles_90017,Union,516 S Union Avenue Ave Los Angeles 90017,,,,
667471,1244218,,5153005027.0,,520.0,,,South,,,Union,Avenue,,,,,,,,,,,,,90017.0,,Los Angeles,Los Angeles,,,,,LA City,{87CD8687-952D-4C4F-A235-87706B94045B},0,,87CD8687-952D-4C4F-A235-87706B94045B,Unknown,,S,,,Ave,S Union Ave,2023/09/12 23:03:18+00,520 S Union Ave Los Angeles 90017,87CD8687-952D-4C4F-A235-87706B94045B_520_S_Union_Ave_Los_Angeles_90017,Union,520 S Union Avenue Ave Los Angeles 90017,,,,
667472,1244219,,5153005027.0,,522.0,,,South,,,Union,Avenue,,,,,,,,,,,,,90017.0,,Los Angeles,Los Angeles,,,,,LA City,{3ED5CDB6-EB4D-4135-88F1-D1D8F13BB330},0,,3ED5CDB6-EB4D-4135-88F1-D1D8F13BB330,Unknown,,S,,,Ave,S Union Ave,2023/09/12 23:03:18+00,522 S Union Ave Los Angeles 90017,3ED5CDB6-EB4D-4135-88F1-D1D8F13BB330_522_S_Union_Ave_Los_Angeles_90017,Union,522 S Union Avenue Ave Los Angeles 90017,,,,
667473,1244220,,5153005028.0,,526.0,,,South,,,Union,Avenue,,,,,,,,,,,,,90017.0,,Los Angeles,Los Angeles,,,,,LA City,{0C2C674C-A3E8-4405-92AE-A6BBAE50B2BC},0,,0C2C674C-A3E8-4405-92AE-A6BBAE50B2BC,Unknown,,S,,,Ave,S Union Ave,2023/09/12 23:03:18+00,526 S Union Ave Los Angeles 90017,0C2C674C-A3E8-4405-92AE-A6BBAE50B2BC_526_S_Union_Ave_Los_Angeles_90017,Union,526 S Union Avenue Ave Los Angeles 90017,,,,
667474,1244221,,5153005030.0,,500.0,,,South,,,Union,Avenue,,,,,,,,,,,,,90017.0,,Los Angeles,Los Angeles,,,,,LA City,{B78815C8-C3B5-4379-BF5E-2DA1B8D86583},0,,B78815C8-C3B5-4379-BF5E-2DA1B8D86583,Unknown,,S,,,Ave,S Union Ave,2024/05/12 21:05:27+00,500 S Union Ave Los Angeles 90017,B78815C8-C3B5-4379-BF5E-2DA1B8D86583_500_S_Union_Ave_Los_Angeles_90017,Union,500 S Union Avenue Ave Los Angeles 90017,,,,
667475,1244222,,5153005030.0,,500.0,1/2,,South,,,Union,Avenue,,,,,,,,,,,,,90017.0,,Los Angeles,Los Angeles,,,,,LA City,{F62A6649-B849-4D59-8F70-68BFCBEB123C},0,,F62A6649-B849-4D59-8F70-68BFCBEB123C,Unknown,,S,,,Ave,S Union Ave,2024/05/12 21:05:27+00,500 1/2 S Union Ave Los Angeles 90017,F62A6649-B849-4D59-8F70-68BFCBEB123C_500_1/2_S_Union_Ave_Los_Angeles_90017,Union,500 1/2 S Union Avenue Ave Los Angeles 90017,,,,
667476,1244223,,5153005030.0,,502.0,,,South,,,Union,Avenue,,,,,,,,,,,,,90017.0,,Los Angeles,Los Angeles,,,,,LA City,{E3FBCAB4-1D41-486F-9E29-DD86497A75EA},0,,E3FBCAB4-1D41-486F-9E29-DD86497A75EA,Unknown,,S,,,Ave,S Union Ave,2024/05/12 21:05:27+00,502 S Union Ave Los Angeles 90017,E3FBCAB4-1D41-486F-9E29-DD86497A75EA_502_S_Union_Ave_Los_Angeles_90017,Union,502 S Union Avenue Ave Los Angeles 90017,,,,
667477,1244224,,5153005030.0,,502.0,1/2,,South,,,Union,Avenue,,,,,,,,,,,,,90017.0,,Los Angeles,Los Angeles,,,,,LA City,{1CF90633-A839-4F5E-9E42-2FE7DCBBAD02},0,,1CF90633-A839-4F5E-9E42-2FE7DCBBAD02,Unknown,,S,,,Ave,S Union Ave,2024/05/12 21:05:27+00,502 1/2 S Union Ave Los Angeles 90017,1CF90633-A839-4F5E-9E42-2FE7DCBBAD02_502_1/2_S_Union_Ave_Los_Angeles_90017,Union,502 1/2 S Union Avenue Ave Los Angeles 90017,,,,
667478,1244225,,5153005031.0,,508.0,,,South,,,Union,Avenue,,,,,,,,,,,,,90017.0,,Los Angeles,Los Angeles,,,,,LA City,{4528DB56-36AA-4A25-9086-256723BF7C13},0,,4528DB56-36AA-4A25-9086-256723BF7C13,Unknown,,S,,,Ave,S Union Ave,2023/09/12 23:03:18+00,508 S Union Ave Los Angeles 90017,4528DB56-36AA-4A25-9086-256723BF7C13_508_S_Union_Ave_Los_Angeles_90017,Union,508 S Union Avenue Ave Los Angeles 90017,,,,
667479,1244226,,5153005032.0,,512.0,1/4,,South,,,Union,Avenue,,,,,,,,,,,,,90017.0,,Los Angeles,Los Angeles,,,,,LA City,{91291002-8DB0-4DB3-B9CE-7BECD649BCF0},0,,91291002-8DB0-4DB3-B9CE-7BECD649BCF0,Unknown,,S,,,Ave,S Union Ave,2024/05/12 21:05:27+00,512 1/4 S Union Ave Los Angeles 90017,91291002-8DB0-4DB3-B9CE-7BECD649BCF0_512_1/4_S_Union_Ave_Los_Angeles_90017,Union,512 1/4 S Union Avenue Ave Los Angeles 90017,,,,
667480,1244227,,5153005032.0,,510.0,1/4,,South,,,Union,Avenue,,,,,,,,,,,,,90017.0,,Los Angeles,Los Angeles,,,,,LA City,{66CD0F4D-9B3F-4A91-BC69-1620925FF564},0,,66CD0F4D-9B3F-4A91-BC69-1620925FF564,Unknown,,S,,,Ave,S Union Ave,2024/05/12 21:05:27+00,510 1/4 S Union Ave Los Angeles 90017,66CD0F4D-9B3F-4A91-BC69-1620925FF564_510_1/4_S_Union_Ave_Los_Angeles_90017,Union,510 1/4 S Union Avenue Ave Los Angeles 90017,,,,
667481,1244228,,5153005032.0,,510.0,,,South,,,Union,Avenue,,,,,,,,,,,,,90017.0,,Los Angeles,Los Angeles,,,,,LA City,{4EEBB2D1-CC2C-4EBF-B56D-0C10063D4276},0,,4EEBB2D1-CC2C-4EBF-B56D-0C10063D4276,Unknown,,S,,,Ave,S Union Ave,2024/05/12 21:05:27+00,510 S Union Ave Los Angeles 90017,4EEBB2D1-CC2C-4EBF-B56D-0C10063D4276_510_S_Union_Ave_Los_Angeles_90017,Union,510 S Union Avenue Ave Los Angeles 90017,,,,
667482,1244229,,5153005032.0,,510.0,1/2,,South,,,Union,Avenue,,,,,,,,,,,,,90017.0,,Los Angeles,Los Angeles,,,,,LA City,{F6D9B954-EF25-40DF-9733-4D9E3DEA7988},0,,F6D9B954-EF25-40DF-9733-4D9E3DEA7988,Unknown,,S,,,Ave,S Union Ave,2024/05/12 21:05:27+00,510 1/2 S Union Ave Los Angeles 90017,F6D9B954-EF25-40DF-9733-4D9E3DEA7988_510_1/2_S_Union_Ave_Los_Angeles_90017,Union,510 1/2 S Union Avenue Ave Los Angeles 90017,,,,
667483,1244230,,5153005032.0,,512.0,1/2,,South,,,Union,Avenue,,,,,,,,,,,,,90017.0,,Los Angeles,Los Angeles,,,,,LA City,{EE36DE64-2B42-4CEF-91F1-6E3704C5BBE7},0,,EE36DE64-2B42-4CEF-91F1-6E3704C5BBE7,Unknown,,S,,,Ave,S Union Ave,2024/05/12 21:05:27+00,512 1/2 S Union Ave Los Angeles 90017,EE36DE64-2B42-4CEF-91F1-6E3704C5BBE7_512_1/2_S_Union_Ave_Los_Angeles_90017,Union,512 1/2 S Union Avenue Ave Los Angeles 90017,,,,
667484,1244231,,5153005032.0,,512.0,,,South,,,Union,Avenue,,,,,,,,,,,,,90017.0,,Los Angeles,Los Angeles,,,,,LA City,{A638B1FD-BEFC-4D6B-8848-887235168E1A},0,,A638B1FD-BEFC-4D6B-8848-887235168E1A,Unknown,,S,,,Ave,S Union Ave,2024/05/12 21:05:27+00,512 S Union Ave Los Angeles 90017,A638B1FD-BEFC-4D6B-8848-887235168E1A_512_S_Union_Ave_Los_Angeles_90017,Union,512 S Union Avenue Ave Los Angeles 90017,,,,
667485,1244232,,5153006002.0,,1507.0,,,West,,,6Th,Street,,,,,,,,,,,,,90017.0,,Los Angeles,Los Angeles,,,,,LA City,{893101E1-3834-4BD2-AFD0-8C47ADF5C121},0,,893101E1-3834-4BD2-AFD0-8C47ADF5C121,Unknown,,W,,,St,W 6Th St,2023/09/12 23:03:18+00,1507 W 6Th St Los Angeles 90017,893101E1-3834-4BD2-AFD0-8C47ADF5C121_1507_W_6Th_St_Los_Angeles_90017,6Th,1507 W 6Th Street St Los Angeles 90017,,,,
667486,1244233,,5153006002.0,,1509.0,,,West,,,6Th,Street,,,,,,,,,,,,,90017.0,,Los Angeles,Los Angeles,,,,,LA City,{5D6D2130-AE49-459A-A116-EAAAF619019A},0,,5D6D2130-AE49-459A-A116-EAAAF619019A,Unknown,,W,,,St,W 6Th St,2023/09/12 23:03:18+00,1509 W 6Th St Los Angeles 90017,5D6D2130-AE49-459A-A116-EAAAF619019A_1509_W_6Th_St_Los_Angeles_90017,6Th,1509 W 6Th Street St Los Angeles 90017,,,,
667487,1244234,,5153006003.0,,1513.0,,,West,,,6Th,Street,,,,,,,,,,,,,90017.0,,Los Angeles,Los Angeles,,,,,LA City,{5CE58447-AA63-4D3B-80F2-584903454A32},0,,5CE58447-AA63-4D3B-80F2-584903454A32,Unknown,,W,,,St,W 6Th St,2023/09/12 23:03:18+00,1513 W 6Th St Los Angeles 90017,5CE58447-AA63-4D3B-80F2-584903454A32_1513_W_6Th_St_Los_Angeles_90017,6Th,1513 W 6Th Street St Los Angeles 90017,,,,
667488,1244235,,5153006003.0,,1511.0,,,West,,,6Th,Street,,,,,,,,,,,,,90017.0,,Los Angeles,Los Angeles,,,,,LA City,{22EB90DC-AF02-4789-B34F-E73E10823CC7},0,,22EB90DC-AF02-4789-B34F-E73E10823CC7,Unknown,,W,,,St,W 6Th St,2023/09/12 23:03:18+00,1511 W 6Th St Los Angeles 90017,22EB90DC-AF02-4789-B34F-E73E10823CC7_1511_W_6Th_St_Los_Angeles_90017,6Th,1511 W 6Th Street St Los Angeles 90017,,,,
667489,1244236,,5153006004.0,,1517.0,,,West,,,6Th,Street,,,,,,,,,,,,,90017.0,,Los Angeles,Los Angeles,,,,,LA City,{A7EBEDD9-3566-454D-9008-8CC8B42AE542},0,,A7EBEDD9-3566-454D-9008-8CC8B42AE542,Unknown,,W,,,St,W 6Th St,2023/09/12 23:03:18+00,1517 W 6Th St Los Angeles 90017,A7EBEDD9-3566-454D-9008-8CC8B42AE542_1517_W_6Th_St_Los_Angeles_90017,6Th,1517 W 6Th Street St Los Angeles 90017,,,,
667490,1244237,,5153006004.0,,1523.0,,,West,,,6Th,Street,,,,,,,,,,,,,90017.0,,Los Angeles,Los Angeles,,,,,LA City,{B9D2B341-D0A6-4B61-9E83-F85B3C2BBE18},0,,B9D2B341-D0A6-4B61-9E83-F85B3C2BBE18,Unknown,,W,,,St,W 6Th St,2023/09/12 23:03:18+00,1523 W 6Th St Los Angeles 90017,B9D2B341-D0A6-4B61-9E83-F85B3C2BBE18_1523_W_6Th_St_Los_Angeles_90017,6Th,1523 W 6Th Street St Los Angeles 90017,,,,
667491,1244238,,5153006005.0,,412.0,,,South,,,Union,Drive,,,,,,,,,,,,1-18,90017.0,,Los Angeles,Los Angeles,,,,,LA City,{05E59562-25A0-4163-9942-C55C95576810},0,,05E59562-25A0-4163-9942-C55C95576810,Unknown,,S,,,Dr,S Union Dr,2023/09/12 23:03:18+00,412 S Union Dr 1-18 Los Angeles 90017,05E59562-25A0-4163-9942-C55C95576810_412_S_Union_Dr_1-18_Los_Angeles_90017,Union,412 S Union Drive Dr 1-18 Los Angeles 90017,,,,
667492,1244239,,5153006005.0,,416.0,,,South,,,Union,Drive,,,,,,,,,,,,,90017.0,,Los Angeles,Los Angeles,,,,,LA City,{3E8262B6-69A9-4783-985C-651582ABF2F0},0,,3E8262B6-69A9-4783-985C-651582ABF2F0,Unknown,,S,,,Dr,S Union Dr,2023/09/12 23:03:18+00,416 S Union Dr Los Angeles 90017,3E8262B6-69A9-4783-985C-651582ABF2F0_416_S_Union_Dr_Los_Angeles_90017,Union,416 S Union Drive Dr Los Angeles 90017,,,,
667493,1244240,,5153006005.0,,1558.0,,,West,,,4Th,Street,,,,,,,,,,,,,90017.0,,Los Angeles,Los Angeles,,,,,LA City,{D7F49FFA-4C54-4B1A-BC59-686C54F3F4CE},0,,D7F49FFA-4C54-4B1A-BC59-686C54F3F4CE,Unknown,,W,,,St,W 4Th St,2023/09/12 23:03:18+00,1558 W 4Th St Los Angeles 90017,D7F49FFA-4C54-4B1A-BC59-686C54F3F4CE_1558_W_4Th_St_Los_Angeles_90017,4Th,1558 W 4Th Street St Los Angeles 90017,,,,
667494,1244241,,5153006008.0,,403.0,3/4,,South,,,Loma,Drive,,,,,,,,,,,,,90017.0,,Los Angeles,Los Angeles,,,,,LA City,{AC04E8E6-6C26-4E51-8ECC-E64C12EECD1E},0,,AC04E8E6-6C26-4E51-8ECC-E64C12EECD1E,Unknown,,S,,,Dr,S Loma Dr,2024/05/12 21:05:27+00,403 3/4 S Loma Dr Los Angeles 90017,AC04E8E6-6C26-4E51-8ECC-E64C12EECD1E_403_3/4_S_Loma_Dr_Los_Angeles_90017,Loma,403 3/4 S Loma Drive Dr Los Angeles 90017,,,,
667495,1244242,,5153006008.0,,403.0,1/4,,South,,,Loma,Drive,,,,,,,,,,,,,90017.0,,Los Angeles,Los Angeles,,,,,LA City,{48E48B75-F0F9-46C6-BBF7-50FCF64C02E5},0,,48E48B75-F0F9-46C6-BBF7-50FCF64C02E5,Unknown,,S,,,Dr,S Loma Dr,2024/05/12 21:05:27+00,403 1/4 S Loma Dr Los Angeles 90017,48E48B75-F0F9-46C6-BBF7-50FCF64C02E5_403_1/4_S_Loma_Dr_Los_Angeles_90017,Loma,403 1/4 S Loma Drive Dr Los Angeles 90017,,,,
667496,1244243,,5153006008.0,,401.0,,,South,,,Loma,Drive,,,,,,,,,,,,,90017.0,,Los Angeles,Los Angeles,,,,,LA City,{E0AF92B5-F026-4615-A2E6-4D35310D6ED1},0,,E0AF92B5-F026-4615-A2E6-4D35310D6ED1,Unknown,,S,,,Dr,S Loma Dr,2024/05/12 21:05:27+00,401 S Loma Dr Los Angeles 90017,E0AF92B5-F026-4615-A2E6-4D35310D6ED1_401_S_Loma_Dr_Los_Angeles_90017,Loma,401 S Loma Drive Dr Los Angeles 90017,,,,
667497,1244244,,5153006008.0,,405.0,1/2,,South,,,Loma,Drive,,,,,,,,,,,,,90017.0,,Los Angeles,Los Angeles,,,,,LA City,{09E0320D-C895-462E-A9BA-F73386587684},0,,09E0320D-C895-462E-A9BA-F73386587684,Unknown,,S,,,Dr,S Loma Dr,2024/05/12 21:05:27+00,405 1/2 S Loma Dr Los Angeles 90017,09E0320D-C895-462E-A9BA-F73386587684_405_1/2_S_Loma_Dr_Los_Angeles_90017,Loma,405 1/2 S Loma Drive Dr Los Angeles 90017,,,,
667498,1244245,,5153006008.0,,403.0,,,South,,,Loma,Drive,,,,,,,,,,,,,90017.0,,Los Angeles,Los Angeles,,,,,LA City,{444400CE-F12B-496B-A1DF-083CF8868EDD},0,,444400CE-F12B-496B-A1DF-083CF8868EDD,Unknown,,S,,,Dr,S Loma Dr,2024/05/12 21:05:27+00,403 S Loma Dr Los Angeles 90017,444400CE-F12B-496B-A1DF-083CF8868EDD_403_S_Loma_Dr_Los_Angeles_90017,Loma,403 S Loma Drive Dr Los Angeles 90017,,,,
667499,1244246,,5153006008.0,,403.0,1/2,,South,,,Loma,Drive,,,,,,,,,,,,,90017.0,,Los Angeles,Los Angeles,,,,,LA City,{A7D4D68A-9BB3-4243-8325-1F1EAF72B255},0,,A7D4D68A-9BB3-4243-8325-1F1EAF72B255,Unknown,,S,,,Dr,S Loma Dr,2024/05/12 21:05:27+00,403 1/2 S Loma Dr Los Angeles 90017,A7D4D68A-9BB3-4243-8325-1F1EAF72B255_403_1/2_S_Loma_Dr_Los_Angeles_90017,Loma,403 1/2 S Loma Drive Dr Los Angeles 90017,,,,
667500,1244247,,5153006008.0,,405.0,,,South,,,Loma,Drive,,,,,,,,,,,,,90017.0,,Los Angeles,Los Angeles,,,,,LA City,{6B8A1747-2A5C-4327-AA27-CB643F1D95FA},0,,6B8A1747-2A5C-4327-AA27-CB643F1D95FA,Unknown,,S,,,Dr,S Loma Dr,2024/05/12 21:05:27+00,405 S Loma Dr Los Angeles 90017,6B8A1747-2A5C-4327-AA27-CB643F1D95FA_405_S_Loma_Dr_Los_Angeles_90017,Loma,405 S Loma Drive Dr Los Angeles 90017,,,,
667501,1244248,,5153006008.0,,401.0,1/2,,South,,,Loma,Drive,,,,,,,,,,,,,90017.0,,Los Angeles,Los Angeles,,,,,LA City,{6DF7A295-CDF1-4523-828B-1097A8FB1DEB},0,,6DF7A295-CDF1-4523-828B-1097A8FB1DEB,Unknown,,S,,,Dr,S Loma Dr,2024/05/12 21:05:27+00,401 1/2 S Loma Dr Los Angeles 90017,6DF7A295-CDF1-4523-828B-1097A8FB1DEB_401_1/2_S_Loma_Dr_Los_Angeles_90017,Loma,401 1/2 S Loma Drive Dr Los Angeles 90017,,,,
667502,1244249,,5153006009.0,,407.0,1/4,,South,,,Loma,Drive,,,,,,,,,,,,,90017.0,,Los Angeles,Los Angeles,,,,,LA City,{38C25E89-F55C-4896-8947-52CC2036E71A},0,,38C25E89-F55C-4896-8947-52CC2036E71A,Unknown,,S,,,Dr,S Loma Dr,2024/05/12 21:05:27+00,407 1/4 S Loma Dr Los Angeles 90017,38C25E89-F55C-4896-8947-52CC2036E71A_407_1/4_S_Loma_Dr_Los_Angeles_90017,Loma,407 1/4 S Loma Drive Dr Los Angeles 90017,,,,
667503,1244250,,5153006009.0,,407.0,,,South,,,Loma,Drive,,,,,,,,,,,,,90017.0,,Los Angeles,Los Angeles,,,,,LA City,{60B75640-BC42-40AA-A4E7-5EB11665E7ED},0,,60B75640-BC42-40AA-A4E7-5EB11665E7ED,Unknown,,S,,,Dr,S Loma Dr,2024/05/12 21:05:27+00,407 S Loma Dr Los Angeles 90017,60B75640-BC42-40AA-A4E7-5EB11665E7ED_407_S_Loma_Dr_Los_Angeles_90017,Loma,407 S Loma Drive Dr Los Angeles 90017,,,,
667504,1244251,,5153006009.0,,411.0,2/5,,South,,,Loma,Drive,,,,,,,,,,,,,90017.0,,Los Angeles,Los Angeles,,,,,LA City,{06D16CA5-A31C-4B68-ACC7-B31C1C0D1358},0,,06D16CA5-A31C-4B68-ACC7-B31C1C0D1358,Unknown,,S,,,Dr,S Loma Dr,2024/05/12 21:05:27+00,411 2/5 S Loma Dr Los Angeles 90017,06D16CA5-A31C-4B68-ACC7-B31C1C0D1358_411_2/5_S_Loma_Dr_Los_Angeles_90017,Loma,411 2/5 S Loma Drive Dr Los Angeles 90017,,,,
667505,1244252,,5153006009.0,,411.0,4/5,,South,,,Loma,Drive,,,,,,,,,,,,,90017.0,,Los Angeles,Los Angeles,,,,,LA City,{29D26FC0-568E-4397-88F2-4434DEE0CB07},0,,29D26FC0-568E-4397-88F2-4434DEE0CB07,Unknown,,S,,,Dr,S Loma Dr,2024/05/12 21:05:27+00,411 4/5 S Loma Dr Los Angeles 90017,29D26FC0-568E-4397-88F2-4434DEE0CB07_411_4/5_S_Loma_Dr_Los_Angeles_90017,Loma,411 4/5 S Loma Drive Dr Los Angeles 90017,,,,
667506,1244253,,5153006009.0,,409.0,1/5,,South,,,Loma,Drive,,,,,,,,,,,,,90017.0,,Los Angeles,Los Angeles,,,,,LA City,{093D3A90-D1E5-4387-9B78-A30FC49C1393},0,,093D3A90-D1E5-4387-9B78-A30FC49C1393,Unknown,,S,,,Dr,S Loma Dr,2024/05/12 21:05:27+00,409 1/5 S Loma Dr Los Angeles 90017,093D3A90-D1E5-4387-9B78-A30FC49C1393_409_1/5_S_Loma_Dr_Los_Angeles_90017,Loma,409 1/5 S Loma Drive Dr Los Angeles 90017,,,,
667507,1244254,,5153006009.0,,409.0,3/5,,South,,,Loma,Drive,,,,,,,,,,,,,90017.0,,Los Angeles,Los Angeles,,,,,LA City,{F4306A85-AED4-4DCC-9FDB-83BE241129CA},0,,F4306A85-AED4-4DCC-9FDB-83BE241129CA,Unknown,,S,,,Dr,S Loma Dr,2024/05/12 21:05:27+00,409 3/5 S Loma Dr Los Angeles 90017,F4306A85-AED4-4DCC-9FDB-83BE241129CA_409_3/5_S_Loma_Dr_Los_Angeles_90017,Loma,409 3/5 S Loma Drive Dr Los Angeles 90017,,,,
667508,1244255,,5153006009.0,,409.0,4/5,,South,,,Loma,Drive,,,,,,,,,,,,,90017.0,,Los Angeles,Los Angeles,,,,,LA City,{F8F48A02-D074-4FFB-97B9-63742A9649F7},0,,F8F48A02-D074-4FFB-97B9-63742A9649F7,Unknown,,S,,,Dr,S Loma Dr,2024/05/12 21:05:27+00,409 4/5 S Loma Dr Los Angeles 90017,F8F48A02-D074-4FFB-97B9-63742A9649F7_409_4/5_S_Loma_Dr_Los_Angeles_90017,Loma,409 4/5 S Loma Drive Dr Los Angeles 90017,,,,
667509,1244256,,5153006009.0,,411.0,,,South,,,Loma,Drive,,,,,,,,,,,,,90017.0,,Los Angeles,Los Angeles,,,,,LA City,{BB630A0E-8D37-4F6C-A2B5-A4825A8D4A9F},0,,BB630A0E-8D37-4F6C-A2B5-A4825A8D4A9F,Unknown,,S,,,Dr,S Loma Dr,2024/05/12 21:05:27+00,411 S Loma Dr Los Angeles 90017,BB630A0E-8D37-4F6C-A2B5-A4825A8D4A9F_411_S_Loma_Dr_Los_Angeles_90017,Loma,411 S Loma Drive Dr Los Angeles 90017,,,,
667510,1244257,,5153006009.0,,409.0,2/5,,South,,,Loma,Drive,,,,,,,,,,,,,90017.0,,Los Angeles,Los Angeles,,,,,LA City,{4FBB7CE8-D0EF-45A0-8169-E8638B13DCAC},0,,4FBB7CE8-D0EF-45A0-8169-E8638B13DCAC,Unknown,,S,,,Dr,S Loma Dr,2024/05/12 21:05:27+00,409 2/5 S Loma Dr Los Angeles 90017,4FBB7CE8-D0EF-45A0-8169-E8638B13DCAC_409_2/5_S_Loma_Dr_Los_Angeles_90017,Loma,409 2/5 S Loma Drive Dr Los Angeles 90017,,,,
667511,1244258,,5153006009.0,,411.0,3/5,,South,,,Loma,Drive,,,,,,,,,,,,,90017.0,,Los Angeles,Los Angeles,,,,,LA City,{4F1FB651-1C6C-4851-8137-D1D46ED13392},0,,4F1FB651-1C6C-4851-8137-D1D46ED13392,Unknown,,S,,,Dr,S Loma Dr,2024/05/12 21:05:27+00,411 3/5 S Loma Dr Los Angeles 90017,4F1FB651-1C6C-4851-8137-D1D46ED13392_411_3/5_S_Loma_Dr_Los_Angeles_90017,Loma,411 3/5 S Loma Drive Dr Los Angeles 90017,,,,
667512,1244259,,5153006009.0,,407.0,3/4,,South,,,Loma,Drive,,,,,,,,,,,,,90017.0,,Los Angeles,Los Angeles,,,,,LA City,{A05E5311-CF12-4CFA-BEF4-B18166F4AA05},0,,A05E5311-CF12-4CFA-BEF4-B18166F4AA05,Unknown,,S,,,Dr,S Loma Dr,2024/05/12 21:05:27+00,407 3/4 S Loma Dr Los Angeles 90017,A05E5311-CF12-4CFA-BEF4-B18166F4AA05_407_3/4_S_Loma_Dr_Los_Angeles_90017,Loma,407 3/4 S Loma Drive Dr Los Angeles 90017,,,,
667513,1244260,,5153006009.0,,409.0,,,South,,,Loma,Drive,,,,,,,,,,,,,90017.0,,Los Angeles,Los Angeles,,,,,LA City,{7D9094A8-AAC6-42A4-9DD2-13C681F704F5},0,,7D9094A8-AAC6-42A4-9DD2-13C681F704F5,Unknown,,S,,,Dr,S Loma Dr,2024/05/12 21:05:27+00,409 S Loma Dr Los Angeles 90017,7D9094A8-AAC6-42A4-9DD2-13C681F704F5_409_S_Loma_Dr_Los_Angeles_90017,Loma,409 S Loma Drive Dr Los Angeles 90017,,,,
667514,1244261,,5153006009.0,,411.0,1/5,,South,,,Loma,Drive,,,,,,,,,,,,,90017.0,,Los Angeles,Los Angeles,,,,,LA City,{793CF7A8-ED50-42AE-8B6F-6A5B81BA92F5},0,,793CF7A8-ED50-42AE-8B6F-6A5B81BA92F5,Unknown,,S,,,Dr,S Loma Dr,2024/05/12 21:05:27+00,411 1/5 S Loma Dr Los Angeles 90017,793CF7A8-ED50-42AE-8B6F-6A5B81BA92F5_411_1/5_S_Loma_Dr_Los_Angeles_90017,Loma,411 1/5 S Loma Drive Dr Los Angeles 90017,,,,
667515,1244262,,5153006009.0,,407.0,1/2,,South,,,Loma,Drive,,,,,,,,,,,,,90017.0,,Los Angeles,Los Angeles,,,,,LA City,{D25D5688-7991-4CE6-9A06-F22DE34A9D62},0,,D25D5688-7991-4CE6-9A06-F22DE34A9D62,Unknown,,S,,,Dr,S Loma Dr,2024/05/12 21:05:27+00,407 1/2 S Loma Dr Los Angeles 90017,D25D5688-7991-4CE6-9A06-F22DE34A9D62_407_1/2_S_Loma_Dr_Los_Angeles_90017,Loma,407 1/2 S Loma Drive Dr Los Angeles 90017,,,,
667516,1244263,,5153006010.0,,415.0,,,South,,,Loma,Drive,,,,,,,,,,,,,90017.0,,Los Angeles,Los Angeles,,,,,LA City,{7722F451-A1CC-4B21-B462-0F9BE74CC1DE},0,,7722F451-A1CC-4B21-B462-0F9BE74CC1DE,Unknown,,S,,,Dr,S Loma Dr,2023/09/12 23:03:18+00,415 S Loma Dr Los Angeles 90017,7722F451-A1CC-4B21-B462-0F9BE74CC1DE_415_S_Loma_Dr_Los_Angeles_90017,Loma,415 S Loma Drive Dr Los Angeles 90017,,,,
667517,1244264,,5153006012.0,,425.0,3/4,,South,,,Loma,Drive,,,,,,,,,,,,,90017.0,,Los Angeles,Los Angeles,,,,,LA City,{97EAD0EA-E732-49B6-AFB4-7965A4720463},0,,97EAD0EA-E732-49B6-AFB4-7965A4720463,Unknown,,S,,,Dr,S Loma Dr,2024/05/12 21:05:27+00,425 3/4 S Loma Dr Los Angeles 90017,97EAD0EA-E732-49B6-AFB4-7965A4720463_425_3/4_S_Loma_Dr_Los_Angeles_90017,Loma,425 3/4 S Loma Drive Dr Los Angeles 90017,,,,
667518,1244265,,5153006012.0,,429.0,1/2,,South,,,Loma,Drive,,,,,,,,,,,,,90017.0,,Los Angeles,Los Angeles,,,,,LA City,{0E36F756-1173-4334-9460-504B319F5B5C},0,,0E36F756-1173-4334-9460-504B319F5B5C,Unknown,,S,,,Dr,S Loma Dr,2024/05/12 21:05:27+00,429 1/2 S Loma Dr Los Angeles 90017,0E36F756-1173-4334-9460-504B319F5B5C_429_1/2_S_Loma_Dr_Los_Angeles_90017,Loma,429 1/2 S Loma Drive Dr Los Angeles 90017,,,,
667519,1244266,,5153006012.0,,425.0,,,South,,,Loma,Drive,,,,,,,,,,,,,90017.0,,Los Angeles,Los Angeles,,,,,LA City,{F7AA6905-4906-4A86-8FA7-5AD3A61E8239},0,,F7AA6905-4906-4A86-8FA7-5AD3A61E8239,Unknown,,S,,,Dr,S Loma Dr,2024/05/12 21:05:27+00,425 S Loma Dr Los Angeles 90017,F7AA6905-4906-4A86-8FA7-5AD3A61E8239_425_S_Loma_Dr_Los_Angeles_90017,Loma,425 S Loma Drive Dr Los Angeles 90017,,,,
667520,1244267,,5153006012.0,,425.0,1/2,,South,,,Loma,Drive,,,,,,,,,,,,,90017.0,,Los Angeles,Los Angeles,,,,,LA City,{8E573BAB-5B56-4B5D-9A3E-55E26FE65928},0,,8E573BAB-5B56-4B5D-9A3E-55E26FE65928,Unknown,,S,,,Dr,S Loma Dr,2024/05/12 21:05:27+00,425 1/2 S Loma Dr Los Angeles 90017,8E573BAB-5B56-4B5D-9A3E-55E26FE65928_425_1/2_S_Loma_Dr_Los_Angeles_90017,Loma,425 1/2 S Loma Drive Dr Los Angeles 90017,,,,
667521,1244268,,5153006012.0,,429.0,,,South,,,Loma,Drive,,,,,,,,,,,,,90017.0,,Los Angeles,Los Angeles,,,,,LA City,{1943AA34-6373-4F2F-99D0-C6484A6D7B5D},0,,1943AA34-6373-4F2F-99D0-C6484A6D7B5D,Unknown,,S,,,Dr,S Loma Dr,2024/05/12 21:05:27+00,429 S Loma Dr Los Angeles 90017,1943AA34-6373-4F2F-99D0-C6484A6D7B5D_429_S_Loma_Dr_Los_Angeles_90017,Loma,429 S Loma Drive Dr Los Angeles 90017,,,,
667522,1244269,,5153006012.0,,425.0,1/4,,South,,,Loma,Drive,,,,,,,,,,,,,90017.0,,Los Angeles,Los Angeles,,,,,LA City,{67E86C75-34A2-4E01-A902-BAC93E9899D1},0,,67E86C75-34A2-4E01-A902-BAC93E9899D1,Unknown,,S,,,Dr,S Loma Dr,2024/05/12 21:05:27+00,425 1/4 S Loma Dr Los Angeles 90017,67E86C75-34A2-4E01-A902-BAC93E9899D1_425_1/4_S_Loma_Dr_Los_Angeles_90017,Loma,425 1/4 S Loma Drive Dr Los Angeles 90017,,,,
667523,1244270,,5153006012.0,,427.0,,,South,,,Loma,Drive,,,,,,,,,,,,,90017.0,,Los Angeles,Los Angeles,,,,,LA City,{B3AD1DF5-14CC-40D5-8EF7-0F2F02D99782},0,,B3AD1DF5-14CC-40D5-8EF7-0F2F02D99782,Unknown,,S,,,Dr,S Loma Dr,2024/05/12 21:05:27+00,427 S Loma Dr Los Angeles 90017,B3AD1DF5-14CC-40D5-8EF7-0F2F02D99782_427_S_Loma_Dr_Los_Angeles_90017,Loma,427 S Loma Drive Dr Los Angeles 90017,,,,
667524,1244271,,5153006012.0,,429.0,1/4,,South,,,Loma,Drive,,,,,,,,,,,,,90017.0,,Los Angeles,Los Angeles,,,,,LA City,{F9C74260-BD31-43A1-94DA-939C2E607448},0,,F9C74260-BD31-43A1-94DA-939C2E607448,Unknown,,S,,,Dr,S Loma Dr,2024/05/12 21:05:27+00,429 1/4 S Loma Dr Los Angeles 90017,F9C74260-BD31-43A1-94DA-939C2E607448_429_1/4_S_Loma_Dr_Los_Angeles_90017,Loma,429 1/4 S Loma Drive Dr Los Angeles 90017,,,,
667525,1244272,,5153006012.0,,429.0,3/4,,South,,,Loma,Drive,,,,,,,,,,,,,90017.0,,Los Angeles,Los Angeles,,,,,LA City,{A93E35C2-951B-4B7B-82AE-F14EAAD9E52C},0,,A93E35C2-951B-4B7B-82AE-F14EAAD9E52C,Unknown,,S,,,Dr,S Loma Dr,2024/05/12 21:05:27+00,429 3/4 S Loma Dr Los Angeles 90017,A93E35C2-951B-4B7B-82AE-F14EAAD9E52C_429_3/4_S_Loma_Dr_Los_Angeles_90017,Loma,429 3/4 S Loma Drive Dr Los Angeles 90017,,,,
667526,1244273,,5153006012.0,,427.0,1/2,,South,,,Loma,Drive,,,,,,,,,,,,,90017.0,,Los Angeles,Los Angeles,,,,,LA City,{9CCF489E-49DC-4441-A555-7E7FC5C4B1F4},0,,9CCF489E-49DC-4441-A555-7E7FC5C4B1F4,Unknown,,S,,,Dr,S Loma Dr,2024/05/12 21:05:27+00,427 1/2 S Loma Dr Los Angeles 90017,9CCF489E-49DC-4441-A555-7E7FC5C4B1F4_427_1/2_S_Loma_Dr_Los_Angeles_90017,Loma,427 1/2 S Loma Drive Dr Los Angeles 90017,,,,
667527,1244274,,5153006013.0,,501.0,,,South,,,Loma,Drive,,,,,,,,,,,,,90017.0,,Los Angeles,Los Angeles,,,,,LA City,{B3993242-45D1-4F81-8D2D-C7E0908114A9},0,,B3993242-45D1-4F81-8D2D-C7E0908114A9,Unknown,,S,,,Dr,S Loma Dr,2023/09/12 23:03:18+00,501 S Loma Dr Los Angeles 90017,B3993242-45D1-4F81-8D2D-C7E0908114A9_501_S_Loma_Dr_Los_Angeles_90017,Loma,501 S Loma Drive Dr Los Angeles 90017,,,,
667528,1244275,,5153006013.0,,503.0,,,South,,,Loma,Drive,,,,,,,,,,,,,90017.0,,Los Angeles,Los Angeles,,,,,LA City,{0C8FA888-7AB6-464E-A757-AAC9927801D0},0,,0C8FA888-7AB6-464E-A757-AAC9927801D0,Unknown,,S,,,Dr,S Loma Dr,2023/09/12 23:03:18+00,503 S Loma Dr Los Angeles 90017,0C8FA888-7AB6-464E-A757-AAC9927801D0_503_S_Loma_Dr_Los_Angeles_90017,Loma,503 S Loma Drive Dr Los Angeles 90017,,,,
667529,1244276,,5153006014.0,,507.0,,,South,,,Loma,Drive,,,,,,,,,,,,,90017.0,,Los Angeles,Los Angeles,,,,,LA City,{7C6E4E07-CB12-4B0E-8A07-ED3681A3ACE3},0,,7C6E4E07-CB12-4B0E-8A07-ED3681A3ACE3,Unknown,,S,,,Dr,S Loma Dr,2023/09/12 23:03:18+00,507 S Loma Dr Los Angeles 90017,7C6E4E07-CB12-4B0E-8A07-ED3681A3ACE3_507_S_Loma_Dr_Los_Angeles_90017,Loma,507 S Loma Drive Dr Los Angeles 90017,,,,
667530,1244277,,5153006015.0,,517.0,,,South,,,Loma,Drive,,,,,,,,,,,,,90017.0,,Los Angeles,Los Angeles,,,,,LA City,{2A50A49E-54AE-49C9-BB04-9B0F2E34F4B0},0,,2A50A49E-54AE-49C9-BB04-9B0F2E34F4B0,Unknown,,S,,,Dr,S Loma Dr,2023/09/12 23:03:18+00,517 S Loma Dr Los Angeles 90017,2A50A49E-54AE-49C9-BB04-9B0F2E34F4B0_517_S_Loma_Dr_Los_Angeles_90017,Loma,517 S Loma Drive Dr Los Angeles 90017,,,,
667531,1244278,,5153006016.0,,526.0,,,South,,,Union,Drive,,,,,,,,,,,,,90017.0,,Los Angeles,Los Angeles,,,,,LA City,{A6E56174-7E64-4398-B8B4-56DB9A7ABE0B},0,,A6E56174-7E64-4398-B8B4-56DB9A7ABE0B,Unknown,,S,,,Dr,S Union Dr,2023/09/12 23:03:18+00,526 S Union Dr Los Angeles 90017,A6E56174-7E64-4398-B8B4-56DB9A7ABE0B_526_S_Union_Dr_Los_Angeles_90017,Union,526 S Union Drive Dr Los Angeles 90017,,,,
667532,1244279,,5153006017.0,,520.0,,,South,,,Union,Drive,,,,,,,,,,,,,90017.0,,Los Angeles,Los Angeles,,,,,LA City,{14EEA1D8-2000-40EF-97B2-7ED2BA0AE59E},0,,14EEA1D8-2000-40EF-97B2-7ED2BA0AE59E,Unknown,,S,,,Dr,S Union Dr,2023/09/12 23:03:18+00,520 S Union Dr Los Angeles 90017,14EEA1D8-2000-40EF-97B2-7ED2BA0AE59E_520_S_Union_Dr_Los_Angeles_90017,Union,520 S Union Drive Dr Los Angeles 90017,,,,
667533,1244280,,5153006018.0,,514.0,,,South,,,Union,Drive,,,,,,,,,,,,,90017.0,,Los Angeles,Los Angeles,,,,,LA City,{B163F05F-5F20-441C-93BF-3A56751ED9DD},0,,B163F05F-5F20-441C-93BF-3A56751ED9DD,Unknown,,S,,,Dr,S Union Dr,2023/09/12 23:03:18+00,514 S Union Dr Los Angeles 90017,B163F05F-5F20-441C-93BF-3A56751ED9DD_514_S_Union_Dr_Los_Angeles_90017,Union,514 S Union Drive Dr Los Angeles 90017,,,,
667534,1244281,,5153006019.0,,508.0,,,South,,,Union,Drive,,,,,,,,,,,,,90017.0,,Los Angeles,Los Angeles,,,,,LA City,{330D8A87-84D0-47D4-9B35-F5D233956575},0,,330D8A87-84D0-47D4-9B35-F5D233956575,Unknown,,S,,,Dr,S Union Dr,2023/09/12 23:03:18+00,508 S Union Dr Los Angeles 90017,330D8A87-84D0-47D4-9B35-F5D233956575_508_S_Union_Dr_Los_Angeles_90017,Union,508 S Union Drive Dr Los Angeles 90017,,,,
667535,1244282,,5153006021.0,,438.0,,,South,,,Union,Drive,,,,,,,,,,,,,90017.0,,Los Angeles,Los Angeles,,,,,LA City,{AA67FFA5-BEA2-49BE-8FEB-B894A114128A},0,,AA67FFA5-BEA2-49BE-8FEB-B894A114128A,Unknown,,S,,,Dr,S Union Dr,2023/09/12 23:03:18+00,438 S Union Dr Los Angeles 90017,AA67FFA5-BEA2-49BE-8FEB-B894A114128A_438_S_Union_Dr_Los_Angeles_90017,Union,438 S Union Drive Dr Los Angeles 90017,,,,
667536,1244283,,5153006022.0,,432.0,,,South,,,Union,Drive,,,,,,,,,,,,,90017.0,,Los Angeles,Los Angeles,,,,,LA City,{EFAC744C-BA07-4E99-84C8-7BD2838CCDEE},0,,EFAC744C-BA07-4E99-84C8-7BD2838CCDEE,Unknown,,S,,,Dr,S Union Dr,2023/09/12 23:03:18+00,432 S Union Dr Los Angeles 90017,EFAC744C-BA07-4E99-84C8-7BD2838CCDEE_432_S_Union_Dr_Los_Angeles_90017,Union,432 S Union Drive Dr Los Angeles 90017,,,,
667537,1244284,,5153006023.0,,426.0,,,,,,Union,Drive,,,,,,,,,,,,,90017.0,,Los Angeles,Los Angeles,,,,,Assessor,{F166E528-CB0A-40C1-9596-11A58F260807},0,,F166E528-CB0A-40C1-9596-11A58F260807,Unknown,,,,,Dr,Union Dr,2024/04/27 17:13:09+00,426 Union Dr Los Angeles 90017,F166E528-CB0A-40C1-9596-11A58F260807_426_Union_Dr_Los_Angeles_90017,Union,426 Union Drive Dr Los Angeles 90017,,,,
667538,1244285,,5153006024.0,,420.0,,,South,,,Union,Drive,,,,,,,,,,,,1-21,90017.0,,Los Angeles,Los Angeles,,,,,LA City,{F23149DD-7205-43CE-A1E5-555F518903ED},0,,F23149DD-7205-43CE-A1E5-555F518903ED,Unknown,,S,,,Dr,S Union Dr,2023/09/12 23:03:18+00,420 S Union Dr 1-21 Los Angeles 90017,F23149DD-7205-43CE-A1E5-555F518903ED_420_S_Union_Dr_1-21_Los_Angeles_90017,Union,420 S Union Drive Dr 1-21 Los Angeles 90017,,,,
667539,1244286,,5153006025.0,,1501.0,,,West,,,6Th,Street,,,,,,,,,,,,,90017.0,,Los Angeles,Los Angeles,,,,,LA City,{1B1A3F6A-2F13-4A94-9C1F-409454EEB39C},0,,1B1A3F6A-2F13-4A94-9C1F-409454EEB39C,Unknown,,W,,,St,W 6Th St,2023/09/12 23:03:18+00,1501 W 6Th St Los Angeles 90017,1B1A3F6A-2F13-4A94-9C1F-409454EEB39C_1501_W_6Th_St_Los_Angeles_90017,6Th,1501 W 6Th Street St Los Angeles 90017,,,,
667540,1244287,,5153006025.0,,525.0,,,South,,,Loma,Drive,,,,,,,,,,,,,90017.0,,Los Angeles,Los Angeles,,,,,LA City,{7E3579A3-CC1F-4F0F-8D49-9DCA795E065D},0,,7E3579A3-CC1F-4F0F-8D49-9DCA795E065D,Unknown,,S,,,Dr,S Loma Dr,2023/09/12 23:03:18+00,525 S Loma Dr Los Angeles 90017,7E3579A3-CC1F-4F0F-8D49-9DCA795E065D_525_S_Loma_Dr_Los_Angeles_90017,Loma,525 S Loma Drive Dr Los Angeles 90017,,,,
667541,1244288,,5153006026.0,,1562.0,,,West,,,4Th,Street,,,,,,,,,,,,,90017.0,,Los Angeles,Los Angeles,,,,,LA City,{02D1F6AD-E056-40A1-91EA-D8C09D45144A},0,,02D1F6AD-E056-40A1-91EA-D8C09D45144A,Unknown,,W,,,St,W 4Th St,2023/09/12 23:03:18+00,1562 W 4Th St Los Angeles 90017,02D1F6AD-E056-40A1-91EA-D8C09D45144A_1562_W_4Th_St_Los_Angeles_90017,4Th,1562 W 4Th Street St Los Angeles 90017,,,,
667542,1244289,,5153006026.0,,1556.0,,,West,,,4Th,Street,,,,,,,,,,,,,90017.0,,Los Angeles,Los Angeles,,,,,LA City,{640241A1-9EF2-49CF-84F8-AA3D4F6D1E83},0,,640241A1-9EF2-49CF-84F8-AA3D4F6D1E83,Unknown,,W,,,St,W 4Th St,2023/09/12 23:03:18+00,1556 W 4Th St Los Angeles 90017,640241A1-9EF2-49CF-84F8-AA3D4F6D1E83_1556_W_4Th_St_Los_Angeles_90017,4Th,1556 W 4Th Street St Los Angeles 90017,,,,
667543,1244290,,5153006027.0,,500.0,,,South,,,Union,Drive,,,,,,,,,,,,,90017.0,,Los Angeles,Los Angeles,,,,,LA City,{348EF027-6428-4C28-9BCC-4C5E32B86E88},0,,348EF027-6428-4C28-9BCC-4C5E32B86E88,Unknown,,S,,,Dr,S Union Dr,2023/09/12 23:03:18+00,500 S Union Dr Los Angeles 90017,348EF027-6428-4C28-9BCC-4C5E32B86E88_500_S_Union_Dr_Los_Angeles_90017,Union,500 S Union Drive Dr Los Angeles 90017,,,,
667544,1244291,,5153007009.0,,1640.0,,,West,,,3Rd,Street,,,,,,,,,,,,,90017.0,,Los Angeles,Los Angeles,,,,,LA City,{EA0342C9-6DC2-4E18-A127-930BA6118A35},0,,EA0342C9-6DC2-4E18-A127-930BA6118A35,Unknown,,W,,,St,W 3Rd St,2023/09/12 23:03:18+00,1640 W 3Rd St Los Angeles 90017,EA0342C9-6DC2-4E18-A127-930BA6118A35_1640_W_3Rd_St_Los_Angeles_90017,3Rd,1640 W 3Rd Street St Los Angeles 90017,,,,
667545,1244292,,5153007010.0,,306.0,,,South,,,Union,Place,,,,,,,,,,,,,90017.0,,Los Angeles,Los Angeles,,,,,LA City,{9E5A3478-2AFF-4AC0-B642-2C5C71D475BB},0,,9E5A3478-2AFF-4AC0-B642-2C5C71D475BB,Unknown,,S,,,Pl,S Union Pl,2023/09/12 23:03:18+00,306 S Union Pl Los Angeles 90017,9E5A3478-2AFF-4AC0-B642-2C5C71D475BB_306_S_Union_Pl_Los_Angeles_90017,Union,306 S Union Place Pl Los Angeles 90017,,,,
667546,1244293,,5153007013.0,,334.0,,,South,,,Union,Place,,,,,,,,,,,,,90017.0,,Los Angeles,Los Angeles,,,,,LA City,{57968445-EBBA-4C00-9541-61F1B6403689},0,,57968445-EBBA-4C00-9541-61F1B6403689,Unknown,,S,,,Pl,S Union Pl,2023/09/12 23:03:18+00,334 S Union Pl Los Angeles 90017,57968445-EBBA-4C00-9541-61F1B6403689_334_S_Union_Pl_Los_Angeles_90017,Union,334 S Union Place Pl Los Angeles 90017,,,,
667547,1244294,,5153007013.0,,338.0,,,South,,,Union,Place,,,,,,,,,,,,,90017.0,,Los Angeles,Los Angeles,,,,,LA City,{3287661F-7F08-4536-8F65-642682656C76},0,,3287661F-7F08-4536-8F65-642682656C76,Unknown,,S,,,Pl,S Union Pl,2023/09/12 23:03:18+00,338 S Union Pl Los Angeles 90017,3287661F-7F08-4536-8F65-642682656C76_338_S_Union_Pl_Los_Angeles_90017,Union,338 S Union Place Pl Los Angeles 90017,,,,
667548,1244295,,5153007013.0,,330.0,,,South,,,Union,Place,,,,,,,,,,,,,90017.0,,Los Angeles,Los Angeles,,,,,LA City,{5606731B-76F0-49D0-93E4-DF0F7E0C1DD1},0,,5606731B-76F0-49D0-93E4-DF0F7E0C1DD1,Unknown,,S,,,Pl,S Union Pl,2023/09/12 23:03:18+00,330 S Union Pl Los Angeles 90017,5606731B-76F0-49D0-93E4-DF0F7E0C1DD1_330_S_Union_Pl_Los_Angeles_90017,Union,330 S Union Place Pl Los Angeles 90017,,,,
667549,1244296,,5153007013.0,,328.0,,,South,,,Union,Place,,,,,,,,,,,,,90017.0,,Los Angeles,Los Angeles,,,,,LA City,{6B62279B-A368-444B-8B90-A5D5D31AA61C},0,,6B62279B-A368-444B-8B90-A5D5D31AA61C,Unknown,,S,,,Pl,S Union Pl,2023/09/12 23:03:18+00,328 S Union Pl Los Angeles 90017,6B62279B-A368-444B-8B90-A5D5D31AA61C_328_S_Union_Pl_Los_Angeles_90017,Union,328 S Union Place Pl Los Angeles 90017,,,,
667550,1244297,,5153007013.0,,326.0,,,South,,,Union,Place,,,,,,,,,,,,,90017.0,,Los Angeles,Los Angeles,,,,,LA City,{0141E3CE-6380-47F6-BFE4-5D18B4C6B4E1},0,,0141E3CE-6380-47F6-BFE4-5D18B4C6B4E1,Unknown,,S,,,Pl,S Union Pl,2023/09/12 23:03:18+00,326 S Union Pl Los Angeles 90017,0141E3CE-6380-47F6-BFE4-5D18B4C6B4E1_326_S_Union_Pl_Los_Angeles_90017,Union,326 S Union Place Pl Los Angeles 90017,,,,
667551,1244298,,5153007013.0,,324.0,,,,,,Union,Place,,,,,,,,,,,,,90017.0,,Los Angeles,Los Angeles,,,,,Assessor,{DFAC08C5-52B6-4A1D-842B-D3762DAFA00D},0,,DFAC08C5-52B6-4A1D-842B-D3762DAFA00D,Unknown,,,,,Pl,Union Pl,2024/04/27 17:13:09+00,324 Union Pl Los Angeles 90017,DFAC08C5-52B6-4A1D-842B-D3762DAFA00D_324_Union_Pl_Los_Angeles_90017,Union,324 Union Place Pl Los Angeles 90017,,,,
667552,1244299,,5153007014.0,,1609.0,1/2,,West,,,4Th,Street,,,,,,,,,,,,,90017.0,,Los Angeles,Los Angeles,,,,,LA City,{E4B46E9A-3C45-423E-A3CA-CCF4F0D2E3EE},0,,E4B46E9A-3C45-423E-A3CA-CCF4F0D2E3EE,Unknown,,W,,,St,W 4Th St,2024/05/12 21:05:27+00,1609 1/2 W 4Th St Los Angeles 90017,E4B46E9A-3C45-423E-A3CA-CCF4F0D2E3EE_1609_1/2_W_4Th_St_Los_Angeles_90017,4Th,1609 1/2 W 4Th Street St Los Angeles 90017,,,,
667553,1244300,,5153007014.0,,1609.0,1/4,,West,,,4Th,Street,,,,,,,,,,,,,90017.0,,Los Angeles,Los Angeles,,,,,LA City,{5860DAE7-E804-40E2-8CEF-D3846601062E},0,,5860DAE7-E804-40E2-8CEF-D3846601062E,Unknown,,W,,,St,W 4Th St,2024/05/12 21:05:27+00,1609 1/4 W 4Th St Los Angeles 90017,5860DAE7-E804-40E2-8CEF-D3846601062E_1609_1/4_W_4Th_St_Los_Angeles_90017,4Th,1609 1/4 W 4Th Street St Los Angeles 90017,,,,
667554,1244301,,5153007014.0,,1609.0,,,West,,,4Th,Street,,,,,,,,,,,,,90017.0,,Los Angeles,Los Angeles,,,,,LA City,{0478457C-A7FE-43CD-BBA7-DCAFAEBDE86C},0,,0478457C-A7FE-43CD-BBA7-DCAFAEBDE86C,Unknown,,W,,,St,W 4Th St,2024/05/12 21:05:27+00,1609 W 4Th St Los Angeles 90017,0478457C-A7FE-43CD-BBA7-DCAFAEBDE86C_1609_W_4Th_St_Los_Angeles_90017,4Th,1609 W 4Th Street St Los Angeles 90017,,,,
667555,1244302,,5153007014.0,,1611.0,,,West,,,4Th,Street,,,,,,,,,,,,,90017.0,,Los Angeles,Los Angeles,,,,,LA City,{206205E8-57C3-42E5-8705-A6CF52BCDA15},0,,206205E8-57C3-42E5-8705-A6CF52BCDA15,Unknown,,W,,,St,W 4Th St,2024/05/12 21:05:27+00,1611 W 4Th St Los Angeles 90017,206205E8-57C3-42E5-8705-A6CF52BCDA15_1611_W_4Th_St_Los_Angeles_90017,4Th,1611 W 4Th Street St Los Angeles 90017,,,,
667556,1244303,,5153007014.0,,1611.0,3/4,,West,,,4Th,Street,,,,,,,,,,,,,90017.0,,Los Angeles,Los Angeles,,,,,LA City,{1CF98921-7FEF-49CF-93A1-C2CC30992EB5},0,,1CF98921-7FEF-49CF-93A1-C2CC30992EB5,Unknown,,W,,,St,W 4Th St,2024/05/12 21:05:27+00,1611 3/4 W 4Th St Los Angeles 90017,1CF98921-7FEF-49CF-93A1-C2CC30992EB5_1611_3/4_W_4Th_St_Los_Angeles_90017,4Th,1611 3/4 W 4Th Street St Los Angeles 90017,,,,
667557,1244304,,5153007014.0,,1615.0,1/2,,West,,,4Th,Street,,,,,,,,,,,,,90017.0,,Los Angeles,Los Angeles,,,,,LA City,{850DC430-38FC-4A06-8EC3-31DE92E20CF5},0,,850DC430-38FC-4A06-8EC3-31DE92E20CF5,Unknown,,W,,,St,W 4Th St,2024/05/12 21:05:27+00,1615 1/2 W 4Th St Los Angeles 90017,850DC430-38FC-4A06-8EC3-31DE92E20CF5_1615_1/2_W_4Th_St_Los_Angeles_90017,4Th,1615 1/2 W 4Th Street St Los Angeles 90017,,,,
667558,1244305,,5153007014.0,,1615.0,1/4,,West,,,4Th,Street,,,,,,,,,,,,,90017.0,,Los Angeles,Los Angeles,,,,,LA City,{1A485D80-2A4A-49EA-A659-775AEE48E2DD},0,,1A485D80-2A4A-49EA-A659-775AEE48E2DD,Unknown,,W,,,St,W 4Th St,2024/05/12 21:05:27+00,1615 1/4 W 4Th St Los Angeles 90017,1A485D80-2A4A-49EA-A659-775AEE48E2DD_1615_1/4_W_4Th_St_Los_Angeles_90017,4Th,1615 1/4 W 4Th Street St Los Angeles 90017,,,,
667559,1244306,,5153007014.0,,1615.0,,,West,,,4Th,Street,,,,,,,,,,,,,90017.0,,Los Angeles,Los Angeles,,,,,LA City,{5D0FC48C-219C-4AFE-95D9-5D1049D80F93},0,,5D0FC48C-219C-4AFE-95D9-5D1049D80F93,Unknown,,W,,,St,W 4Th St,2024/05/12 21:05:27+00,1615 W 4Th St Los Angeles 90017,5D0FC48C-219C-4AFE-95D9-5D1049D80F93_1615_W_4Th_St_Los_Angeles_90017,4Th,1615 W 4Th Street St Los Angeles 90017,,,,
667560,1244307,,5153007014.0,,1611.0,1/2,,West,,,4Th,Street,,,,,,,,,,,,,90017.0,,Los Angeles,Los Angeles,,,,,LA City,{4CCB9A35-A2C6-4065-B93E-95A226F4C785},0,,4CCB9A35-A2C6-4065-B93E-95A226F4C785,Unknown,,W,,,St,W 4Th St,2024/05/12 21:05:27+00,1611 1/2 W 4Th St Los Angeles 90017,4CCB9A35-A2C6-4065-B93E-95A226F4C785_1611_1/2_W_4Th_St_Los_Angeles_90017,4Th,1611 1/2 W 4Th Street St Los Angeles 90017,,,,
667561,1244308,,5153007014.0,,1611.0,5/8,,West,,,4Th,Street,,,,,,,,,,,,,90017.0,,Los Angeles,Los Angeles,,,,,LA City,{28AA8642-9068-43FB-BFAC-D55629216C38},0,,28AA8642-9068-43FB-BFAC-D55629216C38,Unknown,,W,,,St,W 4Th St,2024/05/12 21:05:27+00,1611 5/8 W 4Th St Los Angeles 90017,28AA8642-9068-43FB-BFAC-D55629216C38_1611_5/8_W_4Th_St_Los_Angeles_90017,4Th,1611 5/8 W 4Th Street St Los Angeles 90017,,,,
667562,1244309,,5153007014.0,,1611.0,1/8,,West,,,4Th,Street,,,,,,,,,,,,,90017.0,,Los Angeles,Los Angeles,,,,,LA City,{B2FF7FCB-10DE-4F71-AB00-5BE4F0806910},0,,B2FF7FCB-10DE-4F71-AB00-5BE4F0806910,Unknown,,W,,,St,W 4Th St,2024/05/12 21:05:27+00,1611 1/8 W 4Th St Los Angeles 90017,B2FF7FCB-10DE-4F71-AB00-5BE4F0806910_1611_1/8_W_4Th_St_Los_Angeles_90017,4Th,1611 1/8 W 4Th Street St Los Angeles 90017,,,,
667563,1244310,,5153007014.0,,1611.0,1/4,,West,,,4Th,Street,,,,,,,,,,,,,90017.0,,Los Angeles,Los Angeles,,,,,LA City,{410F6139-F0BD-43C0-997B-EC107BCBD90C},0,,410F6139-F0BD-43C0-997B-EC107BCBD90C,Unknown,,W,,,St,W 4Th St,2024/05/12 21:05:27+00,1611 1/4 W 4Th St Los Angeles 90017,410F6139-F0BD-43C0-997B-EC107BCBD90C_1611_1/4_W_4Th_St_Los_Angeles_90017,4Th,1611 1/4 W 4Th Street St Los Angeles 90017,,,,
667564,1244311,,5153007017.0,,1630.0,,,West,,,3Rd,Street,,,,,,,,,,,,1-101,90017.0,,Los Angeles,Los Angeles,,,,,LA City,{0D9DF319-997B-4B60-83A6-14AA32231F34},0,,0D9DF319-997B-4B60-83A6-14AA32231F34,Unknown,,W,,,St,W 3Rd St,2023/09/12 23:03:18+00,1630 W 3Rd St 1-101 Los Angeles 90017,0D9DF319-997B-4B60-83A6-14AA32231F34_1630_W_3Rd_St_1-101_Los_Angeles_90017,3Rd,1630 W 3Rd Street St 1-101 Los Angeles 90017,,,,
667565,1244312,,5153007017.0,,1603.0,,,West,,,4Th,Street,,,,,,,,,,,,,90017.0,,Los Angeles,Los Angeles,,,,,LA City,{882F590F-B3AE-4DDD-883C-9F6882AE204B},0,,882F590F-B3AE-4DDD-883C-9F6882AE204B,Unknown,,W,,,St,W 4Th St,2023/09/12 23:03:18+00,1603 W 4Th St Los Angeles 90017,882F590F-B3AE-4DDD-883C-9F6882AE204B_1603_W_4Th_St_Los_Angeles_90017,4Th,1603 W 4Th Street St Los Angeles 90017,,,,
667566,1244313,,5153007021.0,,379.0,,,South,,,Loma,Drive,,,,,,,,,,,,,90017.0,,Los Angeles,Los Angeles,,,,,LA City,{7BC09315-BE9B-401B-9B4B-E29784DCDDDC},0,,7BC09315-BE9B-401B-9B4B-E29784DCDDDC,Unknown,,S,,,Dr,S Loma Dr,2023/09/12 23:03:18+00,379 S Loma Dr Los Angeles 90017,7BC09315-BE9B-401B-9B4B-E29784DCDDDC_379_S_Loma_Dr_Los_Angeles_90017,Loma,379 S Loma Drive Dr Los Angeles 90017,,,,
667567,1244314,,5153007022.0,,303.0,,,South,,,Loma,Drive,,,,,,,,,,,,,90017.0,,Los Angeles,Los Angeles,,,,,LA City,{EAAF06CA-56DC-4053-99C7-60BA407047FA},0,,EAAF06CA-56DC-4053-99C7-60BA407047FA,Unknown,,S,,,Dr,S Loma Dr,2023/09/12 23:03:18+00,303 S Loma Dr Los Angeles 90017,EAAF06CA-56DC-4053-99C7-60BA407047FA_303_S_Loma_Dr_Los_Angeles_90017,Loma,303 S Loma Drive Dr Los Angeles 90017,,,,
667568,1244315,,5153007022.0,,309.0,,,South,,,Loma,Drive,,,,,,,,,,,,,90017.0,,Los Angeles,Los Angeles,,,,,LA City,{01715D02-B91E-4764-B0B3-78C546D14B2F},0,,01715D02-B91E-4764-B0B3-78C546D14B2F,Unknown,,S,,,Dr,S Loma Dr,2023/09/12 23:03:18+00,309 S Loma Dr Los Angeles 90017,01715D02-B91E-4764-B0B3-78C546D14B2F_309_S_Loma_Dr_Los_Angeles_90017,Loma,309 S Loma Drive Dr Los Angeles 90017,,,,
667569,1244316,,5153008012.0,,1639.0,,,West,,,4Th,Street,,,,,,,,,,,,,90017.0,,Los Angeles,Los Angeles,,,,,LA City,{211118CD-4AC4-4649-A670-F53F0919F089},0,,211118CD-4AC4-4649-A670-F53F0919F089,Unknown,,W,,,St,W 4Th St,2023/09/12 23:03:18+00,1639 W 4Th St Los Angeles 90017,211118CD-4AC4-4649-A670-F53F0919F089_1639_W_4Th_St_Los_Angeles_90017,4Th,1639 W 4Th Street St Los Angeles 90017,,,,
667570,1244317,,5153008012.0,,1635.0,,,West,,,4Th,Street,,,,,,,,,,,,,90017.0,,Los Angeles,Los Angeles,,,,,LA City,{563539E4-CA2C-4984-A3D1-A3515B7E5D7A},0,,563539E4-CA2C-4984-A3D1-A3515B7E5D7A,Unknown,,W,,,St,W 4Th St,2023/09/12 23:03:18+00,1635 W 4Th St Los Angeles 90017,563539E4-CA2C-4984-A3D1-A3515B7E5D7A_1635_W_4Th_St_Los_Angeles_90017,4Th,1635 W 4Th Street St Los Angeles 90017,,,,
667571,1244318,,5153008012.0,,1641.0,,,West,,,4Th,Street,,,,,,,,,,,,,90017.0,,Los Angeles,Los Angeles,,,,,LA City,{137208BD-BCE1-457F-9546-835142EB53A9},0,,137208BD-BCE1-457F-9546-835142EB53A9,Unknown,,W,,,St,W 4Th St,2023/09/12 23:03:18+00,1641 W 4Th St Los Angeles 90017,137208BD-BCE1-457F-9546-835142EB53A9_1641_W_4Th_St_Los_Angeles_90017,4Th,1641 W 4Th Street St Los Angeles 90017,,,,
667572,1244319,,5153008012.0,,1637.0,,,West,,,4Th,Street,,,,,,,,,,,,,90017.0,,Los Angeles,Los Angeles,,,,,LA City,{53BC6B2F-3DC9-4524-94EF-7A7BDEF979AC},0,,53BC6B2F-3DC9-4524-94EF-7A7BDEF979AC,Unknown,,W,,,St,W 4Th St,2023/09/12 23:03:18+00,1637 W 4Th St Los Angeles 90017,53BC6B2F-3DC9-4524-94EF-7A7BDEF979AC_1637_W_4Th_St_Los_Angeles_90017,4Th,1637 W 4Th Street St Los Angeles 90017,,,,
667573,1244320,,5153008013.0,,1633.0,,,West,,,4Th,Street,,,,,,,,,,,,,90017.0,,Los Angeles,Los Angeles,,,,,LA City,{CA8AE389-4701-4B04-BC0F-CC1B4FBD9A62},0,,CA8AE389-4701-4B04-BC0F-CC1B4FBD9A62,Unknown,,W,,,St,W 4Th St,2024/05/12 21:05:27+00,1633 W 4Th St Los Angeles 90017,CA8AE389-4701-4B04-BC0F-CC1B4FBD9A62_1633_W_4Th_St_Los_Angeles_90017,4Th,1633 W 4Th Street St Los Angeles 90017,,,,
667574,1244321,,5153008013.0,,1629.0,1/4,,West,,,4Th,Street,,,,,,,,,,,,,90017.0,,Los Angeles,Los Angeles,,,,,LA City,{2B3D5AB3-03E3-40FA-A9AF-F4645913ABA9},0,,2B3D5AB3-03E3-40FA-A9AF-F4645913ABA9,Unknown,,W,,,St,W 4Th St,2024/05/12 21:05:27+00,1629 1/4 W 4Th St Los Angeles 90017,2B3D5AB3-03E3-40FA-A9AF-F4645913ABA9_1629_1/4_W_4Th_St_Los_Angeles_90017,4Th,1629 1/4 W 4Th Street St Los Angeles 90017,,,,
667575,1244322,,5153008013.0,,1633.0,3/4,,West,,,4Th,Street,,,,,,,,,,,,,90017.0,,Los Angeles,Los Angeles,,,,,LA City,{A9DF4B51-772E-48FE-ACEC-E85E99E2D56D},0,,A9DF4B51-772E-48FE-ACEC-E85E99E2D56D,Unknown,,W,,,St,W 4Th St,2024/05/12 21:05:27+00,1633 3/4 W 4Th St Los Angeles 90017,A9DF4B51-772E-48FE-ACEC-E85E99E2D56D_1633_3/4_W_4Th_St_Los_Angeles_90017,4Th,1633 3/4 W 4Th Street St Los Angeles 90017,,,,
667576,1244323,,5153008013.0,,1629.0,1/2,,West,,,4Th,Street,,,,,,,,,,,,,90017.0,,Los Angeles,Los Angeles,,,,,LA City,{8E37A37F-9CE0-4A2F-8469-4D2AE817812E},0,,8E37A37F-9CE0-4A2F-8469-4D2AE817812E,Unknown,,W,,,St,W 4Th St,2024/05/12 21:05:27+00,1629 1/2 W 4Th St Los Angeles 90017,8E37A37F-9CE0-4A2F-8469-4D2AE817812E_1629_1/2_W_4Th_St_Los_Angeles_90017,4Th,1629 1/2 W 4Th Street St Los Angeles 90017,,,,
667577,1244324,,5153008013.0,,1633.0,1/2,,West,,,4Th,Street,,,,,,,,,,,,,90017.0,,Los Angeles,Los Angeles,,,,,LA City,{2E0444B3-D44A-4173-9735-303A6825C224},0,,2E0444B3-D44A-4173-9735-303A6825C224,Unknown,,W,,,St,W 4Th St,2024/05/12 21:05:27+00,1633 1/2 W 4Th St Los Angeles 90017,2E0444B3-D44A-4173-9735-303A6825C224_1633_1/2_W_4Th_St_Los_Angeles_90017,4Th,1633 1/2 W 4Th Street St Los Angeles 90017,,,,
667578,1244325,,5153008013.0,,1629.0,,,West,,,4Th,Street,,,,,,,,,,,,,90017.0,,Los Angeles,Los Angeles,,,,,LA City,{C2C5782A-6A93-4EBD-95BD-681AE241DBC3},0,,C2C5782A-6A93-4EBD-95BD-681AE241DBC3,Unknown,,W,,,St,W 4Th St,2024/05/12 21:05:27+00,1629 W 4Th St Los Angeles 90017,C2C5782A-6A93-4EBD-95BD-681AE241DBC3_1629_W_4Th_St_Los_Angeles_90017,4Th,1629 W 4Th Street St Los Angeles 90017,,,,
667579,1244326,,5153008013.0,,1631.0,3/4,,West,,,4Th,Street,,,,,,,,,,,,,90017.0,,Los Angeles,Los Angeles,,,,,LA City,{393538B7-3C27-44DD-A2D0-B546EC7C50D4},0,,393538B7-3C27-44DD-A2D0-B546EC7C50D4,Unknown,,W,,,St,W 4Th St,2024/05/12 21:05:27+00,1631 3/4 W 4Th St Los Angeles 90017,393538B7-3C27-44DD-A2D0-B546EC7C50D4_1631_3/4_W_4Th_St_Los_Angeles_90017,4Th,1631 3/4 W 4Th Street St Los Angeles 90017,,,,
667580,1244327,,5153008013.0,,1631.0,,,West,,,4Th,Street,,,,,,,,,,,,,90017.0,,Los Angeles,Los Angeles,,,,,LA City,{4065B01B-710C-4B50-BE48-3536BD52E2EE},0,,4065B01B-710C-4B50-BE48-3536BD52E2EE,Unknown,,W,,,St,W 4Th St,2024/05/12 21:05:27+00,1631 W 4Th St Los Angeles 90017,4065B01B-710C-4B50-BE48-3536BD52E2EE_1631_W_4Th_St_Los_Angeles_90017,4Th,1631 W 4Th Street St Los Angeles 90017,,,,
667581,1244328,,5153008013.0,,1631.0,1/2,,West,,,4Th,Street,,,,,,,,,,,,,90017.0,,Los Angeles,Los Angeles,,,,,LA City,{0947BC7B-F777-472C-982D-1AFA12233055},0,,0947BC7B-F777-472C-982D-1AFA12233055,Unknown,,W,,,St,W 4Th St,2024/05/12 21:05:27+00,1631 1/2 W 4Th St Los Angeles 90017,0947BC7B-F777-472C-982D-1AFA12233055_1631_1/2_W_4Th_St_Los_Angeles_90017,4Th,1631 1/2 W 4Th Street St Los Angeles 90017,,,,
667582,1244329,,5153008013.0,,1633.0,1/4,,West,,,4Th,Street,,,,,,,,,,,,,90017.0,,Los Angeles,Los Angeles,,,,,LA City,{9DE5408B-AB79-479B-B726-A0C2294F372C},0,,9DE5408B-AB79-479B-B726-A0C2294F372C,Unknown,,W,,,St,W 4Th St,2024/05/12 21:05:27+00,1633 1/4 W 4Th St Los Angeles 90017,9DE5408B-AB79-479B-B726-A0C2294F372C_1633_1/4_W_4Th_St_Los_Angeles_90017,4Th,1633 1/4 W 4Th Street St Los Angeles 90017,,,,
667583,1244330,,5153008013.0,,1631.0,1/4,,West,,,4Th,Street,,,,,,,,,,,,,90017.0,,Los Angeles,Los Angeles,,,,,LA City,{6AAAB582-F8D4-4617-B17A-07938DB8CE38},0,,6AAAB582-F8D4-4617-B17A-07938DB8CE38,Unknown,,W,,,St,W 4Th St,2024/05/12 21:05:27+00,1631 1/4 W 4Th St Los Angeles 90017,6AAAB582-F8D4-4617-B17A-07938DB8CE38_1631_1/4_W_4Th_St_Los_Angeles_90017,4Th,1631 1/4 W 4Th Street St Los Angeles 90017,,,,
667584,1244331,,5153008016.0,,1643.0,,,West,,,4Th,Street,,,,,,,,,,,,,90017.0,,Los Angeles,Los Angeles,,,,,LA City,{3C02EED6-DA40-4534-B80E-F5FAFC097D09},0,,3C02EED6-DA40-4534-B80E-F5FAFC097D09,Unknown,,W,,,St,W 4Th St,2023/09/12 23:03:18+00,1643 W 4Th St Los Angeles 90017,3C02EED6-DA40-4534-B80E-F5FAFC097D09_1643_W_4Th_St_Los_Angeles_90017,4Th,1643 W 4Th Street St Los Angeles 90017,,,,
667585,1244332,,5153008017.0,,1666.0,,,West,,,3Rd,Street,,,,,,,,,,,,,90017.0,,Los Angeles,Los Angeles,,,,,LA City,{83AE8BEC-F845-4D6F-8C01-A0220ADBF9A6},0,,83AE8BEC-F845-4D6F-8C01-A0220ADBF9A6,Unknown,,W,,,St,W 3Rd St,2023/09/12 23:03:18+00,1666 W 3Rd St Los Angeles 90017,83AE8BEC-F845-4D6F-8C01-A0220ADBF9A6_1666_W_3Rd_St_Los_Angeles_90017,3Rd,1666 W 3Rd Street St Los Angeles 90017,,,,
667586,1244333,,5153008017.0,,315.0,,,South,,,Union,Place,,,,,,,,,,,,,90017.0,,Los Angeles,Los Angeles,,,,,LA City,{1BEA0727-6019-47B5-9AD5-320D3F7A5D81},0,,1BEA0727-6019-47B5-9AD5-320D3F7A5D81,Unknown,,S,,,Pl,S Union Pl,2023/09/12 23:03:18+00,315 S Union Pl Los Angeles 90017,1BEA0727-6019-47B5-9AD5-320D3F7A5D81_315_S_Union_Pl_Los_Angeles_90017,Union,315 S Union Place Pl Los Angeles 90017,,,,
667587,1244334,,5153008017.0,,311.0,,,South,,,Union,Place,,,,,,,,,,,,,90017.0,,Los Angeles,Los Angeles,,,,,LA City,{F137EA0D-95DE-4F13-AFFC-23448658F56A},0,,F137EA0D-95DE-4F13-AFFC-23448658F56A,Unknown,,S,,,Pl,S Union Pl,2023/09/12 23:03:18+00,311 S Union Pl Los Angeles 90017,F137EA0D-95DE-4F13-AFFC-23448658F56A_311_S_Union_Pl_Los_Angeles_90017,Union,311 S Union Place Pl Los Angeles 90017,,,,
667588,1244335,,5153008017.0,,1660.0,,,West,,,3Rd,Street,,,,,,,,,,,,,90017.0,,Los Angeles,Los Angeles,,,,,LA City,{7663C0F6-5619-4D85-8D81-EEA17314F797},0,,7663C0F6-5619-4D85-8D81-EEA17314F797,Unknown,,W,,,St,W 3Rd St,2023/09/12 23:03:18+00,1660 W 3Rd St Los Angeles 90017,7663C0F6-5619-4D85-8D81-EEA17314F797_1660_W_3Rd_St_Los_Angeles_90017,3Rd,1660 W 3Rd Street St Los Angeles 90017,,,,
667589,1244336,,5153009001.0,,1615.0,,,West,,,3Rd,Street,,,,,,,,,,,,,90017.0,,Los Angeles,Los Angeles,,,,,LA City,{9A359956-F0D4-4D68-9A42-B63626B51240},0,,9A359956-F0D4-4D68-9A42-B63626B51240,Unknown,,W,,,St,W 3Rd St,2023/09/12 23:03:18+00,1615 W 3Rd St Los Angeles 90017,9A359956-F0D4-4D68-9A42-B63626B51240_1615_W_3Rd_St_Los_Angeles_90017,3Rd,1615 W 3Rd Street St Los Angeles 90017,,,,
667614,1244361,,5153009020.0,,1631.0,,,West,,,3Rd,Street,,,,,,,,,,,,,90017.0,,Los Angeles,Los Angeles,,,,,LA City,{D39566BD-92B0-4739-A8FA-D39D7ED8F678},0,,D39566BD-92B0-4739-A8FA-D39D7ED8F678,Unknown,,W,,,St,W 3Rd St,2023/09/12 23:03:18+00,1631 W 3Rd St Los Angeles 90017,D39566BD-92B0-4739-A8FA-D39D7ED8F678_1631_W_3Rd_St_Los_Angeles_90017,3Rd,1631 W 3Rd Street St Los Angeles 90017,,,,
667658,1244405,,5153010028.0,,1657.0,,,West,,,3Rd,Street,,,,,,,,,,,,,90017.0,,Los Angeles,Los Angeles,,,,,LA City,{54F4B875-B8CB-4E9A-93DF-8B1750FA02E3},0,,54F4B875-B8CB-4E9A-93DF-8B1750FA02E3,Unknown,,W,,,St,W 3Rd St,2023/09/12 23:03:18+00,1657 W 3Rd St Los Angeles 90017,54F4B875-B8CB-4E9A-93DF-8B1750FA02E3_1657_W_3Rd_St_Los_Angeles_90017,3Rd,1657 W 3Rd Street St Los Angeles 90017,,,,
667924,1244671,,5153018005.0,,1513.0,,,West,,,3Rd,Street,,,,,,,,,,,,,90017.0,,Los Angeles,Los Angeles,,,,,LA City,{F5B33D4A-1984-4C40-9B76-61C0E4F4571C},0,,F5B33D4A-1984-4C40-9B76-61C0E4F4571C,Unknown,,W,,,St,W 3Rd St,2023/09/12 23:03:18+00,1513 W 3Rd St Los Angeles 90017,F5B33D4A-1984-4C40-9B76-61C0E4F4571C_1513_W_3Rd_St_Los_Angeles_90017,3Rd,1513 W 3Rd Street St Los Angeles 90017,,,,
667925,1244672,,5153018005.0,,1511.0,,,West,,,3Rd,Street,,,,,,,,,,,,,90017.0,,Los Angeles,Los Angeles,,,,,LA City,{5AFAC72C-96DC-49DA-A402-8D910B81059E},0,,5AFAC72C-96DC-49DA-A402-8D910B81059E,Unknown,,W,,,St,W 3Rd St,2023/09/12 23:03:18+00,1511 W 3Rd St Los Angeles 90017,5AFAC72C-96DC-49DA-A402-8D910B81059E_1511_W_3Rd_St_Los_Angeles_90017,3Rd,1511 W 3Rd Street St Los Angeles 90017,,,,
667926,1244673,,5153018005.0,,1509.0,,,West,,,3Rd,Street,,,,,,,,,,,,,90017.0,,Los Angeles,Los Angeles,,,,,LA City,{EF38CBD6-4303-420D-9EF6-746F265147D5},0,,EF38CBD6-4303-420D-9EF6-746F265147D5,Unknown,,W,,,St,W 3Rd St,2023/09/12 23:03:18+00,1509 W 3Rd St Los Angeles 90017,EF38CBD6-4303-420D-9EF6-746F265147D5_1509_W_3Rd_St_Los_Angeles_90017,3Rd,1509 W 3Rd Street St Los Angeles 90017,,,,
667931,1244678,,5153018006.0,,1523.0,,,West,,,3Rd,Street,,,,,,,,,,,,,90017.0,,Los Angeles,Los Angeles,,,,,LA City,{5F277877-5409-42B5-A77C-33B80F47F079},0,,5F277877-5409-42B5-A77C-33B80F47F079,Unknown,,W,,,St,W 3Rd St,2023/09/12 23:03:18+00,1523 W 3Rd St Los Angeles 90017,5F277877-5409-42B5-A77C-33B80F47F079_1523_W_3Rd_St_Los_Angeles_90017,3Rd,1523 W 3Rd Street St Los Angeles 90017,,,,
667932,1244679,,5153018006.0,,1525.0,,,West,,,3Rd,Street,,,,,,,,,,,,,90017.0,,Los Angeles,Los Angeles,,,,,LA City,{DEE6272C-C88D-416F-8C65-1FD8323D84EF},0,,DEE6272C-C88D-416F-8C65-1FD8323D84EF,Unknown,,W,,,St,W 3Rd St,2023/09/12 23:03:18+00,1525 W 3Rd St Los Angeles 90017,DEE6272C-C88D-416F-8C65-1FD8323D84EF_1525_W_3Rd_St_Los_Angeles_90017,3Rd,1525 W 3Rd Street St Los Angeles 90017,,,,
667934,1244681,,5153018006.0,,1521.0,,,West,,,3Rd,Street,,,,,,,,,,,,,90017.0,,Los Angeles,Los Angeles,,,,,LA City,{F9F8B05F-9BFF-43B0-B774-2CAAF9CC7065},0,,F9F8B05F-9BFF-43B0-B774-2CAAF9CC7065,Unknown,,W,,,St,W 3Rd St,2023/09/12 23:03:18+00,1521 W 3Rd St Los Angeles 90017,F9F8B05F-9BFF-43B0-B774-2CAAF9CC7065_1521_W_3Rd_St_Los_Angeles_90017,3Rd,1521 W 3Rd Street St Los Angeles 90017,,,,
667935,1244682,,5153019004.0,,305.0,1/2,,South,,,Columbia,Avenue,,,,,,,,,,,,,90017.0,,Los Angeles,Los Angeles,,,,,LA City,{0C9F748D-DD85-44D3-96E8-0352C3C6AFD5},0,,0C9F748D-DD85-44D3-96E8-0352C3C6AFD5,Unknown,,S,,,Ave,S Columbia Ave,2024/05/12 21:05:27+00,305 1/2 S Columbia Ave Los Angeles 90017,0C9F748D-DD85-44D3-96E8-0352C3C6AFD5_305_1/2_S_Columbia_Ave_Los_Angeles_90017,Columbia,305 1/2 S Columbia Avenue Ave Los Angeles 90017,,,,
667936,1244683,,5153019004.0,,307.0,1/2,,South,,,Columbia,Avenue,,,,,,,,,,,,,90017.0,,Los Angeles,Los Angeles,,,,,LA City,{FA41772F-9641-4E0B-8F19-8D7F404BA0AC},0,,FA41772F-9641-4E0B-8F19-8D7F404BA0AC,Unknown,,S,,,Ave,S Columbia Ave,2024/05/12 21:05:27+00,307 1/2 S Columbia Ave Los Angeles 90017,FA41772F-9641-4E0B-8F19-8D7F404BA0AC_307_1/2_S_Columbia_Ave_Los_Angeles_90017,Columbia,307 1/2 S Columbia Avenue Ave Los Angeles 90017,,,,
667937,1244684,,5153019004.0,,309.0,1/2,,South,,,Columbia,Avenue,,,,,,,,,,,,,90017.0,,Los Angeles,Los Angeles,,,,,LA City,{7E8DCDAB-6538-476A-A78F-4ED075A1BE79},0,,7E8DCDAB-6538-476A-A78F-4ED075A1BE79,Unknown,,S,,,Ave,S Columbia Ave,2024/05/12 21:05:27+00,309 1/2 S Columbia Ave Los Angeles 90017,7E8DCDAB-6538-476A-A78F-4ED075A1BE79_309_1/2_S_Columbia_Ave_Los_Angeles_90017,Columbia,309 1/2 S Columbia Avenue Ave Los Angeles 90017,,,,
667938,1244685,,5153019004.0,,305.0,,,South,,,Columbia,Avenue,,,,,,,,,,,,,90017.0,,Los Angeles,Los Angeles,,,,,LA City,{A045E70E-6DDE-4A37-94C6-BBBC67ECF5F2},0,,A045E70E-6DDE-4A37-94C6-BBBC67ECF5F2,Unknown,,S,,,Ave,S Columbia Ave,2024/05/12 21:05:27+00,305 S Columbia Ave Los Angeles 90017,A045E70E-6DDE-4A37-94C6-BBBC67ECF5F2_305_S_Columbia_Ave_Los_Angeles_90017,Columbia,305 S Columbia Avenue Ave Los Angeles 90017,,,,
667939,1244686,,5153019004.0,,309.0,,,South,,,Columbia,Avenue,,,,,,,,,,,,,90017.0,,Los Angeles,Los Angeles,,,,,LA City,{5A6E98AA-A38C-40AE-9163-014A6BD11BE8},0,,5A6E98AA-A38C-40AE-9163-014A6BD11BE8,Unknown,,S,,,Ave,S Columbia Ave,2024/05/12 21:05:27+00,309 S Columbia Ave Los Angeles 90017,5A6E98AA-A38C-40AE-9163-014A6BD11BE8_309_S_Columbia_Ave_Los_Angeles_90017,Columbia,309 S Columbia Avenue Ave Los Angeles 90017,,,,
667940,1244687,,5153019004.0,,307.0,,,South,,,Columbia,Avenue,,,,,,,,,,,,,90017.0,,Los Angeles,Los Angeles,,,,,LA City,{8AF1821A-B245-45AE-B5B4-824C4616C7E5},0,,8AF1821A-B245-45AE-B5B4-824C4616C7E5,Unknown,,S,,,Ave,S Columbia Ave,2024/05/12 21:05:27+00,307 S Columbia Ave Los Angeles 90017,8AF1821A-B245-45AE-B5B4-824C4616C7E5_307_S_Columbia_Ave_Los_Angeles_90017,Columbia,307 S Columbia Avenue Ave Los Angeles 90017,,,,
667941,1244688,,5153019005.0,,311.0,1/4,,South,,,Columbia,Avenue,,,,,,,,,,,,,90017.0,,Los Angeles,Los Angeles,,,,,LA City,{F0820192-60EB-4DC6-8317-A15C42B30BAD},0,,F0820192-60EB-4DC6-8317-A15C42B30BAD,Unknown,,S,,,Ave,S Columbia Ave,2024/05/12 21:05:27+00,311 1/4 S Columbia Ave Los Angeles 90017,F0820192-60EB-4DC6-8317-A15C42B30BAD_311_1/4_S_Columbia_Ave_Los_Angeles_90017,Columbia,311 1/4 S Columbia Avenue Ave Los Angeles 90017,,,,
667942,1244689,,5153019005.0,,311.0,1/2,,South,,,Columbia,Avenue,,,,,,,,,,,,,90017.0,,Los Angeles,Los Angeles,,,,,LA City,{C5FF0485-BD82-4A35-B06C-CABACE3F62A7},0,,C5FF0485-BD82-4A35-B06C-CABACE3F62A7,Unknown,,S,,,Ave,S Columbia Ave,2024/05/12 21:05:27+00,311 1/2 S Columbia Ave Los Angeles 90017,C5FF0485-BD82-4A35-B06C-CABACE3F62A7_311_1/2_S_Columbia_Ave_Los_Angeles_90017,Columbia,311 1/2 S Columbia Avenue Ave Los Angeles 90017,,,,
667943,1244690,,5153019005.0,,317.0,,,South,,,Columbia,Avenue,,,,,,,,,,,,,90017.0,,Los Angeles,Los Angeles,,,,,LA City,{50125DD3-0DF3-47A2-AF25-9F6D5AE3F0C6},0,,50125DD3-0DF3-47A2-AF25-9F6D5AE3F0C6,Unknown,,S,,,Ave,S Columbia Ave,2024/05/12 21:05:27+00,317 S Columbia Ave Los Angeles 90017,50125DD3-0DF3-47A2-AF25-9F6D5AE3F0C6_317_S_Columbia_Ave_Los_Angeles_90017,Columbia,317 S Columbia Avenue Ave Los Angeles 90017,,,,
667944,1244691,,5153019005.0,,315.0,1/4,,South,,,Columbia,Avenue,,,,,,,,,,,,,90017.0,,Los Angeles,Los Angeles,,,,,LA City,{F07D3B4D-E89F-4D2F-9BF9-1A97DBDE3762},0,,F07D3B4D-E89F-4D2F-9BF9-1A97DBDE3762,Unknown,,S,,,Ave,S Columbia Ave,2024/05/12 21:05:27+00,315 1/4 S Columbia Ave Los Angeles 90017,F07D3B4D-E89F-4D2F-9BF9-1A97DBDE3762_315_1/4_S_Columbia_Ave_Los_Angeles_90017,Columbia,315 1/4 S Columbia Avenue Ave Los Angeles 90017,,,,
667945,1244692,,5153019005.0,,313.0,,,South,,,Columbia,Avenue,,,,,,,,,,,,,90017.0,,Los Angeles,Los Angeles,,,,,LA City,{3DE3556B-5E33-49BB-8473-0187636EAE27},0,,3DE3556B-5E33-49BB-8473-0187636EAE27,Unknown,,S,,,Ave,S Columbia Ave,2024/05/12 21:05:27+00,313 S Columbia Ave Los Angeles 90017,3DE3556B-5E33-49BB-8473-0187636EAE27_313_S_Columbia_Ave_Los_Angeles_90017,Columbia,313 S Columbia Avenue Ave Los Angeles 90017,,,,
667946,1244693,,5153019005.0,,317.0,1/2,,South,,,Columbia,Avenue,,,,,,,,,,,,,90017.0,,Los Angeles,Los Angeles,,,,,LA City,{AF0DB776-60B9-42DD-979E-E2729850D3CF},0,,AF0DB776-60B9-42DD-979E-E2729850D3CF,Unknown,,S,,,Ave,S Columbia Ave,2024/05/12 21:05:27+00,317 1/2 S Columbia Ave Los Angeles 90017,AF0DB776-60B9-42DD-979E-E2729850D3CF_317_1/2_S_Columbia_Ave_Los_Angeles_90017,Columbia,317 1/2 S Columbia Avenue Ave Los Angeles 90017,,,,
667947,1244694,,5153019005.0,,313.0,3/4,,South,,,Columbia,Avenue,,,,,,,,,,,,,90017.0,,Los Angeles,Los Angeles,,,,,LA City,{0A0701A9-4B17-469C-9E28-3BC3C983526E},0,,0A0701A9-4B17-469C-9E28-3BC3C983526E,Unknown,,S,,,Ave,S Columbia Ave,2024/05/12 21:05:27+00,313 3/4 S Columbia Ave Los Angeles 90017,0A0701A9-4B17-469C-9E28-3BC3C983526E_313_3/4_S_Columbia_Ave_Los_Angeles_90017,Columbia,313 3/4 S Columbia Avenue Ave Los Angeles 90017,,,,
667948,1244695,,5153019005.0,,315.0,3/4,,South,,,Columbia,Avenue,,,,,,,,,,,,,90017.0,,Los Angeles,Los Angeles,,,,,LA City,{AAA2BB05-5F60-42DF-AEA5-6DA86878AA30},0,,AAA2BB05-5F60-42DF-AEA5-6DA86878AA30,Unknown,,S,,,Ave,S Columbia Ave,2024/05/12 21:05:27+00,315 3/4 S Columbia Ave Los Angeles 90017,AAA2BB05-5F60-42DF-AEA5-6DA86878AA30_315_3/4_S_Columbia_Ave_Los_Angeles_90017,Columbia,315 3/4 S Columbia Avenue Ave Los Angeles 90017,,,,
667949,1244696,,5153019005.0,,315.0,,,South,,,Columbia,Avenue,,,,,,,,,,,,,90017.0,,Los Angeles,Los Angeles,,,,,LA City,{63599F72-FF86-4627-9A53-132137CD4984},0,,63599F72-FF86-4627-9A53-132137CD4984,Unknown,,S,,,Ave,S Columbia Ave,2024/05/12 21:05:27+00,315 S Columbia Ave Los Angeles 90017,63599F72-FF86-4627-9A53-132137CD4984_315_S_Columbia_Ave_Los_Angeles_90017,Columbia,315 S Columbia Avenue Ave Los Angeles 90017,,,,
667950,1244697,,5153019005.0,,317.0,1/4,,South,,,Columbia,Avenue,,,,,,,,,,,,,90017.0,,Los Angeles,Los Angeles,,,,,LA City,{5E7D77DF-D2CE-4D54-A19E-D6EB10989442},0,,5E7D77DF-D2CE-4D54-A19E-D6EB10989442,Unknown,,S,,,Ave,S Columbia Ave,2024/05/12 21:05:27+00,317 1/4 S Columbia Ave Los Angeles 90017,5E7D77DF-D2CE-4D54-A19E-D6EB10989442_317_1/4_S_Columbia_Ave_Los_Angeles_90017,Columbia,317 1/4 S Columbia Avenue Ave Los Angeles 90017,,,,
667951,1244698,,5153019005.0,,315.0,1/2,,South,,,Columbia,Avenue,,,,,,,,,,,,,90017.0,,Los Angeles,Los Angeles,,,,,LA City,{58B3580C-6485-4BC7-BA16-7AC65C8398DE},0,,58B3580C-6485-4BC7-BA16-7AC65C8398DE,Unknown,,S,,,Ave,S Columbia Ave,2024/05/12 21:05:27+00,315 1/2 S Columbia Ave Los Angeles 90017,58B3580C-6485-4BC7-BA16-7AC65C8398DE_315_1/2_S_Columbia_Ave_Los_Angeles_90017,Columbia,315 1/2 S Columbia Avenue Ave Los Angeles 90017,,,,
667952,1244699,,5153019005.0,,313.0,1/4,,South,,,Columbia,Avenue,,,,,,,,,,,,,90017.0,,Los Angeles,Los Angeles,,,,,LA City,{D5C804DE-6F3D-4CA6-818B-C32868830BFF},0,,D5C804DE-6F3D-4CA6-818B-C32868830BFF,Unknown,,S,,,Ave,S Columbia Ave,2024/05/12 21:05:27+00,313 1/4 S Columbia Ave Los Angeles 90017,D5C804DE-6F3D-4CA6-818B-C32868830BFF_313_1/4_S_Columbia_Ave_Los_Angeles_90017,Columbia,313 1/4 S Columbia Avenue Ave Los Angeles 90017,,,,
667953,1244700,,5153019005.0,,311.0,3/4,,South,,,Columbia,Avenue,,,,,,,,,,,,,90017.0,,Los Angeles,Los Angeles,,,,,LA City,{B4C918C9-3FBC-4C53-B0F5-FCE6F314FCF4},0,,B4C918C9-3FBC-4C53-B0F5-FCE6F314FCF4,Unknown,,S,,,Ave,S Columbia Ave,2024/05/12 21:05:27+00,311 3/4 S Columbia Ave Los Angeles 90017,B4C918C9-3FBC-4C53-B0F5-FCE6F314FCF4_311_3/4_S_Columbia_Ave_Los_Angeles_90017,Columbia,311 3/4 S Columbia Avenue Ave Los Angeles 90017,,,,
667954,1244701,,5153019005.0,,311.0,,,South,,,Columbia,Avenue,,,,,,,,,,,,,90017.0,,Los Angeles,Los Angeles,,,,,LA City,{27A36513-961C-439C-B2AA-791E818DDC65},0,,27A36513-961C-439C-B2AA-791E818DDC65,Unknown,,S,,,Ave,S Columbia Ave,2024/05/12 21:05:27+00,311 S Columbia Ave Los Angeles 90017,27A36513-961C-439C-B2AA-791E818DDC65_311_S_Columbia_Ave_Los_Angeles_90017,Columbia,311 S Columbia Avenue Ave Los Angeles 90017,,,,
667955,1244702,,5153019005.0,,313.0,1/2,,South,,,Columbia,Avenue,,,,,,,,,,,,,90017.0,,Los Angeles,Los Angeles,,,,,LA City,{ED60B138-9F4F-49BB-9A9F-451AD61E06FA},0,,ED60B138-9F4F-49BB-9A9F-451AD61E06FA,Unknown,,S,,,Ave,S Columbia Ave,2024/05/12 21:05:27+00,313 1/2 S Columbia Ave Los Angeles 90017,ED60B138-9F4F-49BB-9A9F-451AD61E06FA_313_1/2_S_Columbia_Ave_Los_Angeles_90017,Columbia,313 1/2 S Columbia Avenue Ave Los Angeles 90017,,,,
667956,1244703,,5153019006.0,,325.0,,,South,,,Columbia,Avenue,,,,,,,,,,,,,90017.0,,Los Angeles,Los Angeles,,,,,LA City,{FBEADD6D-1F68-4043-AB20-BC3197883381},0,,FBEADD6D-1F68-4043-AB20-BC3197883381,Unknown,,S,,,Ave,S Columbia Ave,2024/09/14 08:19:49+00,325 S Columbia Ave Los Angeles 90017,FBEADD6D-1F68-4043-AB20-BC3197883381_325_S_Columbia_Ave_Los_Angeles_90017,Columbia,325 S Columbia Avenue Ave Los Angeles 90017,,,,
667957,1244704,,5153019006.0,,343.0,1/4,,South,,,Columbia,Avenue,,,,,,,,,,,,,90017.0,,Los Angeles,Los Angeles,,,,,LA City,{1E12F4F5-BC0B-4A22-9600-0CF5C3F1C81F},0,,1E12F4F5-BC0B-4A22-9600-0CF5C3F1C81F,Unknown,,S,,,Ave,S Columbia Ave,2024/09/14 08:19:49+00,343 1/4 S Columbia Ave Los Angeles 90017,1E12F4F5-BC0B-4A22-9600-0CF5C3F1C81F_343_1/4_S_Columbia_Ave_Los_Angeles_90017,Columbia,343 1/4 S Columbia Avenue Ave Los Angeles 90017,,,,
667958,1244705,,5153019006.0,,339.0,1/2,,South,,,Columbia,Avenue,,,,,,,,,,,,,90017.0,,Los Angeles,Los Angeles,,,,,LA City,{92834FE7-F390-4FB6-B383-33FE880A8E72},0,,92834FE7-F390-4FB6-B383-33FE880A8E72,Unknown,,S,,,Ave,S Columbia Ave,2024/09/14 08:19:49+00,339 1/2 S Columbia Ave Los Angeles 90017,92834FE7-F390-4FB6-B383-33FE880A8E72_339_1/2_S_Columbia_Ave_Los_Angeles_90017,Columbia,339 1/2 S Columbia Avenue Ave Los Angeles 90017,,,,
667959,1244706,,5153019006.0,,327.0,,,South,,,Columbia,Avenue,,,,,,,,,,,,,90017.0,,Los Angeles,Los Angeles,,,,,LA City,{6F0257F6-54F2-46F4-98A1-8F4E8952A38D},0,,6F0257F6-54F2-46F4-98A1-8F4E8952A38D,Unknown,,S,,,Ave,S Columbia Ave,2024/09/14 08:19:49+00,327 S Columbia Ave Los Angeles 90017,6F0257F6-54F2-46F4-98A1-8F4E8952A38D_327_S_Columbia_Ave_Los_Angeles_90017,Columbia,327 S Columbia Avenue Ave Los Angeles 90017,,,,
667960,1244707,,5153019006.0,,331.0,,,South,,,Columbia,Avenue,,,,,,,,,,,,,90017.0,,Los Angeles,Los Angeles,,,,,LA City,{D668DA55-B23F-49E9-87ED-9312EDB504A9},0,,D668DA55-B23F-49E9-87ED-9312EDB504A9,Unknown,,S,,,Ave,S Columbia Ave,2024/09/14 08:19:49+00,331 S Columbia Ave Los Angeles 90017,D668DA55-B23F-49E9-87ED-9312EDB504A9_331_S_Columbia_Ave_Los_Angeles_90017,Columbia,331 S Columbia Avenue Ave Los Angeles 90017,,,,
667961,1244708,,5153019006.0,,329.0,,,South,,,Columbia,Avenue,,,,,,,,,,,,,90017.0,,Los Angeles,Los Angeles,,,,,LA City,{61FFAFF0-1575-4A68-B636-AF7F5BEB8B33},0,,61FFAFF0-1575-4A68-B636-AF7F5BEB8B33,Unknown,,S,,,Ave,S Columbia Ave,2024/09/14 08:19:49+00,329 S Columbia Ave Los Angeles 90017,61FFAFF0-1575-4A68-B636-AF7F5BEB8B33_329_S_Columbia_Ave_Los_Angeles_90017,Columbia,329 S Columbia Avenue Ave Los Angeles 90017,,,,
667962,1244709,,5153019006.0,,333.0,,,South,,,Columbia,Avenue,,,,,,,,,,,,,90017.0,,Los Angeles,Los Angeles,,,,,LA City,{FA25688A-17C8-46D9-A61B-C7BF97896483},0,,FA25688A-17C8-46D9-A61B-C7BF97896483,Unknown,,S,,,Ave,S Columbia Ave,2024/09/14 08:19:49+00,333 S Columbia Ave Los Angeles 90017,FA25688A-17C8-46D9-A61B-C7BF97896483_333_S_Columbia_Ave_Los_Angeles_90017,Columbia,333 S Columbia Avenue Ave Los Angeles 90017,,,,
667963,1244710,,5153019006.0,,325.0,1/2,,South,,,Columbia,Avenue,,,,,,,,,,,,,90017.0,,Los Angeles,Los Angeles,,,,,LA City,{4C297A02-CD2C-40BD-8C11-F91AC3374590},0,,4C297A02-CD2C-40BD-8C11-F91AC3374590,Unknown,,S,,,Ave,S Columbia Ave,2024/09/14 08:19:49+00,325 1/2 S Columbia Ave Los Angeles 90017,4C297A02-CD2C-40BD-8C11-F91AC3374590_325_1/2_S_Columbia_Ave_Los_Angeles_90017,Columbia,325 1/2 S Columbia Avenue Ave Los Angeles 90017,,,,
667964,1244711,,5153019006.0,,341.0,1/4,,South,,,Columbia,Avenue,,,,,,,,,,,,,90017.0,,Los Angeles,Los Angeles,,,,,LA City,{3AA6AE53-5642-4C09-A2D2-190D6AAF59E6},0,,3AA6AE53-5642-4C09-A2D2-190D6AAF59E6,Unknown,,S,,,Ave,S Columbia Ave,2024/09/14 08:19:49+00,341 1/4 S Columbia Ave Los Angeles 90017,3AA6AE53-5642-4C09-A2D2-190D6AAF59E6_341_1/4_S_Columbia_Ave_Los_Angeles_90017,Columbia,341 1/4 S Columbia Avenue Ave Los Angeles 90017,,,,
667965,1244712,,5153019006.0,,337.0,,,South,,,Columbia,Avenue,,,,,,,,,,,,,90017.0,,Los Angeles,Los Angeles,,,,,LA City,{C0C902F4-7198-4DA4-84F4-248F1DE55FC5},0,,C0C902F4-7198-4DA4-84F4-248F1DE55FC5,Unknown,,S,,,Ave,S Columbia Ave,2024/09/14 08:19:49+00,337 S Columbia Ave Los Angeles 90017,C0C902F4-7198-4DA4-84F4-248F1DE55FC5_337_S_Columbia_Ave_Los_Angeles_90017,Columbia,337 S Columbia Avenue Ave Los Angeles 90017,,,,
667966,1244713,,5153019006.0,,341.0,1/2,,South,,,Columbia,Avenue,,,,,,,,,,,,,90017.0,,Los Angeles,Los Angeles,,,,,LA City,{0BC93C89-755F-42E9-80D2-DF2EBCA18EB4},0,,0BC93C89-755F-42E9-80D2-DF2EBCA18EB4,Unknown,,S,,,Ave,S Columbia Ave,2024/09/14 08:19:49+00,341 1/2 S Columbia Ave Los Angeles 90017,0BC93C89-755F-42E9-80D2-DF2EBCA18EB4_341_1/2_S_Columbia_Ave_Los_Angeles_90017,Columbia,341 1/2 S Columbia Avenue Ave Los Angeles 90017,,,,
667967,1244714,,5153019006.0,,343.0,,,South,,,Columbia,Avenue,,,,,,,,,,,,,90017.0,,Los Angeles,Los Angeles,,,,,LA City,{F74D9905-A10B-4AD1-8BAA-85610B782E64},0,,F74D9905-A10B-4AD1-8BAA-85610B782E64,Unknown,,S,,,Ave,S Columbia Ave,2024/09/14 08:19:49+00,343 S Columbia Ave Los Angeles 90017,F74D9905-A10B-4AD1-8BAA-85610B782E64_343_S_Columbia_Ave_Los_Angeles_90017,Columbia,343 S Columbia Avenue Ave Los Angeles 90017,,,,
667968,1244715,,5153019006.0,,333.0,1/2,,South,,,Columbia,Avenue,,,,,,,,,,,,,90017.0,,Los Angeles,Los Angeles,,,,,LA City,{C0800722-09BD-4755-B680-381B75900BF8},0,,C0800722-09BD-4755-B680-381B75900BF8,Unknown,,S,,,Ave,S Columbia Ave,2024/09/14 08:19:49+00,333 1/2 S Columbia Ave Los Angeles 90017,C0800722-09BD-4755-B680-381B75900BF8_333_1/2_S_Columbia_Ave_Los_Angeles_90017,Columbia,333 1/2 S Columbia Avenue Ave Los Angeles 90017,,,,
667969,1244716,,5153019006.0,,327.0,1/2,,South,,,Columbia,Avenue,,,,,,,,,,,,,90017.0,,Los Angeles,Los Angeles,,,,,LA City,{AE085589-8926-4665-AA12-9817D8C94D15},0,,AE085589-8926-4665-AA12-9817D8C94D15,Unknown,,S,,,Ave,S Columbia Ave,2024/09/14 08:19:49+00,327 1/2 S Columbia Ave Los Angeles 90017,AE085589-8926-4665-AA12-9817D8C94D15_327_1/2_S_Columbia_Ave_Los_Angeles_90017,Columbia,327 1/2 S Columbia Avenue Ave Los Angeles 90017,,,,
667970,1244717,,5153019006.0,,329.0,1/2,,South,,,Columbia,Avenue,,,,,,,,,,,,,90017.0,,Los Angeles,Los Angeles,,,,,LA City,{CB269ACC-C2D8-4BB8-8C30-A58C3428B808},0,,CB269ACC-C2D8-4BB8-8C30-A58C3428B808,Unknown,,S,,,Ave,S Columbia Ave,2024/09/14 08:19:49+00,329 1/2 S Columbia Ave Los Angeles 90017,CB269ACC-C2D8-4BB8-8C30-A58C3428B808_329_1/2_S_Columbia_Ave_Los_Angeles_90017,Columbia,329 1/2 S Columbia Avenue Ave Los Angeles 90017,,,,
667971,1244718,,5153019006.0,,341.0,,,South,,,Columbia,Avenue,,,,,,,,,,,,,90017.0,,Los Angeles,Los Angeles,,,,,LA City,{535D563A-2959-4352-BDF0-F087070BDF0B},0,,535D563A-2959-4352-BDF0-F087070BDF0B,Unknown,,S,,,Ave,S Columbia Ave,2024/09/14 08:19:49+00,341 S Columbia Ave Los Angeles 90017,535D563A-2959-4352-BDF0-F087070BDF0B_341_S_Columbia_Ave_Los_Angeles_90017,Columbia,341 S Columbia Avenue Ave Los Angeles 90017,,,,
667972,1244719,,5153019006.0,,339.0,,,South,,,Columbia,Avenue,,,,,,,,,,,,,90017.0,,Los Angeles,Los Angeles,,,,,LA City,{9779D0FC-BC2C-428B-9D85-192C1AB09C2B},0,,9779D0FC-BC2C-428B-9D85-192C1AB09C2B,Unknown,,S,,,Ave,S Columbia Ave,2024/09/14 08:19:49+00,339 S Columbia Ave Los Angeles 90017,9779D0FC-BC2C-428B-9D85-192C1AB09C2B_339_S_Columbia_Ave_Los_Angeles_90017,Columbia,339 S Columbia Avenue Ave Los Angeles 90017,,,,
667973,1244720,,5153019006.0,,339.0,1/4,,South,,,Columbia,Avenue,,,,,,,,,,,,,90017.0,,Los Angeles,Los Angeles,,,,,LA City,{BC3C53C1-C851-42CA-BC18-6F4D496C217E},0,,BC3C53C1-C851-42CA-BC18-6F4D496C217E,Unknown,,S,,,Ave,S Columbia Ave,2024/09/14 08:19:49+00,339 1/4 S Columbia Ave Los Angeles 90017,BC3C53C1-C851-42CA-BC18-6F4D496C217E_339_1/4_S_Columbia_Ave_Los_Angeles_90017,Columbia,339 1/4 S Columbia Avenue Ave Los Angeles 90017,,,,
667974,1244721,,5153019006.0,,331.0,1/2,,South,,,Columbia,Avenue,,,,,,,,,,,,,90017.0,,Los Angeles,Los Angeles,,,,,LA City,{9C0363F4-DB47-4CEF-8308-E43BDE607BE0},0,,9C0363F4-DB47-4CEF-8308-E43BDE607BE0,Unknown,,S,,,Ave,S Columbia Ave,2024/09/14 08:19:49+00,331 1/2 S Columbia Ave Los Angeles 90017,9C0363F4-DB47-4CEF-8308-E43BDE607BE0_331_1/2_S_Columbia_Ave_Los_Angeles_90017,Columbia,331 1/2 S Columbia Avenue Ave Los Angeles 90017,,,,
667975,1244722,,5153019006.0,,337.0,1/2,,South,,,Columbia,Avenue,,,,,,,,,,,,,90017.0,,Los Angeles,Los Angeles,,,,,LA City,{E274F3DF-3C87-48FF-8A54-E9928640A74B},0,,E274F3DF-3C87-48FF-8A54-E9928640A74B,Unknown,,S,,,Ave,S Columbia Ave,2024/09/14 08:19:49+00,337 1/2 S Columbia Ave Los Angeles 90017,E274F3DF-3C87-48FF-8A54-E9928640A74B_337_1/2_S_Columbia_Ave_Los_Angeles_90017,Columbia,337 1/2 S Columbia Avenue Ave Los Angeles 90017,,,,
667976,1244723,,5153019009.0,,362.0,,,South,,,Loma,Drive,,,,,,,,,,,,,90017.0,,Los Angeles,Los Angeles,,,,,LA City,{E36A2C81-F237-40BE-82BD-8779B67DC8EF},0,,E36A2C81-F237-40BE-82BD-8779B67DC8EF,Unknown,,S,,,Dr,S Loma Dr,2023/09/12 23:03:18+00,362 S Loma Dr Los Angeles 90017,E36A2C81-F237-40BE-82BD-8779B67DC8EF_362_S_Loma_Dr_Los_Angeles_90017,Loma,362 S Loma Drive Dr Los Angeles 90017,,,,
667977,1244724,,5153019010.0,,366.0,,,South,,,Loma,Drive,,,,,,,,,,,,,90017.0,,Los Angeles,Los Angeles,,,,,LA City,{CE30D776-4F37-4D5D-BD93-D08030780A00},0,,CE30D776-4F37-4D5D-BD93-D08030780A00,Unknown,,S,,,Dr,S Loma Dr,2023/09/12 23:03:18+00,366 S Loma Dr Los Angeles 90017,CE30D776-4F37-4D5D-BD93-D08030780A00_366_S_Loma_Dr_Los_Angeles_90017,Loma,366 S Loma Drive Dr Los Angeles 90017,,,,
667978,1244725,,5153019011.0,,372.0,,,,,,Loma,Drive,,,,,,,,,,,,,90017.0,,Los Angeles,Los Angeles,,,,,Assessor,{A9E5CAB9-3150-4F66-B075-084818820D0D},0,,A9E5CAB9-3150-4F66-B075-084818820D0D,Unknown,,,,,Dr,Loma Dr,2024/04/27 17:13:09+00,372 Loma Dr Los Angeles 90017,A9E5CAB9-3150-4F66-B075-084818820D0D_372_Loma_Dr_Los_Angeles_90017,Loma,372 Loma Drive Dr Los Angeles 90017,,,,
667979,1244726,,5153019011.0,,374.0,6/8,,South,,,Loma,Drive,,,,,,,,,,,,,90017.0,,Los Angeles,Los Angeles,,,,,LA City,{22C98E83-8001-48D2-A1E6-CDC5A62044CA},0,,22C98E83-8001-48D2-A1E6-CDC5A62044CA,Unknown,,S,,,Dr,S Loma Dr,2024/05/12 21:05:27+00,374 6/8 S Loma Dr Los Angeles 90017,22C98E83-8001-48D2-A1E6-CDC5A62044CA_374_6/8_S_Loma_Dr_Los_Angeles_90017,Loma,374 6/8 S Loma Drive Dr Los Angeles 90017,,,,
667980,1244727,,5153019011.0,,374.0,,,South,,,Loma,Drive,,,,,,,,,,,,,90017.0,,Los Angeles,Los Angeles,,,,,LA City,{28C80E23-AA80-4168-B003-3033D2A42865},0,,28C80E23-AA80-4168-B003-3033D2A42865,Unknown,,S,,,Dr,S Loma Dr,2024/05/12 21:05:27+00,374 S Loma Dr Los Angeles 90017,28C80E23-AA80-4168-B003-3033D2A42865_374_S_Loma_Dr_Los_Angeles_90017,Loma,374 S Loma Drive Dr Los Angeles 90017,,,,
667981,1244728,,5153019011.0,,374.0,7/8,,South,,,Loma,Drive,,,,,,,,,,,,,90017.0,,Los Angeles,Los Angeles,,,,,LA City,{1D5CFA19-0B7F-4048-81C7-F6D35B31A154},0,,1D5CFA19-0B7F-4048-81C7-F6D35B31A154,Unknown,,S,,,Dr,S Loma Dr,2024/05/12 21:05:27+00,374 7/8 S Loma Dr Los Angeles 90017,1D5CFA19-0B7F-4048-81C7-F6D35B31A154_374_7/8_S_Loma_Dr_Los_Angeles_90017,Loma,374 7/8 S Loma Drive Dr Los Angeles 90017,,,,
667982,1244729,,5153019011.0,,374.0,1/4,,South,,,Loma,Drive,,,,,,,,,,,,,90017.0,,Los Angeles,Los Angeles,,,,,LA City,{B454D4F5-2874-4512-A632-0151FBE20E55},0,,B454D4F5-2874-4512-A632-0151FBE20E55,Unknown,,S,,,Dr,S Loma Dr,2024/05/12 21:05:27+00,374 1/4 S Loma Dr Los Angeles 90017,B454D4F5-2874-4512-A632-0151FBE20E55_374_1/4_S_Loma_Dr_Los_Angeles_90017,Loma,374 1/4 S Loma Drive Dr Los Angeles 90017,,,,
667983,1244730,,5153019011.0,,374.0,3/4,,South,,,Loma,Drive,,,,,,,,,,,,,90017.0,,Los Angeles,Los Angeles,,,,,LA City,{EF71875B-C607-4AA9-BAF0-E617C5C60B99},0,,EF71875B-C607-4AA9-BAF0-E617C5C60B99,Unknown,,S,,,Dr,S Loma Dr,2024/05/12 21:05:27+00,374 3/4 S Loma Dr Los Angeles 90017,EF71875B-C607-4AA9-BAF0-E617C5C60B99_374_3/4_S_Loma_Dr_Los_Angeles_90017,Loma,374 3/4 S Loma Drive Dr Los Angeles 90017,,,,
667984,1244731,,5153019011.0,,374.0,1/8,,South,,,Loma,Drive,,,,,,,,,,,,,90017.0,,Los Angeles,Los Angeles,,,,,LA City,{D15E9E2F-FCEF-49A9-A7BB-BDE9E4D0C50C},0,,D15E9E2F-FCEF-49A9-A7BB-BDE9E4D0C50C,Unknown,,S,,,Dr,S Loma Dr,2024/05/12 21:05:27+00,374 1/8 S Loma Dr Los Angeles 90017,D15E9E2F-FCEF-49A9-A7BB-BDE9E4D0C50C_374_1/8_S_Loma_Dr_Los_Angeles_90017,Loma,374 1/8 S Loma Drive Dr Los Angeles 90017,,,,
667985,1244732,,5153019011.0,,374.0,1/2,,South,,,Loma,Drive,,,,,,,,,,,,,90017.0,,Los Angeles,Los Angeles,,,,,LA City,{C0223C4B-9F34-4F14-806B-01A5DD26DA13},0,,C0223C4B-9F34-4F14-806B-01A5DD26DA13,Unknown,,S,,,Dr,S Loma Dr,2024/05/12 21:05:27+00,374 1/2 S Loma Dr Los Angeles 90017,C0223C4B-9F34-4F14-806B-01A5DD26DA13_374_1/2_S_Loma_Dr_Los_Angeles_90017,Loma,374 1/2 S Loma Drive Dr Los Angeles 90017,,,,
667986,1244733,,5153019011.0,,376.0,1/2,,South,,,Loma,Drive,,,,,,,,,,,,,90017.0,,Los Angeles,Los Angeles,,,,,LA City,{E0FA26D2-C251-490E-B6A0-76D4EB62CBA6},0,,E0FA26D2-C251-490E-B6A0-76D4EB62CBA6,Unknown,,S,,,Dr,S Loma Dr,2024/05/12 21:05:27+00,376 1/2 S Loma Dr Los Angeles 90017,E0FA26D2-C251-490E-B6A0-76D4EB62CBA6_376_1/2_S_Loma_Dr_Los_Angeles_90017,Loma,376 1/2 S Loma Drive Dr Los Angeles 90017,,,,
667987,1244734,,5153019011.0,,378.0,1/4,,South,,,Loma,Drive,,,,,,,,,,,,,90017.0,,Los Angeles,Los Angeles,,,,,LA City,{058DA675-4676-4854-911F-F7B0C30050DB},0,,058DA675-4676-4854-911F-F7B0C30050DB,Unknown,,S,,,Dr,S Loma Dr,2024/05/12 21:05:27+00,378 1/4 S Loma Dr Los Angeles 90017,058DA675-4676-4854-911F-F7B0C30050DB_378_1/4_S_Loma_Dr_Los_Angeles_90017,Loma,378 1/4 S Loma Drive Dr Los Angeles 90017,,,,
667988,1244735,,5153019011.0,,376.0,1/4,,South,,,Loma,Drive,,,,,,,,,,,,,90017.0,,Los Angeles,Los Angeles,,,,,LA City,{CFA32A33-8714-4AB6-B99D-EAECA797BA32},0,,CFA32A33-8714-4AB6-B99D-EAECA797BA32,Unknown,,S,,,Dr,S Loma Dr,2024/05/12 21:05:27+00,376 1/4 S Loma Dr Los Angeles 90017,CFA32A33-8714-4AB6-B99D-EAECA797BA32_376_1/4_S_Loma_Dr_Los_Angeles_90017,Loma,376 1/4 S Loma Drive Dr Los Angeles 90017,,,,
667989,1244736,,5153019011.0,,376.0,7/8,,South,,,Loma,Drive,,,,,,,,,,,,,90017.0,,Los Angeles,Los Angeles,,,,,LA City,{811536A3-3672-41EF-8527-2AC1215C6E34},0,,811536A3-3672-41EF-8527-2AC1215C6E34,Unknown,,S,,,Dr,S Loma Dr,2024/05/12 21:05:27+00,376 7/8 S Loma Dr Los Angeles 90017,811536A3-3672-41EF-8527-2AC1215C6E34_376_7/8_S_Loma_Dr_Los_Angeles_90017,Loma,376 7/8 S Loma Drive Dr Los Angeles 90017,,,,
667990,1244737,,5153019011.0,,378.0,3/4,,South,,,Loma,Drive,,,,,,,,,,,,,90017.0,,Los Angeles,Los Angeles,,,,,LA City,{E59C5E73-41F5-4F88-BAD9-3FED8F7A4C1E},0,,E59C5E73-41F5-4F88-BAD9-3FED8F7A4C1E,Unknown,,S,,,Dr,S Loma Dr,2024/05/12 21:05:27+00,378 3/4 S Loma Dr Los Angeles 90017,E59C5E73-41F5-4F88-BAD9-3FED8F7A4C1E_378_3/4_S_Loma_Dr_Los_Angeles_90017,Loma,378 3/4 S Loma Drive Dr Los Angeles 90017,,,,
667991,1244738,,5153019011.0,,378.0,,,South,,,Loma,Drive,,,,,,,,,,,,,90017.0,,Los Angeles,Los Angeles,,,,,LA City,{1396AA02-E422-4A53-BC23-984DEC2F026E},0,,1396AA02-E422-4A53-BC23-984DEC2F026E,Unknown,,S,,,Dr,S Loma Dr,2024/05/12 21:05:27+00,378 S Loma Dr Los Angeles 90017,1396AA02-E422-4A53-BC23-984DEC2F026E_378_S_Loma_Dr_Los_Angeles_90017,Loma,378 S Loma Drive Dr Los Angeles 90017,,,,
667992,1244739,,5153019011.0,,378.0,1/2,,South,,,Loma,Drive,,,,,,,,,,,,,90017.0,,Los Angeles,Los Angeles,,,,,LA City,{6096E3A9-96A7-4972-B814-27670C2264DF},0,,6096E3A9-96A7-4972-B814-27670C2264DF,Unknown,,S,,,Dr,S Loma Dr,2024/05/12 21:05:27+00,378 1/2 S Loma Dr Los Angeles 90017,6096E3A9-96A7-4972-B814-27670C2264DF_378_1/2_S_Loma_Dr_Los_Angeles_90017,Loma,378 1/2 S Loma Drive Dr Los Angeles 90017,,,,
667993,1244740,,5153019011.0,,376.0,,,South,,,Loma,Drive,,,,,,,,,,,,,90017.0,,Los Angeles,Los Angeles,,,,,LA City,{D9077141-5A1E-428A-9797-0E0B38584161},0,,D9077141-5A1E-428A-9797-0E0B38584161,Unknown,,S,,,Dr,S Loma Dr,2024/05/12 21:05:27+00,376 S Loma Dr Los Angeles 90017,D9077141-5A1E-428A-9797-0E0B38584161_376_S_Loma_Dr_Los_Angeles_90017,Loma,376 S Loma Drive Dr Los Angeles 90017,,,,
667994,1244741,,5153019011.0,,376.0,3/4,,South,,,Loma,Drive,,,,,,,,,,,,,90017.0,,Los Angeles,Los Angeles,,,,,LA City,{67B11FAA-8D7A-4FB7-BD58-A8471A6DF0D5},0,,67B11FAA-8D7A-4FB7-BD58-A8471A6DF0D5,Unknown,,S,,,Dr,S Loma Dr,2024/05/12 21:05:27+00,376 3/4 S Loma Dr Los Angeles 90017,67B11FAA-8D7A-4FB7-BD58-A8471A6DF0D5_376_3/4_S_Loma_Dr_Los_Angeles_90017,Loma,376 3/4 S Loma Drive Dr Los Angeles 90017,,,,
667995,1244742,,5153019011.0,,378.0,7/8,,South,,,Loma,Drive,,,,,,,,,,,,,90017.0,,Los Angeles,Los Angeles,,,,,LA City,{13861BBC-205D-491F-B9CE-4AE5BA998815},0,,13861BBC-205D-491F-B9CE-4AE5BA998815,Unknown,,S,,,Dr,S Loma Dr,2024/05/12 21:05:27+00,378 7/8 S Loma Dr Los Angeles 90017,13861BBC-205D-491F-B9CE-4AE5BA998815_378_7/8_S_Loma_Dr_Los_Angeles_90017,Loma,378 7/8 S Loma Drive Dr Los Angeles 90017,,,,
667996,1244743,,5153019011.0,,378.0,6/8,,South,,,Loma,Drive,,,,,,,,,,,,,90017.0,,Los Angeles,Los Angeles,,,,,LA City,{4A310FAB-5D6B-4D3F-B404-3C99949C4A62},0,,4A310FAB-5D6B-4D3F-B404-3C99949C4A62,Unknown,,S,,,Dr,S Loma Dr,2024/05/12 21:05:27+00,378 6/8 S Loma Dr Los Angeles 90017,4A310FAB-5D6B-4D3F-B404-3C99949C4A62_378_6/8_S_Loma_Dr_Los_Angeles_90017,Loma,378 6/8 S Loma Drive Dr Los Angeles 90017,,,,
667997,1244744,,5153019011.0,,376.0,6/8,,South,,,Loma,Drive,,,,,,,,,,,,,90017.0,,Los Angeles,Los Angeles,,,,,LA City,{976999F7-5A3E-4F66-9BCF-F78A011F847F},0,,976999F7-5A3E-4F66-9BCF-F78A011F847F,Unknown,,S,,,Dr,S Loma Dr,2024/05/12 21:05:27+00,376 6/8 S Loma Dr Los Angeles 90017,976999F7-5A3E-4F66-9BCF-F78A011F847F_376_6/8_S_Loma_Dr_Los_Angeles_90017,Loma,376 6/8 S Loma Drive Dr Los Angeles 90017,,,,
667998,1244745,,5153019011.0,,372.0,3/8,,North,,,Douglas,Street,,,,,,,,,,,,,90017.0,,Los Angeles,Los Angeles,,,,,LA City,{4E1423F2-B058-4A38-BA21-910AB014C519},0,,4E1423F2-B058-4A38-BA21-910AB014C519,Unknown,,N,,,St,N Douglas St,2024/05/12 21:05:27+00,372 3/8 N Douglas St Los Angeles 90017,4E1423F2-B058-4A38-BA21-910AB014C519_372_3/8_N_Douglas_St_Los_Angeles_90017,Douglas,372 3/8 N Douglas Street St Los Angeles 90017,,,,
667999,1244746,,5153019011.0,,372.0,1/4,,North,,,Douglas,Street,,,,,,,,,,,,,90017.0,,Los Angeles,Los Angeles,,,,,LA City,{C0C3DC57-46A1-4244-B5E2-2401D8FE1F1E},0,,C0C3DC57-46A1-4244-B5E2-2401D8FE1F1E,Unknown,,N,,,St,N Douglas St,2024/05/12 21:05:27+00,372 1/4 N Douglas St Los Angeles 90017,C0C3DC57-46A1-4244-B5E2-2401D8FE1F1E_372_1/4_N_Douglas_St_Los_Angeles_90017,Douglas,372 1/4 N Douglas Street St Los Angeles 90017,,,,
668000,1244747,,5153019011.0,,372.0,1/2,,North,,,Douglas,Street,,,,,,,,,,,,,90017.0,,Los Angeles,Los Angeles,,,,,LA City,{D050DD38-3CB3-4052-960A-905DC7BBAD56},0,,D050DD38-3CB3-4052-960A-905DC7BBAD56,Unknown,,N,,,St,N Douglas St,2024/05/12 21:05:27+00,372 1/2 N Douglas St Los Angeles 90017,D050DD38-3CB3-4052-960A-905DC7BBAD56_372_1/2_N_Douglas_St_Los_Angeles_90017,Douglas,372 1/2 N Douglas Street St Los Angeles 90017,,,,
668001,1244748,,5153019011.0,,372.0,5/8,,North,,,Douglas,Street,,,,,,,,,,,,,90017.0,,Los Angeles,Los Angeles,,,,,LA City,{E4B3411B-FC75-46D2-A669-0FD5334B9149},0,,E4B3411B-FC75-46D2-A669-0FD5334B9149,Unknown,,N,,,St,N Douglas St,2024/05/12 21:05:27+00,372 5/8 N Douglas St Los Angeles 90017,E4B3411B-FC75-46D2-A669-0FD5334B9149_372_5/8_N_Douglas_St_Los_Angeles_90017,Douglas,372 5/8 N Douglas Street St Los Angeles 90017,,,,
668002,1244749,,5153019011.0,,372.0,3/4,,North,,,Douglas,Street,,,,,,,,,,,,,90017.0,,Los Angeles,Los Angeles,,,,,LA City,{84DC4843-671F-44E4-BF36-3E2F2F5B9BD5},0,,84DC4843-671F-44E4-BF36-3E2F2F5B9BD5,Unknown,,N,,,St,N Douglas St,2024/05/12 21:05:27+00,372 3/4 N Douglas St Los Angeles 90017,84DC4843-671F-44E4-BF36-3E2F2F5B9BD5_372_3/4_N_Douglas_St_Los_Angeles_90017,Douglas,372 3/4 N Douglas Street St Los Angeles 90017,,,,
668003,1244750,,5153019011.0,,372.0,,,North,,,Douglas,Street,,,,,,,,,,,,,90017.0,,Los Angeles,Los Angeles,,,,,LA City,{12FBBC8A-F1F1-4033-85C5-562746C75F40},0,,12FBBC8A-F1F1-4033-85C5-562746C75F40,Unknown,,N,,,St,N Douglas St,2024/05/12 21:05:27+00,372 N Douglas St Los Angeles 90017,12FBBC8A-F1F1-4033-85C5-562746C75F40_372_N_Douglas_St_Los_Angeles_90017,Douglas,372 N Douglas Street St Los Angeles 90017,,,,
668004,1244751,,5153019011.0,,372.0,7/8,,North,,,Douglas,Street,,,,,,,,,,,,,90017.0,,Los Angeles,Los Angeles,,,,,LA City,{32694450-3D7E-4F34-A4F7-EB9501840F51},0,,32694450-3D7E-4F34-A4F7-EB9501840F51,Unknown,,N,,,St,N Douglas St,2024/05/12 21:05:27+00,372 7/8 N Douglas St Los Angeles 90017,32694450-3D7E-4F34-A4F7-EB9501840F51_372_7/8_N_Douglas_St_Los_Angeles_90017,Douglas,372 7/8 N Douglas Street St Los Angeles 90017,,,,
668005,1244752,,5153019011.0,,372.0,1/8,,North,,,Douglas,Street,,,,,,,,,,,,,90017.0,,Los Angeles,Los Angeles,,,,,LA City,{30C619E6-51FD-454C-BC1B-5998D0A859AA},0,,30C619E6-51FD-454C-BC1B-5998D0A859AA,Unknown,,N,,,St,N Douglas St,2024/05/12 21:05:27+00,372 1/8 N Douglas St Los Angeles 90017,30C619E6-51FD-454C-BC1B-5998D0A859AA_372_1/8_N_Douglas_St_Los_Angeles_90017,Douglas,372 1/8 N Douglas Street St Los Angeles 90017,,,,
668006,1244753,,5153019011.0,,372.0,6/8,,North,,,Douglas,Street,,,,,,,,,,,,,90017.0,,Los Angeles,Los Angeles,,,,,LA City,{2A7D2078-0B78-405D-91E9-1EFC87030A19},0,,2A7D2078-0B78-405D-91E9-1EFC87030A19,Unknown,,N,,,St,N Douglas St,2024/05/12 21:05:27+00,372 6/8 N Douglas St Los Angeles 90017,2A7D2078-0B78-405D-91E9-1EFC87030A19_372_6/8_N_Douglas_St_Los_Angeles_90017,Douglas,372 6/8 N Douglas Street St Los Angeles 90017,,,,
668007,1244754,,5153019012.0,,380.0,1/4,,South,,,Loma,Drive,,,,,,,,,,,,,90017.0,,Los Angeles,Los Angeles,,,,,LA City,{BCE184A2-C5E1-401A-B569-A0A9771585B2},0,,BCE184A2-C5E1-401A-B569-A0A9771585B2,Unknown,,S,,,Dr,S Loma Dr,2024/05/12 21:05:27+00,380 1/4 S Loma Dr Los Angeles 90017,BCE184A2-C5E1-401A-B569-A0A9771585B2_380_1/4_S_Loma_Dr_Los_Angeles_90017,Loma,380 1/4 S Loma Drive Dr Los Angeles 90017,,,,
668008,1244755,,5153019012.0,,384.0,1/2,,South,,,Loma,Drive,,,,,,,,,,,,,90017.0,,Los Angeles,Los Angeles,,,,,LA City,{F408B212-9738-4BD1-8B17-70658C72EADD},0,,F408B212-9738-4BD1-8B17-70658C72EADD,Unknown,,S,,,Dr,S Loma Dr,2024/05/12 21:05:27+00,384 1/2 S Loma Dr Los Angeles 90017,F408B212-9738-4BD1-8B17-70658C72EADD_384_1/2_S_Loma_Dr_Los_Angeles_90017,Loma,384 1/2 S Loma Drive Dr Los Angeles 90017,,,,
668009,1244756,,5153019012.0,,384.0,1/4,,South,,,Loma,Drive,,,,,,,,,,,,,90017.0,,Los Angeles,Los Angeles,,,,,LA City,{8B3D6D5E-D883-485D-A203-715D0907DE8F},0,,8B3D6D5E-D883-485D-A203-715D0907DE8F,Unknown,,S,,,Dr,S Loma Dr,2024/05/12 21:05:27+00,384 1/4 S Loma Dr Los Angeles 90017,8B3D6D5E-D883-485D-A203-715D0907DE8F_384_1/4_S_Loma_Dr_Los_Angeles_90017,Loma,384 1/4 S Loma Drive Dr Los Angeles 90017,,,,
668010,1244757,,5153019012.0,,386.0,1/4,,South,,,Loma,Drive,,,,,,,,,,,,,90017.0,,Los Angeles,Los Angeles,,,,,LA City,{58AF7287-06BD-4EF1-8237-F0C6646D70C7},0,,58AF7287-06BD-4EF1-8237-F0C6646D70C7,Unknown,,S,,,Dr,S Loma Dr,2024/05/12 21:05:27+00,386 1/4 S Loma Dr Los Angeles 90017,58AF7287-06BD-4EF1-8237-F0C6646D70C7_386_1/4_S_Loma_Dr_Los_Angeles_90017,Loma,386 1/4 S Loma Drive Dr Los Angeles 90017,,,,
668011,1244758,,5153019012.0,,388.0,,,South,,,Loma,Drive,,,,,,,,,,,,,90017.0,,Los Angeles,Los Angeles,,,,,LA City,{98FDD332-D25A-420C-A425-BC258AF340F2},0,,98FDD332-D25A-420C-A425-BC258AF340F2,Unknown,,S,,,Dr,S Loma Dr,2024/05/12 21:05:27+00,388 S Loma Dr Los Angeles 90017,98FDD332-D25A-420C-A425-BC258AF340F2_388_S_Loma_Dr_Los_Angeles_90017,Loma,388 S Loma Drive Dr Los Angeles 90017,,,,
668012,1244759,,5153019012.0,,380.0,1/2,,South,,,Loma,Drive,,,,,,,,,,,,,90017.0,,Los Angeles,Los Angeles,,,,,LA City,{811D69D7-A88E-4F02-A908-BBE51633CED6},0,,811D69D7-A88E-4F02-A908-BBE51633CED6,Unknown,,S,,,Dr,S Loma Dr,2024/05/12 21:05:27+00,380 1/2 S Loma Dr Los Angeles 90017,811D69D7-A88E-4F02-A908-BBE51633CED6_380_1/2_S_Loma_Dr_Los_Angeles_90017,Loma,380 1/2 S Loma Drive Dr Los Angeles 90017,,,,
668013,1244760,,5153019012.0,,388.0,1/4,,South,,,Loma,Drive,,,,,,,,,,,,,90017.0,,Los Angeles,Los Angeles,,,,,LA City,{6394854E-7D65-4039-B932-03832DC0E587},0,,6394854E-7D65-4039-B932-03832DC0E587,Unknown,,S,,,Dr,S Loma Dr,2024/05/12 21:05:27+00,388 1/4 S Loma Dr Los Angeles 90017,6394854E-7D65-4039-B932-03832DC0E587_388_1/4_S_Loma_Dr_Los_Angeles_90017,Loma,388 1/4 S Loma Drive Dr Los Angeles 90017,,,,
668014,1244761,,5153019012.0,,382.0,,,South,,,Loma,Drive,,,,,,,,,,,,,90017.0,,Los Angeles,Los Angeles,,,,,LA City,{4F715B25-12DD-4238-BB1C-A985D0076F07},0,,4F715B25-12DD-4238-BB1C-A985D0076F07,Unknown,,S,,,Dr,S Loma Dr,2024/05/12 21:05:27+00,382 S Loma Dr Los Angeles 90017,4F715B25-12DD-4238-BB1C-A985D0076F07_382_S_Loma_Dr_Los_Angeles_90017,Loma,382 S Loma Drive Dr Los Angeles 90017,,,,
668015,1244762,,5153019012.0,,380.0,,,South,,,Loma,Drive,,,,,,,,,,,,,90017.0,,Los Angeles,Los Angeles,,,,,LA City,{667D77AE-4327-48DB-A12D-9E0925BF3BE6},0,,667D77AE-4327-48DB-A12D-9E0925BF3BE6,Unknown,,S,,,Dr,S Loma Dr,2024/05/12 21:05:27+00,380 S Loma Dr Los Angeles 90017,667D77AE-4327-48DB-A12D-9E0925BF3BE6_380_S_Loma_Dr_Los_Angeles_90017,Loma,380 S Loma Drive Dr Los Angeles 90017,,,,
668016,1244763,,5153019012.0,,384.0,,,South,,,Loma,Drive,,,,,,,,,,,,,90017.0,,Los Angeles,Los Angeles,,,,,LA City,{3501E420-A8A2-4B3B-BBF6-B899A822DC65},0,,3501E420-A8A2-4B3B-BBF6-B899A822DC65,Unknown,,S,,,Dr,S Loma Dr,2024/05/12 21:05:27+00,384 S Loma Dr Los Angeles 90017,3501E420-A8A2-4B3B-BBF6-B899A822DC65_384_S_Loma_Dr_Los_Angeles_90017,Loma,384 S Loma Drive Dr Los Angeles 90017,,,,
668017,1244764,,5153019012.0,,384.0,3/4,,South,,,Loma,Drive,,,,,,,,,,,,,90017.0,,Los Angeles,Los Angeles,,,,,LA City,{D7C59744-D948-4826-BF9C-936B20A3D7B3},0,,D7C59744-D948-4826-BF9C-936B20A3D7B3,Unknown,,S,,,Dr,S Loma Dr,2024/05/12 21:05:27+00,384 3/4 S Loma Dr Los Angeles 90017,D7C59744-D948-4826-BF9C-936B20A3D7B3_384_3/4_S_Loma_Dr_Los_Angeles_90017,Loma,384 3/4 S Loma Drive Dr Los Angeles 90017,,,,
668018,1244765,,5153019012.0,,388.0,1/2,,South,,,Loma,Drive,,,,,,,,,,,,,90017.0,,Los Angeles,Los Angeles,,,,,LA City,{DD1EA768-3065-4B7F-BC46-CEDEFC320168},0,,DD1EA768-3065-4B7F-BC46-CEDEFC320168,Unknown,,S,,,Dr,S Loma Dr,2024/05/12 21:05:27+00,388 1/2 S Loma Dr Los Angeles 90017,DD1EA768-3065-4B7F-BC46-CEDEFC320168_388_1/2_S_Loma_Dr_Los_Angeles_90017,Loma,388 1/2 S Loma Drive Dr Los Angeles 90017,,,,
668019,1244766,,5153019012.0,,386.0,1/2,,South,,,Loma,Drive,,,,,,,,,,,,,90017.0,,Los Angeles,Los Angeles,,,,,LA City,{EE3539CB-5616-4E9A-88C0-99BD79C7CC08},0,,EE3539CB-5616-4E9A-88C0-99BD79C7CC08,Unknown,,S,,,Dr,S Loma Dr,2024/05/12 21:05:27+00,386 1/2 S Loma Dr Los Angeles 90017,EE3539CB-5616-4E9A-88C0-99BD79C7CC08_386_1/2_S_Loma_Dr_Los_Angeles_90017,Loma,386 1/2 S Loma Drive Dr Los Angeles 90017,,,,
668020,1244767,,5153019012.0,,386.0,,,South,,,Loma,Drive,,,,,,,,,,,,,90017.0,,Los Angeles,Los Angeles,,,,,LA City,{01895F6D-F5A6-4013-818F-1657E08BAFB9},0,,01895F6D-F5A6-4013-818F-1657E08BAFB9,Unknown,,S,,,Dr,S Loma Dr,2024/05/12 21:05:27+00,386 S Loma Dr Los Angeles 90017,01895F6D-F5A6-4013-818F-1657E08BAFB9_386_S_Loma_Dr_Los_Angeles_90017,Loma,386 S Loma Drive Dr Los Angeles 90017,,,,
668021,1244768,,5153019012.0,,382.0,1/2,,South,,,Loma,Drive,,,,,,,,,,,,,90017.0,,Los Angeles,Los Angeles,,,,,LA City,{C58F9B2C-8460-4105-A5FC-81A4742CD11C},0,,C58F9B2C-8460-4105-A5FC-81A4742CD11C,Unknown,,S,,,Dr,S Loma Dr,2024/05/12 21:05:27+00,382 1/2 S Loma Dr Los Angeles 90017,C58F9B2C-8460-4105-A5FC-81A4742CD11C_382_1/2_S_Loma_Dr_Los_Angeles_90017,Loma,382 1/2 S Loma Drive Dr Los Angeles 90017,,,,
668022,1244769,,5153019012.0,,386.0,3/4,,South,,,Loma,Drive,,,,,,,,,,,,,90017.0,,Los Angeles,Los Angeles,,,,,LA City,{F2D7E4A4-B784-450E-B66C-44AE6A3DF6D1},0,,F2D7E4A4-B784-450E-B66C-44AE6A3DF6D1,Unknown,,S,,,Dr,S Loma Dr,2024/05/12 21:05:27+00,386 3/4 S Loma Dr Los Angeles 90017,F2D7E4A4-B784-450E-B66C-44AE6A3DF6D1_386_3/4_S_Loma_Dr_Los_Angeles_90017,Loma,386 3/4 S Loma Drive Dr Los Angeles 90017,,,,
668023,1244770,,5153019012.0,,388.0,3/4,,South,,,Loma,Drive,,,,,,,,,,,,,90017.0,,Los Angeles,Los Angeles,,,,,LA City,{29855395-5870-48B3-A191-5C9A6B192F50},0,,29855395-5870-48B3-A191-5C9A6B192F50,Unknown,,S,,,Dr,S Loma Dr,2024/05/12 21:05:27+00,388 3/4 S Loma Dr Los Angeles 90017,29855395-5870-48B3-A191-5C9A6B192F50_388_3/4_S_Loma_Dr_Los_Angeles_90017,Loma,388 3/4 S Loma Drive Dr Los Angeles 90017,,,,
668024,1244771,,5153019012.0,,382.0,3/4,,South,,,Loma,Drive,,,,,,,,,,,,,90017.0,,Los Angeles,Los Angeles,,,,,LA City,{74B60847-794A-49EC-8BBB-8CF433F78246},0,,74B60847-794A-49EC-8BBB-8CF433F78246,Unknown,,S,,,Dr,S Loma Dr,2024/05/12 21:05:27+00,382 3/4 S Loma Dr Los Angeles 90017,74B60847-794A-49EC-8BBB-8CF433F78246_382_3/4_S_Loma_Dr_Los_Angeles_90017,Loma,382 3/4 S Loma Drive Dr Los Angeles 90017,,,,
668025,1244772,,5153019012.0,,380.0,3/4,,South,,,Loma,Drive,,,,,,,,,,,,,90017.0,,Los Angeles,Los Angeles,,,,,LA City,{49AF0801-1AA6-458E-8338-374F40D4AAFE},0,,49AF0801-1AA6-458E-8338-374F40D4AAFE,Unknown,,S,,,Dr,S Loma Dr,2024/05/12 21:05:27+00,380 3/4 S Loma Dr Los Angeles 90017,49AF0801-1AA6-458E-8338-374F40D4AAFE_380_3/4_S_Loma_Dr_Los_Angeles_90017,Loma,380 3/4 S Loma Drive Dr Los Angeles 90017,,,,
668026,1244773,,5153019012.0,,382.0,1/4,,South,,,Loma,Drive,,,,,,,,,,,,,90017.0,,Los Angeles,Los Angeles,,,,,LA City,{16672A6A-FFB5-4783-B60D-7415E30A83F8},0,,16672A6A-FFB5-4783-B60D-7415E30A83F8,Unknown,,S,,,Dr,S Loma Dr,2024/05/12 21:05:27+00,382 1/4 S Loma Dr Los Angeles 90017,16672A6A-FFB5-4783-B60D-7415E30A83F8_382_1/4_S_Loma_Dr_Los_Angeles_90017,Loma,382 1/4 S Loma Drive Dr Los Angeles 90017,,,,
668027,1244774,,5153019013.0,,392.0,,,South,,,Loma,Drive,,,,,,,,,,,,,90017.0,,Los Angeles,Los Angeles,,,,,LA City,{787AF29E-55AF-45F1-A92D-E8DC31E72A81},0,,787AF29E-55AF-45F1-A92D-E8DC31E72A81,Unknown,,S,,,Dr,S Loma Dr,2023/09/12 23:03:18+00,392 S Loma Dr Los Angeles 90017,787AF29E-55AF-45F1-A92D-E8DC31E72A81_392_S_Loma_Dr_Los_Angeles_90017,Loma,392 S Loma Drive Dr Los Angeles 90017,,,,
668028,1244775,,5153019014.0,,398.0,,,South,,,Loma,Drive,,,,,,,,,,,,1-12,90017.0,,Los Angeles,Los Angeles,,,,,LA City,{C84407ED-407D-4EC4-8C58-4D0AE8E6A223},0,,C84407ED-407D-4EC4-8C58-4D0AE8E6A223,Unknown,,S,,,Dr,S Loma Dr,2023/09/12 23:03:18+00,398 S Loma Dr 1-12 Los Angeles 90017,C84407ED-407D-4EC4-8C58-4D0AE8E6A223_398_S_Loma_Dr_1-12_Los_Angeles_90017,Loma,398 S Loma Drive Dr 1-12 Los Angeles 90017,,,,
668029,1244776,,5153019014.0,,398.0,,,South,,,Loma,Drive,,,,,,,,,,,,14-21,90017.0,,Los Angeles,Los Angeles,,,,,LA City,{A6E773DF-6509-4495-8998-B5DE3D981208},0,,A6E773DF-6509-4495-8998-B5DE3D981208,Unknown,,S,,,Dr,S Loma Dr,2023/09/12 23:03:18+00,398 S Loma Dr 14-21 Los Angeles 90017,A6E773DF-6509-4495-8998-B5DE3D981208_398_S_Loma_Dr_14-21_Los_Angeles_90017,Loma,398 S Loma Drive Dr 14-21 Los Angeles 90017,,,,
668030,1244777,,5153019015.0,,1527.0,,,West,,,4Th,Street,,,,,,,,,,,,,90017.0,,Los Angeles,Los Angeles,,,,,LA City,{F361530B-1E41-4197-8692-427A0D0220A6},0,,F361530B-1E41-4197-8692-427A0D0220A6,Unknown,,W,,,St,W 4Th St,2023/09/12 23:03:18+00,1527 W 4Th St Los Angeles 90017,F361530B-1E41-4197-8692-427A0D0220A6_1527_W_4Th_St_Los_Angeles_90017,4Th,1527 W 4Th Street St Los Angeles 90017,,,,
668031,1244778,,5153019016.0,,1521.0,,,West,,,4Th,Street,,,,,,,,,,,,,90017.0,,Los Angeles,Los Angeles,,,,,LA City,{F1567EC4-9F83-4DFF-8817-C2C2641462DA},0,,F1567EC4-9F83-4DFF-8817-C2C2641462DA,Unknown,,W,,,St,W 4Th St,2023/09/12 23:03:18+00,1521 W 4Th St Los Angeles 90017,F1567EC4-9F83-4DFF-8817-C2C2641462DA_1521_W_4Th_St_Los_Angeles_90017,4Th,1521 W 4Th Street St Los Angeles 90017,,,,
668032,1244779,,5153019017.0,,1517.0,,,West,,,4Th,Street,,,,,,,,,,,,,90017.0,,Los Angeles,Los Angeles,,,,,LA City,{67069278-CD04-40F6-AB72-87BCF11A63BF},0,,67069278-CD04-40F6-AB72-87BCF11A63BF,Unknown,,W,,,St,W 4Th St,2023/09/12 23:03:18+00,1517 W 4Th St Los Angeles 90017,67069278-CD04-40F6-AB72-87BCF11A63BF_1517_W_4Th_St_Los_Angeles_90017,4Th,1517 W 4Th Street St Los Angeles 90017,,,,
668033,1244780,,5153019018.0,,1511.0,,,West,,,4Th,Street,,,,,,,,,,,,,90017.0,,Los Angeles,Los Angeles,,,,,LA City,{9B1AB0A8-E4B5-4650-90C2-D9B4A7CFCF39},0,,9B1AB0A8-E4B5-4650-90C2-D9B4A7CFCF39,Unknown,,W,,,St,W 4Th St,2023/09/12 23:03:18+00,1511 W 4Th St Los Angeles 90017,9B1AB0A8-E4B5-4650-90C2-D9B4A7CFCF39_1511_W_4Th_St_Los_Angeles_90017,4Th,1511 W 4Th Street St Los Angeles 90017,,,,
668034,1244781,,5153019020.0,,375.0,,,South,,,Columbia,Avenue,,,,,,,,,,,,,90017.0,,Los Angeles,Los Angeles,,,,,LA City,{21454844-6A02-47A5-ACCE-39FEBF340958},0,,21454844-6A02-47A5-ACCE-39FEBF340958,Unknown,,S,,,Ave,S Columbia Ave,2023/09/12 23:03:18+00,375 S Columbia Ave Los Angeles 90017,21454844-6A02-47A5-ACCE-39FEBF340958_375_S_Columbia_Ave_Los_Angeles_90017,Columbia,375 S Columbia Avenue Ave Los Angeles 90017,,,,
668035,1244782,,5153019025.0,,306.0,,,South,,,Loma,Drive,,,,,,,,,,,,,90017.0,,Los Angeles,Los Angeles,,,,,LA City,{7531C22B-29A6-4636-A43D-CD4C38368ABD},0,,7531C22B-29A6-4636-A43D-CD4C38368ABD,Unknown,,S,,,Dr,S Loma Dr,2023/09/12 23:03:18+00,306 S Loma Dr Los Angeles 90017,7531C22B-29A6-4636-A43D-CD4C38368ABD_306_S_Loma_Dr_Los_Angeles_90017,Loma,306 S Loma Drive Dr Los Angeles 90017,,,,
668036,1244783,,5153019026.0,,369.0,,,South,,,Columbia,Avenue,,,,,,,,,,,,1-159,90017.0,,Los Angeles,Los Angeles,,,,,LA City,{8010283A-19D5-4CBB-A0E8-C8FCB27D894F},0,,8010283A-19D5-4CBB-A0E8-C8FCB27D894F,Unknown,,S,,,Ave,S Columbia Ave,2023/09/12 23:03:18+00,369 S Columbia Ave 1-159 Los Angeles 90017,8010283A-19D5-4CBB-A0E8-C8FCB27D894F_369_S_Columbia_Ave_1-159_Los_Angeles_90017,Columbia,369 S Columbia Avenue Ave 1-159 Los Angeles 90017,,,,
668037,1244784,,5153019027.0,,345.0,,,South,,,Columbia,Avenue,,,,,,,,,,,,1-115,90017.0,,Los Angeles,Los Angeles,,,,,LA City,{45E5D98B-8B4A-4D57-99B7-C3D712135E55},0,,45E5D98B-8B4A-4D57-99B7-C3D712135E55,Unknown,,S,,,Ave,S Columbia Ave,2023/09/12 23:03:18+00,345 S Columbia Ave 1-115 Los Angeles 90017,45E5D98B-8B4A-4D57-99B7-C3D712135E55_345_S_Columbia_Ave_1-115_Los_Angeles_90017,Columbia,345 S Columbia Avenue Ave 1-115 Los Angeles 90017,,,,
668038,1244785,,5153019027.0,,345.0,1/2,,South,,,Columbia,Avenue,,,,,,,,,,,,,90017.0,,Los Angeles,Los Angeles,,,,,LA City,{62B7ADF2-076D-4DE6-854D-BF71D8DBB735},0,,62B7ADF2-076D-4DE6-854D-BF71D8DBB735,Unknown,,S,,,Ave,S Columbia Ave,2023/09/12 23:03:18+00,345 1/2 S Columbia Ave Los Angeles 90017,62B7ADF2-076D-4DE6-854D-BF71D8DBB735_345_1/2_S_Columbia_Ave_Los_Angeles_90017,Columbia,345 1/2 S Columbia Avenue Ave Los Angeles 90017,,,,
668039,1244786,,5153019027.0,,351.0,,,South,,,Columbia,Avenue,,,,,,,,,,,,,90017.0,,Los Angeles,Los Angeles,,,,,LA City,{957F9381-8B02-4BF9-A837-A952ACBD287C},0,,957F9381-8B02-4BF9-A837-A952ACBD287C,Unknown,,S,,,Ave,S Columbia Ave,2024/05/12 21:05:27+00,351 S Columbia Ave Los Angeles 90017,957F9381-8B02-4BF9-A837-A952ACBD287C_351_S_Columbia_Ave_Los_Angeles_90017,Columbia,351 S Columbia Avenue Ave Los Angeles 90017,,,,
668040,1244787,,5153019027.0,,353.0,,,South,,,Columbia,Avenue,,,,,,,,,,,,,90017.0,,Los Angeles,Los Angeles,,,,,LA City,{46553AD8-2D88-46CE-9C03-C7EDE1C07CD4},0,,46553AD8-2D88-46CE-9C03-C7EDE1C07CD4,Unknown,,S,,,Ave,S Columbia Ave,2024/05/12 21:05:27+00,353 S Columbia Ave Los Angeles 90017,46553AD8-2D88-46CE-9C03-C7EDE1C07CD4_353_S_Columbia_Ave_Los_Angeles_90017,Columbia,353 S Columbia Avenue Ave Los Angeles 90017,,,,
668041,1244788,,5153019027.0,,351.0,1/2,,South,,,Columbia,Avenue,,,,,,,,,,,,,90017.0,,Los Angeles,Los Angeles,,,,,LA City,{2E69CC58-672F-47EA-9F5D-2E71A8D0FFC0},0,,2E69CC58-672F-47EA-9F5D-2E71A8D0FFC0,Unknown,,S,,,Ave,S Columbia Ave,2024/05/12 21:05:27+00,351 1/2 S Columbia Ave Los Angeles 90017,2E69CC58-672F-47EA-9F5D-2E71A8D0FFC0_351_1/2_S_Columbia_Ave_Los_Angeles_90017,Columbia,351 1/2 S Columbia Avenue Ave Los Angeles 90017,,,,
668042,1244789,,5153019027.0,,347.0,1/2,,South,,,Columbia,Avenue,,,,,,,,,,,,,90017.0,,Los Angeles,Los Angeles,,,,,LA City,{2ABD6D7A-8D15-4C3A-BF65-8B130843C071},0,,2ABD6D7A-8D15-4C3A-BF65-8B130843C071,Unknown,,S,,,Ave,S Columbia Ave,2024/05/12 21:05:27+00,347 1/2 S Columbia Ave Los Angeles 90017,2ABD6D7A-8D15-4C3A-BF65-8B130843C071_347_1/2_S_Columbia_Ave_Los_Angeles_90017,Columbia,347 1/2 S Columbia Avenue Ave Los Angeles 90017,,,,
668043,1244790,,5153019027.0,,353.0,1/2,,South,,,Columbia,Avenue,,,,,,,,,,,,,90017.0,,Los Angeles,Los Angeles,,,,,LA City,{194FFD7A-9A5D-491E-BAA8-E2591F85747B},0,,194FFD7A-9A5D-491E-BAA8-E2591F85747B,Unknown,,S,,,Ave,S Columbia Ave,2024/05/12 21:05:27+00,353 1/2 S Columbia Ave Los Angeles 90017,194FFD7A-9A5D-491E-BAA8-E2591F85747B_353_1/2_S_Columbia_Ave_Los_Angeles_90017,Columbia,353 1/2 S Columbia Avenue Ave Los Angeles 90017,,,,
668044,1244791,,5153019027.0,,347.0,1/4,,South,,,Columbia,Avenue,,,,,,,,,,,,,90017.0,,Los Angeles,Los Angeles,,,,,LA City,{09B0B646-B2F2-4577-BA46-1C0D207E47A1},0,,09B0B646-B2F2-4577-BA46-1C0D207E47A1,Unknown,,S,,,Ave,S Columbia Ave,2024/05/12 21:05:27+00,347 1/4 S Columbia Ave Los Angeles 90017,09B0B646-B2F2-4577-BA46-1C0D207E47A1_347_1/4_S_Columbia_Ave_Los_Angeles_90017,Columbia,347 1/4 S Columbia Avenue Ave Los Angeles 90017,,,,
668045,1244792,,5153019027.0,,349.0,1/4,,South,,,Columbia,Avenue,,,,,,,,,,,,,90017.0,,Los Angeles,Los Angeles,,,,,LA City,{8A7D045B-E19C-4E0A-BDAC-39F1A90BD08D},0,,8A7D045B-E19C-4E0A-BDAC-39F1A90BD08D,Unknown,,S,,,Ave,S Columbia Ave,2024/05/12 21:05:27+00,349 1/4 S Columbia Ave Los Angeles 90017,8A7D045B-E19C-4E0A-BDAC-39F1A90BD08D_349_1/4_S_Columbia_Ave_Los_Angeles_90017,Columbia,349 1/4 S Columbia Avenue Ave Los Angeles 90017,,,,
668046,1244793,,5153019027.0,,349.0,,,South,,,Columbia,Avenue,,,,,,,,,,,,,90017.0,,Los Angeles,Los Angeles,,,,,LA City,{83A08ED4-352A-4822-902F-F90128116364},0,,83A08ED4-352A-4822-902F-F90128116364,Unknown,,S,,,Ave,S Columbia Ave,2024/05/12 21:05:27+00,349 S Columbia Ave Los Angeles 90017,83A08ED4-352A-4822-902F-F90128116364_349_S_Columbia_Ave_Los_Angeles_90017,Columbia,349 S Columbia Avenue Ave Los Angeles 90017,,,,
668047,1244794,,5153019027.0,,347.0,,,South,,,Columbia,Avenue,,,,,,,,,,,,,90017.0,,Los Angeles,Los Angeles,,,,,LA City,{74ABFEF1-DB37-4D93-B575-DEEDDCD332DF},0,,74ABFEF1-DB37-4D93-B575-DEEDDCD332DF,Unknown,,S,,,Ave,S Columbia Ave,2024/05/12 21:05:27+00,347 S Columbia Ave Los Angeles 90017,74ABFEF1-DB37-4D93-B575-DEEDDCD332DF_347_S_Columbia_Ave_Los_Angeles_90017,Columbia,347 S Columbia Avenue Ave Los Angeles 90017,,,,
668048,1244795,,5153019027.0,,349.0,1/2,,South,,,Columbia,Avenue,,,,,,,,,,,,,90017.0,,Los Angeles,Los Angeles,,,,,LA City,{46A877C2-09B6-4A0B-B67D-DCF87FFFAA5F},0,,46A877C2-09B6-4A0B-B67D-DCF87FFFAA5F,Unknown,,S,,,Ave,S Columbia Ave,2024/05/12 21:05:27+00,349 1/2 S Columbia Ave Los Angeles 90017,46A877C2-09B6-4A0B-B67D-DCF87FFFAA5F_349_1/2_S_Columbia_Ave_Los_Angeles_90017,Columbia,349 1/2 S Columbia Avenue Ave Los Angeles 90017,,,,
668049,1244796,,5153019027.0,,351.0,1/4,,South,,,Columbia,Avenue,,,,,,,,,,,,,90017.0,,Los Angeles,Los Angeles,,,,,LA City,{807DCDB5-A82B-4BBB-9718-29C7CA53734E},0,,807DCDB5-A82B-4BBB-9718-29C7CA53734E,Unknown,,S,,,Ave,S Columbia Ave,2024/05/12 21:05:27+00,351 1/4 S Columbia Ave Los Angeles 90017,807DCDB5-A82B-4BBB-9718-29C7CA53734E_351_1/4_S_Columbia_Ave_Los_Angeles_90017,Columbia,351 1/4 S Columbia Avenue Ave Los Angeles 90017,,,,
668050,1244797,,5153020001.0,,515.0,,,South,,,Columbia,Avenue,,,,,,,,,,,,,90017.0,,Los Angeles,Los Angeles,,,,,LA City,{7781EFF5-C00E-48D1-9038-C65C06D09FA7},0,,7781EFF5-C00E-48D1-9038-C65C06D09FA7,Unknown,,S,,,Ave,S Columbia Ave,2023/09/12 23:03:18+00,515 S Columbia Ave Los Angeles 90017,7781EFF5-C00E-48D1-9038-C65C06D09FA7_515_S_Columbia_Ave_Los_Angeles_90017,Columbia,515 S Columbia Avenue Ave Los Angeles 90017,,,,
668051,1244798,,5153020900.0,,531.0,,,South,,,Columbia,Avenue,,,,,,,,,,,,,90017.0,,Los Angeles,Los Angeles,,,,,LA City,{EDDAE636-6FFA-443F-9629-7A9817AB07A5},0,,EDDAE636-6FFA-443F-9629-7A9817AB07A5,Unknown,,S,,,Ave,S Columbia Ave,2023/09/12 23:03:18+00,531 S Columbia Ave Los Angeles 90017,EDDAE636-6FFA-443F-9629-7A9817AB07A5_531_S_Columbia_Ave_Los_Angeles_90017,Columbia,531 S Columbia Avenue Ave Los Angeles 90017,,,,
668052,1244799,,5153020900.0,,1403.0,,,West,,,6Th,Street,,,,,,,,,,,,,90017.0,,Los Angeles,Los Angeles,,,,,LA City,{1F1F032E-9075-4620-A68E-3F22C9C47CB2},0,,1F1F032E-9075-4620-A68E-3F22C9C47CB2,Unknown,,W,,,St,W 6Th St,2023/09/12 23:03:18+00,1403 W 6Th St Los Angeles 90017,1F1F032E-9075-4620-A68E-3F22C9C47CB2_1403_W_6Th_St_Los_Angeles_90017,6Th,1403 W 6Th Street St Los Angeles 90017,,,,
668053,1244800,,5153020900.0,,500.0,,,South,,,Loma,Drive,,,,,,,,,,,,,90017.0,,Los Angeles,Los Angeles,,,,,LA City,{CADDF9A3-0B37-477E-AD31-A46155E22B67},0,,CADDF9A3-0B37-477E-AD31-A46155E22B67,Unknown,,S,,,Dr,S Loma Dr,2023/09/12 23:03:18+00,500 S Loma Dr Los Angeles 90017,CADDF9A3-0B37-477E-AD31-A46155E22B67_500_S_Loma_Dr_Los_Angeles_90017,Loma,500 S Loma Drive Dr Los Angeles 90017,,,,
668054,1244801,,5153020900.0,,1401.0,,,West,,,6Th,Street,,,,,,,,,,,,,90017.0,,Los Angeles,Los Angeles,,,,,LA City,{4E7D43F5-169D-4BFB-85F6-40B78281D800},0,,4E7D43F5-169D-4BFB-85F6-40B78281D800,Unknown,,W,,,St,W 6Th St,2023/09/12 23:03:18+00,1401 W 6Th St Los Angeles 90017,4E7D43F5-169D-4BFB-85F6-40B78281D800_1401_W_6Th_St_Los_Angeles_90017,6Th,1401 W 6Th Street St Los Angeles 90017,,,,
668055,1244802,,5153021001.0,,366.0,,,South,,,Columbia,Avenue,,,,,,,,,,,,1-9,90017.0,,Los Angeles,Los Angeles,,,,,LA City,{2000B63B-FD44-4279-BA71-4CA7E20E9F16},0,,2000B63B-FD44-4279-BA71-4CA7E20E9F16,Unknown,,S,,,Ave,S Columbia Ave,2023/09/12 23:03:18+00,366 S Columbia Ave 1-9 Los Angeles 90017,2000B63B-FD44-4279-BA71-4CA7E20E9F16_366_S_Columbia_Ave_1-9_Los_Angeles_90017,Columbia,366 S Columbia Avenue Ave 1-9 Los Angeles 90017,,,,
668056,1244803,,5153021002.0,,429.0,,,South,,,Witmer,Street,,,,,,,,,,,,,90017.0,,Los Angeles,Los Angeles,,,,,LA City,{1A79F12C-5B06-4DD0-9C24-8B6560DC9B91},0,,1A79F12C-5B06-4DD0-9C24-8B6560DC9B91,Unknown,,S,,,St,S Witmer St,2023/09/12 23:03:18+00,429 S Witmer St Los Angeles 90017,1A79F12C-5B06-4DD0-9C24-8B6560DC9B91_429_S_Witmer_St_Los_Angeles_90017,Witmer,429 S Witmer Street St Los Angeles 90017,,,,
668057,1244804,,5153021002.0,,433.0,,,South,,,Witmer,Street,,,,,,,,,,,,,90017.0,,Los Angeles,Los Angeles,,,,,LA City,{EF0F798E-1F23-4D06-8CFA-9D537AD070EB},0,,EF0F798E-1F23-4D06-8CFA-9D537AD070EB,Unknown,,S,,,St,S Witmer St,2023/09/12 23:03:18+00,433 S Witmer St Los Angeles 90017,EF0F798E-1F23-4D06-8CFA-9D537AD070EB_433_S_Witmer_St_Los_Angeles_90017,Witmer,433 S Witmer Street St Los Angeles 90017,,,,
668058,1244805,,5153021002.0,,435.0,,,South,,,Witmer,Street,,,,,,,,,,,,,90017.0,,Los Angeles,Los Angeles,,,,,LA City,{DA3C6479-822C-4294-BCA9-6FFA3191120A},0,,DA3C6479-822C-4294-BCA9-6FFA3191120A,Unknown,,S,,,St,S Witmer St,2024/05/12 21:05:27+00,435 S Witmer St Los Angeles 90017,DA3C6479-822C-4294-BCA9-6FFA3191120A_435_S_Witmer_St_Los_Angeles_90017,Witmer,435 S Witmer Street St Los Angeles 90017,,,,
668059,1244806,,5153021002.0,,431.0,,,South,,,Witmer,Street,,,,,,,,,,,,,90017.0,,Los Angeles,Los Angeles,,,,,LA City,{DFDD3004-7705-4F14-8CC4-2D85F1F6940F},0,,DFDD3004-7705-4F14-8CC4-2D85F1F6940F,Unknown,,S,,,St,S Witmer St,2024/05/12 21:05:27+00,431 S Witmer St Los Angeles 90017,DFDD3004-7705-4F14-8CC4-2D85F1F6940F_431_S_Witmer_St_Los_Angeles_90017,Witmer,431 S Witmer Street St Los Angeles 90017,,,,
668060,1244807,,5153021002.0,,435.0,1/2,,South,,,Witmer,Street,,,,,,,,,,,,,90017.0,,Los Angeles,Los Angeles,,,,,LA City,{CEB6A147-FF73-4B34-BE92-614954DB653E},0,,CEB6A147-FF73-4B34-BE92-614954DB653E,Unknown,,S,,,St,S Witmer St,2024/05/12 21:05:27+00,435 1/2 S Witmer St Los Angeles 90017,CEB6A147-FF73-4B34-BE92-614954DB653E_435_1/2_S_Witmer_St_Los_Angeles_90017,Witmer,435 1/2 S Witmer Street St Los Angeles 90017,,,,
668061,1244808,,5153021002.0,,431.0,1/2,,South,,,Witmer,Street,,,,,,,,,,,,,90017.0,,Los Angeles,Los Angeles,,,,,LA City,{723ED668-0BD4-4F87-B250-77B32D7C4C2B},0,,723ED668-0BD4-4F87-B250-77B32D7C4C2B,Unknown,,S,,,St,S Witmer St,2024/05/12 21:05:27+00,431 1/2 S Witmer St Los Angeles 90017,723ED668-0BD4-4F87-B250-77B32D7C4C2B_431_1/2_S_Witmer_St_Los_Angeles_90017,Witmer,431 1/2 S Witmer Street St Los Angeles 90017,,,,
668062,1244809,,5153021003.0,,380.0,,,South,,,Columbia,Avenue,,,,,,,,,,,,,90017.0,,Los Angeles,Los Angeles,,,,,LA City,{C1D8B7E3-D925-4D97-BBC0-8B9D23DA3DFB},0,,C1D8B7E3-D925-4D97-BBC0-8B9D23DA3DFB,Unknown,,S,,,Ave,S Columbia Ave,2024/05/12 21:05:27+00,380 S Columbia Ave Los Angeles 90017,C1D8B7E3-D925-4D97-BBC0-8B9D23DA3DFB_380_S_Columbia_Ave_Los_Angeles_90017,Columbia,380 S Columbia Avenue Ave Los Angeles 90017,,,,
668063,1244810,,5153021003.0,,372.0,,,South,,,Columbia,Avenue,,,,,,,,,,,,,90017.0,,Los Angeles,Los Angeles,,,,,LA City,{29ACCB6B-F49B-43FA-8BC7-AC83EE61C723},0,,29ACCB6B-F49B-43FA-8BC7-AC83EE61C723,Unknown,,S,,,Ave,S Columbia Ave,2024/05/12 21:05:27+00,372 S Columbia Ave Los Angeles 90017,29ACCB6B-F49B-43FA-8BC7-AC83EE61C723_372_S_Columbia_Ave_Los_Angeles_90017,Columbia,372 S Columbia Avenue Ave Los Angeles 90017,,,,
668064,1244811,,5153021003.0,,376.0,1/2,,South,,,Columbia,Avenue,,,,,,,,,,,,,90017.0,,Los Angeles,Los Angeles,,,,,LA City,{7BE7F849-FC65-4149-BA07-DD384F791057},0,,7BE7F849-FC65-4149-BA07-DD384F791057,Unknown,,S,,,Ave,S Columbia Ave,2024/05/12 21:05:27+00,376 1/2 S Columbia Ave Los Angeles 90017,7BE7F849-FC65-4149-BA07-DD384F791057_376_1/2_S_Columbia_Ave_Los_Angeles_90017,Columbia,376 1/2 S Columbia Avenue Ave Los Angeles 90017,,,,
668065,1244812,,5153021003.0,,382.0,,,South,,,Columbia,Avenue,,,,,,,,,,,,,90017.0,,Los Angeles,Los Angeles,,,,,LA City,{111A77E6-CEA0-44D6-AC76-AE21B8D43A6E},0,,111A77E6-CEA0-44D6-AC76-AE21B8D43A6E,Unknown,,S,,,Ave,S Columbia Ave,2024/05/12 21:05:27+00,382 S Columbia Ave Los Angeles 90017,111A77E6-CEA0-44D6-AC76-AE21B8D43A6E_382_S_Columbia_Ave_Los_Angeles_90017,Columbia,382 S Columbia Avenue Ave Los Angeles 90017,,,,
668066,1244813,,5153021003.0,,376.0,,,South,,,Columbia,Avenue,,,,,,,,,,,,,90017.0,,Los Angeles,Los Angeles,,,,,LA City,{7713094B-DFEC-4EF7-8178-893B59920AFC},0,,7713094B-DFEC-4EF7-8178-893B59920AFC,Unknown,,S,,,Ave,S Columbia Ave,2024/05/12 21:05:27+00,376 S Columbia Ave Los Angeles 90017,7713094B-DFEC-4EF7-8178-893B59920AFC_376_S_Columbia_Ave_Los_Angeles_90017,Columbia,376 S Columbia Avenue Ave Los Angeles 90017,,,,
668067,1244814,,5153021003.0,,384.0,1/2,,South,,,Columbia,Avenue,,,,,,,,,,,,,90017.0,,Los Angeles,Los Angeles,,,,,LA City,{1D165703-94FF-4427-9B6D-27F2DB9549DB},0,,1D165703-94FF-4427-9B6D-27F2DB9549DB,Unknown,,S,,,Ave,S Columbia Ave,2024/05/12 21:05:27+00,384 1/2 S Columbia Ave Los Angeles 90017,1D165703-94FF-4427-9B6D-27F2DB9549DB_384_1/2_S_Columbia_Ave_Los_Angeles_90017,Columbia,384 1/2 S Columbia Avenue Ave Los Angeles 90017,,,,
668068,1244815,,5153021003.0,,378.0,1/2,,South,,,Columbia,Avenue,,,,,,,,,,,,,90017.0,,Los Angeles,Los Angeles,,,,,LA City,{6A99AACC-6E8B-4454-B9B9-7B5D852CFBD9},0,,6A99AACC-6E8B-4454-B9B9-7B5D852CFBD9,Unknown,,S,,,Ave,S Columbia Ave,2024/05/12 21:05:27+00,378 1/2 S Columbia Ave Los Angeles 90017,6A99AACC-6E8B-4454-B9B9-7B5D852CFBD9_378_1/2_S_Columbia_Ave_Los_Angeles_90017,Columbia,378 1/2 S Columbia Avenue Ave Los Angeles 90017,,,,
668069,1244816,,5153021003.0,,374.0,,,South,,,Columbia,Avenue,,,,,,,,,,,,,90017.0,,Los Angeles,Los Angeles,,,,,LA City,{D0624EF4-6D67-4252-BB14-9460DC89290E},0,,D0624EF4-6D67-4252-BB14-9460DC89290E,Unknown,,S,,,Ave,S Columbia Ave,2024/05/12 21:05:27+00,374 S Columbia Ave Los Angeles 90017,D0624EF4-6D67-4252-BB14-9460DC89290E_374_S_Columbia_Ave_Los_Angeles_90017,Columbia,374 S Columbia Avenue Ave Los Angeles 90017,,,,
668070,1244817,,5153021003.0,,386.0,1/2,,South,,,Columbia,Avenue,,,,,,,,,,,,,90017.0,,Los Angeles,Los Angeles,,,,,LA City,{8B9C0184-6F12-4D9D-82E3-FEDA13363344},0,,8B9C0184-6F12-4D9D-82E3-FEDA13363344,Unknown,,S,,,Ave,S Columbia Ave,2024/05/12 21:05:27+00,386 1/2 S Columbia Ave Los Angeles 90017,8B9C0184-6F12-4D9D-82E3-FEDA13363344_386_1/2_S_Columbia_Ave_Los_Angeles_90017,Columbia,386 1/2 S Columbia Avenue Ave Los Angeles 90017,,,,
668071,1244818,,5153021003.0,,382.0,1/2,,South,,,Columbia,Avenue,,,,,,,,,,,,,90017.0,,Los Angeles,Los Angeles,,,,,LA City,{870DAA97-271B-4BE5-AE40-7FBCC5A6B0BD},0,,870DAA97-271B-4BE5-AE40-7FBCC5A6B0BD,Unknown,,S,,,Ave,S Columbia Ave,2024/05/12 21:05:27+00,382 1/2 S Columbia Ave Los Angeles 90017,870DAA97-271B-4BE5-AE40-7FBCC5A6B0BD_382_1/2_S_Columbia_Ave_Los_Angeles_90017,Columbia,382 1/2 S Columbia Avenue Ave Los Angeles 90017,,,,
668072,1244819,,5153021003.0,,384.0,,,South,,,Columbia,Avenue,,,,,,,,,,,,,90017.0,,Los Angeles,Los Angeles,,,,,LA City,{887B2655-36F8-4C8A-9580-3D45B5B2858E},0,,887B2655-36F8-4C8A-9580-3D45B5B2858E,Unknown,,S,,,Ave,S Columbia Ave,2024/05/12 21:05:27+00,384 S Columbia Ave Los Angeles 90017,887B2655-36F8-4C8A-9580-3D45B5B2858E_384_S_Columbia_Ave_Los_Angeles_90017,Columbia,384 S Columbia Avenue Ave Los Angeles 90017,,,,
668073,1244820,,5153021003.0,,378.0,,,South,,,Columbia,Avenue,,,,,,,,,,,,,90017.0,,Los Angeles,Los Angeles,,,,,LA City,{4022F829-0DDE-47E0-B1EE-A986212309E9},0,,4022F829-0DDE-47E0-B1EE-A986212309E9,Unknown,,S,,,Ave,S Columbia Ave,2024/05/12 21:05:27+00,378 S Columbia Ave Los Angeles 90017,4022F829-0DDE-47E0-B1EE-A986212309E9_378_S_Columbia_Ave_Los_Angeles_90017,Columbia,378 S Columbia Avenue Ave Los Angeles 90017,,,,
668074,1244821,,5153021003.0,,386.0,,,South,,,Columbia,Avenue,,,,,,,,,,,,,90017.0,,Los Angeles,Los Angeles,,,,,LA City,{CDC5B60B-A7E9-4DDB-801A-09A4FAE85ECE},0,,CDC5B60B-A7E9-4DDB-801A-09A4FAE85ECE,Unknown,,S,,,Ave,S Columbia Ave,2024/05/12 21:05:27+00,386 S Columbia Ave Los Angeles 90017,CDC5B60B-A7E9-4DDB-801A-09A4FAE85ECE_386_S_Columbia_Ave_Los_Angeles_90017,Columbia,386 S Columbia Avenue Ave Los Angeles 90017,,,,
668075,1244822,,5153021003.0,,372.0,1/2,,South,,,Columbia,Avenue,,,,,,,,,,,,,90017.0,,Los Angeles,Los Angeles,,,,,LA City,{910063E6-ABDB-4B92-964B-C3C76FE18E92},0,,910063E6-ABDB-4B92-964B-C3C76FE18E92,Unknown,,S,,,Ave,S Columbia Ave,2024/05/12 21:05:27+00,372 1/2 S Columbia Ave Los Angeles 90017,910063E6-ABDB-4B92-964B-C3C76FE18E92_372_1/2_S_Columbia_Ave_Los_Angeles_90017,Columbia,372 1/2 S Columbia Avenue Ave Los Angeles 90017,,,,
668076,1244823,,5153021003.0,,374.0,1/2,,South,,,Columbia,Avenue,,,,,,,,,,,,,90017.0,,Los Angeles,Los Angeles,,,,,LA City,{9E0BBACF-1DF7-4C05-8AAD-474EE3A0F97D},0,,9E0BBACF-1DF7-4C05-8AAD-474EE3A0F97D,Unknown,,S,,,Ave,S Columbia Ave,2024/05/12 21:05:27+00,374 1/2 S Columbia Ave Los Angeles 90017,9E0BBACF-1DF7-4C05-8AAD-474EE3A0F97D_374_1/2_S_Columbia_Ave_Los_Angeles_90017,Columbia,374 1/2 S Columbia Avenue Ave Los Angeles 90017,,,,
668077,1244824,,5153021003.0,,380.0,1/2,,South,,,Columbia,Avenue,,,,,,,,,,,,,90017.0,,Los Angeles,Los Angeles,,,,,LA City,{C5B09F42-F41B-44BE-A325-955C3FA7BD87},0,,C5B09F42-F41B-44BE-A325-955C3FA7BD87,Unknown,,S,,,Ave,S Columbia Ave,2024/05/12 21:05:27+00,380 1/2 S Columbia Ave Los Angeles 90017,C5B09F42-F41B-44BE-A325-955C3FA7BD87_380_1/2_S_Columbia_Ave_Los_Angeles_90017,Columbia,380 1/2 S Columbia Avenue Ave Los Angeles 90017,,,,
668078,1244825,,5153021004.0,,443.0,,,South,,,Witmer,Street,,,,,,,,,,,,,90017.0,,Los Angeles,Los Angeles,,,,,LA City,{8A086A81-6CB4-4A28-AE8F-3A446EAB78CA},0,,8A086A81-6CB4-4A28-AE8F-3A446EAB78CA,Unknown,,S,,,St,S Witmer St,2024/05/12 21:05:27+00,443 S Witmer St Los Angeles 90017,8A086A81-6CB4-4A28-AE8F-3A446EAB78CA_443_S_Witmer_St_Los_Angeles_90017,Witmer,443 S Witmer Street St Los Angeles 90017,,,,
668079,1244826,,5153021004.0,,445.0,1/2,,South,,,Witmer,Street,,,,,,,,,,,,,90017.0,,Los Angeles,Los Angeles,,,,,LA City,{B57B476D-C6B1-4D86-91BE-6BA4C9D17BD2},0,,B57B476D-C6B1-4D86-91BE-6BA4C9D17BD2,Unknown,,S,,,St,S Witmer St,2024/05/12 21:05:27+00,445 1/2 S Witmer St Los Angeles 90017,B57B476D-C6B1-4D86-91BE-6BA4C9D17BD2_445_1/2_S_Witmer_St_Los_Angeles_90017,Witmer,445 1/2 S Witmer Street St Los Angeles 90017,,,,
668080,1244827,,5153021004.0,,443.0,1/2,,South,,,Witmer,Street,,,,,,,,,,,,,90017.0,,Los Angeles,Los Angeles,,,,,LA City,{CC98128E-D8E2-4B35-B310-1C14D29AD00F},0,,CC98128E-D8E2-4B35-B310-1C14D29AD00F,Unknown,,S,,,St,S Witmer St,2024/05/12 21:05:27+00,443 1/2 S Witmer St Los Angeles 90017,CC98128E-D8E2-4B35-B310-1C14D29AD00F_443_1/2_S_Witmer_St_Los_Angeles_90017,Witmer,443 1/2 S Witmer Street St Los Angeles 90017,,,,
668081,1244828,,5153021004.0,,445.0,,,South,,,Witmer,Street,,,,,,,,,,,,,90017.0,,Los Angeles,Los Angeles,,,,,LA City,{CF8B374B-7DEE-4749-BB30-D233BC9AF29B},0,,CF8B374B-7DEE-4749-BB30-D233BC9AF29B,Unknown,,S,,,St,S Witmer St,2024/05/12 21:05:27+00,445 S Witmer St Los Angeles 90017,CF8B374B-7DEE-4749-BB30-D233BC9AF29B_445_S_Witmer_St_Los_Angeles_90017,Witmer,445 S Witmer Street St Los Angeles 90017,,,,
668082,1244829,,5153021004.0,,449.0,1/2,,South,,,Witmer,Street,,,,,,,,,,,,,90017.0,,Los Angeles,Los Angeles,,,,,LA City,{26726F4A-A42D-4272-8B9C-EB0308D338E8},0,,26726F4A-A42D-4272-8B9C-EB0308D338E8,Unknown,,S,,,St,S Witmer St,2024/05/12 21:05:27+00,449 1/2 S Witmer St Los Angeles 90017,26726F4A-A42D-4272-8B9C-EB0308D338E8_449_1/2_S_Witmer_St_Los_Angeles_90017,Witmer,449 1/2 S Witmer Street St Los Angeles 90017,,,,
668083,1244830,,5153021004.0,,453.0,1/2,,South,,,Witmer,Street,,,,,,,,,,,,,90017.0,,Los Angeles,Los Angeles,,,,,LA City,{26773C5E-C3D7-41B3-AB4D-B0316F3729D2},0,,26773C5E-C3D7-41B3-AB4D-B0316F3729D2,Unknown,,S,,,St,S Witmer St,2024/05/12 21:05:27+00,453 1/2 S Witmer St Los Angeles 90017,26773C5E-C3D7-41B3-AB4D-B0316F3729D2_453_1/2_S_Witmer_St_Los_Angeles_90017,Witmer,453 1/2 S Witmer Street St Los Angeles 90017,,,,
668084,1244831,,5153021004.0,,447.0,,,South,,,Witmer,Street,,,,,,,,,,,,,90017.0,,Los Angeles,Los Angeles,,,,,LA City,{D738EF37-831F-42E9-AA74-8BFF5BF9CDF8},0,,D738EF37-831F-42E9-AA74-8BFF5BF9CDF8,Unknown,,S,,,St,S Witmer St,2024/05/12 21:05:27+00,447 S Witmer St Los Angeles 90017,D738EF37-831F-42E9-AA74-8BFF5BF9CDF8_447_S_Witmer_St_Los_Angeles_90017,Witmer,447 S Witmer Street St Los Angeles 90017,,,,
668085,1244832,,5153021004.0,,439.0,,,South,,,Witmer,Street,,,,,,,,,,,,,90017.0,,Los Angeles,Los Angeles,,,,,LA City,{744CD9E2-4BFD-4674-BB23-7EA5A6753766},0,,744CD9E2-4BFD-4674-BB23-7EA5A6753766,Unknown,,S,,,St,S Witmer St,2024/05/12 21:05:27+00,439 S Witmer St Los Angeles 90017,744CD9E2-4BFD-4674-BB23-7EA5A6753766_439_S_Witmer_St_Los_Angeles_90017,Witmer,439 S Witmer Street St Los Angeles 90017,,,,
668086,1244833,,5153021004.0,,449.0,,,South,,,Witmer,Street,,,,,,,,,,,,,90017.0,,Los Angeles,Los Angeles,,,,,LA City,{1F1A5412-569C-44AC-B26D-F4B5517339F5},0,,1F1A5412-569C-44AC-B26D-F4B5517339F5,Unknown,,S,,,St,S Witmer St,2024/05/12 21:05:27+00,449 S Witmer St Los Angeles 90017,1F1A5412-569C-44AC-B26D-F4B5517339F5_449_S_Witmer_St_Los_Angeles_90017,Witmer,449 S Witmer Street St Los Angeles 90017,,,,
668087,1244834,,5153021004.0,,441.0,1/2,,South,,,Witmer,Street,,,,,,,,,,,,,90017.0,,Los Angeles,Los Angeles,,,,,LA City,{9670AAC4-439A-4E8B-9543-F08C4D2016C1},0,,9670AAC4-439A-4E8B-9543-F08C4D2016C1,Unknown,,S,,,St,S Witmer St,2024/05/12 21:05:27+00,441 1/2 S Witmer St Los Angeles 90017,9670AAC4-439A-4E8B-9543-F08C4D2016C1_441_1/2_S_Witmer_St_Los_Angeles_90017,Witmer,441 1/2 S Witmer Street St Los Angeles 90017,,,,
668088,1244835,,5153021004.0,,439.0,1/2,,South,,,Witmer,Street,,,,,,,,,,,,,90017.0,,Los Angeles,Los Angeles,,,,,LA City,{3A3C2141-67D1-4421-BF6C-B1F14FDC1E16},0,,3A3C2141-67D1-4421-BF6C-B1F14FDC1E16,Unknown,,S,,,St,S Witmer St,2024/05/12 21:05:27+00,439 1/2 S Witmer St Los Angeles 90017,3A3C2141-67D1-4421-BF6C-B1F14FDC1E16_439_1/2_S_Witmer_St_Los_Angeles_90017,Witmer,439 1/2 S Witmer Street St Los Angeles 90017,,,,
668089,1244836,,5153021004.0,,451.0,1/2,,South,,,Witmer,Street,,,,,,,,,,,,,90017.0,,Los Angeles,Los Angeles,,,,,LA City,{2B5A7827-5539-49AA-8708-D2535111A8CD},0,,2B5A7827-5539-49AA-8708-D2535111A8CD,Unknown,,S,,,St,S Witmer St,2024/05/12 21:05:27+00,451 1/2 S Witmer St Los Angeles 90017,2B5A7827-5539-49AA-8708-D2535111A8CD_451_1/2_S_Witmer_St_Los_Angeles_90017,Witmer,451 1/2 S Witmer Street St Los Angeles 90017,,,,
668090,1244837,,5153021004.0,,453.0,,,South,,,Witmer,Street,,,,,,,,,,,,,90017.0,,Los Angeles,Los Angeles,,,,,LA City,{A48D549B-0BB2-47E3-9C29-A12F5151DF1B},0,,A48D549B-0BB2-47E3-9C29-A12F5151DF1B,Unknown,,S,,,St,S Witmer St,2024/05/12 21:05:27+00,453 S Witmer St Los Angeles 90017,A48D549B-0BB2-47E3-9C29-A12F5151DF1B_453_S_Witmer_St_Los_Angeles_90017,Witmer,453 S Witmer Street St Los Angeles 90017,,,,
668091,1244838,,5153021004.0,,447.0,1/2,,South,,,Witmer,Street,,,,,,,,,,,,,90017.0,,Los Angeles,Los Angeles,,,,,LA City,{6E8F0AED-DF5C-43E3-BFCF-E50C5B567533},0,,6E8F0AED-DF5C-43E3-BFCF-E50C5B567533,Unknown,,S,,,St,S Witmer St,2024/05/12 21:05:27+00,447 1/2 S Witmer St Los Angeles 90017,6E8F0AED-DF5C-43E3-BFCF-E50C5B567533_447_1/2_S_Witmer_St_Los_Angeles_90017,Witmer,447 1/2 S Witmer Street St Los Angeles 90017,,,,
668092,1244839,,5153021004.0,,451.0,,,South,,,Witmer,Street,,,,,,,,,,,,,90017.0,,Los Angeles,Los Angeles,,,,,LA City,{589467BF-CD6B-4B4B-8AAC-9A179C431003},0,,589467BF-CD6B-4B4B-8AAC-9A179C431003,Unknown,,S,,,St,S Witmer St,2024/05/12 21:05:27+00,451 S Witmer St Los Angeles 90017,589467BF-CD6B-4B4B-8AAC-9A179C431003_451_S_Witmer_St_Los_Angeles_90017,Witmer,451 S Witmer Street St Los Angeles 90017,,,,
668093,1244840,,5153021004.0,,437.0,1/2,,South,,,Witmer,Street,,,,,,,,,,,,,90017.0,,Los Angeles,Los Angeles,,,,,LA City,{6D02ACF3-247F-4A7A-8329-F2767CCC6997},0,,6D02ACF3-247F-4A7A-8329-F2767CCC6997,Unknown,,S,,,St,S Witmer St,2024/05/12 21:05:27+00,437 1/2 S Witmer St Los Angeles 90017,6D02ACF3-247F-4A7A-8329-F2767CCC6997_437_1/2_S_Witmer_St_Los_Angeles_90017,Witmer,437 1/2 S Witmer Street St Los Angeles 90017,,,,
668094,1244841,,5153021004.0,,441.0,,,South,,,Witmer,Street,,,,,,,,,,,,,90017.0,,Los Angeles,Los Angeles,,,,,LA City,{521DC140-3411-4E96-8C12-2312025171C1},0,,521DC140-3411-4E96-8C12-2312025171C1,Unknown,,S,,,St,S Witmer St,2024/05/12 21:05:27+00,441 S Witmer St Los Angeles 90017,521DC140-3411-4E96-8C12-2312025171C1_441_S_Witmer_St_Los_Angeles_90017,Witmer,441 S Witmer Street St Los Angeles 90017,,,,
668095,1244842,,5153021004.0,,437.0,,,South,,,Witmer,Street,,,,,,,,,,,,,90017.0,,Los Angeles,Los Angeles,,,,,LA City,{3C3F45AD-93F8-43D4-83DE-3B5EFCC37897},0,,3C3F45AD-93F8-43D4-83DE-3B5EFCC37897,Unknown,,S,,,St,S Witmer St,2024/05/12 21:05:27+00,437 S Witmer St Los Angeles 90017,3C3F45AD-93F8-43D4-83DE-3B5EFCC37897_437_S_Witmer_St_Los_Angeles_90017,Witmer,437 S Witmer Street St Los Angeles 90017,,,,
668096,1244843,,5153021005.0,,456.0,1/2,,South,,,Columbia,Avenue,,,,,,,,,,,,,90017.0,,Los Angeles,Los Angeles,,,,,LA City,{4ADA9E3B-AD76-41DB-B010-79F5827F034C},0,,4ADA9E3B-AD76-41DB-B010-79F5827F034C,Unknown,,S,,,Ave,S Columbia Ave,2024/05/12 21:05:27+00,456 1/2 S Columbia Ave Los Angeles 90017,4ADA9E3B-AD76-41DB-B010-79F5827F034C_456_1/2_S_Columbia_Ave_Los_Angeles_90017,Columbia,456 1/2 S Columbia Avenue Ave Los Angeles 90017,,,,
668097,1244844,,5153021005.0,,458.0,1/2,,South,,,Columbia,Avenue,,,,,,,,,,,,,90017.0,,Los Angeles,Los Angeles,,,,,LA City,{AD3C1AF7-B124-4865-82EB-606A8D5672C5},0,,AD3C1AF7-B124-4865-82EB-606A8D5672C5,Unknown,,S,,,Ave,S Columbia Ave,2024/05/12 21:05:27+00,458 1/2 S Columbia Ave Los Angeles 90017,AD3C1AF7-B124-4865-82EB-606A8D5672C5_458_1/2_S_Columbia_Ave_Los_Angeles_90017,Columbia,458 1/2 S Columbia Avenue Ave Los Angeles 90017,,,,
668098,1244845,,5153021005.0,,458.0,,,South,,,Columbia,Avenue,,,,,,,,,,,,,90017.0,,Los Angeles,Los Angeles,,,,,LA City,{DD9C4AF8-B964-4A33-A05A-8F17EC5FA25B},0,,DD9C4AF8-B964-4A33-A05A-8F17EC5FA25B,Unknown,,S,,,Ave,S Columbia Ave,2024/05/12 21:05:27+00,458 S Columbia Ave Los Angeles 90017,DD9C4AF8-B964-4A33-A05A-8F17EC5FA25B_458_S_Columbia_Ave_Los_Angeles_90017,Columbia,458 S Columbia Avenue Ave Los Angeles 90017,,,,
668099,1244846,,5153021005.0,,456.0,,,South,,,Columbia,Avenue,,,,,,,,,,,,,90017.0,,Los Angeles,Los Angeles,,,,,LA City,{159B94B5-DB96-4D45-A846-F3DE1728304C},0,,159B94B5-DB96-4D45-A846-F3DE1728304C,Unknown,,S,,,Ave,S Columbia Ave,2024/05/12 21:05:27+00,456 S Columbia Ave Los Angeles 90017,159B94B5-DB96-4D45-A846-F3DE1728304C_456_S_Columbia_Ave_Los_Angeles_90017,Columbia,456 S Columbia Avenue Ave Los Angeles 90017,,,,
668100,1244847,,5153021006.0,,457.0,,,South,,,Witmer,Street,,,,,,,,,,,,,90017.0,,Los Angeles,Los Angeles,,,,,LA City,{23C4693F-49EB-4591-95BB-4FE846CB338C},0,,23C4693F-49EB-4591-95BB-4FE846CB338C,Unknown,,S,,,St,S Witmer St,2023/09/12 23:03:18+00,457 S Witmer St Los Angeles 90017,23C4693F-49EB-4591-95BB-4FE846CB338C_457_S_Witmer_St_Los_Angeles_90017,Witmer,457 S Witmer Street St Los Angeles 90017,,,,
668101,1244848,,5153021007.0,,502.0,,,South,,,Columbia,Avenue,,,,,,,,,,,,,90017.0,,Los Angeles,Los Angeles,,,,,LA City,{2E74D1C8-3BCD-4905-890B-534186037F03},0,,2E74D1C8-3BCD-4905-890B-534186037F03,Unknown,,S,,,Ave,S Columbia Ave,2023/09/12 23:03:18+00,502 S Columbia Ave Los Angeles 90017,2E74D1C8-3BCD-4905-890B-534186037F03_502_S_Columbia_Ave_Los_Angeles_90017,Columbia,502 S Columbia Avenue Ave Los Angeles 90017,,,,
668102,1244849,,5153021007.0,,500.0,,,South,,,Columbia,Avenue,,,,,,,,,,,,,90017.0,,Los Angeles,Los Angeles,,,,,LA City,{7CC9E691-BABA-4869-B170-B12BCE290565},0,,7CC9E691-BABA-4869-B170-B12BCE290565,Unknown,,S,,,Ave,S Columbia Ave,2023/09/12 23:03:18+00,500 S Columbia Ave Los Angeles 90017,7CC9E691-BABA-4869-B170-B12BCE290565_500_S_Columbia_Ave_Los_Angeles_90017,Columbia,500 S Columbia Avenue Ave Los Angeles 90017,,,,
668103,1244850,,5153021007.0,,504.0,,,South,,,Columbia,Avenue,,,,,,,,,,,,,90017.0,,Los Angeles,Los Angeles,,,,,LA City,{21FC2886-E90E-4983-ABA7-FBDBCD4ABD07},0,,21FC2886-E90E-4983-ABA7-FBDBCD4ABD07,Unknown,,S,,,Ave,S Columbia Ave,2024/05/12 21:05:27+00,504 S Columbia Ave Los Angeles 90017,21FC2886-E90E-4983-ABA7-FBDBCD4ABD07_504_S_Columbia_Ave_Los_Angeles_90017,Columbia,504 S Columbia Avenue Ave Los Angeles 90017,,,,
668104,1244851,,5153021007.0,,504.0,1/2,,South,,,Columbia,Avenue,,,,,,,,,,,,,90017.0,,Los Angeles,Los Angeles,,,,,LA City,{85AF800B-8028-41DF-913D-2DEFE0F3054D},0,,85AF800B-8028-41DF-913D-2DEFE0F3054D,Unknown,,S,,,Ave,S Columbia Ave,2024/05/12 21:05:27+00,504 1/2 S Columbia Ave Los Angeles 90017,85AF800B-8028-41DF-913D-2DEFE0F3054D_504_1/2_S_Columbia_Ave_Los_Angeles_90017,Columbia,504 1/2 S Columbia Avenue Ave Los Angeles 90017,,,,
668105,1244852,,5153021008.0,,461.0,,,South,,,Witmer,Street,,,,,,,,,,,,,90017.0,,Los Angeles,Los Angeles,,,,,LA City,{84FBF80F-3E09-4B94-9D60-6577764B2DBD},0,,84FBF80F-3E09-4B94-9D60-6577764B2DBD,Unknown,,S,,,St,S Witmer St,2023/09/12 23:03:18+00,461 S Witmer St Los Angeles 90017,84FBF80F-3E09-4B94-9D60-6577764B2DBD_461_S_Witmer_St_Los_Angeles_90017,Witmer,461 S Witmer Street St Los Angeles 90017,,,,
668106,1244853,,5153021009.0,,514.0,,,South,,,Columbia,Avenue,,,,,,,,,,,,,90017.0,,Los Angeles,Los Angeles,,,,,LA City,{BCCEEE2C-41D9-4FD6-9518-166B1BE0EC89},0,,BCCEEE2C-41D9-4FD6-9518-166B1BE0EC89,Unknown,,S,,,Ave,S Columbia Ave,2023/09/12 23:03:18+00,514 S Columbia Ave Los Angeles 90017,BCCEEE2C-41D9-4FD6-9518-166B1BE0EC89_514_S_Columbia_Ave_Los_Angeles_90017,Columbia,514 S Columbia Avenue Ave Los Angeles 90017,,,,
668107,1244854,,5153021009.0,,471.0,,,South,,,Witmer,Street,,,,,,,,,,,,,90017.0,,Los Angeles,Los Angeles,,,,,LA City,{B63752DB-C404-4B8B-B56C-2A1EBC471458},0,,B63752DB-C404-4B8B-B56C-2A1EBC471458,Unknown,,S,,,St,S Witmer St,2023/09/12 23:03:18+00,471 S Witmer St Los Angeles 90017,B63752DB-C404-4B8B-B56C-2A1EBC471458_471_S_Witmer_St_Los_Angeles_90017,Witmer,471 S Witmer Street St Los Angeles 90017,,,,
668108,1244855,,5153021009.0,,512.0,,,South,,,Columbia,Avenue,,,,,,,,,,,,,90017.0,,Los Angeles,Los Angeles,,,,,LA City,{6F158E15-4B18-4976-B6D9-84D821FDE5ED},0,,6F158E15-4B18-4976-B6D9-84D821FDE5ED,Unknown,,S,,,Ave,S Columbia Ave,2023/09/12 23:03:18+00,512 S Columbia Ave Los Angeles 90017,6F158E15-4B18-4976-B6D9-84D821FDE5ED_512_S_Columbia_Ave_Los_Angeles_90017,Columbia,512 S Columbia Avenue Ave Los Angeles 90017,,,,
668109,1244856,,5153021009.0,,467.0,,,South,,,Witmer,Street,,,,,,,,,,,,,90017.0,,Los Angeles,Los Angeles,,,,,LA City,{6B1E6825-6650-47B7-A8C9-D86AE6CE77F6},0,,6B1E6825-6650-47B7-A8C9-D86AE6CE77F6,Unknown,,S,,,St,S Witmer St,2024/05/12 21:05:27+00,467 S Witmer St Los Angeles 90017,6B1E6825-6650-47B7-A8C9-D86AE6CE77F6_467_S_Witmer_St_Los_Angeles_90017,Witmer,467 S Witmer Street St Los Angeles 90017,,,,
668110,1244857,,5153021009.0,,510.0,1/2,,South,,,Columbia,Avenue,,,,,,,,,,,,,90017.0,,Los Angeles,Los Angeles,,,,,LA City,{ECC80FE0-9235-47A1-87C0-E9D5AFB57B5A},0,,ECC80FE0-9235-47A1-87C0-E9D5AFB57B5A,Unknown,,S,,,Ave,S Columbia Ave,2024/05/12 21:05:27+00,510 1/2 S Columbia Ave Los Angeles 90017,ECC80FE0-9235-47A1-87C0-E9D5AFB57B5A_510_1/2_S_Columbia_Ave_Los_Angeles_90017,Columbia,510 1/2 S Columbia Avenue Ave Los Angeles 90017,,,,
668111,1244858,,5153021009.0,,469.0,,,South,,,Witmer,Street,,,,,,,,,,,,,90017.0,,Los Angeles,Los Angeles,,,,,LA City,{2CC4358D-5FA6-4C6F-8BEB-B2059389C677},0,,2CC4358D-5FA6-4C6F-8BEB-B2059389C677,Unknown,,S,,,St,S Witmer St,2024/05/12 21:05:27+00,469 S Witmer St Los Angeles 90017,2CC4358D-5FA6-4C6F-8BEB-B2059389C677_469_S_Witmer_St_Los_Angeles_90017,Witmer,469 S Witmer Street St Los Angeles 90017,,,,
668112,1244859,,5153021009.0,,469.0,1/2,,South,,,Witmer,Street,,,,,,,,,,,,,90017.0,,Los Angeles,Los Angeles,,,,,LA City,{CB744867-2C86-429D-ACED-7BFCF4F97939},0,,CB744867-2C86-429D-ACED-7BFCF4F97939,Unknown,,S,,,St,S Witmer St,2024/05/12 21:05:27+00,469 1/2 S Witmer St Los Angeles 90017,CB744867-2C86-429D-ACED-7BFCF4F97939_469_1/2_S_Witmer_St_Los_Angeles_90017,Witmer,469 1/2 S Witmer Street St Los Angeles 90017,,,,
668113,1244860,,5153021009.0,,508.0,1/2,,South,,,Columbia,Avenue,,,,,,,,,,,,,90017.0,,Los Angeles,Los Angeles,,,,,LA City,{DEC4DE72-3D32-4F2C-BB92-2250C00FB0D2},0,,DEC4DE72-3D32-4F2C-BB92-2250C00FB0D2,Unknown,,S,,,Ave,S Columbia Ave,2024/05/12 21:05:27+00,508 1/2 S Columbia Ave Los Angeles 90017,DEC4DE72-3D32-4F2C-BB92-2250C00FB0D2_508_1/2_S_Columbia_Ave_Los_Angeles_90017,Columbia,508 1/2 S Columbia Avenue Ave Los Angeles 90017,,,,
668114,1244861,,5153021009.0,,510.0,,,South,,,Columbia,Avenue,,,,,,,,,,,,,90017.0,,Los Angeles,Los Angeles,,,,,LA City,{9CDE0ACA-87C6-4F2E-9DEC-1292F4E125F5},0,,9CDE0ACA-87C6-4F2E-9DEC-1292F4E125F5,Unknown,,S,,,Ave,S Columbia Ave,2024/05/12 21:05:27+00,510 S Columbia Ave Los Angeles 90017,9CDE0ACA-87C6-4F2E-9DEC-1292F4E125F5_510_S_Columbia_Ave_Los_Angeles_90017,Columbia,510 S Columbia Avenue Ave Los Angeles 90017,,,,
668115,1244862,,5153021009.0,,508.0,,,South,,,Columbia,Avenue,,,,,,,,,,,,,90017.0,,Los Angeles,Los Angeles,,,,,LA City,{7DEC1506-2E60-43F4-981C-BF074A3563AB},0,,7DEC1506-2E60-43F4-981C-BF074A3563AB,Unknown,,S,,,Ave,S Columbia Ave,2024/05/12 21:05:27+00,508 S Columbia Ave Los Angeles 90017,7DEC1506-2E60-43F4-981C-BF074A3563AB_508_S_Columbia_Ave_Los_Angeles_90017,Columbia,508 S Columbia Avenue Ave Los Angeles 90017,,,,
668116,1244863,,5153021009.0,,467.0,1/2,,South,,,Witmer,Street,,,,,,,,,,,,,90017.0,,Los Angeles,Los Angeles,,,,,LA City,{C2CF570C-FAEB-409C-BD5D-55DC2352CB3E},0,,C2CF570C-FAEB-409C-BD5D-55DC2352CB3E,Unknown,,S,,,St,S Witmer St,2024/05/12 21:05:27+00,467 1/2 S Witmer St Los Angeles 90017,C2CF570C-FAEB-409C-BD5D-55DC2352CB3E_467_1/2_S_Witmer_St_Los_Angeles_90017,Witmer,467 1/2 S Witmer Street St Los Angeles 90017,,,,
668117,1244864,,5153021010.0,,495.0,,,South,,,Witmer,Street,,,,,,,,,,,,,90017.0,,Los Angeles,Los Angeles,,,,,LA City,{C2F108C3-1F8D-40FE-9A82-AF965DF53108},0,,C2F108C3-1F8D-40FE-9A82-AF965DF53108,Unknown,,S,,,St,S Witmer St,2023/09/12 23:03:18+00,495 S Witmer St Los Angeles 90017,C2F108C3-1F8D-40FE-9A82-AF965DF53108_495_S_Witmer_St_Los_Angeles_90017,Witmer,495 S Witmer Street St Los Angeles 90017,,,,
668118,1244865,,5153021011.0,,518.0,,,South,,,Columbia,Avenue,,,,,,,,,,,,,90017.0,,Los Angeles,Los Angeles,,,,,LA City,{48E91CF5-1C67-46F6-A242-7CF2A4084688},0,,48E91CF5-1C67-46F6-A242-7CF2A4084688,Unknown,,S,,,Ave,S Columbia Ave,2023/09/12 23:03:18+00,518 S Columbia Ave Los Angeles 90017,48E91CF5-1C67-46F6-A242-7CF2A4084688_518_S_Columbia_Ave_Los_Angeles_90017,Columbia,518 S Columbia Avenue Ave Los Angeles 90017,,,,
668119,1244866,,5153021011.0,,520.0,,,South,,,Columbia,Avenue,,,,,,,,,,,,,90017.0,,Los Angeles,Los Angeles,,,,,LA City,{7A76FB72-ED35-4DED-9C79-F1BE3B830104},0,,7A76FB72-ED35-4DED-9C79-F1BE3B830104,Unknown,,S,,,Ave,S Columbia Ave,2023/09/12 23:03:18+00,520 S Columbia Ave Los Angeles 90017,7A76FB72-ED35-4DED-9C79-F1BE3B830104_520_S_Columbia_Ave_Los_Angeles_90017,Columbia,520 S Columbia Avenue Ave Los Angeles 90017,,,,
668120,1244867,,5153021014.0,,532.0,,,South,,,Columbia,Avenue,,,,,,,,,,,,,90017.0,,Los Angeles,Los Angeles,,,,,LA City,{889B399B-670F-454B-B665-9CE87F50C4EB},0,,889B399B-670F-454B-B665-9CE87F50C4EB,Unknown,,S,,,Ave,S Columbia Ave,2023/09/12 23:03:18+00,532 S Columbia Ave Los Angeles 90017,889B399B-670F-454B-B665-9CE87F50C4EB_532_S_Columbia_Ave_Los_Angeles_90017,Columbia,532 S Columbia Avenue Ave Los Angeles 90017,,,,
668121,1244868,,5153021014.0,,530.0,,,South,,,Columbia,Avenue,,,,,,,,,,,,,90017.0,,Los Angeles,Los Angeles,,,,,LA City,{EBD3017E-6CE0-4A3F-8E52-D001EA96B00C},0,,EBD3017E-6CE0-4A3F-8E52-D001EA96B00C,Unknown,,S,,,Ave,S Columbia Ave,2023/09/12 23:03:18+00,530 S Columbia Ave Los Angeles 90017,EBD3017E-6CE0-4A3F-8E52-D001EA96B00C_530_S_Columbia_Ave_Los_Angeles_90017,Columbia,530 S Columbia Avenue Ave Los Angeles 90017,,,,
668122,1244869,,5153021014.0,,1313.0,,,West,,,6Th,Street,,,,,,,,,,,,,90017.0,,Los Angeles,Los Angeles,,,,,LA City,{242CC616-B717-475B-9DC0-6B5BFEB273C8},0,,242CC616-B717-475B-9DC0-6B5BFEB273C8,Unknown,,W,,,St,W 6Th St,2023/09/12 23:03:18+00,1313 W 6Th St Los Angeles 90017,242CC616-B717-475B-9DC0-6B5BFEB273C8_1313_W_6Th_St_Los_Angeles_90017,6Th,1313 W 6Th Street St Los Angeles 90017,,,,
668123,1244870,,5153021014.0,,1307.0,,,West,,,6Th,Street,,,,,,,,,,,,,90017.0,,Los Angeles,Los Angeles,,,,,LA City,{7A660C8D-F0AA-4BD8-B3CC-A8D80B1A8391},0,,7A660C8D-F0AA-4BD8-B3CC-A8D80B1A8391,Unknown,,W,,,St,W 6Th St,2023/09/12 23:03:18+00,1307 W 6Th St Los Angeles 90017,7A660C8D-F0AA-4BD8-B3CC-A8D80B1A8391_1307_W_6Th_St_Los_Angeles_90017,6Th,1307 W 6Th Street St Los Angeles 90017,,,,
668124,1244871,,5153021014.0,,1305.0,,,West,,,6Th,Street,,,,,,,,,,,,,90017.0,,Los Angeles,Los Angeles,,,,,LA City,{71162E09-6970-48C1-83E5-2C4C374DFAE0},0,,71162E09-6970-48C1-83E5-2C4C374DFAE0,Unknown,,W,,,St,W 6Th St,2023/09/12 23:03:18+00,1305 W 6Th St Los Angeles 90017,71162E09-6970-48C1-83E5-2C4C374DFAE0_1305_W_6Th_St_Los_Angeles_90017,6Th,1305 W 6Th Street St Los Angeles 90017,,,,
668125,1244872,,5153021014.0,,501.0,,,South,,,Witmer,Street,,,,,,,,,,,,,90017.0,,Los Angeles,Los Angeles,,,,,LA City,{CBDF2508-5C3C-4E7C-BC80-4F2F8CC3B488},0,,CBDF2508-5C3C-4E7C-BC80-4F2F8CC3B488,Unknown,,S,,,St,S Witmer St,2023/09/12 23:03:18+00,501 S Witmer St Los Angeles 90017,CBDF2508-5C3C-4E7C-BC80-4F2F8CC3B488_501_S_Witmer_St_Los_Angeles_90017,Witmer,501 S Witmer Street St Los Angeles 90017,,,,
668126,1244873,,5153021014.0,,528.0,,,South,,,Columbia,Avenue,,,,,,,,,,,,,90017.0,,Los Angeles,Los Angeles,,,,,LA City,{5CE17D4A-3D46-49C4-87BB-AF3AF0ACED3F},0,,5CE17D4A-3D46-49C4-87BB-AF3AF0ACED3F,Unknown,,S,,,Ave,S Columbia Ave,2023/09/12 23:03:18+00,528 S Columbia Ave Los Angeles 90017,5CE17D4A-3D46-49C4-87BB-AF3AF0ACED3F_528_S_Columbia_Ave_Los_Angeles_90017,Columbia,528 S Columbia Avenue Ave Los Angeles 90017,,,,
668127,1244874,,5153021014.0,,1303.0,,,West,,,6Th,Street,,,,,,,,,,,,,90017.0,,Los Angeles,Los Angeles,,,,,LA City,{DA936FD7-0589-4F12-91D2-F106E866CD76},0,,DA936FD7-0589-4F12-91D2-F106E866CD76,Unknown,,W,,,St,W 6Th St,2023/09/12 23:03:18+00,1303 W 6Th St Los Angeles 90017,DA936FD7-0589-4F12-91D2-F106E866CD76_1303_W_6Th_St_Los_Angeles_90017,6Th,1303 W 6Th Street St Los Angeles 90017,,,,
668128,1244875,,5153021014.0,,1301.0,,,West,,,6Th,Street,,,,,,,,,,,,,90017.0,,Los Angeles,Los Angeles,,,,,LA City,{8A3877B6-107E-4995-AFE3-EFBEAEC40948},0,,8A3877B6-107E-4995-AFE3-EFBEAEC40948,Unknown,,W,,,St,W 6Th St,2023/09/12 23:03:18+00,1301 W 6Th St Los Angeles 90017,8A3877B6-107E-4995-AFE3-EFBEAEC40948_1301_W_6Th_St_Los_Angeles_90017,6Th,1301 W 6Th Street St Los Angeles 90017,,,,
668129,1244876,,5153021014.0,,1311.0,,,West,,,6Th,Street,,,,,,,,,,,,,90017.0,,Los Angeles,Los Angeles,,,,,LA City,{37648460-099A-42D2-ADA0-D26987709656},0,,37648460-099A-42D2-ADA0-D26987709656,Unknown,,W,,,St,W 6Th St,2023/09/12 23:03:18+00,1311 W 6Th St Los Angeles 90017,37648460-099A-42D2-ADA0-D26987709656_1311_W_6Th_St_Los_Angeles_90017,6Th,1311 W 6Th Street St Los Angeles 90017,,,,
668130,1244877,,5153021014.0,,499.0,,,South,,,Witmer,Street,,,,,,,,,,,,,90017.0,,Los Angeles,Los Angeles,,,,,LA City,{5508C69C-AC32-4538-836A-4860E18A4622},0,,5508C69C-AC32-4538-836A-4860E18A4622,Unknown,,S,,,St,S Witmer St,2023/09/12 23:03:18+00,499 S Witmer St Los Angeles 90017,5508C69C-AC32-4538-836A-4860E18A4622_499_S_Witmer_St_Los_Angeles_90017,Witmer,499 S Witmer Street St Los Angeles 90017,,,,
668131,1244878,,5153021014.0,,526.0,,,,,,Columbia,Avenue,,,,,,,,,,,,,90017.0,,Los Angeles,Los Angeles,,,,,Assessor,{E421817D-18E5-4CE6-9EA1-60E6CF78FACA},0,,E421817D-18E5-4CE6-9EA1-60E6CF78FACA,Unknown,,,,,Ave,Columbia Ave,2024/04/27 17:13:09+00,526 Columbia Ave Los Angeles 90017,E421817D-18E5-4CE6-9EA1-60E6CF78FACA_526_Columbia_Ave_Los_Angeles_90017,Columbia,526 Columbia Avenue Ave Los Angeles 90017,,,,
668132,1244879,,5153021014.0,,1309.0,,,West,,,6Th,Street,,,,,,,,,,,,,90017.0,,Los Angeles,Los Angeles,,,,,LA City,{F8DD7C51-6CCE-4631-B21D-90E81183827D},0,,F8DD7C51-6CCE-4631-B21D-90E81183827D,Unknown,,W,,,St,W 6Th St,2024/05/12 21:05:27+00,1309 W 6Th St Los Angeles 90017,F8DD7C51-6CCE-4631-B21D-90E81183827D_1309_W_6Th_St_Los_Angeles_90017,6Th,1309 W 6Th Street St Los Angeles 90017,,,,
668133,1244880,,5153021014.0,,1309.0,1/2,,West,,,6Th,Street,,,,,,,,,,,,,90017.0,,Los Angeles,Los Angeles,,,,,LA City,{CCFC016F-15ED-4509-BF71-D3FC2DB30483},0,,CCFC016F-15ED-4509-BF71-D3FC2DB30483,Unknown,,W,,,St,W 6Th St,2024/05/12 21:05:27+00,1309 1/2 W 6Th St Los Angeles 90017,CCFC016F-15ED-4509-BF71-D3FC2DB30483_1309_1/2_W_6Th_St_Los_Angeles_90017,6Th,1309 1/2 W 6Th Street St Los Angeles 90017,,,,
668134,1244881,,5153022001.0,,505.0,,,South,,,Lucas,Avenue,,,,,,,,,,,,,90017.0,,Los Angeles,Los Angeles,,,,,LA City,{5FE99F98-B75B-43A8-A225-7581FB7752A5},0,,5FE99F98-B75B-43A8-A225-7581FB7752A5,Unknown,,S,,,Ave,S Lucas Ave,2023/09/12 23:03:18+00,505 S Lucas Ave Los Angeles 90017,5FE99F98-B75B-43A8-A225-7581FB7752A5_505_S_Lucas_Ave_Los_Angeles_90017,Lucas,505 S Lucas Avenue Ave Los Angeles 90017,,,,
668135,1244882,,5153022001.0,,1201.0,,,West,,,6Th,Street,,,,,,,,,,,,,90017.0,,Los Angeles,Los Angeles,,,,,LA City,{E43DFE09-8211-4916-8B0F-B2FF86C76356},0,,E43DFE09-8211-4916-8B0F-B2FF86C76356,Unknown,,W,,,St,W 6Th St,2023/09/12 23:03:18+00,1201 W 6Th St Los Angeles 90017,E43DFE09-8211-4916-8B0F-B2FF86C76356_1201_W_6Th_St_Los_Angeles_90017,6Th,1201 W 6Th Street St Los Angeles 90017,,,,
668136,1244883,,5153022001.0,,1213.0,,,West,,,6Th,Street,,,,,,,,,,,,,90017.0,,Los Angeles,Los Angeles,,,,,LA City,{6933833A-FFDA-4E8D-9A5B-36B6E3B3FFD5},0,,6933833A-FFDA-4E8D-9A5B-36B6E3B3FFD5,Unknown,,W,,,St,W 6Th St,2023/09/12 23:03:18+00,1213 W 6Th St Los Angeles 90017,6933833A-FFDA-4E8D-9A5B-36B6E3B3FFD5_1213_W_6Th_St_Los_Angeles_90017,6Th,1213 W 6Th Street St Los Angeles 90017,,,,
668137,1244884,,5153022001.0,,1211.0,,,West,,,6Th,Street,,,,,,,,,,,,,90017.0,,Los Angeles,Los Angeles,,,,,LA City,{51B0A23D-FECE-407A-8FE2-3F474E6ED0E5},0,,51B0A23D-FECE-407A-8FE2-3F474E6ED0E5,Unknown,,W,,,St,W 6Th St,2023/09/12 23:03:18+00,1211 W 6Th St Los Angeles 90017,51B0A23D-FECE-407A-8FE2-3F474E6ED0E5_1211_W_6Th_St_Los_Angeles_90017,6Th,1211 W 6Th Street St Los Angeles 90017,,,,
668138,1244885,,5153022001.0,,1215.0,,,West,,,6Th,Street,,,,,,,,,,,,,90017.0,,Los Angeles,Los Angeles,,,,,LA City,{1597C98C-407D-4585-BD37-71F4DF77BE6E},0,,1597C98C-407D-4585-BD37-71F4DF77BE6E,Unknown,,W,,,St,W 6Th St,2023/09/12 23:03:18+00,1215 W 6Th St Los Angeles 90017,1597C98C-407D-4585-BD37-71F4DF77BE6E_1215_W_6Th_St_Los_Angeles_90017,6Th,1215 W 6Th Street St Los Angeles 90017,,,,
668139,1244886,,5153022001.0,,1207.0,,,West,,,6Th,Street,,,,,,,,,,,,,90017.0,,Los Angeles,Los Angeles,,,,,LA City,{5E43DF6E-50A8-4E77-B032-8198C0501CB9},0,,5E43DF6E-50A8-4E77-B032-8198C0501CB9,Unknown,,W,,,St,W 6Th St,2023/09/12 23:03:18+00,1207 W 6Th St Los Angeles 90017,5E43DF6E-50A8-4E77-B032-8198C0501CB9_1207_W_6Th_St_Los_Angeles_90017,6Th,1207 W 6Th Street St Los Angeles 90017,,,,
668140,1244887,,5153022001.0,,1410.0,,,West,,,5Th,Street,,,,,,,,,,,,,90017.0,,Los Angeles,Los Angeles,,,,,LA City,{92F342D2-EC2B-4B43-A9C1-A42DD489116E},0,,92F342D2-EC2B-4B43-A9C1-A42DD489116E,Unknown,,W,,,St,W 5Th St,2023/09/12 23:03:18+00,1410 W 5Th St Los Angeles 90017,92F342D2-EC2B-4B43-A9C1-A42DD489116E_1410_W_5Th_St_Los_Angeles_90017,5Th,1410 W 5Th Street St Los Angeles 90017,,,,
668141,1244888,,5153022001.0,,1205.0,,,West,,,6Th,Street,,,,,,,,,,,,,90017.0,,Los Angeles,Los Angeles,,,,,LA City,{92764578-F540-48FD-884E-02CF394F343A},0,,92764578-F540-48FD-884E-02CF394F343A,Unknown,,W,,,St,W 6Th St,2023/09/12 23:03:18+00,1205 W 6Th St Los Angeles 90017,92764578-F540-48FD-884E-02CF394F343A_1205_W_6Th_St_Los_Angeles_90017,6Th,1205 W 6Th Street St Los Angeles 90017,,,,
668142,1244889,,5153022001.0,,1203.0,,,West,,,6Th,Street,,,,,,,,,,,,,90017.0,,Los Angeles,Los Angeles,,,,,LA City,{97ECACBB-ACAC-40C2-9205-40038AE55997},0,,97ECACBB-ACAC-40C2-9205-40038AE55997,Unknown,,W,,,St,W 6Th St,2023/09/12 23:03:18+00,1203 W 6Th St Los Angeles 90017,97ECACBB-ACAC-40C2-9205-40038AE55997_1203_W_6Th_St_Los_Angeles_90017,6Th,1203 W 6Th Street St Los Angeles 90017,,,,
668143,1244890,,5153022002.0,,1217.0,,,West,,,6Th,Street,,,,,,,,,,,,,90017.0,,Los Angeles,Los Angeles,,,,,LA City,{8121C1EB-C297-4C6A-B352-FD8A03309588},0,,8121C1EB-C297-4C6A-B352-FD8A03309588,Unknown,,W,,,St,W 6Th St,2023/09/12 23:03:18+00,1217 W 6Th St Los Angeles 90017,8121C1EB-C297-4C6A-B352-FD8A03309588_1217_W_6Th_St_Los_Angeles_90017,6Th,1217 W 6Th Street St Los Angeles 90017,,,,
668144,1244891,,5153022002.0,,1418.0,,,West,,,5Th,Street,,,,,,,,,,,,,90017.0,,Los Angeles,Los Angeles,,,,,LA City,{7F002996-2701-490B-AA03-D6828ABB84CB},0,,7F002996-2701-490B-AA03-D6828ABB84CB,Unknown,,W,,,St,W 5Th St,2023/09/12 23:03:18+00,1418 W 5Th St Los Angeles 90017,7F002996-2701-490B-AA03-D6828ABB84CB_1418_W_5Th_St_Los_Angeles_90017,5Th,1418 W 5Th Street St Los Angeles 90017,,,,
668145,1244892,,5153022002.0,,1219.0,,,West,,,6Th,Street,,,,,,,,,,,,,90017.0,,Los Angeles,Los Angeles,,,,,LA City,{64DD75E5-1F66-4F13-8950-EB98F1E1298B},0,,64DD75E5-1F66-4F13-8950-EB98F1E1298B,Unknown,,W,,,St,W 6Th St,2023/09/12 23:03:18+00,1219 W 6Th St Los Angeles 90017,64DD75E5-1F66-4F13-8950-EB98F1E1298B_1219_W_6Th_St_Los_Angeles_90017,6Th,1219 W 6Th Street St Los Angeles 90017,,,,
668146,1244893,,5153022005.0,,1233.0,,,West,,,6Th,Street,,,,,,,,,,,,,90017.0,,Los Angeles,Los Angeles,,,,,LA City,{40B92B55-E48B-4F9E-8158-941A52ED1320},0,,40B92B55-E48B-4F9E-8158-941A52ED1320,Unknown,,W,,,St,W 6Th St,2023/09/12 23:03:18+00,1233 W 6Th St Los Angeles 90017,40B92B55-E48B-4F9E-8158-941A52ED1320_1233_W_6Th_St_Los_Angeles_90017,6Th,1233 W 6Th Street St Los Angeles 90017,,,,
668147,1244894,,5153022005.0,,1235.0,,,West,,,6Th,Street,,,,,,,,,,,,,90017.0,,Los Angeles,Los Angeles,,,,,LA City,{4DFB97E6-90FD-4933-93B2-29549D88343B},0,,4DFB97E6-90FD-4933-93B2-29549D88343B,Unknown,,W,,,St,W 6Th St,2023/09/12 23:03:18+00,1235 W 6Th St Los Angeles 90017,4DFB97E6-90FD-4933-93B2-29549D88343B_1235_W_6Th_St_Los_Angeles_90017,6Th,1235 W 6Th Street St Los Angeles 90017,,,,
668148,1244895,,5153022008.0,,1249.0,,,West,,,6Th,Street,,,,,,,,,,,,1-27,90017.0,,Los Angeles,Los Angeles,,,,,LA City,{0D33F5E4-A7D7-4BF9-B265-D398E795D438},0,,0D33F5E4-A7D7-4BF9-B265-D398E795D438,Unknown,,W,,,St,W 6Th St,2023/09/12 23:03:18+00,1249 W 6Th St 1-27 Los Angeles 90017,0D33F5E4-A7D7-4BF9-B265-D398E795D438_1249_W_6Th_St_1-27_Los_Angeles_90017,6Th,1249 W 6Th Street St 1-27 Los Angeles 90017,,,,
668149,1244896,,5153022009.0,,540.0,,,South,,,Witmer,Street,,,,,,,,,,,,,90017.0,,Los Angeles,Los Angeles,,,,,LA City,{17A31B76-3DDF-430F-8C6C-073361A81494},0,,17A31B76-3DDF-430F-8C6C-073361A81494,Unknown,,S,,,St,S Witmer St,2023/09/12 23:03:18+00,540 S Witmer St Los Angeles 90017,17A31B76-3DDF-430F-8C6C-073361A81494_540_S_Witmer_St_Los_Angeles_90017,Witmer,540 S Witmer Street St Los Angeles 90017,,,,
668150,1244897,,5153022009.0,,550.0,,,South,,,Witmer,Street,,,,,,,,,,,,,90017.0,,Los Angeles,Los Angeles,,,,,LA City,{9BAF7BE4-6834-4055-8F77-149BB09718AD},0,,9BAF7BE4-6834-4055-8F77-149BB09718AD,Unknown,,S,,,St,S Witmer St,2023/09/12 23:03:18+00,550 S Witmer St Los Angeles 90017,9BAF7BE4-6834-4055-8F77-149BB09718AD_550_S_Witmer_St_Los_Angeles_90017,Witmer,550 S Witmer Street St Los Angeles 90017,,,,
668151,1244898,,5153022009.0,,500.0,,,South,,,Witmer,Street,,,,,,,,,,,,,90017.0,,Los Angeles,Los Angeles,,,,,LA City,{AFBCE5F7-8CAC-4BEC-8C3D-148DEDDA34D3},0,,AFBCE5F7-8CAC-4BEC-8C3D-148DEDDA34D3,Unknown,,S,,,St,S Witmer St,2023/09/12 23:03:18+00,500 S Witmer St Los Angeles 90017,AFBCE5F7-8CAC-4BEC-8C3D-148DEDDA34D3_500_S_Witmer_St_Los_Angeles_90017,Witmer,500 S Witmer Street St Los Angeles 90017,,,,
668152,1244899,,5153022009.0,,1253.0,,,West,,,6Th,Street,,,,,,,,,,,,,90017.0,,Los Angeles,Los Angeles,,,,,LA City,{0E8D3788-98FD-45E3-9309-D05A515EDB13},0,,0E8D3788-98FD-45E3-9309-D05A515EDB13,Unknown,,W,,,St,W 6Th St,2023/09/12 23:03:18+00,1253 W 6Th St Los Angeles 90017,0E8D3788-98FD-45E3-9309-D05A515EDB13_1253_W_6Th_St_Los_Angeles_90017,6Th,1253 W 6Th Street St Los Angeles 90017,,,,
668153,1244900,,5153022010.0,,1241.0,,,West,,,6Th,Street,,,,,,,,,,,,,90017.0,,Los Angeles,Los Angeles,,,,,LA City,{7DEBDA21-2A1E-48AB-86A7-49F61AE3347C},0,,7DEBDA21-2A1E-48AB-86A7-49F61AE3347C,Unknown,,W,,,St,W 6Th St,2023/09/12 23:03:18+00,1241 W 6Th St Los Angeles 90017,7DEBDA21-2A1E-48AB-86A7-49F61AE3347C_1241_W_6Th_St_Los_Angeles_90017,6Th,1241 W 6Th Street St Los Angeles 90017,,,,
668154,1244901,,5153022010.0,,1243.0,,,West,,,6Th,Street,,,,,,,,,,,,,90017.0,,Los Angeles,Los Angeles,,,,,LA City,{4795697D-A582-435C-A5F5-4CDFE2C7C60A},0,,4795697D-A582-435C-A5F5-4CDFE2C7C60A,Unknown,,W,,,St,W 6Th St,2023/09/12 23:03:18+00,1243 W 6Th St Los Angeles 90017,4795697D-A582-435C-A5F5-4CDFE2C7C60A_1243_W_6Th_St_Los_Angeles_90017,6Th,1243 W 6Th Street St Los Angeles 90017,,,,
668155,1244902,,5153023007.0,,415.0,,,South,,,Lucas,Avenue,,,,,,,,,,,,,90017.0,,Los Angeles,Los Angeles,,,,,LA City,{56CA85CD-4943-4083-814C-2AFE9CAE9AF5},0,,56CA85CD-4943-4083-814C-2AFE9CAE9AF5,Unknown,,S,,,Ave,S Lucas Ave,2023/09/12 23:03:18+00,415 S Lucas Ave Los Angeles 90017,56CA85CD-4943-4083-814C-2AFE9CAE9AF5_415_S_Lucas_Ave_Los_Angeles_90017,Lucas,415 S Lucas Avenue Ave Los Angeles 90017,,,,
668156,1244903,,5153023007.0,,417.0,,,South,,,Lucas,Avenue,,,,,,,,,,,,,90017.0,,Los Angeles,Los Angeles,,,,,LA City,{F5BD0316-0AE3-4415-99DF-8B14C1C2F063},0,,F5BD0316-0AE3-4415-99DF-8B14C1C2F063,Unknown,,S,,,Ave,S Lucas Ave,2023/09/12 23:03:18+00,417 S Lucas Ave Los Angeles 90017,F5BD0316-0AE3-4415-99DF-8B14C1C2F063_417_S_Lucas_Ave_Los_Angeles_90017,Lucas,417 S Lucas Avenue Ave Los Angeles 90017,,,,
668157,1244904,,5153023007.0,,419.0,,,South,,,Lucas,Avenue,,,,,,,,,,,,,90017.0,,Los Angeles,Los Angeles,,,,,LA City,{D47C4EEA-ADF9-4EA2-B159-B0F57F4426DA},0,,D47C4EEA-ADF9-4EA2-B159-B0F57F4426DA,Unknown,,S,,,Ave,S Lucas Ave,2023/09/12 23:03:18+00,419 S Lucas Ave Los Angeles 90017,D47C4EEA-ADF9-4EA2-B159-B0F57F4426DA_419_S_Lucas_Ave_Los_Angeles_90017,Lucas,419 S Lucas Avenue Ave Los Angeles 90017,,,,
668158,1244905,,5153023007.0,,413.0,,,,,,Lucas,Avenue,,,,,,,,,,,,,90017.0,,Los Angeles,Los Angeles,,,,,Assessor,{1B2F4DD1-3B2F-4554-AF6E-84DEAE86417D},0,,1B2F4DD1-3B2F-4554-AF6E-84DEAE86417D,Unknown,,,,,Ave,Lucas Ave,2024/04/27 17:13:09+00,413 Lucas Ave Los Angeles 90017,1B2F4DD1-3B2F-4554-AF6E-84DEAE86417D_413_Lucas_Ave_Los_Angeles_90017,Lucas,413 Lucas Avenue Ave Los Angeles 90017,,,,
668159,1244906,,5153023009.0,,421.0,,,South,,,Lucas,Avenue,,,,,,,,,,,,,90017.0,,Los Angeles,Los Angeles,,,,,LA City,{F62C505E-0F1A-4221-BCE6-61E60CFAB9B5},0,,F62C505E-0F1A-4221-BCE6-61E60CFAB9B5,Unknown,,S,,,Ave,S Lucas Ave,2023/09/12 23:03:18+00,421 S Lucas Ave Los Angeles 90017,F62C505E-0F1A-4221-BCE6-61E60CFAB9B5_421_S_Lucas_Ave_Los_Angeles_90017,Lucas,421 S Lucas Avenue Ave Los Angeles 90017,,,,
668160,1244907,,5153023009.0,,425.0,,,South,,,Lucas,Avenue,,,,,,,,,,,,,90017.0,,Los Angeles,Los Angeles,,,,,LA City,{7D5F04AF-73CA-4707-94F6-C0AC97388304},0,,7D5F04AF-73CA-4707-94F6-C0AC97388304,Unknown,,S,,,Ave,S Lucas Ave,2023/09/12 23:03:18+00,425 S Lucas Ave Los Angeles 90017,7D5F04AF-73CA-4707-94F6-C0AC97388304_425_S_Lucas_Ave_Los_Angeles_90017,Lucas,425 S Lucas Avenue Ave Los Angeles 90017,,,,
668161,1244908,,5153023009.0,,423.0,,,South,,,Lucas,Avenue,,,,,,,,,,,,,90017.0,,Los Angeles,Los Angeles,,,,,LA City,{2CC65ED6-8EA2-4FE1-BDAA-97B18C95C14B},0,,2CC65ED6-8EA2-4FE1-BDAA-97B18C95C14B,Unknown,,S,,,Ave,S Lucas Ave,2023/09/12 23:03:18+00,423 S Lucas Ave Los Angeles 90017,2CC65ED6-8EA2-4FE1-BDAA-97B18C95C14B_423_S_Lucas_Ave_Los_Angeles_90017,Lucas,423 S Lucas Avenue Ave Los Angeles 90017,,,,
668162,1244909,,5153023009.0,,427.0,,,South,,,Lucas,Avenue,,,,,,,,,,,,,90017.0,,Los Angeles,Los Angeles,,,,,LA City,{CB086381-DCC2-437E-B7A1-3914E1D66113},0,,CB086381-DCC2-437E-B7A1-3914E1D66113,Unknown,,S,,,Ave,S Lucas Ave,2023/09/12 23:03:18+00,427 S Lucas Ave Los Angeles 90017,CB086381-DCC2-437E-B7A1-3914E1D66113_427_S_Lucas_Ave_Los_Angeles_90017,Lucas,427 S Lucas Avenue Ave Los Angeles 90017,,,,
668163,1244910,,5153023013.0,,433.0,,,South,,,Lucas,Avenue,,,,,,,,,,,,1-9,90017.0,,Los Angeles,Los Angeles,,,,,LA City,{81A0E4A6-4056-4231-B227-98C2DF8354AF},0,,81A0E4A6-4056-4231-B227-98C2DF8354AF,Unknown,,S,,,Ave,S Lucas Ave,2023/09/12 23:03:18+00,433 S Lucas Ave 1-9 Los Angeles 90017,81A0E4A6-4056-4231-B227-98C2DF8354AF_433_S_Lucas_Ave_1-9_Los_Angeles_90017,Lucas,433 S Lucas Avenue Ave 1-9 Los Angeles 90017,,,,
668164,1244911,,5153023015.0,,439.0,,,South,,,Lucas,Avenue,,,,,,,,,,,,,90017.0,,Los Angeles,Los Angeles,,,,,LA City,{64D4C855-6C52-4717-BBF9-5244A12BF961},0,,64D4C855-6C52-4717-BBF9-5244A12BF961,Unknown,,S,,,Ave,S Lucas Ave,2023/09/12 23:03:18+00,439 S Lucas Ave Los Angeles 90017,64D4C855-6C52-4717-BBF9-5244A12BF961_439_S_Lucas_Ave_Los_Angeles_90017,Lucas,439 S Lucas Avenue Ave Los Angeles 90017,,,,
668165,1244912,,5153023017.0,,445.0,,,South,,,Lucas,Avenue,,,,,,,,,,,,,90017.0,,Los Angeles,Los Angeles,,,,,LA City,{03AA1F49-7125-471C-86D9-E71659360B90},0,,03AA1F49-7125-471C-86D9-E71659360B90,Unknown,,S,,,Ave,S Lucas Ave,2023/09/12 23:03:18+00,445 S Lucas Ave Los Angeles 90017,03AA1F49-7125-471C-86D9-E71659360B90_445_S_Lucas_Ave_Los_Angeles_90017,Lucas,445 S Lucas Avenue Ave Los Angeles 90017,,,,
668166,1244913,,5153023019.0,,451.0,,,South,,,Lucas,Avenue,,,,,,,,,,,,,90017.0,,Los Angeles,Los Angeles,,,,,LA City,{97DB8EE6-56A5-43C3-A2CB-873729CA1BFA},0,,97DB8EE6-56A5-43C3-A2CB-873729CA1BFA,Unknown,,S,,,Ave,S Lucas Ave,2023/09/12 23:03:18+00,451 S Lucas Ave Los Angeles 90017,97DB8EE6-56A5-43C3-A2CB-873729CA1BFA_451_S_Lucas_Ave_Los_Angeles_90017,Lucas,451 S Lucas Avenue Ave Los Angeles 90017,,,,
668167,1244914,,5153023034.0,,450.0,,,South,,,Hartford,Avenue,,,,,,,,,,,,,90017.0,,Los Angeles,Los Angeles,,,,,LA City,{C1E7372F-7BB1-4119-A525-67638C875FF7},0,,C1E7372F-7BB1-4119-A525-67638C875FF7,Unknown,,S,,,Ave,S Hartford Ave,2023/09/12 23:03:18+00,450 S Hartford Ave Los Angeles 90017,C1E7372F-7BB1-4119-A525-67638C875FF7_450_S_Hartford_Ave_Los_Angeles_90017,Hartford,450 S Hartford Avenue Ave Los Angeles 90017,,,,
668168,1244915,,5153023034.0,,458.0,,,South,,,Hartford,Avenue,,,,,,,,,,,,1-66,90017.0,,Los Angeles,Los Angeles,,,,,LA City,{3EBF63C2-7756-48B4-90FB-B8F615C12796},0,,3EBF63C2-7756-48B4-90FB-B8F615C12796,Unknown,,S,,,Ave,S Hartford Ave,2023/09/12 23:03:18+00,458 S Hartford Ave 1-66 Los Angeles 90017,3EBF63C2-7756-48B4-90FB-B8F615C12796_458_S_Hartford_Ave_1-66_Los_Angeles_90017,Hartford,458 S Hartford Avenue Ave 1-66 Los Angeles 90017,,,,
668169,1244916,,5153023034.0,,440.0,,,South,,,Hartford,Avenue,,,,,,,,,,,,,90017.0,,Los Angeles,Los Angeles,,,,,LA City,{95784143-F91E-4CF6-9180-B74E68D2521F},0,,95784143-F91E-4CF6-9180-B74E68D2521F,Unknown,,S,,,Ave,S Hartford Ave,2023/09/12 23:03:18+00,440 S Hartford Ave Los Angeles 90017,95784143-F91E-4CF6-9180-B74E68D2521F_440_S_Hartford_Ave_Los_Angeles_90017,Hartford,440 S Hartford Avenue Ave Los Angeles 90017,,,,
668170,1244917,,5153023900.0,,434.0,1/2,,South,,,Hartford,Avenue,,,,,,,,,,,,,90017.0,,Los Angeles,Los Angeles,,,,,LA City,{B1CEE850-EAFA-46A3-AEF1-E176B3DA5936},0,,B1CEE850-EAFA-46A3-AEF1-E176B3DA5936,Unknown,,S,,,Ave,S Hartford Ave,2024/05/12 21:05:27+00,434 1/2 S Hartford Ave Los Angeles 90017,B1CEE850-EAFA-46A3-AEF1-E176B3DA5936_434_1/2_S_Hartford_Ave_Los_Angeles_90017,Hartford,434 1/2 S Hartford Avenue Ave Los Angeles 90017,,,,
668171,1244918,,5153023900.0,,434.0,,,South,,,Hartford,Avenue,,,,,,,,,,,,,90017.0,,Los Angeles,Los Angeles,,,,,LA City,{64752B17-B0E0-46BB-A6E6-57C18CB2FF70},0,,64752B17-B0E0-46BB-A6E6-57C18CB2FF70,Unknown,,S,,,Ave,S Hartford Ave,2024/05/12 21:05:27+00,434 S Hartford Ave Los Angeles 90017,64752B17-B0E0-46BB-A6E6-57C18CB2FF70_434_S_Hartford_Ave_Los_Angeles_90017,Hartford,434 S Hartford Avenue Ave Los Angeles 90017,,,,
668172,1244919,,5153023901.0,,1406.0,,,West,,,4Th,Street,,,,,,,,,,,,,90017.0,,Los Angeles,Los Angeles,,,,,LA City,{CDA0A844-4455-476E-A32B-5B2CA1146342},0,,CDA0A844-4455-476E-A32B-5B2CA1146342,Unknown,,W,,,St,W 4Th St,2024/05/12 21:05:27+00,1406 W 4Th St Los Angeles 90017,CDA0A844-4455-476E-A32B-5B2CA1146342_1406_W_4Th_St_Los_Angeles_90017,4Th,1406 W 4Th Street St Los Angeles 90017,,,,
668173,1244920,,5153023901.0,,1406.0,1/2,,West,,,4Th,Street,,,,,,,,,,,,,90017.0,,Los Angeles,Los Angeles,,,,,LA City,{ACF0BA45-E375-401A-A18A-302D9D49E0F9},0,,ACF0BA45-E375-401A-A18A-302D9D49E0F9,Unknown,,W,,,St,W 4Th St,2024/05/12 21:05:27+00,1406 1/2 W 4Th St Los Angeles 90017,ACF0BA45-E375-401A-A18A-302D9D49E0F9_1406_1/2_W_4Th_St_Los_Angeles_90017,4Th,1406 1/2 W 4Th Street St Los Angeles 90017,,,,
668174,1244921,,5153023902.0,,414.0,1/2,,South,,,Hartford,Avenue,,,,,,,,,,,,,90017.0,,Los Angeles,Los Angeles,,,,,LA City,{E32AB1BB-E35E-4CEC-84BF-27FD80545651},0,,E32AB1BB-E35E-4CEC-84BF-27FD80545651,Unknown,,S,,,Ave,S Hartford Ave,2024/05/12 21:05:27+00,414 1/2 S Hartford Ave Los Angeles 90017,E32AB1BB-E35E-4CEC-84BF-27FD80545651_414_1/2_S_Hartford_Ave_Los_Angeles_90017,Hartford,414 1/2 S Hartford Avenue Ave Los Angeles 90017,,,,
668175,1244922,,5153023902.0,,414.0,,,South,,,Hartford,Avenue,,,,,,,,,,,,,90017.0,,Los Angeles,Los Angeles,,,,,LA City,{7674A378-CAE9-49D4-A3AD-DA6E2341E05F},0,,7674A378-CAE9-49D4-A3AD-DA6E2341E05F,Unknown,,S,,,Ave,S Hartford Ave,2024/05/12 21:05:27+00,414 S Hartford Ave Los Angeles 90017,7674A378-CAE9-49D4-A3AD-DA6E2341E05F_414_S_Hartford_Ave_Los_Angeles_90017,Hartford,414 S Hartford Avenue Ave Los Angeles 90017,,,,
668176,1244923,,5153023903.0,,1408.0,,,West,,,4Th,Street,,,,,,,,,,,,,90017.0,,Los Angeles,Los Angeles,,,,,LA City,{45D014AC-FAE9-4145-97E7-A1D6903EFAAA},0,,45D014AC-FAE9-4145-97E7-A1D6903EFAAA,Unknown,,W,,,St,W 4Th St,2023/09/12 23:03:18+00,1408 W 4Th St Los Angeles 90017,45D014AC-FAE9-4145-97E7-A1D6903EFAAA_1408_W_4Th_St_Los_Angeles_90017,4Th,1408 W 4Th Street St Los Angeles 90017,,,,
668177,1244924,,5153023903.0,,1410.0,,,West,,,4Th,Street,,,,,,,,,,,,,90017.0,,Los Angeles,Los Angeles,,,,,LA City,{3E5380F1-D78B-4B69-89DF-5AC12D49A197},0,,3E5380F1-D78B-4B69-89DF-5AC12D49A197,Unknown,,W,,,St,W 4Th St,2023/09/12 23:03:18+00,1410 W 4Th St Los Angeles 90017,3E5380F1-D78B-4B69-89DF-5AC12D49A197_1410_W_4Th_St_Los_Angeles_90017,4Th,1410 W 4Th Street St Los Angeles 90017,,,,
668178,1244925,,5153023904.0,,1402.0,,,West,,,4Th,Street,,,,,,,,,,,,,90017.0,,Los Angeles,Los Angeles,,,,,LA City,{868F4377-CC78-48A5-8F83-7171C59B4221},0,,868F4377-CC78-48A5-8F83-7171C59B4221,Unknown,,W,,,St,W 4Th St,2023/09/12 23:03:18+00,1402 W 4Th St Los Angeles 90017,868F4377-CC78-48A5-8F83-7171C59B4221_1402_W_4Th_St_Los_Angeles_90017,4Th,1402 W 4Th Street St Los Angeles 90017,,,,
668179,1244926,,5153023906.0,,459.0,,,South,,,Lucas,Avenue,,,,,,,,,,,,,90017.0,,Los Angeles,Los Angeles,,,,,LA City,{D58010ED-D7E7-4301-A6D7-E0421B226DF2},0,,D58010ED-D7E7-4301-A6D7-E0421B226DF2,Unknown,,S,,,Ave,S Lucas Ave,2023/09/12 23:03:18+00,459 S Lucas Ave Los Angeles 90017,D58010ED-D7E7-4301-A6D7-E0421B226DF2_459_S_Lucas_Ave_Los_Angeles_90017,Lucas,459 S Lucas Avenue Ave Los Angeles 90017,,,,
668180,1244927,,5153023907.0,,482.0,,,South,,,Hartford,Avenue,,,,,,,,,,,,1-13,90017.0,,Los Angeles,Los Angeles,,,,,LA City,{D0ED5673-D7E6-4842-AA76-BD0A4FCF631D},0,,D0ED5673-D7E6-4842-AA76-BD0A4FCF631D,Unknown,,S,,,Ave,S Hartford Ave,2023/09/12 23:03:18+00,482 S Hartford Ave 1-13 Los Angeles 90017,D0ED5673-D7E6-4842-AA76-BD0A4FCF631D_482_S_Hartford_Ave_1-13_Los_Angeles_90017,Hartford,482 S Hartford Avenue Ave 1-13 Los Angeles 90017,,,,
668181,1244928,,5153023910.0,,478.0,,,South,,,Hartford,Avenue,,,,,,,,,,,,,90017.0,,Los Angeles,Los Angeles,,,,,LA City,{81218C60-C6E2-464E-94C8-29885E3F869D},0,,81218C60-C6E2-464E-94C8-29885E3F869D,Unknown,,S,,,Ave,S Hartford Ave,2023/09/12 23:03:18+00,478 S Hartford Ave Los Angeles 90017,81218C60-C6E2-464E-94C8-29885E3F869D_478_S_Hartford_Ave_Los_Angeles_90017,Hartford,478 S Hartford Avenue Ave Los Angeles 90017,,,,
668182,1244929,,5153023910.0,,476.0,,,,,,Hartford,Avenue,,,,,,,,,,,,,90017.0,,Los Angeles,Los Angeles,,,,,Assessor,{6A187D1D-F823-4A09-B53A-45BC98B3CBF3},0,,6A187D1D-F823-4A09-B53A-45BC98B3CBF3,Unknown,,,,,Ave,Hartford Ave,2024/04/27 17:13:09+00,476 Hartford Ave Los Angeles 90017,6A187D1D-F823-4A09-B53A-45BC98B3CBF3_476_Hartford_Ave_Los_Angeles_90017,Hartford,476 Hartford Avenue Ave Los Angeles 90017,,,,
668183,1244930,,5153023911.0,,463.0,,,South,,,Lucas,Avenue,,,,,,,,,,,,1-12,90017.0,,Los Angeles,Los Angeles,,,,,LA City,{74DD36A1-5E3C-4583-BF57-30B8A746E680},0,,74DD36A1-5E3C-4583-BF57-30B8A746E680,Unknown,,S,,,Ave,S Lucas Ave,2023/09/12 23:03:18+00,463 S Lucas Ave 1-12 Los Angeles 90017,74DD36A1-5E3C-4583-BF57-30B8A746E680_463_S_Lucas_Ave_1-12_Los_Angeles_90017,Lucas,463 S Lucas Avenue Ave 1-12 Los Angeles 90017,,,,
668184,1244931,,5153023912.0,,477.0,,,South,,,Lucas,Avenue,,,,,,,,,,,,,90017.0,,Los Angeles,Los Angeles,,,,,LA City,{1FA5D1B9-7E8C-4343-B9B2-F74439E0BF05},0,,1FA5D1B9-7E8C-4343-B9B2-F74439E0BF05,Unknown,,S,,,Ave,S Lucas Ave,2023/09/12 23:03:18+00,477 S Lucas Ave Los Angeles 90017,1FA5D1B9-7E8C-4343-B9B2-F74439E0BF05_477_S_Lucas_Ave_Los_Angeles_90017,Lucas,477 S Lucas Avenue Ave Los Angeles 90017,,,,
668185,1244932,,5153023912.0,,471.0,,,South,,,Lucas,Avenue,,,,,,,,,,,,,90017.0,,Los Angeles,Los Angeles,,,,,LA City,{DD119047-0151-4F4C-8BDB-4F64DBC3A600},0,,DD119047-0151-4F4C-8BDB-4F64DBC3A600,Unknown,,S,,,Ave,S Lucas Ave,2023/09/12 23:03:18+00,471 S Lucas Ave Los Angeles 90017,DD119047-0151-4F4C-8BDB-4F64DBC3A600_471_S_Lucas_Ave_Los_Angeles_90017,Lucas,471 S Lucas Avenue Ave Los Angeles 90017,,,,
668186,1244933,,5153023912.0,,1411.0,,,West,,,5Th,Street,,,,,,,,,,,,,90017.0,,Los Angeles,Los Angeles,,,,,LA City,{3A538AAC-A57A-4F5A-8C87-42DB154DF55E},0,,3A538AAC-A57A-4F5A-8C87-42DB154DF55E,Unknown,,W,,,St,W 5Th St,2023/09/12 23:03:18+00,1411 W 5Th St Los Angeles 90017,3A538AAC-A57A-4F5A-8C87-42DB154DF55E_1411_W_5Th_St_Los_Angeles_90017,5Th,1411 W 5Th Street St Los Angeles 90017,,,,
668187,1244934,,5153023912.0,,1409.0,,,West,,,5Th,Street,,,,,,,,,,,,,90017.0,,Los Angeles,Los Angeles,,,,,LA City,{39E1BEC9-FBDA-4894-A9C2-D7E74C52C0DB},0,,39E1BEC9-FBDA-4894-A9C2-D7E74C52C0DB,Unknown,,W,,,St,W 5Th St,2023/09/12 23:03:18+00,1409 W 5Th St Los Angeles 90017,39E1BEC9-FBDA-4894-A9C2-D7E74C52C0DB_1409_W_5Th_St_Los_Angeles_90017,5Th,1409 W 5Th Street St Los Angeles 90017,,,,
668188,1244935,,5153023912.0,,479.0,,,South,,,Lucas,Avenue,,,,,,,,,,,,,90017.0,,Los Angeles,Los Angeles,,,,,LA City,{09A5B2E0-65E1-44A3-ABE6-AEC254E1AA89},0,,09A5B2E0-65E1-44A3-ABE6-AEC254E1AA89,Unknown,,S,,,Ave,S Lucas Ave,2023/09/12 23:03:18+00,479 S Lucas Ave Los Angeles 90017,09A5B2E0-65E1-44A3-ABE6-AEC254E1AA89_479_S_Lucas_Ave_Los_Angeles_90017,Lucas,479 S Lucas Avenue Ave Los Angeles 90017,,,,
668189,1244936,,5153023912.0,,1407.0,,,West,,,5Th,Street,,,,,,,,,,,,,90017.0,,Los Angeles,Los Angeles,,,,,LA City,{427A8492-7A9F-4A9F-9D96-3517119B0973},0,,427A8492-7A9F-4A9F-9D96-3517119B0973,Unknown,,W,,,St,W 5Th St,2023/09/12 23:03:18+00,1407 W 5Th St Los Angeles 90017,427A8492-7A9F-4A9F-9D96-3517119B0973_1407_W_5Th_St_Los_Angeles_90017,5Th,1407 W 5Th Street St Los Angeles 90017,,,,
668190,1244937,,5153023912.0,,469.0,1/4,,South,,,Lucas,Avenue,,,,,,,,,,,,,90017.0,,Los Angeles,Los Angeles,,,,,LA City,{09254A82-9B32-4D89-8659-E4738FD7A32C},0,,09254A82-9B32-4D89-8659-E4738FD7A32C,Unknown,,S,,,Ave,S Lucas Ave,2024/05/12 21:05:27+00,469 1/4 S Lucas Ave Los Angeles 90017,09254A82-9B32-4D89-8659-E4738FD7A32C_469_1/4_S_Lucas_Ave_Los_Angeles_90017,Lucas,469 1/4 S Lucas Avenue Ave Los Angeles 90017,,,,
668191,1244938,,5153023912.0,,467.0,1/4,,South,,,Lucas,Avenue,,,,,,,,,,,,,90017.0,,Los Angeles,Los Angeles,,,,,LA City,{579CB179-FCED-4DCD-8CD3-5CD1B88F0739},0,,579CB179-FCED-4DCD-8CD3-5CD1B88F0739,Unknown,,S,,,Ave,S Lucas Ave,2024/05/12 21:05:27+00,467 1/4 S Lucas Ave Los Angeles 90017,579CB179-FCED-4DCD-8CD3-5CD1B88F0739_467_1/4_S_Lucas_Ave_Los_Angeles_90017,Lucas,467 1/4 S Lucas Avenue Ave Los Angeles 90017,,,,
668192,1244939,,5153023912.0,,467.0,,,South,,,Lucas,Avenue,,,,,,,,,,,,,90017.0,,Los Angeles,Los Angeles,,,,,LA City,{FF1923F5-BF77-47F7-B61C-9A7378B80FF9},0,,FF1923F5-BF77-47F7-B61C-9A7378B80FF9,Unknown,,S,,,Ave,S Lucas Ave,2024/05/12 21:05:27+00,467 S Lucas Ave Los Angeles 90017,FF1923F5-BF77-47F7-B61C-9A7378B80FF9_467_S_Lucas_Ave_Los_Angeles_90017,Lucas,467 S Lucas Avenue Ave Los Angeles 90017,,,,
668193,1244940,,5153023912.0,,467.0,1/2,,South,,,Lucas,Avenue,,,,,,,,,,,,,90017.0,,Los Angeles,Los Angeles,,,,,LA City,{7A1C0374-2041-4E22-A541-E49AF894CC50},0,,7A1C0374-2041-4E22-A541-E49AF894CC50,Unknown,,S,,,Ave,S Lucas Ave,2024/05/12 21:05:27+00,467 1/2 S Lucas Ave Los Angeles 90017,7A1C0374-2041-4E22-A541-E49AF894CC50_467_1/2_S_Lucas_Ave_Los_Angeles_90017,Lucas,467 1/2 S Lucas Avenue Ave Los Angeles 90017,,,,
668194,1244941,,5153023912.0,,467.0,3/4,,South,,,Lucas,Avenue,,,,,,,,,,,,,90017.0,,Los Angeles,Los Angeles,,,,,LA City,{4E1EDD93-CFDA-40C9-B752-7DB867DEC161},0,,4E1EDD93-CFDA-40C9-B752-7DB867DEC161,Unknown,,S,,,Ave,S Lucas Ave,2024/05/12 21:05:27+00,467 3/4 S Lucas Ave Los Angeles 90017,4E1EDD93-CFDA-40C9-B752-7DB867DEC161_467_3/4_S_Lucas_Ave_Los_Angeles_90017,Lucas,467 3/4 S Lucas Avenue Ave Los Angeles 90017,,,,
668195,1244942,,5153023912.0,,469.0,1/2,,South,,,Lucas,Avenue,,,,,,,,,,,,,90017.0,,Los Angeles,Los Angeles,,,,,LA City,{91846A2D-36E6-42C6-B967-A1A8FBC93CDE},0,,91846A2D-36E6-42C6-B967-A1A8FBC93CDE,Unknown,,S,,,Ave,S Lucas Ave,2024/05/12 21:05:27+00,469 1/2 S Lucas Ave Los Angeles 90017,91846A2D-36E6-42C6-B967-A1A8FBC93CDE_469_1/2_S_Lucas_Ave_Los_Angeles_90017,Lucas,469 1/2 S Lucas Avenue Ave Los Angeles 90017,,,,
668196,1244943,,5153023912.0,,469.0,,,South,,,Lucas,Avenue,,,,,,,,,,,,,90017.0,,Los Angeles,Los Angeles,,,,,LA City,{4D79E4C3-8497-49DD-95F1-97293832DB72},0,,4D79E4C3-8497-49DD-95F1-97293832DB72,Unknown,,S,,,Ave,S Lucas Ave,2024/05/12 21:05:27+00,469 S Lucas Ave Los Angeles 90017,4D79E4C3-8497-49DD-95F1-97293832DB72_469_S_Lucas_Ave_Los_Angeles_90017,Lucas,469 S Lucas Avenue Ave Los Angeles 90017,,,,
668197,1244944,,5153023913.0,,484.0,,,South,,,Hartford,Avenue,,,,,,,,,,,,,90017.0,,Los Angeles,Los Angeles,,,,,LA City,{04F0F6E7-8011-4A00-A1A7-8EAD7DD0D763},0,,04F0F6E7-8011-4A00-A1A7-8EAD7DD0D763,Unknown,,S,,,Ave,S Hartford Ave,2023/09/12 23:03:18+00,484 S Hartford Ave Los Angeles 90017,04F0F6E7-8011-4A00-A1A7-8EAD7DD0D763_484_S_Hartford_Ave_Los_Angeles_90017,Hartford,484 S Hartford Avenue Ave Los Angeles 90017,,,,
668198,1244945,,5153023913.0,,486.0,,,South,,,Hartford,Avenue,,,,,,,,,,,,,90017.0,,Los Angeles,Los Angeles,,,,,LA City,{1CD98C0A-E878-4F39-A0DA-380E989200DE},0,,1CD98C0A-E878-4F39-A0DA-380E989200DE,Unknown,,S,,,Ave,S Hartford Ave,2023/09/12 23:03:18+00,486 S Hartford Ave Los Angeles 90017,1CD98C0A-E878-4F39-A0DA-380E989200DE_486_S_Hartford_Ave_Los_Angeles_90017,Hartford,486 S Hartford Avenue Ave Los Angeles 90017,,,,
668199,1244946,,5153023914.0,,490.0,1/2,,South,,,Hartford,Avenue,,,,,,,,,,,,,90017.0,,Los Angeles,Los Angeles,,,,,LA City,{9F9AE7B8-0576-47F1-A5B9-3FA8B246EA79},0,,9F9AE7B8-0576-47F1-A5B9-3FA8B246EA79,Unknown,,S,,,Ave,S Hartford Ave,2024/05/12 21:05:27+00,490 1/2 S Hartford Ave Los Angeles 90017,9F9AE7B8-0576-47F1-A5B9-3FA8B246EA79_490_1/2_S_Hartford_Ave_Los_Angeles_90017,Hartford,490 1/2 S Hartford Avenue Ave Los Angeles 90017,,,,
668200,1244947,,5153023914.0,,490.0,,,South,,,Hartford,Avenue,,,,,,,,,,,,,90017.0,,Los Angeles,Los Angeles,,,,,LA City,{B54617A7-74BF-416D-85F9-221D86986B92},0,,B54617A7-74BF-416D-85F9-221D86986B92,Unknown,,S,,,Ave,S Hartford Ave,2024/05/12 21:05:27+00,490 S Hartford Ave Los Angeles 90017,B54617A7-74BF-416D-85F9-221D86986B92_490_S_Hartford_Ave_Los_Angeles_90017,Hartford,490 S Hartford Avenue Ave Los Angeles 90017,,,,
668201,1244948,,5153023915.0,,1421.0,,,West,,,5Th,Street,,,,,,,,,,,,,90017.0,,Los Angeles,Los Angeles,,,,,LA City,{5815F638-7C7F-4349-822F-112A446D9678},0,,5815F638-7C7F-4349-822F-112A446D9678,Unknown,,W,,,St,W 5Th St,2023/09/12 23:03:18+00,1421 W 5Th St Los Angeles 90017,5815F638-7C7F-4349-822F-112A446D9678_1421_W_5Th_St_Los_Angeles_90017,5Th,1421 W 5Th Street St Los Angeles 90017,,,,
668202,1244949,,5153023918.0,,462.0,,,South,,,Hartford,Avenue,,,,,,,,,,,,,90017.0,,Los Angeles,Los Angeles,,,,,LA City,{38A55CAC-2966-411B-AA6A-925D1994D679},0,,38A55CAC-2966-411B-AA6A-925D1994D679,Unknown,,S,,,Ave,S Hartford Ave,2023/09/12 23:03:18+00,462 S Hartford Ave Los Angeles 90017,38A55CAC-2966-411B-AA6A-925D1994D679_462_S_Hartford_Ave_Los_Angeles_90017,Hartford,462 S Hartford Avenue Ave Los Angeles 90017,,,,
668203,1244950,,5153023918.0,,464.0,,,South,,,Hartford,Avenue,,,,,,,,,,,,,90017.0,,Los Angeles,Los Angeles,,,,,LA City,{A4FA9A99-7D77-4648-9504-510CAECBBAD0},0,,A4FA9A99-7D77-4648-9504-510CAECBBAD0,Unknown,,S,,,Ave,S Hartford Ave,2023/09/12 23:03:18+00,464 S Hartford Ave Los Angeles 90017,A4FA9A99-7D77-4648-9504-510CAECBBAD0_464_S_Hartford_Ave_Los_Angeles_90017,Hartford,464 S Hartford Avenue Ave Los Angeles 90017,,,,
668204,1244951,,5153023919.0,,466.0,1/2,,South,,,Hartford,Avenue,,,,,,,,,,,,,90017.0,,Los Angeles,Los Angeles,,,,,LA City,{C787A694-0428-4679-ABBB-751BE243252C},0,,C787A694-0428-4679-ABBB-751BE243252C,Unknown,,S,,,Ave,S Hartford Ave,2024/05/12 21:05:27+00,466 1/2 S Hartford Ave Los Angeles 90017,C787A694-0428-4679-ABBB-751BE243252C_466_1/2_S_Hartford_Ave_Los_Angeles_90017,Hartford,466 1/2 S Hartford Avenue Ave Los Angeles 90017,,,,
668205,1244952,,5153023919.0,,466.0,,,South,,,Hartford,Avenue,,,,,,,,,,,,,90017.0,,Los Angeles,Los Angeles,,,,,LA City,{EAD4A767-7764-4B32-B548-A0565AD64A70},0,,EAD4A767-7764-4B32-B548-A0565AD64A70,Unknown,,S,,,Ave,S Hartford Ave,2024/05/12 21:05:27+00,466 S Hartford Ave Los Angeles 90017,EAD4A767-7764-4B32-B548-A0565AD64A70_466_S_Hartford_Ave_Los_Angeles_90017,Hartford,466 S Hartford Avenue Ave Los Angeles 90017,,,,
668206,1244953,,5153023919.0,,468.0,1/2,,South,,,Hartford,Avenue,,,,,,,,,,,,,90017.0,,Los Angeles,Los Angeles,,,,,LA City,{55BA596F-056C-4AD1-B423-65E818AC3225},0,,55BA596F-056C-4AD1-B423-65E818AC3225,Unknown,,S,,,Ave,S Hartford Ave,2024/05/12 21:05:27+00,468 1/2 S Hartford Ave Los Angeles 90017,55BA596F-056C-4AD1-B423-65E818AC3225_468_1/2_S_Hartford_Ave_Los_Angeles_90017,Hartford,468 1/2 S Hartford Avenue Ave Los Angeles 90017,,,,
668207,1244954,,5153023919.0,,468.0,,,South,,,Hartford,Avenue,,,,,,,,,,,,,90017.0,,Los Angeles,Los Angeles,,,,,LA City,{6FF323CD-4B87-4FDC-9240-36B005B68CBD},0,,6FF323CD-4B87-4FDC-9240-36B005B68CBD,Unknown,,S,,,Ave,S Hartford Ave,2024/05/12 21:05:27+00,468 S Hartford Ave Los Angeles 90017,6FF323CD-4B87-4FDC-9240-36B005B68CBD_468_S_Hartford_Ave_Los_Angeles_90017,Hartford,468 S Hartford Avenue Ave Los Angeles 90017,,,,
668208,1244955,,5153023920.0,,470.0,,,South,,,Hartford,Avenue,,,,,,,,,,,,1-4,90017.0,,Los Angeles,Los Angeles,,,,,LA City,{04BA9433-1B54-4E7B-B672-8D7DAC086B2B},0,,04BA9433-1B54-4E7B-B672-8D7DAC086B2B,Unknown,,S,,,Ave,S Hartford Ave,2024/05/12 21:05:27+00,470 S Hartford Ave 1-4 Los Angeles 90017,04BA9433-1B54-4E7B-B672-8D7DAC086B2B_470_S_Hartford_Ave_1-4_Los_Angeles_90017,Hartford,470 S Hartford Avenue Ave 1-4 Los Angeles 90017,,,,
668209,1244956,,5153023921.0,,474.0,,,South,,,Hartford,Avenue,,,,,,,,,,,,,90017.0,,Los Angeles,Los Angeles,,,,,LA City,{8E7F14F2-1F72-434D-948F-DF9DAA94C088},0,,8E7F14F2-1F72-434D-948F-DF9DAA94C088,Unknown,,S,,,Ave,S Hartford Ave,2023/09/12 23:03:18+00,474 S Hartford Ave Los Angeles 90017,8E7F14F2-1F72-434D-948F-DF9DAA94C088_474_S_Hartford_Ave_Los_Angeles_90017,Hartford,474 S Hartford Avenue Ave Los Angeles 90017,,,,
668210,1244957,,5153023922.0,,455.0,,,South,,,Lucas,Avenue,,,,,,,,,,,,,90017.0,,Los Angeles,Los Angeles,,,,,LA City,{33BBD3BE-FAC5-43E7-B4EE-F0D6BB5D1E88},0,,33BBD3BE-FAC5-43E7-B4EE-F0D6BB5D1E88,Unknown,,S,,,Ave,S Lucas Ave,2023/09/12 23:03:18+00,455 S Lucas Ave Los Angeles 90017,33BBD3BE-FAC5-43E7-B4EE-F0D6BB5D1E88_455_S_Lucas_Ave_Los_Angeles_90017,Lucas,455 S Lucas Avenue Ave Los Angeles 90017,,,,
668211,1244958,,5153024001.0,,450.0,,,South,,,Witmer,Street,,,,,,,,,,,,,90017.0,,Los Angeles,Los Angeles,,,,,LA City,{39A5A365-4395-488A-8A17-87EBF6920D94},0,,39A5A365-4395-488A-8A17-87EBF6920D94,Unknown,,S,,,St,S Witmer St,2023/09/12 23:03:18+00,450 S Witmer St Los Angeles 90017,39A5A365-4395-488A-8A17-87EBF6920D94_450_S_Witmer_St_Los_Angeles_90017,Witmer,450 S Witmer Street St Los Angeles 90017,,,,
668212,1244959,,5153024002.0,,475.0,,,South,,,Hartford,Avenue,,,,,,,,,,,,,90017.0,,Los Angeles,Los Angeles,,,,,LA City,{700E658B-B3CE-4C1C-BE07-F3D82905354B},0,,700E658B-B3CE-4C1C-BE07-F3D82905354B,Unknown,,S,,,Ave,S Hartford Ave,2023/09/12 23:03:18+00,475 S Hartford Ave Los Angeles 90017,700E658B-B3CE-4C1C-BE07-F3D82905354B_475_S_Hartford_Ave_Los_Angeles_90017,Hartford,475 S Hartford Avenue Ave Los Angeles 90017,,,,
668213,1244960,,5153024003.0,,414.0,,,South,,,Witmer,Street,,,,,,,,,,,,1-20,90017.0,,Los Angeles,Los Angeles,,,,,LA City,{B52A2D29-6B3B-41F8-ADF5-E30D5F3D3B52},0,,B52A2D29-6B3B-41F8-ADF5-E30D5F3D3B52,Unknown,,S,,,St,S Witmer St,2023/09/12 23:03:18+00,414 S Witmer St 1-20 Los Angeles 90017,B52A2D29-6B3B-41F8-ADF5-E30D5F3D3B52_414_S_Witmer_St_1-20_Los_Angeles_90017,Witmer,414 S Witmer Street St 1-20 Los Angeles 90017,,,,
668214,1244961,,5153024008.0,,459.0,,,South,,,Hartford,Avenue,,,,,,,,,,,,1-94,90017.0,,Los Angeles,Los Angeles,,,,,LA City,{C7DD9DBB-6FC2-4140-90E7-BED65725E697},0,,C7DD9DBB-6FC2-4140-90E7-BED65725E697,Unknown,,S,,,Ave,S Hartford Ave,2023/09/12 23:03:18+00,459 S Hartford Ave 1-94 Los Angeles 90017,C7DD9DBB-6FC2-4140-90E7-BED65725E697_459_S_Hartford_Ave_1-94_Los_Angeles_90017,Hartford,459 S Hartford Avenue Ave 1-94 Los Angeles 90017,,,,
668215,1244962,,5153024008.0,,453.0,,,,,,Hartford,Avenue,,,,,,,,,,,,,90017.0,,Los Angeles,Los Angeles,,,,,Assessor,{AB10BBFD-874A-493B-B7A7-724271EB628A},0,,AB10BBFD-874A-493B-B7A7-724271EB628A,Unknown,,,,,Ave,Hartford Ave,2024/04/27 17:13:09+00,453 Hartford Ave Los Angeles 90017,AB10BBFD-874A-493B-B7A7-724271EB628A_453_Hartford_Ave_Los_Angeles_90017,Hartford,453 Hartford Avenue Ave Los Angeles 90017,,,,
668216,1244963,,5153024010.0,,428.0,,,,,,Witmer,Street,,,,,,,,,,,,,90017.0,,Los Angeles,Los Angeles,,,,,Assessor,{C71643CD-BA55-45B3-A7C1-511A0F02AD18},0,,C71643CD-BA55-45B3-A7C1-511A0F02AD18,Unknown,,,,,St,Witmer St,2024/04/27 17:13:09+00,428 Witmer St Los Angeles 90017,C71643CD-BA55-45B3-A7C1-511A0F02AD18_428_Witmer_St_Los_Angeles_90017,Witmer,428 Witmer Street St Los Angeles 90017,,,,
668217,1244964,,5153024011.0,,463.0,,,South,,,Hartford,Avenue,,,,,,,,,,,,,90017.0,,Los Angeles,Los Angeles,,,,,LA City,{02F233A9-7820-4ED4-802D-0F76BED78AC1},0,,02F233A9-7820-4ED4-802D-0F76BED78AC1,Unknown,,S,,,Ave,S Hartford Ave,2023/09/12 23:03:18+00,463 S Hartford Ave Los Angeles 90017,02F233A9-7820-4ED4-802D-0F76BED78AC1_463_S_Hartford_Ave_Los_Angeles_90017,Hartford,463 S Hartford Avenue Ave Los Angeles 90017,,,,
668218,1244965,,5153024012.0,,467.0,,,South,,,Hartford,Avenue,,,,,,,,,,,,,90017.0,,Los Angeles,Los Angeles,,,,,LA City,{391DA88E-3F23-47A6-BF97-A347B1259C18},0,,391DA88E-3F23-47A6-BF97-A347B1259C18,Unknown,,S,,,Ave,S Hartford Ave,2023/09/12 23:03:18+00,467 S Hartford Ave Los Angeles 90017,391DA88E-3F23-47A6-BF97-A347B1259C18_467_S_Hartford_Ave_Los_Angeles_90017,Hartford,467 S Hartford Avenue Ave Los Angeles 90017,,,,
668219,1244966,,5153024013.0,,471.0,,,South,,,Hartford,Avenue,,,,,,,,,,,,,90017.0,,Los Angeles,Los Angeles,,,,,LA City,{BFB73DA0-3FE0-4471-A6A1-0B14D1042923},0,,BFB73DA0-3FE0-4471-A6A1-0B14D1042923,Unknown,,S,,,Ave,S Hartford Ave,2023/09/12 23:03:18+00,471 S Hartford Ave Los Angeles 90017,BFB73DA0-3FE0-4471-A6A1-0B14D1042923_471_S_Hartford_Ave_Los_Angeles_90017,Hartford,471 S Hartford Avenue Ave Los Angeles 90017,,,,
668220,1244967,,5153024014.0,,440.0,,,South,,,Witmer,Street,,,,,,,,,,,,1-15,90017.0,,Los Angeles,Los Angeles,,,,,LA City,{E47E83AC-5C9F-4E6F-9C49-F5C5DFC60000},0,,E47E83AC-5C9F-4E6F-9C49-F5C5DFC60000,Unknown,,S,,,St,S Witmer St,2023/09/12 23:03:18+00,440 S Witmer St 1-15 Los Angeles 90017,E47E83AC-5C9F-4E6F-9C49-F5C5DFC60000_440_S_Witmer_St_1-15_Los_Angeles_90017,Witmer,440 S Witmer Street St 1-15 Los Angeles 90017,,,,
668221,1244968,,5153024017.0,,477.0,,,South,,,Hartford,Avenue,,,,,,,,,,,,,90017.0,,Los Angeles,Los Angeles,,,,,LA City,{995210E5-EAE6-4D3C-ADDA-BC37AB47EC6A},0,,995210E5-EAE6-4D3C-ADDA-BC37AB47EC6A,Unknown,,S,,,Ave,S Hartford Ave,2023/09/12 23:03:18+00,477 S Hartford Ave Los Angeles 90017,995210E5-EAE6-4D3C-ADDA-BC37AB47EC6A_477_S_Hartford_Ave_Los_Angeles_90017,Hartford,477 S Hartford Avenue Ave Los Angeles 90017,,,,
668222,1244969,,5153024017.0,,479.0,,,South,,,Hartford,Avenue,,,,,,,,,,,,,90017.0,,Los Angeles,Los Angeles,,,,,LA City,{61C5F42C-A9B3-47FA-84B7-43875DC612D9},0,,61C5F42C-A9B3-47FA-84B7-43875DC612D9,Unknown,,S,,,Ave,S Hartford Ave,2024/05/12 21:05:27+00,479 S Hartford Ave Los Angeles 90017,61C5F42C-A9B3-47FA-84B7-43875DC612D9_479_S_Hartford_Ave_Los_Angeles_90017,Hartford,479 S Hartford Avenue Ave Los Angeles 90017,,,,
668223,1244970,,5153024017.0,,479.0,1/2,,South,,,Hartford,Avenue,,,,,,,,,,,,,90017.0,,Los Angeles,Los Angeles,,,,,LA City,{82FE36AA-08DA-40F5-8F62-3CCA7CB4522F},0,,82FE36AA-08DA-40F5-8F62-3CCA7CB4522F,Unknown,,S,,,Ave,S Hartford Ave,2024/05/12 21:05:27+00,479 1/2 S Hartford Ave Los Angeles 90017,82FE36AA-08DA-40F5-8F62-3CCA7CB4522F_479_1/2_S_Hartford_Ave_Los_Angeles_90017,Hartford,479 1/2 S Hartford Avenue Ave Los Angeles 90017,,,,
668224,1244971,,5153024028.0,,443.0,,,South,,,Hartford,Avenue,,,,,,,,,,,,,90017.0,,Los Angeles,Los Angeles,,,,,LA City,{DA5F0519-5F1A-4C9F-9678-6AB9C78945DC},0,,DA5F0519-5F1A-4C9F-9678-6AB9C78945DC,Unknown,,S,,,Ave,S Hartford Ave,2023/09/12 23:03:18+00,443 S Hartford Ave Los Angeles 90017,DA5F0519-5F1A-4C9F-9678-6AB9C78945DC_443_S_Hartford_Ave_Los_Angeles_90017,Hartford,443 S Hartford Avenue Ave Los Angeles 90017,,,,
668225,1244972,,5153024029.0,,420.0,,,South,,,Witmer,Street,,,,,,,,,,,,,90017.0,,Los Angeles,Los Angeles,,,,,LA City,{82BBBBE0-D0DF-40BA-BF07-E3C31279B4D4},0,,82BBBBE0-D0DF-40BA-BF07-E3C31279B4D4,Unknown,,S,,,St,S Witmer St,2023/09/12 23:03:18+00,420 S Witmer St Los Angeles 90017,82BBBBE0-D0DF-40BA-BF07-E3C31279B4D4_420_S_Witmer_St_Los_Angeles_90017,Witmer,420 S Witmer Street St Los Angeles 90017,,,,
668226,1244973,,5153024029.0,,424.0,,,South,,,Witmer,Street,,,,,,,,,,,,,90017.0,,Los Angeles,Los Angeles,,,,,LA City,{74626536-B836-4504-A3EF-75A6602D83EE},0,,74626536-B836-4504-A3EF-75A6602D83EE,Unknown,,S,,,St,S Witmer St,2023/09/12 23:03:18+00,424 S Witmer St Los Angeles 90017,74626536-B836-4504-A3EF-75A6602D83EE_424_S_Witmer_St_Los_Angeles_90017,Witmer,424 S Witmer Street St Los Angeles 90017,,,,
668227,1244974,,5153024029.0,,418.0,,,South,,,Witmer,Street,,,,,,,,,,,,,90017.0,,Los Angeles,Los Angeles,,,,,LA City,{7E87C023-A7DE-4B55-8A8B-3A1ECBFC2ED0},0,,7E87C023-A7DE-4B55-8A8B-3A1ECBFC2ED0,Unknown,,S,,,St,S Witmer St,2023/09/12 23:03:18+00,418 S Witmer St Los Angeles 90017,7E87C023-A7DE-4B55-8A8B-3A1ECBFC2ED0_418_S_Witmer_St_Los_Angeles_90017,Witmer,418 S Witmer Street St Los Angeles 90017,,,,
668228,1244975,,5153024029.0,,422.0,,,South,,,Witmer,Street,,,,,,,,,,,,,90017.0,,Los Angeles,Los Angeles,,,,,LA City,{60680FFC-F701-4E02-870A-58E1B60E405F},0,,60680FFC-F701-4E02-870A-58E1B60E405F,Unknown,,S,,,St,S Witmer St,2023/09/12 23:03:18+00,422 S Witmer St Los Angeles 90017,60680FFC-F701-4E02-870A-58E1B60E405F_422_S_Witmer_St_Los_Angeles_90017,Witmer,422 S Witmer Street St Los Angeles 90017,,,,
668229,1244976,,5153024029.0,,416.0,,,South,,,Witmer,Street,,,,,,,,,,,,,90017.0,,Los Angeles,Los Angeles,,,,,LA City,{3872FB76-8CEC-4E7F-8CA8-2178EBE34A84},0,,3872FB76-8CEC-4E7F-8CA8-2178EBE34A84,Unknown,,S,,,St,S Witmer St,2023/09/12 23:03:18+00,416 S Witmer St Los Angeles 90017,3872FB76-8CEC-4E7F-8CA8-2178EBE34A84_416_S_Witmer_St_Los_Angeles_90017,Witmer,416 S Witmer Street St Los Angeles 90017,,,,
668230,1244977,,5153024030.0,,483.0,,,South,,,Hartford,Avenue,,,,,,,,,,,,,90017.0,,Los Angeles,Los Angeles,,,,,LA City,{8F16E9A8-07CF-41F7-A712-6F75F9BBB4D1},0,,8F16E9A8-07CF-41F7-A712-6F75F9BBB4D1,Unknown,,S,,,Ave,S Hartford Ave,2023/09/12 23:03:18+00,483 S Hartford Ave Los Angeles 90017,8F16E9A8-07CF-41F7-A712-6F75F9BBB4D1_483_S_Hartford_Ave_Los_Angeles_90017,Hartford,483 S Hartford Avenue Ave Los Angeles 90017,,,,
668231,1244978,,5153024030.0,,481.0,,,South,,,Hartford,Avenue,,,,,,,,,,,,,90017.0,,Los Angeles,Los Angeles,,,,,LA City,{24CBD071-EC7B-4C57-83E6-5B013F3C4D5B},0,,24CBD071-EC7B-4C57-83E6-5B013F3C4D5B,Unknown,,S,,,Ave,S Hartford Ave,2023/09/12 23:03:18+00,481 S Hartford Ave Los Angeles 90017,24CBD071-EC7B-4C57-83E6-5B013F3C4D5B_481_S_Hartford_Ave_Los_Angeles_90017,Hartford,481 S Hartford Avenue Ave Los Angeles 90017,,,,
668232,1244979,,5153024030.0,,474.0,,,South,,,Witmer,Street,,,,,,,,,,,,,90017.0,,Los Angeles,Los Angeles,,,,,LA City,{C20EDD94-5498-4856-A2DF-7E43AF9935D5},0,,C20EDD94-5498-4856-A2DF-7E43AF9935D5,Unknown,,S,,,St,S Witmer St,2023/09/12 23:03:18+00,474 S Witmer St Los Angeles 90017,C20EDD94-5498-4856-A2DF-7E43AF9935D5_474_S_Witmer_St_Los_Angeles_90017,Witmer,474 S Witmer Street St Los Angeles 90017,,,,
668233,1244980,,5153024030.0,,485.0,,,South,,,Hartford,Avenue,,,,,,,,,,,,1-49,90017.0,,Los Angeles,Los Angeles,,,,,LA City,{8770528F-C374-441F-9D9B-1044B923AF03},0,,8770528F-C374-441F-9D9B-1044B923AF03,Unknown,,S,,,Ave,S Hartford Ave,2023/09/12 23:03:18+00,485 S Hartford Ave 1-49 Los Angeles 90017,8770528F-C374-441F-9D9B-1044B923AF03_485_S_Hartford_Ave_1-49_Los_Angeles_90017,Hartford,485 S Hartford Avenue Ave 1-49 Los Angeles 90017,,,,
668234,1244981,,5153024030.0,,1453.0,,,West,,,5Th,Street,,,,,,,,,,,,,90017.0,,Los Angeles,Los Angeles,,,,,LA City,{676FDE50-6FA4-44B3-9B24-AF2F70D6D515},0,,676FDE50-6FA4-44B3-9B24-AF2F70D6D515,Unknown,,W,,,St,W 5Th St,2023/09/12 23:03:18+00,1453 W 5Th St Los Angeles 90017,676FDE50-6FA4-44B3-9B24-AF2F70D6D515_1453_W_5Th_St_Los_Angeles_90017,5Th,1453 W 5Th Street St Los Angeles 90017,,,,
668235,1244982,,5153024030.0,,456.0,,,South,,,Witmer,Street,,,,,,,,,,,,1-38,90017.0,,Los Angeles,Los Angeles,,,,,LA City,{385374E3-21DF-451B-85B7-1D5A48710FC6},0,,385374E3-21DF-451B-85B7-1D5A48710FC6,Unknown,,S,,,St,S Witmer St,2023/09/12 23:03:18+00,456 S Witmer St 1-38 Los Angeles 90017,385374E3-21DF-451B-85B7-1D5A48710FC6_456_S_Witmer_St_1-38_Los_Angeles_90017,Witmer,456 S Witmer Street St 1-38 Los Angeles 90017,,,,
668236,1244983,,5153024030.0,,454.0,,,South,,,Witmer,Street,,,,,,,,,,,,,90017.0,,Los Angeles,Los Angeles,,,,,LA City,{B712A325-7041-46D4-B659-CF5A57E0D376},0,,B712A325-7041-46D4-B659-CF5A57E0D376,Unknown,,S,,,St,S Witmer St,2023/09/12 23:03:18+00,454 S Witmer St Los Angeles 90017,B712A325-7041-46D4-B659-CF5A57E0D376_454_S_Witmer_St_Los_Angeles_90017,Witmer,454 S Witmer Street St Los Angeles 90017,,,,
668237,1244984,,5153024030.0,,476.0,,,South,,,Witmer,Street,,,,,,,,,,,,,90017.0,,Los Angeles,Los Angeles,,,,,LA City,{D1A401A2-F015-455A-BCB9-CBA0C521D8A5},0,,D1A401A2-F015-455A-BCB9-CBA0C521D8A5,Unknown,,S,,,St,S Witmer St,2023/09/12 23:03:18+00,476 S Witmer St Los Angeles 90017,D1A401A2-F015-455A-BCB9-CBA0C521D8A5_476_S_Witmer_St_Los_Angeles_90017,Witmer,476 S Witmer Street St Los Angeles 90017,,,,
668238,1244985,,5153024030.0,,472.0,1/2,,South,,,Witmer,Street,,,,,,,,,,,,,90017.0,,Los Angeles,Los Angeles,,,,,LA City,{A174F4DE-8A69-4A42-A8F2-A6EDBE9FF194},0,,A174F4DE-8A69-4A42-A8F2-A6EDBE9FF194,Unknown,,S,,,St,S Witmer St,2024/05/12 21:05:27+00,472 1/2 S Witmer St Los Angeles 90017,A174F4DE-8A69-4A42-A8F2-A6EDBE9FF194_472_1/2_S_Witmer_St_Los_Angeles_90017,Witmer,472 1/2 S Witmer Street St Los Angeles 90017,,,,
668239,1244986,,5153024030.0,,472.0,,,South,,,Witmer,Street,,,,,,,,,,,,,90017.0,,Los Angeles,Los Angeles,,,,,LA City,{4B3CDDC9-FE8F-4D10-B1C6-6332D7D02D96},0,,4B3CDDC9-FE8F-4D10-B1C6-6332D7D02D96,Unknown,,S,,,St,S Witmer St,2024/05/12 21:05:27+00,472 S Witmer St Los Angeles 90017,4B3CDDC9-FE8F-4D10-B1C6-6332D7D02D96_472_S_Witmer_St_Los_Angeles_90017,Witmer,472 S Witmer Street St Los Angeles 90017,,,,
668240,1244987,,5153025009.0,,324.0,,,South,,,Witmer,Street,,,,,,,,,,,,,90017.0,,Los Angeles,Los Angeles,,,,,LA City,{F0832FBA-AE7B-469F-ACE7-2168E099362D},0,,F0832FBA-AE7B-469F-ACE7-2168E099362D,Unknown,,S,,,St,S Witmer St,2023/09/12 23:03:18+00,324 S Witmer St Los Angeles 90017,F0832FBA-AE7B-469F-ACE7-2168E099362D_324_S_Witmer_St_Los_Angeles_90017,Witmer,324 S Witmer Street St Los Angeles 90017,,,,
668241,1244988,,5153025010.0,,330.0,,,South,,,Witmer,Street,,,,,,,,,,,,,90017.0,,Los Angeles,Los Angeles,,,,,LA City,{31A53E9A-F2DC-430C-808F-EC7E823482F1},0,,31A53E9A-F2DC-430C-808F-EC7E823482F1,Unknown,,S,,,St,S Witmer St,2023/09/12 23:03:18+00,330 S Witmer St Los Angeles 90017,31A53E9A-F2DC-430C-808F-EC7E823482F1_330_S_Witmer_St_Los_Angeles_90017,Witmer,330 S Witmer Street St Los Angeles 90017,,,,
668242,1244989,,5153025011.0,,334.0,,,South,,,Witmer,Street,,,,,,,,,,,,,90017.0,,Los Angeles,Los Angeles,,,,,LA City,{A5147DE2-3868-4195-94F9-D79ADFE381B9},0,,A5147DE2-3868-4195-94F9-D79ADFE381B9,Unknown,,S,,,St,S Witmer St,2023/09/12 23:03:18+00,334 S Witmer St Los Angeles 90017,A5147DE2-3868-4195-94F9-D79ADFE381B9_334_S_Witmer_St_Los_Angeles_90017,Witmer,334 S Witmer Street St Los Angeles 90017,,,,
668243,1244990,,5153025011.0,,336.0,3/4,,South,,,Witmer,Street,,,,,,,,,,,,,90017.0,,Los Angeles,Los Angeles,,,,,LA City,{843D5B37-BEA7-48F6-A109-7109900C814A},0,,843D5B37-BEA7-48F6-A109-7109900C814A,Unknown,,S,,,St,S Witmer St,2024/05/12 21:05:27+00,336 3/4 S Witmer St Los Angeles 90017,843D5B37-BEA7-48F6-A109-7109900C814A_336_3/4_S_Witmer_St_Los_Angeles_90017,Witmer,336 3/4 S Witmer Street St Los Angeles 90017,,,,
668244,1244991,,5153025011.0,,336.0,1/4,,South,,,Witmer,Street,,,,,,,,,,,,,90017.0,,Los Angeles,Los Angeles,,,,,LA City,{E454E745-6D43-4114-AE4A-81EA88110484},0,,E454E745-6D43-4114-AE4A-81EA88110484,Unknown,,S,,,St,S Witmer St,2024/05/12 21:05:27+00,336 1/4 S Witmer St Los Angeles 90017,E454E745-6D43-4114-AE4A-81EA88110484_336_1/4_S_Witmer_St_Los_Angeles_90017,Witmer,336 1/4 S Witmer Street St Los Angeles 90017,,,,
668245,1244992,,5153025011.0,,336.0,,,South,,,Witmer,Street,,,,,,,,,,,,,90017.0,,Los Angeles,Los Angeles,,,,,LA City,{6B691E11-B3D4-4B11-9231-2A079EC76C80},0,,6B691E11-B3D4-4B11-9231-2A079EC76C80,Unknown,,S,,,St,S Witmer St,2024/05/12 21:05:27+00,336 S Witmer St Los Angeles 90017,6B691E11-B3D4-4B11-9231-2A079EC76C80_336_S_Witmer_St_Los_Angeles_90017,Witmer,336 S Witmer Street St Los Angeles 90017,,,,
668246,1244993,,5153025011.0,,336.0,1/2,,South,,,Witmer,Street,,,,,,,,,,,,,90017.0,,Los Angeles,Los Angeles,,,,,LA City,{BD1FC21D-C8F8-407C-82E8-1364997F9FF6},0,,BD1FC21D-C8F8-407C-82E8-1364997F9FF6,Unknown,,S,,,St,S Witmer St,2024/05/12 21:05:27+00,336 1/2 S Witmer St Los Angeles 90017,BD1FC21D-C8F8-407C-82E8-1364997F9FF6_336_1/2_S_Witmer_St_Los_Angeles_90017,Witmer,336 1/2 S Witmer Street St Los Angeles 90017,,,,
668247,1244994,,5153025012.0,,400.0,,,South,,,Witmer,Street,,,,,,,,,,,,1-24,90017.0,,Los Angeles,Los Angeles,,,,,LA City,{5CE1DB99-6689-4F0A-BE80-15124EB43F7D},0,,5CE1DB99-6689-4F0A-BE80-15124EB43F7D,Unknown,,S,,,St,S Witmer St,2023/09/12 23:03:18+00,400 S Witmer St 1-24 Los Angeles 90017,5CE1DB99-6689-4F0A-BE80-15124EB43F7D_400_S_Witmer_St_1-24_Los_Angeles_90017,Witmer,400 S Witmer Street St 1-24 Los Angeles 90017,,,,
668248,1244995,,5153025013.0,,437.0,,,South,,,Hartford,Avenue,,,,,,,,,,,,,90017.0,,Los Angeles,Los Angeles,,,,,LA City,{48B0EB8C-87CE-42B0-972A-C8026208D0ED},0,,48B0EB8C-87CE-42B0-972A-C8026208D0ED,Unknown,,S,,,Ave,S Hartford Ave,2023/09/12 23:03:18+00,437 S Hartford Ave Los Angeles 90017,48B0EB8C-87CE-42B0-972A-C8026208D0ED_437_S_Hartford_Ave_Los_Angeles_90017,Hartford,437 S Hartford Avenue Ave Los Angeles 90017,,,,
668249,1244996,,5153025014.0,,441.0,,,South,,,Hartford,Avenue,,,,,,,,,,,,,90017.0,,Los Angeles,Los Angeles,,,,,LA City,{83B961BE-4CCF-4751-A727-4CD9158A4E34},0,,83B961BE-4CCF-4751-A727-4CD9158A4E34,Unknown,,S,,,Ave,S Hartford Ave,2023/09/12 23:03:18+00,441 S Hartford Ave Los Angeles 90017,83B961BE-4CCF-4751-A727-4CD9158A4E34_441_S_Hartford_Ave_Los_Angeles_90017,Hartford,441 S Hartford Avenue Ave Los Angeles 90017,,,,
668250,1244997,,5153025015.0,,410.0,,,South,,,Witmer,Street,,,,,,,,,,,,,90017.0,,Los Angeles,Los Angeles,,,,,LA City,{BC7BB7FA-47F5-4808-A00E-36DABD293D22},0,,BC7BB7FA-47F5-4808-A00E-36DABD293D22,Unknown,,S,,,St,S Witmer St,2023/09/12 23:03:18+00,410 S Witmer St Los Angeles 90017,BC7BB7FA-47F5-4808-A00E-36DABD293D22_410_S_Witmer_St_Los_Angeles_90017,Witmer,410 S Witmer Street St Los Angeles 90017,,,,
668251,1244998,,5153025020.0,,1448.0,,,West,,,3Rd,Street,,,,,,,,,,,,,90017.0,,Los Angeles,Los Angeles,,,,,LA City,{6772191C-7FC0-4179-A637-9FF09A264927},0,,6772191C-7FC0-4179-A637-9FF09A264927,Unknown,,W,,,St,W 3Rd St,2023/09/12 23:03:18+00,1448 W 3Rd St Los Angeles 90017,6772191C-7FC0-4179-A637-9FF09A264927_1448_W_3Rd_St_Los_Angeles_90017,3Rd,1448 W 3Rd Street St Los Angeles 90017,,,,
668252,1244999,,5153025021.0,,1454.0,,,West,,,3Rd,Street,,,,,,,,,,,,,90017.0,,Los Angeles,Los Angeles,,,,,LA City,{47D5AAAC-2FB5-4FF8-AAC2-33991790A181},0,,47D5AAAC-2FB5-4FF8-AAC2-33991790A181,Unknown,,W,,,St,W 3Rd St,2023/09/12 23:03:18+00,1454 W 3Rd St Los Angeles 90017,47D5AAAC-2FB5-4FF8-AAC2-33991790A181_1454_W_3Rd_St_Los_Angeles_90017,3Rd,1454 W 3Rd Street St Los Angeles 90017,,,,
668253,1245000,,5153025900.0,,318.0,1/4,,South,,,Witmer,Street,,,,,,,,,,,,,90017.0,,Los Angeles,Los Angeles,,,,,LA City,{70C2B87A-9E28-4746-BE77-59B933472B92},0,,70C2B87A-9E28-4746-BE77-59B933472B92,Unknown,,S,,,St,S Witmer St,2024/05/12 21:05:27+00,318 1/4 S Witmer St Los Angeles 90017,70C2B87A-9E28-4746-BE77-59B933472B92_318_1/4_S_Witmer_St_Los_Angeles_90017,Witmer,318 1/4 S Witmer Street St Los Angeles 90017,,,,
668254,1245001,,5153025900.0,,318.0,1/2,,South,,,Witmer,Street,,,,,,,,,,,,,90017.0,,Los Angeles,Los Angeles,,,,,LA City,{AC41DC6E-4EB2-4A0E-B275-ECC4F308B5EA},0,,AC41DC6E-4EB2-4A0E-B275-ECC4F308B5EA,Unknown,,S,,,St,S Witmer St,2024/05/12 21:05:27+00,318 1/2 S Witmer St Los Angeles 90017,AC41DC6E-4EB2-4A0E-B275-ECC4F308B5EA_318_1/2_S_Witmer_St_Los_Angeles_90017,Witmer,318 1/2 S Witmer Street St Los Angeles 90017,,,,
668255,1245002,,5153025900.0,,320.0,1/4,,South,,,Witmer,Street,,,,,,,,,,,,,90017.0,,Los Angeles,Los Angeles,,,,,LA City,{4BD185A4-C0A4-453E-855A-7401D5B069A9},0,,4BD185A4-C0A4-453E-855A-7401D5B069A9,Unknown,,S,,,St,S Witmer St,2024/05/12 21:05:27+00,320 1/4 S Witmer St Los Angeles 90017,4BD185A4-C0A4-453E-855A-7401D5B069A9_320_1/4_S_Witmer_St_Los_Angeles_90017,Witmer,320 1/4 S Witmer Street St Los Angeles 90017,,,,
668256,1245003,,5153025900.0,,316.0,1/2,,South,,,Witmer,Street,,,,,,,,,,,,,90017.0,,Los Angeles,Los Angeles,,,,,LA City,{C5AE1D62-4612-407B-8851-98ADB5D513DB},0,,C5AE1D62-4612-407B-8851-98ADB5D513DB,Unknown,,S,,,St,S Witmer St,2024/05/12 21:05:27+00,316 1/2 S Witmer St Los Angeles 90017,C5AE1D62-4612-407B-8851-98ADB5D513DB_316_1/2_S_Witmer_St_Los_Angeles_90017,Witmer,316 1/2 S Witmer Street St Los Angeles 90017,,,,
668257,1245004,,5153025900.0,,318.0,,,South,,,Witmer,Street,,,,,,,,,,,,,90017.0,,Los Angeles,Los Angeles,,,,,LA City,{9FEE71F4-603D-4F77-AE7C-1C35468E5823},0,,9FEE71F4-603D-4F77-AE7C-1C35468E5823,Unknown,,S,,,St,S Witmer St,2024/05/12 21:05:27+00,318 S Witmer St Los Angeles 90017,9FEE71F4-603D-4F77-AE7C-1C35468E5823_318_S_Witmer_St_Los_Angeles_90017,Witmer,318 S Witmer Street St Los Angeles 90017,,,,
668258,1245005,,5153025900.0,,318.0,3/4,,South,,,Witmer,Street,,,,,,,,,,,,,90017.0,,Los Angeles,Los Angeles,,,,,LA City,{77C652FA-1ED2-4696-9D51-C7C958C131F1},0,,77C652FA-1ED2-4696-9D51-C7C958C131F1,Unknown,,S,,,St,S Witmer St,2024/05/12 21:05:27+00,318 3/4 S Witmer St Los Angeles 90017,77C652FA-1ED2-4696-9D51-C7C958C131F1_318_3/4_S_Witmer_St_Los_Angeles_90017,Witmer,318 3/4 S Witmer Street St Los Angeles 90017,,,,
668259,1245006,,5153025900.0,,320.0,,,South,,,Witmer,Street,,,,,,,,,,,,,90017.0,,Los Angeles,Los Angeles,,,,,LA City,{1D989B5F-EE2B-4988-BDC9-80AFCD62A519},0,,1D989B5F-EE2B-4988-BDC9-80AFCD62A519,Unknown,,S,,,St,S Witmer St,2024/05/12 21:05:27+00,320 S Witmer St Los Angeles 90017,1D989B5F-EE2B-4988-BDC9-80AFCD62A519_320_S_Witmer_St_Los_Angeles_90017,Witmer,320 S Witmer Street St Los Angeles 90017,,,,
668260,1245007,,5153025900.0,,316.0,,,South,,,Witmer,Street,,,,,,,,,,,,,90017.0,,Los Angeles,Los Angeles,,,,,LA City,{604C8667-B9E5-4126-B920-BEA1F3EBA5EA},0,,604C8667-B9E5-4126-B920-BEA1F3EBA5EA,Unknown,,S,,,St,S Witmer St,2024/05/12 21:05:27+00,316 S Witmer St Los Angeles 90017,604C8667-B9E5-4126-B920-BEA1F3EBA5EA_316_S_Witmer_St_Los_Angeles_90017,Witmer,316 S Witmer Street St Los Angeles 90017,,,,
668261,1245008,,5153025903.0,,417.0,1/2,,South,,,Hartford,Avenue,,,,,,,,,,,,,90017.0,,Los Angeles,Los Angeles,,,,,LA City,{5F4A1175-925C-4468-AE81-DF609ECD80ED},0,,5F4A1175-925C-4468-AE81-DF609ECD80ED,Unknown,,S,,,Ave,S Hartford Ave,2024/05/12 21:05:27+00,417 1/2 S Hartford Ave Los Angeles 90017,5F4A1175-925C-4468-AE81-DF609ECD80ED_417_1/2_S_Hartford_Ave_Los_Angeles_90017,Hartford,417 1/2 S Hartford Avenue Ave Los Angeles 90017,,,,
668262,1245009,,5153025903.0,,417.0,,,South,,,Hartford,Avenue,,,,,,,,,,,,,90017.0,,Los Angeles,Los Angeles,,,,,LA City,{E5EF3A12-1EE6-4D27-AFEA-A849A6C48D3B},0,,E5EF3A12-1EE6-4D27-AFEA-A849A6C48D3B,Unknown,,S,,,Ave,S Hartford Ave,2024/05/12 21:05:27+00,417 S Hartford Ave Los Angeles 90017,E5EF3A12-1EE6-4D27-AFEA-A849A6C48D3B_417_S_Hartford_Ave_Los_Angeles_90017,Hartford,417 S Hartford Avenue Ave Los Angeles 90017,,,,
668263,1245010,,5153025904.0,,421.0,,,South,,,Hartford,Avenue,,,,,,,,,,,,,90017.0,,Los Angeles,Los Angeles,,,,,LA City,{C0AD23E2-2C14-4A8C-A476-8D962A612547},0,,C0AD23E2-2C14-4A8C-A476-8D962A612547,Unknown,,S,,,Ave,S Hartford Ave,2023/09/12 23:03:18+00,421 S Hartford Ave Los Angeles 90017,C0AD23E2-2C14-4A8C-A476-8D962A612547_421_S_Hartford_Ave_Los_Angeles_90017,Hartford,421 S Hartford Avenue Ave Los Angeles 90017,,,,
668264,1245011,,5153025904.0,,419.0,,,South,,,Hartford,Avenue,,,,,,,,,,,,,90017.0,,Los Angeles,Los Angeles,,,,,LA City,{82324F4A-D4E6-4941-9BC5-CF1EEA876657},0,,82324F4A-D4E6-4941-9BC5-CF1EEA876657,Unknown,,S,,,Ave,S Hartford Ave,2023/09/12 23:03:18+00,419 S Hartford Ave Los Angeles 90017,82324F4A-D4E6-4941-9BC5-CF1EEA876657_419_S_Hartford_Ave_Los_Angeles_90017,Hartford,419 S Hartford Avenue Ave Los Angeles 90017,,,,
668265,1245012,,5153025905.0,,423.0,1/2,,South,,,Hartford,Avenue,,,,,,,,,,,,,90017.0,,Los Angeles,Los Angeles,,,,,LA City,{54E0DA16-6465-420C-9375-CEC260447BCF},0,,54E0DA16-6465-420C-9375-CEC260447BCF,Unknown,,S,,,Ave,S Hartford Ave,2024/05/12 21:05:27+00,423 1/2 S Hartford Ave Los Angeles 90017,54E0DA16-6465-420C-9375-CEC260447BCF_423_1/2_S_Hartford_Ave_Los_Angeles_90017,Hartford,423 1/2 S Hartford Avenue Ave Los Angeles 90017,,,,
668266,1245013,,5153025905.0,,423.0,1/8,,South,,,Hartford,Avenue,,,,,,,,,,,,,90017.0,,Los Angeles,Los Angeles,,,,,LA City,{24043FC7-B617-4ABC-82A3-C2467F4A6455},0,,24043FC7-B617-4ABC-82A3-C2467F4A6455,Unknown,,S,,,Ave,S Hartford Ave,2024/05/12 21:05:27+00,423 1/8 S Hartford Ave Los Angeles 90017,24043FC7-B617-4ABC-82A3-C2467F4A6455_423_1/8_S_Hartford_Ave_Los_Angeles_90017,Hartford,423 1/8 S Hartford Avenue Ave Los Angeles 90017,,,,
668267,1245014,,5153025905.0,,423.0,,,South,,,Hartford,Avenue,,,,,,,,,,,,,90017.0,,Los Angeles,Los Angeles,,,,,LA City,{B0F453DA-BDBE-4BAF-8C45-8C81AF48F7E9},0,,B0F453DA-BDBE-4BAF-8C45-8C81AF48F7E9,Unknown,,S,,,Ave,S Hartford Ave,2024/05/12 21:05:27+00,423 S Hartford Ave Los Angeles 90017,B0F453DA-BDBE-4BAF-8C45-8C81AF48F7E9_423_S_Hartford_Ave_Los_Angeles_90017,Hartford,423 S Hartford Avenue Ave Los Angeles 90017,,,,
668268,1245015,,5153025905.0,,423.0,3/4,,South,,,Hartford,Avenue,,,,,,,,,,,,,90017.0,,Los Angeles,Los Angeles,,,,,LA City,{99A068E0-6D6D-46A6-B29D-3EFD7B24735C},0,,99A068E0-6D6D-46A6-B29D-3EFD7B24735C,Unknown,,S,,,Ave,S Hartford Ave,2024/05/12 21:05:27+00,423 3/4 S Hartford Ave Los Angeles 90017,99A068E0-6D6D-46A6-B29D-3EFD7B24735C_423_3/4_S_Hartford_Ave_Los_Angeles_90017,Hartford,423 3/4 S Hartford Avenue Ave Los Angeles 90017,,,,
668269,1245016,,5153025905.0,,423.0,1/4,,South,,,Hartford,Avenue,,,,,,,,,,,,,90017.0,,Los Angeles,Los Angeles,,,,,LA City,{58785A29-E047-4E4A-90C9-D5BA4D930E1A},0,,58785A29-E047-4E4A-90C9-D5BA4D930E1A,Unknown,,S,,,Ave,S Hartford Ave,2024/05/12 21:05:27+00,423 1/4 S Hartford Ave Los Angeles 90017,58785A29-E047-4E4A-90C9-D5BA4D930E1A_423_1/4_S_Hartford_Ave_Los_Angeles_90017,Hartford,423 1/4 S Hartford Avenue Ave Los Angeles 90017,,,,
668270,1245017,,5153025906.0,,312.0,,,South,,,Witmer,Street,,,,,,,,,,,,,90017.0,,Los Angeles,Los Angeles,,,,,LA City,{E84081B6-1597-41A2-AB67-85482B8FD076},0,,E84081B6-1597-41A2-AB67-85482B8FD076,Unknown,,S,,,St,S Witmer St,2023/09/12 23:03:18+00,312 S Witmer St Los Angeles 90017,E84081B6-1597-41A2-AB67-85482B8FD076_312_S_Witmer_St_Los_Angeles_90017,Witmer,312 S Witmer Street St Los Angeles 90017,,,,
668271,1245018,,5153025907.0,,323.0,,,South,,,Lucas,Avenue,,,,,,,,,,,,,90017.0,,Los Angeles,Los Angeles,,,,,LA City,{15EEDD55-956B-472B-B349-1B3F34513103},0,,15EEDD55-956B-472B-B349-1B3F34513103,Unknown,,S,,,Ave,S Lucas Ave,2023/09/12 23:03:18+00,323 S Lucas Ave Los Angeles 90017,15EEDD55-956B-472B-B349-1B3F34513103_323_S_Lucas_Ave_Los_Angeles_90017,Lucas,323 S Lucas Avenue Ave Los Angeles 90017,,,,
668272,1245019,,5153025907.0,,329.0,,,South,,,Lucas,Avenue,,,,,,,,,,,,,90017.0,,Los Angeles,Los Angeles,,,,,LA City,{1090F159-B798-405A-A9C4-5CB18451E60E},0,,1090F159-B798-405A-A9C4-5CB18451E60E,Unknown,,S,,,Ave,S Lucas Ave,2023/09/12 23:03:18+00,329 S Lucas Ave Los Angeles 90017,1090F159-B798-405A-A9C4-5CB18451E60E_329_S_Lucas_Ave_Los_Angeles_90017,Lucas,329 S Lucas Avenue Ave Los Angeles 90017,,,,
668273,1245020,,5153025907.0,,325.0,,,South,,,Lucas,Avenue,,,,,,,,,,,,,90017.0,,Los Angeles,Los Angeles,,,,,LA City,{0E07A2D9-8FFB-4BB2-B94C-8B0868443484},0,,0E07A2D9-8FFB-4BB2-B94C-8B0868443484,Unknown,,S,,,Ave,S Lucas Ave,2023/09/12 23:03:18+00,325 S Lucas Ave Los Angeles 90017,0E07A2D9-8FFB-4BB2-B94C-8B0868443484_325_S_Lucas_Ave_Los_Angeles_90017,Lucas,325 S Lucas Avenue Ave Los Angeles 90017,,,,
668274,1245021,,5153025907.0,,315.0,,,South,,,Lucas,Avenue,,,,,,,,,,,,,90017.0,,Los Angeles,Los Angeles,,,,,LA City,{E9ED0424-0C60-41A8-B1E0-BFEE508398F0},0,,E9ED0424-0C60-41A8-B1E0-BFEE508398F0,Unknown,,S,,,Ave,S Lucas Ave,2023/09/12 23:03:18+00,315 S Lucas Ave Los Angeles 90017,E9ED0424-0C60-41A8-B1E0-BFEE508398F0_315_S_Lucas_Ave_Los_Angeles_90017,Lucas,315 S Lucas Avenue Ave Los Angeles 90017,,,,
668275,1245022,,5153025907.0,,1407.0,,,West,,,4Th,Street,,,,,,,,,,,,,90017.0,,Los Angeles,Los Angeles,,,,,LA City,{B212B58C-E435-470C-9A27-FF1C05D896D3},0,,B212B58C-E435-470C-9A27-FF1C05D896D3,Unknown,,W,,,St,W 4Th St,2023/09/12 23:03:18+00,1407 W 4Th St Los Angeles 90017,B212B58C-E435-470C-9A27-FF1C05D896D3_1407_W_4Th_St_Los_Angeles_90017,4Th,1407 W 4Th Street St Los Angeles 90017,,,,
668276,1245023,,5153025907.0,,1401.0,,,West,,,4Th,Street,,,,,,,,,,,,,90017.0,,Los Angeles,Los Angeles,,,,,LA City,{10EDF613-3971-47AC-A128-090436219EC8},0,,10EDF613-3971-47AC-A128-090436219EC8,Unknown,,W,,,St,W 4Th St,2023/09/12 23:03:18+00,1401 W 4Th St Los Angeles 90017,10EDF613-3971-47AC-A128-090436219EC8_1401_W_4Th_St_Los_Angeles_90017,4Th,1401 W 4Th Street St Los Angeles 90017,,,,
668277,1245024,,5153025908.0,,309.0,,,South,,,Lucas,Avenue,,,,,,,,,,,,,90017.0,,Los Angeles,Los Angeles,,,,,LA City,{AF84292A-8ACA-4ED8-8708-7AB81E7BA7FE},0,,AF84292A-8ACA-4ED8-8708-7AB81E7BA7FE,Unknown,,S,,,Ave,S Lucas Ave,2023/09/12 23:03:18+00,309 S Lucas Ave Los Angeles 90017,AF84292A-8ACA-4ED8-8708-7AB81E7BA7FE_309_S_Lucas_Ave_Los_Angeles_90017,Lucas,309 S Lucas Avenue Ave Los Angeles 90017,,,,
668278,1245025,,5153025909.0,,1434.0,,,West,,,3Rd,Street,,,,,,,,,,,,,90017.0,,Los Angeles,Los Angeles,,,,,LA City,{A5DDDF35-E8D8-4B0B-B3C9-A07E78713C60},0,,A5DDDF35-E8D8-4B0B-B3C9-A07E78713C60,Unknown,,W,,,St,W 3Rd St,2023/09/12 23:03:18+00,1434 W 3Rd St Los Angeles 90017,A5DDDF35-E8D8-4B0B-B3C9-A07E78713C60_1434_W_3Rd_St_Los_Angeles_90017,3Rd,1434 W 3Rd Street St Los Angeles 90017,,,,
668279,1245026,,5153025909.0,,1424.0,,,West,,,3Rd,Street,,,,,,,,,,,,,90017.0,,Los Angeles,Los Angeles,,,,,LA City,{B2B7DEB9-FB66-4ABA-BBBF-F613C7350549},0,,B2B7DEB9-FB66-4ABA-BBBF-F613C7350549,Unknown,,W,,,St,W 3Rd St,2023/09/12 23:03:18+00,1424 W 3Rd St Los Angeles 90017,B2B7DEB9-FB66-4ABA-BBBF-F613C7350549_1424_W_3Rd_St_Los_Angeles_90017,3Rd,1424 W 3Rd Street St Los Angeles 90017,,,,
668280,1245027,,5153025909.0,,1444.0,,,West,,,3Rd,Street,,,,,,,,,,,,,90017.0,,Los Angeles,Los Angeles,,,,,LA City,{53404AC5-CCB1-4148-A700-0CA33DE18E03},0,,53404AC5-CCB1-4148-A700-0CA33DE18E03,Unknown,,W,,,St,W 3Rd St,2023/09/12 23:03:18+00,1444 W 3Rd St Los Angeles 90017,53404AC5-CCB1-4148-A700-0CA33DE18E03_1444_W_3Rd_St_Los_Angeles_90017,3Rd,1444 W 3Rd Street St Los Angeles 90017,,,,
668281,1245028,,5153025909.0,,1440.0,,,West,,,3Rd,Street,,,,,,,,,,,,,90017.0,,Los Angeles,Los Angeles,,,,,LA City,{A40453DD-9668-44E0-AA39-D8F985BF3814},0,,A40453DD-9668-44E0-AA39-D8F985BF3814,Unknown,,W,,,St,W 3Rd St,2023/09/12 23:03:18+00,1440 W 3Rd St Los Angeles 90017,A40453DD-9668-44E0-AA39-D8F985BF3814_1440_W_3Rd_St_Los_Angeles_90017,3Rd,1440 W 3Rd Street St Los Angeles 90017,,,,
668282,1245029,,5153025909.0,,1442.0,,,West,,,3Rd,Street,,,,,,,,,,,,,90017.0,,Los Angeles,Los Angeles,,,,,LA City,{8D2842E0-2713-4B87-885A-CD599A4E369E},0,,8D2842E0-2713-4B87-885A-CD599A4E369E,Unknown,,W,,,St,W 3Rd St,2023/09/12 23:03:18+00,1442 W 3Rd St Los Angeles 90017,8D2842E0-2713-4B87-885A-CD599A4E369E_1442_W_3Rd_St_Los_Angeles_90017,3Rd,1442 W 3Rd Street St Los Angeles 90017,,,,
668283,1245030,,5153025909.0,,1438.0,,,West,,,3Rd,Street,,,,,,,,,,,,,90017.0,,Los Angeles,Los Angeles,,,,,LA City,{22244857-6E0E-47F2-85FD-04203BC16701},0,,22244857-6E0E-47F2-85FD-04203BC16701,Unknown,,W,,,St,W 3Rd St,2023/09/12 23:03:18+00,1438 W 3Rd St Los Angeles 90017,22244857-6E0E-47F2-85FD-04203BC16701_1438_W_3Rd_St_Los_Angeles_90017,3Rd,1438 W 3Rd Street St Los Angeles 90017,,,,
668284,1245031,,5153026001.0,,1472.0,,,West,,,3Rd,Street,,,,,,,,,,,,,90017.0,,Los Angeles,Los Angeles,,,,,LA City,{6B98D530-DBB1-4865-8F52-27E36FED6E9E},0,,6B98D530-DBB1-4865-8F52-27E36FED6E9E,Unknown,,W,,,St,W 3Rd St,2023/09/12 23:03:18+00,1472 W 3Rd St Los Angeles 90017,6B98D530-DBB1-4865-8F52-27E36FED6E9E_1472_W_3Rd_St_Los_Angeles_90017,3Rd,1472 W 3Rd Street St Los Angeles 90017,,,,
668285,1245032,,5153026001.0,,1476.0,,,West,,,3Rd,Street,,,,,,,,,,,,,90017.0,,Los Angeles,Los Angeles,,,,,LA City,{D45F5844-5E27-4C62-B519-3261CA19CF18},0,,D45F5844-5E27-4C62-B519-3261CA19CF18,Unknown,,W,,,St,W 3Rd St,2023/09/12 23:03:18+00,1476 W 3Rd St Los Angeles 90017,D45F5844-5E27-4C62-B519-3261CA19CF18_1476_W_3Rd_St_Los_Angeles_90017,3Rd,1476 W 3Rd Street St Los Angeles 90017,,,,
668286,1245033,,5153026002.0,,1460.0,,,West,,,3Rd,Street,,,,,,,,,,,,,90017.0,,Los Angeles,Los Angeles,,,,,LA City,{7566E00F-71BE-43E8-96B2-C0249850604C},0,,7566E00F-71BE-43E8-96B2-C0249850604C,Unknown,,W,,,St,W 3Rd St,2023/09/12 23:03:18+00,1460 W 3Rd St Los Angeles 90017,7566E00F-71BE-43E8-96B2-C0249850604C_1460_W_3Rd_St_Los_Angeles_90017,3Rd,1460 W 3Rd Street St Los Angeles 90017,,,,
668287,1245034,,5153026002.0,,301.0,,,South,,,Witmer,Street,,,,,,,,,,,,,90017.0,,Los Angeles,Los Angeles,,,,,LA City,{EC5D38AF-4333-4DB1-8A2C-7DCC2D48841C},0,,EC5D38AF-4333-4DB1-8A2C-7DCC2D48841C,Unknown,,S,,,St,S Witmer St,2023/09/12 23:03:18+00,301 S Witmer St Los Angeles 90017,EC5D38AF-4333-4DB1-8A2C-7DCC2D48841C_301_S_Witmer_St_Los_Angeles_90017,Witmer,301 S Witmer Street St Los Angeles 90017,,,,
668288,1245035,,5153026003.0,,306.0,,,South,,,Columbia,Avenue,,,,,,,,,,,,,90017.0,,Los Angeles,Los Angeles,,,,,LA City,{E7BE6987-A710-46B6-B818-7108701E4BF6},0,,E7BE6987-A710-46B6-B818-7108701E4BF6,Unknown,,S,,,Ave,S Columbia Ave,2023/09/12 23:03:18+00,306 S Columbia Ave Los Angeles 90017,E7BE6987-A710-46B6-B818-7108701E4BF6_306_S_Columbia_Ave_Los_Angeles_90017,Columbia,306 S Columbia Avenue Ave Los Angeles 90017,,,,
668289,1245036,,5153026004.0,,307.0,,,South,,,Witmer,Street,,,,,,,,,,,,,90017.0,,Los Angeles,Los Angeles,,,,,LA City,{D0379B60-E8A0-4E97-A7DE-5CEA6C9440D3},0,,D0379B60-E8A0-4E97-A7DE-5CEA6C9440D3,Unknown,,S,,,St,S Witmer St,2023/09/12 23:03:18+00,307 S Witmer St Los Angeles 90017,D0379B60-E8A0-4E97-A7DE-5CEA6C9440D3_307_S_Witmer_St_Los_Angeles_90017,Witmer,307 S Witmer Street St Los Angeles 90017,,,,
668290,1245037,,5153026005.0,,314.0,,,South,,,Columbia,Avenue,,,,,,,,,,,,,90017.0,,Los Angeles,Los Angeles,,,,,LA City,{F04E8CCD-F39D-4CB4-A056-D8CA3D5BBBB0},0,,F04E8CCD-F39D-4CB4-A056-D8CA3D5BBBB0,Unknown,,S,,,Ave,S Columbia Ave,2024/05/12 21:05:27+00,314 S Columbia Ave Los Angeles 90017,F04E8CCD-F39D-4CB4-A056-D8CA3D5BBBB0_314_S_Columbia_Ave_Los_Angeles_90017,Columbia,314 S Columbia Avenue Ave Los Angeles 90017,,,,
668291,1245038,,5153026005.0,,310.0,,,South,,,Columbia,Avenue,,,,,,,,,,,,,90017.0,,Los Angeles,Los Angeles,,,,,LA City,{86CB169D-0F0B-4296-873A-00D4C4FFF735},0,,86CB169D-0F0B-4296-873A-00D4C4FFF735,Unknown,,S,,,Ave,S Columbia Ave,2024/05/12 21:05:27+00,310 S Columbia Ave Los Angeles 90017,86CB169D-0F0B-4296-873A-00D4C4FFF735_310_S_Columbia_Ave_Los_Angeles_90017,Columbia,310 S Columbia Avenue Ave Los Angeles 90017,,,,
668292,1245039,,5153026005.0,,312.0,,,South,,,Columbia,Avenue,,,,,,,,,,,,,90017.0,,Los Angeles,Los Angeles,,,,,LA City,{4312E943-B509-42FF-9187-46DBC09F278B},0,,4312E943-B509-42FF-9187-46DBC09F278B,Unknown,,S,,,Ave,S Columbia Ave,2024/05/12 21:05:27+00,312 S Columbia Ave Los Angeles 90017,4312E943-B509-42FF-9187-46DBC09F278B_312_S_Columbia_Ave_Los_Angeles_90017,Columbia,312 S Columbia Avenue Ave Los Angeles 90017,,,,
668293,1245040,,5153026005.0,,312.0,1/4,,South,,,Columbia,Avenue,,,,,,,,,,,,,90017.0,,Los Angeles,Los Angeles,,,,,LA City,{3506A2A2-31B6-4211-B0BE-E98AEB419FD2},0,,3506A2A2-31B6-4211-B0BE-E98AEB419FD2,Unknown,,S,,,Ave,S Columbia Ave,2024/05/12 21:05:27+00,312 1/4 S Columbia Ave Los Angeles 90017,3506A2A2-31B6-4211-B0BE-E98AEB419FD2_312_1/4_S_Columbia_Ave_Los_Angeles_90017,Columbia,312 1/4 S Columbia Avenue Ave Los Angeles 90017,,,,
668294,1245041,,5153026005.0,,312.0,1/2,,South,,,Columbia,Avenue,,,,,,,,,,,,,90017.0,,Los Angeles,Los Angeles,,,,,LA City,{81F544B3-68AB-4EFA-B993-39DE0F93BED2},0,,81F544B3-68AB-4EFA-B993-39DE0F93BED2,Unknown,,S,,,Ave,S Columbia Ave,2024/05/12 21:05:27+00,312 1/2 S Columbia Ave Los Angeles 90017,81F544B3-68AB-4EFA-B993-39DE0F93BED2_312_1/2_S_Columbia_Ave_Los_Angeles_90017,Columbia,312 1/2 S Columbia Avenue Ave Los Angeles 90017,,,,
668295,1245042,,5153026005.0,,314.0,1/2,,South,,,Columbia,Avenue,,,,,,,,,,,,,90017.0,,Los Angeles,Los Angeles,,,,,LA City,{795A111F-0D3A-46E8-A43F-17F6DFF38385},0,,795A111F-0D3A-46E8-A43F-17F6DFF38385,Unknown,,S,,,Ave,S Columbia Ave,2024/05/12 21:05:27+00,314 1/2 S Columbia Ave Los Angeles 90017,795A111F-0D3A-46E8-A43F-17F6DFF38385_314_1/2_S_Columbia_Ave_Los_Angeles_90017,Columbia,314 1/2 S Columbia Avenue Ave Los Angeles 90017,,,,
668296,1245043,,5153026005.0,,310.0,1/2,,South,,,Columbia,Avenue,,,,,,,,,,,,,90017.0,,Los Angeles,Los Angeles,,,,,LA City,{C674575B-9255-4976-882C-8206BF4AB566},0,,C674575B-9255-4976-882C-8206BF4AB566,Unknown,,S,,,Ave,S Columbia Ave,2024/05/12 21:05:27+00,310 1/2 S Columbia Ave Los Angeles 90017,C674575B-9255-4976-882C-8206BF4AB566_310_1/2_S_Columbia_Ave_Los_Angeles_90017,Columbia,310 1/2 S Columbia Avenue Ave Los Angeles 90017,,,,
668297,1245044,,5153026005.0,,310.0,1/4,,South,,,Columbia,Avenue,,,,,,,,,,,,,90017.0,,Los Angeles,Los Angeles,,,,,LA City,{C808E062-A640-4858-BB7F-DCBAA1875EB9},0,,C808E062-A640-4858-BB7F-DCBAA1875EB9,Unknown,,S,,,Ave,S Columbia Ave,2024/05/12 21:05:27+00,310 1/4 S Columbia Ave Los Angeles 90017,C808E062-A640-4858-BB7F-DCBAA1875EB9_310_1/4_S_Columbia_Ave_Los_Angeles_90017,Columbia,310 1/4 S Columbia Avenue Ave Los Angeles 90017,,,,
668298,1245045,,5153026006.0,,318.0,,,South,,,Columbia,Avenue,,,,,,,,,,,,,90017.0,,Los Angeles,Los Angeles,,,,,LA City,{43A03AEE-9C83-48AB-AD1F-5DFF40AEF373},0,,43A03AEE-9C83-48AB-AD1F-5DFF40AEF373,Unknown,,S,,,Ave,S Columbia Ave,2023/09/12 23:03:18+00,318 S Columbia Ave Los Angeles 90017,43A03AEE-9C83-48AB-AD1F-5DFF40AEF373_318_S_Columbia_Ave_Los_Angeles_90017,Columbia,318 S Columbia Avenue Ave Los Angeles 90017,,,,
668299,1245046,,5153026006.0,,316.0,1/4,,South,,,Columbia,Avenue,,,,,,,,,,,,,90017.0,,Los Angeles,Los Angeles,,,,,LA City,{6918DFD0-1998-42BC-AEC0-B713FDE683C7},0,,6918DFD0-1998-42BC-AEC0-B713FDE683C7,Unknown,,S,,,Ave,S Columbia Ave,2024/05/12 21:05:27+00,316 1/4 S Columbia Ave Los Angeles 90017,6918DFD0-1998-42BC-AEC0-B713FDE683C7_316_1/4_S_Columbia_Ave_Los_Angeles_90017,Columbia,316 1/4 S Columbia Avenue Ave Los Angeles 90017,,,,
668300,1245047,,5153026006.0,,316.0,,,South,,,Columbia,Avenue,,,,,,,,,,,,,90017.0,,Los Angeles,Los Angeles,,,,,LA City,{EC5DAF0D-F005-4568-B1FD-7341D920A6DD},0,,EC5DAF0D-F005-4568-B1FD-7341D920A6DD,Unknown,,S,,,Ave,S Columbia Ave,2024/05/12 21:05:27+00,316 S Columbia Ave Los Angeles 90017,EC5DAF0D-F005-4568-B1FD-7341D920A6DD_316_S_Columbia_Ave_Los_Angeles_90017,Columbia,316 S Columbia Avenue Ave Los Angeles 90017,,,,
668301,1245048,,5153026006.0,,316.0,3/4,,South,,,Columbia,Avenue,,,,,,,,,,,,,90017.0,,Los Angeles,Los Angeles,,,,,LA City,{F2D63FF0-F53B-4B82-9AFC-3BF3295DBCC2},0,,F2D63FF0-F53B-4B82-9AFC-3BF3295DBCC2,Unknown,,S,,,Ave,S Columbia Ave,2024/05/12 21:05:27+00,316 3/4 S Columbia Ave Los Angeles 90017,F2D63FF0-F53B-4B82-9AFC-3BF3295DBCC2_316_3/4_S_Columbia_Ave_Los_Angeles_90017,Columbia,316 3/4 S Columbia Avenue Ave Los Angeles 90017,,,,
668302,1245049,,5153026007.0,,311.0,,,South,,,Witmer,Street,,,,,,,,,,,,,90017.0,,Los Angeles,Los Angeles,,,,,LA City,{2FACDE5E-C115-4D37-B300-1846B2547B85},0,,2FACDE5E-C115-4D37-B300-1846B2547B85,Unknown,,S,,,St,S Witmer St,2023/09/12 23:03:18+00,311 S Witmer St Los Angeles 90017,2FACDE5E-C115-4D37-B300-1846B2547B85_311_S_Witmer_St_Los_Angeles_90017,Witmer,311 S Witmer Street St Los Angeles 90017,,,,
668303,1245050,,5153026009.0,,324.0,1/2,,South,,,Columbia,Avenue,,,,,,,,,,,,,90017.0,,Los Angeles,Los Angeles,,,,,LA City,{DBBE1108-8769-4B5E-BF82-40AB8315431B},0,,DBBE1108-8769-4B5E-BF82-40AB8315431B,Unknown,,S,,,Ave,S Columbia Ave,2024/05/12 21:05:27+00,324 1/2 S Columbia Ave Los Angeles 90017,DBBE1108-8769-4B5E-BF82-40AB8315431B_324_1/2_S_Columbia_Ave_Los_Angeles_90017,Columbia,324 1/2 S Columbia Avenue Ave Los Angeles 90017,,,,
668304,1245051,,5153026009.0,,320.0,,,South,,,Columbia,Avenue,,,,,,,,,,,,,90017.0,,Los Angeles,Los Angeles,,,,,LA City,{9FFBA9DD-ACA3-4ED6-8EC9-49D8448A56BE},0,,9FFBA9DD-ACA3-4ED6-8EC9-49D8448A56BE,Unknown,,S,,,Ave,S Columbia Ave,2024/05/12 21:05:27+00,320 S Columbia Ave Los Angeles 90017,9FFBA9DD-ACA3-4ED6-8EC9-49D8448A56BE_320_S_Columbia_Ave_Los_Angeles_90017,Columbia,320 S Columbia Avenue Ave Los Angeles 90017,,,,
668305,1245052,,5153026009.0,,320.0,1/4,,South,,,Columbia,Avenue,,,,,,,,,,,,,90017.0,,Los Angeles,Los Angeles,,,,,LA City,{1F0ADCB4-3D79-48F0-BADF-6CD62099AC25},0,,1F0ADCB4-3D79-48F0-BADF-6CD62099AC25,Unknown,,S,,,Ave,S Columbia Ave,2024/05/12 21:05:27+00,320 1/4 S Columbia Ave Los Angeles 90017,1F0ADCB4-3D79-48F0-BADF-6CD62099AC25_320_1/4_S_Columbia_Ave_Los_Angeles_90017,Columbia,320 1/4 S Columbia Avenue Ave Los Angeles 90017,,,,
668306,1245053,,5153026009.0,,324.0,1/4,,South,,,Columbia,Avenue,,,,,,,,,,,,,90017.0,,Los Angeles,Los Angeles,,,,,LA City,{41F142DF-A176-4D5E-BB42-3B546A755744},0,,41F142DF-A176-4D5E-BB42-3B546A755744,Unknown,,S,,,Ave,S Columbia Ave,2024/05/12 21:05:27+00,324 1/4 S Columbia Ave Los Angeles 90017,41F142DF-A176-4D5E-BB42-3B546A755744_324_1/4_S_Columbia_Ave_Los_Angeles_90017,Columbia,324 1/4 S Columbia Avenue Ave Los Angeles 90017,,,,
668307,1245054,,5153026009.0,,322.0,1/4,,South,,,Columbia,Avenue,,,,,,,,,,,,,90017.0,,Los Angeles,Los Angeles,,,,,LA City,{C75B3766-3B77-42A2-911E-9CE57EB705B8},0,,C75B3766-3B77-42A2-911E-9CE57EB705B8,Unknown,,S,,,Ave,S Columbia Ave,2024/05/12 21:05:27+00,322 1/4 S Columbia Ave Los Angeles 90017,C75B3766-3B77-42A2-911E-9CE57EB705B8_322_1/4_S_Columbia_Ave_Los_Angeles_90017,Columbia,322 1/4 S Columbia Avenue Ave Los Angeles 90017,,,,
668308,1245055,,5153026009.0,,322.0,,,South,,,Columbia,Avenue,,,,,,,,,,,,,90017.0,,Los Angeles,Los Angeles,,,,,LA City,{A56CDD3B-22CC-4FA4-A7F5-D90CE24CB061},0,,A56CDD3B-22CC-4FA4-A7F5-D90CE24CB061,Unknown,,S,,,Ave,S Columbia Ave,2024/05/12 21:05:27+00,322 S Columbia Ave Los Angeles 90017,A56CDD3B-22CC-4FA4-A7F5-D90CE24CB061_322_S_Columbia_Ave_Los_Angeles_90017,Columbia,322 S Columbia Avenue Ave Los Angeles 90017,,,,
668309,1245056,,5153026009.0,,322.0,1/2,,South,,,Columbia,Avenue,,,,,,,,,,,,,90017.0,,Los Angeles,Los Angeles,,,,,LA City,{7C4A5CFE-10B3-440B-BD7A-6A9934B1A4E3},0,,7C4A5CFE-10B3-440B-BD7A-6A9934B1A4E3,Unknown,,S,,,Ave,S Columbia Ave,2024/05/12 21:05:27+00,322 1/2 S Columbia Ave Los Angeles 90017,7C4A5CFE-10B3-440B-BD7A-6A9934B1A4E3_322_1/2_S_Columbia_Ave_Los_Angeles_90017,Columbia,322 1/2 S Columbia Avenue Ave Los Angeles 90017,,,,
668310,1245057,,5153026009.0,,324.0,,,South,,,Columbia,Avenue,,,,,,,,,,,,,90017.0,,Los Angeles,Los Angeles,,,,,LA City,{BA90418B-A3D8-465E-9E5A-D794A42D4E17},0,,BA90418B-A3D8-465E-9E5A-D794A42D4E17,Unknown,,S,,,Ave,S Columbia Ave,2024/05/12 21:05:27+00,324 S Columbia Ave Los Angeles 90017,BA90418B-A3D8-465E-9E5A-D794A42D4E17_324_S_Columbia_Ave_Los_Angeles_90017,Columbia,324 S Columbia Avenue Ave Los Angeles 90017,,,,
668311,1245058,,5153026011.0,,325.0,,,South,,,Witmer,Street,,,,,,,,,,,,,90017.0,,Los Angeles,Los Angeles,,,,,LA City,{D89B1986-5BB1-4C62-BF72-1D54CE8867E1},0,,D89B1986-5BB1-4C62-BF72-1D54CE8867E1,Unknown,,S,,,St,S Witmer St,2023/09/12 23:03:18+00,325 S Witmer St Los Angeles 90017,D89B1986-5BB1-4C62-BF72-1D54CE8867E1_325_S_Witmer_St_Los_Angeles_90017,Witmer,325 S Witmer Street St Los Angeles 90017,,,,
668312,1245059,,5153026012.0,,328.0,,,South,,,Columbia,Avenue,,,,,,,,,,,,,90017.0,,Los Angeles,Los Angeles,,,,,LA City,{4B1DF1CB-9876-4651-A603-9A43F9829384},0,,4B1DF1CB-9876-4651-A603-9A43F9829384,Unknown,,S,,,Ave,S Columbia Ave,2023/09/12 23:03:18+00,328 S Columbia Ave Los Angeles 90017,4B1DF1CB-9876-4651-A603-9A43F9829384_328_S_Columbia_Ave_Los_Angeles_90017,Columbia,328 S Columbia Avenue Ave Los Angeles 90017,,,,
668313,1245060,,5153026015.0,,332.0,,,South,,,Columbia,Avenue,,,,,,,,,,,,,90017.0,,Los Angeles,Los Angeles,,,,,LA City,{E335159C-3612-4769-8A6E-F6D9ABEA6B7B},0,,E335159C-3612-4769-8A6E-F6D9ABEA6B7B,Unknown,,S,,,Ave,S Columbia Ave,2023/09/12 23:03:18+00,332 S Columbia Ave Los Angeles 90017,E335159C-3612-4769-8A6E-F6D9ABEA6B7B_332_S_Columbia_Ave_Los_Angeles_90017,Columbia,332 S Columbia Avenue Ave Los Angeles 90017,,,,
668314,1245061,,5153026016.0,,335.0,,,South,,,Witmer,Street,,,,,,,,,,,,,90017.0,,Los Angeles,Los Angeles,,,,,LA City,{485E4CA6-6A79-43A9-93C1-FBA7A0BACA46},0,,485E4CA6-6A79-43A9-93C1-FBA7A0BACA46,Unknown,,S,,,St,S Witmer St,2023/09/12 23:03:18+00,335 S Witmer St Los Angeles 90017,485E4CA6-6A79-43A9-93C1-FBA7A0BACA46_335_S_Witmer_St_Los_Angeles_90017,Witmer,335 S Witmer Street St Los Angeles 90017,,,,
668315,1245062,,5153026017.0,,342.0,,,South,,,Columbia,Avenue,,,,,,,,,,,,,90017.0,,Los Angeles,Los Angeles,,,,,LA City,{C7B9C6DF-0AF5-49F0-85FF-B22A1A94D67A},0,,C7B9C6DF-0AF5-49F0-85FF-B22A1A94D67A,Unknown,,S,,,Ave,S Columbia Ave,2023/09/12 23:03:18+00,342 S Columbia Ave Los Angeles 90017,C7B9C6DF-0AF5-49F0-85FF-B22A1A94D67A_342_S_Columbia_Ave_Los_Angeles_90017,Columbia,342 S Columbia Avenue Ave Los Angeles 90017,,,,
668316,1245063,,5153026018.0,,401.0,,,South,,,Witmer,Street,,,,,,,,,,,,,90017.0,,Los Angeles,Los Angeles,,,,,LA City,{A0825DDA-8958-4EE1-B43E-A012FD8CFD92},0,,A0825DDA-8958-4EE1-B43E-A012FD8CFD92,Unknown,,S,,,St,S Witmer St,2023/09/12 23:03:18+00,401 S Witmer St Los Angeles 90017,A0825DDA-8958-4EE1-B43E-A012FD8CFD92_401_S_Witmer_St_Los_Angeles_90017,Witmer,401 S Witmer Street St Los Angeles 90017,,,,
668317,1245064,,5153026019.0,,344.0,,,South,,,Columbia,Avenue,,,,,,,,,,,,,90017.0,,Los Angeles,Los Angeles,,,,,LA City,{FC140900-19CE-4D20-843E-B3C038E5F243},0,,FC140900-19CE-4D20-843E-B3C038E5F243,Unknown,,S,,,Ave,S Columbia Ave,2023/09/12 23:03:18+00,344 S Columbia Ave Los Angeles 90017,FC140900-19CE-4D20-843E-B3C038E5F243_344_S_Columbia_Ave_Los_Angeles_90017,Columbia,344 S Columbia Avenue Ave Los Angeles 90017,,,,
668318,1245065,,5153026020.0,,409.0,1/4,,South,,,Witmer,Street,,,,,,,,,,,,,90017.0,,Los Angeles,Los Angeles,,,,,LA City,{8AC7B437-E858-4903-BCFA-1B816AC16DCE},0,,8AC7B437-E858-4903-BCFA-1B816AC16DCE,Unknown,,S,,,St,S Witmer St,2024/05/12 21:05:27+00,409 1/4 S Witmer St Los Angeles 90017,8AC7B437-E858-4903-BCFA-1B816AC16DCE_409_1/4_S_Witmer_St_Los_Angeles_90017,Witmer,409 1/4 S Witmer Street St Los Angeles 90017,,,,
668319,1245066,,5153026020.0,,407.0,1/4,,South,,,Witmer,Street,,,,,,,,,,,,,90017.0,,Los Angeles,Los Angeles,,,,,LA City,{53A23259-8CA5-4ADE-BBB8-D880E1EEC7AB},0,,53A23259-8CA5-4ADE-BBB8-D880E1EEC7AB,Unknown,,S,,,St,S Witmer St,2024/05/12 21:05:27+00,407 1/4 S Witmer St Los Angeles 90017,53A23259-8CA5-4ADE-BBB8-D880E1EEC7AB_407_1/4_S_Witmer_St_Los_Angeles_90017,Witmer,407 1/4 S Witmer Street St Los Angeles 90017,,,,
668320,1245067,,5153026020.0,,407.0,,,South,,,Witmer,Street,,,,,,,,,,,,,90017.0,,Los Angeles,Los Angeles,,,,,LA City,{D945523D-C17A-41B3-BCB7-B0DC9779AE42},0,,D945523D-C17A-41B3-BCB7-B0DC9779AE42,Unknown,,S,,,St,S Witmer St,2024/05/12 21:05:27+00,407 S Witmer St Los Angeles 90017,D945523D-C17A-41B3-BCB7-B0DC9779AE42_407_S_Witmer_St_Los_Angeles_90017,Witmer,407 S Witmer Street St Los Angeles 90017,,,,
668321,1245068,,5153026020.0,,409.0,,,South,,,Witmer,Street,,,,,,,,,,,,,90017.0,,Los Angeles,Los Angeles,,,,,LA City,{9AF24CE7-C159-4F6B-8E55-9714F387E4DF},0,,9AF24CE7-C159-4F6B-8E55-9714F387E4DF,Unknown,,S,,,St,S Witmer St,2024/05/12 21:05:27+00,409 S Witmer St Los Angeles 90017,9AF24CE7-C159-4F6B-8E55-9714F387E4DF_409_S_Witmer_St_Los_Angeles_90017,Witmer,409 S Witmer Street St Los Angeles 90017,,,,
668322,1245069,,5153026020.0,,409.0,3/4,,South,,,Witmer,Street,,,,,,,,,,,,,90017.0,,Los Angeles,Los Angeles,,,,,LA City,{F21441E4-6984-42F0-85A2-A5F19ED306EE},0,,F21441E4-6984-42F0-85A2-A5F19ED306EE,Unknown,,S,,,St,S Witmer St,2024/05/12 21:05:27+00,409 3/4 S Witmer St Los Angeles 90017,F21441E4-6984-42F0-85A2-A5F19ED306EE_409_3/4_S_Witmer_St_Los_Angeles_90017,Witmer,409 3/4 S Witmer Street St Los Angeles 90017,,,,
668323,1245070,,5153026020.0,,409.0,1/2,,South,,,Witmer,Street,,,,,,,,,,,,,90017.0,,Los Angeles,Los Angeles,,,,,LA City,{76EFC370-FE08-48AE-98C2-EC976229B28A},0,,76EFC370-FE08-48AE-98C2-EC976229B28A,Unknown,,S,,,St,S Witmer St,2024/05/12 21:05:27+00,409 1/2 S Witmer St Los Angeles 90017,76EFC370-FE08-48AE-98C2-EC976229B28A_409_1/2_S_Witmer_St_Los_Angeles_90017,Witmer,409 1/2 S Witmer Street St Los Angeles 90017,,,,
668324,1245071,,5153026020.0,,407.0,3/4,,South,,,Witmer,Street,,,,,,,,,,,,,90017.0,,Los Angeles,Los Angeles,,,,,LA City,{BC121EA0-AF47-4399-BFC8-2D72DDA5C806},0,,BC121EA0-AF47-4399-BFC8-2D72DDA5C806,Unknown,,S,,,St,S Witmer St,2024/05/12 21:05:27+00,407 3/4 S Witmer St Los Angeles 90017,BC121EA0-AF47-4399-BFC8-2D72DDA5C806_407_3/4_S_Witmer_St_Los_Angeles_90017,Witmer,407 3/4 S Witmer Street St Los Angeles 90017,,,,
668325,1245072,,5153026020.0,,407.0,1/2,,South,,,Witmer,Street,,,,,,,,,,,,,90017.0,,Los Angeles,Los Angeles,,,,,LA City,{33047D5B-DCDE-485B-A753-D3AD2319A91D},0,,33047D5B-DCDE-485B-A753-D3AD2319A91D,Unknown,,S,,,St,S Witmer St,2024/05/12 21:05:27+00,407 1/2 S Witmer St Los Angeles 90017,33047D5B-DCDE-485B-A753-D3AD2319A91D_407_1/2_S_Witmer_St_Los_Angeles_90017,Witmer,407 1/2 S Witmer Street St Los Angeles 90017,,,,
668326,1245073,,5153026022.0,,346.0,,,South,,,Columbia,Avenue,,,,,,,,,,,,,90017.0,,Los Angeles,Los Angeles,,,,,LA City,{7B89991D-653B-4F2B-9A48-9E71B7368493},0,,7B89991D-653B-4F2B-9A48-9E71B7368493,Unknown,,S,,,Ave,S Columbia Ave,2023/09/12 23:03:18+00,346 S Columbia Ave Los Angeles 90017,7B89991D-653B-4F2B-9A48-9E71B7368493_346_S_Columbia_Ave_Los_Angeles_90017,Columbia,346 S Columbia Avenue Ave Los Angeles 90017,,,,
668327,1245074,,5153026022.0,,352.0,,,South,,,Columbia,Avenue,,,,,,,,,,,,,90017.0,,Los Angeles,Los Angeles,,,,,LA City,{49631BB9-88B2-43F0-90A4-A1F17067D7E7},0,,49631BB9-88B2-43F0-90A4-A1F17067D7E7,Unknown,,S,,,Ave,S Columbia Ave,2023/09/12 23:03:18+00,352 S Columbia Ave Los Angeles 90017,49631BB9-88B2-43F0-90A4-A1F17067D7E7_352_S_Columbia_Ave_Los_Angeles_90017,Columbia,352 S Columbia Avenue Ave Los Angeles 90017,,,,
668328,1245075,,5153026022.0,,354.0,,,South,,,Columbia,Avenue,,,,,,,,,,,,,90017.0,,Los Angeles,Los Angeles,,,,,LA City,{CEABE416-D160-412A-8450-5E4C95CDA1BA},0,,CEABE416-D160-412A-8450-5E4C95CDA1BA,Unknown,,S,,,Ave,S Columbia Ave,2023/09/12 23:03:18+00,354 S Columbia Ave Los Angeles 90017,CEABE416-D160-412A-8450-5E4C95CDA1BA_354_S_Columbia_Ave_Los_Angeles_90017,Columbia,354 S Columbia Avenue Ave Los Angeles 90017,,,,
668329,1245076,,5153026022.0,,350.0,,,South,,,Columbia,Avenue,,,,,,,,,,,,,90017.0,,Los Angeles,Los Angeles,,,,,LA City,{BA228591-D857-4C8C-B248-1AA1635DB2ED},0,,BA228591-D857-4C8C-B248-1AA1635DB2ED,Unknown,,S,,,Ave,S Columbia Ave,2023/09/12 23:03:18+00,350 S Columbia Ave Los Angeles 90017,BA228591-D857-4C8C-B248-1AA1635DB2ED_350_S_Columbia_Ave_Los_Angeles_90017,Columbia,350 S Columbia Avenue Ave Los Angeles 90017,,,,
668330,1245077,,5153026022.0,,348.0,1/2,,South,,,Columbia,Avenue,,,,,,,,,,,,,90017.0,,Los Angeles,Los Angeles,,,,,LA City,{7BBAF3BD-E07E-472E-BF24-9266B8650D4A},0,,7BBAF3BD-E07E-472E-BF24-9266B8650D4A,Unknown,,S,,,Ave,S Columbia Ave,2024/05/12 21:05:27+00,348 1/2 S Columbia Ave Los Angeles 90017,7BBAF3BD-E07E-472E-BF24-9266B8650D4A_348_1/2_S_Columbia_Ave_Los_Angeles_90017,Columbia,348 1/2 S Columbia Avenue Ave Los Angeles 90017,,,,
668331,1245078,,5153026022.0,,348.0,,,South,,,Columbia,Avenue,,,,,,,,,,,,,90017.0,,Los Angeles,Los Angeles,,,,,LA City,{82EFBDB6-D674-4068-8339-E26B4BFDA460},0,,82EFBDB6-D674-4068-8339-E26B4BFDA460,Unknown,,S,,,Ave,S Columbia Ave,2024/05/12 21:05:27+00,348 S Columbia Ave Los Angeles 90017,82EFBDB6-D674-4068-8339-E26B4BFDA460_348_S_Columbia_Ave_Los_Angeles_90017,Columbia,348 S Columbia Avenue Ave Los Angeles 90017,,,,
668332,1245079,,5153026023.0,,417.0,,,South,,,Witmer,Street,,,,,,,,,,,,,90017.0,,Los Angeles,Los Angeles,,,,,LA City,{E15F5249-9311-4A64-8F84-529C4C77F358},0,,E15F5249-9311-4A64-8F84-529C4C77F358,Unknown,,S,,,St,S Witmer St,2023/09/12 23:03:18+00,417 S Witmer St Los Angeles 90017,E15F5249-9311-4A64-8F84-529C4C77F358_417_S_Witmer_St_Los_Angeles_90017,Witmer,417 S Witmer Street St Los Angeles 90017,,,,
668333,1245080,,5153026023.0,,411.0,,,South,,,Witmer,Street,,,,,,,,,,,,,90017.0,,Los Angeles,Los Angeles,,,,,LA City,{96BEE2F7-E179-400D-B8CF-427CF2C99826},0,,96BEE2F7-E179-400D-B8CF-427CF2C99826,Unknown,,S,,,St,S Witmer St,2023/09/12 23:03:18+00,411 S Witmer St Los Angeles 90017,96BEE2F7-E179-400D-B8CF-427CF2C99826_411_S_Witmer_St_Los_Angeles_90017,Witmer,411 S Witmer Street St Los Angeles 90017,,,,
668334,1245081,,5153026023.0,,413.0,,,South,,,Witmer,Street,,,,,,,,,,,,,90017.0,,Los Angeles,Los Angeles,,,,,LA City,{23D2CB55-25BF-44B1-AB83-5ABB25CA3BE4},0,,23D2CB55-25BF-44B1-AB83-5ABB25CA3BE4,Unknown,,S,,,St,S Witmer St,2023/09/12 23:03:18+00,413 S Witmer St Los Angeles 90017,23D2CB55-25BF-44B1-AB83-5ABB25CA3BE4_413_S_Witmer_St_Los_Angeles_90017,Witmer,413 S Witmer Street St Los Angeles 90017,,,,
668335,1245082,,5153026023.0,,415.0,,,South,,,Witmer,Street,,,,,,,,,,,,,90017.0,,Los Angeles,Los Angeles,,,,,LA City,{07575F71-B689-4A78-B93D-EA65666D680A},0,,07575F71-B689-4A78-B93D-EA65666D680A,Unknown,,S,,,St,S Witmer St,2023/09/12 23:03:18+00,415 S Witmer St Los Angeles 90017,07575F71-B689-4A78-B93D-EA65666D680A_415_S_Witmer_St_Los_Angeles_90017,Witmer,415 S Witmer Street St Los Angeles 90017,,,,
668336,1245083,,5153026023.0,,421.0,,,South,,,Witmer,Street,,,,,,,,,,,,,90017.0,,Los Angeles,Los Angeles,,,,,LA City,{7E2A07DE-532D-4522-82F5-9ECE8270E2FB},0,,7E2A07DE-532D-4522-82F5-9ECE8270E2FB,Unknown,,S,,,St,S Witmer St,2023/09/12 23:03:18+00,421 S Witmer St Los Angeles 90017,7E2A07DE-532D-4522-82F5-9ECE8270E2FB_421_S_Witmer_St_Los_Angeles_90017,Witmer,421 S Witmer Street St Los Angeles 90017,,,,
668337,1245084,,5153026023.0,,419.0,,,South,,,Witmer,Street,,,,,,,,,,,,,90017.0,,Los Angeles,Los Angeles,,,,,LA City,{C42265AF-4B23-4475-A01C-C80DB7B1EA75},0,,C42265AF-4B23-4475-A01C-C80DB7B1EA75,Unknown,,S,,,St,S Witmer St,2023/09/12 23:03:18+00,419 S Witmer St Los Angeles 90017,C42265AF-4B23-4475-A01C-C80DB7B1EA75_419_S_Witmer_St_Los_Angeles_90017,Witmer,419 S Witmer Street St Los Angeles 90017,,,,
668338,1245085,,5153026024.0,,423.0,,,South,,,Witmer,Street,,,,,,,,,,,,,90017.0,,Los Angeles,Los Angeles,,,,,LA City,{E797FCB9-AE3F-4E6B-84DD-18D9B8C6C991},0,,E797FCB9-AE3F-4E6B-84DD-18D9B8C6C991,Unknown,,S,,,St,S Witmer St,2023/09/12 23:03:18+00,423 S Witmer St Los Angeles 90017,E797FCB9-AE3F-4E6B-84DD-18D9B8C6C991_423_S_Witmer_St_Los_Angeles_90017,Witmer,423 S Witmer Street St Los Angeles 90017,,,,
668339,1245086,,5153026025.0,,360.0,,,South,,,Columbia,Avenue,,,,,,,,,,,,,90017.0,,Los Angeles,Los Angeles,,,,,LA City,{0B3518AB-0838-44B4-B7FE-F6397F56EED7},0,,0B3518AB-0838-44B4-B7FE-F6397F56EED7,Unknown,,S,,,Ave,S Columbia Ave,2023/09/12 23:03:18+00,360 S Columbia Ave Los Angeles 90017,0B3518AB-0838-44B4-B7FE-F6397F56EED7_360_S_Columbia_Ave_Los_Angeles_90017,Columbia,360 S Columbia Avenue Ave Los Angeles 90017,,,,
668340,1245087,,5153026025.0,,364.0,,,South,,,Columbia,Avenue,,,,,,,,,,,,,90017.0,,Los Angeles,Los Angeles,,,,,LA City,{0B7CBED0-30B5-4F15-BBC4-14C61088C096},0,,0B7CBED0-30B5-4F15-BBC4-14C61088C096,Unknown,,S,,,Ave,S Columbia Ave,2023/09/12 23:03:18+00,364 S Columbia Ave Los Angeles 90017,0B7CBED0-30B5-4F15-BBC4-14C61088C096_364_S_Columbia_Ave_Los_Angeles_90017,Columbia,364 S Columbia Avenue Ave Los Angeles 90017,,,,
668341,1245088,,5153026025.0,,362.0,,,South,,,Columbia,Avenue,,,,,,,,,,,,,90017.0,,Los Angeles,Los Angeles,,,,,LA City,{5A2DA689-CE74-4E8C-A93B-BFBD64551C59},0,,5A2DA689-CE74-4E8C-A93B-BFBD64551C59,Unknown,,S,,,Ave,S Columbia Ave,2023/09/12 23:03:18+00,362 S Columbia Ave Los Angeles 90017,5A2DA689-CE74-4E8C-A93B-BFBD64551C59_362_S_Columbia_Ave_Los_Angeles_90017,Columbia,362 S Columbia Avenue Ave Los Angeles 90017,,,,
668342,1245089,,5153026025.0,,356.0,,,,,,Columbia,Avenue,,,,,,,,,,,,,90017.0,,Los Angeles,Los Angeles,,,,,Assessor,{6132496E-1774-4C4C-AFFF-1BCEB512920C},0,,6132496E-1774-4C4C-AFFF-1BCEB512920C,Unknown,,,,,Ave,Columbia Ave,2024/04/27 17:13:09+00,356 Columbia Ave Los Angeles 90017,6132496E-1774-4C4C-AFFF-1BCEB512920C_356_Columbia_Ave_Los_Angeles_90017,Columbia,356 Columbia Avenue Ave Los Angeles 90017,,,,
668343,1245090,,5153026025.0,,358.0,,,South,,,Columbia,Avenue,,,,,,,,,,,,,90017.0,,Los Angeles,Los Angeles,,,,,LA City,{187131DD-552D-4A5D-88E8-6018542BD95C},0,,187131DD-552D-4A5D-88E8-6018542BD95C,Unknown,,S,,,Ave,S Columbia Ave,2024/05/12 21:05:27+00,358 S Columbia Ave Los Angeles 90017,187131DD-552D-4A5D-88E8-6018542BD95C_358_S_Columbia_Ave_Los_Angeles_90017,Columbia,358 S Columbia Avenue Ave Los Angeles 90017,,,,
668344,1245091,,5153026025.0,,358.0,1/2,,South,,,Columbia,Avenue,,,,,,,,,,,,,90017.0,,Los Angeles,Los Angeles,,,,,LA City,{4F9E61D5-7AB1-4FC7-AA63-C56F4A72343C},0,,4F9E61D5-7AB1-4FC7-AA63-C56F4A72343C,Unknown,,S,,,Ave,S Columbia Ave,2024/05/12 21:05:27+00,358 1/2 S Columbia Ave Los Angeles 90017,4F9E61D5-7AB1-4FC7-AA63-C56F4A72343C_358_1/2_S_Columbia_Ave_Los_Angeles_90017,Columbia,358 1/2 S Columbia Avenue Ave Los Angeles 90017,,,,
668345,1245092,,5153026027.0,,329.0,,,South,,,Witmer,Street,,,,,,,,,,,,1-3,90017.0,,Los Angeles,Los Angeles,,,,,LA City,{C3112D99-8B82-428B-879B-F9B9DB2204DE},0,,C3112D99-8B82-428B-879B-F9B9DB2204DE,Unknown,,S,,,St,S Witmer St,2023/09/12 23:03:18+00,329 S Witmer St 1-3 Los Angeles 90017,C3112D99-8B82-428B-879B-F9B9DB2204DE_329_S_Witmer_St_1-3_Los_Angeles_90017,Witmer,329 S Witmer Street St 1-3 Los Angeles 90017,,,,
668346,1245093,,5153026901.0,,319.0,,,South,,,Witmer,Street,,,,,,,,,,,,,90017.0,,Los Angeles,Los Angeles,,,,,LA City,{60E7DD70-C0A9-4834-89CF-A287752F1ABA},0,,60E7DD70-C0A9-4834-89CF-A287752F1ABA,Unknown,,S,,,St,S Witmer St,2023/09/12 23:03:18+00,319 S Witmer St Los Angeles 90017,60E7DD70-C0A9-4834-89CF-A287752F1ABA_319_S_Witmer_St_Los_Angeles_90017,Witmer,319 S Witmer Street St Los Angeles 90017,,,,
668354,1245101,,5153027003.0,,1479.0,,,West,,,3Rd,Street,,,,,,,,,,,,,90017.0,,Los Angeles,Los Angeles,,,,,LA City,{294682A8-7804-4422-9216-BB1BB3FD8E8A},0,,294682A8-7804-4422-9216-BB1BB3FD8E8A,Unknown,,W,,,St,W 3Rd St,2023/09/12 23:03:18+00,1479 W 3Rd St Los Angeles 90017,294682A8-7804-4422-9216-BB1BB3FD8E8A_1479_W_3Rd_St_Los_Angeles_90017,3Rd,1479 W 3Rd Street St Los Angeles 90017,,,,
668355,1245102,,5153027004.0,,1465.0,,,West,,,3Rd,Street,,,,,,,,,,,,,90017.0,,Los Angeles,Los Angeles,,,,,LA City,{D3640707-C8C1-43CF-A58D-5A19C64C458A},0,,D3640707-C8C1-43CF-A58D-5A19C64C458A,Unknown,,W,,,St,W 3Rd St,2023/09/12 23:03:18+00,1465 W 3Rd St Los Angeles 90017,D3640707-C8C1-43CF-A58D-5A19C64C458A_1465_W_3Rd_St_Los_Angeles_90017,3Rd,1465 W 3Rd Street St Los Angeles 90017,,,,
668356,1245103,,5153027004.0,,1471.0,,,West,,,3Rd,Street,,,,,,,,,,,,,90017.0,,Los Angeles,Los Angeles,,,,,LA City,{D7E17B86-26D5-4C49-96C0-1811EA22AB11},0,,D7E17B86-26D5-4C49-96C0-1811EA22AB11,Unknown,,W,,,St,W 3Rd St,2023/09/12 23:03:18+00,1471 W 3Rd St Los Angeles 90017,D7E17B86-26D5-4C49-96C0-1811EA22AB11_1471_W_3Rd_St_Los_Angeles_90017,3Rd,1471 W 3Rd Street St Los Angeles 90017,,,,
668357,1245104,,5153027004.0,,1463.0,,,West,,,3Rd,Street,,,,,,,,,,,,,90017.0,,Los Angeles,Los Angeles,,,,,LA City,{5609E373-C717-4453-B6FC-7B0042F82013},0,,5609E373-C717-4453-B6FC-7B0042F82013,Unknown,,W,,,St,W 3Rd St,2023/09/12 23:03:18+00,1463 W 3Rd St Los Angeles 90017,5609E373-C717-4453-B6FC-7B0042F82013_1463_W_3Rd_St_Los_Angeles_90017,3Rd,1463 W 3Rd Street St Los Angeles 90017,,,,
668381,1245128,,5153028001.0,,1415.0,,,West,,,3Rd,Street,,,,,,,,,,,,,90017.0,,Los Angeles,Los Angeles,,,,,LA City,{DED298EE-CBB3-4B72-B364-6F5422ABB318},0,,DED298EE-CBB3-4B72-B364-6F5422ABB318,Unknown,,W,,,St,W 3Rd St,2023/09/12 23:03:18+00,1415 W 3Rd St Los Angeles 90017,DED298EE-CBB3-4B72-B364-6F5422ABB318_1415_W_3Rd_St_Los_Angeles_90017,3Rd,1415 W 3Rd Street St Los Angeles 90017,,,,
668382,1245129,,5153028001.0,,1401.0,,,West,,,3Rd,Street,,,,,,,,,,,,,90017.0,,Los Angeles,Los Angeles,,,,,LA City,{BCEF65C8-B665-4296-A6A1-B4CCCE43A166},0,,BCEF65C8-B665-4296-A6A1-B4CCCE43A166,Unknown,,W,,,St,W 3Rd St,2023/09/12 23:03:18+00,1401 W 3Rd St Los Angeles 90017,BCEF65C8-B665-4296-A6A1-B4CCCE43A166_1401_W_3Rd_St_Los_Angeles_90017,3Rd,1401 W 3Rd Street St Los Angeles 90017,,,,
668383,1245130,,5153028001.0,,1409.0,,,West,,,3Rd,Street,,,,,,,,,,,,,90017.0,,Los Angeles,Los Angeles,,,,,LA City,{F2179954-43B4-492B-8BEB-EDBEE0A7515E},0,,F2179954-43B4-492B-8BEB-EDBEE0A7515E,Unknown,,W,,,St,W 3Rd St,2023/09/12 23:03:18+00,1409 W 3Rd St Los Angeles 90017,F2179954-43B4-492B-8BEB-EDBEE0A7515E_1409_W_3Rd_St_Los_Angeles_90017,3Rd,1409 W 3Rd Street St Los Angeles 90017,,,,
668384,1245131,,5153028001.0,,1403.0,,,West,,,3Rd,Street,,,,,,,,,,,,,90017.0,,Los Angeles,Los Angeles,,,,,LA City,{9E58558C-CC19-44F5-8BBA-900A2D887D23},0,,9E58558C-CC19-44F5-8BBA-900A2D887D23,Unknown,,W,,,St,W 3Rd St,2023/09/12 23:03:18+00,1403 W 3Rd St Los Angeles 90017,9E58558C-CC19-44F5-8BBA-900A2D887D23_1403_W_3Rd_St_Los_Angeles_90017,3Rd,1403 W 3Rd Street St Los Angeles 90017,,,,
668385,1245132,,5153028001.0,,1411.0,,,West,,,3Rd,Street,,,,,,,,,,,,,90017.0,,Los Angeles,Los Angeles,,,,,LA City,{681AC480-AF21-4239-A442-0ECFAAD475F2},0,,681AC480-AF21-4239-A442-0ECFAAD475F2,Unknown,,W,,,St,W 3Rd St,2023/09/12 23:03:18+00,1411 W 3Rd St Los Angeles 90017,681AC480-AF21-4239-A442-0ECFAAD475F2_1411_W_3Rd_St_Los_Angeles_90017,3Rd,1411 W 3Rd Street St Los Angeles 90017,,,,
668386,1245133,,5153028001.0,,1413.0,,,West,,,3Rd,Street,,,,,,,,,,,,,90017.0,,Los Angeles,Los Angeles,,,,,LA City,{D797B7D4-DB9E-4AA6-A018-D15A5F0E00CD},0,,D797B7D4-DB9E-4AA6-A018-D15A5F0E00CD,Unknown,,W,,,St,W 3Rd St,2023/09/12 23:03:18+00,1413 W 3Rd St Los Angeles 90017,D797B7D4-DB9E-4AA6-A018-D15A5F0E00CD_1413_W_3Rd_St_Los_Angeles_90017,3Rd,1413 W 3Rd Street St Los Angeles 90017,,,,
668387,1245134,,5153028001.0,,1407.0,,,West,,,3Rd,Street,,,,,,,,,,,,,90017.0,,Los Angeles,Los Angeles,,,,,LA City,{4A949AA6-BAC3-40E6-B078-C9AB295B7718},0,,4A949AA6-BAC3-40E6-B078-C9AB295B7718,Unknown,,W,,,St,W 3Rd St,2023/09/12 23:03:18+00,1407 W 3Rd St Los Angeles 90017,4A949AA6-BAC3-40E6-B078-C9AB295B7718_1407_W_3Rd_St_Los_Angeles_90017,3Rd,1407 W 3Rd Street St Los Angeles 90017,,,,
668388,1245135,,5153028001.0,,1405.0,,,West,,,3Rd,Street,,,,,,,,,,,,,90017.0,,Los Angeles,Los Angeles,,,,,LA City,{FDF9CC9F-BB8E-45B7-815F-AE477FE42240},0,,FDF9CC9F-BB8E-45B7-815F-AE477FE42240,Unknown,,W,,,St,W 3Rd St,2023/09/12 23:03:18+00,1405 W 3Rd St Los Angeles 90017,FDF9CC9F-BB8E-45B7-815F-AE477FE42240_1405_W_3Rd_St_Los_Angeles_90017,3Rd,1405 W 3Rd Street St Los Angeles 90017,,,,
668390,1245137,,5153028005.0,,1431.0,,,West,,,3Rd,Street,,,,,,,,,,,,,90017.0,,Los Angeles,Los Angeles,,,,,LA City,{604AE0ED-3B0C-4757-8C2B-4E0C886625CF},0,,604AE0ED-3B0C-4757-8C2B-4E0C886625CF,Unknown,,W,,,St,W 3Rd St,2023/09/12 23:03:18+00,1431 W 3Rd St Los Angeles 90017,604AE0ED-3B0C-4757-8C2B-4E0C886625CF_1431_W_3Rd_St_Los_Angeles_90017,3Rd,1431 W 3Rd Street St Los Angeles 90017,,,,
668391,1245138,,5153028005.0,,1429.0,,,West,,,3Rd,Street,,,,,,,,,,,,,90017.0,,Los Angeles,Los Angeles,,,,,LA City,{AB52DE3F-9081-436E-8746-9BDD949B9B25},0,,AB52DE3F-9081-436E-8746-9BDD949B9B25,Unknown,,W,,,St,W 3Rd St,2023/09/12 23:03:18+00,1429 W 3Rd St Los Angeles 90017,AB52DE3F-9081-436E-8746-9BDD949B9B25_1429_W_3Rd_St_Los_Angeles_90017,3Rd,1429 W 3Rd Street St Los Angeles 90017,,,,
668392,1245139,,5153028006.0,,1435.0,,,West,,,3Rd,Street,,,,,,,,,,,,,90017.0,,Los Angeles,Los Angeles,,,,,LA City,{D76E101A-9907-46BC-8F70-BCE782EFBD05},0,,D76E101A-9907-46BC-8F70-BCE782EFBD05,Unknown,,W,,,St,W 3Rd St,2023/09/12 23:03:18+00,1435 W 3Rd St Los Angeles 90017,D76E101A-9907-46BC-8F70-BCE782EFBD05_1435_W_3Rd_St_Los_Angeles_90017,3Rd,1435 W 3Rd Street St Los Angeles 90017,,,,
668393,1245140,,5153028007.0,,1443.0,,,West,,,3Rd,Street,,,,,,,,,,,,,90017.0,,Los Angeles,Los Angeles,,,,,LA City,{23F5355B-B74F-4D17-85E2-24C7A3E54ADD},0,,23F5355B-B74F-4D17-85E2-24C7A3E54ADD,Unknown,,W,,,St,W 3Rd St,2023/09/12 23:03:18+00,1443 W 3Rd St Los Angeles 90017,23F5355B-B74F-4D17-85E2-24C7A3E54ADD_1443_W_3Rd_St_Los_Angeles_90017,3Rd,1443 W 3Rd Street St Los Angeles 90017,,,,
668394,1245141,,5153028007.0,,1437.0,,,West,,,3Rd,Street,,,,,,,,,,,,,90017.0,,Los Angeles,Los Angeles,,,,,LA City,{05C1C809-1340-4324-95F5-79A0581A758E},0,,05C1C809-1340-4324-95F5-79A0581A758E,Unknown,,W,,,St,W 3Rd St,2023/09/12 23:03:18+00,1437 W 3Rd St Los Angeles 90017,05C1C809-1340-4324-95F5-79A0581A758E_1437_W_3Rd_St_Los_Angeles_90017,3Rd,1437 W 3Rd Street St Los Angeles 90017,,,,
668395,1245142,,5153028007.0,,1439.0,1/2,,West,,,3Rd,Street,,,,,,,,,,,,,90017.0,,Los Angeles,Los Angeles,,,,,LA City,{B174CE1C-0342-4A11-824E-BA661A9F408C},0,,B174CE1C-0342-4A11-824E-BA661A9F408C,Unknown,,W,,,St,W 3Rd St,2024/05/12 21:05:27+00,1439 1/2 W 3Rd St Los Angeles 90017,B174CE1C-0342-4A11-824E-BA661A9F408C_1439_1/2_W_3Rd_St_Los_Angeles_90017,3Rd,1439 1/2 W 3Rd Street St Los Angeles 90017,,,,
668396,1245143,,5153028007.0,,1439.0,1/4,,West,,,3Rd,Street,,,,,,,,,,,,,90017.0,,Los Angeles,Los Angeles,,,,,LA City,{834FC474-6965-43CE-8680-BF48196993C4},0,,834FC474-6965-43CE-8680-BF48196993C4,Unknown,,W,,,St,W 3Rd St,2024/05/12 21:05:27+00,1439 1/4 W 3Rd St Los Angeles 90017,834FC474-6965-43CE-8680-BF48196993C4_1439_1/4_W_3Rd_St_Los_Angeles_90017,3Rd,1439 1/4 W 3Rd Street St Los Angeles 90017,,,,
668397,1245144,,5153028007.0,,1439.0,,,West,,,3Rd,Street,,,,,,,,,,,,,90017.0,,Los Angeles,Los Angeles,,,,,LA City,{F04B18F1-CBB6-4E0D-B2C2-8AC9A00C4761},0,,F04B18F1-CBB6-4E0D-B2C2-8AC9A00C4761,Unknown,,W,,,St,W 3Rd St,2024/05/12 21:05:27+00,1439 W 3Rd St Los Angeles 90017,F04B18F1-CBB6-4E0D-B2C2-8AC9A00C4761_1439_W_3Rd_St_Los_Angeles_90017,3Rd,1439 W 3Rd Street St Los Angeles 90017,,,,
668398,1245145,,5153028007.0,,1441.0,1/2,,West,,,3Rd,Street,,,,,,,,,,,,,90017.0,,Los Angeles,Los Angeles,,,,,LA City,{CD214F20-8B1B-44A1-89B6-F50849E5EE96},0,,CD214F20-8B1B-44A1-89B6-F50849E5EE96,Unknown,,W,,,St,W 3Rd St,2024/05/12 21:05:27+00,1441 1/2 W 3Rd St Los Angeles 90017,CD214F20-8B1B-44A1-89B6-F50849E5EE96_1441_1/2_W_3Rd_St_Los_Angeles_90017,3Rd,1441 1/2 W 3Rd Street St Los Angeles 90017,,,,
668399,1245146,,5153028007.0,,1441.0,,,West,,,3Rd,Street,,,,,,,,,,,,,90017.0,,Los Angeles,Los Angeles,,,,,LA City,{F62E2CE6-FB97-410A-82B3-5B3FDF86C42C},0,,F62E2CE6-FB97-410A-82B3-5B3FDF86C42C,Unknown,,W,,,St,W 3Rd St,2024/05/12 21:05:27+00,1441 W 3Rd St Los Angeles 90017,F62E2CE6-FB97-410A-82B3-5B3FDF86C42C_1441_W_3Rd_St_Los_Angeles_90017,3Rd,1441 W 3Rd Street St Los Angeles 90017,,,,
668400,1245147,,5153028008.0,,1455.0,,,West,,,3Rd,Street,,,,,,,,,,,,,90017.0,,Los Angeles,Los Angeles,,,,,LA City,{B1A16229-F446-4CDA-B66F-6B42EACED342},0,,B1A16229-F446-4CDA-B66F-6B42EACED342,Unknown,,W,,,St,W 3Rd St,2023/09/12 23:03:18+00,1455 W 3Rd St Los Angeles 90017,B1A16229-F446-4CDA-B66F-6B42EACED342_1455_W_3Rd_St_Los_Angeles_90017,3Rd,1455 W 3Rd Street St Los Angeles 90017,,,,
668401,1245148,,5153028008.0,,1447.0,,,West,,,3Rd,Street,,,,,,,,,,,,,90017.0,,Los Angeles,Los Angeles,,,,,LA City,{816C3139-EB97-4154-86C8-AF029B005A8A},0,,816C3139-EB97-4154-86C8-AF029B005A8A,Unknown,,W,,,St,W 3Rd St,2023/09/12 23:03:18+00,1447 W 3Rd St Los Angeles 90017,816C3139-EB97-4154-86C8-AF029B005A8A_1447_W_3Rd_St_Los_Angeles_90017,3Rd,1447 W 3Rd Street St Los Angeles 90017,,,,
668402,1245149,,5153028008.0,,1449.0,,,West,,,3Rd,Street,,,,,,,,,,,,,90017.0,,Los Angeles,Los Angeles,,,,,LA City,{1DCC28D0-917F-43BB-8179-7235F62689CD},0,,1DCC28D0-917F-43BB-8179-7235F62689CD,Unknown,,W,,,St,W 3Rd St,2023/09/12 23:03:18+00,1449 W 3Rd St Los Angeles 90017,1DCC28D0-917F-43BB-8179-7235F62689CD_1449_W_3Rd_St_Los_Angeles_90017,3Rd,1449 W 3Rd Street St Los Angeles 90017,,,,
668403,1245150,,5153028008.0,,1451.0,,,West,,,3Rd,Street,,,,,,,,,,,,,90017.0,,Los Angeles,Los Angeles,,,,,LA City,{6723CB11-3C42-4595-9312-6A8FE77EF79A},0,,6723CB11-3C42-4595-9312-6A8FE77EF79A,Unknown,,W,,,St,W 3Rd St,2023/09/12 23:03:18+00,1451 W 3Rd St Los Angeles 90017,6723CB11-3C42-4595-9312-6A8FE77EF79A_1451_W_3Rd_St_Los_Angeles_90017,3Rd,1451 W 3Rd Street St Los Angeles 90017,,,,
668404,1245151,,5153028008.0,,1445.0,,,West,,,3Rd,Street,,,,,,,,,,,,,90017.0,,Los Angeles,Los Angeles,,,,,LA City,{C9B561DC-A7F1-41AE-9B30-1296D53A75B8},0,,C9B561DC-A7F1-41AE-9B30-1296D53A75B8,Unknown,,W,,,St,W 3Rd St,2023/09/12 23:03:18+00,1445 W 3Rd St Los Angeles 90017,C9B561DC-A7F1-41AE-9B30-1296D53A75B8_1445_W_3Rd_St_Los_Angeles_90017,3Rd,1445 W 3Rd Street St Los Angeles 90017,,,,
668405,1245152,,5153028008.0,,1453.0,,,West,,,3Rd,Street,,,,,,,,,,,,,90017.0,,Los Angeles,Los Angeles,,,,,LA City,{F6D4B06C-C01B-4E7E-BB44-1249AE759185},0,,F6D4B06C-C01B-4E7E-BB44-1249AE759185,Unknown,,W,,,St,W 3Rd St,2023/09/12 23:03:18+00,1453 W 3Rd St Los Angeles 90017,F6D4B06C-C01B-4E7E-BB44-1249AE759185_1453_W_3Rd_St_Los_Angeles_90017,3Rd,1453 W 3Rd Street St Los Angeles 90017,,,,
678665,1255412,,5171001900.0,,1526.0,,,West,,,4th,Street,,,,,,,,,,,,,90017.0,,Los Angeles,Los Angeles,,,,,Assessor,{035A04A0-7BE4-4FEC-8335-5C98E473D652},0,,035A04A0-7BE4-4FEC-8335-5C98E473D652,Unknown,,W,,,St,W 4th St,2024/04/27 17:13:09+00,1526 W 4th St Los Angeles 90017,035A04A0-7BE4-4FEC-8335-5C98E473D652_1526_W_4th_St_Los_Angeles_90017,4th,1526 W 4th Street St Los Angeles 90017,,,,
678669,1255416,,5171001901.0,,1512.0,,,West,,,4th,Street,,,,,,,,,,,,,90017.0,,Los Angeles,Los Angeles,,,,,Assessor,{7F2C80B8-474A-4D4B-AA7F-0380B76CC0D2},0,,7F2C80B8-474A-4D4B-AA7F-0380B76CC0D2,Unknown,,W,,,St,W 4th St,2024/04/27 17:13:09+00,1512 W 4th St Los Angeles 90017,7F2C80B8-474A-4D4B-AA7F-0380B76CC0D2_1512_W_4th_St_Los_Angeles_90017,4th,1512 W 4th Street St Los Angeles 90017,,,,
678673,1255420,,5171001903.0,,1514.0,,,West,,,4th,Street,,,,,,,,,,,,,90017.0,,Los Angeles,Los Angeles,,,,,Assessor,{04837381-5DE7-4C7F-9768-452B415A10DA},0,,04837381-5DE7-4C7F-9768-452B415A10DA,Unknown,,W,,,St,W 4th St,2024/04/27 17:13:09+00,1514 W 4th St Los Angeles 90017,04837381-5DE7-4C7F-9768-452B415A10DA_1514_W_4th_St_Los_Angeles_90017,4th,1514 W 4th Street St Los Angeles 90017,,,,
678682,1255429,,5171001906.0,,1506.0,,,West,,,4th,Street,,,,,,,,,,,,,90017.0,,Los Angeles,Los Angeles,,,,,Assessor,{155A1C6D-0D44-46BB-A2D2-216E3EAD1654},0,,155A1C6D-0D44-46BB-A2D2-216E3EAD1654,Unknown,,W,,,St,W 4th St,2024/04/27 17:13:09+00,1506 W 4th St Los Angeles 90017,155A1C6D-0D44-46BB-A2D2-216E3EAD1654_1506_W_4th_St_Los_Angeles_90017,4th,1506 W 4th Street St Los Angeles 90017,,,,
679217,1255964,,5172015014.0,,1421.0,,,West,,,4th,Street,,,,,,,,,,,,,90017.0,,Los Angeles,Los Angeles,,,,,Assessor,{0CB31431-B9A8-4AA4-B9F3-E70B94D9BDFE},0,,0CB31431-B9A8-4AA4-B9F3-E70B94D9BDFE,Unknown,,W,,,St,W 4th St,2024/04/27 17:13:09+00,1421 W 4th St Los Angeles 90017,0CB31431-B9A8-4AA4-B9F3-E70B94D9BDFE_1421_W_4th_St_Los_Angeles_90017,4th,1421 W 4th Street St Los Angeles 90017,,,,
