fid,OBJECTID,OBJIDstr,AIN,NumPrefix,Number,NumSuffix,PreMod,PreDir,PreType,StArticle,StreetName,PostType,PostDir,PostMod,BldgID,BldgSource,BldgTypePl,BldgType,BldgName,FlrTypePl,FlrType,FlrName,UnitType,UnitName,ZipCode,Zip4,LegalComm,PostComm1,PostComm2,PostComm3,OtherComm1,OtherComm2,Source,SourceID,MADRank,AROIDstr,OIDstr,PropType,ObjID,PreDirAbbr,PostDirAbbr,PreTypeAbbr,PostTypeAbbr,FullName,UpdateDate,FullAddress,UniqueID,StName_EnerGov,FullAddress_EnerGov,MSAG_City,ESN,lon,lat
598408,1175150,,5077007020.0,,2975.0,,,West,,,Wilshire,Boulevard,,,,,,,,,,,,,90010.0,,Los Angeles,Los Angeles,,,,,LA City,{2032FA40-FEAF-4C89-AEEA-24EA96C08F28},0,,2032FA40-FEAF-4C89-AEEA-24EA96C08F28,Unknown,,W,,,Blvd,W Wilshire Blvd,2023/09/12 23:03:18+00,2975 W Wilshire Blvd Los Angeles 90010,2032FA40-FEAF-4C89-AEEA-24EA96C08F28_2975_W_Wilshire_Blvd_Los_Angeles_90010,Wilshire,2975 W Wilshire Boulevard Blvd Los Angeles 90010,,,,
598410,1175152,,5077007024.0,,2965.0,,,West,,,Wilshire,Boulevard,,,,,,,,,,,,,90010.0,,Los Angeles,Los Angeles,,,,,LA City,{B65F8739-4C2A-48D1-B9BD-E85E9FE64FFF},0,,B65F8739-4C2A-48D1-B9BD-E85E9FE64FFF,Unknown,,W,,,Blvd,W Wilshire Blvd,2023/09/12 23:03:18+00,2965 W Wilshire Blvd Los Angeles 90010,B65F8739-4C2A-48D1-B9BD-E85E9FE64FFF_2965_W_Wilshire_Blvd_Los_Angeles_90010,Wilshire,2965 W Wilshire Boulevard Blvd Los Angeles 90010,,,,
598411,1175153,,5077007024.0,,2961.0,,,West,,,Wilshire,Boulevard,,,,,,,,,,,,,90010.0,,Los Angeles,Los Angeles,,,,,LA City,{77B8E092-6E33-40EE-9E9F-95CF0844FDB7},0,,77B8E092-6E33-40EE-9E9F-95CF0844FDB7,Unknown,,W,,,Blvd,W Wilshire Blvd,2023/09/12 23:03:18+00,2961 W Wilshire Blvd Los Angeles 90010,77B8E092-6E33-40EE-9E9F-95CF0844FDB7_2961_W_Wilshire_Blvd_Los_Angeles_90010,Wilshire,2961 W Wilshire Boulevard Blvd Los Angeles 90010,,,,
598412,1175154,,5077007024.0,,2969.0,,,West,,,Wilshire,Boulevard,,,,,,,,,,,,,90010.0,,Los Angeles,Los Angeles,,,,,LA City,{46B7C3BC-1B34-4880-B2EB-18EA454C454C},0,,46B7C3BC-1B34-4880-B2EB-18EA454C454C,Unknown,,W,,,Blvd,W Wilshire Blvd,2023/09/12 23:03:18+00,2969 W Wilshire Blvd Los Angeles 90010,46B7C3BC-1B34-4880-B2EB-18EA454C454C_2969_W_Wilshire_Blvd_Los_Angeles_90010,Wilshire,2969 W Wilshire Boulevard Blvd Los Angeles 90010,,,,
598413,1175155,,5077007024.0,,2963.0,,,West,,,Wilshire,Boulevard,,,,,,,,,,,,,90010.0,,Los Angeles,Los Angeles,,,,,LA City,{1DDFC322-3DE5-41F6-9DAA-AD25C2D45068},0,,1DDFC322-3DE5-41F6-9DAA-AD25C2D45068,Unknown,,W,,,Blvd,W Wilshire Blvd,2023/09/12 23:03:18+00,2963 W Wilshire Blvd Los Angeles 90010,1DDFC322-3DE5-41F6-9DAA-AD25C2D45068_2963_W_Wilshire_Blvd_Los_Angeles_90010,Wilshire,2963 W Wilshire Boulevard Blvd Los Angeles 90010,,,,
598414,1175156,,5077007024.0,,2967.0,,,West,,,Wilshire,Boulevard,,,,,,,,,,,,,90010.0,,Los Angeles,Los Angeles,,,,,LA City,{52A3F28F-97CD-460B-9DC6-8A36F8BC8F9C},0,,52A3F28F-97CD-460B-9DC6-8A36F8BC8F9C,Unknown,,W,,,Blvd,W Wilshire Blvd,2023/09/12 23:03:18+00,2967 W Wilshire Blvd Los Angeles 90010,52A3F28F-97CD-460B-9DC6-8A36F8BC8F9C_2967_W_Wilshire_Blvd_Los_Angeles_90010,Wilshire,2967 W Wilshire Boulevard Blvd Los Angeles 90010,,,,
598415,1175157,,5077007024.0,,2955.0,,,West,,,Wilshire,Boulevard,,,,,,,,,,,,,90010.0,,Los Angeles,Los Angeles,,,,,LA City,{1879E8D0-82DE-4189-A470-DF13ACB9F7A5},0,,1879E8D0-82DE-4189-A470-DF13ACB9F7A5,Unknown,,W,,,Blvd,W Wilshire Blvd,2023/09/12 23:03:18+00,2955 W Wilshire Blvd Los Angeles 90010,1879E8D0-82DE-4189-A470-DF13ACB9F7A5_2955_W_Wilshire_Blvd_Los_Angeles_90010,Wilshire,2955 W Wilshire Boulevard Blvd Los Angeles 90010,,,,
598430,1175172,,5077008016.0,,3059.0,,,West,,,Wilshire,Boulevard,,,,,,,,,,,,,90010.0,,Los Angeles,Los Angeles,,,,,LA City,{BB9C19BD-E3FF-4695-9E5B-9371E3EFC14A},0,,BB9C19BD-E3FF-4695-9E5B-9371E3EFC14A,Unknown,,W,,,Blvd,W Wilshire Blvd,2023/09/12 23:03:18+00,3059 W Wilshire Blvd Los Angeles 90010,BB9C19BD-E3FF-4695-9E5B-9371E3EFC14A_3059_W_Wilshire_Blvd_Los_Angeles_90010,Wilshire,3059 W Wilshire Boulevard Blvd Los Angeles 90010,,,,
598431,1175173,,5077008016.0,,3045.0,,,West,,,Wilshire,Boulevard,,,,,,,,,,,,,90010.0,,Los Angeles,Los Angeles,,,,,LA City,{5E1C51AA-3F23-4CBD-9753-D1149FAE5C57},0,,5E1C51AA-3F23-4CBD-9753-D1149FAE5C57,Unknown,,W,,,Blvd,W Wilshire Blvd,2023/09/12 23:03:18+00,3045 W Wilshire Blvd Los Angeles 90010,5E1C51AA-3F23-4CBD-9753-D1149FAE5C57_3045_W_Wilshire_Blvd_Los_Angeles_90010,Wilshire,3045 W Wilshire Boulevard Blvd Los Angeles 90010,,,,
598433,1175175,,5077008016.0,,3051.0,,,West,,,Wilshire,Boulevard,,,,,,,,,,,,,90010.0,,Los Angeles,Los Angeles,,,,,LA City,{4E359F6B-F3B3-4F94-9B86-0B7A588AC936},0,,4E359F6B-F3B3-4F94-9B86-0B7A588AC936,Unknown,,W,,,Blvd,W Wilshire Blvd,2023/09/12 23:03:18+00,3051 W Wilshire Blvd Los Angeles 90010,4E359F6B-F3B3-4F94-9B86-0B7A588AC936_3051_W_Wilshire_Blvd_Los_Angeles_90010,Wilshire,3051 W Wilshire Boulevard Blvd Los Angeles 90010,,,,
598434,1175176,,5077008016.0,,3055.0,,,West,,,Wilshire,Boulevard,,,,,,,,,,,,,90010.0,,Los Angeles,Los Angeles,,,,,LA City,{DA1837FF-B980-4A4B-80F6-EF5F7A83E680},0,,DA1837FF-B980-4A4B-80F6-EF5F7A83E680,Unknown,,W,,,Blvd,W Wilshire Blvd,2023/09/12 23:03:18+00,3055 W Wilshire Blvd Los Angeles 90010,DA1837FF-B980-4A4B-80F6-EF5F7A83E680_3055_W_Wilshire_Blvd_Los_Angeles_90010,Wilshire,3055 W Wilshire Boulevard Blvd Los Angeles 90010,,,,
598435,1175177,,5077008016.0,,3047.0,,,West,,,Wilshire,Boulevard,,,,,,,,,,,,,90010.0,,Los Angeles,Los Angeles,,,,,LA City,{766F879A-2EAB-4BFE-8DDC-20D18B63278B},0,,766F879A-2EAB-4BFE-8DDC-20D18B63278B,Unknown,,W,,,Blvd,W Wilshire Blvd,2023/09/12 23:03:18+00,3047 W Wilshire Blvd Los Angeles 90010,766F879A-2EAB-4BFE-8DDC-20D18B63278B_3047_W_Wilshire_Blvd_Los_Angeles_90010,Wilshire,3047 W Wilshire Boulevard Blvd Los Angeles 90010,,,,
598436,1175178,,5077008016.0,,3057.0,,,West,,,Wilshire,Boulevard,,,,,,,,,,,,,90010.0,,Los Angeles,Los Angeles,,,,,LA City,{BA45FB9D-E982-4AC2-BD8E-C0B6846D1F2B},0,,BA45FB9D-E982-4AC2-BD8E-C0B6846D1F2B,Unknown,,W,,,Blvd,W Wilshire Blvd,2023/09/12 23:03:18+00,3057 W Wilshire Blvd Los Angeles 90010,BA45FB9D-E982-4AC2-BD8E-C0B6846D1F2B_3057_W_Wilshire_Blvd_Los_Angeles_90010,Wilshire,3057 W Wilshire Boulevard Blvd Los Angeles 90010,,,,
598438,1175180,,5077008019.0,,3037.0,,,West,,,Wilshire,Boulevard,,,,,,,,,,,,,90010.0,,Los Angeles,Los Angeles,,,,,LA City,{3188C625-AD2A-44A6-8F68-A58E767D4571},0,,3188C625-AD2A-44A6-8F68-A58E767D4571,Unknown,,W,,,Blvd,W Wilshire Blvd,2023/09/12 23:03:18+00,3037 W Wilshire Blvd Los Angeles 90010,3188C625-AD2A-44A6-8F68-A58E767D4571_3037_W_Wilshire_Blvd_Los_Angeles_90010,Wilshire,3037 W Wilshire Boulevard Blvd Los Angeles 90010,,,,
598439,1175181,,5077008019.0,,3033.0,,,West,,,Wilshire,Boulevard,,,,,,,,,,,,,90010.0,,Los Angeles,Los Angeles,,,,,LA City,{ACFDD400-A6EE-4F23-AFA5-3EBF0251FFE0},0,,ACFDD400-A6EE-4F23-AFA5-3EBF0251FFE0,Unknown,,W,,,Blvd,W Wilshire Blvd,2023/09/12 23:03:18+00,3033 W Wilshire Blvd Los Angeles 90010,ACFDD400-A6EE-4F23-AFA5-3EBF0251FFE0_3033_W_Wilshire_Blvd_Los_Angeles_90010,Wilshire,3033 W Wilshire Boulevard Blvd Los Angeles 90010,,,,
598445,1175187,,5077009005.0,,3075.0,,,West,,,Wilshire,Boulevard,,,,,,,,,,,,,90010.0,,Los Angeles,Los Angeles,,,,,LA City,{1D17FBC9-238C-462D-92BE-484760A41663},0,,1D17FBC9-238C-462D-92BE-484760A41663,Unknown,,W,,,Blvd,W Wilshire Blvd,2023/09/12 23:03:18+00,3075 W Wilshire Blvd Los Angeles 90010,1D17FBC9-238C-462D-92BE-484760A41663_3075_W_Wilshire_Blvd_Los_Angeles_90010,Wilshire,3075 W Wilshire Boulevard Blvd Los Angeles 90010,,,,
598462,1175204,,5077009905.0,,3119.0,,,West,,,Wilshire,Boulevard,,,,,,,,,,,,,90010.0,,Los Angeles,Los Angeles,,,,,LA City,{4C0F6B36-C864-4F17-9D43-D4839BDBE934},0,,4C0F6B36-C864-4F17-9D43-D4839BDBE934,Unknown,,W,,,Blvd,W Wilshire Blvd,2023/09/12 23:03:18+00,3119 W Wilshire Blvd Los Angeles 90010,4C0F6B36-C864-4F17-9D43-D4839BDBE934_3119_W_Wilshire_Blvd_Los_Angeles_90010,Wilshire,3119 W Wilshire Boulevard Blvd Los Angeles 90010,,,,
598463,1175205,,5077009905.0,,3107.0,,,West,,,Wilshire,Boulevard,,,,,,,,,,,,,90010.0,,Los Angeles,Los Angeles,,,,,LA City,{38679489-12A6-4D84-97A4-4EB33EF9CC57},0,,38679489-12A6-4D84-97A4-4EB33EF9CC57,Unknown,,W,,,Blvd,W Wilshire Blvd,2023/09/12 23:03:18+00,3107 W Wilshire Blvd Los Angeles 90010,38679489-12A6-4D84-97A4-4EB33EF9CC57_3107_W_Wilshire_Blvd_Los_Angeles_90010,Wilshire,3107 W Wilshire Boulevard Blvd Los Angeles 90010,,,,
598464,1175206,,5077009905.0,,3087.0,,,West,,,Wilshire,Boulevard,,,,,,,,,,,,,90010.0,,Los Angeles,Los Angeles,,,,,LA City,{16DB17E5-29D1-4938-8F71-F6EB1F28D233},0,,16DB17E5-29D1-4938-8F71-F6EB1F28D233,Unknown,,W,,,Blvd,W Wilshire Blvd,2023/09/12 23:03:18+00,3087 W Wilshire Blvd Los Angeles 90010,16DB17E5-29D1-4938-8F71-F6EB1F28D233_3087_W_Wilshire_Blvd_Los_Angeles_90010,Wilshire,3087 W Wilshire Boulevard Blvd Los Angeles 90010,,,,
598465,1175207,,5077009905.0,,3115.0,,,West,,,Wilshire,Boulevard,,,,,,,,,,,,,90010.0,,Los Angeles,Los Angeles,,,,,LA City,{4F8F9DDD-75A8-4DC6-8C1D-38CC7773CEF4},0,,4F8F9DDD-75A8-4DC6-8C1D-38CC7773CEF4,Unknown,,W,,,Blvd,W Wilshire Blvd,2023/09/12 23:03:18+00,3115 W Wilshire Blvd Los Angeles 90010,4F8F9DDD-75A8-4DC6-8C1D-38CC7773CEF4_3115_W_Wilshire_Blvd_Los_Angeles_90010,Wilshire,3115 W Wilshire Boulevard Blvd Los Angeles 90010,,,,
598466,1175208,,5077009905.0,,3117.0,,,West,,,Wilshire,Boulevard,,,,,,,,,,,,,90010.0,,Los Angeles,Los Angeles,,,,,LA City,{F8669212-3E3E-4AF3-9496-B19AD783D326},0,,F8669212-3E3E-4AF3-9496-B19AD783D326,Unknown,,W,,,Blvd,W Wilshire Blvd,2023/09/12 23:03:18+00,3117 W Wilshire Blvd Los Angeles 90010,F8669212-3E3E-4AF3-9496-B19AD783D326_3117_W_Wilshire_Blvd_Los_Angeles_90010,Wilshire,3117 W Wilshire Boulevard Blvd Los Angeles 90010,,,,
598467,1175209,,5077009905.0,,3111.0,,,West,,,Wilshire,Boulevard,,,,,,,,,,,,,90010.0,,Los Angeles,Los Angeles,,,,,LA City,{0908F1A9-0B6D-47F9-A213-B6D48BF54364},0,,0908F1A9-0B6D-47F9-A213-B6D48BF54364,Unknown,,W,,,Blvd,W Wilshire Blvd,2023/09/12 23:03:18+00,3111 W Wilshire Blvd Los Angeles 90010,0908F1A9-0B6D-47F9-A213-B6D48BF54364_3111_W_Wilshire_Blvd_Los_Angeles_90010,Wilshire,3111 W Wilshire Boulevard Blvd Los Angeles 90010,,,,
598468,1175210,,5077009905.0,,3103.0,,,West,,,Wilshire,Boulevard,,,,,,,,,,,,,90010.0,,Los Angeles,Los Angeles,,,,,LA City,{90BBC908-2FCA-4565-A052-B15A977ED79C},0,,90BBC908-2FCA-4565-A052-B15A977ED79C,Unknown,,W,,,Blvd,W Wilshire Blvd,2023/09/12 23:03:18+00,3103 W Wilshire Blvd Los Angeles 90010,90BBC908-2FCA-4565-A052-B15A977ED79C_3103_W_Wilshire_Blvd_Los_Angeles_90010,Wilshire,3103 W Wilshire Boulevard Blvd Los Angeles 90010,,,,
598469,1175211,,5077009905.0,,3091.0,,,West,,,Wilshire,Boulevard,,,,,,,,,,,,,90010.0,,Los Angeles,Los Angeles,,,,,LA City,{DE4F569E-3345-462A-8125-9D7F456F9F5F},0,,DE4F569E-3345-462A-8125-9D7F456F9F5F,Unknown,,W,,,Blvd,W Wilshire Blvd,2023/09/12 23:03:18+00,3091 W Wilshire Blvd Los Angeles 90010,DE4F569E-3345-462A-8125-9D7F456F9F5F_3091_W_Wilshire_Blvd_Los_Angeles_90010,Wilshire,3091 W Wilshire Boulevard Blvd Los Angeles 90010,,,,
598470,1175212,,5077009905.0,,3101.0,,,West,,,Wilshire,Boulevard,,,,,,,,,,,,,90010.0,,Los Angeles,Los Angeles,,,,,LA City,{FEC092F1-727A-40CE-A171-B477FBCBC8E9},0,,FEC092F1-727A-40CE-A171-B477FBCBC8E9,Unknown,,W,,,Blvd,W Wilshire Blvd,2023/09/12 23:03:18+00,3101 W Wilshire Blvd Los Angeles 90010,FEC092F1-727A-40CE-A171-B477FBCBC8E9_3101_W_Wilshire_Blvd_Los_Angeles_90010,Wilshire,3101 W Wilshire Boulevard Blvd Los Angeles 90010,,,,
598471,1175213,,5077009905.0,,3089.0,,,West,,,Wilshire,Boulevard,,,,,,,,,,,,,90010.0,,Los Angeles,Los Angeles,,,,,LA City,{6EA8DBD1-4BED-42E7-A3D9-0F6F3E047198},0,,6EA8DBD1-4BED-42E7-A3D9-0F6F3E047198,Unknown,,W,,,Blvd,W Wilshire Blvd,2023/09/12 23:03:18+00,3089 W Wilshire Blvd Los Angeles 90010,6EA8DBD1-4BED-42E7-A3D9-0F6F3E047198_3089_W_Wilshire_Blvd_Los_Angeles_90010,Wilshire,3089 W Wilshire Boulevard Blvd Los Angeles 90010,,,,
598472,1175214,,5077009905.0,,3113.0,,,West,,,Wilshire,Boulevard,,,,,,,,,,,,,90010.0,,Los Angeles,Los Angeles,,,,,LA City,{615CC2FF-2183-4943-8D36-CC379E297621},0,,615CC2FF-2183-4943-8D36-CC379E297621,Unknown,,W,,,Blvd,W Wilshire Blvd,2024/05/12 21:05:27+00,3113 W Wilshire Blvd Los Angeles 90010,615CC2FF-2183-4943-8D36-CC379E297621_3113_W_Wilshire_Blvd_Los_Angeles_90010,Wilshire,3113 W Wilshire Boulevard Blvd Los Angeles 90010,,,,
598473,1175215,,5077009905.0,,3113.0,1/2,,West,,,Wilshire,Boulevard,,,,,,,,,,,,,90010.0,,Los Angeles,Los Angeles,,,,,LA City,{31AE3B11-D442-45AD-9427-7F04A4D0BFE8},0,,31AE3B11-D442-45AD-9427-7F04A4D0BFE8,Unknown,,W,,,Blvd,W Wilshire Blvd,2024/05/12 21:05:27+00,3113 1/2 W Wilshire Blvd Los Angeles 90010,31AE3B11-D442-45AD-9427-7F04A4D0BFE8_3113_1/2_W_Wilshire_Blvd_Los_Angeles_90010,Wilshire,3113 1/2 W Wilshire Boulevard Blvd Los Angeles 90010,,,,
598474,1175216,,5077009905.0,,3109.0,1/2,,West,,,Wilshire,Boulevard,,,,,,,,,,,,,90010.0,,Los Angeles,Los Angeles,,,,,LA City,{EB0B3ECD-213B-4762-A82C-730298697ACB},0,,EB0B3ECD-213B-4762-A82C-730298697ACB,Unknown,,W,,,Blvd,W Wilshire Blvd,2024/05/12 21:05:27+00,3109 1/2 W Wilshire Blvd Los Angeles 90010,EB0B3ECD-213B-4762-A82C-730298697ACB_3109_1/2_W_Wilshire_Blvd_Los_Angeles_90010,Wilshire,3109 1/2 W Wilshire Boulevard Blvd Los Angeles 90010,,,,
598475,1175217,,5077009905.0,,3109.0,,,West,,,Wilshire,Boulevard,,,,,,,,,,,,,90010.0,,Los Angeles,Los Angeles,,,,,LA City,{867BCE1A-EF31-4B0C-B1DD-1830887BF630},0,,867BCE1A-EF31-4B0C-B1DD-1830887BF630,Unknown,,W,,,Blvd,W Wilshire Blvd,2024/05/12 21:05:27+00,3109 W Wilshire Blvd Los Angeles 90010,867BCE1A-EF31-4B0C-B1DD-1830887BF630_3109_W_Wilshire_Blvd_Los_Angeles_90010,Wilshire,3109 W Wilshire Boulevard Blvd Los Angeles 90010,,,,
598481,1175223,,5077009919.0,,3183.0,,,West,,,Wilshire,Boulevard,,,,,,,,,,,,1-449,90010.0,,Los Angeles,Los Angeles,,,,,LA City,{BAAF09D0-891B-4FC0-840F-1EF36B9B83CB},0,,BAAF09D0-891B-4FC0-840F-1EF36B9B83CB,Unknown,,W,,,Blvd,W Wilshire Blvd,2023/09/12 23:03:18+00,3183 W Wilshire Blvd 1-449 Los Angeles 90010,BAAF09D0-891B-4FC0-840F-1EF36B9B83CB_3183_W_Wilshire_Blvd_1-449_Los_Angeles_90010,Wilshire,3183 W Wilshire Boulevard Blvd 1-449 Los Angeles 90010,,,,
598483,1175225,,5077009919.0,,3191.0,,,West,,,Wilshire,Boulevard,,,,,,,,,,,,,90010.0,,Los Angeles,Los Angeles,,,,,LA City,{4B3BF5B9-CCE5-48D8-806A-4DF995348E70},0,,4B3BF5B9-CCE5-48D8-806A-4DF995348E70,Unknown,,W,,,Blvd,W Wilshire Blvd,2023/09/12 23:03:18+00,3191 W Wilshire Blvd Los Angeles 90010,4B3BF5B9-CCE5-48D8-806A-4DF995348E70_3191_W_Wilshire_Blvd_Los_Angeles_90010,Wilshire,3191 W Wilshire Boulevard Blvd Los Angeles 90010,,,,
598484,1175226,,5077009919.0,,3185.0,,,West,,,Wilshire,Boulevard,,,,,,,,,,,,,90010.0,,Los Angeles,Los Angeles,,,,,LA City,{9830BF12-37E9-4A3E-9977-C08CC8B068F1},0,,9830BF12-37E9-4A3E-9977-C08CC8B068F1,Unknown,,W,,,Blvd,W Wilshire Blvd,2023/09/12 23:03:18+00,3185 W Wilshire Blvd Los Angeles 90010,9830BF12-37E9-4A3E-9977-C08CC8B068F1_3185_W_Wilshire_Blvd_Los_Angeles_90010,Wilshire,3185 W Wilshire Boulevard Blvd Los Angeles 90010,,,,
598485,1175227,,5077009919.0,,3147.0,,,West,,,Wilshire,Boulevard,,,,,,,,,,,,,90010.0,,Los Angeles,Los Angeles,,,,,LA City,{E9F1D99D-8BBB-4C1B-9D34-89A512B68E5D},0,,E9F1D99D-8BBB-4C1B-9D34-89A512B68E5D,Unknown,,W,,,Blvd,W Wilshire Blvd,2023/09/12 23:03:18+00,3147 W Wilshire Blvd Los Angeles 90010,E9F1D99D-8BBB-4C1B-9D34-89A512B68E5D_3147_W_Wilshire_Blvd_Los_Angeles_90010,Wilshire,3147 W Wilshire Boulevard Blvd Los Angeles 90010,,,,
598492,1175234,,5077010007.0,,661.0,,,South,,,Shatto,Place,,,,,,,,,,,,,90010.0,,Los Angeles,Los Angeles,,,,,LA City,{83D004DB-6DDB-4BE5-AAC8-A3A6275AA56D},0,,83D004DB-6DDB-4BE5-AAC8-A3A6275AA56D,Unknown,,S,,,Pl,S Shatto Pl,2023/09/12 23:03:18+00,661 S Shatto Pl Los Angeles 90010,83D004DB-6DDB-4BE5-AAC8-A3A6275AA56D_661_S_Shatto_Pl_Los_Angeles_90010,Shatto,661 S Shatto Place Pl Los Angeles 90010,,,,
598514,1175256,,5077010025.0,,3162.0,,,West,,,Wilshire,Boulevard,,,,,,,,,,,,,90010.0,,Los Angeles,Los Angeles,,,,,LA City,{B330FBBE-0E4E-43C3-AC3D-98F62BC1AEA4},0,,B330FBBE-0E4E-43C3-AC3D-98F62BC1AEA4,Unknown,,W,,,Blvd,W Wilshire Blvd,2023/09/12 23:03:18+00,3162 W Wilshire Blvd Los Angeles 90010,B330FBBE-0E4E-43C3-AC3D-98F62BC1AEA4_3162_W_Wilshire_Blvd_Los_Angeles_90010,Wilshire,3162 W Wilshire Boulevard Blvd Los Angeles 90010,,,,
598515,1175257,,5077010025.0,,659.0,,,South,,,Shatto,Place,,,,,,,,,,,,,90010.0,,Los Angeles,Los Angeles,,,,,LA City,{805C4DD5-7D39-48E2-BF74-8590E203AFD9},0,,805C4DD5-7D39-48E2-BF74-8590E203AFD9,Unknown,,S,,,Pl,S Shatto Pl,2023/09/12 23:03:18+00,659 S Shatto Pl Los Angeles 90010,805C4DD5-7D39-48E2-BF74-8590E203AFD9_659_S_Shatto_Pl_Los_Angeles_90010,Shatto,659 S Shatto Place Pl Los Angeles 90010,,,,
598516,1175258,,5077010025.0,,3154.0,,,West,,,Wilshire,Boulevard,,,,,,,,,,,,,90010.0,,Los Angeles,Los Angeles,,,,,LA City,{EE481330-2CFB-4542-A549-28B39C72185C},0,,EE481330-2CFB-4542-A549-28B39C72185C,Unknown,,W,,,Blvd,W Wilshire Blvd,2023/09/12 23:03:18+00,3154 W Wilshire Blvd Los Angeles 90010,EE481330-2CFB-4542-A549-28B39C72185C_3154_W_Wilshire_Blvd_Los_Angeles_90010,Wilshire,3154 W Wilshire Boulevard Blvd Los Angeles 90010,,,,
598518,1175260,,5077010025.0,,3138.0,,,West,,,Wilshire,Boulevard,,,,,,,,,,,,,90010.0,,Los Angeles,Los Angeles,,,,,LA City,{730D0BDA-0267-448E-ADA7-79162E894CA1},0,,730D0BDA-0267-448E-ADA7-79162E894CA1,Unknown,,W,,,Blvd,W Wilshire Blvd,2023/09/12 23:03:18+00,3138 W Wilshire Blvd Los Angeles 90010,730D0BDA-0267-448E-ADA7-79162E894CA1_3138_W_Wilshire_Blvd_Los_Angeles_90010,Wilshire,3138 W Wilshire Boulevard Blvd Los Angeles 90010,,,,
598519,1175261,,5077010025.0,,3148.0,,,West,,,Wilshire,Boulevard,,,,,,,,,,,,,90010.0,,Los Angeles,Los Angeles,,,,,LA City,{F793AD8A-434D-47BC-9438-D65425D9B4B7},0,,F793AD8A-434D-47BC-9438-D65425D9B4B7,Unknown,,W,,,Blvd,W Wilshire Blvd,2023/09/12 23:03:18+00,3148 W Wilshire Blvd Los Angeles 90010,F793AD8A-434D-47BC-9438-D65425D9B4B7_3148_W_Wilshire_Blvd_Los_Angeles_90010,Wilshire,3148 W Wilshire Boulevard Blvd Los Angeles 90010,,,,
598520,1175262,,5077010025.0,,3164.0,,,West,,,Wilshire,Boulevard,,,,,,,,,,,,,90010.0,,Los Angeles,Los Angeles,,,,,LA City,{1DD3722C-AF6F-457A-9E95-513337043B9F},0,,1DD3722C-AF6F-457A-9E95-513337043B9F,Unknown,,W,,,Blvd,W Wilshire Blvd,2023/09/12 23:03:18+00,3164 W Wilshire Blvd Los Angeles 90010,1DD3722C-AF6F-457A-9E95-513337043B9F_3164_W_Wilshire_Blvd_Los_Angeles_90010,Wilshire,3164 W Wilshire Boulevard Blvd Los Angeles 90010,,,,
598521,1175263,,5077010025.0,,3150.0,,,West,,,Wilshire,Boulevard,,,,,,,,,,,,,90010.0,,Los Angeles,Los Angeles,,,,,LA City,{2369AE77-FFE1-44B2-9335-01012D1E54C7},0,,2369AE77-FFE1-44B2-9335-01012D1E54C7,Unknown,,W,,,Blvd,W Wilshire Blvd,2023/09/12 23:03:18+00,3150 W Wilshire Blvd Los Angeles 90010,2369AE77-FFE1-44B2-9335-01012D1E54C7_3150_W_Wilshire_Blvd_Los_Angeles_90010,Wilshire,3150 W Wilshire Boulevard Blvd Los Angeles 90010,,,,
598522,1175264,,5077010025.0,,653.0,,,South,,,Shatto,Place,,,,,,,,,,,,,90010.0,,Los Angeles,Los Angeles,,,,,LA City,{7A070531-53AC-487C-A699-C3B419F96E85},0,,7A070531-53AC-487C-A699-C3B419F96E85,Unknown,,S,,,Pl,S Shatto Pl,2023/09/12 23:03:18+00,653 S Shatto Pl Los Angeles 90010,7A070531-53AC-487C-A699-C3B419F96E85_653_S_Shatto_Pl_Los_Angeles_90010,Shatto,653 S Shatto Place Pl Los Angeles 90010,,,,
598523,1175265,,5077010025.0,,666.0,,,South,,,Vermont,Avenue,,,,,,,,,,,,,90010.0,,Los Angeles,Los Angeles,,,,,LA City,{EB62E8EE-A8F0-4C71-A578-E93FD77993D5},0,,EB62E8EE-A8F0-4C71-A578-E93FD77993D5,Unknown,,S,,,Ave,S Vermont Ave,2023/09/12 23:03:18+00,666 S Vermont Ave Los Angeles 90010,EB62E8EE-A8F0-4C71-A578-E93FD77993D5_666_S_Vermont_Ave_Los_Angeles_90010,Vermont,666 S Vermont Avenue Ave Los Angeles 90010,,,,
598524,1175266,,5077010025.0,,3144.0,,,West,,,Wilshire,Boulevard,,,,,,,,,,,,,90010.0,,Los Angeles,Los Angeles,,,,,LA City,{4CB46D19-FEA8-4872-A739-67C626FA87CB},0,,4CB46D19-FEA8-4872-A739-67C626FA87CB,Unknown,,W,,,Blvd,W Wilshire Blvd,2023/09/12 23:03:18+00,3144 W Wilshire Blvd Los Angeles 90010,4CB46D19-FEA8-4872-A739-67C626FA87CB_3144_W_Wilshire_Blvd_Los_Angeles_90010,Wilshire,3144 W Wilshire Boulevard Blvd Los Angeles 90010,,,,
598525,1175267,,5077010025.0,,3140.0,,,West,,,Wilshire,Boulevard,,,,,,,,,,,,,90010.0,,Los Angeles,Los Angeles,,,,,LA City,{D953DD54-4107-458A-9048-6C748C17A4A6},0,,D953DD54-4107-458A-9048-6C748C17A4A6,Unknown,,W,,,Blvd,W Wilshire Blvd,2023/09/12 23:03:18+00,3140 W Wilshire Blvd Los Angeles 90010,D953DD54-4107-458A-9048-6C748C17A4A6_3140_W_Wilshire_Blvd_Los_Angeles_90010,Wilshire,3140 W Wilshire Boulevard Blvd Los Angeles 90010,,,,
598526,1175268,,5077010025.0,,3170.0,,,West,,,Wilshire,Boulevard,,,,,,,,,,,,,90010.0,,Los Angeles,Los Angeles,,,,,LA City,{DEDCE7B0-5C9C-4CA3-B57F-41442A26FF39},0,,DEDCE7B0-5C9C-4CA3-B57F-41442A26FF39,Unknown,,W,,,Blvd,W Wilshire Blvd,2023/09/12 23:03:18+00,3170 W Wilshire Blvd Los Angeles 90010,DEDCE7B0-5C9C-4CA3-B57F-41442A26FF39_3170_W_Wilshire_Blvd_Los_Angeles_90010,Wilshire,3170 W Wilshire Boulevard Blvd Los Angeles 90010,,,,
598527,1175269,,5077010025.0,,660.0,,,South,,,Vermont,Avenue,,,,,,,,,,,,,90010.0,,Los Angeles,Los Angeles,,,,,LA City,{48232690-69D1-44A1-ABEF-B60DEC2FF965},0,,48232690-69D1-44A1-ABEF-B60DEC2FF965,Unknown,,S,,,Ave,S Vermont Ave,2023/09/12 23:03:18+00,660 S Vermont Ave Los Angeles 90010,48232690-69D1-44A1-ABEF-B60DEC2FF965_660_S_Vermont_Ave_Los_Angeles_90010,Vermont,660 S Vermont Avenue Ave Los Angeles 90010,,,,
598528,1175270,,5077010025.0,,3156.0,,,West,,,Wilshire,Boulevard,,,,,,,,,,,,,90010.0,,Los Angeles,Los Angeles,,,,,LA City,{A66ABCDF-0BEF-4D3A-8030-26E874C41C25},0,,A66ABCDF-0BEF-4D3A-8030-26E874C41C25,Unknown,,W,,,Blvd,W Wilshire Blvd,2023/09/12 23:03:18+00,3156 W Wilshire Blvd Los Angeles 90010,A66ABCDF-0BEF-4D3A-8030-26E874C41C25_3156_W_Wilshire_Blvd_Los_Angeles_90010,Wilshire,3156 W Wilshire Boulevard Blvd Los Angeles 90010,,,,
598529,1175271,,5077010025.0,,657.0,,,South,,,Shatto,Place,,,,,,,,,,,,,90010.0,,Los Angeles,Los Angeles,,,,,LA City,{69075535-CE0F-403D-A7F1-11965112438A},0,,69075535-CE0F-403D-A7F1-11965112438A,Unknown,,S,,,Pl,S Shatto Pl,2023/09/12 23:03:18+00,657 S Shatto Pl Los Angeles 90010,69075535-CE0F-403D-A7F1-11965112438A_657_S_Shatto_Pl_Los_Angeles_90010,Shatto,657 S Shatto Place Pl Los Angeles 90010,,,,
598530,1175272,,5077010025.0,,3152.0,,,West,,,Wilshire,Boulevard,,,,,,,,,,,,,90010.0,,Los Angeles,Los Angeles,,,,,LA City,{8606D4D3-4919-4D4F-82BD-05B606D1AE55},0,,8606D4D3-4919-4D4F-82BD-05B606D1AE55,Unknown,,W,,,Blvd,W Wilshire Blvd,2023/09/12 23:03:18+00,3152 W Wilshire Blvd Los Angeles 90010,8606D4D3-4919-4D4F-82BD-05B606D1AE55_3152_W_Wilshire_Blvd_Los_Angeles_90010,Wilshire,3152 W Wilshire Boulevard Blvd Los Angeles 90010,,,,
598531,1175273,,5077010025.0,,651.0,,,South,,,Shatto,Place,,,,,,,,,,,,,90010.0,,Los Angeles,Los Angeles,,,,,LA City,{E8BD9611-6641-4727-A05A-D74DE5D9AE9C},0,,E8BD9611-6641-4727-A05A-D74DE5D9AE9C,Unknown,,S,,,Pl,S Shatto Pl,2023/09/12 23:03:18+00,651 S Shatto Pl Los Angeles 90010,E8BD9611-6641-4727-A05A-D74DE5D9AE9C_651_S_Shatto_Pl_Los_Angeles_90010,Shatto,651 S Shatto Place Pl Los Angeles 90010,,,,
598532,1175274,,5077010025.0,,655.0,,,South,,,Shatto,Place,,,,,,,,,,,,,90010.0,,Los Angeles,Los Angeles,,,,,LA City,{F7D2A3CD-3C37-474E-A563-9B3A0F98B0BB},0,,F7D2A3CD-3C37-474E-A563-9B3A0F98B0BB,Unknown,,S,,,Pl,S Shatto Pl,2023/09/12 23:03:18+00,655 S Shatto Pl Los Angeles 90010,F7D2A3CD-3C37-474E-A563-9B3A0F98B0BB_655_S_Shatto_Pl_Los_Angeles_90010,Shatto,655 S Shatto Place Pl Los Angeles 90010,,,,
598533,1175275,,5077010025.0,,3158.0,,,West,,,Wilshire,Boulevard,,,,,,,,,,,,,90010.0,,Los Angeles,Los Angeles,,,,,LA City,{674D6106-CC34-4E1D-BCDF-3F1A0B33D48D},0,,674D6106-CC34-4E1D-BCDF-3F1A0B33D48D,Unknown,,W,,,Blvd,W Wilshire Blvd,2023/09/12 23:03:18+00,3158 W Wilshire Blvd Los Angeles 90010,674D6106-CC34-4E1D-BCDF-3F1A0B33D48D_3158_W_Wilshire_Blvd_Los_Angeles_90010,Wilshire,3158 W Wilshire Boulevard Blvd Los Angeles 90010,,,,
598534,1175276,,5077010025.0,,662.0,,,South,,,Vermont,Avenue,,,,,,,,,,,,,90010.0,,Los Angeles,Los Angeles,,,,,LA City,{1ABDC5ED-3B54-49D0-97FC-FBD04C894C8F},0,,1ABDC5ED-3B54-49D0-97FC-FBD04C894C8F,Unknown,,S,,,Ave,S Vermont Ave,2023/09/12 23:03:18+00,662 S Vermont Ave Los Angeles 90010,1ABDC5ED-3B54-49D0-97FC-FBD04C894C8F_662_S_Vermont_Ave_Los_Angeles_90010,Vermont,662 S Vermont Avenue Ave Los Angeles 90010,,,,
598535,1175277,,5077010025.0,,3136.0,,,West,,,Wilshire,Boulevard,,,,,,,,,,,,,90010.0,,Los Angeles,Los Angeles,,,,,LA City,{1FCC271C-9D74-4B0D-BBC8-E061155F7865},0,,1FCC271C-9D74-4B0D-BBC8-E061155F7865,Unknown,,W,,,Blvd,W Wilshire Blvd,2023/09/12 23:03:18+00,3136 W Wilshire Blvd Los Angeles 90010,1FCC271C-9D74-4B0D-BBC8-E061155F7865_3136_W_Wilshire_Blvd_Los_Angeles_90010,Wilshire,3136 W Wilshire Boulevard Blvd Los Angeles 90010,,,,
598537,1175279,,5077010025.0,,3160.0,,,West,,,Wilshire,Boulevard,,,,,,,,,,,,,90010.0,,Los Angeles,Los Angeles,,,,,LA City,{3F069545-9BBA-46EE-87DC-3B2B3DB14872},0,,3F069545-9BBA-46EE-87DC-3B2B3DB14872,Unknown,,W,,,Blvd,W Wilshire Blvd,2023/09/12 23:03:18+00,3160 W Wilshire Blvd Los Angeles 90010,3F069545-9BBA-46EE-87DC-3B2B3DB14872_3160_W_Wilshire_Blvd_Los_Angeles_90010,Wilshire,3160 W Wilshire Boulevard Blvd Los Angeles 90010,,,,
598538,1175280,,5077010025.0,,668.0,,,South,,,Vermont,Avenue,,,,,,,,,,,,,90010.0,,Los Angeles,Los Angeles,,,,,LA City,{EBE04430-B682-49E8-93CE-0C9D215C05EE},0,,EBE04430-B682-49E8-93CE-0C9D215C05EE,Unknown,,S,,,Ave,S Vermont Ave,2023/09/12 23:03:18+00,668 S Vermont Ave Los Angeles 90010,EBE04430-B682-49E8-93CE-0C9D215C05EE_668_S_Vermont_Ave_Los_Angeles_90010,Vermont,668 S Vermont Avenue Ave Los Angeles 90010,,,,
598539,1175281,,5077010025.0,,3146.0,,,West,,,Wilshire,Boulevard,,,,,,,,,,,,,90010.0,,Los Angeles,Los Angeles,,,,,LA City,{9B5C0FCF-566C-4E09-8851-57707B91AB88},0,,9B5C0FCF-566C-4E09-8851-57707B91AB88,Unknown,,W,,,Blvd,W Wilshire Blvd,2023/09/12 23:03:18+00,3146 W Wilshire Blvd Los Angeles 90010,9B5C0FCF-566C-4E09-8851-57707B91AB88_3146_W_Wilshire_Blvd_Los_Angeles_90010,Wilshire,3146 W Wilshire Boulevard Blvd Los Angeles 90010,,,,
598540,1175282,,5077010025.0,,3142.0,,,West,,,Wilshire,Boulevard,,,,,,,,,,,,,90010.0,,Los Angeles,Los Angeles,,,,,LA City,{B1DDBD5E-3F7A-47D2-ABFE-3819ACBA6E99},0,,B1DDBD5E-3F7A-47D2-ABFE-3819ACBA6E99,Unknown,,W,,,Blvd,W Wilshire Blvd,2023/09/12 23:03:18+00,3142 W Wilshire Blvd Los Angeles 90010,B1DDBD5E-3F7A-47D2-ABFE-3819ACBA6E99_3142_W_Wilshire_Blvd_Los_Angeles_90010,Wilshire,3142 W Wilshire Boulevard Blvd Los Angeles 90010,,,,
598544,1175286,,5077010025.0,,669.0,,,South,,,Shatto,Place,,,,,,,,,,,,,90010.0,,Los Angeles,Los Angeles,,,,,LA City,{D7A9E266-8377-4EA8-923D-48C97375E6E9},0,,D7A9E266-8377-4EA8-923D-48C97375E6E9,Unknown,,S,,,Pl,S Shatto Pl,2024/05/12 21:05:27+00,669 S Shatto Pl Los Angeles 90010,D7A9E266-8377-4EA8-923D-48C97375E6E9_669_S_Shatto_Pl_Los_Angeles_90010,Shatto,669 S Shatto Place Pl Los Angeles 90010,,,,
598546,1175288,,5077010025.0,,665.0,,,South,,,Shatto,Place,,,,,,,,,,,,,90010.0,,Los Angeles,Los Angeles,,,,,LA City,{045554EF-F483-4146-80BA-6FF33A52D71B},0,,045554EF-F483-4146-80BA-6FF33A52D71B,Unknown,,S,,,Pl,S Shatto Pl,2024/05/12 21:05:27+00,665 S Shatto Pl Los Angeles 90010,045554EF-F483-4146-80BA-6FF33A52D71B_665_S_Shatto_Pl_Los_Angeles_90010,Shatto,665 S Shatto Place Pl Los Angeles 90010,,,,
598547,1175289,,5077010025.0,,667.0,,,South,,,Shatto,Place,,,,,,,,,,,,,90010.0,,Los Angeles,Los Angeles,,,,,LA City,{345E9810-57E9-480F-A935-19E870FC85D8},0,,345E9810-57E9-480F-A935-19E870FC85D8,Unknown,,S,,,Pl,S Shatto Pl,2024/05/12 21:05:27+00,667 S Shatto Pl Los Angeles 90010,345E9810-57E9-480F-A935-19E870FC85D8_667_S_Shatto_Pl_Los_Angeles_90010,Shatto,667 S Shatto Place Pl Los Angeles 90010,,,,
598548,1175290,,5077010025.0,,667.0,1/4,,South,,,Shatto,Place,,,,,,,,,,,,,90010.0,,Los Angeles,Los Angeles,,,,,LA City,{3BDE3D3B-9EA5-4F4A-B014-502285B135AC},0,,3BDE3D3B-9EA5-4F4A-B014-502285B135AC,Unknown,,S,,,Pl,S Shatto Pl,2024/05/12 21:05:27+00,667 1/4 S Shatto Pl Los Angeles 90010,3BDE3D3B-9EA5-4F4A-B014-502285B135AC_667_1/4_S_Shatto_Pl_Los_Angeles_90010,Shatto,667 1/4 S Shatto Place Pl Los Angeles 90010,,,,
598550,1175292,,5077010025.0,,665.0,3/4,,South,,,Shatto,Place,,,,,,,,,,,,,90010.0,,Los Angeles,Los Angeles,,,,,LA City,{F9EBA579-E763-4EA4-906A-985D81E7FF8D},0,,F9EBA579-E763-4EA4-906A-985D81E7FF8D,Unknown,,S,,,Pl,S Shatto Pl,2024/05/12 21:05:27+00,665 3/4 S Shatto Pl Los Angeles 90010,F9EBA579-E763-4EA4-906A-985D81E7FF8D_665_3/4_S_Shatto_Pl_Los_Angeles_90010,Shatto,665 3/4 S Shatto Place Pl Los Angeles 90010,,,,
598551,1175293,,5077010025.0,,667.0,3/4,,South,,,Shatto,Place,,,,,,,,,,,,,90010.0,,Los Angeles,Los Angeles,,,,,LA City,{5B5569CC-455E-4B7D-8235-DE11B1358D03},0,,5B5569CC-455E-4B7D-8235-DE11B1358D03,Unknown,,S,,,Pl,S Shatto Pl,2024/05/12 21:05:27+00,667 3/4 S Shatto Pl Los Angeles 90010,5B5569CC-455E-4B7D-8235-DE11B1358D03_667_3/4_S_Shatto_Pl_Los_Angeles_90010,Shatto,667 3/4 S Shatto Place Pl Los Angeles 90010,,,,
598552,1175294,,5077010025.0,,667.0,1/2,,South,,,Shatto,Place,,,,,,,,,,,,,90010.0,,Los Angeles,Los Angeles,,,,,LA City,{60C5ECFA-209F-4775-98ED-2272C6A70821},0,,60C5ECFA-209F-4775-98ED-2272C6A70821,Unknown,,S,,,Pl,S Shatto Pl,2024/05/12 21:05:27+00,667 1/2 S Shatto Pl Los Angeles 90010,60C5ECFA-209F-4775-98ED-2272C6A70821_667_1/2_S_Shatto_Pl_Los_Angeles_90010,Shatto,667 1/2 S Shatto Place Pl Los Angeles 90010,,,,
598553,1175295,,5077010025.0,,669.0,1/4,,South,,,Shatto,Place,,,,,,,,,,,,,90010.0,,Los Angeles,Los Angeles,,,,,LA City,{330B72E6-274F-48F6-9E3D-92A99F918772},0,,330B72E6-274F-48F6-9E3D-92A99F918772,Unknown,,S,,,Pl,S Shatto Pl,2024/05/12 21:05:27+00,669 1/4 S Shatto Pl Los Angeles 90010,330B72E6-274F-48F6-9E3D-92A99F918772_669_1/4_S_Shatto_Pl_Los_Angeles_90010,Shatto,669 1/4 S Shatto Place Pl Los Angeles 90010,,,,
598554,1175296,,5077010025.0,,665.0,1/2,,South,,,Shatto,Place,,,,,,,,,,,,,90010.0,,Los Angeles,Los Angeles,,,,,LA City,{34E012BE-1299-4C0D-8CF8-E7F296B2BF7F},0,,34E012BE-1299-4C0D-8CF8-E7F296B2BF7F,Unknown,,S,,,Pl,S Shatto Pl,2024/05/12 21:05:27+00,665 1/2 S Shatto Pl Los Angeles 90010,34E012BE-1299-4C0D-8CF8-E7F296B2BF7F_665_1/2_S_Shatto_Pl_Los_Angeles_90010,Shatto,665 1/2 S Shatto Place Pl Los Angeles 90010,,,,
598555,1175297,,5077010025.0,,664.0,,,South,,,Vermont,Avenue,,,,,,,,,,,,,90010.0,,Los Angeles,Los Angeles,,,,,LA City,{7EE1AE2F-C4DE-48B1-B236-90548B855343},0,,7EE1AE2F-C4DE-48B1-B236-90548B855343,Unknown,,S,,,Ave,S Vermont Ave,2024/05/12 21:05:27+00,664 S Vermont Ave Los Angeles 90010,7EE1AE2F-C4DE-48B1-B236-90548B855343_664_S_Vermont_Ave_Los_Angeles_90010,Vermont,664 S Vermont Avenue Ave Los Angeles 90010,,,,
598557,1175299,,5077010025.0,,664.0,1/2,,South,,,Vermont,Avenue,,,,,,,,,,,,,90010.0,,Los Angeles,Los Angeles,,,,,LA City,{86A65AFA-07AE-4EB4-A91E-E05AED0EC6A1},0,,86A65AFA-07AE-4EB4-A91E-E05AED0EC6A1,Unknown,,S,,,Ave,S Vermont Ave,2024/05/12 21:05:27+00,664 1/2 S Vermont Ave Los Angeles 90010,86A65AFA-07AE-4EB4-A91E-E05AED0EC6A1_664_1/2_S_Vermont_Ave_Los_Angeles_90010,Vermont,664 1/2 S Vermont Avenue Ave Los Angeles 90010,,,,
598558,1175300,,5077010025.0,,669.0,1/2,,South,,,Shatto,Place,,,,,,,,,,,,,90010.0,,Los Angeles,Los Angeles,,,,,LA City,{B7D23F29-CACC-48A9-BD27-A498FD280DF5},0,,B7D23F29-CACC-48A9-BD27-A498FD280DF5,Unknown,,S,,,Pl,S Shatto Pl,2024/05/12 21:05:27+00,669 1/2 S Shatto Pl Los Angeles 90010,B7D23F29-CACC-48A9-BD27-A498FD280DF5_669_1/2_S_Shatto_Pl_Los_Angeles_90010,Shatto,669 1/2 S Shatto Place Pl Los Angeles 90010,,,,
598559,1175301,,5077010025.0,,669.0,3/4,,South,,,Shatto,Place,,,,,,,,,,,,,90010.0,,Los Angeles,Los Angeles,,,,,LA City,{FB365FB5-A63B-4DBE-99CF-63D7273B341B},0,,FB365FB5-A63B-4DBE-99CF-63D7273B341B,Unknown,,S,,,Pl,S Shatto Pl,2024/05/12 21:05:27+00,669 3/4 S Shatto Pl Los Angeles 90010,FB365FB5-A63B-4DBE-99CF-63D7273B341B_669_3/4_S_Shatto_Pl_Los_Angeles_90010,Shatto,669 3/4 S Shatto Place Pl Los Angeles 90010,,,,
598560,1175302,,5077010025.0,,665.0,1/4,,South,,,Shatto,Place,,,,,,,,,,,,,90010.0,,Los Angeles,Los Angeles,,,,,LA City,{7A32F2C1-2E5F-48DD-8B03-B862AAA0910B},0,,7A32F2C1-2E5F-48DD-8B03-B862AAA0910B,Unknown,,S,,,Pl,S Shatto Pl,2024/05/12 21:05:27+00,665 1/4 S Shatto Pl Los Angeles 90010,7A32F2C1-2E5F-48DD-8B03-B862AAA0910B_665_1/4_S_Shatto_Pl_Los_Angeles_90010,Shatto,665 1/4 S Shatto Place Pl Los Angeles 90010,,,,
598565,1175307,,5077011001.0,,3108.0,,,West,,,Wilshire,Boulevard,,,,,,,,,,,,,90010.0,,Los Angeles,Los Angeles,,,,,LA City,{255FADA7-F84B-49A2-940A-0D237B3BC11C},0,,255FADA7-F84B-49A2-940A-0D237B3BC11C,Unknown,,W,,,Blvd,W Wilshire Blvd,2023/09/12 23:03:18+00,3108 W Wilshire Blvd Los Angeles 90010,255FADA7-F84B-49A2-940A-0D237B3BC11C_3108_W_Wilshire_Blvd_Los_Angeles_90010,Wilshire,3108 W Wilshire Boulevard Blvd Los Angeles 90010,,,,
598566,1175308,,5077011001.0,,3100.0,,,West,,,Wilshire,Boulevard,,,,,,,,,,,,,90010.0,,Los Angeles,Los Angeles,,,,,LA City,{ACBE74BE-C253-4A78-BE6A-804681F34FB7},0,,ACBE74BE-C253-4A78-BE6A-804681F34FB7,Unknown,,W,,,Blvd,W Wilshire Blvd,2023/09/12 23:03:18+00,3100 W Wilshire Blvd Los Angeles 90010,ACBE74BE-C253-4A78-BE6A-804681F34FB7_3100_W_Wilshire_Blvd_Los_Angeles_90010,Wilshire,3100 W Wilshire Boulevard Blvd Los Angeles 90010,,,,
598567,1175309,,5077011001.0,,663.0,,,South,,,Westmoreland,Avenue,,,,,,,,,,,,,90010.0,,Los Angeles,Los Angeles,,,,,LA City,{C5FAD3F9-136E-4A84-BA21-690AD4954534},0,,C5FAD3F9-136E-4A84-BA21-690AD4954534,Unknown,,S,,,Ave,S Westmoreland Ave,2023/09/12 23:03:18+00,663 S Westmoreland Ave Los Angeles 90010,C5FAD3F9-136E-4A84-BA21-690AD4954534_663_S_Westmoreland_Ave_Los_Angeles_90010,Westmoreland,663 S Westmoreland Avenue Ave Los Angeles 90010,,,,
598568,1175310,,5077011001.0,,659.0,,,South,,,Westmoreland,Avenue,,,,,,,,,,,,,90010.0,,Los Angeles,Los Angeles,,,,,LA City,{7AD8EB32-2661-477F-92BA-E9CCD4FA5D5C},0,,7AD8EB32-2661-477F-92BA-E9CCD4FA5D5C,Unknown,,S,,,Ave,S Westmoreland Ave,2023/09/12 23:03:18+00,659 S Westmoreland Ave Los Angeles 90010,7AD8EB32-2661-477F-92BA-E9CCD4FA5D5C_659_S_Westmoreland_Ave_Los_Angeles_90010,Westmoreland,659 S Westmoreland Avenue Ave Los Angeles 90010,,,,
598569,1175311,,5077011001.0,,3104.0,,,West,,,Wilshire,Boulevard,,,,,,,,,,,,,90010.0,,Los Angeles,Los Angeles,,,,,LA City,{873FF305-0D1E-4E55-8BC9-4316968EDFAB},0,,873FF305-0D1E-4E55-8BC9-4316968EDFAB,Unknown,,W,,,Blvd,W Wilshire Blvd,2023/09/12 23:03:18+00,3104 W Wilshire Blvd Los Angeles 90010,873FF305-0D1E-4E55-8BC9-4316968EDFAB_3104_W_Wilshire_Blvd_Los_Angeles_90010,Wilshire,3104 W Wilshire Boulevard Blvd Los Angeles 90010,,,,
598570,1175312,,5077011001.0,,3102.0,,,West,,,Wilshire,Boulevard,,,,,,,,,,,,,90010.0,,Los Angeles,Los Angeles,,,,,LA City,{27E68455-046B-4AB9-8AD3-DE89B945A37B},0,,27E68455-046B-4AB9-8AD3-DE89B945A37B,Unknown,,W,,,Blvd,W Wilshire Blvd,2023/09/12 23:03:18+00,3102 W Wilshire Blvd Los Angeles 90010,27E68455-046B-4AB9-8AD3-DE89B945A37B_3102_W_Wilshire_Blvd_Los_Angeles_90010,Wilshire,3102 W Wilshire Boulevard Blvd Los Angeles 90010,,,,
598575,1175317,,5077011011.0,,666.0,,,South,,,Shatto,Place,,,,,,,,,,,,,90010.0,,Los Angeles,Los Angeles,,,,,LA City,{EBDF4E3C-59D0-4FD5-BE75-75069D1A9FF7},0,,EBDF4E3C-59D0-4FD5-BE75-75069D1A9FF7,Unknown,,S,,,Pl,S Shatto Pl,2023/09/12 23:03:18+00,666 S Shatto Pl Los Angeles 90010,EBDF4E3C-59D0-4FD5-BE75-75069D1A9FF7_666_S_Shatto_Pl_Los_Angeles_90010,Shatto,666 S Shatto Place Pl Los Angeles 90010,,,,
598576,1175318,,5077011015.0,,3130.0,,,West,,,Wilshire,Boulevard,,,,,,,,,,,,,90010.0,,Los Angeles,Los Angeles,,,,,LA City,{C719BBD6-7435-4A23-9AC3-D1D86EC65D3D},0,,C719BBD6-7435-4A23-9AC3-D1D86EC65D3D,Unknown,,W,,,Blvd,W Wilshire Blvd,2023/09/12 23:03:18+00,3130 W Wilshire Blvd Los Angeles 90010,C719BBD6-7435-4A23-9AC3-D1D86EC65D3D_3130_W_Wilshire_Blvd_Los_Angeles_90010,Wilshire,3130 W Wilshire Boulevard Blvd Los Angeles 90010,,,,
598577,1175319,,5077011015.0,,3134.0,,,West,,,Wilshire,Boulevard,,,,,,,,,,,,,90010.0,,Los Angeles,Los Angeles,,,,,LA City,{A0E1DD3F-7EE1-4F10-95ED-2CB25A9C82AD},0,,A0E1DD3F-7EE1-4F10-95ED-2CB25A9C82AD,Unknown,,W,,,Blvd,W Wilshire Blvd,2023/09/12 23:03:18+00,3134 W Wilshire Blvd Los Angeles 90010,A0E1DD3F-7EE1-4F10-95ED-2CB25A9C82AD_3134_W_Wilshire_Blvd_Los_Angeles_90010,Wilshire,3134 W Wilshire Boulevard Blvd Los Angeles 90010,,,,
598599,1175341,,5077011026.0,,669.0,,,South,,,Westmoreland,Avenue,,,,,,,,,,,,,90010.0,,Los Angeles,Los Angeles,,,,,LA City,{2BAB3ECA-04F6-4480-8CDA-F3C5320570F8},0,,2BAB3ECA-04F6-4480-8CDA-F3C5320570F8,Unknown,,S,,,Ave,S Westmoreland Ave,2023/09/12 23:03:18+00,669 S Westmoreland Ave Los Angeles 90010,2BAB3ECA-04F6-4480-8CDA-F3C5320570F8_669_S_Westmoreland_Ave_Los_Angeles_90010,Westmoreland,669 S Westmoreland Avenue Ave Los Angeles 90010,,,,
598600,1175342,,5077011026.0,,3050.0,,,West,,,Wilshire,Boulevard,,,,,,,,,,,,,90010.0,,Los Angeles,Los Angeles,,,,,LA City,{29B9F5CB-08DC-4DE4-A427-4F5239C1C7BE},0,,29B9F5CB-08DC-4DE4-A427-4F5239C1C7BE,Unknown,,W,,,Blvd,W Wilshire Blvd,2024/05/12 21:05:27+00,3050 W Wilshire Blvd Los Angeles 90010,29B9F5CB-08DC-4DE4-A427-4F5239C1C7BE_3050_W_Wilshire_Blvd_Los_Angeles_90010,Wilshire,3050 W Wilshire Boulevard Blvd Los Angeles 90010,,,,
598601,1175343,,5077013011.0,,2960.0,,,West,,,Wilshire,Boulevard,,,,,,,,,,,,,90010.0,,Los Angeles,Los Angeles,,,,,LA City,{D1C101F0-2305-4601-960D-6B0AA3875F70},0,,D1C101F0-2305-4601-960D-6B0AA3875F70,Unknown,,W,,,Blvd,W Wilshire Blvd,2023/09/12 23:03:18+00,2960 W Wilshire Blvd Los Angeles 90010,D1C101F0-2305-4601-960D-6B0AA3875F70_2960_W_Wilshire_Blvd_Los_Angeles_90010,Wilshire,2960 W Wilshire Boulevard Blvd Los Angeles 90010,,,,
598602,1175344,,5077013012.0,,2966.0,,,West,,,Wilshire,Boulevard,,,,,,,,,,,,,90010.0,,Los Angeles,Los Angeles,,,,,LA City,{B9D61CF0-B4F4-4A5B-AA68-32430ED97910},0,,B9D61CF0-B4F4-4A5B-AA68-32430ED97910,Unknown,,W,,,Blvd,W Wilshire Blvd,2023/09/12 23:03:18+00,2966 W Wilshire Blvd Los Angeles 90010,B9D61CF0-B4F4-4A5B-AA68-32430ED97910_2966_W_Wilshire_Blvd_Los_Angeles_90010,Wilshire,2966 W Wilshire Boulevard Blvd Los Angeles 90010,,,,
598603,1175345,,5077013013.0,,2978.0,,,West,,,Wilshire,Boulevard,,,,,,,,,,,,,90010.0,,Los Angeles,Los Angeles,,,,,LA City,{419BE78E-13B5-45C6-B74D-3377D7C8CE37},0,,419BE78E-13B5-45C6-B74D-3377D7C8CE37,Unknown,,W,,,Blvd,W Wilshire Blvd,2023/09/12 23:03:18+00,2978 W Wilshire Blvd Los Angeles 90010,419BE78E-13B5-45C6-B74D-3377D7C8CE37_2978_W_Wilshire_Blvd_Los_Angeles_90010,Wilshire,2978 W Wilshire Boulevard Blvd Los Angeles 90010,,,,
598604,1175346,,5077013013.0,,2976.0,,,West,,,Wilshire,Boulevard,,,,,,,,,,,,,90010.0,,Los Angeles,Los Angeles,,,,,LA City,{79A76967-BDBA-4FA1-84DD-250A3FC1A770},0,,79A76967-BDBA-4FA1-84DD-250A3FC1A770,Unknown,,W,,,Blvd,W Wilshire Blvd,2023/09/12 23:03:18+00,2976 W Wilshire Blvd Los Angeles 90010,79A76967-BDBA-4FA1-84DD-250A3FC1A770_2976_W_Wilshire_Blvd_Los_Angeles_90010,Wilshire,2976 W Wilshire Boulevard Blvd Los Angeles 90010,,,,
598605,1175347,,5077013013.0,,2972.0,,,West,,,Wilshire,Boulevard,,,,,,,,,,,,,90010.0,,Los Angeles,Los Angeles,,,,,LA City,{5EE58204-D288-4F21-85B3-C34E6C801B8D},0,,5EE58204-D288-4F21-85B3-C34E6C801B8D,Unknown,,W,,,Blvd,W Wilshire Blvd,2023/09/12 23:03:18+00,2972 W Wilshire Blvd Los Angeles 90010,5EE58204-D288-4F21-85B3-C34E6C801B8D_2972_W_Wilshire_Blvd_Los_Angeles_90010,Wilshire,2972 W Wilshire Boulevard Blvd Los Angeles 90010,,,,
598606,1175348,,5077013014.0,,2982.0,,,West,,,Wilshire,Boulevard,,,,,,,,,,,,,90010.0,,Los Angeles,Los Angeles,,,,,LA City,{1EB38F4E-5B7B-4978-957B-40E4D6386B1F},0,,1EB38F4E-5B7B-4978-957B-40E4D6386B1F,Unknown,,W,,,Blvd,W Wilshire Blvd,2023/09/12 23:03:18+00,2982 W Wilshire Blvd Los Angeles 90010,1EB38F4E-5B7B-4978-957B-40E4D6386B1F_2982_W_Wilshire_Blvd_Los_Angeles_90010,Wilshire,2982 W Wilshire Boulevard Blvd Los Angeles 90010,,,,
598607,1175349,,5077013014.0,,3000.0,,,West,,,Wilshire,Boulevard,,,,,,,,,,,,,90010.0,,Los Angeles,Los Angeles,,,,,LA City,{12FAE58B-BCDB-4E3B-A02A-A16E5224FD3D},0,,12FAE58B-BCDB-4E3B-A02A-A16E5224FD3D,Unknown,,W,,,Blvd,W Wilshire Blvd,2023/09/12 23:03:18+00,3000 W Wilshire Blvd Los Angeles 90010,12FAE58B-BCDB-4E3B-A02A-A16E5224FD3D_3000_W_Wilshire_Blvd_Los_Angeles_90010,Wilshire,3000 W Wilshire Boulevard Blvd Los Angeles 90010,,,,
598608,1175350,,5077013014.0,,2980.0,,,West,,,Wilshire,Boulevard,,,,,,,,,,,,,90010.0,,Los Angeles,Los Angeles,,,,,LA City,{19B416EF-A7B6-46C6-BB98-BA106D16EE54},0,,19B416EF-A7B6-46C6-BB98-BA106D16EE54,Unknown,,W,,,Blvd,W Wilshire Blvd,2023/09/12 23:03:18+00,2980 W Wilshire Blvd Los Angeles 90010,19B416EF-A7B6-46C6-BB98-BA106D16EE54_2980_W_Wilshire_Blvd_Los_Angeles_90010,Wilshire,2980 W Wilshire Boulevard Blvd Los Angeles 90010,,,,
598609,1175351,,5077013014.0,,2986.0,,,West,,,Wilshire,Boulevard,,,,,,,,,,,,,90010.0,,Los Angeles,Los Angeles,,,,,LA City,{DC3546F4-86AA-447C-BE4C-6EE7492FA8C5},0,,DC3546F4-86AA-447C-BE4C-6EE7492FA8C5,Unknown,,W,,,Blvd,W Wilshire Blvd,2023/09/12 23:03:18+00,2986 W Wilshire Blvd Los Angeles 90010,DC3546F4-86AA-447C-BE4C-6EE7492FA8C5_2986_W_Wilshire_Blvd_Los_Angeles_90010,Wilshire,2986 W Wilshire Boulevard Blvd Los Angeles 90010,,,,
598610,1175352,,5077013014.0,,2984.0,,,West,,,Wilshire,Boulevard,,,,,,,,,,,,,90010.0,,Los Angeles,Los Angeles,,,,,LA City,{AEDCED8D-A927-406E-B952-24D30A5229C8},0,,AEDCED8D-A927-406E-B952-24D30A5229C8,Unknown,,W,,,Blvd,W Wilshire Blvd,2023/09/12 23:03:18+00,2984 W Wilshire Blvd Los Angeles 90010,AEDCED8D-A927-406E-B952-24D30A5229C8_2984_W_Wilshire_Blvd_Los_Angeles_90010,Wilshire,2984 W Wilshire Boulevard Blvd Los Angeles 90010,,,,
598611,1175353,,5077013015.0,,3014.0,,,West,,,Wilshire,Boulevard,,,,,,,,,,,,,90010.0,,Los Angeles,Los Angeles,,,,,LA City,{99ED5E32-1A53-45FB-B333-36C1ABFC196E},0,,99ED5E32-1A53-45FB-B333-36C1ABFC196E,Unknown,,W,,,Blvd,W Wilshire Blvd,2023/09/12 23:03:18+00,3014 W Wilshire Blvd Los Angeles 90010,99ED5E32-1A53-45FB-B333-36C1ABFC196E_3014_W_Wilshire_Blvd_Los_Angeles_90010,Wilshire,3014 W Wilshire Boulevard Blvd Los Angeles 90010,,,,
598612,1175354,,5077013015.0,,3008.0,,,West,,,Wilshire,Boulevard,,,,,,,,,,,,,90010.0,,Los Angeles,Los Angeles,,,,,LA City,{01A88AA1-AA7F-4070-97E8-D3D8161D6416},0,,01A88AA1-AA7F-4070-97E8-D3D8161D6416,Unknown,,W,,,Blvd,W Wilshire Blvd,2023/09/12 23:03:18+00,3008 W Wilshire Blvd Los Angeles 90010,01A88AA1-AA7F-4070-97E8-D3D8161D6416_3008_W_Wilshire_Blvd_Los_Angeles_90010,Wilshire,3008 W Wilshire Boulevard Blvd Los Angeles 90010,,,,
598613,1175355,,5077013015.0,,3010.0,,,West,,,Wilshire,Boulevard,,,,,,,,,,,,,90010.0,,Los Angeles,Los Angeles,,,,,LA City,{8F640E2D-EB77-43ED-A3E1-203FEDE7F4D6},0,,8F640E2D-EB77-43ED-A3E1-203FEDE7F4D6,Unknown,,W,,,Blvd,W Wilshire Blvd,2023/09/12 23:03:18+00,3010 W Wilshire Blvd Los Angeles 90010,8F640E2D-EB77-43ED-A3E1-203FEDE7F4D6_3010_W_Wilshire_Blvd_Los_Angeles_90010,Wilshire,3010 W Wilshire Boulevard Blvd Los Angeles 90010,,,,
598614,1175356,,5077013015.0,,3006.0,,,West,,,Wilshire,Boulevard,,,,,,,,,,,,,90010.0,,Los Angeles,Los Angeles,,,,,LA City,{4A3CC0B5-4E14-4E65-BBFF-F7288D30A45F},0,,4A3CC0B5-4E14-4E65-BBFF-F7288D30A45F,Unknown,,W,,,Blvd,W Wilshire Blvd,2023/09/12 23:03:18+00,3006 W Wilshire Blvd Los Angeles 90010,4A3CC0B5-4E14-4E65-BBFF-F7288D30A45F_3006_W_Wilshire_Blvd_Los_Angeles_90010,Wilshire,3006 W Wilshire Boulevard Blvd Los Angeles 90010,,,,
598615,1175357,,5077013015.0,,3012.0,1/2,,West,,,Wilshire,Boulevard,,,,,,,,,,,,,90010.0,,Los Angeles,Los Angeles,,,,,LA City,{FD470A82-23B6-410D-A31E-51248983E289},0,,FD470A82-23B6-410D-A31E-51248983E289,Unknown,,W,,,Blvd,W Wilshire Blvd,2024/05/12 21:05:27+00,3012 1/2 W Wilshire Blvd Los Angeles 90010,FD470A82-23B6-410D-A31E-51248983E289_3012_1/2_W_Wilshire_Blvd_Los_Angeles_90010,Wilshire,3012 1/2 W Wilshire Boulevard Blvd Los Angeles 90010,,,,
598616,1175358,,5077013015.0,,3012.0,,,West,,,Wilshire,Boulevard,,,,,,,,,,,,,90010.0,,Los Angeles,Los Angeles,,,,,LA City,{7B837666-6873-4E93-996E-20AB82A34ED3},0,,7B837666-6873-4E93-996E-20AB82A34ED3,Unknown,,W,,,Blvd,W Wilshire Blvd,2024/05/12 21:05:27+00,3012 W Wilshire Blvd Los Angeles 90010,7B837666-6873-4E93-996E-20AB82A34ED3_3012_W_Wilshire_Blvd_Los_Angeles_90010,Wilshire,3012 W Wilshire Boulevard Blvd Los Angeles 90010,,,,
598627,1175369,,5077013038.0,,3018.0,,,West,,,Wilshire,Boulevard,,,,,,,,,,,,,90010.0,,Los Angeles,Los Angeles,,,,,LA City,{81114EA3-3BD3-4817-B6A4-73C9F5418AB7},0,,81114EA3-3BD3-4817-B6A4-73C9F5418AB7,Unknown,,W,,,Blvd,W Wilshire Blvd,2023/09/12 23:03:18+00,3018 W Wilshire Blvd Los Angeles 90010,81114EA3-3BD3-4817-B6A4-73C9F5418AB7_3018_W_Wilshire_Blvd_Los_Angeles_90010,Wilshire,3018 W Wilshire Boulevard Blvd Los Angeles 90010,,,,
598628,1175370,,5077013038.0,,654.0,,,South,,,Wilshire,Place,,,,,,,,,,,,,90010.0,,Los Angeles,Los Angeles,,,,,LA City,{09768F3B-2A13-4919-9882-5C23B5BF2B2F},0,,09768F3B-2A13-4919-9882-5C23B5BF2B2F,Unknown,,S,,,Pl,S Wilshire Pl,2023/09/12 23:03:18+00,654 S Wilshire Pl Los Angeles 90010,09768F3B-2A13-4919-9882-5C23B5BF2B2F_654_S_Wilshire_Pl_Los_Angeles_90010,Wilshire,654 S Wilshire Place Pl Los Angeles 90010,,,,
598629,1175371,,5077013038.0,,3020.0,,,West,,,Wilshire,Boulevard,,,,,,,,,,,,,90010.0,,Los Angeles,Los Angeles,,,,,LA City,{15AB9B03-1E1A-4AB0-BB00-FD0BC99BCAEB},0,,15AB9B03-1E1A-4AB0-BB00-FD0BC99BCAEB,Unknown,,W,,,Blvd,W Wilshire Blvd,2023/09/12 23:03:18+00,3020 W Wilshire Blvd Los Angeles 90010,15AB9B03-1E1A-4AB0-BB00-FD0BC99BCAEB_3020_W_Wilshire_Blvd_Los_Angeles_90010,Wilshire,3020 W Wilshire Boulevard Blvd Los Angeles 90010,,,,
598630,1175372,,5077013038.0,,3016.0,,,West,,,Wilshire,Boulevard,,,,,,,,,,,,,90010.0,,Los Angeles,Los Angeles,,,,,LA City,{0009297A-8496-48F8-B457-B748D7EE6374},0,,0009297A-8496-48F8-B457-B748D7EE6374,Unknown,,W,,,Blvd,W Wilshire Blvd,2023/09/12 23:03:18+00,3016 W Wilshire Blvd Los Angeles 90010,0009297A-8496-48F8-B457-B748D7EE6374_3016_W_Wilshire_Blvd_Los_Angeles_90010,Wilshire,3016 W Wilshire Boulevard Blvd Los Angeles 90010,,,,
598638,1175380,,5077013041.0,,2920.0,,,West,,,Wilshire,Boulevard,,,,,,,,,,,,,90010.0,,Los Angeles,Los Angeles,,,,,LA City,{696B901C-4A67-4246-A33B-3E2B9C420AF1},0,,696B901C-4A67-4246-A33B-3E2B9C420AF1,Unknown,,W,,,Blvd,W Wilshire Blvd,2023/09/12 23:03:18+00,2920 W Wilshire Blvd Los Angeles 90010,696B901C-4A67-4246-A33B-3E2B9C420AF1_2920_W_Wilshire_Blvd_Los_Angeles_90010,Wilshire,2920 W Wilshire Boulevard Blvd Los Angeles 90010,,,,
598640,1175382,,5077013041.0,,2926.0,,,West,,,Wilshire,Boulevard,,,,,,,,,,,,,90010.0,,Los Angeles,Los Angeles,,,,,LA City,{F3A48379-7DA2-4CC8-A222-CFA18A525A43},0,,F3A48379-7DA2-4CC8-A222-CFA18A525A43,Unknown,,W,,,Blvd,W Wilshire Blvd,2023/09/12 23:03:18+00,2926 W Wilshire Blvd Los Angeles 90010,F3A48379-7DA2-4CC8-A222-CFA18A525A43_2926_W_Wilshire_Blvd_Los_Angeles_90010,Wilshire,2926 W Wilshire Boulevard Blvd Los Angeles 90010,,,,
598646,1175388,,5077013041.0,,2932.0,,,West,,,Wilshire,Boulevard,,,,,,,,,,,,,90010.0,,Los Angeles,Los Angeles,,,,,LA City,{ADF46678-A832-41A4-90FC-9D41A1F9CE5A},0,,ADF46678-A832-41A4-90FC-9D41A1F9CE5A,Unknown,,W,,,Blvd,W Wilshire Blvd,2023/09/12 23:03:18+00,2932 W Wilshire Blvd Los Angeles 90010,ADF46678-A832-41A4-90FC-9D41A1F9CE5A_2932_W_Wilshire_Blvd_Los_Angeles_90010,Wilshire,2932 W Wilshire Boulevard Blvd Los Angeles 90010,,,,
598648,1175390,,5077013041.0,,2902.0,,,West,,,Wilshire,Boulevard,,,,,,,,,,,,,90010.0,,Los Angeles,Los Angeles,,,,,LA City,{8C37A415-102D-48B7-875A-624A68880A84},0,,8C37A415-102D-48B7-875A-624A68880A84,Unknown,,W,,,Blvd,W Wilshire Blvd,2023/09/12 23:03:18+00,2902 W Wilshire Blvd Los Angeles 90010,8C37A415-102D-48B7-875A-624A68880A84_2902_W_Wilshire_Blvd_Los_Angeles_90010,Wilshire,2902 W Wilshire Boulevard Blvd Los Angeles 90010,,,,
598649,1175391,,5077013041.0,,2900.0,,,,,,Wilshire,Avenue,,,,,,,,,,,,,90010.0,,Los Angeles,Los Angeles,,,,,Assessor,{AFD32A04-BBE9-47DD-AF00-F13D3A55C493},0,,AFD32A04-BBE9-47DD-AF00-F13D3A55C493,Unknown,,,,,Ave,Wilshire Ave,2024/04/27 17:13:09+00,2900 Wilshire Ave Los Angeles 90010,AFD32A04-BBE9-47DD-AF00-F13D3A55C493_2900_Wilshire_Ave_Los_Angeles_90010,Wilshire,2900 Wilshire Avenue Ave Los Angeles 90010,,,,
614782,1191529,,5090008031.0,,4736.0,,,West,,,Wilshire,Boulevard,,,,,,,,,,,,,90010.0,,Los Angeles,Los Angeles,,,,,LA City,{B2062DEC-5783-40AE-AC35-628BF901E8AB},0,,B2062DEC-5783-40AE-AC35-628BF901E8AB,Unknown,,W,,,Blvd,W Wilshire Blvd,2023/09/12 23:03:18+00,4736 W Wilshire Blvd Los Angeles 90010,B2062DEC-5783-40AE-AC35-628BF901E8AB_4736_W_Wilshire_Blvd_Los_Angeles_90010,Wilshire,4736 W Wilshire Boulevard Blvd Los Angeles 90010,,,,
614783,1191530,,5090008031.0,,4700.0,,,West,,,Wilshire,Boulevard,,,,,,,,,,,,,90010.0,,Los Angeles,Los Angeles,,,,,LA City,{6BAC0AA5-0E31-49F9-85C0-868E37095B67},0,,6BAC0AA5-0E31-49F9-85C0-868E37095B67,Unknown,,W,,,Blvd,W Wilshire Blvd,2023/09/12 23:03:18+00,4700 W Wilshire Blvd Los Angeles 90010,6BAC0AA5-0E31-49F9-85C0-868E37095B67_4700_W_Wilshire_Blvd_Los_Angeles_90010,Wilshire,4700 W Wilshire Boulevard Blvd Los Angeles 90010,,,,
614786,1191533,,5090009005.0,,715.0,,,South,,,Mullen,Avenue,,,,,,,,,,,,,90010.0,,Los Angeles,Los Angeles,,,,,LA City,{2B220143-6B85-4E13-9CA8-48ECF1692611},0,,2B220143-6B85-4E13-9CA8-48ECF1692611,Unknown,,S,,,Ave,S Mullen Ave,2023/09/12 23:03:18+00,715 S Mullen Ave Los Angeles 90010,2B220143-6B85-4E13-9CA8-48ECF1692611_715_S_Mullen_Ave_Los_Angeles_90010,Mullen,715 S Mullen Avenue Ave Los Angeles 90010,,,,
614787,1191534,,5090009005.0,,717.0,,,South,,,Mullen,Avenue,,,,,,,,,,,,,90010.0,,Los Angeles,Los Angeles,,,,,LA City,{E8CD0FA0-F80A-49AE-80F4-205977FA2F48},0,,E8CD0FA0-F80A-49AE-80F4-205977FA2F48,Unknown,,S,,,Ave,S Mullen Ave,2023/09/12 23:03:18+00,717 S Mullen Ave Los Angeles 90010,E8CD0FA0-F80A-49AE-80F4-205977FA2F48_717_S_Mullen_Ave_Los_Angeles_90010,Mullen,717 S Mullen Avenue Ave Los Angeles 90010,,,,
614791,1191538,,5090009020.0,,4656.0,,,West,,,Wilshire,Boulevard,,,,,,,,,,,,,90010.0,,Los Angeles,Los Angeles,,,,,LA City,{349415C7-734D-40AB-A00A-9937DE0791FA},0,,349415C7-734D-40AB-A00A-9937DE0791FA,Unknown,,W,,,Blvd,W Wilshire Blvd,2023/09/12 23:03:18+00,4656 W Wilshire Blvd Los Angeles 90010,349415C7-734D-40AB-A00A-9937DE0791FA_4656_W_Wilshire_Blvd_Los_Angeles_90010,Wilshire,4656 W Wilshire Boulevard Blvd Los Angeles 90010,,,,
614792,1191539,,5090009021.0,,4616.0,,,West,,,Wilshire,Boulevard,,,,,,,,,,,,,90010.0,,Los Angeles,Los Angeles,,,,,LA City,{3A42DC12-C795-45E3-A72F-BE97EA78B9CB},0,,3A42DC12-C795-45E3-A72F-BE97EA78B9CB,Unknown,,W,,,Blvd,W Wilshire Blvd,2023/09/12 23:03:18+00,4616 W Wilshire Blvd Los Angeles 90010,3A42DC12-C795-45E3-A72F-BE97EA78B9CB_4616_W_Wilshire_Blvd_Los_Angeles_90010,Wilshire,4616 W Wilshire Boulevard Blvd Los Angeles 90010,,,,
614793,1191540,,5090009021.0,,4600.0,,,West,,,Wilshire,Boulevard,,,,,,,,,,,,,90010.0,,Los Angeles,Los Angeles,,,,,LA City,{DB130CE1-1F63-483D-8D06-C8CED9FD939B},0,,DB130CE1-1F63-483D-8D06-C8CED9FD939B,Unknown,,W,,,Blvd,W Wilshire Blvd,2023/09/12 23:03:18+00,4600 W Wilshire Blvd Los Angeles 90010,DB130CE1-1F63-483D-8D06-C8CED9FD939B_4600_W_Wilshire_Blvd_Los_Angeles_90010,Wilshire,4600 W Wilshire Boulevard Blvd Los Angeles 90010,,,,
614919,1191666,,5090014001.0,,4500.0,,,West,,,Wilshire,Boulevard,,,,,,,,,,,,,90010.0,,Los Angeles,Los Angeles,,,,,LA City,{68DAAE8E-1E8E-40EE-BDA4-AF573FC528B5},0,,68DAAE8E-1E8E-40EE-BDA4-AF573FC528B5,Unknown,,W,,,Blvd,W Wilshire Blvd,2023/09/12 23:03:18+00,4500 W Wilshire Blvd Los Angeles 90010,68DAAE8E-1E8E-40EE-BDA4-AF573FC528B5_4500_W_Wilshire_Blvd_Los_Angeles_90010,Wilshire,4500 W Wilshire Boulevard Blvd Los Angeles 90010,,,,
614921,1191668,,5090014004.0,,4526.0,,,West,,,Wilshire,Boulevard,,,,,,,,,,,,,90010.0,,Los Angeles,Los Angeles,,,,,LA City,{33EBB05D-24BC-4FFF-AD5B-139EEB1DBBD2},0,,33EBB05D-24BC-4FFF-AD5B-139EEB1DBBD2,Unknown,,W,,,Blvd,W Wilshire Blvd,2023/09/12 23:03:18+00,4526 W Wilshire Blvd Los Angeles 90010,33EBB05D-24BC-4FFF-AD5B-139EEB1DBBD2_4526_W_Wilshire_Blvd_Los_Angeles_90010,Wilshire,4526 W Wilshire Boulevard Blvd Los Angeles 90010,,,,
614922,1191669,,5090014004.0,,4528.0,,,West,,,Wilshire,Boulevard,,,,,,,,,,,,,90010.0,,Los Angeles,Los Angeles,,,,,LA City,{D5251D24-816B-4943-AD6C-21115AA4ADB7},0,,D5251D24-816B-4943-AD6C-21115AA4ADB7,Unknown,,W,,,Blvd,W Wilshire Blvd,2023/09/12 23:03:18+00,4528 W Wilshire Blvd Los Angeles 90010,D5251D24-816B-4943-AD6C-21115AA4ADB7_4528_W_Wilshire_Blvd_Los_Angeles_90010,Wilshire,4528 W Wilshire Boulevard Blvd Los Angeles 90010,,,,
614923,1191670,,5090014004.0,,4524.0,,,West,,,Wilshire,Boulevard,,,,,,,,,,,,,90010.0,,Los Angeles,Los Angeles,,,,,LA City,{C82627B1-BA71-4726-A572-885619F74431},0,,C82627B1-BA71-4726-A572-885619F74431,Unknown,,W,,,Blvd,W Wilshire Blvd,2023/09/12 23:03:18+00,4524 W Wilshire Blvd Los Angeles 90010,C82627B1-BA71-4726-A572-885619F74431_4524_W_Wilshire_Blvd_Los_Angeles_90010,Wilshire,4524 W Wilshire Boulevard Blvd Los Angeles 90010,,,,
614930,1191677,,5090014015.0,,4550.0,,,West,,,Wilshire,Boulevard,,,,,,,,,,,,,90010.0,,Los Angeles,Los Angeles,,,,,LA City,{6EA6F279-941A-43F9-8CAF-5B7DE9450213},0,,6EA6F279-941A-43F9-8CAF-5B7DE9450213,Unknown,,W,,,Blvd,W Wilshire Blvd,2023/09/12 23:03:18+00,4550 W Wilshire Blvd Los Angeles 90010,6EA6F279-941A-43F9-8CAF-5B7DE9450213_4550_W_Wilshire_Blvd_Los_Angeles_90010,Wilshire,4550 W Wilshire Boulevard Blvd Los Angeles 90010,,,,
614944,1191691,,5090014030.0,,4520.0,,,West,,,Wilshire,Boulevard,,,,,,,,,,,,,90010.0,,Los Angeles,Los Angeles,,,,,LA City,{B43E21D1-47B0-4AAB-A60A-DC0AEF24D516},0,,B43E21D1-47B0-4AAB-A60A-DC0AEF24D516,Unknown,,W,,,Blvd,W Wilshire Blvd,2023/09/12 23:03:18+00,4520 W Wilshire Blvd Los Angeles 90010,B43E21D1-47B0-4AAB-A60A-DC0AEF24D516_4520_W_Wilshire_Blvd_Los_Angeles_90010,Wilshire,4520 W Wilshire Boulevard Blvd Los Angeles 90010,,,,
614945,1191692,,5090014032.0,,4536.0,,,West,,,Wilshire,Boulevard,,,,,,,,,,,,,90010.0,,Los Angeles,Los Angeles,,,,,LA City,{FCBB7C2A-C044-4CE9-A825-AF541BD7BCCF},0,,FCBB7C2A-C044-4CE9-A825-AF541BD7BCCF,Unknown,,W,,,Blvd,W Wilshire Blvd,2023/09/12 23:03:18+00,4536 W Wilshire Blvd Los Angeles 90010,FCBB7C2A-C044-4CE9-A825-AF541BD7BCCF_4536_W_Wilshire_Blvd_Los_Angeles_90010,Wilshire,4536 W Wilshire Boulevard Blvd Los Angeles 90010,,,,
615038,1191785,,5090019015.0,,4472.0,,,West,,,Wilshire,Boulevard,,,,,,,,,,,,,90010.0,,Los Angeles,Los Angeles,,,,,LA City,{5143329E-16D0-4FAF-BC40-CB4803794165},0,,5143329E-16D0-4FAF-BC40-CB4803794165,Unknown,,W,,,Blvd,W Wilshire Blvd,2023/09/12 23:03:18+00,4472 W Wilshire Blvd Los Angeles 90010,5143329E-16D0-4FAF-BC40-CB4803794165_4472_W_Wilshire_Blvd_Los_Angeles_90010,Wilshire,4472 W Wilshire Boulevard Blvd Los Angeles 90010,,,,
615039,1191786,,5090019060.0,,4444.0,,,West,,,Wilshire,Boulevard,,,,,,,,,,,,,90010.0,,Los Angeles,Los Angeles,,,,,LA City,{B80E107D-86A7-4C81-BF86-137AEDED576E},0,,B80E107D-86A7-4C81-BF86-137AEDED576E,Unknown,,W,,,Blvd,W Wilshire Blvd,2023/09/12 23:03:18+00,4444 W Wilshire Blvd Los Angeles 90010,B80E107D-86A7-4C81-BF86-137AEDED576E_4444_W_Wilshire_Blvd_Los_Angeles_90010,Wilshire,4444 W Wilshire Boulevard Blvd Los Angeles 90010,,,,
615041,1191788,,5090019080.0,,4484.0,,,West,,,Wilshire,Boulevard,,,,,,,,,,,,,90010.0,,Los Angeles,Los Angeles,,,,,LA City,{E07ADABB-CF73-47C1-B5D7-1019840BF613},0,,E07ADABB-CF73-47C1-B5D7-1019840BF613,Unknown,,W,,,Blvd,W Wilshire Blvd,2023/09/12 23:03:18+00,4484 W Wilshire Blvd Los Angeles 90010,E07ADABB-CF73-47C1-B5D7-1019840BF613_4484_W_Wilshire_Blvd_Los_Angeles_90010,Wilshire,4484 W Wilshire Boulevard Blvd Los Angeles 90010,,,,
615356,1192103,,5090030008.0,,4300.0,,,West,,,Wilshire,Boulevard,,,,,,,,,,,,,90010.0,,Los Angeles,Los Angeles,,,,,LA City,{C952C6EA-C50B-45C1-B06D-90C793901888},0,,C952C6EA-C50B-45C1-B06D-90C793901888,Unknown,,W,,,Blvd,W Wilshire Blvd,2023/09/12 23:03:18+00,4300 W Wilshire Blvd Los Angeles 90010,C952C6EA-C50B-45C1-B06D-90C793901888_4300_W_Wilshire_Blvd_Los_Angeles_90010,Wilshire,4300 W Wilshire Boulevard Blvd Los Angeles 90010,,,,
615357,1192104,,5090030009.0,,4322.0,,,West,,,Wilshire,Boulevard,,,,,,,,,,,,,90010.0,,Los Angeles,Los Angeles,,,,,LA City,{3E8AECFD-EBD1-41FB-8E39-352B188E1E0B},0,,3E8AECFD-EBD1-41FB-8E39-352B188E1E0B,Unknown,,W,,,Blvd,W Wilshire Blvd,2023/09/12 23:03:18+00,4322 W Wilshire Blvd Los Angeles 90010,3E8AECFD-EBD1-41FB-8E39-352B188E1E0B_4322_W_Wilshire_Blvd_Los_Angeles_90010,Wilshire,4322 W Wilshire Boulevard Blvd Los Angeles 90010,,,,
615358,1192105,,5090030010.0,,714.0,,,South,,,Plymouth,Boulevard,,,,,,,,,,,,,90010.0,,Los Angeles,Los Angeles,,,,,LA City,{3BB025B7-6047-4E28-A205-DB0717077BF1},0,,3BB025B7-6047-4E28-A205-DB0717077BF1,Unknown,,S,,,Blvd,S Plymouth Blvd,2023/09/12 23:03:18+00,714 S Plymouth Blvd Los Angeles 90010,3BB025B7-6047-4E28-A205-DB0717077BF1_714_S_Plymouth_Blvd_Los_Angeles_90010,Plymouth,714 S Plymouth Boulevard Blvd Los Angeles 90010,,,,
615393,1192140,,5090030030.0,,711.0,,,South,,,Plymouth,Boulevard,,,,,,,,,,,,,90010.0,,Los Angeles,Los Angeles,,,,,LA City,{2C5715F9-5B17-474C-A156-82910AAAA751},0,,2C5715F9-5B17-474C-A156-82910AAAA751,Unknown,,S,,,Blvd,S Plymouth Blvd,2023/09/12 23:03:18+00,711 S Plymouth Blvd Los Angeles 90010,2C5715F9-5B17-474C-A156-82910AAAA751_711_S_Plymouth_Blvd_Los_Angeles_90010,Plymouth,711 S Plymouth Boulevard Blvd Los Angeles 90010,,,,
615395,1192142,,5090030030.0,,717.0,,,South,,,Plymouth,Boulevard,,,,,,,,,,,,,90010.0,,Los Angeles,Los Angeles,,,,,LA City,{6EF31498-4788-4516-850D-F9B8643B89E5},0,,6EF31498-4788-4516-850D-F9B8643B89E5,Unknown,,S,,,Blvd,S Plymouth Blvd,2023/09/12 23:03:18+00,717 S Plymouth Blvd Los Angeles 90010,6EF31498-4788-4516-850D-F9B8643B89E5_717_S_Plymouth_Blvd_Los_Angeles_90010,Plymouth,717 S Plymouth Boulevard Blvd Los Angeles 90010,,,,
615399,1192146,,5090031001.0,,4270.0,,,West,,,Wilshire,Boulevard,,,,,,,,,,,,,90010.0,,Los Angeles,Los Angeles,,,,,LA City,{9C75946F-7966-4743-A29C-E5F47D9732B5},0,,9C75946F-7966-4743-A29C-E5F47D9732B5,Unknown,,W,,,Blvd,W Wilshire Blvd,2023/09/12 23:03:18+00,4270 W Wilshire Blvd Los Angeles 90010,9C75946F-7966-4743-A29C-E5F47D9732B5_4270_W_Wilshire_Blvd_Los_Angeles_90010,Wilshire,4270 W Wilshire Boulevard Blvd Los Angeles 90010,,,,
615400,1192147,,5090031001.0,,4262.0,,,West,,,Wilshire,Boulevard,,,,,,,,,,,,,90010.0,,Los Angeles,Los Angeles,,,,,LA City,{315B3E15-4A97-451D-86E9-0D5D1C8FE932},0,,315B3E15-4A97-451D-86E9-0D5D1C8FE932,Unknown,,W,,,Blvd,W Wilshire Blvd,2023/09/12 23:03:18+00,4262 W Wilshire Blvd Los Angeles 90010,315B3E15-4A97-451D-86E9-0D5D1C8FE932_4262_W_Wilshire_Blvd_Los_Angeles_90010,Wilshire,4262 W Wilshire Boulevard Blvd Los Angeles 90010,,,,
615401,1192148,,5090031002.0,,4274.0,,,West,,,Wilshire,Boulevard,,,,,,,,,,,,,90010.0,,Los Angeles,Los Angeles,,,,,LA City,{8EFD5898-83C1-42A7-87D5-4F0525D6B17E},0,,8EFD5898-83C1-42A7-87D5-4F0525D6B17E,Unknown,,W,,,Blvd,W Wilshire Blvd,2023/09/12 23:03:18+00,4274 W Wilshire Blvd Los Angeles 90010,8EFD5898-83C1-42A7-87D5-4F0525D6B17E_4274_W_Wilshire_Blvd_Los_Angeles_90010,Wilshire,4274 W Wilshire Boulevard Blvd Los Angeles 90010,,,,
615402,1192149,,5090031003.0,,4282.0,,,West,,,Wilshire,Boulevard,,,,,,,,,,,,,90010.0,,Los Angeles,Los Angeles,,,,,LA City,{3F2E5C74-B8E2-4C5F-8D4C-4C2722CF9266},0,,3F2E5C74-B8E2-4C5F-8D4C-4C2722CF9266,Unknown,,W,,,Blvd,W Wilshire Blvd,2023/09/12 23:03:18+00,4282 W Wilshire Blvd Los Angeles 90010,3F2E5C74-B8E2-4C5F-8D4C-4C2722CF9266_4282_W_Wilshire_Blvd_Los_Angeles_90010,Wilshire,4282 W Wilshire Boulevard Blvd Los Angeles 90010,,,,
615425,1192172,,5090031022.0,,667.0,,,South,,,Lorraine,Boulevard,,,,,,,,,,,,,90010.0,,Los Angeles,Los Angeles,,,,,LA City,{B6ABD3D4-C3D3-498B-BABB-7759395C3D1C},0,,B6ABD3D4-C3D3-498B-BABB-7759395C3D1C,Unknown,,S,,,Blvd,S Lorraine Blvd,2023/09/12 23:03:18+00,667 S Lorraine Blvd Los Angeles 90010,B6ABD3D4-C3D3-498B-BABB-7759395C3D1C_667_S_Lorraine_Blvd_Los_Angeles_90010,Lorraine,667 S Lorraine Boulevard Blvd Los Angeles 90010,,,,
615426,1192173,,5090031024.0,,4250.0,,,West,,,Wilshire,Boulevard,,,,,,,,,,,,,90010.0,,Los Angeles,Los Angeles,,,,,LA City,{B163B0E2-315D-459E-BA39-17C0B35ADEBF},0,,B163B0E2-315D-459E-BA39-17C0B35ADEBF,Unknown,,W,,,Blvd,W Wilshire Blvd,2023/09/12 23:03:18+00,4250 W Wilshire Blvd Los Angeles 90010,B163B0E2-315D-459E-BA39-17C0B35ADEBF_4250_W_Wilshire_Blvd_Los_Angeles_90010,Wilshire,4250 W Wilshire Boulevard Blvd Los Angeles 90010,,,,
615465,1192212,,5090032900.0,,4220.0,,,West,,,Wilshire,Boulevard,,,,,,,,,,,,,90010.0,,Los Angeles,Los Angeles,,,,,LA City,{91A23FF4-0159-40A3-ADA9-5FCCE598CDF5},0,,91A23FF4-0159-40A3-ADA9-5FCCE598CDF5,Unknown,,W,,,Blvd,W Wilshire Blvd,2023/09/12 23:03:18+00,4220 W Wilshire Blvd Los Angeles 90010,91A23FF4-0159-40A3-ADA9-5FCCE598CDF5_4220_W_Wilshire_Blvd_Los_Angeles_90010,Wilshire,4220 W Wilshire Boulevard Blvd Los Angeles 90010,,,,
615468,1192215,,5090032900.0,,664.0,,,South,,,Lorraine,Boulevard,,,,,,,,,,,,,90010.0,,Los Angeles,Los Angeles,,,,,LA City,{5F3847DD-9EF9-474A-AB5B-9BF4D474475E},0,,5F3847DD-9EF9-474A-AB5B-9BF4D474475E,Unknown,,S,,,Blvd,S Lorraine Blvd,2023/09/12 23:03:18+00,664 S Lorraine Blvd Los Angeles 90010,5F3847DD-9EF9-474A-AB5B-9BF4D474475E_664_S_Lorraine_Blvd_Los_Angeles_90010,Lorraine,664 S Lorraine Boulevard Blvd Los Angeles 90010,,,,
615550,1192297,,5092001003.0,,667.0,,,South,,,Bronson,Avenue,,,,,,,,,,,,,90010.0,,Los Angeles,Los Angeles,,,,,LA City,{3A6C3FEE-9BB6-44A8-A6AA-2E019830AEFF},0,,3A6C3FEE-9BB6-44A8-A6AA-2E019830AEFF,Unknown,,S,,,Ave,S Bronson Ave,2023/09/12 23:03:18+00,667 S Bronson Ave Los Angeles 90010,3A6C3FEE-9BB6-44A8-A6AA-2E019830AEFF_667_S_Bronson_Ave_Los_Angeles_90010,Bronson,667 S Bronson Avenue Ave Los Angeles 90010,,,,
615586,1192333,,5092001049.0,,4180.0,,,West,,,Wilshire,Boulevard,,,,,,,,,,,,,90010.0,,Los Angeles,Los Angeles,,,,,LA City,{39282EBE-352C-45B9-8D72-0016837E5FBE},0,,39282EBE-352C-45B9-8D72-0016837E5FBE,Unknown,,W,,,Blvd,W Wilshire Blvd,2023/09/12 23:03:18+00,4180 W Wilshire Blvd Los Angeles 90010,39282EBE-352C-45B9-8D72-0016837E5FBE_4180_W_Wilshire_Blvd_Los_Angeles_90010,Wilshire,4180 W Wilshire Boulevard Blvd Los Angeles 90010,,,,
615802,1192549,,5092007012.0,,666.0,,,South,,,Bronson,Avenue,,,,,,,,,,,,,90010.0,,Los Angeles,Los Angeles,,,,,LA City,{6D989BAF-4CF1-4B93-B13B-DB3BE8608B57},0,,6D989BAF-4CF1-4B93-B13B-DB3BE8608B57,Unknown,,S,,,Ave,S Bronson Ave,2023/09/12 23:03:18+00,666 S Bronson Ave Los Angeles 90010,6D989BAF-4CF1-4B93-B13B-DB3BE8608B57_666_S_Bronson_Ave_Los_Angeles_90010,Bronson,666 S Bronson Avenue Ave Los Angeles 90010,,,,
615810,1192557,,5092007021.0,,658.0,,,South,,,Bronson,Avenue,,,,,,,,,,,,,90010.0,,Los Angeles,Los Angeles,,,,,LA City,{767F2E63-DB6A-47AA-B2B4-3A7613B2954C},0,,767F2E63-DB6A-47AA-B2B4-3A7613B2954C,Unknown,,S,,,Ave,S Bronson Ave,2023/09/12 23:03:18+00,658 S Bronson Ave Los Angeles 90010,767F2E63-DB6A-47AA-B2B4-3A7613B2954C_658_S_Bronson_Ave_Los_Angeles_90010,Bronson,658 S Bronson Avenue Ave Los Angeles 90010,,,,
615812,1192559,,5092007026.0,,4100.0,,,West,,,Wilshire,Boulevard,,,,,,,,,,,,1-26,90010.0,,Los Angeles,Los Angeles,,,,,LA City,{014214C9-E1E2-4E77-9F76-46745E267123},0,,014214C9-E1E2-4E77-9F76-46745E267123,Unknown,,W,,,Blvd,W Wilshire Blvd,2023/09/12 23:03:18+00,4100 W Wilshire Blvd 1-26 Los Angeles 90010,014214C9-E1E2-4E77-9F76-46745E267123_4100_W_Wilshire_Blvd_1-26_Los_Angeles_90010,Wilshire,4100 W Wilshire Boulevard Blvd 1-26 Los Angeles 90010,,,,
615814,1192561,,5092008002.0,,4016.0,,,West,,,Wilshire,Boulevard,,,,,,,,,,,,,90010.0,,Los Angeles,Los Angeles,,,,,LA City,{6210CDD8-49DF-4F46-A443-4ED047949F83},0,,6210CDD8-49DF-4F46-A443-4ED047949F83,Unknown,,W,,,Blvd,W Wilshire Blvd,2023/09/12 23:03:18+00,4016 W Wilshire Blvd Los Angeles 90010,6210CDD8-49DF-4F46-A443-4ED047949F83_4016_W_Wilshire_Blvd_Los_Angeles_90010,Wilshire,4016 W Wilshire Boulevard Blvd Los Angeles 90010,,,,
615815,1192562,,5092008005.0,,4032.0,,,West,,,Wilshire,Boulevard,,,,,,,,,,,,,90010.0,,Los Angeles,Los Angeles,,,,,LA City,{3211C861-06F8-49C3-801E-38DE4CF265EF},0,,3211C861-06F8-49C3-801E-38DE4CF265EF,Unknown,,W,,,Blvd,W Wilshire Blvd,2023/09/12 23:03:18+00,4032 W Wilshire Blvd Los Angeles 90010,3211C861-06F8-49C3-801E-38DE4CF265EF_4032_W_Wilshire_Blvd_Los_Angeles_90010,Wilshire,4032 W Wilshire Boulevard Blvd Los Angeles 90010,,,,
615816,1192563,,5092008036.0,,4014.0,,,West,,,Wilshire,Boulevard,,,,,,,,,,,,,90010.0,,Los Angeles,Los Angeles,,,,,LA City,{01E65652-4240-4467-839A-8EB97093BDF0},0,,01E65652-4240-4467-839A-8EB97093BDF0,Unknown,,W,,,Blvd,W Wilshire Blvd,2023/09/12 23:03:18+00,4014 W Wilshire Blvd Los Angeles 90010,01E65652-4240-4467-839A-8EB97093BDF0_4014_W_Wilshire_Blvd_Los_Angeles_90010,Wilshire,4014 W Wilshire Boulevard Blvd Los Angeles 90010,,,,
615817,1192564,,5092008036.0,,4006.0,,,West,,,Wilshire,Boulevard,,,,,,,,,,,,,90010.0,,Los Angeles,Los Angeles,,,,,LA City,{44351A3A-31C6-4691-95B2-BFC2AC636B6C},0,,44351A3A-31C6-4691-95B2-BFC2AC636B6C,Unknown,,W,,,Blvd,W Wilshire Blvd,2023/09/12 23:03:18+00,4006 W Wilshire Blvd Los Angeles 90010,44351A3A-31C6-4691-95B2-BFC2AC636B6C_4006_W_Wilshire_Blvd_Los_Angeles_90010,Wilshire,4006 W Wilshire Boulevard Blvd Los Angeles 90010,,,,
615818,1192565,,5092008907.0,,4026.0,,,West,,,Wilshire,Boulevard,,,,,,,,,,,,,90010.0,,Los Angeles,Los Angeles,,,,,LA City,{3416EF68-1A21-4CF4-83D3-083B4B1B2F65},0,,3416EF68-1A21-4CF4-83D3-083B4B1B2F65,Unknown,,W,,,Blvd,W Wilshire Blvd,2023/09/12 23:03:18+00,4026 W Wilshire Blvd Los Angeles 90010,3416EF68-1A21-4CF4-83D3-083B4B1B2F65_4026_W_Wilshire_Blvd_Los_Angeles_90010,Wilshire,4026 W Wilshire Boulevard Blvd Los Angeles 90010,,,,
615823,1192570,,5092008913.0,,4040.0,,,West,,,Wilshire,Boulevard,,,,,,,,,,,,,90010.0,,Los Angeles,Los Angeles,,,,,LA City,{5496B370-7598-4719-A6FD-6832B4AD753D},0,,5496B370-7598-4719-A6FD-6832B4AD753D,Unknown,,W,,,Blvd,W Wilshire Blvd,2023/09/12 23:03:18+00,4040 W Wilshire Blvd Los Angeles 90010,5496B370-7598-4719-A6FD-6832B4AD753D_4040_W_Wilshire_Blvd_Los_Angeles_90010,Wilshire,4040 W Wilshire Boulevard Blvd Los Angeles 90010,,,,
615824,1192571,,5092008914.0,,4044.0,,,West,,,Wilshire,Boulevard,,,,,,,,,,,,,90010.0,,Los Angeles,Los Angeles,,,,,LA City,{58743603-0709-43C7-B1D8-FA970E1C4CE4},0,,58743603-0709-43C7-B1D8-FA970E1C4CE4,Unknown,,W,,,Blvd,W Wilshire Blvd,2023/09/12 23:03:18+00,4044 W Wilshire Blvd Los Angeles 90010,58743603-0709-43C7-B1D8-FA970E1C4CE4_4044_W_Wilshire_Blvd_Los_Angeles_90010,Wilshire,4044 W Wilshire Boulevard Blvd Los Angeles 90010,,,,
615826,1192573,,5092008915.0,,4056.0,,,,,,Wilshire,Boulevard,,,,,,,,,,,,,90010.0,,Los Angeles,Los Angeles,,,,,Assessor,{E36F4245-384A-4A77-BA02-C7D7A129A442},0,,E36F4245-384A-4A77-BA02-C7D7A129A442,Unknown,,,,,Blvd,Wilshire Blvd,2024/04/27 17:13:09+00,4056 Wilshire Blvd Los Angeles 90010,E36F4245-384A-4A77-BA02-C7D7A129A442_4056_Wilshire_Blvd_Los_Angeles_90010,Wilshire,4056 Wilshire Boulevard Blvd Los Angeles 90010,,,,
616630,1193377,,5092030006.0,,3950.0,,,West,,,Wilshire,Boulevard,,,,,,,,,,,,,90010.0,,Los Angeles,Los Angeles,,,,,LA City,{7BC2A07C-2C0A-472E-B484-5F236BFAC582},0,,7BC2A07C-2C0A-472E-B484-5F236BFAC582,Unknown,,W,,,Blvd,W Wilshire Blvd,2023/09/12 23:03:18+00,3950 W Wilshire Blvd Los Angeles 90010,7BC2A07C-2C0A-472E-B484-5F236BFAC582_3950_W_Wilshire_Blvd_Los_Angeles_90010,Wilshire,3950 W Wilshire Boulevard Blvd Los Angeles 90010,,,,
616631,1193378,,5092030006.0,,3948.0,,,West,,,Wilshire,Boulevard,,,,,,,,,,,,200,90010.0,,Los Angeles,Los Angeles,,,,,LA City,{97F79C67-25B5-4CDA-9EB0-69A3E8392DC4},0,,97F79C67-25B5-4CDA-9EB0-69A3E8392DC4,Unknown,,W,,,Blvd,W Wilshire Blvd,2023/09/12 23:03:18+00,3948 W Wilshire Blvd 200 Los Angeles 90010,97F79C67-25B5-4CDA-9EB0-69A3E8392DC4_3948_W_Wilshire_Blvd_200_Los_Angeles_90010,Wilshire,3948 W Wilshire Boulevard Blvd 200 Los Angeles 90010,,,,
616632,1193379,,5092030006.0,,3952.0,,,West,,,Wilshire,Boulevard,,,,,,,,,,,,,90010.0,,Los Angeles,Los Angeles,,,,,LA City,{8C432B00-E364-4A2B-AAC6-76F73E9ACC6E},0,,8C432B00-E364-4A2B-AAC6-76F73E9ACC6E,Unknown,,W,,,Blvd,W Wilshire Blvd,2023/09/12 23:03:18+00,3952 W Wilshire Blvd Los Angeles 90010,8C432B00-E364-4A2B-AAC6-76F73E9ACC6E_3952_W_Wilshire_Blvd_Los_Angeles_90010,Wilshire,3952 W Wilshire Boulevard Blvd Los Angeles 90010,,,,
616633,1193380,,5092030007.0,,3944.0,,,West,,,Wilshire,Boulevard,,,,,,,,,,,,,90010.0,,Los Angeles,Los Angeles,,,,,LA City,{4AC7E74D-3BE8-4F9B-8CD2-A73D85B9A350},0,,4AC7E74D-3BE8-4F9B-8CD2-A73D85B9A350,Unknown,,W,,,Blvd,W Wilshire Blvd,2023/09/12 23:03:18+00,3944 W Wilshire Blvd Los Angeles 90010,4AC7E74D-3BE8-4F9B-8CD2-A73D85B9A350_3944_W_Wilshire_Blvd_Los_Angeles_90010,Wilshire,3944 W Wilshire Boulevard Blvd Los Angeles 90010,,,,
616634,1193381,,5092030007.0,,3946.0,,,West,,,Wilshire,Boulevard,,,,,,,,,,,,,90010.0,,Los Angeles,Los Angeles,,,,,LA City,{F2B33E30-33C7-4186-97B9-4A674CE20F14},0,,F2B33E30-33C7-4186-97B9-4A674CE20F14,Unknown,,W,,,Blvd,W Wilshire Blvd,2023/09/12 23:03:18+00,3946 W Wilshire Blvd Los Angeles 90010,F2B33E30-33C7-4186-97B9-4A674CE20F14_3946_W_Wilshire_Blvd_Los_Angeles_90010,Wilshire,3946 W Wilshire Boulevard Blvd Los Angeles 90010,,,,
616635,1193382,,5092030008.0,,3938.0,,,West,,,Wilshire,Boulevard,,,,,,,,,,,,,90010.0,,Los Angeles,Los Angeles,,,,,LA City,{3CAA8639-32EE-4590-8DA3-A68883B7976B},0,,3CAA8639-32EE-4590-8DA3-A68883B7976B,Unknown,,W,,,Blvd,W Wilshire Blvd,2023/09/12 23:03:18+00,3938 W Wilshire Blvd Los Angeles 90010,3CAA8639-32EE-4590-8DA3-A68883B7976B_3938_W_Wilshire_Blvd_Los_Angeles_90010,Wilshire,3938 W Wilshire Boulevard Blvd Los Angeles 90010,,,,
616636,1193383,,5092030009.0,,3932.0,,,West,,,Wilshire,Boulevard,,,,,,,,,,,,,90010.0,,Los Angeles,Los Angeles,,,,,LA City,{8A024EC4-7DC4-4449-BAE4-74E2DC896777},0,,8A024EC4-7DC4-4449-BAE4-74E2DC896777,Unknown,,W,,,Blvd,W Wilshire Blvd,2023/09/12 23:03:18+00,3932 W Wilshire Blvd Los Angeles 90010,8A024EC4-7DC4-4449-BAE4-74E2DC896777_3932_W_Wilshire_Blvd_Los_Angeles_90010,Wilshire,3932 W Wilshire Boulevard Blvd Los Angeles 90010,,,,
616641,1193388,,5092030024.0,,3956.0,,,West,,,Wilshire,Boulevard,,,,,,,,,,,,,90010.0,,Los Angeles,Los Angeles,,,,,LA City,{E5C950D7-7DB3-4628-83D6-FC1DD4C7D648},0,,E5C950D7-7DB3-4628-83D6-FC1DD4C7D648,Unknown,,W,,,Blvd,W Wilshire Blvd,2023/09/12 23:03:18+00,3956 W Wilshire Blvd Los Angeles 90010,E5C950D7-7DB3-4628-83D6-FC1DD4C7D648_3956_W_Wilshire_Blvd_Los_Angeles_90010,Wilshire,3956 W Wilshire Boulevard Blvd Los Angeles 90010,,,,
616643,1193390,,5092030024.0,,3960.0,,,West,,,Wilshire,Boulevard,,,,,,,,,,,,,90010.0,,Los Angeles,Los Angeles,,,,,LA City,{CD22CA13-4BB5-48FE-A57A-A6217BC74548},0,,CD22CA13-4BB5-48FE-A57A-A6217BC74548,Unknown,,W,,,Blvd,W Wilshire Blvd,2023/09/12 23:03:18+00,3960 W Wilshire Blvd Los Angeles 90010,CD22CA13-4BB5-48FE-A57A-A6217BC74548_3960_W_Wilshire_Blvd_Los_Angeles_90010,Wilshire,3960 W Wilshire Boulevard Blvd Los Angeles 90010,,,,
616644,1193391,,5092030033.0,,3922.0,,,West,,,Wilshire,Boulevard,,,,,,,,,,,,,90010.0,,Los Angeles,Los Angeles,,,,,LA City,{058116BE-5DE9-4C75-87E1-0216891DC47B},0,,058116BE-5DE9-4C75-87E1-0216891DC47B,Unknown,,W,,,Blvd,W Wilshire Blvd,2023/09/12 23:03:18+00,3922 W Wilshire Blvd Los Angeles 90010,058116BE-5DE9-4C75-87E1-0216891DC47B_3922_W_Wilshire_Blvd_Los_Angeles_90010,Wilshire,3922 W Wilshire Boulevard Blvd Los Angeles 90010,,,,
616645,1193392,,5092030033.0,,3918.0,,,West,,,Wilshire,Boulevard,,,,,,,,,,,,,90010.0,,Los Angeles,Los Angeles,,,,,LA City,{7AA69FDD-C905-4AEC-B420-6E6919195E9D},0,,7AA69FDD-C905-4AEC-B420-6E6919195E9D,Unknown,,W,,,Blvd,W Wilshire Blvd,2023/09/12 23:03:18+00,3918 W Wilshire Blvd Los Angeles 90010,7AA69FDD-C905-4AEC-B420-6E6919195E9D_3918_W_Wilshire_Blvd_Los_Angeles_90010,Wilshire,3918 W Wilshire Boulevard Blvd Los Angeles 90010,,,,
616646,1193393,,5092030033.0,,3920.0,,,West,,,Wilshire,Boulevard,,,,,,,,,,,,,90010.0,,Los Angeles,Los Angeles,,,,,LA City,{4904DF4F-6B0F-46FC-B7E9-14CAFA5DE79A},0,,4904DF4F-6B0F-46FC-B7E9-14CAFA5DE79A,Unknown,,W,,,Blvd,W Wilshire Blvd,2023/09/12 23:03:18+00,3920 W Wilshire Blvd Los Angeles 90010,4904DF4F-6B0F-46FC-B7E9-14CAFA5DE79A_3920_W_Wilshire_Blvd_Los_Angeles_90010,Wilshire,3920 W Wilshire Boulevard Blvd Los Angeles 90010,,,,
616647,1193394,,5092030033.0,,3926.0,,,West,,,Wilshire,Boulevard,,,,,,,,,,,,,90010.0,,Los Angeles,Los Angeles,,,,,LA City,{77128020-975A-45B8-BF21-93FB663C5E0B},0,,77128020-975A-45B8-BF21-93FB663C5E0B,Unknown,,W,,,Blvd,W Wilshire Blvd,2023/09/12 23:03:18+00,3926 W Wilshire Blvd Los Angeles 90010,77128020-975A-45B8-BF21-93FB663C5E0B_3926_W_Wilshire_Blvd_Los_Angeles_90010,Wilshire,3926 W Wilshire Boulevard Blvd Los Angeles 90010,,,,
616648,1193395,,5092030033.0,,3928.0,,,West,,,Wilshire,Boulevard,,,,,,,,,,,,,90010.0,,Los Angeles,Los Angeles,,,,,LA City,{1759D254-E565-43D3-B6FC-DBA4DA961252},0,,1759D254-E565-43D3-B6FC-DBA4DA961252,Unknown,,W,,,Blvd,W Wilshire Blvd,2023/09/12 23:03:18+00,3928 W Wilshire Blvd Los Angeles 90010,1759D254-E565-43D3-B6FC-DBA4DA961252_3928_W_Wilshire_Blvd_Los_Angeles_90010,Wilshire,3928 W Wilshire Boulevard Blvd Los Angeles 90010,,,,
616649,1193396,,5092030033.0,,3924.0,,,West,,,Wilshire,Boulevard,,,,,,,,,,,,,90010.0,,Los Angeles,Los Angeles,,,,,LA City,{83D98203-8B70-40E4-8B58-30A7988B10CD},0,,83D98203-8B70-40E4-8B58-30A7988B10CD,Unknown,,W,,,Blvd,W Wilshire Blvd,2023/09/12 23:03:18+00,3924 W Wilshire Blvd Los Angeles 90010,83D98203-8B70-40E4-8B58-30A7988B10CD_3924_W_Wilshire_Blvd_Los_Angeles_90010,Wilshire,3924 W Wilshire Boulevard Blvd Los Angeles 90010,,,,
616650,1193397,,5092030034.0,,3962.0,,,West,,,Wilshire,Boulevard,,,,,,,,,,,,,90010.0,,Los Angeles,Los Angeles,,,,,LA City,{1DB0F59F-1832-41BD-A691-613D87B3DF16},0,,1DB0F59F-1832-41BD-A691-613D87B3DF16,Unknown,,W,,,Blvd,W Wilshire Blvd,2023/09/12 23:03:18+00,3962 W Wilshire Blvd Los Angeles 90010,1DB0F59F-1832-41BD-A691-613D87B3DF16_3962_W_Wilshire_Blvd_Los_Angeles_90010,Wilshire,3962 W Wilshire Boulevard Blvd Los Angeles 90010,,,,
616651,1193398,,5092030034.0,,3966.0,,,West,,,Wilshire,Boulevard,,,,,,,,,,,,,90010.0,,Los Angeles,Los Angeles,,,,,LA City,{1BD1106B-4D4D-4DB7-9F79-70C16DF1ABDC},0,,1BD1106B-4D4D-4DB7-9F79-70C16DF1ABDC,Unknown,,W,,,Blvd,W Wilshire Blvd,2023/09/12 23:03:18+00,3966 W Wilshire Blvd Los Angeles 90010,1BD1106B-4D4D-4DB7-9F79-70C16DF1ABDC_3966_W_Wilshire_Blvd_Los_Angeles_90010,Wilshire,3966 W Wilshire Boulevard Blvd Los Angeles 90010,,,,
616652,1193399,,5092030034.0,,3968.0,,,West,,,Wilshire,Boulevard,,,,,,,,,,,,,90010.0,,Los Angeles,Los Angeles,,,,,LA City,{9247B86F-EA79-4FBA-9C85-18FEC1E85B5E},0,,9247B86F-EA79-4FBA-9C85-18FEC1E85B5E,Unknown,,W,,,Blvd,W Wilshire Blvd,2023/09/12 23:03:18+00,3968 W Wilshire Blvd Los Angeles 90010,9247B86F-EA79-4FBA-9C85-18FEC1E85B5E_3968_W_Wilshire_Blvd_Los_Angeles_90010,Wilshire,3968 W Wilshire Boulevard Blvd Los Angeles 90010,,,,
616655,1193402,,5092030036.0,,3904.0,,,West,,,Wilshire,Boulevard,,,,,,,,,,,,,90010.0,,Los Angeles,Los Angeles,,,,,LA City,{974FE607-0222-4B83-BAA3-358EA0B3DE17},0,,974FE607-0222-4B83-BAA3-358EA0B3DE17,Unknown,,W,,,Blvd,W Wilshire Blvd,2023/09/12 23:03:18+00,3904 W Wilshire Blvd Los Angeles 90010,974FE607-0222-4B83-BAA3-358EA0B3DE17_3904_W_Wilshire_Blvd_Los_Angeles_90010,Wilshire,3904 W Wilshire Boulevard Blvd Los Angeles 90010,,,,
616656,1193403,,5092030036.0,,3900.0,,,West,,,Wilshire,Boulevard,,,,,,,,,,,,,90010.0,,Los Angeles,Los Angeles,,,,,LA City,{4355209D-F180-45D5-A56C-670AC241B868},0,,4355209D-F180-45D5-A56C-670AC241B868,Unknown,,W,,,Blvd,W Wilshire Blvd,2023/09/12 23:03:18+00,3900 W Wilshire Blvd Los Angeles 90010,4355209D-F180-45D5-A56C-670AC241B868_3900_W_Wilshire_Blvd_Los_Angeles_90010,Wilshire,3900 W Wilshire Boulevard Blvd Los Angeles 90010,,,,
616657,1193404,,5092030036.0,,655.0,,,South,,,St Andrews,Place,,,,,,,,,,,,,90010.0,,Los Angeles,Los Angeles,,,,,LA City,{422B80AD-0636-40E5-94A9-D802D74C61B6},0,,422B80AD-0636-40E5-94A9-D802D74C61B6,Unknown,,S,,,Pl,S St Andrews Pl,2023/09/12 23:03:18+00,655 S St Andrews Pl Los Angeles 90010,422B80AD-0636-40E5-94A9-D802D74C61B6_655_S_St_Andrews_Pl_Los_Angeles_90010,St Andrews,655 S St Andrews Place Pl Los Angeles 90010,,,,
616658,1193405,,5092030036.0,,659.0,,,South,,,St Andrews,Place,,,,,,,,,,,,,90010.0,,Los Angeles,Los Angeles,,,,,LA City,{201DA8ED-E8C9-4133-88B2-CFAD02CFF9A1},0,,201DA8ED-E8C9-4133-88B2-CFAD02CFF9A1,Unknown,,S,,,Pl,S St Andrews Pl,2023/09/12 23:03:18+00,659 S St Andrews Pl Los Angeles 90010,201DA8ED-E8C9-4133-88B2-CFAD02CFF9A1_659_S_St_Andrews_Pl_Los_Angeles_90010,St Andrews,659 S St Andrews Place Pl Los Angeles 90010,,,,
616659,1193406,,5092030036.0,,3902.0,,,West,,,Wilshire,Boulevard,,,,,,,,,,,,,90010.0,,Los Angeles,Los Angeles,,,,,LA City,{49BD75D0-F387-424E-AD5B-8D81C80C0830},0,,49BD75D0-F387-424E-AD5B-8D81C80C0830,Unknown,,W,,,Blvd,W Wilshire Blvd,2023/09/12 23:03:18+00,3902 W Wilshire Blvd Los Angeles 90010,49BD75D0-F387-424E-AD5B-8D81C80C0830_3902_W_Wilshire_Blvd_Los_Angeles_90010,Wilshire,3902 W Wilshire Boulevard Blvd Los Angeles 90010,,,,
616661,1193408,,5092030037.0,,3908.0,,,West,,,Wilshire,Boulevard,,,,,,,,,,,,,90010.0,,Los Angeles,Los Angeles,,,,,LA City,{120AB679-B1C9-44AC-AEAD-4C0DE778F7A4},0,,120AB679-B1C9-44AC-AEAD-4C0DE778F7A4,Unknown,,W,,,Blvd,W Wilshire Blvd,2023/09/12 23:03:18+00,3908 W Wilshire Blvd Los Angeles 90010,120AB679-B1C9-44AC-AEAD-4C0DE778F7A4_3908_W_Wilshire_Blvd_Los_Angeles_90010,Wilshire,3908 W Wilshire Boulevard Blvd Los Angeles 90010,,,,
616662,1193409,,5092030037.0,,3916.0,,,West,,,Wilshire,Boulevard,,,,,,,,,,,,,90010.0,,Los Angeles,Los Angeles,,,,,LA City,{8BBB15A8-CCC0-410C-8842-6EB274809882},0,,8BBB15A8-CCC0-410C-8842-6EB274809882,Unknown,,W,,,Blvd,W Wilshire Blvd,2023/09/12 23:03:18+00,3916 W Wilshire Blvd Los Angeles 90010,8BBB15A8-CCC0-410C-8842-6EB274809882_3916_W_Wilshire_Blvd_Los_Angeles_90010,Wilshire,3916 W Wilshire Boulevard Blvd Los Angeles 90010,,,,
616663,1193410,,5092030037.0,,3910.0,,,West,,,Wilshire,Boulevard,,,,,,,,,,,,,90010.0,,Los Angeles,Los Angeles,,,,,LA City,{967144EF-AC38-4EB8-8F9F-9974B180824C},0,,967144EF-AC38-4EB8-8F9F-9974B180824C,Unknown,,W,,,Blvd,W Wilshire Blvd,2023/09/12 23:03:18+00,3910 W Wilshire Blvd Los Angeles 90010,967144EF-AC38-4EB8-8F9F-9974B180824C_3910_W_Wilshire_Blvd_Los_Angeles_90010,Wilshire,3910 W Wilshire Boulevard Blvd Los Angeles 90010,,,,
616664,1193411,,5092030037.0,,3914.0,,,West,,,Wilshire,Boulevard,,,,,,,,,,,,,90010.0,,Los Angeles,Los Angeles,,,,,LA City,{0008A6BC-CE3F-4F9D-9FBE-BAD85E999C6E},0,,0008A6BC-CE3F-4F9D-9FBE-BAD85E999C6E,Unknown,,W,,,Blvd,W Wilshire Blvd,2023/09/12 23:03:18+00,3914 W Wilshire Blvd Los Angeles 90010,0008A6BC-CE3F-4F9D-9FBE-BAD85E999C6E_3914_W_Wilshire_Blvd_Los_Angeles_90010,Wilshire,3914 W Wilshire Boulevard Blvd Los Angeles 90010,,,,
616665,1193412,,5092030037.0,,3906.0,,,West,,,Wilshire,Boulevard,,,,,,,,,,,,,90010.0,,Los Angeles,Los Angeles,,,,,LA City,{21529383-850F-4B79-9C8F-63D562E78558},0,,21529383-850F-4B79-9C8F-63D562E78558,Unknown,,W,,,Blvd,W Wilshire Blvd,2023/09/12 23:03:18+00,3906 W Wilshire Blvd Los Angeles 90010,21529383-850F-4B79-9C8F-63D562E78558_3906_W_Wilshire_Blvd_Los_Angeles_90010,Wilshire,3906 W Wilshire Boulevard Blvd Los Angeles 90010,,,,
616666,1193413,,5092030037.0,,3912.0,,,West,,,Wilshire,Boulevard,,,,,,,,,,,,,90010.0,,Los Angeles,Los Angeles,,,,,LA City,{F8EE3D2D-BF29-48EB-8ED0-A0002B44873C},0,,F8EE3D2D-BF29-48EB-8ED0-A0002B44873C,Unknown,,W,,,Blvd,W Wilshire Blvd,2023/09/12 23:03:18+00,3912 W Wilshire Blvd Los Angeles 90010,F8EE3D2D-BF29-48EB-8ED0-A0002B44873C_3912_W_Wilshire_Blvd_Los_Angeles_90010,Wilshire,3912 W Wilshire Boulevard Blvd Los Angeles 90010,,,,
616668,1193415,,5092030039.0,,3986.0,,,West,,,Wilshire,Boulevard,,,,,,,,,,,,,90010.0,,Los Angeles,Los Angeles,,,,,LA City,{1F7E04EA-5E39-408A-935A-B9CB2F92454E},0,,1F7E04EA-5E39-408A-935A-B9CB2F92454E,Unknown,,W,,,Blvd,W Wilshire Blvd,2023/09/12 23:03:18+00,3986 W Wilshire Blvd Los Angeles 90010,1F7E04EA-5E39-408A-935A-B9CB2F92454E_3986_W_Wilshire_Blvd_Los_Angeles_90010,Wilshire,3986 W Wilshire Boulevard Blvd Los Angeles 90010,,,,
616669,1193416,,5092030039.0,,3974.0,,,West,,,Wilshire,Boulevard,,,,,,,,,,,,,90010.0,,Los Angeles,Los Angeles,,,,,LA City,{685C0DDD-0BDC-45B6-95F6-D472CD5719AD},0,,685C0DDD-0BDC-45B6-95F6-D472CD5719AD,Unknown,,W,,,Blvd,W Wilshire Blvd,2023/09/12 23:03:18+00,3974 W Wilshire Blvd Los Angeles 90010,685C0DDD-0BDC-45B6-95F6-D472CD5719AD_3974_W_Wilshire_Blvd_Los_Angeles_90010,Wilshire,3974 W Wilshire Boulevard Blvd Los Angeles 90010,,,,
616855,1193602,,5093005001.0,,3850.0,,,West,,,Wilshire,Boulevard,,,,,,,,,,,,,90010.0,,Los Angeles,Los Angeles,,,,,LA City,{60F1DE44-BCFA-4AD0-B2EA-82384EEAA675},0,,60F1DE44-BCFA-4AD0-B2EA-82384EEAA675,Unknown,,W,,,Blvd,W Wilshire Blvd,2023/09/12 23:03:18+00,3850 W Wilshire Blvd Los Angeles 90010,60F1DE44-BCFA-4AD0-B2EA-82384EEAA675_3850_W_Wilshire_Blvd_Los_Angeles_90010,Wilshire,3850 W Wilshire Boulevard Blvd Los Angeles 90010,,,,
616856,1193603,,5093005001.0,,3852.0,,,West,,,Wilshire,Boulevard,,,,,,,,,,,,,90010.0,,Los Angeles,Los Angeles,,,,,LA City,{0E6EF5DF-F6C8-4ECC-8042-4F7D847C714C},0,,0E6EF5DF-F6C8-4ECC-8042-4F7D847C714C,Unknown,,W,,,Blvd,W Wilshire Blvd,2023/09/12 23:03:18+00,3852 W Wilshire Blvd Los Angeles 90010,0E6EF5DF-F6C8-4ECC-8042-4F7D847C714C_3852_W_Wilshire_Blvd_Los_Angeles_90010,Wilshire,3852 W Wilshire Boulevard Blvd Los Angeles 90010,,,,
616857,1193604,,5093005003.0,,3838.0,,,West,,,Wilshire,Boulevard,,,,,,,,,,,,,90010.0,,Los Angeles,Los Angeles,,,,,LA City,{46123F8F-1BE3-42E4-8A5D-693B95E554D4},0,,46123F8F-1BE3-42E4-8A5D-693B95E554D4,Unknown,,W,,,Blvd,W Wilshire Blvd,2023/09/12 23:03:18+00,3838 W Wilshire Blvd Los Angeles 90010,46123F8F-1BE3-42E4-8A5D-693B95E554D4_3838_W_Wilshire_Blvd_Los_Angeles_90010,Wilshire,3838 W Wilshire Boulevard Blvd Los Angeles 90010,,,,
616858,1193605,,5093005003.0,,3832.0,,,West,,,Wilshire,Boulevard,,,,,,,,,,,,,90010.0,,Los Angeles,Los Angeles,,,,,LA City,{A1699C82-1C02-4CB6-AA63-0DF10B08D48C},0,,A1699C82-1C02-4CB6-AA63-0DF10B08D48C,Unknown,,W,,,Blvd,W Wilshire Blvd,2023/09/12 23:03:18+00,3832 W Wilshire Blvd Los Angeles 90010,A1699C82-1C02-4CB6-AA63-0DF10B08D48C_3832_W_Wilshire_Blvd_Los_Angeles_90010,Wilshire,3832 W Wilshire Boulevard Blvd Los Angeles 90010,,,,
616859,1193606,,5093005003.0,,3834.0,,,West,,,Wilshire,Boulevard,,,,,,,,,,,,,90010.0,,Los Angeles,Los Angeles,,,,,LA City,{0E04140F-CAE7-48A3-B019-AF0FA1CD48BD},0,,0E04140F-CAE7-48A3-B019-AF0FA1CD48BD,Unknown,,W,,,Blvd,W Wilshire Blvd,2023/09/12 23:03:18+00,3834 W Wilshire Blvd Los Angeles 90010,0E04140F-CAE7-48A3-B019-AF0FA1CD48BD_3834_W_Wilshire_Blvd_Los_Angeles_90010,Wilshire,3834 W Wilshire Boulevard Blvd Los Angeles 90010,,,,
616860,1193607,,5093005003.0,,3842.0,,,West,,,Wilshire,Boulevard,,,,,,,,,,,,,90010.0,,Los Angeles,Los Angeles,,,,,LA City,{42E0E57E-A89C-4B65-BF1F-B64DE45FBA3F},0,,42E0E57E-A89C-4B65-BF1F-B64DE45FBA3F,Unknown,,W,,,Blvd,W Wilshire Blvd,2023/09/12 23:03:18+00,3842 W Wilshire Blvd Los Angeles 90010,42E0E57E-A89C-4B65-BF1F-B64DE45FBA3F_3842_W_Wilshire_Blvd_Los_Angeles_90010,Wilshire,3842 W Wilshire Boulevard Blvd Los Angeles 90010,,,,
616861,1193608,,5093005003.0,,3840.0,,,West,,,Wilshire,Boulevard,,,,,,,,,,,,,90010.0,,Los Angeles,Los Angeles,,,,,LA City,{418CF27D-0B94-4261-BA91-DD1B5EA564F3},0,,418CF27D-0B94-4261-BA91-DD1B5EA564F3,Unknown,,W,,,Blvd,W Wilshire Blvd,2023/09/12 23:03:18+00,3840 W Wilshire Blvd Los Angeles 90010,418CF27D-0B94-4261-BA91-DD1B5EA564F3_3840_W_Wilshire_Blvd_Los_Angeles_90010,Wilshire,3840 W Wilshire Boulevard Blvd Los Angeles 90010,,,,
616862,1193609,,5093005003.0,,3836.0,,,West,,,Wilshire,Boulevard,,,,,,,,,,,,,90010.0,,Los Angeles,Los Angeles,,,,,LA City,{37A14A8F-C2A4-4887-9610-32CCCB40B06D},0,,37A14A8F-C2A4-4887-9610-32CCCB40B06D,Unknown,,W,,,Blvd,W Wilshire Blvd,2023/09/12 23:03:18+00,3836 W Wilshire Blvd Los Angeles 90010,37A14A8F-C2A4-4887-9610-32CCCB40B06D_3836_W_Wilshire_Blvd_Los_Angeles_90010,Wilshire,3836 W Wilshire Boulevard Blvd Los Angeles 90010,,,,
616863,1193610,,5093005003.0,,3844.0,,,West,,,Wilshire,Boulevard,,,,,,,,,,,,,90010.0,,Los Angeles,Los Angeles,,,,,LA City,{CF39323E-7A97-4014-92A4-94795607BE0D},0,,CF39323E-7A97-4014-92A4-94795607BE0D,Unknown,,W,,,Blvd,W Wilshire Blvd,2023/09/12 23:03:18+00,3844 W Wilshire Blvd Los Angeles 90010,CF39323E-7A97-4014-92A4-94795607BE0D_3844_W_Wilshire_Blvd_Los_Angeles_90010,Wilshire,3844 W Wilshire Boulevard Blvd Los Angeles 90010,,,,
616864,1193611,,5093005004.0,,3828.0,,,West,,,Wilshire,Boulevard,,,,,,,,,,,,,90010.0,,Los Angeles,Los Angeles,,,,,LA City,{4CD9CFB7-1E74-4D70-B58E-4B78ECA86559},0,,4CD9CFB7-1E74-4D70-B58E-4B78ECA86559,Unknown,,W,,,Blvd,W Wilshire Blvd,2023/09/12 23:03:18+00,3828 W Wilshire Blvd Los Angeles 90010,4CD9CFB7-1E74-4D70-B58E-4B78ECA86559_3828_W_Wilshire_Blvd_Los_Angeles_90010,Wilshire,3828 W Wilshire Boulevard Blvd Los Angeles 90010,,,,
616865,1193612,,5093005005.0,,3824.0,,,West,,,Wilshire,Boulevard,,,,,,,,,,,,,90010.0,,Los Angeles,Los Angeles,,,,,LA City,{CBF896BE-0AF4-4CC7-8848-98B7778A51F2},0,,CBF896BE-0AF4-4CC7-8848-98B7778A51F2,Unknown,,W,,,Blvd,W Wilshire Blvd,2023/09/12 23:03:18+00,3824 W Wilshire Blvd Los Angeles 90010,CBF896BE-0AF4-4CC7-8848-98B7778A51F2_3824_W_Wilshire_Blvd_Los_Angeles_90010,Wilshire,3824 W Wilshire Boulevard Blvd Los Angeles 90010,,,,
616866,1193613,,5093005005.0,,3822.0,,,West,,,Wilshire,Boulevard,,,,,,,,,,,,,90010.0,,Los Angeles,Los Angeles,,,,,LA City,{E48D7F44-3BB0-4BFA-BE69-F833C42EDB62},0,,E48D7F44-3BB0-4BFA-BE69-F833C42EDB62,Unknown,,W,,,Blvd,W Wilshire Blvd,2023/09/12 23:03:18+00,3822 W Wilshire Blvd Los Angeles 90010,E48D7F44-3BB0-4BFA-BE69-F833C42EDB62_3822_W_Wilshire_Blvd_Los_Angeles_90010,Wilshire,3822 W Wilshire Boulevard Blvd Los Angeles 90010,,,,
616867,1193614,,5093005005.0,,3826.0,,,West,,,Wilshire,Boulevard,,,,,,,,,,,,,90010.0,,Los Angeles,Los Angeles,,,,,LA City,{0959B916-ACEC-40A1-BD94-E7A247FA8FFA},0,,0959B916-ACEC-40A1-BD94-E7A247FA8FFA,Unknown,,W,,,Blvd,W Wilshire Blvd,2023/09/12 23:03:18+00,3826 W Wilshire Blvd Los Angeles 90010,0959B916-ACEC-40A1-BD94-E7A247FA8FFA_3826_W_Wilshire_Blvd_Los_Angeles_90010,Wilshire,3826 W Wilshire Boulevard Blvd Los Angeles 90010,,,,
616868,1193615,,5093005005.0,,3820.0,,,West,,,Wilshire,Boulevard,,,,,,,,,,,,,90010.0,,Los Angeles,Los Angeles,,,,,LA City,{CD7082F9-8043-4EE3-93A2-C29B354359BE},0,,CD7082F9-8043-4EE3-93A2-C29B354359BE,Unknown,,W,,,Blvd,W Wilshire Blvd,2023/09/12 23:03:18+00,3820 W Wilshire Blvd Los Angeles 90010,CD7082F9-8043-4EE3-93A2-C29B354359BE_3820_W_Wilshire_Blvd_Los_Angeles_90010,Wilshire,3820 W Wilshire Boulevard Blvd Los Angeles 90010,,,,
616869,1193616,,5093005006.0,,3818.0,,,West,,,Wilshire,Boulevard,,,,,,,,,,,,,90010.0,,Los Angeles,Los Angeles,,,,,LA City,{AC43C1EC-3F20-4006-8B1D-DB2552692039},0,,AC43C1EC-3F20-4006-8B1D-DB2552692039,Unknown,,W,,,Blvd,W Wilshire Blvd,2023/09/12 23:03:18+00,3818 W Wilshire Blvd Los Angeles 90010,AC43C1EC-3F20-4006-8B1D-DB2552692039_3818_W_Wilshire_Blvd_Los_Angeles_90010,Wilshire,3818 W Wilshire Boulevard Blvd Los Angeles 90010,,,,
616890,1193637,,5093006019.0,,3700.0,,,West,,,Wilshire,Boulevard,,,,,,,,,,,,,90010.0,,Los Angeles,Los Angeles,,,,,LA City,{056EE921-CC6A-495E-8187-6E0057F39EAB},0,,056EE921-CC6A-495E-8187-6E0057F39EAB,Unknown,,W,,,Blvd,W Wilshire Blvd,2023/09/12 23:03:18+00,3700 W Wilshire Blvd Los Angeles 90010,056EE921-CC6A-495E-8187-6E0057F39EAB_3700_W_Wilshire_Blvd_Los_Angeles_90010,Wilshire,3700 W Wilshire Boulevard Blvd Los Angeles 90010,,,,
616892,1193639,,5093006019.0,,3732.0,,,West,,,Wilshire,Boulevard,,,,,,,,,,,,,90010.0,,Los Angeles,Los Angeles,,,,,LA City,{91207A4B-3F26-4254-BB37-DFFFE78FD550},0,,91207A4B-3F26-4254-BB37-DFFFE78FD550,Unknown,,W,,,Blvd,W Wilshire Blvd,2023/09/12 23:03:18+00,3732 W Wilshire Blvd Los Angeles 90010,91207A4B-3F26-4254-BB37-DFFFE78FD550_3732_W_Wilshire_Blvd_Los_Angeles_90010,Wilshire,3732 W Wilshire Boulevard Blvd Los Angeles 90010,,,,
616895,1193642,,5093006021.0,,3720.0,,,West,,,Wilshire,Boulevard,,,,,,,,,,,,,90010.0,,Los Angeles,Los Angeles,,,,,LA City,{8E3EF487-BA3F-4502-9FB1-E3B9CB4C29A7},0,,8E3EF487-BA3F-4502-9FB1-E3B9CB4C29A7,Unknown,,W,,,Blvd,W Wilshire Blvd,2023/09/12 23:03:18+00,3720 W Wilshire Blvd Los Angeles 90010,8E3EF487-BA3F-4502-9FB1-E3B9CB4C29A7_3720_W_Wilshire_Blvd_Los_Angeles_90010,Wilshire,3720 W Wilshire Boulevard Blvd Los Angeles 90010,,,,
616896,1193643,,5093006021.0,,3710.0,,,West,,,Wilshire,Boulevard,,,,,,,,,,,,,90010.0,,Los Angeles,Los Angeles,,,,,LA City,{F95EC113-6942-4D85-8D03-24EAF35654E9},0,,F95EC113-6942-4D85-8D03-24EAF35654E9,Unknown,,W,,,Blvd,W Wilshire Blvd,2023/09/12 23:03:18+00,3710 W Wilshire Blvd Los Angeles 90010,F95EC113-6942-4D85-8D03-24EAF35654E9_3710_W_Wilshire_Blvd_Los_Angeles_90010,Wilshire,3710 W Wilshire Boulevard Blvd Los Angeles 90010,,,,
616897,1193644,,5093006021.0,,3728.0,,,West,,,Wilshire,Boulevard,,,,,,,,,,,,,90010.0,,Los Angeles,Los Angeles,,,,,LA City,{6FFF105C-7F3C-4D5D-9BBE-F2B82B2997B9},0,,6FFF105C-7F3C-4D5D-9BBE-F2B82B2997B9,Unknown,,W,,,Blvd,W Wilshire Blvd,2023/09/12 23:03:18+00,3728 W Wilshire Blvd Los Angeles 90010,6FFF105C-7F3C-4D5D-9BBE-F2B82B2997B9_3728_W_Wilshire_Blvd_Los_Angeles_90010,Wilshire,3728 W Wilshire Boulevard Blvd Los Angeles 90010,,,,
616898,1193645,,5093006028.0,,660.0,,,South,,,Serrano,Avenue,,,,,,,,,,,,,90010.0,,Los Angeles,Los Angeles,,,,,LA City,{45A91114-4DC7-46D7-8D5F-66A3D1B5990A},0,,45A91114-4DC7-46D7-8D5F-66A3D1B5990A,Unknown,,S,,,Ave,S Serrano Ave,2023/09/12 23:03:18+00,660 S Serrano Ave Los Angeles 90010,45A91114-4DC7-46D7-8D5F-66A3D1B5990A_660_S_Serrano_Ave_Los_Angeles_90010,Serrano,660 S Serrano Avenue Ave Los Angeles 90010,,,,
616899,1193646,,5093006028.0,,3680.0,,,West,,,Wilshire,Boulevard,,,,,,,,,,,,,90010.0,,Los Angeles,Los Angeles,,,,,LA City,{4C8DA70C-F926-44C4-9ED4-DD46BA0B5B4F},0,,4C8DA70C-F926-44C4-9ED4-DD46BA0B5B4F,Unknown,,W,,,Blvd,W Wilshire Blvd,2023/09/12 23:03:18+00,3680 W Wilshire Blvd Los Angeles 90010,4C8DA70C-F926-44C4-9ED4-DD46BA0B5B4F_3680_W_Wilshire_Blvd_Los_Angeles_90010,Wilshire,3680 W Wilshire Boulevard Blvd Los Angeles 90010,,,,
616900,1193647,,5093006028.0,,3694.0,,,West,,,Wilshire,Boulevard,,,,,,,,,,,,,90010.0,,Los Angeles,Los Angeles,,,,,LA City,{DED1D7C7-4EDB-44DC-A77F-B0149D95E509},0,,DED1D7C7-4EDB-44DC-A77F-B0149D95E509,Unknown,,W,,,Blvd,W Wilshire Blvd,2023/09/12 23:03:18+00,3694 W Wilshire Blvd Los Angeles 90010,DED1D7C7-4EDB-44DC-A77F-B0149D95E509_3694_W_Wilshire_Blvd_Los_Angeles_90010,Wilshire,3694 W Wilshire Boulevard Blvd Los Angeles 90010,,,,
616907,1193654,,5093006030.0,,3790.0,,,West,,,Wilshire,Boulevard,,,,,,,,,,,,,90010.0,,Los Angeles,Los Angeles,,,,,LA City,{5AB3615D-0653-4B1A-A101-6149F489281D},0,,5AB3615D-0653-4B1A-A101-6149F489281D,Unknown,,W,,,Blvd,W Wilshire Blvd,2023/09/12 23:03:18+00,3790 W Wilshire Blvd Los Angeles 90010,5AB3615D-0653-4B1A-A101-6149F489281D_3790_W_Wilshire_Blvd_Los_Angeles_90010,Wilshire,3790 W Wilshire Boulevard Blvd Los Angeles 90010,,,,
616908,1193655,,5093006030.0,,650.0,,,South,,,Western,Avenue,,,,,,,,,,,,,90010.0,,Los Angeles,Los Angeles,,,,,LA City,{4666BF15-9D2E-4C96-BB73-2D6288332426},0,,4666BF15-9D2E-4C96-BB73-2D6288332426,Unknown,,S,,,Ave,S Western Ave,2023/09/12 23:03:18+00,650 S Western Ave Los Angeles 90010,4666BF15-9D2E-4C96-BB73-2D6288332426_650_S_Western_Ave_Los_Angeles_90010,Western,650 S Western Avenue Ave Los Angeles 90010,,,,
616909,1193656,,5093006030.0,,3764.0,,,West,,,Wilshire,Boulevard,,,,,,,,,,,,,90010.0,,Los Angeles,Los Angeles,,,,,LA City,{8D68C134-8852-4C72-B41E-FEDA36DC811C},0,,8D68C134-8852-4C72-B41E-FEDA36DC811C,Unknown,,W,,,Blvd,W Wilshire Blvd,2023/09/12 23:03:18+00,3764 W Wilshire Blvd Los Angeles 90010,8D68C134-8852-4C72-B41E-FEDA36DC811C_3764_W_Wilshire_Blvd_Los_Angeles_90010,Wilshire,3764 W Wilshire Boulevard Blvd Los Angeles 90010,,,,
616914,1193661,,5093006030.0,,665.0,,,South,,,Oxford,Avenue,,,,,,,,,,,,,90010.0,,Los Angeles,Los Angeles,,,,,LA City,{74A6225B-754E-4394-B7C5-441FE6D2A085},0,,74A6225B-754E-4394-B7C5-441FE6D2A085,Unknown,,S,,,Ave,S Oxford Ave,2023/09/12 23:03:18+00,665 S Oxford Ave Los Angeles 90010,74A6225B-754E-4394-B7C5-441FE6D2A085_665_S_Oxford_Ave_Los_Angeles_90010,Oxford,665 S Oxford Avenue Ave Los Angeles 90010,,,,
616915,1193662,,5093006030.0,,3780.0,,,West,,,Wilshire,Boulevard,,,,,,,,,,,,,90010.0,,Los Angeles,Los Angeles,,,,,LA City,{1199D8EB-96B5-4F6F-8B72-3DD33CB8A9C3},0,,1199D8EB-96B5-4F6F-8B72-3DD33CB8A9C3,Unknown,,W,,,Blvd,W Wilshire Blvd,2023/09/12 23:03:18+00,3780 W Wilshire Blvd Los Angeles 90010,1199D8EB-96B5-4F6F-8B72-3DD33CB8A9C3_3780_W_Wilshire_Blvd_Los_Angeles_90010,Wilshire,3780 W Wilshire Boulevard Blvd Los Angeles 90010,,,,
616916,1193663,,5093006030.0,,3778.0,,,West,,,Wilshire,Boulevard,,,,,,,,,,,,,90010.0,,Los Angeles,Los Angeles,,,,,LA City,{442CAE2A-4F31-4CF6-81BD-ECEA6D521D50},0,,442CAE2A-4F31-4CF6-81BD-ECEA6D521D50,Unknown,,W,,,Blvd,W Wilshire Blvd,2023/09/12 23:03:18+00,3778 W Wilshire Blvd Los Angeles 90010,442CAE2A-4F31-4CF6-81BD-ECEA6D521D50_3778_W_Wilshire_Blvd_Los_Angeles_90010,Wilshire,3778 W Wilshire Boulevard Blvd Los Angeles 90010,,,,
616917,1193664,,5093006030.0,,3760.0,,,West,,,Wilshire,Boulevard,,,,,,,,,,,,,90010.0,,Los Angeles,Los Angeles,,,,,LA City,{4480CEE0-03E6-4922-A5D5-A6DC2383303B},0,,4480CEE0-03E6-4922-A5D5-A6DC2383303B,Unknown,,W,,,Blvd,W Wilshire Blvd,2023/09/12 23:03:18+00,3760 W Wilshire Blvd Los Angeles 90010,4480CEE0-03E6-4922-A5D5-A6DC2383303B_3760_W_Wilshire_Blvd_Los_Angeles_90010,Wilshire,3760 W Wilshire Boulevard Blvd Los Angeles 90010,,,,
616918,1193665,,5093006030.0,,3782.0,,,West,,,Wilshire,Boulevard,,,,,,,,,,,,,90010.0,,Los Angeles,Los Angeles,,,,,LA City,{8217FEDB-A232-4C1B-8297-881B3D4F7D0B},0,,8217FEDB-A232-4C1B-8297-881B3D4F7D0B,Unknown,,W,,,Blvd,W Wilshire Blvd,2023/09/12 23:03:18+00,3782 W Wilshire Blvd Los Angeles 90010,8217FEDB-A232-4C1B-8297-881B3D4F7D0B_3782_W_Wilshire_Blvd_Los_Angeles_90010,Wilshire,3782 W Wilshire Boulevard Blvd Los Angeles 90010,,,,
616919,1193666,,5093006030.0,,658.0,,,South,,,Western,Avenue,,,,,,,,,,,,,90010.0,,Los Angeles,Los Angeles,,,,,LA City,{CC9F5D34-8C71-4F62-8BEE-6C05CC7FC050},0,,CC9F5D34-8C71-4F62-8BEE-6C05CC7FC050,Unknown,,S,,,Ave,S Western Ave,2023/09/12 23:03:18+00,658 S Western Ave Los Angeles 90010,CC9F5D34-8C71-4F62-8BEE-6C05CC7FC050_658_S_Western_Ave_Los_Angeles_90010,Western,658 S Western Avenue Ave Los Angeles 90010,,,,
616920,1193667,,5093006030.0,,652.0,,,South,,,Western,Avenue,,,,,,,,,,,,,90010.0,,Los Angeles,Los Angeles,,,,,LA City,{9575DCA0-046A-406E-BF6F-0EDD6037E057},0,,9575DCA0-046A-406E-BF6F-0EDD6037E057,Unknown,,S,,,Ave,S Western Ave,2023/09/12 23:03:18+00,652 S Western Ave Los Angeles 90010,9575DCA0-046A-406E-BF6F-0EDD6037E057_652_S_Western_Ave_Los_Angeles_90010,Western,652 S Western Avenue Ave Los Angeles 90010,,,,
616921,1193668,,5093006030.0,,656.0,,,South,,,Western,Avenue,,,,,,,,,,,,,90010.0,,Los Angeles,Los Angeles,,,,,LA City,{5314794E-036D-4282-A493-BEA8E900C9EE},0,,5314794E-036D-4282-A493-BEA8E900C9EE,Unknown,,S,,,Ave,S Western Ave,2023/09/12 23:03:18+00,656 S Western Ave Los Angeles 90010,5314794E-036D-4282-A493-BEA8E900C9EE_656_S_Western_Ave_Los_Angeles_90010,Western,656 S Western Avenue Ave Los Angeles 90010,,,,
616922,1193669,,5093006030.0,,654.0,,,South,,,Western,Avenue,,,,,,,,,,,,,90010.0,,Los Angeles,Los Angeles,,,,,LA City,{4BA96B4B-943B-4315-8060-C38CE1A7BF4A},0,,4BA96B4B-943B-4315-8060-C38CE1A7BF4A,Unknown,,S,,,Ave,S Western Ave,2024/05/12 21:05:27+00,654 S Western Ave Los Angeles 90010,4BA96B4B-943B-4315-8060-C38CE1A7BF4A_654_S_Western_Ave_Los_Angeles_90010,Western,654 S Western Avenue Ave Los Angeles 90010,,,,
616923,1193670,,5093006030.0,,654.0,1/2,,South,,,Western,Avenue,,,,,,,,,,,,,90010.0,,Los Angeles,Los Angeles,,,,,LA City,{516DFFAE-C376-4B20-A1A2-BFAB606A2CB8},0,,516DFFAE-C376-4B20-A1A2-BFAB606A2CB8,Unknown,,S,,,Ave,S Western Ave,2024/05/12 21:05:27+00,654 1/2 S Western Ave Los Angeles 90010,516DFFAE-C376-4B20-A1A2-BFAB606A2CB8_654_1/2_S_Western_Ave_Los_Angeles_90010,Western,654 1/2 S Western Avenue Ave Los Angeles 90010,,,,
616925,1193672,,5093006035.0,,3670.0,,,West,,,Wilshire,Boulevard,,,,,,,,,,,,,90010.0,,Los Angeles,Los Angeles,,,,,LA City,{ECABF875-70E7-45A2-BB73-464A0B7B8102},0,,ECABF875-70E7-45A2-BB73-464A0B7B8102,Unknown,,W,,,Blvd,W Wilshire Blvd,2023/09/12 23:03:18+00,3670 W Wilshire Blvd Los Angeles 90010,ECABF875-70E7-45A2-BB73-464A0B7B8102_3670_W_Wilshire_Blvd_Los_Angeles_90010,Wilshire,3670 W Wilshire Boulevard Blvd Los Angeles 90010,,,,
617355,1194102,,5093019001.0,,3636.0,,,West,,,Wilshire,Boulevard,,,,,,,,,,,,,90010.0,,Los Angeles,Los Angeles,,,,,LA City,{FC372E94-C897-452D-8753-08DD231F431B},0,,FC372E94-C897-452D-8753-08DD231F431B,Unknown,,W,,,Blvd,W Wilshire Blvd,2023/09/12 23:03:18+00,3636 W Wilshire Blvd Los Angeles 90010,FC372E94-C897-452D-8753-08DD231F431B_3636_W_Wilshire_Blvd_Los_Angeles_90010,Wilshire,3636 W Wilshire Boulevard Blvd Los Angeles 90010,,,,
617356,1194103,,5093019001.0,,661.0,,,South,,,Harvard,Boulevard,,,,,,,,,,,,,90010.0,,Los Angeles,Los Angeles,,,,,LA City,{2DDEFD22-72C9-4352-8749-B30688AB6F34},0,,2DDEFD22-72C9-4352-8749-B30688AB6F34,Unknown,,S,,,Blvd,S Harvard Blvd,2023/09/12 23:03:18+00,661 S Harvard Blvd Los Angeles 90010,2DDEFD22-72C9-4352-8749-B30688AB6F34_661_S_Harvard_Blvd_Los_Angeles_90010,Harvard,661 S Harvard Boulevard Blvd Los Angeles 90010,,,,
617357,1194104,,5093019001.0,,3630.0,,,West,,,Wilshire,Boulevard,,,,,,,,,,,,,90010.0,,Los Angeles,Los Angeles,,,,,LA City,{69A799C0-2AF3-4034-8068-0CCEE8116DA6},0,,69A799C0-2AF3-4034-8068-0CCEE8116DA6,Unknown,,W,,,Blvd,W Wilshire Blvd,2023/09/12 23:03:18+00,3630 W Wilshire Blvd Los Angeles 90010,69A799C0-2AF3-4034-8068-0CCEE8116DA6_3630_W_Wilshire_Blvd_Los_Angeles_90010,Wilshire,3630 W Wilshire Boulevard Blvd Los Angeles 90010,,,,
617366,1194113,,5093019018.0,,3640.0,,,West,,,Wilshire,Boulevard,,,,,,,,,,,,1-209,90010.0,,Los Angeles,Los Angeles,,,,,LA City,{36BF562B-B2D4-41C7-AFD0-647ECB5C3C78},0,,36BF562B-B2D4-41C7-AFD0-647ECB5C3C78,Unknown,,W,,,Blvd,W Wilshire Blvd,2023/09/12 23:03:18+00,3640 W Wilshire Blvd 1-209 Los Angeles 90010,36BF562B-B2D4-41C7-AFD0-647ECB5C3C78_3640_W_Wilshire_Blvd_1-209_Los_Angeles_90010,Wilshire,3640 W Wilshire Boulevard Blvd 1-209 Los Angeles 90010,,,,
617371,1194118,,5093019020.0,,664.0,,,South,,,Hobart,Boulevard,,,,,,,,,,,,,90010.0,,Los Angeles,Los Angeles,,,,,LA City,{0570EFC1-8BA8-4A82-9756-3625374EACF8},0,,0570EFC1-8BA8-4A82-9756-3625374EACF8,Unknown,,S,,,Blvd,S Hobart Blvd,2023/09/12 23:03:18+00,664 S Hobart Blvd Los Angeles 90010,0570EFC1-8BA8-4A82-9756-3625374EACF8_664_S_Hobart_Blvd_Los_Angeles_90010,Hobart,664 S Hobart Boulevard Blvd Los Angeles 90010,,,,
617372,1194119,,5093019020.0,,3650.0,,,West,,,Wilshire,Boulevard,,,,,,,,,,,,,90010.0,,Los Angeles,Los Angeles,,,,,LA City,{2FB64311-FA43-40EE-A5EB-6390F2A163D4},0,,2FB64311-FA43-40EE-A5EB-6390F2A163D4,Unknown,,W,,,Blvd,W Wilshire Blvd,2023/09/12 23:03:18+00,3650 W Wilshire Blvd Los Angeles 90010,2FB64311-FA43-40EE-A5EB-6390F2A163D4_3650_W_Wilshire_Blvd_Los_Angeles_90010,Wilshire,3650 W Wilshire Boulevard Blvd Los Angeles 90010,,,,
617374,1194121,,5093019020.0,,3660.0,,,West,,,Wilshire,Boulevard,,,,,,,,,,,,,90010.0,,Los Angeles,Los Angeles,,,,,LA City,{E0C79134-7545-4135-B462-961FF592E5E0},0,,E0C79134-7545-4135-B462-961FF592E5E0,Unknown,,W,,,Blvd,W Wilshire Blvd,2023/09/12 23:03:18+00,3660 W Wilshire Blvd Los Angeles 90010,E0C79134-7545-4135-B462-961FF592E5E0_3660_W_Wilshire_Blvd_Los_Angeles_90010,Wilshire,3660 W Wilshire Boulevard Blvd Los Angeles 90010,,,,
617377,1194124,,5093020001.0,,3624.0,,,West,,,Wilshire,Boulevard,,,,,,,,,,,,,90010.0,,Los Angeles,Los Angeles,,,,,LA City,{84CE255C-DB5C-4E0A-8822-6F4834CA2371},0,,84CE255C-DB5C-4E0A-8822-6F4834CA2371,Unknown,,W,,,Blvd,W Wilshire Blvd,2023/09/12 23:03:18+00,3624 W Wilshire Blvd Los Angeles 90010,84CE255C-DB5C-4E0A-8822-6F4834CA2371_3624_W_Wilshire_Blvd_Los_Angeles_90010,Wilshire,3624 W Wilshire Boulevard Blvd Los Angeles 90010,,,,
617378,1194125,,5093020001.0,,651.0,,,South,,,Kingsley,Drive,,,,,,,,,,,,,90010.0,,Los Angeles,Los Angeles,,,,,LA City,{2E9905DD-F932-495B-A913-1116FAB0EEAC},0,,2E9905DD-F932-495B-A913-1116FAB0EEAC,Unknown,,S,,,Dr,S Kingsley Dr,2023/09/12 23:03:18+00,651 S Kingsley Dr Los Angeles 90010,2E9905DD-F932-495B-A913-1116FAB0EEAC_651_S_Kingsley_Dr_Los_Angeles_90010,Kingsley,651 S Kingsley Drive Dr Los Angeles 90010,,,,
617379,1194126,,5093020001.0,,3620.0,,,West,,,Wilshire,Boulevard,,,,,,,,,,,,,90010.0,,Los Angeles,Los Angeles,,,,,LA City,{51A798B5-8A01-407C-94D1-DF4E13FBD812},0,,51A798B5-8A01-407C-94D1-DF4E13FBD812,Unknown,,W,,,Blvd,W Wilshire Blvd,2023/09/12 23:03:18+00,3620 W Wilshire Blvd Los Angeles 90010,51A798B5-8A01-407C-94D1-DF4E13FBD812_3620_W_Wilshire_Blvd_Los_Angeles_90010,Wilshire,3620 W Wilshire Boulevard Blvd Los Angeles 90010,,,,
617380,1194127,,5093020001.0,,3618.0,,,West,,,Wilshire,Boulevard,,,,,,,,,,,,,90010.0,,Los Angeles,Los Angeles,,,,,LA City,{BDECD5BA-0E6C-4D58-A887-CEBB98822537},0,,BDECD5BA-0E6C-4D58-A887-CEBB98822537,Unknown,,W,,,Blvd,W Wilshire Blvd,2023/09/12 23:03:18+00,3618 W Wilshire Blvd Los Angeles 90010,BDECD5BA-0E6C-4D58-A887-CEBB98822537_3618_W_Wilshire_Blvd_Los_Angeles_90010,Wilshire,3618 W Wilshire Boulevard Blvd Los Angeles 90010,,,,
617381,1194128,,5093020001.0,,3600.0,,,West,,,Wilshire,Boulevard,,,,,,,,,,,,,90010.0,,Los Angeles,Los Angeles,,,,,LA City,{F09C2890-00CA-4888-8057-31E671F93246},0,,F09C2890-00CA-4888-8057-31E671F93246,Unknown,,W,,,Blvd,W Wilshire Blvd,2023/09/12 23:03:18+00,3600 W Wilshire Blvd Los Angeles 90010,F09C2890-00CA-4888-8057-31E671F93246_3600_W_Wilshire_Blvd_Los_Angeles_90010,Wilshire,3600 W Wilshire Boulevard Blvd Los Angeles 90010,,,,
617558,1194305,,5093026033.0,,3580.0,,,West,,,Wilshire,Boulevard,,,,,,,,,,,,,90010.0,,Los Angeles,Los Angeles,,,,,LA City,{F52B55F9-A9FC-4221-9347-430969E62B91},0,,F52B55F9-A9FC-4221-9347-430969E62B91,Unknown,,W,,,Blvd,W Wilshire Blvd,2023/09/12 23:03:18+00,3580 W Wilshire Blvd Los Angeles 90010,F52B55F9-A9FC-4221-9347-430969E62B91_3580_W_Wilshire_Blvd_Los_Angeles_90010,Wilshire,3580 W Wilshire Boulevard Blvd Los Angeles 90010,,,,
617560,1194307,,5093026039.0,,3550.0,,,West,,,Wilshire,Boulevard,,,,,,,,,,,,,90010.0,,Los Angeles,Los Angeles,,,,,LA City,{C0BCC36F-00F7-4B09-B148-919A5A5FADC8},0,,C0BCC36F-00F7-4B09-B148-919A5A5FADC8,Unknown,,W,,,Blvd,W Wilshire Blvd,2023/09/12 23:03:18+00,3550 W Wilshire Blvd Los Angeles 90010,C0BCC36F-00F7-4B09-B148-919A5A5FADC8_3550_W_Wilshire_Blvd_Los_Angeles_90010,Wilshire,3550 W Wilshire Boulevard Blvd Los Angeles 90010,,,,
617561,1194308,,5093027001.0,,3800.0,,,West,,,Wilshire,Boulevard,,,,,,,,,,,,1-260,90010.0,,Los Angeles,Los Angeles,,,,,LA City,{11C49323-F331-43CF-849D-78A6863D131C},0,,11C49323-F331-43CF-849D-78A6863D131C,Unknown,,W,,,Blvd,W Wilshire Blvd,2023/09/12 23:03:18+00,3800 W Wilshire Blvd 1-260 Los Angeles 90010,11C49323-F331-43CF-849D-78A6863D131C_3800_W_Wilshire_Blvd_1-260_Los_Angeles_90010,Wilshire,3800 W Wilshire Boulevard Blvd 1-260 Los Angeles 90010,,,,
617562,1194309,,5093027001.0,,3810.0,,,West,,,Wilshire,Boulevard,,,,,,,,,,,,1-260,90010.0,,Los Angeles,Los Angeles,,,,,LA City,{400B5FB2-B62B-40F7-89B1-57E086A969F5},0,,400B5FB2-B62B-40F7-89B1-57E086A969F5,Unknown,,W,,,Blvd,W Wilshire Blvd,2023/09/12 23:03:18+00,3810 W Wilshire Blvd 1-260 Los Angeles 90010,400B5FB2-B62B-40F7-89B1-57E086A969F5_3810_W_Wilshire_Blvd_1-260_Los_Angeles_90010,Wilshire,3810 W Wilshire Boulevard Blvd 1-260 Los Angeles 90010,,,,
617567,1194314,,5094001002.0,,3540.0,,,West,,,Wilshire,Boulevard,,,,,,,,,,,,,90010.0,,Los Angeles,Los Angeles,,,,,LA City,{3DD00A11-6553-4168-91E4-D3404E62EBEB},0,,3DD00A11-6553-4168-91E4-D3404E62EBEB,Unknown,,W,,,Blvd,W Wilshire Blvd,2023/09/12 23:03:18+00,3540 W Wilshire Blvd Los Angeles 90010,3DD00A11-6553-4168-91E4-D3404E62EBEB_3540_W_Wilshire_Blvd_Los_Angeles_90010,Wilshire,3540 W Wilshire Boulevard Blvd Los Angeles 90010,,,,
617569,1194316,,5094001002.0,,666.0,,,South,,,Ardmore,Avenue,,,,,,,,,,,,,90010.0,,Los Angeles,Los Angeles,,,,,LA City,{3CA35A22-956A-4083-A6B7-276703458FBD},0,,3CA35A22-956A-4083-A6B7-276703458FBD,Unknown,,S,,,Ave,S Ardmore Ave,2023/09/12 23:03:18+00,666 S Ardmore Ave Los Angeles 90010,3CA35A22-956A-4083-A6B7-276703458FBD_666_S_Ardmore_Ave_Los_Angeles_90010,Ardmore,666 S Ardmore Avenue Ave Los Angeles 90010,,,,
617570,1194317,,5094001002.0,,3538.0,,,West,,,Wilshire,Boulevard,,,,,,,,,,,,,90010.0,,Los Angeles,Los Angeles,,,,,LA City,{BD2AA3D4-49ED-47CB-BA12-5C531D1A161E},0,,BD2AA3D4-49ED-47CB-BA12-5C531D1A161E,Unknown,,W,,,Blvd,W Wilshire Blvd,2023/09/12 23:03:18+00,3538 W Wilshire Blvd Los Angeles 90010,BD2AA3D4-49ED-47CB-BA12-5C531D1A161E_3538_W_Wilshire_Blvd_Los_Angeles_90010,Wilshire,3538 W Wilshire Boulevard Blvd Los Angeles 90010,,,,
617572,1194319,,5094001002.0,,654.0,,,South,,,Ardmore,Avenue,,,,,,,,,,,,,90010.0,,Los Angeles,Los Angeles,,,,,LA City,{10420911-168B-49AC-8040-D0289C7F7D53},0,,10420911-168B-49AC-8040-D0289C7F7D53,Unknown,,S,,,Ave,S Ardmore Ave,2023/09/12 23:03:18+00,654 S Ardmore Ave Los Angeles 90010,10420911-168B-49AC-8040-D0289C7F7D53_654_S_Ardmore_Ave_Los_Angeles_90010,Ardmore,654 S Ardmore Avenue Ave Los Angeles 90010,,,,
617573,1194320,,5094001002.0,,656.0,,,South,,,Ardmore,Avenue,,,,,,,,,,,,,90010.0,,Los Angeles,Los Angeles,,,,,LA City,{D3EFFEB8-ED2A-471F-9D91-97A278EAA704},0,,D3EFFEB8-ED2A-471F-9D91-97A278EAA704,Unknown,,S,,,Ave,S Ardmore Ave,2023/09/12 23:03:18+00,656 S Ardmore Ave Los Angeles 90010,D3EFFEB8-ED2A-471F-9D91-97A278EAA704_656_S_Ardmore_Ave_Los_Angeles_90010,Ardmore,656 S Ardmore Avenue Ave Los Angeles 90010,,,,
617574,1194321,,5094001002.0,,662.0,,,South,,,Ardmore,Avenue,,,,,,,,,,,,,90010.0,,Los Angeles,Los Angeles,,,,,LA City,{FD010C3E-2191-4486-B42B-35CB0EF973FA},0,,FD010C3E-2191-4486-B42B-35CB0EF973FA,Unknown,,S,,,Ave,S Ardmore Ave,2023/09/12 23:03:18+00,662 S Ardmore Ave Los Angeles 90010,FD010C3E-2191-4486-B42B-35CB0EF973FA_662_S_Ardmore_Ave_Los_Angeles_90010,Ardmore,662 S Ardmore Avenue Ave Los Angeles 90010,,,,
617579,1194326,,5094001019.0,,3530.0,,,West,,,Wilshire,Boulevard,,,,,,,,,,,,,90010.0,,Los Angeles,Los Angeles,,,,,LA City,{65AECEA1-4A97-432E-9D04-0AD5478FEB1E},0,,65AECEA1-4A97-432E-9D04-0AD5478FEB1E,Unknown,,W,,,Blvd,W Wilshire Blvd,2023/09/12 23:03:18+00,3530 W Wilshire Blvd Los Angeles 90010,65AECEA1-4A97-432E-9D04-0AD5478FEB1E_3530_W_Wilshire_Blvd_Los_Angeles_90010,Wilshire,3530 W Wilshire Boulevard Blvd Los Angeles 90010,,,,
617584,1194331,,5094002011.0,,3432.0,,,West,,,Wilshire,Boulevard,,,,,,,,,,,,,90010.0,,Los Angeles,Los Angeles,,,,,LA City,{EEB28B93-01E4-4A60-A367-CCC93DFE8DAE},0,,EEB28B93-01E4-4A60-A367-CCC93DFE8DAE,Unknown,,W,,,Blvd,W Wilshire Blvd,2023/09/12 23:03:18+00,3432 W Wilshire Blvd Los Angeles 90010,EEB28B93-01E4-4A60-A367-CCC93DFE8DAE_3432_W_Wilshire_Blvd_Los_Angeles_90010,Wilshire,3432 W Wilshire Boulevard Blvd Los Angeles 90010,,,,
617585,1194332,,5094002011.0,,3444.0,,,West,,,Wilshire,Boulevard,,,,,,,,,,,,,90010.0,,Los Angeles,Los Angeles,,,,,LA City,{9CBCAFCD-CB42-4D15-9EA4-D9BD683BC5B7},0,,9CBCAFCD-CB42-4D15-9EA4-D9BD683BC5B7,Unknown,,W,,,Blvd,W Wilshire Blvd,2023/09/12 23:03:18+00,3444 W Wilshire Blvd Los Angeles 90010,9CBCAFCD-CB42-4D15-9EA4-D9BD683BC5B7_3444_W_Wilshire_Blvd_Los_Angeles_90010,Wilshire,3444 W Wilshire Boulevard Blvd Los Angeles 90010,,,,
617586,1194333,,5094002011.0,,3470.0,,,West,,,Wilshire,Boulevard,,,,,,,,,,,,,90010.0,,Los Angeles,Los Angeles,,,,,LA City,{F543443F-DD7A-4379-B482-8D083D6DCAEE},0,,F543443F-DD7A-4379-B482-8D083D6DCAEE,Unknown,,W,,,Blvd,W Wilshire Blvd,2023/09/12 23:03:18+00,3470 W Wilshire Blvd Los Angeles 90010,F543443F-DD7A-4379-B482-8D083D6DCAEE_3470_W_Wilshire_Blvd_Los_Angeles_90010,Wilshire,3470 W Wilshire Boulevard Blvd Los Angeles 90010,,,,
617587,1194334,,5094002011.0,,661.0,,,South,,,Mariposa,Avenue,,,,,,,,,,,,,90010.0,,Los Angeles,Los Angeles,,,,,LA City,{1C14F5F0-BD09-4476-A277-DA883316F2A4},0,,1C14F5F0-BD09-4476-A277-DA883316F2A4,Unknown,,S,,,Ave,S Mariposa Ave,2023/09/12 23:03:18+00,661 S Mariposa Ave Los Angeles 90010,1C14F5F0-BD09-4476-A277-DA883316F2A4_661_S_Mariposa_Ave_Los_Angeles_90010,Mariposa,661 S Mariposa Avenue Ave Los Angeles 90010,,,,
617588,1194335,,5094002011.0,,659.0,,,South,,,Mariposa,Avenue,,,,,,,,,,,,,90010.0,,Los Angeles,Los Angeles,,,,,LA City,{5976D244-5499-416D-9F9D-B58A4347DBB3},0,,5976D244-5499-416D-9F9D-B58A4347DBB3,Unknown,,S,,,Ave,S Mariposa Ave,2023/09/12 23:03:18+00,659 S Mariposa Ave Los Angeles 90010,5976D244-5499-416D-9F9D-B58A4347DBB3_659_S_Mariposa_Ave_Los_Angeles_90010,Mariposa,659 S Mariposa Avenue Ave Los Angeles 90010,,,,
617590,1194337,,5094002011.0,,3434.0,,,West,,,Wilshire,Boulevard,,,,,,,,,,,,,90010.0,,Los Angeles,Los Angeles,,,,,LA City,{1F962519-5B93-4C3D-BA31-4F0AC9FBE9DA},0,,1F962519-5B93-4C3D-BA31-4F0AC9FBE9DA,Unknown,,W,,,Blvd,W Wilshire Blvd,2023/09/12 23:03:18+00,3434 W Wilshire Blvd Los Angeles 90010,1F962519-5B93-4C3D-BA31-4F0AC9FBE9DA_3434_W_Wilshire_Blvd_Los_Angeles_90010,Wilshire,3434 W Wilshire Boulevard Blvd Los Angeles 90010,,,,
617591,1194338,,5094002011.0,,3454.0,,,West,,,Wilshire,Boulevard,,,,,,,,,,,,,90010.0,,Los Angeles,Los Angeles,,,,,LA City,{4C061F8D-95B5-4CAE-B9E7-D21693C24ED3},0,,4C061F8D-95B5-4CAE-B9E7-D21693C24ED3,Unknown,,W,,,Blvd,W Wilshire Blvd,2023/09/12 23:03:18+00,3454 W Wilshire Blvd Los Angeles 90010,4C061F8D-95B5-4CAE-B9E7-D21693C24ED3_3454_W_Wilshire_Blvd_Los_Angeles_90010,Wilshire,3454 W Wilshire Boulevard Blvd Los Angeles 90010,,,,
617592,1194339,,5094002011.0,,3442.0,,,West,,,Wilshire,Boulevard,,,,,,,,,,,,100,90010.0,,Los Angeles,Los Angeles,,,,,LA City,{BE11A76A-D600-42C7-915E-EC61FF219F16},0,,BE11A76A-D600-42C7-915E-EC61FF219F16,Unknown,,W,,,Blvd,W Wilshire Blvd,2023/09/12 23:03:18+00,3442 W Wilshire Blvd 100 Los Angeles 90010,BE11A76A-D600-42C7-915E-EC61FF219F16_3442_W_Wilshire_Blvd_100_Los_Angeles_90010,Wilshire,3442 W Wilshire Boulevard Blvd 100 Los Angeles 90010,,,,
617593,1194340,,5094002011.0,,3440.0,,,West,,,Wilshire,Boulevard,,,,,,,,,,,,,90010.0,,Los Angeles,Los Angeles,,,,,LA City,{B0F0DF7E-B35C-442C-8B76-D40032667FD7},0,,B0F0DF7E-B35C-442C-8B76-D40032667FD7,Unknown,,W,,,Blvd,W Wilshire Blvd,2023/09/12 23:03:18+00,3440 W Wilshire Blvd Los Angeles 90010,B0F0DF7E-B35C-442C-8B76-D40032667FD7_3440_W_Wilshire_Blvd_Los_Angeles_90010,Wilshire,3440 W Wilshire Boulevard Blvd Los Angeles 90010,,,,
617594,1194341,,5094002011.0,,3438.0,,,West,,,Wilshire,Boulevard,,,,,,,,,,,,,90010.0,,Los Angeles,Los Angeles,,,,,LA City,{B599ECE0-2F69-48A0-AA96-B3C08E36AABB},0,,B599ECE0-2F69-48A0-AA96-B3C08E36AABB,Unknown,,W,,,Blvd,W Wilshire Blvd,2023/09/12 23:03:18+00,3438 W Wilshire Blvd Los Angeles 90010,B599ECE0-2F69-48A0-AA96-B3C08E36AABB_3438_W_Wilshire_Blvd_Los_Angeles_90010,Wilshire,3438 W Wilshire Boulevard Blvd Los Angeles 90010,,,,
617595,1194342,,5094002011.0,,3448.0,,,West,,,Wilshire,Boulevard,,,,,,,,,,,,,90010.0,,Los Angeles,Los Angeles,,,,,LA City,{5B28455F-3D11-4D26-980E-B45221496CED},0,,5B28455F-3D11-4D26-980E-B45221496CED,Unknown,,W,,,Blvd,W Wilshire Blvd,2023/09/12 23:03:18+00,3448 W Wilshire Blvd Los Angeles 90010,5B28455F-3D11-4D26-980E-B45221496CED_3448_W_Wilshire_Blvd_Los_Angeles_90010,Wilshire,3448 W Wilshire Boulevard Blvd Los Angeles 90010,,,,
617596,1194343,,5094002011.0,,3460.0,,,West,,,Wilshire,Boulevard,,,,,,,,,,,,,90010.0,,Los Angeles,Los Angeles,,,,,LA City,{081EDC1C-EE05-4099-92C2-A870982935A9},0,,081EDC1C-EE05-4099-92C2-A870982935A9,Unknown,,W,,,Blvd,W Wilshire Blvd,2023/09/12 23:03:18+00,3460 W Wilshire Blvd Los Angeles 90010,081EDC1C-EE05-4099-92C2-A870982935A9_3460_W_Wilshire_Blvd_Los_Angeles_90010,Wilshire,3460 W Wilshire Boulevard Blvd Los Angeles 90010,,,,
617598,1194345,,5094002011.0,,3450.0,,,West,,,Wilshire,Boulevard,,,,,,,,,,,,,90010.0,,Los Angeles,Los Angeles,,,,,LA City,{B6DF1BFB-F2DF-4906-B81A-9E83EA8117D6},0,,B6DF1BFB-F2DF-4906-B81A-9E83EA8117D6,Unknown,,W,,,Blvd,W Wilshire Blvd,2023/09/12 23:03:18+00,3450 W Wilshire Blvd Los Angeles 90010,B6DF1BFB-F2DF-4906-B81A-9E83EA8117D6_3450_W_Wilshire_Blvd_Los_Angeles_90010,Wilshire,3450 W Wilshire Boulevard Blvd Los Angeles 90010,,,,
617601,1194348,,5094002011.0,,667.0,,,South,,,Mariposa,Avenue,,,,,,,,,,,,,90010.0,,Los Angeles,Los Angeles,,,,,LA City,{5435B21D-4BCB-4A87-B5FC-44D6D969CFA8},0,,5435B21D-4BCB-4A87-B5FC-44D6D969CFA8,Unknown,,S,,,Ave,S Mariposa Ave,2023/09/12 23:03:18+00,667 S Mariposa Ave Los Angeles 90010,5435B21D-4BCB-4A87-B5FC-44D6D969CFA8_667_S_Mariposa_Ave_Los_Angeles_90010,Mariposa,667 S Mariposa Avenue Ave Los Angeles 90010,,,,
617605,1194352,,5094002011.0,,3446.0,,,West,,,Wilshire,Boulevard,,,,,,,,,,,,,90010.0,,Los Angeles,Los Angeles,,,,,LA City,{2A8624D6-2094-4089-A161-D9E9DC552C24},0,,2A8624D6-2094-4089-A161-D9E9DC552C24,Unknown,,W,,,Blvd,W Wilshire Blvd,2023/09/12 23:03:18+00,3446 W Wilshire Blvd Los Angeles 90010,2A8624D6-2094-4089-A161-D9E9DC552C24_3446_W_Wilshire_Blvd_Los_Angeles_90010,Wilshire,3446 W Wilshire Boulevard Blvd Los Angeles 90010,,,,
617606,1194353,,5094002011.0,,3452.0,1/2,,West,,,Wilshire,Boulevard,,,,,,,,,,,,,90010.0,,Los Angeles,Los Angeles,,,,,LA City,{B2FBF333-BA9B-4A28-A6A5-9604704FCF4E},0,,B2FBF333-BA9B-4A28-A6A5-9604704FCF4E,Unknown,,W,,,Blvd,W Wilshire Blvd,2024/05/12 21:05:27+00,3452 1/2 W Wilshire Blvd Los Angeles 90010,B2FBF333-BA9B-4A28-A6A5-9604704FCF4E_3452_1/2_W_Wilshire_Blvd_Los_Angeles_90010,Wilshire,3452 1/2 W Wilshire Boulevard Blvd Los Angeles 90010,,,,
617607,1194354,,5094002011.0,,3458.0,,,West,,,Wilshire,Boulevard,,,,,,,,,,,,,90010.0,,Los Angeles,Los Angeles,,,,,LA City,{2FD14B52-043F-4275-9C87-009E1CBF6BC8},0,,2FD14B52-043F-4275-9C87-009E1CBF6BC8,Unknown,,W,,,Blvd,W Wilshire Blvd,2024/05/12 21:05:27+00,3458 W Wilshire Blvd Los Angeles 90010,2FD14B52-043F-4275-9C87-009E1CBF6BC8_3458_W_Wilshire_Blvd_Los_Angeles_90010,Wilshire,3458 W Wilshire Boulevard Blvd Los Angeles 90010,,,,
617608,1194355,,5094002011.0,,3458.0,3/4,,West,,,Wilshire,Boulevard,,,,,,,,,,,,,90010.0,,Los Angeles,Los Angeles,,,,,LA City,{7867F0CA-1183-473F-8378-4A1B9674A0A4},0,,7867F0CA-1183-473F-8378-4A1B9674A0A4,Unknown,,W,,,Blvd,W Wilshire Blvd,2024/05/12 21:05:27+00,3458 3/4 W Wilshire Blvd Los Angeles 90010,7867F0CA-1183-473F-8378-4A1B9674A0A4_3458_3/4_W_Wilshire_Blvd_Los_Angeles_90010,Wilshire,3458 3/4 W Wilshire Boulevard Blvd Los Angeles 90010,,,,
617609,1194356,,5094002011.0,,3458.0,1/2,,West,,,Wilshire,Boulevard,,,,,,,,,,,,,90010.0,,Los Angeles,Los Angeles,,,,,LA City,{B5249DD9-761F-47FA-969C-8A20EC303F5B},0,,B5249DD9-761F-47FA-969C-8A20EC303F5B,Unknown,,W,,,Blvd,W Wilshire Blvd,2024/05/12 21:05:27+00,3458 1/2 W Wilshire Blvd Los Angeles 90010,B5249DD9-761F-47FA-969C-8A20EC303F5B_3458_1/2_W_Wilshire_Blvd_Los_Angeles_90010,Wilshire,3458 1/2 W Wilshire Boulevard Blvd Los Angeles 90010,,,,
617610,1194357,,5094002011.0,,3452.0,,,West,,,Wilshire,Boulevard,,,,,,,,,,,,,90010.0,,Los Angeles,Los Angeles,,,,,LA City,{4AF1B0EC-986F-43DF-B1AD-B352B4D8D064},0,,4AF1B0EC-986F-43DF-B1AD-B352B4D8D064,Unknown,,W,,,Blvd,W Wilshire Blvd,2024/05/12 21:05:27+00,3452 W Wilshire Blvd Los Angeles 90010,4AF1B0EC-986F-43DF-B1AD-B352B4D8D064_3452_W_Wilshire_Blvd_Los_Angeles_90010,Wilshire,3452 W Wilshire Boulevard Blvd Los Angeles 90010,,,,
617749,1194496,,5094006015.0,,660.0,,,South,,,Mariposa,Avenue,,,,,,,,,,,,,90010.0,,Los Angeles,Los Angeles,,,,,LA City,{9F760219-A606-4F09-BAC4-6987D7A1015D},0,,9F760219-A606-4F09-BAC4-6987D7A1015D,Unknown,,S,,,Ave,S Mariposa Ave,2023/09/12 23:03:18+00,660 S Mariposa Ave Los Angeles 90010,9F760219-A606-4F09-BAC4-6987D7A1015D_660_S_Mariposa_Ave_Los_Angeles_90010,Mariposa,660 S Mariposa Avenue Ave Los Angeles 90010,,,,
617750,1194497,,5094006015.0,,3424.0,,,West,,,Wilshire,Boulevard,,,,,,,,,,,,,90010.0,,Los Angeles,Los Angeles,,,,,LA City,{C04CFF75-B342-41F6-8C3F-7E3D06CBE5BD},0,,C04CFF75-B342-41F6-8C3F-7E3D06CBE5BD,Unknown,,W,,,Blvd,W Wilshire Blvd,2023/09/12 23:03:18+00,3424 W Wilshire Blvd Los Angeles 90010,C04CFF75-B342-41F6-8C3F-7E3D06CBE5BD_3424_W_Wilshire_Blvd_Los_Angeles_90010,Wilshire,3424 W Wilshire Boulevard Blvd Los Angeles 90010,,,,
617751,1194498,,5094006015.0,,3430.0,,,West,,,Wilshire,Boulevard,,,,,,,,,,,,,90010.0,,Los Angeles,Los Angeles,,,,,LA City,{CD0DF852-B0DB-433C-83BE-9CF2A23AA541},0,,CD0DF852-B0DB-433C-83BE-9CF2A23AA541,Unknown,,W,,,Blvd,W Wilshire Blvd,2023/09/12 23:03:18+00,3430 W Wilshire Blvd Los Angeles 90010,CD0DF852-B0DB-433C-83BE-9CF2A23AA541_3430_W_Wilshire_Blvd_Los_Angeles_90010,Wilshire,3430 W Wilshire Boulevard Blvd Los Angeles 90010,,,,
617762,1194509,,5094006902.0,,3400.0,,,West,,,Wilshire,Boulevard,,,,,,,,,,,,,90010.0,,Los Angeles,Los Angeles,,,,,LA City,{831A03F7-20E5-4787-9446-D1E0FFF22E0E},0,,831A03F7-20E5-4787-9446-D1E0FFF22E0E,Unknown,,W,,,Blvd,W Wilshire Blvd,2023/09/12 23:03:18+00,3400 W Wilshire Blvd Los Angeles 90010,831A03F7-20E5-4787-9446-D1E0FFF22E0E_3400_W_Wilshire_Blvd_Los_Angeles_90010,Wilshire,3400 W Wilshire Boulevard Blvd Los Angeles 90010,,,,
617763,1194510,,5094006902.0,,3380.0,,,West,,,Wilshire,Boulevard,,,,,,,,,,,,,90010.0,,Los Angeles,Los Angeles,,,,,LA City,{BA25C8A8-76EF-4F6D-A91C-B598B49498B9},0,,BA25C8A8-76EF-4F6D-A91C-B598B49498B9,Unknown,,W,,,Blvd,W Wilshire Blvd,2023/09/12 23:03:18+00,3380 W Wilshire Blvd Los Angeles 90010,BA25C8A8-76EF-4F6D-A91C-B598B49498B9_3380_W_Wilshire_Blvd_Los_Angeles_90010,Wilshire,3380 W Wilshire Boulevard Blvd Los Angeles 90010,,,,
617779,1194526,,5094007001.0,,3350.0,,,West,,,Wilshire,Boulevard,,,,,,,,,,,,1-216,90010.0,,Los Angeles,Los Angeles,,,,,LA City,{CD6E1B96-EF18-4E19-9930-3686704BCA1D},0,,CD6E1B96-EF18-4E19-9930-3686704BCA1D,Unknown,,W,,,Blvd,W Wilshire Blvd,2023/09/12 23:03:18+00,3350 W Wilshire Blvd 1-216 Los Angeles 90010,CD6E1B96-EF18-4E19-9930-3686704BCA1D_3350_W_Wilshire_Blvd_1-216_Los_Angeles_90010,Wilshire,3350 W Wilshire Boulevard Blvd 1-216 Los Angeles 90010,,,,
617780,1194527,,5094007001.0,,657.0,,,South,,,Catalina,Street,,,,,,,,,,,,,90010.0,,Los Angeles,Los Angeles,,,,,LA City,{35AA37DA-B5C3-4E49-A67E-CB285E6DCAE7},0,,35AA37DA-B5C3-4E49-A67E-CB285E6DCAE7,Unknown,,S,,,St,S Catalina St,2023/09/12 23:03:18+00,657 S Catalina St Los Angeles 90010,35AA37DA-B5C3-4E49-A67E-CB285E6DCAE7_657_S_Catalina_St_Los_Angeles_90010,Catalina,657 S Catalina Street St Los Angeles 90010,,,,
617781,1194528,,5094007001.0,,3354.0,,,West,,,Wilshire,Boulevard,,,,,,,,,,,,,90010.0,,Los Angeles,Los Angeles,,,,,LA City,{3D1DCF75-CDBD-4738-AE69-68390FA67E1C},0,,3D1DCF75-CDBD-4738-AE69-68390FA67E1C,Unknown,,W,,,Blvd,W Wilshire Blvd,2023/09/12 23:03:18+00,3354 W Wilshire Blvd Los Angeles 90010,3D1DCF75-CDBD-4738-AE69-68390FA67E1C_3354_W_Wilshire_Blvd_Los_Angeles_90010,Wilshire,3354 W Wilshire Boulevard Blvd Los Angeles 90010,,,,
617784,1194531,,5094007001.0,,3348.0,,,West,,,Wilshire,Boulevard,,,,,,,,,,,,,90010.0,,Los Angeles,Los Angeles,,,,,LA City,{ED21D5E7-9F17-4689-9C92-5CA178EC7762},0,,ED21D5E7-9F17-4689-9C92-5CA178EC7762,Unknown,,W,,,Blvd,W Wilshire Blvd,2023/09/12 23:03:18+00,3348 W Wilshire Blvd Los Angeles 90010,ED21D5E7-9F17-4689-9C92-5CA178EC7762_3348_W_Wilshire_Blvd_Los_Angeles_90010,Wilshire,3348 W Wilshire Boulevard Blvd Los Angeles 90010,,,,
617791,1194538,,5094007016.0,,668.0,,,South,,,Catalina,Street,,,,,,,,,,,,,90010.0,,Los Angeles,Los Angeles,,,,,LA City,{541649DA-87FB-486C-986A-1F41B6EA6504},0,,541649DA-87FB-486C-986A-1F41B6EA6504,Unknown,,S,,,St,S Catalina St,2023/09/12 23:03:18+00,668 S Catalina St Los Angeles 90010,541649DA-87FB-486C-986A-1F41B6EA6504_668_S_Catalina_St_Los_Angeles_90010,Catalina,668 S Catalina Street St Los Angeles 90010,,,,
617793,1194540,,5094007020.0,,3310.0,,,West,,,Wilshire,Boulevard,,,,,,,,,,,,,90010.0,,Los Angeles,Los Angeles,,,,,LA City,{B829762A-93A6-4C41-894E-49F3255C641D},0,,B829762A-93A6-4C41-894E-49F3255C641D,Unknown,,W,,,Blvd,W Wilshire Blvd,2023/09/12 23:03:18+00,3310 W Wilshire Blvd Los Angeles 90010,B829762A-93A6-4C41-894E-49F3255C641D_3310_W_Wilshire_Blvd_Los_Angeles_90010,Wilshire,3310 W Wilshire Boulevard Blvd Los Angeles 90010,,,,
617794,1194541,,5094007020.0,,663.0,,,South,,,Berendo,Street,,,,,,,,,,,,,90010.0,,Los Angeles,Los Angeles,,,,,LA City,{B4A94EF0-BF53-41E1-81BE-BFFD45E3CE1E},0,,B4A94EF0-BF53-41E1-81BE-BFFD45E3CE1E,Unknown,,S,,,St,S Berendo St,2023/09/12 23:03:18+00,663 S Berendo St Los Angeles 90010,B4A94EF0-BF53-41E1-81BE-BFFD45E3CE1E_663_S_Berendo_St_Los_Angeles_90010,Berendo,663 S Berendo Street St Los Angeles 90010,,,,
617796,1194543,,5094007020.0,,3300.0,,,West,,,Wilshire,Boulevard,,,,,,,,,,,,,90010.0,,Los Angeles,Los Angeles,,,,,LA City,{4259C55A-DFA5-41BA-B55F-D32E37A3DE4A},0,,4259C55A-DFA5-41BA-B55F-D32E37A3DE4A,Unknown,,W,,,Blvd,W Wilshire Blvd,2023/09/12 23:03:18+00,3300 W Wilshire Blvd Los Angeles 90010,4259C55A-DFA5-41BA-B55F-D32E37A3DE4A_3300_W_Wilshire_Blvd_Los_Angeles_90010,Wilshire,3300 W Wilshire Boulevard Blvd Los Angeles 90010,,,,
617797,1194544,,5094007020.0,,665.0,,,South,,,Berendo,Street,,,,,,,,,,,,,90010.0,,Los Angeles,Los Angeles,,,,,LA City,{A1C334D0-DECB-43E1-9513-E7AF2B4D2B28},0,,A1C334D0-DECB-43E1-9513-E7AF2B4D2B28,Unknown,,S,,,St,S Berendo St,2023/09/12 23:03:18+00,665 S Berendo St Los Angeles 90010,A1C334D0-DECB-43E1-9513-E7AF2B4D2B28_665_S_Berendo_St_Los_Angeles_90010,Berendo,665 S Berendo Street St Los Angeles 90010,,,,
617798,1194545,,5094007021.0,,3324.0,,,West,,,Wilshire,Boulevard,,,,,,,,,,,,1-17,90010.0,,Los Angeles,Los Angeles,,,,,LA City,{D1634E82-8D17-41F9-A92B-AB0B48BEB3A9},0,,D1634E82-8D17-41F9-A92B-AB0B48BEB3A9,Unknown,,W,,,Blvd,W Wilshire Blvd,2023/09/12 23:03:18+00,3324 W Wilshire Blvd 1-17 Los Angeles 90010,D1634E82-8D17-41F9-A92B-AB0B48BEB3A9_3324_W_Wilshire_Blvd_1-17_Los_Angeles_90010,Wilshire,3324 W Wilshire Boulevard Blvd 1-17 Los Angeles 90010,,,,
617799,1194546,,5094007021.0,,650.0,,,South,,,Catalina,Street,,,,,,,,,,,,,90010.0,,Los Angeles,Los Angeles,,,,,LA City,{A9DC0DB5-41FC-4F8A-BFAD-DDA9543C04CA},0,,A9DC0DB5-41FC-4F8A-BFAD-DDA9543C04CA,Unknown,,S,,,St,S Catalina St,2023/09/12 23:03:18+00,650 S Catalina St Los Angeles 90010,A9DC0DB5-41FC-4F8A-BFAD-DDA9543C04CA_650_S_Catalina_St_Los_Angeles_90010,Catalina,650 S Catalina Street St Los Angeles 90010,,,,
617800,1194547,,5094007021.0,,3326.0,,,West,,,Wilshire,Boulevard,,,,,,,,,,,,,90010.0,,Los Angeles,Los Angeles,,,,,LA City,{4DD95BB7-5B72-4227-8355-F22E58C28C1E},0,,4DD95BB7-5B72-4227-8355-F22E58C28C1E,Unknown,,W,,,Blvd,W Wilshire Blvd,2023/09/12 23:03:18+00,3326 W Wilshire Blvd Los Angeles 90010,4DD95BB7-5B72-4227-8355-F22E58C28C1E_3326_W_Wilshire_Blvd_Los_Angeles_90010,Wilshire,3326 W Wilshire Boulevard Blvd Los Angeles 90010,,,,
617801,1194548,,5094007021.0,,3328.0,,,West,,,Wilshire,Boulevard,,,,,,,,,,,,,90010.0,,Los Angeles,Los Angeles,,,,,LA City,{142704C9-18C8-442B-A278-C1913ED126B1},0,,142704C9-18C8-442B-A278-C1913ED126B1,Unknown,,W,,,Blvd,W Wilshire Blvd,2023/09/12 23:03:18+00,3328 W Wilshire Blvd Los Angeles 90010,142704C9-18C8-442B-A278-C1913ED126B1_3328_W_Wilshire_Blvd_Los_Angeles_90010,Wilshire,3328 W Wilshire Boulevard Blvd Los Angeles 90010,,,,
617802,1194549,,5094007021.0,,3322.0,,,West,,,Wilshire,Boulevard,,,,,,,,,,,,,90010.0,,Los Angeles,Los Angeles,,,,,LA City,{64273B65-9C21-4199-BE16-CFB27FC36C81},0,,64273B65-9C21-4199-BE16-CFB27FC36C81,Unknown,,W,,,Blvd,W Wilshire Blvd,2023/09/12 23:03:18+00,3322 W Wilshire Blvd Los Angeles 90010,64273B65-9C21-4199-BE16-CFB27FC36C81_3322_W_Wilshire_Blvd_Los_Angeles_90010,Wilshire,3322 W Wilshire Boulevard Blvd Los Angeles 90010,,,,
617803,1194550,,5094007021.0,,664.0,,,South,,,Catalina,Street,,,,,,,,,,,,,90010.0,,Los Angeles,Los Angeles,,,,,LA City,{F5A0F307-67DC-438A-B3F7-0A70E64B9248},0,,F5A0F307-67DC-438A-B3F7-0A70E64B9248,Unknown,,S,,,St,S Catalina St,2023/09/12 23:03:18+00,664 S Catalina St Los Angeles 90010,F5A0F307-67DC-438A-B3F7-0A70E64B9248_664_S_Catalina_St_Los_Angeles_90010,Catalina,664 S Catalina Street St Los Angeles 90010,,,,
617804,1194551,,5094007021.0,,3330.0,,,West,,,Wilshire,Boulevard,,,,,,,,,,,,,90010.0,,Los Angeles,Los Angeles,,,,,LA City,{5DAF3B5F-B01F-4C3B-9BE7-4908A92AEA91},0,,5DAF3B5F-B01F-4C3B-9BE7-4908A92AEA91,Unknown,,W,,,Blvd,W Wilshire Blvd,2023/09/12 23:03:18+00,3330 W Wilshire Blvd Los Angeles 90010,5DAF3B5F-B01F-4C3B-9BE7-4908A92AEA91_3330_W_Wilshire_Blvd_Los_Angeles_90010,Wilshire,3330 W Wilshire Boulevard Blvd Los Angeles 90010,,,,
617813,1194560,,5094008026.0,,667.0,,,South,,,Vermont,Avenue,,,,,,,,,,,,,90010.0,,Los Angeles,Los Angeles,,,,,LA City,{0B386EA6-EE96-4A98-A8AD-31F940954025},0,,0B386EA6-EE96-4A98-A8AD-31F940954025,Unknown,,S,,,Ave,S Vermont Ave,2023/09/12 23:03:18+00,667 S Vermont Ave Los Angeles 90010,0B386EA6-EE96-4A98-A8AD-31F940954025_667_S_Vermont_Ave_Los_Angeles_90010,Vermont,667 S Vermont Avenue Ave Los Angeles 90010,,,,
617814,1194561,,5094008026.0,,657.0,,,South,,,Vermont,Avenue,,,,,,,,,,,,,90010.0,,Los Angeles,Los Angeles,,,,,LA City,{62313B7F-E1A7-4B90-8912-2C3E8F2185DE},0,,62313B7F-E1A7-4B90-8912-2C3E8F2185DE,Unknown,,S,,,Ave,S Vermont Ave,2023/09/12 23:03:18+00,657 S Vermont Ave Los Angeles 90010,62313B7F-E1A7-4B90-8912-2C3E8F2185DE_657_S_Vermont_Ave_Los_Angeles_90010,Vermont,657 S Vermont Avenue Ave Los Angeles 90010,,,,
617815,1194562,,5094008026.0,,3200.0,,,West,,,Wilshire,Boulevard,,,,,,,,,,,,,90010.0,,Los Angeles,Los Angeles,,,,,LA City,{1253081C-6BA6-48E1-A7E1-D9C731EF43FD},0,,1253081C-6BA6-48E1-A7E1-D9C731EF43FD,Unknown,,W,,,Blvd,W Wilshire Blvd,2023/09/12 23:03:18+00,3200 W Wilshire Blvd Los Angeles 90010,1253081C-6BA6-48E1-A7E1-D9C731EF43FD_3200_W_Wilshire_Blvd_Los_Angeles_90010,Wilshire,3200 W Wilshire Boulevard Blvd Los Angeles 90010,,,,
617817,1194564,,5094008026.0,,661.0,,,South,,,Vermont,Avenue,,,,,,,,,,,,,90010.0,,Los Angeles,Los Angeles,,,,,LA City,{F8734C15-2712-4CFA-BDF5-9778D25D5ED1},0,,F8734C15-2712-4CFA-BDF5-9778D25D5ED1,Unknown,,S,,,Ave,S Vermont Ave,2023/09/12 23:03:18+00,661 S Vermont Ave Los Angeles 90010,F8734C15-2712-4CFA-BDF5-9778D25D5ED1_661_S_Vermont_Ave_Los_Angeles_90010,Vermont,661 S Vermont Avenue Ave Los Angeles 90010,,,,
617823,1194570,,5094008027.0,,3250.0,,,West,,,Wilshire,Boulevard,,,,,,,,,,,,,90010.0,,Los Angeles,Los Angeles,,,,,LA City,{B33AE4B4-EEA4-45AE-A05D-C31AAB949E7F},0,,B33AE4B4-EEA4-45AE-A05D-C31AAB949E7F,Unknown,,W,,,Blvd,W Wilshire Blvd,2023/09/12 23:03:18+00,3250 W Wilshire Blvd Los Angeles 90010,B33AE4B4-EEA4-45AE-A05D-C31AAB949E7F_3250_W_Wilshire_Blvd_Los_Angeles_90010,Wilshire,3250 W Wilshire Boulevard Blvd Los Angeles 90010,,,,
617824,1194571,,5094008030.0,,3278.0,,,West,,,Wilshire,Boulevard,,,,,,,,,,,,,90010.0,,Los Angeles,Los Angeles,,,,,LA City,{66AACAD8-2505-400E-A729-4CFE424C37C1},0,,66AACAD8-2505-400E-A729-4CFE424C37C1,Unknown,,W,,,Blvd,W Wilshire Blvd,2023/09/12 23:03:18+00,3278 W Wilshire Blvd Los Angeles 90010,66AACAD8-2505-400E-A729-4CFE424C37C1_3278_W_Wilshire_Blvd_Los_Angeles_90010,Wilshire,3278 W Wilshire Boulevard Blvd Los Angeles 90010,,,,
617828,1194575,,5094008044.0,,3240.0,,,West,,,Wilshire,Boulevard,,,,,,,,,,,,,90010.0,,Los Angeles,Los Angeles,,,,,LA City,{5C5A8BBD-F888-483F-91B7-9C1074D029A4},0,,5C5A8BBD-F888-483F-91B7-9C1074D029A4,Unknown,,W,,,Blvd,W Wilshire Blvd,2023/09/12 23:03:18+00,3240 W Wilshire Blvd Los Angeles 90010,5C5A8BBD-F888-483F-91B7-9C1074D029A4_3240_W_Wilshire_Blvd_Los_Angeles_90010,Wilshire,3240 W Wilshire Boulevard Blvd Los Angeles 90010,,,,
617829,1194576,,5094008044.0,,660.0,,,South,,,New Hampshire,Avenue,,,,,,,,,,,,,90010.0,,Los Angeles,Los Angeles,,,,,LA City,{15DED3C7-B8FF-4F96-9B44-1BC4339508EB},0,,15DED3C7-B8FF-4F96-9B44-1BC4339508EB,Unknown,,S,,,Ave,S New Hampshire Ave,2023/09/12 23:03:18+00,660 S New Hampshire Ave Los Angeles 90010,15DED3C7-B8FF-4F96-9B44-1BC4339508EB_660_S_New_Hampshire_Ave_Los_Angeles_90010,New Hampshire,660 S New Hampshire Avenue Ave Los Angeles 90010,,,,
