fid,OBJECTID,OBJIDstr,AIN,NumPrefix,Number,NumSuffix,PreMod,PreDir,PreType,StArticle,StreetName,PostType,PostDir,PostMod,BldgID,BldgSource,BldgTypePl,BldgType,BldgName,FlrTypePl,FlrType,FlrName,UnitType,UnitName,ZipCode,Zip4,LegalComm,PostComm1,PostComm2,PostComm3,OtherComm1,OtherComm2,Source,SourceID,MADRank,AROIDstr,OIDstr,PropType,ObjID,PreDirAbbr,PostDirAbbr,PreTypeAbbr,PostTypeAbbr,FullName,UpdateDate,FullAddress,UniqueID,StName_EnerGov,FullAddress_EnerGov,MSAG_City,ESN,lon,lat
13512,53853,,,,505.0,1/2,,North,,,Sycamore,Avenue,,,,,,,,,,,,,90036.0,,Los Angeles,Los Angeles,,,,,LA City,{29FB3D39-228F-4564-A428-82C50E34942F},0,,29FB3D39-228F-4564-A428-82C50E34942F,Unknown,,N,,,Ave,N Sycamore Ave,2023/09/12 23:03:18+00,505 1/2 N Sycamore Ave Los Angeles 90036,29FB3D39-228F-4564-A428-82C50E34942F_505_1/2_N_Sycamore_Ave_Los_Angeles_90036,Sycamore,505 1/2 N Sycamore Avenue Ave Los Angeles 90036,,,,
606835,1183577,,5084001009.0,,800.0,,,South,,,Highland,Avenue,,,,,,,,,,,,,90036.0,,Los Angeles,Los Angeles,,,,,LA City,{29FC12F8-09AB-4EE1-9792-A1279DF8EC05},0,,29FC12F8-09AB-4EE1-9792-A1279DF8EC05,Unknown,,S,,,Ave,S Highland Ave,2023/09/12 23:03:18+00,800 S Highland Ave Los Angeles 90036,29FC12F8-09AB-4EE1-9792-A1279DF8EC05_800_S_Highland_Ave_Los_Angeles_90036,Highland,800 S Highland Avenue Ave Los Angeles 90036,,,,
606836,1183578,,5084001010.0,,806.0,,,South,,,Highland,Avenue,,,,,,,,,,,,,90036.0,,Los Angeles,Los Angeles,,,,,LA City,{AF006970-793F-473F-8E8B-A68DD7606972},0,,AF006970-793F-473F-8E8B-A68DD7606972,Unknown,,S,,,Ave,S Highland Ave,2023/09/12 23:03:18+00,806 S Highland Ave Los Angeles 90036,AF006970-793F-473F-8E8B-A68DD7606972_806_S_Highland_Ave_Los_Angeles_90036,Highland,806 S Highland Avenue Ave Los Angeles 90036,,,,
606837,1183579,,5084001011.0,,812.0,,,South,,,Highland,Avenue,,,,,,,,,,,,,90036.0,,Los Angeles,Los Angeles,,,,,LA City,{080B8EA5-0684-4D95-949E-9127915D9E29},0,,080B8EA5-0684-4D95-949E-9127915D9E29,Unknown,,S,,,Ave,S Highland Ave,2023/09/12 23:03:18+00,812 S Highland Ave Los Angeles 90036,080B8EA5-0684-4D95-949E-9127915D9E29_812_S_Highland_Ave_Los_Angeles_90036,Highland,812 S Highland Avenue Ave Los Angeles 90036,,,,
606838,1183580,,5084001012.0,,816.0,,,South,,,Highland,Avenue,,,,,,,,,,,,,90036.0,,Los Angeles,Los Angeles,,,,,LA City,{7C98A87C-240F-4851-A852-D7A13F3FDBF1},0,,7C98A87C-240F-4851-A852-D7A13F3FDBF1,Unknown,,S,,,Ave,S Highland Ave,2023/09/12 23:03:18+00,816 S Highland Ave Los Angeles 90036,7C98A87C-240F-4851-A852-D7A13F3FDBF1_816_S_Highland_Ave_Los_Angeles_90036,Highland,816 S Highland Avenue Ave Los Angeles 90036,,,,
606839,1183581,,5084001013.0,,822.0,,,South,,,Highland,Avenue,,,,,,,,,,,,,90036.0,,Los Angeles,Los Angeles,,,,,LA City,{111F8EAC-4BD2-445A-84B5-A80D42C98A16},0,,111F8EAC-4BD2-445A-84B5-A80D42C98A16,Unknown,,S,,,Ave,S Highland Ave,2023/09/12 23:03:18+00,822 S Highland Ave Los Angeles 90036,111F8EAC-4BD2-445A-84B5-A80D42C98A16_822_S_Highland_Ave_Los_Angeles_90036,Highland,822 S Highland Avenue Ave Los Angeles 90036,,,,
606840,1183582,,5084001014.0,,826.0,,,South,,,Highland,Avenue,,,,,,,,,,,,,90036.0,,Los Angeles,Los Angeles,,,,,LA City,{9B8E39AA-90DD-43DD-996A-1FD2E906D1F4},0,,9B8E39AA-90DD-43DD-996A-1FD2E906D1F4,Unknown,,S,,,Ave,S Highland Ave,2023/09/12 23:03:18+00,826 S Highland Ave Los Angeles 90036,9B8E39AA-90DD-43DD-996A-1FD2E906D1F4_826_S_Highland_Ave_Los_Angeles_90036,Highland,826 S Highland Avenue Ave Los Angeles 90036,,,,
606841,1183583,,5084001015.0,,832.0,,,South,,,Highland,Avenue,,,,,,,,,,,,,90036.0,,Los Angeles,Los Angeles,,,,,LA City,{00D17DA1-5DC8-429E-80F2-52E25DDF6D4E},0,,00D17DA1-5DC8-429E-80F2-52E25DDF6D4E,Unknown,,S,,,Ave,S Highland Ave,2023/09/12 23:03:18+00,832 S Highland Ave Los Angeles 90036,00D17DA1-5DC8-429E-80F2-52E25DDF6D4E_832_S_Highland_Ave_Los_Angeles_90036,Highland,832 S Highland Avenue Ave Los Angeles 90036,,,,
606842,1183584,,5084001016.0,,836.0,,,South,,,Highland,Avenue,,,,,,,,,,,,,90036.0,,Los Angeles,Los Angeles,,,,,LA City,{16C2FB62-2AA3-43B6-BED6-964415877B7A},0,,16C2FB62-2AA3-43B6-BED6-964415877B7A,Unknown,,S,,,Ave,S Highland Ave,2023/09/12 23:03:18+00,836 S Highland Ave Los Angeles 90036,16C2FB62-2AA3-43B6-BED6-964415877B7A_836_S_Highland_Ave_Los_Angeles_90036,Highland,836 S Highland Avenue Ave Los Angeles 90036,,,,
606843,1183585,,5084001017.0,,842.0,,,South,,,Highland,Avenue,,,,,,,,,,,,,90036.0,,Los Angeles,Los Angeles,,,,,LA City,{C4727E4C-A680-41CC-BC31-13F9DF0E8FF6},0,,C4727E4C-A680-41CC-BC31-13F9DF0E8FF6,Unknown,,S,,,Ave,S Highland Ave,2023/09/12 23:03:18+00,842 S Highland Ave Los Angeles 90036,C4727E4C-A680-41CC-BC31-13F9DF0E8FF6_842_S_Highland_Ave_Los_Angeles_90036,Highland,842 S Highland Avenue Ave Los Angeles 90036,,,,
606844,1183586,,5084001018.0,,846.0,,,South,,,Highland,Avenue,,,,,,,,,,,,,90036.0,,Los Angeles,Los Angeles,,,,,LA City,{72099FF7-671F-4DDB-B984-9FB61CA044B7},0,,72099FF7-671F-4DDB-B984-9FB61CA044B7,Unknown,,S,,,Ave,S Highland Ave,2023/09/12 23:03:18+00,846 S Highland Ave Los Angeles 90036,72099FF7-671F-4DDB-B984-9FB61CA044B7_846_S_Highland_Ave_Los_Angeles_90036,Highland,846 S Highland Avenue Ave Los Angeles 90036,,,,
606845,1183587,,5084001019.0,,854.0,,,South,,,Highland,Avenue,,,,,,,,,,,,,90036.0,,Los Angeles,Los Angeles,,,,,LA City,{8D4041D7-9405-4594-B5A7-112CF47840EA},0,,8D4041D7-9405-4594-B5A7-112CF47840EA,Unknown,,S,,,Ave,S Highland Ave,2023/09/12 23:03:18+00,854 S Highland Ave Los Angeles 90036,8D4041D7-9405-4594-B5A7-112CF47840EA_854_S_Highland_Ave_Los_Angeles_90036,Highland,854 S Highland Avenue Ave Los Angeles 90036,,,,
606846,1183588,,5084001020.0,,803.0,,,South,,,Highland,Avenue,,,,,,,,,,,,,90036.0,,Los Angeles,Los Angeles,,,,,LA City,{0DC512FA-CD45-4B28-A8E9-0C6848C13746},0,,0DC512FA-CD45-4B28-A8E9-0C6848C13746,Unknown,,S,,,Ave,S Highland Ave,2023/09/12 23:03:18+00,803 S Highland Ave Los Angeles 90036,0DC512FA-CD45-4B28-A8E9-0C6848C13746_803_S_Highland_Ave_Los_Angeles_90036,Highland,803 S Highland Avenue Ave Los Angeles 90036,,,,
606847,1183589,,5084001021.0,,809.0,,,South,,,Highland,Avenue,,,,,,,,,,,,,90036.0,,Los Angeles,Los Angeles,,,,,LA City,{CF74E47F-7D01-44A3-8468-D28C3F6BB74D},0,,CF74E47F-7D01-44A3-8468-D28C3F6BB74D,Unknown,,S,,,Ave,S Highland Ave,2023/09/12 23:03:18+00,809 S Highland Ave Los Angeles 90036,CF74E47F-7D01-44A3-8468-D28C3F6BB74D_809_S_Highland_Ave_Los_Angeles_90036,Highland,809 S Highland Avenue Ave Los Angeles 90036,,,,
606848,1183590,,5084001022.0,,815.0,,,South,,,Highland,Avenue,,,,,,,,,,,,,90036.0,,Los Angeles,Los Angeles,,,,,LA City,{54CC73CE-28AB-43BB-BA09-37144315950D},0,,54CC73CE-28AB-43BB-BA09-37144315950D,Unknown,,S,,,Ave,S Highland Ave,2023/09/12 23:03:18+00,815 S Highland Ave Los Angeles 90036,54CC73CE-28AB-43BB-BA09-37144315950D_815_S_Highland_Ave_Los_Angeles_90036,Highland,815 S Highland Avenue Ave Los Angeles 90036,,,,
606849,1183591,,5084001023.0,,819.0,,,South,,,Highland,Avenue,,,,,,,,,,,,,90036.0,,Los Angeles,Los Angeles,,,,,LA City,{8D3BF192-A80A-4047-B909-87A36D7F5E4E},0,,8D3BF192-A80A-4047-B909-87A36D7F5E4E,Unknown,,S,,,Ave,S Highland Ave,2023/09/12 23:03:18+00,819 S Highland Ave Los Angeles 90036,8D3BF192-A80A-4047-B909-87A36D7F5E4E_819_S_Highland_Ave_Los_Angeles_90036,Highland,819 S Highland Avenue Ave Los Angeles 90036,,,,
606850,1183592,,5084001024.0,,825.0,,,South,,,Highland,Avenue,,,,,,,,,,,,,90036.0,,Los Angeles,Los Angeles,,,,,LA City,{25870ECF-C422-4D57-845D-6226B6CCA331},0,,25870ECF-C422-4D57-845D-6226B6CCA331,Unknown,,S,,,Ave,S Highland Ave,2023/09/12 23:03:18+00,825 S Highland Ave Los Angeles 90036,25870ECF-C422-4D57-845D-6226B6CCA331_825_S_Highland_Ave_Los_Angeles_90036,Highland,825 S Highland Avenue Ave Los Angeles 90036,,,,
606851,1183593,,5084001025.0,,829.0,,,South,,,Highland,Avenue,,,,,,,,,,,,,90036.0,,Los Angeles,Los Angeles,,,,,LA City,{236DA132-5939-4335-9AE1-998A87DFBD66},0,,236DA132-5939-4335-9AE1-998A87DFBD66,Unknown,,S,,,Ave,S Highland Ave,2023/09/12 23:03:18+00,829 S Highland Ave Los Angeles 90036,236DA132-5939-4335-9AE1-998A87DFBD66_829_S_Highland_Ave_Los_Angeles_90036,Highland,829 S Highland Avenue Ave Los Angeles 90036,,,,
606852,1183594,,5084001026.0,,835.0,,,South,,,Highland,Avenue,,,,,,,,,,,,,90036.0,,Los Angeles,Los Angeles,,,,,LA City,{A9175764-F4C6-4995-A866-1190D6C94679},0,,A9175764-F4C6-4995-A866-1190D6C94679,Unknown,,S,,,Ave,S Highland Ave,2023/09/12 23:03:18+00,835 S Highland Ave Los Angeles 90036,A9175764-F4C6-4995-A866-1190D6C94679_835_S_Highland_Ave_Los_Angeles_90036,Highland,835 S Highland Avenue Ave Los Angeles 90036,,,,
606853,1183595,,5084001027.0,,839.0,,,South,,,Highland,Avenue,,,,,,,,,,,,,90036.0,,Los Angeles,Los Angeles,,,,,LA City,{E1B3EAAE-3A48-4E1F-AB1F-D6F8C9998709},0,,E1B3EAAE-3A48-4E1F-AB1F-D6F8C9998709,Unknown,,S,,,Ave,S Highland Ave,2023/09/12 23:03:18+00,839 S Highland Ave Los Angeles 90036,E1B3EAAE-3A48-4E1F-AB1F-D6F8C9998709_839_S_Highland_Ave_Los_Angeles_90036,Highland,839 S Highland Avenue Ave Los Angeles 90036,,,,
606854,1183596,,5084001028.0,,845.0,,,South,,,Highland,Avenue,,,,,,,,,,,,,90036.0,,Los Angeles,Los Angeles,,,,,LA City,{AC7E87D3-4601-4712-86C0-3A69BE076B09},0,,AC7E87D3-4601-4712-86C0-3A69BE076B09,Unknown,,S,,,Ave,S Highland Ave,2023/09/12 23:03:18+00,845 S Highland Ave Los Angeles 90036,AC7E87D3-4601-4712-86C0-3A69BE076B09_845_S_Highland_Ave_Los_Angeles_90036,Highland,845 S Highland Avenue Ave Los Angeles 90036,,,,
606855,1183597,,5084001028.0,,843.0,,,South,,,Highland,Avenue,,,,,,,,,,,,,90036.0,,Los Angeles,Los Angeles,,,,,LA City,{3B5D3761-FDDC-4354-8B04-C48DE53710A2},0,,3B5D3761-FDDC-4354-8B04-C48DE53710A2,Unknown,,S,,,Ave,S Highland Ave,2023/09/12 23:03:18+00,843 S Highland Ave Los Angeles 90036,3B5D3761-FDDC-4354-8B04-C48DE53710A2_843_S_Highland_Ave_Los_Angeles_90036,Highland,843 S Highland Avenue Ave Los Angeles 90036,,,,
606856,1183598,,5084001029.0,,849.0,,,South,,,Highland,Avenue,,,,,,,,,,,,,90036.0,,Los Angeles,Los Angeles,,,,,LA City,{6EE1BF31-D3E2-4FC3-826E-D241986FED2B},0,,6EE1BF31-D3E2-4FC3-826E-D241986FED2B,Unknown,,S,,,Ave,S Highland Ave,2023/09/12 23:03:18+00,849 S Highland Ave Los Angeles 90036,6EE1BF31-D3E2-4FC3-826E-D241986FED2B_849_S_Highland_Ave_Los_Angeles_90036,Highland,849 S Highland Avenue Ave Los Angeles 90036,,,,
606857,1183599,,5084001030.0,,855.0,,,South,,,Highland,Avenue,,,,,,,,,,,,,90036.0,,Los Angeles,Los Angeles,,,,,LA City,{0CD5EA48-1008-48A4-B7A1-A55F39834D68},0,,0CD5EA48-1008-48A4-B7A1-A55F39834D68,Unknown,,S,,,Ave,S Highland Ave,2023/09/12 23:03:18+00,855 S Highland Ave Los Angeles 90036,0CD5EA48-1008-48A4-B7A1-A55F39834D68_855_S_Highland_Ave_Los_Angeles_90036,Highland,855 S Highland Avenue Ave Los Angeles 90036,,,,
606858,1183600,,5084001031.0,,800.0,,,South,,,Citrus,Avenue,,,,,,,,,,,,,90036.0,,Los Angeles,Los Angeles,,,,,LA City,{1760D184-42C5-4815-9225-66D78A5B531B},0,,1760D184-42C5-4815-9225-66D78A5B531B,Unknown,,S,,,Ave,S Citrus Ave,2023/09/12 23:03:18+00,800 S Citrus Ave Los Angeles 90036,1760D184-42C5-4815-9225-66D78A5B531B_800_S_Citrus_Ave_Los_Angeles_90036,Citrus,800 S Citrus Avenue Ave Los Angeles 90036,,,,
606859,1183601,,5084001032.0,,806.0,,,South,,,Citrus,Avenue,,,,,,,,,,,,,90036.0,,Los Angeles,Los Angeles,,,,,LA City,{ED609FFE-9040-46DC-9A2C-B5CE9A9EB66F},0,,ED609FFE-9040-46DC-9A2C-B5CE9A9EB66F,Unknown,,S,,,Ave,S Citrus Ave,2023/09/12 23:03:18+00,806 S Citrus Ave Los Angeles 90036,ED609FFE-9040-46DC-9A2C-B5CE9A9EB66F_806_S_Citrus_Ave_Los_Angeles_90036,Citrus,806 S Citrus Avenue Ave Los Angeles 90036,,,,
606860,1183602,,5084001033.0,,812.0,,,South,,,Citrus,Avenue,,,,,,,,,,,,,90036.0,,Los Angeles,Los Angeles,,,,,LA City,{8F75C19A-DC6F-427D-8DD1-8CBB68F311AC},0,,8F75C19A-DC6F-427D-8DD1-8CBB68F311AC,Unknown,,S,,,Ave,S Citrus Ave,2023/09/12 23:03:18+00,812 S Citrus Ave Los Angeles 90036,8F75C19A-DC6F-427D-8DD1-8CBB68F311AC_812_S_Citrus_Ave_Los_Angeles_90036,Citrus,812 S Citrus Avenue Ave Los Angeles 90036,,,,
606861,1183603,,5084001034.0,,816.0,,,South,,,Citrus,Avenue,,,,,,,,,,,,,90036.0,,Los Angeles,Los Angeles,,,,,LA City,{CDE44785-A1A4-4A81-9A8C-CCB6225F8C69},0,,CDE44785-A1A4-4A81-9A8C-CCB6225F8C69,Unknown,,S,,,Ave,S Citrus Ave,2023/09/12 23:03:18+00,816 S Citrus Ave Los Angeles 90036,CDE44785-A1A4-4A81-9A8C-CCB6225F8C69_816_S_Citrus_Ave_Los_Angeles_90036,Citrus,816 S Citrus Avenue Ave Los Angeles 90036,,,,
606862,1183604,,5084001035.0,,822.0,,,South,,,Citrus,Avenue,,,,,,,,,,,,,90036.0,,Los Angeles,Los Angeles,,,,,LA City,{7CCF8FCA-FB96-43CA-A1EB-407756B50F7C},0,,7CCF8FCA-FB96-43CA-A1EB-407756B50F7C,Unknown,,S,,,Ave,S Citrus Ave,2023/09/12 23:03:18+00,822 S Citrus Ave Los Angeles 90036,7CCF8FCA-FB96-43CA-A1EB-407756B50F7C_822_S_Citrus_Ave_Los_Angeles_90036,Citrus,822 S Citrus Avenue Ave Los Angeles 90036,,,,
606863,1183605,,5084001035.0,,824.0,,,South,,,Citrus,Avenue,,,,,,,,,,,,,90036.0,,Los Angeles,Los Angeles,,,,,Assessor,{00C62065-C3EC-467B-A1AA-DD13CB959F8D},0,,00C62065-C3EC-467B-A1AA-DD13CB959F8D,Unknown,,S,,,Ave,S Citrus Ave,2024/04/27 17:13:09+00,824 S Citrus Ave Los Angeles 90036,00C62065-C3EC-467B-A1AA-DD13CB959F8D_824_S_Citrus_Ave_Los_Angeles_90036,Citrus,824 S Citrus Avenue Ave Los Angeles 90036,,,,
606864,1183606,,5084001036.0,,826.0,,,South,,,Citrus,Avenue,,,,,,,,,,,,,90036.0,,Los Angeles,Los Angeles,,,,,LA City,{FC71ED7C-DD83-41DA-B953-0765EAE9D108},0,,FC71ED7C-DD83-41DA-B953-0765EAE9D108,Unknown,,S,,,Ave,S Citrus Ave,2023/09/12 23:03:18+00,826 S Citrus Ave Los Angeles 90036,FC71ED7C-DD83-41DA-B953-0765EAE9D108_826_S_Citrus_Ave_Los_Angeles_90036,Citrus,826 S Citrus Avenue Ave Los Angeles 90036,,,,
606865,1183607,,5084001037.0,,832.0,,,South,,,Citrus,Avenue,,,,,,,,,,,,,90036.0,,Los Angeles,Los Angeles,,,,,LA City,{C017A354-9406-47F1-9DF6-1C1840174DC6},0,,C017A354-9406-47F1-9DF6-1C1840174DC6,Unknown,,S,,,Ave,S Citrus Ave,2023/09/12 23:03:18+00,832 S Citrus Ave Los Angeles 90036,C017A354-9406-47F1-9DF6-1C1840174DC6_832_S_Citrus_Ave_Los_Angeles_90036,Citrus,832 S Citrus Avenue Ave Los Angeles 90036,,,,
606866,1183608,,5084001038.0,,838.0,,,South,,,Citrus,Avenue,,,,,,,,,,,,,90036.0,,Los Angeles,Los Angeles,,,,,LA City,{1BCD2BDC-B93E-403E-BAF8-7C7BB4C7EA2D},0,,1BCD2BDC-B93E-403E-BAF8-7C7BB4C7EA2D,Unknown,,S,,,Ave,S Citrus Ave,2023/09/12 23:03:18+00,838 S Citrus Ave Los Angeles 90036,1BCD2BDC-B93E-403E-BAF8-7C7BB4C7EA2D_838_S_Citrus_Ave_Los_Angeles_90036,Citrus,838 S Citrus Avenue Ave Los Angeles 90036,,,,
606867,1183609,,5084001039.0,,842.0,,,South,,,Citrus,Avenue,,,,,,,,,,,,,90036.0,,Los Angeles,Los Angeles,,,,,LA City,{78D3B46D-1F7E-40DB-A4F9-AEC296B90DB6},0,,78D3B46D-1F7E-40DB-A4F9-AEC296B90DB6,Unknown,,S,,,Ave,S Citrus Ave,2023/09/12 23:03:18+00,842 S Citrus Ave Los Angeles 90036,78D3B46D-1F7E-40DB-A4F9-AEC296B90DB6_842_S_Citrus_Ave_Los_Angeles_90036,Citrus,842 S Citrus Avenue Ave Los Angeles 90036,,,,
606868,1183610,,5084001040.0,,846.0,,,South,,,Citrus,Avenue,,,,,,,,,,,,,90036.0,,Los Angeles,Los Angeles,,,,,LA City,{F3F0E6B3-819E-400A-B3A3-709E90149610},0,,F3F0E6B3-819E-400A-B3A3-709E90149610,Unknown,,S,,,Ave,S Citrus Ave,2023/09/12 23:03:18+00,846 S Citrus Ave Los Angeles 90036,F3F0E6B3-819E-400A-B3A3-709E90149610_846_S_Citrus_Ave_Los_Angeles_90036,Citrus,846 S Citrus Avenue Ave Los Angeles 90036,,,,
606869,1183611,,5084001041.0,,854.0,,,South,,,Citrus,Avenue,,,,,,,,,,,,,90036.0,,Los Angeles,Los Angeles,,,,,LA City,{CEE19556-0952-4017-BDDC-B494F55FC5A2},0,,CEE19556-0952-4017-BDDC-B494F55FC5A2,Unknown,,S,,,Ave,S Citrus Ave,2023/09/12 23:03:18+00,854 S Citrus Ave Los Angeles 90036,CEE19556-0952-4017-BDDC-B494F55FC5A2_854_S_Citrus_Ave_Los_Angeles_90036,Citrus,854 S Citrus Avenue Ave Los Angeles 90036,,,,
606870,1183612,,5084002001.0,,854.0,,,South,,,Orange,Drive,,,,,,,,,,,,,90036.0,,Los Angeles,Los Angeles,,,,,LA City,{CEF06820-089B-44B8-A67A-8349D809E9C8},0,,CEF06820-089B-44B8-A67A-8349D809E9C8,Unknown,,S,,,Dr,S Orange Dr,2023/09/12 23:03:18+00,854 S Orange Dr Los Angeles 90036,CEF06820-089B-44B8-A67A-8349D809E9C8_854_S_Orange_Dr_Los_Angeles_90036,Orange,854 S Orange Drive Dr Los Angeles 90036,,,,
606871,1183613,,5084002002.0,,848.0,,,South,,,Orange,Drive,,,,,,,,,,,,,90036.0,,Los Angeles,Los Angeles,,,,,LA City,{92AF39D1-AE82-43C2-BA3C-0A587174B4F2},0,,92AF39D1-AE82-43C2-BA3C-0A587174B4F2,Unknown,,S,,,Dr,S Orange Dr,2023/09/12 23:03:18+00,848 S Orange Dr Los Angeles 90036,92AF39D1-AE82-43C2-BA3C-0A587174B4F2_848_S_Orange_Dr_Los_Angeles_90036,Orange,848 S Orange Drive Dr Los Angeles 90036,,,,
606872,1183614,,5084002003.0,,842.0,,,South,,,Orange,Drive,,,,,,,,,,,,,90036.0,,Los Angeles,Los Angeles,,,,,LA City,{41759096-81E8-4168-A791-B4CBD5992D5F},0,,41759096-81E8-4168-A791-B4CBD5992D5F,Unknown,,S,,,Dr,S Orange Dr,2023/09/12 23:03:18+00,842 S Orange Dr Los Angeles 90036,41759096-81E8-4168-A791-B4CBD5992D5F_842_S_Orange_Dr_Los_Angeles_90036,Orange,842 S Orange Drive Dr Los Angeles 90036,,,,
606873,1183615,,5084002003.0,,844.0,,,South,,,Orange,Drive,,,,,,,,,,,,,90036.0,,Los Angeles,Los Angeles,,,,,LA City,{A7531D73-F1D3-4E44-8797-2D3762884F48},0,,A7531D73-F1D3-4E44-8797-2D3762884F48,Unknown,,S,,,Dr,S Orange Dr,2023/09/12 23:03:18+00,844 S Orange Dr Los Angeles 90036,A7531D73-F1D3-4E44-8797-2D3762884F48_844_S_Orange_Dr_Los_Angeles_90036,Orange,844 S Orange Drive Dr Los Angeles 90036,,,,
606874,1183616,,5084002004.0,,838.0,,,South,,,Orange,Drive,,,,,,,,,,,,,90036.0,,Los Angeles,Los Angeles,,,,,LA City,{A1E8ADE2-6005-4458-86BA-F34C318B3881},0,,A1E8ADE2-6005-4458-86BA-F34C318B3881,Unknown,,S,,,Dr,S Orange Dr,2023/09/12 23:03:18+00,838 S Orange Dr Los Angeles 90036,A1E8ADE2-6005-4458-86BA-F34C318B3881_838_S_Orange_Dr_Los_Angeles_90036,Orange,838 S Orange Drive Dr Los Angeles 90036,,,,
606875,1183617,,5084002005.0,,832.0,,,South,,,Orange,Drive,,,,,,,,,,,,,90036.0,,Los Angeles,Los Angeles,,,,,LA City,{77335FC7-C810-4CC0-A811-16C1192499CF},0,,77335FC7-C810-4CC0-A811-16C1192499CF,Unknown,,S,,,Dr,S Orange Dr,2023/09/12 23:03:18+00,832 S Orange Dr Los Angeles 90036,77335FC7-C810-4CC0-A811-16C1192499CF_832_S_Orange_Dr_Los_Angeles_90036,Orange,832 S Orange Drive Dr Los Angeles 90036,,,,
606876,1183618,,5084002006.0,,828.0,,,South,,,Orange,Drive,,,,,,,,,,,,,90036.0,,Los Angeles,Los Angeles,,,,,LA City,{A969B56E-5D45-4891-9E1D-CA4086A1E92E},0,,A969B56E-5D45-4891-9E1D-CA4086A1E92E,Unknown,,S,,,Dr,S Orange Dr,2023/09/12 23:03:18+00,828 S Orange Dr Los Angeles 90036,A969B56E-5D45-4891-9E1D-CA4086A1E92E_828_S_Orange_Dr_Los_Angeles_90036,Orange,828 S Orange Drive Dr Los Angeles 90036,,,,
606877,1183619,,5084002007.0,,822.0,,,South,,,Orange,Drive,,,,,,,,,,,,,90036.0,,Los Angeles,Los Angeles,,,,,LA City,{8648C50F-9BAF-4E14-986F-CC92432D8006},0,,8648C50F-9BAF-4E14-986F-CC92432D8006,Unknown,,S,,,Dr,S Orange Dr,2023/09/12 23:03:18+00,822 S Orange Dr Los Angeles 90036,8648C50F-9BAF-4E14-986F-CC92432D8006_822_S_Orange_Dr_Los_Angeles_90036,Orange,822 S Orange Drive Dr Los Angeles 90036,,,,
606878,1183620,,5084002008.0,,816.0,,,South,,,Orange,Drive,,,,,,,,,,,,,90036.0,,Los Angeles,Los Angeles,,,,,LA City,{FF07DAE4-8FCD-4C5D-92FD-6CD969365811},0,,FF07DAE4-8FCD-4C5D-92FD-6CD969365811,Unknown,,S,,,Dr,S Orange Dr,2023/09/12 23:03:18+00,816 S Orange Dr Los Angeles 90036,FF07DAE4-8FCD-4C5D-92FD-6CD969365811_816_S_Orange_Dr_Los_Angeles_90036,Orange,816 S Orange Drive Dr Los Angeles 90036,,,,
606879,1183621,,5084002009.0,,812.0,,,South,,,Orange,Drive,,,,,,,,,,,,,90036.0,,Los Angeles,Los Angeles,,,,,LA City,{90FB2951-2D90-4EC4-B4EF-C67D8FFAAA6A},0,,90FB2951-2D90-4EC4-B4EF-C67D8FFAAA6A,Unknown,,S,,,Dr,S Orange Dr,2023/09/12 23:03:18+00,812 S Orange Dr Los Angeles 90036,90FB2951-2D90-4EC4-B4EF-C67D8FFAAA6A_812_S_Orange_Dr_Los_Angeles_90036,Orange,812 S Orange Drive Dr Los Angeles 90036,,,,
606880,1183622,,5084002010.0,,806.0,,,South,,,Orange,Drive,,,,,,,,,,,,,90036.0,,Los Angeles,Los Angeles,,,,,LA City,{D79F9E67-9AFD-4ADC-8085-5D5A5FA894A6},0,,D79F9E67-9AFD-4ADC-8085-5D5A5FA894A6,Unknown,,S,,,Dr,S Orange Dr,2023/09/12 23:03:18+00,806 S Orange Dr Los Angeles 90036,D79F9E67-9AFD-4ADC-8085-5D5A5FA894A6_806_S_Orange_Dr_Los_Angeles_90036,Orange,806 S Orange Drive Dr Los Angeles 90036,,,,
606881,1183623,,5084002011.0,,802.0,,,South,,,Orange,Drive,,,,,,,,,,,,,90036.0,,Los Angeles,Los Angeles,,,,,LA City,{599B01AB-7DE8-4026-9F84-0FFC8E483CB6},0,,599B01AB-7DE8-4026-9F84-0FFC8E483CB6,Unknown,,S,,,Dr,S Orange Dr,2023/09/12 23:03:18+00,802 S Orange Dr Los Angeles 90036,599B01AB-7DE8-4026-9F84-0FFC8E483CB6_802_S_Orange_Dr_Los_Angeles_90036,Orange,802 S Orange Drive Dr Los Angeles 90036,,,,
606882,1183624,,5084002014.0,,809.0,,,South,,,Mansfield,Avenue,,,,,,,,,,,,,90036.0,,Los Angeles,Los Angeles,,,,,LA City,{170D5FE5-3791-4395-A73F-2C3747F94FDB},0,,170D5FE5-3791-4395-A73F-2C3747F94FDB,Unknown,,S,,,Ave,S Mansfield Ave,2023/09/12 23:03:18+00,809 S Mansfield Ave Los Angeles 90036,170D5FE5-3791-4395-A73F-2C3747F94FDB_809_S_Mansfield_Ave_Los_Angeles_90036,Mansfield,809 S Mansfield Avenue Ave Los Angeles 90036,,,,
606883,1183625,,5084002014.0,,811.0,,,South,,,Mansfield,Avenue,,,,,,,,,,,,,90036.0,,Los Angeles,Los Angeles,,,,,LA City,{3D7474F1-C1E6-42B9-BB97-438E4445CC67},0,,3D7474F1-C1E6-42B9-BB97-438E4445CC67,Unknown,,S,,,Ave,S Mansfield Ave,2023/09/12 23:03:18+00,811 S Mansfield Ave Los Angeles 90036,3D7474F1-C1E6-42B9-BB97-438E4445CC67_811_S_Mansfield_Ave_Los_Angeles_90036,Mansfield,811 S Mansfield Avenue Ave Los Angeles 90036,,,,
606884,1183626,,5084002015.0,,817.0,,,South,,,Mansfield,Avenue,,,,,,,,,,,,,90036.0,,Los Angeles,Los Angeles,,,,,LA City,{8F2AEF2B-0A38-481F-9721-EC9363575514},0,,8F2AEF2B-0A38-481F-9721-EC9363575514,Unknown,,S,,,Ave,S Mansfield Ave,2023/09/12 23:03:18+00,817 S Mansfield Ave Los Angeles 90036,8F2AEF2B-0A38-481F-9721-EC9363575514_817_S_Mansfield_Ave_Los_Angeles_90036,Mansfield,817 S Mansfield Avenue Ave Los Angeles 90036,,,,
606885,1183627,,5084002016.0,,821.0,,,South,,,Mansfield,Avenue,,,,,,,,,,,,,90036.0,,Los Angeles,Los Angeles,,,,,LA City,{87A5C484-7BC9-48E4-A550-0E540C0A1B2E},0,,87A5C484-7BC9-48E4-A550-0E540C0A1B2E,Unknown,,S,,,Ave,S Mansfield Ave,2024/05/12 21:05:27+00,821 S Mansfield Ave Los Angeles 90036,87A5C484-7BC9-48E4-A550-0E540C0A1B2E_821_S_Mansfield_Ave_Los_Angeles_90036,Mansfield,821 S Mansfield Avenue Ave Los Angeles 90036,,,,
606886,1183628,,5084002016.0,,821.0,1/2,,South,,,Mansfield,Avenue,,,,,,,,,,,,,90036.0,,Los Angeles,Los Angeles,,,,,LA City,{11441132-7651-4626-8A57-6F059B2C8659},0,,11441132-7651-4626-8A57-6F059B2C8659,Unknown,,S,,,Ave,S Mansfield Ave,2024/05/12 21:05:27+00,821 1/2 S Mansfield Ave Los Angeles 90036,11441132-7651-4626-8A57-6F059B2C8659_821_1/2_S_Mansfield_Ave_Los_Angeles_90036,Mansfield,821 1/2 S Mansfield Avenue Ave Los Angeles 90036,,,,
606887,1183629,,5084002016.0,,823.0,1/2,,South,,,Mansfield,Avenue,,,,,,,,,,,,,90036.0,,Los Angeles,Los Angeles,,,,,LA City,{6E7E2BDF-C70E-44BB-9946-5FC106D74571},0,,6E7E2BDF-C70E-44BB-9946-5FC106D74571,Unknown,,S,,,Ave,S Mansfield Ave,2024/05/12 21:05:27+00,823 1/2 S Mansfield Ave Los Angeles 90036,6E7E2BDF-C70E-44BB-9946-5FC106D74571_823_1/2_S_Mansfield_Ave_Los_Angeles_90036,Mansfield,823 1/2 S Mansfield Avenue Ave Los Angeles 90036,,,,
606888,1183630,,5084002016.0,,823.0,,,South,,,Mansfield,Avenue,,,,,,,,,,,,,90036.0,,Los Angeles,Los Angeles,,,,,LA City,{2BA0C4E6-ADF1-4067-9C9B-64B0A2E21661},0,,2BA0C4E6-ADF1-4067-9C9B-64B0A2E21661,Unknown,,S,,,Ave,S Mansfield Ave,2024/05/12 21:05:27+00,823 S Mansfield Ave Los Angeles 90036,2BA0C4E6-ADF1-4067-9C9B-64B0A2E21661_823_S_Mansfield_Ave_Los_Angeles_90036,Mansfield,823 S Mansfield Avenue Ave Los Angeles 90036,,,,
606889,1183631,,5084002017.0,,827.0,,,South,,,Mansfield,Avenue,,,,,,,,,,,,,90036.0,,Los Angeles,Los Angeles,,,,,LA City,{78F21944-B158-4093-B04C-AC64FB02C154},0,,78F21944-B158-4093-B04C-AC64FB02C154,Unknown,,S,,,Ave,S Mansfield Ave,2023/09/12 23:03:18+00,827 S Mansfield Ave Los Angeles 90036,78F21944-B158-4093-B04C-AC64FB02C154_827_S_Mansfield_Ave_Los_Angeles_90036,Mansfield,827 S Mansfield Avenue Ave Los Angeles 90036,,,,
606890,1183632,,5084002018.0,,833.0,,,South,,,Mansfield,Avenue,,,,,,,,,,,,,90036.0,,Los Angeles,Los Angeles,,,,,LA City,{EE70DA16-16C2-4174-A735-7CE3A5398EA8},0,,EE70DA16-16C2-4174-A735-7CE3A5398EA8,Unknown,,S,,,Ave,S Mansfield Ave,2023/09/12 23:03:18+00,833 S Mansfield Ave Los Angeles 90036,EE70DA16-16C2-4174-A735-7CE3A5398EA8_833_S_Mansfield_Ave_Los_Angeles_90036,Mansfield,833 S Mansfield Avenue Ave Los Angeles 90036,,,,
606891,1183633,,5084002019.0,,841.0,1/2,,South,,,Mansfield,Avenue,,,,,,,,,,,,,90036.0,,Los Angeles,Los Angeles,,,,,LA City,{4E4935DA-4D75-4D64-8E25-3C5D509BF39A},0,,4E4935DA-4D75-4D64-8E25-3C5D509BF39A,Unknown,,S,,,Ave,S Mansfield Ave,2024/05/12 21:05:27+00,841 1/2 S Mansfield Ave Los Angeles 90036,4E4935DA-4D75-4D64-8E25-3C5D509BF39A_841_1/2_S_Mansfield_Ave_Los_Angeles_90036,Mansfield,841 1/2 S Mansfield Avenue Ave Los Angeles 90036,,,,
606892,1183634,,5084002019.0,,839.0,,,South,,,Mansfield,Avenue,,,,,,,,,,,,,90036.0,,Los Angeles,Los Angeles,,,,,LA City,{B4602F6F-60A6-49DA-B0B0-20287D0ADC62},0,,B4602F6F-60A6-49DA-B0B0-20287D0ADC62,Unknown,,S,,,Ave,S Mansfield Ave,2024/05/12 21:05:27+00,839 S Mansfield Ave Los Angeles 90036,B4602F6F-60A6-49DA-B0B0-20287D0ADC62_839_S_Mansfield_Ave_Los_Angeles_90036,Mansfield,839 S Mansfield Avenue Ave Los Angeles 90036,,,,
606893,1183635,,5084002019.0,,839.0,1/2,,South,,,Mansfield,Avenue,,,,,,,,,,,,,90036.0,,Los Angeles,Los Angeles,,,,,LA City,{D8B668B8-5B5D-4A3C-95F2-5AE1CD223950},0,,D8B668B8-5B5D-4A3C-95F2-5AE1CD223950,Unknown,,S,,,Ave,S Mansfield Ave,2024/05/12 21:05:27+00,839 1/2 S Mansfield Ave Los Angeles 90036,D8B668B8-5B5D-4A3C-95F2-5AE1CD223950_839_1/2_S_Mansfield_Ave_Los_Angeles_90036,Mansfield,839 1/2 S Mansfield Avenue Ave Los Angeles 90036,,,,
606894,1183636,,5084002019.0,,841.0,,,South,,,Mansfield,Avenue,,,,,,,,,,,,,90036.0,,Los Angeles,Los Angeles,,,,,LA City,{02EADC75-B213-469E-842D-A56F5082E322},0,,02EADC75-B213-469E-842D-A56F5082E322,Unknown,,S,,,Ave,S Mansfield Ave,2024/05/12 21:05:27+00,841 S Mansfield Ave Los Angeles 90036,02EADC75-B213-469E-842D-A56F5082E322_841_S_Mansfield_Ave_Los_Angeles_90036,Mansfield,841 S Mansfield Avenue Ave Los Angeles 90036,,,,
606895,1183637,,5084002020.0,,845.0,,,South,,,Mansfield,Avenue,,,,,,,,,,,,,90036.0,,Los Angeles,Los Angeles,,,,,LA City,{FDA9169B-AFD4-4CBE-B030-D1D2C938DB90},0,,FDA9169B-AFD4-4CBE-B030-D1D2C938DB90,Unknown,,S,,,Ave,S Mansfield Ave,2023/09/12 23:03:18+00,845 S Mansfield Ave Los Angeles 90036,FDA9169B-AFD4-4CBE-B030-D1D2C938DB90_845_S_Mansfield_Ave_Los_Angeles_90036,Mansfield,845 S Mansfield Avenue Ave Los Angeles 90036,,,,
606896,1183638,,5084002021.0,,851.0,,,South,,,Mansfield,Avenue,,,,,,,,,,,,,90036.0,,Los Angeles,Los Angeles,,,,,LA City,{053D444B-ADED-4713-A418-D9012517FE94},0,,053D444B-ADED-4713-A418-D9012517FE94,Unknown,,S,,,Ave,S Mansfield Ave,2023/09/12 23:03:18+00,851 S Mansfield Ave Los Angeles 90036,053D444B-ADED-4713-A418-D9012517FE94_851_S_Mansfield_Ave_Los_Angeles_90036,Mansfield,851 S Mansfield Avenue Ave Los Angeles 90036,,,,
606897,1183639,,5084002022.0,,5211.0,,,West,,,9Th,Street,,,,,,,,,,,,,90036.0,,Los Angeles,Los Angeles,,,,,LA City,{B22458CB-B05A-4072-BC55-92523424F175},0,,B22458CB-B05A-4072-BC55-92523424F175,Unknown,,W,,,St,W 9Th St,2023/09/12 23:03:18+00,5211 W 9Th St Los Angeles 90036,B22458CB-B05A-4072-BC55-92523424F175_5211_W_9Th_St_Los_Angeles_90036,9Th,5211 W 9Th Street St Los Angeles 90036,,,,
606898,1183640,,5084002022.0,,5207.0,,,West,,,9Th,Street,,,,,,,,,,,,,90036.0,,Los Angeles,Los Angeles,,,,,LA City,{2B65DDAE-90BB-4A13-95AA-EFCB8D2357F7},0,,2B65DDAE-90BB-4A13-95AA-EFCB8D2357F7,Unknown,,W,,,St,W 9Th St,2023/09/12 23:03:18+00,5207 W 9Th St Los Angeles 90036,2B65DDAE-90BB-4A13-95AA-EFCB8D2357F7_5207_W_9Th_St_Los_Angeles_90036,9Th,5207 W 9Th Street St Los Angeles 90036,,,,
606899,1183641,,5084002022.0,,855.0,,,South,,,Mansfield,Avenue,,,,,,,,,,,,,90036.0,,Los Angeles,Los Angeles,,,,,LA City,{93F94374-44DB-485A-817E-5F8CA280B2BA},0,,93F94374-44DB-485A-817E-5F8CA280B2BA,Unknown,,S,,,Ave,S Mansfield Ave,2023/09/12 23:03:18+00,855 S Mansfield Ave Los Angeles 90036,93F94374-44DB-485A-817E-5F8CA280B2BA_855_S_Mansfield_Ave_Los_Angeles_90036,Mansfield,855 S Mansfield Avenue Ave Los Angeles 90036,,,,
606900,1183642,,5084002022.0,,5215.0,,,West,,,9Th,Street,,,,,,,,,,,,,90036.0,,Los Angeles,Los Angeles,,,,,LA City,{D58A7670-088F-4A0C-9904-AE5A02585E80},0,,D58A7670-088F-4A0C-9904-AE5A02585E80,Unknown,,W,,,St,W 9Th St,2023/09/12 23:03:18+00,5215 W 9Th St Los Angeles 90036,D58A7670-088F-4A0C-9904-AE5A02585E80_5215_W_9Th_St_Los_Angeles_90036,9Th,5215 W 9Th Street St Los Angeles 90036,,,,
606901,1183643,,5084002022.0,,5203.0,,,West,,,9Th,Street,,,,,,,,,,,,,90036.0,,Los Angeles,Los Angeles,,,,,LA City,{8186C8E8-DD80-4365-BD97-DB4D1117EACF},0,,8186C8E8-DD80-4365-BD97-DB4D1117EACF,Unknown,,W,,,St,W 9Th St,2023/09/12 23:03:18+00,5203 W 9Th St Los Angeles 90036,8186C8E8-DD80-4365-BD97-DB4D1117EACF_5203_W_9Th_St_Los_Angeles_90036,9Th,5203 W 9Th Street St Los Angeles 90036,,,,
606902,1183644,,5084002022.0,,5201.0,,,West,,,9Th,Street,,,,,,,,,,,,,90036.0,,Los Angeles,Los Angeles,,,,,LA City,{7C1A977D-D28E-4D7D-A2B3-BFFF997E8064},0,,7C1A977D-D28E-4D7D-A2B3-BFFF997E8064,Unknown,,W,,,St,W 9Th St,2023/09/12 23:03:18+00,5201 W 9Th St Los Angeles 90036,7C1A977D-D28E-4D7D-A2B3-BFFF997E8064_5201_W_9Th_St_Los_Angeles_90036,9Th,5201 W 9Th Street St Los Angeles 90036,,,,
606903,1183645,,5084002022.0,,5205.0,,,West,,,9Th,Street,,,,,,,,,,,,,90036.0,,Los Angeles,Los Angeles,,,,,LA City,{B2B7DBE3-F57E-4FF9-8FD1-CE8847E1F073},0,,B2B7DBE3-F57E-4FF9-8FD1-CE8847E1F073,Unknown,,W,,,St,W 9Th St,2023/09/12 23:03:18+00,5205 W 9Th St Los Angeles 90036,B2B7DBE3-F57E-4FF9-8FD1-CE8847E1F073_5205_W_9Th_St_Los_Angeles_90036,9Th,5205 W 9Th Street St Los Angeles 90036,,,,
606904,1183646,,5084002022.0,,5209.0,,,West,,,9Th,Street,,,,,,,,,,,,,90036.0,,Los Angeles,Los Angeles,,,,,LA City,{F200B5B1-4351-45C7-A70D-F8F50282394A},0,,F200B5B1-4351-45C7-A70D-F8F50282394A,Unknown,,W,,,St,W 9Th St,2023/09/12 23:03:18+00,5209 W 9Th St Los Angeles 90036,F200B5B1-4351-45C7-A70D-F8F50282394A_5209_W_9Th_St_Los_Angeles_90036,9Th,5209 W 9Th Street St Los Angeles 90036,,,,
606905,1183647,,5084002023.0,,856.0,,,South,,,Mansfield,Avenue,,,,,,,,,,,,,90036.0,,Los Angeles,Los Angeles,,,,,LA City,{1EFFD3DF-46CF-4041-B24B-A968D22D6B4F},0,,1EFFD3DF-46CF-4041-B24B-A968D22D6B4F,Unknown,,S,,,Ave,S Mansfield Ave,2023/09/12 23:03:18+00,856 S Mansfield Ave Los Angeles 90036,1EFFD3DF-46CF-4041-B24B-A968D22D6B4F_856_S_Mansfield_Ave_Los_Angeles_90036,Mansfield,856 S Mansfield Avenue Ave Los Angeles 90036,,,,
606906,1183648,,5084002023.0,,854.0,,,South,,,Mansfield,Avenue,,,,,,,,,,,,,90036.0,,Los Angeles,Los Angeles,,,,,LA City,{C7306BD5-0CCF-4202-B698-DA497B03BD42},0,,C7306BD5-0CCF-4202-B698-DA497B03BD42,Unknown,,S,,,Ave,S Mansfield Ave,2023/09/12 23:03:18+00,854 S Mansfield Ave Los Angeles 90036,C7306BD5-0CCF-4202-B698-DA497B03BD42_854_S_Mansfield_Ave_Los_Angeles_90036,Mansfield,854 S Mansfield Avenue Ave Los Angeles 90036,,,,
606907,1183649,,5084002023.0,,5125.0,,,West,,,9Th,Street,,,,,,,,,,,,,90036.0,,Los Angeles,Los Angeles,,,,,LA City,{2072B2D6-A679-423C-AFF4-7DA5AC546FB1},0,,2072B2D6-A679-423C-AFF4-7DA5AC546FB1,Unknown,,W,,,St,W 9Th St,2023/09/12 23:03:18+00,5125 W 9Th St Los Angeles 90036,2072B2D6-A679-423C-AFF4-7DA5AC546FB1_5125_W_9Th_St_Los_Angeles_90036,9Th,5125 W 9Th Street St Los Angeles 90036,,,,
606908,1183650,,5084002024.0,,850.0,,,South,,,Mansfield,Avenue,,,,,,,,,,,,,90036.0,,Los Angeles,Los Angeles,,,,,LA City,{163C6317-25AC-4804-8E70-7554EC4DB0F9},0,,163C6317-25AC-4804-8E70-7554EC4DB0F9,Unknown,,S,,,Ave,S Mansfield Ave,2023/09/12 23:03:18+00,850 S Mansfield Ave Los Angeles 90036,163C6317-25AC-4804-8E70-7554EC4DB0F9_850_S_Mansfield_Ave_Los_Angeles_90036,Mansfield,850 S Mansfield Avenue Ave Los Angeles 90036,,,,
606909,1183651,,5084002025.0,,842.0,1/2,,South,,,Mansfield,Avenue,,,,,,,,,,,,,90036.0,,Los Angeles,Los Angeles,,,,,LA City,{4BBDDF0E-5A6C-4CF3-B652-3474A7C4C35C},0,,4BBDDF0E-5A6C-4CF3-B652-3474A7C4C35C,Unknown,,S,,,Ave,S Mansfield Ave,2024/05/12 21:05:27+00,842 1/2 S Mansfield Ave Los Angeles 90036,4BBDDF0E-5A6C-4CF3-B652-3474A7C4C35C_842_1/2_S_Mansfield_Ave_Los_Angeles_90036,Mansfield,842 1/2 S Mansfield Avenue Ave Los Angeles 90036,,,,
606910,1183652,,5084002025.0,,844.0,,,South,,,Mansfield,Avenue,,,,,,,,,,,,,90036.0,,Los Angeles,Los Angeles,,,,,LA City,{6F6F27CC-F947-4A3C-9574-B939380705C3},0,,6F6F27CC-F947-4A3C-9574-B939380705C3,Unknown,,S,,,Ave,S Mansfield Ave,2024/05/12 21:05:27+00,844 S Mansfield Ave Los Angeles 90036,6F6F27CC-F947-4A3C-9574-B939380705C3_844_S_Mansfield_Ave_Los_Angeles_90036,Mansfield,844 S Mansfield Avenue Ave Los Angeles 90036,,,,
606911,1183653,,5084002025.0,,842.0,,,South,,,Mansfield,Avenue,,,,,,,,,,,,,90036.0,,Los Angeles,Los Angeles,,,,,LA City,{160D84E3-6105-4A99-8779-0A241AD4FFA6},0,,160D84E3-6105-4A99-8779-0A241AD4FFA6,Unknown,,S,,,Ave,S Mansfield Ave,2024/05/12 21:05:27+00,842 S Mansfield Ave Los Angeles 90036,160D84E3-6105-4A99-8779-0A241AD4FFA6_842_S_Mansfield_Ave_Los_Angeles_90036,Mansfield,842 S Mansfield Avenue Ave Los Angeles 90036,,,,
606912,1183654,,5084002025.0,,844.0,1/2,,South,,,Mansfield,Avenue,,,,,,,,,,,,,90036.0,,Los Angeles,Los Angeles,,,,,LA City,{964A543B-4AFE-4A8B-AF82-42D5141C519F},0,,964A543B-4AFE-4A8B-AF82-42D5141C519F,Unknown,,S,,,Ave,S Mansfield Ave,2024/05/12 21:05:27+00,844 1/2 S Mansfield Ave Los Angeles 90036,964A543B-4AFE-4A8B-AF82-42D5141C519F_844_1/2_S_Mansfield_Ave_Los_Angeles_90036,Mansfield,844 1/2 S Mansfield Avenue Ave Los Angeles 90036,,,,
606913,1183655,,5084002026.0,,838.0,,,South,,,Mansfield,Avenue,,,,,,,,,,,,,90036.0,,Los Angeles,Los Angeles,,,,,LA City,{69229635-1CA6-4B5E-A85B-38C6C5F81A9D},0,,69229635-1CA6-4B5E-A85B-38C6C5F81A9D,Unknown,,S,,,Ave,S Mansfield Ave,2023/09/12 23:03:18+00,838 S Mansfield Ave Los Angeles 90036,69229635-1CA6-4B5E-A85B-38C6C5F81A9D_838_S_Mansfield_Ave_Los_Angeles_90036,Mansfield,838 S Mansfield Avenue Ave Los Angeles 90036,,,,
606914,1183656,,5084002027.0,,834.0,,,South,,,Mansfield,Avenue,,,,,,,,,,,,,90036.0,,Los Angeles,Los Angeles,,,,,LA City,{855BB3F6-993E-44DC-A536-E44193065A33},0,,855BB3F6-993E-44DC-A536-E44193065A33,Unknown,,S,,,Ave,S Mansfield Ave,2023/09/12 23:03:18+00,834 S Mansfield Ave Los Angeles 90036,855BB3F6-993E-44DC-A536-E44193065A33_834_S_Mansfield_Ave_Los_Angeles_90036,Mansfield,834 S Mansfield Avenue Ave Los Angeles 90036,,,,
606915,1183657,,5084002027.0,,832.0,1/2,,South,,,Mansfield,Avenue,,,,,,,,,,,,,90036.0,,Los Angeles,Los Angeles,,,,,LA City,{3526A8BF-8EE4-44F0-96DD-5F2B71688E59},0,,3526A8BF-8EE4-44F0-96DD-5F2B71688E59,Unknown,,S,,,Ave,S Mansfield Ave,2024/05/12 21:05:27+00,832 1/2 S Mansfield Ave Los Angeles 90036,3526A8BF-8EE4-44F0-96DD-5F2B71688E59_832_1/2_S_Mansfield_Ave_Los_Angeles_90036,Mansfield,832 1/2 S Mansfield Avenue Ave Los Angeles 90036,,,,
606916,1183658,,5084002027.0,,832.0,1/4,,South,,,Mansfield,Avenue,,,,,,,,,,,,,90036.0,,Los Angeles,Los Angeles,,,,,LA City,{2D995FF7-A295-4996-B2D7-902E7B5EBC92},0,,2D995FF7-A295-4996-B2D7-902E7B5EBC92,Unknown,,S,,,Ave,S Mansfield Ave,2024/05/12 21:05:27+00,832 1/4 S Mansfield Ave Los Angeles 90036,2D995FF7-A295-4996-B2D7-902E7B5EBC92_832_1/4_S_Mansfield_Ave_Los_Angeles_90036,Mansfield,832 1/4 S Mansfield Avenue Ave Los Angeles 90036,,,,
606917,1183659,,5084002027.0,,832.0,,,South,,,Mansfield,Avenue,,,,,,,,,,,,,90036.0,,Los Angeles,Los Angeles,,,,,LA City,{41DAA948-91A8-48F9-9E6C-CDE3585F8D86},0,,41DAA948-91A8-48F9-9E6C-CDE3585F8D86,Unknown,,S,,,Ave,S Mansfield Ave,2024/05/12 21:05:27+00,832 S Mansfield Ave Los Angeles 90036,41DAA948-91A8-48F9-9E6C-CDE3585F8D86_832_S_Mansfield_Ave_Los_Angeles_90036,Mansfield,832 S Mansfield Avenue Ave Los Angeles 90036,,,,
606918,1183660,,5084002028.0,,826.0,,,South,,,Mansfield,Avenue,,,,,,,,,,,,,90036.0,,Los Angeles,Los Angeles,,,,,LA City,{9F42B068-27C5-46D0-B29A-BDE53E455DA8},0,,9F42B068-27C5-46D0-B29A-BDE53E455DA8,Unknown,,S,,,Ave,S Mansfield Ave,2024/05/12 21:05:27+00,826 S Mansfield Ave Los Angeles 90036,9F42B068-27C5-46D0-B29A-BDE53E455DA8_826_S_Mansfield_Ave_Los_Angeles_90036,Mansfield,826 S Mansfield Avenue Ave Los Angeles 90036,,,,
606919,1183661,,5084002028.0,,828.0,1/2,,South,,,Mansfield,Avenue,,,,,,,,,,,,,90036.0,,Los Angeles,Los Angeles,,,,,LA City,{363EC500-C062-4E56-9430-8D166DFA2144},0,,363EC500-C062-4E56-9430-8D166DFA2144,Unknown,,S,,,Ave,S Mansfield Ave,2024/05/12 21:05:27+00,828 1/2 S Mansfield Ave Los Angeles 90036,363EC500-C062-4E56-9430-8D166DFA2144_828_1/2_S_Mansfield_Ave_Los_Angeles_90036,Mansfield,828 1/2 S Mansfield Avenue Ave Los Angeles 90036,,,,
606920,1183662,,5084002028.0,,826.0,1/2,,South,,,Mansfield,Avenue,,,,,,,,,,,,,90036.0,,Los Angeles,Los Angeles,,,,,LA City,{E94A243E-48E0-4EE3-92BD-14F5FDCDD827},0,,E94A243E-48E0-4EE3-92BD-14F5FDCDD827,Unknown,,S,,,Ave,S Mansfield Ave,2024/05/12 21:05:27+00,826 1/2 S Mansfield Ave Los Angeles 90036,E94A243E-48E0-4EE3-92BD-14F5FDCDD827_826_1/2_S_Mansfield_Ave_Los_Angeles_90036,Mansfield,826 1/2 S Mansfield Avenue Ave Los Angeles 90036,,,,
606921,1183663,,5084002028.0,,828.0,,,South,,,Mansfield,Avenue,,,,,,,,,,,,,90036.0,,Los Angeles,Los Angeles,,,,,LA City,{416B4768-48B2-44B6-8D0C-D59268AF8F5F},0,,416B4768-48B2-44B6-8D0C-D59268AF8F5F,Unknown,,S,,,Ave,S Mansfield Ave,2024/05/12 21:05:27+00,828 S Mansfield Ave Los Angeles 90036,416B4768-48B2-44B6-8D0C-D59268AF8F5F_828_S_Mansfield_Ave_Los_Angeles_90036,Mansfield,828 S Mansfield Avenue Ave Los Angeles 90036,,,,
606922,1183664,,5084002029.0,,820.0,,,South,,,Mansfield,Avenue,,,,,,,,,,,,,90036.0,,Los Angeles,Los Angeles,,,,,LA City,{D48E806A-127A-4506-9144-1C0F82ACC09F},0,,D48E806A-127A-4506-9144-1C0F82ACC09F,Unknown,,S,,,Ave,S Mansfield Ave,2023/09/12 23:03:18+00,820 S Mansfield Ave Los Angeles 90036,D48E806A-127A-4506-9144-1C0F82ACC09F_820_S_Mansfield_Ave_Los_Angeles_90036,Mansfield,820 S Mansfield Avenue Ave Los Angeles 90036,,,,
606923,1183665,,5084002030.0,,816.0,,,South,,,Mansfield,Avenue,,,,,,,,,,,,,90036.0,,Los Angeles,Los Angeles,,,,,LA City,{17821427-36D0-46D7-8E0B-FCBA29354DC3},0,,17821427-36D0-46D7-8E0B-FCBA29354DC3,Unknown,,S,,,Ave,S Mansfield Ave,2023/09/12 23:03:18+00,816 S Mansfield Ave Los Angeles 90036,17821427-36D0-46D7-8E0B-FCBA29354DC3_816_S_Mansfield_Ave_Los_Angeles_90036,Mansfield,816 S Mansfield Avenue Ave Los Angeles 90036,,,,
606924,1183666,,5084002030.0,,814.0,,,South,,,Mansfield,Avenue,,,,,,,,,,,,,90036.0,,Los Angeles,Los Angeles,,,,,LA City,{AC0B32C0-9AC7-48EE-AFEE-DDB4C13C6083},0,,AC0B32C0-9AC7-48EE-AFEE-DDB4C13C6083,Unknown,,S,,,Ave,S Mansfield Ave,2023/09/12 23:03:18+00,814 S Mansfield Ave Los Angeles 90036,AC0B32C0-9AC7-48EE-AFEE-DDB4C13C6083_814_S_Mansfield_Ave_Los_Angeles_90036,Mansfield,814 S Mansfield Avenue Ave Los Angeles 90036,,,,
606925,1183667,,5084002031.0,,810.0,,,South,,,Mansfield,Avenue,,,,,,,,,,,,,90036.0,,Los Angeles,Los Angeles,,,,,LA City,{582AB986-44AF-4FCF-8A55-FB56DAA4A237},0,,582AB986-44AF-4FCF-8A55-FB56DAA4A237,Unknown,,S,,,Ave,S Mansfield Ave,2024/05/12 21:05:27+00,810 S Mansfield Ave Los Angeles 90036,582AB986-44AF-4FCF-8A55-FB56DAA4A237_810_S_Mansfield_Ave_Los_Angeles_90036,Mansfield,810 S Mansfield Avenue Ave Los Angeles 90036,,,,
606926,1183668,,5084002031.0,,808.0,,,South,,,Mansfield,Avenue,,,,,,,,,,,,,90036.0,,Los Angeles,Los Angeles,,,,,LA City,{AB223314-57E5-46A8-9E4D-0DF14E9EA2DB},0,,AB223314-57E5-46A8-9E4D-0DF14E9EA2DB,Unknown,,S,,,Ave,S Mansfield Ave,2024/05/12 21:05:27+00,808 S Mansfield Ave Los Angeles 90036,AB223314-57E5-46A8-9E4D-0DF14E9EA2DB_808_S_Mansfield_Ave_Los_Angeles_90036,Mansfield,808 S Mansfield Avenue Ave Los Angeles 90036,,,,
606927,1183669,,5084002031.0,,808.0,1/2,,South,,,Mansfield,Avenue,,,,,,,,,,,,,90036.0,,Los Angeles,Los Angeles,,,,,LA City,{18634927-4BD3-40BC-AE31-E36E65A4FD23},0,,18634927-4BD3-40BC-AE31-E36E65A4FD23,Unknown,,S,,,Ave,S Mansfield Ave,2024/05/12 21:05:27+00,808 1/2 S Mansfield Ave Los Angeles 90036,18634927-4BD3-40BC-AE31-E36E65A4FD23_808_1/2_S_Mansfield_Ave_Los_Angeles_90036,Mansfield,808 1/2 S Mansfield Avenue Ave Los Angeles 90036,,,,
606928,1183670,,5084002031.0,,810.0,1/2,,South,,,Mansfield,Avenue,,,,,,,,,,,,,90036.0,,Los Angeles,Los Angeles,,,,,LA City,{DC724F03-3B42-4638-AB23-139350526C9D},0,,DC724F03-3B42-4638-AB23-139350526C9D,Unknown,,S,,,Ave,S Mansfield Ave,2024/05/12 21:05:27+00,810 1/2 S Mansfield Ave Los Angeles 90036,DC724F03-3B42-4638-AB23-139350526C9D_810_1/2_S_Mansfield_Ave_Los_Angeles_90036,Mansfield,810 1/2 S Mansfield Avenue Ave Los Angeles 90036,,,,
606929,1183671,,5084002032.0,,5174.0,,,West,,,8Th,Street,,,,,,,,,,,,,90036.0,,Los Angeles,Los Angeles,,,,,LA City,{32A01D04-B7BC-4DA3-A1BF-89F9D6A21005},0,,32A01D04-B7BC-4DA3-A1BF-89F9D6A21005,Unknown,,W,,,St,W 8Th St,2023/09/12 23:03:18+00,5174 W 8Th St Los Angeles 90036,32A01D04-B7BC-4DA3-A1BF-89F9D6A21005_5174_W_8Th_St_Los_Angeles_90036,8Th,5174 W 8Th Street St Los Angeles 90036,,,,
606930,1183672,,5084002032.0,,802.0,,,South,,,Mansfield,Avenue,,,,,,,,,,,,,90036.0,,Los Angeles,Los Angeles,,,,,LA City,{770FF8F4-D6D0-4254-BEAE-F4ADBD23FF7C},0,,770FF8F4-D6D0-4254-BEAE-F4ADBD23FF7C,Unknown,,S,,,Ave,S Mansfield Ave,2023/09/12 23:03:18+00,802 S Mansfield Ave Los Angeles 90036,770FF8F4-D6D0-4254-BEAE-F4ADBD23FF7C_802_S_Mansfield_Ave_Los_Angeles_90036,Mansfield,802 S Mansfield Avenue Ave Los Angeles 90036,,,,
606931,1183673,,5084002032.0,,5170.0,,,West,,,8Th,Street,,,,,,,,,,,,,90036.0,,Los Angeles,Los Angeles,,,,,LA City,{BBA8F1E9-7CEE-408A-8840-3E2B4903F0AE},0,,BBA8F1E9-7CEE-408A-8840-3E2B4903F0AE,Unknown,,W,,,St,W 8Th St,2023/09/12 23:03:18+00,5170 W 8Th St Los Angeles 90036,BBA8F1E9-7CEE-408A-8840-3E2B4903F0AE_5170_W_8Th_St_Los_Angeles_90036,8Th,5170 W 8Th Street St Los Angeles 90036,,,,
606932,1183674,,5084002033.0,,801.0,,,South,,,Citrus,Avenue,,,,,,,,,,,,,90036.0,,Los Angeles,Los Angeles,,,,,LA City,{F123C5E2-1F89-42FF-950F-C404275AD1D9},0,,F123C5E2-1F89-42FF-950F-C404275AD1D9,Unknown,,S,,,Ave,S Citrus Ave,2023/09/12 23:03:18+00,801 S Citrus Ave Los Angeles 90036,F123C5E2-1F89-42FF-950F-C404275AD1D9_801_S_Citrus_Ave_Los_Angeles_90036,Citrus,801 S Citrus Avenue Ave Los Angeles 90036,,,,
606933,1183675,,5084002034.0,,809.0,,,South,,,Citrus,Avenue,,,,,,,,,,,,,90036.0,,Los Angeles,Los Angeles,,,,,LA City,{B1DB27BF-F514-44D5-8EBB-E09DA7B9E739},0,,B1DB27BF-F514-44D5-8EBB-E09DA7B9E739,Unknown,,S,,,Ave,S Citrus Ave,2023/09/12 23:03:18+00,809 S Citrus Ave Los Angeles 90036,B1DB27BF-F514-44D5-8EBB-E09DA7B9E739_809_S_Citrus_Ave_Los_Angeles_90036,Citrus,809 S Citrus Avenue Ave Los Angeles 90036,,,,
606934,1183676,,5084002035.0,,815.0,,,South,,,Citrus,Avenue,,,,,,,,,,,,,90036.0,,Los Angeles,Los Angeles,,,,,LA City,{76CEBF09-1742-4737-BD60-EEADEB8820BC},0,,76CEBF09-1742-4737-BD60-EEADEB8820BC,Unknown,,S,,,Ave,S Citrus Ave,2023/09/12 23:03:18+00,815 S Citrus Ave Los Angeles 90036,76CEBF09-1742-4737-BD60-EEADEB8820BC_815_S_Citrus_Ave_Los_Angeles_90036,Citrus,815 S Citrus Avenue Ave Los Angeles 90036,,,,
606935,1183677,,5084002035.0,,813.0,,,South,,,Citrus,Avenue,,,,,,,,,,,,,90036.0,,Los Angeles,Los Angeles,,,,,LA City,{6B308113-F873-4020-87C0-FF072C85E5FE},0,,6B308113-F873-4020-87C0-FF072C85E5FE,Unknown,,S,,,Ave,S Citrus Ave,2023/09/12 23:03:18+00,813 S Citrus Ave Los Angeles 90036,6B308113-F873-4020-87C0-FF072C85E5FE_813_S_Citrus_Ave_Los_Angeles_90036,Citrus,813 S Citrus Avenue Ave Los Angeles 90036,,,,
606936,1183678,,5084002036.0,,819.0,,,South,,,Citrus,Avenue,,,,,,,,,,,,,90036.0,,Los Angeles,Los Angeles,,,,,LA City,{B50CD0A2-8E0C-4EE8-8640-2EDA326F950B},0,,B50CD0A2-8E0C-4EE8-8640-2EDA326F950B,Unknown,,S,,,Ave,S Citrus Ave,2023/09/12 23:03:18+00,819 S Citrus Ave Los Angeles 90036,B50CD0A2-8E0C-4EE8-8640-2EDA326F950B_819_S_Citrus_Ave_Los_Angeles_90036,Citrus,819 S Citrus Avenue Ave Los Angeles 90036,,,,
606937,1183679,,5084002037.0,,823.0,,,South,,,Citrus,Avenue,,,,,,,,,,,,,90036.0,,Los Angeles,Los Angeles,,,,,LA City,{05EE3A8F-646F-433B-BAF2-8F782079623A},0,,05EE3A8F-646F-433B-BAF2-8F782079623A,Unknown,,S,,,Ave,S Citrus Ave,2023/09/12 23:03:18+00,823 S Citrus Ave Los Angeles 90036,05EE3A8F-646F-433B-BAF2-8F782079623A_823_S_Citrus_Ave_Los_Angeles_90036,Citrus,823 S Citrus Avenue Ave Los Angeles 90036,,,,
606938,1183680,,5084002038.0,,829.0,,,South,,,Citrus,Avenue,,,,,,,,,,,,,90036.0,,Los Angeles,Los Angeles,,,,,LA City,{FE62340A-AE8B-44C4-8759-5FE476CD6499},0,,FE62340A-AE8B-44C4-8759-5FE476CD6499,Unknown,,S,,,Ave,S Citrus Ave,2023/09/12 23:03:18+00,829 S Citrus Ave Los Angeles 90036,FE62340A-AE8B-44C4-8759-5FE476CD6499_829_S_Citrus_Ave_Los_Angeles_90036,Citrus,829 S Citrus Avenue Ave Los Angeles 90036,,,,
606939,1183681,,5084002039.0,,833.0,,,South,,,Citrus,Avenue,,,,,,,,,,,,,90036.0,,Los Angeles,Los Angeles,,,,,LA City,{BAB08EB0-4F78-4355-A825-F9487CB8B515},0,,BAB08EB0-4F78-4355-A825-F9487CB8B515,Unknown,,S,,,Ave,S Citrus Ave,2023/09/12 23:03:18+00,833 S Citrus Ave Los Angeles 90036,BAB08EB0-4F78-4355-A825-F9487CB8B515_833_S_Citrus_Ave_Los_Angeles_90036,Citrus,833 S Citrus Avenue Ave Los Angeles 90036,,,,
606940,1183682,,5084002040.0,,839.0,,,South,,,Citrus,Avenue,,,,,,,,,,,,,90036.0,,Los Angeles,Los Angeles,,,,,LA City,{CAE9E41B-E494-45C4-BE1B-E9DA96400628},0,,CAE9E41B-E494-45C4-BE1B-E9DA96400628,Unknown,,S,,,Ave,S Citrus Ave,2023/09/12 23:03:18+00,839 S Citrus Ave Los Angeles 90036,CAE9E41B-E494-45C4-BE1B-E9DA96400628_839_S_Citrus_Ave_Los_Angeles_90036,Citrus,839 S Citrus Avenue Ave Los Angeles 90036,,,,
606941,1183683,,5084002041.0,,843.0,,,South,,,Citrus,Avenue,,,,,,,,,,,,,90036.0,,Los Angeles,Los Angeles,,,,,LA City,{F9F32DF4-70ED-46C6-886A-946C783EA5A0},0,,F9F32DF4-70ED-46C6-886A-946C783EA5A0,Unknown,,S,,,Ave,S Citrus Ave,2023/09/12 23:03:18+00,843 S Citrus Ave Los Angeles 90036,F9F32DF4-70ED-46C6-886A-946C783EA5A0_843_S_Citrus_Ave_Los_Angeles_90036,Citrus,843 S Citrus Avenue Ave Los Angeles 90036,,,,
606942,1183684,,5084002042.0,,849.0,,,South,,,Citrus,Avenue,,,,,,,,,,,,,90036.0,,Los Angeles,Los Angeles,,,,,LA City,{824EB63B-42DE-44DA-8B69-5D1907A8493F},0,,824EB63B-42DE-44DA-8B69-5D1907A8493F,Unknown,,S,,,Ave,S Citrus Ave,2023/09/12 23:03:18+00,849 S Citrus Ave Los Angeles 90036,824EB63B-42DE-44DA-8B69-5D1907A8493F_849_S_Citrus_Ave_Los_Angeles_90036,Citrus,849 S Citrus Avenue Ave Los Angeles 90036,,,,
606943,1183685,,5084002043.0,,855.0,,,South,,,Citrus,Avenue,,,,,,,,,,,,,90036.0,,Los Angeles,Los Angeles,,,,,LA City,{E6B01B42-9566-4145-A075-13BA41646B7D},0,,E6B01B42-9566-4145-A075-13BA41646B7D,Unknown,,S,,,Ave,S Citrus Ave,2023/09/12 23:03:18+00,855 S Citrus Ave Los Angeles 90036,E6B01B42-9566-4145-A075-13BA41646B7D_855_S_Citrus_Ave_Los_Angeles_90036,Citrus,855 S Citrus Avenue Ave Los Angeles 90036,,,,
606944,1183686,,5084002044.0,,5204.0,,,West,,,8Th,Street,,,,,,,,,,,,,90036.0,,Los Angeles,Los Angeles,,,,,LA City,{AE1C624D-EE38-4F64-BB2F-4001FD7295AA},0,,AE1C624D-EE38-4F64-BB2F-4001FD7295AA,Unknown,,W,,,St,W 8Th St,2023/09/12 23:03:18+00,5204 W 8Th St Los Angeles 90036,AE1C624D-EE38-4F64-BB2F-4001FD7295AA_5204_W_8Th_St_Los_Angeles_90036,8Th,5204 W 8Th Street St Los Angeles 90036,,,,
606945,1183687,,5084002044.0,,803.0,,,South,,,Mansfield,Avenue,,,,,,,,,,,,,90036.0,,Los Angeles,Los Angeles,,,,,LA City,{86AE4279-88CF-4BEE-BB31-A3B2AB952CD2},0,,86AE4279-88CF-4BEE-BB31-A3B2AB952CD2,Unknown,,S,,,Ave,S Mansfield Ave,2023/09/12 23:03:18+00,803 S Mansfield Ave Los Angeles 90036,86AE4279-88CF-4BEE-BB31-A3B2AB952CD2_803_S_Mansfield_Ave_Los_Angeles_90036,Mansfield,803 S Mansfield Avenue Ave Los Angeles 90036,,,,
606946,1183688,,5084003001.0,,800.0,,,South,,,La Brea,Avenue,,,,,,,,,,,,,90036.0,,Los Angeles,Los Angeles,,,,,LA City,{F0949271-700A-446E-8648-183143F230ED},0,,F0949271-700A-446E-8648-183143F230ED,Unknown,,S,,,Ave,S La Brea Ave,2023/09/12 23:03:18+00,800 S La Brea Ave Los Angeles 90036,F0949271-700A-446E-8648-183143F230ED_800_S_La_Brea_Ave_Los_Angeles_90036,La Brea,800 S La Brea Avenue Ave Los Angeles 90036,,,,
606947,1183689,,5084003002.0,,810.0,,,South,,,La Brea,Avenue,,,,,,,,,,,,,90036.0,,Los Angeles,Los Angeles,,,,,LA City,{83C64F3F-5C00-4828-8895-DFFD8BB8FE30},0,,83C64F3F-5C00-4828-8895-DFFD8BB8FE30,Unknown,,S,,,Ave,S La Brea Ave,2023/09/12 23:03:18+00,810 S La Brea Ave Los Angeles 90036,83C64F3F-5C00-4828-8895-DFFD8BB8FE30_810_S_La_Brea_Ave_Los_Angeles_90036,La Brea,810 S La Brea Avenue Ave Los Angeles 90036,,,,
606948,1183690,,5084003002.0,,812.0,,,South,,,La Brea,Avenue,,,,,,,,,,,,,90036.0,,Los Angeles,Los Angeles,,,,,LA City,{985868C8-E92E-43D0-AE31-D979B859D54E},0,,985868C8-E92E-43D0-AE31-D979B859D54E,Unknown,,S,,,Ave,S La Brea Ave,2023/09/12 23:03:18+00,812 S La Brea Ave Los Angeles 90036,985868C8-E92E-43D0-AE31-D979B859D54E_812_S_La_Brea_Ave_Los_Angeles_90036,La Brea,812 S La Brea Avenue Ave Los Angeles 90036,,,,
606949,1183691,,5084003002.0,,814.0,,,South,,,La Brea,Avenue,,,,,,,,,,,,,90036.0,,Los Angeles,Los Angeles,,,,,LA City,{231194D0-4093-4E70-A8B2-5B28FAC6504A},0,,231194D0-4093-4E70-A8B2-5B28FAC6504A,Unknown,,S,,,Ave,S La Brea Ave,2023/09/12 23:03:18+00,814 S La Brea Ave Los Angeles 90036,231194D0-4093-4E70-A8B2-5B28FAC6504A_814_S_La_Brea_Ave_Los_Angeles_90036,La Brea,814 S La Brea Avenue Ave Los Angeles 90036,,,,
606950,1183692,,5084003009.0,,850.0,,,South,,,La Brea,Avenue,,,,,,,,,,,,,90036.0,,Los Angeles,Los Angeles,,,,,LA City,{F9639841-B09B-4D80-84A6-AE0DB6D919A1},0,,F9639841-B09B-4D80-84A6-AE0DB6D919A1,Unknown,,S,,,Ave,S La Brea Ave,2023/09/12 23:03:18+00,850 S La Brea Ave Los Angeles 90036,F9639841-B09B-4D80-84A6-AE0DB6D919A1_850_S_La_Brea_Ave_Los_Angeles_90036,La Brea,850 S La Brea Avenue Ave Los Angeles 90036,,,,
606951,1183693,,5084003010.0,,803.0,,,South,,,Sycamore,Avenue,,,,,,,,,,,,,90036.0,,Los Angeles,Los Angeles,,,,,LA City,{5D31F398-8DA5-4F84-8DA3-7BDFCC5BC19C},0,,5D31F398-8DA5-4F84-8DA3-7BDFCC5BC19C,Unknown,,S,,,Ave,S Sycamore Ave,2023/09/12 23:03:18+00,803 S Sycamore Ave Los Angeles 90036,5D31F398-8DA5-4F84-8DA3-7BDFCC5BC19C_803_S_Sycamore_Ave_Los_Angeles_90036,Sycamore,803 S Sycamore Avenue Ave Los Angeles 90036,,,,
606952,1183694,,5084003010.0,,801.0,,,South,,,Sycamore,Avenue,,,,,,,,,,,,,90036.0,,Los Angeles,Los Angeles,,,,,LA City,{A8AA91AB-F521-4402-96ED-E07295D3E67D},0,,A8AA91AB-F521-4402-96ED-E07295D3E67D,Unknown,,S,,,Ave,S Sycamore Ave,2023/09/12 23:03:18+00,801 S Sycamore Ave Los Angeles 90036,A8AA91AB-F521-4402-96ED-E07295D3E67D_801_S_Sycamore_Ave_Los_Angeles_90036,Sycamore,801 S Sycamore Avenue Ave Los Angeles 90036,,,,
606953,1183695,,5084003011.0,,809.0,,,South,,,Sycamore,Avenue,,,,,,,,,,,,,90036.0,,Los Angeles,Los Angeles,,,,,LA City,{54949F5E-D1F6-451A-977B-513F397CBF9B},0,,54949F5E-D1F6-451A-977B-513F397CBF9B,Unknown,,S,,,Ave,S Sycamore Ave,2023/09/12 23:03:18+00,809 S Sycamore Ave Los Angeles 90036,54949F5E-D1F6-451A-977B-513F397CBF9B_809_S_Sycamore_Ave_Los_Angeles_90036,Sycamore,809 S Sycamore Avenue Ave Los Angeles 90036,,,,
606954,1183696,,5084003011.0,,807.0,,,South,,,Sycamore,Avenue,,,,,,,,,,,,,90036.0,,Los Angeles,Los Angeles,,,,,LA City,{5F0D9491-E9F0-420C-903F-D933304031DC},0,,5F0D9491-E9F0-420C-903F-D933304031DC,Unknown,,S,,,Ave,S Sycamore Ave,2023/09/12 23:03:18+00,807 S Sycamore Ave Los Angeles 90036,5F0D9491-E9F0-420C-903F-D933304031DC_807_S_Sycamore_Ave_Los_Angeles_90036,Sycamore,807 S Sycamore Avenue Ave Los Angeles 90036,,,,
606955,1183697,,5084003011.0,,805.0,,,South,,,Sycamore,Avenue,,,,,,,,,,,,,90036.0,,Los Angeles,Los Angeles,,,,,LA City,{FA275F16-4F3A-48A3-B453-68779EF243C2},0,,FA275F16-4F3A-48A3-B453-68779EF243C2,Unknown,,S,,,Ave,S Sycamore Ave,2023/09/12 23:03:18+00,805 S Sycamore Ave Los Angeles 90036,FA275F16-4F3A-48A3-B453-68779EF243C2_805_S_Sycamore_Ave_Los_Angeles_90036,Sycamore,805 S Sycamore Avenue Ave Los Angeles 90036,,,,
606956,1183698,,5084003013.0,,817.0,1/2,,South,,,Sycamore,Avenue,,,,,,,,,,,,,90036.0,,Los Angeles,Los Angeles,,,,,LA City,{A1EAFA3E-68D6-4D3C-88BF-2A0187D86B19},0,,A1EAFA3E-68D6-4D3C-88BF-2A0187D86B19,Unknown,,S,,,Ave,S Sycamore Ave,2024/05/12 21:05:27+00,817 1/2 S Sycamore Ave Los Angeles 90036,A1EAFA3E-68D6-4D3C-88BF-2A0187D86B19_817_1/2_S_Sycamore_Ave_Los_Angeles_90036,Sycamore,817 1/2 S Sycamore Avenue Ave Los Angeles 90036,,,,
606957,1183699,,5084003013.0,,817.0,,,South,,,Sycamore,Avenue,,,,,,,,,,,,,90036.0,,Los Angeles,Los Angeles,,,,,LA City,{F3834C30-F157-4123-A1CA-D05E01C9D4ED},0,,F3834C30-F157-4123-A1CA-D05E01C9D4ED,Unknown,,S,,,Ave,S Sycamore Ave,2024/05/12 21:05:27+00,817 S Sycamore Ave Los Angeles 90036,F3834C30-F157-4123-A1CA-D05E01C9D4ED_817_S_Sycamore_Ave_Los_Angeles_90036,Sycamore,817 S Sycamore Avenue Ave Los Angeles 90036,,,,
606958,1183700,,5084003013.0,,819.0,,,South,,,Sycamore,Avenue,,,,,,,,,,,,,90036.0,,Los Angeles,Los Angeles,,,,,LA City,{FA750FFE-E9A4-41BF-B1B7-F80E673CED0F},0,,FA750FFE-E9A4-41BF-B1B7-F80E673CED0F,Unknown,,S,,,Ave,S Sycamore Ave,2024/05/12 21:05:27+00,819 S Sycamore Ave Los Angeles 90036,FA750FFE-E9A4-41BF-B1B7-F80E673CED0F_819_S_Sycamore_Ave_Los_Angeles_90036,Sycamore,819 S Sycamore Avenue Ave Los Angeles 90036,,,,
606959,1183701,,5084003013.0,,819.0,1/2,,South,,,Sycamore,Avenue,,,,,,,,,,,,,90036.0,,Los Angeles,Los Angeles,,,,,LA City,{F3767FFE-1D77-47B8-9F79-252530F7DCD3},0,,F3767FFE-1D77-47B8-9F79-252530F7DCD3,Unknown,,S,,,Ave,S Sycamore Ave,2024/05/12 21:05:27+00,819 1/2 S Sycamore Ave Los Angeles 90036,F3767FFE-1D77-47B8-9F79-252530F7DCD3_819_1/2_S_Sycamore_Ave_Los_Angeles_90036,Sycamore,819 1/2 S Sycamore Avenue Ave Los Angeles 90036,,,,
606960,1183702,,5084003014.0,,823.0,,,South,,,Sycamore,Avenue,,,,,,,,,,,,,90036.0,,Los Angeles,Los Angeles,,,,,LA City,{ADF1EB77-94F4-4EA5-B79E-5E7E910A340F},0,,ADF1EB77-94F4-4EA5-B79E-5E7E910A340F,Unknown,,S,,,Ave,S Sycamore Ave,2023/09/12 23:03:18+00,823 S Sycamore Ave Los Angeles 90036,ADF1EB77-94F4-4EA5-B79E-5E7E910A340F_823_S_Sycamore_Ave_Los_Angeles_90036,Sycamore,823 S Sycamore Avenue Ave Los Angeles 90036,,,,
606961,1183703,,5084003015.0,,831.0,,,South,,,Sycamore,Avenue,,,,,,,,,,,,,90036.0,,Los Angeles,Los Angeles,,,,,LA City,{4194114D-C8A3-451F-B5BD-4E2BBC9BFC2B},0,,4194114D-C8A3-451F-B5BD-4E2BBC9BFC2B,Unknown,,S,,,Ave,S Sycamore Ave,2023/09/12 23:03:18+00,831 S Sycamore Ave Los Angeles 90036,4194114D-C8A3-451F-B5BD-4E2BBC9BFC2B_831_S_Sycamore_Ave_Los_Angeles_90036,Sycamore,831 S Sycamore Avenue Ave Los Angeles 90036,,,,
606962,1183704,,5084003015.0,,829.0,,,South,,,Sycamore,Avenue,,,,,,,,,,,,,90036.0,,Los Angeles,Los Angeles,,,,,LA City,{D4FF3F84-29BC-4F3B-858F-4F8E2463C954},0,,D4FF3F84-29BC-4F3B-858F-4F8E2463C954,Unknown,,S,,,Ave,S Sycamore Ave,2023/09/12 23:03:18+00,829 S Sycamore Ave Los Angeles 90036,D4FF3F84-29BC-4F3B-858F-4F8E2463C954_829_S_Sycamore_Ave_Los_Angeles_90036,Sycamore,829 S Sycamore Avenue Ave Los Angeles 90036,,,,
606963,1183705,,5084003016.0,,835.0,1/2,,South,,,Sycamore,Avenue,,,,,,,,,,,,,90036.0,,Los Angeles,Los Angeles,,,,,LA City,{F702E75B-C106-4EBD-B700-AF2916C4B643},0,,F702E75B-C106-4EBD-B700-AF2916C4B643,Unknown,,S,,,Ave,S Sycamore Ave,2024/05/12 21:05:27+00,835 1/2 S Sycamore Ave Los Angeles 90036,F702E75B-C106-4EBD-B700-AF2916C4B643_835_1/2_S_Sycamore_Ave_Los_Angeles_90036,Sycamore,835 1/2 S Sycamore Avenue Ave Los Angeles 90036,,,,
606964,1183706,,5084003016.0,,833.0,,,South,,,Sycamore,Avenue,,,,,,,,,,,,,90036.0,,Los Angeles,Los Angeles,,,,,LA City,{995C0658-9655-4749-A11D-C9CE6EB2762E},0,,995C0658-9655-4749-A11D-C9CE6EB2762E,Unknown,,S,,,Ave,S Sycamore Ave,2024/05/12 21:05:27+00,833 S Sycamore Ave Los Angeles 90036,995C0658-9655-4749-A11D-C9CE6EB2762E_833_S_Sycamore_Ave_Los_Angeles_90036,Sycamore,833 S Sycamore Avenue Ave Los Angeles 90036,,,,
606965,1183707,,5084003016.0,,835.0,,,South,,,Sycamore,Avenue,,,,,,,,,,,,,90036.0,,Los Angeles,Los Angeles,,,,,LA City,{30161B01-7A33-4DA8-BA05-E56EA4A8CB7B},0,,30161B01-7A33-4DA8-BA05-E56EA4A8CB7B,Unknown,,S,,,Ave,S Sycamore Ave,2024/05/12 21:05:27+00,835 S Sycamore Ave Los Angeles 90036,30161B01-7A33-4DA8-BA05-E56EA4A8CB7B_835_S_Sycamore_Ave_Los_Angeles_90036,Sycamore,835 S Sycamore Avenue Ave Los Angeles 90036,,,,
606966,1183708,,5084003016.0,,833.0,1/2,,South,,,Sycamore,Avenue,,,,,,,,,,,,,90036.0,,Los Angeles,Los Angeles,,,,,LA City,{C7D353A0-9E5D-4F5D-AE29-7ED2D4E5FF65},0,,C7D353A0-9E5D-4F5D-AE29-7ED2D4E5FF65,Unknown,,S,,,Ave,S Sycamore Ave,2024/05/12 21:05:27+00,833 1/2 S Sycamore Ave Los Angeles 90036,C7D353A0-9E5D-4F5D-AE29-7ED2D4E5FF65_833_1/2_S_Sycamore_Ave_Los_Angeles_90036,Sycamore,833 1/2 S Sycamore Avenue Ave Los Angeles 90036,,,,
606967,1183709,,5084003017.0,,837.0,,,South,,,Sycamore,Avenue,,,,,,,,,,,,,90036.0,,Los Angeles,Los Angeles,,,,,LA City,{B6EEF642-C4B2-486A-AAA2-D6A57574D6C3},0,,B6EEF642-C4B2-486A-AAA2-D6A57574D6C3,Unknown,,S,,,Ave,S Sycamore Ave,2023/09/12 23:03:18+00,837 S Sycamore Ave Los Angeles 90036,B6EEF642-C4B2-486A-AAA2-D6A57574D6C3_837_S_Sycamore_Ave_Los_Angeles_90036,Sycamore,837 S Sycamore Avenue Ave Los Angeles 90036,,,,
606968,1183710,,5084003017.0,,839.0,,,South,,,Sycamore,Avenue,,,,,,,,,,,,,90036.0,,Los Angeles,Los Angeles,,,,,LA City,{CA6E2AFB-BF54-4F41-8C64-587E4D9792FF},0,,CA6E2AFB-BF54-4F41-8C64-587E4D9792FF,Unknown,,S,,,Ave,S Sycamore Ave,2023/09/12 23:03:18+00,839 S Sycamore Ave Los Angeles 90036,CA6E2AFB-BF54-4F41-8C64-587E4D9792FF_839_S_Sycamore_Ave_Los_Angeles_90036,Sycamore,839 S Sycamore Avenue Ave Los Angeles 90036,,,,
606969,1183711,,5084003017.0,,841.0,,,South,,,Sycamore,Avenue,,,,,,,,,,,,,90036.0,,Los Angeles,Los Angeles,,,,,LA City,{9C58A3E5-A063-460F-AF8F-2DEF6256224B},0,,9C58A3E5-A063-460F-AF8F-2DEF6256224B,Unknown,,S,,,Ave,S Sycamore Ave,2023/09/12 23:03:18+00,841 S Sycamore Ave Los Angeles 90036,9C58A3E5-A063-460F-AF8F-2DEF6256224B_841_S_Sycamore_Ave_Los_Angeles_90036,Sycamore,841 S Sycamore Avenue Ave Los Angeles 90036,,,,
606970,1183712,,5084003018.0,,845.0,,,South,,,Sycamore,Avenue,,,,,,,,,,,,,90036.0,,Los Angeles,Los Angeles,,,,,LA City,{99FED5E8-7AD3-41EE-9F2A-203FB8D8C483},0,,99FED5E8-7AD3-41EE-9F2A-203FB8D8C483,Unknown,,S,,,Ave,S Sycamore Ave,2023/09/12 23:03:18+00,845 S Sycamore Ave Los Angeles 90036,99FED5E8-7AD3-41EE-9F2A-203FB8D8C483_845_S_Sycamore_Ave_Los_Angeles_90036,Sycamore,845 S Sycamore Avenue Ave Los Angeles 90036,,,,
606971,1183713,,5084003018.0,,843.0,,,South,,,Sycamore,Avenue,,,,,,,,,,,,,90036.0,,Los Angeles,Los Angeles,,,,,LA City,{63108397-F09A-4BA7-BA6A-722BBD3D4E7C},0,,63108397-F09A-4BA7-BA6A-722BBD3D4E7C,Unknown,,S,,,Ave,S Sycamore Ave,2023/09/12 23:03:18+00,843 S Sycamore Ave Los Angeles 90036,63108397-F09A-4BA7-BA6A-722BBD3D4E7C_843_S_Sycamore_Ave_Los_Angeles_90036,Sycamore,843 S Sycamore Avenue Ave Los Angeles 90036,,,,
606972,1183714,,5084003019.0,,847.0,,,South,,,Sycamore,Avenue,,,,,,,,,,,,,90036.0,,Los Angeles,Los Angeles,,,,,LA City,{3A486C24-FE37-4A75-B40C-234654C62688},0,,3A486C24-FE37-4A75-B40C-234654C62688,Unknown,,S,,,Ave,S Sycamore Ave,2023/09/12 23:03:18+00,847 S Sycamore Ave Los Angeles 90036,3A486C24-FE37-4A75-B40C-234654C62688_847_S_Sycamore_Ave_Los_Angeles_90036,Sycamore,847 S Sycamore Avenue Ave Los Angeles 90036,,,,
606973,1183715,,5084003019.0,,849.0,,,South,,,Sycamore,Avenue,,,,,,,,,,,,,90036.0,,Los Angeles,Los Angeles,,,,,LA City,{C3CA9600-E71D-4BD8-91E8-85BADC1BC428},0,,C3CA9600-E71D-4BD8-91E8-85BADC1BC428,Unknown,,S,,,Ave,S Sycamore Ave,2023/09/12 23:03:18+00,849 S Sycamore Ave Los Angeles 90036,C3CA9600-E71D-4BD8-91E8-85BADC1BC428_849_S_Sycamore_Ave_Los_Angeles_90036,Sycamore,849 S Sycamore Avenue Ave Los Angeles 90036,,,,
606974,1183716,,5084003020.0,,857.0,,,South,,,Sycamore,Avenue,,,,,,,,,,,,,90036.0,,Los Angeles,Los Angeles,,,,,LA City,{57B78071-4AF3-46BC-B59F-E8CF78B0A26F},0,,57B78071-4AF3-46BC-B59F-E8CF78B0A26F,Unknown,,S,,,Ave,S Sycamore Ave,2023/09/12 23:03:18+00,857 S Sycamore Ave Los Angeles 90036,57B78071-4AF3-46BC-B59F-E8CF78B0A26F_857_S_Sycamore_Ave_Los_Angeles_90036,Sycamore,857 S Sycamore Avenue Ave Los Angeles 90036,,,,
606975,1183717,,5084003020.0,,855.0,,,South,,,Sycamore,Avenue,,,,,,,,,,,,,90036.0,,Los Angeles,Los Angeles,,,,,LA City,{8BB36114-8428-4E64-8E87-D7AF4959C3C1},0,,8BB36114-8428-4E64-8E87-D7AF4959C3C1,Unknown,,S,,,Ave,S Sycamore Ave,2023/09/12 23:03:18+00,855 S Sycamore Ave Los Angeles 90036,8BB36114-8428-4E64-8E87-D7AF4959C3C1_855_S_Sycamore_Ave_Los_Angeles_90036,Sycamore,855 S Sycamore Avenue Ave Los Angeles 90036,,,,
606976,1183718,,5084003021.0,,856.0,,,South,,,Sycamore,Avenue,,,,,,,,,,,,,90036.0,,Los Angeles,Los Angeles,,,,,LA City,{4A209F56-0CFF-4D3B-8BCF-3E75D1D3E9B6},0,,4A209F56-0CFF-4D3B-8BCF-3E75D1D3E9B6,Unknown,,S,,,Ave,S Sycamore Ave,2023/09/12 23:03:18+00,856 S Sycamore Ave Los Angeles 90036,4A209F56-0CFF-4D3B-8BCF-3E75D1D3E9B6_856_S_Sycamore_Ave_Los_Angeles_90036,Sycamore,856 S Sycamore Avenue Ave Los Angeles 90036,,,,
606977,1183719,,5084003021.0,,854.0,,,South,,,Sycamore,Avenue,,,,,,,,,,,,,90036.0,,Los Angeles,Los Angeles,,,,,LA City,{6E3F4DDC-D09F-4FDC-B576-2721596B83D1},0,,6E3F4DDC-D09F-4FDC-B576-2721596B83D1,Unknown,,S,,,Ave,S Sycamore Ave,2023/09/12 23:03:18+00,854 S Sycamore Ave Los Angeles 90036,6E3F4DDC-D09F-4FDC-B576-2721596B83D1_854_S_Sycamore_Ave_Los_Angeles_90036,Sycamore,854 S Sycamore Avenue Ave Los Angeles 90036,,,,
606978,1183720,,5084003021.0,,5251.0,,,West,,,9Th,Street,,,,,,,,,,,,,90036.0,,Los Angeles,Los Angeles,,,,,LA City,{5EC3541E-CBB0-40A1-893B-85B43B8AB42F},0,,5EC3541E-CBB0-40A1-893B-85B43B8AB42F,Unknown,,W,,,St,W 9Th St,2023/09/12 23:03:18+00,5251 W 9Th St Los Angeles 90036,5EC3541E-CBB0-40A1-893B-85B43B8AB42F_5251_W_9Th_St_Los_Angeles_90036,9Th,5251 W 9Th Street St Los Angeles 90036,,,,
606979,1183721,,5084003021.0,,5249.0,,,West,,,9Th,Street,,,,,,,,,,,,,90036.0,,Los Angeles,Los Angeles,,,,,LA City,{84FFC61E-B116-4101-94C8-0B78C9D40C88},0,,84FFC61E-B116-4101-94C8-0B78C9D40C88,Unknown,,W,,,St,W 9Th St,2023/09/12 23:03:18+00,5249 W 9Th St Los Angeles 90036,84FFC61E-B116-4101-94C8-0B78C9D40C88_5249_W_9Th_St_Los_Angeles_90036,9Th,5249 W 9Th Street St Los Angeles 90036,,,,
606980,1183722,,5084003022.0,,848.0,,,South,,,Sycamore,Avenue,,,,,,,,,,,,,90036.0,,Los Angeles,Los Angeles,,,,,LA City,{43CB19A1-465B-437F-BE92-C37036B60C2D},0,,43CB19A1-465B-437F-BE92-C37036B60C2D,Unknown,,S,,,Ave,S Sycamore Ave,2023/09/12 23:03:18+00,848 S Sycamore Ave Los Angeles 90036,43CB19A1-465B-437F-BE92-C37036B60C2D_848_S_Sycamore_Ave_Los_Angeles_90036,Sycamore,848 S Sycamore Avenue Ave Los Angeles 90036,,,,
606981,1183723,,5084003022.0,,846.0,,,South,,,Sycamore,Avenue,,,,,,,,,,,,,90036.0,,Los Angeles,Los Angeles,,,,,Assessor,{B089DEDC-35EA-4FE9-9A85-AB8C3A7C4327},0,,B089DEDC-35EA-4FE9-9A85-AB8C3A7C4327,Unknown,,S,,,Ave,S Sycamore Ave,2024/04/27 17:13:09+00,846 S Sycamore Ave Los Angeles 90036,B089DEDC-35EA-4FE9-9A85-AB8C3A7C4327_846_S_Sycamore_Ave_Los_Angeles_90036,Sycamore,846 S Sycamore Avenue Ave Los Angeles 90036,,,,
606982,1183724,,5084003023.0,,842.0,,,South,,,Sycamore,Avenue,,,,,,,,,,,,,90036.0,,Los Angeles,Los Angeles,,,,,LA City,{4AC419DC-F48A-4D97-B8D1-6D668870021D},0,,4AC419DC-F48A-4D97-B8D1-6D668870021D,Unknown,,S,,,Ave,S Sycamore Ave,2023/09/12 23:03:18+00,842 S Sycamore Ave Los Angeles 90036,4AC419DC-F48A-4D97-B8D1-6D668870021D_842_S_Sycamore_Ave_Los_Angeles_90036,Sycamore,842 S Sycamore Avenue Ave Los Angeles 90036,,,,
606983,1183725,,5084003023.0,,844.0,,,South,,,Sycamore,Avenue,,,,,,,,,,,,,90036.0,,Los Angeles,Los Angeles,,,,,LA City,{83B69790-B480-43D6-9978-D69D676DF41B},0,,83B69790-B480-43D6-9978-D69D676DF41B,Unknown,,S,,,Ave,S Sycamore Ave,2023/09/12 23:03:18+00,844 S Sycamore Ave Los Angeles 90036,83B69790-B480-43D6-9978-D69D676DF41B_844_S_Sycamore_Ave_Los_Angeles_90036,Sycamore,844 S Sycamore Avenue Ave Los Angeles 90036,,,,
606984,1183726,,5084003024.0,,838.0,,,South,,,Sycamore,Avenue,,,,,,,,,,,,,90036.0,,Los Angeles,Los Angeles,,,,,LA City,{6C59BA45-FF2C-4DF2-9FF7-08B305136695},0,,6C59BA45-FF2C-4DF2-9FF7-08B305136695,Unknown,,S,,,Ave,S Sycamore Ave,2023/09/12 23:03:18+00,838 S Sycamore Ave Los Angeles 90036,6C59BA45-FF2C-4DF2-9FF7-08B305136695_838_S_Sycamore_Ave_Los_Angeles_90036,Sycamore,838 S Sycamore Avenue Ave Los Angeles 90036,,,,
606985,1183727,,5084003024.0,,836.0,1/2,,South,,,Sycamore,Avenue,,,,,,,,,,,,,90036.0,,Los Angeles,Los Angeles,,,,,LA City,{3401CA77-0007-4C17-98C5-73E0A73ACB38},0,,3401CA77-0007-4C17-98C5-73E0A73ACB38,Unknown,,S,,,Ave,S Sycamore Ave,2024/05/12 21:05:27+00,836 1/2 S Sycamore Ave Los Angeles 90036,3401CA77-0007-4C17-98C5-73E0A73ACB38_836_1/2_S_Sycamore_Ave_Los_Angeles_90036,Sycamore,836 1/2 S Sycamore Avenue Ave Los Angeles 90036,,,,
606986,1183728,,5084003024.0,,836.0,,,South,,,Sycamore,Avenue,,,,,,,,,,,,,90036.0,,Los Angeles,Los Angeles,,,,,LA City,{E94D95BA-ADC8-4667-A898-3A431DECEDF5},0,,E94D95BA-ADC8-4667-A898-3A431DECEDF5,Unknown,,S,,,Ave,S Sycamore Ave,2024/05/12 21:05:27+00,836 S Sycamore Ave Los Angeles 90036,E94D95BA-ADC8-4667-A898-3A431DECEDF5_836_S_Sycamore_Ave_Los_Angeles_90036,Sycamore,836 S Sycamore Avenue Ave Los Angeles 90036,,,,
606987,1183729,,5084003025.0,,832.0,,,South,,,Sycamore,Avenue,,,,,,,,,,,,,90036.0,,Los Angeles,Los Angeles,,,,,LA City,{28FD02E1-9590-4F33-B29F-CE218A231F4D},0,,28FD02E1-9590-4F33-B29F-CE218A231F4D,Unknown,,S,,,Ave,S Sycamore Ave,2023/09/12 23:03:18+00,832 S Sycamore Ave Los Angeles 90036,28FD02E1-9590-4F33-B29F-CE218A231F4D_832_S_Sycamore_Ave_Los_Angeles_90036,Sycamore,832 S Sycamore Avenue Ave Los Angeles 90036,,,,
606988,1183730,,5084003025.0,,830.0,,,South,,,Sycamore,Avenue,,,,,,,,,,,,,90036.0,,Los Angeles,Los Angeles,,,,,Assessor,{2AD94AB0-4604-4BED-B7AE-3FA2FAC75121},0,,2AD94AB0-4604-4BED-B7AE-3FA2FAC75121,Unknown,,S,,,Ave,S Sycamore Ave,2024/04/27 17:13:09+00,830 S Sycamore Ave Los Angeles 90036,2AD94AB0-4604-4BED-B7AE-3FA2FAC75121_830_S_Sycamore_Ave_Los_Angeles_90036,Sycamore,830 S Sycamore Avenue Ave Los Angeles 90036,,,,
606989,1183731,,5084003026.0,,826.0,,,South,,,Sycamore,Avenue,,,,,,,,,,,,,90036.0,,Los Angeles,Los Angeles,,,,,LA City,{B4BAADD0-30E8-4C1F-8DF3-5BB2FDE94057},0,,B4BAADD0-30E8-4C1F-8DF3-5BB2FDE94057,Unknown,,S,,,Ave,S Sycamore Ave,2023/09/12 23:03:18+00,826 S Sycamore Ave Los Angeles 90036,B4BAADD0-30E8-4C1F-8DF3-5BB2FDE94057_826_S_Sycamore_Ave_Los_Angeles_90036,Sycamore,826 S Sycamore Avenue Ave Los Angeles 90036,,,,
606990,1183732,,5084003026.0,,828.0,,,South,,,Sycamore,Avenue,,,,,,,,,,,,,90036.0,,Los Angeles,Los Angeles,,,,,LA City,{5AB51478-1A5B-4BE8-A723-9D8F314B3BB7},0,,5AB51478-1A5B-4BE8-A723-9D8F314B3BB7,Unknown,,S,,,Ave,S Sycamore Ave,2023/09/12 23:03:18+00,828 S Sycamore Ave Los Angeles 90036,5AB51478-1A5B-4BE8-A723-9D8F314B3BB7_828_S_Sycamore_Ave_Los_Angeles_90036,Sycamore,828 S Sycamore Avenue Ave Los Angeles 90036,,,,
606991,1183733,,5084003027.0,,822.0,,,South,,,Sycamore,Avenue,,,,,,,,,,,,,90036.0,,Los Angeles,Los Angeles,,,,,LA City,{2B24E05D-DC3F-4EB0-A95E-F03BE8DEA8F8},0,,2B24E05D-DC3F-4EB0-A95E-F03BE8DEA8F8,Unknown,,S,,,Ave,S Sycamore Ave,2023/09/12 23:03:18+00,822 S Sycamore Ave Los Angeles 90036,2B24E05D-DC3F-4EB0-A95E-F03BE8DEA8F8_822_S_Sycamore_Ave_Los_Angeles_90036,Sycamore,822 S Sycamore Avenue Ave Los Angeles 90036,,,,
606992,1183734,,5084003027.0,,824.0,,,South,,,Sycamore,Avenue,,,,,,,,,,,,,90036.0,,Los Angeles,Los Angeles,,,,,LA City,{10F48248-5F85-409E-9714-5A8158152FFF},0,,10F48248-5F85-409E-9714-5A8158152FFF,Unknown,,S,,,Ave,S Sycamore Ave,2023/09/12 23:03:18+00,824 S Sycamore Ave Los Angeles 90036,10F48248-5F85-409E-9714-5A8158152FFF_824_S_Sycamore_Ave_Los_Angeles_90036,Sycamore,824 S Sycamore Avenue Ave Los Angeles 90036,,,,
606993,1183735,,5084003028.0,,820.0,,,South,,,Sycamore,Avenue,,,,,,,,,,,,,90036.0,,Los Angeles,Los Angeles,,,,,LA City,{8BBAC6C5-143B-4064-A5F9-23C2F550CBF0},0,,8BBAC6C5-143B-4064-A5F9-23C2F550CBF0,Unknown,,S,,,Ave,S Sycamore Ave,2023/09/12 23:03:18+00,820 S Sycamore Ave Los Angeles 90036,8BBAC6C5-143B-4064-A5F9-23C2F550CBF0_820_S_Sycamore_Ave_Los_Angeles_90036,Sycamore,820 S Sycamore Avenue Ave Los Angeles 90036,,,,
606994,1183736,,5084003028.0,,818.0,,,South,,,Sycamore,Avenue,,,,,,,,,,,,,90036.0,,Los Angeles,Los Angeles,,,,,LA City,{1AA5B675-4364-4043-AAE2-227B4F569153},0,,1AA5B675-4364-4043-AAE2-227B4F569153,Unknown,,S,,,Ave,S Sycamore Ave,2023/09/12 23:03:18+00,818 S Sycamore Ave Los Angeles 90036,1AA5B675-4364-4043-AAE2-227B4F569153_818_S_Sycamore_Ave_Los_Angeles_90036,Sycamore,818 S Sycamore Avenue Ave Los Angeles 90036,,,,
606995,1183737,,5084003029.0,,812.0,,,South,,,Sycamore,Avenue,,,,,,,,,,,,,90036.0,,Los Angeles,Los Angeles,,,,,LA City,{9D7D1A78-6CDF-483C-A66B-F785BD4A050F},0,,9D7D1A78-6CDF-483C-A66B-F785BD4A050F,Unknown,,S,,,Ave,S Sycamore Ave,2023/09/12 23:03:18+00,812 S Sycamore Ave Los Angeles 90036,9D7D1A78-6CDF-483C-A66B-F785BD4A050F_812_S_Sycamore_Ave_Los_Angeles_90036,Sycamore,812 S Sycamore Avenue Ave Los Angeles 90036,,,,
606996,1183738,,5084003029.0,,814.0,,,South,,,Sycamore,Avenue,,,,,,,,,,,,,90036.0,,Los Angeles,Los Angeles,,,,,LA City,{20CC0824-C8E4-422F-AD0B-0EFC608536E2},0,,20CC0824-C8E4-422F-AD0B-0EFC608536E2,Unknown,,S,,,Ave,S Sycamore Ave,2023/09/12 23:03:18+00,814 S Sycamore Ave Los Angeles 90036,20CC0824-C8E4-422F-AD0B-0EFC608536E2_814_S_Sycamore_Ave_Los_Angeles_90036,Sycamore,814 S Sycamore Avenue Ave Los Angeles 90036,,,,
606997,1183739,,5084003029.0,,810.0,,,South,,,Sycamore,Avenue,,,,,,,,,,,,,90036.0,,Los Angeles,Los Angeles,,,,,LA City,{D5712477-3A96-4806-B58C-11306F68F70A},0,,D5712477-3A96-4806-B58C-11306F68F70A,Unknown,,S,,,Ave,S Sycamore Ave,2023/09/12 23:03:18+00,810 S Sycamore Ave Los Angeles 90036,D5712477-3A96-4806-B58C-11306F68F70A_810_S_Sycamore_Ave_Los_Angeles_90036,Sycamore,810 S Sycamore Avenue Ave Los Angeles 90036,,,,
606998,1183740,,5084003029.0,,816.0,,,South,,,Sycamore,Avenue,,,,,,,,,,,,,90036.0,,Los Angeles,Los Angeles,,,,,LA City,{85A632A6-EC43-453A-8E60-06E3BAF42496},0,,85A632A6-EC43-453A-8E60-06E3BAF42496,Unknown,,S,,,Ave,S Sycamore Ave,2023/09/12 23:03:18+00,816 S Sycamore Ave Los Angeles 90036,85A632A6-EC43-453A-8E60-06E3BAF42496_816_S_Sycamore_Ave_Los_Angeles_90036,Sycamore,816 S Sycamore Avenue Ave Los Angeles 90036,,,,
606999,1183741,,5084003030.0,,808.0,,,South,,,Sycamore,Avenue,,,,,,,,,,,,,90036.0,,Los Angeles,Los Angeles,,,,,LA City,{E4E455DF-874D-467B-A6CF-5AA600BF732A},0,,E4E455DF-874D-467B-A6CF-5AA600BF732A,Unknown,,S,,,Ave,S Sycamore Ave,2023/09/12 23:03:18+00,808 S Sycamore Ave Los Angeles 90036,E4E455DF-874D-467B-A6CF-5AA600BF732A_808_S_Sycamore_Ave_Los_Angeles_90036,Sycamore,808 S Sycamore Avenue Ave Los Angeles 90036,,,,
607000,1183742,,5084003030.0,,806.0,,,South,,,Sycamore,Avenue,,,,,,,,,,,,,90036.0,,Los Angeles,Los Angeles,,,,,LA City,{678CBAF2-C917-4FCC-B26C-F6A460FD8DA9},0,,678CBAF2-C917-4FCC-B26C-F6A460FD8DA9,Unknown,,S,,,Ave,S Sycamore Ave,2023/09/12 23:03:18+00,806 S Sycamore Ave Los Angeles 90036,678CBAF2-C917-4FCC-B26C-F6A460FD8DA9_806_S_Sycamore_Ave_Los_Angeles_90036,Sycamore,806 S Sycamore Avenue Ave Los Angeles 90036,,,,
607001,1183743,,5084003031.0,,802.0,,,South,,,Sycamore,Avenue,,,,,,,,,,,,,90036.0,,Los Angeles,Los Angeles,,,,,LA City,{442A9798-5F3A-4C6E-A557-C75A19D2F282},0,,442A9798-5F3A-4C6E-A557-C75A19D2F282,Unknown,,S,,,Ave,S Sycamore Ave,2023/09/12 23:03:18+00,802 S Sycamore Ave Los Angeles 90036,442A9798-5F3A-4C6E-A557-C75A19D2F282_802_S_Sycamore_Ave_Los_Angeles_90036,Sycamore,802 S Sycamore Avenue Ave Los Angeles 90036,,,,
607002,1183744,,5084003031.0,,5250.0,,,West,,,8Th,Street,,,,,,,,,,,,,90036.0,,Los Angeles,Los Angeles,,,,,LA City,{636545CC-F51F-4709-AFE4-384DE5DFB7AC},0,,636545CC-F51F-4709-AFE4-384DE5DFB7AC,Unknown,,W,,,St,W 8Th St,2023/09/12 23:03:18+00,5250 W 8Th St Los Angeles 90036,636545CC-F51F-4709-AFE4-384DE5DFB7AC_5250_W_8Th_St_Los_Angeles_90036,8Th,5250 W 8Th Street St Los Angeles 90036,,,,
607003,1183745,,5084003031.0,,800.0,,,South,,,Sycamore,Avenue,,,,,,,,,,,,,90036.0,,Los Angeles,Los Angeles,,,,,LA City,{2EFDF784-34AA-450D-9491-85094D5A4D90},0,,2EFDF784-34AA-450D-9491-85094D5A4D90,Unknown,,S,,,Ave,S Sycamore Ave,2023/09/12 23:03:18+00,800 S Sycamore Ave Los Angeles 90036,2EFDF784-34AA-450D-9491-85094D5A4D90_800_S_Sycamore_Ave_Los_Angeles_90036,Sycamore,800 S Sycamore Avenue Ave Los Angeles 90036,,,,
607004,1183746,,5084003032.0,,803.0,,,South,,,Orange,Drive,,,,,,,,,,,,,90036.0,,Los Angeles,Los Angeles,,,,,LA City,{83B65E7E-00CA-4608-B99A-E03310153F43},0,,83B65E7E-00CA-4608-B99A-E03310153F43,Unknown,,S,,,Dr,S Orange Dr,2023/09/12 23:03:18+00,803 S Orange Dr Los Angeles 90036,83B65E7E-00CA-4608-B99A-E03310153F43_803_S_Orange_Dr_Los_Angeles_90036,Orange,803 S Orange Drive Dr Los Angeles 90036,,,,
607005,1183747,,5084003032.0,,801.0,,,South,,,Orange,Drive,,,,,,,,,,,,,90036.0,,Los Angeles,Los Angeles,,,,,LA City,{9A0F8FCF-AD06-44C8-A77E-506673B7E5EC},0,,9A0F8FCF-AD06-44C8-A77E-506673B7E5EC,Unknown,,S,,,Dr,S Orange Dr,2023/09/12 23:03:18+00,801 S Orange Dr Los Angeles 90036,9A0F8FCF-AD06-44C8-A77E-506673B7E5EC_801_S_Orange_Dr_Los_Angeles_90036,Orange,801 S Orange Drive Dr Los Angeles 90036,,,,
607006,1183748,,5084003033.0,,809.0,,,South,,,Orange,Drive,,,,,,,,,,,,,90036.0,,Los Angeles,Los Angeles,,,,,LA City,{2757F295-BA7B-4D41-AE47-CE9403158F1E},0,,2757F295-BA7B-4D41-AE47-CE9403158F1E,Unknown,,S,,,Dr,S Orange Dr,2023/09/12 23:03:18+00,809 S Orange Dr Los Angeles 90036,2757F295-BA7B-4D41-AE47-CE9403158F1E_809_S_Orange_Dr_Los_Angeles_90036,Orange,809 S Orange Drive Dr Los Angeles 90036,,,,
607007,1183749,,5084003034.0,,815.0,,,South,,,Orange,Drive,,,,,,,,,,,,,90036.0,,Los Angeles,Los Angeles,,,,,LA City,{F7040575-270B-48B1-9F0E-5E76B220CF0F},0,,F7040575-270B-48B1-9F0E-5E76B220CF0F,Unknown,,S,,,Dr,S Orange Dr,2023/09/12 23:03:18+00,815 S Orange Dr Los Angeles 90036,F7040575-270B-48B1-9F0E-5E76B220CF0F_815_S_Orange_Dr_Los_Angeles_90036,Orange,815 S Orange Drive Dr Los Angeles 90036,,,,
607008,1183750,,5084003035.0,,821.0,,,South,,,Orange,Drive,,,,,,,,,,,,,90036.0,,Los Angeles,Los Angeles,,,,,LA City,{50FD7EF6-8DF4-4491-86CB-2090B1BFAED0},0,,50FD7EF6-8DF4-4491-86CB-2090B1BFAED0,Unknown,,S,,,Dr,S Orange Dr,2023/09/12 23:03:18+00,821 S Orange Dr Los Angeles 90036,50FD7EF6-8DF4-4491-86CB-2090B1BFAED0_821_S_Orange_Dr_Los_Angeles_90036,Orange,821 S Orange Drive Dr Los Angeles 90036,,,,
607009,1183751,,5084003036.0,,825.0,,,South,,,Orange,Drive,,,,,,,,,,,,,90036.0,,Los Angeles,Los Angeles,,,,,LA City,{7D431247-4297-4364-8C26-5A17D8BA09FE},0,,7D431247-4297-4364-8C26-5A17D8BA09FE,Unknown,,S,,,Dr,S Orange Dr,2023/09/12 23:03:18+00,825 S Orange Dr Los Angeles 90036,7D431247-4297-4364-8C26-5A17D8BA09FE_825_S_Orange_Dr_Los_Angeles_90036,Orange,825 S Orange Drive Dr Los Angeles 90036,,,,
607010,1183752,,5084003037.0,,831.0,,,South,,,Orange,Drive,,,,,,,,,,,,,90036.0,,Los Angeles,Los Angeles,,,,,LA City,{68C0E07A-2FA4-4A31-846E-5767AC7421CB},0,,68C0E07A-2FA4-4A31-846E-5767AC7421CB,Unknown,,S,,,Dr,S Orange Dr,2023/09/12 23:03:18+00,831 S Orange Dr Los Angeles 90036,68C0E07A-2FA4-4A31-846E-5767AC7421CB_831_S_Orange_Dr_Los_Angeles_90036,Orange,831 S Orange Drive Dr Los Angeles 90036,,,,
607011,1183753,,5084003037.0,,835.0,,,South,,,Orange,Drive,,,,,,,,,,,,,90036.0,,Los Angeles,Los Angeles,,,,,LA City,{5475459C-B75B-430B-B040-BC411F3AD98D},0,,5475459C-B75B-430B-B040-BC411F3AD98D,Unknown,,S,,,Dr,S Orange Dr,2023/09/12 23:03:18+00,835 S Orange Dr Los Angeles 90036,5475459C-B75B-430B-B040-BC411F3AD98D_835_S_Orange_Dr_Los_Angeles_90036,Orange,835 S Orange Drive Dr Los Angeles 90036,,,,
607012,1183754,,5084003038.0,,837.0,,,South,,,Orange,Drive,,,,,,,,,,,,,90036.0,,Los Angeles,Los Angeles,,,,,LA City,{29A890B6-8445-48EB-8456-8B46149B58B8},0,,29A890B6-8445-48EB-8456-8B46149B58B8,Unknown,,S,,,Dr,S Orange Dr,2023/09/12 23:03:18+00,837 S Orange Dr Los Angeles 90036,29A890B6-8445-48EB-8456-8B46149B58B8_837_S_Orange_Dr_Los_Angeles_90036,Orange,837 S Orange Drive Dr Los Angeles 90036,,,,
607013,1183755,,5084003039.0,,841.0,,,South,,,Orange,Drive,,,,,,,,,,,,,90036.0,,Los Angeles,Los Angeles,,,,,LA City,{EABCB406-C97C-4EE6-82F8-67D8DEFDC76E},0,,EABCB406-C97C-4EE6-82F8-67D8DEFDC76E,Unknown,,S,,,Dr,S Orange Dr,2023/09/12 23:03:18+00,841 S Orange Dr Los Angeles 90036,EABCB406-C97C-4EE6-82F8-67D8DEFDC76E_841_S_Orange_Dr_Los_Angeles_90036,Orange,841 S Orange Drive Dr Los Angeles 90036,,,,
607014,1183756,,5084003040.0,,845.0,,,South,,,Orange,Drive,,,,,,,,,,,,,90036.0,,Los Angeles,Los Angeles,,,,,LA City,{66106254-930D-4A76-B8B8-9021A906D93D},0,,66106254-930D-4A76-B8B8-9021A906D93D,Unknown,,S,,,Dr,S Orange Dr,2023/09/12 23:03:18+00,845 S Orange Dr Los Angeles 90036,66106254-930D-4A76-B8B8-9021A906D93D_845_S_Orange_Dr_Los_Angeles_90036,Orange,845 S Orange Drive Dr Los Angeles 90036,,,,
607015,1183757,,5084003041.0,,851.0,,,South,,,Orange,Drive,,,,,,,,,,,,,90036.0,,Los Angeles,Los Angeles,,,,,LA City,{22001649-5242-46B4-B50B-D0A255077342},0,,22001649-5242-46B4-B50B-D0A255077342,Unknown,,S,,,Dr,S Orange Dr,2023/09/12 23:03:18+00,851 S Orange Dr Los Angeles 90036,22001649-5242-46B4-B50B-D0A255077342_851_S_Orange_Dr_Los_Angeles_90036,Orange,851 S Orange Drive Dr Los Angeles 90036,,,,
607016,1183758,,5084003042.0,,855.0,,,South,,,Orange,Drive,,,,,,,,,,,,,90036.0,,Los Angeles,Los Angeles,,,,,LA City,{F653A298-CF79-48AB-8D11-72AC6959B5A0},0,,F653A298-CF79-48AB-8D11-72AC6959B5A0,Unknown,,S,,,Dr,S Orange Dr,2023/09/12 23:03:18+00,855 S Orange Dr Los Angeles 90036,F653A298-CF79-48AB-8D11-72AC6959B5A0_855_S_Orange_Dr_Los_Angeles_90036,Orange,855 S Orange Drive Dr Los Angeles 90036,,,,
607017,1183759,,5084003046.0,,813.0,,,South,,,Sycamore,Avenue,,,,,,,,,,,,,90036.0,,Los Angeles,Los Angeles,,,,,LA City,{0B9FBFFF-326C-467C-BD7B-3689E158085D},0,,0B9FBFFF-326C-467C-BD7B-3689E158085D,Unknown,,S,,,Ave,S Sycamore Ave,2023/09/12 23:03:18+00,813 S Sycamore Ave Los Angeles 90036,0B9FBFFF-326C-467C-BD7B-3689E158085D_813_S_Sycamore_Ave_Los_Angeles_90036,Sycamore,813 S Sycamore Avenue Ave Los Angeles 90036,,,,
607018,1183760,,5084003046.0,,815.0,,,South,,,Sycamore,Avenue,,,,,,,,,,,,,90036.0,,Los Angeles,Los Angeles,,,,,LA City,{29E881A2-AEC8-4AF0-BF9B-618CA45178D7},0,,29E881A2-AEC8-4AF0-BF9B-618CA45178D7,Unknown,,S,,,Ave,S Sycamore Ave,2023/09/12 23:03:18+00,815 S Sycamore Ave Los Angeles 90036,29E881A2-AEC8-4AF0-BF9B-618CA45178D7_815_S_Sycamore_Ave_Los_Angeles_90036,Sycamore,815 S Sycamore Avenue Ave Los Angeles 90036,,,,
607019,1183761,,5084003047.0,,834.0,,,South,,,La Brea,Avenue,,,,,,,,,,,,,90036.0,,Los Angeles,Los Angeles,,,,,LA City,{EBC8E5D3-B979-4A2E-92E8-63E2553E2B31},0,,EBC8E5D3-B979-4A2E-92E8-63E2553E2B31,Unknown,,S,,,Ave,S La Brea Ave,2023/09/12 23:03:18+00,834 S La Brea Ave Los Angeles 90036,EBC8E5D3-B979-4A2E-92E8-63E2553E2B31_834_S_La_Brea_Ave_Los_Angeles_90036,La Brea,834 S La Brea Avenue Ave Los Angeles 90036,,,,
607020,1183762,,5084003047.0,,822.0,,,South,,,La Brea,Avenue,,,,,,,,,,,,,90036.0,,Los Angeles,Los Angeles,,,,,LA City,{B9194DD7-8CF8-4410-B281-43BFA8435622},0,,B9194DD7-8CF8-4410-B281-43BFA8435622,Unknown,,S,,,Ave,S La Brea Ave,2023/09/12 23:03:18+00,822 S La Brea Ave Los Angeles 90036,B9194DD7-8CF8-4410-B281-43BFA8435622_822_S_La_Brea_Ave_Los_Angeles_90036,La Brea,822 S La Brea Avenue Ave Los Angeles 90036,,,,
607021,1183763,,5084003047.0,,820.0,,,South,,,La Brea,Avenue,,,,,,,,,,,,,90036.0,,Los Angeles,Los Angeles,,,,,LA City,{DEC8DA09-72A9-47FC-9F8C-001C361FF6C5},0,,DEC8DA09-72A9-47FC-9F8C-001C361FF6C5,Unknown,,S,,,Ave,S La Brea Ave,2023/09/12 23:03:18+00,820 S La Brea Ave Los Angeles 90036,DEC8DA09-72A9-47FC-9F8C-001C361FF6C5_820_S_La_Brea_Ave_Los_Angeles_90036,La Brea,820 S La Brea Avenue Ave Los Angeles 90036,,,,
607022,1183764,,5084003047.0,,830.0,,,South,,,La Brea,Avenue,,,,,,,,,,,,,90036.0,,Los Angeles,Los Angeles,,,,,LA City,{087F48AE-18F7-472A-ACF1-4A2F69F94CD9},0,,087F48AE-18F7-472A-ACF1-4A2F69F94CD9,Unknown,,S,,,Ave,S La Brea Ave,2023/09/12 23:03:18+00,830 S La Brea Ave Los Angeles 90036,087F48AE-18F7-472A-ACF1-4A2F69F94CD9_830_S_La_Brea_Ave_Los_Angeles_90036,La Brea,830 S La Brea Avenue Ave Los Angeles 90036,,,,
607023,1183765,,5084003047.0,,824.0,,,South,,,La Brea,Avenue,,,,,,,,,,,,,90036.0,,Los Angeles,Los Angeles,,,,,LA City,{331A6644-C097-4F42-9AB9-893F58B8D221},0,,331A6644-C097-4F42-9AB9-893F58B8D221,Unknown,,S,,,Ave,S La Brea Ave,2023/09/12 23:03:18+00,824 S La Brea Ave Los Angeles 90036,331A6644-C097-4F42-9AB9-893F58B8D221_824_S_La_Brea_Ave_Los_Angeles_90036,La Brea,824 S La Brea Avenue Ave Los Angeles 90036,,,,
607024,1183766,,5084003047.0,,826.0,,,South,,,La Brea,Avenue,,,,,,,,,,,,,90036.0,,Los Angeles,Los Angeles,,,,,LA City,{42912D88-35F4-4064-AA97-31607C1AE9E4},0,,42912D88-35F4-4064-AA97-31607C1AE9E4,Unknown,,S,,,Ave,S La Brea Ave,2023/09/12 23:03:18+00,826 S La Brea Ave Los Angeles 90036,42912D88-35F4-4064-AA97-31607C1AE9E4_826_S_La_Brea_Ave_Los_Angeles_90036,La Brea,826 S La Brea Avenue Ave Los Angeles 90036,,,,
607025,1183767,,5084003047.0,,832.0,,,South,,,La Brea,Avenue,,,,,,,,,,,,,90036.0,,Los Angeles,Los Angeles,,,,,LA City,{76B3D78E-CEE4-43D1-82C5-0841E9F37E5F},0,,76B3D78E-CEE4-43D1-82C5-0841E9F37E5F,Unknown,,S,,,Ave,S La Brea Ave,2023/09/12 23:03:18+00,832 S La Brea Ave Los Angeles 90036,76B3D78E-CEE4-43D1-82C5-0841E9F37E5F_832_S_La_Brea_Ave_Los_Angeles_90036,La Brea,832 S La Brea Avenue Ave Los Angeles 90036,,,,
607026,1183768,,5084003047.0,,828.0,,,South,,,La Brea,Avenue,,,,,,,,,,,,,90036.0,,Los Angeles,Los Angeles,,,,,LA City,{4CCE2FEB-493D-4E4A-9E9D-91F91B4E9013},0,,4CCE2FEB-493D-4E4A-9E9D-91F91B4E9013,Unknown,,S,,,Ave,S La Brea Ave,2023/09/12 23:03:18+00,828 S La Brea Ave Los Angeles 90036,4CCE2FEB-493D-4E4A-9E9D-91F91B4E9013_828_S_La_Brea_Ave_Los_Angeles_90036,La Brea,828 S La Brea Avenue Ave Los Angeles 90036,,,,
607027,1183769,,5084003048.0,,838.0,,,South,,,La Brea,Avenue,,,,,,,,,,,,,90036.0,,Los Angeles,Los Angeles,,,,,LA City,{32FAA6A9-3AF2-4279-A298-C585CD3D8690},0,,32FAA6A9-3AF2-4279-A298-C585CD3D8690,Unknown,,S,,,Ave,S La Brea Ave,2023/09/12 23:03:18+00,838 S La Brea Ave Los Angeles 90036,32FAA6A9-3AF2-4279-A298-C585CD3D8690_838_S_La_Brea_Ave_Los_Angeles_90036,La Brea,838 S La Brea Avenue Ave Los Angeles 90036,,,,
607028,1183770,,5084003048.0,,840.0,,,South,,,La Brea,Avenue,,,,,,,,,,,,,90036.0,,Los Angeles,Los Angeles,,,,,LA City,{0FC22C59-6FC3-449F-85A9-034D4E83051D},0,,0FC22C59-6FC3-449F-85A9-034D4E83051D,Unknown,,S,,,Ave,S La Brea Ave,2023/09/12 23:03:18+00,840 S La Brea Ave Los Angeles 90036,0FC22C59-6FC3-449F-85A9-034D4E83051D_840_S_La_Brea_Ave_Los_Angeles_90036,La Brea,840 S La Brea Avenue Ave Los Angeles 90036,,,,
607029,1183771,,5084003048.0,,842.0,,,South,,,La Brea,Avenue,,,,,,,,,,,,,90036.0,,Los Angeles,Los Angeles,,,,,LA City,{B29C1A64-3DDC-40CA-A1AA-739667EBA1B8},0,,B29C1A64-3DDC-40CA-A1AA-739667EBA1B8,Unknown,,S,,,Ave,S La Brea Ave,2023/09/12 23:03:18+00,842 S La Brea Ave Los Angeles 90036,B29C1A64-3DDC-40CA-A1AA-739667EBA1B8_842_S_La_Brea_Ave_Los_Angeles_90036,La Brea,842 S La Brea Avenue Ave Los Angeles 90036,,,,
607030,1183772,,5084003048.0,,836.0,,,South,,,La Brea,Avenue,,,,,,,,,,,,,90036.0,,Los Angeles,Los Angeles,,,,,Assessor,{71082F53-493F-418B-9C35-51CCD7A892DA},0,,71082F53-493F-418B-9C35-51CCD7A892DA,Unknown,,S,,,Ave,S La Brea Ave,2024/04/27 17:13:09+00,836 S La Brea Ave Los Angeles 90036,71082F53-493F-418B-9C35-51CCD7A892DA_836_S_La_Brea_Ave_Los_Angeles_90036,La Brea,836 S La Brea Avenue Ave Los Angeles 90036,,,,
607031,1183773,,5084003048.0,,844.0,,,South,,,La Brea,Avenue,,,,,,,,,,,,,90036.0,,Los Angeles,Los Angeles,,,,,LA City,{C2341A2A-5341-437C-8E7E-001BAB9075BB},0,,C2341A2A-5341-437C-8E7E-001BAB9075BB,Unknown,,S,,,Ave,S La Brea Ave,2024/05/12 21:05:27+00,844 S La Brea Ave Los Angeles 90036,C2341A2A-5341-437C-8E7E-001BAB9075BB_844_S_La_Brea_Ave_Los_Angeles_90036,La Brea,844 S La Brea Avenue Ave Los Angeles 90036,,,,
607032,1183774,,5084003048.0,,844.0,1/4,,South,,,La Brea,Avenue,,,,,,,,,,,,,90036.0,,Los Angeles,Los Angeles,,,,,LA City,{201FEDD4-CAEC-4383-8F0B-5AE552B56C55},0,,201FEDD4-CAEC-4383-8F0B-5AE552B56C55,Unknown,,S,,,Ave,S La Brea Ave,2024/05/12 21:05:27+00,844 1/4 S La Brea Ave Los Angeles 90036,201FEDD4-CAEC-4383-8F0B-5AE552B56C55_844_1/4_S_La_Brea_Ave_Los_Angeles_90036,La Brea,844 1/4 S La Brea Avenue Ave Los Angeles 90036,,,,
607033,1183775,,5084003048.0,,844.0,1/2,,South,,,La Brea,Avenue,,,,,,,,,,,,,90036.0,,Los Angeles,Los Angeles,,,,,LA City,{8D9AC7DA-BF5B-4166-8E91-7BA43EBD6364},0,,8D9AC7DA-BF5B-4166-8E91-7BA43EBD6364,Unknown,,S,,,Ave,S La Brea Ave,2024/05/12 21:05:27+00,844 1/2 S La Brea Ave Los Angeles 90036,8D9AC7DA-BF5B-4166-8E91-7BA43EBD6364_844_1/2_S_La_Brea_Ave_Los_Angeles_90036,La Brea,844 1/2 S La Brea Avenue Ave Los Angeles 90036,,,,
607034,1183776,,5084004008.0,,942.0,,,South,,,La Brea,Avenue,,,,,,,,,,,,,90036.0,,Los Angeles,Los Angeles,,,,,LA City,{1017260D-05F0-4416-914E-B7810AF9DF9C},0,,1017260D-05F0-4416-914E-B7810AF9DF9C,Unknown,,S,,,Ave,S La Brea Ave,2023/09/12 23:03:18+00,942 S La Brea Ave Los Angeles 90036,1017260D-05F0-4416-914E-B7810AF9DF9C_942_S_La_Brea_Ave_Los_Angeles_90036,La Brea,942 S La Brea Avenue Ave Los Angeles 90036,,,,
607035,1183777,,5084004008.0,,940.0,,,South,,,La Brea,Avenue,,,,,,,,,,,,,90036.0,,Los Angeles,Los Angeles,,,,,LA City,{79635161-0F0D-43AB-87BF-F5E7B4B3EF3A},0,,79635161-0F0D-43AB-87BF-F5E7B4B3EF3A,Unknown,,S,,,Ave,S La Brea Ave,2023/09/12 23:03:18+00,940 S La Brea Ave Los Angeles 90036,79635161-0F0D-43AB-87BF-F5E7B4B3EF3A_940_S_La_Brea_Ave_Los_Angeles_90036,La Brea,940 S La Brea Avenue Ave Los Angeles 90036,,,,
607036,1183778,,5084004009.0,,948.0,,,South,,,La Brea,Avenue,,,,,,,,,,,,,90036.0,,Los Angeles,Los Angeles,,,,,LA City,{175BC8E2-8A06-49AE-82ED-C49F6581D9E6},0,,175BC8E2-8A06-49AE-82ED-C49F6581D9E6,Unknown,,S,,,Ave,S La Brea Ave,2023/09/12 23:03:18+00,948 S La Brea Ave Los Angeles 90036,175BC8E2-8A06-49AE-82ED-C49F6581D9E6_948_S_La_Brea_Ave_Los_Angeles_90036,La Brea,948 S La Brea Avenue Ave Los Angeles 90036,,,,
607037,1183779,,5084004009.0,,5273.0,,,West,,,Olympic,Boulevard,,,,,,,,,,,,,90036.0,,Los Angeles,Los Angeles,,,,,LA City,{9CABB52E-A029-4D05-9FEA-6B7F0FABCE6A},0,,9CABB52E-A029-4D05-9FEA-6B7F0FABCE6A,Unknown,,W,,,Blvd,W Olympic Blvd,2023/09/12 23:03:18+00,5273 W Olympic Blvd Los Angeles 90036,9CABB52E-A029-4D05-9FEA-6B7F0FABCE6A_5273_W_Olympic_Blvd_Los_Angeles_90036,Olympic,5273 W Olympic Boulevard Blvd Los Angeles 90036,,,,
607038,1183780,,5084004009.0,,944.0,,,South,,,La Brea,Avenue,,,,,,,,,,,,,90036.0,,Los Angeles,Los Angeles,,,,,LA City,{171B6D5A-C666-47C5-A065-B0BB53C86D07},0,,171B6D5A-C666-47C5-A065-B0BB53C86D07,Unknown,,S,,,Ave,S La Brea Ave,2023/09/12 23:03:18+00,944 S La Brea Ave Los Angeles 90036,171B6D5A-C666-47C5-A065-B0BB53C86D07_944_S_La_Brea_Ave_Los_Angeles_90036,La Brea,944 S La Brea Avenue Ave Los Angeles 90036,,,,
607039,1183781,,5084004009.0,,950.0,,,South,,,La Brea,Avenue,,,,,,,,,,,,,90036.0,,Los Angeles,Los Angeles,,,,,LA City,{ED8A1F2A-2E78-4E30-9E01-848FD20BD3B4},0,,ED8A1F2A-2E78-4E30-9E01-848FD20BD3B4,Unknown,,S,,,Ave,S La Brea Ave,2023/09/12 23:03:18+00,950 S La Brea Ave Los Angeles 90036,ED8A1F2A-2E78-4E30-9E01-848FD20BD3B4_950_S_La_Brea_Ave_Los_Angeles_90036,La Brea,950 S La Brea Avenue Ave Los Angeles 90036,,,,
607040,1183782,,5084004009.0,,5281.0,,,West,,,Olympic,Boulevard,,,,,,,,,,,,,90036.0,,Los Angeles,Los Angeles,,,,,LA City,{D0BA9F89-6215-4092-8290-85FCD790A162},0,,D0BA9F89-6215-4092-8290-85FCD790A162,Unknown,,W,,,Blvd,W Olympic Blvd,2023/09/12 23:03:18+00,5281 W Olympic Blvd Los Angeles 90036,D0BA9F89-6215-4092-8290-85FCD790A162_5281_W_Olympic_Blvd_Los_Angeles_90036,Olympic,5281 W Olympic Boulevard Blvd Los Angeles 90036,,,,
607041,1183783,,5084004009.0,,5279.0,,,West,,,Olympic,Boulevard,,,,,,,,,,,,,90036.0,,Los Angeles,Los Angeles,,,,,LA City,{7A459352-9498-4A21-95BC-6894C6D8037B},0,,7A459352-9498-4A21-95BC-6894C6D8037B,Unknown,,W,,,Blvd,W Olympic Blvd,2023/09/12 23:03:18+00,5279 W Olympic Blvd Los Angeles 90036,7A459352-9498-4A21-95BC-6894C6D8037B_5279_W_Olympic_Blvd_Los_Angeles_90036,Olympic,5279 W Olympic Boulevard Blvd Los Angeles 90036,,,,
607042,1183784,,5084004009.0,,5277.0,,,West,,,Olympic,Boulevard,,,,,,,,,,,,,90036.0,,Los Angeles,Los Angeles,,,,,LA City,{F261FE13-E571-4310-B20E-FEE57DBAD91D},0,,F261FE13-E571-4310-B20E-FEE57DBAD91D,Unknown,,W,,,Blvd,W Olympic Blvd,2023/09/12 23:03:18+00,5277 W Olympic Blvd Los Angeles 90036,F261FE13-E571-4310-B20E-FEE57DBAD91D_5277_W_Olympic_Blvd_Los_Angeles_90036,Olympic,5277 W Olympic Boulevard Blvd Los Angeles 90036,,,,
607043,1183785,,5084004009.0,,5275.0,,,West,,,Olympic,Boulevard,,,,,,,,,,,,,90036.0,,Los Angeles,Los Angeles,,,,,LA City,{289A55CF-7B51-4775-BB66-200B11BC1D30},0,,289A55CF-7B51-4775-BB66-200B11BC1D30,Unknown,,W,,,Blvd,W Olympic Blvd,2023/09/12 23:03:18+00,5275 W Olympic Blvd Los Angeles 90036,289A55CF-7B51-4775-BB66-200B11BC1D30_5275_W_Olympic_Blvd_Los_Angeles_90036,Olympic,5275 W Olympic Boulevard Blvd Los Angeles 90036,,,,
607044,1183786,,5084004010.0,,903.0,,,South,,,Sycamore,Avenue,,,,,,,,,,,,,90036.0,,Los Angeles,Los Angeles,,,,,LA City,{71FDD677-381A-479B-940F-4A2B7023CF64},0,,71FDD677-381A-479B-940F-4A2B7023CF64,Unknown,,S,,,Ave,S Sycamore Ave,2023/09/12 23:03:18+00,903 S Sycamore Ave Los Angeles 90036,71FDD677-381A-479B-940F-4A2B7023CF64_903_S_Sycamore_Ave_Los_Angeles_90036,Sycamore,903 S Sycamore Avenue Ave Los Angeles 90036,,,,
607045,1183787,,5084004010.0,,901.0,,,South,,,Sycamore,Avenue,,,,,,,,,,,,,90036.0,,Los Angeles,Los Angeles,,,,,LA City,{C7B3AAF9-7760-429F-9B90-6BCA5677F6A8},0,,C7B3AAF9-7760-429F-9B90-6BCA5677F6A8,Unknown,,S,,,Ave,S Sycamore Ave,2023/09/12 23:03:18+00,901 S Sycamore Ave Los Angeles 90036,C7B3AAF9-7760-429F-9B90-6BCA5677F6A8_901_S_Sycamore_Ave_Los_Angeles_90036,Sycamore,901 S Sycamore Avenue Ave Los Angeles 90036,,,,
607046,1183788,,5084004011.0,,907.0,,,South,,,Sycamore,Avenue,,,,,,,,,,,,,90036.0,,Los Angeles,Los Angeles,,,,,LA City,{E9FFD247-E7AB-49D4-8C4D-DC044242585C},0,,E9FFD247-E7AB-49D4-8C4D-DC044242585C,Unknown,,S,,,Ave,S Sycamore Ave,2023/09/12 23:03:18+00,907 S Sycamore Ave Los Angeles 90036,E9FFD247-E7AB-49D4-8C4D-DC044242585C_907_S_Sycamore_Ave_Los_Angeles_90036,Sycamore,907 S Sycamore Avenue Ave Los Angeles 90036,,,,
607047,1183789,,5084004011.0,,905.0,,,South,,,Sycamore,Avenue,,,,,,,,,,,,,90036.0,,Los Angeles,Los Angeles,,,,,LA City,{EEDB90B2-A1F8-4982-AEFA-6AD74525072C},0,,EEDB90B2-A1F8-4982-AEFA-6AD74525072C,Unknown,,S,,,Ave,S Sycamore Ave,2023/09/12 23:03:18+00,905 S Sycamore Ave Los Angeles 90036,EEDB90B2-A1F8-4982-AEFA-6AD74525072C_905_S_Sycamore_Ave_Los_Angeles_90036,Sycamore,905 S Sycamore Avenue Ave Los Angeles 90036,,,,
607048,1183790,,5084004011.0,,909.0,,,South,,,Sycamore,Avenue,,,,,,,,,,,,,90036.0,,Los Angeles,Los Angeles,,,,,LA City,{313B04FD-2422-4D1D-81C5-BF6B3F3C978E},0,,313B04FD-2422-4D1D-81C5-BF6B3F3C978E,Unknown,,S,,,Ave,S Sycamore Ave,2023/09/12 23:03:18+00,909 S Sycamore Ave Los Angeles 90036,313B04FD-2422-4D1D-81C5-BF6B3F3C978E_909_S_Sycamore_Ave_Los_Angeles_90036,Sycamore,909 S Sycamore Avenue Ave Los Angeles 90036,,,,
607049,1183791,,5084004012.0,,913.0,,,South,,,Sycamore,Avenue,,,,,,,,,,,,,90036.0,,Los Angeles,Los Angeles,,,,,LA City,{76B07B14-5EBC-4EEC-A4D0-5E33298E14D8},0,,76B07B14-5EBC-4EEC-A4D0-5E33298E14D8,Unknown,,S,,,Ave,S Sycamore Ave,2023/09/12 23:03:18+00,913 S Sycamore Ave Los Angeles 90036,76B07B14-5EBC-4EEC-A4D0-5E33298E14D8_913_S_Sycamore_Ave_Los_Angeles_90036,Sycamore,913 S Sycamore Avenue Ave Los Angeles 90036,,,,
607050,1183792,,5084004012.0,,915.0,,,South,,,Sycamore,Avenue,,,,,,,,,,,,,90036.0,,Los Angeles,Los Angeles,,,,,LA City,{5363C479-ED8F-4E62-8909-58F1B0E9A180},0,,5363C479-ED8F-4E62-8909-58F1B0E9A180,Unknown,,S,,,Ave,S Sycamore Ave,2023/09/12 23:03:18+00,915 S Sycamore Ave Los Angeles 90036,5363C479-ED8F-4E62-8909-58F1B0E9A180_915_S_Sycamore_Ave_Los_Angeles_90036,Sycamore,915 S Sycamore Avenue Ave Los Angeles 90036,,,,
607051,1183793,,5084004013.0,,917.0,,,South,,,Sycamore,Avenue,,,,,,,,,,,,,90036.0,,Los Angeles,Los Angeles,,,,,LA City,{F5D6A351-D3D0-4FED-9849-945D6678214A},0,,F5D6A351-D3D0-4FED-9849-945D6678214A,Unknown,,S,,,Ave,S Sycamore Ave,2023/09/12 23:03:18+00,917 S Sycamore Ave Los Angeles 90036,F5D6A351-D3D0-4FED-9849-945D6678214A_917_S_Sycamore_Ave_Los_Angeles_90036,Sycamore,917 S Sycamore Avenue Ave Los Angeles 90036,,,,
607052,1183794,,5084004013.0,,919.0,,,South,,,Sycamore,Avenue,,,,,,,,,,,,,90036.0,,Los Angeles,Los Angeles,,,,,LA City,{4AF3D806-9885-4F45-83C7-4CAC7666A507},0,,4AF3D806-9885-4F45-83C7-4CAC7666A507,Unknown,,S,,,Ave,S Sycamore Ave,2023/09/12 23:03:18+00,919 S Sycamore Ave Los Angeles 90036,4AF3D806-9885-4F45-83C7-4CAC7666A507_919_S_Sycamore_Ave_Los_Angeles_90036,Sycamore,919 S Sycamore Avenue Ave Los Angeles 90036,,,,
607053,1183795,,5084004014.0,,923.0,,,South,,,Sycamore,Avenue,,,,,,,,,,,,,90036.0,,Los Angeles,Los Angeles,,,,,LA City,{ED481D73-81FF-4886-98EA-97AAD4ABD17E},0,,ED481D73-81FF-4886-98EA-97AAD4ABD17E,Unknown,,S,,,Ave,S Sycamore Ave,2023/09/12 23:03:18+00,923 S Sycamore Ave Los Angeles 90036,ED481D73-81FF-4886-98EA-97AAD4ABD17E_923_S_Sycamore_Ave_Los_Angeles_90036,Sycamore,923 S Sycamore Avenue Ave Los Angeles 90036,,,,
607054,1183796,,5084004014.0,,925.0,,,South,,,Sycamore,Avenue,,,,,,,,,,,,,90036.0,,Los Angeles,Los Angeles,,,,,LA City,{DDC8EABE-D418-40B7-B9C3-E8A437BFA9C0},0,,DDC8EABE-D418-40B7-B9C3-E8A437BFA9C0,Unknown,,S,,,Ave,S Sycamore Ave,2023/09/12 23:03:18+00,925 S Sycamore Ave Los Angeles 90036,DDC8EABE-D418-40B7-B9C3-E8A437BFA9C0_925_S_Sycamore_Ave_Los_Angeles_90036,Sycamore,925 S Sycamore Avenue Ave Los Angeles 90036,,,,
607055,1183797,,5084004015.0,,929.0,,,South,,,Sycamore,Avenue,,,,,,,,,,,,,90036.0,,Los Angeles,Los Angeles,,,,,LA City,{C57BC258-BEA0-48F8-B02C-BE359690D254},0,,C57BC258-BEA0-48F8-B02C-BE359690D254,Unknown,,S,,,Ave,S Sycamore Ave,2023/09/12 23:03:18+00,929 S Sycamore Ave Los Angeles 90036,C57BC258-BEA0-48F8-B02C-BE359690D254_929_S_Sycamore_Ave_Los_Angeles_90036,Sycamore,929 S Sycamore Avenue Ave Los Angeles 90036,,,,
607056,1183798,,5084004015.0,,927.0,,,South,,,Sycamore,Avenue,,,,,,,,,,,,,90036.0,,Los Angeles,Los Angeles,,,,,LA City,{80E5104C-3F0D-42E5-86CC-0E301E66EF44},0,,80E5104C-3F0D-42E5-86CC-0E301E66EF44,Unknown,,S,,,Ave,S Sycamore Ave,2023/09/12 23:03:18+00,927 S Sycamore Ave Los Angeles 90036,80E5104C-3F0D-42E5-86CC-0E301E66EF44_927_S_Sycamore_Ave_Los_Angeles_90036,Sycamore,927 S Sycamore Avenue Ave Los Angeles 90036,,,,
607057,1183799,,5084004016.0,,935.0,,,South,,,Sycamore,Avenue,,,,,,,,,,,,,90036.0,,Los Angeles,Los Angeles,,,,,LA City,{FA16EA53-8BBD-4708-8753-36839BD929E1},0,,FA16EA53-8BBD-4708-8753-36839BD929E1,Unknown,,S,,,Ave,S Sycamore Ave,2023/09/12 23:03:18+00,935 S Sycamore Ave Los Angeles 90036,FA16EA53-8BBD-4708-8753-36839BD929E1_935_S_Sycamore_Ave_Los_Angeles_90036,Sycamore,935 S Sycamore Avenue Ave Los Angeles 90036,,,,
607058,1183800,,5084004016.0,,933.0,,,South,,,Sycamore,Avenue,,,,,,,,,,,,,90036.0,,Los Angeles,Los Angeles,,,,,LA City,{85217E58-1558-44CC-9CB6-D5B2215CF0F0},0,,85217E58-1558-44CC-9CB6-D5B2215CF0F0,Unknown,,S,,,Ave,S Sycamore Ave,2023/09/12 23:03:18+00,933 S Sycamore Ave Los Angeles 90036,85217E58-1558-44CC-9CB6-D5B2215CF0F0_933_S_Sycamore_Ave_Los_Angeles_90036,Sycamore,933 S Sycamore Avenue Ave Los Angeles 90036,,,,
607059,1183801,,5084004019.0,,945.0,,,South,,,Sycamore,Avenue,,,,,,,,,,,,,90036.0,,Los Angeles,Los Angeles,,,,,LA City,{106BA476-BC0F-4E6A-9388-1B0DCA3463B4},0,,106BA476-BC0F-4E6A-9388-1B0DCA3463B4,Unknown,,S,,,Ave,S Sycamore Ave,2023/09/12 23:03:18+00,945 S Sycamore Ave Los Angeles 90036,106BA476-BC0F-4E6A-9388-1B0DCA3463B4_945_S_Sycamore_Ave_Los_Angeles_90036,Sycamore,945 S Sycamore Avenue Ave Los Angeles 90036,,,,
607060,1183802,,5084004019.0,,943.0,,,South,,,Sycamore,Avenue,,,,,,,,,,,,,90036.0,,Los Angeles,Los Angeles,,,,,LA City,{D77792DE-D2D0-47B5-9399-C78B2D9367EF},0,,D77792DE-D2D0-47B5-9399-C78B2D9367EF,Unknown,,S,,,Ave,S Sycamore Ave,2023/09/12 23:03:18+00,943 S Sycamore Ave Los Angeles 90036,D77792DE-D2D0-47B5-9399-C78B2D9367EF_943_S_Sycamore_Ave_Los_Angeles_90036,Sycamore,943 S Sycamore Avenue Ave Los Angeles 90036,,,,
607061,1183803,,5084004020.0,,949.0,,,South,,,Sycamore,Avenue,,,,,,,,,,,,,90036.0,,Los Angeles,Los Angeles,,,,,LA City,{5321426D-86CC-4288-9CDA-F65A8052D3BB},0,,5321426D-86CC-4288-9CDA-F65A8052D3BB,Unknown,,S,,,Ave,S Sycamore Ave,2023/09/12 23:03:18+00,949 S Sycamore Ave Los Angeles 90036,5321426D-86CC-4288-9CDA-F65A8052D3BB_949_S_Sycamore_Ave_Los_Angeles_90036,Sycamore,949 S Sycamore Avenue Ave Los Angeles 90036,,,,
607062,1183804,,5084004020.0,,947.0,,,South,,,Sycamore,Avenue,,,,,,,,,,,,,90036.0,,Los Angeles,Los Angeles,,,,,LA City,{91E8B137-0D82-4393-8753-0CB58CBA9A57},0,,91E8B137-0D82-4393-8753-0CB58CBA9A57,Unknown,,S,,,Ave,S Sycamore Ave,2024/05/12 21:05:27+00,947 S Sycamore Ave Los Angeles 90036,91E8B137-0D82-4393-8753-0CB58CBA9A57_947_S_Sycamore_Ave_Los_Angeles_90036,Sycamore,947 S Sycamore Avenue Ave Los Angeles 90036,,,,
607063,1183805,,5084004020.0,,947.0,1/2,,South,,,Sycamore,Avenue,,,,,,,,,,,,,90036.0,,Los Angeles,Los Angeles,,,,,LA City,{C51E5B48-1B9B-4E56-B4FB-5EC736D68FE6},0,,C51E5B48-1B9B-4E56-B4FB-5EC736D68FE6,Unknown,,S,,,Ave,S Sycamore Ave,2024/05/12 21:05:27+00,947 1/2 S Sycamore Ave Los Angeles 90036,C51E5B48-1B9B-4E56-B4FB-5EC736D68FE6_947_1/2_S_Sycamore_Ave_Los_Angeles_90036,Sycamore,947 1/2 S Sycamore Avenue Ave Los Angeles 90036,,,,
607064,1183806,,5084004028.0,,937.0,,,South,,,Sycamore,Avenue,,,,,,,,,,,,,90036.0,,Los Angeles,Los Angeles,,,,,LA City,{891D4A4A-CADE-489B-AC05-C121592F9C5D},0,,891D4A4A-CADE-489B-AC05-C121592F9C5D,Unknown,,S,,,Ave,S Sycamore Ave,2023/09/12 23:03:18+00,937 S Sycamore Ave Los Angeles 90036,891D4A4A-CADE-489B-AC05-C121592F9C5D_937_S_Sycamore_Ave_Los_Angeles_90036,Sycamore,937 S Sycamore Avenue Ave Los Angeles 90036,,,,
607065,1183807,,5084004028.0,,939.0,,,South,,,Sycamore,Avenue,,,,,,,,,,,,,90036.0,,Los Angeles,Los Angeles,,,,,LA City,{EC97A041-CCF1-4914-AC08-52E9CB760636},0,,EC97A041-CCF1-4914-AC08-52E9CB760636,Unknown,,S,,,Ave,S Sycamore Ave,2023/09/12 23:03:18+00,939 S Sycamore Ave Los Angeles 90036,EC97A041-CCF1-4914-AC08-52E9CB760636_939_S_Sycamore_Ave_Los_Angeles_90036,Sycamore,939 S Sycamore Avenue Ave Los Angeles 90036,,,,
607066,1183808,,5084004029.0,,928.0,,,South,,,La Brea,Avenue,,,,,,,,,,,,,90036.0,,Los Angeles,Los Angeles,,,,,LA City,{4D179A28-C606-42A0-AF83-C2B6E6A25B06},0,,4D179A28-C606-42A0-AF83-C2B6E6A25B06,Unknown,,S,,,Ave,S La Brea Ave,2023/09/12 23:03:18+00,928 S La Brea Ave Los Angeles 90036,4D179A28-C606-42A0-AF83-C2B6E6A25B06_928_S_La_Brea_Ave_Los_Angeles_90036,La Brea,928 S La Brea Avenue Ave Los Angeles 90036,,,,
607067,1183809,,5084004029.0,,930.0,,,South,,,La Brea,Avenue,,,,,,,,,,,,,90036.0,,Los Angeles,Los Angeles,,,,,LA City,{7EC835CA-35BD-493E-9254-8899E02D1B50},0,,7EC835CA-35BD-493E-9254-8899E02D1B50,Unknown,,S,,,Ave,S La Brea Ave,2023/09/12 23:03:18+00,930 S La Brea Ave Los Angeles 90036,7EC835CA-35BD-493E-9254-8899E02D1B50_930_S_La_Brea_Ave_Los_Angeles_90036,La Brea,930 S La Brea Avenue Ave Los Angeles 90036,,,,
607068,1183810,,5084004032.0,,5267.0,,,West,,,Olympic,Boulevard,,,,,,,,,,,,,90036.0,,Los Angeles,Los Angeles,,,,,LA City,{17DBE505-1BCC-41D8-AEDA-D7514491AED0},0,,17DBE505-1BCC-41D8-AEDA-D7514491AED0,Unknown,,W,,,Blvd,W Olympic Blvd,2023/09/12 23:03:18+00,5267 W Olympic Blvd Los Angeles 90036,17DBE505-1BCC-41D8-AEDA-D7514491AED0_5267_W_Olympic_Blvd_Los_Angeles_90036,Olympic,5267 W Olympic Boulevard Blvd Los Angeles 90036,,,,
607069,1183811,,5084004032.0,,5265.0,,,West,,,Olympic,Boulevard,,,,,,,,,,,,,90036.0,,Los Angeles,Los Angeles,,,,,LA City,{1A030B4C-D810-420E-8B14-3563C62852BA},0,,1A030B4C-D810-420E-8B14-3563C62852BA,Unknown,,W,,,Blvd,W Olympic Blvd,2023/09/12 23:03:18+00,5265 W Olympic Blvd Los Angeles 90036,1A030B4C-D810-420E-8B14-3563C62852BA_5265_W_Olympic_Blvd_Los_Angeles_90036,Olympic,5265 W Olympic Boulevard Blvd Los Angeles 90036,,,,
607070,1183812,,5084004032.0,,5271.0,,,West,,,Olympic,Boulevard,,,,,,,,,,,,,90036.0,,Los Angeles,Los Angeles,,,,,LA City,{9F485C56-1417-43B7-9BFF-0F327FE4100C},0,,9F485C56-1417-43B7-9BFF-0F327FE4100C,Unknown,,W,,,Blvd,W Olympic Blvd,2023/09/12 23:03:18+00,5271 W Olympic Blvd Los Angeles 90036,9F485C56-1417-43B7-9BFF-0F327FE4100C_5271_W_Olympic_Blvd_Los_Angeles_90036,Olympic,5271 W Olympic Boulevard Blvd Los Angeles 90036,,,,
607071,1183813,,5084004032.0,,5269.0,,,West,,,Olympic,Boulevard,,,,,,,,,,,,,90036.0,,Los Angeles,Los Angeles,,,,,LA City,{058E5BF6-A92D-4E90-A77E-94321DE77613},0,,058E5BF6-A92D-4E90-A77E-94321DE77613,Unknown,,W,,,Blvd,W Olympic Blvd,2023/09/12 23:03:18+00,5269 W Olympic Blvd Los Angeles 90036,058E5BF6-A92D-4E90-A77E-94321DE77613_5269_W_Olympic_Blvd_Los_Angeles_90036,Olympic,5269 W Olympic Boulevard Blvd Los Angeles 90036,,,,
607072,1183814,,5084004036.0,,900.0,,,South,,,La Brea,Avenue,,,,,,,,,,,,,90036.0,,Los Angeles,Los Angeles,,,,,LA City,{F500B3F4-0B45-4E6C-AC02-A1245F869177},0,,F500B3F4-0B45-4E6C-AC02-A1245F869177,Unknown,,S,,,Ave,S La Brea Ave,2023/09/12 23:03:18+00,900 S La Brea Ave Los Angeles 90036,F500B3F4-0B45-4E6C-AC02-A1245F869177_900_S_La_Brea_Ave_Los_Angeles_90036,La Brea,900 S La Brea Avenue Ave Los Angeles 90036,,,,
607073,1183815,,5084004036.0,,902.0,,,South,,,La Brea,Avenue,,,,,,,,,,,,,90036.0,,Los Angeles,Los Angeles,,,,,LA City,{C68CA138-8468-4D21-83B5-FE1AC303E1C5},0,,C68CA138-8468-4D21-83B5-FE1AC303E1C5,Unknown,,S,,,Ave,S La Brea Ave,2023/09/12 23:03:18+00,902 S La Brea Ave Los Angeles 90036,C68CA138-8468-4D21-83B5-FE1AC303E1C5_902_S_La_Brea_Ave_Los_Angeles_90036,La Brea,902 S La Brea Avenue Ave Los Angeles 90036,,,,
607074,1183816,,5084004036.0,,916.0,,,South,,,La Brea,Avenue,,,,,,,,,,,,,90036.0,,Los Angeles,Los Angeles,,,,,LA City,{DEE137E9-8451-4035-BB33-2729745E178D},0,,DEE137E9-8451-4035-BB33-2729745E178D,Unknown,,S,,,Ave,S La Brea Ave,2023/09/12 23:03:18+00,916 S La Brea Ave Los Angeles 90036,DEE137E9-8451-4035-BB33-2729745E178D_916_S_La_Brea_Ave_Los_Angeles_90036,La Brea,916 S La Brea Avenue Ave Los Angeles 90036,,,,
607075,1183817,,5084004036.0,,910.0,,,South,,,La Brea,Avenue,,,,,,,,,,,,,90036.0,,Los Angeles,Los Angeles,,,,,LA City,{8BFE046A-6EA4-4CFB-A913-723158F854E1},0,,8BFE046A-6EA4-4CFB-A913-723158F854E1,Unknown,,S,,,Ave,S La Brea Ave,2023/09/12 23:03:18+00,910 S La Brea Ave Los Angeles 90036,8BFE046A-6EA4-4CFB-A913-723158F854E1_910_S_La_Brea_Ave_Los_Angeles_90036,La Brea,910 S La Brea Avenue Ave Los Angeles 90036,,,,
607076,1183818,,5084004037.0,,922.0,,,South,,,La Brea,Avenue,,,,,,,,,,,,,90036.0,,Los Angeles,Los Angeles,,,,,LA City,{18B56E70-6689-4207-BC71-0BA1196E1CE0},0,,18B56E70-6689-4207-BC71-0BA1196E1CE0,Unknown,,S,,,Ave,S La Brea Ave,2023/09/12 23:03:18+00,922 S La Brea Ave Los Angeles 90036,18B56E70-6689-4207-BC71-0BA1196E1CE0_922_S_La_Brea_Ave_Los_Angeles_90036,La Brea,922 S La Brea Avenue Ave Los Angeles 90036,,,,
607077,1183819,,5084004037.0,,920.0,,,South,,,La Brea,Avenue,,,,,,,,,,,,,90036.0,,Los Angeles,Los Angeles,,,,,LA City,{D55CCB1E-D1E0-4712-B13C-5B62CC9C74A8},0,,D55CCB1E-D1E0-4712-B13C-5B62CC9C74A8,Unknown,,S,,,Ave,S La Brea Ave,2023/09/12 23:03:18+00,920 S La Brea Ave Los Angeles 90036,D55CCB1E-D1E0-4712-B13C-5B62CC9C74A8_920_S_La_Brea_Ave_Los_Angeles_90036,La Brea,920 S La Brea Avenue Ave Los Angeles 90036,,,,
607078,1183820,,5084005001.0,,5204.0,,,West,,,9Th,Street,,,,,,,,,,,,,90036.0,,Los Angeles,Los Angeles,,,,,LA City,{B79A774A-89DC-41F1-A5F8-0F051DFD6163},0,,B79A774A-89DC-41F1-A5F8-0F051DFD6163,Unknown,,W,,,St,W 9Th St,2023/09/12 23:03:18+00,5204 W 9Th St Los Angeles 90036,B79A774A-89DC-41F1-A5F8-0F051DFD6163_5204_W_9Th_St_Los_Angeles_90036,9Th,5204 W 9Th Street St Los Angeles 90036,,,,
607079,1183821,,5084005001.0,,903.0,,,South,,,Mansfield,Avenue,,,,,,,,,,,,,90036.0,,Los Angeles,Los Angeles,,,,,LA City,{BC94FE3D-E43F-4A31-A7CE-C7ACEB44D72C},0,,BC94FE3D-E43F-4A31-A7CE-C7ACEB44D72C,Unknown,,S,,,Ave,S Mansfield Ave,2023/09/12 23:03:18+00,903 S Mansfield Ave Los Angeles 90036,BC94FE3D-E43F-4A31-A7CE-C7ACEB44D72C_903_S_Mansfield_Ave_Los_Angeles_90036,Mansfield,903 S Mansfield Avenue Ave Los Angeles 90036,,,,
607080,1183822,,5084005001.0,,901.0,,,South,,,Mansfield,Avenue,,,,,,,,,,,,,90036.0,,Los Angeles,Los Angeles,,,,,Assessor,{1770C306-FFEA-4566-BFAD-86DC18089768},0,,1770C306-FFEA-4566-BFAD-86DC18089768,Unknown,,S,,,Ave,S Mansfield Ave,2024/04/27 17:13:09+00,901 S Mansfield Ave Los Angeles 90036,1770C306-FFEA-4566-BFAD-86DC18089768_901_S_Mansfield_Ave_Los_Angeles_90036,Mansfield,901 S Mansfield Avenue Ave Los Angeles 90036,,,,
607081,1183823,,5084005002.0,,907.0,,,South,,,Mansfield,Avenue,,,,,,,,,,,,,90036.0,,Los Angeles,Los Angeles,,,,,LA City,{78880390-453B-48C1-A5D4-72BA7D57ACBA},0,,78880390-453B-48C1-A5D4-72BA7D57ACBA,Unknown,,S,,,Ave,S Mansfield Ave,2023/09/12 23:03:18+00,907 S Mansfield Ave Los Angeles 90036,78880390-453B-48C1-A5D4-72BA7D57ACBA_907_S_Mansfield_Ave_Los_Angeles_90036,Mansfield,907 S Mansfield Avenue Ave Los Angeles 90036,,,,
607082,1183824,,5084005002.0,,909.0,,,South,,,Mansfield,Avenue,,,,,,,,,,,,,90036.0,,Los Angeles,Los Angeles,,,,,LA City,{E0F75BC7-4B61-4011-A3A4-C66ED795EDB3},0,,E0F75BC7-4B61-4011-A3A4-C66ED795EDB3,Unknown,,S,,,Ave,S Mansfield Ave,2023/09/12 23:03:18+00,909 S Mansfield Ave Los Angeles 90036,E0F75BC7-4B61-4011-A3A4-C66ED795EDB3_909_S_Mansfield_Ave_Los_Angeles_90036,Mansfield,909 S Mansfield Avenue Ave Los Angeles 90036,,,,
607083,1183825,,5084005003.0,,913.0,,,South,,,Mansfield,Avenue,,,,,,,,,,,,,90036.0,,Los Angeles,Los Angeles,,,,,LA City,{16E7CFF6-51F3-4010-BB4D-97C6B5D063BA},0,,16E7CFF6-51F3-4010-BB4D-97C6B5D063BA,Unknown,,S,,,Ave,S Mansfield Ave,2023/09/12 23:03:18+00,913 S Mansfield Ave Los Angeles 90036,16E7CFF6-51F3-4010-BB4D-97C6B5D063BA_913_S_Mansfield_Ave_Los_Angeles_90036,Mansfield,913 S Mansfield Avenue Ave Los Angeles 90036,,,,
607084,1183826,,5084005004.0,,921.0,,,South,,,Mansfield,Avenue,,,,,,,,,,,,,90036.0,,Los Angeles,Los Angeles,,,,,LA City,{32247F6C-F67F-459A-BF24-5A16A251EDF2},0,,32247F6C-F67F-459A-BF24-5A16A251EDF2,Unknown,,S,,,Ave,S Mansfield Ave,2023/09/12 23:03:18+00,921 S Mansfield Ave Los Angeles 90036,32247F6C-F67F-459A-BF24-5A16A251EDF2_921_S_Mansfield_Ave_Los_Angeles_90036,Mansfield,921 S Mansfield Avenue Ave Los Angeles 90036,,,,
607085,1183827,,5084005004.0,,923.0,,,South,,,Mansfield,Avenue,,,,,,,,,,,,,90036.0,,Los Angeles,Los Angeles,,,,,LA City,{1592E97E-67FF-41A0-B1D5-13DF13F4B300},0,,1592E97E-67FF-41A0-B1D5-13DF13F4B300,Unknown,,S,,,Ave,S Mansfield Ave,2023/09/12 23:03:18+00,923 S Mansfield Ave Los Angeles 90036,1592E97E-67FF-41A0-B1D5-13DF13F4B300_923_S_Mansfield_Ave_Los_Angeles_90036,Mansfield,923 S Mansfield Avenue Ave Los Angeles 90036,,,,
607086,1183828,,5084005005.0,,925.0,,,South,,,Mansfield,Avenue,,,,,,,,,,,,,90036.0,,Los Angeles,Los Angeles,,,,,LA City,{97FADEE5-947B-4684-BBB9-F0AC75A3E643},0,,97FADEE5-947B-4684-BBB9-F0AC75A3E643,Unknown,,S,,,Ave,S Mansfield Ave,2023/09/12 23:03:18+00,925 S Mansfield Ave Los Angeles 90036,97FADEE5-947B-4684-BBB9-F0AC75A3E643_925_S_Mansfield_Ave_Los_Angeles_90036,Mansfield,925 S Mansfield Avenue Ave Los Angeles 90036,,,,
607087,1183829,,5084005005.0,,927.0,,,South,,,Mansfield,Avenue,,,,,,,,,,,,,90036.0,,Los Angeles,Los Angeles,,,,,LA City,{C52D3410-D3A4-4E09-8765-8E80087C56CD},0,,C52D3410-D3A4-4E09-8765-8E80087C56CD,Unknown,,S,,,Ave,S Mansfield Ave,2023/09/12 23:03:18+00,927 S Mansfield Ave Los Angeles 90036,C52D3410-D3A4-4E09-8765-8E80087C56CD_927_S_Mansfield_Ave_Los_Angeles_90036,Mansfield,927 S Mansfield Avenue Ave Los Angeles 90036,,,,
607088,1183830,,5084005006.0,,931.0,,,South,,,Mansfield,Avenue,,,,,,,,,,,,,90036.0,,Los Angeles,Los Angeles,,,,,LA City,{505B6A42-A912-425C-8D3D-7FE493295F1E},0,,505B6A42-A912-425C-8D3D-7FE493295F1E,Unknown,,S,,,Ave,S Mansfield Ave,2023/09/12 23:03:18+00,931 S Mansfield Ave Los Angeles 90036,505B6A42-A912-425C-8D3D-7FE493295F1E_931_S_Mansfield_Ave_Los_Angeles_90036,Mansfield,931 S Mansfield Avenue Ave Los Angeles 90036,,,,
607089,1183831,,5084005007.0,,939.0,,,South,,,Mansfield,Avenue,,,,,,,,,,,,,90036.0,,Los Angeles,Los Angeles,,,,,LA City,{2FEC604E-F266-4C77-A698-A7F58C9CA744},0,,2FEC604E-F266-4C77-A698-A7F58C9CA744,Unknown,,S,,,Ave,S Mansfield Ave,2024/05/12 21:05:27+00,939 S Mansfield Ave Los Angeles 90036,2FEC604E-F266-4C77-A698-A7F58C9CA744_939_S_Mansfield_Ave_Los_Angeles_90036,Mansfield,939 S Mansfield Avenue Ave Los Angeles 90036,,,,
607090,1183832,,5084005007.0,,937.0,,,South,,,Mansfield,Avenue,,,,,,,,,,,,,90036.0,,Los Angeles,Los Angeles,,,,,LA City,{5A10D606-52EA-487A-9493-744F237FFE64},0,,5A10D606-52EA-487A-9493-744F237FFE64,Unknown,,S,,,Ave,S Mansfield Ave,2024/05/12 21:05:27+00,937 S Mansfield Ave Los Angeles 90036,5A10D606-52EA-487A-9493-744F237FFE64_937_S_Mansfield_Ave_Los_Angeles_90036,Mansfield,937 S Mansfield Avenue Ave Los Angeles 90036,,,,
607091,1183833,,5084005007.0,,939.0,1/2,,South,,,Mansfield,Avenue,,,,,,,,,,,,,90036.0,,Los Angeles,Los Angeles,,,,,LA City,{B9E1D59A-0FDA-41F3-B7F8-194417B8AC36},0,,B9E1D59A-0FDA-41F3-B7F8-194417B8AC36,Unknown,,S,,,Ave,S Mansfield Ave,2024/05/12 21:05:27+00,939 1/2 S Mansfield Ave Los Angeles 90036,B9E1D59A-0FDA-41F3-B7F8-194417B8AC36_939_1/2_S_Mansfield_Ave_Los_Angeles_90036,Mansfield,939 1/2 S Mansfield Avenue Ave Los Angeles 90036,,,,
607092,1183834,,5084005007.0,,937.0,1/2,,South,,,Mansfield,Avenue,,,,,,,,,,,,,90036.0,,Los Angeles,Los Angeles,,,,,LA City,{7CF557CF-3B53-4CE9-8959-790BEC39CCE1},0,,7CF557CF-3B53-4CE9-8959-790BEC39CCE1,Unknown,,S,,,Ave,S Mansfield Ave,2024/05/12 21:05:27+00,937 1/2 S Mansfield Ave Los Angeles 90036,7CF557CF-3B53-4CE9-8959-790BEC39CCE1_937_1/2_S_Mansfield_Ave_Los_Angeles_90036,Mansfield,937 1/2 S Mansfield Avenue Ave Los Angeles 90036,,,,
607093,1183835,,5084005008.0,,5211.0,,,West,,,Olympic,Boulevard,,,,,,,,,,,,,90036.0,,Los Angeles,Los Angeles,,,,,LA City,{841B08A5-97ED-4F37-8BE3-704625CFBFD6},0,,841B08A5-97ED-4F37-8BE3-704625CFBFD6,Unknown,,W,,,Blvd,W Olympic Blvd,2023/09/12 23:03:18+00,5211 W Olympic Blvd Los Angeles 90036,841B08A5-97ED-4F37-8BE3-704625CFBFD6_5211_W_Olympic_Blvd_Los_Angeles_90036,Olympic,5211 W Olympic Boulevard Blvd Los Angeles 90036,,,,
607094,1183836,,5084005008.0,,5201.0,,,West,,,Olympic,Boulevard,,,,,,,,,,,,,90036.0,,Los Angeles,Los Angeles,,,,,LA City,{DDB91CF2-893E-4A26-BCE5-CCD16D336676},0,,DDB91CF2-893E-4A26-BCE5-CCD16D336676,Unknown,,W,,,Blvd,W Olympic Blvd,2023/09/12 23:03:18+00,5201 W Olympic Blvd Los Angeles 90036,DDB91CF2-893E-4A26-BCE5-CCD16D336676_5201_W_Olympic_Blvd_Los_Angeles_90036,Olympic,5201 W Olympic Boulevard Blvd Los Angeles 90036,,,,
607095,1183837,,5084005012.0,,912.0,,,South,,,Sycamore,Avenue,,,,,,,,,,,,,90036.0,,Los Angeles,Los Angeles,,,,,LA City,{349F89EF-FE3E-442F-B171-ABCD86F07923},0,,349F89EF-FE3E-442F-B171-ABCD86F07923,Unknown,,S,,,Ave,S Sycamore Ave,2023/09/12 23:03:18+00,912 S Sycamore Ave Los Angeles 90036,349F89EF-FE3E-442F-B171-ABCD86F07923_912_S_Sycamore_Ave_Los_Angeles_90036,Sycamore,912 S Sycamore Avenue Ave Los Angeles 90036,,,,
607096,1183838,,5084005012.0,,914.0,,,South,,,Sycamore,Avenue,,,,,,,,,,,,,90036.0,,Los Angeles,Los Angeles,,,,,LA City,{F94251F5-9766-4129-B652-24A5E62A6A7C},0,,F94251F5-9766-4129-B652-24A5E62A6A7C,Unknown,,S,,,Ave,S Sycamore Ave,2023/09/12 23:03:18+00,914 S Sycamore Ave Los Angeles 90036,F94251F5-9766-4129-B652-24A5E62A6A7C_914_S_Sycamore_Ave_Los_Angeles_90036,Sycamore,914 S Sycamore Avenue Ave Los Angeles 90036,,,,
607097,1183839,,5084005012.0,,916.0,,,South,,,Sycamore,Avenue,,,,,,,,,,,,,90036.0,,Los Angeles,Los Angeles,,,,,LA City,{9AA847E8-8C7B-4165-B812-69826E561884},0,,9AA847E8-8C7B-4165-B812-69826E561884,Unknown,,S,,,Ave,S Sycamore Ave,2023/09/12 23:03:18+00,916 S Sycamore Ave Los Angeles 90036,9AA847E8-8C7B-4165-B812-69826E561884_916_S_Sycamore_Ave_Los_Angeles_90036,Sycamore,916 S Sycamore Avenue Ave Los Angeles 90036,,,,
607098,1183840,,5084005012.0,,910.0,,,South,,,Sycamore,Avenue,,,,,,,,,,,,,90036.0,,Los Angeles,Los Angeles,,,,,LA City,{0471C3D3-1C85-49FC-A6FE-E3C51EAE3583},0,,0471C3D3-1C85-49FC-A6FE-E3C51EAE3583,Unknown,,S,,,Ave,S Sycamore Ave,2023/09/12 23:03:18+00,910 S Sycamore Ave Los Angeles 90036,0471C3D3-1C85-49FC-A6FE-E3C51EAE3583_910_S_Sycamore_Ave_Los_Angeles_90036,Sycamore,910 S Sycamore Avenue Ave Los Angeles 90036,,,,
607099,1183841,,5084005013.0,,908.0,,,South,,,Sycamore,Avenue,,,,,,,,,,,,,90036.0,,Los Angeles,Los Angeles,,,,,LA City,{CBBEB9A0-15A8-4860-87A3-5EB683F4E366},0,,CBBEB9A0-15A8-4860-87A3-5EB683F4E366,Unknown,,S,,,Ave,S Sycamore Ave,2023/09/12 23:03:18+00,908 S Sycamore Ave Los Angeles 90036,CBBEB9A0-15A8-4860-87A3-5EB683F4E366_908_S_Sycamore_Ave_Los_Angeles_90036,Sycamore,908 S Sycamore Avenue Ave Los Angeles 90036,,,,
607100,1183842,,5084005013.0,,906.0,,,South,,,Sycamore,Avenue,,,,,,,,,,,,,90036.0,,Los Angeles,Los Angeles,,,,,LA City,{E6EE465F-C650-4428-8A56-96F0F91462B8},0,,E6EE465F-C650-4428-8A56-96F0F91462B8,Unknown,,S,,,Ave,S Sycamore Ave,2023/09/12 23:03:18+00,906 S Sycamore Ave Los Angeles 90036,E6EE465F-C650-4428-8A56-96F0F91462B8_906_S_Sycamore_Ave_Los_Angeles_90036,Sycamore,906 S Sycamore Avenue Ave Los Angeles 90036,,,,
607101,1183843,,5084005014.0,,900.0,,,South,,,Sycamore,Avenue,,,,,,,,,,,,,90036.0,,Los Angeles,Los Angeles,,,,,LA City,{8BCC920E-24E0-4187-AA7E-34FC836D4DAF},0,,8BCC920E-24E0-4187-AA7E-34FC836D4DAF,Unknown,,S,,,Ave,S Sycamore Ave,2023/09/12 23:03:18+00,900 S Sycamore Ave Los Angeles 90036,8BCC920E-24E0-4187-AA7E-34FC836D4DAF_900_S_Sycamore_Ave_Los_Angeles_90036,Sycamore,900 S Sycamore Avenue Ave Los Angeles 90036,,,,
607102,1183844,,5084005014.0,,902.0,,,South,,,Sycamore,Avenue,,,,,,,,,,,,,90036.0,,Los Angeles,Los Angeles,,,,,LA City,{27FEE596-01AC-4F92-9FCB-B0260A052A7F},0,,27FEE596-01AC-4F92-9FCB-B0260A052A7F,Unknown,,S,,,Ave,S Sycamore Ave,2023/09/12 23:03:18+00,902 S Sycamore Ave Los Angeles 90036,27FEE596-01AC-4F92-9FCB-B0260A052A7F_902_S_Sycamore_Ave_Los_Angeles_90036,Sycamore,902 S Sycamore Avenue Ave Los Angeles 90036,,,,
607103,1183845,,5084005905.0,,5241.0,,,West,,,Olympic,Boulevard,,,,,,,,,,,,,90036.0,,Los Angeles,Los Angeles,,,,,LA City,{169ACF44-D4D1-4082-A91F-217A320FD433},0,,169ACF44-D4D1-4082-A91F-217A320FD433,Unknown,,W,,,Blvd,W Olympic Blvd,2023/09/12 23:03:18+00,5241 W Olympic Blvd Los Angeles 90036,169ACF44-D4D1-4082-A91F-217A320FD433_5241_W_Olympic_Blvd_Los_Angeles_90036,Olympic,5241 W Olympic Boulevard Blvd Los Angeles 90036,,,,
607104,1183846,,5084005905.0,,5220.0,,,West,,,9Th,Street,,,,,,,,,,,,,90036.0,,Los Angeles,Los Angeles,,,,,LA City,{C59954A1-1CE8-40CA-B8BC-15E5B575DC92},0,,C59954A1-1CE8-40CA-B8BC-15E5B575DC92,Unknown,,W,,,St,W 9Th St,2023/09/12 23:03:18+00,5220 W 9Th St Los Angeles 90036,C59954A1-1CE8-40CA-B8BC-15E5B575DC92_5220_W_9Th_St_Los_Angeles_90036,9Th,5220 W 9Th Street St Los Angeles 90036,,,,
607105,1183847,,5084006001.0,,5120.0,,,West,,,9Th,Street,,,,,,,,,,,,,90036.0,,Los Angeles,Los Angeles,,,,,LA City,{D0B16978-CB07-463E-AEEE-E5C31264363E},0,,D0B16978-CB07-463E-AEEE-E5C31264363E,Unknown,,W,,,St,W 9Th St,2023/09/12 23:03:18+00,5120 W 9Th St Los Angeles 90036,D0B16978-CB07-463E-AEEE-E5C31264363E_5120_W_9Th_St_Los_Angeles_90036,9Th,5120 W 9Th Street St Los Angeles 90036,,,,
607106,1183848,,5084006001.0,,5122.0,,,West,,,9Th,Street,,,,,,,,,,,,,90036.0,,Los Angeles,Los Angeles,,,,,LA City,{66DD0990-3102-4073-BAC9-9D0053B21422},0,,66DD0990-3102-4073-BAC9-9D0053B21422,Unknown,,W,,,St,W 9Th St,2023/09/12 23:03:18+00,5122 W 9Th St Los Angeles 90036,66DD0990-3102-4073-BAC9-9D0053B21422_5122_W_9Th_St_Los_Angeles_90036,9Th,5122 W 9Th Street St Los Angeles 90036,,,,
607107,1183849,,5084006001.0,,902.0,,,South,,,Mansfield,Avenue,,,,,,,,,,,,,90036.0,,Los Angeles,Los Angeles,,,,,LA City,{FB0A7292-145C-4575-88EE-53CAAD24619B},0,,FB0A7292-145C-4575-88EE-53CAAD24619B,Unknown,,S,,,Ave,S Mansfield Ave,2023/09/12 23:03:18+00,902 S Mansfield Ave Los Angeles 90036,FB0A7292-145C-4575-88EE-53CAAD24619B_902_S_Mansfield_Ave_Los_Angeles_90036,Mansfield,902 S Mansfield Avenue Ave Los Angeles 90036,,,,
607108,1183850,,5084006001.0,,5124.0,,,West,,,9Th,Street,,,,,,,,,,,,,90036.0,,Los Angeles,Los Angeles,,,,,LA City,{349DD9F5-9CC0-49DA-97B3-95DB48A862C7},0,,349DD9F5-9CC0-49DA-97B3-95DB48A862C7,Unknown,,W,,,St,W 9Th St,2023/09/12 23:03:18+00,5124 W 9Th St Los Angeles 90036,349DD9F5-9CC0-49DA-97B3-95DB48A862C7_5124_W_9Th_St_Los_Angeles_90036,9Th,5124 W 9Th Street St Los Angeles 90036,,,,
607109,1183851,,5084006001.0,,5118.0,,,West,,,9Th,Street,,,,,,,,,,,,,90036.0,,Los Angeles,Los Angeles,,,,,LA City,{C4F4E4A6-793C-4C03-8506-9D2325DDBA13},0,,C4F4E4A6-793C-4C03-8506-9D2325DDBA13,Unknown,,W,,,St,W 9Th St,2023/09/12 23:03:18+00,5118 W 9Th St Los Angeles 90036,C4F4E4A6-793C-4C03-8506-9D2325DDBA13_5118_W_9Th_St_Los_Angeles_90036,9Th,5118 W 9Th Street St Los Angeles 90036,,,,
607110,1183852,,5084006001.0,,900.0,,,South,,,Mansfield,Avenue,,,,,,,,,,,,,90036.0,,Los Angeles,Los Angeles,,,,,LA City,{1A0CED3B-73DB-46F5-AB8A-C541F52AB033},0,,1A0CED3B-73DB-46F5-AB8A-C541F52AB033,Unknown,,S,,,Ave,S Mansfield Ave,2023/09/12 23:03:18+00,900 S Mansfield Ave Los Angeles 90036,1A0CED3B-73DB-46F5-AB8A-C541F52AB033_900_S_Mansfield_Ave_Los_Angeles_90036,Mansfield,900 S Mansfield Avenue Ave Los Angeles 90036,,,,
607111,1183853,,5084006002.0,,906.0,,,South,,,Mansfield,Avenue,,,,,,,,,,,,,90036.0,,Los Angeles,Los Angeles,,,,,LA City,{E13AC119-7D2F-42FB-96FE-69630C8E99FB},0,,E13AC119-7D2F-42FB-96FE-69630C8E99FB,Unknown,,S,,,Ave,S Mansfield Ave,2023/09/12 23:03:18+00,906 S Mansfield Ave Los Angeles 90036,E13AC119-7D2F-42FB-96FE-69630C8E99FB_906_S_Mansfield_Ave_Los_Angeles_90036,Mansfield,906 S Mansfield Avenue Ave Los Angeles 90036,,,,
607112,1183854,,5084006003.0,,912.0,,,South,,,Mansfield,Avenue,,,,,,,,,,,,,90036.0,,Los Angeles,Los Angeles,,,,,LA City,{16502689-3322-4AE2-8550-A22F31BCA769},0,,16502689-3322-4AE2-8550-A22F31BCA769,Unknown,,S,,,Ave,S Mansfield Ave,2024/05/12 21:05:27+00,912 S Mansfield Ave Los Angeles 90036,16502689-3322-4AE2-8550-A22F31BCA769_912_S_Mansfield_Ave_Los_Angeles_90036,Mansfield,912 S Mansfield Avenue Ave Los Angeles 90036,,,,
607113,1183855,,5084006003.0,,914.0,,,South,,,Mansfield,Avenue,,,,,,,,,,,,,90036.0,,Los Angeles,Los Angeles,,,,,LA City,{93CC1D47-8C7C-46B5-8480-3274018E6274},0,,93CC1D47-8C7C-46B5-8480-3274018E6274,Unknown,,S,,,Ave,S Mansfield Ave,2024/05/12 21:05:27+00,914 S Mansfield Ave Los Angeles 90036,93CC1D47-8C7C-46B5-8480-3274018E6274_914_S_Mansfield_Ave_Los_Angeles_90036,Mansfield,914 S Mansfield Avenue Ave Los Angeles 90036,,,,
607114,1183856,,5084006003.0,,914.0,1/2,,South,,,Mansfield,Avenue,,,,,,,,,,,,,90036.0,,Los Angeles,Los Angeles,,,,,LA City,{0F0D2AEE-3F1D-4096-B90C-82D138EB9B65},0,,0F0D2AEE-3F1D-4096-B90C-82D138EB9B65,Unknown,,S,,,Ave,S Mansfield Ave,2024/05/12 21:05:27+00,914 1/2 S Mansfield Ave Los Angeles 90036,0F0D2AEE-3F1D-4096-B90C-82D138EB9B65_914_1/2_S_Mansfield_Ave_Los_Angeles_90036,Mansfield,914 1/2 S Mansfield Avenue Ave Los Angeles 90036,,,,
607115,1183857,,5084006003.0,,912.0,1/2,,South,,,Mansfield,Avenue,,,,,,,,,,,,,90036.0,,Los Angeles,Los Angeles,,,,,LA City,{824D2277-F1D1-4A13-A131-CC7394EFB50B},0,,824D2277-F1D1-4A13-A131-CC7394EFB50B,Unknown,,S,,,Ave,S Mansfield Ave,2024/05/12 21:05:27+00,912 1/2 S Mansfield Ave Los Angeles 90036,824D2277-F1D1-4A13-A131-CC7394EFB50B_912_1/2_S_Mansfield_Ave_Los_Angeles_90036,Mansfield,912 1/2 S Mansfield Avenue Ave Los Angeles 90036,,,,
607116,1183858,,5084006004.0,,916.0,,,South,,,Mansfield,Avenue,,,,,,,,,,,,,90036.0,,Los Angeles,Los Angeles,,,,,LA City,{FBF70F02-4AAB-4E03-824A-53A086A92D5F},0,,FBF70F02-4AAB-4E03-824A-53A086A92D5F,Unknown,,S,,,Ave,S Mansfield Ave,2023/09/12 23:03:18+00,916 S Mansfield Ave Los Angeles 90036,FBF70F02-4AAB-4E03-824A-53A086A92D5F_916_S_Mansfield_Ave_Los_Angeles_90036,Mansfield,916 S Mansfield Avenue Ave Los Angeles 90036,,,,
607117,1183859,,5084006004.0,,918.0,,,South,,,Mansfield,Avenue,,,,,,,,,,,,,90036.0,,Los Angeles,Los Angeles,,,,,LA City,{CB1EF70F-5C22-40B6-8875-9E4A5A60EDB0},0,,CB1EF70F-5C22-40B6-8875-9E4A5A60EDB0,Unknown,,S,,,Ave,S Mansfield Ave,2023/09/12 23:03:18+00,918 S Mansfield Ave Los Angeles 90036,CB1EF70F-5C22-40B6-8875-9E4A5A60EDB0_918_S_Mansfield_Ave_Los_Angeles_90036,Mansfield,918 S Mansfield Avenue Ave Los Angeles 90036,,,,
607118,1183860,,5084006004.0,,920.0,1/2,,South,,,Mansfield,Avenue,,,,,,,,,,,,,90036.0,,Los Angeles,Los Angeles,,,,,LA City,{4163758B-CADB-429A-A71D-A8846CBA0EAB},0,,4163758B-CADB-429A-A71D-A8846CBA0EAB,Unknown,,S,,,Ave,S Mansfield Ave,2024/05/12 21:05:27+00,920 1/2 S Mansfield Ave Los Angeles 90036,4163758B-CADB-429A-A71D-A8846CBA0EAB_920_1/2_S_Mansfield_Ave_Los_Angeles_90036,Mansfield,920 1/2 S Mansfield Avenue Ave Los Angeles 90036,,,,
607119,1183861,,5084006004.0,,920.0,,,South,,,Mansfield,Avenue,,,,,,,,,,,,,90036.0,,Los Angeles,Los Angeles,,,,,LA City,{95155647-39D3-48A9-8004-A4A165C34DCF},0,,95155647-39D3-48A9-8004-A4A165C34DCF,Unknown,,S,,,Ave,S Mansfield Ave,2024/05/12 21:05:27+00,920 S Mansfield Ave Los Angeles 90036,95155647-39D3-48A9-8004-A4A165C34DCF_920_S_Mansfield_Ave_Los_Angeles_90036,Mansfield,920 S Mansfield Avenue Ave Los Angeles 90036,,,,
607120,1183862,,5084006005.0,,926.0,,,South,,,Mansfield,Avenue,,,,,,,,,,,,,90036.0,,Los Angeles,Los Angeles,,,,,LA City,{C71838D7-0C5D-4E9C-9601-ED5FA5520DC7},0,,C71838D7-0C5D-4E9C-9601-ED5FA5520DC7,Unknown,,S,,,Ave,S Mansfield Ave,2023/09/12 23:03:18+00,926 S Mansfield Ave Los Angeles 90036,C71838D7-0C5D-4E9C-9601-ED5FA5520DC7_926_S_Mansfield_Ave_Los_Angeles_90036,Mansfield,926 S Mansfield Avenue Ave Los Angeles 90036,,,,
607121,1183863,,5084006005.0,,924.0,,,South,,,Mansfield,Avenue,,,,,,,,,,,,,90036.0,,Los Angeles,Los Angeles,,,,,LA City,{1278FA2F-EDF5-49B8-A87E-89BDE310C450},0,,1278FA2F-EDF5-49B8-A87E-89BDE310C450,Unknown,,S,,,Ave,S Mansfield Ave,2023/09/12 23:03:18+00,924 S Mansfield Ave Los Angeles 90036,1278FA2F-EDF5-49B8-A87E-89BDE310C450_924_S_Mansfield_Ave_Los_Angeles_90036,Mansfield,924 S Mansfield Avenue Ave Los Angeles 90036,,,,
607122,1183864,,5084006006.0,,930.0,,,South,,,Mansfield,Avenue,,,,,,,,,,,,,90036.0,,Los Angeles,Los Angeles,,,,,LA City,{1E0FEE64-A56B-4A0E-87C0-B210C66C4B5D},0,,1E0FEE64-A56B-4A0E-87C0-B210C66C4B5D,Unknown,,S,,,Ave,S Mansfield Ave,2023/09/12 23:03:18+00,930 S Mansfield Ave Los Angeles 90036,1E0FEE64-A56B-4A0E-87C0-B210C66C4B5D_930_S_Mansfield_Ave_Los_Angeles_90036,Mansfield,930 S Mansfield Avenue Ave Los Angeles 90036,,,,
607123,1183865,,5084006007.0,,936.0,,,South,,,Mansfield,Avenue,,,,,,,,,,,,,90036.0,,Los Angeles,Los Angeles,,,,,LA City,{66895BD0-7BFC-4240-9F9E-166B700B4109},0,,66895BD0-7BFC-4240-9F9E-166B700B4109,Unknown,,S,,,Ave,S Mansfield Ave,2024/05/12 21:05:27+00,936 S Mansfield Ave Los Angeles 90036,66895BD0-7BFC-4240-9F9E-166B700B4109_936_S_Mansfield_Ave_Los_Angeles_90036,Mansfield,936 S Mansfield Avenue Ave Los Angeles 90036,,,,
607124,1183866,,5084006007.0,,936.0,1/2,,South,,,Mansfield,Avenue,,,,,,,,,,,,,90036.0,,Los Angeles,Los Angeles,,,,,LA City,{2C35BBBE-25DD-439F-82F2-12F7FC62F50C},0,,2C35BBBE-25DD-439F-82F2-12F7FC62F50C,Unknown,,S,,,Ave,S Mansfield Ave,2024/05/12 21:05:27+00,936 1/2 S Mansfield Ave Los Angeles 90036,2C35BBBE-25DD-439F-82F2-12F7FC62F50C_936_1/2_S_Mansfield_Ave_Los_Angeles_90036,Mansfield,936 1/2 S Mansfield Avenue Ave Los Angeles 90036,,,,
607125,1183867,,5084006007.0,,938.0,1/2,,South,,,Mansfield,Avenue,,,,,,,,,,,,,90036.0,,Los Angeles,Los Angeles,,,,,LA City,{F93A6AD4-7BC9-4602-9E97-9A9501CA35F0},0,,F93A6AD4-7BC9-4602-9E97-9A9501CA35F0,Unknown,,S,,,Ave,S Mansfield Ave,2024/05/12 21:05:27+00,938 1/2 S Mansfield Ave Los Angeles 90036,F93A6AD4-7BC9-4602-9E97-9A9501CA35F0_938_1/2_S_Mansfield_Ave_Los_Angeles_90036,Mansfield,938 1/2 S Mansfield Avenue Ave Los Angeles 90036,,,,
607126,1183868,,5084006007.0,,938.0,,,South,,,Mansfield,Avenue,,,,,,,,,,,,,90036.0,,Los Angeles,Los Angeles,,,,,LA City,{2FC730EE-61C9-404A-B615-C94F5AC2E0BF},0,,2FC730EE-61C9-404A-B615-C94F5AC2E0BF,Unknown,,S,,,Ave,S Mansfield Ave,2024/05/12 21:05:27+00,938 S Mansfield Ave Los Angeles 90036,2FC730EE-61C9-404A-B615-C94F5AC2E0BF_938_S_Mansfield_Ave_Los_Angeles_90036,Mansfield,938 S Mansfield Avenue Ave Los Angeles 90036,,,,
607127,1183869,,5084006008.0,,942.0,,,South,,,Mansfield,Avenue,,,,,,,,,,,,,90036.0,,Los Angeles,Los Angeles,,,,,LA City,{73A9922B-0CE6-4F96-BC78-ED54EB3C4A08},0,,73A9922B-0CE6-4F96-BC78-ED54EB3C4A08,Unknown,,S,,,Ave,S Mansfield Ave,2023/09/12 23:03:18+00,942 S Mansfield Ave Los Angeles 90036,73A9922B-0CE6-4F96-BC78-ED54EB3C4A08_942_S_Mansfield_Ave_Los_Angeles_90036,Mansfield,942 S Mansfield Avenue Ave Los Angeles 90036,,,,
607128,1183870,,5084006008.0,,944.0,,,South,,,Mansfield,Avenue,,,,,,,,,,,,,90036.0,,Los Angeles,Los Angeles,,,,,LA City,{2E414638-65E5-4CC4-91B8-70B6533546F6},0,,2E414638-65E5-4CC4-91B8-70B6533546F6,Unknown,,S,,,Ave,S Mansfield Ave,2023/09/12 23:03:18+00,944 S Mansfield Ave Los Angeles 90036,2E414638-65E5-4CC4-91B8-70B6533546F6_944_S_Mansfield_Ave_Los_Angeles_90036,Mansfield,944 S Mansfield Avenue Ave Los Angeles 90036,,,,
607129,1183871,,5084006009.0,,958.0,,,South,,,Mansfield,Avenue,,,,,,,,,,,,,90036.0,,Los Angeles,Los Angeles,,,,,LA City,{CB7CF5E8-FBBA-4751-8F6A-3E848463529D},0,,CB7CF5E8-FBBA-4751-8F6A-3E848463529D,Unknown,,S,,,Ave,S Mansfield Ave,2023/09/12 23:03:18+00,958 S Mansfield Ave Los Angeles 90036,CB7CF5E8-FBBA-4751-8F6A-3E848463529D_958_S_Mansfield_Ave_Los_Angeles_90036,Mansfield,958 S Mansfield Avenue Ave Los Angeles 90036,,,,
607130,1183872,,5084006009.0,,960.0,,,South,,,Mansfield,Avenue,,,,,,,,,,,,,90036.0,,Los Angeles,Los Angeles,,,,,LA City,{DC5A6A44-689D-4225-97E3-5B8DC318A794},0,,DC5A6A44-689D-4225-97E3-5B8DC318A794,Unknown,,S,,,Ave,S Mansfield Ave,2023/09/12 23:03:18+00,960 S Mansfield Ave Los Angeles 90036,DC5A6A44-689D-4225-97E3-5B8DC318A794_960_S_Mansfield_Ave_Los_Angeles_90036,Mansfield,960 S Mansfield Avenue Ave Los Angeles 90036,,,,
607131,1183873,,5084006009.0,,948.0,,,South,,,Mansfield,Avenue,,,,,,,,,,,,,90036.0,,Los Angeles,Los Angeles,,,,,LA City,{47F5726F-2A6B-4F0D-A548-7336532B6E51},0,,47F5726F-2A6B-4F0D-A548-7336532B6E51,Unknown,,S,,,Ave,S Mansfield Ave,2023/09/12 23:03:18+00,948 S Mansfield Ave Los Angeles 90036,47F5726F-2A6B-4F0D-A548-7336532B6E51_948_S_Mansfield_Ave_Los_Angeles_90036,Mansfield,948 S Mansfield Avenue Ave Los Angeles 90036,,,,
607132,1183874,,5084006009.0,,952.0,,,South,,,Mansfield,Avenue,,,,,,,,,,,,,90036.0,,Los Angeles,Los Angeles,,,,,LA City,{35E085B9-FAFB-4945-8486-F780F8CFB5CF},0,,35E085B9-FAFB-4945-8486-F780F8CFB5CF,Unknown,,S,,,Ave,S Mansfield Ave,2023/09/12 23:03:18+00,952 S Mansfield Ave Los Angeles 90036,35E085B9-FAFB-4945-8486-F780F8CFB5CF_952_S_Mansfield_Ave_Los_Angeles_90036,Mansfield,952 S Mansfield Avenue Ave Los Angeles 90036,,,,
607133,1183875,,5084006009.0,,950.0,,,South,,,Mansfield,Avenue,,,,,,,,,,,,,90036.0,,Los Angeles,Los Angeles,,,,,LA City,{2F0A24C3-52AE-4492-81F7-3FB3B8D73510},0,,2F0A24C3-52AE-4492-81F7-3FB3B8D73510,Unknown,,S,,,Ave,S Mansfield Ave,2023/09/12 23:03:18+00,950 S Mansfield Ave Los Angeles 90036,2F0A24C3-52AE-4492-81F7-3FB3B8D73510_950_S_Mansfield_Ave_Los_Angeles_90036,Mansfield,950 S Mansfield Avenue Ave Los Angeles 90036,,,,
607134,1183876,,5084006009.0,,956.0,,,South,,,Mansfield,Avenue,,,,,,,,,,,,,90036.0,,Los Angeles,Los Angeles,,,,,LA City,{C3CB9C24-4024-4D68-80F5-4854128CCD44},0,,C3CB9C24-4024-4D68-80F5-4854128CCD44,Unknown,,S,,,Ave,S Mansfield Ave,2023/09/12 23:03:18+00,956 S Mansfield Ave Los Angeles 90036,C3CB9C24-4024-4D68-80F5-4854128CCD44_956_S_Mansfield_Ave_Los_Angeles_90036,Mansfield,956 S Mansfield Avenue Ave Los Angeles 90036,,,,
607135,1183877,,5084006009.0,,954.0,,,South,,,Mansfield,Avenue,,,,,,,,,,,,,90036.0,,Los Angeles,Los Angeles,,,,,LA City,{62B38C91-C895-4A15-98F2-49A657153405},0,,62B38C91-C895-4A15-98F2-49A657153405,Unknown,,S,,,Ave,S Mansfield Ave,2023/09/12 23:03:18+00,954 S Mansfield Ave Los Angeles 90036,62B38C91-C895-4A15-98F2-49A657153405_954_S_Mansfield_Ave_Los_Angeles_90036,Mansfield,954 S Mansfield Avenue Ave Los Angeles 90036,,,,
607136,1183878,,5084006010.0,,5171.0,,,West,,,Olympic,Boulevard,,,,,,,,,,,,,90036.0,,Los Angeles,Los Angeles,,,,,LA City,{E56FCF0D-7C47-4A74-9363-CECFDB363387},0,,E56FCF0D-7C47-4A74-9363-CECFDB363387,Unknown,,W,,,Blvd,W Olympic Blvd,2023/09/12 23:03:18+00,5171 W Olympic Blvd Los Angeles 90036,E56FCF0D-7C47-4A74-9363-CECFDB363387_5171_W_Olympic_Blvd_Los_Angeles_90036,Olympic,5171 W Olympic Boulevard Blvd Los Angeles 90036,,,,
607137,1183879,,5084006010.0,,5175.0,,,West,,,Olympic,Boulevard,,,,,,,,,,,,,90036.0,,Los Angeles,Los Angeles,,,,,LA City,{E151FED4-BFFE-4AEB-A37E-37F5C7AC702D},0,,E151FED4-BFFE-4AEB-A37E-37F5C7AC702D,Unknown,,W,,,Blvd,W Olympic Blvd,2023/09/12 23:03:18+00,5175 W Olympic Blvd Los Angeles 90036,E151FED4-BFFE-4AEB-A37E-37F5C7AC702D_5175_W_Olympic_Blvd_Los_Angeles_90036,Olympic,5175 W Olympic Boulevard Blvd Los Angeles 90036,,,,
607138,1183880,,5084006010.0,,5165.0,,,West,,,Olympic,Boulevard,,,,,,,,,,,,,90036.0,,Los Angeles,Los Angeles,,,,,LA City,{A93F252A-98F4-4AC4-8B75-A53494A5BA80},0,,A93F252A-98F4-4AC4-8B75-A53494A5BA80,Unknown,,W,,,Blvd,W Olympic Blvd,2023/09/12 23:03:18+00,5165 W Olympic Blvd Los Angeles 90036,A93F252A-98F4-4AC4-8B75-A53494A5BA80_5165_W_Olympic_Blvd_Los_Angeles_90036,Olympic,5165 W Olympic Boulevard Blvd Los Angeles 90036,,,,
607139,1183881,,5084006010.0,,5169.0,,,West,,,Olympic,Boulevard,,,,,,,,,,,,,90036.0,,Los Angeles,Los Angeles,,,,,LA City,{ED07D3FE-51C5-479A-A9D5-B8A7970A8D51},0,,ED07D3FE-51C5-479A-A9D5-B8A7970A8D51,Unknown,,W,,,Blvd,W Olympic Blvd,2023/09/12 23:03:18+00,5169 W Olympic Blvd Los Angeles 90036,ED07D3FE-51C5-479A-A9D5-B8A7970A8D51_5169_W_Olympic_Blvd_Los_Angeles_90036,Olympic,5169 W Olympic Boulevard Blvd Los Angeles 90036,,,,
607140,1183882,,5084006010.0,,962.0,,,South,,,Mansfield,Avenue,,,,,,,,,,,,,90036.0,,Los Angeles,Los Angeles,,,,,LA City,{B8232138-B862-44D6-BBCF-F61A49D5E3E7},0,,B8232138-B862-44D6-BBCF-F61A49D5E3E7,Unknown,,S,,,Ave,S Mansfield Ave,2023/09/12 23:03:18+00,962 S Mansfield Ave Los Angeles 90036,B8232138-B862-44D6-BBCF-F61A49D5E3E7_962_S_Mansfield_Ave_Los_Angeles_90036,Mansfield,962 S Mansfield Avenue Ave Los Angeles 90036,,,,
607141,1183883,,5084006011.0,,901.0,,,South,,,Citrus,Avenue,,,,,,,,,,,,,90036.0,,Los Angeles,Los Angeles,,,,,LA City,{4025C896-FE1E-4127-80A3-5E0002928501},0,,4025C896-FE1E-4127-80A3-5E0002928501,Unknown,,S,,,Ave,S Citrus Ave,2023/09/12 23:03:18+00,901 S Citrus Ave Los Angeles 90036,4025C896-FE1E-4127-80A3-5E0002928501_901_S_Citrus_Ave_Los_Angeles_90036,Citrus,901 S Citrus Avenue Ave Los Angeles 90036,,,,
607142,1183884,,5084006012.0,,909.0,,,South,,,Citrus,Avenue,,,,,,,,,,,,,90036.0,,Los Angeles,Los Angeles,,,,,LA City,{552AB4D0-71E9-4101-9AB8-41BF3098ADD7},0,,552AB4D0-71E9-4101-9AB8-41BF3098ADD7,Unknown,,S,,,Ave,S Citrus Ave,2023/09/12 23:03:18+00,909 S Citrus Ave Los Angeles 90036,552AB4D0-71E9-4101-9AB8-41BF3098ADD7_909_S_Citrus_Ave_Los_Angeles_90036,Citrus,909 S Citrus Avenue Ave Los Angeles 90036,,,,
607143,1183885,,5084006013.0,,915.0,,,South,,,Citrus,Avenue,,,,,,,,,,,,,90036.0,,Los Angeles,Los Angeles,,,,,LA City,{B0280FDF-9DC9-4E40-A657-F3EEA3F0D27C},0,,B0280FDF-9DC9-4E40-A657-F3EEA3F0D27C,Unknown,,S,,,Ave,S Citrus Ave,2023/09/12 23:03:18+00,915 S Citrus Ave Los Angeles 90036,B0280FDF-9DC9-4E40-A657-F3EEA3F0D27C_915_S_Citrus_Ave_Los_Angeles_90036,Citrus,915 S Citrus Avenue Ave Los Angeles 90036,,,,
607144,1183886,,5084006014.0,,921.0,,,South,,,Citrus,Avenue,,,,,,,,,,,,,90036.0,,Los Angeles,Los Angeles,,,,,LA City,{1F0F959E-0B36-4766-8D5B-FCC45B6B7119},0,,1F0F959E-0B36-4766-8D5B-FCC45B6B7119,Unknown,,S,,,Ave,S Citrus Ave,2023/09/12 23:03:18+00,921 S Citrus Ave Los Angeles 90036,1F0F959E-0B36-4766-8D5B-FCC45B6B7119_921_S_Citrus_Ave_Los_Angeles_90036,Citrus,921 S Citrus Avenue Ave Los Angeles 90036,,,,
607145,1183887,,5084006015.0,,925.0,,,South,,,Citrus,Avenue,,,,,,,,,,,,,90036.0,,Los Angeles,Los Angeles,,,,,LA City,{D41F4926-AFE3-4EB5-88D8-5DF55A1C038F},0,,D41F4926-AFE3-4EB5-88D8-5DF55A1C038F,Unknown,,S,,,Ave,S Citrus Ave,2023/09/12 23:03:18+00,925 S Citrus Ave Los Angeles 90036,D41F4926-AFE3-4EB5-88D8-5DF55A1C038F_925_S_Citrus_Ave_Los_Angeles_90036,Citrus,925 S Citrus Avenue Ave Los Angeles 90036,,,,
607146,1183888,,5084006016.0,,935.0,,,South,,,Citrus,Avenue,,,,,,,,,,,,,90036.0,,Los Angeles,Los Angeles,,,,,LA City,{34714B6B-39BA-4783-AFF6-9ACD86FCE288},0,,34714B6B-39BA-4783-AFF6-9ACD86FCE288,Unknown,,S,,,Ave,S Citrus Ave,2023/09/12 23:03:18+00,935 S Citrus Ave Los Angeles 90036,34714B6B-39BA-4783-AFF6-9ACD86FCE288_935_S_Citrus_Ave_Los_Angeles_90036,Citrus,935 S Citrus Avenue Ave Los Angeles 90036,,,,
607147,1183889,,5084006016.0,,933.0,,,South,,,Citrus,Avenue,,,,,,,,,,,,,90036.0,,Los Angeles,Los Angeles,,,,,Assessor,{A3185CC1-8ACE-472E-A1EE-D4D3DB761517},0,,A3185CC1-8ACE-472E-A1EE-D4D3DB761517,Unknown,,S,,,Ave,S Citrus Ave,2024/04/27 17:13:09+00,933 S Citrus Ave Los Angeles 90036,A3185CC1-8ACE-472E-A1EE-D4D3DB761517_933_S_Citrus_Ave_Los_Angeles_90036,Citrus,933 S Citrus Avenue Ave Los Angeles 90036,,,,
607148,1183890,,5084006017.0,,937.0,,,South,,,Citrus,Avenue,,,,,,,,,,,,,90036.0,,Los Angeles,Los Angeles,,,,,LA City,{F0879E3D-4137-4D77-9483-2CE19AB32156},0,,F0879E3D-4137-4D77-9483-2CE19AB32156,Unknown,,S,,,Ave,S Citrus Ave,2023/09/12 23:03:18+00,937 S Citrus Ave Los Angeles 90036,F0879E3D-4137-4D77-9483-2CE19AB32156_937_S_Citrus_Ave_Los_Angeles_90036,Citrus,937 S Citrus Avenue Ave Los Angeles 90036,,,,
607149,1183891,,5084006018.0,,941.0,,,South,,,Citrus,Avenue,,,,,,,,,,,,,90036.0,,Los Angeles,Los Angeles,,,,,LA City,{A7D7A407-0BFA-4DA0-AD4F-8B3EAB02BE43},0,,A7D7A407-0BFA-4DA0-AD4F-8B3EAB02BE43,Unknown,,S,,,Ave,S Citrus Ave,2023/09/12 23:03:18+00,941 S Citrus Ave Los Angeles 90036,A7D7A407-0BFA-4DA0-AD4F-8B3EAB02BE43_941_S_Citrus_Ave_Los_Angeles_90036,Citrus,941 S Citrus Avenue Ave Los Angeles 90036,,,,
607150,1183892,,5084006019.0,,947.0,,,South,,,Citrus,Avenue,,,,,,,,,,,,,90036.0,,Los Angeles,Los Angeles,,,,,LA City,{D120AEA2-BA5F-4FBF-8778-7FBB7E2D393A},0,,D120AEA2-BA5F-4FBF-8778-7FBB7E2D393A,Unknown,,S,,,Ave,S Citrus Ave,2023/09/12 23:03:18+00,947 S Citrus Ave Los Angeles 90036,D120AEA2-BA5F-4FBF-8778-7FBB7E2D393A_947_S_Citrus_Ave_Los_Angeles_90036,Citrus,947 S Citrus Avenue Ave Los Angeles 90036,,,,
607151,1183893,,5084006020.0,,953.0,,,South,,,Citrus,Avenue,,,,,,,,,,,,,90036.0,,Los Angeles,Los Angeles,,,,,LA City,{6730AF79-CD03-4EC9-8F94-BCD17C389E27},0,,6730AF79-CD03-4EC9-8F94-BCD17C389E27,Unknown,,S,,,Ave,S Citrus Ave,2023/09/12 23:03:18+00,953 S Citrus Ave Los Angeles 90036,6730AF79-CD03-4EC9-8F94-BCD17C389E27_953_S_Citrus_Ave_Los_Angeles_90036,Citrus,953 S Citrus Avenue Ave Los Angeles 90036,,,,
607152,1183894,,5084006021.0,,903.0,,,South,,,Highland,Avenue,,,,,,,,,,,,,90036.0,,Los Angeles,Los Angeles,,,,,LA City,{B3CEA74C-DA6F-4F54-ABF6-0B09C1DD49E3},0,,B3CEA74C-DA6F-4F54-ABF6-0B09C1DD49E3,Unknown,,S,,,Ave,S Highland Ave,2023/09/12 23:03:18+00,903 S Highland Ave Los Angeles 90036,B3CEA74C-DA6F-4F54-ABF6-0B09C1DD49E3_903_S_Highland_Ave_Los_Angeles_90036,Highland,903 S Highland Avenue Ave Los Angeles 90036,,,,
607153,1183895,,5084006022.0,,909.0,,,South,,,Highland,Avenue,,,,,,,,,,,,,90036.0,,Los Angeles,Los Angeles,,,,,LA City,{BA04FA4F-91B2-4776-9FCB-EAFF8CC23E0F},0,,BA04FA4F-91B2-4776-9FCB-EAFF8CC23E0F,Unknown,,S,,,Ave,S Highland Ave,2023/09/12 23:03:18+00,909 S Highland Ave Los Angeles 90036,BA04FA4F-91B2-4776-9FCB-EAFF8CC23E0F_909_S_Highland_Ave_Los_Angeles_90036,Highland,909 S Highland Avenue Ave Los Angeles 90036,,,,
607154,1183896,,5084006023.0,,915.0,,,South,,,Highland,Avenue,,,,,,,,,,,,,90036.0,,Los Angeles,Los Angeles,,,,,LA City,{437F842A-1A9D-4840-AC06-C553D01EAD1A},0,,437F842A-1A9D-4840-AC06-C553D01EAD1A,Unknown,,S,,,Ave,S Highland Ave,2024/05/12 21:05:27+00,915 S Highland Ave Los Angeles 90036,437F842A-1A9D-4840-AC06-C553D01EAD1A_915_S_Highland_Ave_Los_Angeles_90036,Highland,915 S Highland Avenue Ave Los Angeles 90036,,,,
607155,1183897,,5084006023.0,,915.0,1/2,,South,,,Highland,Avenue,,,,,,,,,,,,,90036.0,,Los Angeles,Los Angeles,,,,,LA City,{26564D1B-6405-4E97-BE00-8716A292F846},0,,26564D1B-6405-4E97-BE00-8716A292F846,Unknown,,S,,,Ave,S Highland Ave,2024/05/12 21:05:27+00,915 1/2 S Highland Ave Los Angeles 90036,26564D1B-6405-4E97-BE00-8716A292F846_915_1/2_S_Highland_Ave_Los_Angeles_90036,Highland,915 1/2 S Highland Avenue Ave Los Angeles 90036,,,,
607156,1183898,,5084006024.0,,919.0,,,South,,,Highland,Avenue,,,,,,,,,,,,,90036.0,,Los Angeles,Los Angeles,,,,,LA City,{EFF3D4BC-E462-49B6-86ED-B91143F49427},0,,EFF3D4BC-E462-49B6-86ED-B91143F49427,Unknown,,S,,,Ave,S Highland Ave,2023/09/12 23:03:18+00,919 S Highland Ave Los Angeles 90036,EFF3D4BC-E462-49B6-86ED-B91143F49427_919_S_Highland_Ave_Los_Angeles_90036,Highland,919 S Highland Avenue Ave Los Angeles 90036,,,,
607157,1183899,,5084006025.0,,925.0,,,South,,,Highland,Avenue,,,,,,,,,,,,,90036.0,,Los Angeles,Los Angeles,,,,,LA City,{6A39A732-8EA4-44F6-A1FE-530127B21603},0,,6A39A732-8EA4-44F6-A1FE-530127B21603,Unknown,,S,,,Ave,S Highland Ave,2023/09/12 23:03:18+00,925 S Highland Ave Los Angeles 90036,6A39A732-8EA4-44F6-A1FE-530127B21603_925_S_Highland_Ave_Los_Angeles_90036,Highland,925 S Highland Avenue Ave Los Angeles 90036,,,,
607158,1183900,,5084006026.0,,929.0,,,South,,,Highland,Avenue,,,,,,,,,,,,,90036.0,,Los Angeles,Los Angeles,,,,,LA City,{3EA2F728-6D80-4FA5-8CB7-4AD01470A3DA},0,,3EA2F728-6D80-4FA5-8CB7-4AD01470A3DA,Unknown,,S,,,Ave,S Highland Ave,2023/09/12 23:03:18+00,929 S Highland Ave Los Angeles 90036,3EA2F728-6D80-4FA5-8CB7-4AD01470A3DA_929_S_Highland_Ave_Los_Angeles_90036,Highland,929 S Highland Avenue Ave Los Angeles 90036,,,,
607159,1183901,,5084006027.0,,935.0,,,South,,,Highland,Avenue,,,,,,,,,,,,,90036.0,,Los Angeles,Los Angeles,,,,,LA City,{94550BF1-410F-4BB9-92D9-307E2C1A431F},0,,94550BF1-410F-4BB9-92D9-307E2C1A431F,Unknown,,S,,,Ave,S Highland Ave,2023/09/12 23:03:18+00,935 S Highland Ave Los Angeles 90036,94550BF1-410F-4BB9-92D9-307E2C1A431F_935_S_Highland_Ave_Los_Angeles_90036,Highland,935 S Highland Avenue Ave Los Angeles 90036,,,,
607160,1183902,,5084006028.0,,939.0,,,South,,,Highland,Avenue,,,,,,,,,,,,,90036.0,,Los Angeles,Los Angeles,,,,,LA City,{846B27C5-0FA2-4B8B-AAA9-0734E42543EB},0,,846B27C5-0FA2-4B8B-AAA9-0734E42543EB,Unknown,,S,,,Ave,S Highland Ave,2023/09/12 23:03:18+00,939 S Highland Ave Los Angeles 90036,846B27C5-0FA2-4B8B-AAA9-0734E42543EB_939_S_Highland_Ave_Los_Angeles_90036,Highland,939 S Highland Avenue Ave Los Angeles 90036,,,,
607161,1183903,,5084006029.0,,945.0,,,South,,,Highland,Avenue,,,,,,,,,,,,,90036.0,,Los Angeles,Los Angeles,,,,,LA City,{0B6E9E48-EEE3-4295-BEDF-FE483183A1FC},0,,0B6E9E48-EEE3-4295-BEDF-FE483183A1FC,Unknown,,S,,,Ave,S Highland Ave,2023/09/12 23:03:18+00,945 S Highland Ave Los Angeles 90036,0B6E9E48-EEE3-4295-BEDF-FE483183A1FC_945_S_Highland_Ave_Los_Angeles_90036,Highland,945 S Highland Avenue Ave Los Angeles 90036,,,,
607162,1183904,,5084006030.0,,949.0,,,South,,,Highland,Avenue,,,,,,,,,,,,,90036.0,,Los Angeles,Los Angeles,,,,,LA City,{9C289DCA-B8F8-4BB8-AD25-C3FAC03E7CE3},0,,9C289DCA-B8F8-4BB8-AD25-C3FAC03E7CE3,Unknown,,S,,,Ave,S Highland Ave,2023/09/12 23:03:18+00,949 S Highland Ave Los Angeles 90036,9C289DCA-B8F8-4BB8-AD25-C3FAC03E7CE3_949_S_Highland_Ave_Los_Angeles_90036,Highland,949 S Highland Avenue Ave Los Angeles 90036,,,,
607163,1183905,,5084006031.0,,955.0,,,South,,,Highland,Avenue,,,,,,,,,,,,,90036.0,,Los Angeles,Los Angeles,,,,,LA City,{9129F532-3BE6-4279-AEDE-2ADF7388B3AA},0,,9129F532-3BE6-4279-AEDE-2ADF7388B3AA,Unknown,,S,,,Ave,S Highland Ave,2023/09/12 23:03:18+00,955 S Highland Ave Los Angeles 90036,9129F532-3BE6-4279-AEDE-2ADF7388B3AA_955_S_Highland_Ave_Los_Angeles_90036,Highland,955 S Highland Avenue Ave Los Angeles 90036,,,,
607164,1183906,,5084006032.0,,902.0,,,South,,,Citrus,Avenue,,,,,,,,,,,,,90036.0,,Los Angeles,Los Angeles,,,,,LA City,{35D133EC-5F8B-4F93-95D7-9C6115FB609B},0,,35D133EC-5F8B-4F93-95D7-9C6115FB609B,Unknown,,S,,,Ave,S Citrus Ave,2023/09/12 23:03:18+00,902 S Citrus Ave Los Angeles 90036,35D133EC-5F8B-4F93-95D7-9C6115FB609B_902_S_Citrus_Ave_Los_Angeles_90036,Citrus,902 S Citrus Avenue Ave Los Angeles 90036,,,,
607165,1183907,,5084006033.0,,906.0,,,South,,,Citrus,Avenue,,,,,,,,,,,,,90036.0,,Los Angeles,Los Angeles,,,,,LA City,{8A29B32D-8DB7-44B8-833F-782D1705BF1E},0,,8A29B32D-8DB7-44B8-833F-782D1705BF1E,Unknown,,S,,,Ave,S Citrus Ave,2023/09/12 23:03:18+00,906 S Citrus Ave Los Angeles 90036,8A29B32D-8DB7-44B8-833F-782D1705BF1E_906_S_Citrus_Ave_Los_Angeles_90036,Citrus,906 S Citrus Avenue Ave Los Angeles 90036,,,,
607166,1183908,,5084006034.0,,912.0,,,South,,,Citrus,Avenue,,,,,,,,,,,,,90036.0,,Los Angeles,Los Angeles,,,,,LA City,{07839A14-4427-4820-8C48-4B712B84603B},0,,07839A14-4427-4820-8C48-4B712B84603B,Unknown,,S,,,Ave,S Citrus Ave,2023/09/12 23:03:18+00,912 S Citrus Ave Los Angeles 90036,07839A14-4427-4820-8C48-4B712B84603B_912_S_Citrus_Ave_Los_Angeles_90036,Citrus,912 S Citrus Avenue Ave Los Angeles 90036,,,,
607167,1183909,,5084006035.0,,916.0,,,South,,,Citrus,Avenue,,,,,,,,,,,,,90036.0,,Los Angeles,Los Angeles,,,,,LA City,{DFABC69D-23CC-4767-9117-E202A9C25434},0,,DFABC69D-23CC-4767-9117-E202A9C25434,Unknown,,S,,,Ave,S Citrus Ave,2023/09/12 23:03:18+00,916 S Citrus Ave Los Angeles 90036,DFABC69D-23CC-4767-9117-E202A9C25434_916_S_Citrus_Ave_Los_Angeles_90036,Citrus,916 S Citrus Avenue Ave Los Angeles 90036,,,,
607168,1183910,,5084006036.0,,922.0,,,South,,,Citrus,Avenue,,,,,,,,,,,,,90036.0,,Los Angeles,Los Angeles,,,,,LA City,{9E778EEF-39EF-42E3-82C5-9B66032F9CAB},0,,9E778EEF-39EF-42E3-82C5-9B66032F9CAB,Unknown,,S,,,Ave,S Citrus Ave,2023/09/12 23:03:18+00,922 S Citrus Ave Los Angeles 90036,9E778EEF-39EF-42E3-82C5-9B66032F9CAB_922_S_Citrus_Ave_Los_Angeles_90036,Citrus,922 S Citrus Avenue Ave Los Angeles 90036,,,,
607169,1183911,,5084006037.0,,926.0,,,South,,,Citrus,Avenue,,,,,,,,,,,,,90036.0,,Los Angeles,Los Angeles,,,,,LA City,{A4B82027-13EF-4D9C-BBD5-1BB15961D16D},0,,A4B82027-13EF-4D9C-BBD5-1BB15961D16D,Unknown,,S,,,Ave,S Citrus Ave,2023/09/12 23:03:18+00,926 S Citrus Ave Los Angeles 90036,A4B82027-13EF-4D9C-BBD5-1BB15961D16D_926_S_Citrus_Ave_Los_Angeles_90036,Citrus,926 S Citrus Avenue Ave Los Angeles 90036,,,,
607170,1183912,,5084006038.0,,932.0,,,South,,,Citrus,Avenue,,,,,,,,,,,,,90036.0,,Los Angeles,Los Angeles,,,,,LA City,{ABF0A06F-374B-4B6A-8A41-310F617EA820},0,,ABF0A06F-374B-4B6A-8A41-310F617EA820,Unknown,,S,,,Ave,S Citrus Ave,2023/09/12 23:03:18+00,932 S Citrus Ave Los Angeles 90036,ABF0A06F-374B-4B6A-8A41-310F617EA820_932_S_Citrus_Ave_Los_Angeles_90036,Citrus,932 S Citrus Avenue Ave Los Angeles 90036,,,,
607171,1183913,,5084006039.0,,936.0,,,South,,,Citrus,Avenue,,,,,,,,,,,,,90036.0,,Los Angeles,Los Angeles,,,,,LA City,{8A1ADB14-4D21-4532-8F36-36930508691F},0,,8A1ADB14-4D21-4532-8F36-36930508691F,Unknown,,S,,,Ave,S Citrus Ave,2023/09/12 23:03:18+00,936 S Citrus Ave Los Angeles 90036,8A1ADB14-4D21-4532-8F36-36930508691F_936_S_Citrus_Ave_Los_Angeles_90036,Citrus,936 S Citrus Avenue Ave Los Angeles 90036,,,,
607172,1183914,,5084006040.0,,942.0,,,South,,,Citrus,Avenue,,,,,,,,,,,,,90036.0,,Los Angeles,Los Angeles,,,,,LA City,{063364B9-5B18-4F57-8B9D-46D95214DC9C},0,,063364B9-5B18-4F57-8B9D-46D95214DC9C,Unknown,,S,,,Ave,S Citrus Ave,2023/09/12 23:03:18+00,942 S Citrus Ave Los Angeles 90036,063364B9-5B18-4F57-8B9D-46D95214DC9C_942_S_Citrus_Ave_Los_Angeles_90036,Citrus,942 S Citrus Avenue Ave Los Angeles 90036,,,,
607173,1183915,,5084006041.0,,948.0,,,South,,,Citrus,Avenue,,,,,,,,,,,,,90036.0,,Los Angeles,Los Angeles,,,,,LA City,{6B7DCB76-8777-49B2-8159-12A55879C60B},0,,6B7DCB76-8777-49B2-8159-12A55879C60B,Unknown,,S,,,Ave,S Citrus Ave,2023/09/12 23:03:18+00,948 S Citrus Ave Los Angeles 90036,6B7DCB76-8777-49B2-8159-12A55879C60B_948_S_Citrus_Ave_Los_Angeles_90036,Citrus,948 S Citrus Avenue Ave Los Angeles 90036,,,,
607174,1183916,,5084006042.0,,952.0,,,South,,,Citrus,Avenue,,,,,,,,,,,,,90036.0,,Los Angeles,Los Angeles,,,,,LA City,{E126F19B-CBCB-40CD-B439-95A9F981C445},0,,E126F19B-CBCB-40CD-B439-95A9F981C445,Unknown,,S,,,Ave,S Citrus Ave,2023/09/12 23:03:18+00,952 S Citrus Ave Los Angeles 90036,E126F19B-CBCB-40CD-B439-95A9F981C445_952_S_Citrus_Ave_Los_Angeles_90036,Citrus,952 S Citrus Avenue Ave Los Angeles 90036,,,,
607184,1183926,,5084007011.0,,902.0,,,South,,,Highland,Avenue,,,,,,,,,,,,,90036.0,,Los Angeles,Los Angeles,,,,,LA City,{BF35EBCB-86E5-43C6-A8FB-561D4E3C3A2E},0,,BF35EBCB-86E5-43C6-A8FB-561D4E3C3A2E,Unknown,,S,,,Ave,S Highland Ave,2023/09/12 23:03:18+00,902 S Highland Ave Los Angeles 90036,BF35EBCB-86E5-43C6-A8FB-561D4E3C3A2E_902_S_Highland_Ave_Los_Angeles_90036,Highland,902 S Highland Avenue Ave Los Angeles 90036,,,,
607185,1183927,,5084007012.0,,906.0,,,South,,,Highland,Avenue,,,,,,,,,,,,,90036.0,,Los Angeles,Los Angeles,,,,,LA City,{9476649F-360E-4E1A-957A-0CD1A15636C1},0,,9476649F-360E-4E1A-957A-0CD1A15636C1,Unknown,,S,,,Ave,S Highland Ave,2023/09/12 23:03:18+00,906 S Highland Ave Los Angeles 90036,9476649F-360E-4E1A-957A-0CD1A15636C1_906_S_Highland_Ave_Los_Angeles_90036,Highland,906 S Highland Avenue Ave Los Angeles 90036,,,,
607186,1183928,,5084007013.0,,912.0,,,South,,,Highland,Avenue,,,,,,,,,,,,,90036.0,,Los Angeles,Los Angeles,,,,,LA City,{6EE7D01B-9B63-43F7-9A07-9DB624C0749A},0,,6EE7D01B-9B63-43F7-9A07-9DB624C0749A,Unknown,,S,,,Ave,S Highland Ave,2023/09/12 23:03:18+00,912 S Highland Ave Los Angeles 90036,6EE7D01B-9B63-43F7-9A07-9DB624C0749A_912_S_Highland_Ave_Los_Angeles_90036,Highland,912 S Highland Avenue Ave Los Angeles 90036,,,,
607187,1183929,,5084007014.0,,916.0,,,South,,,Highland,Avenue,,,,,,,,,,,,,90036.0,,Los Angeles,Los Angeles,,,,,LA City,{8CCB10E3-846B-4E63-84EE-6F61F86C695E},0,,8CCB10E3-846B-4E63-84EE-6F61F86C695E,Unknown,,S,,,Ave,S Highland Ave,2023/09/12 23:03:18+00,916 S Highland Ave Los Angeles 90036,8CCB10E3-846B-4E63-84EE-6F61F86C695E_916_S_Highland_Ave_Los_Angeles_90036,Highland,916 S Highland Avenue Ave Los Angeles 90036,,,,
607188,1183930,,5084007016.0,,926.0,,,South,,,Highland,Avenue,,,,,,,,,,,,,90036.0,,Los Angeles,Los Angeles,,,,,LA City,{7E6E1A01-543A-49BC-BD05-DA62369BD9FF},0,,7E6E1A01-543A-49BC-BD05-DA62369BD9FF,Unknown,,S,,,Ave,S Highland Ave,2023/09/12 23:03:18+00,926 S Highland Ave Los Angeles 90036,7E6E1A01-543A-49BC-BD05-DA62369BD9FF_926_S_Highland_Ave_Los_Angeles_90036,Highland,926 S Highland Avenue Ave Los Angeles 90036,,,,
607189,1183931,,5084007017.0,,932.0,,,South,,,Highland,Avenue,,,,,,,,,,,,,90036.0,,Los Angeles,Los Angeles,,,,,LA City,{48CB8CC4-3439-412B-B438-DBF752A67203},0,,48CB8CC4-3439-412B-B438-DBF752A67203,Unknown,,S,,,Ave,S Highland Ave,2023/09/12 23:03:18+00,932 S Highland Ave Los Angeles 90036,48CB8CC4-3439-412B-B438-DBF752A67203_932_S_Highland_Ave_Los_Angeles_90036,Highland,932 S Highland Avenue Ave Los Angeles 90036,,,,
607190,1183932,,5084007018.0,,936.0,,,South,,,Highland,Avenue,,,,,,,,,,,,,90036.0,,Los Angeles,Los Angeles,,,,,LA City,{F12B9BC5-82E5-46F5-A206-95E9195FFEB4},0,,F12B9BC5-82E5-46F5-A206-95E9195FFEB4,Unknown,,S,,,Ave,S Highland Ave,2023/09/12 23:03:18+00,936 S Highland Ave Los Angeles 90036,F12B9BC5-82E5-46F5-A206-95E9195FFEB4_936_S_Highland_Ave_Los_Angeles_90036,Highland,936 S Highland Avenue Ave Los Angeles 90036,,,,
607191,1183933,,5084007018.0,,938.0,,,South,,,Highland,Avenue,,,,,,,,,,,,,90036.0,,Los Angeles,Los Angeles,,,,,LA City,{E2B4A395-D2FB-456A-89A7-C65824ADA837},0,,E2B4A395-D2FB-456A-89A7-C65824ADA837,Unknown,,S,,,Ave,S Highland Ave,2023/09/12 23:03:18+00,938 S Highland Ave Los Angeles 90036,E2B4A395-D2FB-456A-89A7-C65824ADA837_938_S_Highland_Ave_Los_Angeles_90036,Highland,938 S Highland Avenue Ave Los Angeles 90036,,,,
607192,1183934,,5084007019.0,,942.0,,,South,,,Highland,Avenue,,,,,,,,,,,,,90036.0,,Los Angeles,Los Angeles,,,,,LA City,{8172A431-6C22-4FE5-BB7E-35C799E8F39E},0,,8172A431-6C22-4FE5-BB7E-35C799E8F39E,Unknown,,S,,,Ave,S Highland Ave,2023/09/12 23:03:18+00,942 S Highland Ave Los Angeles 90036,8172A431-6C22-4FE5-BB7E-35C799E8F39E_942_S_Highland_Ave_Los_Angeles_90036,Highland,942 S Highland Avenue Ave Los Angeles 90036,,,,
607194,1183936,,5084007020.0,,946.0,,,South,,,Highland,Avenue,,,,,,,,,,,,,90036.0,,Los Angeles,Los Angeles,,,,,LA City,{BA0B10A0-98FE-4A86-8FBD-7CBA36702079},0,,BA0B10A0-98FE-4A86-8FBD-7CBA36702079,Unknown,,S,,,Ave,S Highland Ave,2023/09/12 23:03:18+00,946 S Highland Ave Los Angeles 90036,BA0B10A0-98FE-4A86-8FBD-7CBA36702079_946_S_Highland_Ave_Los_Angeles_90036,Highland,946 S Highland Avenue Ave Los Angeles 90036,,,,
607195,1183937,,5084007021.0,,950.0,,,South,,,Highland,Avenue,,,,,,,,,,,,,90036.0,,Los Angeles,Los Angeles,,,,,LA City,{85420665-EF77-4062-85E2-CE17A472A334},0,,85420665-EF77-4062-85E2-CE17A472A334,Unknown,,S,,,Ave,S Highland Ave,2023/09/12 23:03:18+00,950 S Highland Ave Los Angeles 90036,85420665-EF77-4062-85E2-CE17A472A334_950_S_Highland_Ave_Los_Angeles_90036,Highland,950 S Highland Avenue Ave Los Angeles 90036,,,,
607268,1184010,,5084010001.0,,5150.0,,,West,,,Olympic,Boulevard,,,,,,,,,,,,,90036.0,,Los Angeles,Los Angeles,,,,,LA City,{430783CE-B70E-47C6-B6EF-A2DC93015CFA},0,,430783CE-B70E-47C6-B6EF-A2DC93015CFA,Unknown,,W,,,Blvd,W Olympic Blvd,2023/09/12 23:03:18+00,5150 W Olympic Blvd Los Angeles 90036,430783CE-B70E-47C6-B6EF-A2DC93015CFA_5150_W_Olympic_Blvd_Los_Angeles_90036,Olympic,5150 W Olympic Boulevard Blvd Los Angeles 90036,,,,
607297,1184039,,5084010018.0,,5172.0,,,West,,,Olympic,Boulevard,,,,,,,,,,,,,90036.0,,Los Angeles,Los Angeles,,,,,LA City,{826E6552-72F1-44CF-95FB-6FBE5352BA7A},0,,826E6552-72F1-44CF-95FB-6FBE5352BA7A,Unknown,,W,,,Blvd,W Olympic Blvd,2023/09/12 23:03:18+00,5172 W Olympic Blvd Los Angeles 90036,826E6552-72F1-44CF-95FB-6FBE5352BA7A_5172_W_Olympic_Blvd_Los_Angeles_90036,Olympic,5172 W Olympic Boulevard Blvd Los Angeles 90036,,,,
607298,1184040,,5084010018.0,,5170.0,,,West,,,Olympic,Boulevard,,,,,,,,,,,,,90036.0,,Los Angeles,Los Angeles,,,,,LA City,{68DBA361-CDDA-457E-B357-2A524FE44E0C},0,,68DBA361-CDDA-457E-B357-2A524FE44E0C,Unknown,,W,,,Blvd,W Olympic Blvd,2023/09/12 23:03:18+00,5170 W Olympic Blvd Los Angeles 90036,68DBA361-CDDA-457E-B357-2A524FE44E0C_5170_W_Olympic_Blvd_Los_Angeles_90036,Olympic,5170 W Olympic Boulevard Blvd Los Angeles 90036,,,,
607371,1184113,,5084011019.0,,5218.0,,,West,,,Olympic,Boulevard,,,,,,,,,,,,,90036.0,,Los Angeles,Los Angeles,,,,,LA City,{272C3200-4721-42F3-96A5-8325763E3506},0,,272C3200-4721-42F3-96A5-8325763E3506,Unknown,,W,,,Blvd,W Olympic Blvd,2023/09/12 23:03:18+00,5218 W Olympic Blvd Los Angeles 90036,272C3200-4721-42F3-96A5-8325763E3506_5218_W_Olympic_Blvd_Los_Angeles_90036,Olympic,5218 W Olympic Boulevard Blvd Los Angeles 90036,,,,
607372,1184114,,5084011019.0,,5220.0,,,West,,,Olympic,Boulevard,,,,,,,,,,,,,90036.0,,Los Angeles,Los Angeles,,,,,LA City,{679E5B66-86A4-44A4-82C8-ECE35D3ED503},0,,679E5B66-86A4-44A4-82C8-ECE35D3ED503,Unknown,,W,,,Blvd,W Olympic Blvd,2023/09/12 23:03:18+00,5220 W Olympic Blvd Los Angeles 90036,679E5B66-86A4-44A4-82C8-ECE35D3ED503_5220_W_Olympic_Blvd_Los_Angeles_90036,Olympic,5220 W Olympic Boulevard Blvd Los Angeles 90036,,,,
607400,1184142,,5084011035.0,,5216.0,,,West,,,Olympic,Boulevard,,,,,,,,,,,,,90036.0,,Los Angeles,Los Angeles,,,,,LA City,{2B988E64-0CE5-4C9F-8E65-034679CBB94D},0,,2B988E64-0CE5-4C9F-8E65-034679CBB94D,Unknown,,W,,,Blvd,W Olympic Blvd,2023/09/12 23:03:18+00,5216 W Olympic Blvd Los Angeles 90036,2B988E64-0CE5-4C9F-8E65-034679CBB94D_5216_W_Olympic_Blvd_Los_Angeles_90036,Olympic,5216 W Olympic Boulevard Blvd Los Angeles 90036,,,,
607401,1184143,,5084011035.0,,5210.0,,,West,,,Olympic,Boulevard,,,,,,,,,,,,1-4,90036.0,,Los Angeles,Los Angeles,,,,,LA City,{043B6F6D-4DC2-43AD-9BB6-342A1443BCCB},0,,043B6F6D-4DC2-43AD-9BB6-342A1443BCCB,Unknown,,W,,,Blvd,W Olympic Blvd,2023/09/12 23:03:18+00,5210 W Olympic Blvd 1-4 Los Angeles 90036,043B6F6D-4DC2-43AD-9BB6-342A1443BCCB_5210_W_Olympic_Blvd_1-4_Los_Angeles_90036,Olympic,5210 W Olympic Boulevard Blvd 1-4 Los Angeles 90036,,,,
607437,1184179,,5084013001.0,,5230.0,,,West,,,Olympic,Boulevard,,,,,,,,,,,,,90036.0,,Los Angeles,Los Angeles,,,,,LA City,{764E8815-3C3C-43A8-B22B-5267D81849FF},0,,764E8815-3C3C-43A8-B22B-5267D81849FF,Unknown,,W,,,Blvd,W Olympic Blvd,2023/09/12 23:03:18+00,5230 W Olympic Blvd Los Angeles 90036,764E8815-3C3C-43A8-B22B-5267D81849FF_5230_W_Olympic_Blvd_Los_Angeles_90036,Olympic,5230 W Olympic Boulevard Blvd Los Angeles 90036,,,,
607438,1184180,,5084013001.0,,5234.0,,,West,,,Olympic,Boulevard,,,,,,,,,,,,,90036.0,,Los Angeles,Los Angeles,,,,,LA City,{79C8AD08-B74B-4BC7-BF58-84D3700E26EB},0,,79C8AD08-B74B-4BC7-BF58-84D3700E26EB,Unknown,,W,,,Blvd,W Olympic Blvd,2023/09/12 23:03:18+00,5234 W Olympic Blvd Los Angeles 90036,79C8AD08-B74B-4BC7-BF58-84D3700E26EB_5234_W_Olympic_Blvd_Los_Angeles_90036,Olympic,5234 W Olympic Boulevard Blvd Los Angeles 90036,,,,
607439,1184181,,5084013001.0,,5236.0,,,West,,,Olympic,Boulevard,,,,,,,,,,,,,90036.0,,Los Angeles,Los Angeles,,,,,LA City,{9BE6D4F7-C0AD-4EA2-A1B0-8A16A64DCE7B},0,,9BE6D4F7-C0AD-4EA2-A1B0-8A16A64DCE7B,Unknown,,W,,,Blvd,W Olympic Blvd,2023/09/12 23:03:18+00,5236 W Olympic Blvd Los Angeles 90036,9BE6D4F7-C0AD-4EA2-A1B0-8A16A64DCE7B_5236_W_Olympic_Blvd_Los_Angeles_90036,Olympic,5236 W Olympic Boulevard Blvd Los Angeles 90036,,,,
607440,1184182,,5084013001.0,,5232.0,,,West,,,Olympic,Boulevard,,,,,,,,,,,,,90036.0,,Los Angeles,Los Angeles,,,,,LA City,{2AA8A86C-0C5B-46CE-AEAA-9D9EE66BCFCF},0,,2AA8A86C-0C5B-46CE-AEAA-9D9EE66BCFCF,Unknown,,W,,,Blvd,W Olympic Blvd,2023/09/12 23:03:18+00,5232 W Olympic Blvd Los Angeles 90036,2AA8A86C-0C5B-46CE-AEAA-9D9EE66BCFCF_5232_W_Olympic_Blvd_Los_Angeles_90036,Olympic,5232 W Olympic Boulevard Blvd Los Angeles 90036,,,,
607463,1184205,,5084013011.0,,5244.0,,,West,,,Olympic,Boulevard,,,,,,,,,,,,,90036.0,,Los Angeles,Los Angeles,,,,,LA City,{FDD352CF-441A-4F7D-87CC-1973AE1CCCEB},0,,FDD352CF-441A-4F7D-87CC-1973AE1CCCEB,Unknown,,W,,,Blvd,W Olympic Blvd,2023/09/12 23:03:18+00,5244 W Olympic Blvd Los Angeles 90036,FDD352CF-441A-4F7D-87CC-1973AE1CCCEB_5244_W_Olympic_Blvd_Los_Angeles_90036,Olympic,5244 W Olympic Boulevard Blvd Los Angeles 90036,,,,
607464,1184206,,5084013011.0,,5250.0,,,West,,,Olympic,Boulevard,,,,,,,,,,,,,90036.0,,Los Angeles,Los Angeles,,,,,LA City,{3205FAB0-E812-4FEA-8E05-561951025EB1},0,,3205FAB0-E812-4FEA-8E05-561951025EB1,Unknown,,W,,,Blvd,W Olympic Blvd,2023/09/12 23:03:18+00,5250 W Olympic Blvd Los Angeles 90036,3205FAB0-E812-4FEA-8E05-561951025EB1_5250_W_Olympic_Blvd_Los_Angeles_90036,Olympic,5250 W Olympic Boulevard Blvd Los Angeles 90036,,,,
607465,1184207,,5084013011.0,,5246.0,,,West,,,Olympic,Boulevard,,,,,,,,,,,,,90036.0,,Los Angeles,Los Angeles,,,,,LA City,{41561188-14D0-4D33-8B74-6C9DF0D1A4E2},0,,41561188-14D0-4D33-8B74-6C9DF0D1A4E2,Unknown,,W,,,Blvd,W Olympic Blvd,2023/09/12 23:03:18+00,5246 W Olympic Blvd Los Angeles 90036,41561188-14D0-4D33-8B74-6C9DF0D1A4E2_5246_W_Olympic_Blvd_Los_Angeles_90036,Olympic,5246 W Olympic Boulevard Blvd Los Angeles 90036,,,,
607466,1184208,,5084013011.0,,5248.0,,,West,,,Olympic,Boulevard,,,,,,,,,,,,,90036.0,,Los Angeles,Los Angeles,,,,,LA City,{DC6692F1-8884-47ED-94C3-D3AF5D35B584},0,,DC6692F1-8884-47ED-94C3-D3AF5D35B584,Unknown,,W,,,Blvd,W Olympic Blvd,2023/09/12 23:03:18+00,5248 W Olympic Blvd Los Angeles 90036,DC6692F1-8884-47ED-94C3-D3AF5D35B584_5248_W_Olympic_Blvd_Los_Angeles_90036,Olympic,5248 W Olympic Boulevard Blvd Los Angeles 90036,,,,
607484,1184226,,5084013017.0,,5266.0,,,West,,,Olympic,Boulevard,,,,,,,,,,,,,90036.0,,Los Angeles,Los Angeles,,,,,LA City,{610230B8-4C08-40FC-A303-B224E37FDBCD},0,,610230B8-4C08-40FC-A303-B224E37FDBCD,Unknown,,W,,,Blvd,W Olympic Blvd,2023/09/12 23:03:18+00,5266 W Olympic Blvd Los Angeles 90036,610230B8-4C08-40FC-A303-B224E37FDBCD_5266_W_Olympic_Blvd_Los_Angeles_90036,Olympic,5266 W Olympic Boulevard Blvd Los Angeles 90036,,,,
607485,1184227,,5084013017.0,,5264.0,,,West,,,Olympic,Boulevard,,,,,,,,,,,,,90036.0,,Los Angeles,Los Angeles,,,,,LA City,{21D6D5A1-F1C5-4BA0-B0CE-E07A42546B87},0,,21D6D5A1-F1C5-4BA0-B0CE-E07A42546B87,Unknown,,W,,,Blvd,W Olympic Blvd,2023/09/12 23:03:18+00,5264 W Olympic Blvd Los Angeles 90036,21D6D5A1-F1C5-4BA0-B0CE-E07A42546B87_5264_W_Olympic_Blvd_Los_Angeles_90036,Olympic,5264 W Olympic Boulevard Blvd Los Angeles 90036,,,,
607504,1184246,,5084013028.0,,5288.0,,,West,,,Olympic,Boulevard,,,,,,,,,,,,,90036.0,,Los Angeles,Los Angeles,,,,,LA City,{EECA6158-0722-437E-98FF-C16218FD8794},0,,EECA6158-0722-437E-98FF-C16218FD8794,Unknown,,W,,,Blvd,W Olympic Blvd,2023/09/12 23:03:18+00,5288 W Olympic Blvd Los Angeles 90036,EECA6158-0722-437E-98FF-C16218FD8794_5288_W_Olympic_Blvd_Los_Angeles_90036,Olympic,5288 W Olympic Boulevard Blvd Los Angeles 90036,,,,
607506,1184248,,5084013028.0,,5286.0,,,West,,,Olympic,Boulevard,,,,,,,,,,,,,90036.0,,Los Angeles,Los Angeles,,,,,LA City,{CE16BC7D-6CFB-4B30-A6AE-76B051BBA1CE},0,,CE16BC7D-6CFB-4B30-A6AE-76B051BBA1CE,Unknown,,W,,,Blvd,W Olympic Blvd,2023/09/12 23:03:18+00,5286 W Olympic Blvd Los Angeles 90036,CE16BC7D-6CFB-4B30-A6AE-76B051BBA1CE_5286_W_Olympic_Blvd_Los_Angeles_90036,Olympic,5286 W Olympic Boulevard Blvd Los Angeles 90036,,,,
607558,1184300,,5084015001.0,,5308.0,,,West,,,Olympic,Boulevard,,,,,,,,,,,,,90036.0,,Los Angeles,Los Angeles,,,,,LA City,{B4B556F6-5F3F-4F53-B620-3B0D221F358F},0,,B4B556F6-5F3F-4F53-B620-3B0D221F358F,Unknown,,W,,,Blvd,W Olympic Blvd,2023/09/12 23:03:18+00,5308 W Olympic Blvd Los Angeles 90036,B4B556F6-5F3F-4F53-B620-3B0D221F358F_5308_W_Olympic_Blvd_Los_Angeles_90036,Olympic,5308 W Olympic Boulevard Blvd Los Angeles 90036,,,,
607586,1184328,,5084015019.0,,5320.0,,,West,,,Olympic,Boulevard,,,,,,,,,,,,,90036.0,,Los Angeles,Los Angeles,,,,,LA City,{BEEB9B84-BB8B-4DF3-814A-A9AA4B8592D4},0,,BEEB9B84-BB8B-4DF3-814A-A9AA4B8592D4,Unknown,,W,,,Blvd,W Olympic Blvd,2023/09/12 23:03:18+00,5320 W Olympic Blvd Los Angeles 90036,BEEB9B84-BB8B-4DF3-814A-A9AA4B8592D4_5320_W_Olympic_Blvd_Los_Angeles_90036,Olympic,5320 W Olympic Boulevard Blvd Los Angeles 90036,,,,
607627,1184369,,5084016001.0,,5350.0,,,West,,,Olympic,Boulevard,,,,,,,,,,,,,90036.0,,Los Angeles,Los Angeles,,,,,LA City,{F5D932B1-5EEC-47EF-AAAF-5ED2A0352D25},0,,F5D932B1-5EEC-47EF-AAAF-5ED2A0352D25,Unknown,,W,,,Blvd,W Olympic Blvd,2023/09/12 23:03:18+00,5350 W Olympic Blvd Los Angeles 90036,F5D932B1-5EEC-47EF-AAAF-5ED2A0352D25_5350_W_Olympic_Blvd_Los_Angeles_90036,Olympic,5350 W Olympic Boulevard Blvd Los Angeles 90036,,,,
607658,1184400,,5084016020.0,,5362.0,,,West,,,Olympic,Boulevard,,,,,,,,,,,,,90036.0,,Los Angeles,Los Angeles,,,,,LA City,{ADCB6D1E-333B-4CB2-997E-0B3736C14D61},0,,ADCB6D1E-333B-4CB2-997E-0B3736C14D61,Unknown,,W,,,Blvd,W Olympic Blvd,2023/09/12 23:03:18+00,5362 W Olympic Blvd Los Angeles 90036,ADCB6D1E-333B-4CB2-997E-0B3736C14D61_5362_W_Olympic_Blvd_Los_Angeles_90036,Olympic,5362 W Olympic Boulevard Blvd Los Angeles 90036,,,,
607659,1184401,,5084016020.0,,5360.0,,,West,,,Olympic,Boulevard,,,,,,,,,,,,,90036.0,,Los Angeles,Los Angeles,,,,,LA City,{D0C01900-E5E8-4194-A804-70E75F32AA94},0,,D0C01900-E5E8-4194-A804-70E75F32AA94,Unknown,,W,,,Blvd,W Olympic Blvd,2023/09/12 23:03:18+00,5360 W Olympic Blvd Los Angeles 90036,D0C01900-E5E8-4194-A804-70E75F32AA94_5360_W_Olympic_Blvd_Los_Angeles_90036,Olympic,5360 W Olympic Boulevard Blvd Los Angeles 90036,,,,
607660,1184402,,5084016020.0,,5364.0,,,West,,,Olympic,Boulevard,,,,,,,,,,,,,90036.0,,Los Angeles,Los Angeles,,,,,LA City,{4490EB1F-1859-4F3F-B322-981751B8B52E},0,,4490EB1F-1859-4F3F-B322-981751B8B52E,Unknown,,W,,,Blvd,W Olympic Blvd,2023/09/12 23:03:18+00,5364 W Olympic Blvd Los Angeles 90036,4490EB1F-1859-4F3F-B322-981751B8B52E_5364_W_Olympic_Blvd_Los_Angeles_90036,Olympic,5364 W Olympic Boulevard Blvd Los Angeles 90036,,,,
607780,1184522,,5084017041.0,,5444.0,,,West,,,Olympic,Boulevard,,,,,,,,,,,,,90036.0,,Los Angeles,Los Angeles,,,,,LA City,{A45A1EB5-F2AB-43B3-9121-10976450274F},0,,A45A1EB5-F2AB-43B3-9121-10976450274F,Unknown,,W,,,Blvd,W Olympic Blvd,2023/09/12 23:03:18+00,5444 W Olympic Blvd Los Angeles 90036,A45A1EB5-F2AB-43B3-9121-10976450274F_5444_W_Olympic_Blvd_Los_Angeles_90036,Olympic,5444 W Olympic Boulevard Blvd Los Angeles 90036,,,,
608737,1185479,,5085001014.0,,5850.0,,,West,,,Olympic,Boulevard,,,,,,,,,,,,,90036.0,,Los Angeles,Los Angeles,,,,,LA City,{A04C0A1D-F1A0-440B-AEEE-1A0B7EE3BED3},0,,A04C0A1D-F1A0-440B-AEEE-1A0B7EE3BED3,Unknown,,W,,,Blvd,W Olympic Blvd,2023/09/12 23:03:18+00,5850 W Olympic Blvd Los Angeles 90036,A04C0A1D-F1A0-440B-AEEE-1A0B7EE3BED3_5850_W_Olympic_Blvd_Los_Angeles_90036,Olympic,5850 W Olympic Boulevard Blvd Los Angeles 90036,,,,
608758,1185500,,5085001028.0,,5870.0,,,West,,,Olympic,Boulevard,,,,,,,,,,,,,90036.0,,Los Angeles,Los Angeles,,,,,LA City,{59EC6BDA-321F-4F5B-A2D9-5D5772A3E2C1},0,,59EC6BDA-321F-4F5B-A2D9-5D5772A3E2C1,Unknown,,W,,,Blvd,W Olympic Blvd,2023/09/12 23:03:18+00,5870 W Olympic Blvd Los Angeles 90036,59EC6BDA-321F-4F5B-A2D9-5D5772A3E2C1_5870_W_Olympic_Blvd_Los_Angeles_90036,Olympic,5870 W Olympic Boulevard Blvd Los Angeles 90036,,,,
608760,1185502,,5085001900.0,,5886.0,,,West,,,Olympic,Boulevard,,,,,,,,,,,,,90036.0,,Los Angeles,Los Angeles,,,,,LA City,{FCDD7856-E29C-45D8-B2FE-1C8F56B44C73},0,,FCDD7856-E29C-45D8-B2FE-1C8F56B44C73,Unknown,,W,,,Blvd,W Olympic Blvd,2023/09/12 23:03:18+00,5886 W Olympic Blvd Los Angeles 90036,FCDD7856-E29C-45D8-B2FE-1C8F56B44C73_5886_W_Olympic_Blvd_Los_Angeles_90036,Olympic,5886 W Olympic Boulevard Blvd Los Angeles 90036,,,,
608762,1185504,,5085001900.0,,5890.0,,,West,,,Olympic,Boulevard,,,,,,,,,,,,,90036.0,,Los Angeles,Los Angeles,,,,,LA City,{0D4EF90C-E3AE-4B00-A495-8F40580C33B4},0,,0D4EF90C-E3AE-4B00-A495-8F40580C33B4,Unknown,,W,,,Blvd,W Olympic Blvd,2023/09/12 23:03:18+00,5890 W Olympic Blvd Los Angeles 90036,0D4EF90C-E3AE-4B00-A495-8F40580C33B4_5890_W_Olympic_Blvd_Los_Angeles_90036,Olympic,5890 W Olympic Boulevard Blvd Los Angeles 90036,,,,
608764,1185506,,5085001900.0,,5884.0,,,West,,,Olympic,Boulevard,,,,,,,,,,,,,90036.0,,Los Angeles,Los Angeles,,,,,LA City,{1F2E3220-91FA-4EAA-B0A0-7216B00F2F0C},0,,1F2E3220-91FA-4EAA-B0A0-7216B00F2F0C,Unknown,,W,,,Blvd,W Olympic Blvd,2023/09/12 23:03:18+00,5884 W Olympic Blvd Los Angeles 90036,1F2E3220-91FA-4EAA-B0A0-7216B00F2F0C_5884_W_Olympic_Blvd_Los_Angeles_90036,Olympic,5884 W Olympic Boulevard Blvd Los Angeles 90036,,,,
608825,1185567,,5085002040.0,,5848.0,,,West,,,Olympic,Boulevard,,,,,,,,,,,,,90036.0,,Los Angeles,Los Angeles,,,,,LA City,{446956DC-332F-4158-96BD-7C734DEC3B3A},0,,446956DC-332F-4158-96BD-7C734DEC3B3A,Unknown,,W,,,Blvd,W Olympic Blvd,2023/09/12 23:03:18+00,5848 W Olympic Blvd Los Angeles 90036,446956DC-332F-4158-96BD-7C734DEC3B3A_5848_W_Olympic_Blvd_Los_Angeles_90036,Olympic,5848 W Olympic Boulevard Blvd Los Angeles 90036,,,,
608827,1185569,,5085003002.0,,5822.0,,,West,,,Olympic,Boulevard,,,,,,,,,,,,,90036.0,,Los Angeles,Los Angeles,,,,,LA City,{25B8A5EF-A4CD-46FC-ACEC-3002496E428B},0,,25B8A5EF-A4CD-46FC-ACEC-3002496E428B,Unknown,,W,,,Blvd,W Olympic Blvd,2023/09/12 23:03:18+00,5822 W Olympic Blvd Los Angeles 90036,25B8A5EF-A4CD-46FC-ACEC-3002496E428B_5822_W_Olympic_Blvd_Los_Angeles_90036,Olympic,5822 W Olympic Boulevard Blvd Los Angeles 90036,,,,
608828,1185570,,5085003002.0,,5820.0,,,West,,,Olympic,Boulevard,,,,,,,,,,,,,90036.0,,Los Angeles,Los Angeles,,,,,LA City,{1AC59332-3155-4599-90CB-9F7AB5256C24},0,,1AC59332-3155-4599-90CB-9F7AB5256C24,Unknown,,W,,,Blvd,W Olympic Blvd,2023/09/12 23:03:18+00,5820 W Olympic Blvd Los Angeles 90036,1AC59332-3155-4599-90CB-9F7AB5256C24_5820_W_Olympic_Blvd_Los_Angeles_90036,Olympic,5820 W Olympic Boulevard Blvd Los Angeles 90036,,,,
608859,1185601,,5085003032.0,,5810.0,,,West,,,Olympic,Boulevard,,,,,,,,,,,,,90036.0,,Los Angeles,Los Angeles,,,,,LA City,{68F82C21-7838-4887-82BA-F68F80CF7D08},0,,68F82C21-7838-4887-82BA-F68F80CF7D08,Unknown,,W,,,Blvd,W Olympic Blvd,2023/09/12 23:03:18+00,5810 W Olympic Blvd Los Angeles 90036,68F82C21-7838-4887-82BA-F68F80CF7D08_5810_W_Olympic_Blvd_Los_Angeles_90036,Olympic,5810 W Olympic Boulevard Blvd Los Angeles 90036,,,,
608860,1185602,,5085003032.0,,5814.0,,,West,,,Olympic,Boulevard,,,,,,,,,,,,,90036.0,,Los Angeles,Los Angeles,,,,,LA City,{0EDB3DEF-123F-4DBD-B1A8-1E62E2FAB47E},0,,0EDB3DEF-123F-4DBD-B1A8-1E62E2FAB47E,Unknown,,W,,,Blvd,W Olympic Blvd,2023/09/12 23:03:18+00,5814 W Olympic Blvd Los Angeles 90036,0EDB3DEF-123F-4DBD-B1A8-1E62E2FAB47E_5814_W_Olympic_Blvd_Los_Angeles_90036,Olympic,5814 W Olympic Boulevard Blvd Los Angeles 90036,,,,
608861,1185603,,5085003034.0,,5826.0,,,West,,,Olympic,Boulevard,,,,,,,,,,,,,90036.0,,Los Angeles,Los Angeles,,,,,LA City,{79DE31A4-94A8-4DD4-A755-8B300436B58C},0,,79DE31A4-94A8-4DD4-A755-8B300436B58C,Unknown,,W,,,Blvd,W Olympic Blvd,2023/09/12 23:03:18+00,5826 W Olympic Blvd Los Angeles 90036,79DE31A4-94A8-4DD4-A755-8B300436B58C_5826_W_Olympic_Blvd_Los_Angeles_90036,Olympic,5826 W Olympic Boulevard Blvd Los Angeles 90036,,,,
608863,1185605,,5085004002.0,,5772.0,,,West,,,Olympic,Boulevard,,,,,,,,,,,,,90036.0,,Los Angeles,Los Angeles,,,,,LA City,{882ECAB7-4113-4003-9B7A-F40752718EA2},0,,882ECAB7-4113-4003-9B7A-F40752718EA2,Unknown,,W,,,Blvd,W Olympic Blvd,2023/09/12 23:03:18+00,5772 W Olympic Blvd Los Angeles 90036,882ECAB7-4113-4003-9B7A-F40752718EA2_5772_W_Olympic_Blvd_Los_Angeles_90036,Olympic,5772 W Olympic Boulevard Blvd Los Angeles 90036,,,,
608864,1185606,,5085004002.0,,5774.0,,,West,,,Olympic,Boulevard,,,,,,,,,,,,,90036.0,,Los Angeles,Los Angeles,,,,,LA City,{0028A41D-9548-42C9-B326-6429CBEEC71F},0,,0028A41D-9548-42C9-B326-6429CBEEC71F,Unknown,,W,,,Blvd,W Olympic Blvd,2023/09/12 23:03:18+00,5774 W Olympic Blvd Los Angeles 90036,0028A41D-9548-42C9-B326-6429CBEEC71F_5774_W_Olympic_Blvd_Los_Angeles_90036,Olympic,5774 W Olympic Boulevard Blvd Los Angeles 90036,,,,
608865,1185607,,5085004002.0,,5770.0,,,West,,,Olympic,Boulevard,,,,,,,,,,,,,90036.0,,Los Angeles,Los Angeles,,,,,LA City,{C0D08805-C86F-493C-B6FC-1CD8645E3B70},0,,C0D08805-C86F-493C-B6FC-1CD8645E3B70,Unknown,,W,,,Blvd,W Olympic Blvd,2023/09/12 23:03:18+00,5770 W Olympic Blvd Los Angeles 90036,C0D08805-C86F-493C-B6FC-1CD8645E3B70_5770_W_Olympic_Blvd_Los_Angeles_90036,Olympic,5770 W Olympic Boulevard Blvd Los Angeles 90036,,,,
608866,1185608,,5085004003.0,,5766.0,,,West,,,Olympic,Boulevard,,,,,,,,,,,,,90036.0,,Los Angeles,Los Angeles,,,,,LA City,{6714CB29-10B8-4CDD-B7E3-0C40A08C0A95},0,,6714CB29-10B8-4CDD-B7E3-0C40A08C0A95,Unknown,,W,,,Blvd,W Olympic Blvd,2023/09/12 23:03:18+00,5766 W Olympic Blvd Los Angeles 90036,6714CB29-10B8-4CDD-B7E3-0C40A08C0A95_5766_W_Olympic_Blvd_Los_Angeles_90036,Olympic,5766 W Olympic Boulevard Blvd Los Angeles 90036,,,,
608945,1185687,,5085004038.0,,5778.0,,,West,,,Olympic,Boulevard,,,,,,,,,,,,1-12,90036.0,,Los Angeles,Los Angeles,,,,,LA City,{176D42D3-7C26-4A31-8458-A48F84E8EE20},0,,176D42D3-7C26-4A31-8458-A48F84E8EE20,Unknown,,W,,,Blvd,W Olympic Blvd,2023/09/12 23:03:18+00,5778 W Olympic Blvd 1-12 Los Angeles 90036,176D42D3-7C26-4A31-8458-A48F84E8EE20_5778_W_Olympic_Blvd_1-12_Los_Angeles_90036,Olympic,5778 W Olympic Boulevard Blvd 1-12 Los Angeles 90036,,,,
609045,1185787,,5085006046.0,,5720.0,,,West,,,Olympic,Boulevard,,,,,,,,,,,,,90036.0,,Los Angeles,Los Angeles,,,,,LA City,{ADD0E63E-A14E-47D4-A70A-4254E96CECD6},0,,ADD0E63E-A14E-47D4-A70A-4254E96CECD6,Unknown,,W,,,Blvd,W Olympic Blvd,2023/09/12 23:03:18+00,5720 W Olympic Blvd Los Angeles 90036,ADD0E63E-A14E-47D4-A70A-4254E96CECD6_5720_W_Olympic_Blvd_Los_Angeles_90036,Olympic,5720 W Olympic Boulevard Blvd Los Angeles 90036,,,,
609046,1185788,,5085006046.0,,5726.0,,,West,,,Olympic,Boulevard,,,,,,,,,,,,,90036.0,,Los Angeles,Los Angeles,,,,,LA City,{872972B7-DB74-44ED-969F-81A456D66356},0,,872972B7-DB74-44ED-969F-81A456D66356,Unknown,,W,,,Blvd,W Olympic Blvd,2023/09/12 23:03:18+00,5726 W Olympic Blvd Los Angeles 90036,872972B7-DB74-44ED-969F-81A456D66356_5726_W_Olympic_Blvd_Los_Angeles_90036,Olympic,5726 W Olympic Boulevard Blvd Los Angeles 90036,,,,
609047,1185789,,5085006046.0,,5714.0,,,West,,,Olympic,Boulevard,,,,,,,,,,,,,90036.0,,Los Angeles,Los Angeles,,,,,LA City,{7A2D62E8-B8AC-4214-A5DA-DB30817667C9},0,,7A2D62E8-B8AC-4214-A5DA-DB30817667C9,Unknown,,W,,,Blvd,W Olympic Blvd,2023/09/12 23:03:18+00,5714 W Olympic Blvd Los Angeles 90036,7A2D62E8-B8AC-4214-A5DA-DB30817667C9_5714_W_Olympic_Blvd_Los_Angeles_90036,Olympic,5714 W Olympic Boulevard Blvd Los Angeles 90036,,,,
609048,1185790,,5085006046.0,,5710.0,,,West,,,Olympic,Boulevard,,,,,,,,,,,,,90036.0,,Los Angeles,Los Angeles,,,,,LA City,{9FB15586-7262-4BE7-8D5C-53A324338EE9},0,,9FB15586-7262-4BE7-8D5C-53A324338EE9,Unknown,,W,,,Blvd,W Olympic Blvd,2023/09/12 23:03:18+00,5710 W Olympic Blvd Los Angeles 90036,9FB15586-7262-4BE7-8D5C-53A324338EE9_5710_W_Olympic_Blvd_Los_Angeles_90036,Olympic,5710 W Olympic Boulevard Blvd Los Angeles 90036,,,,
609049,1185791,,5085006046.0,,5700.0,,,West,,,Olympic,Boulevard,,,,,,,,,,,,,90036.0,,Los Angeles,Los Angeles,,,,,LA City,{D13CA0D1-A343-493A-AA8F-72869428A0AB},0,,D13CA0D1-A343-493A-AA8F-72869428A0AB,Unknown,,W,,,Blvd,W Olympic Blvd,2023/09/12 23:03:18+00,5700 W Olympic Blvd Los Angeles 90036,D13CA0D1-A343-493A-AA8F-72869428A0AB_5700_W_Olympic_Blvd_Los_Angeles_90036,Olympic,5700 W Olympic Boulevard Blvd Los Angeles 90036,,,,
609086,1185828,,5085007039.0,,5670.0,,,West,,,Olympic,Boulevard,,,,,,,,,,,,,90036.0,,Los Angeles,Los Angeles,,,,,LA City,{678A0F40-5C4B-4B02-969C-AB32DC94040B},0,,678A0F40-5C4B-4B02-969C-AB32DC94040B,Unknown,,W,,,Blvd,W Olympic Blvd,2023/09/12 23:03:18+00,5670 W Olympic Blvd Los Angeles 90036,678A0F40-5C4B-4B02-969C-AB32DC94040B_5670_W_Olympic_Blvd_Los_Angeles_90036,Olympic,5670 W Olympic Boulevard Blvd Los Angeles 90036,,,,
609127,1185869,,5085009001.0,,5554.0,,,West,,,Olympic,Boulevard,,,,,,,,,,,,,90036.0,,Los Angeles,Los Angeles,,,,,LA City,{0151D9BC-0034-4C04-9743-CFC7E4535B83},0,,0151D9BC-0034-4C04-9743-CFC7E4535B83,Unknown,,W,,,Blvd,W Olympic Blvd,2023/09/12 23:03:18+00,5554 W Olympic Blvd Los Angeles 90036,0151D9BC-0034-4C04-9743-CFC7E4535B83_5554_W_Olympic_Blvd_Los_Angeles_90036,Olympic,5554 W Olympic Boulevard Blvd Los Angeles 90036,,,,
609170,1185912,,5085009043.0,,1002.0,,,South,,,Burnside,Avenue,,,,,,,,,,,,,90036.0,,Los Angeles,Los Angeles,,,,,LA City,{4ECAD8E0-3E4E-4C5A-8B2F-82282C1C3BD0},0,,4ECAD8E0-3E4E-4C5A-8B2F-82282C1C3BD0,Unknown,,S,,,Ave,S Burnside Ave,2023/09/12 23:03:18+00,1002 S Burnside Ave Los Angeles 90036,4ECAD8E0-3E4E-4C5A-8B2F-82282C1C3BD0_1002_S_Burnside_Ave_Los_Angeles_90036,Burnside,1002 S Burnside Avenue Ave Los Angeles 90036,,,,
609202,1185944,,5085010014.0,,5524.0,,,West,,,Olympic,Boulevard,,,,,,,,,,,,,90036.0,,Los Angeles,Los Angeles,,,,,LA City,{87616C0A-8B71-4FB8-99CD-A6A0AD5502BE},0,,87616C0A-8B71-4FB8-99CD-A6A0AD5502BE,Unknown,,W,,,Blvd,W Olympic Blvd,2023/09/12 23:03:18+00,5524 W Olympic Blvd Los Angeles 90036,87616C0A-8B71-4FB8-99CD-A6A0AD5502BE_5524_W_Olympic_Blvd_Los_Angeles_90036,Olympic,5524 W Olympic Boulevard Blvd Los Angeles 90036,,,,
609204,1185946,,5085010014.0,,5520.0,,,West,,,Olympic,Boulevard,,,,,,,,,,,,,90036.0,,Los Angeles,Los Angeles,,,,,LA City,{1A2BF543-C6A1-4DA9-85AA-4292684E7AEF},0,,1A2BF543-C6A1-4DA9-85AA-4292684E7AEF,Unknown,,W,,,Blvd,W Olympic Blvd,2023/09/12 23:03:18+00,5520 W Olympic Blvd Los Angeles 90036,1A2BF543-C6A1-4DA9-85AA-4292684E7AEF_5520_W_Olympic_Blvd_Los_Angeles_90036,Olympic,5520 W Olympic Boulevard Blvd Los Angeles 90036,,,,
609205,1185947,,5085010014.0,,5522.0,,,West,,,Olympic,Boulevard,,,,,,,,,,,,,90036.0,,Los Angeles,Los Angeles,,,,,LA City,{38F31442-CDEE-4D0C-AA59-4DE9738E78A6},0,,38F31442-CDEE-4D0C-AA59-4DE9738E78A6,Unknown,,W,,,Blvd,W Olympic Blvd,2023/09/12 23:03:18+00,5522 W Olympic Blvd Los Angeles 90036,38F31442-CDEE-4D0C-AA59-4DE9738E78A6_5522_W_Olympic_Blvd_Los_Angeles_90036,Olympic,5522 W Olympic Boulevard Blvd Los Angeles 90036,,,,
609206,1185948,,5085010014.0,,5526.0,,,West,,,Olympic,Boulevard,,,,,,,,,,,,,90036.0,,Los Angeles,Los Angeles,,,,,LA City,{FD30EF0E-84D5-4EDF-A5E6-4D791D10B2E4},0,,FD30EF0E-84D5-4EDF-A5E6-4D791D10B2E4,Unknown,,W,,,Blvd,W Olympic Blvd,2023/09/12 23:03:18+00,5526 W Olympic Blvd Los Angeles 90036,FD30EF0E-84D5-4EDF-A5E6-4D791D10B2E4_5526_W_Olympic_Blvd_Los_Angeles_90036,Olympic,5526 W Olympic Boulevard Blvd Los Angeles 90036,,,,
609214,1185956,,5085010023.0,,5500.0,,,West,,,Olympic,Boulevard,,,,,,,,,,,,,90036.0,,Los Angeles,Los Angeles,,,,,LA City,{1E0B5703-BAE4-475C-AFAD-67C658DAB565},0,,1E0B5703-BAE4-475C-AFAD-67C658DAB565,Unknown,,W,,,Blvd,W Olympic Blvd,2023/09/12 23:03:18+00,5500 W Olympic Blvd Los Angeles 90036,1E0B5703-BAE4-475C-AFAD-67C658DAB565_5500_W_Olympic_Blvd_Los_Angeles_90036,Olympic,5500 W Olympic Boulevard Blvd Los Angeles 90036,,,,
609215,1185957,,5085010024.0,,5502.0,,,West,,,Olympic,Boulevard,,,,,,,,,,,,,90036.0,,Los Angeles,Los Angeles,,,,,LA City,{1AFCD640-22F2-4D05-BC5D-D23A83ECEFF7},0,,1AFCD640-22F2-4D05-BC5D-D23A83ECEFF7,Unknown,,W,,,Blvd,W Olympic Blvd,2023/09/12 23:03:18+00,5502 W Olympic Blvd Los Angeles 90036,1AFCD640-22F2-4D05-BC5D-D23A83ECEFF7_5502_W_Olympic_Blvd_Los_Angeles_90036,Olympic,5502 W Olympic Boulevard Blvd Los Angeles 90036,,,,
609216,1185958,,5085010025.0,,5504.0,,,West,,,Olympic,Boulevard,,,,,,,,,,,,,90036.0,,Los Angeles,Los Angeles,,,,,LA City,{C00713BB-2E13-4C7E-BBFB-EDDEC9C933D9},0,,C00713BB-2E13-4C7E-BBFB-EDDEC9C933D9,Unknown,,W,,,Blvd,W Olympic Blvd,2023/09/12 23:03:18+00,5504 W Olympic Blvd Los Angeles 90036,C00713BB-2E13-4C7E-BBFB-EDDEC9C933D9_5504_W_Olympic_Blvd_Los_Angeles_90036,Olympic,5504 W Olympic Boulevard Blvd Los Angeles 90036,,,,
609217,1185959,,5085010026.0,,5506.0,,,West,,,Olympic,Boulevard,,,,,,,,,,,,,90036.0,,Los Angeles,Los Angeles,,,,,LA City,{CC6F1B6D-51C9-4DD0-AE18-38DD9C067894},0,,CC6F1B6D-51C9-4DD0-AE18-38DD9C067894,Unknown,,W,,,Blvd,W Olympic Blvd,2023/09/12 23:03:18+00,5506 W Olympic Blvd Los Angeles 90036,CC6F1B6D-51C9-4DD0-AE18-38DD9C067894_5506_W_Olympic_Blvd_Los_Angeles_90036,Olympic,5506 W Olympic Boulevard Blvd Los Angeles 90036,,,,
609218,1185960,,5085010027.0,,5508.0,,,West,,,Olympic,Boulevard,,,,,,,,,,,,,90036.0,,Los Angeles,Los Angeles,,,,,LA City,{6100F648-E52C-483B-B195-AFD8F3EA118C},0,,6100F648-E52C-483B-B195-AFD8F3EA118C,Unknown,,W,,,Blvd,W Olympic Blvd,2023/09/12 23:03:18+00,5508 W Olympic Blvd Los Angeles 90036,6100F648-E52C-483B-B195-AFD8F3EA118C_5508_W_Olympic_Blvd_Los_Angeles_90036,Olympic,5508 W Olympic Boulevard Blvd Los Angeles 90036,,,,
610631,1187373,,5086001066.0,,6052.0,,,West,,,Olympic,Boulevard,,,,,,,,,,,,,90036.0,,Los Angeles,Los Angeles,,,,,LA City,{ACCE7E3A-074F-495A-A436-C3CDE35DD7C9},0,,ACCE7E3A-074F-495A-A436-C3CDE35DD7C9,Unknown,,W,,,Blvd,W Olympic Blvd,2023/09/12 23:03:18+00,6052 W Olympic Blvd Los Angeles 90036,ACCE7E3A-074F-495A-A436-C3CDE35DD7C9_6052_W_Olympic_Blvd_Los_Angeles_90036,Olympic,6052 W Olympic Boulevard Blvd Los Angeles 90036,,,,
610632,1187374,,5086001066.0,,6064.0,,,West,,,Olympic,Boulevard,,,,,,,,,,,,,90036.0,,Los Angeles,Los Angeles,,,,,LA City,{27F004B1-FB49-4645-88A6-3CA2C9D6DAA6},0,,27F004B1-FB49-4645-88A6-3CA2C9D6DAA6,Unknown,,W,,,Blvd,W Olympic Blvd,2023/09/12 23:03:18+00,6064 W Olympic Blvd Los Angeles 90036,27F004B1-FB49-4645-88A6-3CA2C9D6DAA6_6064_W_Olympic_Blvd_Los_Angeles_90036,Olympic,6064 W Olympic Boulevard Blvd Los Angeles 90036,,,,
610795,1187537,,5086007010.0,,6055.0,,,West,,,San Vicente,Boulevard,,,,,,,,,,,,,90036.0,,Los Angeles,Los Angeles,,,,,LA City,{E036553B-70BF-4562-8315-87EE0631CA9C},0,,E036553B-70BF-4562-8315-87EE0631CA9C,Unknown,,W,,,Blvd,W San Vicente Blvd,2023/09/12 23:03:18+00,6055 W San Vicente Blvd Los Angeles 90036,E036553B-70BF-4562-8315-87EE0631CA9C_6055_W_San_Vicente_Blvd_Los_Angeles_90036,San Vicente,6055 W San Vicente Boulevard Blvd Los Angeles 90036,,,,
610796,1187538,,5086007011.0,,6051.0,,,West,,,San Vicente,Boulevard,,,,,,,,,,,,,90036.0,,Los Angeles,Los Angeles,,,,,LA City,{053DB7C1-DC64-4DA7-9125-E62534476D58},0,,053DB7C1-DC64-4DA7-9125-E62534476D58,Unknown,,W,,,Blvd,W San Vicente Blvd,2023/09/12 23:03:18+00,6051 W San Vicente Blvd Los Angeles 90036,053DB7C1-DC64-4DA7-9125-E62534476D58_6051_W_San_Vicente_Blvd_Los_Angeles_90036,San Vicente,6051 W San Vicente Boulevard Blvd Los Angeles 90036,,,,
610797,1187539,,5086007011.0,,6053.0,,,West,,,San Vicente,Boulevard,,,,,,,,,,,,,90036.0,,Los Angeles,Los Angeles,,,,,LA City,{2884E9E9-ACFE-423A-9302-ED3D70F018AF},0,,2884E9E9-ACFE-423A-9302-ED3D70F018AF,Unknown,,W,,,Blvd,W San Vicente Blvd,2023/09/12 23:03:18+00,6053 W San Vicente Blvd Los Angeles 90036,2884E9E9-ACFE-423A-9302-ED3D70F018AF_6053_W_San_Vicente_Blvd_Los_Angeles_90036,San Vicente,6053 W San Vicente Boulevard Blvd Los Angeles 90036,,,,
610798,1187540,,5086007022.0,,910.0,,,South,,,Fairfax,Avenue,,,,,,,,,,,,,90036.0,,Los Angeles,Los Angeles,,,,,LA City,{DF9F9C3D-8987-4A73-8C30-18B983DE3836},0,,DF9F9C3D-8987-4A73-8C30-18B983DE3836,Unknown,,S,,,Ave,S Fairfax Ave,2023/09/12 23:03:18+00,910 S Fairfax Ave Los Angeles 90036,DF9F9C3D-8987-4A73-8C30-18B983DE3836_910_S_Fairfax_Ave_Los_Angeles_90036,Fairfax,910 S Fairfax Avenue Ave Los Angeles 90036,,,,
610799,1187541,,5086007025.0,,950.0,,,South,,,Fairfax,Avenue,,,,,,,,,,,,,90036.0,,Los Angeles,Los Angeles,,,,,LA City,{71353A1A-AE9D-4FA4-91C9-86E3F8CC3D15},0,,71353A1A-AE9D-4FA4-91C9-86E3F8CC3D15,Unknown,,S,,,Ave,S Fairfax Ave,2023/09/12 23:03:18+00,950 S Fairfax Ave Los Angeles 90036,71353A1A-AE9D-4FA4-91C9-86E3F8CC3D15_950_S_Fairfax_Ave_Los_Angeles_90036,Fairfax,950 S Fairfax Avenue Ave Los Angeles 90036,,,,
610800,1187542,,5086007025.0,,933.0,,,South,,,Orange Grove,Avenue,,,,,,,,,,,,,90036.0,,Los Angeles,Los Angeles,,,,,LA City,{BD29E3D3-2C5C-41C7-A681-24C4D1124745},0,,BD29E3D3-2C5C-41C7-A681-24C4D1124745,Unknown,,S,,,Ave,S Orange Grove Ave,2023/09/12 23:03:18+00,933 S Orange Grove Ave Los Angeles 90036,BD29E3D3-2C5C-41C7-A681-24C4D1124745_933_S_Orange_Grove_Ave_Los_Angeles_90036,Orange Grove,933 S Orange Grove Avenue Ave Los Angeles 90036,,,,
610801,1187543,,5086007025.0,,6057.0,,,West,,,San Vicente,Boulevard,,,,,,,,,,,,,90036.0,,Los Angeles,Los Angeles,,,,,LA City,{5F86D6E7-260B-45BB-9EFD-6A3832867CB1},0,,5F86D6E7-260B-45BB-9EFD-6A3832867CB1,Unknown,,W,,,Blvd,W San Vicente Blvd,2023/09/12 23:03:18+00,6057 W San Vicente Blvd Los Angeles 90036,5F86D6E7-260B-45BB-9EFD-6A3832867CB1_6057_W_San_Vicente_Blvd_Los_Angeles_90036,San Vicente,6057 W San Vicente Boulevard Blvd Los Angeles 90036,,,,
610802,1187544,,5086007025.0,,927.0,,,South,,,Orange Grove,Avenue,,,,,,,,,,,,,90036.0,,Los Angeles,Los Angeles,,,,,LA City,{5942B97A-BC32-45C0-82B0-476CF5DCF7C3},0,,5942B97A-BC32-45C0-82B0-476CF5DCF7C3,Unknown,,S,,,Ave,S Orange Grove Ave,2023/09/12 23:03:18+00,927 S Orange Grove Ave Los Angeles 90036,5942B97A-BC32-45C0-82B0-476CF5DCF7C3_927_S_Orange_Grove_Ave_Los_Angeles_90036,Orange Grove,927 S Orange Grove Avenue Ave Los Angeles 90036,,,,
610803,1187545,,5086007025.0,,903.0,,,South,,,Orange Grove,Avenue,,,,,,,,,,,,,90036.0,,Los Angeles,Los Angeles,,,,,LA City,{E5EC33A5-E7AF-4E27-88E1-942568D94EC4},0,,E5EC33A5-E7AF-4E27-88E1-942568D94EC4,Unknown,,S,,,Ave,S Orange Grove Ave,2023/09/12 23:03:18+00,903 S Orange Grove Ave Los Angeles 90036,E5EC33A5-E7AF-4E27-88E1-942568D94EC4_903_S_Orange_Grove_Ave_Los_Angeles_90036,Orange Grove,903 S Orange Grove Avenue Ave Los Angeles 90036,,,,
610804,1187546,,5086007025.0,,917.0,,,South,,,Orange Grove,Avenue,,,,,,,,,,,,,90036.0,,Los Angeles,Los Angeles,,,,,LA City,{ADD56D16-FC93-458B-827D-3CB3F153979F},0,,ADD56D16-FC93-458B-827D-3CB3F153979F,Unknown,,S,,,Ave,S Orange Grove Ave,2023/09/12 23:03:18+00,917 S Orange Grove Ave Los Angeles 90036,ADD56D16-FC93-458B-827D-3CB3F153979F_917_S_Orange_Grove_Ave_Los_Angeles_90036,Orange Grove,917 S Orange Grove Avenue Ave Los Angeles 90036,,,,
610805,1187547,,5086007025.0,,909.0,,,South,,,Orange Grove,Avenue,,,,,,,,,,,,,90036.0,,Los Angeles,Los Angeles,,,,,LA City,{2A203203-8678-47C4-AB72-936FFDD9262E},0,,2A203203-8678-47C4-AB72-936FFDD9262E,Unknown,,S,,,Ave,S Orange Grove Ave,2023/09/12 23:03:18+00,909 S Orange Grove Ave Los Angeles 90036,2A203203-8678-47C4-AB72-936FFDD9262E_909_S_Orange_Grove_Ave_Los_Angeles_90036,Orange Grove,909 S Orange Grove Avenue Ave Los Angeles 90036,,,,
610806,1187548,,5086007025.0,,937.0,,,South,,,Orange Grove,Avenue,,,,,,,,,,,,,90036.0,,Los Angeles,Los Angeles,,,,,LA City,{02DD563B-EDAA-498E-B3C7-8BF6E770C64F},0,,02DD563B-EDAA-498E-B3C7-8BF6E770C64F,Unknown,,S,,,Ave,S Orange Grove Ave,2023/09/12 23:03:18+00,937 S Orange Grove Ave Los Angeles 90036,02DD563B-EDAA-498E-B3C7-8BF6E770C64F_937_S_Orange_Grove_Ave_Los_Angeles_90036,Orange Grove,937 S Orange Grove Avenue Ave Los Angeles 90036,,,,
610807,1187549,,5086007025.0,,911.0,,,South,,,Orange Grove,Avenue,,,,,,,,,,,,,90036.0,,Los Angeles,Los Angeles,,,,,LA City,{AB6B24F3-3F27-4448-B1A7-6969911923AA},0,,AB6B24F3-3F27-4448-B1A7-6969911923AA,Unknown,,S,,,Ave,S Orange Grove Ave,2023/09/12 23:03:18+00,911 S Orange Grove Ave Los Angeles 90036,AB6B24F3-3F27-4448-B1A7-6969911923AA_911_S_Orange_Grove_Ave_Los_Angeles_90036,Orange Grove,911 S Orange Grove Avenue Ave Los Angeles 90036,,,,
610808,1187550,,5086007025.0,,931.0,,,South,,,Orange Grove,Avenue,,,,,,,,,,,,,90036.0,,Los Angeles,Los Angeles,,,,,LA City,{36F54BFF-7D9F-4FB2-9ABE-ECE0E19FD875},0,,36F54BFF-7D9F-4FB2-9ABE-ECE0E19FD875,Unknown,,S,,,Ave,S Orange Grove Ave,2023/09/12 23:03:18+00,931 S Orange Grove Ave Los Angeles 90036,36F54BFF-7D9F-4FB2-9ABE-ECE0E19FD875_931_S_Orange_Grove_Ave_Los_Angeles_90036,Orange Grove,931 S Orange Grove Avenue Ave Los Angeles 90036,,,,
610809,1187551,,5086007025.0,,935.0,,,South,,,Orange Grove,Avenue,,,,,,,,,,,,,90036.0,,Los Angeles,Los Angeles,,,,,LA City,{367D127D-1E7D-4A6E-B02C-F1394CF2656A},0,,367D127D-1E7D-4A6E-B02C-F1394CF2656A,Unknown,,S,,,Ave,S Orange Grove Ave,2023/09/12 23:03:18+00,935 S Orange Grove Ave Los Angeles 90036,367D127D-1E7D-4A6E-B02C-F1394CF2656A_935_S_Orange_Grove_Ave_Los_Angeles_90036,Orange Grove,935 S Orange Grove Avenue Ave Los Angeles 90036,,,,
610810,1187552,,5086007025.0,,921.0,,,South,,,Orange Grove,Avenue,,,,,,,,,,,,,90036.0,,Los Angeles,Los Angeles,,,,,LA City,{4FA40853-BE60-4263-9263-966E751C7B9E},0,,4FA40853-BE60-4263-9263-966E751C7B9E,Unknown,,S,,,Ave,S Orange Grove Ave,2023/09/12 23:03:18+00,921 S Orange Grove Ave Los Angeles 90036,4FA40853-BE60-4263-9263-966E751C7B9E_921_S_Orange_Grove_Ave_Los_Angeles_90036,Orange Grove,921 S Orange Grove Avenue Ave Los Angeles 90036,,,,
610811,1187553,,5086007025.0,,919.0,,,South,,,Orange Grove,Avenue,,,,,,,,,,,,,90036.0,,Los Angeles,Los Angeles,,,,,LA City,{07D5DF4E-171D-4514-9F0D-ACC433EBF15F},0,,07D5DF4E-171D-4514-9F0D-ACC433EBF15F,Unknown,,S,,,Ave,S Orange Grove Ave,2023/09/12 23:03:18+00,919 S Orange Grove Ave Los Angeles 90036,07D5DF4E-171D-4514-9F0D-ACC433EBF15F_919_S_Orange_Grove_Ave_Los_Angeles_90036,Orange Grove,919 S Orange Grove Avenue Ave Los Angeles 90036,,,,
610812,1187554,,5086007025.0,,923.0,,,South,,,Orange Grove,Avenue,,,,,,,,,,,,,90036.0,,Los Angeles,Los Angeles,,,,,LA City,{8870F796-25A3-49CE-B1D9-BAB38F8082EA},0,,8870F796-25A3-49CE-B1D9-BAB38F8082EA,Unknown,,S,,,Ave,S Orange Grove Ave,2023/09/12 23:03:18+00,923 S Orange Grove Ave Los Angeles 90036,8870F796-25A3-49CE-B1D9-BAB38F8082EA_923_S_Orange_Grove_Ave_Los_Angeles_90036,Orange Grove,923 S Orange Grove Avenue Ave Los Angeles 90036,,,,
610813,1187555,,5086007025.0,,925.0,,,South,,,Orange Grove,Avenue,,,,,,,,,,,,,90036.0,,Los Angeles,Los Angeles,,,,,LA City,{A622C9BA-77DD-4391-96C2-8EB85CC4C5E8},0,,A622C9BA-77DD-4391-96C2-8EB85CC4C5E8,Unknown,,S,,,Ave,S Orange Grove Ave,2023/09/12 23:03:18+00,925 S Orange Grove Ave Los Angeles 90036,A622C9BA-77DD-4391-96C2-8EB85CC4C5E8_925_S_Orange_Grove_Ave_Los_Angeles_90036,Orange Grove,925 S Orange Grove Avenue Ave Los Angeles 90036,,,,
610814,1187556,,5086007025.0,,907.0,,,South,,,Orange Grove,Avenue,,,,,,,,,,,,,90036.0,,Los Angeles,Los Angeles,,,,,LA City,{AA34A463-72BF-4840-A11F-6E8C3F4B24FD},0,,AA34A463-72BF-4840-A11F-6E8C3F4B24FD,Unknown,,S,,,Ave,S Orange Grove Ave,2023/09/12 23:03:18+00,907 S Orange Grove Ave Los Angeles 90036,AA34A463-72BF-4840-A11F-6E8C3F4B24FD_907_S_Orange_Grove_Ave_Los_Angeles_90036,Orange Grove,907 S Orange Grove Avenue Ave Los Angeles 90036,,,,
610815,1187557,,5086007025.0,,941.0,,,South,,,Orange Grove,Avenue,,,,,,,,,,,,,90036.0,,Los Angeles,Los Angeles,,,,,LA City,{B52B3DCC-6F93-4E11-AE9F-A3601E911AA4},0,,B52B3DCC-6F93-4E11-AE9F-A3601E911AA4,Unknown,,S,,,Ave,S Orange Grove Ave,2023/09/12 23:03:18+00,941 S Orange Grove Ave Los Angeles 90036,B52B3DCC-6F93-4E11-AE9F-A3601E911AA4_941_S_Orange_Grove_Ave_Los_Angeles_90036,Orange Grove,941 S Orange Grove Avenue Ave Los Angeles 90036,,,,
610816,1187558,,5086007025.0,,901.0,1/2,,South,,,Orange Grove,Avenue,,,,,,,,,,,,,90036.0,,Los Angeles,Los Angeles,,,,,LA City,{889FE0D2-430A-48BE-AB9F-BF0929A7F10F},0,,889FE0D2-430A-48BE-AB9F-BF0929A7F10F,Unknown,,S,,,Ave,S Orange Grove Ave,2024/05/12 21:05:27+00,901 1/2 S Orange Grove Ave Los Angeles 90036,889FE0D2-430A-48BE-AB9F-BF0929A7F10F_901_1/2_S_Orange_Grove_Ave_Los_Angeles_90036,Orange Grove,901 1/2 S Orange Grove Avenue Ave Los Angeles 90036,,,,
610817,1187559,,5086007025.0,,901.0,,,South,,,Orange Grove,Avenue,,,,,,,,,,,,,90036.0,,Los Angeles,Los Angeles,,,,,LA City,{6EAFA9DE-4222-45B8-B78E-BF5292793DA5},0,,6EAFA9DE-4222-45B8-B78E-BF5292793DA5,Unknown,,S,,,Ave,S Orange Grove Ave,2024/05/12 21:05:27+00,901 S Orange Grove Ave Los Angeles 90036,6EAFA9DE-4222-45B8-B78E-BF5292793DA5_901_S_Orange_Grove_Ave_Los_Angeles_90036,Orange Grove,901 S Orange Grove Avenue Ave Los Angeles 90036,,,,
610818,1187560,,5086008001.0,,6060.0,,,West,,,8Th,Street,,,,,,,,,,,,,90036.0,,Los Angeles,Los Angeles,,,,,LA City,{5864AB17-8912-459A-A9BC-47B695B05259},0,,5864AB17-8912-459A-A9BC-47B695B05259,Unknown,,W,,,St,W 8Th St,2023/09/12 23:03:18+00,6060 W 8Th St Los Angeles 90036,5864AB17-8912-459A-A9BC-47B695B05259_6060_W_8Th_St_Los_Angeles_90036,8Th,6060 W 8Th Street St Los Angeles 90036,,,,
610819,1187561,,5086008001.0,,6062.0,,,West,,,8Th,Street,,,,,,,,,,,,,90036.0,,Los Angeles,Los Angeles,,,,,LA City,{27375954-BEA0-4DAF-8131-E098F331F930},0,,27375954-BEA0-4DAF-8131-E098F331F930,Unknown,,W,,,St,W 8Th St,2023/09/12 23:03:18+00,6062 W 8Th St Los Angeles 90036,27375954-BEA0-4DAF-8131-E098F331F930_6062_W_8Th_St_Los_Angeles_90036,8Th,6062 W 8Th Street St Los Angeles 90036,,,,
610820,1187562,,5086008001.0,,6064.0,,,West,,,8Th,Street,,,,,,,,,,,,,90036.0,,Los Angeles,Los Angeles,,,,,LA City,{2A8392E4-4080-4E13-97F5-0A333524B93A},0,,2A8392E4-4080-4E13-97F5-0A333524B93A,Unknown,,W,,,St,W 8Th St,2023/09/12 23:03:18+00,6064 W 8Th St Los Angeles 90036,2A8392E4-4080-4E13-97F5-0A333524B93A_6064_W_8Th_St_Los_Angeles_90036,8Th,6064 W 8Th Street St Los Angeles 90036,,,,
610821,1187563,,5086008002.0,,813.0,,,South,,,Orange Grove,Avenue,,,,,,,,,,,,,90036.0,,Los Angeles,Los Angeles,,,,,LA City,{36EAEBCB-C063-4695-AEEA-41E35589EC4A},0,,36EAEBCB-C063-4695-AEEA-41E35589EC4A,Unknown,,S,,,Ave,S Orange Grove Ave,2023/09/12 23:03:18+00,813 S Orange Grove Ave Los Angeles 90036,36EAEBCB-C063-4695-AEEA-41E35589EC4A_813_S_Orange_Grove_Ave_Los_Angeles_90036,Orange Grove,813 S Orange Grove Avenue Ave Los Angeles 90036,,,,
610822,1187564,,5086008002.0,,811.0,,,South,,,Orange Grove,Avenue,,,,,,,,,,,,,90036.0,,Los Angeles,Los Angeles,,,,,LA City,{A613A28E-BAE3-4C22-A8B3-60231D7CD197},0,,A613A28E-BAE3-4C22-A8B3-60231D7CD197,Unknown,,S,,,Ave,S Orange Grove Ave,2023/09/12 23:03:18+00,811 S Orange Grove Ave Los Angeles 90036,A613A28E-BAE3-4C22-A8B3-60231D7CD197_811_S_Orange_Grove_Ave_Los_Angeles_90036,Orange Grove,811 S Orange Grove Avenue Ave Los Angeles 90036,,,,
610823,1187565,,5086008003.0,,817.0,,,South,,,Orange Grove,Avenue,,,,,,,,,,,,,90036.0,,Los Angeles,Los Angeles,,,,,LA City,{5D41FB28-647D-4681-9921-A5AE02E52BEC},0,,5D41FB28-647D-4681-9921-A5AE02E52BEC,Unknown,,S,,,Ave,S Orange Grove Ave,2023/09/12 23:03:18+00,817 S Orange Grove Ave Los Angeles 90036,5D41FB28-647D-4681-9921-A5AE02E52BEC_817_S_Orange_Grove_Ave_Los_Angeles_90036,Orange Grove,817 S Orange Grove Avenue Ave Los Angeles 90036,,,,
610824,1187566,,5086008003.0,,815.0,,,South,,,Orange Grove,Avenue,,,,,,,,,,,,,90036.0,,Los Angeles,Los Angeles,,,,,LA City,{361C7EB1-87FD-4177-BCFA-CFB3629645DD},0,,361C7EB1-87FD-4177-BCFA-CFB3629645DD,Unknown,,S,,,Ave,S Orange Grove Ave,2023/09/12 23:03:18+00,815 S Orange Grove Ave Los Angeles 90036,361C7EB1-87FD-4177-BCFA-CFB3629645DD_815_S_Orange_Grove_Ave_Los_Angeles_90036,Orange Grove,815 S Orange Grove Avenue Ave Los Angeles 90036,,,,
610825,1187567,,5086008004.0,,819.0,,,South,,,Orange Grove,Avenue,,,,,,,,,,,,,90036.0,,Los Angeles,Los Angeles,,,,,LA City,{30F43F8D-B4A9-4D0D-9E0B-AD5514ABE44B},0,,30F43F8D-B4A9-4D0D-9E0B-AD5514ABE44B,Unknown,,S,,,Ave,S Orange Grove Ave,2023/09/12 23:03:18+00,819 S Orange Grove Ave Los Angeles 90036,30F43F8D-B4A9-4D0D-9E0B-AD5514ABE44B_819_S_Orange_Grove_Ave_Los_Angeles_90036,Orange Grove,819 S Orange Grove Avenue Ave Los Angeles 90036,,,,
610826,1187568,,5086008005.0,,825.0,,,South,,,Orange Grove,Avenue,,,,,,,,,,,,,90036.0,,Los Angeles,Los Angeles,,,,,LA City,{17C697E4-4F52-46ED-8373-B02D9D3F9E3D},0,,17C697E4-4F52-46ED-8373-B02D9D3F9E3D,Unknown,,S,,,Ave,S Orange Grove Ave,2023/09/12 23:03:18+00,825 S Orange Grove Ave Los Angeles 90036,17C697E4-4F52-46ED-8373-B02D9D3F9E3D_825_S_Orange_Grove_Ave_Los_Angeles_90036,Orange Grove,825 S Orange Grove Avenue Ave Los Angeles 90036,,,,
610827,1187569,,5086008005.0,,823.0,,,South,,,Orange Grove,Avenue,,,,,,,,,,,,,90036.0,,Los Angeles,Los Angeles,,,,,Assessor,{2B298703-10B0-4E91-A776-575DE3DE5E82},0,,2B298703-10B0-4E91-A776-575DE3DE5E82,Unknown,,S,,,Ave,S Orange Grove Ave,2024/04/27 17:13:09+00,823 S Orange Grove Ave Los Angeles 90036,2B298703-10B0-4E91-A776-575DE3DE5E82_823_S_Orange_Grove_Ave_Los_Angeles_90036,Orange Grove,823 S Orange Grove Avenue Ave Los Angeles 90036,,,,
610828,1187570,,5086008006.0,,831.0,,,South,,,Orange Grove,Avenue,,,,,,,,,,,,,90036.0,,Los Angeles,Los Angeles,,,,,LA City,{7713C879-41C0-46E1-B5C6-CA0768171FBD},0,,7713C879-41C0-46E1-B5C6-CA0768171FBD,Unknown,,S,,,Ave,S Orange Grove Ave,2023/09/12 23:03:18+00,831 S Orange Grove Ave Los Angeles 90036,7713C879-41C0-46E1-B5C6-CA0768171FBD_831_S_Orange_Grove_Ave_Los_Angeles_90036,Orange Grove,831 S Orange Grove Avenue Ave Los Angeles 90036,,,,
610829,1187571,,5086008007.0,,833.0,,,South,,,Orange Grove,Avenue,,,,,,,,,,,,,90036.0,,Los Angeles,Los Angeles,,,,,LA City,{214F10CA-62C1-4C94-BA83-48F6748555ED},0,,214F10CA-62C1-4C94-BA83-48F6748555ED,Unknown,,S,,,Ave,S Orange Grove Ave,2023/09/12 23:03:18+00,833 S Orange Grove Ave Los Angeles 90036,214F10CA-62C1-4C94-BA83-48F6748555ED_833_S_Orange_Grove_Ave_Los_Angeles_90036,Orange Grove,833 S Orange Grove Avenue Ave Los Angeles 90036,,,,
610830,1187572,,5086008007.0,,835.0,,,South,,,Orange Grove,Avenue,,,,,,,,,,,,,90036.0,,Los Angeles,Los Angeles,,,,,LA City,{2F6DEBE2-FE58-4ED8-B839-7E96C36388C7},0,,2F6DEBE2-FE58-4ED8-B839-7E96C36388C7,Unknown,,S,,,Ave,S Orange Grove Ave,2023/09/12 23:03:18+00,835 S Orange Grove Ave Los Angeles 90036,2F6DEBE2-FE58-4ED8-B839-7E96C36388C7_835_S_Orange_Grove_Ave_Los_Angeles_90036,Orange Grove,835 S Orange Grove Avenue Ave Los Angeles 90036,,,,
610831,1187573,,5086008010.0,,800.0,,,South,,,Fairfax,Avenue,,,,,,,,,,,,,90036.0,,Los Angeles,Los Angeles,,,,,LA City,{0A92894C-7874-485A-B157-81AE622693E1},0,,0A92894C-7874-485A-B157-81AE622693E1,Unknown,,S,,,Ave,S Fairfax Ave,2023/09/12 23:03:18+00,800 S Fairfax Ave Los Angeles 90036,0A92894C-7874-485A-B157-81AE622693E1_800_S_Fairfax_Ave_Los_Angeles_90036,Fairfax,800 S Fairfax Avenue Ave Los Angeles 90036,,,,
610832,1187574,,5086008010.0,,830.0,,,South,,,Fairfax,Avenue,,,,,,,,,,,,,90036.0,,Los Angeles,Los Angeles,,,,,LA City,{D5AD40C7-6D30-4669-A8C4-DEE94885D4C9},0,,D5AD40C7-6D30-4669-A8C4-DEE94885D4C9,Unknown,,S,,,Ave,S Fairfax Ave,2023/09/12 23:03:18+00,830 S Fairfax Ave Los Angeles 90036,D5AD40C7-6D30-4669-A8C4-DEE94885D4C9_830_S_Fairfax_Ave_Los_Angeles_90036,Fairfax,830 S Fairfax Avenue Ave Los Angeles 90036,,,,
610833,1187575,,5086008011.0,,841.0,,,South,,,Orange Grove,Avenue,,,,,,,,,,,,,90036.0,,Los Angeles,Los Angeles,,,,,LA City,{E942A380-9050-4282-8131-4B86D71B9C0E},0,,E942A380-9050-4282-8131-4B86D71B9C0E,Unknown,,S,,,Ave,S Orange Grove Ave,2024/05/12 21:05:27+00,841 S Orange Grove Ave Los Angeles 90036,E942A380-9050-4282-8131-4B86D71B9C0E_841_S_Orange_Grove_Ave_Los_Angeles_90036,Orange Grove,841 S Orange Grove Avenue Ave Los Angeles 90036,,,,
610834,1187576,,5086008011.0,,839.0,1/2,,South,,,Orange Grove,Avenue,,,,,,,,,,,,,90036.0,,Los Angeles,Los Angeles,,,,,LA City,{7F9FF0A6-E329-4E46-8C14-D87F54F63F35},0,,7F9FF0A6-E329-4E46-8C14-D87F54F63F35,Unknown,,S,,,Ave,S Orange Grove Ave,2024/05/12 21:05:27+00,839 1/2 S Orange Grove Ave Los Angeles 90036,7F9FF0A6-E329-4E46-8C14-D87F54F63F35_839_1/2_S_Orange_Grove_Ave_Los_Angeles_90036,Orange Grove,839 1/2 S Orange Grove Avenue Ave Los Angeles 90036,,,,
610835,1187577,,5086008011.0,,841.0,1/2,,South,,,Orange Grove,Avenue,,,,,,,,,,,,,90036.0,,Los Angeles,Los Angeles,,,,,LA City,{93517640-9CB8-4F09-A47B-5F904C4C01F8},0,,93517640-9CB8-4F09-A47B-5F904C4C01F8,Unknown,,S,,,Ave,S Orange Grove Ave,2024/05/12 21:05:27+00,841 1/2 S Orange Grove Ave Los Angeles 90036,93517640-9CB8-4F09-A47B-5F904C4C01F8_841_1/2_S_Orange_Grove_Ave_Los_Angeles_90036,Orange Grove,841 1/2 S Orange Grove Avenue Ave Los Angeles 90036,,,,
610836,1187578,,5086008011.0,,839.0,,,South,,,Orange Grove,Avenue,,,,,,,,,,,,,90036.0,,Los Angeles,Los Angeles,,,,,LA City,{A20EEFF5-940F-4CD8-94C7-B65A57C8158B},0,,A20EEFF5-940F-4CD8-94C7-B65A57C8158B,Unknown,,S,,,Ave,S Orange Grove Ave,2024/05/12 21:05:27+00,839 S Orange Grove Ave Los Angeles 90036,A20EEFF5-940F-4CD8-94C7-B65A57C8158B_839_S_Orange_Grove_Ave_Los_Angeles_90036,Orange Grove,839 S Orange Grove Avenue Ave Los Angeles 90036,,,,
610837,1187579,,5086008012.0,,840.0,,,South,,,Fairfax,Avenue,,,,,,,,,,,,,90036.0,,Los Angeles,Los Angeles,,,,,LA City,{D859DB84-5803-4532-B652-3DCCFA0AF5B3},0,,D859DB84-5803-4532-B652-3DCCFA0AF5B3,Unknown,,S,,,Ave,S Fairfax Ave,2023/09/12 23:03:18+00,840 S Fairfax Ave Los Angeles 90036,D859DB84-5803-4532-B652-3DCCFA0AF5B3_840_S_Fairfax_Ave_Los_Angeles_90036,Fairfax,840 S Fairfax Avenue Ave Los Angeles 90036,,,,
610838,1187580,,5086009014.0,,710.0,,,South,,,Fairfax,Avenue,,,,,,,,,,,,,90036.0,,Los Angeles,Los Angeles,,,,,LA City,{69C170DE-5907-4D93-BFA5-E6C3A7CDA8AB},0,,69C170DE-5907-4D93-BFA5-E6C3A7CDA8AB,Unknown,,S,,,Ave,S Fairfax Ave,2023/09/12 23:03:18+00,710 S Fairfax Ave Los Angeles 90036,69C170DE-5907-4D93-BFA5-E6C3A7CDA8AB_710_S_Fairfax_Ave_Los_Angeles_90036,Fairfax,710 S Fairfax Avenue Ave Los Angeles 90036,,,,
610839,1187581,,5086009014.0,,770.0,,,South,,,Fairfax,Avenue,,,,,,,,,,,,,90036.0,,Los Angeles,Los Angeles,,,,,LA City,{B67F3929-D61C-438A-8073-FFED36A77127},0,,B67F3929-D61C-438A-8073-FFED36A77127,Unknown,,S,,,Ave,S Fairfax Ave,2023/09/12 23:03:18+00,770 S Fairfax Ave Los Angeles 90036,B67F3929-D61C-438A-8073-FFED36A77127_770_S_Fairfax_Ave_Los_Angeles_90036,Fairfax,770 S Fairfax Avenue Ave Los Angeles 90036,,,,
610840,1187582,,5086009014.0,,6060.0,,,West,,,Wilshire,Boulevard,,,,,,,,,,,,,90036.0,,Los Angeles,Los Angeles,,,,,LA City,{77092A3A-48FD-43DD-9870-61D4380B7F5B},0,,77092A3A-48FD-43DD-9870-61D4380B7F5B,Unknown,,W,,,Blvd,W Wilshire Blvd,2023/09/12 23:03:18+00,6060 W Wilshire Blvd Los Angeles 90036,77092A3A-48FD-43DD-9870-61D4380B7F5B_6060_W_Wilshire_Blvd_Los_Angeles_90036,Wilshire,6060 W Wilshire Boulevard Blvd Los Angeles 90036,,,,
610841,1187583,,5086009014.0,,712.0,,,South,,,Fairfax,Avenue,,,,,,,,,,,,,90036.0,,Los Angeles,Los Angeles,,,,,LA City,{E473909A-7D89-4FDF-AB2E-82AE9CAEE2A9},0,,E473909A-7D89-4FDF-AB2E-82AE9CAEE2A9,Unknown,,S,,,Ave,S Fairfax Ave,2023/09/12 23:03:18+00,712 S Fairfax Ave Los Angeles 90036,E473909A-7D89-4FDF-AB2E-82AE9CAEE2A9_712_S_Fairfax_Ave_Los_Angeles_90036,Fairfax,712 S Fairfax Avenue Ave Los Angeles 90036,,,,
610842,1187584,,5086010005.0,,754.0,,,South,,,Orange Grove,Avenue,,,,,,,,,,,,,90036.0,,Los Angeles,Los Angeles,,,,,LA City,{7D2A51C2-9B74-413F-9B3E-72794A9EC195},0,,7D2A51C2-9B74-413F-9B3E-72794A9EC195,Unknown,,S,,,Ave,S Orange Grove Ave,2023/09/12 23:03:18+00,754 S Orange Grove Ave Los Angeles 90036,7D2A51C2-9B74-413F-9B3E-72794A9EC195_754_S_Orange_Grove_Ave_Los_Angeles_90036,Orange Grove,754 S Orange Grove Avenue Ave Los Angeles 90036,,,,
610843,1187585,,5086010005.0,,6021.0,,,West,,,8Th,Street,,,,,,,,,,,,,90036.0,,Los Angeles,Los Angeles,,,,,LA City,{170588A5-2D0F-4052-A9E9-889550602B51},0,,170588A5-2D0F-4052-A9E9-889550602B51,Unknown,,W,,,St,W 8Th St,2023/09/12 23:03:18+00,6021 W 8Th St Los Angeles 90036,170588A5-2D0F-4052-A9E9-889550602B51_6021_W_8Th_St_Los_Angeles_90036,8Th,6021 W 8Th Street St Los Angeles 90036,,,,
610844,1187586,,5086010005.0,,6023.0,,,West,,,8Th,Street,,,,,,,,,,,,,90036.0,,Los Angeles,Los Angeles,,,,,LA City,{342B1CEF-AB83-49EC-9BE0-89CD38A45069},0,,342B1CEF-AB83-49EC-9BE0-89CD38A45069,Unknown,,W,,,St,W 8Th St,2023/09/12 23:03:18+00,6023 W 8Th St Los Angeles 90036,342B1CEF-AB83-49EC-9BE0-89CD38A45069_6023_W_8Th_St_Los_Angeles_90036,8Th,6023 W 8Th Street St Los Angeles 90036,,,,
610845,1187587,,5086010005.0,,756.0,,,South,,,Orange Grove,Avenue,,,,,,,,,,,,,90036.0,,Los Angeles,Los Angeles,,,,,LA City,{5A276314-8839-4D52-B827-E3CDB1BDC5B1},0,,5A276314-8839-4D52-B827-E3CDB1BDC5B1,Unknown,,S,,,Ave,S Orange Grove Ave,2023/09/12 23:03:18+00,756 S Orange Grove Ave Los Angeles 90036,5A276314-8839-4D52-B827-E3CDB1BDC5B1_756_S_Orange_Grove_Ave_Los_Angeles_90036,Orange Grove,756 S Orange Grove Avenue Ave Los Angeles 90036,,,,
610846,1187588,,5086010006.0,,750.0,1/2,,South,,,Orange Grove,Avenue,,,,,,,,,,,,,90036.0,,Los Angeles,Los Angeles,,,,,LA City,{4CF04E26-1A2A-413C-9375-E36FA18AE978},0,,4CF04E26-1A2A-413C-9375-E36FA18AE978,Unknown,,S,,,Ave,S Orange Grove Ave,2024/05/12 21:05:27+00,750 1/2 S Orange Grove Ave Los Angeles 90036,4CF04E26-1A2A-413C-9375-E36FA18AE978_750_1/2_S_Orange_Grove_Ave_Los_Angeles_90036,Orange Grove,750 1/2 S Orange Grove Avenue Ave Los Angeles 90036,,,,
610847,1187589,,5086010006.0,,748.0,1/4,,South,,,Orange Grove,Avenue,,,,,,,,,,,,,90036.0,,Los Angeles,Los Angeles,,,,,LA City,{7A6AA128-92C2-4A84-87FC-3C5963B260FD},0,,7A6AA128-92C2-4A84-87FC-3C5963B260FD,Unknown,,S,,,Ave,S Orange Grove Ave,2024/05/12 21:05:27+00,748 1/4 S Orange Grove Ave Los Angeles 90036,7A6AA128-92C2-4A84-87FC-3C5963B260FD_748_1/4_S_Orange_Grove_Ave_Los_Angeles_90036,Orange Grove,748 1/4 S Orange Grove Avenue Ave Los Angeles 90036,,,,
610848,1187590,,5086010006.0,,748.0,,,South,,,Orange Grove,Avenue,,,,,,,,,,,,,90036.0,,Los Angeles,Los Angeles,,,,,LA City,{FEFC5EAE-4495-4387-8D04-16841A33D7E4},0,,FEFC5EAE-4495-4387-8D04-16841A33D7E4,Unknown,,S,,,Ave,S Orange Grove Ave,2024/05/12 21:05:27+00,748 S Orange Grove Ave Los Angeles 90036,FEFC5EAE-4495-4387-8D04-16841A33D7E4_748_S_Orange_Grove_Ave_Los_Angeles_90036,Orange Grove,748 S Orange Grove Avenue Ave Los Angeles 90036,,,,
610849,1187591,,5086010006.0,,748.0,1/2,,South,,,Orange Grove,Avenue,,,,,,,,,,,,,90036.0,,Los Angeles,Los Angeles,,,,,LA City,{F1116875-0E1A-45B8-8A20-099132C86902},0,,F1116875-0E1A-45B8-8A20-099132C86902,Unknown,,S,,,Ave,S Orange Grove Ave,2024/05/12 21:05:27+00,748 1/2 S Orange Grove Ave Los Angeles 90036,F1116875-0E1A-45B8-8A20-099132C86902_748_1/2_S_Orange_Grove_Ave_Los_Angeles_90036,Orange Grove,748 1/2 S Orange Grove Avenue Ave Los Angeles 90036,,,,
610850,1187592,,5086010006.0,,750.0,,,South,,,Orange Grove,Avenue,,,,,,,,,,,,,90036.0,,Los Angeles,Los Angeles,,,,,LA City,{61ED6A97-322F-4F56-B59E-73E5C724EFB0},0,,61ED6A97-322F-4F56-B59E-73E5C724EFB0,Unknown,,S,,,Ave,S Orange Grove Ave,2024/05/12 21:05:27+00,750 S Orange Grove Ave Los Angeles 90036,61ED6A97-322F-4F56-B59E-73E5C724EFB0_750_S_Orange_Grove_Ave_Los_Angeles_90036,Orange Grove,750 S Orange Grove Avenue Ave Los Angeles 90036,,,,
610851,1187593,,5086010006.0,,752.0,1/2,,South,,,Orange Grove,Avenue,,,,,,,,,,,,,90036.0,,Los Angeles,Los Angeles,,,,,LA City,{2CB63BA2-894E-4A85-A29A-14CED620B2CF},0,,2CB63BA2-894E-4A85-A29A-14CED620B2CF,Unknown,,S,,,Ave,S Orange Grove Ave,2024/05/12 21:05:27+00,752 1/2 S Orange Grove Ave Los Angeles 90036,2CB63BA2-894E-4A85-A29A-14CED620B2CF_752_1/2_S_Orange_Grove_Ave_Los_Angeles_90036,Orange Grove,752 1/2 S Orange Grove Avenue Ave Los Angeles 90036,,,,
610852,1187594,,5086010006.0,,752.0,,,South,,,Orange Grove,Avenue,,,,,,,,,,,,,90036.0,,Los Angeles,Los Angeles,,,,,LA City,{422C1335-A010-478C-95BF-038BBD68A7CE},0,,422C1335-A010-478C-95BF-038BBD68A7CE,Unknown,,S,,,Ave,S Orange Grove Ave,2024/05/12 21:05:27+00,752 S Orange Grove Ave Los Angeles 90036,422C1335-A010-478C-95BF-038BBD68A7CE_752_S_Orange_Grove_Ave_Los_Angeles_90036,Orange Grove,752 S Orange Grove Avenue Ave Los Angeles 90036,,,,
610853,1187595,,5086010007.0,,746.0,1/4,,South,,,Orange Grove,Avenue,,,,,,,,,,,,,90036.0,,Los Angeles,Los Angeles,,,,,LA City,{B9FC0D1E-0CEC-44C0-B3A4-DF0E78B8669D},0,,B9FC0D1E-0CEC-44C0-B3A4-DF0E78B8669D,Unknown,,S,,,Ave,S Orange Grove Ave,2024/05/12 21:05:27+00,746 1/4 S Orange Grove Ave Los Angeles 90036,B9FC0D1E-0CEC-44C0-B3A4-DF0E78B8669D_746_1/4_S_Orange_Grove_Ave_Los_Angeles_90036,Orange Grove,746 1/4 S Orange Grove Avenue Ave Los Angeles 90036,,,,
610854,1187596,,5086010007.0,,744.0,,,South,,,Orange Grove,Avenue,,,,,,,,,,,,,90036.0,,Los Angeles,Los Angeles,,,,,LA City,{3294B4A4-FE65-4FC6-91AD-0B354B1BACE4},0,,3294B4A4-FE65-4FC6-91AD-0B354B1BACE4,Unknown,,S,,,Ave,S Orange Grove Ave,2024/05/12 21:05:27+00,744 S Orange Grove Ave Los Angeles 90036,3294B4A4-FE65-4FC6-91AD-0B354B1BACE4_744_S_Orange_Grove_Ave_Los_Angeles_90036,Orange Grove,744 S Orange Grove Avenue Ave Los Angeles 90036,,,,
610855,1187597,,5086010007.0,,746.0,1/2,,South,,,Orange Grove,Avenue,,,,,,,,,,,,,90036.0,,Los Angeles,Los Angeles,,,,,LA City,{941EA936-99CC-4B15-88DF-279B1999045D},0,,941EA936-99CC-4B15-88DF-279B1999045D,Unknown,,S,,,Ave,S Orange Grove Ave,2024/05/12 21:05:27+00,746 1/2 S Orange Grove Ave Los Angeles 90036,941EA936-99CC-4B15-88DF-279B1999045D_746_1/2_S_Orange_Grove_Ave_Los_Angeles_90036,Orange Grove,746 1/2 S Orange Grove Avenue Ave Los Angeles 90036,,,,
610856,1187598,,5086010007.0,,744.0,1/2,,South,,,Orange Grove,Avenue,,,,,,,,,,,,,90036.0,,Los Angeles,Los Angeles,,,,,LA City,{D21BBFA0-93B7-461B-A10D-4EBCAED3B46C},0,,D21BBFA0-93B7-461B-A10D-4EBCAED3B46C,Unknown,,S,,,Ave,S Orange Grove Ave,2024/05/12 21:05:27+00,744 1/2 S Orange Grove Ave Los Angeles 90036,D21BBFA0-93B7-461B-A10D-4EBCAED3B46C_744_1/2_S_Orange_Grove_Ave_Los_Angeles_90036,Orange Grove,744 1/2 S Orange Grove Avenue Ave Los Angeles 90036,,,,
610857,1187599,,5086010007.0,,744.0,1/4,,South,,,Orange Grove,Avenue,,,,,,,,,,,,,90036.0,,Los Angeles,Los Angeles,,,,,LA City,{E752EC13-CAA6-435B-A369-3F1E4FD53B5A},0,,E752EC13-CAA6-435B-A369-3F1E4FD53B5A,Unknown,,S,,,Ave,S Orange Grove Ave,2024/05/12 21:05:27+00,744 1/4 S Orange Grove Ave Los Angeles 90036,E752EC13-CAA6-435B-A369-3F1E4FD53B5A_744_1/4_S_Orange_Grove_Ave_Los_Angeles_90036,Orange Grove,744 1/4 S Orange Grove Avenue Ave Los Angeles 90036,,,,
610858,1187600,,5086010007.0,,746.0,,,South,,,Orange Grove,Avenue,,,,,,,,,,,,,90036.0,,Los Angeles,Los Angeles,,,,,LA City,{76FB6858-D247-4968-840F-D8585C1E7026},0,,76FB6858-D247-4968-840F-D8585C1E7026,Unknown,,S,,,Ave,S Orange Grove Ave,2024/05/12 21:05:27+00,746 S Orange Grove Ave Los Angeles 90036,76FB6858-D247-4968-840F-D8585C1E7026_746_S_Orange_Grove_Ave_Los_Angeles_90036,Orange Grove,746 S Orange Grove Avenue Ave Los Angeles 90036,,,,
610859,1187601,,5086010008.0,,742.0,,,South,,,Orange Grove,Avenue,,,,,,,,,,,,,90036.0,,Los Angeles,Los Angeles,,,,,LA City,{A349F98C-2190-4AEB-8247-C5A3AA2B4688},0,,A349F98C-2190-4AEB-8247-C5A3AA2B4688,Unknown,,S,,,Ave,S Orange Grove Ave,2023/09/12 23:03:18+00,742 S Orange Grove Ave Los Angeles 90036,A349F98C-2190-4AEB-8247-C5A3AA2B4688_742_S_Orange_Grove_Ave_Los_Angeles_90036,Orange Grove,742 S Orange Grove Avenue Ave Los Angeles 90036,,,,
610860,1187602,,5086010008.0,,740.0,1/2,,South,,,Orange Grove,Avenue,,,,,,,,,,,,,90036.0,,Los Angeles,Los Angeles,,,,,LA City,{AD392084-8856-421E-A7D1-A4DC4033A51F},0,,AD392084-8856-421E-A7D1-A4DC4033A51F,Unknown,,S,,,Ave,S Orange Grove Ave,2024/05/12 21:05:27+00,740 1/2 S Orange Grove Ave Los Angeles 90036,AD392084-8856-421E-A7D1-A4DC4033A51F_740_1/2_S_Orange_Grove_Ave_Los_Angeles_90036,Orange Grove,740 1/2 S Orange Grove Avenue Ave Los Angeles 90036,,,,
610861,1187603,,5086010008.0,,740.0,,,South,,,Orange Grove,Avenue,,,,,,,,,,,,,90036.0,,Los Angeles,Los Angeles,,,,,LA City,{279DB4FD-94DC-4EDC-8136-C35911360F77},0,,279DB4FD-94DC-4EDC-8136-C35911360F77,Unknown,,S,,,Ave,S Orange Grove Ave,2024/05/12 21:05:27+00,740 S Orange Grove Ave Los Angeles 90036,279DB4FD-94DC-4EDC-8136-C35911360F77_740_S_Orange_Grove_Ave_Los_Angeles_90036,Orange Grove,740 S Orange Grove Avenue Ave Los Angeles 90036,,,,
610862,1187604,,5086010011.0,,728.0,,,South,,,Orange Grove,Avenue,,,,,,,,,,,,,90036.0,,Los Angeles,Los Angeles,,,,,LA City,{4A7757DD-B483-4B56-BA58-4D84BF1BA792},0,,4A7757DD-B483-4B56-BA58-4D84BF1BA792,Unknown,,S,,,Ave,S Orange Grove Ave,2023/09/12 23:03:18+00,728 S Orange Grove Ave Los Angeles 90036,4A7757DD-B483-4B56-BA58-4D84BF1BA792_728_S_Orange_Grove_Ave_Los_Angeles_90036,Orange Grove,728 S Orange Grove Avenue Ave Los Angeles 90036,,,,
610863,1187605,,5086010011.0,,726.0,,,South,,,Orange Grove,Avenue,,,,,,,,,,,,,90036.0,,Los Angeles,Los Angeles,,,,,LA City,{B7FC63D8-AF43-48E9-9F21-129E7A2A37A9},0,,B7FC63D8-AF43-48E9-9F21-129E7A2A37A9,Unknown,,S,,,Ave,S Orange Grove Ave,2023/09/12 23:03:18+00,726 S Orange Grove Ave Los Angeles 90036,B7FC63D8-AF43-48E9-9F21-129E7A2A37A9_726_S_Orange_Grove_Ave_Los_Angeles_90036,Orange Grove,726 S Orange Grove Avenue Ave Los Angeles 90036,,,,
610864,1187606,,5086010012.0,,720.0,1/2,,South,,,Orange Grove,Avenue,,,,,,,,,,,,,90036.0,,Los Angeles,Los Angeles,,,,,LA City,{BD538A76-9840-43C0-B4C5-13937806A91D},0,,BD538A76-9840-43C0-B4C5-13937806A91D,Unknown,,S,,,Ave,S Orange Grove Ave,2024/05/12 21:05:27+00,720 1/2 S Orange Grove Ave Los Angeles 90036,BD538A76-9840-43C0-B4C5-13937806A91D_720_1/2_S_Orange_Grove_Ave_Los_Angeles_90036,Orange Grove,720 1/2 S Orange Grove Avenue Ave Los Angeles 90036,,,,
610865,1187607,,5086010012.0,,720.0,,,South,,,Orange Grove,Avenue,,,,,,,,,,,,,90036.0,,Los Angeles,Los Angeles,,,,,LA City,{538CA83B-B4FD-4CD8-BFE5-E13134A37AFC},0,,538CA83B-B4FD-4CD8-BFE5-E13134A37AFC,Unknown,,S,,,Ave,S Orange Grove Ave,2024/05/12 21:05:27+00,720 S Orange Grove Ave Los Angeles 90036,538CA83B-B4FD-4CD8-BFE5-E13134A37AFC_720_S_Orange_Grove_Ave_Los_Angeles_90036,Orange Grove,720 S Orange Grove Avenue Ave Los Angeles 90036,,,,
610866,1187608,,5086010012.0,,722.0,,,South,,,Orange Grove,Avenue,,,,,,,,,,,,,90036.0,,Los Angeles,Los Angeles,,,,,LA City,{79E41D30-26E3-4783-9E33-6D283502BDE4},0,,79E41D30-26E3-4783-9E33-6D283502BDE4,Unknown,,S,,,Ave,S Orange Grove Ave,2024/05/12 21:05:27+00,722 S Orange Grove Ave Los Angeles 90036,79E41D30-26E3-4783-9E33-6D283502BDE4_722_S_Orange_Grove_Ave_Los_Angeles_90036,Orange Grove,722 S Orange Grove Avenue Ave Los Angeles 90036,,,,
610867,1187609,,5086010012.0,,722.0,1/2,,South,,,Orange Grove,Avenue,,,,,,,,,,,,,90036.0,,Los Angeles,Los Angeles,,,,,LA City,{0146D66D-BD20-40C3-BBA5-49D5A3D17B78},0,,0146D66D-BD20-40C3-BBA5-49D5A3D17B78,Unknown,,S,,,Ave,S Orange Grove Ave,2024/05/12 21:05:27+00,722 1/2 S Orange Grove Ave Los Angeles 90036,0146D66D-BD20-40C3-BBA5-49D5A3D17B78_722_1/2_S_Orange_Grove_Ave_Los_Angeles_90036,Orange Grove,722 1/2 S Orange Grove Avenue Ave Los Angeles 90036,,,,
610868,1187610,,5086010020.0,,749.0,,,South,,,Ogden,Drive,,,,,,,,,,,,,90036.0,,Los Angeles,Los Angeles,,,,,LA City,{EE2597BC-59C5-4BC3-A0F5-C8FE7980E486},0,,EE2597BC-59C5-4BC3-A0F5-C8FE7980E486,Unknown,,S,,,Dr,S Ogden Dr,2023/09/12 23:03:18+00,749 S Ogden Dr Los Angeles 90036,EE2597BC-59C5-4BC3-A0F5-C8FE7980E486_749_S_Ogden_Dr_Los_Angeles_90036,Ogden,749 S Ogden Drive Dr Los Angeles 90036,,,,
610869,1187611,,5086010021.0,,753.0,,,South,,,Ogden,Drive,,,,,,,,,,,,,90036.0,,Los Angeles,Los Angeles,,,,,LA City,{EA4120E5-2CD2-49B2-B636-891291C70D8B},0,,EA4120E5-2CD2-49B2-B636-891291C70D8B,Unknown,,S,,,Dr,S Ogden Dr,2023/09/12 23:03:18+00,753 S Ogden Dr Los Angeles 90036,EA4120E5-2CD2-49B2-B636-891291C70D8B_753_S_Ogden_Dr_Los_Angeles_90036,Ogden,753 S Ogden Drive Dr Los Angeles 90036,,,,
610870,1187612,,5086010022.0,,6005.0,,,West,,,8Th,Street,,,,,,,,,,,,,90036.0,,Los Angeles,Los Angeles,,,,,LA City,{FEBBC6B6-4BEE-4871-A93B-B69C7ACB1F7E},0,,FEBBC6B6-4BEE-4871-A93B-B69C7ACB1F7E,Unknown,,W,,,St,W 8Th St,2023/09/12 23:03:18+00,6005 W 8Th St Los Angeles 90036,FEBBC6B6-4BEE-4871-A93B-B69C7ACB1F7E_6005_W_8Th_St_Los_Angeles_90036,8Th,6005 W 8Th Street St Los Angeles 90036,,,,
610871,1187613,,5086010022.0,,757.0,,,South,,,Ogden,Drive,,,,,,,,,,,,,90036.0,,Los Angeles,Los Angeles,,,,,LA City,{6DF6099A-1592-48E0-B572-0E689EBD59BC},0,,6DF6099A-1592-48E0-B572-0E689EBD59BC,Unknown,,S,,,Dr,S Ogden Dr,2023/09/12 23:03:18+00,757 S Ogden Dr Los Angeles 90036,6DF6099A-1592-48E0-B572-0E689EBD59BC_757_S_Ogden_Dr_Los_Angeles_90036,Ogden,757 S Ogden Drive Dr Los Angeles 90036,,,,
610872,1187614,,5086010022.0,,6009.0,,,West,,,8Th,Street,,,,,,,,,,,,,90036.0,,Los Angeles,Los Angeles,,,,,LA City,{83C7639C-AB3E-4BA0-9C8C-4E86716B2118},0,,83C7639C-AB3E-4BA0-9C8C-4E86716B2118,Unknown,,W,,,St,W 8Th St,2023/09/12 23:03:18+00,6009 W 8Th St Los Angeles 90036,83C7639C-AB3E-4BA0-9C8C-4E86716B2118_6009_W_8Th_St_Los_Angeles_90036,8Th,6009 W 8Th Street St Los Angeles 90036,,,,
610873,1187615,,5086010022.0,,759.0,,,South,,,Ogden,Drive,,,,,,,,,,,,,90036.0,,Los Angeles,Los Angeles,,,,,LA City,{2C1BA94D-D92F-49C4-BFC1-E348DD5DC0FC},0,,2C1BA94D-D92F-49C4-BFC1-E348DD5DC0FC,Unknown,,S,,,Dr,S Ogden Dr,2023/09/12 23:03:18+00,759 S Ogden Dr Los Angeles 90036,2C1BA94D-D92F-49C4-BFC1-E348DD5DC0FC_759_S_Ogden_Dr_Los_Angeles_90036,Ogden,759 S Ogden Drive Dr Los Angeles 90036,,,,
610874,1187616,,5086010022.0,,763.0,,,South,,,Ogden,Drive,,,,,,,,,,,,,90036.0,,Los Angeles,Los Angeles,,,,,LA City,{6CC8D5B7-0E53-4090-A338-2751CB8178D2},0,,6CC8D5B7-0E53-4090-A338-2751CB8178D2,Unknown,,S,,,Dr,S Ogden Dr,2023/09/12 23:03:18+00,763 S Ogden Dr Los Angeles 90036,6CC8D5B7-0E53-4090-A338-2751CB8178D2_763_S_Ogden_Dr_Los_Angeles_90036,Ogden,763 S Ogden Drive Dr Los Angeles 90036,,,,
610875,1187617,,5086010022.0,,6007.0,,,West,,,8Th,Street,,,,,,,,,,,,,90036.0,,Los Angeles,Los Angeles,,,,,LA City,{438B3F1D-D06D-4E19-9EB9-5193C34757F8},0,,438B3F1D-D06D-4E19-9EB9-5193C34757F8,Unknown,,W,,,St,W 8Th St,2023/09/12 23:03:18+00,6007 W 8Th St Los Angeles 90036,438B3F1D-D06D-4E19-9EB9-5193C34757F8_6007_W_8Th_St_Los_Angeles_90036,8Th,6007 W 8Th Street St Los Angeles 90036,,,,
610876,1187618,,5086010022.0,,6011.0,,,West,,,8Th,Street,,,,,,,,,,,,,90036.0,,Los Angeles,Los Angeles,,,,,LA City,{45A40476-F639-43F5-8258-F10411D742B1},0,,45A40476-F639-43F5-8258-F10411D742B1,Unknown,,W,,,St,W 8Th St,2023/09/12 23:03:18+00,6011 W 8Th St Los Angeles 90036,45A40476-F639-43F5-8258-F10411D742B1_6011_W_8Th_St_Los_Angeles_90036,8Th,6011 W 8Th Street St Los Angeles 90036,,,,
610877,1187619,,5086010023.0,,733.0,,,South,,,Ogden,Drive,,,,,,,,,,,,,90036.0,,Los Angeles,Los Angeles,,,,,LA City,{0F490844-3ACA-43BE-9BC1-E73A0E88479E},0,,0F490844-3ACA-43BE-9BC1-E73A0E88479E,Unknown,,S,,,Dr,S Ogden Dr,2023/09/12 23:03:18+00,733 S Ogden Dr Los Angeles 90036,0F490844-3ACA-43BE-9BC1-E73A0E88479E_733_S_Ogden_Dr_Los_Angeles_90036,Ogden,733 S Ogden Drive Dr Los Angeles 90036,,,,
610878,1187620,,5086010032.0,,715.0,,,South,,,Ogden,Drive,,,,,,,,,,,,,90036.0,,Los Angeles,Los Angeles,,,,,LA City,{4EEA2152-CEED-4915-BCA2-60DEB4628C7C},0,,4EEA2152-CEED-4915-BCA2-60DEB4628C7C,Unknown,,S,,,Dr,S Ogden Dr,2023/09/12 23:03:18+00,715 S Ogden Dr Los Angeles 90036,4EEA2152-CEED-4915-BCA2-60DEB4628C7C_715_S_Ogden_Dr_Los_Angeles_90036,Ogden,715 S Ogden Drive Dr Los Angeles 90036,,,,
610879,1187621,,5086010032.0,,6006.0,,,West,,,Wilshire,Boulevard,,,,,,,,,,,,,90036.0,,Los Angeles,Los Angeles,,,,,LA City,{3A7502EA-EDB3-468C-B27E-DD0B9FE24EA9},0,,3A7502EA-EDB3-468C-B27E-DD0B9FE24EA9,Unknown,,W,,,Blvd,W Wilshire Blvd,2023/09/12 23:03:18+00,6006 W Wilshire Blvd Los Angeles 90036,3A7502EA-EDB3-468C-B27E-DD0B9FE24EA9_6006_W_Wilshire_Blvd_Los_Angeles_90036,Wilshire,6006 W Wilshire Boulevard Blvd Los Angeles 90036,,,,
610880,1187622,,5086010032.0,,731.0,,,South,,,Ogden,Drive,,,,,,,,,,,,,90036.0,,Los Angeles,Los Angeles,,,,,LA City,{110FD2B7-D3A8-4448-A6C6-0FB29D2C3E7C},0,,110FD2B7-D3A8-4448-A6C6-0FB29D2C3E7C,Unknown,,S,,,Dr,S Ogden Dr,2023/09/12 23:03:18+00,731 S Ogden Dr Los Angeles 90036,110FD2B7-D3A8-4448-A6C6-0FB29D2C3E7C_731_S_Ogden_Dr_Los_Angeles_90036,Ogden,731 S Ogden Drive Dr Los Angeles 90036,,,,
610881,1187623,,5086010032.0,,717.0,,,South,,,Ogden,Drive,,,,,,,,,,,,,90036.0,,Los Angeles,Los Angeles,,,,,LA City,{E9E30756-6C5A-42E1-8AC5-8AAACD1673AC},0,,E9E30756-6C5A-42E1-8AC5-8AAACD1673AC,Unknown,,S,,,Dr,S Ogden Dr,2023/09/12 23:03:18+00,717 S Ogden Dr Los Angeles 90036,E9E30756-6C5A-42E1-8AC5-8AAACD1673AC_717_S_Ogden_Dr_Los_Angeles_90036,Ogden,717 S Ogden Drive Dr Los Angeles 90036,,,,
610882,1187624,,5086010033.0,,6012.0,,,West,,,Wilshire,Boulevard,,,,,,,,,,,,,90036.0,,Los Angeles,Los Angeles,,,,,LA City,{7FA0C0FD-D9CB-49D2-9412-FE84BD743847},0,,7FA0C0FD-D9CB-49D2-9412-FE84BD743847,Unknown,,W,,,Blvd,W Wilshire Blvd,2023/09/12 23:03:18+00,6012 W Wilshire Blvd Los Angeles 90036,7FA0C0FD-D9CB-49D2-9412-FE84BD743847_6012_W_Wilshire_Blvd_Los_Angeles_90036,Wilshire,6012 W Wilshire Boulevard Blvd Los Angeles 90036,,,,
610883,1187625,,5086010033.0,,6014.0,,,West,,,Wilshire,Boulevard,,,,,,,,,,,,,90036.0,,Los Angeles,Los Angeles,,,,,LA City,{68232240-3ED2-4336-872C-2CE9423E2327},0,,68232240-3ED2-4336-872C-2CE9423E2327,Unknown,,W,,,Blvd,W Wilshire Blvd,2023/09/12 23:03:18+00,6014 W Wilshire Blvd Los Angeles 90036,68232240-3ED2-4336-872C-2CE9423E2327_6014_W_Wilshire_Blvd_Los_Angeles_90036,Wilshire,6014 W Wilshire Boulevard Blvd Los Angeles 90036,,,,
610884,1187626,,5086010033.0,,6016.0,,,West,,,Wilshire,Boulevard,,,,,,,,,,,,,90036.0,,Los Angeles,Los Angeles,,,,,LA City,{7932B6BF-4D35-4726-934A-B93529984101},0,,7932B6BF-4D35-4726-934A-B93529984101,Unknown,,W,,,Blvd,W Wilshire Blvd,2023/09/12 23:03:18+00,6016 W Wilshire Blvd Los Angeles 90036,7932B6BF-4D35-4726-934A-B93529984101_6016_W_Wilshire_Blvd_Los_Angeles_90036,Wilshire,6016 W Wilshire Boulevard Blvd Los Angeles 90036,,,,
610885,1187627,,5086010033.0,,6010.0,,,West,,,Wilshire,Boulevard,,,,,,,,,,,,,90036.0,,Los Angeles,Los Angeles,,,,,LA City,{0375E6E2-57D2-4CFE-B219-5011BB9F09CA},0,,0375E6E2-57D2-4CFE-B219-5011BB9F09CA,Unknown,,W,,,Blvd,W Wilshire Blvd,2023/09/12 23:03:18+00,6010 W Wilshire Blvd Los Angeles 90036,0375E6E2-57D2-4CFE-B219-5011BB9F09CA_6010_W_Wilshire_Blvd_Los_Angeles_90036,Wilshire,6010 W Wilshire Boulevard Blvd Los Angeles 90036,,,,
610886,1187628,,5086010034.0,,739.0,,,South,,,Ogden,Drive,,,,,,,,,,,,1-45,90036.0,,Los Angeles,Los Angeles,,,,,LA City,{5431A8E1-4EE3-4283-9102-15D73E992ECE},0,,5431A8E1-4EE3-4283-9102-15D73E992ECE,Unknown,,S,,,Dr,S Ogden Dr,2023/09/12 23:03:18+00,739 S Ogden Dr 1-45 Los Angeles 90036,5431A8E1-4EE3-4283-9102-15D73E992ECE_739_S_Ogden_Dr_1-45_Los_Angeles_90036,Ogden,739 S Ogden Drive Dr 1-45 Los Angeles 90036,,,,
610887,1187629,,5086010900.0,,6022.0,,,West,,,Wilshire,Boulevard,,,,,,,,,,,,,90036.0,,Los Angeles,Los Angeles,,,,,LA City,{E1963A7E-AF38-4650-AC66-8A229C0A58B4},0,,E1963A7E-AF38-4650-AC66-8A229C0A58B4,Unknown,,W,,,Blvd,W Wilshire Blvd,2023/09/12 23:03:18+00,6022 W Wilshire Blvd Los Angeles 90036,E1963A7E-AF38-4650-AC66-8A229C0A58B4_6022_W_Wilshire_Blvd_Los_Angeles_90036,Wilshire,6022 W Wilshire Boulevard Blvd Los Angeles 90036,,,,
610888,1187630,,5086010900.0,,6020.0,,,West,,,Wilshire,Boulevard,,,,,,,,,,,,,90036.0,,Los Angeles,Los Angeles,,,,,LA City,{BA3CF36B-2240-44F9-8645-D7C413F5371E},0,,BA3CF36B-2240-44F9-8645-D7C413F5371E,Unknown,,W,,,Blvd,W Wilshire Blvd,2023/09/12 23:03:18+00,6020 W Wilshire Blvd Los Angeles 90036,BA3CF36B-2240-44F9-8645-D7C413F5371E_6020_W_Wilshire_Blvd_Los_Angeles_90036,Wilshire,6020 W Wilshire Boulevard Blvd Los Angeles 90036,,,,
610889,1187631,,5086010900.0,,6018.0,,,West,,,Wilshire,Boulevard,,,,,,,,,,,,,90036.0,,Los Angeles,Los Angeles,,,,,LA City,{C719526C-13CC-4F9A-BD21-ACB13A5B6B37},0,,C719526C-13CC-4F9A-BD21-ACB13A5B6B37,Unknown,,W,,,Blvd,W Wilshire Blvd,2023/09/12 23:03:18+00,6018 W Wilshire Blvd Los Angeles 90036,C719526C-13CC-4F9A-BD21-ACB13A5B6B37_6018_W_Wilshire_Blvd_Los_Angeles_90036,Wilshire,6018 W Wilshire Boulevard Blvd Los Angeles 90036,,,,
610890,1187632,,5086010900.0,,6024.0,,,West,,,Wilshire,Boulevard,,,,,,,,,,,,,90036.0,,Los Angeles,Los Angeles,,,,,LA City,{6E2E16D2-0828-470E-896E-BD1F878E9EAB},0,,6E2E16D2-0828-470E-896E-BD1F878E9EAB,Unknown,,W,,,Blvd,W Wilshire Blvd,2023/09/12 23:03:18+00,6024 W Wilshire Blvd Los Angeles 90036,6E2E16D2-0828-470E-896E-BD1F878E9EAB_6024_W_Wilshire_Blvd_Los_Angeles_90036,Wilshire,6024 W Wilshire Boulevard Blvd Los Angeles 90036,,,,
610891,1187633,,5086010901.0,,716.0,,,South,,,Orange Grove,Avenue,,,,,,,,,,,,,90036.0,,Los Angeles,Los Angeles,,,,,LA City,{8E6B7F5F-A563-4876-8B95-EE8E6C754D93},0,,8E6B7F5F-A563-4876-8B95-EE8E6C754D93,Unknown,,S,,,Ave,S Orange Grove Ave,2024/05/12 21:05:27+00,716 S Orange Grove Ave Los Angeles 90036,8E6B7F5F-A563-4876-8B95-EE8E6C754D93_716_S_Orange_Grove_Ave_Los_Angeles_90036,Orange Grove,716 S Orange Grove Avenue Ave Los Angeles 90036,,,,
610892,1187634,,5086010901.0,,718.0,,,South,,,Orange Grove,Avenue,,,,,,,,,,,,,90036.0,,Los Angeles,Los Angeles,,,,,LA City,{3CD222A0-826E-4691-AF64-78A648C7DA3A},0,,3CD222A0-826E-4691-AF64-78A648C7DA3A,Unknown,,S,,,Ave,S Orange Grove Ave,2024/05/12 21:05:27+00,718 S Orange Grove Ave Los Angeles 90036,3CD222A0-826E-4691-AF64-78A648C7DA3A_718_S_Orange_Grove_Ave_Los_Angeles_90036,Orange Grove,718 S Orange Grove Avenue Ave Los Angeles 90036,,,,
610893,1187635,,5086010901.0,,716.0,1/2,,South,,,Orange Grove,Avenue,,,,,,,,,,,,,90036.0,,Los Angeles,Los Angeles,,,,,LA City,{95F4BDD3-163C-4802-957B-CF158D2FB082},0,,95F4BDD3-163C-4802-957B-CF158D2FB082,Unknown,,S,,,Ave,S Orange Grove Ave,2024/05/12 21:05:27+00,716 1/2 S Orange Grove Ave Los Angeles 90036,95F4BDD3-163C-4802-957B-CF158D2FB082_716_1/2_S_Orange_Grove_Ave_Los_Angeles_90036,Orange Grove,716 1/2 S Orange Grove Avenue Ave Los Angeles 90036,,,,
610894,1187636,,5086010901.0,,718.0,1/2,,South,,,Orange Grove,Avenue,,,,,,,,,,,,,90036.0,,Los Angeles,Los Angeles,,,,,LA City,{3DE4915D-9572-43E4-8F00-04AB062D0CA7},0,,3DE4915D-9572-43E4-8F00-04AB062D0CA7,Unknown,,S,,,Ave,S Orange Grove Ave,2024/05/12 21:05:27+00,718 1/2 S Orange Grove Ave Los Angeles 90036,3DE4915D-9572-43E4-8F00-04AB062D0CA7_718_1/2_S_Orange_Grove_Ave_Los_Angeles_90036,Orange Grove,718 1/2 S Orange Grove Avenue Ave Los Angeles 90036,,,,
610895,1187637,,5086010902.0,,706.0,,,South,,,Orange Grove,Avenue,,,,,,,,,,,,,90036.0,,Los Angeles,Los Angeles,,,,,LA City,{323070BC-23A7-40E2-A520-9D038AFC104E},0,,323070BC-23A7-40E2-A520-9D038AFC104E,Unknown,,S,,,Ave,S Orange Grove Ave,2023/09/12 23:03:18+00,706 S Orange Grove Ave Los Angeles 90036,323070BC-23A7-40E2-A520-9D038AFC104E_706_S_Orange_Grove_Ave_Los_Angeles_90036,Orange Grove,706 S Orange Grove Avenue Ave Los Angeles 90036,,,,
610896,1187638,,5086010902.0,,710.0,,,South,,,Orange Grove,Avenue,,,,,,,,,,,,,90036.0,,Los Angeles,Los Angeles,,,,,LA City,{ED8C4CA0-B269-4006-87A8-0B76C3E5A126},0,,ED8C4CA0-B269-4006-87A8-0B76C3E5A126,Unknown,,S,,,Ave,S Orange Grove Ave,2023/09/12 23:03:18+00,710 S Orange Grove Ave Los Angeles 90036,ED8C4CA0-B269-4006-87A8-0B76C3E5A126_710_S_Orange_Grove_Ave_Los_Angeles_90036,Orange Grove,710 S Orange Grove Avenue Ave Los Angeles 90036,,,,
610897,1187639,,5086010902.0,,702.0,,,South,,,Orange Grove,Avenue,,,,,,,,,,,,,90036.0,,Los Angeles,Los Angeles,,,,,LA City,{A732E617-4050-41F2-BD94-0B8CBB9B5A83},0,,A732E617-4050-41F2-BD94-0B8CBB9B5A83,Unknown,,S,,,Ave,S Orange Grove Ave,2023/09/12 23:03:18+00,702 S Orange Grove Ave Los Angeles 90036,A732E617-4050-41F2-BD94-0B8CBB9B5A83_702_S_Orange_Grove_Ave_Los_Angeles_90036,Orange Grove,702 S Orange Grove Avenue Ave Los Angeles 90036,,,,
610898,1187640,,5086010902.0,,6028.0,,,West,,,Wilshire,Boulevard,,,,,,,,,,,,,90036.0,,Los Angeles,Los Angeles,,,,,LA City,{274B7B2A-CFC0-4F56-A836-D2C382B696B0},0,,274B7B2A-CFC0-4F56-A836-D2C382B696B0,Unknown,,W,,,Blvd,W Wilshire Blvd,2023/09/12 23:03:18+00,6028 W Wilshire Blvd Los Angeles 90036,274B7B2A-CFC0-4F56-A836-D2C382B696B0_6028_W_Wilshire_Blvd_Los_Angeles_90036,Wilshire,6028 W Wilshire Boulevard Blvd Los Angeles 90036,,,,
610899,1187641,,5086010902.0,,708.0,,,South,,,Orange Grove,Avenue,,,,,,,,,,,,,90036.0,,Los Angeles,Los Angeles,,,,,LA City,{81D78AD7-BB22-4F61-86E9-F2131D62A88D},0,,81D78AD7-BB22-4F61-86E9-F2131D62A88D,Unknown,,S,,,Ave,S Orange Grove Ave,2023/09/12 23:03:18+00,708 S Orange Grove Ave Los Angeles 90036,81D78AD7-BB22-4F61-86E9-F2131D62A88D_708_S_Orange_Grove_Ave_Los_Angeles_90036,Orange Grove,708 S Orange Grove Avenue Ave Los Angeles 90036,,,,
610900,1187642,,5086010902.0,,6026.0,,,West,,,Wilshire,Boulevard,,,,,,,,,,,,,90036.0,,Los Angeles,Los Angeles,,,,,LA City,{0BA90036-6B1B-48E1-A825-739091CCF6AA},0,,0BA90036-6B1B-48E1-A825-739091CCF6AA,Unknown,,W,,,Blvd,W Wilshire Blvd,2023/09/12 23:03:18+00,6026 W Wilshire Blvd Los Angeles 90036,0BA90036-6B1B-48E1-A825-739091CCF6AA_6026_W_Wilshire_Blvd_Los_Angeles_90036,Wilshire,6026 W Wilshire Boulevard Blvd Los Angeles 90036,,,,
610901,1187643,,5086010902.0,,6030.0,,,West,,,Wilshire,Boulevard,,,,,,,,,,,,,90036.0,,Los Angeles,Los Angeles,,,,,LA City,{CA341553-276A-4975-87AA-109346D720E1},0,,CA341553-276A-4975-87AA-109346D720E1,Unknown,,W,,,Blvd,W Wilshire Blvd,2023/09/12 23:03:18+00,6030 W Wilshire Blvd Los Angeles 90036,CA341553-276A-4975-87AA-109346D720E1_6030_W_Wilshire_Blvd_Los_Angeles_90036,Wilshire,6030 W Wilshire Boulevard Blvd Los Angeles 90036,,,,
610902,1187644,,5086010902.0,,704.0,,,South,,,Orange Grove,Avenue,,,,,,,,,,,,,90036.0,,Los Angeles,Los Angeles,,,,,LA City,{0C1459DC-D5D0-401D-8112-BF5BE57CEBA9},0,,0C1459DC-D5D0-401D-8112-BF5BE57CEBA9,Unknown,,S,,,Ave,S Orange Grove Ave,2023/09/12 23:03:18+00,704 S Orange Grove Ave Los Angeles 90036,0C1459DC-D5D0-401D-8112-BF5BE57CEBA9_704_S_Orange_Grove_Ave_Los_Angeles_90036,Orange Grove,704 S Orange Grove Avenue Ave Los Angeles 90036,,,,
610903,1187645,,5086011003.0,,834.0,,,South,,,Orange Grove,Avenue,,,,,,,,,,,,,90036.0,,Los Angeles,Los Angeles,,,,,LA City,{B8610FA4-CC8D-4F2F-AB12-AA4E314B73AD},0,,B8610FA4-CC8D-4F2F-AB12-AA4E314B73AD,Unknown,,S,,,Ave,S Orange Grove Ave,2023/09/12 23:03:18+00,834 S Orange Grove Ave Los Angeles 90036,B8610FA4-CC8D-4F2F-AB12-AA4E314B73AD_834_S_Orange_Grove_Ave_Los_Angeles_90036,Orange Grove,834 S Orange Grove Avenue Ave Los Angeles 90036,,,,
610904,1187646,,5086011004.0,,830.0,,,South,,,Orange Grove,Avenue,,,,,,,,,,,,,90036.0,,Los Angeles,Los Angeles,,,,,LA City,{68930D33-C3B9-48B8-93AD-544AB7A1361D},0,,68930D33-C3B9-48B8-93AD-544AB7A1361D,Unknown,,S,,,Ave,S Orange Grove Ave,2023/09/12 23:03:18+00,830 S Orange Grove Ave Los Angeles 90036,68930D33-C3B9-48B8-93AD-544AB7A1361D_830_S_Orange_Grove_Ave_Los_Angeles_90036,Orange Grove,830 S Orange Grove Avenue Ave Los Angeles 90036,,,,
610905,1187647,,5086011005.0,,824.0,,,South,,,Orange Grove,Avenue,,,,,,,,,,,,,90036.0,,Los Angeles,Los Angeles,,,,,LA City,{9D1D8057-F5C7-4415-8A03-6AFD43EBB303},0,,9D1D8057-F5C7-4415-8A03-6AFD43EBB303,Unknown,,S,,,Ave,S Orange Grove Ave,2023/09/12 23:03:18+00,824 S Orange Grove Ave Los Angeles 90036,9D1D8057-F5C7-4415-8A03-6AFD43EBB303_824_S_Orange_Grove_Ave_Los_Angeles_90036,Orange Grove,824 S Orange Grove Avenue Ave Los Angeles 90036,,,,
610906,1187648,,5086011006.0,,820.0,,,South,,,Orange Grove,Avenue,,,,,,,,,,,,,90036.0,,Los Angeles,Los Angeles,,,,,LA City,{CFED2CD5-84ED-4384-ADC1-158A5740CFC9},0,,CFED2CD5-84ED-4384-ADC1-158A5740CFC9,Unknown,,S,,,Ave,S Orange Grove Ave,2023/09/12 23:03:18+00,820 S Orange Grove Ave Los Angeles 90036,CFED2CD5-84ED-4384-ADC1-158A5740CFC9_820_S_Orange_Grove_Ave_Los_Angeles_90036,Orange Grove,820 S Orange Grove Avenue Ave Los Angeles 90036,,,,
610907,1187649,,5086011007.0,,816.0,,,South,,,Orange Grove,Avenue,,,,,,,,,,,,,90036.0,,Los Angeles,Los Angeles,,,,,LA City,{30E53800-6C29-425A-ABF9-1E02EB240F0F},0,,30E53800-6C29-425A-ABF9-1E02EB240F0F,Unknown,,S,,,Ave,S Orange Grove Ave,2023/09/12 23:03:18+00,816 S Orange Grove Ave Los Angeles 90036,30E53800-6C29-425A-ABF9-1E02EB240F0F_816_S_Orange_Grove_Ave_Los_Angeles_90036,Orange Grove,816 S Orange Grove Avenue Ave Los Angeles 90036,,,,
610908,1187650,,5086011008.0,,812.0,,,South,,,Orange Grove,Avenue,,,,,,,,,,,,,90036.0,,Los Angeles,Los Angeles,,,,,LA City,{33F9FAC3-7235-45C7-9E50-AD9A133ED40C},0,,33F9FAC3-7235-45C7-9E50-AD9A133ED40C,Unknown,,S,,,Ave,S Orange Grove Ave,2023/09/12 23:03:18+00,812 S Orange Grove Ave Los Angeles 90036,33F9FAC3-7235-45C7-9E50-AD9A133ED40C_812_S_Orange_Grove_Ave_Los_Angeles_90036,Orange Grove,812 S Orange Grove Avenue Ave Los Angeles 90036,,,,
610909,1187651,,5086011009.0,,806.0,,,South,,,Orange Grove,Avenue,,,,,,,,,,,,1-9,90036.0,,Los Angeles,Los Angeles,,,,,LA City,{E7035305-D0F8-46FB-9252-E7FF94AF9E95},0,,E7035305-D0F8-46FB-9252-E7FF94AF9E95,Unknown,,S,,,Ave,S Orange Grove Ave,2023/09/12 23:03:18+00,806 S Orange Grove Ave 1-9 Los Angeles 90036,E7035305-D0F8-46FB-9252-E7FF94AF9E95_806_S_Orange_Grove_Ave_1-9_Los_Angeles_90036,Orange Grove,806 S Orange Grove Avenue Ave 1-9 Los Angeles 90036,,,,
610910,1187652,,5086011010.0,,6022.0,,,West,,,8Th,Street,,,,,,,,,,,,,90036.0,,Los Angeles,Los Angeles,,,,,LA City,{E009D66B-3B7B-44EA-BAB1-9BFA115137BD},0,,E009D66B-3B7B-44EA-BAB1-9BFA115137BD,Unknown,,W,,,St,W 8Th St,2023/09/12 23:03:18+00,6022 W 8Th St Los Angeles 90036,E009D66B-3B7B-44EA-BAB1-9BFA115137BD_6022_W_8Th_St_Los_Angeles_90036,8Th,6022 W 8Th Street St Los Angeles 90036,,,,
610911,1187653,,5086011010.0,,802.0,,,South,,,Orange Grove,Avenue,,,,,,,,,,,,,90036.0,,Los Angeles,Los Angeles,,,,,LA City,{02D466D9-3A96-467F-998E-A73EC75768C3},0,,02D466D9-3A96-467F-998E-A73EC75768C3,Unknown,,S,,,Ave,S Orange Grove Ave,2023/09/12 23:03:18+00,802 S Orange Grove Ave Los Angeles 90036,02D466D9-3A96-467F-998E-A73EC75768C3_802_S_Orange_Grove_Ave_Los_Angeles_90036,Orange Grove,802 S Orange Grove Avenue Ave Los Angeles 90036,,,,
610912,1187654,,5086011011.0,,805.0,,,South,,,Ogden,Drive,,,,,,,,,,,,,90036.0,,Los Angeles,Los Angeles,,,,,LA City,{CF0DED87-9642-46CD-9FBE-CADC9476AD0D},0,,CF0DED87-9642-46CD-9FBE-CADC9476AD0D,Unknown,,S,,,Dr,S Ogden Dr,2023/09/12 23:03:18+00,805 S Ogden Dr Los Angeles 90036,CF0DED87-9642-46CD-9FBE-CADC9476AD0D_805_S_Ogden_Dr_Los_Angeles_90036,Ogden,805 S Ogden Drive Dr Los Angeles 90036,,,,
610913,1187655,,5086011013.0,,815.0,,,South,,,Ogden,Drive,,,,,,,,,,,,,90036.0,,Los Angeles,Los Angeles,,,,,LA City,{720CFBFD-C371-409F-AC2C-1B49E9357152},0,,720CFBFD-C371-409F-AC2C-1B49E9357152,Unknown,,S,,,Dr,S Ogden Dr,2023/09/12 23:03:18+00,815 S Ogden Dr Los Angeles 90036,720CFBFD-C371-409F-AC2C-1B49E9357152_815_S_Ogden_Dr_Los_Angeles_90036,Ogden,815 S Ogden Drive Dr Los Angeles 90036,,,,
610914,1187656,,5086011014.0,,821.0,,,South,,,Ogden,Drive,,,,,,,,,,,,,90036.0,,Los Angeles,Los Angeles,,,,,LA City,{CD8CBABB-2A73-4E35-92D5-E74A42D47965},0,,CD8CBABB-2A73-4E35-92D5-E74A42D47965,Unknown,,S,,,Dr,S Ogden Dr,2023/09/12 23:03:18+00,821 S Ogden Dr Los Angeles 90036,CD8CBABB-2A73-4E35-92D5-E74A42D47965_821_S_Ogden_Dr_Los_Angeles_90036,Ogden,821 S Ogden Drive Dr Los Angeles 90036,,,,
610915,1187657,,5086011015.0,,825.0,,,South,,,Ogden,Drive,,,,,,,,,,,,,90036.0,,Los Angeles,Los Angeles,,,,,LA City,{76EDBAFF-3E5B-4D1E-9C70-F2610A3F4830},0,,76EDBAFF-3E5B-4D1E-9C70-F2610A3F4830,Unknown,,S,,,Dr,S Ogden Dr,2023/09/12 23:03:18+00,825 S Ogden Dr Los Angeles 90036,76EDBAFF-3E5B-4D1E-9C70-F2610A3F4830_825_S_Ogden_Dr_Los_Angeles_90036,Ogden,825 S Ogden Drive Dr Los Angeles 90036,,,,
610916,1187658,,5086011016.0,,829.0,,,South,,,Ogden,Drive,,,,,,,,,,,,,90036.0,,Los Angeles,Los Angeles,,,,,LA City,{43714ED4-C0E0-4C88-B525-4D0DEA32ACFB},0,,43714ED4-C0E0-4C88-B525-4D0DEA32ACFB,Unknown,,S,,,Dr,S Ogden Dr,2023/09/12 23:03:18+00,829 S Ogden Dr Los Angeles 90036,43714ED4-C0E0-4C88-B525-4D0DEA32ACFB_829_S_Ogden_Dr_Los_Angeles_90036,Ogden,829 S Ogden Drive Dr Los Angeles 90036,,,,
610917,1187659,,5086011017.0,,833.0,,,South,,,Ogden,Drive,,,,,,,,,,,,,90036.0,,Los Angeles,Los Angeles,,,,,LA City,{DF44E719-5784-4BD0-8284-6AD8CD6C8A73},0,,DF44E719-5784-4BD0-8284-6AD8CD6C8A73,Unknown,,S,,,Dr,S Ogden Dr,2023/09/12 23:03:18+00,833 S Ogden Dr Los Angeles 90036,DF44E719-5784-4BD0-8284-6AD8CD6C8A73_833_S_Ogden_Dr_Los_Angeles_90036,Ogden,833 S Ogden Drive Dr Los Angeles 90036,,,,
610918,1187660,,5086011018.0,,837.0,,,South,,,Ogden,Drive,,,,,,,,,,,,,90036.0,,Los Angeles,Los Angeles,,,,,LA City,{2AC95584-7EB0-4571-BFAD-FAD5528AD456},0,,2AC95584-7EB0-4571-BFAD-FAD5528AD456,Unknown,,S,,,Dr,S Ogden Dr,2023/09/12 23:03:18+00,837 S Ogden Dr Los Angeles 90036,2AC95584-7EB0-4571-BFAD-FAD5528AD456_837_S_Ogden_Dr_Los_Angeles_90036,Ogden,837 S Ogden Drive Dr Los Angeles 90036,,,,
610919,1187661,,5086011019.0,,841.0,,,South,,,Ogden,Drive,,,,,,,,,,,,,90036.0,,Los Angeles,Los Angeles,,,,,LA City,{F8586F37-2FAE-4CE9-A832-C004A8DED245},0,,F8586F37-2FAE-4CE9-A832-C004A8DED245,Unknown,,S,,,Dr,S Ogden Dr,2023/09/12 23:03:18+00,841 S Ogden Dr Los Angeles 90036,F8586F37-2FAE-4CE9-A832-C004A8DED245_841_S_Ogden_Dr_Los_Angeles_90036,Ogden,841 S Ogden Drive Dr Los Angeles 90036,,,,
610920,1187662,,5086011020.0,,849.0,,,South,,,Ogden,Drive,,,,,,,,,,,,,90036.0,,Los Angeles,Los Angeles,,,,,LA City,{AB95984C-8B5D-42FE-AC5E-8A7D56BFBA4C},0,,AB95984C-8B5D-42FE-AC5E-8A7D56BFBA4C,Unknown,,S,,,Dr,S Ogden Dr,2023/09/12 23:03:18+00,849 S Ogden Dr Los Angeles 90036,AB95984C-8B5D-42FE-AC5E-8A7D56BFBA4C_849_S_Ogden_Dr_Los_Angeles_90036,Ogden,849 S Ogden Drive Dr Los Angeles 90036,,,,
610921,1187663,,5086011021.0,,842.0,,,South,,,Orange Grove,Avenue,,,,,,,,,,,,,90036.0,,Los Angeles,Los Angeles,,,,,LA City,{5DEACD85-13EA-4184-8A2E-4E58E0DABF2A},0,,5DEACD85-13EA-4184-8A2E-4E58E0DABF2A,Unknown,,S,,,Ave,S Orange Grove Ave,2023/09/12 23:03:18+00,842 S Orange Grove Ave Los Angeles 90036,5DEACD85-13EA-4184-8A2E-4E58E0DABF2A_842_S_Orange_Grove_Ave_Los_Angeles_90036,Orange Grove,842 S Orange Grove Avenue Ave Los Angeles 90036,,,,
610922,1187664,,5086011021.0,,840.0,,,South,,,Orange Grove,Avenue,,,,,,,,,,,,,90036.0,,Los Angeles,Los Angeles,,,,,LA City,{D8900FEE-FDC5-4990-8F38-F77DA2EAF3D6},0,,D8900FEE-FDC5-4990-8F38-F77DA2EAF3D6,Unknown,,S,,,Ave,S Orange Grove Ave,2023/09/12 23:03:18+00,840 S Orange Grove Ave Los Angeles 90036,D8900FEE-FDC5-4990-8F38-F77DA2EAF3D6_840_S_Orange_Grove_Ave_Los_Angeles_90036,Orange Grove,840 S Orange Grove Avenue Ave Los Angeles 90036,,,,
610923,1187665,,5086012003.0,,6015.0,,,West,,,Olympic,Boulevard,,,,,,,,,,,,,90036.0,,Los Angeles,Los Angeles,,,,,LA City,{6EEC5EE8-4D85-4641-B0E3-B4D2CB8F5785},0,,6EEC5EE8-4D85-4641-B0E3-B4D2CB8F5785,Unknown,,W,,,Blvd,W Olympic Blvd,2023/09/12 23:03:18+00,6015 W Olympic Blvd Los Angeles 90036,6EEC5EE8-4D85-4641-B0E3-B4D2CB8F5785_6015_W_Olympic_Blvd_Los_Angeles_90036,Olympic,6015 W Olympic Boulevard Blvd Los Angeles 90036,,,,
610924,1187666,,5086012003.0,,6013.0,,,West,,,Olympic,Boulevard,,,,,,,,,,,,,90036.0,,Los Angeles,Los Angeles,,,,,LA City,{21283725-F371-4FF1-8F2F-1427946A9ACB},0,,21283725-F371-4FF1-8F2F-1427946A9ACB,Unknown,,W,,,Blvd,W Olympic Blvd,2023/09/12 23:03:18+00,6013 W Olympic Blvd Los Angeles 90036,21283725-F371-4FF1-8F2F-1427946A9ACB_6013_W_Olympic_Blvd_Los_Angeles_90036,Olympic,6013 W Olympic Boulevard Blvd Los Angeles 90036,,,,
610925,1187667,,5086012009.0,,936.0,1/2,,South,,,Orange Grove,Avenue,,,,,,,,,,,,,90036.0,,Los Angeles,Los Angeles,,,,,LA City,{B3261ED1-69F5-431A-B4E3-734B140D8856},0,,B3261ED1-69F5-431A-B4E3-734B140D8856,Unknown,,S,,,Ave,S Orange Grove Ave,2024/05/12 21:05:27+00,936 1/2 S Orange Grove Ave Los Angeles 90036,B3261ED1-69F5-431A-B4E3-734B140D8856_936_1/2_S_Orange_Grove_Ave_Los_Angeles_90036,Orange Grove,936 1/2 S Orange Grove Avenue Ave Los Angeles 90036,,,,
610926,1187668,,5086012009.0,,934.0,,,South,,,Orange Grove,Avenue,,,,,,,,,,,,,90036.0,,Los Angeles,Los Angeles,,,,,LA City,{52EB75BA-D0AE-4F29-8C6A-A308434E5431},0,,52EB75BA-D0AE-4F29-8C6A-A308434E5431,Unknown,,S,,,Ave,S Orange Grove Ave,2024/05/12 21:05:27+00,934 S Orange Grove Ave Los Angeles 90036,52EB75BA-D0AE-4F29-8C6A-A308434E5431_934_S_Orange_Grove_Ave_Los_Angeles_90036,Orange Grove,934 S Orange Grove Avenue Ave Los Angeles 90036,,,,
610927,1187669,,5086012009.0,,936.0,,,South,,,Orange Grove,Avenue,,,,,,,,,,,,,90036.0,,Los Angeles,Los Angeles,,,,,LA City,{213E6558-BB7C-4722-B483-709735CA7D39},0,,213E6558-BB7C-4722-B483-709735CA7D39,Unknown,,S,,,Ave,S Orange Grove Ave,2024/05/12 21:05:27+00,936 S Orange Grove Ave Los Angeles 90036,213E6558-BB7C-4722-B483-709735CA7D39_936_S_Orange_Grove_Ave_Los_Angeles_90036,Orange Grove,936 S Orange Grove Avenue Ave Los Angeles 90036,,,,
610928,1187670,,5086012009.0,,934.0,1/2,,South,,,Orange Grove,Avenue,,,,,,,,,,,,,90036.0,,Los Angeles,Los Angeles,,,,,LA City,{CC6946A1-6E67-46E8-ACAA-AD9B65F1D369},0,,CC6946A1-6E67-46E8-ACAA-AD9B65F1D369,Unknown,,S,,,Ave,S Orange Grove Ave,2024/05/12 21:05:27+00,934 1/2 S Orange Grove Ave Los Angeles 90036,CC6946A1-6E67-46E8-ACAA-AD9B65F1D369_934_1/2_S_Orange_Grove_Ave_Los_Angeles_90036,Orange Grove,934 1/2 S Orange Grove Avenue Ave Los Angeles 90036,,,,
610929,1187671,,5086012010.0,,928.0,,,South,,,Orange Grove,Avenue,,,,,,,,,,,,,90036.0,,Los Angeles,Los Angeles,,,,,LA City,{251BF0E8-14DB-46DE-A299-499E4C850CD0},0,,251BF0E8-14DB-46DE-A299-499E4C850CD0,Unknown,,S,,,Ave,S Orange Grove Ave,2024/05/12 21:05:27+00,928 S Orange Grove Ave Los Angeles 90036,251BF0E8-14DB-46DE-A299-499E4C850CD0_928_S_Orange_Grove_Ave_Los_Angeles_90036,Orange Grove,928 S Orange Grove Avenue Ave Los Angeles 90036,,,,
610930,1187672,,5086012010.0,,928.0,1/2,,South,,,Orange Grove,Avenue,,,,,,,,,,,,,90036.0,,Los Angeles,Los Angeles,,,,,LA City,{EA66DD36-BBE7-485B-AFE4-66F43A4E894E},0,,EA66DD36-BBE7-485B-AFE4-66F43A4E894E,Unknown,,S,,,Ave,S Orange Grove Ave,2024/05/12 21:05:27+00,928 1/2 S Orange Grove Ave Los Angeles 90036,EA66DD36-BBE7-485B-AFE4-66F43A4E894E_928_1/2_S_Orange_Grove_Ave_Los_Angeles_90036,Orange Grove,928 1/2 S Orange Grove Avenue Ave Los Angeles 90036,,,,
610931,1187673,,5086012010.0,,930.0,,,South,,,Orange Grove,Avenue,,,,,,,,,,,,,90036.0,,Los Angeles,Los Angeles,,,,,LA City,{54504D88-F65B-4A95-B636-1822F4E44435},0,,54504D88-F65B-4A95-B636-1822F4E44435,Unknown,,S,,,Ave,S Orange Grove Ave,2024/05/12 21:05:27+00,930 S Orange Grove Ave Los Angeles 90036,54504D88-F65B-4A95-B636-1822F4E44435_930_S_Orange_Grove_Ave_Los_Angeles_90036,Orange Grove,930 S Orange Grove Avenue Ave Los Angeles 90036,,,,
610932,1187674,,5086012010.0,,930.0,1/2,,South,,,Orange Grove,Avenue,,,,,,,,,,,,,90036.0,,Los Angeles,Los Angeles,,,,,LA City,{4CDE688D-9343-4A90-808D-A90F63A0C595},0,,4CDE688D-9343-4A90-808D-A90F63A0C595,Unknown,,S,,,Ave,S Orange Grove Ave,2024/05/12 21:05:27+00,930 1/2 S Orange Grove Ave Los Angeles 90036,4CDE688D-9343-4A90-808D-A90F63A0C595_930_1/2_S_Orange_Grove_Ave_Los_Angeles_90036,Orange Grove,930 1/2 S Orange Grove Avenue Ave Los Angeles 90036,,,,
610933,1187675,,5086012011.0,,924.0,1/2,,South,,,Orange Grove,Avenue,,,,,,,,,,,,,90036.0,,Los Angeles,Los Angeles,,,,,LA City,{FAE93C22-63E1-4A7C-98C3-FDAFCBC26688},0,,FAE93C22-63E1-4A7C-98C3-FDAFCBC26688,Unknown,,S,,,Ave,S Orange Grove Ave,2024/05/12 21:05:27+00,924 1/2 S Orange Grove Ave Los Angeles 90036,FAE93C22-63E1-4A7C-98C3-FDAFCBC26688_924_1/2_S_Orange_Grove_Ave_Los_Angeles_90036,Orange Grove,924 1/2 S Orange Grove Avenue Ave Los Angeles 90036,,,,
610934,1187676,,5086012011.0,,926.0,,,South,,,Orange Grove,Avenue,,,,,,,,,,,,,90036.0,,Los Angeles,Los Angeles,,,,,LA City,{880F0A47-54D9-4942-9771-D80F88157627},0,,880F0A47-54D9-4942-9771-D80F88157627,Unknown,,S,,,Ave,S Orange Grove Ave,2024/05/12 21:05:27+00,926 S Orange Grove Ave Los Angeles 90036,880F0A47-54D9-4942-9771-D80F88157627_926_S_Orange_Grove_Ave_Los_Angeles_90036,Orange Grove,926 S Orange Grove Avenue Ave Los Angeles 90036,,,,
610935,1187677,,5086012011.0,,924.0,,,South,,,Orange Grove,Avenue,,,,,,,,,,,,,90036.0,,Los Angeles,Los Angeles,,,,,LA City,{24751633-1522-4332-B62D-86AFAFA9C4B4},0,,24751633-1522-4332-B62D-86AFAFA9C4B4,Unknown,,S,,,Ave,S Orange Grove Ave,2024/05/12 21:05:27+00,924 S Orange Grove Ave Los Angeles 90036,24751633-1522-4332-B62D-86AFAFA9C4B4_924_S_Orange_Grove_Ave_Los_Angeles_90036,Orange Grove,924 S Orange Grove Avenue Ave Los Angeles 90036,,,,
610936,1187678,,5086012011.0,,926.0,1/2,,South,,,Orange Grove,Avenue,,,,,,,,,,,,,90036.0,,Los Angeles,Los Angeles,,,,,LA City,{015A7AAC-338F-4451-A83F-03A0DE9DAA10},0,,015A7AAC-338F-4451-A83F-03A0DE9DAA10,Unknown,,S,,,Ave,S Orange Grove Ave,2024/05/12 21:05:27+00,926 1/2 S Orange Grove Ave Los Angeles 90036,015A7AAC-338F-4451-A83F-03A0DE9DAA10_926_1/2_S_Orange_Grove_Ave_Los_Angeles_90036,Orange Grove,926 1/2 S Orange Grove Avenue Ave Los Angeles 90036,,,,
610937,1187679,,5086012014.0,,918.0,1/2,,South,,,Orange Grove,Avenue,,,,,,,,,,,,,90036.0,,Los Angeles,Los Angeles,,,,,LA City,{C1F39B5F-5F23-428E-AB9C-E9791C5853D3},0,,C1F39B5F-5F23-428E-AB9C-E9791C5853D3,Unknown,,S,,,Ave,S Orange Grove Ave,2024/05/12 21:05:27+00,918 1/2 S Orange Grove Ave Los Angeles 90036,C1F39B5F-5F23-428E-AB9C-E9791C5853D3_918_1/2_S_Orange_Grove_Ave_Los_Angeles_90036,Orange Grove,918 1/2 S Orange Grove Avenue Ave Los Angeles 90036,,,,
610938,1187680,,5086012014.0,,916.0,1/2,,South,,,Orange Grove,Avenue,,,,,,,,,,,,,90036.0,,Los Angeles,Los Angeles,,,,,LA City,{D6FA0EB9-C4B0-412C-B31E-993B5DD7573B},0,,D6FA0EB9-C4B0-412C-B31E-993B5DD7573B,Unknown,,S,,,Ave,S Orange Grove Ave,2024/05/12 21:05:27+00,916 1/2 S Orange Grove Ave Los Angeles 90036,D6FA0EB9-C4B0-412C-B31E-993B5DD7573B_916_1/2_S_Orange_Grove_Ave_Los_Angeles_90036,Orange Grove,916 1/2 S Orange Grove Avenue Ave Los Angeles 90036,,,,
610939,1187681,,5086012014.0,,918.0,,,South,,,Orange Grove,Avenue,,,,,,,,,,,,,90036.0,,Los Angeles,Los Angeles,,,,,LA City,{42E0F2B3-32C1-47DC-87FB-B50636696654},0,,42E0F2B3-32C1-47DC-87FB-B50636696654,Unknown,,S,,,Ave,S Orange Grove Ave,2024/05/12 21:05:27+00,918 S Orange Grove Ave Los Angeles 90036,42E0F2B3-32C1-47DC-87FB-B50636696654_918_S_Orange_Grove_Ave_Los_Angeles_90036,Orange Grove,918 S Orange Grove Avenue Ave Los Angeles 90036,,,,
610940,1187682,,5086012014.0,,916.0,,,South,,,Orange Grove,Avenue,,,,,,,,,,,,,90036.0,,Los Angeles,Los Angeles,,,,,LA City,{ED8C5707-6433-4F9C-B04D-2BCED42A3568},0,,ED8C5707-6433-4F9C-B04D-2BCED42A3568,Unknown,,S,,,Ave,S Orange Grove Ave,2024/05/12 21:05:27+00,916 S Orange Grove Ave Los Angeles 90036,ED8C5707-6433-4F9C-B04D-2BCED42A3568_916_S_Orange_Grove_Ave_Los_Angeles_90036,Orange Grove,916 S Orange Grove Avenue Ave Los Angeles 90036,,,,
610941,1187683,,5086012015.0,,912.0,,,South,,,Orange Grove,Avenue,,,,,,,,,,,,,90036.0,,Los Angeles,Los Angeles,,,,,LA City,{FD330AED-C79D-40FB-AED3-ED7198DB325E},0,,FD330AED-C79D-40FB-AED3-ED7198DB325E,Unknown,,S,,,Ave,S Orange Grove Ave,2024/05/12 21:05:27+00,912 S Orange Grove Ave Los Angeles 90036,FD330AED-C79D-40FB-AED3-ED7198DB325E_912_S_Orange_Grove_Ave_Los_Angeles_90036,Orange Grove,912 S Orange Grove Avenue Ave Los Angeles 90036,,,,
610942,1187684,,5086012015.0,,910.0,1/2,,South,,,Orange Grove,Avenue,,,,,,,,,,,,,90036.0,,Los Angeles,Los Angeles,,,,,LA City,{0CE6743B-3A1A-43EF-8BF0-4DEE52136DE4},0,,0CE6743B-3A1A-43EF-8BF0-4DEE52136DE4,Unknown,,S,,,Ave,S Orange Grove Ave,2024/05/12 21:05:27+00,910 1/2 S Orange Grove Ave Los Angeles 90036,0CE6743B-3A1A-43EF-8BF0-4DEE52136DE4_910_1/2_S_Orange_Grove_Ave_Los_Angeles_90036,Orange Grove,910 1/2 S Orange Grove Avenue Ave Los Angeles 90036,,,,
610943,1187685,,5086012015.0,,910.0,,,South,,,Orange Grove,Avenue,,,,,,,,,,,,,90036.0,,Los Angeles,Los Angeles,,,,,LA City,{0F45A185-6C24-4098-A50D-891824BEC7B9},0,,0F45A185-6C24-4098-A50D-891824BEC7B9,Unknown,,S,,,Ave,S Orange Grove Ave,2024/05/12 21:05:27+00,910 S Orange Grove Ave Los Angeles 90036,0F45A185-6C24-4098-A50D-891824BEC7B9_910_S_Orange_Grove_Ave_Los_Angeles_90036,Orange Grove,910 S Orange Grove Avenue Ave Los Angeles 90036,,,,
610944,1187686,,5086012015.0,,912.0,1/2,,South,,,Orange Grove,Avenue,,,,,,,,,,,,,90036.0,,Los Angeles,Los Angeles,,,,,LA City,{58F32EBA-BE56-457B-90CE-CE76CE3DB85F},0,,58F32EBA-BE56-457B-90CE-CE76CE3DB85F,Unknown,,S,,,Ave,S Orange Grove Ave,2024/05/12 21:05:27+00,912 1/2 S Orange Grove Ave Los Angeles 90036,58F32EBA-BE56-457B-90CE-CE76CE3DB85F_912_1/2_S_Orange_Grove_Ave_Los_Angeles_90036,Orange Grove,912 1/2 S Orange Grove Avenue Ave Los Angeles 90036,,,,
610945,1187687,,5086012016.0,,908.0,,,South,,,Orange Grove,Avenue,,,,,,,,,,,,,90036.0,,Los Angeles,Los Angeles,,,,,LA City,{293E054F-663E-4EE8-A582-230748A52931},0,,293E054F-663E-4EE8-A582-230748A52931,Unknown,,S,,,Ave,S Orange Grove Ave,2024/05/12 21:05:27+00,908 S Orange Grove Ave Los Angeles 90036,293E054F-663E-4EE8-A582-230748A52931_908_S_Orange_Grove_Ave_Los_Angeles_90036,Orange Grove,908 S Orange Grove Avenue Ave Los Angeles 90036,,,,
610946,1187688,,5086012016.0,,908.0,1/2,,South,,,Orange Grove,Avenue,,,,,,,,,,,,,90036.0,,Los Angeles,Los Angeles,,,,,LA City,{061C0B22-C1B5-4D2B-AF53-9CC97799E9D6},0,,061C0B22-C1B5-4D2B-AF53-9CC97799E9D6,Unknown,,S,,,Ave,S Orange Grove Ave,2024/05/12 21:05:27+00,908 1/2 S Orange Grove Ave Los Angeles 90036,061C0B22-C1B5-4D2B-AF53-9CC97799E9D6_908_1/2_S_Orange_Grove_Ave_Los_Angeles_90036,Orange Grove,908 1/2 S Orange Grove Avenue Ave Los Angeles 90036,,,,
610947,1187689,,5086012016.0,,906.0,,,South,,,Orange Grove,Avenue,,,,,,,,,,,,,90036.0,,Los Angeles,Los Angeles,,,,,LA City,{107D183E-05D0-4305-9D3A-0A137264FC7D},0,,107D183E-05D0-4305-9D3A-0A137264FC7D,Unknown,,S,,,Ave,S Orange Grove Ave,2024/05/12 21:05:27+00,906 S Orange Grove Ave Los Angeles 90036,107D183E-05D0-4305-9D3A-0A137264FC7D_906_S_Orange_Grove_Ave_Los_Angeles_90036,Orange Grove,906 S Orange Grove Avenue Ave Los Angeles 90036,,,,
610948,1187690,,5086012016.0,,906.0,1/2,,South,,,Orange Grove,Avenue,,,,,,,,,,,,,90036.0,,Los Angeles,Los Angeles,,,,,LA City,{A8CDFEBE-9F66-45B7-951A-6217BBA45611},0,,A8CDFEBE-9F66-45B7-951A-6217BBA45611,Unknown,,S,,,Ave,S Orange Grove Ave,2024/05/12 21:05:27+00,906 1/2 S Orange Grove Ave Los Angeles 90036,A8CDFEBE-9F66-45B7-951A-6217BBA45611_906_1/2_S_Orange_Grove_Ave_Los_Angeles_90036,Orange Grove,906 1/2 S Orange Grove Avenue Ave Los Angeles 90036,,,,
610949,1187691,,5086012017.0,,900.0,,,South,,,Orange Grove,Avenue,,,,,,,,,,,,,90036.0,,Los Angeles,Los Angeles,,,,,LA City,{7322B7BF-C010-4142-A54E-38D43B6A8098},0,,7322B7BF-C010-4142-A54E-38D43B6A8098,Unknown,,S,,,Ave,S Orange Grove Ave,2023/09/12 23:03:18+00,900 S Orange Grove Ave Los Angeles 90036,7322B7BF-C010-4142-A54E-38D43B6A8098_900_S_Orange_Grove_Ave_Los_Angeles_90036,Orange Grove,900 S Orange Grove Avenue Ave Los Angeles 90036,,,,
610950,1187692,,5086012018.0,,901.0,,,South,,,Ogden,Drive,,,,,,,,,,,,,90036.0,,Los Angeles,Los Angeles,,,,,LA City,{B20165BF-2C61-438A-808B-7C5FAA59A585},0,,B20165BF-2C61-438A-808B-7C5FAA59A585,Unknown,,S,,,Dr,S Ogden Dr,2023/09/12 23:03:18+00,901 S Ogden Dr Los Angeles 90036,B20165BF-2C61-438A-808B-7C5FAA59A585_901_S_Ogden_Dr_Los_Angeles_90036,Ogden,901 S Ogden Drive Dr Los Angeles 90036,,,,
610951,1187693,,5086012019.0,,907.0,,,South,,,Ogden,Drive,,,,,,,,,,,,,90036.0,,Los Angeles,Los Angeles,,,,,LA City,{4BD789E2-5812-452C-8F59-E84F6D415029},0,,4BD789E2-5812-452C-8F59-E84F6D415029,Unknown,,S,,,Dr,S Ogden Dr,2023/09/12 23:03:18+00,907 S Ogden Dr Los Angeles 90036,4BD789E2-5812-452C-8F59-E84F6D415029_907_S_Ogden_Dr_Los_Angeles_90036,Ogden,907 S Ogden Drive Dr Los Angeles 90036,,,,
610952,1187694,,5086012020.0,,915.0,,,South,,,Ogden,Drive,,,,,,,,,,,,,90036.0,,Los Angeles,Los Angeles,,,,,LA City,{B5048539-6D60-4FE9-ABC0-F62E7B958719},0,,B5048539-6D60-4FE9-ABC0-F62E7B958719,Unknown,,S,,,Dr,S Ogden Dr,2023/09/12 23:03:18+00,915 S Ogden Dr Los Angeles 90036,B5048539-6D60-4FE9-ABC0-F62E7B958719_915_S_Ogden_Dr_Los_Angeles_90036,Ogden,915 S Ogden Drive Dr Los Angeles 90036,,,,
610953,1187695,,5086012020.0,,913.0,,,South,,,Ogden,Drive,,,,,,,,,,,,,90036.0,,Los Angeles,Los Angeles,,,,,LA City,{C0EC0703-9C07-4F46-BBD2-74AFDD19DD8C},0,,C0EC0703-9C07-4F46-BBD2-74AFDD19DD8C,Unknown,,S,,,Dr,S Ogden Dr,2023/09/12 23:03:18+00,913 S Ogden Dr Los Angeles 90036,C0EC0703-9C07-4F46-BBD2-74AFDD19DD8C_913_S_Ogden_Dr_Los_Angeles_90036,Ogden,913 S Ogden Drive Dr Los Angeles 90036,,,,
610954,1187696,,5086012021.0,,917.0,,,South,,,Ogden,Drive,,,,,,,,,,,,,90036.0,,Los Angeles,Los Angeles,,,,,LA City,{CCC74CF2-1378-461B-9B35-EDE94F5AAEBD},0,,CCC74CF2-1378-461B-9B35-EDE94F5AAEBD,Unknown,,S,,,Dr,S Ogden Dr,2023/09/12 23:03:18+00,917 S Ogden Dr Los Angeles 90036,CCC74CF2-1378-461B-9B35-EDE94F5AAEBD_917_S_Ogden_Dr_Los_Angeles_90036,Ogden,917 S Ogden Drive Dr Los Angeles 90036,,,,
610955,1187697,,5086012022.0,,923.0,,,South,,,Ogden,Drive,,,,,,,,,,,,,90036.0,,Los Angeles,Los Angeles,,,,,LA City,{EA09156F-2930-45BD-BDE2-A46B9D834324},0,,EA09156F-2930-45BD-BDE2-A46B9D834324,Unknown,,S,,,Dr,S Ogden Dr,2023/09/12 23:03:18+00,923 S Ogden Dr Los Angeles 90036,EA09156F-2930-45BD-BDE2-A46B9D834324_923_S_Ogden_Dr_Los_Angeles_90036,Ogden,923 S Ogden Drive Dr Los Angeles 90036,,,,
610956,1187698,,5086012023.0,,927.0,,,South,,,Ogden,Drive,,,,,,,,,,,,,90036.0,,Los Angeles,Los Angeles,,,,,LA City,{EAD7002A-C695-43E3-B485-7B509E912175},0,,EAD7002A-C695-43E3-B485-7B509E912175,Unknown,,S,,,Dr,S Ogden Dr,2023/09/12 23:03:18+00,927 S Ogden Dr Los Angeles 90036,EAD7002A-C695-43E3-B485-7B509E912175_927_S_Ogden_Dr_Los_Angeles_90036,Ogden,927 S Ogden Drive Dr Los Angeles 90036,,,,
610957,1187699,,5086012023.0,,925.0,,,South,,,Ogden,Drive,,,,,,,,,,,,,90036.0,,Los Angeles,Los Angeles,,,,,LA City,{C1DD2E95-69EA-434D-8004-B5E855BEC8DF},0,,C1DD2E95-69EA-434D-8004-B5E855BEC8DF,Unknown,,S,,,Dr,S Ogden Dr,2023/09/12 23:03:18+00,925 S Ogden Dr Los Angeles 90036,C1DD2E95-69EA-434D-8004-B5E855BEC8DF_925_S_Ogden_Dr_Los_Angeles_90036,Ogden,925 S Ogden Drive Dr Los Angeles 90036,,,,
610958,1187700,,5086012024.0,,931.0,,,South,,,Ogden,Drive,,,,,,,,,,,,,90036.0,,Los Angeles,Los Angeles,,,,,LA City,{95327933-EAA1-43ED-A4D8-FAAFBA46E97C},0,,95327933-EAA1-43ED-A4D8-FAAFBA46E97C,Unknown,,S,,,Dr,S Ogden Dr,2023/09/12 23:03:18+00,931 S Ogden Dr Los Angeles 90036,95327933-EAA1-43ED-A4D8-FAAFBA46E97C_931_S_Ogden_Dr_Los_Angeles_90036,Ogden,931 S Ogden Drive Dr Los Angeles 90036,,,,
610959,1187701,,5086012025.0,,935.0,,,South,,,Ogden,Drive,,,,,,,,,,,,,90036.0,,Los Angeles,Los Angeles,,,,,LA City,{F556F614-E0EA-4BE7-98B5-AB30EDB2E52D},0,,F556F614-E0EA-4BE7-98B5-AB30EDB2E52D,Unknown,,S,,,Dr,S Ogden Dr,2023/09/12 23:03:18+00,935 S Ogden Dr Los Angeles 90036,F556F614-E0EA-4BE7-98B5-AB30EDB2E52D_935_S_Ogden_Dr_Los_Angeles_90036,Ogden,935 S Ogden Drive Dr Los Angeles 90036,,,,
610960,1187702,,5086012026.0,,939.0,,,South,,,Ogden,Drive,,,,,,,,,,,,,90036.0,,Los Angeles,Los Angeles,,,,,LA City,{428EBBB4-F8D2-4C0F-A335-D42FB7CE7439},0,,428EBBB4-F8D2-4C0F-A335-D42FB7CE7439,Unknown,,S,,,Dr,S Ogden Dr,2023/09/12 23:03:18+00,939 S Ogden Dr Los Angeles 90036,428EBBB4-F8D2-4C0F-A335-D42FB7CE7439_939_S_Ogden_Dr_Los_Angeles_90036,Ogden,939 S Ogden Drive Dr Los Angeles 90036,,,,
610961,1187703,,5086012028.0,,920.0,,,South,,,Orange Grove,Avenue,,,,,,,,,,,,,90036.0,,Los Angeles,Los Angeles,,,,,LA City,{67A33D26-4D13-4173-8859-27D36D674B7E},0,,67A33D26-4D13-4173-8859-27D36D674B7E,Unknown,,S,,,Ave,S Orange Grove Ave,2024/05/12 21:05:27+00,920 S Orange Grove Ave Los Angeles 90036,67A33D26-4D13-4173-8859-27D36D674B7E_920_S_Orange_Grove_Ave_Los_Angeles_90036,Orange Grove,920 S Orange Grove Avenue Ave Los Angeles 90036,,,,
610962,1187704,,5086012028.0,,920.0,1/2,,South,,,Orange Grove,Avenue,,,,,,,,,,,,,90036.0,,Los Angeles,Los Angeles,,,,,LA City,{3AAE67CD-3129-4CBF-849B-5719958D1C19},0,,3AAE67CD-3129-4CBF-849B-5719958D1C19,Unknown,,S,,,Ave,S Orange Grove Ave,2024/05/12 21:05:27+00,920 1/2 S Orange Grove Ave Los Angeles 90036,3AAE67CD-3129-4CBF-849B-5719958D1C19_920_1/2_S_Orange_Grove_Ave_Los_Angeles_90036,Orange Grove,920 1/2 S Orange Grove Avenue Ave Los Angeles 90036,,,,
610963,1187705,,5086012028.0,,922.0,,,South,,,Orange Grove,Avenue,,,,,,,,,,,,,90036.0,,Los Angeles,Los Angeles,,,,,LA City,{BE7D8AB7-1C9B-4C6D-B2ED-6088D1062040},0,,BE7D8AB7-1C9B-4C6D-B2ED-6088D1062040,Unknown,,S,,,Ave,S Orange Grove Ave,2024/05/12 21:05:27+00,922 S Orange Grove Ave Los Angeles 90036,BE7D8AB7-1C9B-4C6D-B2ED-6088D1062040_922_S_Orange_Grove_Ave_Los_Angeles_90036,Orange Grove,922 S Orange Grove Avenue Ave Los Angeles 90036,,,,
610964,1187706,,5086012028.0,,922.0,1/2,,South,,,Orange Grove,Avenue,,,,,,,,,,,,,90036.0,,Los Angeles,Los Angeles,,,,,LA City,{11BED05F-15DB-4CA6-B6DB-FA8BECC7BE26},0,,11BED05F-15DB-4CA6-B6DB-FA8BECC7BE26,Unknown,,S,,,Ave,S Orange Grove Ave,2024/05/12 21:05:27+00,922 1/2 S Orange Grove Ave Los Angeles 90036,11BED05F-15DB-4CA6-B6DB-FA8BECC7BE26_922_1/2_S_Orange_Grove_Ave_Los_Angeles_90036,Orange Grove,922 1/2 S Orange Grove Avenue Ave Los Angeles 90036,,,,
610965,1187707,,5086012029.0,,6029.0,,,West,,,San Vicente,Boulevard,,,,,,,,,,,,,90036.0,,Los Angeles,Los Angeles,,,,,LA City,{F7102371-60F3-4936-A7CF-DBB312117C0E},0,,F7102371-60F3-4936-A7CF-DBB312117C0E,Unknown,,W,,,Blvd,W San Vicente Blvd,2023/09/12 23:03:18+00,6029 W San Vicente Blvd Los Angeles 90036,F7102371-60F3-4936-A7CF-DBB312117C0E_6029_W_San_Vicente_Blvd_Los_Angeles_90036,San Vicente,6029 W San Vicente Boulevard Blvd Los Angeles 90036,,,,
610966,1187708,,5086012029.0,,6031.0,,,West,,,San Vicente,Boulevard,,,,,,,,,,,,,90036.0,,Los Angeles,Los Angeles,,,,,LA City,{0EC7FFBA-D5F4-42BD-810B-7ACF9E29363F},0,,0EC7FFBA-D5F4-42BD-810B-7ACF9E29363F,Unknown,,W,,,Blvd,W San Vicente Blvd,2023/09/12 23:03:18+00,6031 W San Vicente Blvd Los Angeles 90036,0EC7FFBA-D5F4-42BD-810B-7ACF9E29363F_6031_W_San_Vicente_Blvd_Los_Angeles_90036,San Vicente,6031 W San Vicente Boulevard Blvd Los Angeles 90036,,,,
610967,1187709,,5086012033.0,,938.0,,,South,,,Orange Grove,Avenue,,,,,,,,,,,,,90036.0,,Los Angeles,Los Angeles,,,,,LA City,{0FE3C2B8-E4B9-479B-B21E-531B2D36AD66},0,,0FE3C2B8-E4B9-479B-B21E-531B2D36AD66,Unknown,,S,,,Ave,S Orange Grove Ave,2023/09/12 23:03:18+00,938 S Orange Grove Ave Los Angeles 90036,0FE3C2B8-E4B9-479B-B21E-531B2D36AD66_938_S_Orange_Grove_Ave_Los_Angeles_90036,Orange Grove,938 S Orange Grove Avenue Ave Los Angeles 90036,,,,
610968,1187710,,5086012034.0,,6011.0,,,West,,,Olympic,Boulevard,,,,,,,,,,,,,90036.0,,Los Angeles,Los Angeles,,,,,LA City,{83BD0161-0AB6-46B3-B295-A96982E1B121},0,,83BD0161-0AB6-46B3-B295-A96982E1B121,Unknown,,W,,,Blvd,W Olympic Blvd,2023/09/12 23:03:18+00,6011 W Olympic Blvd Los Angeles 90036,83BD0161-0AB6-46B3-B295-A96982E1B121_6011_W_Olympic_Blvd_Los_Angeles_90036,Olympic,6011 W Olympic Boulevard Blvd Los Angeles 90036,,,,
610969,1187711,,5086012034.0,,6009.0,,,West,,,Olympic,Boulevard,,,,,,,,,,,,,90036.0,,Los Angeles,Los Angeles,,,,,LA City,{FABCCC0A-6AD1-477C-A819-9EF9D26C4708},0,,FABCCC0A-6AD1-477C-A819-9EF9D26C4708,Unknown,,W,,,Blvd,W Olympic Blvd,2023/09/12 23:03:18+00,6009 W Olympic Blvd Los Angeles 90036,FABCCC0A-6AD1-477C-A819-9EF9D26C4708_6009_W_Olympic_Blvd_Los_Angeles_90036,Olympic,6009 W Olympic Boulevard Blvd Los Angeles 90036,,,,
610970,1187712,,5086012034.0,,6001.0,,,West,,,Olympic,Boulevard,,,,,,,,,,,,,90036.0,,Los Angeles,Los Angeles,,,,,LA City,{358818F4-A3F2-4664-9791-36A98D255FAE},0,,358818F4-A3F2-4664-9791-36A98D255FAE,Unknown,,W,,,Blvd,W Olympic Blvd,2023/09/12 23:03:18+00,6001 W Olympic Blvd Los Angeles 90036,358818F4-A3F2-4664-9791-36A98D255FAE_6001_W_Olympic_Blvd_Los_Angeles_90036,Olympic,6001 W Olympic Boulevard Blvd Los Angeles 90036,,,,
610971,1187713,,5086012034.0,,951.0,,,South,,,Ogden,Drive,,,,,,,,,,,,,90036.0,,Los Angeles,Los Angeles,,,,,LA City,{84953505-C80E-4F4F-8239-EF32C0D7E774},0,,84953505-C80E-4F4F-8239-EF32C0D7E774,Unknown,,S,,,Dr,S Ogden Dr,2023/09/12 23:03:18+00,951 S Ogden Dr Los Angeles 90036,84953505-C80E-4F4F-8239-EF32C0D7E774_951_S_Ogden_Dr_Los_Angeles_90036,Ogden,951 S Ogden Drive Dr Los Angeles 90036,,,,
611009,1187751,,5086013014.0,,6032.0,,,West,,,San Vicente,Boulevard,,,,,,,,,,,,,90036.0,,Los Angeles,Los Angeles,,,,,LA City,{F65D1714-39DF-4451-A6D6-BC5B2D6239B6},0,,F65D1714-39DF-4451-A6D6-BC5B2D6239B6,Unknown,,W,,,Blvd,W San Vicente Blvd,2023/09/12 23:03:18+00,6032 W San Vicente Blvd Los Angeles 90036,F65D1714-39DF-4451-A6D6-BC5B2D6239B6_6032_W_San_Vicente_Blvd_Los_Angeles_90036,San Vicente,6032 W San Vicente Boulevard Blvd Los Angeles 90036,,,,
611010,1187752,,5086013015.0,,6020.0,,,West,,,San Vicente,Boulevard,,,,,,,,,,,,,90036.0,,Los Angeles,Los Angeles,,,,,LA City,{39BB0C25-EFC9-4DE5-94D7-4B4C5F5B69D8},0,,39BB0C25-EFC9-4DE5-94D7-4B4C5F5B69D8,Unknown,,W,,,Blvd,W San Vicente Blvd,2023/09/12 23:03:18+00,6020 W San Vicente Blvd Los Angeles 90036,39BB0C25-EFC9-4DE5-94D7-4B4C5F5B69D8_6020_W_San_Vicente_Blvd_Los_Angeles_90036,San Vicente,6020 W San Vicente Boulevard Blvd Los Angeles 90036,,,,
611011,1187753,,5086013015.0,,6018.0,,,West,,,San Vicente,Boulevard,,,,,,,,,,,,,90036.0,,Los Angeles,Los Angeles,,,,,LA City,{9E280CD0-8601-4C32-85DB-D5CAB93F6FE1},0,,9E280CD0-8601-4C32-85DB-D5CAB93F6FE1,Unknown,,W,,,Blvd,W San Vicente Blvd,2023/09/12 23:03:18+00,6018 W San Vicente Blvd Los Angeles 90036,9E280CD0-8601-4C32-85DB-D5CAB93F6FE1_6018_W_San_Vicente_Blvd_Los_Angeles_90036,San Vicente,6018 W San Vicente Boulevard Blvd Los Angeles 90036,,,,
611012,1187754,,5086013015.0,,6022.0,,,West,,,San Vicente,Boulevard,,,,,,,,,,,,,90036.0,,Los Angeles,Los Angeles,,,,,LA City,{24410304-4666-49B6-81D0-5F1D635C9679},0,,24410304-4666-49B6-81D0-5F1D635C9679,Unknown,,W,,,Blvd,W San Vicente Blvd,2023/09/12 23:03:18+00,6022 W San Vicente Blvd Los Angeles 90036,24410304-4666-49B6-81D0-5F1D635C9679_6022_W_San_Vicente_Blvd_Los_Angeles_90036,San Vicente,6022 W San Vicente Boulevard Blvd Los Angeles 90036,,,,
611013,1187755,,5086013016.0,,6014.0,,,West,,,San Vicente,Boulevard,,,,,,,,,,,,,90036.0,,Los Angeles,Los Angeles,,,,,LA City,{BC6803B0-5F87-4F36-8994-3A64D5BDED9E},0,,BC6803B0-5F87-4F36-8994-3A64D5BDED9E,Unknown,,W,,,Blvd,W San Vicente Blvd,2023/09/12 23:03:18+00,6014 W San Vicente Blvd Los Angeles 90036,BC6803B0-5F87-4F36-8994-3A64D5BDED9E_6014_W_San_Vicente_Blvd_Los_Angeles_90036,San Vicente,6014 W San Vicente Boulevard Blvd Los Angeles 90036,,,,
611014,1187756,,5086013017.0,,6000.0,,,West,,,San Vicente,Boulevard,,,,,,,,,,,,,90036.0,,Los Angeles,Los Angeles,,,,,LA City,{7736D632-090E-4DFE-B402-57DACC9E4541},0,,7736D632-090E-4DFE-B402-57DACC9E4541,Unknown,,W,,,Blvd,W San Vicente Blvd,2023/09/12 23:03:18+00,6000 W San Vicente Blvd Los Angeles 90036,7736D632-090E-4DFE-B402-57DACC9E4541_6000_W_San_Vicente_Blvd_Los_Angeles_90036,San Vicente,6000 W San Vicente Boulevard Blvd Los Angeles 90036,,,,
611275,1188017,,5086018018.0,,5956.0,,,West,,,San Vicente,Boulevard,,,,,,,,,,,,,90036.0,,Los Angeles,Los Angeles,,,,,LA City,{C17669A4-B5B6-452D-A739-BFAA5CE2A5FE},0,,C17669A4-B5B6-452D-A739-BFAA5CE2A5FE,Unknown,,W,,,Blvd,W San Vicente Blvd,2023/09/12 23:03:18+00,5956 W San Vicente Blvd Los Angeles 90036,C17669A4-B5B6-452D-A739-BFAA5CE2A5FE_5956_W_San_Vicente_Blvd_Los_Angeles_90036,San Vicente,5956 W San Vicente Boulevard Blvd Los Angeles 90036,,,,
611276,1188018,,5086018018.0,,5958.0,,,West,,,San Vicente,Boulevard,,,,,,,,,,,,,90036.0,,Los Angeles,Los Angeles,,,,,LA City,{CBB1EF4F-7F2E-4420-8887-CB069EE842DF},0,,CBB1EF4F-7F2E-4420-8887-CB069EE842DF,Unknown,,W,,,Blvd,W San Vicente Blvd,2023/09/12 23:03:18+00,5958 W San Vicente Blvd Los Angeles 90036,CBB1EF4F-7F2E-4420-8887-CB069EE842DF_5958_W_San_Vicente_Blvd_Los_Angeles_90036,San Vicente,5958 W San Vicente Boulevard Blvd Los Angeles 90036,,,,
611278,1188020,,5086018019.0,,5954.0,,,West,,,San Vicente,Boulevard,,,,,,,,,,,,,90036.0,,Los Angeles,Los Angeles,,,,,LA City,{6F558376-4D7F-4863-B1E6-BE62C5C77B05},0,,6F558376-4D7F-4863-B1E6-BE62C5C77B05,Unknown,,W,,,Blvd,W San Vicente Blvd,2023/09/12 23:03:18+00,5954 W San Vicente Blvd Los Angeles 90036,6F558376-4D7F-4863-B1E6-BE62C5C77B05_5954_W_San_Vicente_Blvd_Los_Angeles_90036,San Vicente,5954 W San Vicente Boulevard Blvd Los Angeles 90036,,,,
611318,1188060,,5086019001.0,,903.0,,,South,,,Genesee,Avenue,,,,,,,,,,,,,90036.0,,Los Angeles,Los Angeles,,,,,LA City,{F886E529-7C05-478D-B9B4-9F309EE21356},0,,F886E529-7C05-478D-B9B4-9F309EE21356,Unknown,,S,,,Ave,S Genesee Ave,2023/09/12 23:03:18+00,903 S Genesee Ave Los Angeles 90036,F886E529-7C05-478D-B9B4-9F309EE21356_903_S_Genesee_Ave_Los_Angeles_90036,Genesee,903 S Genesee Avenue Ave Los Angeles 90036,,,,
611319,1188061,,5086019002.0,,907.0,,,South,,,Genesee,Avenue,,,,,,,,,,,,,90036.0,,Los Angeles,Los Angeles,,,,,LA City,{1EB744FE-7C69-4662-BF58-B1EBDC3956A9},0,,1EB744FE-7C69-4662-BF58-B1EBDC3956A9,Unknown,,S,,,Ave,S Genesee Ave,2023/09/12 23:03:18+00,907 S Genesee Ave Los Angeles 90036,1EB744FE-7C69-4662-BF58-B1EBDC3956A9_907_S_Genesee_Ave_Los_Angeles_90036,Genesee,907 S Genesee Avenue Ave Los Angeles 90036,,,,
611320,1188062,,5086019003.0,,915.0,,,South,,,Genesee,Avenue,,,,,,,,,,,,,90036.0,,Los Angeles,Los Angeles,,,,,LA City,{BB2E613F-9266-4E78-AF4C-D82CF8644307},0,,BB2E613F-9266-4E78-AF4C-D82CF8644307,Unknown,,S,,,Ave,S Genesee Ave,2023/09/12 23:03:18+00,915 S Genesee Ave Los Angeles 90036,BB2E613F-9266-4E78-AF4C-D82CF8644307_915_S_Genesee_Ave_Los_Angeles_90036,Genesee,915 S Genesee Avenue Ave Los Angeles 90036,,,,
611321,1188063,,5086019004.0,,917.0,,,South,,,Genesee,Avenue,,,,,,,,,,,,,90036.0,,Los Angeles,Los Angeles,,,,,LA City,{30C75091-BBBB-45B8-9E9E-1E4441824553},0,,30C75091-BBBB-45B8-9E9E-1E4441824553,Unknown,,S,,,Ave,S Genesee Ave,2023/09/12 23:03:18+00,917 S Genesee Ave Los Angeles 90036,30C75091-BBBB-45B8-9E9E-1E4441824553_917_S_Genesee_Ave_Los_Angeles_90036,Genesee,917 S Genesee Avenue Ave Los Angeles 90036,,,,
611322,1188064,,5086019005.0,,921.0,,,South,,,Genesee,Avenue,,,,,,,,,,,,,90036.0,,Los Angeles,Los Angeles,,,,,LA City,{3D40EF76-5BE5-42A5-B165-B803CA0CD3B0},0,,3D40EF76-5BE5-42A5-B165-B803CA0CD3B0,Unknown,,S,,,Ave,S Genesee Ave,2023/09/12 23:03:18+00,921 S Genesee Ave Los Angeles 90036,3D40EF76-5BE5-42A5-B165-B803CA0CD3B0_921_S_Genesee_Ave_Los_Angeles_90036,Genesee,921 S Genesee Avenue Ave Los Angeles 90036,,,,
611323,1188065,,5086019006.0,,927.0,,,South,,,Genesee,Avenue,,,,,,,,,,,,,90036.0,,Los Angeles,Los Angeles,,,,,LA City,{547C4F84-0302-4537-9E38-9B5A0086F104},0,,547C4F84-0302-4537-9E38-9B5A0086F104,Unknown,,S,,,Ave,S Genesee Ave,2023/09/12 23:03:18+00,927 S Genesee Ave Los Angeles 90036,547C4F84-0302-4537-9E38-9B5A0086F104_927_S_Genesee_Ave_Los_Angeles_90036,Genesee,927 S Genesee Avenue Ave Los Angeles 90036,,,,
611324,1188066,,5086019007.0,,931.0,,,South,,,Genesee,Avenue,,,,,,,,,,,,,90036.0,,Los Angeles,Los Angeles,,,,,LA City,{7E6B07D8-D668-4BB6-A74F-58B854FE1334},0,,7E6B07D8-D668-4BB6-A74F-58B854FE1334,Unknown,,S,,,Ave,S Genesee Ave,2023/09/12 23:03:18+00,931 S Genesee Ave Los Angeles 90036,7E6B07D8-D668-4BB6-A74F-58B854FE1334_931_S_Genesee_Ave_Los_Angeles_90036,Genesee,931 S Genesee Avenue Ave Los Angeles 90036,,,,
611325,1188067,,5086019008.0,,937.0,,,South,,,Genesee,Avenue,,,,,,,,,,,,,90036.0,,Los Angeles,Los Angeles,,,,,LA City,{6A63DA12-E135-41F9-B33A-D60121DF6EF4},0,,6A63DA12-E135-41F9-B33A-D60121DF6EF4,Unknown,,S,,,Ave,S Genesee Ave,2023/09/12 23:03:18+00,937 S Genesee Ave Los Angeles 90036,6A63DA12-E135-41F9-B33A-D60121DF6EF4_937_S_Genesee_Ave_Los_Angeles_90036,Genesee,937 S Genesee Avenue Ave Los Angeles 90036,,,,
611326,1188068,,5086019009.0,,943.0,,,South,,,Genesee,Avenue,,,,,,,,,,,,,90036.0,,Los Angeles,Los Angeles,,,,,LA City,{7DD807B6-44EB-4178-BA31-6A88FCC93415},0,,7DD807B6-44EB-4178-BA31-6A88FCC93415,Unknown,,S,,,Ave,S Genesee Ave,2023/09/12 23:03:18+00,943 S Genesee Ave Los Angeles 90036,7DD807B6-44EB-4178-BA31-6A88FCC93415_943_S_Genesee_Ave_Los_Angeles_90036,Genesee,943 S Genesee Avenue Ave Los Angeles 90036,,,,
611327,1188069,,5086019009.0,,949.0,,,South,,,Genesee,Avenue,,,,,,,,,,,,,90036.0,,Los Angeles,Los Angeles,,,,,LA City,{F56F84E3-C3AE-43D2-BAFB-1AB9EB7F95FF},0,,F56F84E3-C3AE-43D2-BAFB-1AB9EB7F95FF,Unknown,,S,,,Ave,S Genesee Ave,2023/09/12 23:03:18+00,949 S Genesee Ave Los Angeles 90036,F56F84E3-C3AE-43D2-BAFB-1AB9EB7F95FF_949_S_Genesee_Ave_Los_Angeles_90036,Genesee,949 S Genesee Avenue Ave Los Angeles 90036,,,,
611328,1188070,,5086019009.0,,947.0,,,South,,,Genesee,Avenue,,,,,,,,,,,,,90036.0,,Los Angeles,Los Angeles,,,,,LA City,{3E98F486-341A-495F-8AB5-2485ED7E6F03},0,,3E98F486-341A-495F-8AB5-2485ED7E6F03,Unknown,,S,,,Ave,S Genesee Ave,2023/09/12 23:03:18+00,947 S Genesee Ave Los Angeles 90036,3E98F486-341A-495F-8AB5-2485ED7E6F03_947_S_Genesee_Ave_Los_Angeles_90036,Genesee,947 S Genesee Avenue Ave Los Angeles 90036,,,,
611329,1188071,,5086019009.0,,945.0,,,South,,,Genesee,Avenue,,,,,,,,,,,,,90036.0,,Los Angeles,Los Angeles,,,,,LA City,{AFE7834C-1329-4006-A0CD-C36A80642825},0,,AFE7834C-1329-4006-A0CD-C36A80642825,Unknown,,S,,,Ave,S Genesee Ave,2023/09/12 23:03:18+00,945 S Genesee Ave Los Angeles 90036,AFE7834C-1329-4006-A0CD-C36A80642825_945_S_Genesee_Ave_Los_Angeles_90036,Genesee,945 S Genesee Avenue Ave Los Angeles 90036,,,,
611330,1188072,,5086019010.0,,902.0,,,South,,,Ogden,Drive,,,,,,,,,,,,,90036.0,,Los Angeles,Los Angeles,,,,,LA City,{1C0397A0-85D6-4566-AC27-2E6DFFD88A2E},0,,1C0397A0-85D6-4566-AC27-2E6DFFD88A2E,Unknown,,S,,,Dr,S Ogden Dr,2023/09/12 23:03:18+00,902 S Ogden Dr Los Angeles 90036,1C0397A0-85D6-4566-AC27-2E6DFFD88A2E_902_S_Ogden_Dr_Los_Angeles_90036,Ogden,902 S Ogden Drive Dr Los Angeles 90036,,,,
611331,1188073,,5086019011.0,,906.0,,,South,,,Ogden,Drive,,,,,,,,,,,,,90036.0,,Los Angeles,Los Angeles,,,,,LA City,{816B4FB7-EC64-438D-AE44-32C6861B78BA},0,,816B4FB7-EC64-438D-AE44-32C6861B78BA,Unknown,,S,,,Dr,S Ogden Dr,2023/09/12 23:03:18+00,906 S Ogden Dr Los Angeles 90036,816B4FB7-EC64-438D-AE44-32C6861B78BA_906_S_Ogden_Dr_Los_Angeles_90036,Ogden,906 S Ogden Drive Dr Los Angeles 90036,,,,
611332,1188074,,5086019012.0,,912.0,,,South,,,Ogden,Drive,,,,,,,,,,,,,90036.0,,Los Angeles,Los Angeles,,,,,LA City,{B7EBFA80-8599-4DB1-9D6F-6CF4DD11A2DF},0,,B7EBFA80-8599-4DB1-9D6F-6CF4DD11A2DF,Unknown,,S,,,Dr,S Ogden Dr,2023/09/12 23:03:18+00,912 S Ogden Dr Los Angeles 90036,B7EBFA80-8599-4DB1-9D6F-6CF4DD11A2DF_912_S_Ogden_Dr_Los_Angeles_90036,Ogden,912 S Ogden Drive Dr Los Angeles 90036,,,,
611333,1188075,,5086019013.0,,916.0,,,South,,,Ogden,Drive,,,,,,,,,,,,,90036.0,,Los Angeles,Los Angeles,,,,,LA City,{F91B094F-6A9A-447F-AB29-0309ABED2AE6},0,,F91B094F-6A9A-447F-AB29-0309ABED2AE6,Unknown,,S,,,Dr,S Ogden Dr,2023/09/12 23:03:18+00,916 S Ogden Dr Los Angeles 90036,F91B094F-6A9A-447F-AB29-0309ABED2AE6_916_S_Ogden_Dr_Los_Angeles_90036,Ogden,916 S Ogden Drive Dr Los Angeles 90036,,,,
611334,1188076,,5086019013.0,,914.0,,,South,,,Ogden,Drive,,,,,,,,,,,,,90036.0,,Los Angeles,Los Angeles,,,,,LA City,{12740C9C-43E7-4D89-9AF1-6182F782C020},0,,12740C9C-43E7-4D89-9AF1-6182F782C020,Unknown,,S,,,Dr,S Ogden Dr,2023/09/12 23:03:18+00,914 S Ogden Dr Los Angeles 90036,12740C9C-43E7-4D89-9AF1-6182F782C020_914_S_Ogden_Dr_Los_Angeles_90036,Ogden,914 S Ogden Drive Dr Los Angeles 90036,,,,
611335,1188077,,5086019014.0,,920.0,,,South,,,Ogden,Drive,,,,,,,,,,,,,90036.0,,Los Angeles,Los Angeles,,,,,LA City,{783144F2-2BB0-4DD0-BDBF-F235E3632F4E},0,,783144F2-2BB0-4DD0-BDBF-F235E3632F4E,Unknown,,S,,,Dr,S Ogden Dr,2023/09/12 23:03:18+00,920 S Ogden Dr Los Angeles 90036,783144F2-2BB0-4DD0-BDBF-F235E3632F4E_920_S_Ogden_Dr_Los_Angeles_90036,Ogden,920 S Ogden Drive Dr Los Angeles 90036,,,,
611336,1188078,,5086019015.0,,926.0,,,South,,,Ogden,Drive,,,,,,,,,,,,,90036.0,,Los Angeles,Los Angeles,,,,,LA City,{9230F3E1-FED0-46FD-B03E-72D5EA308317},0,,9230F3E1-FED0-46FD-B03E-72D5EA308317,Unknown,,S,,,Dr,S Ogden Dr,2023/09/12 23:03:18+00,926 S Ogden Dr Los Angeles 90036,9230F3E1-FED0-46FD-B03E-72D5EA308317_926_S_Ogden_Dr_Los_Angeles_90036,Ogden,926 S Ogden Drive Dr Los Angeles 90036,,,,
611337,1188079,,5086019016.0,,930.0,,,South,,,Ogden,Drive,,,,,,,,,,,,,90036.0,,Los Angeles,Los Angeles,,,,,LA City,{993163C1-2239-464A-8505-07BC33E27E91},0,,993163C1-2239-464A-8505-07BC33E27E91,Unknown,,S,,,Dr,S Ogden Dr,2023/09/12 23:03:18+00,930 S Ogden Dr Los Angeles 90036,993163C1-2239-464A-8505-07BC33E27E91_930_S_Ogden_Dr_Los_Angeles_90036,Ogden,930 S Ogden Drive Dr Los Angeles 90036,,,,
611338,1188080,,5086019017.0,,936.0,,,South,,,Ogden,Drive,,,,,,,,,,,,,90036.0,,Los Angeles,Los Angeles,,,,,LA City,{D981A4A1-94F4-4454-BAC3-4BA488B74C7A},0,,D981A4A1-94F4-4454-BAC3-4BA488B74C7A,Unknown,,S,,,Dr,S Ogden Dr,2023/09/12 23:03:18+00,936 S Ogden Dr Los Angeles 90036,D981A4A1-94F4-4454-BAC3-4BA488B74C7A_936_S_Ogden_Dr_Los_Angeles_90036,Ogden,936 S Ogden Drive Dr Los Angeles 90036,,,,
611339,1188081,,5086019018.0,,940.0,,,South,,,Ogden,Drive,,,,,,,,,,,,,90036.0,,Los Angeles,Los Angeles,,,,,LA City,{FD699C9B-DA0E-4DE4-8D14-3D57C4AFA8F6},0,,FD699C9B-DA0E-4DE4-8D14-3D57C4AFA8F6,Unknown,,S,,,Dr,S Ogden Dr,2023/09/12 23:03:18+00,940 S Ogden Dr Los Angeles 90036,FD699C9B-DA0E-4DE4-8D14-3D57C4AFA8F6_940_S_Ogden_Dr_Los_Angeles_90036,Ogden,940 S Ogden Drive Dr Los Angeles 90036,,,,
611340,1188082,,5086019019.0,,946.0,,,South,,,Ogden,Drive,,,,,,,,,,,,,90036.0,,Los Angeles,Los Angeles,,,,,LA City,{29F04365-21BC-49F8-A085-8EEA5275D102},0,,29F04365-21BC-49F8-A085-8EEA5275D102,Unknown,,S,,,Dr,S Ogden Dr,2023/09/12 23:03:18+00,946 S Ogden Dr Los Angeles 90036,29F04365-21BC-49F8-A085-8EEA5275D102_946_S_Ogden_Dr_Los_Angeles_90036,Ogden,946 S Ogden Drive Dr Los Angeles 90036,,,,
611341,1188083,,5086019019.0,,948.0,,,South,,,Ogden,Drive,,,,,,,,,,,,,90036.0,,Los Angeles,Los Angeles,,,,,LA City,{DCD63D05-7B36-4D96-AA4A-B073CE24B551},0,,DCD63D05-7B36-4D96-AA4A-B073CE24B551,Unknown,,S,,,Dr,S Ogden Dr,2023/09/12 23:03:18+00,948 S Ogden Dr Los Angeles 90036,DCD63D05-7B36-4D96-AA4A-B073CE24B551_948_S_Ogden_Dr_Los_Angeles_90036,Ogden,948 S Ogden Drive Dr Los Angeles 90036,,,,
611342,1188084,,5086019900.0,,951.0,,,South,,,Genesee,Avenue,,,,,,,,,,,,,90036.0,,Los Angeles,Los Angeles,,,,,LA City,{3A7A56AC-6D82-4C28-8559-C013A5E0F4EB},0,,3A7A56AC-6D82-4C28-8559-C013A5E0F4EB,Unknown,,S,,,Ave,S Genesee Ave,2023/09/12 23:03:18+00,951 S Genesee Ave Los Angeles 90036,3A7A56AC-6D82-4C28-8559-C013A5E0F4EB_951_S_Genesee_Ave_Los_Angeles_90036,Genesee,951 S Genesee Avenue Ave Los Angeles 90036,,,,
611343,1188085,,5086019900.0,,5961.0,,,West,,,Olympic,Boulevard,,,,,,,,,,,,,90036.0,,Los Angeles,Los Angeles,,,,,LA City,{CA945AC4-0E2D-42CB-889C-1E95FE4F1FD2},0,,CA945AC4-0E2D-42CB-889C-1E95FE4F1FD2,Unknown,,W,,,Blvd,W Olympic Blvd,2023/09/12 23:03:18+00,5961 W Olympic Blvd Los Angeles 90036,CA945AC4-0E2D-42CB-889C-1E95FE4F1FD2_5961_W_Olympic_Blvd_Los_Angeles_90036,Olympic,5961 W Olympic Boulevard Blvd Los Angeles 90036,,,,
611344,1188086,,5086019900.0,,5975.0,,,West,,,Olympic,Boulevard,,,,,,,,,,,,,90036.0,,Los Angeles,Los Angeles,,,,,LA City,{3137D595-E3B9-4428-BC08-FCEB5725E701},0,,3137D595-E3B9-4428-BC08-FCEB5725E701,Unknown,,W,,,Blvd,W Olympic Blvd,2023/09/12 23:03:18+00,5975 W Olympic Blvd Los Angeles 90036,3137D595-E3B9-4428-BC08-FCEB5725E701_5975_W_Olympic_Blvd_Los_Angeles_90036,Olympic,5975 W Olympic Boulevard Blvd Los Angeles 90036,,,,
611345,1188087,,5086019900.0,,5951.0,,,West,,,Olympic,Boulevard,,,,,,,,,,,,,90036.0,,Los Angeles,Los Angeles,,,,,LA City,{0DEB7D8D-46ED-4241-9B07-C24B1B9A7EEE},0,,0DEB7D8D-46ED-4241-9B07-C24B1B9A7EEE,Unknown,,W,,,Blvd,W Olympic Blvd,2023/09/12 23:03:18+00,5951 W Olympic Blvd Los Angeles 90036,0DEB7D8D-46ED-4241-9B07-C24B1B9A7EEE_5951_W_Olympic_Blvd_Los_Angeles_90036,Olympic,5951 W Olympic Boulevard Blvd Los Angeles 90036,,,,
611346,1188088,,5086019900.0,,5965.0,,,West,,,Olympic,Boulevard,,,,,,,,,,,,,90036.0,,Los Angeles,Los Angeles,,,,,LA City,{5FEFDBC9-B4A0-4ED2-A5E7-07348E7DED00},0,,5FEFDBC9-B4A0-4ED2-A5E7-07348E7DED00,Unknown,,W,,,Blvd,W Olympic Blvd,2023/09/12 23:03:18+00,5965 W Olympic Blvd Los Angeles 90036,5FEFDBC9-B4A0-4ED2-A5E7-07348E7DED00_5965_W_Olympic_Blvd_Los_Angeles_90036,Olympic,5965 W Olympic Boulevard Blvd Los Angeles 90036,,,,
611347,1188089,,5086019900.0,,5967.0,,,West,,,Olympic,Boulevard,,,,,,,,,,,,,90036.0,,Los Angeles,Los Angeles,,,,,LA City,{E5C81381-4BC8-4A01-B21E-AAD49A12D493},0,,E5C81381-4BC8-4A01-B21E-AAD49A12D493,Unknown,,W,,,Blvd,W Olympic Blvd,2023/09/12 23:03:18+00,5967 W Olympic Blvd Los Angeles 90036,E5C81381-4BC8-4A01-B21E-AAD49A12D493_5967_W_Olympic_Blvd_Los_Angeles_90036,Olympic,5967 W Olympic Boulevard Blvd Los Angeles 90036,,,,
611348,1188090,,5086020001.0,,805.0,,,South,,,Genesee,Avenue,,,,,,,,,,,,,90036.0,,Los Angeles,Los Angeles,,,,,LA City,{402D0A9C-B935-4F80-A5EE-030B48F63682},0,,402D0A9C-B935-4F80-A5EE-030B48F63682,Unknown,,S,,,Ave,S Genesee Ave,2023/09/12 23:03:18+00,805 S Genesee Ave Los Angeles 90036,402D0A9C-B935-4F80-A5EE-030B48F63682_805_S_Genesee_Ave_Los_Angeles_90036,Genesee,805 S Genesee Avenue Ave Los Angeles 90036,,,,
611349,1188091,,5086020001.0,,5950.0,,,West,,,8Th,Street,,,,,,,,,,,,,90036.0,,Los Angeles,Los Angeles,,,,,LA City,{C5DA36C2-A7CC-4451-A51A-ABFAC7E3169B},0,,C5DA36C2-A7CC-4451-A51A-ABFAC7E3169B,Unknown,,W,,,St,W 8Th St,2023/09/12 23:03:18+00,5950 W 8Th St Los Angeles 90036,C5DA36C2-A7CC-4451-A51A-ABFAC7E3169B_5950_W_8Th_St_Los_Angeles_90036,8Th,5950 W 8Th Street St Los Angeles 90036,,,,
611350,1188092,,5086020002.0,,811.0,,,South,,,Genesee,Avenue,,,,,,,,,,,,,90036.0,,Los Angeles,Los Angeles,,,,,LA City,{E3195695-7349-4F61-8783-C51EECFE2EFD},0,,E3195695-7349-4F61-8783-C51EECFE2EFD,Unknown,,S,,,Ave,S Genesee Ave,2023/09/12 23:03:18+00,811 S Genesee Ave Los Angeles 90036,E3195695-7349-4F61-8783-C51EECFE2EFD_811_S_Genesee_Ave_Los_Angeles_90036,Genesee,811 S Genesee Avenue Ave Los Angeles 90036,,,,
611351,1188093,,5086020003.0,,815.0,,,South,,,Genesee,Avenue,,,,,,,,,,,,,90036.0,,Los Angeles,Los Angeles,,,,,LA City,{5F798CE1-FA75-4A78-A520-7F37B2AB4338},0,,5F798CE1-FA75-4A78-A520-7F37B2AB4338,Unknown,,S,,,Ave,S Genesee Ave,2023/09/12 23:03:18+00,815 S Genesee Ave Los Angeles 90036,5F798CE1-FA75-4A78-A520-7F37B2AB4338_815_S_Genesee_Ave_Los_Angeles_90036,Genesee,815 S Genesee Avenue Ave Los Angeles 90036,,,,
611352,1188094,,5086020004.0,,821.0,,,South,,,Genesee,Avenue,,,,,,,,,,,,,90036.0,,Los Angeles,Los Angeles,,,,,LA City,{8C4A6B57-3DD2-4646-8642-6CEC30E043B0},0,,8C4A6B57-3DD2-4646-8642-6CEC30E043B0,Unknown,,S,,,Ave,S Genesee Ave,2023/09/12 23:03:18+00,821 S Genesee Ave Los Angeles 90036,8C4A6B57-3DD2-4646-8642-6CEC30E043B0_821_S_Genesee_Ave_Los_Angeles_90036,Genesee,821 S Genesee Avenue Ave Los Angeles 90036,,,,
611353,1188095,,5086020005.0,,827.0,,,South,,,Genesee,Avenue,,,,,,,,,,,,,90036.0,,Los Angeles,Los Angeles,,,,,LA City,{6EA053D1-A339-4F05-A8EB-727DC51F6BE1},0,,6EA053D1-A339-4F05-A8EB-727DC51F6BE1,Unknown,,S,,,Ave,S Genesee Ave,2023/09/12 23:03:18+00,827 S Genesee Ave Los Angeles 90036,6EA053D1-A339-4F05-A8EB-727DC51F6BE1_827_S_Genesee_Ave_Los_Angeles_90036,Genesee,827 S Genesee Avenue Ave Los Angeles 90036,,,,
611354,1188096,,5086020006.0,,833.0,,,South,,,Genesee,Avenue,,,,,,,,,,,,,90036.0,,Los Angeles,Los Angeles,,,,,LA City,{BA89EF4B-B4C5-4F12-ACF8-55ED62DEF83C},0,,BA89EF4B-B4C5-4F12-ACF8-55ED62DEF83C,Unknown,,S,,,Ave,S Genesee Ave,2023/09/12 23:03:18+00,833 S Genesee Ave Los Angeles 90036,BA89EF4B-B4C5-4F12-ACF8-55ED62DEF83C_833_S_Genesee_Ave_Los_Angeles_90036,Genesee,833 S Genesee Avenue Ave Los Angeles 90036,,,,
611355,1188097,,5086020007.0,,837.0,,,South,,,Genesee,Avenue,,,,,,,,,,,,,90036.0,,Los Angeles,Los Angeles,,,,,LA City,{796E91D9-9336-4B0F-A1E6-DCB640E5729A},0,,796E91D9-9336-4B0F-A1E6-DCB640E5729A,Unknown,,S,,,Ave,S Genesee Ave,2023/09/12 23:03:18+00,837 S Genesee Ave Los Angeles 90036,796E91D9-9336-4B0F-A1E6-DCB640E5729A_837_S_Genesee_Ave_Los_Angeles_90036,Genesee,837 S Genesee Avenue Ave Los Angeles 90036,,,,
611356,1188098,,5086020008.0,,843.0,,,South,,,Genesee,Avenue,,,,,,,,,,,,,90036.0,,Los Angeles,Los Angeles,,,,,LA City,{AEE972D5-4864-48F1-BD3D-70C17CD78E6A},0,,AEE972D5-4864-48F1-BD3D-70C17CD78E6A,Unknown,,S,,,Ave,S Genesee Ave,2023/09/12 23:03:18+00,843 S Genesee Ave Los Angeles 90036,AEE972D5-4864-48F1-BD3D-70C17CD78E6A_843_S_Genesee_Ave_Los_Angeles_90036,Genesee,843 S Genesee Avenue Ave Los Angeles 90036,,,,
611357,1188099,,5086020009.0,,847.0,,,South,,,Genesee,Avenue,,,,,,,,,,,,,90036.0,,Los Angeles,Los Angeles,,,,,LA City,{D7A36709-D2A7-405F-BA1F-C9755C76D431},0,,D7A36709-D2A7-405F-BA1F-C9755C76D431,Unknown,,S,,,Ave,S Genesee Ave,2023/09/12 23:03:18+00,847 S Genesee Ave Los Angeles 90036,D7A36709-D2A7-405F-BA1F-C9755C76D431_847_S_Genesee_Ave_Los_Angeles_90036,Genesee,847 S Genesee Avenue Ave Los Angeles 90036,,,,
611358,1188100,,5086020010.0,,853.0,,,South,,,Genesee,Avenue,,,,,,,,,,,,,90036.0,,Los Angeles,Los Angeles,,,,,LA City,{738FE510-0420-44B9-8C80-6418F5D0964F},0,,738FE510-0420-44B9-8C80-6418F5D0964F,Unknown,,S,,,Ave,S Genesee Ave,2023/09/12 23:03:18+00,853 S Genesee Ave Los Angeles 90036,738FE510-0420-44B9-8C80-6418F5D0964F_853_S_Genesee_Ave_Los_Angeles_90036,Genesee,853 S Genesee Avenue Ave Los Angeles 90036,,,,
611359,1188101,,5086020011.0,,802.0,,,South,,,Ogden,Drive,,,,,,,,,,,,,90036.0,,Los Angeles,Los Angeles,,,,,LA City,{320E4CD9-8E38-420B-991E-CA39C25ED869},0,,320E4CD9-8E38-420B-991E-CA39C25ED869,Unknown,,S,,,Dr,S Ogden Dr,2023/09/12 23:03:18+00,802 S Ogden Dr Los Angeles 90036,320E4CD9-8E38-420B-991E-CA39C25ED869_802_S_Ogden_Dr_Los_Angeles_90036,Ogden,802 S Ogden Drive Dr Los Angeles 90036,,,,
611360,1188102,,5086020012.0,,806.0,,,South,,,Ogden,Drive,,,,,,,,,,,,,90036.0,,Los Angeles,Los Angeles,,,,,LA City,{2C43C440-4C3F-4647-96DD-8067EA41D888},0,,2C43C440-4C3F-4647-96DD-8067EA41D888,Unknown,,S,,,Dr,S Ogden Dr,2023/09/12 23:03:18+00,806 S Ogden Dr Los Angeles 90036,2C43C440-4C3F-4647-96DD-8067EA41D888_806_S_Ogden_Dr_Los_Angeles_90036,Ogden,806 S Ogden Drive Dr Los Angeles 90036,,,,
611361,1188103,,5086020013.0,,812.0,,,South,,,Ogden,Drive,,,,,,,,,,,,,90036.0,,Los Angeles,Los Angeles,,,,,LA City,{7A2E34F3-7276-4C15-B159-F45C7EE23B27},0,,7A2E34F3-7276-4C15-B159-F45C7EE23B27,Unknown,,S,,,Dr,S Ogden Dr,2023/09/12 23:03:18+00,812 S Ogden Dr Los Angeles 90036,7A2E34F3-7276-4C15-B159-F45C7EE23B27_812_S_Ogden_Dr_Los_Angeles_90036,Ogden,812 S Ogden Drive Dr Los Angeles 90036,,,,
611362,1188104,,5086020014.0,,816.0,,,South,,,Ogden,Drive,,,,,,,,,,,,,90036.0,,Los Angeles,Los Angeles,,,,,LA City,{97F221F4-0B77-4315-A904-F7158FB38FB0},0,,97F221F4-0B77-4315-A904-F7158FB38FB0,Unknown,,S,,,Dr,S Ogden Dr,2023/09/12 23:03:18+00,816 S Ogden Dr Los Angeles 90036,97F221F4-0B77-4315-A904-F7158FB38FB0_816_S_Ogden_Dr_Los_Angeles_90036,Ogden,816 S Ogden Drive Dr Los Angeles 90036,,,,
611363,1188105,,5086020015.0,,820.0,,,South,,,Ogden,Drive,,,,,,,,,,,,,90036.0,,Los Angeles,Los Angeles,,,,,LA City,{E36B2341-9E36-48EB-AA8A-ACA34143595B},0,,E36B2341-9E36-48EB-AA8A-ACA34143595B,Unknown,,S,,,Dr,S Ogden Dr,2023/09/12 23:03:18+00,820 S Ogden Dr Los Angeles 90036,E36B2341-9E36-48EB-AA8A-ACA34143595B_820_S_Ogden_Dr_Los_Angeles_90036,Ogden,820 S Ogden Drive Dr Los Angeles 90036,,,,
611364,1188106,,5086020016.0,,824.0,,,South,,,Ogden,Drive,,,,,,,,,,,,,90036.0,,Los Angeles,Los Angeles,,,,,LA City,{3E82E5DE-D412-4968-8B19-2B6504D7E419},0,,3E82E5DE-D412-4968-8B19-2B6504D7E419,Unknown,,S,,,Dr,S Ogden Dr,2023/09/12 23:03:18+00,824 S Ogden Dr Los Angeles 90036,3E82E5DE-D412-4968-8B19-2B6504D7E419_824_S_Ogden_Dr_Los_Angeles_90036,Ogden,824 S Ogden Drive Dr Los Angeles 90036,,,,
611365,1188107,,5086020017.0,,832.0,,,South,,,Ogden,Drive,,,,,,,,,,,,,90036.0,,Los Angeles,Los Angeles,,,,,LA City,{B45C524F-189B-4F2F-A16E-D11B315E3547},0,,B45C524F-189B-4F2F-A16E-D11B315E3547,Unknown,,S,,,Dr,S Ogden Dr,2023/09/12 23:03:18+00,832 S Ogden Dr Los Angeles 90036,B45C524F-189B-4F2F-A16E-D11B315E3547_832_S_Ogden_Dr_Los_Angeles_90036,Ogden,832 S Ogden Drive Dr Los Angeles 90036,,,,
611366,1188108,,5086020018.0,,836.0,,,South,,,Ogden,Drive,,,,,,,,,,,,,90036.0,,Los Angeles,Los Angeles,,,,,LA City,{D03ADDD4-4621-43C6-9CB2-A293097D9707},0,,D03ADDD4-4621-43C6-9CB2-A293097D9707,Unknown,,S,,,Dr,S Ogden Dr,2023/09/12 23:03:18+00,836 S Ogden Dr Los Angeles 90036,D03ADDD4-4621-43C6-9CB2-A293097D9707_836_S_Ogden_Dr_Los_Angeles_90036,Ogden,836 S Ogden Drive Dr Los Angeles 90036,,,,
611367,1188109,,5086020019.0,,842.0,,,South,,,Ogden,Drive,,,,,,,,,,,,,90036.0,,Los Angeles,Los Angeles,,,,,LA City,{33B77566-DB16-4603-AF22-FE022959EC20},0,,33B77566-DB16-4603-AF22-FE022959EC20,Unknown,,S,,,Dr,S Ogden Dr,2023/09/12 23:03:18+00,842 S Ogden Dr Los Angeles 90036,33B77566-DB16-4603-AF22-FE022959EC20_842_S_Ogden_Dr_Los_Angeles_90036,Ogden,842 S Ogden Drive Dr Los Angeles 90036,,,,
611368,1188110,,5086021005.0,,727.0,,,South,,,Genesee,Avenue,,,,,,,,,,,,,90036.0,,Los Angeles,Los Angeles,,,,,LA City,{27880684-1D48-4D3F-9DAA-3F6770236C8C},0,,27880684-1D48-4D3F-9DAA-3F6770236C8C,Unknown,,S,,,Ave,S Genesee Ave,2023/09/12 23:03:18+00,727 S Genesee Ave Los Angeles 90036,27880684-1D48-4D3F-9DAA-3F6770236C8C_727_S_Genesee_Ave_Los_Angeles_90036,Genesee,727 S Genesee Avenue Ave Los Angeles 90036,,,,
611369,1188111,,5086021005.0,,725.0,,,South,,,Genesee,Avenue,,,,,,,,,,,,,90036.0,,Los Angeles,Los Angeles,,,,,LA City,{58AC5771-0D5A-4ED9-956D-6A2B93609858},0,,58AC5771-0D5A-4ED9-956D-6A2B93609858,Unknown,,S,,,Ave,S Genesee Ave,2023/09/12 23:03:18+00,725 S Genesee Ave Los Angeles 90036,58AC5771-0D5A-4ED9-956D-6A2B93609858_725_S_Genesee_Ave_Los_Angeles_90036,Genesee,725 S Genesee Avenue Ave Los Angeles 90036,,,,
611370,1188112,,5086021008.0,,743.0,,,South,,,Genesee,Avenue,,,,,,,,,,,,,90036.0,,Los Angeles,Los Angeles,,,,,LA City,{9908B45A-C527-416D-8FF1-C9DF61CD7BD3},0,,9908B45A-C527-416D-8FF1-C9DF61CD7BD3,Unknown,,S,,,Ave,S Genesee Ave,2023/09/12 23:03:18+00,743 S Genesee Ave Los Angeles 90036,9908B45A-C527-416D-8FF1-C9DF61CD7BD3_743_S_Genesee_Ave_Los_Angeles_90036,Genesee,743 S Genesee Avenue Ave Los Angeles 90036,,,,
611371,1188113,,5086021008.0,,745.0,,,South,,,Genesee,Avenue,,,,,,,,,,,,,90036.0,,Los Angeles,Los Angeles,,,,,LA City,{B16776EB-E5A3-4D35-B3CE-3C28495F8BA1},0,,B16776EB-E5A3-4D35-B3CE-3C28495F8BA1,Unknown,,S,,,Ave,S Genesee Ave,2023/09/12 23:03:18+00,745 S Genesee Ave Los Angeles 90036,B16776EB-E5A3-4D35-B3CE-3C28495F8BA1_745_S_Genesee_Ave_Los_Angeles_90036,Genesee,745 S Genesee Avenue Ave Los Angeles 90036,,,,
611372,1188114,,5086021009.0,,747.0,1/2,,South,,,Genesee,Avenue,,,,,,,,,,,,,90036.0,,Los Angeles,Los Angeles,,,,,LA City,{5044420A-B12D-4459-96A5-64736BB568AF},0,,5044420A-B12D-4459-96A5-64736BB568AF,Unknown,,S,,,Ave,S Genesee Ave,2024/05/12 21:05:27+00,747 1/2 S Genesee Ave Los Angeles 90036,5044420A-B12D-4459-96A5-64736BB568AF_747_1/2_S_Genesee_Ave_Los_Angeles_90036,Genesee,747 1/2 S Genesee Avenue Ave Los Angeles 90036,,,,
611373,1188115,,5086021009.0,,749.0,1/2,,South,,,Genesee,Avenue,,,,,,,,,,,,,90036.0,,Los Angeles,Los Angeles,,,,,LA City,{AF33DF6F-EFB1-4E12-8DD1-DD4151417815},0,,AF33DF6F-EFB1-4E12-8DD1-DD4151417815,Unknown,,S,,,Ave,S Genesee Ave,2024/05/12 21:05:27+00,749 1/2 S Genesee Ave Los Angeles 90036,AF33DF6F-EFB1-4E12-8DD1-DD4151417815_749_1/2_S_Genesee_Ave_Los_Angeles_90036,Genesee,749 1/2 S Genesee Avenue Ave Los Angeles 90036,,,,
611374,1188116,,5086021009.0,,749.0,,,South,,,Genesee,Avenue,,,,,,,,,,,,,90036.0,,Los Angeles,Los Angeles,,,,,LA City,{17E2BB54-3E69-473B-8E26-011C75F91AD4},0,,17E2BB54-3E69-473B-8E26-011C75F91AD4,Unknown,,S,,,Ave,S Genesee Ave,2024/05/12 21:05:27+00,749 S Genesee Ave Los Angeles 90036,17E2BB54-3E69-473B-8E26-011C75F91AD4_749_S_Genesee_Ave_Los_Angeles_90036,Genesee,749 S Genesee Avenue Ave Los Angeles 90036,,,,
611375,1188117,,5086021009.0,,747.0,,,South,,,Genesee,Avenue,,,,,,,,,,,,,90036.0,,Los Angeles,Los Angeles,,,,,LA City,{357048CB-6B31-4661-A429-0CEC3E67E1CF},0,,357048CB-6B31-4661-A429-0CEC3E67E1CF,Unknown,,S,,,Ave,S Genesee Ave,2024/05/12 21:05:27+00,747 S Genesee Ave Los Angeles 90036,357048CB-6B31-4661-A429-0CEC3E67E1CF_747_S_Genesee_Ave_Los_Angeles_90036,Genesee,747 S Genesee Avenue Ave Los Angeles 90036,,,,
611376,1188118,,5086021012.0,,722.0,,,South,,,Ogden,Drive,,,,,,,,,,,,,90036.0,,Los Angeles,Los Angeles,,,,,LA City,{F794E0FC-2BA0-408B-A64B-23C02FCCEE93},0,,F794E0FC-2BA0-408B-A64B-23C02FCCEE93,Unknown,,S,,,Dr,S Ogden Dr,2023/09/12 23:03:18+00,722 S Ogden Dr Los Angeles 90036,F794E0FC-2BA0-408B-A64B-23C02FCCEE93_722_S_Ogden_Dr_Los_Angeles_90036,Ogden,722 S Ogden Drive Dr Los Angeles 90036,,,,
611377,1188119,,5086021022.0,,727.0,,,South,,,Spaulding,Avenue,,,,,,,,,,,,,90036.0,,Los Angeles,Los Angeles,,,,,LA City,{94D12FE1-6029-4C82-9700-0245A2F6B47A},0,,94D12FE1-6029-4C82-9700-0245A2F6B47A,Unknown,,S,,,Ave,S Spaulding Ave,2023/09/12 23:03:18+00,727 S Spaulding Ave Los Angeles 90036,94D12FE1-6029-4C82-9700-0245A2F6B47A_727_S_Spaulding_Ave_Los_Angeles_90036,Spaulding,727 S Spaulding Avenue Ave Los Angeles 90036,,,,
611378,1188120,,5086021022.0,,729.0,,,South,,,Spaulding,Avenue,,,,,,,,,,,,,90036.0,,Los Angeles,Los Angeles,,,,,LA City,{81840728-7EC7-46A2-BA94-A14F0A0BD8D0},0,,81840728-7EC7-46A2-BA94-A14F0A0BD8D0,Unknown,,S,,,Ave,S Spaulding Ave,2023/09/12 23:03:18+00,729 S Spaulding Ave Los Angeles 90036,81840728-7EC7-46A2-BA94-A14F0A0BD8D0_729_S_Spaulding_Ave_Los_Angeles_90036,Spaulding,729 S Spaulding Avenue Ave Los Angeles 90036,,,,
611379,1188121,,5086021023.0,,731.0,,,South,,,Spaulding,Avenue,,,,,,,,,,,,,90036.0,,Los Angeles,Los Angeles,,,,,LA City,{0D5927F8-E270-4A76-B4A7-7F500A542CAB},0,,0D5927F8-E270-4A76-B4A7-7F500A542CAB,Unknown,,S,,,Ave,S Spaulding Ave,2023/09/12 23:03:18+00,731 S Spaulding Ave Los Angeles 90036,0D5927F8-E270-4A76-B4A7-7F500A542CAB_731_S_Spaulding_Ave_Los_Angeles_90036,Spaulding,731 S Spaulding Avenue Ave Los Angeles 90036,,,,
611380,1188122,,5086021023.0,,735.0,,,South,,,Spaulding,Avenue,,,,,,,,,,,,,90036.0,,Los Angeles,Los Angeles,,,,,LA City,{B55CFBE8-625C-4B3C-B477-1127B2E97A51},0,,B55CFBE8-625C-4B3C-B477-1127B2E97A51,Unknown,,S,,,Ave,S Spaulding Ave,2023/09/12 23:03:18+00,735 S Spaulding Ave Los Angeles 90036,B55CFBE8-625C-4B3C-B477-1127B2E97A51_735_S_Spaulding_Ave_Los_Angeles_90036,Spaulding,735 S Spaulding Avenue Ave Los Angeles 90036,,,,
611381,1188123,,5086021023.0,,737.0,,,South,,,Spaulding,Avenue,,,,,,,,,,,,,90036.0,,Los Angeles,Los Angeles,,,,,LA City,{64DAED56-8856-4314-B44F-479880223EF5},0,,64DAED56-8856-4314-B44F-479880223EF5,Unknown,,S,,,Ave,S Spaulding Ave,2023/09/12 23:03:18+00,737 S Spaulding Ave Los Angeles 90036,64DAED56-8856-4314-B44F-479880223EF5_737_S_Spaulding_Ave_Los_Angeles_90036,Spaulding,737 S Spaulding Avenue Ave Los Angeles 90036,,,,
611382,1188124,,5086021023.0,,733.0,,,South,,,Spaulding,Avenue,,,,,,,,,,,,,90036.0,,Los Angeles,Los Angeles,,,,,LA City,{34ADE2DE-F096-438B-BDA1-D5320B4B1CE3},0,,34ADE2DE-F096-438B-BDA1-D5320B4B1CE3,Unknown,,S,,,Ave,S Spaulding Ave,2023/09/12 23:03:18+00,733 S Spaulding Ave Los Angeles 90036,34ADE2DE-F096-438B-BDA1-D5320B4B1CE3_733_S_Spaulding_Ave_Los_Angeles_90036,Spaulding,733 S Spaulding Avenue Ave Los Angeles 90036,,,,
611383,1188125,,5086021024.0,,739.0,,,South,,,Spaulding,Avenue,,,,,,,,,,,,,90036.0,,Los Angeles,Los Angeles,,,,,LA City,{C5D91F02-C22A-453C-B280-65A70A301286},0,,C5D91F02-C22A-453C-B280-65A70A301286,Unknown,,S,,,Ave,S Spaulding Ave,2023/09/12 23:03:18+00,739 S Spaulding Ave Los Angeles 90036,C5D91F02-C22A-453C-B280-65A70A301286_739_S_Spaulding_Ave_Los_Angeles_90036,Spaulding,739 S Spaulding Avenue Ave Los Angeles 90036,,,,
611384,1188126,,5086021025.0,,743.0,,,South,,,Spaulding,Avenue,,,,,,,,,,,,,90036.0,,Los Angeles,Los Angeles,,,,,LA City,{621CC236-14BC-42EB-8AF1-2AF8937C024C},0,,621CC236-14BC-42EB-8AF1-2AF8937C024C,Unknown,,S,,,Ave,S Spaulding Ave,2023/09/12 23:03:18+00,743 S Spaulding Ave Los Angeles 90036,621CC236-14BC-42EB-8AF1-2AF8937C024C_743_S_Spaulding_Ave_Los_Angeles_90036,Spaulding,743 S Spaulding Avenue Ave Los Angeles 90036,,,,
611385,1188127,,5086021025.0,,745.0,,,South,,,Spaulding,Avenue,,,,,,,,,,,,,90036.0,,Los Angeles,Los Angeles,,,,,LA City,{D2F79F83-07C4-4E72-A6C4-C09F8879F88B},0,,D2F79F83-07C4-4E72-A6C4-C09F8879F88B,Unknown,,S,,,Ave,S Spaulding Ave,2023/09/12 23:03:18+00,745 S Spaulding Ave Los Angeles 90036,D2F79F83-07C4-4E72-A6C4-C09F8879F88B_745_S_Spaulding_Ave_Los_Angeles_90036,Spaulding,745 S Spaulding Avenue Ave Los Angeles 90036,,,,
611386,1188128,,5086021026.0,,749.0,,,South,,,Spaulding,Avenue,,,,,,,,,,,,,90036.0,,Los Angeles,Los Angeles,,,,,LA City,{6A18B266-AE6A-489D-81B5-75AE20DB20A2},0,,6A18B266-AE6A-489D-81B5-75AE20DB20A2,Unknown,,S,,,Ave,S Spaulding Ave,2023/09/12 23:03:18+00,749 S Spaulding Ave Los Angeles 90036,6A18B266-AE6A-489D-81B5-75AE20DB20A2_749_S_Spaulding_Ave_Los_Angeles_90036,Spaulding,749 S Spaulding Avenue Ave Los Angeles 90036,,,,
611387,1188129,,5086021026.0,,751.0,,,South,,,Spaulding,Avenue,,,,,,,,,,,,,90036.0,,Los Angeles,Los Angeles,,,,,LA City,{566B8430-AFF5-4D05-AFBC-4FF9D0AD6E71},0,,566B8430-AFF5-4D05-AFBC-4FF9D0AD6E71,Unknown,,S,,,Ave,S Spaulding Ave,2023/09/12 23:03:18+00,751 S Spaulding Ave Los Angeles 90036,566B8430-AFF5-4D05-AFBC-4FF9D0AD6E71_751_S_Spaulding_Ave_Los_Angeles_90036,Spaulding,751 S Spaulding Avenue Ave Los Angeles 90036,,,,
611388,1188130,,5086021026.0,,747.0,,,South,,,Spaulding,Avenue,,,,,,,,,,,,,90036.0,,Los Angeles,Los Angeles,,,,,LA City,{8763036D-2C78-45E5-AADF-13386748A727},0,,8763036D-2C78-45E5-AADF-13386748A727,Unknown,,S,,,Ave,S Spaulding Ave,2024/05/12 21:05:27+00,747 S Spaulding Ave Los Angeles 90036,8763036D-2C78-45E5-AADF-13386748A727_747_S_Spaulding_Ave_Los_Angeles_90036,Spaulding,747 S Spaulding Avenue Ave Los Angeles 90036,,,,
611389,1188131,,5086021026.0,,747.0,1/2,,South,,,Spaulding,Avenue,,,,,,,,,,,,,90036.0,,Los Angeles,Los Angeles,,,,,LA City,{AA9BEA53-1AFC-421C-B413-AB60437E3924},0,,AA9BEA53-1AFC-421C-B413-AB60437E3924,Unknown,,S,,,Ave,S Spaulding Ave,2024/05/12 21:05:27+00,747 1/2 S Spaulding Ave Los Angeles 90036,AA9BEA53-1AFC-421C-B413-AB60437E3924_747_1/2_S_Spaulding_Ave_Los_Angeles_90036,Spaulding,747 1/2 S Spaulding Avenue Ave Los Angeles 90036,,,,
611390,1188132,,5086021027.0,,5905.0,,,West,,,8Th,Street,,,,,,,,,,,,,90036.0,,Los Angeles,Los Angeles,,,,,LA City,{E7AC2403-3CC1-4D55-950E-8D2C7E77D149},0,,E7AC2403-3CC1-4D55-950E-8D2C7E77D149,Unknown,,W,,,St,W 8Th St,2023/09/12 23:03:18+00,5905 W 8Th St Los Angeles 90036,E7AC2403-3CC1-4D55-950E-8D2C7E77D149_5905_W_8Th_St_Los_Angeles_90036,8Th,5905 W 8Th Street St Los Angeles 90036,,,,
611391,1188133,,5086021027.0,,755.0,,,South,,,Spaulding,Avenue,,,,,,,,,,,,,90036.0,,Los Angeles,Los Angeles,,,,,LA City,{C34C6E20-E4FD-4D3B-B6E2-B0468988A5B0},0,,C34C6E20-E4FD-4D3B-B6E2-B0468988A5B0,Unknown,,S,,,Ave,S Spaulding Ave,2024/05/12 21:05:27+00,755 S Spaulding Ave Los Angeles 90036,C34C6E20-E4FD-4D3B-B6E2-B0468988A5B0_755_S_Spaulding_Ave_Los_Angeles_90036,Spaulding,755 S Spaulding Avenue Ave Los Angeles 90036,,,,
611392,1188134,,5086021027.0,,753.0,,,South,,,Spaulding,Avenue,,,,,,,,,,,,,90036.0,,Los Angeles,Los Angeles,,,,,LA City,{DF253E9F-C55E-47E9-91CA-02B87120C589},0,,DF253E9F-C55E-47E9-91CA-02B87120C589,Unknown,,S,,,Ave,S Spaulding Ave,2024/05/12 21:05:27+00,753 S Spaulding Ave Los Angeles 90036,DF253E9F-C55E-47E9-91CA-02B87120C589_753_S_Spaulding_Ave_Los_Angeles_90036,Spaulding,753 S Spaulding Avenue Ave Los Angeles 90036,,,,
611393,1188135,,5086021027.0,,753.0,1/2,,South,,,Spaulding,Avenue,,,,,,,,,,,,,90036.0,,Los Angeles,Los Angeles,,,,,LA City,{9C8F4051-6DBF-4CC7-A730-42B02EC60F00},0,,9C8F4051-6DBF-4CC7-A730-42B02EC60F00,Unknown,,S,,,Ave,S Spaulding Ave,2024/05/12 21:05:27+00,753 1/2 S Spaulding Ave Los Angeles 90036,9C8F4051-6DBF-4CC7-A730-42B02EC60F00_753_1/2_S_Spaulding_Ave_Los_Angeles_90036,Spaulding,753 1/2 S Spaulding Avenue Ave Los Angeles 90036,,,,
611394,1188136,,5086021027.0,,755.0,1/2,,South,,,Spaulding,Avenue,,,,,,,,,,,,,90036.0,,Los Angeles,Los Angeles,,,,,LA City,{841D891C-B0D7-4BFC-8A41-615AEF3F20B4},0,,841D891C-B0D7-4BFC-8A41-615AEF3F20B4,Unknown,,S,,,Ave,S Spaulding Ave,2024/05/12 21:05:27+00,755 1/2 S Spaulding Ave Los Angeles 90036,841D891C-B0D7-4BFC-8A41-615AEF3F20B4_755_1/2_S_Spaulding_Ave_Los_Angeles_90036,Spaulding,755 1/2 S Spaulding Avenue Ave Los Angeles 90036,,,,
611395,1188137,,5086021029.0,,728.0,,,South,,,Genesee,Avenue,,,,,,,,,,,,,90036.0,,Los Angeles,Los Angeles,,,,,LA City,{97196F01-98F7-4E29-A661-BA2F95E953E4},0,,97196F01-98F7-4E29-A661-BA2F95E953E4,Unknown,,S,,,Ave,S Genesee Ave,2023/09/12 23:03:18+00,728 S Genesee Ave Los Angeles 90036,97196F01-98F7-4E29-A661-BA2F95E953E4_728_S_Genesee_Ave_Los_Angeles_90036,Genesee,728 S Genesee Avenue Ave Los Angeles 90036,,,,
611396,1188138,,5086021029.0,,732.0,,,South,,,Genesee,Avenue,,,,,,,,,,,,,90036.0,,Los Angeles,Los Angeles,,,,,LA City,{187215D4-036E-491B-9505-5A21F73B4878},0,,187215D4-036E-491B-9505-5A21F73B4878,Unknown,,S,,,Ave,S Genesee Ave,2024/05/12 21:05:27+00,732 S Genesee Ave Los Angeles 90036,187215D4-036E-491B-9505-5A21F73B4878_732_S_Genesee_Ave_Los_Angeles_90036,Genesee,732 S Genesee Avenue Ave Los Angeles 90036,,,,
611397,1188139,,5086021029.0,,730.0,,,South,,,Genesee,Avenue,,,,,,,,,,,,,90036.0,,Los Angeles,Los Angeles,,,,,LA City,{0E8A7976-7E23-41D0-8A32-82E910475038},0,,0E8A7976-7E23-41D0-8A32-82E910475038,Unknown,,S,,,Ave,S Genesee Ave,2024/05/12 21:05:27+00,730 S Genesee Ave Los Angeles 90036,0E8A7976-7E23-41D0-8A32-82E910475038_730_S_Genesee_Ave_Los_Angeles_90036,Genesee,730 S Genesee Avenue Ave Los Angeles 90036,,,,
611398,1188140,,5086021029.0,,732.0,1/2,,South,,,Genesee,Avenue,,,,,,,,,,,,,90036.0,,Los Angeles,Los Angeles,,,,,LA City,{27311372-C422-4A2B-9132-C9FD4DD465FB},0,,27311372-C422-4A2B-9132-C9FD4DD465FB,Unknown,,S,,,Ave,S Genesee Ave,2024/05/12 21:05:27+00,732 1/2 S Genesee Ave Los Angeles 90036,27311372-C422-4A2B-9132-C9FD4DD465FB_732_1/2_S_Genesee_Ave_Los_Angeles_90036,Genesee,732 1/2 S Genesee Avenue Ave Los Angeles 90036,,,,
611399,1188141,,5086021029.0,,730.0,1/2,,South,,,Genesee,Avenue,,,,,,,,,,,,,90036.0,,Los Angeles,Los Angeles,,,,,LA City,{C66D4C25-F727-4E1A-AD21-0B0B1492BE2E},0,,C66D4C25-F727-4E1A-AD21-0B0B1492BE2E,Unknown,,S,,,Ave,S Genesee Ave,2024/05/12 21:05:27+00,730 1/2 S Genesee Ave Los Angeles 90036,C66D4C25-F727-4E1A-AD21-0B0B1492BE2E_730_1/2_S_Genesee_Ave_Los_Angeles_90036,Genesee,730 1/2 S Genesee Avenue Ave Los Angeles 90036,,,,
611400,1188142,,5086021030.0,,736.0,,,South,,,Genesee,Avenue,,,,,,,,,,,,,90036.0,,Los Angeles,Los Angeles,,,,,LA City,{903B0394-92E7-41BA-888C-E7C7AEBB778E},0,,903B0394-92E7-41BA-888C-E7C7AEBB778E,Unknown,,S,,,Ave,S Genesee Ave,2023/09/12 23:03:18+00,736 S Genesee Ave Los Angeles 90036,903B0394-92E7-41BA-888C-E7C7AEBB778E_736_S_Genesee_Ave_Los_Angeles_90036,Genesee,736 S Genesee Avenue Ave Los Angeles 90036,,,,
611401,1188143,,5086021031.0,,740.0,,,South,,,Genesee,Avenue,,,,,,,,,,,,,90036.0,,Los Angeles,Los Angeles,,,,,LA City,{BF941982-0076-43FA-BBEF-DF2A46D191CF},0,,BF941982-0076-43FA-BBEF-DF2A46D191CF,Unknown,,S,,,Ave,S Genesee Ave,2023/09/12 23:03:18+00,740 S Genesee Ave Los Angeles 90036,BF941982-0076-43FA-BBEF-DF2A46D191CF_740_S_Genesee_Ave_Los_Angeles_90036,Genesee,740 S Genesee Avenue Ave Los Angeles 90036,,,,
611402,1188144,,5086021032.0,,748.0,,,South,,,Genesee,Avenue,,,,,,,,,,,,,90036.0,,Los Angeles,Los Angeles,,,,,LA City,{412086FD-702B-42FD-9032-6218CEAD4148},0,,412086FD-702B-42FD-9032-6218CEAD4148,Unknown,,S,,,Ave,S Genesee Ave,2023/09/12 23:03:18+00,748 S Genesee Ave Los Angeles 90036,412086FD-702B-42FD-9032-6218CEAD4148_748_S_Genesee_Ave_Los_Angeles_90036,Genesee,748 S Genesee Avenue Ave Los Angeles 90036,,,,
611403,1188145,,5086021032.0,,746.0,,,South,,,Genesee,Avenue,,,,,,,,,,,,,90036.0,,Los Angeles,Los Angeles,,,,,LA City,{012D390D-064F-45B7-A99F-E272E4EDF82A},0,,012D390D-064F-45B7-A99F-E272E4EDF82A,Unknown,,S,,,Ave,S Genesee Ave,2023/09/12 23:03:18+00,746 S Genesee Ave Los Angeles 90036,012D390D-064F-45B7-A99F-E272E4EDF82A_746_S_Genesee_Ave_Los_Angeles_90036,Genesee,746 S Genesee Avenue Ave Los Angeles 90036,,,,
611404,1188146,,5086021033.0,,5915.0,,,West,,,8Th,Street,,,,,,,,,,,,,90036.0,,Los Angeles,Los Angeles,,,,,LA City,{F594F317-030F-4B42-834D-C9498DE24654},0,,F594F317-030F-4B42-834D-C9498DE24654,Unknown,,W,,,St,W 8Th St,2023/09/12 23:03:18+00,5915 W 8Th St Los Angeles 90036,F594F317-030F-4B42-834D-C9498DE24654_5915_W_8Th_St_Los_Angeles_90036,8Th,5915 W 8Th Street St Los Angeles 90036,,,,
611405,1188147,,5086021033.0,,752.0,,,South,,,Genesee,Avenue,,,,,,,,,,,,,90036.0,,Los Angeles,Los Angeles,,,,,LA City,{8B8D4243-50C4-48D3-A447-9C727A062946},0,,8B8D4243-50C4-48D3-A447-9C727A062946,Unknown,,S,,,Ave,S Genesee Ave,2023/09/12 23:03:18+00,752 S Genesee Ave Los Angeles 90036,8B8D4243-50C4-48D3-A447-9C727A062946_752_S_Genesee_Ave_Los_Angeles_90036,Genesee,752 S Genesee Avenue Ave Los Angeles 90036,,,,
611406,1188148,,5086021038.0,,5940.0,,,West,,,Wilshire,Boulevard,,,,,,,,,,,,,90036.0,,Los Angeles,Los Angeles,,,,,LA City,{480B1B01-EEE3-4DB5-AB30-724D1B02CCBD},0,,480B1B01-EEE3-4DB5-AB30-724D1B02CCBD,Unknown,,W,,,Blvd,W Wilshire Blvd,2023/09/12 23:03:18+00,5940 W Wilshire Blvd Los Angeles 90036,480B1B01-EEE3-4DB5-AB30-724D1B02CCBD_5940_W_Wilshire_Blvd_Los_Angeles_90036,Wilshire,5940 W Wilshire Boulevard Blvd Los Angeles 90036,,,,
611407,1188149,,5086021038.0,,5950.0,,,West,,,Wilshire,Boulevard,,,,,,,,,,,,,90036.0,,Los Angeles,Los Angeles,,,,,LA City,{50176D33-EA99-402F-B110-9B477505A89E},0,,50176D33-EA99-402F-B110-9B477505A89E,Unknown,,W,,,Blvd,W Wilshire Blvd,2023/09/12 23:03:18+00,5950 W Wilshire Blvd Los Angeles 90036,50176D33-EA99-402F-B110-9B477505A89E_5950_W_Wilshire_Blvd_Los_Angeles_90036,Wilshire,5950 W Wilshire Boulevard Blvd Los Angeles 90036,,,,
611408,1188150,,5086021038.0,,5900.0,,,West,,,Wilshire,Boulevard,,,,,,,,,,,,,90036.0,,Los Angeles,Los Angeles,,,,,LA City,{ECDDD1C1-C682-421F-BDC2-E23B11427F73},0,,ECDDD1C1-C682-421F-BDC2-E23B11427F73,Unknown,,W,,,Blvd,W Wilshire Blvd,2023/09/12 23:03:18+00,5900 W Wilshire Blvd Los Angeles 90036,ECDDD1C1-C682-421F-BDC2-E23B11427F73_5900_W_Wilshire_Blvd_Los_Angeles_90036,Wilshire,5900 W Wilshire Boulevard Blvd Los Angeles 90036,,,,
611409,1188151,,5086021041.0,,724.0,,,South,,,Ogden,Drive,,,,,,,,,,,,1-65,90036.0,,Los Angeles,Los Angeles,,,,,LA City,{34526248-F8AF-4FB2-B4A7-DCC80DB4AD47},0,,34526248-F8AF-4FB2-B4A7-DCC80DB4AD47,Unknown,,S,,,Dr,S Ogden Dr,2023/09/12 23:03:18+00,724 S Ogden Dr 1-65 Los Angeles 90036,34526248-F8AF-4FB2-B4A7-DCC80DB4AD47_724_S_Ogden_Dr_1-65_Los_Angeles_90036,Ogden,724 S Ogden Drive Dr 1-65 Los Angeles 90036,,,,
611410,1188152,,5086021041.0,,732.0,,,South,,,Ogden,Drive,,,,,,,,,,,,,90036.0,,Los Angeles,Los Angeles,,,,,LA City,{EF40EB71-A5AB-48E4-AD72-6CA27C1DB0B6},0,,EF40EB71-A5AB-48E4-AD72-6CA27C1DB0B6,Unknown,,S,,,Dr,S Ogden Dr,2023/09/12 23:03:18+00,732 S Ogden Dr Los Angeles 90036,EF40EB71-A5AB-48E4-AD72-6CA27C1DB0B6_732_S_Ogden_Dr_Los_Angeles_90036,Ogden,732 S Ogden Drive Dr Los Angeles 90036,,,,
611411,1188153,,5086021041.0,,733.0,,,South,,,Genesee,Avenue,,,,,,,,,,,,,90036.0,,Los Angeles,Los Angeles,,,,,LA City,{40AE544D-7B33-48A2-8A25-25EAD9FB0A6A},0,,40AE544D-7B33-48A2-8A25-25EAD9FB0A6A,Unknown,,S,,,Ave,S Genesee Ave,2023/09/12 23:03:18+00,733 S Genesee Ave Los Angeles 90036,40AE544D-7B33-48A2-8A25-25EAD9FB0A6A_733_S_Genesee_Ave_Los_Angeles_90036,Genesee,733 S Genesee Avenue Ave Los Angeles 90036,,,,
611412,1188154,,5086021041.0,,736.0,,,South,,,Ogden,Drive,,,,,,,,,,,,,90036.0,,Los Angeles,Los Angeles,,,,,LA City,{480FF7D2-2FAF-4D71-9366-0122852EDEE6},0,,480FF7D2-2FAF-4D71-9366-0122852EDEE6,Unknown,,S,,,Dr,S Ogden Dr,2023/09/12 23:03:18+00,736 S Ogden Dr Los Angeles 90036,480FF7D2-2FAF-4D71-9366-0122852EDEE6_736_S_Ogden_Dr_Los_Angeles_90036,Ogden,736 S Ogden Drive Dr Los Angeles 90036,,,,
611413,1188155,,5086021041.0,,737.0,1/2,,South,,,Genesee,Avenue,,,,,,,,,,,,,90036.0,,Los Angeles,Los Angeles,,,,,LA City,{FDF99C83-045F-477A-A981-52CEA9598813},0,,FDF99C83-045F-477A-A981-52CEA9598813,Unknown,,S,,,Ave,S Genesee Ave,2024/05/12 21:05:27+00,737 1/2 S Genesee Ave Los Angeles 90036,FDF99C83-045F-477A-A981-52CEA9598813_737_1/2_S_Genesee_Ave_Los_Angeles_90036,Genesee,737 1/2 S Genesee Avenue Ave Los Angeles 90036,,,,
611414,1188156,,5086021041.0,,737.0,,,South,,,Genesee,Avenue,,,,,,,,,,,,,90036.0,,Los Angeles,Los Angeles,,,,,LA City,{006A86CA-9085-452F-9703-6D6CACA5D425},0,,006A86CA-9085-452F-9703-6D6CACA5D425,Unknown,,S,,,Ave,S Genesee Ave,2024/05/12 21:05:27+00,737 S Genesee Ave Los Angeles 90036,006A86CA-9085-452F-9703-6D6CACA5D425_737_S_Genesee_Ave_Los_Angeles_90036,Genesee,737 S Genesee Avenue Ave Los Angeles 90036,,,,
611415,1188157,,5086021041.0,,739.0,1/2,,South,,,Genesee,Avenue,,,,,,,,,,,,,90036.0,,Los Angeles,Los Angeles,,,,,LA City,{288D3DFF-77E8-440A-8F58-878D63FFB1F4},0,,288D3DFF-77E8-440A-8F58-878D63FFB1F4,Unknown,,S,,,Ave,S Genesee Ave,2024/05/12 21:05:27+00,739 1/2 S Genesee Ave Los Angeles 90036,288D3DFF-77E8-440A-8F58-878D63FFB1F4_739_1/2_S_Genesee_Ave_Los_Angeles_90036,Genesee,739 1/2 S Genesee Avenue Ave Los Angeles 90036,,,,
611416,1188158,,5086021041.0,,739.0,,,South,,,Genesee,Avenue,,,,,,,,,,,,,90036.0,,Los Angeles,Los Angeles,,,,,LA City,{0F20833A-0CF7-45ED-A7F5-389696E20622},0,,0F20833A-0CF7-45ED-A7F5-389696E20622,Unknown,,S,,,Ave,S Genesee Ave,2024/05/12 21:05:27+00,739 S Genesee Ave Los Angeles 90036,0F20833A-0CF7-45ED-A7F5-389696E20622_739_S_Genesee_Ave_Los_Angeles_90036,Genesee,739 S Genesee Avenue Ave Los Angeles 90036,,,,
611417,1188159,,5086021043.0,,5957.0,,,West,,,8Th,Street,,,,,,,,,,,,,90036.0,,Los Angeles,Los Angeles,,,,,LA City,{9125EBA8-396E-43F6-A877-8A6B5E473ADB},0,,9125EBA8-396E-43F6-A877-8A6B5E473ADB,Unknown,,W,,,St,W 8Th St,2023/09/12 23:03:18+00,5957 W 8Th St Los Angeles 90036,9125EBA8-396E-43F6-A877-8A6B5E473ADB_5957_W_8Th_St_Los_Angeles_90036,8Th,5957 W 8Th Street St Los Angeles 90036,,,,
611418,1188160,,5086021043.0,,752.0,,,South,,,Ogden,Drive,,,,,,,,,,,,,90036.0,,Los Angeles,Los Angeles,,,,,LA City,{28A6C813-A83D-47B6-814E-4AA1B88DA03A},0,,28A6C813-A83D-47B6-814E-4AA1B88DA03A,Unknown,,S,,,Dr,S Ogden Dr,2023/09/12 23:03:18+00,752 S Ogden Dr Los Angeles 90036,28A6C813-A83D-47B6-814E-4AA1B88DA03A_752_S_Ogden_Dr_Los_Angeles_90036,Ogden,752 S Ogden Drive Dr Los Angeles 90036,,,,
611419,1188161,,5086021043.0,,756.0,,,South,,,Ogden,Drive,,,,,,,,,,,,,90036.0,,Los Angeles,Los Angeles,,,,,LA City,{B26E779F-CCF6-44C6-9737-A6CB1157B095},0,,B26E779F-CCF6-44C6-9737-A6CB1157B095,Unknown,,S,,,Dr,S Ogden Dr,2023/09/12 23:03:18+00,756 S Ogden Dr Los Angeles 90036,B26E779F-CCF6-44C6-9737-A6CB1157B095_756_S_Ogden_Dr_Los_Angeles_90036,Ogden,756 S Ogden Drive Dr Los Angeles 90036,,,,
611420,1188162,,5086021043.0,,5955.0,,,West,,,8Th,Street,,,,,,,,,,,,,90036.0,,Los Angeles,Los Angeles,,,,,LA City,{9BFD5EA1-C447-407D-AAAF-7437C2310378},0,,9BFD5EA1-C447-407D-AAAF-7437C2310378,Unknown,,W,,,St,W 8Th St,2023/09/12 23:03:18+00,5955 W 8Th St Los Angeles 90036,9BFD5EA1-C447-407D-AAAF-7437C2310378_5955_W_8Th_St_Los_Angeles_90036,8Th,5955 W 8Th Street St Los Angeles 90036,,,,
611421,1188163,,5086021043.0,,750.0,,,South,,,Ogden,Drive,,,,,,,,,,,,,90036.0,,Los Angeles,Los Angeles,,,,,LA City,{FECED5CF-66B8-49E3-9A10-EB77EEF290AC},0,,FECED5CF-66B8-49E3-9A10-EB77EEF290AC,Unknown,,S,,,Dr,S Ogden Dr,2023/09/12 23:03:18+00,750 S Ogden Dr Los Angeles 90036,FECED5CF-66B8-49E3-9A10-EB77EEF290AC_750_S_Ogden_Dr_Los_Angeles_90036,Ogden,750 S Ogden Drive Dr Los Angeles 90036,,,,
611422,1188164,,5086021043.0,,755.0,,,South,,,Genesee,Avenue,,,,,,,,,,,,,90036.0,,Los Angeles,Los Angeles,,,,,LA City,{816CD942-821E-4872-BC0F-5A0299B96A42},0,,816CD942-821E-4872-BC0F-5A0299B96A42,Unknown,,S,,,Ave,S Genesee Ave,2024/05/12 21:05:27+00,755 S Genesee Ave Los Angeles 90036,816CD942-821E-4872-BC0F-5A0299B96A42_755_S_Genesee_Ave_Los_Angeles_90036,Genesee,755 S Genesee Avenue Ave Los Angeles 90036,,,,
611423,1188165,,5086021043.0,,753.0,,,South,,,Genesee,Avenue,,,,,,,,,,,,,90036.0,,Los Angeles,Los Angeles,,,,,LA City,{E7F3B5D2-4E5B-40E3-ACDF-D14737662575},0,,E7F3B5D2-4E5B-40E3-ACDF-D14737662575,Unknown,,S,,,Ave,S Genesee Ave,2024/05/12 21:05:27+00,753 S Genesee Ave Los Angeles 90036,E7F3B5D2-4E5B-40E3-ACDF-D14737662575_753_S_Genesee_Ave_Los_Angeles_90036,Genesee,753 S Genesee Avenue Ave Los Angeles 90036,,,,
611424,1188166,,5086021043.0,,753.0,1/2,,South,,,Genesee,Avenue,,,,,,,,,,,,,90036.0,,Los Angeles,Los Angeles,,,,,LA City,{DE128774-D1A4-4798-ACC5-AD6797058865},0,,DE128774-D1A4-4798-ACC5-AD6797058865,Unknown,,S,,,Ave,S Genesee Ave,2024/05/12 21:05:27+00,753 1/2 S Genesee Ave Los Angeles 90036,DE128774-D1A4-4798-ACC5-AD6797058865_753_1/2_S_Genesee_Ave_Los_Angeles_90036,Genesee,753 1/2 S Genesee Avenue Ave Los Angeles 90036,,,,
611425,1188167,,5086021043.0,,755.0,1/2,,South,,,Genesee,Avenue,,,,,,,,,,,,,90036.0,,Los Angeles,Los Angeles,,,,,LA City,{381EE58F-B067-4FA9-AE8A-6A47A170CCF1},0,,381EE58F-B067-4FA9-AE8A-6A47A170CCF1,Unknown,,S,,,Ave,S Genesee Ave,2024/05/12 21:05:27+00,755 1/2 S Genesee Ave Los Angeles 90036,381EE58F-B067-4FA9-AE8A-6A47A170CCF1_755_1/2_S_Genesee_Ave_Los_Angeles_90036,Genesee,755 1/2 S Genesee Avenue Ave Los Angeles 90036,,,,
611426,1188168,,5086021058.0,,738.0,,,South,,,Ogden,Drive,,,,,,,,,,,,1-12,90036.0,,Los Angeles,Los Angeles,,,,,LA City,{F5F5BF82-00EC-406D-A15B-493F4E88BAD0},0,,F5F5BF82-00EC-406D-A15B-493F4E88BAD0,Unknown,,S,,,Dr,S Ogden Dr,2023/09/12 23:03:18+00,738 S Ogden Dr 1-12 Los Angeles 90036,F5F5BF82-00EC-406D-A15B-493F4E88BAD0_738_S_Ogden_Dr_1-12_Los_Angeles_90036,Ogden,738 S Ogden Drive Dr 1-12 Los Angeles 90036,,,,
611427,1188169,,5086023001.0,,803.0,,,South,,,Spaulding,Avenue,,,,,,,,,,,,,90036.0,,Los Angeles,Los Angeles,,,,,LA City,{F1BAAF44-6752-4AA5-997B-9DA4C5F4B3C8},0,,F1BAAF44-6752-4AA5-997B-9DA4C5F4B3C8,Unknown,,S,,,Ave,S Spaulding Ave,2023/09/12 23:03:18+00,803 S Spaulding Ave Los Angeles 90036,F1BAAF44-6752-4AA5-997B-9DA4C5F4B3C8_803_S_Spaulding_Ave_Los_Angeles_90036,Spaulding,803 S Spaulding Avenue Ave Los Angeles 90036,,,,
611428,1188170,,5086023001.0,,805.0,,,South,,,Spaulding,Avenue,,,,,,,,,,,,,90036.0,,Los Angeles,Los Angeles,,,,,LA City,{476507FF-97E2-47D1-851E-81298DE56868},0,,476507FF-97E2-47D1-851E-81298DE56868,Unknown,,S,,,Ave,S Spaulding Ave,2023/09/12 23:03:18+00,805 S Spaulding Ave Los Angeles 90036,476507FF-97E2-47D1-851E-81298DE56868_805_S_Spaulding_Ave_Los_Angeles_90036,Spaulding,805 S Spaulding Avenue Ave Los Angeles 90036,,,,
611429,1188171,,5086023001.0,,801.0,,,South,,,Spaulding,Avenue,,,,,,,,,,,,,90036.0,,Los Angeles,Los Angeles,,,,,LA City,{B16EFBB7-3E20-48E2-8376-720A573998D6},0,,B16EFBB7-3E20-48E2-8376-720A573998D6,Unknown,,S,,,Ave,S Spaulding Ave,2023/09/12 23:03:18+00,801 S Spaulding Ave Los Angeles 90036,B16EFBB7-3E20-48E2-8376-720A573998D6_801_S_Spaulding_Ave_Los_Angeles_90036,Spaulding,801 S Spaulding Avenue Ave Los Angeles 90036,,,,
611430,1188172,,5086023002.0,,811.0,,,South,,,Spaulding,Avenue,,,,,,,,,,,,,90036.0,,Los Angeles,Los Angeles,,,,,LA City,{4E62A7C7-557E-4754-B063-876DEFEC7990},0,,4E62A7C7-557E-4754-B063-876DEFEC7990,Unknown,,S,,,Ave,S Spaulding Ave,2023/09/12 23:03:18+00,811 S Spaulding Ave Los Angeles 90036,4E62A7C7-557E-4754-B063-876DEFEC7990_811_S_Spaulding_Ave_Los_Angeles_90036,Spaulding,811 S Spaulding Avenue Ave Los Angeles 90036,,,,
611431,1188173,,5086023003.0,,815.0,,,South,,,Spaulding,Avenue,,,,,,,,,,,,,90036.0,,Los Angeles,Los Angeles,,,,,LA City,{723C1200-9104-40C8-94D6-05F89312C2E0},0,,723C1200-9104-40C8-94D6-05F89312C2E0,Unknown,,S,,,Ave,S Spaulding Ave,2023/09/12 23:03:18+00,815 S Spaulding Ave Los Angeles 90036,723C1200-9104-40C8-94D6-05F89312C2E0_815_S_Spaulding_Ave_Los_Angeles_90036,Spaulding,815 S Spaulding Avenue Ave Los Angeles 90036,,,,
611432,1188174,,5086023004.0,,821.0,,,South,,,Spaulding,Avenue,,,,,,,,,,,,,90036.0,,Los Angeles,Los Angeles,,,,,LA City,{5C8B3416-1EE3-47F7-983F-E7B56A129996},0,,5C8B3416-1EE3-47F7-983F-E7B56A129996,Unknown,,S,,,Ave,S Spaulding Ave,2023/09/12 23:03:18+00,821 S Spaulding Ave Los Angeles 90036,5C8B3416-1EE3-47F7-983F-E7B56A129996_821_S_Spaulding_Ave_Los_Angeles_90036,Spaulding,821 S Spaulding Avenue Ave Los Angeles 90036,,,,
611433,1188175,,5086023005.0,,827.0,,,South,,,Spaulding,Avenue,,,,,,,,,,,,,90036.0,,Los Angeles,Los Angeles,,,,,LA City,{6DEB9CAD-FC41-48C3-8268-8356BED743B7},0,,6DEB9CAD-FC41-48C3-8268-8356BED743B7,Unknown,,S,,,Ave,S Spaulding Ave,2023/09/12 23:03:18+00,827 S Spaulding Ave Los Angeles 90036,6DEB9CAD-FC41-48C3-8268-8356BED743B7_827_S_Spaulding_Ave_Los_Angeles_90036,Spaulding,827 S Spaulding Avenue Ave Los Angeles 90036,,,,
611434,1188176,,5086023006.0,,831.0,,,South,,,Spaulding,Avenue,,,,,,,,,,,,,90036.0,,Los Angeles,Los Angeles,,,,,LA City,{25D5D1CD-5E10-4158-BFA4-46FA7002527D},0,,25D5D1CD-5E10-4158-BFA4-46FA7002527D,Unknown,,S,,,Ave,S Spaulding Ave,2023/09/12 23:03:18+00,831 S Spaulding Ave Los Angeles 90036,25D5D1CD-5E10-4158-BFA4-46FA7002527D_831_S_Spaulding_Ave_Los_Angeles_90036,Spaulding,831 S Spaulding Avenue Ave Los Angeles 90036,,,,
611435,1188177,,5086023007.0,,837.0,,,South,,,Spaulding,Avenue,,,,,,,,,,,,,90036.0,,Los Angeles,Los Angeles,,,,,LA City,{5BAB63CB-024A-40EA-B9B8-25D49FE114FE},0,,5BAB63CB-024A-40EA-B9B8-25D49FE114FE,Unknown,,S,,,Ave,S Spaulding Ave,2023/09/12 23:03:18+00,837 S Spaulding Ave Los Angeles 90036,5BAB63CB-024A-40EA-B9B8-25D49FE114FE_837_S_Spaulding_Ave_Los_Angeles_90036,Spaulding,837 S Spaulding Avenue Ave Los Angeles 90036,,,,
611436,1188178,,5086023008.0,,841.0,,,South,,,Spaulding,Avenue,,,,,,,,,,,,,90036.0,,Los Angeles,Los Angeles,,,,,LA City,{24475C70-1DCF-4C23-9FD9-00E3CC3A388F},0,,24475C70-1DCF-4C23-9FD9-00E3CC3A388F,Unknown,,S,,,Ave,S Spaulding Ave,2023/09/12 23:03:18+00,841 S Spaulding Ave Los Angeles 90036,24475C70-1DCF-4C23-9FD9-00E3CC3A388F_841_S_Spaulding_Ave_Los_Angeles_90036,Spaulding,841 S Spaulding Avenue Ave Los Angeles 90036,,,,
611437,1188179,,5086023009.0,,845.0,,,South,,,Spaulding,Avenue,,,,,,,,,,,,,90036.0,,Los Angeles,Los Angeles,,,,,LA City,{76DB417E-0364-4386-922C-70F24FD3477B},0,,76DB417E-0364-4386-922C-70F24FD3477B,Unknown,,S,,,Ave,S Spaulding Ave,2023/09/12 23:03:18+00,845 S Spaulding Ave Los Angeles 90036,76DB417E-0364-4386-922C-70F24FD3477B_845_S_Spaulding_Ave_Los_Angeles_90036,Spaulding,845 S Spaulding Avenue Ave Los Angeles 90036,,,,
611438,1188180,,5086023010.0,,849.0,,,South,,,Spaulding,Avenue,,,,,,,,,,,,,90036.0,,Los Angeles,Los Angeles,,,,,LA City,{6552B889-F971-4D3F-8332-C0F247DEF4E9},0,,6552B889-F971-4D3F-8332-C0F247DEF4E9,Unknown,,S,,,Ave,S Spaulding Ave,2023/09/12 23:03:18+00,849 S Spaulding Ave Los Angeles 90036,6552B889-F971-4D3F-8332-C0F247DEF4E9_849_S_Spaulding_Ave_Los_Angeles_90036,Spaulding,849 S Spaulding Avenue Ave Los Angeles 90036,,,,
611439,1188181,,5086023011.0,,853.0,,,South,,,Spaulding,Avenue,,,,,,,,,,,,,90036.0,,Los Angeles,Los Angeles,,,,,LA City,{5F72C541-0CD9-442B-A32B-0BDF22AF5967},0,,5F72C541-0CD9-442B-A32B-0BDF22AF5967,Unknown,,S,,,Ave,S Spaulding Ave,2023/09/12 23:03:18+00,853 S Spaulding Ave Los Angeles 90036,5F72C541-0CD9-442B-A32B-0BDF22AF5967_853_S_Spaulding_Ave_Los_Angeles_90036,Spaulding,853 S Spaulding Avenue Ave Los Angeles 90036,,,,
611440,1188182,,5086023013.0,,802.0,,,South,,,Genesee,Avenue,,,,,,,,,,,,,90036.0,,Los Angeles,Los Angeles,,,,,LA City,{1127AD02-2190-4619-9E27-CF89105E6838},0,,1127AD02-2190-4619-9E27-CF89105E6838,Unknown,,S,,,Ave,S Genesee Ave,2023/09/12 23:03:18+00,802 S Genesee Ave Los Angeles 90036,1127AD02-2190-4619-9E27-CF89105E6838_802_S_Genesee_Ave_Los_Angeles_90036,Genesee,802 S Genesee Avenue Ave Los Angeles 90036,,,,
611441,1188183,,5086023014.0,,808.0,,,South,,,Genesee,Avenue,,,,,,,,,,,,,90036.0,,Los Angeles,Los Angeles,,,,,LA City,{444FDFBB-A1E5-483E-859C-58DF4BDE90A9},0,,444FDFBB-A1E5-483E-859C-58DF4BDE90A9,Unknown,,S,,,Ave,S Genesee Ave,2023/09/12 23:03:18+00,808 S Genesee Ave Los Angeles 90036,444FDFBB-A1E5-483E-859C-58DF4BDE90A9_808_S_Genesee_Ave_Los_Angeles_90036,Genesee,808 S Genesee Avenue Ave Los Angeles 90036,,,,
611442,1188184,,5086023015.0,,812.0,,,South,,,Genesee,Avenue,,,,,,,,,,,,,90036.0,,Los Angeles,Los Angeles,,,,,LA City,{A6ED3F6B-0542-4151-8387-9CCCB70DF59A},0,,A6ED3F6B-0542-4151-8387-9CCCB70DF59A,Unknown,,S,,,Ave,S Genesee Ave,2023/09/12 23:03:18+00,812 S Genesee Ave Los Angeles 90036,A6ED3F6B-0542-4151-8387-9CCCB70DF59A_812_S_Genesee_Ave_Los_Angeles_90036,Genesee,812 S Genesee Avenue Ave Los Angeles 90036,,,,
611443,1188185,,5086023016.0,,816.0,,,South,,,Genesee,Avenue,,,,,,,,,,,,,90036.0,,Los Angeles,Los Angeles,,,,,LA City,{6391B101-2B1F-4D2B-9440-8771B3BAF515},0,,6391B101-2B1F-4D2B-9440-8771B3BAF515,Unknown,,S,,,Ave,S Genesee Ave,2023/09/12 23:03:18+00,816 S Genesee Ave Los Angeles 90036,6391B101-2B1F-4D2B-9440-8771B3BAF515_816_S_Genesee_Ave_Los_Angeles_90036,Genesee,816 S Genesee Avenue Ave Los Angeles 90036,,,,
611444,1188186,,5086023016.0,,818.0,,,South,,,Genesee,Avenue,,,,,,,,,,,,,90036.0,,Los Angeles,Los Angeles,,,,,LA City,{BB80C177-4E40-4A83-86DF-AA776FD3DEBC},0,,BB80C177-4E40-4A83-86DF-AA776FD3DEBC,Unknown,,S,,,Ave,S Genesee Ave,2023/09/12 23:03:18+00,818 S Genesee Ave Los Angeles 90036,BB80C177-4E40-4A83-86DF-AA776FD3DEBC_818_S_Genesee_Ave_Los_Angeles_90036,Genesee,818 S Genesee Avenue Ave Los Angeles 90036,,,,
611445,1188187,,5086023017.0,,820.0,,,South,,,Genesee,Avenue,,,,,,,,,,,,,90036.0,,Los Angeles,Los Angeles,,,,,LA City,{DA6565D3-560E-491F-9527-E4DFA6F96641},0,,DA6565D3-560E-491F-9527-E4DFA6F96641,Unknown,,S,,,Ave,S Genesee Ave,2023/09/12 23:03:18+00,820 S Genesee Ave Los Angeles 90036,DA6565D3-560E-491F-9527-E4DFA6F96641_820_S_Genesee_Ave_Los_Angeles_90036,Genesee,820 S Genesee Avenue Ave Los Angeles 90036,,,,
611446,1188188,,5086023018.0,,826.0,,,South,,,Genesee,Avenue,,,,,,,,,,,,,90036.0,,Los Angeles,Los Angeles,,,,,LA City,{CF1F523D-391B-4F91-996E-D4F6AE9EBC6C},0,,CF1F523D-391B-4F91-996E-D4F6AE9EBC6C,Unknown,,S,,,Ave,S Genesee Ave,2023/09/12 23:03:18+00,826 S Genesee Ave Los Angeles 90036,CF1F523D-391B-4F91-996E-D4F6AE9EBC6C_826_S_Genesee_Ave_Los_Angeles_90036,Genesee,826 S Genesee Avenue Ave Los Angeles 90036,,,,
611447,1188189,,5086023019.0,,832.0,,,South,,,Genesee,Avenue,,,,,,,,,,,,,90036.0,,Los Angeles,Los Angeles,,,,,LA City,{71ED6EE7-E87E-4E1E-AE96-9EB302128BD2},0,,71ED6EE7-E87E-4E1E-AE96-9EB302128BD2,Unknown,,S,,,Ave,S Genesee Ave,2023/09/12 23:03:18+00,832 S Genesee Ave Los Angeles 90036,71ED6EE7-E87E-4E1E-AE96-9EB302128BD2_832_S_Genesee_Ave_Los_Angeles_90036,Genesee,832 S Genesee Avenue Ave Los Angeles 90036,,,,
611448,1188190,,5086023020.0,,836.0,,,South,,,Genesee,Avenue,,,,,,,,,,,,,90036.0,,Los Angeles,Los Angeles,,,,,LA City,{2B187F4E-2475-4D90-B4EE-5C6D856713F8},0,,2B187F4E-2475-4D90-B4EE-5C6D856713F8,Unknown,,S,,,Ave,S Genesee Ave,2023/09/12 23:03:18+00,836 S Genesee Ave Los Angeles 90036,2B187F4E-2475-4D90-B4EE-5C6D856713F8_836_S_Genesee_Ave_Los_Angeles_90036,Genesee,836 S Genesee Avenue Ave Los Angeles 90036,,,,
611449,1188191,,5086023021.0,,842.0,,,South,,,Genesee,Avenue,,,,,,,,,,,,,90036.0,,Los Angeles,Los Angeles,,,,,LA City,{B6371B04-FC5A-4812-AC15-6B28A4F9F385},0,,B6371B04-FC5A-4812-AC15-6B28A4F9F385,Unknown,,S,,,Ave,S Genesee Ave,2023/09/12 23:03:18+00,842 S Genesee Ave Los Angeles 90036,B6371B04-FC5A-4812-AC15-6B28A4F9F385_842_S_Genesee_Ave_Los_Angeles_90036,Genesee,842 S Genesee Avenue Ave Los Angeles 90036,,,,
611450,1188192,,5086023022.0,,846.0,,,South,,,Genesee,Avenue,,,,,,,,,,,,,90036.0,,Los Angeles,Los Angeles,,,,,LA City,{03B10DE7-04AA-4EC2-835A-8E19E24E28A4},0,,03B10DE7-04AA-4EC2-835A-8E19E24E28A4,Unknown,,S,,,Ave,S Genesee Ave,2023/09/12 23:03:18+00,846 S Genesee Ave Los Angeles 90036,03B10DE7-04AA-4EC2-835A-8E19E24E28A4_846_S_Genesee_Ave_Los_Angeles_90036,Genesee,846 S Genesee Avenue Ave Los Angeles 90036,,,,
611451,1188193,,5086023024.0,,859.0,,,South,,,Spaulding,Avenue,,,,,,,,,,,,,90036.0,,Los Angeles,Los Angeles,,,,,LA City,{B8556186-DBA4-4A45-A478-E202A6F4A77B},0,,B8556186-DBA4-4A45-A478-E202A6F4A77B,Unknown,,S,,,Ave,S Spaulding Ave,2023/09/12 23:03:18+00,859 S Spaulding Ave Los Angeles 90036,B8556186-DBA4-4A45-A478-E202A6F4A77B_859_S_Spaulding_Ave_Los_Angeles_90036,Spaulding,859 S Spaulding Avenue Ave Los Angeles 90036,,,,
611452,1188194,,5086023025.0,,850.0,,,South,,,Genesee,Avenue,,,,,,,,,,,,,90036.0,,Los Angeles,Los Angeles,,,,,LA City,{5FD2C137-23EE-4F11-8C0D-19102C992147},0,,5FD2C137-23EE-4F11-8C0D-19102C992147,Unknown,,S,,,Ave,S Genesee Ave,2023/09/12 23:03:18+00,850 S Genesee Ave Los Angeles 90036,5FD2C137-23EE-4F11-8C0D-19102C992147_850_S_Genesee_Ave_Los_Angeles_90036,Genesee,850 S Genesee Avenue Ave Los Angeles 90036,,,,
611453,1188195,,5086024002.0,,907.0,,,South,,,Spaulding,Avenue,,,,,,,,,,,,,90036.0,,Los Angeles,Los Angeles,,,,,LA City,{A02D9A6E-4787-4B9E-A805-9166BD80B835},0,,A02D9A6E-4787-4B9E-A805-9166BD80B835,Unknown,,S,,,Ave,S Spaulding Ave,2023/09/12 23:03:18+00,907 S Spaulding Ave Los Angeles 90036,A02D9A6E-4787-4B9E-A805-9166BD80B835_907_S_Spaulding_Ave_Los_Angeles_90036,Spaulding,907 S Spaulding Avenue Ave Los Angeles 90036,,,,
611454,1188196,,5086024003.0,,911.0,,,South,,,Spaulding,Avenue,,,,,,,,,,,,,90036.0,,Los Angeles,Los Angeles,,,,,LA City,{716CD152-D202-4232-B1D7-02B6C86EF4B4},0,,716CD152-D202-4232-B1D7-02B6C86EF4B4,Unknown,,S,,,Ave,S Spaulding Ave,2023/09/12 23:03:18+00,911 S Spaulding Ave Los Angeles 90036,716CD152-D202-4232-B1D7-02B6C86EF4B4_911_S_Spaulding_Ave_Los_Angeles_90036,Spaulding,911 S Spaulding Avenue Ave Los Angeles 90036,,,,
611455,1188197,,5086024003.0,,913.0,,,South,,,Spaulding,Avenue,,,,,,,,,,,,,90036.0,,Los Angeles,Los Angeles,,,,,LA City,{B5007524-3440-466A-B0A9-F0734A038B68},0,,B5007524-3440-466A-B0A9-F0734A038B68,Unknown,,S,,,Ave,S Spaulding Ave,2023/09/12 23:03:18+00,913 S Spaulding Ave Los Angeles 90036,B5007524-3440-466A-B0A9-F0734A038B68_913_S_Spaulding_Ave_Los_Angeles_90036,Spaulding,913 S Spaulding Avenue Ave Los Angeles 90036,,,,
611456,1188198,,5086024004.0,,915.0,,,South,,,Spaulding,Avenue,,,,,,,,,,,,,90036.0,,Los Angeles,Los Angeles,,,,,LA City,{8CC703CD-E2CB-4AE3-85E7-DC2E451A22B0},0,,8CC703CD-E2CB-4AE3-85E7-DC2E451A22B0,Unknown,,S,,,Ave,S Spaulding Ave,2023/09/12 23:03:18+00,915 S Spaulding Ave Los Angeles 90036,8CC703CD-E2CB-4AE3-85E7-DC2E451A22B0_915_S_Spaulding_Ave_Los_Angeles_90036,Spaulding,915 S Spaulding Avenue Ave Los Angeles 90036,,,,
611457,1188199,,5086024004.0,,917.0,,,South,,,Spaulding,Avenue,,,,,,,,,,,,,90036.0,,Los Angeles,Los Angeles,,,,,LA City,{09DBF663-42C1-4984-8D5A-363850F9B136},0,,09DBF663-42C1-4984-8D5A-363850F9B136,Unknown,,S,,,Ave,S Spaulding Ave,2023/09/12 23:03:18+00,917 S Spaulding Ave Los Angeles 90036,09DBF663-42C1-4984-8D5A-363850F9B136_917_S_Spaulding_Ave_Los_Angeles_90036,Spaulding,917 S Spaulding Avenue Ave Los Angeles 90036,,,,
611458,1188200,,5086024004.0,,919.0,,,South,,,Spaulding,Avenue,,,,,,,,,,,,,90036.0,,Los Angeles,Los Angeles,,,,,LA City,{8FAB45BB-3DE0-4B54-83BD-D74D6432B01F},0,,8FAB45BB-3DE0-4B54-83BD-D74D6432B01F,Unknown,,S,,,Ave,S Spaulding Ave,2023/09/12 23:03:18+00,919 S Spaulding Ave Los Angeles 90036,8FAB45BB-3DE0-4B54-83BD-D74D6432B01F_919_S_Spaulding_Ave_Los_Angeles_90036,Spaulding,919 S Spaulding Avenue Ave Los Angeles 90036,,,,
611459,1188201,,5086024005.0,,923.0,,,South,,,Spaulding,Avenue,,,,,,,,,,,,,90036.0,,Los Angeles,Los Angeles,,,,,LA City,{395EDA7A-2857-481E-B5FC-13F0ABFE8717},0,,395EDA7A-2857-481E-B5FC-13F0ABFE8717,Unknown,,S,,,Ave,S Spaulding Ave,2023/09/12 23:03:18+00,923 S Spaulding Ave Los Angeles 90036,395EDA7A-2857-481E-B5FC-13F0ABFE8717_923_S_Spaulding_Ave_Los_Angeles_90036,Spaulding,923 S Spaulding Avenue Ave Los Angeles 90036,,,,
611460,1188202,,5086024005.0,,921.0,,,South,,,Spaulding,Avenue,,,,,,,,,,,,,90036.0,,Los Angeles,Los Angeles,,,,,LA City,{684EC646-C6A4-4BE5-A6A4-6124388DA53F},0,,684EC646-C6A4-4BE5-A6A4-6124388DA53F,Unknown,,S,,,Ave,S Spaulding Ave,2023/09/12 23:03:18+00,921 S Spaulding Ave Los Angeles 90036,684EC646-C6A4-4BE5-A6A4-6124388DA53F_921_S_Spaulding_Ave_Los_Angeles_90036,Spaulding,921 S Spaulding Avenue Ave Los Angeles 90036,,,,
611461,1188203,,5086024006.0,,927.0,,,South,,,Spaulding,Avenue,,,,,,,,,,,,,90036.0,,Los Angeles,Los Angeles,,,,,LA City,{1CABA329-2918-4F39-9B96-8999902B1201},0,,1CABA329-2918-4F39-9B96-8999902B1201,Unknown,,S,,,Ave,S Spaulding Ave,2023/09/12 23:03:18+00,927 S Spaulding Ave Los Angeles 90036,1CABA329-2918-4F39-9B96-8999902B1201_927_S_Spaulding_Ave_Los_Angeles_90036,Spaulding,927 S Spaulding Avenue Ave Los Angeles 90036,,,,
611462,1188204,,5086024007.0,,935.0,,,South,,,Spaulding,Avenue,,,,,,,,,,,,,90036.0,,Los Angeles,Los Angeles,,,,,LA City,{CBA143A5-3469-4216-832A-1B8E19C69D33},0,,CBA143A5-3469-4216-832A-1B8E19C69D33,Unknown,,S,,,Ave,S Spaulding Ave,2023/09/12 23:03:18+00,935 S Spaulding Ave Los Angeles 90036,CBA143A5-3469-4216-832A-1B8E19C69D33_935_S_Spaulding_Ave_Los_Angeles_90036,Spaulding,935 S Spaulding Avenue Ave Los Angeles 90036,,,,
611463,1188205,,5086024008.0,,937.0,,,South,,,Spaulding,Avenue,,,,,,,,,,,,,90036.0,,Los Angeles,Los Angeles,,,,,LA City,{00374FAA-2A19-495F-AAD6-029DED37BFDA},0,,00374FAA-2A19-495F-AAD6-029DED37BFDA,Unknown,,S,,,Ave,S Spaulding Ave,2023/09/12 23:03:18+00,937 S Spaulding Ave Los Angeles 90036,00374FAA-2A19-495F-AAD6-029DED37BFDA_937_S_Spaulding_Ave_Los_Angeles_90036,Spaulding,937 S Spaulding Avenue Ave Los Angeles 90036,,,,
611464,1188206,,5086024010.0,,906.0,,,South,,,Genesee,Avenue,,,,,,,,,,,,,90036.0,,Los Angeles,Los Angeles,,,,,LA City,{E1CD879A-8F24-401F-A5D2-4AFB293CBF41},0,,E1CD879A-8F24-401F-A5D2-4AFB293CBF41,Unknown,,S,,,Ave,S Genesee Ave,2023/09/12 23:03:18+00,906 S Genesee Ave Los Angeles 90036,E1CD879A-8F24-401F-A5D2-4AFB293CBF41_906_S_Genesee_Ave_Los_Angeles_90036,Genesee,906 S Genesee Avenue Ave Los Angeles 90036,,,,
611465,1188207,,5086024011.0,,912.0,,,South,,,Genesee,Avenue,,,,,,,,,,,,,90036.0,,Los Angeles,Los Angeles,,,,,LA City,{3632243F-28CD-4285-BAFE-849969614DD0},0,,3632243F-28CD-4285-BAFE-849969614DD0,Unknown,,S,,,Ave,S Genesee Ave,2023/09/12 23:03:18+00,912 S Genesee Ave Los Angeles 90036,3632243F-28CD-4285-BAFE-849969614DD0_912_S_Genesee_Ave_Los_Angeles_90036,Genesee,912 S Genesee Avenue Ave Los Angeles 90036,,,,
611466,1188208,,5086024012.0,,916.0,,,South,,,Genesee,Avenue,,,,,,,,,,,,,90036.0,,Los Angeles,Los Angeles,,,,,LA City,{EC4AA9E1-7DE3-4F13-9698-0FA21286D992},0,,EC4AA9E1-7DE3-4F13-9698-0FA21286D992,Unknown,,S,,,Ave,S Genesee Ave,2023/09/12 23:03:18+00,916 S Genesee Ave Los Angeles 90036,EC4AA9E1-7DE3-4F13-9698-0FA21286D992_916_S_Genesee_Ave_Los_Angeles_90036,Genesee,916 S Genesee Avenue Ave Los Angeles 90036,,,,
611467,1188209,,5086024013.0,,920.0,,,South,,,Genesee,Avenue,,,,,,,,,,,,,90036.0,,Los Angeles,Los Angeles,,,,,LA City,{83544075-3924-4C4F-872B-301AA84C2DB9},0,,83544075-3924-4C4F-872B-301AA84C2DB9,Unknown,,S,,,Ave,S Genesee Ave,2023/09/12 23:03:18+00,920 S Genesee Ave Los Angeles 90036,83544075-3924-4C4F-872B-301AA84C2DB9_920_S_Genesee_Ave_Los_Angeles_90036,Genesee,920 S Genesee Avenue Ave Los Angeles 90036,,,,
611468,1188210,,5086024014.0,,928.0,,,South,,,Genesee,Avenue,,,,,,,,,,,,,90036.0,,Los Angeles,Los Angeles,,,,,LA City,{8CCABE5B-B070-4359-B933-91CC6B35C48F},0,,8CCABE5B-B070-4359-B933-91CC6B35C48F,Unknown,,S,,,Ave,S Genesee Ave,2023/09/12 23:03:18+00,928 S Genesee Ave Los Angeles 90036,8CCABE5B-B070-4359-B933-91CC6B35C48F_928_S_Genesee_Ave_Los_Angeles_90036,Genesee,928 S Genesee Avenue Ave Los Angeles 90036,,,,
611469,1188211,,5086024014.0,,926.0,,,South,,,Genesee,Avenue,,,,,,,,,,,,,90036.0,,Los Angeles,Los Angeles,,,,,LA City,{85B342C1-2B5D-4CB4-A0BA-612F85E8438D},0,,85B342C1-2B5D-4CB4-A0BA-612F85E8438D,Unknown,,S,,,Ave,S Genesee Ave,2023/09/12 23:03:18+00,926 S Genesee Ave Los Angeles 90036,85B342C1-2B5D-4CB4-A0BA-612F85E8438D_926_S_Genesee_Ave_Los_Angeles_90036,Genesee,926 S Genesee Avenue Ave Los Angeles 90036,,,,
611470,1188212,,5086024015.0,,930.0,,,South,,,Genesee,Avenue,,,,,,,,,,,,,90036.0,,Los Angeles,Los Angeles,,,,,LA City,{26722FE5-1147-44E7-988A-43D7FBF9DB0B},0,,26722FE5-1147-44E7-988A-43D7FBF9DB0B,Unknown,,S,,,Ave,S Genesee Ave,2023/09/12 23:03:18+00,930 S Genesee Ave Los Angeles 90036,26722FE5-1147-44E7-988A-43D7FBF9DB0B_930_S_Genesee_Ave_Los_Angeles_90036,Genesee,930 S Genesee Avenue Ave Los Angeles 90036,,,,
611471,1188213,,5086024016.0,,936.0,,,South,,,Genesee,Avenue,,,,,,,,,,,,,90036.0,,Los Angeles,Los Angeles,,,,,LA City,{1434BF1D-AE25-4710-9CC9-652B0A396354},0,,1434BF1D-AE25-4710-9CC9-652B0A396354,Unknown,,S,,,Ave,S Genesee Ave,2023/09/12 23:03:18+00,936 S Genesee Ave Los Angeles 90036,1434BF1D-AE25-4710-9CC9-652B0A396354_936_S_Genesee_Ave_Los_Angeles_90036,Genesee,936 S Genesee Avenue Ave Los Angeles 90036,,,,
611472,1188214,,5086024017.0,,940.0,,,South,,,Genesee,Avenue,,,,,,,,,,,,,90036.0,,Los Angeles,Los Angeles,,,,,LA City,{B515A103-5C7F-4D89-8E59-30F2D2ED6298},0,,B515A103-5C7F-4D89-8E59-30F2D2ED6298,Unknown,,S,,,Ave,S Genesee Ave,2023/09/12 23:03:18+00,940 S Genesee Ave Los Angeles 90036,B515A103-5C7F-4D89-8E59-30F2D2ED6298_940_S_Genesee_Ave_Los_Angeles_90036,Genesee,940 S Genesee Avenue Ave Los Angeles 90036,,,,
611473,1188215,,5086024017.0,,942.0,,,South,,,Genesee,Avenue,,,,,,,,,,,,,90036.0,,Los Angeles,Los Angeles,,,,,LA City,{791C2400-950A-42FD-90E5-852D39C1164B},0,,791C2400-950A-42FD-90E5-852D39C1164B,Unknown,,S,,,Ave,S Genesee Ave,2023/09/12 23:03:18+00,942 S Genesee Ave Los Angeles 90036,791C2400-950A-42FD-90E5-852D39C1164B_942_S_Genesee_Ave_Los_Angeles_90036,Genesee,942 S Genesee Avenue Ave Los Angeles 90036,,,,
611474,1188216,,5086024023.0,,903.0,,,South,,,Spaulding,Avenue,,,,,,,,,,,,,90036.0,,Los Angeles,Los Angeles,,,,,LA City,{FAF11FBD-F17C-404B-8AD7-C439C9262AE6},0,,FAF11FBD-F17C-404B-8AD7-C439C9262AE6,Unknown,,S,,,Ave,S Spaulding Ave,2023/09/12 23:03:18+00,903 S Spaulding Ave Los Angeles 90036,FAF11FBD-F17C-404B-8AD7-C439C9262AE6_903_S_Spaulding_Ave_Los_Angeles_90036,Spaulding,903 S Spaulding Avenue Ave Los Angeles 90036,,,,
611475,1188217,,5086024024.0,,902.0,,,South,,,Genesee,Avenue,,,,,,,,,,,,,90036.0,,Los Angeles,Los Angeles,,,,,LA City,{8823A2DD-168C-410E-98C8-B72CFEF1C6EB},0,,8823A2DD-168C-410E-98C8-B72CFEF1C6EB,Unknown,,S,,,Ave,S Genesee Ave,2023/09/12 23:03:18+00,902 S Genesee Ave Los Angeles 90036,8823A2DD-168C-410E-98C8-B72CFEF1C6EB_902_S_Genesee_Ave_Los_Angeles_90036,Genesee,902 S Genesee Avenue Ave Los Angeles 90036,,,,
611476,1188218,,5086024900.0,,946.0,,,South,,,Genesee,Avenue,,,,,,,,,,,,,90036.0,,Los Angeles,Los Angeles,,,,,LA City,{D65CFBEE-F288-4230-89CD-A5FD923137A6},0,,D65CFBEE-F288-4230-89CD-A5FD923137A6,Unknown,,S,,,Ave,S Genesee Ave,2023/09/12 23:03:18+00,946 S Genesee Ave Los Angeles 90036,D65CFBEE-F288-4230-89CD-A5FD923137A6_946_S_Genesee_Ave_Los_Angeles_90036,Genesee,946 S Genesee Avenue Ave Los Angeles 90036,,,,
611477,1188219,,5086024900.0,,948.0,,,South,,,Genesee,Avenue,,,,,,,,,,,,,90036.0,,Los Angeles,Los Angeles,,,,,LA City,{1BA062D1-7352-4DAE-BEBC-C6E3E98D6E95},0,,1BA062D1-7352-4DAE-BEBC-C6E3E98D6E95,Unknown,,S,,,Ave,S Genesee Ave,2023/09/12 23:03:18+00,948 S Genesee Ave Los Angeles 90036,1BA062D1-7352-4DAE-BEBC-C6E3E98D6E95_948_S_Genesee_Ave_Los_Angeles_90036,Genesee,948 S Genesee Avenue Ave Los Angeles 90036,,,,
611478,1188220,,5086024900.0,,950.0,,,South,,,Genesee,Avenue,,,,,,,,,,,,,90036.0,,Los Angeles,Los Angeles,,,,,LA City,{D67B65E7-AD3C-4294-BECE-113DB2C7B229},0,,D67B65E7-AD3C-4294-BECE-113DB2C7B229,Unknown,,S,,,Ave,S Genesee Ave,2023/09/12 23:03:18+00,950 S Genesee Ave Los Angeles 90036,D67B65E7-AD3C-4294-BECE-113DB2C7B229_950_S_Genesee_Ave_Los_Angeles_90036,Genesee,950 S Genesee Avenue Ave Los Angeles 90036,,,,
611479,1188221,,5086024900.0,,5901.0,,,West,,,Olympic,Boulevard,,,,,,,,,,,,,90036.0,,Los Angeles,Los Angeles,,,,,LA City,{23E88549-8A75-41CF-848B-6F718BA33E9A},0,,23E88549-8A75-41CF-848B-6F718BA33E9A,Unknown,,W,,,Blvd,W Olympic Blvd,2023/09/12 23:03:18+00,5901 W Olympic Blvd Los Angeles 90036,23E88549-8A75-41CF-848B-6F718BA33E9A_5901_W_Olympic_Blvd_Los_Angeles_90036,Olympic,5901 W Olympic Boulevard Blvd Los Angeles 90036,,,,
611480,1188222,,5086024900.0,,960.0,,,South,,,Genesee,Avenue,,,,,,,,,,,,,90036.0,,Los Angeles,Los Angeles,,,,,LA City,{2862EAC9-58A4-42BA-B513-0311AB4A4A64},0,,2862EAC9-58A4-42BA-B513-0311AB4A4A64,Unknown,,S,,,Ave,S Genesee Ave,2023/09/12 23:03:18+00,960 S Genesee Ave Los Angeles 90036,2862EAC9-58A4-42BA-B513-0311AB4A4A64_960_S_Genesee_Ave_Los_Angeles_90036,Genesee,960 S Genesee Avenue Ave Los Angeles 90036,,,,
611481,1188223,,5086024900.0,,5915.0,,,West,,,Olympic,Boulevard,,,,,,,,,,,,,90036.0,,Los Angeles,Los Angeles,,,,,LA City,{91C9C1DD-0756-4C1F-850B-DC15D21BB6E1},0,,91C9C1DD-0756-4C1F-850B-DC15D21BB6E1,Unknown,,W,,,Blvd,W Olympic Blvd,2023/09/12 23:03:18+00,5915 W Olympic Blvd Los Angeles 90036,91C9C1DD-0756-4C1F-850B-DC15D21BB6E1_5915_W_Olympic_Blvd_Los_Angeles_90036,Olympic,5915 W Olympic Boulevard Blvd Los Angeles 90036,,,,
611482,1188224,,5086024900.0,,5921.0,,,West,,,Olympic,Boulevard,,,,,,,,,,,,,90036.0,,Los Angeles,Los Angeles,,,,,LA City,{02EDD0D3-B3A1-4EB8-8782-8C32907A980B},0,,02EDD0D3-B3A1-4EB8-8782-8C32907A980B,Unknown,,W,,,Blvd,W Olympic Blvd,2023/09/12 23:03:18+00,5921 W Olympic Blvd Los Angeles 90036,02EDD0D3-B3A1-4EB8-8782-8C32907A980B_5921_W_Olympic_Blvd_Los_Angeles_90036,Olympic,5921 W Olympic Boulevard Blvd Los Angeles 90036,,,,
611483,1188225,,5086024900.0,,944.0,,,South,,,Genesee,Avenue,,,,,,,,,,,,,90036.0,,Los Angeles,Los Angeles,,,,,LA City,{E49684A8-8606-410A-9565-65DC4D9B4356},0,,E49684A8-8606-410A-9565-65DC4D9B4356,Unknown,,S,,,Ave,S Genesee Ave,2023/09/12 23:03:18+00,944 S Genesee Ave Los Angeles 90036,E49684A8-8606-410A-9565-65DC4D9B4356_944_S_Genesee_Ave_Los_Angeles_90036,Genesee,944 S Genesee Avenue Ave Los Angeles 90036,,,,
611484,1188226,,5086025023.0,,5952.0,,,West,,,Olympic,Boulevard,,,,,,,,,,,,,90036.0,,Los Angeles,Los Angeles,,,,,LA City,{59680465-49AC-461A-8460-A2C8B06EE564},0,,59680465-49AC-461A-8460-A2C8B06EE564,Unknown,,W,,,Blvd,W Olympic Blvd,2023/09/12 23:03:18+00,5952 W Olympic Blvd Los Angeles 90036,59680465-49AC-461A-8460-A2C8B06EE564_5952_W_Olympic_Blvd_Los_Angeles_90036,Olympic,5952 W Olympic Boulevard Blvd Los Angeles 90036,,,,
611485,1188227,,5086025023.0,,5951.0,,,West,,,San Vicente,Boulevard,,,,,,,,,,,,,90036.0,,Los Angeles,Los Angeles,,,,,LA City,{430E807D-25E3-4AE2-B8A0-B0BAEBFA5466},0,,430E807D-25E3-4AE2-B8A0-B0BAEBFA5466,Unknown,,W,,,Blvd,W San Vicente Blvd,2023/09/12 23:03:18+00,5951 W San Vicente Blvd Los Angeles 90036,430E807D-25E3-4AE2-B8A0-B0BAEBFA5466_5951_W_San_Vicente_Blvd_Los_Angeles_90036,San Vicente,5951 W San Vicente Boulevard Blvd Los Angeles 90036,,,,
611486,1188228,,5086025024.0,,5956.0,,,West,,,Olympic,Boulevard,,,,,,,,,,,,,90036.0,,Los Angeles,Los Angeles,,,,,LA City,{84692D87-699A-4D29-BFF2-E469C8C996FA},0,,84692D87-699A-4D29-BFF2-E469C8C996FA,Unknown,,W,,,Blvd,W Olympic Blvd,2023/09/12 23:03:18+00,5956 W Olympic Blvd Los Angeles 90036,84692D87-699A-4D29-BFF2-E469C8C996FA_5956_W_Olympic_Blvd_Los_Angeles_90036,Olympic,5956 W Olympic Boulevard Blvd Los Angeles 90036,,,,
611487,1188229,,5086025024.0,,5960.0,,,West,,,Olympic,Boulevard,,,,,,,,,,,,,90036.0,,Los Angeles,Los Angeles,,,,,LA City,{F081D4DE-25A7-4B95-863A-8EC7639BEB7C},0,,F081D4DE-25A7-4B95-863A-8EC7639BEB7C,Unknown,,W,,,Blvd,W Olympic Blvd,2023/09/12 23:03:18+00,5960 W Olympic Blvd Los Angeles 90036,F081D4DE-25A7-4B95-863A-8EC7639BEB7C_5960_W_Olympic_Blvd_Los_Angeles_90036,Olympic,5960 W Olympic Boulevard Blvd Los Angeles 90036,,,,
611488,1188230,,5086025024.0,,5958.0,,,West,,,Olympic,Boulevard,,,,,,,,,,,,,90036.0,,Los Angeles,Los Angeles,,,,,LA City,{3ECF5026-0BC8-45D2-92F3-371897C620AB},0,,3ECF5026-0BC8-45D2-92F3-371897C620AB,Unknown,,W,,,Blvd,W Olympic Blvd,2023/09/12 23:03:18+00,5958 W Olympic Blvd Los Angeles 90036,3ECF5026-0BC8-45D2-92F3-371897C620AB_5958_W_Olympic_Blvd_Los_Angeles_90036,Olympic,5958 W Olympic Boulevard Blvd Los Angeles 90036,,,,
611489,1188231,,5086025025.0,,5964.0,,,West,,,Olympic,Boulevard,,,,,,,,,,,,,90036.0,,Los Angeles,Los Angeles,,,,,LA City,{021CD688-4DCA-4B34-B165-B4D59F4E1871},0,,021CD688-4DCA-4B34-B165-B4D59F4E1871,Unknown,,W,,,Blvd,W Olympic Blvd,2023/09/12 23:03:18+00,5964 W Olympic Blvd Los Angeles 90036,021CD688-4DCA-4B34-B165-B4D59F4E1871_5964_W_Olympic_Blvd_Los_Angeles_90036,Olympic,5964 W Olympic Boulevard Blvd Los Angeles 90036,,,,
611490,1188232,,5086025025.0,,5966.0,,,West,,,Olympic,Boulevard,,,,,,,,,,,,,90036.0,,Los Angeles,Los Angeles,,,,,LA City,{5C61D3A3-8C54-4E6B-AEF1-698F267AB496},0,,5C61D3A3-8C54-4E6B-AEF1-698F267AB496,Unknown,,W,,,Blvd,W Olympic Blvd,2023/09/12 23:03:18+00,5966 W Olympic Blvd Los Angeles 90036,5C61D3A3-8C54-4E6B-AEF1-698F267AB496_5966_W_Olympic_Blvd_Los_Angeles_90036,Olympic,5966 W Olympic Boulevard Blvd Los Angeles 90036,,,,
611492,1188234,,5086025900.0,,5900.0,,,West,,,Olympic,Boulevard,,,,,,,,,,,,,90036.0,,Los Angeles,Los Angeles,,,,,LA City,{38531DC8-728F-4F9E-BCE8-5347BCE51CC0},0,,38531DC8-728F-4F9E-BCE8-5347BCE51CC0,Unknown,,W,,,Blvd,W Olympic Blvd,2023/09/12 23:03:18+00,5900 W Olympic Blvd Los Angeles 90036,38531DC8-728F-4F9E-BCE8-5347BCE51CC0_5900_W_Olympic_Blvd_Los_Angeles_90036,Olympic,5900 W Olympic Boulevard Blvd Los Angeles 90036,,,,
612920,1189667,,5088003039.0,,755.0,,,South,,,Fairfax,Avenue,,,,,,,,,,,,,90036.0,,Los Angeles,Los Angeles,,,,,LA City,{5DD1374A-B307-42C5-8A12-EE652A4C56CF},0,,5DD1374A-B307-42C5-8A12-EE652A4C56CF,Unknown,,S,,,Ave,S Fairfax Ave,2023/09/12 23:03:18+00,755 S Fairfax Ave Los Angeles 90036,5DD1374A-B307-42C5-8A12-EE652A4C56CF_755_S_Fairfax_Ave_Los_Angeles_90036,Fairfax,755 S Fairfax Avenue Ave Los Angeles 90036,,,,
612935,1189682,,5088003053.0,,767.0,,,South,,,Fairfax,Avenue,,,,,,,,,,,,,90036.0,,Los Angeles,Los Angeles,,,,,LA City,{40604890-5E88-438B-817E-2BFB42C30596},0,,40604890-5E88-438B-817E-2BFB42C30596,Unknown,,S,,,Ave,S Fairfax Ave,2023/09/12 23:03:18+00,767 S Fairfax Ave Los Angeles 90036,40604890-5E88-438B-817E-2BFB42C30596_767_S_Fairfax_Ave_Los_Angeles_90036,Fairfax,767 S Fairfax Avenue Ave Los Angeles 90036,,,,
612937,1189684,,5088003054.0,,813.0,,,South,,,Fairfax,Avenue,,,,,,,,,,,,,90036.0,,Los Angeles,Los Angeles,,,,,LA City,{7E1DCD3C-8607-4F20-946F-5FCFBB952851},0,,7E1DCD3C-8607-4F20-946F-5FCFBB952851,Unknown,,S,,,Ave,S Fairfax Ave,2023/09/12 23:03:18+00,813 S Fairfax Ave Los Angeles 90036,7E1DCD3C-8607-4F20-946F-5FCFBB952851_813_S_Fairfax_Ave_Los_Angeles_90036,Fairfax,813 S Fairfax Avenue Ave Los Angeles 90036,,,,
612949,1189696,,5088003064.0,,817.0,,,South,,,Fairfax,Avenue,,,,,,,,,,,,,90036.0,,Los Angeles,Los Angeles,,,,,LA City,{8003AD34-ABAC-4862-9342-CE86D1DC4AC0},0,,8003AD34-ABAC-4862-9342-CE86D1DC4AC0,Unknown,,S,,,Ave,S Fairfax Ave,2023/09/12 23:03:18+00,817 S Fairfax Ave Los Angeles 90036,8003AD34-ABAC-4862-9342-CE86D1DC4AC0_817_S_Fairfax_Ave_Los_Angeles_90036,Fairfax,817 S Fairfax Avenue Ave Los Angeles 90036,,,,
612955,1189702,,5088004039.0,,915.0,,,South,,,Fairfax,Avenue,,,,,,,,,,,,,90036.0,,Los Angeles,Los Angeles,,,,,LA City,{3541D601-6492-4844-B777-86A378251CA3},0,,3541D601-6492-4844-B777-86A378251CA3,Unknown,,S,,,Ave,S Fairfax Ave,2023/09/12 23:03:18+00,915 S Fairfax Ave Los Angeles 90036,3541D601-6492-4844-B777-86A378251CA3_915_S_Fairfax_Ave_Los_Angeles_90036,Fairfax,915 S Fairfax Avenue Ave Los Angeles 90036,,,,
612980,1189727,,5088004058.0,,925.0,,,South,,,Fairfax,Avenue,,,,,,,,,,,,,90036.0,,Los Angeles,Los Angeles,,,,,LA City,{EAB9F3C7-E497-489E-9AE7-F7821A8FF5FF},0,,EAB9F3C7-E497-489E-9AE7-F7821A8FF5FF,Unknown,,S,,,Ave,S Fairfax Ave,2023/09/12 23:03:18+00,925 S Fairfax Ave Los Angeles 90036,EAB9F3C7-E497-489E-9AE7-F7821A8FF5FF_925_S_Fairfax_Ave_Los_Angeles_90036,Fairfax,925 S Fairfax Avenue Ave Los Angeles 90036,,,,
612981,1189728,,5088004058.0,,929.0,,,South,,,Fairfax,Avenue,,,,,,,,,,,,,90036.0,,Los Angeles,Los Angeles,,,,,LA City,{48E0F300-E560-4AB9-B2B8-43DE9FEBD0AD},0,,48E0F300-E560-4AB9-B2B8-43DE9FEBD0AD,Unknown,,S,,,Ave,S Fairfax Ave,2023/09/12 23:03:18+00,929 S Fairfax Ave Los Angeles 90036,48E0F300-E560-4AB9-B2B8-43DE9FEBD0AD_929_S_Fairfax_Ave_Los_Angeles_90036,Fairfax,929 S Fairfax Avenue Ave Los Angeles 90036,,,,
612983,1189730,,5088005031.0,,961.0,,,South,,,Fairfax,Avenue,,,,,,,,,,,,,90036.0,,Los Angeles,Los Angeles,,,,,LA City,{72F8225A-94B7-489C-8E01-D34E73CE22C2},0,,72F8225A-94B7-489C-8E01-D34E73CE22C2,Unknown,,S,,,Ave,S Fairfax Ave,2023/09/12 23:03:18+00,961 S Fairfax Ave Los Angeles 90036,72F8225A-94B7-489C-8E01-D34E73CE22C2_961_S_Fairfax_Ave_Los_Angeles_90036,Fairfax,961 S Fairfax Avenue Ave Los Angeles 90036,,,,
613525,1190272,,5089001001.0,,5317.0,,,West,,,8Th,Street,,,,,,,,,,,,,90036.0,,Los Angeles,Los Angeles,,,,,LA City,{446943C8-629D-499D-8FCE-E1747E9578F1},0,,446943C8-629D-499D-8FCE-E1747E9578F1,Unknown,,W,,,St,W 8Th St,2023/09/12 23:03:18+00,5317 W 8Th St Los Angeles 90036,446943C8-629D-499D-8FCE-E1747E9578F1_5317_W_8Th_St_Los_Angeles_90036,8Th,5317 W 8Th Street St Los Angeles 90036,,,,
613526,1190273,,5089001001.0,,5319.0,,,West,,,8Th,Street,,,,,,,,,,,,,90036.0,,Los Angeles,Los Angeles,,,,,LA City,{62066B0B-687C-474A-B82E-F5F2AD7E8E9E},0,,62066B0B-687C-474A-B82E-F5F2AD7E8E9E,Unknown,,W,,,St,W 8Th St,2023/09/12 23:03:18+00,5319 W 8Th St Los Angeles 90036,62066B0B-687C-474A-B82E-F5F2AD7E8E9E_5319_W_8Th_St_Los_Angeles_90036,8Th,5319 W 8Th Street St Los Angeles 90036,,,,
613527,1190274,,5089001001.0,,5315.0,,,West,,,8Th,Street,,,,,,,,,,,,,90036.0,,Los Angeles,Los Angeles,,,,,LA City,{378D54FD-2801-498F-A6AA-278F9549F93C},0,,378D54FD-2801-498F-A6AA-278F9549F93C,Unknown,,W,,,St,W 8Th St,2023/09/12 23:03:18+00,5315 W 8Th St Los Angeles 90036,378D54FD-2801-498F-A6AA-278F9549F93C_5315_W_8Th_St_Los_Angeles_90036,8Th,5315 W 8Th Street St Los Angeles 90036,,,,
613528,1190275,,5089001001.0,,5321.0,,,West,,,8Th,Street,,,,,,,,,,,,,90036.0,,Los Angeles,Los Angeles,,,,,LA City,{D7A72C1C-734B-436E-A907-D45E2E225558},0,,D7A72C1C-734B-436E-A907-D45E2E225558,Unknown,,W,,,St,W 8Th St,2023/09/12 23:03:18+00,5321 W 8Th St Los Angeles 90036,D7A72C1C-734B-436E-A907-D45E2E225558_5321_W_8Th_St_Los_Angeles_90036,8Th,5321 W 8Th Street St Los Angeles 90036,,,,
613529,1190276,,5089001002.0,,750.0,,,South,,,Detroit,Street,,,,,,,,,,,,,90036.0,,Los Angeles,Los Angeles,,,,,LA City,{7E9CEF13-1BBF-4E37-B755-B90E31AD0FE3},0,,7E9CEF13-1BBF-4E37-B755-B90E31AD0FE3,Unknown,,S,,,St,S Detroit St,2024/05/12 21:05:27+00,750 S Detroit St Los Angeles 90036,7E9CEF13-1BBF-4E37-B755-B90E31AD0FE3_750_S_Detroit_St_Los_Angeles_90036,Detroit,750 S Detroit Street St Los Angeles 90036,,,,
613530,1190277,,5089001002.0,,750.0,1/2,,South,,,Detroit,Street,,,,,,,,,,,,,90036.0,,Los Angeles,Los Angeles,,,,,LA City,{53B436C5-D6DE-436C-8644-C449DEA9B6F8},0,,53B436C5-D6DE-436C-8644-C449DEA9B6F8,Unknown,,S,,,St,S Detroit St,2024/05/12 21:05:27+00,750 1/2 S Detroit St Los Angeles 90036,53B436C5-D6DE-436C-8644-C449DEA9B6F8_750_1/2_S_Detroit_St_Los_Angeles_90036,Detroit,750 1/2 S Detroit Street St Los Angeles 90036,,,,
613531,1190278,,5089001005.0,,740.0,,,South,,,Detroit,Street,,,,,,,,,,,,,90036.0,,Los Angeles,Los Angeles,,,,,LA City,{8614F515-C4CE-4164-A6DF-4CC091EC9915},0,,8614F515-C4CE-4164-A6DF-4CC091EC9915,Unknown,,S,,,St,S Detroit St,2023/09/12 23:03:18+00,740 S Detroit St Los Angeles 90036,8614F515-C4CE-4164-A6DF-4CC091EC9915_740_S_Detroit_St_Los_Angeles_90036,Detroit,740 S Detroit Street St Los Angeles 90036,,,,
613532,1190279,,5089001006.0,,734.0,,,South,,,Detroit,Street,,,,,,,,,,,,,90036.0,,Los Angeles,Los Angeles,,,,,LA City,{8BA7D1D4-9563-417B-8765-C459268E0CBF},0,,8BA7D1D4-9563-417B-8765-C459268E0CBF,Unknown,,S,,,St,S Detroit St,2023/09/12 23:03:18+00,734 S Detroit St Los Angeles 90036,8BA7D1D4-9563-417B-8765-C459268E0CBF_734_S_Detroit_St_Los_Angeles_90036,Detroit,734 S Detroit Street St Los Angeles 90036,,,,
613533,1190280,,5089001010.0,,5307.0,,,West,,,8Th,Street,,,,,,,,,,,,,90036.0,,Los Angeles,Los Angeles,,,,,LA City,{DFE0D2DB-DF23-44C7-8B8D-AFDCA5B02777},0,,DFE0D2DB-DF23-44C7-8B8D-AFDCA5B02777,Unknown,,W,,,St,W 8Th St,2023/09/12 23:03:18+00,5307 W 8Th St Los Angeles 90036,DFE0D2DB-DF23-44C7-8B8D-AFDCA5B02777_5307_W_8Th_St_Los_Angeles_90036,8Th,5307 W 8Th Street St Los Angeles 90036,,,,
613534,1190281,,5089001010.0,,759.0,,,South,,,La Brea,Avenue,,,,,,,,,,,,,90036.0,,Los Angeles,Los Angeles,,,,,LA City,{B4089602-AB3E-444C-A1D7-E24BF5C006DC},0,,B4089602-AB3E-444C-A1D7-E24BF5C006DC,Unknown,,S,,,Ave,S La Brea Ave,2023/09/12 23:03:18+00,759 S La Brea Ave Los Angeles 90036,B4089602-AB3E-444C-A1D7-E24BF5C006DC_759_S_La_Brea_Ave_Los_Angeles_90036,La Brea,759 S La Brea Avenue Ave Los Angeles 90036,,,,
613535,1190282,,5089001010.0,,757.0,,,South,,,La Brea,Avenue,,,,,,,,,,,,,90036.0,,Los Angeles,Los Angeles,,,,,LA City,{CAE5A877-FE7D-436B-B1D8-EC8CFDD08BDE},0,,CAE5A877-FE7D-436B-B1D8-EC8CFDD08BDE,Unknown,,S,,,Ave,S La Brea Ave,2023/09/12 23:03:18+00,757 S La Brea Ave Los Angeles 90036,CAE5A877-FE7D-436B-B1D8-EC8CFDD08BDE_757_S_La_Brea_Ave_Los_Angeles_90036,La Brea,757 S La Brea Avenue Ave Los Angeles 90036,,,,
613536,1190283,,5089001010.0,,5303.0,,,West,,,8Th,Street,,,,,,,,,,,,,90036.0,,Los Angeles,Los Angeles,,,,,LA City,{A060958D-1540-4386-8A49-84395FF37B6B},0,,A060958D-1540-4386-8A49-84395FF37B6B,Unknown,,W,,,St,W 8Th St,2023/09/12 23:03:18+00,5303 W 8Th St Los Angeles 90036,A060958D-1540-4386-8A49-84395FF37B6B_5303_W_8Th_St_Los_Angeles_90036,8Th,5303 W 8Th Street St Los Angeles 90036,,,,
613537,1190284,,5089001010.0,,5305.0,,,West,,,8Th,Street,,,,,,,,,,,,,90036.0,,Los Angeles,Los Angeles,,,,,LA City,{620ADE1D-61CB-43F0-93A1-DE4F32D1B922},0,,620ADE1D-61CB-43F0-93A1-DE4F32D1B922,Unknown,,W,,,St,W 8Th St,2023/09/12 23:03:18+00,5305 W 8Th St Los Angeles 90036,620ADE1D-61CB-43F0-93A1-DE4F32D1B922_5305_W_8Th_St_Los_Angeles_90036,8Th,5305 W 8Th Street St Los Angeles 90036,,,,
613538,1190285,,5089001010.0,,5301.0,,,West,,,8Th,Street,,,,,,,,,,,,,90036.0,,Los Angeles,Los Angeles,,,,,LA City,{CAB56776-16D9-43B4-90AB-6026063444CF},0,,CAB56776-16D9-43B4-90AB-6026063444CF,Unknown,,W,,,St,W 8Th St,2023/09/12 23:03:18+00,5301 W 8Th St Los Angeles 90036,CAB56776-16D9-43B4-90AB-6026063444CF_5301_W_8Th_St_Los_Angeles_90036,8Th,5301 W 8Th Street St Los Angeles 90036,,,,
613539,1190286,,5089001011.0,,747.0,,,South,,,La Brea,Avenue,,,,,,,,,,,,,90036.0,,Los Angeles,Los Angeles,,,,,LA City,{3A093916-38A1-43AC-8878-4B4C0CF48887},0,,3A093916-38A1-43AC-8878-4B4C0CF48887,Unknown,,S,,,Ave,S La Brea Ave,2023/09/12 23:03:18+00,747 S La Brea Ave Los Angeles 90036,3A093916-38A1-43AC-8878-4B4C0CF48887_747_S_La_Brea_Ave_Los_Angeles_90036,La Brea,747 S La Brea Avenue Ave Los Angeles 90036,,,,
613540,1190287,,5089001011.0,,745.0,,,South,,,La Brea,Avenue,,,,,,,,,,,,,90036.0,,Los Angeles,Los Angeles,,,,,LA City,{1EE9EA3E-AD00-4ED4-B304-0C70BA862086},0,,1EE9EA3E-AD00-4ED4-B304-0C70BA862086,Unknown,,S,,,Ave,S La Brea Ave,2023/09/12 23:03:18+00,745 S La Brea Ave Los Angeles 90036,1EE9EA3E-AD00-4ED4-B304-0C70BA862086_745_S_La_Brea_Ave_Los_Angeles_90036,La Brea,745 S La Brea Avenue Ave Los Angeles 90036,,,,
613541,1190288,,5089001012.0,,743.0,,,South,,,La Brea,Avenue,,,,,,,,,,,,,90036.0,,Los Angeles,Los Angeles,,,,,LA City,{73BF7C88-7E3C-42DE-9A26-D33FD07F6B26},0,,73BF7C88-7E3C-42DE-9A26-D33FD07F6B26,Unknown,,S,,,Ave,S La Brea Ave,2023/09/12 23:03:18+00,743 S La Brea Ave Los Angeles 90036,73BF7C88-7E3C-42DE-9A26-D33FD07F6B26_743_S_La_Brea_Ave_Los_Angeles_90036,La Brea,743 S La Brea Avenue Ave Los Angeles 90036,,,,
613542,1190289,,5089001012.0,,733.0,,,South,,,La Brea,Avenue,,,,,,,,,,,,,90036.0,,Los Angeles,Los Angeles,,,,,LA City,{86551B5E-0BC0-46EC-8D4E-8DE173B1A3F5},0,,86551B5E-0BC0-46EC-8D4E-8DE173B1A3F5,Unknown,,S,,,Ave,S La Brea Ave,2023/09/12 23:03:18+00,733 S La Brea Ave Los Angeles 90036,86551B5E-0BC0-46EC-8D4E-8DE173B1A3F5_733_S_La_Brea_Ave_Los_Angeles_90036,La Brea,733 S La Brea Avenue Ave Los Angeles 90036,,,,
613543,1190290,,5089001012.0,,741.0,,,South,,,La Brea,Avenue,,,,,,,,,,,,,90036.0,,Los Angeles,Los Angeles,,,,,LA City,{8FAA3A8B-4523-4BA5-ABAE-7C88D0925A13},0,,8FAA3A8B-4523-4BA5-ABAE-7C88D0925A13,Unknown,,S,,,Ave,S La Brea Ave,2023/09/12 23:03:18+00,741 S La Brea Ave Los Angeles 90036,8FAA3A8B-4523-4BA5-ABAE-7C88D0925A13_741_S_La_Brea_Ave_Los_Angeles_90036,La Brea,741 S La Brea Avenue Ave Los Angeles 90036,,,,
613544,1190291,,5089001012.0,,731.0,,,South,,,La Brea,Avenue,,,,,,,,,,,,,90036.0,,Los Angeles,Los Angeles,,,,,LA City,{82AC89A7-7E62-4639-B9C7-5BE8013BBF29},0,,82AC89A7-7E62-4639-B9C7-5BE8013BBF29,Unknown,,S,,,Ave,S La Brea Ave,2023/09/12 23:03:18+00,731 S La Brea Ave Los Angeles 90036,82AC89A7-7E62-4639-B9C7-5BE8013BBF29_731_S_La_Brea_Ave_Los_Angeles_90036,La Brea,731 S La Brea Avenue Ave Los Angeles 90036,,,,
613545,1190292,,5089001012.0,,739.0,,,South,,,La Brea,Avenue,,,,,,,,,,,,,90036.0,,Los Angeles,Los Angeles,,,,,LA City,{67395BFB-A32B-49C0-A4D3-34C890783732},0,,67395BFB-A32B-49C0-A4D3-34C890783732,Unknown,,S,,,Ave,S La Brea Ave,2023/09/12 23:03:18+00,739 S La Brea Ave Los Angeles 90036,67395BFB-A32B-49C0-A4D3-34C890783732_739_S_La_Brea_Ave_Los_Angeles_90036,La Brea,739 S La Brea Avenue Ave Los Angeles 90036,,,,
613546,1190293,,5089001012.0,,737.0,,,South,,,La Brea,Avenue,,,,,,,,,,,,,90036.0,,Los Angeles,Los Angeles,,,,,LA City,{20399CDA-CAB5-449C-BEFD-DDE32B9F01A6},0,,20399CDA-CAB5-449C-BEFD-DDE32B9F01A6,Unknown,,S,,,Ave,S La Brea Ave,2023/09/12 23:03:18+00,737 S La Brea Ave Los Angeles 90036,20399CDA-CAB5-449C-BEFD-DDE32B9F01A6_737_S_La_Brea_Ave_Los_Angeles_90036,La Brea,737 S La Brea Avenue Ave Los Angeles 90036,,,,
613547,1190294,,5089001012.0,,735.0,1/2,,South,,,La Brea,Avenue,,,,,,,,,,,,,90036.0,,Los Angeles,Los Angeles,,,,,LA City,{DA2F0861-9D08-4F4F-99B8-D47EC8A39AC8},0,,DA2F0861-9D08-4F4F-99B8-D47EC8A39AC8,Unknown,,S,,,Ave,S La Brea Ave,2024/05/12 21:05:27+00,735 1/2 S La Brea Ave Los Angeles 90036,DA2F0861-9D08-4F4F-99B8-D47EC8A39AC8_735_1/2_S_La_Brea_Ave_Los_Angeles_90036,La Brea,735 1/2 S La Brea Avenue Ave Los Angeles 90036,,,,
613548,1190295,,5089001012.0,,735.0,,,South,,,La Brea,Avenue,,,,,,,,,,,,,90036.0,,Los Angeles,Los Angeles,,,,,LA City,{51EC2CC6-E708-4098-B8F0-2E34B0648711},0,,51EC2CC6-E708-4098-B8F0-2E34B0648711,Unknown,,S,,,Ave,S La Brea Ave,2024/05/12 21:05:27+00,735 S La Brea Ave Los Angeles 90036,51EC2CC6-E708-4098-B8F0-2E34B0648711_735_S_La_Brea_Ave_Los_Angeles_90036,La Brea,735 S La Brea Avenue Ave Los Angeles 90036,,,,
613549,1190296,,5089001022.0,,746.0,,,South,,,Detroit,Street,,,,,,,,,,,,,90036.0,,Los Angeles,Los Angeles,,,,,LA City,{21E03D1A-2CB4-4F6C-97D8-FB87035212FE},0,,21E03D1A-2CB4-4F6C-97D8-FB87035212FE,Unknown,,S,,,St,S Detroit St,2023/09/12 23:03:18+00,746 S Detroit St Los Angeles 90036,21E03D1A-2CB4-4F6C-97D8-FB87035212FE_746_S_Detroit_St_Los_Angeles_90036,Detroit,746 S Detroit Street St Los Angeles 90036,,,,
613550,1190297,,5089001022.0,,744.0,,,South,,,Detroit,Street,,,,,,,,,,,,,90036.0,,Los Angeles,Los Angeles,,,,,LA City,{72E50D98-1484-4ABB-9447-360B1E61B20B},0,,72E50D98-1484-4ABB-9447-360B1E61B20B,Unknown,,S,,,St,S Detroit St,2023/09/12 23:03:18+00,744 S Detroit St Los Angeles 90036,72E50D98-1484-4ABB-9447-360B1E61B20B_744_S_Detroit_St_Los_Angeles_90036,Detroit,744 S Detroit Street St Los Angeles 90036,,,,
613551,1190298,,5089001900.0,,5304.0,,,West,,,Wilshire,Boulevard,,,,,,,,,,,,,90036.0,,Los Angeles,Los Angeles,,,,,LA City,{FC0F6FC4-A6CC-4F28-863E-8180FD0B9ADC},0,,FC0F6FC4-A6CC-4F28-863E-8180FD0B9ADC,Unknown,,W,,,Blvd,W Wilshire Blvd,2023/09/12 23:03:18+00,5304 W Wilshire Blvd Los Angeles 90036,FC0F6FC4-A6CC-4F28-863E-8180FD0B9ADC_5304_W_Wilshire_Blvd_Los_Angeles_90036,Wilshire,5304 W Wilshire Boulevard Blvd Los Angeles 90036,,,,
613552,1190299,,5089001900.0,,5302.0,,,West,,,Wilshire,Boulevard,,,,,,,,,,,,,90036.0,,Los Angeles,Los Angeles,,,,,LA City,{C8732AEF-E228-4E2B-9F91-3B4D33CACB53},0,,C8732AEF-E228-4E2B-9F91-3B4D33CACB53,Unknown,,W,,,Blvd,W Wilshire Blvd,2023/09/12 23:03:18+00,5302 W Wilshire Blvd Los Angeles 90036,C8732AEF-E228-4E2B-9F91-3B4D33CACB53_5302_W_Wilshire_Blvd_Los_Angeles_90036,Wilshire,5302 W Wilshire Boulevard Blvd Los Angeles 90036,,,,
613553,1190300,,5089001900.0,,5312.0,,,West,,,Wilshire,Boulevard,,,,,,,,,,,,,90036.0,,Los Angeles,Los Angeles,,,,,LA City,{AB1BE011-38D6-4851-B460-0F5A75549556},0,,AB1BE011-38D6-4851-B460-0F5A75549556,Unknown,,W,,,Blvd,W Wilshire Blvd,2023/09/12 23:03:18+00,5312 W Wilshire Blvd Los Angeles 90036,AB1BE011-38D6-4851-B460-0F5A75549556_5312_W_Wilshire_Blvd_Los_Angeles_90036,Wilshire,5312 W Wilshire Boulevard Blvd Los Angeles 90036,,,,
613554,1190301,,5089001900.0,,5316.0,,,West,,,Wilshire,Boulevard,,,,,,,,,,,,,90036.0,,Los Angeles,Los Angeles,,,,,LA City,{4C0EAC58-2A1E-46A3-B987-DD65CC993BD8},0,,4C0EAC58-2A1E-46A3-B987-DD65CC993BD8,Unknown,,W,,,Blvd,W Wilshire Blvd,2023/09/12 23:03:18+00,5316 W Wilshire Blvd Los Angeles 90036,4C0EAC58-2A1E-46A3-B987-DD65CC993BD8_5316_W_Wilshire_Blvd_Los_Angeles_90036,Wilshire,5316 W Wilshire Boulevard Blvd Los Angeles 90036,,,,
613555,1190302,,5089001900.0,,5314.0,,,West,,,Wilshire,Boulevard,,,,,,,,,,,,,90036.0,,Los Angeles,Los Angeles,,,,,LA City,{BCE8669C-CD10-49BB-92A6-BA920C132D28},0,,BCE8669C-CD10-49BB-92A6-BA920C132D28,Unknown,,W,,,Blvd,W Wilshire Blvd,2023/09/12 23:03:18+00,5314 W Wilshire Blvd Los Angeles 90036,BCE8669C-CD10-49BB-92A6-BA920C132D28_5314_W_Wilshire_Blvd_Los_Angeles_90036,Wilshire,5314 W Wilshire Boulevard Blvd Los Angeles 90036,,,,
613556,1190303,,5089001900.0,,5308.0,,,West,,,Wilshire,Boulevard,,,,,,,,,,,,,90036.0,,Los Angeles,Los Angeles,,,,,LA City,{9DF3D640-649F-4D3F-9554-CE2993FF1B95},0,,9DF3D640-649F-4D3F-9554-CE2993FF1B95,Unknown,,W,,,Blvd,W Wilshire Blvd,2023/09/12 23:03:18+00,5308 W Wilshire Blvd Los Angeles 90036,9DF3D640-649F-4D3F-9554-CE2993FF1B95_5308_W_Wilshire_Blvd_Los_Angeles_90036,Wilshire,5308 W Wilshire Boulevard Blvd Los Angeles 90036,,,,
613557,1190304,,5089001900.0,,711.0,,,South,,,La Brea,Avenue,,,,,,,,,,,,,90036.0,,Los Angeles,Los Angeles,,,,,Assessor,{B716F378-8BA1-413D-B573-4F5768A523B3},0,,B716F378-8BA1-413D-B573-4F5768A523B3,Unknown,,S,,,Ave,S La Brea Ave,2024/04/27 17:13:09+00,711 S La Brea Ave Los Angeles 90036,B716F378-8BA1-413D-B573-4F5768A523B3_711_S_La_Brea_Ave_Los_Angeles_90036,La Brea,711 S La Brea Avenue Ave Los Angeles 90036,,,,
613558,1190305,,5089001900.0,,5310.0,1/2,,West,,,Wilshire,Boulevard,,,,,,,,,,,,,90036.0,,Los Angeles,Los Angeles,,,,,LA City,{EA4C4F27-E089-4375-A19E-D20967D21079},0,,EA4C4F27-E089-4375-A19E-D20967D21079,Unknown,,W,,,Blvd,W Wilshire Blvd,2024/05/12 21:05:27+00,5310 1/2 W Wilshire Blvd Los Angeles 90036,EA4C4F27-E089-4375-A19E-D20967D21079_5310_1/2_W_Wilshire_Blvd_Los_Angeles_90036,Wilshire,5310 1/2 W Wilshire Boulevard Blvd Los Angeles 90036,,,,
613559,1190306,,5089001900.0,,5310.0,,,West,,,Wilshire,Boulevard,,,,,,,,,,,,,90036.0,,Los Angeles,Los Angeles,,,,,LA City,{1B2AE906-B714-4C13-841A-D8DF31182F57},0,,1B2AE906-B714-4C13-841A-D8DF31182F57,Unknown,,W,,,Blvd,W Wilshire Blvd,2024/05/12 21:05:27+00,5310 W Wilshire Blvd Los Angeles 90036,1B2AE906-B714-4C13-841A-D8DF31182F57_5310_W_Wilshire_Blvd_Los_Angeles_90036,Wilshire,5310 W Wilshire Boulevard Blvd Los Angeles 90036,,,,
613560,1190307,,5089001901.0,,5326.0,,,West,,,Wilshire,Boulevard,,,,,,,,,,,,,90036.0,,Los Angeles,Los Angeles,,,,,LA City,{A015B8AD-7724-41EF-B0E9-62FDC9CE9FC4},0,,A015B8AD-7724-41EF-B0E9-62FDC9CE9FC4,Unknown,,W,,,Blvd,W Wilshire Blvd,2023/09/12 23:03:18+00,5326 W Wilshire Blvd Los Angeles 90036,A015B8AD-7724-41EF-B0E9-62FDC9CE9FC4_5326_W_Wilshire_Blvd_Los_Angeles_90036,Wilshire,5326 W Wilshire Boulevard Blvd Los Angeles 90036,,,,
613561,1190308,,5089001901.0,,5320.0,,,West,,,Wilshire,Boulevard,,,,,,,,,,,,,90036.0,,Los Angeles,Los Angeles,,,,,LA City,{49E4FF07-80D6-4189-8CD2-8764820FBA79},0,,49E4FF07-80D6-4189-8CD2-8764820FBA79,Unknown,,W,,,Blvd,W Wilshire Blvd,2023/09/12 23:03:18+00,5320 W Wilshire Blvd Los Angeles 90036,49E4FF07-80D6-4189-8CD2-8764820FBA79_5320_W_Wilshire_Blvd_Los_Angeles_90036,Wilshire,5320 W Wilshire Boulevard Blvd Los Angeles 90036,,,,
613562,1190309,,5089001901.0,,5322.0,,,West,,,Wilshire,Boulevard,,,,,,,,,,,,,90036.0,,Los Angeles,Los Angeles,,,,,LA City,{B6213A61-7992-42D6-8011-3C547E5979E1},0,,B6213A61-7992-42D6-8011-3C547E5979E1,Unknown,,W,,,Blvd,W Wilshire Blvd,2023/09/12 23:03:18+00,5322 W Wilshire Blvd Los Angeles 90036,B6213A61-7992-42D6-8011-3C547E5979E1_5322_W_Wilshire_Blvd_Los_Angeles_90036,Wilshire,5322 W Wilshire Boulevard Blvd Los Angeles 90036,,,,
613563,1190310,,5089001901.0,,5328.0,,,West,,,Wilshire,Boulevard,,,,,,,,,,,,,90036.0,,Los Angeles,Los Angeles,,,,,LA City,{219A643C-3175-462B-BF79-15D8686F1BC7},0,,219A643C-3175-462B-BF79-15D8686F1BC7,Unknown,,W,,,Blvd,W Wilshire Blvd,2023/09/12 23:03:18+00,5328 W Wilshire Blvd Los Angeles 90036,219A643C-3175-462B-BF79-15D8686F1BC7_5328_W_Wilshire_Blvd_Los_Angeles_90036,Wilshire,5328 W Wilshire Boulevard Blvd Los Angeles 90036,,,,
613564,1190311,,5089001901.0,,5324.0,,,West,,,Wilshire,Boulevard,,,,,,,,,,,,,90036.0,,Los Angeles,Los Angeles,,,,,LA City,{C7C99936-3125-47DC-854E-D9174543B752},0,,C7C99936-3125-47DC-854E-D9174543B752,Unknown,,W,,,Blvd,W Wilshire Blvd,2023/09/12 23:03:18+00,5324 W Wilshire Blvd Los Angeles 90036,C7C99936-3125-47DC-854E-D9174543B752_5324_W_Wilshire_Blvd_Los_Angeles_90036,Wilshire,5324 W Wilshire Boulevard Blvd Los Angeles 90036,,,,
613565,1190312,,5089001901.0,,5318.0,,,West,,,Wilshire,Boulevard,,,,,,,,,,,,,90036.0,,Los Angeles,Los Angeles,,,,,LA City,{D95A06B9-B112-43B8-BCB8-B8A591ADE6A3},0,,D95A06B9-B112-43B8-BCB8-B8A591ADE6A3,Unknown,,W,,,Blvd,W Wilshire Blvd,2023/09/12 23:03:18+00,5318 W Wilshire Blvd Los Angeles 90036,D95A06B9-B112-43B8-BCB8-B8A591ADE6A3_5318_W_Wilshire_Blvd_Los_Angeles_90036,Wilshire,5318 W Wilshire Boulevard Blvd Los Angeles 90036,,,,
613566,1190313,,5089001901.0,,706.0,,,South,,,Detroit,Street,,,,,,,,,,,,,90036.0,,Los Angeles,Los Angeles,,,,,LA City,{1E814D51-1070-46EC-B6C8-D0C05D86CB74},0,,1E814D51-1070-46EC-B6C8-D0C05D86CB74,Unknown,,S,,,St,S Detroit St,2023/09/12 23:03:18+00,706 S Detroit St Los Angeles 90036,1E814D51-1070-46EC-B6C8-D0C05D86CB74_706_S_Detroit_St_Los_Angeles_90036,Detroit,706 S Detroit Street St Los Angeles 90036,,,,
613567,1190314,,5089001901.0,,710.0,,,South,,,Detroit,Street,,,,,,,,,,,,,90036.0,,Los Angeles,Los Angeles,,,,,LA City,{8210E85A-4632-4617-8C37-9E5A3E662A61},0,,8210E85A-4632-4617-8C37-9E5A3E662A61,Unknown,,S,,,St,S Detroit St,2023/09/12 23:03:18+00,710 S Detroit St Los Angeles 90036,8210E85A-4632-4617-8C37-9E5A3E662A61_710_S_Detroit_St_Los_Angeles_90036,Detroit,710 S Detroit Street St Los Angeles 90036,,,,
613568,1190315,,5089001902.0,,726.0,,,South,,,Detroit,Street,,,,,,,,,,,,,90036.0,,Los Angeles,Los Angeles,,,,,LA City,{AED2F036-3FFC-425A-A154-8096F8D1B85F},0,,AED2F036-3FFC-425A-A154-8096F8D1B85F,Unknown,,S,,,St,S Detroit St,2024/05/12 21:05:27+00,726 S Detroit St Los Angeles 90036,AED2F036-3FFC-425A-A154-8096F8D1B85F_726_S_Detroit_St_Los_Angeles_90036,Detroit,726 S Detroit Street St Los Angeles 90036,,,,
613569,1190316,,5089001902.0,,728.0,1/2,,South,,,Detroit,Street,,,,,,,,,,,,,90036.0,,Los Angeles,Los Angeles,,,,,LA City,{15820387-D64A-4D0A-A10B-336130BE23DA},0,,15820387-D64A-4D0A-A10B-336130BE23DA,Unknown,,S,,,St,S Detroit St,2024/05/12 21:05:27+00,728 1/2 S Detroit St Los Angeles 90036,15820387-D64A-4D0A-A10B-336130BE23DA_728_1/2_S_Detroit_St_Los_Angeles_90036,Detroit,728 1/2 S Detroit Street St Los Angeles 90036,,,,
613570,1190317,,5089001902.0,,726.0,1/2,,South,,,Detroit,Street,,,,,,,,,,,,,90036.0,,Los Angeles,Los Angeles,,,,,LA City,{FAF8FF07-B08B-41CF-9356-36C2336C2CF2},0,,FAF8FF07-B08B-41CF-9356-36C2336C2CF2,Unknown,,S,,,St,S Detroit St,2024/05/12 21:05:27+00,726 1/2 S Detroit St Los Angeles 90036,FAF8FF07-B08B-41CF-9356-36C2336C2CF2_726_1/2_S_Detroit_St_Los_Angeles_90036,Detroit,726 1/2 S Detroit Street St Los Angeles 90036,,,,
613571,1190318,,5089001902.0,,728.0,,,South,,,Detroit,Street,,,,,,,,,,,,,90036.0,,Los Angeles,Los Angeles,,,,,LA City,{BB10E5F7-170C-42DE-8FC9-7886ACF8E99B},0,,BB10E5F7-170C-42DE-8FC9-7886ACF8E99B,Unknown,,S,,,St,S Detroit St,2024/05/12 21:05:27+00,728 S Detroit St Los Angeles 90036,BB10E5F7-170C-42DE-8FC9-7886ACF8E99B_728_S_Detroit_St_Los_Angeles_90036,Detroit,728 S Detroit Street St Los Angeles 90036,,,,
613572,1190319,,5089001903.0,,722.0,,,South,,,Detroit,Street,,,,,,,,,,,,,90036.0,,Los Angeles,Los Angeles,,,,,LA City,{618FCD46-92CE-457B-A27E-100A964D06E4},0,,618FCD46-92CE-457B-A27E-100A964D06E4,Unknown,,S,,,St,S Detroit St,2023/09/12 23:03:18+00,722 S Detroit St Los Angeles 90036,618FCD46-92CE-457B-A27E-100A964D06E4_722_S_Detroit_St_Los_Angeles_90036,Detroit,722 S Detroit Street St Los Angeles 90036,,,,
613573,1190320,,5089001904.0,,718.0,,,South,,,Detroit,Street,,,,,,,,,,,,,90036.0,,Los Angeles,Los Angeles,,,,,LA City,{10FDF9E1-1E60-4033-817D-F5D4D3B24414},0,,10FDF9E1-1E60-4033-817D-F5D4D3B24414,Unknown,,S,,,St,S Detroit St,2023/09/12 23:03:18+00,718 S Detroit St Los Angeles 90036,10FDF9E1-1E60-4033-817D-F5D4D3B24414_718_S_Detroit_St_Los_Angeles_90036,Detroit,718 S Detroit Street St Los Angeles 90036,,,,
613574,1190321,,5089001905.0,,717.0,,,South,,,La Brea,Avenue,,,,,,,,,,,,,90036.0,,Los Angeles,Los Angeles,,,,,LA City,{41438FE7-2367-4812-BE65-63EEC4ACF90D},0,,41438FE7-2367-4812-BE65-63EEC4ACF90D,Unknown,,S,,,Ave,S La Brea Ave,2023/09/12 23:03:18+00,717 S La Brea Ave Los Angeles 90036,41438FE7-2367-4812-BE65-63EEC4ACF90D_717_S_La_Brea_Ave_Los_Angeles_90036,La Brea,717 S La Brea Avenue Ave Los Angeles 90036,,,,
613575,1190322,,5089002002.0,,5356.0,,,West,,,Wilshire,Boulevard,,,,,,,,,,,,,90036.0,,Los Angeles,Los Angeles,,,,,LA City,{06787A14-4F53-44FF-B812-0D8B92E5A8EE},0,,06787A14-4F53-44FF-B812-0D8B92E5A8EE,Unknown,,W,,,Blvd,W Wilshire Blvd,2023/09/12 23:03:18+00,5356 W Wilshire Blvd Los Angeles 90036,06787A14-4F53-44FF-B812-0D8B92E5A8EE_5356_W_Wilshire_Blvd_Los_Angeles_90036,Wilshire,5356 W Wilshire Boulevard Blvd Los Angeles 90036,,,,
613576,1190323,,5089002002.0,,5354.0,,,West,,,Wilshire,Boulevard,,,,,,,,,,,,,90036.0,,Los Angeles,Los Angeles,,,,,LA City,{FC8F6E0E-3E4A-4B68-935A-CCD2832A7B65},0,,FC8F6E0E-3E4A-4B68-935A-CCD2832A7B65,Unknown,,W,,,Blvd,W Wilshire Blvd,2023/09/12 23:03:18+00,5354 W Wilshire Blvd Los Angeles 90036,FC8F6E0E-3E4A-4B68-935A-CCD2832A7B65_5354_W_Wilshire_Blvd_Los_Angeles_90036,Wilshire,5354 W Wilshire Boulevard Blvd Los Angeles 90036,,,,
613577,1190324,,5089002003.0,,5352.0,,,West,,,Wilshire,Boulevard,,,,,,,,,,,,,90036.0,,Los Angeles,Los Angeles,,,,,LA City,{4CBEB0E8-CECB-4291-BB9A-B9AC16EFD268},0,,4CBEB0E8-CECB-4291-BB9A-B9AC16EFD268,Unknown,,W,,,Blvd,W Wilshire Blvd,2023/09/12 23:03:18+00,5352 W Wilshire Blvd Los Angeles 90036,4CBEB0E8-CECB-4291-BB9A-B9AC16EFD268_5352_W_Wilshire_Blvd_Los_Angeles_90036,Wilshire,5352 W Wilshire Boulevard Blvd Los Angeles 90036,,,,
613578,1190325,,5089002003.0,,5350.0,,,West,,,Wilshire,Boulevard,,,,,,,,,,,,,90036.0,,Los Angeles,Los Angeles,,,,,LA City,{561A4880-C155-4EB4-A531-5C0C42EB8DFD},0,,561A4880-C155-4EB4-A531-5C0C42EB8DFD,Unknown,,W,,,Blvd,W Wilshire Blvd,2023/09/12 23:03:18+00,5350 W Wilshire Blvd Los Angeles 90036,561A4880-C155-4EB4-A531-5C0C42EB8DFD_5350_W_Wilshire_Blvd_Los_Angeles_90036,Wilshire,5350 W Wilshire Boulevard Blvd Los Angeles 90036,,,,
613579,1190326,,5089002005.0,,725.0,,,South,,,Detroit,Street,,,,,,,,,,,,,90036.0,,Los Angeles,Los Angeles,,,,,LA City,{E163CEBB-CD97-4C43-8CC2-44BD46C2173E},0,,E163CEBB-CD97-4C43-8CC2-44BD46C2173E,Unknown,,S,,,St,S Detroit St,2023/09/12 23:03:18+00,725 S Detroit St Los Angeles 90036,E163CEBB-CD97-4C43-8CC2-44BD46C2173E_725_S_Detroit_St_Los_Angeles_90036,Detroit,725 S Detroit Street St Los Angeles 90036,,,,
613580,1190327,,5089002008.0,,741.0,,,South,,,Detroit,Street,,,,,,,,,,,,,90036.0,,Los Angeles,Los Angeles,,,,,LA City,{6F333EEA-7A6B-4A1F-BAEC-E11AC72E89D1},0,,6F333EEA-7A6B-4A1F-BAEC-E11AC72E89D1,Unknown,,S,,,St,S Detroit St,2024/05/12 21:05:27+00,741 S Detroit St Los Angeles 90036,6F333EEA-7A6B-4A1F-BAEC-E11AC72E89D1_741_S_Detroit_St_Los_Angeles_90036,Detroit,741 S Detroit Street St Los Angeles 90036,,,,
613581,1190328,,5089002008.0,,743.0,1/2,,South,,,Detroit,Street,,,,,,,,,,,,,90036.0,,Los Angeles,Los Angeles,,,,,LA City,{701AC849-05F5-4B77-987D-6012C384BE0C},0,,701AC849-05F5-4B77-987D-6012C384BE0C,Unknown,,S,,,St,S Detroit St,2024/05/12 21:05:27+00,743 1/2 S Detroit St Los Angeles 90036,701AC849-05F5-4B77-987D-6012C384BE0C_743_1/2_S_Detroit_St_Los_Angeles_90036,Detroit,743 1/2 S Detroit Street St Los Angeles 90036,,,,
613582,1190329,,5089002008.0,,741.0,1/2,,South,,,Detroit,Street,,,,,,,,,,,,,90036.0,,Los Angeles,Los Angeles,,,,,LA City,{0B133C4D-93B1-42E6-A287-A60211752D06},0,,0B133C4D-93B1-42E6-A287-A60211752D06,Unknown,,S,,,St,S Detroit St,2024/05/12 21:05:27+00,741 1/2 S Detroit St Los Angeles 90036,0B133C4D-93B1-42E6-A287-A60211752D06_741_1/2_S_Detroit_St_Los_Angeles_90036,Detroit,741 1/2 S Detroit Street St Los Angeles 90036,,,,
613583,1190330,,5089002008.0,,743.0,,,South,,,Detroit,Street,,,,,,,,,,,,,90036.0,,Los Angeles,Los Angeles,,,,,LA City,{EFD82CE4-C19D-41A5-8934-F4CE3C9CC72E},0,,EFD82CE4-C19D-41A5-8934-F4CE3C9CC72E,Unknown,,S,,,St,S Detroit St,2024/05/12 21:05:27+00,743 S Detroit St Los Angeles 90036,EFD82CE4-C19D-41A5-8934-F4CE3C9CC72E_743_S_Detroit_St_Los_Angeles_90036,Detroit,743 S Detroit Street St Los Angeles 90036,,,,
613584,1190331,,5089002009.0,,747.0,1/2,,South,,,Detroit,Street,,,,,,,,,,,,,90036.0,,Los Angeles,Los Angeles,,,,,LA City,{368748B5-B1EA-4467-BD6B-A787DEDAD497},0,,368748B5-B1EA-4467-BD6B-A787DEDAD497,Unknown,,S,,,St,S Detroit St,2024/05/12 21:05:27+00,747 1/2 S Detroit St Los Angeles 90036,368748B5-B1EA-4467-BD6B-A787DEDAD497_747_1/2_S_Detroit_St_Los_Angeles_90036,Detroit,747 1/2 S Detroit Street St Los Angeles 90036,,,,
613585,1190332,,5089002009.0,,747.0,,,South,,,Detroit,Street,,,,,,,,,,,,,90036.0,,Los Angeles,Los Angeles,,,,,LA City,{241E93C5-8B68-4DAA-B473-A49AF21EF930},0,,241E93C5-8B68-4DAA-B473-A49AF21EF930,Unknown,,S,,,St,S Detroit St,2024/05/12 21:05:27+00,747 S Detroit St Los Angeles 90036,241E93C5-8B68-4DAA-B473-A49AF21EF930_747_S_Detroit_St_Los_Angeles_90036,Detroit,747 S Detroit Street St Los Angeles 90036,,,,
613586,1190333,,5089002012.0,,5355.0,,,West,,,8Th,Street,,,,,,,,,,,,,90036.0,,Los Angeles,Los Angeles,,,,,LA City,{D77D38F7-3C5A-4587-9726-DA827EE7572E},0,,D77D38F7-3C5A-4587-9726-DA827EE7572E,Unknown,,W,,,St,W 8Th St,2023/09/12 23:03:18+00,5355 W 8Th St Los Angeles 90036,D77D38F7-3C5A-4587-9726-DA827EE7572E_5355_W_8Th_St_Los_Angeles_90036,8Th,5355 W 8Th Street St Los Angeles 90036,,,,
613587,1190334,,5089002012.0,,759.0,,,South,,,Detroit,Street,,,,,,,,,,,,,90036.0,,Los Angeles,Los Angeles,,,,,LA City,{6C2373E2-16BE-4E4A-8945-9D4ECEF52280},0,,6C2373E2-16BE-4E4A-8945-9D4ECEF52280,Unknown,,S,,,St,S Detroit St,2023/09/12 23:03:18+00,759 S Detroit St Los Angeles 90036,6C2373E2-16BE-4E4A-8945-9D4ECEF52280_759_S_Detroit_St_Los_Angeles_90036,Detroit,759 S Detroit Street St Los Angeles 90036,,,,
613588,1190335,,5089002012.0,,757.0,,,South,,,Detroit,Street,,,,,,,,,,,,,90036.0,,Los Angeles,Los Angeles,,,,,LA City,{2DDD2E8A-5EA3-4FDC-85E1-36D205FA5224},0,,2DDD2E8A-5EA3-4FDC-85E1-36D205FA5224,Unknown,,S,,,St,S Detroit St,2023/09/12 23:03:18+00,757 S Detroit St Los Angeles 90036,2DDD2E8A-5EA3-4FDC-85E1-36D205FA5224_757_S_Detroit_St_Los_Angeles_90036,Detroit,757 S Detroit Street St Los Angeles 90036,,,,
613589,1190336,,5089002013.0,,5357.0,,,West,,,8Th,Street,,,,,,,,,,,,,90036.0,,Los Angeles,Los Angeles,,,,,LA City,{F1544AF1-28FA-4F20-A32F-DC4922D96B2B},0,,F1544AF1-28FA-4F20-A32F-DC4922D96B2B,Unknown,,W,,,St,W 8Th St,2023/09/12 23:03:18+00,5357 W 8Th St Los Angeles 90036,F1544AF1-28FA-4F20-A32F-DC4922D96B2B_5357_W_8Th_St_Los_Angeles_90036,8Th,5357 W 8Th Street St Los Angeles 90036,,,,
613590,1190337,,5089002013.0,,5359.0,,,West,,,8Th,Street,,,,,,,,,,,,,90036.0,,Los Angeles,Los Angeles,,,,,LA City,{0D6AFF69-B5E9-4CB5-82B4-9029271995B4},0,,0D6AFF69-B5E9-4CB5-82B4-9029271995B4,Unknown,,W,,,St,W 8Th St,2023/09/12 23:03:18+00,5359 W 8Th St Los Angeles 90036,0D6AFF69-B5E9-4CB5-82B4-9029271995B4_5359_W_8Th_St_Los_Angeles_90036,8Th,5359 W 8Th Street St Los Angeles 90036,,,,
613591,1190338,,5089002013.0,,754.0,,,South,,,Cloverdale,Avenue,,,,,,,,,,,,,90036.0,,Los Angeles,Los Angeles,,,,,LA City,{465B8FE7-12ED-4F6E-B0C2-95E90F2ACC9A},0,,465B8FE7-12ED-4F6E-B0C2-95E90F2ACC9A,Unknown,,S,,,Ave,S Cloverdale Ave,2023/09/12 23:03:18+00,754 S Cloverdale Ave Los Angeles 90036,465B8FE7-12ED-4F6E-B0C2-95E90F2ACC9A_754_S_Cloverdale_Ave_Los_Angeles_90036,Cloverdale,754 S Cloverdale Avenue Ave Los Angeles 90036,,,,
613592,1190339,,5089002014.0,,748.0,,,South,,,Cloverdale,Avenue,,,,,,,,,,,,,90036.0,,Los Angeles,Los Angeles,,,,,LA City,{7941559C-1DB8-4036-BCA3-501B78B09FC0},0,,7941559C-1DB8-4036-BCA3-501B78B09FC0,Unknown,,S,,,Ave,S Cloverdale Ave,2023/09/12 23:03:18+00,748 S Cloverdale Ave Los Angeles 90036,7941559C-1DB8-4036-BCA3-501B78B09FC0_748_S_Cloverdale_Ave_Los_Angeles_90036,Cloverdale,748 S Cloverdale Avenue Ave Los Angeles 90036,,,,
613593,1190340,,5089002015.0,,742.0,,,South,,,Cloverdale,Avenue,,,,,,,,,,,,,90036.0,,Los Angeles,Los Angeles,,,,,LA City,{9E46EE0B-FBD1-445C-B7D6-083568172519},0,,9E46EE0B-FBD1-445C-B7D6-083568172519,Unknown,,S,,,Ave,S Cloverdale Ave,2023/09/12 23:03:18+00,742 S Cloverdale Ave Los Angeles 90036,9E46EE0B-FBD1-445C-B7D6-083568172519_742_S_Cloverdale_Ave_Los_Angeles_90036,Cloverdale,742 S Cloverdale Avenue Ave Los Angeles 90036,,,,
613594,1190341,,5089002017.0,,730.0,,,South,,,Cloverdale,Avenue,,,,,,,,,,,,,90036.0,,Los Angeles,Los Angeles,,,,,LA City,{B7527437-5A3F-4D23-B58B-54B90D3BB362},0,,B7527437-5A3F-4D23-B58B-54B90D3BB362,Unknown,,S,,,Ave,S Cloverdale Ave,2023/09/12 23:03:18+00,730 S Cloverdale Ave Los Angeles 90036,B7527437-5A3F-4D23-B58B-54B90D3BB362_730_S_Cloverdale_Ave_Los_Angeles_90036,Cloverdale,730 S Cloverdale Avenue Ave Los Angeles 90036,,,,
613595,1190342,,5089002021.0,,751.0,,,South,,,Detroit,Street,,,,,,,,,,,,,90036.0,,Los Angeles,Los Angeles,,,,,LA City,{7D440A06-4EAB-44C9-8860-5D8AA59D92AE},0,,7D440A06-4EAB-44C9-8860-5D8AA59D92AE,Unknown,,S,,,St,S Detroit St,2024/05/12 21:05:27+00,751 S Detroit St Los Angeles 90036,7D440A06-4EAB-44C9-8860-5D8AA59D92AE_751_S_Detroit_St_Los_Angeles_90036,Detroit,751 S Detroit Street St Los Angeles 90036,,,,
613596,1190343,,5089002021.0,,751.0,1/2,,South,,,Detroit,Street,,,,,,,,,,,,,90036.0,,Los Angeles,Los Angeles,,,,,LA City,{D45BB07D-DB6A-4023-8A53-23FE4DBB7423},0,,D45BB07D-DB6A-4023-8A53-23FE4DBB7423,Unknown,,S,,,St,S Detroit St,2024/05/12 21:05:27+00,751 1/2 S Detroit St Los Angeles 90036,D45BB07D-DB6A-4023-8A53-23FE4DBB7423_751_1/2_S_Detroit_St_Los_Angeles_90036,Detroit,751 1/2 S Detroit Street St Los Angeles 90036,,,,
613597,1190344,,5089002021.0,,753.0,,,South,,,Detroit,Street,,,,,,,,,,,,,90036.0,,Los Angeles,Los Angeles,,,,,LA City,{0511D373-439D-47DE-81D6-AC71DC3E44D1},0,,0511D373-439D-47DE-81D6-AC71DC3E44D1,Unknown,,S,,,St,S Detroit St,2024/05/12 21:05:27+00,753 S Detroit St Los Angeles 90036,0511D373-439D-47DE-81D6-AC71DC3E44D1_753_S_Detroit_St_Los_Angeles_90036,Detroit,753 S Detroit Street St Los Angeles 90036,,,,
613598,1190345,,5089002021.0,,753.0,1/2,,South,,,Detroit,Street,,,,,,,,,,,,,90036.0,,Los Angeles,Los Angeles,,,,,LA City,{B19496A8-EADC-4851-A66A-F142089ED3D3},0,,B19496A8-EADC-4851-A66A-F142089ED3D3,Unknown,,S,,,St,S Detroit St,2024/05/12 21:05:27+00,753 1/2 S Detroit St Los Angeles 90036,B19496A8-EADC-4851-A66A-F142089ED3D3_753_1/2_S_Detroit_St_Los_Angeles_90036,Detroit,753 1/2 S Detroit Street St Los Angeles 90036,,,,
613599,1190346,,5089002023.0,,729.0,,,South,,,Detroit,Street,,,,,,,,,,,,,90036.0,,Los Angeles,Los Angeles,,,,,LA City,{7D715F08-207B-4C75-8549-0F97C12959B5},0,,7D715F08-207B-4C75-8549-0F97C12959B5,Unknown,,S,,,St,S Detroit St,2023/09/12 23:03:18+00,729 S Detroit St Los Angeles 90036,7D715F08-207B-4C75-8549-0F97C12959B5_729_S_Detroit_St_Los_Angeles_90036,Detroit,729 S Detroit Street St Los Angeles 90036,,,,
613600,1190347,,5089002023.0,,731.0,1/2,,South,,,Detroit,Street,,,,,,,,,,,,,90036.0,,Los Angeles,Los Angeles,,,,,LA City,{E1B5A461-4DE7-4A69-9943-258DCF50CF8C},0,,E1B5A461-4DE7-4A69-9943-258DCF50CF8C,Unknown,,S,,,St,S Detroit St,2024/05/12 21:05:27+00,731 1/2 S Detroit St Los Angeles 90036,E1B5A461-4DE7-4A69-9943-258DCF50CF8C_731_1/2_S_Detroit_St_Los_Angeles_90036,Detroit,731 1/2 S Detroit Street St Los Angeles 90036,,,,
613601,1190348,,5089002023.0,,737.0,,,South,,,Detroit,Street,,,,,,,,,,,,,90036.0,,Los Angeles,Los Angeles,,,,,LA City,{55833754-F5D8-4CDD-9391-80739B6AB2B4},0,,55833754-F5D8-4CDD-9391-80739B6AB2B4,Unknown,,S,,,St,S Detroit St,2024/05/12 21:05:27+00,737 S Detroit St Los Angeles 90036,55833754-F5D8-4CDD-9391-80739B6AB2B4_737_S_Detroit_St_Los_Angeles_90036,Detroit,737 S Detroit Street St Los Angeles 90036,,,,
613602,1190349,,5089002023.0,,735.0,,,South,,,Detroit,Street,,,,,,,,,,,,,90036.0,,Los Angeles,Los Angeles,,,,,LA City,{06088CC6-30F6-4D8C-A040-CCDFBE7B204E},0,,06088CC6-30F6-4D8C-A040-CCDFBE7B204E,Unknown,,S,,,St,S Detroit St,2024/05/12 21:05:27+00,735 S Detroit St Los Angeles 90036,06088CC6-30F6-4D8C-A040-CCDFBE7B204E_735_S_Detroit_St_Los_Angeles_90036,Detroit,735 S Detroit Street St Los Angeles 90036,,,,
613603,1190350,,5089002023.0,,737.0,1/2,,South,,,Detroit,Street,,,,,,,,,,,,,90036.0,,Los Angeles,Los Angeles,,,,,LA City,{624C2C47-A3E8-4AE8-909E-9CFCCF52FF30},0,,624C2C47-A3E8-4AE8-909E-9CFCCF52FF30,Unknown,,S,,,St,S Detroit St,2024/05/12 21:05:27+00,737 1/2 S Detroit St Los Angeles 90036,624C2C47-A3E8-4AE8-909E-9CFCCF52FF30_737_1/2_S_Detroit_St_Los_Angeles_90036,Detroit,737 1/2 S Detroit Street St Los Angeles 90036,,,,
613604,1190351,,5089002023.0,,735.0,1/2,,South,,,Detroit,Street,,,,,,,,,,,,,90036.0,,Los Angeles,Los Angeles,,,,,LA City,{C8E76B9E-03E6-420B-A8D9-CAB596FD782A},0,,C8E76B9E-03E6-420B-A8D9-CAB596FD782A,Unknown,,S,,,St,S Detroit St,2024/05/12 21:05:27+00,735 1/2 S Detroit St Los Angeles 90036,C8E76B9E-03E6-420B-A8D9-CAB596FD782A_735_1/2_S_Detroit_St_Los_Angeles_90036,Detroit,735 1/2 S Detroit Street St Los Angeles 90036,,,,
613605,1190352,,5089002023.0,,731.0,,,South,,,Detroit,Street,,,,,,,,,,,,,90036.0,,Los Angeles,Los Angeles,,,,,LA City,{91FDA7CA-A39F-4585-B1ED-D66FAC7780CF},0,,91FDA7CA-A39F-4585-B1ED-D66FAC7780CF,Unknown,,S,,,St,S Detroit St,2024/05/12 21:05:27+00,731 S Detroit St Los Angeles 90036,91FDA7CA-A39F-4585-B1ED-D66FAC7780CF_731_S_Detroit_St_Los_Angeles_90036,Detroit,731 S Detroit Street St Los Angeles 90036,,,,
613606,1190353,,5089002024.0,,736.0,,,South,,,Cloverdale,Avenue,,,,,,,,,,,,,90036.0,,Los Angeles,Los Angeles,,,,,LA City,{8CD806D8-59BA-4BFB-A3A3-91FAF4A4D857},0,,8CD806D8-59BA-4BFB-A3A3-91FAF4A4D857,Unknown,,S,,,Ave,S Cloverdale Ave,2023/09/12 23:03:18+00,736 S Cloverdale Ave Los Angeles 90036,8CD806D8-59BA-4BFB-A3A3-91FAF4A4D857_736_S_Cloverdale_Ave_Los_Angeles_90036,Cloverdale,736 S Cloverdale Avenue Ave Los Angeles 90036,,,,
613607,1190354,,5089002025.0,,714.0,,,South,,,Cloverdale,Avenue,,,,,,,,,,,,,90036.0,,Los Angeles,Los Angeles,,,,,LA City,{4EC2BF2D-1D62-4A52-A3D4-1F90379E145A},0,,4EC2BF2D-1D62-4A52-A3D4-1F90379E145A,Unknown,,S,,,Ave,S Cloverdale Ave,2023/09/12 23:03:18+00,714 S Cloverdale Ave Los Angeles 90036,4EC2BF2D-1D62-4A52-A3D4-1F90379E145A_714_S_Cloverdale_Ave_Los_Angeles_90036,Cloverdale,714 S Cloverdale Avenue Ave Los Angeles 90036,,,,
613608,1190355,,5089002025.0,,706.0,,,South,,,Cloverdale,Avenue,,,,,,,,,,,,,90036.0,,Los Angeles,Los Angeles,,,,,LA City,{22841187-0D60-4AC2-85C6-4DFF03C0261F},0,,22841187-0D60-4AC2-85C6-4DFF03C0261F,Unknown,,S,,,Ave,S Cloverdale Ave,2023/09/12 23:03:18+00,706 S Cloverdale Ave Los Angeles 90036,22841187-0D60-4AC2-85C6-4DFF03C0261F_706_S_Cloverdale_Ave_Los_Angeles_90036,Cloverdale,706 S Cloverdale Avenue Ave Los Angeles 90036,,,,
613609,1190356,,5089002025.0,,5374.0,,,West,,,Wilshire,Boulevard,,,,,,,,,,,,,90036.0,,Los Angeles,Los Angeles,,,,,LA City,{2D770C53-A083-4B61-A4AF-27514C3CF5E4},0,,2D770C53-A083-4B61-A4AF-27514C3CF5E4,Unknown,,W,,,Blvd,W Wilshire Blvd,2023/09/12 23:03:18+00,5374 W Wilshire Blvd Los Angeles 90036,2D770C53-A083-4B61-A4AF-27514C3CF5E4_5374_W_Wilshire_Blvd_Los_Angeles_90036,Wilshire,5374 W Wilshire Boulevard Blvd Los Angeles 90036,,,,
613610,1190357,,5089002025.0,,5366.0,,,West,,,Wilshire,Boulevard,,,,,,,,,,,,,90036.0,,Los Angeles,Los Angeles,,,,,LA City,{5226C8DA-DA1B-4894-AEB6-E25B44F76BFE},0,,5226C8DA-DA1B-4894-AEB6-E25B44F76BFE,Unknown,,W,,,Blvd,W Wilshire Blvd,2023/09/12 23:03:18+00,5366 W Wilshire Blvd Los Angeles 90036,5226C8DA-DA1B-4894-AEB6-E25B44F76BFE_5366_W_Wilshire_Blvd_Los_Angeles_90036,Wilshire,5366 W Wilshire Boulevard Blvd Los Angeles 90036,,,,
613611,1190358,,5089002025.0,,712.0,,,South,,,Cloverdale,Avenue,,,,,,,,,,,,,90036.0,,Los Angeles,Los Angeles,,,,,LA City,{29365C92-2F24-42EB-8B0C-AB677D8D1E82},0,,29365C92-2F24-42EB-8B0C-AB677D8D1E82,Unknown,,S,,,Ave,S Cloverdale Ave,2023/09/12 23:03:18+00,712 S Cloverdale Ave Los Angeles 90036,29365C92-2F24-42EB-8B0C-AB677D8D1E82_712_S_Cloverdale_Ave_Los_Angeles_90036,Cloverdale,712 S Cloverdale Avenue Ave Los Angeles 90036,,,,
613612,1190359,,5089002025.0,,710.0,,,South,,,Cloverdale,Avenue,,,,,,,,,,,,,90036.0,,Los Angeles,Los Angeles,,,,,LA City,{975F3CCC-B507-400C-B11E-3CF251CD91E7},0,,975F3CCC-B507-400C-B11E-3CF251CD91E7,Unknown,,S,,,Ave,S Cloverdale Ave,2023/09/12 23:03:18+00,710 S Cloverdale Ave Los Angeles 90036,975F3CCC-B507-400C-B11E-3CF251CD91E7_710_S_Cloverdale_Ave_Los_Angeles_90036,Cloverdale,710 S Cloverdale Avenue Ave Los Angeles 90036,,,,
613613,1190360,,5089002025.0,,5368.0,,,West,,,Wilshire,Boulevard,,,,,,,,,,,,,90036.0,,Los Angeles,Los Angeles,,,,,LA City,{1CEF069D-C722-48C7-8033-4C8EB780C8D8},0,,1CEF069D-C722-48C7-8033-4C8EB780C8D8,Unknown,,W,,,Blvd,W Wilshire Blvd,2023/09/12 23:03:18+00,5368 W Wilshire Blvd Los Angeles 90036,1CEF069D-C722-48C7-8033-4C8EB780C8D8_5368_W_Wilshire_Blvd_Los_Angeles_90036,Wilshire,5368 W Wilshire Boulevard Blvd Los Angeles 90036,,,,
613614,1190361,,5089002025.0,,5376.0,,,West,,,Wilshire,Boulevard,,,,,,,,,,,,,90036.0,,Los Angeles,Los Angeles,,,,,LA City,{7787164D-BD1C-4990-80FA-A08C72DC64C7},0,,7787164D-BD1C-4990-80FA-A08C72DC64C7,Unknown,,W,,,Blvd,W Wilshire Blvd,2023/09/12 23:03:18+00,5376 W Wilshire Blvd Los Angeles 90036,7787164D-BD1C-4990-80FA-A08C72DC64C7_5376_W_Wilshire_Blvd_Los_Angeles_90036,Wilshire,5376 W Wilshire Boulevard Blvd Los Angeles 90036,,,,
613615,1190362,,5089002025.0,,708.0,,,South,,,Cloverdale,Avenue,,,,,,,,,,,,,90036.0,,Los Angeles,Los Angeles,,,,,LA City,{C6F9898C-FD8B-490E-ABC5-E0AA5D79B6D5},0,,C6F9898C-FD8B-490E-ABC5-E0AA5D79B6D5,Unknown,,S,,,Ave,S Cloverdale Ave,2023/09/12 23:03:18+00,708 S Cloverdale Ave Los Angeles 90036,C6F9898C-FD8B-490E-ABC5-E0AA5D79B6D5_708_S_Cloverdale_Ave_Los_Angeles_90036,Cloverdale,708 S Cloverdale Avenue Ave Los Angeles 90036,,,,
613616,1190363,,5089002025.0,,5370.0,,,West,,,Wilshire,Boulevard,,,,,,,,,,,,,90036.0,,Los Angeles,Los Angeles,,,,,LA City,{1E5B051E-808B-49E3-A659-0C993E8A9E42},0,,1E5B051E-808B-49E3-A659-0C993E8A9E42,Unknown,,W,,,Blvd,W Wilshire Blvd,2023/09/12 23:03:18+00,5370 W Wilshire Blvd Los Angeles 90036,1E5B051E-808B-49E3-A659-0C993E8A9E42_5370_W_Wilshire_Blvd_Los_Angeles_90036,Wilshire,5370 W Wilshire Boulevard Blvd Los Angeles 90036,,,,
613617,1190364,,5089002026.0,,5362.0,,,West,,,Wilshire,Boulevard,,,,,,,,,,,,,90036.0,,Los Angeles,Los Angeles,,,,,LA City,{89ED7C11-E7E5-4E89-BDB2-9DA93655040F},0,,89ED7C11-E7E5-4E89-BDB2-9DA93655040F,Unknown,,W,,,Blvd,W Wilshire Blvd,2023/09/12 23:03:18+00,5362 W Wilshire Blvd Los Angeles 90036,89ED7C11-E7E5-4E89-BDB2-9DA93655040F_5362_W_Wilshire_Blvd_Los_Angeles_90036,Wilshire,5362 W Wilshire Boulevard Blvd Los Angeles 90036,,,,
613618,1190365,,5089002026.0,,5360.0,,,West,,,Wilshire,Boulevard,,,,,,,,,,,,,90036.0,,Los Angeles,Los Angeles,,,,,LA City,{4C609FCB-1218-4E63-8949-3AD380F4397D},0,,4C609FCB-1218-4E63-8949-3AD380F4397D,Unknown,,W,,,Blvd,W Wilshire Blvd,2023/09/12 23:03:18+00,5360 W Wilshire Blvd Los Angeles 90036,4C609FCB-1218-4E63-8949-3AD380F4397D_5360_W_Wilshire_Blvd_Los_Angeles_90036,Wilshire,5360 W Wilshire Boulevard Blvd Los Angeles 90036,,,,
613619,1190366,,5089002026.0,,5358.0,,,West,,,Wilshire,Boulevard,,,,,,,,,,,,,90036.0,,Los Angeles,Los Angeles,,,,,LA City,{1C7994B4-3859-4636-B8A0-57A4C9157AC0},0,,1C7994B4-3859-4636-B8A0-57A4C9157AC0,Unknown,,W,,,Blvd,W Wilshire Blvd,2023/09/12 23:03:18+00,5358 W Wilshire Blvd Los Angeles 90036,1C7994B4-3859-4636-B8A0-57A4C9157AC0_5358_W_Wilshire_Blvd_Los_Angeles_90036,Wilshire,5358 W Wilshire Boulevard Blvd Los Angeles 90036,,,,
613620,1190367,,5089002026.0,,5364.0,,,West,,,Wilshire,Boulevard,,,,,,,,,,,,,90036.0,,Los Angeles,Los Angeles,,,,,LA City,{444A43C6-984C-401C-93B6-DD3619B83DB5},0,,444A43C6-984C-401C-93B6-DD3619B83DB5,Unknown,,W,,,Blvd,W Wilshire Blvd,2024/05/12 21:05:27+00,5364 W Wilshire Blvd Los Angeles 90036,444A43C6-984C-401C-93B6-DD3619B83DB5_5364_W_Wilshire_Blvd_Los_Angeles_90036,Wilshire,5364 W Wilshire Boulevard Blvd Los Angeles 90036,,,,
613621,1190368,,5089002026.0,,5364.0,1/2,,West,,,Wilshire,Boulevard,,,,,,,,,,,,,90036.0,,Los Angeles,Los Angeles,,,,,LA City,{AE3E9652-D993-492B-8B95-65B3BD8DC955},0,,AE3E9652-D993-492B-8B95-65B3BD8DC955,Unknown,,W,,,Blvd,W Wilshire Blvd,2024/05/12 21:05:27+00,5364 1/2 W Wilshire Blvd Los Angeles 90036,AE3E9652-D993-492B-8B95-65B3BD8DC955_5364_1/2_W_Wilshire_Blvd_Los_Angeles_90036,Wilshire,5364 1/2 W Wilshire Boulevard Blvd Los Angeles 90036,,,,
613622,1190369,,5089003001.0,,752.0,,,South,,,Cochran,Avenue,,,,,,,,,,,,,90036.0,,Los Angeles,Los Angeles,,,,,LA City,{7B0D61A1-BCB7-4A96-918C-817E5D005ADB},0,,7B0D61A1-BCB7-4A96-918C-817E5D005ADB,Unknown,,S,,,Ave,S Cochran Ave,2023/09/12 23:03:18+00,752 S Cochran Ave Los Angeles 90036,7B0D61A1-BCB7-4A96-918C-817E5D005ADB_752_S_Cochran_Ave_Los_Angeles_90036,Cochran,752 S Cochran Avenue Ave Los Angeles 90036,,,,
613623,1190370,,5089003007.0,,716.0,,,South,,,Cochran,Avenue,,,,,,,,,,,,,90036.0,,Los Angeles,Los Angeles,,,,,LA City,{5F76D3C8-3006-4002-A13B-3631FDB04657},0,,5F76D3C8-3006-4002-A13B-3631FDB04657,Unknown,,S,,,Ave,S Cochran Ave,2023/09/12 23:03:18+00,716 S Cochran Ave Los Angeles 90036,5F76D3C8-3006-4002-A13B-3631FDB04657_716_S_Cochran_Ave_Los_Angeles_90036,Cochran,716 S Cochran Avenue Ave Los Angeles 90036,,,,
613624,1190371,,5089003008.0,,5420.0,,,West,,,Wilshire,Boulevard,,,,,,,,,,,,,90036.0,,Los Angeles,Los Angeles,,,,,LA City,{1DD4C378-CC44-4881-A040-06372C195BBC},0,,1DD4C378-CC44-4881-A040-06372C195BBC,Unknown,,W,,,Blvd,W Wilshire Blvd,2023/09/12 23:03:18+00,5420 W Wilshire Blvd Los Angeles 90036,1DD4C378-CC44-4881-A040-06372C195BBC_5420_W_Wilshire_Blvd_Los_Angeles_90036,Wilshire,5420 W Wilshire Boulevard Blvd Los Angeles 90036,,,,
613625,1190372,,5089003008.0,,5418.0,,,West,,,Wilshire,Boulevard,,,,,,,,,,,,,90036.0,,Los Angeles,Los Angeles,,,,,LA City,{7C8C26B0-2065-4092-AF1F-D99891C93B25},0,,7C8C26B0-2065-4092-AF1F-D99891C93B25,Unknown,,W,,,Blvd,W Wilshire Blvd,2023/09/12 23:03:18+00,5418 W Wilshire Blvd Los Angeles 90036,7C8C26B0-2065-4092-AF1F-D99891C93B25_5418_W_Wilshire_Blvd_Los_Angeles_90036,Wilshire,5418 W Wilshire Boulevard Blvd Los Angeles 90036,,,,
613626,1190373,,5089003008.0,,5406.0,,,West,,,Wilshire,Boulevard,,,,,,,,,,,,,90036.0,,Los Angeles,Los Angeles,,,,,LA City,{486E28B6-C44F-47DB-A8BE-CE41D8DE1DD2},0,,486E28B6-C44F-47DB-A8BE-CE41D8DE1DD2,Unknown,,W,,,Blvd,W Wilshire Blvd,2023/09/12 23:03:18+00,5406 W Wilshire Blvd Los Angeles 90036,486E28B6-C44F-47DB-A8BE-CE41D8DE1DD2_5406_W_Wilshire_Blvd_Los_Angeles_90036,Wilshire,5406 W Wilshire Boulevard Blvd Los Angeles 90036,,,,
613627,1190374,,5089003008.0,,710.0,,,South,,,Cochran,Avenue,,,,,,,,,,,,,90036.0,,Los Angeles,Los Angeles,,,,,LA City,{20A6D80C-174B-44D0-8BC5-89B2D7C9F224},0,,20A6D80C-174B-44D0-8BC5-89B2D7C9F224,Unknown,,S,,,Ave,S Cochran Ave,2023/09/12 23:03:18+00,710 S Cochran Ave Los Angeles 90036,20A6D80C-174B-44D0-8BC5-89B2D7C9F224_710_S_Cochran_Ave_Los_Angeles_90036,Cochran,710 S Cochran Avenue Ave Los Angeles 90036,,,,
613628,1190375,,5089003008.0,,5416.0,,,West,,,Wilshire,Boulevard,,,,,,,,,,,,,90036.0,,Los Angeles,Los Angeles,,,,,LA City,{1EC18640-BD45-414E-9D1D-3ED5E32404DD},0,,1EC18640-BD45-414E-9D1D-3ED5E32404DD,Unknown,,W,,,Blvd,W Wilshire Blvd,2023/09/12 23:03:18+00,5416 W Wilshire Blvd Los Angeles 90036,1EC18640-BD45-414E-9D1D-3ED5E32404DD_5416_W_Wilshire_Blvd_Los_Angeles_90036,Wilshire,5416 W Wilshire Boulevard Blvd Los Angeles 90036,,,,
613629,1190376,,5089003008.0,,5412.0,,,West,,,Wilshire,Boulevard,,,,,,,,,,,,,90036.0,,Los Angeles,Los Angeles,,,,,LA City,{1D546375-727F-4B92-B3A3-D02E974E641B},0,,1D546375-727F-4B92-B3A3-D02E974E641B,Unknown,,W,,,Blvd,W Wilshire Blvd,2023/09/12 23:03:18+00,5412 W Wilshire Blvd Los Angeles 90036,1D546375-727F-4B92-B3A3-D02E974E641B_5412_W_Wilshire_Blvd_Los_Angeles_90036,Wilshire,5412 W Wilshire Boulevard Blvd Los Angeles 90036,,,,
613630,1190377,,5089003008.0,,5414.0,,,West,,,Wilshire,Boulevard,,,,,,,,,,,,,90036.0,,Los Angeles,Los Angeles,,,,,LA City,{1E45CCF1-1125-4093-A183-50ACAE529E20},0,,1E45CCF1-1125-4093-A183-50ACAE529E20,Unknown,,W,,,Blvd,W Wilshire Blvd,2023/09/12 23:03:18+00,5414 W Wilshire Blvd Los Angeles 90036,1E45CCF1-1125-4093-A183-50ACAE529E20_5414_W_Wilshire_Blvd_Los_Angeles_90036,Wilshire,5414 W Wilshire Boulevard Blvd Los Angeles 90036,,,,
613631,1190378,,5089003008.0,,707.0,,,South,,,Cloverdale,Avenue,,,,,,,,,,,,,90036.0,,Los Angeles,Los Angeles,,,,,LA City,{A898AB1E-40EF-44DB-A670-7256545BCD08},0,,A898AB1E-40EF-44DB-A670-7256545BCD08,Unknown,,S,,,Ave,S Cloverdale Ave,2023/09/12 23:03:18+00,707 S Cloverdale Ave Los Angeles 90036,A898AB1E-40EF-44DB-A670-7256545BCD08_707_S_Cloverdale_Ave_Los_Angeles_90036,Cloverdale,707 S Cloverdale Avenue Ave Los Angeles 90036,,,,
613632,1190379,,5089003008.0,,5410.0,,,West,,,Wilshire,Boulevard,,,,,,,,,,,,,90036.0,,Los Angeles,Los Angeles,,,,,LA City,{9D581125-15D7-474D-BEDB-12D9F1C993DB},0,,9D581125-15D7-474D-BEDB-12D9F1C993DB,Unknown,,W,,,Blvd,W Wilshire Blvd,2023/09/12 23:03:18+00,5410 W Wilshire Blvd Los Angeles 90036,9D581125-15D7-474D-BEDB-12D9F1C993DB_5410_W_Wilshire_Blvd_Los_Angeles_90036,Wilshire,5410 W Wilshire Boulevard Blvd Los Angeles 90036,,,,
613633,1190380,,5089003011.0,,727.0,,,South,,,Cloverdale,Avenue,,,,,,,,,,,,1-43,90036.0,,Los Angeles,Los Angeles,,,,,LA City,{1C92CC5C-2F09-46E5-BFC5-0B4C1D1A7152},0,,1C92CC5C-2F09-46E5-BFC5-0B4C1D1A7152,Unknown,,S,,,Ave,S Cloverdale Ave,2023/09/12 23:03:18+00,727 S Cloverdale Ave 1-43 Los Angeles 90036,1C92CC5C-2F09-46E5-BFC5-0B4C1D1A7152_727_S_Cloverdale_Ave_1-43_Los_Angeles_90036,Cloverdale,727 S Cloverdale Avenue Ave 1-43 Los Angeles 90036,,,,
613634,1190381,,5089003013.0,,743.0,,,South,,,Cloverdale,Avenue,,,,,,,,,,,,,90036.0,,Los Angeles,Los Angeles,,,,,LA City,{79059A31-ADF9-496C-8014-32F575D7D059},0,,79059A31-ADF9-496C-8014-32F575D7D059,Unknown,,S,,,Ave,S Cloverdale Ave,2023/09/12 23:03:18+00,743 S Cloverdale Ave Los Angeles 90036,79059A31-ADF9-496C-8014-32F575D7D059_743_S_Cloverdale_Ave_Los_Angeles_90036,Cloverdale,743 S Cloverdale Avenue Ave Los Angeles 90036,,,,
613635,1190382,,5089003015.0,,5403.0,,,West,,,8Th,Street,,,,,,,,,,,,1-18,90036.0,,Los Angeles,Los Angeles,,,,,LA City,{7DD0E42A-FFED-46F2-BE19-F5EE10AB9677},0,,7DD0E42A-FFED-46F2-BE19-F5EE10AB9677,Unknown,,W,,,St,W 8Th St,2023/09/12 23:03:18+00,5403 W 8Th St 1-18 Los Angeles 90036,7DD0E42A-FFED-46F2-BE19-F5EE10AB9677_5403_W_8Th_St_1-18_Los_Angeles_90036,8Th,5403 W 8Th Street St 1-18 Los Angeles 90036,,,,
613636,1190383,,5089003019.0,,5454.0,,,West,,,Wilshire,Boulevard,,,,,,,,,,,,,90036.0,,Los Angeles,Los Angeles,,,,,LA City,{4A93656C-D3B5-4B8D-9C6A-E77E6998B288},0,,4A93656C-D3B5-4B8D-9C6A-E77E6998B288,Unknown,,W,,,Blvd,W Wilshire Blvd,2023/09/12 23:03:18+00,5454 W Wilshire Blvd Los Angeles 90036,4A93656C-D3B5-4B8D-9C6A-E77E6998B288_5454_W_Wilshire_Blvd_Los_Angeles_90036,Wilshire,5454 W Wilshire Boulevard Blvd Los Angeles 90036,,,,
613637,1190384,,5089003019.0,,5452.0,,,West,,,Wilshire,Boulevard,,,,,,,,,,,,,90036.0,,Los Angeles,Los Angeles,,,,,LA City,{24DB46E5-B37B-4A39-B4F5-9CF00E91EB0A},0,,24DB46E5-B37B-4A39-B4F5-9CF00E91EB0A,Unknown,,W,,,Blvd,W Wilshire Blvd,2023/09/12 23:03:18+00,5452 W Wilshire Blvd Los Angeles 90036,24DB46E5-B37B-4A39-B4F5-9CF00E91EB0A_5452_W_Wilshire_Blvd_Los_Angeles_90036,Wilshire,5452 W Wilshire Boulevard Blvd Los Angeles 90036,,,,
613638,1190385,,5089003019.0,,5450.0,,,West,,,Wilshire,Boulevard,,,,,,,,,,,,,90036.0,,Los Angeles,Los Angeles,,,,,LA City,{DA7F486F-BDF8-4CD0-99D5-09955E1AB754},0,,DA7F486F-BDF8-4CD0-99D5-09955E1AB754,Unknown,,W,,,Blvd,W Wilshire Blvd,2023/09/12 23:03:18+00,5450 W Wilshire Blvd Los Angeles 90036,DA7F486F-BDF8-4CD0-99D5-09955E1AB754_5450_W_Wilshire_Blvd_Los_Angeles_90036,Wilshire,5450 W Wilshire Boulevard Blvd Los Angeles 90036,,,,
613639,1190386,,5089003019.0,,5456.0,,,West,,,Wilshire,Boulevard,,,,,,,,,,,,,90036.0,,Los Angeles,Los Angeles,,,,,LA City,{E76BA1CF-20FA-4F71-8027-A17086F10860},0,,E76BA1CF-20FA-4F71-8027-A17086F10860,Unknown,,W,,,Blvd,W Wilshire Blvd,2023/09/12 23:03:18+00,5456 W Wilshire Blvd Los Angeles 90036,E76BA1CF-20FA-4F71-8027-A17086F10860_5456_W_Wilshire_Blvd_Los_Angeles_90036,Wilshire,5456 W Wilshire Boulevard Blvd Los Angeles 90036,,,,
613640,1190387,,5089003020.0,,5458.0,,,West,,,Wilshire,Boulevard,,,,,,,,,,,,,90036.0,,Los Angeles,Los Angeles,,,,,LA City,{4F654527-68C4-4C68-99BA-2C2250B84143},0,,4F654527-68C4-4C68-99BA-2C2250B84143,Unknown,,W,,,Blvd,W Wilshire Blvd,2023/09/12 23:03:18+00,5458 W Wilshire Blvd Los Angeles 90036,4F654527-68C4-4C68-99BA-2C2250B84143_5458_W_Wilshire_Blvd_Los_Angeles_90036,Wilshire,5458 W Wilshire Boulevard Blvd Los Angeles 90036,,,,
613641,1190388,,5089003020.0,,5464.0,,,West,,,Wilshire,Boulevard,,,,,,,,,,,,,90036.0,,Los Angeles,Los Angeles,,,,,LA City,{44900220-14CA-4215-8AFD-DA0411643025},0,,44900220-14CA-4215-8AFD-DA0411643025,Unknown,,W,,,Blvd,W Wilshire Blvd,2023/09/12 23:03:18+00,5464 W Wilshire Blvd Los Angeles 90036,44900220-14CA-4215-8AFD-DA0411643025_5464_W_Wilshire_Blvd_Los_Angeles_90036,Wilshire,5464 W Wilshire Boulevard Blvd Los Angeles 90036,,,,
613642,1190389,,5089003021.0,,5470.0,,,West,,,Wilshire,Boulevard,,,,,,,,,,,,,90036.0,,Los Angeles,Los Angeles,,,,,LA City,{CB4EF5E5-B95A-4C1D-9CEB-A4B7E07FC02A},0,,CB4EF5E5-B95A-4C1D-9CEB-A4B7E07FC02A,Unknown,,W,,,Blvd,W Wilshire Blvd,2023/09/12 23:03:18+00,5470 W Wilshire Blvd Los Angeles 90036,CB4EF5E5-B95A-4C1D-9CEB-A4B7E07FC02A_5470_W_Wilshire_Blvd_Los_Angeles_90036,Wilshire,5470 W Wilshire Boulevard Blvd Los Angeles 90036,,,,
613643,1190390,,5089003021.0,,5474.0,,,West,,,Wilshire,Boulevard,,,,,,,,,,,,,90036.0,,Los Angeles,Los Angeles,,,,,LA City,{83C864DC-A93E-43CD-ADE2-80B0BCD018A7},0,,83C864DC-A93E-43CD-ADE2-80B0BCD018A7,Unknown,,W,,,Blvd,W Wilshire Blvd,2023/09/12 23:03:18+00,5474 W Wilshire Blvd Los Angeles 90036,83C864DC-A93E-43CD-ADE2-80B0BCD018A7_5474_W_Wilshire_Blvd_Los_Angeles_90036,Wilshire,5474 W Wilshire Boulevard Blvd Los Angeles 90036,,,,
613644,1190391,,5089003021.0,,5466.0,,,West,,,Wilshire,Boulevard,,,,,,,,,,,,,90036.0,,Los Angeles,Los Angeles,,,,,LA City,{ECF23A3A-85FF-4323-B007-05578122494A},0,,ECF23A3A-85FF-4323-B007-05578122494A,Unknown,,W,,,Blvd,W Wilshire Blvd,2023/09/12 23:03:18+00,5466 W Wilshire Blvd Los Angeles 90036,ECF23A3A-85FF-4323-B007-05578122494A_5466_W_Wilshire_Blvd_Los_Angeles_90036,Wilshire,5466 W Wilshire Boulevard Blvd Los Angeles 90036,,,,
613645,1190392,,5089003021.0,,5480.0,,,West,,,Wilshire,Boulevard,,,,,,,,,,,,,90036.0,,Los Angeles,Los Angeles,,,,,LA City,{D4EBE9DB-5326-4195-A81D-6A0E6ECDCB34},0,,D4EBE9DB-5326-4195-A81D-6A0E6ECDCB34,Unknown,,W,,,Blvd,W Wilshire Blvd,2023/09/12 23:03:18+00,5480 W Wilshire Blvd Los Angeles 90036,D4EBE9DB-5326-4195-A81D-6A0E6ECDCB34_5480_W_Wilshire_Blvd_Los_Angeles_90036,Wilshire,5480 W Wilshire Boulevard Blvd Los Angeles 90036,,,,
613646,1190393,,5089003021.0,,5472.0,,,West,,,Wilshire,Boulevard,,,,,,,,,,,,,90036.0,,Los Angeles,Los Angeles,,,,,LA City,{FF759CDC-B188-4038-8B55-A0F5455C23F6},0,,FF759CDC-B188-4038-8B55-A0F5455C23F6,Unknown,,W,,,Blvd,W Wilshire Blvd,2023/09/12 23:03:18+00,5472 W Wilshire Blvd Los Angeles 90036,FF759CDC-B188-4038-8B55-A0F5455C23F6_5472_W_Wilshire_Blvd_Los_Angeles_90036,Wilshire,5472 W Wilshire Boulevard Blvd Los Angeles 90036,,,,
613647,1190394,,5089003021.0,,5476.0,,,West,,,Wilshire,Boulevard,,,,,,,,,,,,,90036.0,,Los Angeles,Los Angeles,,,,,LA City,{6DDEA055-21B7-47B3-A378-C1C926B16DE0},0,,6DDEA055-21B7-47B3-A378-C1C926B16DE0,Unknown,,W,,,Blvd,W Wilshire Blvd,2023/09/12 23:03:18+00,5476 W Wilshire Blvd Los Angeles 90036,6DDEA055-21B7-47B3-A378-C1C926B16DE0_5476_W_Wilshire_Blvd_Los_Angeles_90036,Wilshire,5476 W Wilshire Boulevard Blvd Los Angeles 90036,,,,
613648,1190395,,5089003021.0,,5478.0,,,West,,,Wilshire,Boulevard,,,,,,,,,,,,A,90036.0,,Los Angeles,Los Angeles,,,,,LA City,{42DB7333-C860-41E5-BFA5-C7F4AFDFCA04},0,,42DB7333-C860-41E5-BFA5-C7F4AFDFCA04,Unknown,,W,,,Blvd,W Wilshire Blvd,2023/09/12 23:03:18+00,5478 W Wilshire Blvd A Los Angeles 90036,42DB7333-C860-41E5-BFA5-C7F4AFDFCA04_5478_W_Wilshire_Blvd_A_Los_Angeles_90036,Wilshire,5478 W Wilshire Boulevard Blvd A Los Angeles 90036,,,,
613649,1190396,,5089003021.0,,5482.0,,,West,,,Wilshire,Boulevard,,,,,,,,,,,,,90036.0,,Los Angeles,Los Angeles,,,,,LA City,{7B953BC7-035A-435C-9D1B-3C7B37E655C2},0,,7B953BC7-035A-435C-9D1B-3C7B37E655C2,Unknown,,W,,,Blvd,W Wilshire Blvd,2023/09/12 23:03:18+00,5482 W Wilshire Blvd Los Angeles 90036,7B953BC7-035A-435C-9D1B-3C7B37E655C2_5482_W_Wilshire_Blvd_Los_Angeles_90036,Wilshire,5482 W Wilshire Boulevard Blvd Los Angeles 90036,,,,
613650,1190397,,5089003021.0,,5486.0,,,West,,,Wilshire,Boulevard,,,,,,,,,,,,,90036.0,,Los Angeles,Los Angeles,,,,,LA City,{8902BB72-0A29-47B3-A30F-31DA3370445A},0,,8902BB72-0A29-47B3-A30F-31DA3370445A,Unknown,,W,,,Blvd,W Wilshire Blvd,2023/09/12 23:03:18+00,5486 W Wilshire Blvd Los Angeles 90036,8902BB72-0A29-47B3-A30F-31DA3370445A_5486_W_Wilshire_Blvd_Los_Angeles_90036,Wilshire,5486 W Wilshire Boulevard Blvd Los Angeles 90036,,,,
613651,1190398,,5089003021.0,,5484.0,,,West,,,Wilshire,Boulevard,,,,,,,,,,,,,90036.0,,Los Angeles,Los Angeles,,,,,LA City,{54F1584C-D842-4BBC-BA33-83516F49CBC9},0,,54F1584C-D842-4BBC-BA33-83516F49CBC9,Unknown,,W,,,Blvd,W Wilshire Blvd,2023/09/12 23:03:18+00,5484 W Wilshire Blvd Los Angeles 90036,54F1584C-D842-4BBC-BA33-83516F49CBC9_5484_W_Wilshire_Blvd_Los_Angeles_90036,Wilshire,5484 W Wilshire Boulevard Blvd Los Angeles 90036,,,,
613652,1190399,,5089003022.0,,720.0,,,South,,,Dunsmuir,Avenue,,,,,,,,,,,,,90036.0,,Los Angeles,Los Angeles,,,,,LA City,{90C8724C-61EA-401D-9850-3FE9FF93A2F1},0,,90C8724C-61EA-401D-9850-3FE9FF93A2F1,Unknown,,S,,,Ave,S Dunsmuir Ave,2023/09/12 23:03:18+00,720 S Dunsmuir Ave Los Angeles 90036,90C8724C-61EA-401D-9850-3FE9FF93A2F1_720_S_Dunsmuir_Ave_Los_Angeles_90036,Dunsmuir,720 S Dunsmuir Avenue Ave Los Angeles 90036,,,,
613653,1190400,,5089003023.0,,724.0,,,South,,,Dunsmuir,Avenue,,,,,,,,,,,,,90036.0,,Los Angeles,Los Angeles,,,,,LA City,{0E004B7D-E05A-4B3B-A5E3-870A8FEB089E},0,,0E004B7D-E05A-4B3B-A5E3-870A8FEB089E,Unknown,,S,,,Ave,S Dunsmuir Ave,2023/09/12 23:03:18+00,724 S Dunsmuir Ave Los Angeles 90036,0E004B7D-E05A-4B3B-A5E3-870A8FEB089E_724_S_Dunsmuir_Ave_Los_Angeles_90036,Dunsmuir,724 S Dunsmuir Avenue Ave Los Angeles 90036,,,,
613654,1190401,,5089003023.0,,722.0,,,South,,,Dunsmuir,Avenue,,,,,,,,,,,,,90036.0,,Los Angeles,Los Angeles,,,,,LA City,{EFD97E2D-0325-4907-8D15-7109113A5892},0,,EFD97E2D-0325-4907-8D15-7109113A5892,Unknown,,S,,,Ave,S Dunsmuir Ave,2023/09/12 23:03:18+00,722 S Dunsmuir Ave Los Angeles 90036,EFD97E2D-0325-4907-8D15-7109113A5892_722_S_Dunsmuir_Ave_Los_Angeles_90036,Dunsmuir,722 S Dunsmuir Avenue Ave Los Angeles 90036,,,,
613655,1190402,,5089003024.0,,728.0,,,South,,,Dunsmuir,Avenue,,,,,,,,,,,,,90036.0,,Los Angeles,Los Angeles,,,,,LA City,{3A913896-32BC-44B7-A495-DEB19172A719},0,,3A913896-32BC-44B7-A495-DEB19172A719,Unknown,,S,,,Ave,S Dunsmuir Ave,2024/05/12 21:05:27+00,728 S Dunsmuir Ave Los Angeles 90036,3A913896-32BC-44B7-A495-DEB19172A719_728_S_Dunsmuir_Ave_Los_Angeles_90036,Dunsmuir,728 S Dunsmuir Avenue Ave Los Angeles 90036,,,,
613656,1190403,,5089003024.0,,726.0,1/2,,South,,,Dunsmuir,Avenue,,,,,,,,,,,,,90036.0,,Los Angeles,Los Angeles,,,,,LA City,{C22BC1DF-FFDD-48FD-80D8-C49BB0DBAB8E},0,,C22BC1DF-FFDD-48FD-80D8-C49BB0DBAB8E,Unknown,,S,,,Ave,S Dunsmuir Ave,2024/05/12 21:05:27+00,726 1/2 S Dunsmuir Ave Los Angeles 90036,C22BC1DF-FFDD-48FD-80D8-C49BB0DBAB8E_726_1/2_S_Dunsmuir_Ave_Los_Angeles_90036,Dunsmuir,726 1/2 S Dunsmuir Avenue Ave Los Angeles 90036,,,,
613657,1190404,,5089003024.0,,728.0,1/2,,South,,,Dunsmuir,Avenue,,,,,,,,,,,,,90036.0,,Los Angeles,Los Angeles,,,,,LA City,{CB0DFB79-FE9E-4A09-AD5B-AC68A7E7DF54},0,,CB0DFB79-FE9E-4A09-AD5B-AC68A7E7DF54,Unknown,,S,,,Ave,S Dunsmuir Ave,2024/05/12 21:05:27+00,728 1/2 S Dunsmuir Ave Los Angeles 90036,CB0DFB79-FE9E-4A09-AD5B-AC68A7E7DF54_728_1/2_S_Dunsmuir_Ave_Los_Angeles_90036,Dunsmuir,728 1/2 S Dunsmuir Avenue Ave Los Angeles 90036,,,,
613658,1190405,,5089003024.0,,726.0,,,South,,,Dunsmuir,Avenue,,,,,,,,,,,,,90036.0,,Los Angeles,Los Angeles,,,,,LA City,{C2226FD1-8E3F-4167-A29A-405829AFA058},0,,C2226FD1-8E3F-4167-A29A-405829AFA058,Unknown,,S,,,Ave,S Dunsmuir Ave,2024/05/12 21:05:27+00,726 S Dunsmuir Ave Los Angeles 90036,C2226FD1-8E3F-4167-A29A-405829AFA058_726_S_Dunsmuir_Ave_Los_Angeles_90036,Dunsmuir,726 S Dunsmuir Avenue Ave Los Angeles 90036,,,,
613659,1190406,,5089003025.0,,734.0,,,South,,,Dunsmuir,Avenue,,,,,,,,,,,,,90036.0,,Los Angeles,Los Angeles,,,,,LA City,{EBBA3F14-55AE-4FBA-BAEA-7B1F08271DD5},0,,EBBA3F14-55AE-4FBA-BAEA-7B1F08271DD5,Unknown,,S,,,Ave,S Dunsmuir Ave,2024/05/12 21:05:27+00,734 S Dunsmuir Ave Los Angeles 90036,EBBA3F14-55AE-4FBA-BAEA-7B1F08271DD5_734_S_Dunsmuir_Ave_Los_Angeles_90036,Dunsmuir,734 S Dunsmuir Avenue Ave Los Angeles 90036,,,,
613660,1190407,,5089003025.0,,736.0,1/4,,South,,,Dunsmuir,Avenue,,,,,,,,,,,,,90036.0,,Los Angeles,Los Angeles,,,,,LA City,{2CA2FF12-4B1E-48CA-89DB-0DA969415505},0,,2CA2FF12-4B1E-48CA-89DB-0DA969415505,Unknown,,S,,,Ave,S Dunsmuir Ave,2024/05/12 21:05:27+00,736 1/4 S Dunsmuir Ave Los Angeles 90036,2CA2FF12-4B1E-48CA-89DB-0DA969415505_736_1/4_S_Dunsmuir_Ave_Los_Angeles_90036,Dunsmuir,736 1/4 S Dunsmuir Avenue Ave Los Angeles 90036,,,,
613661,1190408,,5089003025.0,,736.0,1/2,,South,,,Dunsmuir,Avenue,,,,,,,,,,,,,90036.0,,Los Angeles,Los Angeles,,,,,LA City,{37C187E9-A206-4DF4-92AD-C1A00373319E},0,,37C187E9-A206-4DF4-92AD-C1A00373319E,Unknown,,S,,,Ave,S Dunsmuir Ave,2024/05/12 21:05:27+00,736 1/2 S Dunsmuir Ave Los Angeles 90036,37C187E9-A206-4DF4-92AD-C1A00373319E_736_1/2_S_Dunsmuir_Ave_Los_Angeles_90036,Dunsmuir,736 1/2 S Dunsmuir Avenue Ave Los Angeles 90036,,,,
613662,1190409,,5089003025.0,,734.0,1/2,,South,,,Dunsmuir,Avenue,,,,,,,,,,,,,90036.0,,Los Angeles,Los Angeles,,,,,LA City,{E7433C3D-9E3F-4E77-9EC2-43C55CC4DC19},0,,E7433C3D-9E3F-4E77-9EC2-43C55CC4DC19,Unknown,,S,,,Ave,S Dunsmuir Ave,2024/05/12 21:05:27+00,734 1/2 S Dunsmuir Ave Los Angeles 90036,E7433C3D-9E3F-4E77-9EC2-43C55CC4DC19_734_1/2_S_Dunsmuir_Ave_Los_Angeles_90036,Dunsmuir,734 1/2 S Dunsmuir Avenue Ave Los Angeles 90036,,,,
613663,1190410,,5089003025.0,,734.0,1/4,,South,,,Dunsmuir,Avenue,,,,,,,,,,,,,90036.0,,Los Angeles,Los Angeles,,,,,LA City,{D96147B8-D37C-4ED7-946A-046F4D656788},0,,D96147B8-D37C-4ED7-946A-046F4D656788,Unknown,,S,,,Ave,S Dunsmuir Ave,2024/05/12 21:05:27+00,734 1/4 S Dunsmuir Ave Los Angeles 90036,D96147B8-D37C-4ED7-946A-046F4D656788_734_1/4_S_Dunsmuir_Ave_Los_Angeles_90036,Dunsmuir,734 1/4 S Dunsmuir Avenue Ave Los Angeles 90036,,,,
613664,1190411,,5089003025.0,,736.0,,,South,,,Dunsmuir,Avenue,,,,,,,,,,,,,90036.0,,Los Angeles,Los Angeles,,,,,LA City,{07C2DA29-B646-4D26-A7AA-AB250FCAA498},0,,07C2DA29-B646-4D26-A7AA-AB250FCAA498,Unknown,,S,,,Ave,S Dunsmuir Ave,2024/05/12 21:05:27+00,736 S Dunsmuir Ave Los Angeles 90036,07C2DA29-B646-4D26-A7AA-AB250FCAA498_736_S_Dunsmuir_Ave_Los_Angeles_90036,Dunsmuir,736 S Dunsmuir Avenue Ave Los Angeles 90036,,,,
613665,1190412,,5089003026.0,,723.0,,,South,,,Cochran,Avenue,,,,,,,,,,,,,90036.0,,Los Angeles,Los Angeles,,,,,LA City,{D6B29A0B-E9B7-4F11-92E2-BB1629427BD0},0,,D6B29A0B-E9B7-4F11-92E2-BB1629427BD0,Unknown,,S,,,Ave,S Cochran Ave,2023/09/12 23:03:18+00,723 S Cochran Ave Los Angeles 90036,D6B29A0B-E9B7-4F11-92E2-BB1629427BD0_723_S_Cochran_Ave_Los_Angeles_90036,Cochran,723 S Cochran Avenue Ave Los Angeles 90036,,,,
613666,1190413,,5089003026.0,,717.0,,,South,,,Cochran,Avenue,,,,,,,,,,,,,90036.0,,Los Angeles,Los Angeles,,,,,LA City,{43A38844-056F-45C3-8E15-D3353D9DCA7E},0,,43A38844-056F-45C3-8E15-D3353D9DCA7E,Unknown,,S,,,Ave,S Cochran Ave,2023/09/12 23:03:18+00,717 S Cochran Ave Los Angeles 90036,43A38844-056F-45C3-8E15-D3353D9DCA7E_717_S_Cochran_Ave_Los_Angeles_90036,Cochran,717 S Cochran Avenue Ave Los Angeles 90036,,,,
613667,1190414,,5089003027.0,,731.0,,,South,,,Cochran,Avenue,,,,,,,,,,,,,90036.0,,Los Angeles,Los Angeles,,,,,LA City,{75B040E4-53E5-4C67-979C-DEC23912E07F},0,,75B040E4-53E5-4C67-979C-DEC23912E07F,Unknown,,S,,,Ave,S Cochran Ave,2023/09/12 23:03:18+00,731 S Cochran Ave Los Angeles 90036,75B040E4-53E5-4C67-979C-DEC23912E07F_731_S_Cochran_Ave_Los_Angeles_90036,Cochran,731 S Cochran Avenue Ave Los Angeles 90036,,,,
613668,1190415,,5089003027.0,,727.0,,,South,,,Cochran,Avenue,,,,,,,,,,,,,90036.0,,Los Angeles,Los Angeles,,,,,LA City,{AC0FBA88-9104-48D1-9C12-476C0D5FFA03},0,,AC0FBA88-9104-48D1-9C12-476C0D5FFA03,Unknown,,S,,,Ave,S Cochran Ave,2023/09/12 23:03:18+00,727 S Cochran Ave Los Angeles 90036,AC0FBA88-9104-48D1-9C12-476C0D5FFA03_727_S_Cochran_Ave_Los_Angeles_90036,Cochran,727 S Cochran Avenue Ave Los Angeles 90036,,,,
613669,1190416,,5089003027.0,,729.0,1/2,,South,,,Cochran,Avenue,,,,,,,,,,,,,90036.0,,Los Angeles,Los Angeles,,,,,LA City,{2CA7FDA0-6A5C-40D0-93AE-B0C3C61417BF},0,,2CA7FDA0-6A5C-40D0-93AE-B0C3C61417BF,Unknown,,S,,,Ave,S Cochran Ave,2024/05/12 21:05:27+00,729 1/2 S Cochran Ave Los Angeles 90036,2CA7FDA0-6A5C-40D0-93AE-B0C3C61417BF_729_1/2_S_Cochran_Ave_Los_Angeles_90036,Cochran,729 1/2 S Cochran Avenue Ave Los Angeles 90036,,,,
613670,1190417,,5089003027.0,,729.0,,,South,,,Cochran,Avenue,,,,,,,,,,,,,90036.0,,Los Angeles,Los Angeles,,,,,LA City,{2369AB96-C0D0-4D5E-8283-D843472B65DA},0,,2369AB96-C0D0-4D5E-8283-D843472B65DA,Unknown,,S,,,Ave,S Cochran Ave,2024/05/12 21:05:27+00,729 S Cochran Ave Los Angeles 90036,2369AB96-C0D0-4D5E-8283-D843472B65DA_729_S_Cochran_Ave_Los_Angeles_90036,Cochran,729 S Cochran Avenue Ave Los Angeles 90036,,,,
613671,1190418,,5089003028.0,,735.0,,,South,,,Cochran,Avenue,,,,,,,,,,,,,90036.0,,Los Angeles,Los Angeles,,,,,LA City,{48BA7FA7-6E11-4FD2-9394-15D0BFDAC1F2},0,,48BA7FA7-6E11-4FD2-9394-15D0BFDAC1F2,Unknown,,S,,,Ave,S Cochran Ave,2023/09/12 23:03:18+00,735 S Cochran Ave Los Angeles 90036,48BA7FA7-6E11-4FD2-9394-15D0BFDAC1F2_735_S_Cochran_Ave_Los_Angeles_90036,Cochran,735 S Cochran Avenue Ave Los Angeles 90036,,,,
613672,1190419,,5089003028.0,,733.0,,,South,,,Cochran,Avenue,,,,,,,,,,,,,90036.0,,Los Angeles,Los Angeles,,,,,Assessor,{BC0DB8C2-B634-44E0-A1F5-9B48156A106F},0,,BC0DB8C2-B634-44E0-A1F5-9B48156A106F,Unknown,,S,,,Ave,S Cochran Ave,2024/04/27 17:13:09+00,733 S Cochran Ave Los Angeles 90036,BC0DB8C2-B634-44E0-A1F5-9B48156A106F_733_S_Cochran_Ave_Los_Angeles_90036,Cochran,733 S Cochran Avenue Ave Los Angeles 90036,,,,
613673,1190420,,5089003030.0,,734.0,,,South,,,Cochran,Avenue,,,,,,,,,,,,,90036.0,,Los Angeles,Los Angeles,,,,,LA City,{6A9E02C2-7899-4460-890C-4071F9FB3EBA},0,,6A9E02C2-7899-4460-890C-4071F9FB3EBA,Unknown,,S,,,Ave,S Cochran Ave,2023/09/12 23:03:18+00,734 S Cochran Ave Los Angeles 90036,6A9E02C2-7899-4460-890C-4071F9FB3EBA_734_S_Cochran_Ave_Los_Angeles_90036,Cochran,734 S Cochran Avenue Ave Los Angeles 90036,,,,
613674,1190421,,5089003030.0,,746.0,,,South,,,Cochran,Avenue,,,,,,,,,,,,,90036.0,,Los Angeles,Los Angeles,,,,,LA City,{0FCEE0ED-EB1F-412E-BA4F-104B83F12691},0,,0FCEE0ED-EB1F-412E-BA4F-104B83F12691,Unknown,,S,,,Ave,S Cochran Ave,2023/09/12 23:03:18+00,746 S Cochran Ave Los Angeles 90036,0FCEE0ED-EB1F-412E-BA4F-104B83F12691_746_S_Cochran_Ave_Los_Angeles_90036,Cochran,746 S Cochran Avenue Ave Los Angeles 90036,,,,
613675,1190422,,5089003030.0,,740.0,,,South,,,Cochran,Avenue,,,,,,,,,,,,1-51,90036.0,,Los Angeles,Los Angeles,,,,,LA City,{F89F75BD-5A13-4E8E-977E-DF0AF55C84A5},0,,F89F75BD-5A13-4E8E-977E-DF0AF55C84A5,Unknown,,S,,,Ave,S Cochran Ave,2023/09/12 23:03:18+00,740 S Cochran Ave 1-51 Los Angeles 90036,F89F75BD-5A13-4E8E-977E-DF0AF55C84A5_740_S_Cochran_Ave_1-51_Los_Angeles_90036,Cochran,740 S Cochran Avenue Ave 1-51 Los Angeles 90036,,,,
613676,1190423,,5089003032.0,,755.0,,,South,,,Cochran,Avenue,,,,,,,,,,,,,90036.0,,Los Angeles,Los Angeles,,,,,LA City,{C834FC6D-F161-4E7D-952D-EF4465CE88FF},0,,C834FC6D-F161-4E7D-952D-EF4465CE88FF,Unknown,,S,,,Ave,S Cochran Ave,2023/09/12 23:03:18+00,755 S Cochran Ave Los Angeles 90036,C834FC6D-F161-4E7D-952D-EF4465CE88FF_755_S_Cochran_Ave_Los_Angeles_90036,Cochran,755 S Cochran Avenue Ave Los Angeles 90036,,,,
613677,1190424,,5089003033.0,,5465.0,,,West,,,8Th,Street,,,,,,,,,,,,,90036.0,,Los Angeles,Los Angeles,,,,,LA City,{A214438A-D620-4EBE-8249-FF9F868F481F},0,,A214438A-D620-4EBE-8249-FF9F868F481F,Unknown,,W,,,St,W 8Th St,2023/09/12 23:03:18+00,5465 W 8Th St Los Angeles 90036,A214438A-D620-4EBE-8249-FF9F868F481F_5465_W_8Th_St_Los_Angeles_90036,8Th,5465 W 8Th Street St Los Angeles 90036,,,,
613678,1190425,,5089003033.0,,5467.0,,,West,,,8Th,Street,,,,,,,,,,,,,90036.0,,Los Angeles,Los Angeles,,,,,LA City,{CE3715DF-4104-4C79-AE22-2438759A13E1},0,,CE3715DF-4104-4C79-AE22-2438759A13E1,Unknown,,W,,,St,W 8Th St,2023/09/12 23:03:18+00,5467 W 8Th St Los Angeles 90036,CE3715DF-4104-4C79-AE22-2438759A13E1_5467_W_8Th_St_Los_Angeles_90036,8Th,5467 W 8Th Street St Los Angeles 90036,,,,
613679,1190426,,5089003033.0,,750.0,,,South,,,Dunsmuir,Avenue,,,,,,,,,,,,,90036.0,,Los Angeles,Los Angeles,,,,,LA City,{409353E3-AFF5-4EE0-A080-4C9FA7997BAA},0,,409353E3-AFF5-4EE0-A080-4C9FA7997BAA,Unknown,,S,,,Ave,S Dunsmuir Ave,2023/09/12 23:03:18+00,750 S Dunsmuir Ave Los Angeles 90036,409353E3-AFF5-4EE0-A080-4C9FA7997BAA_750_S_Dunsmuir_Ave_Los_Angeles_90036,Dunsmuir,750 S Dunsmuir Avenue Ave Los Angeles 90036,,,,
613680,1190427,,5089003036.0,,749.0,,,South,,,Cloverdale,Avenue,,,,,,,,,,,,1-6,90036.0,,Los Angeles,Los Angeles,,,,,LA City,{900021EB-2435-4CD1-8386-3F8CC01D8832},0,,900021EB-2435-4CD1-8386-3F8CC01D8832,Unknown,,S,,,Ave,S Cloverdale Ave,2023/09/12 23:03:18+00,749 S Cloverdale Ave 1-6 Los Angeles 90036,900021EB-2435-4CD1-8386-3F8CC01D8832_749_S_Cloverdale_Ave_1-6_Los_Angeles_90036,Cloverdale,749 S Cloverdale Avenue Ave 1-6 Los Angeles 90036,,,,
613681,1190428,,5089003901.0,,728.0,,,South,,,Cochran,Avenue,,,,,,,,,,,,,90036.0,,Los Angeles,Los Angeles,,,,,LA City,{FDF0B5DE-15BC-41CB-844D-C421D3708DDE},0,,FDF0B5DE-15BC-41CB-844D-C421D3708DDE,Unknown,,S,,,Ave,S Cochran Ave,2023/09/12 23:03:18+00,728 S Cochran Ave Los Angeles 90036,FDF0B5DE-15BC-41CB-844D-C421D3708DDE_728_S_Cochran_Ave_Los_Angeles_90036,Cochran,728 S Cochran Avenue Ave Los Angeles 90036,,,,
613682,1190429,,5089004015.0,,740.0,,,South,,,Burnside,Avenue,,,,,,,,,,,,,90036.0,,Los Angeles,Los Angeles,,,,,LA City,{025C66D3-0A6E-4DAF-B8DC-FFA56E76E232},0,,025C66D3-0A6E-4DAF-B8DC-FFA56E76E232,Unknown,,S,,,Ave,S Burnside Ave,2023/09/12 23:03:18+00,740 S Burnside Ave Los Angeles 90036,025C66D3-0A6E-4DAF-B8DC-FFA56E76E232_740_S_Burnside_Ave_Los_Angeles_90036,Burnside,740 S Burnside Avenue Ave Los Angeles 90036,,,,
613683,1190430,,5089004015.0,,757.0,,,South,,,Dunsmuir,Avenue,,,,,,,,,,,,,90036.0,,Los Angeles,Los Angeles,,,,,LA City,{C001070D-ED30-43AC-A93C-590868A12682},0,,C001070D-ED30-43AC-A93C-590868A12682,Unknown,,S,,,Ave,S Dunsmuir Ave,2023/09/12 23:03:18+00,757 S Dunsmuir Ave Los Angeles 90036,C001070D-ED30-43AC-A93C-590868A12682_757_S_Dunsmuir_Ave_Los_Angeles_90036,Dunsmuir,757 S Dunsmuir Avenue Ave Los Angeles 90036,,,,
613684,1190431,,5089004015.0,,5521.0,,,West,,,8Th,Street,,,,,,,,,,,,,90036.0,,Los Angeles,Los Angeles,,,,,LA City,{47ACD5B9-805A-4403-A5E0-A36F5755AFA2},0,,47ACD5B9-805A-4403-A5E0-A36F5755AFA2,Unknown,,W,,,St,W 8Th St,2023/09/12 23:03:18+00,5521 W 8Th St Los Angeles 90036,47ACD5B9-805A-4403-A5E0-A36F5755AFA2_5521_W_8Th_St_Los_Angeles_90036,8Th,5521 W 8Th Street St Los Angeles 90036,,,,
613685,1190432,,5089004015.0,,745.0,,,South,,,Dunsmuir,Avenue,,,,,,,,,,,,,90036.0,,Los Angeles,Los Angeles,,,,,LA City,{BFE9AAF0-372C-4B9E-BF65-A9BD095762C5},0,,BFE9AAF0-372C-4B9E-BF65-A9BD095762C5,Unknown,,S,,,Ave,S Dunsmuir Ave,2023/09/12 23:03:18+00,745 S Dunsmuir Ave Los Angeles 90036,BFE9AAF0-372C-4B9E-BF65-A9BD095762C5_745_S_Dunsmuir_Ave_Los_Angeles_90036,Dunsmuir,745 S Dunsmuir Avenue Ave Los Angeles 90036,,,,
613686,1190433,,5089004015.0,,741.0,,,South,,,Dunsmuir,Avenue,,,,,,,,,,,,,90036.0,,Los Angeles,Los Angeles,,,,,LA City,{F6C893B5-88E1-4021-86E6-1DF68FC48C82},0,,F6C893B5-88E1-4021-86E6-1DF68FC48C82,Unknown,,S,,,Ave,S Dunsmuir Ave,2023/09/12 23:03:18+00,741 S Dunsmuir Ave Los Angeles 90036,F6C893B5-88E1-4021-86E6-1DF68FC48C82_741_S_Dunsmuir_Ave_Los_Angeles_90036,Dunsmuir,741 S Dunsmuir Avenue Ave Los Angeles 90036,,,,
613687,1190434,,5089004015.0,,754.0,,,South,,,Burnside,Avenue,,,,,,,,,,,,,90036.0,,Los Angeles,Los Angeles,,,,,LA City,{9CEBDA49-BDA6-4489-A681-8862A3370CF6},0,,9CEBDA49-BDA6-4489-A681-8862A3370CF6,Unknown,,S,,,Ave,S Burnside Ave,2023/09/12 23:03:18+00,754 S Burnside Ave Los Angeles 90036,9CEBDA49-BDA6-4489-A681-8862A3370CF6_754_S_Burnside_Ave_Los_Angeles_90036,Burnside,754 S Burnside Avenue Ave Los Angeles 90036,,,,
613688,1190435,,5089004015.0,,749.0,,,South,,,Dunsmuir,Avenue,,,,,,,,,,,,,90036.0,,Los Angeles,Los Angeles,,,,,LA City,{A83514FD-9B31-419F-B5BD-D912218DF3AA},0,,A83514FD-9B31-419F-B5BD-D912218DF3AA,Unknown,,S,,,Ave,S Dunsmuir Ave,2023/09/12 23:03:18+00,749 S Dunsmuir Ave Los Angeles 90036,A83514FD-9B31-419F-B5BD-D912218DF3AA_749_S_Dunsmuir_Ave_Los_Angeles_90036,Dunsmuir,749 S Dunsmuir Avenue Ave Los Angeles 90036,,,,
613689,1190436,,5089004015.0,,738.0,,,South,,,Burnside,Avenue,,,,,,,,,,,,,90036.0,,Los Angeles,Los Angeles,,,,,LA City,{FD4A2AA3-864A-454E-8954-C50F9E5DCAC3},0,,FD4A2AA3-864A-454E-8954-C50F9E5DCAC3,Unknown,,S,,,Ave,S Burnside Ave,2023/09/12 23:03:18+00,738 S Burnside Ave Los Angeles 90036,FD4A2AA3-864A-454E-8954-C50F9E5DCAC3_738_S_Burnside_Ave_Los_Angeles_90036,Burnside,738 S Burnside Avenue Ave Los Angeles 90036,,,,
613690,1190437,,5089004015.0,,747.0,,,South,,,Dunsmuir,Avenue,,,,,,,,,,,,,90036.0,,Los Angeles,Los Angeles,,,,,LA City,{0FE9C174-66F1-488A-9D2B-05846CCD8EB5},0,,0FE9C174-66F1-488A-9D2B-05846CCD8EB5,Unknown,,S,,,Ave,S Dunsmuir Ave,2024/05/12 21:05:27+00,747 S Dunsmuir Ave Los Angeles 90036,0FE9C174-66F1-488A-9D2B-05846CCD8EB5_747_S_Dunsmuir_Ave_Los_Angeles_90036,Dunsmuir,747 S Dunsmuir Avenue Ave Los Angeles 90036,,,,
613691,1190438,,5089004015.0,,747.0,1/2,,South,,,Dunsmuir,Avenue,,,,,,,,,,,,,90036.0,,Los Angeles,Los Angeles,,,,,LA City,{F0DEAE41-2BE3-4F7D-BE7C-C1BB83BC1319},0,,F0DEAE41-2BE3-4F7D-BE7C-C1BB83BC1319,Unknown,,S,,,Ave,S Dunsmuir Ave,2024/05/12 21:05:27+00,747 1/2 S Dunsmuir Ave Los Angeles 90036,F0DEAE41-2BE3-4F7D-BE7C-C1BB83BC1319_747_1/2_S_Dunsmuir_Ave_Los_Angeles_90036,Dunsmuir,747 1/2 S Dunsmuir Avenue Ave Los Angeles 90036,,,,
613692,1190439,,5089004016.0,,5500.0,,,West,,,Wilshire,Boulevard,,,,,,,,,,,,,90036.0,,Los Angeles,Los Angeles,,,,,LA City,{EB20E870-A121-4AFA-B546-766C09B183AA},0,,EB20E870-A121-4AFA-B546-766C09B183AA,Unknown,,W,,,Blvd,W Wilshire Blvd,2023/09/12 23:03:18+00,5500 W Wilshire Blvd Los Angeles 90036,EB20E870-A121-4AFA-B546-766C09B183AA_5500_W_Wilshire_Blvd_Los_Angeles_90036,Wilshire,5500 W Wilshire Boulevard Blvd Los Angeles 90036,,,,
613693,1190440,,5089004016.0,,5520.0,,,West,,,Wilshire,Boulevard,,,,,,,,,,,,,90036.0,,Los Angeles,Los Angeles,,,,,LA City,{C522F378-AE86-4361-832B-5EF17CE6CE27},0,,C522F378-AE86-4361-832B-5EF17CE6CE27,Unknown,,W,,,Blvd,W Wilshire Blvd,2023/09/12 23:03:18+00,5520 W Wilshire Blvd Los Angeles 90036,C522F378-AE86-4361-832B-5EF17CE6CE27_5520_W_Wilshire_Blvd_Los_Angeles_90036,Wilshire,5520 W Wilshire Boulevard Blvd Los Angeles 90036,,,,
613694,1190441,,5089004016.0,,5516.0,,,West,,,Wilshire,Boulevard,,,,,,,,,,,,,90036.0,,Los Angeles,Los Angeles,,,,,LA City,{5F621B13-53B4-4DEE-821E-29BB3EE25915},0,,5F621B13-53B4-4DEE-821E-29BB3EE25915,Unknown,,W,,,Blvd,W Wilshire Blvd,2023/09/12 23:03:18+00,5516 W Wilshire Blvd Los Angeles 90036,5F621B13-53B4-4DEE-821E-29BB3EE25915_5516_W_Wilshire_Blvd_Los_Angeles_90036,Wilshire,5516 W Wilshire Boulevard Blvd Los Angeles 90036,,,,
613695,1190442,,5089004016.0,,5522.0,,,West,,,Wilshire,Boulevard,,,,,,,,,,,,,90036.0,,Los Angeles,Los Angeles,,,,,LA City,{6D8E4315-0F55-4239-903F-AB02B7458F01},0,,6D8E4315-0F55-4239-903F-AB02B7458F01,Unknown,,W,,,Blvd,W Wilshire Blvd,2023/09/12 23:03:18+00,5522 W Wilshire Blvd Los Angeles 90036,6D8E4315-0F55-4239-903F-AB02B7458F01_5522_W_Wilshire_Blvd_Los_Angeles_90036,Wilshire,5522 W Wilshire Boulevard Blvd Los Angeles 90036,,,,
613696,1190443,,5089004016.0,,721.0,,,South,,,Dunsmuir,Avenue,,,,,,,,,,,,,90036.0,,Los Angeles,Los Angeles,,,,,LA City,{BDA2673B-B479-4ED4-8F03-7115FB2CAF09},0,,BDA2673B-B479-4ED4-8F03-7115FB2CAF09,Unknown,,S,,,Ave,S Dunsmuir Ave,2023/09/12 23:03:18+00,721 S Dunsmuir Ave Los Angeles 90036,BDA2673B-B479-4ED4-8F03-7115FB2CAF09_721_S_Dunsmuir_Ave_Los_Angeles_90036,Dunsmuir,721 S Dunsmuir Avenue Ave Los Angeles 90036,,,,
613697,1190444,,5089004016.0,,5512.0,,,West,,,Wilshire,Boulevard,,,,,,,,,,,,,90036.0,,Los Angeles,Los Angeles,,,,,LA City,{B12B39D4-4E02-4540-A1F2-9ADA3DDE0CD0},0,,B12B39D4-4E02-4540-A1F2-9ADA3DDE0CD0,Unknown,,W,,,Blvd,W Wilshire Blvd,2023/09/12 23:03:18+00,5512 W Wilshire Blvd Los Angeles 90036,B12B39D4-4E02-4540-A1F2-9ADA3DDE0CD0_5512_W_Wilshire_Blvd_Los_Angeles_90036,Wilshire,5512 W Wilshire Boulevard Blvd Los Angeles 90036,,,,
613698,1190445,,5089004016.0,,5518.0,,,West,,,Wilshire,Boulevard,,,,,,,,,,,,,90036.0,,Los Angeles,Los Angeles,,,,,LA City,{95A38AED-33E8-4F79-9A9A-08DBE6CAB4A7},0,,95A38AED-33E8-4F79-9A9A-08DBE6CAB4A7,Unknown,,W,,,Blvd,W Wilshire Blvd,2023/09/12 23:03:18+00,5518 W Wilshire Blvd Los Angeles 90036,95A38AED-33E8-4F79-9A9A-08DBE6CAB4A7_5518_W_Wilshire_Blvd_Los_Angeles_90036,Wilshire,5518 W Wilshire Boulevard Blvd Los Angeles 90036,,,,
613699,1190446,,5089004016.0,,5514.0,,,West,,,Wilshire,Boulevard,,,,,,,,,,,,,90036.0,,Los Angeles,Los Angeles,,,,,LA City,{189D967E-016B-4515-9D91-713F13B72AAC},0,,189D967E-016B-4515-9D91-713F13B72AAC,Unknown,,W,,,Blvd,W Wilshire Blvd,2023/09/12 23:03:18+00,5514 W Wilshire Blvd Los Angeles 90036,189D967E-016B-4515-9D91-713F13B72AAC_5514_W_Wilshire_Blvd_Los_Angeles_90036,Wilshire,5514 W Wilshire Boulevard Blvd Los Angeles 90036,,,,
613700,1190447,,5089004017.0,,727.0,,,South,,,Dunsmuir,Avenue,,,,,,,,,,,,,90036.0,,Los Angeles,Los Angeles,,,,,LA City,{1FC7E609-BB2B-44EE-8BD8-312321314D95},0,,1FC7E609-BB2B-44EE-8BD8-312321314D95,Unknown,,S,,,Ave,S Dunsmuir Ave,2023/09/12 23:03:18+00,727 S Dunsmuir Ave Los Angeles 90036,1FC7E609-BB2B-44EE-8BD8-312321314D95_727_S_Dunsmuir_Ave_Los_Angeles_90036,Dunsmuir,727 S Dunsmuir Avenue Ave Los Angeles 90036,,,,
613701,1190448,,5089004017.0,,732.0,,,South,,,Burnside,Avenue,,,,,,,,,,,,,90036.0,,Los Angeles,Los Angeles,,,,,LA City,{1456B125-80D8-477C-B5B4-BF902732161F},0,,1456B125-80D8-477C-B5B4-BF902732161F,Unknown,,S,,,Ave,S Burnside Ave,2023/09/12 23:03:18+00,732 S Burnside Ave Los Angeles 90036,1456B125-80D8-477C-B5B4-BF902732161F_732_S_Burnside_Ave_Los_Angeles_90036,Burnside,732 S Burnside Avenue Ave Los Angeles 90036,,,,
613702,1190449,,5089004017.0,,728.0,,,South,,,Burnside,Avenue,,,,,,,,,,,,,90036.0,,Los Angeles,Los Angeles,,,,,LA City,{0F9EAC0E-BD0D-4F06-B529-C37D2330B824},0,,0F9EAC0E-BD0D-4F06-B529-C37D2330B824,Unknown,,S,,,Ave,S Burnside Ave,2023/09/12 23:03:18+00,728 S Burnside Ave Los Angeles 90036,0F9EAC0E-BD0D-4F06-B529-C37D2330B824_728_S_Burnside_Ave_Los_Angeles_90036,Burnside,728 S Burnside Avenue Ave Los Angeles 90036,,,,
613703,1190450,,5089004017.0,,734.0,,,South,,,Burnside,Avenue,,,,,,,,,,,,,90036.0,,Los Angeles,Los Angeles,,,,,LA City,{08A41AB3-4BC8-486C-8A56-9F02F207EEA3},0,,08A41AB3-4BC8-486C-8A56-9F02F207EEA3,Unknown,,S,,,Ave,S Burnside Ave,2023/09/12 23:03:18+00,734 S Burnside Ave Los Angeles 90036,08A41AB3-4BC8-486C-8A56-9F02F207EEA3_734_S_Burnside_Ave_Los_Angeles_90036,Burnside,734 S Burnside Avenue Ave Los Angeles 90036,,,,
613704,1190451,,5089004017.0,,736.0,,,South,,,Burnside,Avenue,,,,,,,,,,,,,90036.0,,Los Angeles,Los Angeles,,,,,LA City,{886C5959-3A37-4AEE-A571-44EAF098BA6B},0,,886C5959-3A37-4AEE-A571-44EAF098BA6B,Unknown,,S,,,Ave,S Burnside Ave,2023/09/12 23:03:18+00,736 S Burnside Ave Los Angeles 90036,886C5959-3A37-4AEE-A571-44EAF098BA6B_736_S_Burnside_Ave_Los_Angeles_90036,Burnside,736 S Burnside Avenue Ave Los Angeles 90036,,,,
613705,1190452,,5089005006.0,,741.0,,,South,,,Burnside,Avenue,,,,,,,,,,,,,90036.0,,Los Angeles,Los Angeles,,,,,LA City,{37CAB6ED-26A9-4609-BB15-6037F3F3986B},0,,37CAB6ED-26A9-4609-BB15-6037F3F3986B,Unknown,,S,,,Ave,S Burnside Ave,2023/09/12 23:03:18+00,741 S Burnside Ave Los Angeles 90036,37CAB6ED-26A9-4609-BB15-6037F3F3986B_741_S_Burnside_Ave_Los_Angeles_90036,Burnside,741 S Burnside Avenue Ave Los Angeles 90036,,,,
613706,1190453,,5089005007.0,,749.0,,,South,,,Burnside,Avenue,,,,,,,,,,,,,90036.0,,Los Angeles,Los Angeles,,,,,LA City,{A33AB561-34C7-47AE-AB29-1A20497E30E7},0,,A33AB561-34C7-47AE-AB29-1A20497E30E7,Unknown,,S,,,Ave,S Burnside Ave,2023/09/12 23:03:18+00,749 S Burnside Ave Los Angeles 90036,A33AB561-34C7-47AE-AB29-1A20497E30E7_749_S_Burnside_Ave_Los_Angeles_90036,Burnside,749 S Burnside Avenue Ave Los Angeles 90036,,,,
613707,1190454,,5089005008.0,,5555.0,,,West,,,8Th,Street,,,,,,,,,,,,1-24,90036.0,,Los Angeles,Los Angeles,,,,,LA City,{3A18A702-F98B-4668-9E72-519706EC4AEC},0,,3A18A702-F98B-4668-9E72-519706EC4AEC,Unknown,,W,,,St,W 8Th St,2023/09/12 23:03:18+00,5555 W 8Th St 1-24 Los Angeles 90036,3A18A702-F98B-4668-9E72-519706EC4AEC_5555_W_8Th_St_1-24_Los_Angeles_90036,8Th,5555 W 8Th Street St 1-24 Los Angeles 90036,,,,
613708,1190455,,5089005009.0,,756.0,,,South,,,Ridgeley,Drive,,,,,,,,,,,,,90036.0,,Los Angeles,Los Angeles,,,,,LA City,{77122A08-8ECC-48D4-A1E2-52A9EF3042FC},0,,77122A08-8ECC-48D4-A1E2-52A9EF3042FC,Unknown,,S,,,Dr,S Ridgeley Dr,2023/09/12 23:03:18+00,756 S Ridgeley Dr Los Angeles 90036,77122A08-8ECC-48D4-A1E2-52A9EF3042FC_756_S_Ridgeley_Dr_Los_Angeles_90036,Ridgeley,756 S Ridgeley Drive Dr Los Angeles 90036,,,,
613709,1190456,,5089005010.0,,744.0,1/2,,South,,,Ridgeley,Drive,,,,,,,,,,,,,90036.0,,Los Angeles,Los Angeles,,,,,LA City,{4FFBCF34-5A6E-449C-9301-86C306FE3140},0,,4FFBCF34-5A6E-449C-9301-86C306FE3140,Unknown,,S,,,Dr,S Ridgeley Dr,2024/05/12 21:05:27+00,744 1/2 S Ridgeley Dr Los Angeles 90036,4FFBCF34-5A6E-449C-9301-86C306FE3140_744_1/2_S_Ridgeley_Dr_Los_Angeles_90036,Ridgeley,744 1/2 S Ridgeley Drive Dr Los Angeles 90036,,,,
613710,1190457,,5089005010.0,,746.0,,,South,,,Ridgeley,Drive,,,,,,,,,,,,,90036.0,,Los Angeles,Los Angeles,,,,,LA City,{86C0D745-5AF3-4861-9904-8D97F66D6C52},0,,86C0D745-5AF3-4861-9904-8D97F66D6C52,Unknown,,S,,,Dr,S Ridgeley Dr,2024/05/12 21:05:27+00,746 S Ridgeley Dr Los Angeles 90036,86C0D745-5AF3-4861-9904-8D97F66D6C52_746_S_Ridgeley_Dr_Los_Angeles_90036,Ridgeley,746 S Ridgeley Drive Dr Los Angeles 90036,,,,
613711,1190458,,5089005010.0,,746.0,1/2,,South,,,Ridgeley,Drive,,,,,,,,,,,,,90036.0,,Los Angeles,Los Angeles,,,,,LA City,{E5E8A7E6-36E7-40E8-9015-B3C50C34E3A2},0,,E5E8A7E6-36E7-40E8-9015-B3C50C34E3A2,Unknown,,S,,,Dr,S Ridgeley Dr,2024/05/12 21:05:27+00,746 1/2 S Ridgeley Dr Los Angeles 90036,E5E8A7E6-36E7-40E8-9015-B3C50C34E3A2_746_1/2_S_Ridgeley_Dr_Los_Angeles_90036,Ridgeley,746 1/2 S Ridgeley Drive Dr Los Angeles 90036,,,,
613712,1190459,,5089005010.0,,744.0,,,South,,,Ridgeley,Drive,,,,,,,,,,,,,90036.0,,Los Angeles,Los Angeles,,,,,LA City,{A0FE0F9C-1510-4D83-8713-74E76EBCFDF8},0,,A0FE0F9C-1510-4D83-8713-74E76EBCFDF8,Unknown,,S,,,Dr,S Ridgeley Dr,2024/05/12 21:05:27+00,744 S Ridgeley Dr Los Angeles 90036,A0FE0F9C-1510-4D83-8713-74E76EBCFDF8_744_S_Ridgeley_Dr_Los_Angeles_90036,Ridgeley,744 S Ridgeley Drive Dr Los Angeles 90036,,,,
613713,1190460,,5089005010.0,,748.0,1/4,,South,,,Ridgeley,Drive,,,,,,,,,,,,,90036.0,,Los Angeles,Los Angeles,,,,,LA City,{330387DE-A772-44B8-884E-F2C12810AB50},0,,330387DE-A772-44B8-884E-F2C12810AB50,Unknown,,S,,,Dr,S Ridgeley Dr,2024/05/12 21:05:27+00,748 1/4 S Ridgeley Dr Los Angeles 90036,330387DE-A772-44B8-884E-F2C12810AB50_748_1/4_S_Ridgeley_Dr_Los_Angeles_90036,Ridgeley,748 1/4 S Ridgeley Drive Dr Los Angeles 90036,,,,
613714,1190461,,5089005010.0,,748.0,,,South,,,Ridgeley,Drive,,,,,,,,,,,,,90036.0,,Los Angeles,Los Angeles,,,,,LA City,{C96F2645-2F89-4B83-8BC8-4B0178A61B4E},0,,C96F2645-2F89-4B83-8BC8-4B0178A61B4E,Unknown,,S,,,Dr,S Ridgeley Dr,2024/05/12 21:05:27+00,748 S Ridgeley Dr Los Angeles 90036,C96F2645-2F89-4B83-8BC8-4B0178A61B4E_748_S_Ridgeley_Dr_Los_Angeles_90036,Ridgeley,748 S Ridgeley Drive Dr Los Angeles 90036,,,,
613715,1190462,,5089005010.0,,748.0,1/2,,South,,,Ridgeley,Drive,,,,,,,,,,,,,90036.0,,Los Angeles,Los Angeles,,,,,LA City,{FDC78AF6-A17F-44F2-8718-DE1F090903AA},0,,FDC78AF6-A17F-44F2-8718-DE1F090903AA,Unknown,,S,,,Dr,S Ridgeley Dr,2024/05/12 21:05:27+00,748 1/2 S Ridgeley Dr Los Angeles 90036,FDC78AF6-A17F-44F2-8718-DE1F090903AA_748_1/2_S_Ridgeley_Dr_Los_Angeles_90036,Ridgeley,748 1/2 S Ridgeley Drive Dr Los Angeles 90036,,,,
613716,1190463,,5089005011.0,,740.0,,,South,,,Ridgeley,Drive,,,,,,,,,,,,,90036.0,,Los Angeles,Los Angeles,,,,,LA City,{ED723AC2-567C-435C-8872-22AFD79EA26E},0,,ED723AC2-567C-435C-8872-22AFD79EA26E,Unknown,,S,,,Dr,S Ridgeley Dr,2023/09/12 23:03:18+00,740 S Ridgeley Dr Los Angeles 90036,ED723AC2-567C-435C-8872-22AFD79EA26E_740_S_Ridgeley_Dr_Los_Angeles_90036,Ridgeley,740 S Ridgeley Drive Dr Los Angeles 90036,,,,
613717,1190464,,5089005011.0,,742.0,,,South,,,Ridgeley,Drive,,,,,,,,,,,,,90036.0,,Los Angeles,Los Angeles,,,,,LA City,{945610DE-B0D8-4705-8078-92C8F27DF94A},0,,945610DE-B0D8-4705-8078-92C8F27DF94A,Unknown,,S,,,Dr,S Ridgeley Dr,2023/09/12 23:03:18+00,742 S Ridgeley Dr Los Angeles 90036,945610DE-B0D8-4705-8078-92C8F27DF94A_742_S_Ridgeley_Dr_Los_Angeles_90036,Ridgeley,742 S Ridgeley Drive Dr Los Angeles 90036,,,,
613718,1190465,,5089005015.0,,730.0,,,South,,,Ridgeley,Drive,,,,,,,,,,,,,90036.0,,Los Angeles,Los Angeles,,,,,LA City,{CBDF039C-F7AF-4011-8D8A-058A94332538},0,,CBDF039C-F7AF-4011-8D8A-058A94332538,Unknown,,S,,,Dr,S Ridgeley Dr,2023/09/12 23:03:18+00,730 S Ridgeley Dr Los Angeles 90036,CBDF039C-F7AF-4011-8D8A-058A94332538_730_S_Ridgeley_Dr_Los_Angeles_90036,Ridgeley,730 S Ridgeley Drive Dr Los Angeles 90036,,,,
613719,1190466,,5089005015.0,,5550.0,,,West,,,Wilshire,Boulevard,,,,,,,,,,,,1-163,90036.0,,Los Angeles,Los Angeles,,,,,LA City,{5EF751DC-2F72-4D7D-82B6-16D295F95B3B},0,,5EF751DC-2F72-4D7D-82B6-16D295F95B3B,Unknown,,W,,,Blvd,W Wilshire Blvd,2023/09/12 23:03:18+00,5550 W Wilshire Blvd 1-163 Los Angeles 90036,5EF751DC-2F72-4D7D-82B6-16D295F95B3B_5550_W_Wilshire_Blvd_1-163_Los_Angeles_90036,Wilshire,5550 W Wilshire Boulevard Blvd 1-163 Los Angeles 90036,,,,
613720,1190467,,5089006017.0,,5600.0,,,West,,,Wilshire,Boulevard,,,,,,,,,,,,,90036.0,,Los Angeles,Los Angeles,,,,,LA City,{A8B67BB6-A6E1-4DAA-8162-E9C26BFFE380},0,,A8B67BB6-A6E1-4DAA-8162-E9C26BFFE380,Unknown,,W,,,Blvd,W Wilshire Blvd,2023/09/12 23:03:18+00,5600 W Wilshire Blvd Los Angeles 90036,A8B67BB6-A6E1-4DAA-8162-E9C26BFFE380_5600_W_Wilshire_Blvd_Los_Angeles_90036,Wilshire,5600 W Wilshire Boulevard Blvd Los Angeles 90036,,,,
613721,1190468,,5089007021.0,,745.0,,,South,,,Hauser,Boulevard,,,,,,,,,,,,,90036.0,,Los Angeles,Los Angeles,,,,,LA City,{BE7DC851-900C-4DCA-B029-6C572092658C},0,,BE7DC851-900C-4DCA-B029-6C572092658C,Unknown,,S,,,Blvd,S Hauser Blvd,2023/09/12 23:03:18+00,745 S Hauser Blvd Los Angeles 90036,BE7DC851-900C-4DCA-B029-6C572092658C_745_S_Hauser_Blvd_Los_Angeles_90036,Hauser,745 S Hauser Boulevard Blvd Los Angeles 90036,,,,
613722,1190469,,5089007021.0,,733.0,,,South,,,Hauser,Boulevard,,,,,,,,,,,,,90036.0,,Los Angeles,Los Angeles,,,,,LA City,{6840C99A-367A-4D9A-AF8D-B6F1A4F30CE6},0,,6840C99A-367A-4D9A-AF8D-B6F1A4F30CE6,Unknown,,S,,,Blvd,S Hauser Blvd,2023/09/12 23:03:18+00,733 S Hauser Blvd Los Angeles 90036,6840C99A-367A-4D9A-AF8D-B6F1A4F30CE6_733_S_Hauser_Blvd_Los_Angeles_90036,Hauser,733 S Hauser Boulevard Blvd Los Angeles 90036,,,,
613723,1190470,,5089007021.0,,5650.0,,,West,,,Wilshire,Boulevard,,,,,,,,,,,,,90036.0,,Los Angeles,Los Angeles,,,,,LA City,{715BD5F9-CF1D-4653-BDAA-3E426517F5E4},0,,715BD5F9-CF1D-4653-BDAA-3E426517F5E4,Unknown,,W,,,Blvd,W Wilshire Blvd,2023/09/12 23:03:18+00,5650 W Wilshire Blvd Los Angeles 90036,715BD5F9-CF1D-4653-BDAA-3E426517F5E4_5650_W_Wilshire_Blvd_Los_Angeles_90036,Wilshire,5650 W Wilshire Boulevard Blvd Los Angeles 90036,,,,
613724,1190471,,5089007021.0,,5664.0,,,West,,,Wilshire,Boulevard,,,,,,,,,,,,,90036.0,,Los Angeles,Los Angeles,,,,,LA City,{B198554A-90E6-418E-A2AA-1288F9F87175},0,,B198554A-90E6-418E-A2AA-1288F9F87175,Unknown,,W,,,Blvd,W Wilshire Blvd,2023/09/12 23:03:18+00,5664 W Wilshire Blvd Los Angeles 90036,B198554A-90E6-418E-A2AA-1288F9F87175_5664_W_Wilshire_Blvd_Los_Angeles_90036,Wilshire,5664 W Wilshire Boulevard Blvd Los Angeles 90036,,,,
613725,1190472,,5089007021.0,,724.0,,,South,,,Masselin,Avenue,,,,,,,,,,,,,90036.0,,Los Angeles,Los Angeles,,,,,LA City,{3DEB17BD-A597-4C4A-A0F9-F544D4429DE8},0,,3DEB17BD-A597-4C4A-A0F9-F544D4429DE8,Unknown,,S,,,Ave,S Masselin Ave,2023/09/12 23:03:18+00,724 S Masselin Ave Los Angeles 90036,3DEB17BD-A597-4C4A-A0F9-F544D4429DE8_724_S_Masselin_Ave_Los_Angeles_90036,Masselin,724 S Masselin Avenue Ave Los Angeles 90036,,,,
613726,1190473,,5089007021.0,,734.0,,,South,,,Masselin,Avenue,,,,,,,,,,,,,90036.0,,Los Angeles,Los Angeles,,,,,LA City,{B45B5526-CA2A-451F-A94A-83255A9B6E36},0,,B45B5526-CA2A-451F-A94A-83255A9B6E36,Unknown,,S,,,Ave,S Masselin Ave,2023/09/12 23:03:18+00,734 S Masselin Ave Los Angeles 90036,B45B5526-CA2A-451F-A94A-83255A9B6E36_734_S_Masselin_Ave_Los_Angeles_90036,Masselin,734 S Masselin Avenue Ave Los Angeles 90036,,,,
613727,1190474,,5089007021.0,,5662.0,,,West,,,Wilshire,Boulevard,,,,,,,,,,,,,90036.0,,Los Angeles,Los Angeles,,,,,LA City,{7837F820-FD6D-49CA-AF5F-9E6A5E6002ED},0,,7837F820-FD6D-49CA-AF5F-9E6A5E6002ED,Unknown,,W,,,Blvd,W Wilshire Blvd,2023/09/12 23:03:18+00,5662 W Wilshire Blvd Los Angeles 90036,7837F820-FD6D-49CA-AF5F-9E6A5E6002ED_5662_W_Wilshire_Blvd_Los_Angeles_90036,Wilshire,5662 W Wilshire Boulevard Blvd Los Angeles 90036,,,,
613728,1190475,,5089007025.0,,749.0,,,South,,,Hauser,Boulevard,,,,,,,,,,,,,90036.0,,Los Angeles,Los Angeles,,,,,LA City,{99114FC7-0A9C-461A-8ACD-90EBC124D33B},0,,99114FC7-0A9C-461A-8ACD-90EBC124D33B,Unknown,,S,,,Blvd,S Hauser Blvd,2023/09/12 23:03:18+00,749 S Hauser Blvd Los Angeles 90036,99114FC7-0A9C-461A-8ACD-90EBC124D33B_749_S_Hauser_Blvd_Los_Angeles_90036,Hauser,749 S Hauser Boulevard Blvd Los Angeles 90036,,,,
613729,1190476,,5089007025.0,,5659.0,,,West,,,8Th,Street,,,,,,,,,,,,1-60,90036.0,,Los Angeles,Los Angeles,,,,,LA City,{5B5A39E8-FAC0-4FB5-8FB5-1EE47028F33D},0,,5B5A39E8-FAC0-4FB5-8FB5-1EE47028F33D,Unknown,,W,,,St,W 8Th St,2023/09/12 23:03:18+00,5659 W 8Th St 1-60 Los Angeles 90036,5B5A39E8-FAC0-4FB5-8FB5-1EE47028F33D_5659_W_8Th_St_1-60_Los_Angeles_90036,8Th,5659 W 8Th Street St 1-60 Los Angeles 90036,,,,
613730,1190477,,5089008031.0,,5771.0,,,West,,,8Th,Street,,,,,,,,,,,,,90036.0,,Los Angeles,Los Angeles,,,,,LA City,{05F2D5D4-1627-4C82-B075-374440ABBCF4},0,,05F2D5D4-1627-4C82-B075-374440ABBCF4,Unknown,,W,,,St,W 8Th St,2023/09/12 23:03:18+00,5771 W 8Th St Los Angeles 90036,05F2D5D4-1627-4C82-B075-374440ABBCF4_5771_W_8Th_St_Los_Angeles_90036,8Th,5771 W 8Th Street St Los Angeles 90036,,,,
613731,1190478,,5089008031.0,,755.0,,,South,,,Masselin,Avenue,,,,,,,,,,,,,90036.0,,Los Angeles,Los Angeles,,,,,LA City,{D9CA0BEF-3639-491F-AAB9-69A3F7B74189},0,,D9CA0BEF-3639-491F-AAB9-69A3F7B74189,Unknown,,S,,,Ave,S Masselin Ave,2023/09/12 23:03:18+00,755 S Masselin Ave Los Angeles 90036,D9CA0BEF-3639-491F-AAB9-69A3F7B74189_755_S_Masselin_Ave_Los_Angeles_90036,Masselin,755 S Masselin Avenue Ave Los Angeles 90036,,,,
613732,1190479,,5089008031.0,,5726.0,,,West,,,Wilshire,Boulevard,,,,,,,,,,,,,90036.0,,Los Angeles,Los Angeles,,,,,LA City,{D5F57B93-DB14-4081-AD7B-CB8F6077C6ED},0,,D5F57B93-DB14-4081-AD7B-CB8F6077C6ED,Unknown,,W,,,Blvd,W Wilshire Blvd,2023/09/12 23:03:18+00,5726 W Wilshire Blvd Los Angeles 90036,D5F57B93-DB14-4081-AD7B-CB8F6077C6ED_5726_W_Wilshire_Blvd_Los_Angeles_90036,Wilshire,5726 W Wilshire Boulevard Blvd Los Angeles 90036,,,,
613733,1190480,,5089008031.0,,5724.0,,,West,,,Wilshire,Boulevard,,,,,,,,,,,,,90036.0,,Los Angeles,Los Angeles,,,,,LA City,{8A5550F2-9493-4C79-83FD-AE6322E96660},0,,8A5550F2-9493-4C79-83FD-AE6322E96660,Unknown,,W,,,Blvd,W Wilshire Blvd,2023/09/12 23:03:18+00,5724 W Wilshire Blvd Los Angeles 90036,8A5550F2-9493-4C79-83FD-AE6322E96660_5724_W_Wilshire_Blvd_Los_Angeles_90036,Wilshire,5724 W Wilshire Boulevard Blvd Los Angeles 90036,,,,
613734,1190481,,5089008031.0,,5720.0,,,West,,,Wilshire,Boulevard,,,,,,,,,,,,,90036.0,,Los Angeles,Los Angeles,,,,,LA City,{32AB64E6-E92A-4939-9538-D42F646BF2C5},0,,32AB64E6-E92A-4939-9538-D42F646BF2C5,Unknown,,W,,,Blvd,W Wilshire Blvd,2023/09/12 23:03:18+00,5720 W Wilshire Blvd Los Angeles 90036,32AB64E6-E92A-4939-9538-D42F646BF2C5_5720_W_Wilshire_Blvd_Los_Angeles_90036,Wilshire,5720 W Wilshire Boulevard Blvd Los Angeles 90036,,,,
613735,1190482,,5089008031.0,,5718.0,,,West,,,Wilshire,Boulevard,,,,,,,,,,,,,90036.0,,Los Angeles,Los Angeles,,,,,LA City,{FD878172-6015-472B-9338-6C544C5B92CA},0,,FD878172-6015-472B-9338-6C544C5B92CA,Unknown,,W,,,Blvd,W Wilshire Blvd,2023/09/12 23:03:18+00,5718 W Wilshire Blvd Los Angeles 90036,FD878172-6015-472B-9338-6C544C5B92CA_5718_W_Wilshire_Blvd_Los_Angeles_90036,Wilshire,5718 W Wilshire Boulevard Blvd Los Angeles 90036,,,,
613736,1190483,,5089008031.0,,5776.0,,,West,,,Wilshire,Boulevard,,,,,,,,,,,,,90036.0,,Los Angeles,Los Angeles,,,,,LA City,{7A1109D7-96B2-4FD9-B588-3AB79B39DE85},0,,7A1109D7-96B2-4FD9-B588-3AB79B39DE85,Unknown,,W,,,Blvd,W Wilshire Blvd,2023/09/12 23:03:18+00,5776 W Wilshire Blvd Los Angeles 90036,7A1109D7-96B2-4FD9-B588-3AB79B39DE85_5776_W_Wilshire_Blvd_Los_Angeles_90036,Wilshire,5776 W Wilshire Boulevard Blvd Los Angeles 90036,,,,
613737,1190484,,5089008031.0,,730.0,,,South,,,Curson,Avenue,,,,,,,,,,,,,90036.0,,Los Angeles,Los Angeles,,,,,LA City,{C14553ED-D459-4946-9F10-2B7107D25EBD},0,,C14553ED-D459-4946-9F10-2B7107D25EBD,Unknown,,S,,,Ave,S Curson Ave,2023/09/12 23:03:18+00,730 S Curson Ave Los Angeles 90036,C14553ED-D459-4946-9F10-2B7107D25EBD_730_S_Curson_Ave_Los_Angeles_90036,Curson,730 S Curson Avenue Ave Los Angeles 90036,,,,
613738,1190485,,5089008031.0,,5728.0,,,West,,,Wilshire,Boulevard,,,,,,,,,,,,,90036.0,,Los Angeles,Los Angeles,,,,,LA City,{32727C95-691B-49EE-9611-E5704CDEF368},0,,32727C95-691B-49EE-9611-E5704CDEF368,Unknown,,W,,,Blvd,W Wilshire Blvd,2023/09/12 23:03:18+00,5728 W Wilshire Blvd Los Angeles 90036,32727C95-691B-49EE-9611-E5704CDEF368_5728_W_Wilshire_Blvd_Los_Angeles_90036,Wilshire,5728 W Wilshire Boulevard Blvd Los Angeles 90036,,,,
613739,1190486,,5089008031.0,,727.0,,,South,,,Masselin,Avenue,,,,,,,,,,,,,90036.0,,Los Angeles,Los Angeles,,,,,LA City,{B50722EC-EDE6-432D-A348-208A0A782A0F},0,,B50722EC-EDE6-432D-A348-208A0A782A0F,Unknown,,S,,,Ave,S Masselin Ave,2023/09/12 23:03:18+00,727 S Masselin Ave Los Angeles 90036,B50722EC-EDE6-432D-A348-208A0A782A0F_727_S_Masselin_Ave_Los_Angeles_90036,Masselin,727 S Masselin Avenue Ave Los Angeles 90036,,,,
613740,1190487,,5089008031.0,,5780.0,,,West,,,Wilshire,Boulevard,,,,,,,,,,,,,90036.0,,Los Angeles,Los Angeles,,,,,LA City,{48D1FC5C-2F7C-44F1-A740-49F5BCB12252},0,,48D1FC5C-2F7C-44F1-A740-49F5BCB12252,Unknown,,W,,,Blvd,W Wilshire Blvd,2023/09/12 23:03:18+00,5780 W Wilshire Blvd Los Angeles 90036,48D1FC5C-2F7C-44F1-A740-49F5BCB12252_5780_W_Wilshire_Blvd_Los_Angeles_90036,Wilshire,5780 W Wilshire Boulevard Blvd Los Angeles 90036,,,,
613741,1190488,,5089008031.0,,742.0,,,South,,,Curson,Avenue,,,,,,,,,,,,,90036.0,,Los Angeles,Los Angeles,,,,,LA City,{DA543E4A-9995-4FDD-B512-1F503AAB40DB},0,,DA543E4A-9995-4FDD-B512-1F503AAB40DB,Unknown,,S,,,Ave,S Curson Ave,2023/09/12 23:03:18+00,742 S Curson Ave Los Angeles 90036,DA543E4A-9995-4FDD-B512-1F503AAB40DB_742_S_Curson_Ave_Los_Angeles_90036,Curson,742 S Curson Avenue Ave Los Angeles 90036,,,,
613742,1190489,,5089008031.0,,5769.0,,,West,,,8Th,Street,,,,,,,,,,,,,90036.0,,Los Angeles,Los Angeles,,,,,LA City,{E4A25846-E379-4C41-98A5-986504B4E7EF},0,,E4A25846-E379-4C41-98A5-986504B4E7EF,Unknown,,W,,,St,W 8Th St,2023/09/12 23:03:18+00,5769 W 8Th St Los Angeles 90036,E4A25846-E379-4C41-98A5-986504B4E7EF_5769_W_8Th_St_Los_Angeles_90036,8Th,5769 W 8Th Street St Los Angeles 90036,,,,
613743,1190490,,5089008031.0,,751.0,,,South,,,Masselin,Avenue,,,,,,,,,,,,,90036.0,,Los Angeles,Los Angeles,,,,,LA City,{D3A75E89-DCCC-4694-821D-EF656DDF3F36},0,,D3A75E89-DCCC-4694-821D-EF656DDF3F36,Unknown,,S,,,Ave,S Masselin Ave,2023/09/12 23:03:18+00,751 S Masselin Ave Los Angeles 90036,D3A75E89-DCCC-4694-821D-EF656DDF3F36_751_S_Masselin_Ave_Los_Angeles_90036,Masselin,751 S Masselin Avenue Ave Los Angeles 90036,,,,
613744,1190491,,5089008031.0,,761.0,,,South,,,Masselin,Avenue,,,,,,,,,,,,,90036.0,,Los Angeles,Los Angeles,,,,,LA City,{A8F1943E-3608-4621-B790-BF0CB6BE9857},0,,A8F1943E-3608-4621-B790-BF0CB6BE9857,Unknown,,S,,,Ave,S Masselin Ave,2023/09/12 23:03:18+00,761 S Masselin Ave Los Angeles 90036,A8F1943E-3608-4621-B790-BF0CB6BE9857_761_S_Masselin_Ave_Los_Angeles_90036,Masselin,761 S Masselin Avenue Ave Los Angeles 90036,,,,
613745,1190492,,5089008031.0,,738.0,,,South,,,Curson,Avenue,,,,,,,,,,,,,90036.0,,Los Angeles,Los Angeles,,,,,LA City,{21AAE91E-03DF-4BF0-A848-462187E703A0},0,,21AAE91E-03DF-4BF0-A848-462187E703A0,Unknown,,S,,,Ave,S Curson Ave,2023/09/12 23:03:18+00,738 S Curson Ave Los Angeles 90036,21AAE91E-03DF-4BF0-A848-462187E703A0_738_S_Curson_Ave_Los_Angeles_90036,Curson,738 S Curson Avenue Ave Los Angeles 90036,,,,
613746,1190493,,5089008031.0,,5723.0,,,West,,,8Th,Street,,,,,,,,,,,,,90036.0,,Los Angeles,Los Angeles,,,,,LA City,{DE64DFE0-DB25-4AFA-87D6-434E2C46FDFA},0,,DE64DFE0-DB25-4AFA-87D6-434E2C46FDFA,Unknown,,W,,,St,W 8Th St,2023/09/12 23:03:18+00,5723 W 8Th St Los Angeles 90036,DE64DFE0-DB25-4AFA-87D6-434E2C46FDFA_5723_W_8Th_St_Los_Angeles_90036,8Th,5723 W 8Th Street St Los Angeles 90036,,,,
613747,1190494,,5089008031.0,,747.0,,,South,,,Masselin,Avenue,,,,,,,,,,,,,90036.0,,Los Angeles,Los Angeles,,,,,LA City,{F6DAF4A2-B8C1-438D-902F-FCCAB8DF7A90},0,,F6DAF4A2-B8C1-438D-902F-FCCAB8DF7A90,Unknown,,S,,,Ave,S Masselin Ave,2023/09/12 23:03:18+00,747 S Masselin Ave Los Angeles 90036,F6DAF4A2-B8C1-438D-902F-FCCAB8DF7A90_747_S_Masselin_Ave_Los_Angeles_90036,Masselin,747 S Masselin Avenue Ave Los Angeles 90036,,,,
613748,1190495,,5089008031.0,,5721.0,,,West,,,8Th,Street,,,,,,,,,,,,,90036.0,,Los Angeles,Los Angeles,,,,,LA City,{EBEDD1F8-BDAD-4DB0-AFC5-8E508197B106},0,,EBEDD1F8-BDAD-4DB0-AFC5-8E508197B106,Unknown,,W,,,St,W 8Th St,2023/09/12 23:03:18+00,5721 W 8Th St Los Angeles 90036,EBEDD1F8-BDAD-4DB0-AFC5-8E508197B106_5721_W_8Th_St_Los_Angeles_90036,8Th,5721 W 8Th Street St Los Angeles 90036,,,,
613749,1190496,,5089008031.0,,5767.0,,,West,,,8Th,Street,,,,,,,,,,,,,90036.0,,Los Angeles,Los Angeles,,,,,LA City,{A1CC21D3-29CE-4291-BF1D-3F22E05222C2},0,,A1CC21D3-29CE-4291-BF1D-3F22E05222C2,Unknown,,W,,,St,W 8Th St,2023/09/12 23:03:18+00,5767 W 8Th St Los Angeles 90036,A1CC21D3-29CE-4291-BF1D-3F22E05222C2_5767_W_8Th_St_Los_Angeles_90036,8Th,5767 W 8Th Street St Los Angeles 90036,,,,
613750,1190497,,5089008031.0,,736.0,,,South,,,Curson,Avenue,,,,,,,,,,,,,90036.0,,Los Angeles,Los Angeles,,,,,LA City,{1E61D790-8E8E-4D7F-8DA3-9A48BC805CD0},0,,1E61D790-8E8E-4D7F-8DA3-9A48BC805CD0,Unknown,,S,,,Ave,S Curson Ave,2023/09/12 23:03:18+00,736 S Curson Ave Los Angeles 90036,1E61D790-8E8E-4D7F-8DA3-9A48BC805CD0_736_S_Curson_Ave_Los_Angeles_90036,Curson,736 S Curson Avenue Ave Los Angeles 90036,,,,
613751,1190498,,5089008031.0,,734.0,,,South,,,Curson,Avenue,,,,,,,,,,,,,90036.0,,Los Angeles,Los Angeles,,,,,LA City,{DFA62777-BB16-4E4B-B666-2C9CB2E79E96},0,,DFA62777-BB16-4E4B-B666-2C9CB2E79E96,Unknown,,S,,,Ave,S Curson Ave,2023/09/12 23:03:18+00,734 S Curson Ave Los Angeles 90036,DFA62777-BB16-4E4B-B666-2C9CB2E79E96_734_S_Curson_Ave_Los_Angeles_90036,Curson,734 S Curson Avenue Ave Los Angeles 90036,,,,
613752,1190499,,5089008031.0,,743.0,,,South,,,Masselin,Avenue,,,,,,,,,,,,,90036.0,,Los Angeles,Los Angeles,,,,,LA City,{F6B26C80-3DE4-4D25-847F-4C621B7760D2},0,,F6B26C80-3DE4-4D25-847F-4C621B7760D2,Unknown,,S,,,Ave,S Masselin Ave,2023/09/12 23:03:18+00,743 S Masselin Ave Los Angeles 90036,F6B26C80-3DE4-4D25-847F-4C621B7760D2_743_S_Masselin_Ave_Los_Angeles_90036,Masselin,743 S Masselin Avenue Ave Los Angeles 90036,,,,
613753,1190500,,5089008031.0,,5722.0,,,West,,,Wilshire,Boulevard,,,,,,,,,,,,,90036.0,,Los Angeles,Los Angeles,,,,,LA City,{C3527F52-CCDC-4126-8364-B89E4D4947B8},0,,C3527F52-CCDC-4126-8364-B89E4D4947B8,Unknown,,W,,,Blvd,W Wilshire Blvd,2023/09/12 23:03:18+00,5722 W Wilshire Blvd Los Angeles 90036,C3527F52-CCDC-4126-8364-B89E4D4947B8_5722_W_Wilshire_Blvd_Los_Angeles_90036,Wilshire,5722 W Wilshire Boulevard Blvd Los Angeles 90036,,,,
613754,1190501,,5089008031.0,,5730.0,,,West,,,Wilshire,Boulevard,,,,,,,,,,,,,90036.0,,Los Angeles,Los Angeles,,,,,LA City,{C484E4C5-8C7B-43C3-A738-6873111E10B1},0,,C484E4C5-8C7B-43C3-A738-6873111E10B1,Unknown,,W,,,Blvd,W Wilshire Blvd,2023/09/12 23:03:18+00,5730 W Wilshire Blvd Los Angeles 90036,C484E4C5-8C7B-43C3-A738-6873111E10B1_5730_W_Wilshire_Blvd_Los_Angeles_90036,Wilshire,5730 W Wilshire Boulevard Blvd Los Angeles 90036,,,,
613755,1190502,,5089008031.0,,718.0,,,South,,,Curson,Avenue,,,,,,,,,,,,,90036.0,,Los Angeles,Los Angeles,,,,,LA City,{8043A724-AD2D-4245-8DAC-095B1427D70C},0,,8043A724-AD2D-4245-8DAC-095B1427D70C,Unknown,,S,,,Ave,S Curson Ave,2023/09/12 23:03:18+00,718 S Curson Ave Los Angeles 90036,8043A724-AD2D-4245-8DAC-095B1427D70C_718_S_Curson_Ave_Los_Angeles_90036,Curson,718 S Curson Avenue Ave Los Angeles 90036,,,,
613756,1190503,,5089008031.0,,737.0,,,South,,,Masselin,Avenue,,,,,,,,,,,,,90036.0,,Los Angeles,Los Angeles,,,,,LA City,{0ADBC154-79F0-4464-81D5-8E9CE1E7AA77},0,,0ADBC154-79F0-4464-81D5-8E9CE1E7AA77,Unknown,,S,,,Ave,S Masselin Ave,2023/09/12 23:03:18+00,737 S Masselin Ave Los Angeles 90036,0ADBC154-79F0-4464-81D5-8E9CE1E7AA77_737_S_Masselin_Ave_Los_Angeles_90036,Masselin,737 S Masselin Avenue Ave Los Angeles 90036,,,,
613757,1190504,,5089008031.0,,731.0,,,South,,,Masselin,Avenue,,,,,,,,,,,,,90036.0,,Los Angeles,Los Angeles,,,,,LA City,{D32E3D09-2CEB-44A0-8A58-D7E12AB4E00C},0,,D32E3D09-2CEB-44A0-8A58-D7E12AB4E00C,Unknown,,S,,,Ave,S Masselin Ave,2023/09/12 23:03:18+00,731 S Masselin Ave Los Angeles 90036,D32E3D09-2CEB-44A0-8A58-D7E12AB4E00C_731_S_Masselin_Ave_Los_Angeles_90036,Masselin,731 S Masselin Avenue Ave Los Angeles 90036,,,,
613758,1190505,,5089008031.0,,5773.0,,,West,,,8Th,Street,,,,,,,,,,,,,90036.0,,Los Angeles,Los Angeles,,,,,LA City,{B79A98C2-0F33-4540-A9B7-945598F7D2CE},0,,B79A98C2-0F33-4540-A9B7-945598F7D2CE,Unknown,,W,,,St,W 8Th St,2023/09/12 23:03:18+00,5773 W 8Th St Los Angeles 90036,B79A98C2-0F33-4540-A9B7-945598F7D2CE_5773_W_8Th_St_Los_Angeles_90036,8Th,5773 W 8Th Street St Los Angeles 90036,,,,
613759,1190506,,5089008031.0,,5700.0,,,West,,,Wilshire,Boulevard,,,,,,,,,,,,,90036.0,,Los Angeles,Los Angeles,,,,,LA City,{43AE437E-CC62-490A-B51D-ED7023F825D1},0,,43AE437E-CC62-490A-B51D-ED7023F825D1,Unknown,,W,,,Blvd,W Wilshire Blvd,2023/09/12 23:03:18+00,5700 W Wilshire Blvd Los Angeles 90036,43AE437E-CC62-490A-B51D-ED7023F825D1_5700_W_Wilshire_Blvd_Los_Angeles_90036,Wilshire,5700 W Wilshire Boulevard Blvd Los Angeles 90036,,,,
613760,1190507,,5089008031.0,,712.0,,,South,,,Curson,Avenue,,,,,,,,,,,,,90036.0,,Los Angeles,Los Angeles,,,,,LA City,{DC882EAC-2580-40BD-A11F-159D60357D10},0,,DC882EAC-2580-40BD-A11F-159D60357D10,Unknown,,S,,,Ave,S Curson Ave,2023/09/12 23:03:18+00,712 S Curson Ave Los Angeles 90036,DC882EAC-2580-40BD-A11F-159D60357D10_712_S_Curson_Ave_Los_Angeles_90036,Curson,712 S Curson Avenue Ave Los Angeles 90036,,,,
613761,1190508,,5089008031.0,,726.0,1/2,,South,,,Curson,Avenue,,,,,,,,,,,,,90036.0,,Los Angeles,Los Angeles,,,,,LA City,{D001D42D-8F8F-4F1B-8AFB-096D049E4283},0,,D001D42D-8F8F-4F1B-8AFB-096D049E4283,Unknown,,S,,,Ave,S Curson Ave,2024/05/12 21:05:27+00,726 1/2 S Curson Ave Los Angeles 90036,D001D42D-8F8F-4F1B-8AFB-096D049E4283_726_1/2_S_Curson_Ave_Los_Angeles_90036,Curson,726 1/2 S Curson Avenue Ave Los Angeles 90036,,,,
613762,1190509,,5089008031.0,,746.0,1/2,,South,,,Curson,Avenue,,,,,,,,,,,,,90036.0,,Los Angeles,Los Angeles,,,,,LA City,{EFC1AD58-EAF6-4202-BF1A-D3FC17644B06},0,,EFC1AD58-EAF6-4202-BF1A-D3FC17644B06,Unknown,,S,,,Ave,S Curson Ave,2024/05/12 21:05:27+00,746 1/2 S Curson Ave Los Angeles 90036,EFC1AD58-EAF6-4202-BF1A-D3FC17644B06_746_1/2_S_Curson_Ave_Los_Angeles_90036,Curson,746 1/2 S Curson Avenue Ave Los Angeles 90036,,,,
613763,1190510,,5089008031.0,,728.0,,,South,,,Curson,Avenue,,,,,,,,,,,,,90036.0,,Los Angeles,Los Angeles,,,,,LA City,{82194B98-C394-4E07-8DD0-70A97DB9E85F},0,,82194B98-C394-4E07-8DD0-70A97DB9E85F,Unknown,,S,,,Ave,S Curson Ave,2024/05/12 21:05:27+00,728 S Curson Ave Los Angeles 90036,82194B98-C394-4E07-8DD0-70A97DB9E85F_728_S_Curson_Ave_Los_Angeles_90036,Curson,728 S Curson Avenue Ave Los Angeles 90036,,,,
613764,1190511,,5089008031.0,,746.0,,,South,,,Curson,Avenue,,,,,,,,,,,,,90036.0,,Los Angeles,Los Angeles,,,,,LA City,{BB9F4116-4A56-4E47-BED8-FCDB594456C9},0,,BB9F4116-4A56-4E47-BED8-FCDB594456C9,Unknown,,S,,,Ave,S Curson Ave,2024/05/12 21:05:27+00,746 S Curson Ave Los Angeles 90036,BB9F4116-4A56-4E47-BED8-FCDB594456C9_746_S_Curson_Ave_Los_Angeles_90036,Curson,746 S Curson Avenue Ave Los Angeles 90036,,,,
613765,1190512,,5089008031.0,,748.0,1/2,,South,,,Curson,Avenue,,,,,,,,,,,,,90036.0,,Los Angeles,Los Angeles,,,,,LA City,{B43EA03D-8B00-420E-BB15-E790B589F042},0,,B43EA03D-8B00-420E-BB15-E790B589F042,Unknown,,S,,,Ave,S Curson Ave,2024/05/12 21:05:27+00,748 1/2 S Curson Ave Los Angeles 90036,B43EA03D-8B00-420E-BB15-E790B589F042_748_1/2_S_Curson_Ave_Los_Angeles_90036,Curson,748 1/2 S Curson Avenue Ave Los Angeles 90036,,,,
613766,1190513,,5089008031.0,,724.0,,,South,,,Curson,Avenue,,,,,,,,,,,,,90036.0,,Los Angeles,Los Angeles,,,,,LA City,{43A11491-1102-40D2-8AE0-E0627FDC8D53},0,,43A11491-1102-40D2-8AE0-E0627FDC8D53,Unknown,,S,,,Ave,S Curson Ave,2024/05/12 21:05:27+00,724 S Curson Ave Los Angeles 90036,43A11491-1102-40D2-8AE0-E0627FDC8D53_724_S_Curson_Ave_Los_Angeles_90036,Curson,724 S Curson Avenue Ave Los Angeles 90036,,,,
613767,1190514,,5089008031.0,,728.0,1/2,,South,,,Curson,Avenue,,,,,,,,,,,,,90036.0,,Los Angeles,Los Angeles,,,,,LA City,{7ECD5304-C09E-4605-BFEB-958B226FC7F9},0,,7ECD5304-C09E-4605-BFEB-958B226FC7F9,Unknown,,S,,,Ave,S Curson Ave,2024/05/12 21:05:27+00,728 1/2 S Curson Ave Los Angeles 90036,7ECD5304-C09E-4605-BFEB-958B226FC7F9_728_1/2_S_Curson_Ave_Los_Angeles_90036,Curson,728 1/2 S Curson Avenue Ave Los Angeles 90036,,,,
613768,1190515,,5089008031.0,,722.0,1/2,,South,,,Curson,Avenue,,,,,,,,,,,,,90036.0,,Los Angeles,Los Angeles,,,,,LA City,{46E77727-E967-4E34-8225-951BC2320393},0,,46E77727-E967-4E34-8225-951BC2320393,Unknown,,S,,,Ave,S Curson Ave,2024/05/12 21:05:27+00,722 1/2 S Curson Ave Los Angeles 90036,46E77727-E967-4E34-8225-951BC2320393_722_1/2_S_Curson_Ave_Los_Angeles_90036,Curson,722 1/2 S Curson Avenue Ave Los Angeles 90036,,,,
613769,1190516,,5089008031.0,,732.0,,,South,,,Curson,Avenue,,,,,,,,,,,,,90036.0,,Los Angeles,Los Angeles,,,,,LA City,{0A9C2267-4FAF-4E59-AA4F-1A7D702352C7},0,,0A9C2267-4FAF-4E59-AA4F-1A7D702352C7,Unknown,,S,,,Ave,S Curson Ave,2024/05/12 21:05:27+00,732 S Curson Ave Los Angeles 90036,0A9C2267-4FAF-4E59-AA4F-1A7D702352C7_732_S_Curson_Ave_Los_Angeles_90036,Curson,732 S Curson Avenue Ave Los Angeles 90036,,,,
613770,1190517,,5089008031.0,,748.0,,,South,,,Curson,Avenue,,,,,,,,,,,,,90036.0,,Los Angeles,Los Angeles,,,,,LA City,{E252F3B1-D45B-405A-B491-503C1C2A7AEE},0,,E252F3B1-D45B-405A-B491-503C1C2A7AEE,Unknown,,S,,,Ave,S Curson Ave,2024/05/12 21:05:27+00,748 S Curson Ave Los Angeles 90036,E252F3B1-D45B-405A-B491-503C1C2A7AEE_748_S_Curson_Ave_Los_Angeles_90036,Curson,748 S Curson Avenue Ave Los Angeles 90036,,,,
613771,1190518,,5089008031.0,,720.0,1/2,,South,,,Curson,Avenue,,,,,,,,,,,,,90036.0,,Los Angeles,Los Angeles,,,,,LA City,{779C0899-F8F5-4B91-852A-5A58AF370B01},0,,779C0899-F8F5-4B91-852A-5A58AF370B01,Unknown,,S,,,Ave,S Curson Ave,2024/05/12 21:05:27+00,720 1/2 S Curson Ave Los Angeles 90036,779C0899-F8F5-4B91-852A-5A58AF370B01_720_1/2_S_Curson_Ave_Los_Angeles_90036,Curson,720 1/2 S Curson Avenue Ave Los Angeles 90036,,,,
613772,1190519,,5089008031.0,,724.0,1/2,,South,,,Curson,Avenue,,,,,,,,,,,,,90036.0,,Los Angeles,Los Angeles,,,,,LA City,{780EEC2F-9A35-4405-AA51-23FEF90F8A4E},0,,780EEC2F-9A35-4405-AA51-23FEF90F8A4E,Unknown,,S,,,Ave,S Curson Ave,2024/05/12 21:05:27+00,724 1/2 S Curson Ave Los Angeles 90036,780EEC2F-9A35-4405-AA51-23FEF90F8A4E_724_1/2_S_Curson_Ave_Los_Angeles_90036,Curson,724 1/2 S Curson Avenue Ave Los Angeles 90036,,,,
613773,1190520,,5089008031.0,,744.0,,,South,,,Curson,Avenue,,,,,,,,,,,,,90036.0,,Los Angeles,Los Angeles,,,,,LA City,{CA773B15-6CE6-48BA-9853-9404BB21568C},0,,CA773B15-6CE6-48BA-9853-9404BB21568C,Unknown,,S,,,Ave,S Curson Ave,2024/05/12 21:05:27+00,744 S Curson Ave Los Angeles 90036,CA773B15-6CE6-48BA-9853-9404BB21568C_744_S_Curson_Ave_Los_Angeles_90036,Curson,744 S Curson Avenue Ave Los Angeles 90036,,,,
613774,1190521,,5089008031.0,,740.0,1/2,,South,,,Curson,Avenue,,,,,,,,,,,,,90036.0,,Los Angeles,Los Angeles,,,,,LA City,{FE4FE10B-84F5-44E4-B16E-6FDB0B6C7073},0,,FE4FE10B-84F5-44E4-B16E-6FDB0B6C7073,Unknown,,S,,,Ave,S Curson Ave,2024/05/12 21:05:27+00,740 1/2 S Curson Ave Los Angeles 90036,FE4FE10B-84F5-44E4-B16E-6FDB0B6C7073_740_1/2_S_Curson_Ave_Los_Angeles_90036,Curson,740 1/2 S Curson Avenue Ave Los Angeles 90036,,,,
613775,1190522,,5089008031.0,,720.0,,,South,,,Curson,Avenue,,,,,,,,,,,,,90036.0,,Los Angeles,Los Angeles,,,,,LA City,{284E865B-AE59-47C8-A8CF-421EB6553006},0,,284E865B-AE59-47C8-A8CF-421EB6553006,Unknown,,S,,,Ave,S Curson Ave,2024/05/12 21:05:27+00,720 S Curson Ave Los Angeles 90036,284E865B-AE59-47C8-A8CF-421EB6553006_720_S_Curson_Ave_Los_Angeles_90036,Curson,720 S Curson Avenue Ave Los Angeles 90036,,,,
613776,1190523,,5089008031.0,,732.0,1/2,,South,,,Curson,Avenue,,,,,,,,,,,,,90036.0,,Los Angeles,Los Angeles,,,,,LA City,{4D9E6DDD-2C36-41E6-A793-47D3DEBB6CE5},0,,4D9E6DDD-2C36-41E6-A793-47D3DEBB6CE5,Unknown,,S,,,Ave,S Curson Ave,2024/05/12 21:05:27+00,732 1/2 S Curson Ave Los Angeles 90036,4D9E6DDD-2C36-41E6-A793-47D3DEBB6CE5_732_1/2_S_Curson_Ave_Los_Angeles_90036,Curson,732 1/2 S Curson Avenue Ave Los Angeles 90036,,,,
613777,1190524,,5089008031.0,,722.0,,,South,,,Curson,Avenue,,,,,,,,,,,,,90036.0,,Los Angeles,Los Angeles,,,,,LA City,{639398BB-99AB-4146-B5B0-7F2A0DD8C4E8},0,,639398BB-99AB-4146-B5B0-7F2A0DD8C4E8,Unknown,,S,,,Ave,S Curson Ave,2024/05/12 21:05:27+00,722 S Curson Ave Los Angeles 90036,639398BB-99AB-4146-B5B0-7F2A0DD8C4E8_722_S_Curson_Ave_Los_Angeles_90036,Curson,722 S Curson Avenue Ave Los Angeles 90036,,,,
613778,1190525,,5089008031.0,,726.0,,,South,,,Curson,Avenue,,,,,,,,,,,,,90036.0,,Los Angeles,Los Angeles,,,,,LA City,{E77F692C-7D61-46CA-BCF7-2CBDF9FCD602},0,,E77F692C-7D61-46CA-BCF7-2CBDF9FCD602,Unknown,,S,,,Ave,S Curson Ave,2024/05/12 21:05:27+00,726 S Curson Ave Los Angeles 90036,E77F692C-7D61-46CA-BCF7-2CBDF9FCD602_726_S_Curson_Ave_Los_Angeles_90036,Curson,726 S Curson Avenue Ave Los Angeles 90036,,,,
613779,1190526,,5089008031.0,,744.0,1/2,,South,,,Curson,Avenue,,,,,,,,,,,,,90036.0,,Los Angeles,Los Angeles,,,,,LA City,{3713E14C-649E-498D-AFBD-FF3838C870B4},0,,3713E14C-649E-498D-AFBD-FF3838C870B4,Unknown,,S,,,Ave,S Curson Ave,2024/05/12 21:05:27+00,744 1/2 S Curson Ave Los Angeles 90036,3713E14C-649E-498D-AFBD-FF3838C870B4_744_1/2_S_Curson_Ave_Los_Angeles_90036,Curson,744 1/2 S Curson Avenue Ave Los Angeles 90036,,,,
613780,1190527,,5089008031.0,,740.0,,,South,,,Curson,Avenue,,,,,,,,,,,,,90036.0,,Los Angeles,Los Angeles,,,,,LA City,{9D8A9B63-C454-4FE1-8134-EFCBDAE8C795},0,,9D8A9B63-C454-4FE1-8134-EFCBDAE8C795,Unknown,,S,,,Ave,S Curson Ave,2024/05/12 21:05:27+00,740 S Curson Ave Los Angeles 90036,9D8A9B63-C454-4FE1-8134-EFCBDAE8C795_740_S_Curson_Ave_Los_Angeles_90036,Curson,740 S Curson Avenue Ave Los Angeles 90036,,,,
613781,1190528,,5089008032.0,,5758.0,,,West,,,Wilshire,Boulevard,,,,,,,,,,,,,90036.0,,Los Angeles,Los Angeles,,,,,LA City,{CD73A816-80C3-4ED8-BC1F-4D8C8BE4753B},0,,CD73A816-80C3-4ED8-BC1F-4D8C8BE4753B,Unknown,,W,,,Blvd,W Wilshire Blvd,2023/09/12 23:03:18+00,5758 W Wilshire Blvd Los Angeles 90036,CD73A816-80C3-4ED8-BC1F-4D8C8BE4753B_5758_W_Wilshire_Blvd_Los_Angeles_90036,Wilshire,5758 W Wilshire Boulevard Blvd Los Angeles 90036,,,,
613782,1190529,,5089010001.0,,5828.0,,,West,,,Wilshire,Boulevard,,,,,,,,,,,,,90036.0,,Los Angeles,Los Angeles,,,,,LA City,{0A97F817-EFBD-4D3D-A1F7-2A67B0A19053},0,,0A97F817-EFBD-4D3D-A1F7-2A67B0A19053,Unknown,,W,,,Blvd,W Wilshire Blvd,2023/09/12 23:03:18+00,5828 W Wilshire Blvd Los Angeles 90036,0A97F817-EFBD-4D3D-A1F7-2A67B0A19053_5828_W_Wilshire_Blvd_Los_Angeles_90036,Wilshire,5828 W Wilshire Boulevard Blvd Los Angeles 90036,,,,
613783,1190530,,5089010002.0,,5820.0,,,West,,,Wilshire,Boulevard,,,,,,,,,,,,,90036.0,,Los Angeles,Los Angeles,,,,,LA City,{9C6E9BB7-8268-45E1-B5C6-062825F79623},0,,9C6E9BB7-8268-45E1-B5C6-062825F79623,Unknown,,W,,,Blvd,W Wilshire Blvd,2023/09/12 23:03:18+00,5820 W Wilshire Blvd Los Angeles 90036,9C6E9BB7-8268-45E1-B5C6-062825F79623_5820_W_Wilshire_Blvd_Los_Angeles_90036,Wilshire,5820 W Wilshire Boulevard Blvd Los Angeles 90036,,,,
613784,1190531,,5089010003.0,,5814.0,,,West,,,Wilshire,Boulevard,,,,,,,,,,,,,90036.0,,Los Angeles,Los Angeles,,,,,LA City,{15484379-48DF-4695-925F-6A62FF95D713},0,,15484379-48DF-4695-925F-6A62FF95D713,Unknown,,W,,,Blvd,W Wilshire Blvd,2023/09/12 23:03:18+00,5814 W Wilshire Blvd Los Angeles 90036,15484379-48DF-4695-925F-6A62FF95D713_5814_W_Wilshire_Blvd_Los_Angeles_90036,Wilshire,5814 W Wilshire Boulevard Blvd Los Angeles 90036,,,,
613785,1190532,,5089010003.0,,5816.0,,,West,,,Wilshire,Boulevard,,,,,,,,,,,,,90036.0,,Los Angeles,Los Angeles,,,,,LA City,{64AA8C2C-38DD-4851-A992-17E548D74FE6},0,,64AA8C2C-38DD-4851-A992-17E548D74FE6,Unknown,,W,,,Blvd,W Wilshire Blvd,2023/09/12 23:03:18+00,5816 W Wilshire Blvd Los Angeles 90036,64AA8C2C-38DD-4851-A992-17E548D74FE6_5816_W_Wilshire_Blvd_Los_Angeles_90036,Wilshire,5816 W Wilshire Boulevard Blvd Los Angeles 90036,,,,
613786,1190533,,5089010003.0,,5818.0,,,West,,,Wilshire,Boulevard,,,,,,,,,,,,,90036.0,,Los Angeles,Los Angeles,,,,,LA City,{39402124-F8A4-419B-80FF-DD4F28AD6AB5},0,,39402124-F8A4-419B-80FF-DD4F28AD6AB5,Unknown,,W,,,Blvd,W Wilshire Blvd,2023/09/12 23:03:18+00,5818 W Wilshire Blvd Los Angeles 90036,39402124-F8A4-419B-80FF-DD4F28AD6AB5_5818_W_Wilshire_Blvd_Los_Angeles_90036,Wilshire,5818 W Wilshire Boulevard Blvd Los Angeles 90036,,,,
613787,1190534,,5089010004.0,,5808.0,,,West,,,Wilshire,Boulevard,,,,,,,,,,,,,90036.0,,Los Angeles,Los Angeles,,,,,LA City,{683CA75F-74C8-4AC5-B5EB-A3251F1AB4B8},0,,683CA75F-74C8-4AC5-B5EB-A3251F1AB4B8,Unknown,,W,,,Blvd,W Wilshire Blvd,2023/09/12 23:03:18+00,5808 W Wilshire Blvd Los Angeles 90036,683CA75F-74C8-4AC5-B5EB-A3251F1AB4B8_5808_W_Wilshire_Blvd_Los_Angeles_90036,Wilshire,5808 W Wilshire Boulevard Blvd Los Angeles 90036,,,,
613788,1190535,,5089010004.0,,5806.0,,,West,,,Wilshire,Boulevard,,,,,,,,,,,,,90036.0,,Los Angeles,Los Angeles,,,,,LA City,{F940B1AC-4DFA-4713-A29A-886340DD938F},0,,F940B1AC-4DFA-4713-A29A-886340DD938F,Unknown,,W,,,Blvd,W Wilshire Blvd,2023/09/12 23:03:18+00,5806 W Wilshire Blvd Los Angeles 90036,F940B1AC-4DFA-4713-A29A-886340DD938F_5806_W_Wilshire_Blvd_Los_Angeles_90036,Wilshire,5806 W Wilshire Boulevard Blvd Los Angeles 90036,,,,
613789,1190536,,5089010006.0,,715.0,,,South,,,Curson,Avenue,,,,,,,,,,,,,90036.0,,Los Angeles,Los Angeles,,,,,LA City,{0CEE1C12-1556-48A5-9E1F-512B6B34F8B9},0,,0CEE1C12-1556-48A5-9E1F-512B6B34F8B9,Unknown,,S,,,Ave,S Curson Ave,2023/09/12 23:03:18+00,715 S Curson Ave Los Angeles 90036,0CEE1C12-1556-48A5-9E1F-512B6B34F8B9_715_S_Curson_Ave_Los_Angeles_90036,Curson,715 S Curson Avenue Ave Los Angeles 90036,,,,
613790,1190537,,5089010007.0,,719.0,,,South,,,Curson,Avenue,,,,,,,,,,,,,90036.0,,Los Angeles,Los Angeles,,,,,LA City,{60D52CE6-FF15-42E4-B5AB-767CDBCE32C6},0,,60D52CE6-FF15-42E4-B5AB-767CDBCE32C6,Unknown,,S,,,Ave,S Curson Ave,2023/09/12 23:03:18+00,719 S Curson Ave Los Angeles 90036,60D52CE6-FF15-42E4-B5AB-767CDBCE32C6_719_S_Curson_Ave_Los_Angeles_90036,Curson,719 S Curson Avenue Ave Los Angeles 90036,,,,
613791,1190538,,5089010008.0,,727.0,,,South,,,Curson,Avenue,,,,,,,,,,,,,90036.0,,Los Angeles,Los Angeles,,,,,LA City,{418559CD-171F-47DD-B81E-5B9A808766BC},0,,418559CD-171F-47DD-B81E-5B9A808766BC,Unknown,,S,,,Ave,S Curson Ave,2023/09/12 23:03:18+00,727 S Curson Ave Los Angeles 90036,418559CD-171F-47DD-B81E-5B9A808766BC_727_S_Curson_Ave_Los_Angeles_90036,Curson,727 S Curson Avenue Ave Los Angeles 90036,,,,
613792,1190539,,5089010008.0,,725.0,,,South,,,Curson,Avenue,,,,,,,,,,,,,90036.0,,Los Angeles,Los Angeles,,,,,LA City,{745CDE8F-639C-4D10-9617-B33EC23F760A},0,,745CDE8F-639C-4D10-9617-B33EC23F760A,Unknown,,S,,,Ave,S Curson Ave,2023/09/12 23:03:18+00,725 S Curson Ave Los Angeles 90036,745CDE8F-639C-4D10-9617-B33EC23F760A_725_S_Curson_Ave_Los_Angeles_90036,Curson,725 S Curson Avenue Ave Los Angeles 90036,,,,
613793,1190540,,5089010009.0,,731.0,,,South,,,Curson,Avenue,,,,,,,,,,,,,90036.0,,Los Angeles,Los Angeles,,,,,LA City,{32CA6038-B232-4F38-B84A-52DB880B8556},0,,32CA6038-B232-4F38-B84A-52DB880B8556,Unknown,,S,,,Ave,S Curson Ave,2023/09/12 23:03:18+00,731 S Curson Ave Los Angeles 90036,32CA6038-B232-4F38-B84A-52DB880B8556_731_S_Curson_Ave_Los_Angeles_90036,Curson,731 S Curson Avenue Ave Los Angeles 90036,,,,
613794,1190541,,5089010010.0,,733.0,,,South,,,Curson,Avenue,,,,,,,,,,,,,90036.0,,Los Angeles,Los Angeles,,,,,LA City,{F5858588-4434-4AAC-8836-DA6E5282BFCB},0,,F5858588-4434-4AAC-8836-DA6E5282BFCB,Unknown,,S,,,Ave,S Curson Ave,2023/09/12 23:03:18+00,733 S Curson Ave Los Angeles 90036,F5858588-4434-4AAC-8836-DA6E5282BFCB_733_S_Curson_Ave_Los_Angeles_90036,Curson,733 S Curson Avenue Ave Los Angeles 90036,,,,
613795,1190542,,5089010010.0,,737.0,,,South,,,Curson,Avenue,,,,,,,,,,,,,90036.0,,Los Angeles,Los Angeles,,,,,LA City,{71D11976-468C-49BE-8C9B-E4D4ABACE4E6},0,,71D11976-468C-49BE-8C9B-E4D4ABACE4E6,Unknown,,S,,,Ave,S Curson Ave,2023/09/12 23:03:18+00,737 S Curson Ave Los Angeles 90036,71D11976-468C-49BE-8C9B-E4D4ABACE4E6_737_S_Curson_Ave_Los_Angeles_90036,Curson,737 S Curson Avenue Ave Los Angeles 90036,,,,
613796,1190543,,5089010010.0,,735.0,,,South,,,Curson,Avenue,,,,,,,,,,,,,90036.0,,Los Angeles,Los Angeles,,,,,LA City,{5070FBA1-3562-4E7D-B884-D7068176E078},0,,5070FBA1-3562-4E7D-B884-D7068176E078,Unknown,,S,,,Ave,S Curson Ave,2023/09/12 23:03:18+00,735 S Curson Ave Los Angeles 90036,5070FBA1-3562-4E7D-B884-D7068176E078_735_S_Curson_Ave_Los_Angeles_90036,Curson,735 S Curson Avenue Ave Los Angeles 90036,,,,
613797,1190544,,5089010011.0,,741.0,,,South,,,Curson,Avenue,,,,,,,,,,,,,90036.0,,Los Angeles,Los Angeles,,,,,LA City,{0065A3E9-FE94-4BF2-85CD-4A1F7F2E7B37},0,,0065A3E9-FE94-4BF2-85CD-4A1F7F2E7B37,Unknown,,S,,,Ave,S Curson Ave,2023/09/12 23:03:18+00,741 S Curson Ave Los Angeles 90036,0065A3E9-FE94-4BF2-85CD-4A1F7F2E7B37_741_S_Curson_Ave_Los_Angeles_90036,Curson,741 S Curson Avenue Ave Los Angeles 90036,,,,
613798,1190545,,5089010011.0,,743.0,,,South,,,Curson,Avenue,,,,,,,,,,,,,90036.0,,Los Angeles,Los Angeles,,,,,LA City,{A0E2D81D-0FAF-4E35-B6D9-6A5E16B7ECD9},0,,A0E2D81D-0FAF-4E35-B6D9-6A5E16B7ECD9,Unknown,,S,,,Ave,S Curson Ave,2023/09/12 23:03:18+00,743 S Curson Ave Los Angeles 90036,A0E2D81D-0FAF-4E35-B6D9-6A5E16B7ECD9_743_S_Curson_Ave_Los_Angeles_90036,Curson,743 S Curson Avenue Ave Los Angeles 90036,,,,
613799,1190546,,5089010012.0,,747.0,,,South,,,Curson,Avenue,,,,,,,,,,,,,90036.0,,Los Angeles,Los Angeles,,,,,LA City,{0CC8A823-70B2-465E-9F48-4909D036F51C},0,,0CC8A823-70B2-465E-9F48-4909D036F51C,Unknown,,S,,,Ave,S Curson Ave,2023/09/12 23:03:18+00,747 S Curson Ave Los Angeles 90036,0CC8A823-70B2-465E-9F48-4909D036F51C_747_S_Curson_Ave_Los_Angeles_90036,Curson,747 S Curson Avenue Ave Los Angeles 90036,,,,
613800,1190547,,5089010013.0,,751.0,,,South,,,Curson,Avenue,,,,,,,,,,,,,90036.0,,Los Angeles,Los Angeles,,,,,LA City,{708C9472-E006-4970-AE52-2419BC67B1A0},0,,708C9472-E006-4970-AE52-2419BC67B1A0,Unknown,,S,,,Ave,S Curson Ave,2023/09/12 23:03:18+00,751 S Curson Ave Los Angeles 90036,708C9472-E006-4970-AE52-2419BC67B1A0_751_S_Curson_Ave_Los_Angeles_90036,Curson,751 S Curson Avenue Ave Los Angeles 90036,,,,
613801,1190548,,5089010018.0,,738.0,,,South,,,Stanley,Avenue,,,,,,,,,,,,,90036.0,,Los Angeles,Los Angeles,,,,,LA City,{1EBFC793-3525-49A7-A23A-22D725BA6775},0,,1EBFC793-3525-49A7-A23A-22D725BA6775,Unknown,,S,,,Ave,S Stanley Ave,2023/09/12 23:03:18+00,738 S Stanley Ave Los Angeles 90036,1EBFC793-3525-49A7-A23A-22D725BA6775_738_S_Stanley_Ave_Los_Angeles_90036,Stanley,738 S Stanley Avenue Ave Los Angeles 90036,,,,
613802,1190549,,5089010018.0,,740.0,,,South,,,Stanley,Avenue,,,,,,,,,,,,,90036.0,,Los Angeles,Los Angeles,,,,,LA City,{10A4A615-2B45-40DF-B57A-00868A75D37B},0,,10A4A615-2B45-40DF-B57A-00868A75D37B,Unknown,,S,,,Ave,S Stanley Ave,2023/09/12 23:03:18+00,740 S Stanley Ave Los Angeles 90036,10A4A615-2B45-40DF-B57A-00868A75D37B_740_S_Stanley_Ave_Los_Angeles_90036,Stanley,740 S Stanley Avenue Ave Los Angeles 90036,,,,
613803,1190550,,5089010019.0,,736.0,1/2,,South,,,Stanley,Avenue,,,,,,,,,,,,,90036.0,,Los Angeles,Los Angeles,,,,,LA City,{9977C52D-0F0E-47D7-965E-B6CD20F58C7B},0,,9977C52D-0F0E-47D7-965E-B6CD20F58C7B,Unknown,,S,,,Ave,S Stanley Ave,2024/05/12 21:05:27+00,736 1/2 S Stanley Ave Los Angeles 90036,9977C52D-0F0E-47D7-965E-B6CD20F58C7B_736_1/2_S_Stanley_Ave_Los_Angeles_90036,Stanley,736 1/2 S Stanley Avenue Ave Los Angeles 90036,,,,
613804,1190551,,5089010019.0,,734.0,1/2,,South,,,Stanley,Avenue,,,,,,,,,,,,,90036.0,,Los Angeles,Los Angeles,,,,,LA City,{40E77CE7-2324-4F91-AF5C-7F747CA1479C},0,,40E77CE7-2324-4F91-AF5C-7F747CA1479C,Unknown,,S,,,Ave,S Stanley Ave,2024/05/12 21:05:27+00,734 1/2 S Stanley Ave Los Angeles 90036,40E77CE7-2324-4F91-AF5C-7F747CA1479C_734_1/2_S_Stanley_Ave_Los_Angeles_90036,Stanley,734 1/2 S Stanley Avenue Ave Los Angeles 90036,,,,
613805,1190552,,5089010019.0,,736.0,,,South,,,Stanley,Avenue,,,,,,,,,,,,,90036.0,,Los Angeles,Los Angeles,,,,,LA City,{8AD9A56E-A4EF-4C06-82FC-86B5A83555F2},0,,8AD9A56E-A4EF-4C06-82FC-86B5A83555F2,Unknown,,S,,,Ave,S Stanley Ave,2024/05/12 21:05:27+00,736 S Stanley Ave Los Angeles 90036,8AD9A56E-A4EF-4C06-82FC-86B5A83555F2_736_S_Stanley_Ave_Los_Angeles_90036,Stanley,736 S Stanley Avenue Ave Los Angeles 90036,,,,
613806,1190553,,5089010019.0,,734.0,,,South,,,Stanley,Avenue,,,,,,,,,,,,,90036.0,,Los Angeles,Los Angeles,,,,,LA City,{B85CE405-A62A-4E7C-B1C8-E82CF1A606D8},0,,B85CE405-A62A-4E7C-B1C8-E82CF1A606D8,Unknown,,S,,,Ave,S Stanley Ave,2024/05/12 21:05:27+00,734 S Stanley Ave Los Angeles 90036,B85CE405-A62A-4E7C-B1C8-E82CF1A606D8_734_S_Stanley_Ave_Los_Angeles_90036,Stanley,734 S Stanley Avenue Ave Los Angeles 90036,,,,
613807,1190554,,5089010022.0,,718.0,1/2,,South,,,Stanley,Avenue,,,,,,,,,,,,,90036.0,,Los Angeles,Los Angeles,,,,,LA City,{9902A080-2A17-4F12-9C23-4D2966625B77},0,,9902A080-2A17-4F12-9C23-4D2966625B77,Unknown,,S,,,Ave,S Stanley Ave,2024/05/12 21:05:27+00,718 1/2 S Stanley Ave Los Angeles 90036,9902A080-2A17-4F12-9C23-4D2966625B77_718_1/2_S_Stanley_Ave_Los_Angeles_90036,Stanley,718 1/2 S Stanley Avenue Ave Los Angeles 90036,,,,
613808,1190555,,5089010022.0,,718.0,,,South,,,Stanley,Avenue,,,,,,,,,,,,,90036.0,,Los Angeles,Los Angeles,,,,,LA City,{49BF6F02-4187-4F44-92EC-A2589283F42B},0,,49BF6F02-4187-4F44-92EC-A2589283F42B,Unknown,,S,,,Ave,S Stanley Ave,2024/05/12 21:05:27+00,718 S Stanley Ave Los Angeles 90036,49BF6F02-4187-4F44-92EC-A2589283F42B_718_S_Stanley_Ave_Los_Angeles_90036,Stanley,718 S Stanley Avenue Ave Los Angeles 90036,,,,
613809,1190556,,5089010023.0,,712.0,1/2,,South,,,Stanley,Avenue,,,,,,,,,,,,,90036.0,,Los Angeles,Los Angeles,,,,,LA City,{D9FACD18-8787-4482-B446-45BCF739DB7E},0,,D9FACD18-8787-4482-B446-45BCF739DB7E,Unknown,,S,,,Ave,S Stanley Ave,2024/05/12 21:05:27+00,712 1/2 S Stanley Ave Los Angeles 90036,D9FACD18-8787-4482-B446-45BCF739DB7E_712_1/2_S_Stanley_Ave_Los_Angeles_90036,Stanley,712 1/2 S Stanley Avenue Ave Los Angeles 90036,,,,
613810,1190557,,5089010023.0,,712.0,,,South,,,Stanley,Avenue,,,,,,,,,,,,,90036.0,,Los Angeles,Los Angeles,,,,,LA City,{5A5CC9DA-3173-4343-B30C-1E9C888D5BF7},0,,5A5CC9DA-3173-4343-B30C-1E9C888D5BF7,Unknown,,S,,,Ave,S Stanley Ave,2024/05/12 21:05:27+00,712 S Stanley Ave Los Angeles 90036,5A5CC9DA-3173-4343-B30C-1E9C888D5BF7_712_S_Stanley_Ave_Los_Angeles_90036,Stanley,712 S Stanley Avenue Ave Los Angeles 90036,,,,
613811,1190558,,5089010024.0,,5819.0,,,West,,,8Th,Street,,,,,,,,,,,,,90036.0,,Los Angeles,Los Angeles,,,,,LA City,{30130C8A-A6B7-4B90-9B87-2E988E14DA05},0,,30130C8A-A6B7-4B90-9B87-2E988E14DA05,Unknown,,W,,,St,W 8Th St,2023/09/12 23:03:18+00,5819 W 8Th St Los Angeles 90036,30130C8A-A6B7-4B90-9B87-2E988E14DA05_5819_W_8Th_St_Los_Angeles_90036,8Th,5819 W 8Th Street St Los Angeles 90036,,,,
613812,1190559,,5089010024.0,,746.0,,,South,,,Stanley,Avenue,,,,,,,,,,,,,90036.0,,Los Angeles,Los Angeles,,,,,LA City,{C7A45032-3210-477A-8050-CD148289A244},0,,C7A45032-3210-477A-8050-CD148289A244,Unknown,,S,,,Ave,S Stanley Ave,2023/09/12 23:03:18+00,746 S Stanley Ave Los Angeles 90036,C7A45032-3210-477A-8050-CD148289A244_746_S_Stanley_Ave_Los_Angeles_90036,Stanley,746 S Stanley Avenue Ave Los Angeles 90036,,,,
613813,1190560,,5089010024.0,,5805.0,,,West,,,8Th,Street,,,,,,,,,,,,,90036.0,,Los Angeles,Los Angeles,,,,,LA City,{C56C5565-1D4B-4298-83C2-98D8BD2032CC},0,,C56C5565-1D4B-4298-83C2-98D8BD2032CC,Unknown,,W,,,St,W 8Th St,2023/09/12 23:03:18+00,5805 W 8Th St Los Angeles 90036,C56C5565-1D4B-4298-83C2-98D8BD2032CC_5805_W_8Th_St_Los_Angeles_90036,8Th,5805 W 8Th Street St Los Angeles 90036,,,,
613814,1190561,,5089010024.0,,756.0,,,South,,,Stanley,Avenue,,,,,,,,,,,,,90036.0,,Los Angeles,Los Angeles,,,,,LA City,{6740B18E-43B0-4726-B52A-C34295A7BBEE},0,,6740B18E-43B0-4726-B52A-C34295A7BBEE,Unknown,,S,,,Ave,S Stanley Ave,2023/09/12 23:03:18+00,756 S Stanley Ave Los Angeles 90036,6740B18E-43B0-4726-B52A-C34295A7BBEE_756_S_Stanley_Ave_Los_Angeles_90036,Stanley,756 S Stanley Avenue Ave Los Angeles 90036,,,,
613815,1190562,,5089010024.0,,757.0,,,South,,,Curson,Avenue,,,,,,,,,,,,,90036.0,,Los Angeles,Los Angeles,,,,,LA City,{285D1A93-6FFC-4081-AD59-4C029FBD9B23},0,,285D1A93-6FFC-4081-AD59-4C029FBD9B23,Unknown,,S,,,Ave,S Curson Ave,2023/09/12 23:03:18+00,757 S Curson Ave Los Angeles 90036,285D1A93-6FFC-4081-AD59-4C029FBD9B23_757_S_Curson_Ave_Los_Angeles_90036,Curson,757 S Curson Avenue Ave Los Angeles 90036,,,,
613816,1190563,,5089010024.0,,5801.0,,,West,,,8Th,Street,,,,,,,,,,,,,90036.0,,Los Angeles,Los Angeles,,,,,LA City,{4C315A24-DB88-4B73-A505-F500F68F0443},0,,4C315A24-DB88-4B73-A505-F500F68F0443,Unknown,,W,,,St,W 8Th St,2023/09/12 23:03:18+00,5801 W 8Th St Los Angeles 90036,4C315A24-DB88-4B73-A505-F500F68F0443_5801_W_8Th_St_Los_Angeles_90036,8Th,5801 W 8Th Street St Los Angeles 90036,,,,
613817,1190564,,5089010026.0,,724.0,,,South,,,Stanley,Avenue,,,,,,,,,,,,,90036.0,,Los Angeles,Los Angeles,,,,,LA City,{9C95A6A8-0FE0-4398-B607-BF47C163AD99},0,,9C95A6A8-0FE0-4398-B607-BF47C163AD99,Unknown,,S,,,Ave,S Stanley Ave,2023/09/12 23:03:18+00,724 S Stanley Ave Los Angeles 90036,9C95A6A8-0FE0-4398-B607-BF47C163AD99_724_S_Stanley_Ave_Los_Angeles_90036,Stanley,724 S Stanley Avenue Ave Los Angeles 90036,,,,
613818,1190565,,5089011002.0,,5856.0,,,West,,,Wilshire,Boulevard,,,,,,,,,,,,,90036.0,,Los Angeles,Los Angeles,,,,,LA City,{3530719C-9772-4777-9AF5-BC3F76A76E45},0,,3530719C-9772-4777-9AF5-BC3F76A76E45,Unknown,,W,,,Blvd,W Wilshire Blvd,2023/09/12 23:03:18+00,5856 W Wilshire Blvd Los Angeles 90036,3530719C-9772-4777-9AF5-BC3F76A76E45_5856_W_Wilshire_Blvd_Los_Angeles_90036,Wilshire,5856 W Wilshire Boulevard Blvd Los Angeles 90036,,,,
613819,1190566,,5089011002.0,,5858.0,,,West,,,Wilshire,Boulevard,,,,,,,,,,,,,90036.0,,Los Angeles,Los Angeles,,,,,LA City,{1EB2E91C-EF8E-41A0-B5DE-F30737650FCB},0,,1EB2E91C-EF8E-41A0-B5DE-F30737650FCB,Unknown,,W,,,Blvd,W Wilshire Blvd,2023/09/12 23:03:18+00,5858 W Wilshire Blvd Los Angeles 90036,1EB2E91C-EF8E-41A0-B5DE-F30737650FCB_5858_W_Wilshire_Blvd_Los_Angeles_90036,Wilshire,5858 W Wilshire Boulevard Blvd Los Angeles 90036,,,,
613820,1190567,,5089011002.0,,5850.0,,,West,,,Wilshire,Boulevard,,,,,,,,,,,,,90036.0,,Los Angeles,Los Angeles,,,,,LA City,{2CC4406E-5BCB-4D7E-851F-D3D4B37A71EE},0,,2CC4406E-5BCB-4D7E-851F-D3D4B37A71EE,Unknown,,W,,,Blvd,W Wilshire Blvd,2023/09/12 23:03:18+00,5850 W Wilshire Blvd Los Angeles 90036,2CC4406E-5BCB-4D7E-851F-D3D4B37A71EE_5850_W_Wilshire_Blvd_Los_Angeles_90036,Wilshire,5850 W Wilshire Boulevard Blvd Los Angeles 90036,,,,
613821,1190568,,5089011004.0,,721.0,,,South,,,Stanley,Avenue,,,,,,,,,,,,,90036.0,,Los Angeles,Los Angeles,,,,,LA City,{CE19F927-111E-4476-A5E4-9BE3978AFA68},0,,CE19F927-111E-4476-A5E4-9BE3978AFA68,Unknown,,S,,,Ave,S Stanley Ave,2023/09/12 23:03:18+00,721 S Stanley Ave Los Angeles 90036,CE19F927-111E-4476-A5E4-9BE3978AFA68_721_S_Stanley_Ave_Los_Angeles_90036,Stanley,721 S Stanley Avenue Ave Los Angeles 90036,,,,
613822,1190569,,5089011004.0,,725.0,,,South,,,Stanley,Avenue,,,,,,,,,,,,,90036.0,,Los Angeles,Los Angeles,,,,,LA City,{75E92A79-6CC6-4633-A5D1-484EAE760CD7},0,,75E92A79-6CC6-4633-A5D1-484EAE760CD7,Unknown,,S,,,Ave,S Stanley Ave,2023/09/12 23:03:18+00,725 S Stanley Ave Los Angeles 90036,75E92A79-6CC6-4633-A5D1-484EAE760CD7_725_S_Stanley_Ave_Los_Angeles_90036,Stanley,725 S Stanley Avenue Ave Los Angeles 90036,,,,
613823,1190570,,5089011007.0,,739.0,,,South,,,Stanley,Avenue,,,,,,,,,,,,,90036.0,,Los Angeles,Los Angeles,,,,,LA City,{1A69A6D1-D47D-4675-99A5-BC097CDD94CE},0,,1A69A6D1-D47D-4675-99A5-BC097CDD94CE,Unknown,,S,,,Ave,S Stanley Ave,2023/09/12 23:03:18+00,739 S Stanley Ave Los Angeles 90036,1A69A6D1-D47D-4675-99A5-BC097CDD94CE_739_S_Stanley_Ave_Los_Angeles_90036,Stanley,739 S Stanley Avenue Ave Los Angeles 90036,,,,
613824,1190571,,5089011007.0,,737.0,,,South,,,Stanley,Avenue,,,,,,,,,,,,,90036.0,,Los Angeles,Los Angeles,,,,,LA City,{EE203992-C3E2-4C18-9D88-931733F2D108},0,,EE203992-C3E2-4C18-9D88-931733F2D108,Unknown,,S,,,Ave,S Stanley Ave,2023/09/12 23:03:18+00,737 S Stanley Ave Los Angeles 90036,EE203992-C3E2-4C18-9D88-931733F2D108_737_S_Stanley_Ave_Los_Angeles_90036,Stanley,737 S Stanley Avenue Ave Los Angeles 90036,,,,
613825,1190572,,5089011008.0,,741.0,,,South,,,Stanley,Avenue,,,,,,,,,,,,,90036.0,,Los Angeles,Los Angeles,,,,,LA City,{198DABEB-EED6-4A05-8C75-849198E999A5},0,,198DABEB-EED6-4A05-8C75-849198E999A5,Unknown,,S,,,Ave,S Stanley Ave,2023/09/12 23:03:18+00,741 S Stanley Ave Los Angeles 90036,198DABEB-EED6-4A05-8C75-849198E999A5_741_S_Stanley_Ave_Los_Angeles_90036,Stanley,741 S Stanley Avenue Ave Los Angeles 90036,,,,
613826,1190573,,5089011008.0,,743.0,,,South,,,Stanley,Avenue,,,,,,,,,,,,,90036.0,,Los Angeles,Los Angeles,,,,,LA City,{217AB239-A4F9-491A-992D-F57C0806A264},0,,217AB239-A4F9-491A-992D-F57C0806A264,Unknown,,S,,,Ave,S Stanley Ave,2023/09/12 23:03:18+00,743 S Stanley Ave Los Angeles 90036,217AB239-A4F9-491A-992D-F57C0806A264_743_S_Stanley_Ave_Los_Angeles_90036,Stanley,743 S Stanley Avenue Ave Los Angeles 90036,,,,
613827,1190574,,5089011009.0,,747.0,,,South,,,Stanley,Avenue,,,,,,,,,,,,,90036.0,,Los Angeles,Los Angeles,,,,,LA City,{2225EF1D-D9CF-44F2-9071-0FB101B7580B},0,,2225EF1D-D9CF-44F2-9071-0FB101B7580B,Unknown,,S,,,Ave,S Stanley Ave,2023/09/12 23:03:18+00,747 S Stanley Ave Los Angeles 90036,2225EF1D-D9CF-44F2-9071-0FB101B7580B_747_S_Stanley_Ave_Los_Angeles_90036,Stanley,747 S Stanley Avenue Ave Los Angeles 90036,,,,
613828,1190575,,5089011036.0,,5855.0,,,West,,,8Th,Street,,,,,,,,,,,,,90036.0,,Los Angeles,Los Angeles,,,,,LA City,{BE21CB0A-FBC5-4D38-B985-3E24945395AA},0,,BE21CB0A-FBC5-4D38-B985-3E24945395AA,Unknown,,W,,,St,W 8Th St,2023/09/12 23:03:18+00,5855 W 8Th St Los Angeles 90036,BE21CB0A-FBC5-4D38-B985-3E24945395AA_5855_W_8Th_St_Los_Angeles_90036,8Th,5855 W 8Th Street St Los Angeles 90036,,,,
613829,1190576,,5089011036.0,,750.0,,,South,,,Spaulding,Avenue,,,,,,,,,,,,1-10,90036.0,,Los Angeles,Los Angeles,,,,,LA City,{51E20A11-B03F-433D-8EC3-428C60823D9A},0,,51E20A11-B03F-433D-8EC3-428C60823D9A,Unknown,,S,,,Ave,S Spaulding Ave,2023/09/12 23:03:18+00,750 S Spaulding Ave 1-10 Los Angeles 90036,51E20A11-B03F-433D-8EC3-428C60823D9A_750_S_Spaulding_Ave_1-10_Los_Angeles_90036,Spaulding,750 S Spaulding Avenue Ave 1-10 Los Angeles 90036,,,,
613830,1190577,,5089012001.0,,802.0,,,South,,,Spaulding,Avenue,,,,,,,,,,,,,90036.0,,Los Angeles,Los Angeles,,,,,LA City,{36908DE9-812A-4C33-A448-8B3743B4301F},0,,36908DE9-812A-4C33-A448-8B3743B4301F,Unknown,,S,,,Ave,S Spaulding Ave,2023/09/12 23:03:18+00,802 S Spaulding Ave Los Angeles 90036,36908DE9-812A-4C33-A448-8B3743B4301F_802_S_Spaulding_Ave_Los_Angeles_90036,Spaulding,802 S Spaulding Avenue Ave Los Angeles 90036,,,,
613831,1190578,,5089012002.0,,806.0,,,South,,,Spaulding,Avenue,,,,,,,,,,,,,90036.0,,Los Angeles,Los Angeles,,,,,LA City,{DBA6C11A-E5C3-4DC2-85A0-A2FA50C0C57E},0,,DBA6C11A-E5C3-4DC2-85A0-A2FA50C0C57E,Unknown,,S,,,Ave,S Spaulding Ave,2023/09/12 23:03:18+00,806 S Spaulding Ave Los Angeles 90036,DBA6C11A-E5C3-4DC2-85A0-A2FA50C0C57E_806_S_Spaulding_Ave_Los_Angeles_90036,Spaulding,806 S Spaulding Avenue Ave Los Angeles 90036,,,,
613832,1190579,,5089012003.0,,812.0,,,South,,,Spaulding,Avenue,,,,,,,,,,,,,90036.0,,Los Angeles,Los Angeles,,,,,LA City,{0FBB74F4-EDC0-4CED-8DEC-D1A76B9F78F5},0,,0FBB74F4-EDC0-4CED-8DEC-D1A76B9F78F5,Unknown,,S,,,Ave,S Spaulding Ave,2023/09/12 23:03:18+00,812 S Spaulding Ave Los Angeles 90036,0FBB74F4-EDC0-4CED-8DEC-D1A76B9F78F5_812_S_Spaulding_Ave_Los_Angeles_90036,Spaulding,812 S Spaulding Avenue Ave Los Angeles 90036,,,,
613833,1190580,,5089012004.0,,816.0,,,South,,,Spaulding,Avenue,,,,,,,,,,,,,90036.0,,Los Angeles,Los Angeles,,,,,LA City,{17896EA2-7F6C-4E0E-BD2D-DDCF5BBFEC4B},0,,17896EA2-7F6C-4E0E-BD2D-DDCF5BBFEC4B,Unknown,,S,,,Ave,S Spaulding Ave,2023/09/12 23:03:18+00,816 S Spaulding Ave Los Angeles 90036,17896EA2-7F6C-4E0E-BD2D-DDCF5BBFEC4B_816_S_Spaulding_Ave_Los_Angeles_90036,Spaulding,816 S Spaulding Avenue Ave Los Angeles 90036,,,,
613834,1190581,,5089012005.0,,822.0,,,South,,,Spaulding,Avenue,,,,,,,,,,,,,90036.0,,Los Angeles,Los Angeles,,,,,LA City,{5F7FB844-FBFB-4D15-8724-71C6C9EF3604},0,,5F7FB844-FBFB-4D15-8724-71C6C9EF3604,Unknown,,S,,,Ave,S Spaulding Ave,2023/09/12 23:03:18+00,822 S Spaulding Ave Los Angeles 90036,5F7FB844-FBFB-4D15-8724-71C6C9EF3604_822_S_Spaulding_Ave_Los_Angeles_90036,Spaulding,822 S Spaulding Avenue Ave Los Angeles 90036,,,,
613835,1190582,,5089012006.0,,826.0,,,South,,,Spaulding,Avenue,,,,,,,,,,,,,90036.0,,Los Angeles,Los Angeles,,,,,LA City,{4C2778E9-227A-45FC-8BC6-A5CD13E1D276},0,,4C2778E9-227A-45FC-8BC6-A5CD13E1D276,Unknown,,S,,,Ave,S Spaulding Ave,2023/09/12 23:03:18+00,826 S Spaulding Ave Los Angeles 90036,4C2778E9-227A-45FC-8BC6-A5CD13E1D276_826_S_Spaulding_Ave_Los_Angeles_90036,Spaulding,826 S Spaulding Avenue Ave Los Angeles 90036,,,,
613836,1190583,,5089012007.0,,830.0,,,South,,,Spaulding,Avenue,,,,,,,,,,,,,90036.0,,Los Angeles,Los Angeles,,,,,LA City,{FA4D6FBB-8116-4187-A577-28E71356B1F0},0,,FA4D6FBB-8116-4187-A577-28E71356B1F0,Unknown,,S,,,Ave,S Spaulding Ave,2023/09/12 23:03:18+00,830 S Spaulding Ave Los Angeles 90036,FA4D6FBB-8116-4187-A577-28E71356B1F0_830_S_Spaulding_Ave_Los_Angeles_90036,Spaulding,830 S Spaulding Avenue Ave Los Angeles 90036,,,,
613837,1190584,,5089012008.0,,836.0,,,South,,,Spaulding,Avenue,,,,,,,,,,,,,90036.0,,Los Angeles,Los Angeles,,,,,LA City,{0EB490F7-F0A9-4E93-A836-D73A7055CACB},0,,0EB490F7-F0A9-4E93-A836-D73A7055CACB,Unknown,,S,,,Ave,S Spaulding Ave,2023/09/12 23:03:18+00,836 S Spaulding Ave Los Angeles 90036,0EB490F7-F0A9-4E93-A836-D73A7055CACB_836_S_Spaulding_Ave_Los_Angeles_90036,Spaulding,836 S Spaulding Avenue Ave Los Angeles 90036,,,,
613838,1190585,,5089012009.0,,840.0,,,South,,,Spaulding,Avenue,,,,,,,,,,,,,90036.0,,Los Angeles,Los Angeles,,,,,LA City,{376FFCD5-1479-4A91-92D0-628440E41295},0,,376FFCD5-1479-4A91-92D0-628440E41295,Unknown,,S,,,Ave,S Spaulding Ave,2023/09/12 23:03:18+00,840 S Spaulding Ave Los Angeles 90036,376FFCD5-1479-4A91-92D0-628440E41295_840_S_Spaulding_Ave_Los_Angeles_90036,Spaulding,840 S Spaulding Avenue Ave Los Angeles 90036,,,,
613839,1190586,,5089012010.0,,846.0,,,South,,,Spaulding,Avenue,,,,,,,,,,,,,90036.0,,Los Angeles,Los Angeles,,,,,LA City,{DA4EE057-B0D2-4B94-8E16-3AA1D52EE78F},0,,DA4EE057-B0D2-4B94-8E16-3AA1D52EE78F,Unknown,,S,,,Ave,S Spaulding Ave,2023/09/12 23:03:18+00,846 S Spaulding Ave Los Angeles 90036,DA4EE057-B0D2-4B94-8E16-3AA1D52EE78F_846_S_Spaulding_Ave_Los_Angeles_90036,Spaulding,846 S Spaulding Avenue Ave Los Angeles 90036,,,,
613840,1190587,,5089012011.0,,850.0,,,South,,,Spaulding,Avenue,,,,,,,,,,,,,90036.0,,Los Angeles,Los Angeles,,,,,LA City,{BEA6E61A-2ADA-44E2-9C5B-72B0E9D19088},0,,BEA6E61A-2ADA-44E2-9C5B-72B0E9D19088,Unknown,,S,,,Ave,S Spaulding Ave,2023/09/12 23:03:18+00,850 S Spaulding Ave Los Angeles 90036,BEA6E61A-2ADA-44E2-9C5B-72B0E9D19088_850_S_Spaulding_Ave_Los_Angeles_90036,Spaulding,850 S Spaulding Avenue Ave Los Angeles 90036,,,,
613841,1190588,,5089012012.0,,856.0,,,South,,,Spaulding,Avenue,,,,,,,,,,,,,90036.0,,Los Angeles,Los Angeles,,,,,LA City,{0A48044D-6A6B-422A-90B1-C12C3B9155A3},0,,0A48044D-6A6B-422A-90B1-C12C3B9155A3,Unknown,,S,,,Ave,S Spaulding Ave,2023/09/12 23:03:18+00,856 S Spaulding Ave Los Angeles 90036,0A48044D-6A6B-422A-90B1-C12C3B9155A3_856_S_Spaulding_Ave_Los_Angeles_90036,Spaulding,856 S Spaulding Avenue Ave Los Angeles 90036,,,,
613842,1190589,,5089012012.0,,858.0,,,South,,,Spaulding,Avenue,,,,,,,,,,,,,90036.0,,Los Angeles,Los Angeles,,,,,LA City,{75C5D00E-0D54-4053-AF56-824154BEA85F},0,,75C5D00E-0D54-4053-AF56-824154BEA85F,Unknown,,S,,,Ave,S Spaulding Ave,2023/09/12 23:03:18+00,858 S Spaulding Ave Los Angeles 90036,75C5D00E-0D54-4053-AF56-824154BEA85F_858_S_Spaulding_Ave_Los_Angeles_90036,Spaulding,858 S Spaulding Avenue Ave Los Angeles 90036,,,,
613843,1190590,,5089012013.0,,860.0,,,South,,,Spaulding,Avenue,,,,,,,,,,,,,90036.0,,Los Angeles,Los Angeles,,,,,LA City,{4E83A827-6902-48E8-B737-AB7008C8A743},0,,4E83A827-6902-48E8-B737-AB7008C8A743,Unknown,,S,,,Ave,S Spaulding Ave,2023/09/12 23:03:18+00,860 S Spaulding Ave Los Angeles 90036,4E83A827-6902-48E8-B737-AB7008C8A743_860_S_Spaulding_Ave_Los_Angeles_90036,Spaulding,860 S Spaulding Avenue Ave Los Angeles 90036,,,,
613844,1190591,,5089012014.0,,902.0,,,South,,,Spaulding,Avenue,,,,,,,,,,,,,90036.0,,Los Angeles,Los Angeles,,,,,LA City,{10DBE028-3475-440D-ABBD-E32000E2C863},0,,10DBE028-3475-440D-ABBD-E32000E2C863,Unknown,,S,,,Ave,S Spaulding Ave,2023/09/12 23:03:18+00,902 S Spaulding Ave Los Angeles 90036,10DBE028-3475-440D-ABBD-E32000E2C863_902_S_Spaulding_Ave_Los_Angeles_90036,Spaulding,902 S Spaulding Avenue Ave Los Angeles 90036,,,,
613845,1190592,,5089012015.0,,906.0,,,South,,,Spaulding,Avenue,,,,,,,,,,,,,90036.0,,Los Angeles,Los Angeles,,,,,LA City,{00096BC8-DF82-4419-BADB-F3C8DF897515},0,,00096BC8-DF82-4419-BADB-F3C8DF897515,Unknown,,S,,,Ave,S Spaulding Ave,2023/09/12 23:03:18+00,906 S Spaulding Ave Los Angeles 90036,00096BC8-DF82-4419-BADB-F3C8DF897515_906_S_Spaulding_Ave_Los_Angeles_90036,Spaulding,906 S Spaulding Avenue Ave Los Angeles 90036,,,,
613846,1190593,,5089012015.0,,908.0,,,South,,,Spaulding,Avenue,,,,,,,,,,,,,90036.0,,Los Angeles,Los Angeles,,,,,LA City,{B8DF1B9A-F76B-4E51-B56A-8A90DB8EDBEA},0,,B8DF1B9A-F76B-4E51-B56A-8A90DB8EDBEA,Unknown,,S,,,Ave,S Spaulding Ave,2023/09/12 23:03:18+00,908 S Spaulding Ave Los Angeles 90036,B8DF1B9A-F76B-4E51-B56A-8A90DB8EDBEA_908_S_Spaulding_Ave_Los_Angeles_90036,Spaulding,908 S Spaulding Avenue Ave Los Angeles 90036,,,,
613847,1190594,,5089012016.0,,912.0,,,South,,,Spaulding,Avenue,,,,,,,,,,,,,90036.0,,Los Angeles,Los Angeles,,,,,LA City,{E882CF69-85BA-4DD9-BA60-D82D43F01441},0,,E882CF69-85BA-4DD9-BA60-D82D43F01441,Unknown,,S,,,Ave,S Spaulding Ave,2023/09/12 23:03:18+00,912 S Spaulding Ave Los Angeles 90036,E882CF69-85BA-4DD9-BA60-D82D43F01441_912_S_Spaulding_Ave_Los_Angeles_90036,Spaulding,912 S Spaulding Avenue Ave Los Angeles 90036,,,,
613848,1190595,,5089012017.0,,916.0,,,South,,,Spaulding,Avenue,,,,,,,,,,,,,90036.0,,Los Angeles,Los Angeles,,,,,LA City,{68548C66-55FC-424F-AE0C-0CCD75E50C37},0,,68548C66-55FC-424F-AE0C-0CCD75E50C37,Unknown,,S,,,Ave,S Spaulding Ave,2023/09/12 23:03:18+00,916 S Spaulding Ave Los Angeles 90036,68548C66-55FC-424F-AE0C-0CCD75E50C37_916_S_Spaulding_Ave_Los_Angeles_90036,Spaulding,916 S Spaulding Avenue Ave Los Angeles 90036,,,,
613849,1190596,,5089012018.0,,920.0,,,South,,,Spaulding,Avenue,,,,,,,,,,,,,90036.0,,Los Angeles,Los Angeles,,,,,LA City,{A9570AE2-1615-4D02-8AA8-0E48E947231C},0,,A9570AE2-1615-4D02-8AA8-0E48E947231C,Unknown,,S,,,Ave,S Spaulding Ave,2023/09/12 23:03:18+00,920 S Spaulding Ave Los Angeles 90036,A9570AE2-1615-4D02-8AA8-0E48E947231C_920_S_Spaulding_Ave_Los_Angeles_90036,Spaulding,920 S Spaulding Avenue Ave Los Angeles 90036,,,,
613850,1190597,,5089012019.0,,926.0,,,South,,,Spaulding,Avenue,,,,,,,,,,,,,90036.0,,Los Angeles,Los Angeles,,,,,LA City,{A7C1F363-A705-4D12-97BE-57947FAD6924},0,,A7C1F363-A705-4D12-97BE-57947FAD6924,Unknown,,S,,,Ave,S Spaulding Ave,2023/09/12 23:03:18+00,926 S Spaulding Ave Los Angeles 90036,A7C1F363-A705-4D12-97BE-57947FAD6924_926_S_Spaulding_Ave_Los_Angeles_90036,Spaulding,926 S Spaulding Avenue Ave Los Angeles 90036,,,,
613851,1190598,,5089012020.0,,930.0,,,South,,,Spaulding,Avenue,,,,,,,,,,,,,90036.0,,Los Angeles,Los Angeles,,,,,LA City,{E717212E-5EAF-450B-A1AA-4C094EF170E7},0,,E717212E-5EAF-450B-A1AA-4C094EF170E7,Unknown,,S,,,Ave,S Spaulding Ave,2023/09/12 23:03:18+00,930 S Spaulding Ave Los Angeles 90036,E717212E-5EAF-450B-A1AA-4C094EF170E7_930_S_Spaulding_Ave_Los_Angeles_90036,Spaulding,930 S Spaulding Avenue Ave Los Angeles 90036,,,,
613852,1190599,,5089012021.0,,936.0,,,South,,,Spaulding,Avenue,,,,,,,,,,,,,90036.0,,Los Angeles,Los Angeles,,,,,LA City,{87F87D92-E31B-4936-981A-28F62B036B37},0,,87F87D92-E31B-4936-981A-28F62B036B37,Unknown,,S,,,Ave,S Spaulding Ave,2023/09/12 23:03:18+00,936 S Spaulding Ave Los Angeles 90036,87F87D92-E31B-4936-981A-28F62B036B37_936_S_Spaulding_Ave_Los_Angeles_90036,Spaulding,936 S Spaulding Avenue Ave Los Angeles 90036,,,,
613853,1190600,,5089012022.0,,940.0,,,South,,,Spaulding,Avenue,,,,,,,,,,,,,90036.0,,Los Angeles,Los Angeles,,,,,LA City,{7A4DB132-A1D5-48F8-A6DA-909954EC8F5B},0,,7A4DB132-A1D5-48F8-A6DA-909954EC8F5B,Unknown,,S,,,Ave,S Spaulding Ave,2023/09/12 23:03:18+00,940 S Spaulding Ave Los Angeles 90036,7A4DB132-A1D5-48F8-A6DA-909954EC8F5B_940_S_Spaulding_Ave_Los_Angeles_90036,Spaulding,940 S Spaulding Avenue Ave Los Angeles 90036,,,,
613854,1190601,,5089012023.0,,5891.0,,,West,,,Olympic,Boulevard,,,,,,,,,,,,,90036.0,,Los Angeles,Los Angeles,,,,,LA City,{13DE3422-83B8-44AB-8132-30E949EE0035},0,,13DE3422-83B8-44AB-8132-30E949EE0035,Unknown,,W,,,Blvd,W Olympic Blvd,2023/09/12 23:03:18+00,5891 W Olympic Blvd Los Angeles 90036,13DE3422-83B8-44AB-8132-30E949EE0035_5891_W_Olympic_Blvd_Los_Angeles_90036,Olympic,5891 W Olympic Boulevard Blvd Los Angeles 90036,,,,
613855,1190602,,5089012023.0,,5889.0,,,West,,,Olympic,Boulevard,,,,,,,,,,,,,90036.0,,Los Angeles,Los Angeles,,,,,LA City,{191948A3-6C55-4663-98C7-4015E571A8AB},0,,191948A3-6C55-4663-98C7-4015E571A8AB,Unknown,,W,,,Blvd,W Olympic Blvd,2023/09/12 23:03:18+00,5889 W Olympic Blvd Los Angeles 90036,191948A3-6C55-4663-98C7-4015E571A8AB_5889_W_Olympic_Blvd_Los_Angeles_90036,Olympic,5889 W Olympic Boulevard Blvd Los Angeles 90036,,,,
613856,1190603,,5089012024.0,,5877.0,,,West,,,Olympic,Boulevard,,,,,,,,,,,,,90036.0,,Los Angeles,Los Angeles,,,,,LA City,{844AB1E0-D740-4F84-A33A-B324B7DFBAAD},0,,844AB1E0-D740-4F84-A33A-B324B7DFBAAD,Unknown,,W,,,Blvd,W Olympic Blvd,2023/09/12 23:03:18+00,5877 W Olympic Blvd Los Angeles 90036,844AB1E0-D740-4F84-A33A-B324B7DFBAAD_5877_W_Olympic_Blvd_Los_Angeles_90036,Olympic,5877 W Olympic Boulevard Blvd Los Angeles 90036,,,,
613857,1190604,,5089012024.0,,961.0,,,South,,,Alandele,Avenue,,,,,,,,,,,,,90036.0,,Los Angeles,Los Angeles,,,,,LA City,{68646172-ABF0-457A-B1D6-DF20D5B5CEFE},0,,68646172-ABF0-457A-B1D6-DF20D5B5CEFE,Unknown,,S,,,Ave,S Alandele Ave,2023/09/12 23:03:18+00,961 S Alandele Ave Los Angeles 90036,68646172-ABF0-457A-B1D6-DF20D5B5CEFE_961_S_Alandele_Ave_Los_Angeles_90036,Alandele,961 S Alandele Avenue Ave Los Angeles 90036,,,,
613858,1190605,,5089012024.0,,955.0,,,South,,,Alandele,Avenue,,,,,,,,,,,,,90036.0,,Los Angeles,Los Angeles,,,,,LA City,{20EE7D32-C906-44A4-B92C-C4B179A9C054},0,,20EE7D32-C906-44A4-B92C-C4B179A9C054,Unknown,,S,,,Ave,S Alandele Ave,2023/09/12 23:03:18+00,955 S Alandele Ave Los Angeles 90036,20EE7D32-C906-44A4-B92C-C4B179A9C054_955_S_Alandele_Ave_Los_Angeles_90036,Alandele,955 S Alandele Avenue Ave Los Angeles 90036,,,,
613859,1190606,,5089012025.0,,947.0,,,South,,,Alandele,Avenue,,,,,,,,,,,,,90036.0,,Los Angeles,Los Angeles,,,,,LA City,{B84046BD-14AA-4F7F-BAD4-C37B4F072BE8},0,,B84046BD-14AA-4F7F-BAD4-C37B4F072BE8,Unknown,,S,,,Ave,S Alandele Ave,2023/09/12 23:03:18+00,947 S Alandele Ave Los Angeles 90036,B84046BD-14AA-4F7F-BAD4-C37B4F072BE8_947_S_Alandele_Ave_Los_Angeles_90036,Alandele,947 S Alandele Avenue Ave Los Angeles 90036,,,,
613860,1190607,,5089012025.0,,949.0,,,South,,,Alandele,Avenue,,,,,,,,,,,,,90036.0,,Los Angeles,Los Angeles,,,,,LA City,{CA3DA57B-24FB-4C49-8176-F448A9E5BA4E},0,,CA3DA57B-24FB-4C49-8176-F448A9E5BA4E,Unknown,,S,,,Ave,S Alandele Ave,2023/09/12 23:03:18+00,949 S Alandele Ave Los Angeles 90036,CA3DA57B-24FB-4C49-8176-F448A9E5BA4E_949_S_Alandele_Ave_Los_Angeles_90036,Alandele,949 S Alandele Avenue Ave Los Angeles 90036,,,,
613861,1190608,,5089012025.0,,951.0,,,South,,,Alandele,Avenue,,,,,,,,,,,,,90036.0,,Los Angeles,Los Angeles,,,,,LA City,{FBB78EC4-ACC6-4247-BA94-C7D1242DAEEF},0,,FBB78EC4-ACC6-4247-BA94-C7D1242DAEEF,Unknown,,S,,,Ave,S Alandele Ave,2023/09/12 23:03:18+00,951 S Alandele Ave Los Angeles 90036,FBB78EC4-ACC6-4247-BA94-C7D1242DAEEF_951_S_Alandele_Ave_Los_Angeles_90036,Alandele,951 S Alandele Avenue Ave Los Angeles 90036,,,,
613862,1190609,,5089012025.0,,953.0,,,South,,,Alandele,Avenue,,,,,,,,,,,,,90036.0,,Los Angeles,Los Angeles,,,,,LA City,{472C0E1B-9674-461C-B5B8-6A051AAF4841},0,,472C0E1B-9674-461C-B5B8-6A051AAF4841,Unknown,,S,,,Ave,S Alandele Ave,2023/09/12 23:03:18+00,953 S Alandele Ave Los Angeles 90036,472C0E1B-9674-461C-B5B8-6A051AAF4841_953_S_Alandele_Ave_Los_Angeles_90036,Alandele,953 S Alandele Avenue Ave Los Angeles 90036,,,,
613863,1190610,,5089012026.0,,935.0,,,South,,,Alandele,Avenue,,,,,,,,,,,,,90036.0,,Los Angeles,Los Angeles,,,,,LA City,{3BE08153-89E7-44EC-B163-AD77C9AE54EF},0,,3BE08153-89E7-44EC-B163-AD77C9AE54EF,Unknown,,S,,,Ave,S Alandele Ave,2023/09/12 23:03:18+00,935 S Alandele Ave Los Angeles 90036,3BE08153-89E7-44EC-B163-AD77C9AE54EF_935_S_Alandele_Ave_Los_Angeles_90036,Alandele,935 S Alandele Avenue Ave Los Angeles 90036,,,,
613864,1190611,,5089012026.0,,941.0,,,South,,,Alandele,Avenue,,,,,,,,,,,,,90036.0,,Los Angeles,Los Angeles,,,,,LA City,{6817D3FB-9A72-470E-9DC7-CB7436D79F28},0,,6817D3FB-9A72-470E-9DC7-CB7436D79F28,Unknown,,S,,,Ave,S Alandele Ave,2023/09/12 23:03:18+00,941 S Alandele Ave Los Angeles 90036,6817D3FB-9A72-470E-9DC7-CB7436D79F28_941_S_Alandele_Ave_Los_Angeles_90036,Alandele,941 S Alandele Avenue Ave Los Angeles 90036,,,,
613865,1190612,,5089012026.0,,939.0,,,South,,,Alandele,Avenue,,,,,,,,,,,,,90036.0,,Los Angeles,Los Angeles,,,,,LA City,{0B90584D-747F-4BFE-8EE4-35BAD6FCF1D0},0,,0B90584D-747F-4BFE-8EE4-35BAD6FCF1D0,Unknown,,S,,,Ave,S Alandele Ave,2023/09/12 23:03:18+00,939 S Alandele Ave Los Angeles 90036,0B90584D-747F-4BFE-8EE4-35BAD6FCF1D0_939_S_Alandele_Ave_Los_Angeles_90036,Alandele,939 S Alandele Avenue Ave Los Angeles 90036,,,,
613866,1190613,,5089012026.0,,943.0,,,South,,,Alandele,Avenue,,,,,,,,,,,,,90036.0,,Los Angeles,Los Angeles,,,,,LA City,{8F4DEC9D-444E-4BE3-A4C0-E2F14DD519FA},0,,8F4DEC9D-444E-4BE3-A4C0-E2F14DD519FA,Unknown,,S,,,Ave,S Alandele Ave,2023/09/12 23:03:18+00,943 S Alandele Ave Los Angeles 90036,8F4DEC9D-444E-4BE3-A4C0-E2F14DD519FA_943_S_Alandele_Ave_Los_Angeles_90036,Alandele,943 S Alandele Avenue Ave Los Angeles 90036,,,,
613867,1190614,,5089012026.0,,937.0,,,South,,,Alandele,Avenue,,,,,,,,,,,,,90036.0,,Los Angeles,Los Angeles,,,,,LA City,{463EBCBD-DDDE-482A-9152-0F17F05B50A1},0,,463EBCBD-DDDE-482A-9152-0F17F05B50A1,Unknown,,S,,,Ave,S Alandele Ave,2023/09/12 23:03:18+00,937 S Alandele Ave Los Angeles 90036,463EBCBD-DDDE-482A-9152-0F17F05B50A1_937_S_Alandele_Ave_Los_Angeles_90036,Alandele,937 S Alandele Avenue Ave Los Angeles 90036,,,,
613868,1190615,,5089012026.0,,945.0,,,South,,,Alandele,Avenue,,,,,,,,,,,,,90036.0,,Los Angeles,Los Angeles,,,,,LA City,{42E47BC4-69A5-4177-BC33-64D22499F072},0,,42E47BC4-69A5-4177-BC33-64D22499F072,Unknown,,S,,,Ave,S Alandele Ave,2023/09/12 23:03:18+00,945 S Alandele Ave Los Angeles 90036,42E47BC4-69A5-4177-BC33-64D22499F072_945_S_Alandele_Ave_Los_Angeles_90036,Alandele,945 S Alandele Avenue Ave Los Angeles 90036,,,,
613869,1190616,,5089012027.0,,923.0,,,South,,,Alandele,Avenue,,,,,,,,,,,,,90036.0,,Los Angeles,Los Angeles,,,,,LA City,{13D2AB16-E859-4CE5-B9CD-A02F2D80D55B},0,,13D2AB16-E859-4CE5-B9CD-A02F2D80D55B,Unknown,,S,,,Ave,S Alandele Ave,2023/09/12 23:03:18+00,923 S Alandele Ave Los Angeles 90036,13D2AB16-E859-4CE5-B9CD-A02F2D80D55B_923_S_Alandele_Ave_Los_Angeles_90036,Alandele,923 S Alandele Avenue Ave Los Angeles 90036,,,,
613870,1190617,,5089012027.0,,929.0,,,South,,,Alandele,Avenue,,,,,,,,,,,,,90036.0,,Los Angeles,Los Angeles,,,,,LA City,{C5F8B0DB-D1C7-4AF2-AF3B-B9548CC6993E},0,,C5F8B0DB-D1C7-4AF2-AF3B-B9548CC6993E,Unknown,,S,,,Ave,S Alandele Ave,2023/09/12 23:03:18+00,929 S Alandele Ave Los Angeles 90036,C5F8B0DB-D1C7-4AF2-AF3B-B9548CC6993E_929_S_Alandele_Ave_Los_Angeles_90036,Alandele,929 S Alandele Avenue Ave Los Angeles 90036,,,,
613871,1190618,,5089012027.0,,925.0,,,South,,,Alandele,Avenue,,,,,,,,,,,,,90036.0,,Los Angeles,Los Angeles,,,,,LA City,{CF9034EF-F27D-466F-9C9C-45A4703D89C8},0,,CF9034EF-F27D-466F-9C9C-45A4703D89C8,Unknown,,S,,,Ave,S Alandele Ave,2023/09/12 23:03:18+00,925 S Alandele Ave Los Angeles 90036,CF9034EF-F27D-466F-9C9C-45A4703D89C8_925_S_Alandele_Ave_Los_Angeles_90036,Alandele,925 S Alandele Avenue Ave Los Angeles 90036,,,,
613872,1190619,,5089012027.0,,931.0,,,South,,,Alandele,Avenue,,,,,,,,,,,,,90036.0,,Los Angeles,Los Angeles,,,,,LA City,{60EA51AC-A736-437E-BD06-48D822C045AE},0,,60EA51AC-A736-437E-BD06-48D822C045AE,Unknown,,S,,,Ave,S Alandele Ave,2023/09/12 23:03:18+00,931 S Alandele Ave Los Angeles 90036,60EA51AC-A736-437E-BD06-48D822C045AE_931_S_Alandele_Ave_Los_Angeles_90036,Alandele,931 S Alandele Avenue Ave Los Angeles 90036,,,,
613873,1190620,,5089012027.0,,927.0,,,South,,,Alandele,Avenue,,,,,,,,,,,,,90036.0,,Los Angeles,Los Angeles,,,,,LA City,{5734A9E8-EF11-4D66-84BB-06F3EDD1269B},0,,5734A9E8-EF11-4D66-84BB-06F3EDD1269B,Unknown,,S,,,Ave,S Alandele Ave,2023/09/12 23:03:18+00,927 S Alandele Ave Los Angeles 90036,5734A9E8-EF11-4D66-84BB-06F3EDD1269B_927_S_Alandele_Ave_Los_Angeles_90036,Alandele,927 S Alandele Avenue Ave Los Angeles 90036,,,,
613874,1190621,,5089012028.0,,921.0,,,South,,,Alandele,Avenue,,,,,,,,,,,,,90036.0,,Los Angeles,Los Angeles,,,,,LA City,{36F4B081-1141-4089-B7D9-726E2401E265},0,,36F4B081-1141-4089-B7D9-726E2401E265,Unknown,,S,,,Ave,S Alandele Ave,2023/09/12 23:03:18+00,921 S Alandele Ave Los Angeles 90036,36F4B081-1141-4089-B7D9-726E2401E265_921_S_Alandele_Ave_Los_Angeles_90036,Alandele,921 S Alandele Avenue Ave Los Angeles 90036,,,,
613875,1190622,,5089012028.0,,919.0,,,South,,,Alandele,Avenue,,,,,,,,,,,,,90036.0,,Los Angeles,Los Angeles,,,,,LA City,{A541D29C-F474-490E-A619-115357E80C6A},0,,A541D29C-F474-490E-A619-115357E80C6A,Unknown,,S,,,Ave,S Alandele Ave,2023/09/12 23:03:18+00,919 S Alandele Ave Los Angeles 90036,A541D29C-F474-490E-A619-115357E80C6A_919_S_Alandele_Ave_Los_Angeles_90036,Alandele,919 S Alandele Avenue Ave Los Angeles 90036,,,,
613876,1190623,,5089012028.0,,911.0,,,South,,,Alandele,Avenue,,,,,,,,,,,,,90036.0,,Los Angeles,Los Angeles,,,,,LA City,{2D5AF260-78C8-4785-AD12-980CD379F19A},0,,2D5AF260-78C8-4785-AD12-980CD379F19A,Unknown,,S,,,Ave,S Alandele Ave,2023/09/12 23:03:18+00,911 S Alandele Ave Los Angeles 90036,2D5AF260-78C8-4785-AD12-980CD379F19A_911_S_Alandele_Ave_Los_Angeles_90036,Alandele,911 S Alandele Avenue Ave Los Angeles 90036,,,,
613877,1190624,,5089012028.0,,917.0,,,South,,,Alandele,Avenue,,,,,,,,,,,,,90036.0,,Los Angeles,Los Angeles,,,,,LA City,{021BB6F0-BA14-485C-B785-AE61091549CD},0,,021BB6F0-BA14-485C-B785-AE61091549CD,Unknown,,S,,,Ave,S Alandele Ave,2023/09/12 23:03:18+00,917 S Alandele Ave Los Angeles 90036,021BB6F0-BA14-485C-B785-AE61091549CD_917_S_Alandele_Ave_Los_Angeles_90036,Alandele,917 S Alandele Avenue Ave Los Angeles 90036,,,,
613878,1190625,,5089012028.0,,913.0,,,South,,,Alandele,Avenue,,,,,,,,,,,,,90036.0,,Los Angeles,Los Angeles,,,,,LA City,{A398A5F2-9DC9-4A72-BD79-341E1B96D171},0,,A398A5F2-9DC9-4A72-BD79-341E1B96D171,Unknown,,S,,,Ave,S Alandele Ave,2023/09/12 23:03:18+00,913 S Alandele Ave Los Angeles 90036,A398A5F2-9DC9-4A72-BD79-341E1B96D171_913_S_Alandele_Ave_Los_Angeles_90036,Alandele,913 S Alandele Avenue Ave Los Angeles 90036,,,,
613879,1190626,,5089012029.0,,905.0,,,South,,,Alandele,Avenue,,,,,,,,,,,,,90036.0,,Los Angeles,Los Angeles,,,,,LA City,{C9A9547E-7AD5-45F7-A7CC-911A6E0F2B94},0,,C9A9547E-7AD5-45F7-A7CC-911A6E0F2B94,Unknown,,S,,,Ave,S Alandele Ave,2023/09/12 23:03:18+00,905 S Alandele Ave Los Angeles 90036,C9A9547E-7AD5-45F7-A7CC-911A6E0F2B94_905_S_Alandele_Ave_Los_Angeles_90036,Alandele,905 S Alandele Avenue Ave Los Angeles 90036,,,,
613880,1190627,,5089012029.0,,907.0,,,South,,,Alandele,Avenue,,,,,,,,,,,,,90036.0,,Los Angeles,Los Angeles,,,,,LA City,{A2EDC4E0-7B6D-4492-B4F3-91995C857BE2},0,,A2EDC4E0-7B6D-4492-B4F3-91995C857BE2,Unknown,,S,,,Ave,S Alandele Ave,2023/09/12 23:03:18+00,907 S Alandele Ave Los Angeles 90036,A2EDC4E0-7B6D-4492-B4F3-91995C857BE2_907_S_Alandele_Ave_Los_Angeles_90036,Alandele,907 S Alandele Avenue Ave Los Angeles 90036,,,,
613881,1190628,,5089012029.0,,901.0,,,South,,,Alandele,Avenue,,,,,,,,,,,,,90036.0,,Los Angeles,Los Angeles,,,,,LA City,{95B6DE9C-E1F3-4CEC-A921-3FF70334B17D},0,,95B6DE9C-E1F3-4CEC-A921-3FF70334B17D,Unknown,,S,,,Ave,S Alandele Ave,2023/09/12 23:03:18+00,901 S Alandele Ave Los Angeles 90036,95B6DE9C-E1F3-4CEC-A921-3FF70334B17D_901_S_Alandele_Ave_Los_Angeles_90036,Alandele,901 S Alandele Avenue Ave Los Angeles 90036,,,,
613882,1190629,,5089012029.0,,909.0,,,South,,,Alandele,Avenue,,,,,,,,,,,,,90036.0,,Los Angeles,Los Angeles,,,,,LA City,{800C7A06-398F-4CB0-B4D4-A71984AB18EE},0,,800C7A06-398F-4CB0-B4D4-A71984AB18EE,Unknown,,S,,,Ave,S Alandele Ave,2023/09/12 23:03:18+00,909 S Alandele Ave Los Angeles 90036,800C7A06-398F-4CB0-B4D4-A71984AB18EE_909_S_Alandele_Ave_Los_Angeles_90036,Alandele,909 S Alandele Avenue Ave Los Angeles 90036,,,,
613883,1190630,,5089012029.0,,903.0,,,South,,,Alandele,Avenue,,,,,,,,,,,,,90036.0,,Los Angeles,Los Angeles,,,,,LA City,{4D62F26B-C77D-441F-9F85-30FFE5AF21A7},0,,4D62F26B-C77D-441F-9F85-30FFE5AF21A7,Unknown,,S,,,Ave,S Alandele Ave,2023/09/12 23:03:18+00,903 S Alandele Ave Los Angeles 90036,4D62F26B-C77D-441F-9F85-30FFE5AF21A7_903_S_Alandele_Ave_Los_Angeles_90036,Alandele,903 S Alandele Avenue Ave Los Angeles 90036,,,,
613884,1190631,,5089012030.0,,875.0,,,South,,,Alandele,Avenue,,,,,,,,,,,,,90036.0,,Los Angeles,Los Angeles,,,,,LA City,{DC96E92B-00ED-48FD-A6B9-89A11FA03861},0,,DC96E92B-00ED-48FD-A6B9-89A11FA03861,Unknown,,S,,,Ave,S Alandele Ave,2023/09/12 23:03:18+00,875 S Alandele Ave Los Angeles 90036,DC96E92B-00ED-48FD-A6B9-89A11FA03861_875_S_Alandele_Ave_Los_Angeles_90036,Alandele,875 S Alandele Avenue Ave Los Angeles 90036,,,,
613885,1190632,,5089012030.0,,877.0,,,South,,,Alandele,Avenue,,,,,,,,,,,,,90036.0,,Los Angeles,Los Angeles,,,,,LA City,{82DE68FB-470C-4B73-A567-26EA4CF58395},0,,82DE68FB-470C-4B73-A567-26EA4CF58395,Unknown,,S,,,Ave,S Alandele Ave,2023/09/12 23:03:18+00,877 S Alandele Ave Los Angeles 90036,82DE68FB-470C-4B73-A567-26EA4CF58395_877_S_Alandele_Ave_Los_Angeles_90036,Alandele,877 S Alandele Avenue Ave Los Angeles 90036,,,,
613886,1190633,,5089012030.0,,871.0,,,South,,,Alandele,Avenue,,,,,,,,,,,,,90036.0,,Los Angeles,Los Angeles,,,,,LA City,{75B21A08-15B5-4842-AA39-63CE2D1EAF7C},0,,75B21A08-15B5-4842-AA39-63CE2D1EAF7C,Unknown,,S,,,Ave,S Alandele Ave,2023/09/12 23:03:18+00,871 S Alandele Ave Los Angeles 90036,75B21A08-15B5-4842-AA39-63CE2D1EAF7C_871_S_Alandele_Ave_Los_Angeles_90036,Alandele,871 S Alandele Avenue Ave Los Angeles 90036,,,,
613887,1190634,,5089012030.0,,867.0,,,South,,,Alandele,Avenue,,,,,,,,,,,,,90036.0,,Los Angeles,Los Angeles,,,,,LA City,{64B4F93B-1FDC-4073-8053-977EE32E4956},0,,64B4F93B-1FDC-4073-8053-977EE32E4956,Unknown,,S,,,Ave,S Alandele Ave,2023/09/12 23:03:18+00,867 S Alandele Ave Los Angeles 90036,64B4F93B-1FDC-4073-8053-977EE32E4956_867_S_Alandele_Ave_Los_Angeles_90036,Alandele,867 S Alandele Avenue Ave Los Angeles 90036,,,,
613888,1190635,,5089012030.0,,865.0,,,South,,,Alandele,Avenue,,,,,,,,,,,,,90036.0,,Los Angeles,Los Angeles,,,,,LA City,{E76725FA-0DD6-4395-87EB-92D17576732E},0,,E76725FA-0DD6-4395-87EB-92D17576732E,Unknown,,S,,,Ave,S Alandele Ave,2023/09/12 23:03:18+00,865 S Alandele Ave Los Angeles 90036,E76725FA-0DD6-4395-87EB-92D17576732E_865_S_Alandele_Ave_Los_Angeles_90036,Alandele,865 S Alandele Avenue Ave Los Angeles 90036,,,,
613889,1190636,,5089012030.0,,873.0,,,South,,,Alandele,Avenue,,,,,,,,,,,,,90036.0,,Los Angeles,Los Angeles,,,,,LA City,{01E688F2-45FB-4056-86F8-46B9910AF15D},0,,01E688F2-45FB-4056-86F8-46B9910AF15D,Unknown,,S,,,Ave,S Alandele Ave,2023/09/12 23:03:18+00,873 S Alandele Ave Los Angeles 90036,01E688F2-45FB-4056-86F8-46B9910AF15D_873_S_Alandele_Ave_Los_Angeles_90036,Alandele,873 S Alandele Avenue Ave Los Angeles 90036,,,,
613890,1190637,,5089012030.0,,879.0,,,South,,,Alandele,Avenue,,,,,,,,,,,,,90036.0,,Los Angeles,Los Angeles,,,,,LA City,{59FBD412-8649-431B-B822-F4D38CF811DF},0,,59FBD412-8649-431B-B822-F4D38CF811DF,Unknown,,S,,,Ave,S Alandele Ave,2023/09/12 23:03:18+00,879 S Alandele Ave Los Angeles 90036,59FBD412-8649-431B-B822-F4D38CF811DF_879_S_Alandele_Ave_Los_Angeles_90036,Alandele,879 S Alandele Avenue Ave Los Angeles 90036,,,,
613891,1190638,,5089012031.0,,861.0,,,South,,,Alandele,Avenue,,,,,,,,,,,,,90036.0,,Los Angeles,Los Angeles,,,,,LA City,{B7CE0A90-943B-4B69-BD69-7A3D6F5DBCE0},0,,B7CE0A90-943B-4B69-BD69-7A3D6F5DBCE0,Unknown,,S,,,Ave,S Alandele Ave,2023/09/12 23:03:18+00,861 S Alandele Ave Los Angeles 90036,B7CE0A90-943B-4B69-BD69-7A3D6F5DBCE0_861_S_Alandele_Ave_Los_Angeles_90036,Alandele,861 S Alandele Avenue Ave Los Angeles 90036,,,,
613892,1190639,,5089012031.0,,863.0,,,South,,,Alandele,Avenue,,,,,,,,,,,,,90036.0,,Los Angeles,Los Angeles,,,,,LA City,{14BB4028-900C-46F9-8A78-E75F1581E5E9},0,,14BB4028-900C-46F9-8A78-E75F1581E5E9,Unknown,,S,,,Ave,S Alandele Ave,2023/09/12 23:03:18+00,863 S Alandele Ave Los Angeles 90036,14BB4028-900C-46F9-8A78-E75F1581E5E9_863_S_Alandele_Ave_Los_Angeles_90036,Alandele,863 S Alandele Avenue Ave Los Angeles 90036,,,,
613893,1190640,,5089012032.0,,853.0,,,South,,,Alandele,Avenue,,,,,,,,,,,,,90036.0,,Los Angeles,Los Angeles,,,,,LA City,{DAF87579-BDFE-43BB-B7BD-7228B326BA3C},0,,DAF87579-BDFE-43BB-B7BD-7228B326BA3C,Unknown,,S,,,Ave,S Alandele Ave,2023/09/12 23:03:18+00,853 S Alandele Ave Los Angeles 90036,DAF87579-BDFE-43BB-B7BD-7228B326BA3C_853_S_Alandele_Ave_Los_Angeles_90036,Alandele,853 S Alandele Avenue Ave Los Angeles 90036,,,,
613894,1190641,,5089012032.0,,855.0,,,South,,,Alandele,Avenue,,,,,,,,,,,,,90036.0,,Los Angeles,Los Angeles,,,,,LA City,{F9BE9E88-1FE7-4349-B521-0752E8AA065A},0,,F9BE9E88-1FE7-4349-B521-0752E8AA065A,Unknown,,S,,,Ave,S Alandele Ave,2023/09/12 23:03:18+00,855 S Alandele Ave Los Angeles 90036,F9BE9E88-1FE7-4349-B521-0752E8AA065A_855_S_Alandele_Ave_Los_Angeles_90036,Alandele,855 S Alandele Avenue Ave Los Angeles 90036,,,,
613895,1190642,,5089012032.0,,859.0,,,South,,,Alandele,Avenue,,,,,,,,,,,,,90036.0,,Los Angeles,Los Angeles,,,,,LA City,{7F6E94D4-5ED7-4FA6-B444-4735DBCD6437},0,,7F6E94D4-5ED7-4FA6-B444-4735DBCD6437,Unknown,,S,,,Ave,S Alandele Ave,2023/09/12 23:03:18+00,859 S Alandele Ave Los Angeles 90036,7F6E94D4-5ED7-4FA6-B444-4735DBCD6437_859_S_Alandele_Ave_Los_Angeles_90036,Alandele,859 S Alandele Avenue Ave Los Angeles 90036,,,,
613896,1190643,,5089012032.0,,857.0,,,South,,,Alandele,Avenue,,,,,,,,,,,,,90036.0,,Los Angeles,Los Angeles,,,,,LA City,{BC25BE44-DF8A-4B3D-9443-39E9BEA59FD6},0,,BC25BE44-DF8A-4B3D-9443-39E9BEA59FD6,Unknown,,S,,,Ave,S Alandele Ave,2023/09/12 23:03:18+00,857 S Alandele Ave Los Angeles 90036,BC25BE44-DF8A-4B3D-9443-39E9BEA59FD6_857_S_Alandele_Ave_Los_Angeles_90036,Alandele,857 S Alandele Avenue Ave Los Angeles 90036,,,,
613897,1190644,,5089012033.0,,847.0,,,South,,,Alandele,Avenue,,,,,,,,,,,,,90036.0,,Los Angeles,Los Angeles,,,,,LA City,{A0CA2A8A-DCEE-4FCD-B5D0-583B0D55C44B},0,,A0CA2A8A-DCEE-4FCD-B5D0-583B0D55C44B,Unknown,,S,,,Ave,S Alandele Ave,2023/09/12 23:03:18+00,847 S Alandele Ave Los Angeles 90036,A0CA2A8A-DCEE-4FCD-B5D0-583B0D55C44B_847_S_Alandele_Ave_Los_Angeles_90036,Alandele,847 S Alandele Avenue Ave Los Angeles 90036,,,,
613898,1190645,,5089012033.0,,845.0,,,South,,,Alandele,Avenue,,,,,,,,,,,,,90036.0,,Los Angeles,Los Angeles,,,,,LA City,{CECA9963-729C-417E-AEBF-75B178DE2EC8},0,,CECA9963-729C-417E-AEBF-75B178DE2EC8,Unknown,,S,,,Ave,S Alandele Ave,2023/09/12 23:03:18+00,845 S Alandele Ave Los Angeles 90036,CECA9963-729C-417E-AEBF-75B178DE2EC8_845_S_Alandele_Ave_Los_Angeles_90036,Alandele,845 S Alandele Avenue Ave Los Angeles 90036,,,,
613899,1190646,,5089012033.0,,849.0,,,South,,,Alandele,Avenue,,,,,,,,,,,,,90036.0,,Los Angeles,Los Angeles,,,,,LA City,{171BACE5-1E54-405A-BEC4-C6EF0C289E17},0,,171BACE5-1E54-405A-BEC4-C6EF0C289E17,Unknown,,S,,,Ave,S Alandele Ave,2023/09/12 23:03:18+00,849 S Alandele Ave Los Angeles 90036,171BACE5-1E54-405A-BEC4-C6EF0C289E17_849_S_Alandele_Ave_Los_Angeles_90036,Alandele,849 S Alandele Avenue Ave Los Angeles 90036,,,,
613900,1190647,,5089012033.0,,851.0,,,South,,,Alandele,Avenue,,,,,,,,,,,,,90036.0,,Los Angeles,Los Angeles,,,,,LA City,{DCBC99CA-9D78-4BB0-820E-EC538F6A0861},0,,DCBC99CA-9D78-4BB0-820E-EC538F6A0861,Unknown,,S,,,Ave,S Alandele Ave,2023/09/12 23:03:18+00,851 S Alandele Ave Los Angeles 90036,DCBC99CA-9D78-4BB0-820E-EC538F6A0861_851_S_Alandele_Ave_Los_Angeles_90036,Alandele,851 S Alandele Avenue Ave Los Angeles 90036,,,,
613901,1190648,,5089012034.0,,839.0,1/2,,South,,,Alandele,Avenue,,,,,,,,,,,,,90036.0,,Los Angeles,Los Angeles,,,,,LA City,{09630321-208E-41C6-83F0-96C718C8F6C4},0,,09630321-208E-41C6-83F0-96C718C8F6C4,Unknown,,S,,,Ave,S Alandele Ave,2024/05/12 21:05:27+00,839 1/2 S Alandele Ave Los Angeles 90036,09630321-208E-41C6-83F0-96C718C8F6C4_839_1/2_S_Alandele_Ave_Los_Angeles_90036,Alandele,839 1/2 S Alandele Avenue Ave Los Angeles 90036,,,,
613902,1190649,,5089012034.0,,839.0,,,South,,,Alandele,Avenue,,,,,,,,,,,,,90036.0,,Los Angeles,Los Angeles,,,,,LA City,{CE6908FB-DF32-466A-91AC-965C830AC559},0,,CE6908FB-DF32-466A-91AC-965C830AC559,Unknown,,S,,,Ave,S Alandele Ave,2024/05/12 21:05:27+00,839 S Alandele Ave Los Angeles 90036,CE6908FB-DF32-466A-91AC-965C830AC559_839_S_Alandele_Ave_Los_Angeles_90036,Alandele,839 S Alandele Avenue Ave Los Angeles 90036,,,,
613903,1190650,,5089012035.0,,829.0,,,South,,,Alandele,Avenue,,,,,,,,,,,,,90036.0,,Los Angeles,Los Angeles,,,,,LA City,{BCB66A4A-9628-4DCF-8E25-4371CAAAF1C9},0,,BCB66A4A-9628-4DCF-8E25-4371CAAAF1C9,Unknown,,S,,,Ave,S Alandele Ave,2023/09/12 23:03:18+00,829 S Alandele Ave Los Angeles 90036,BCB66A4A-9628-4DCF-8E25-4371CAAAF1C9_829_S_Alandele_Ave_Los_Angeles_90036,Alandele,829 S Alandele Avenue Ave Los Angeles 90036,,,,
613904,1190651,,5089012035.0,,835.0,,,South,,,Alandele,Avenue,,,,,,,,,,,,,90036.0,,Los Angeles,Los Angeles,,,,,LA City,{CCF544A9-AB9D-468C-9C7F-908C9D3B6C59},0,,CCF544A9-AB9D-468C-9C7F-908C9D3B6C59,Unknown,,S,,,Ave,S Alandele Ave,2023/09/12 23:03:18+00,835 S Alandele Ave Los Angeles 90036,CCF544A9-AB9D-468C-9C7F-908C9D3B6C59_835_S_Alandele_Ave_Los_Angeles_90036,Alandele,835 S Alandele Avenue Ave Los Angeles 90036,,,,
613905,1190652,,5089012035.0,,827.0,,,South,,,Alandele,Avenue,,,,,,,,,,,,,90036.0,,Los Angeles,Los Angeles,,,,,LA City,{66B328D7-3AFF-4E04-86B4-D9885AF275F1},0,,66B328D7-3AFF-4E04-86B4-D9885AF275F1,Unknown,,S,,,Ave,S Alandele Ave,2023/09/12 23:03:18+00,827 S Alandele Ave Los Angeles 90036,66B328D7-3AFF-4E04-86B4-D9885AF275F1_827_S_Alandele_Ave_Los_Angeles_90036,Alandele,827 S Alandele Avenue Ave Los Angeles 90036,,,,
613906,1190653,,5089012035.0,,833.0,,,South,,,Alandele,Avenue,,,,,,,,,,,,,90036.0,,Los Angeles,Los Angeles,,,,,LA City,{5B14ED01-A462-4E95-A31C-936ED7842D49},0,,5B14ED01-A462-4E95-A31C-936ED7842D49,Unknown,,S,,,Ave,S Alandele Ave,2023/09/12 23:03:18+00,833 S Alandele Ave Los Angeles 90036,5B14ED01-A462-4E95-A31C-936ED7842D49_833_S_Alandele_Ave_Los_Angeles_90036,Alandele,833 S Alandele Avenue Ave Los Angeles 90036,,,,
613907,1190654,,5089012035.0,,831.0,,,South,,,Alandele,Avenue,,,,,,,,,,,,,90036.0,,Los Angeles,Los Angeles,,,,,LA City,{3494CE21-181C-4135-AF49-B41BD067232E},0,,3494CE21-181C-4135-AF49-B41BD067232E,Unknown,,S,,,Ave,S Alandele Ave,2023/09/12 23:03:18+00,831 S Alandele Ave Los Angeles 90036,3494CE21-181C-4135-AF49-B41BD067232E_831_S_Alandele_Ave_Los_Angeles_90036,Alandele,831 S Alandele Avenue Ave Los Angeles 90036,,,,
613908,1190655,,5089012035.0,,837.0,,,South,,,Alandele,Avenue,,,,,,,,,,,,,90036.0,,Los Angeles,Los Angeles,,,,,LA City,{81A9534F-BA8D-4B36-A788-3B4CC1B58482},0,,81A9534F-BA8D-4B36-A788-3B4CC1B58482,Unknown,,S,,,Ave,S Alandele Ave,2023/09/12 23:03:18+00,837 S Alandele Ave Los Angeles 90036,81A9534F-BA8D-4B36-A788-3B4CC1B58482_837_S_Alandele_Ave_Los_Angeles_90036,Alandele,837 S Alandele Avenue Ave Los Angeles 90036,,,,
613909,1190656,,5089012036.0,,817.0,,,South,,,Alandele,Avenue,,,,,,,,,,,,,90036.0,,Los Angeles,Los Angeles,,,,,LA City,{C41A02B3-CF15-403F-9D9B-4D6318DB2379},0,,C41A02B3-CF15-403F-9D9B-4D6318DB2379,Unknown,,S,,,Ave,S Alandele Ave,2023/09/12 23:03:18+00,817 S Alandele Ave Los Angeles 90036,C41A02B3-CF15-403F-9D9B-4D6318DB2379_817_S_Alandele_Ave_Los_Angeles_90036,Alandele,817 S Alandele Avenue Ave Los Angeles 90036,,,,
613910,1190657,,5089012036.0,,821.0,,,South,,,Alandele,Avenue,,,,,,,,,,,,,90036.0,,Los Angeles,Los Angeles,,,,,LA City,{3A9D3AEB-A75A-42A3-9B08-8D5388AA0C6C},0,,3A9D3AEB-A75A-42A3-9B08-8D5388AA0C6C,Unknown,,S,,,Ave,S Alandele Ave,2023/09/12 23:03:18+00,821 S Alandele Ave Los Angeles 90036,3A9D3AEB-A75A-42A3-9B08-8D5388AA0C6C_821_S_Alandele_Ave_Los_Angeles_90036,Alandele,821 S Alandele Avenue Ave Los Angeles 90036,,,,
613911,1190658,,5089012036.0,,825.0,,,South,,,Alandele,Avenue,,,,,,,,,,,,,90036.0,,Los Angeles,Los Angeles,,,,,LA City,{762158AA-4677-406F-9D7E-F4D523AA6EF4},0,,762158AA-4677-406F-9D7E-F4D523AA6EF4,Unknown,,S,,,Ave,S Alandele Ave,2023/09/12 23:03:18+00,825 S Alandele Ave Los Angeles 90036,762158AA-4677-406F-9D7E-F4D523AA6EF4_825_S_Alandele_Ave_Los_Angeles_90036,Alandele,825 S Alandele Avenue Ave Los Angeles 90036,,,,
613912,1190659,,5089012036.0,,823.0,,,South,,,Alandele,Avenue,,,,,,,,,,,,,90036.0,,Los Angeles,Los Angeles,,,,,LA City,{B26B31B4-FA17-4E78-8981-9BA46300844A},0,,B26B31B4-FA17-4E78-8981-9BA46300844A,Unknown,,S,,,Ave,S Alandele Ave,2023/09/12 23:03:18+00,823 S Alandele Ave Los Angeles 90036,B26B31B4-FA17-4E78-8981-9BA46300844A_823_S_Alandele_Ave_Los_Angeles_90036,Alandele,823 S Alandele Avenue Ave Los Angeles 90036,,,,
613913,1190660,,5089012036.0,,819.0,,,South,,,Alandele,Avenue,,,,,,,,,,,,,90036.0,,Los Angeles,Los Angeles,,,,,LA City,{BB414E41-020A-4A47-B52B-E6DEEAC21966},0,,BB414E41-020A-4A47-B52B-E6DEEAC21966,Unknown,,S,,,Ave,S Alandele Ave,2023/09/12 23:03:18+00,819 S Alandele Ave Los Angeles 90036,BB414E41-020A-4A47-B52B-E6DEEAC21966_819_S_Alandele_Ave_Los_Angeles_90036,Alandele,819 S Alandele Avenue Ave Los Angeles 90036,,,,
613914,1190661,,5089012036.0,,815.0,,,South,,,Alandele,Avenue,,,,,,,,,,,,,90036.0,,Los Angeles,Los Angeles,,,,,LA City,{CD4C1E01-0B82-44CE-B319-AD9818D2E4D4},0,,CD4C1E01-0B82-44CE-B319-AD9818D2E4D4,Unknown,,S,,,Ave,S Alandele Ave,2023/09/12 23:03:18+00,815 S Alandele Ave Los Angeles 90036,CD4C1E01-0B82-44CE-B319-AD9818D2E4D4_815_S_Alandele_Ave_Los_Angeles_90036,Alandele,815 S Alandele Avenue Ave Los Angeles 90036,,,,
613915,1190662,,5089012037.0,,807.0,,,South,,,Alandele,Avenue,,,,,,,,,,,,,90036.0,,Los Angeles,Los Angeles,,,,,LA City,{6772BD33-1051-4334-8C91-9B62A487BD9B},0,,6772BD33-1051-4334-8C91-9B62A487BD9B,Unknown,,S,,,Ave,S Alandele Ave,2023/09/12 23:03:18+00,807 S Alandele Ave Los Angeles 90036,6772BD33-1051-4334-8C91-9B62A487BD9B_807_S_Alandele_Ave_Los_Angeles_90036,Alandele,807 S Alandele Avenue Ave Los Angeles 90036,,,,
613916,1190663,,5089012037.0,,803.0,,,South,,,Alandele,Avenue,,,,,,,,,,,,,90036.0,,Los Angeles,Los Angeles,,,,,LA City,{501CBCE7-5582-471B-B7E2-BF2D506F1C85},0,,501CBCE7-5582-471B-B7E2-BF2D506F1C85,Unknown,,S,,,Ave,S Alandele Ave,2023/09/12 23:03:18+00,803 S Alandele Ave Los Angeles 90036,501CBCE7-5582-471B-B7E2-BF2D506F1C85_803_S_Alandele_Ave_Los_Angeles_90036,Alandele,803 S Alandele Avenue Ave Los Angeles 90036,,,,
613917,1190664,,5089012037.0,,5882.0,,,West,,,8Th,Street,,,,,,,,,,,,,90036.0,,Los Angeles,Los Angeles,,,,,LA City,{B786EC3D-C13F-4FDE-ABEC-C1EA082B00FA},0,,B786EC3D-C13F-4FDE-ABEC-C1EA082B00FA,Unknown,,W,,,St,W 8Th St,2023/09/12 23:03:18+00,5882 W 8Th St Los Angeles 90036,B786EC3D-C13F-4FDE-ABEC-C1EA082B00FA_5882_W_8Th_St_Los_Angeles_90036,8Th,5882 W 8Th Street St Los Angeles 90036,,,,
613918,1190665,,5089012037.0,,5880.0,,,West,,,8Th,Street,,,,,,,,,,,,,90036.0,,Los Angeles,Los Angeles,,,,,LA City,{7202F34F-E376-4594-BBA3-52154E93ABBC},0,,7202F34F-E376-4594-BBA3-52154E93ABBC,Unknown,,W,,,St,W 8Th St,2023/09/12 23:03:18+00,5880 W 8Th St Los Angeles 90036,7202F34F-E376-4594-BBA3-52154E93ABBC_5880_W_8Th_St_Los_Angeles_90036,8Th,5880 W 8Th Street St Los Angeles 90036,,,,
613919,1190666,,5089013001.0,,804.0,,,South,,,Alandele,Avenue,,,,,,,,,,,,,90036.0,,Los Angeles,Los Angeles,,,,,LA City,{6A05EC71-2E31-4CB9-927F-A5B0E9E3021A},0,,6A05EC71-2E31-4CB9-927F-A5B0E9E3021A,Unknown,,S,,,Ave,S Alandele Ave,2023/09/12 23:03:18+00,804 S Alandele Ave Los Angeles 90036,6A05EC71-2E31-4CB9-927F-A5B0E9E3021A_804_S_Alandele_Ave_Los_Angeles_90036,Alandele,804 S Alandele Avenue Ave Los Angeles 90036,,,,
613920,1190667,,5089013001.0,,802.0,,,South,,,Alandele,Avenue,,,,,,,,,,,,,90036.0,,Los Angeles,Los Angeles,,,,,LA City,{7EB48AF6-8B64-41E2-86D1-E360D86CB121},0,,7EB48AF6-8B64-41E2-86D1-E360D86CB121,Unknown,,S,,,Ave,S Alandele Ave,2023/09/12 23:03:18+00,802 S Alandele Ave Los Angeles 90036,7EB48AF6-8B64-41E2-86D1-E360D86CB121_802_S_Alandele_Ave_Los_Angeles_90036,Alandele,802 S Alandele Avenue Ave Los Angeles 90036,,,,
613921,1190668,,5089013001.0,,800.0,,,South,,,Alandele,Avenue,,,,,,,,,,,,,90036.0,,Los Angeles,Los Angeles,,,,,LA City,{0CA9D9C6-690D-4310-91DD-04849F12BA98},0,,0CA9D9C6-690D-4310-91DD-04849F12BA98,Unknown,,S,,,Ave,S Alandele Ave,2023/09/12 23:03:18+00,800 S Alandele Ave Los Angeles 90036,0CA9D9C6-690D-4310-91DD-04849F12BA98_800_S_Alandele_Ave_Los_Angeles_90036,Alandele,800 S Alandele Avenue Ave Los Angeles 90036,,,,
613922,1190669,,5089013001.0,,5862.0,,,West,,,8Th,Street,,,,,,,,,,,,,90036.0,,Los Angeles,Los Angeles,,,,,LA City,{9B0CE1AE-384C-4329-BD69-4E09A6C8F8F0},0,,9B0CE1AE-384C-4329-BD69-4E09A6C8F8F0,Unknown,,W,,,St,W 8Th St,2023/09/12 23:03:18+00,5862 W 8Th St Los Angeles 90036,9B0CE1AE-384C-4329-BD69-4E09A6C8F8F0_5862_W_8Th_St_Los_Angeles_90036,8Th,5862 W 8Th Street St Los Angeles 90036,,,,
613923,1190670,,5089013002.0,,810.0,,,South,,,Alandele,Avenue,,,,,,,,,,,,,90036.0,,Los Angeles,Los Angeles,,,,,LA City,{BA3EFA92-52DC-4265-954B-01302069ACDE},0,,BA3EFA92-52DC-4265-954B-01302069ACDE,Unknown,,S,,,Ave,S Alandele Ave,2023/09/12 23:03:18+00,810 S Alandele Ave Los Angeles 90036,BA3EFA92-52DC-4265-954B-01302069ACDE_810_S_Alandele_Ave_Los_Angeles_90036,Alandele,810 S Alandele Avenue Ave Los Angeles 90036,,,,
613924,1190671,,5089013002.0,,808.0,,,South,,,Alandele,Avenue,,,,,,,,,,,,,90036.0,,Los Angeles,Los Angeles,,,,,LA City,{18058C2B-C363-4E5F-A5D6-364A5AED51C1},0,,18058C2B-C363-4E5F-A5D6-364A5AED51C1,Unknown,,S,,,Ave,S Alandele Ave,2023/09/12 23:03:18+00,808 S Alandele Ave Los Angeles 90036,18058C2B-C363-4E5F-A5D6-364A5AED51C1_808_S_Alandele_Ave_Los_Angeles_90036,Alandele,808 S Alandele Avenue Ave Los Angeles 90036,,,,
613925,1190672,,5089013002.0,,806.0,,,South,,,Alandele,Avenue,,,,,,,,,,,,,90036.0,,Los Angeles,Los Angeles,,,,,LA City,{9D394051-BED6-4261-A4E6-F2CE4C2CB88E},0,,9D394051-BED6-4261-A4E6-F2CE4C2CB88E,Unknown,,S,,,Ave,S Alandele Ave,2023/09/12 23:03:18+00,806 S Alandele Ave Los Angeles 90036,9D394051-BED6-4261-A4E6-F2CE4C2CB88E_806_S_Alandele_Ave_Los_Angeles_90036,Alandele,806 S Alandele Avenue Ave Los Angeles 90036,,,,
613926,1190673,,5089013003.0,,814.0,,,South,,,Alandele,Avenue,,,,,,,,,,,,,90036.0,,Los Angeles,Los Angeles,,,,,LA City,{313E70DC-7E1F-4FFC-BF60-483643CE14E3},0,,313E70DC-7E1F-4FFC-BF60-483643CE14E3,Unknown,,S,,,Ave,S Alandele Ave,2023/09/12 23:03:18+00,814 S Alandele Ave Los Angeles 90036,313E70DC-7E1F-4FFC-BF60-483643CE14E3_814_S_Alandele_Ave_Los_Angeles_90036,Alandele,814 S Alandele Avenue Ave Los Angeles 90036,,,,
613927,1190674,,5089013003.0,,812.0,,,South,,,Alandele,Avenue,,,,,,,,,,,,,90036.0,,Los Angeles,Los Angeles,,,,,LA City,{2080E05E-092B-4259-8C6B-1E0A9E2F2D43},0,,2080E05E-092B-4259-8C6B-1E0A9E2F2D43,Unknown,,S,,,Ave,S Alandele Ave,2023/09/12 23:03:18+00,812 S Alandele Ave Los Angeles 90036,2080E05E-092B-4259-8C6B-1E0A9E2F2D43_812_S_Alandele_Ave_Los_Angeles_90036,Alandele,812 S Alandele Avenue Ave Los Angeles 90036,,,,
613928,1190675,,5089013004.0,,820.0,,,South,,,Alandele,Avenue,,,,,,,,,,,,,90036.0,,Los Angeles,Los Angeles,,,,,LA City,{A8D20F5F-41A4-42FE-A69F-57CA0D9C32C8},0,,A8D20F5F-41A4-42FE-A69F-57CA0D9C32C8,Unknown,,S,,,Ave,S Alandele Ave,2023/09/12 23:03:18+00,820 S Alandele Ave Los Angeles 90036,A8D20F5F-41A4-42FE-A69F-57CA0D9C32C8_820_S_Alandele_Ave_Los_Angeles_90036,Alandele,820 S Alandele Avenue Ave Los Angeles 90036,,,,
613929,1190676,,5089013004.0,,828.0,,,South,,,Alandele,Avenue,,,,,,,,,,,,,90036.0,,Los Angeles,Los Angeles,,,,,LA City,{D89F5113-9FC1-4366-9508-A1CD0C547AB3},0,,D89F5113-9FC1-4366-9508-A1CD0C547AB3,Unknown,,S,,,Ave,S Alandele Ave,2023/09/12 23:03:18+00,828 S Alandele Ave Los Angeles 90036,D89F5113-9FC1-4366-9508-A1CD0C547AB3_828_S_Alandele_Ave_Los_Angeles_90036,Alandele,828 S Alandele Avenue Ave Los Angeles 90036,,,,
613930,1190677,,5089013006.0,,832.0,,,South,,,Alandele,Avenue,,,,,,,,,,,,,90036.0,,Los Angeles,Los Angeles,,,,,LA City,{FB46EFD1-0AF2-46AE-B4A4-E8A75BF01746},0,,FB46EFD1-0AF2-46AE-B4A4-E8A75BF01746,Unknown,,S,,,Ave,S Alandele Ave,2023/09/12 23:03:18+00,832 S Alandele Ave Los Angeles 90036,FB46EFD1-0AF2-46AE-B4A4-E8A75BF01746_832_S_Alandele_Ave_Los_Angeles_90036,Alandele,832 S Alandele Avenue Ave Los Angeles 90036,,,,
613931,1190678,,5089013007.0,,836.0,,,South,,,Alandele,Avenue,,,,,,,,,,,,,90036.0,,Los Angeles,Los Angeles,,,,,LA City,{A4F33BB0-017B-42C5-B0B5-0F0FCB3B558E},0,,A4F33BB0-017B-42C5-B0B5-0F0FCB3B558E,Unknown,,S,,,Ave,S Alandele Ave,2023/09/12 23:03:18+00,836 S Alandele Ave Los Angeles 90036,A4F33BB0-017B-42C5-B0B5-0F0FCB3B558E_836_S_Alandele_Ave_Los_Angeles_90036,Alandele,836 S Alandele Avenue Ave Los Angeles 90036,,,,
613932,1190679,,5089013007.0,,834.0,,,South,,,Alandele,Avenue,,,,,,,,,,,,,90036.0,,Los Angeles,Los Angeles,,,,,LA City,{261BC3BA-F903-49D1-95E5-454B1F235E9B},0,,261BC3BA-F903-49D1-95E5-454B1F235E9B,Unknown,,S,,,Ave,S Alandele Ave,2023/09/12 23:03:18+00,834 S Alandele Ave Los Angeles 90036,261BC3BA-F903-49D1-95E5-454B1F235E9B_834_S_Alandele_Ave_Los_Angeles_90036,Alandele,834 S Alandele Avenue Ave Los Angeles 90036,,,,
613933,1190680,,5089013008.0,,844.0,,,South,,,Alandele,Avenue,,,,,,,,,,,,,90036.0,,Los Angeles,Los Angeles,,,,,LA City,{C6CF386C-E865-4B64-9376-7080F629CE26},0,,C6CF386C-E865-4B64-9376-7080F629CE26,Unknown,,S,,,Ave,S Alandele Ave,2023/09/12 23:03:18+00,844 S Alandele Ave Los Angeles 90036,C6CF386C-E865-4B64-9376-7080F629CE26_844_S_Alandele_Ave_Los_Angeles_90036,Alandele,844 S Alandele Avenue Ave Los Angeles 90036,,,,
613934,1190681,,5089013008.0,,842.0,,,South,,,Alandele,Avenue,,,,,,,,,,,,,90036.0,,Los Angeles,Los Angeles,,,,,LA City,{2513DA13-1888-47AF-AEB0-169BD54A51E7},0,,2513DA13-1888-47AF-AEB0-169BD54A51E7,Unknown,,S,,,Ave,S Alandele Ave,2023/09/12 23:03:18+00,842 S Alandele Ave Los Angeles 90036,2513DA13-1888-47AF-AEB0-169BD54A51E7_842_S_Alandele_Ave_Los_Angeles_90036,Alandele,842 S Alandele Avenue Ave Los Angeles 90036,,,,
613935,1190682,,5089013009.0,,852.0,,,South,,,Alandele,Avenue,,,,,,,,,,,,,90036.0,,Los Angeles,Los Angeles,,,,,LA City,{63E5531B-FCA8-4B64-9F3E-74AA9FF69AD7},0,,63E5531B-FCA8-4B64-9F3E-74AA9FF69AD7,Unknown,,S,,,Ave,S Alandele Ave,2023/09/12 23:03:18+00,852 S Alandele Ave Los Angeles 90036,63E5531B-FCA8-4B64-9F3E-74AA9FF69AD7_852_S_Alandele_Ave_Los_Angeles_90036,Alandele,852 S Alandele Avenue Ave Los Angeles 90036,,,,
613936,1190683,,5089013009.0,,850.0,,,South,,,Alandele,Avenue,,,,,,,,,,,,,90036.0,,Los Angeles,Los Angeles,,,,,LA City,{A4118D0A-D7BC-4F70-9A9B-7AA74CBE1ACE},0,,A4118D0A-D7BC-4F70-9A9B-7AA74CBE1ACE,Unknown,,S,,,Ave,S Alandele Ave,2023/09/12 23:03:18+00,850 S Alandele Ave Los Angeles 90036,A4118D0A-D7BC-4F70-9A9B-7AA74CBE1ACE_850_S_Alandele_Ave_Los_Angeles_90036,Alandele,850 S Alandele Avenue Ave Los Angeles 90036,,,,
613937,1190684,,5089013009.0,,848.0,,,South,,,Alandele,Avenue,,,,,,,,,,,,,90036.0,,Los Angeles,Los Angeles,,,,,LA City,{B1538A33-77A2-4BDC-B870-D694220AB25D},0,,B1538A33-77A2-4BDC-B870-D694220AB25D,Unknown,,S,,,Ave,S Alandele Ave,2023/09/12 23:03:18+00,848 S Alandele Ave Los Angeles 90036,B1538A33-77A2-4BDC-B870-D694220AB25D_848_S_Alandele_Ave_Los_Angeles_90036,Alandele,848 S Alandele Avenue Ave Los Angeles 90036,,,,
613938,1190685,,5089013009.0,,846.0,,,,,,Alandele,Avenue,,,,,,,,,,,,,90036.0,,Los Angeles,Los Angeles,,,,,Assessor,{B8BCC9E3-95FC-4B58-B6F8-94071D663C6C},0,,B8BCC9E3-95FC-4B58-B6F8-94071D663C6C,Unknown,,,,,Ave,Alandele Ave,2024/04/27 17:13:09+00,846 Alandele Ave Los Angeles 90036,B8BCC9E3-95FC-4B58-B6F8-94071D663C6C_846_Alandele_Ave_Los_Angeles_90036,Alandele,846 Alandele Avenue Ave Los Angeles 90036,,,,
613939,1190686,,5089013010.0,,856.0,,,South,,,Alandele,Avenue,,,,,,,,,,,,,90036.0,,Los Angeles,Los Angeles,,,,,LA City,{9065C7A5-E00B-449C-8517-4AE461557FB1},0,,9065C7A5-E00B-449C-8517-4AE461557FB1,Unknown,,S,,,Ave,S Alandele Ave,2023/09/12 23:03:18+00,856 S Alandele Ave Los Angeles 90036,9065C7A5-E00B-449C-8517-4AE461557FB1_856_S_Alandele_Ave_Los_Angeles_90036,Alandele,856 S Alandele Avenue Ave Los Angeles 90036,,,,
613940,1190687,,5089013010.0,,854.0,,,South,,,Alandele,Avenue,,,,,,,,,,,,,90036.0,,Los Angeles,Los Angeles,,,,,LA City,{7D434764-F812-4842-8494-8AF382F801D7},0,,7D434764-F812-4842-8494-8AF382F801D7,Unknown,,S,,,Ave,S Alandele Ave,2023/09/12 23:03:18+00,854 S Alandele Ave Los Angeles 90036,7D434764-F812-4842-8494-8AF382F801D7_854_S_Alandele_Ave_Los_Angeles_90036,Alandele,854 S Alandele Avenue Ave Los Angeles 90036,,,,
613941,1190688,,5089013011.0,,876.0,,,South,,,Alandele,Avenue,,,,,,,,,,,,,90036.0,,Los Angeles,Los Angeles,,,,,LA City,{6286242B-3FEE-4D0F-866F-B193236C4DE8},0,,6286242B-3FEE-4D0F-866F-B193236C4DE8,Unknown,,S,,,Ave,S Alandele Ave,2023/09/12 23:03:18+00,876 S Alandele Ave Los Angeles 90036,6286242B-3FEE-4D0F-866F-B193236C4DE8_876_S_Alandele_Ave_Los_Angeles_90036,Alandele,876 S Alandele Avenue Ave Los Angeles 90036,,,,
613942,1190689,,5089013011.0,,874.0,,,South,,,Alandele,Avenue,,,,,,,,,,,,,90036.0,,Los Angeles,Los Angeles,,,,,LA City,{82DE0A0C-D9D8-4848-9AA1-F26B914E456B},0,,82DE0A0C-D9D8-4848-9AA1-F26B914E456B,Unknown,,S,,,Ave,S Alandele Ave,2023/09/12 23:03:18+00,874 S Alandele Ave Los Angeles 90036,82DE0A0C-D9D8-4848-9AA1-F26B914E456B_874_S_Alandele_Ave_Los_Angeles_90036,Alandele,874 S Alandele Avenue Ave Los Angeles 90036,,,,
613943,1190690,,5089013011.0,,872.0,,,South,,,Alandele,Avenue,,,,,,,,,,,,,90036.0,,Los Angeles,Los Angeles,,,,,LA City,{E322EE22-079F-4A63-9073-326B343F0186},0,,E322EE22-079F-4A63-9073-326B343F0186,Unknown,,S,,,Ave,S Alandele Ave,2023/09/12 23:03:18+00,872 S Alandele Ave Los Angeles 90036,E322EE22-079F-4A63-9073-326B343F0186_872_S_Alandele_Ave_Los_Angeles_90036,Alandele,872 S Alandele Avenue Ave Los Angeles 90036,,,,
613944,1190691,,5089013012.0,,908.0,,,South,,,Alandele,Avenue,,,,,,,,,,,,,90036.0,,Los Angeles,Los Angeles,,,,,LA City,{0A04F9F5-B9FD-4526-9F55-0F08B55775A9},0,,0A04F9F5-B9FD-4526-9F55-0F08B55775A9,Unknown,,S,,,Ave,S Alandele Ave,2023/09/12 23:03:18+00,908 S Alandele Ave Los Angeles 90036,0A04F9F5-B9FD-4526-9F55-0F08B55775A9_908_S_Alandele_Ave_Los_Angeles_90036,Alandele,908 S Alandele Avenue Ave Los Angeles 90036,,,,
613945,1190692,,5089013012.0,,904.0,,,South,,,Alandele,Avenue,,,,,,,,,,,,,90036.0,,Los Angeles,Los Angeles,,,,,LA City,{EA63F9F0-76C9-4218-AD41-C16473549B6D},0,,EA63F9F0-76C9-4218-AD41-C16473549B6D,Unknown,,S,,,Ave,S Alandele Ave,2023/09/12 23:03:18+00,904 S Alandele Ave Los Angeles 90036,EA63F9F0-76C9-4218-AD41-C16473549B6D_904_S_Alandele_Ave_Los_Angeles_90036,Alandele,904 S Alandele Avenue Ave Los Angeles 90036,,,,
613946,1190693,,5089013012.0,,902.0,,,South,,,Alandele,Avenue,,,,,,,,,,,,,90036.0,,Los Angeles,Los Angeles,,,,,LA City,{560C9EBA-7070-4610-B1EC-8D318CBE664A},0,,560C9EBA-7070-4610-B1EC-8D318CBE664A,Unknown,,S,,,Ave,S Alandele Ave,2023/09/12 23:03:18+00,902 S Alandele Ave Los Angeles 90036,560C9EBA-7070-4610-B1EC-8D318CBE664A_902_S_Alandele_Ave_Los_Angeles_90036,Alandele,902 S Alandele Avenue Ave Los Angeles 90036,,,,
613947,1190694,,5089013012.0,,900.0,,,,,,Alandele,Avenue,,,,,,,,,,,,,90036.0,,Los Angeles,Los Angeles,,,,,Assessor,{2DA7637C-9593-43D8-B320-8611D994E8CC},0,,2DA7637C-9593-43D8-B320-8611D994E8CC,Unknown,,,,,Ave,Alandele Ave,2024/04/27 17:13:09+00,900 Alandele Ave Los Angeles 90036,2DA7637C-9593-43D8-B320-8611D994E8CC_900_Alandele_Ave_Los_Angeles_90036,Alandele,900 Alandele Avenue Ave Los Angeles 90036,,,,
613948,1190695,,5089013012.0,,906.0,1/2,,South,,,Alandele,Avenue,,,,,,,,,,,,,90036.0,,Los Angeles,Los Angeles,,,,,LA City,{C6D99042-F5F8-412D-9D8C-B60791EF81A5},0,,C6D99042-F5F8-412D-9D8C-B60791EF81A5,Unknown,,S,,,Ave,S Alandele Ave,2024/05/12 21:05:27+00,906 1/2 S Alandele Ave Los Angeles 90036,C6D99042-F5F8-412D-9D8C-B60791EF81A5_906_1/2_S_Alandele_Ave_Los_Angeles_90036,Alandele,906 1/2 S Alandele Avenue Ave Los Angeles 90036,,,,
613949,1190696,,5089013012.0,,906.0,,,South,,,Alandele,Avenue,,,,,,,,,,,,,90036.0,,Los Angeles,Los Angeles,,,,,LA City,{00843507-629A-4B0B-ABD0-FC5DB02E9CF4},0,,00843507-629A-4B0B-ABD0-FC5DB02E9CF4,Unknown,,S,,,Ave,S Alandele Ave,2024/05/12 21:05:27+00,906 S Alandele Ave Los Angeles 90036,00843507-629A-4B0B-ABD0-FC5DB02E9CF4_906_S_Alandele_Ave_Los_Angeles_90036,Alandele,906 S Alandele Avenue Ave Los Angeles 90036,,,,
613950,1190697,,5089013013.0,,916.0,,,South,,,Alandele,Avenue,,,,,,,,,,,,,90036.0,,Los Angeles,Los Angeles,,,,,LA City,{321F310D-5648-4782-8ED2-388EF2678177},0,,321F310D-5648-4782-8ED2-388EF2678177,Unknown,,S,,,Ave,S Alandele Ave,2023/09/12 23:03:18+00,916 S Alandele Ave Los Angeles 90036,321F310D-5648-4782-8ED2-388EF2678177_916_S_Alandele_Ave_Los_Angeles_90036,Alandele,916 S Alandele Avenue Ave Los Angeles 90036,,,,
613951,1190698,,5089013013.0,,910.0,,,South,,,Alandele,Avenue,,,,,,,,,,,,,90036.0,,Los Angeles,Los Angeles,,,,,LA City,{6A6C980F-CC38-4A20-9748-88AA37A395F0},0,,6A6C980F-CC38-4A20-9748-88AA37A395F0,Unknown,,S,,,Ave,S Alandele Ave,2023/09/12 23:03:18+00,910 S Alandele Ave Los Angeles 90036,6A6C980F-CC38-4A20-9748-88AA37A395F0_910_S_Alandele_Ave_Los_Angeles_90036,Alandele,910 S Alandele Avenue Ave Los Angeles 90036,,,,
613952,1190699,,5089013013.0,,914.0,,,South,,,Alandele,Avenue,,,,,,,,,,,,,90036.0,,Los Angeles,Los Angeles,,,,,LA City,{6A131C83-AF97-4D8E-B334-5B241A83FD68},0,,6A131C83-AF97-4D8E-B334-5B241A83FD68,Unknown,,S,,,Ave,S Alandele Ave,2023/09/12 23:03:18+00,914 S Alandele Ave Los Angeles 90036,6A131C83-AF97-4D8E-B334-5B241A83FD68_914_S_Alandele_Ave_Los_Angeles_90036,Alandele,914 S Alandele Avenue Ave Los Angeles 90036,,,,
613953,1190700,,5089013013.0,,920.0,,,South,,,Alandele,Avenue,,,,,,,,,,,,,90036.0,,Los Angeles,Los Angeles,,,,,LA City,{AB8A8255-2983-4BF9-8371-55E495AF0BAB},0,,AB8A8255-2983-4BF9-8371-55E495AF0BAB,Unknown,,S,,,Ave,S Alandele Ave,2023/09/12 23:03:18+00,920 S Alandele Ave Los Angeles 90036,AB8A8255-2983-4BF9-8371-55E495AF0BAB_920_S_Alandele_Ave_Los_Angeles_90036,Alandele,920 S Alandele Avenue Ave Los Angeles 90036,,,,
613954,1190701,,5089013013.0,,918.0,,,South,,,Alandele,Avenue,,,,,,,,,,,,,90036.0,,Los Angeles,Los Angeles,,,,,LA City,{1F15135A-DB56-465A-AA21-C8255C152BCC},0,,1F15135A-DB56-465A-AA21-C8255C152BCC,Unknown,,S,,,Ave,S Alandele Ave,2023/09/12 23:03:18+00,918 S Alandele Ave Los Angeles 90036,1F15135A-DB56-465A-AA21-C8255C152BCC_918_S_Alandele_Ave_Los_Angeles_90036,Alandele,918 S Alandele Avenue Ave Los Angeles 90036,,,,
613955,1190702,,5089013013.0,,912.0,,,South,,,Alandele,Avenue,,,,,,,,,,,,,90036.0,,Los Angeles,Los Angeles,,,,,LA City,{E9E771F7-B276-482E-8F97-176DA51C7FE5},0,,E9E771F7-B276-482E-8F97-176DA51C7FE5,Unknown,,S,,,Ave,S Alandele Ave,2023/09/12 23:03:18+00,912 S Alandele Ave Los Angeles 90036,E9E771F7-B276-482E-8F97-176DA51C7FE5_912_S_Alandele_Ave_Los_Angeles_90036,Alandele,912 S Alandele Avenue Ave Los Angeles 90036,,,,
613956,1190703,,5089013014.0,,926.0,,,South,,,Alandele,Avenue,,,,,,,,,,,,,90036.0,,Los Angeles,Los Angeles,,,,,LA City,{317F936A-06D0-446A-BD91-61738E3AA10E},0,,317F936A-06D0-446A-BD91-61738E3AA10E,Unknown,,S,,,Ave,S Alandele Ave,2023/09/12 23:03:18+00,926 S Alandele Ave Los Angeles 90036,317F936A-06D0-446A-BD91-61738E3AA10E_926_S_Alandele_Ave_Los_Angeles_90036,Alandele,926 S Alandele Avenue Ave Los Angeles 90036,,,,
613957,1190704,,5089013014.0,,928.0,,,South,,,Alandele,Avenue,,,,,,,,,,,,,90036.0,,Los Angeles,Los Angeles,,,,,LA City,{E567A54F-11F0-44BE-A5B8-5ED6561CB804},0,,E567A54F-11F0-44BE-A5B8-5ED6561CB804,Unknown,,S,,,Ave,S Alandele Ave,2023/09/12 23:03:18+00,928 S Alandele Ave Los Angeles 90036,E567A54F-11F0-44BE-A5B8-5ED6561CB804_928_S_Alandele_Ave_Los_Angeles_90036,Alandele,928 S Alandele Avenue Ave Los Angeles 90036,,,,
613958,1190705,,5089013014.0,,922.0,,,South,,,Alandele,Avenue,,,,,,,,,,,,,90036.0,,Los Angeles,Los Angeles,,,,,LA City,{37E5918F-CB1A-4297-93B5-450B2E8B9394},0,,37E5918F-CB1A-4297-93B5-450B2E8B9394,Unknown,,S,,,Ave,S Alandele Ave,2023/09/12 23:03:18+00,922 S Alandele Ave Los Angeles 90036,37E5918F-CB1A-4297-93B5-450B2E8B9394_922_S_Alandele_Ave_Los_Angeles_90036,Alandele,922 S Alandele Avenue Ave Los Angeles 90036,,,,
613959,1190706,,5089013014.0,,932.0,,,South,,,Alandele,Avenue,,,,,,,,,,,,,90036.0,,Los Angeles,Los Angeles,,,,,LA City,{344BED4F-336D-4018-89EA-48E72D77E830},0,,344BED4F-336D-4018-89EA-48E72D77E830,Unknown,,S,,,Ave,S Alandele Ave,2023/09/12 23:03:18+00,932 S Alandele Ave Los Angeles 90036,344BED4F-336D-4018-89EA-48E72D77E830_932_S_Alandele_Ave_Los_Angeles_90036,Alandele,932 S Alandele Avenue Ave Los Angeles 90036,,,,
613960,1190707,,5089013014.0,,924.0,,,South,,,Alandele,Avenue,,,,,,,,,,,,,90036.0,,Los Angeles,Los Angeles,,,,,LA City,{85092AAF-1131-46E8-A39C-9FAC7CE66609},0,,85092AAF-1131-46E8-A39C-9FAC7CE66609,Unknown,,S,,,Ave,S Alandele Ave,2023/09/12 23:03:18+00,924 S Alandele Ave Los Angeles 90036,85092AAF-1131-46E8-A39C-9FAC7CE66609_924_S_Alandele_Ave_Los_Angeles_90036,Alandele,924 S Alandele Avenue Ave Los Angeles 90036,,,,
613961,1190708,,5089013014.0,,930.0,,,South,,,Alandele,Avenue,,,,,,,,,,,,,90036.0,,Los Angeles,Los Angeles,,,,,LA City,{2595FE64-6C26-4CDC-8CE3-6C13B7A5F816},0,,2595FE64-6C26-4CDC-8CE3-6C13B7A5F816,Unknown,,S,,,Ave,S Alandele Ave,2023/09/12 23:03:18+00,930 S Alandele Ave Los Angeles 90036,2595FE64-6C26-4CDC-8CE3-6C13B7A5F816_930_S_Alandele_Ave_Los_Angeles_90036,Alandele,930 S Alandele Avenue Ave Los Angeles 90036,,,,
613962,1190709,,5089013015.0,,934.0,,,South,,,Alandele,Avenue,,,,,,,,,,,,,90036.0,,Los Angeles,Los Angeles,,,,,LA City,{B077C611-4F04-4B43-A42B-2D731F62D24F},0,,B077C611-4F04-4B43-A42B-2D731F62D24F,Unknown,,S,,,Ave,S Alandele Ave,2023/09/12 23:03:18+00,934 S Alandele Ave Los Angeles 90036,B077C611-4F04-4B43-A42B-2D731F62D24F_934_S_Alandele_Ave_Los_Angeles_90036,Alandele,934 S Alandele Avenue Ave Los Angeles 90036,,,,
613963,1190710,,5089013015.0,,938.0,,,South,,,Alandele,Avenue,,,,,,,,,,,,,90036.0,,Los Angeles,Los Angeles,,,,,LA City,{CDE3E8B1-293A-4B1D-B373-D9EBCB35B659},0,,CDE3E8B1-293A-4B1D-B373-D9EBCB35B659,Unknown,,S,,,Ave,S Alandele Ave,2023/09/12 23:03:18+00,938 S Alandele Ave Los Angeles 90036,CDE3E8B1-293A-4B1D-B373-D9EBCB35B659_938_S_Alandele_Ave_Los_Angeles_90036,Alandele,938 S Alandele Avenue Ave Los Angeles 90036,,,,
613964,1190711,,5089013015.0,,940.0,,,South,,,Alandele,Avenue,,,,,,,,,,,,,90036.0,,Los Angeles,Los Angeles,,,,,LA City,{722C46CA-C494-4A9B-8998-AFF127571E81},0,,722C46CA-C494-4A9B-8998-AFF127571E81,Unknown,,S,,,Ave,S Alandele Ave,2023/09/12 23:03:18+00,940 S Alandele Ave Los Angeles 90036,722C46CA-C494-4A9B-8998-AFF127571E81_940_S_Alandele_Ave_Los_Angeles_90036,Alandele,940 S Alandele Avenue Ave Los Angeles 90036,,,,
613965,1190712,,5089013015.0,,942.0,,,South,,,Alandele,Avenue,,,,,,,,,,,,,90036.0,,Los Angeles,Los Angeles,,,,,LA City,{0F26AC9A-E6F7-4EA5-8B7E-BA2584EDF7C1},0,,0F26AC9A-E6F7-4EA5-8B7E-BA2584EDF7C1,Unknown,,S,,,Ave,S Alandele Ave,2023/09/12 23:03:18+00,942 S Alandele Ave Los Angeles 90036,0F26AC9A-E6F7-4EA5-8B7E-BA2584EDF7C1_942_S_Alandele_Ave_Los_Angeles_90036,Alandele,942 S Alandele Avenue Ave Los Angeles 90036,,,,
613966,1190713,,5089013015.0,,936.0,,,South,,,Alandele,Avenue,,,,,,,,,,,,,90036.0,,Los Angeles,Los Angeles,,,,,LA City,{2348AFF1-4ACC-4D57-9448-F95B0E5C8E94},0,,2348AFF1-4ACC-4D57-9448-F95B0E5C8E94,Unknown,,S,,,Ave,S Alandele Ave,2023/09/12 23:03:18+00,936 S Alandele Ave Los Angeles 90036,2348AFF1-4ACC-4D57-9448-F95B0E5C8E94_936_S_Alandele_Ave_Los_Angeles_90036,Alandele,936 S Alandele Avenue Ave Los Angeles 90036,,,,
613967,1190714,,5089013015.0,,944.0,,,South,,,Alandele,Avenue,,,,,,,,,,,,,90036.0,,Los Angeles,Los Angeles,,,,,LA City,{754C76D5-2079-4E51-87FE-67F2C3F953B1},0,,754C76D5-2079-4E51-87FE-67F2C3F953B1,Unknown,,S,,,Ave,S Alandele Ave,2023/09/12 23:03:18+00,944 S Alandele Ave Los Angeles 90036,754C76D5-2079-4E51-87FE-67F2C3F953B1_944_S_Alandele_Ave_Los_Angeles_90036,Alandele,944 S Alandele Avenue Ave Los Angeles 90036,,,,
613968,1190715,,5089013016.0,,948.0,,,South,,,Alandele,Avenue,,,,,,,,,,,,,90036.0,,Los Angeles,Los Angeles,,,,,LA City,{FA5A4345-ABB8-4FA5-AB69-2F29095D978D},0,,FA5A4345-ABB8-4FA5-AB69-2F29095D978D,Unknown,,S,,,Ave,S Alandele Ave,2023/09/12 23:03:18+00,948 S Alandele Ave Los Angeles 90036,FA5A4345-ABB8-4FA5-AB69-2F29095D978D_948_S_Alandele_Ave_Los_Angeles_90036,Alandele,948 S Alandele Avenue Ave Los Angeles 90036,,,,
613969,1190716,,5089013016.0,,5865.0,,,West,,,Olympic,Boulevard,,,,,,,,,,,,,90036.0,,Los Angeles,Los Angeles,,,,,LA City,{E552A009-9905-4E77-A8DC-AF7025D3FC59},0,,E552A009-9905-4E77-A8DC-AF7025D3FC59,Unknown,,W,,,Blvd,W Olympic Blvd,2023/09/12 23:03:18+00,5865 W Olympic Blvd Los Angeles 90036,E552A009-9905-4E77-A8DC-AF7025D3FC59_5865_W_Olympic_Blvd_Los_Angeles_90036,Olympic,5865 W Olympic Boulevard Blvd Los Angeles 90036,,,,
613970,1190717,,5089013016.0,,954.0,,,South,,,Alandele,Avenue,,,,,,,,,,,,,90036.0,,Los Angeles,Los Angeles,,,,,LA City,{9A5119A1-7024-4F13-A07A-1D7912C72D89},0,,9A5119A1-7024-4F13-A07A-1D7912C72D89,Unknown,,S,,,Ave,S Alandele Ave,2023/09/12 23:03:18+00,954 S Alandele Ave Los Angeles 90036,9A5119A1-7024-4F13-A07A-1D7912C72D89_954_S_Alandele_Ave_Los_Angeles_90036,Alandele,954 S Alandele Avenue Ave Los Angeles 90036,,,,
613971,1190718,,5089013016.0,,950.0,,,South,,,Alandele,Avenue,,,,,,,,,,,,,90036.0,,Los Angeles,Los Angeles,,,,,LA City,{7866F915-E0B8-4385-8DEF-582B2695FAD4},0,,7866F915-E0B8-4385-8DEF-582B2695FAD4,Unknown,,S,,,Ave,S Alandele Ave,2023/09/12 23:03:18+00,950 S Alandele Ave Los Angeles 90036,7866F915-E0B8-4385-8DEF-582B2695FAD4_950_S_Alandele_Ave_Los_Angeles_90036,Alandele,950 S Alandele Avenue Ave Los Angeles 90036,,,,
613972,1190719,,5089013016.0,,946.0,,,South,,,Alandele,Avenue,,,,,,,,,,,,,90036.0,,Los Angeles,Los Angeles,,,,,LA City,{C0274317-6A22-49A6-816F-8E977AB0F785},0,,C0274317-6A22-49A6-816F-8E977AB0F785,Unknown,,S,,,Ave,S Alandele Ave,2023/09/12 23:03:18+00,946 S Alandele Ave Los Angeles 90036,C0274317-6A22-49A6-816F-8E977AB0F785_946_S_Alandele_Ave_Los_Angeles_90036,Alandele,946 S Alandele Avenue Ave Los Angeles 90036,,,,
613973,1190720,,5089013016.0,,952.0,,,South,,,Alandele,Avenue,,,,,,,,,,,,,90036.0,,Los Angeles,Los Angeles,,,,,LA City,{6755F697-0001-4FC4-9C33-690B8DED2394},0,,6755F697-0001-4FC4-9C33-690B8DED2394,Unknown,,S,,,Ave,S Alandele Ave,2023/09/12 23:03:18+00,952 S Alandele Ave Los Angeles 90036,6755F697-0001-4FC4-9C33-690B8DED2394_952_S_Alandele_Ave_Los_Angeles_90036,Alandele,952 S Alandele Avenue Ave Los Angeles 90036,,,,
613974,1190721,,5089013016.0,,956.0,,,South,,,Alandele,Avenue,,,,,,,,,,,,,90036.0,,Los Angeles,Los Angeles,,,,,LA City,{79DB01AB-345F-4FCE-B932-F7B0B03F4D40},0,,79DB01AB-345F-4FCE-B932-F7B0B03F4D40,Unknown,,S,,,Ave,S Alandele Ave,2023/09/12 23:03:18+00,956 S Alandele Ave Los Angeles 90036,79DB01AB-345F-4FCE-B932-F7B0B03F4D40_956_S_Alandele_Ave_Los_Angeles_90036,Alandele,956 S Alandele Avenue Ave Los Angeles 90036,,,,
613975,1190722,,5089013016.0,,5867.0,,,West,,,Olympic,Boulevard,,,,,,,,,,,,,90036.0,,Los Angeles,Los Angeles,,,,,LA City,{E52DB443-257A-403B-B108-C87FF1E921B7},0,,E52DB443-257A-403B-B108-C87FF1E921B7,Unknown,,W,,,Blvd,W Olympic Blvd,2023/09/12 23:03:18+00,5867 W Olympic Blvd Los Angeles 90036,E52DB443-257A-403B-B108-C87FF1E921B7_5867_W_Olympic_Blvd_Los_Angeles_90036,Olympic,5867 W Olympic Boulevard Blvd Los Angeles 90036,,,,
613976,1190723,,5089013017.0,,5858.0,,,West,,,8Th,Street,,,,,,,,,,,,,90036.0,,Los Angeles,Los Angeles,,,,,LA City,{E1A94AA8-23AB-4B7A-95F0-07FBE123E9B7},0,,E1A94AA8-23AB-4B7A-95F0-07FBE123E9B7,Unknown,,W,,,St,W 8Th St,2023/09/12 23:03:18+00,5858 W 8Th St Los Angeles 90036,E1A94AA8-23AB-4B7A-95F0-07FBE123E9B7_5858_W_8Th_St_Los_Angeles_90036,8Th,5858 W 8Th Street St Los Angeles 90036,,,,
613977,1190724,,5089013017.0,,801.0,,,South,,,Stanley,Avenue,,,,,,,,,,,,,90036.0,,Los Angeles,Los Angeles,,,,,LA City,{0AA6F34C-21FE-4880-B76A-B6195687F933},0,,0AA6F34C-21FE-4880-B76A-B6195687F933,Unknown,,S,,,Ave,S Stanley Ave,2023/09/12 23:03:18+00,801 S Stanley Ave Los Angeles 90036,0AA6F34C-21FE-4880-B76A-B6195687F933_801_S_Stanley_Ave_Los_Angeles_90036,Stanley,801 S Stanley Avenue Ave Los Angeles 90036,,,,
613978,1190725,,5089013017.0,,805.0,,,South,,,Stanley,Avenue,,,,,,,,,,,,,90036.0,,Los Angeles,Los Angeles,,,,,LA City,{17D55595-D229-4AB3-B0DC-6E2A7987E909},0,,17D55595-D229-4AB3-B0DC-6E2A7987E909,Unknown,,S,,,Ave,S Stanley Ave,2023/09/12 23:03:18+00,805 S Stanley Ave Los Angeles 90036,17D55595-D229-4AB3-B0DC-6E2A7987E909_805_S_Stanley_Ave_Los_Angeles_90036,Stanley,805 S Stanley Avenue Ave Los Angeles 90036,,,,
613979,1190726,,5089013017.0,,5854.0,,,West,,,8Th,Street,,,,,,,,,,,,,90036.0,,Los Angeles,Los Angeles,,,,,LA City,{EDCE8404-AD3A-421C-B484-06CF81081404},0,,EDCE8404-AD3A-421C-B484-06CF81081404,Unknown,,W,,,St,W 8Th St,2023/09/12 23:03:18+00,5854 W 8Th St Los Angeles 90036,EDCE8404-AD3A-421C-B484-06CF81081404_5854_W_8Th_St_Los_Angeles_90036,8Th,5854 W 8Th Street St Los Angeles 90036,,,,
613980,1190727,,5089013018.0,,809.0,,,South,,,Stanley,Avenue,,,,,,,,,,,,,90036.0,,Los Angeles,Los Angeles,,,,,LA City,{54D90502-51D0-422B-80EB-7DB3A65DD8DF},0,,54D90502-51D0-422B-80EB-7DB3A65DD8DF,Unknown,,S,,,Ave,S Stanley Ave,2023/09/12 23:03:18+00,809 S Stanley Ave Los Angeles 90036,54D90502-51D0-422B-80EB-7DB3A65DD8DF_809_S_Stanley_Ave_Los_Angeles_90036,Stanley,809 S Stanley Avenue Ave Los Angeles 90036,,,,
613981,1190728,,5089013018.0,,811.0,,,South,,,Stanley,Avenue,,,,,,,,,,,,,90036.0,,Los Angeles,Los Angeles,,,,,LA City,{10BEFDC2-BEAC-46F7-A16A-F44CE284C762},0,,10BEFDC2-BEAC-46F7-A16A-F44CE284C762,Unknown,,S,,,Ave,S Stanley Ave,2023/09/12 23:03:18+00,811 S Stanley Ave Los Angeles 90036,10BEFDC2-BEAC-46F7-A16A-F44CE284C762_811_S_Stanley_Ave_Los_Angeles_90036,Stanley,811 S Stanley Avenue Ave Los Angeles 90036,,,,
613982,1190729,,5089013019.0,,813.0,,,South,,,Stanley,Avenue,,,,,,,,,,,,,90036.0,,Los Angeles,Los Angeles,,,,,LA City,{5D875ADE-442D-4384-9E2C-F8A88108783B},0,,5D875ADE-442D-4384-9E2C-F8A88108783B,Unknown,,S,,,Ave,S Stanley Ave,2023/09/12 23:03:18+00,813 S Stanley Ave Los Angeles 90036,5D875ADE-442D-4384-9E2C-F8A88108783B_813_S_Stanley_Ave_Los_Angeles_90036,Stanley,813 S Stanley Avenue Ave Los Angeles 90036,,,,
613983,1190730,,5089013019.0,,815.0,,,South,,,Stanley,Avenue,,,,,,,,,,,,,90036.0,,Los Angeles,Los Angeles,,,,,LA City,{F5F8B75C-31C7-4B38-8968-7FEF4C63C417},0,,F5F8B75C-31C7-4B38-8968-7FEF4C63C417,Unknown,,S,,,Ave,S Stanley Ave,2023/09/12 23:03:18+00,815 S Stanley Ave Los Angeles 90036,F5F8B75C-31C7-4B38-8968-7FEF4C63C417_815_S_Stanley_Ave_Los_Angeles_90036,Stanley,815 S Stanley Avenue Ave Los Angeles 90036,,,,
613984,1190731,,5089013020.0,,819.0,,,South,,,Stanley,Avenue,,,,,,,,,,,,,90036.0,,Los Angeles,Los Angeles,,,,,LA City,{E85D1B06-3F8E-485D-8990-F8C8DB711571},0,,E85D1B06-3F8E-485D-8990-F8C8DB711571,Unknown,,S,,,Ave,S Stanley Ave,2023/09/12 23:03:18+00,819 S Stanley Ave Los Angeles 90036,E85D1B06-3F8E-485D-8990-F8C8DB711571_819_S_Stanley_Ave_Los_Angeles_90036,Stanley,819 S Stanley Avenue Ave Los Angeles 90036,,,,
613985,1190732,,5089013020.0,,821.0,,,South,,,Stanley,Avenue,,,,,,,,,,,,,90036.0,,Los Angeles,Los Angeles,,,,,LA City,{124C1075-B34D-4577-A34B-AF31ECB486DF},0,,124C1075-B34D-4577-A34B-AF31ECB486DF,Unknown,,S,,,Ave,S Stanley Ave,2023/09/12 23:03:18+00,821 S Stanley Ave Los Angeles 90036,124C1075-B34D-4577-A34B-AF31ECB486DF_821_S_Stanley_Ave_Los_Angeles_90036,Stanley,821 S Stanley Avenue Ave Los Angeles 90036,,,,
613986,1190733,,5089013021.0,,827.0,,,South,,,Stanley,Avenue,,,,,,,,,,,,,90036.0,,Los Angeles,Los Angeles,,,,,LA City,{FF929D7C-21A0-4D9F-8B42-81C2645B8EB8},0,,FF929D7C-21A0-4D9F-8B42-81C2645B8EB8,Unknown,,S,,,Ave,S Stanley Ave,2023/09/12 23:03:18+00,827 S Stanley Ave Los Angeles 90036,FF929D7C-21A0-4D9F-8B42-81C2645B8EB8_827_S_Stanley_Ave_Los_Angeles_90036,Stanley,827 S Stanley Avenue Ave Los Angeles 90036,,,,
613987,1190734,,5089013021.0,,825.0,,,South,,,Stanley,Avenue,,,,,,,,,,,,,90036.0,,Los Angeles,Los Angeles,,,,,LA City,{AE7D6F29-F18C-4DAF-9AB5-33E3650F314B},0,,AE7D6F29-F18C-4DAF-9AB5-33E3650F314B,Unknown,,S,,,Ave,S Stanley Ave,2023/09/12 23:03:18+00,825 S Stanley Ave Los Angeles 90036,AE7D6F29-F18C-4DAF-9AB5-33E3650F314B_825_S_Stanley_Ave_Los_Angeles_90036,Stanley,825 S Stanley Avenue Ave Los Angeles 90036,,,,
613988,1190735,,5089013022.0,,831.0,,,South,,,Stanley,Avenue,,,,,,,,,,,,,90036.0,,Los Angeles,Los Angeles,,,,,LA City,{1C40EDC6-934E-4DF2-BDF0-173E3E17F011},0,,1C40EDC6-934E-4DF2-BDF0-173E3E17F011,Unknown,,S,,,Ave,S Stanley Ave,2023/09/12 23:03:18+00,831 S Stanley Ave Los Angeles 90036,1C40EDC6-934E-4DF2-BDF0-173E3E17F011_831_S_Stanley_Ave_Los_Angeles_90036,Stanley,831 S Stanley Avenue Ave Los Angeles 90036,,,,
613989,1190736,,5089013022.0,,829.0,,,South,,,Stanley,Avenue,,,,,,,,,,,,,90036.0,,Los Angeles,Los Angeles,,,,,LA City,{F7672B1F-7743-4950-858F-EB9F66820CE1},0,,F7672B1F-7743-4950-858F-EB9F66820CE1,Unknown,,S,,,Ave,S Stanley Ave,2023/09/12 23:03:18+00,829 S Stanley Ave Los Angeles 90036,F7672B1F-7743-4950-858F-EB9F66820CE1_829_S_Stanley_Ave_Los_Angeles_90036,Stanley,829 S Stanley Avenue Ave Los Angeles 90036,,,,
613990,1190737,,5089013023.0,,833.0,,,South,,,Stanley,Avenue,,,,,,,,,,,,,90036.0,,Los Angeles,Los Angeles,,,,,LA City,{F1C0EC1F-9AA0-4140-9EC8-80970318EF3A},0,,F1C0EC1F-9AA0-4140-9EC8-80970318EF3A,Unknown,,S,,,Ave,S Stanley Ave,2023/09/12 23:03:18+00,833 S Stanley Ave Los Angeles 90036,F1C0EC1F-9AA0-4140-9EC8-80970318EF3A_833_S_Stanley_Ave_Los_Angeles_90036,Stanley,833 S Stanley Avenue Ave Los Angeles 90036,,,,
613991,1190738,,5089013024.0,,839.0,,,South,,,Stanley,Avenue,,,,,,,,,,,,,90036.0,,Los Angeles,Los Angeles,,,,,LA City,{33DE477E-E3BD-4025-A595-322FDB768DC9},0,,33DE477E-E3BD-4025-A595-322FDB768DC9,Unknown,,S,,,Ave,S Stanley Ave,2023/09/12 23:03:18+00,839 S Stanley Ave Los Angeles 90036,33DE477E-E3BD-4025-A595-322FDB768DC9_839_S_Stanley_Ave_Los_Angeles_90036,Stanley,839 S Stanley Avenue Ave Los Angeles 90036,,,,
613992,1190739,,5089013025.0,,845.0,,,South,,,Stanley,Avenue,,,,,,,,,,,,,90036.0,,Los Angeles,Los Angeles,,,,,LA City,{BCC6E248-6772-4613-AE7D-41738AAE9EE1},0,,BCC6E248-6772-4613-AE7D-41738AAE9EE1,Unknown,,S,,,Ave,S Stanley Ave,2023/09/12 23:03:18+00,845 S Stanley Ave Los Angeles 90036,BCC6E248-6772-4613-AE7D-41738AAE9EE1_845_S_Stanley_Ave_Los_Angeles_90036,Stanley,845 S Stanley Avenue Ave Los Angeles 90036,,,,
613993,1190740,,5089013026.0,,849.0,,,South,,,Stanley,Avenue,,,,,,,,,,,,,90036.0,,Los Angeles,Los Angeles,,,,,LA City,{D8A1C9DA-E0F5-430C-98C0-1BEA0C016522},0,,D8A1C9DA-E0F5-430C-98C0-1BEA0C016522,Unknown,,S,,,Ave,S Stanley Ave,2023/09/12 23:03:18+00,849 S Stanley Ave Los Angeles 90036,D8A1C9DA-E0F5-430C-98C0-1BEA0C016522_849_S_Stanley_Ave_Los_Angeles_90036,Stanley,849 S Stanley Avenue Ave Los Angeles 90036,,,,
613994,1190741,,5089013027.0,,853.0,,,South,,,Stanley,Avenue,,,,,,,,,,,,,90036.0,,Los Angeles,Los Angeles,,,,,LA City,{7AEB86EA-2C3B-4634-B2EF-76F1F1FF09F4},0,,7AEB86EA-2C3B-4634-B2EF-76F1F1FF09F4,Unknown,,S,,,Ave,S Stanley Ave,2023/09/12 23:03:18+00,853 S Stanley Ave Los Angeles 90036,7AEB86EA-2C3B-4634-B2EF-76F1F1FF09F4_853_S_Stanley_Ave_Los_Angeles_90036,Stanley,853 S Stanley Avenue Ave Los Angeles 90036,,,,
613995,1190742,,5089013027.0,,855.0,,,South,,,Stanley,Avenue,,,,,,,,,,,,,90036.0,,Los Angeles,Los Angeles,,,,,LA City,{97CACC64-C8FA-49D3-9D23-37BD019E2DF0},0,,97CACC64-C8FA-49D3-9D23-37BD019E2DF0,Unknown,,S,,,Ave,S Stanley Ave,2023/09/12 23:03:18+00,855 S Stanley Ave Los Angeles 90036,97CACC64-C8FA-49D3-9D23-37BD019E2DF0_855_S_Stanley_Ave_Los_Angeles_90036,Stanley,855 S Stanley Avenue Ave Los Angeles 90036,,,,
613996,1190743,,5089013028.0,,859.0,,,South,,,Stanley,Avenue,,,,,,,,,,,,,90036.0,,Los Angeles,Los Angeles,,,,,LA City,{1EC76D79-92C6-4C0A-937A-95525F810F75},0,,1EC76D79-92C6-4C0A-937A-95525F810F75,Unknown,,S,,,Ave,S Stanley Ave,2023/09/12 23:03:18+00,859 S Stanley Ave Los Angeles 90036,1EC76D79-92C6-4C0A-937A-95525F810F75_859_S_Stanley_Ave_Los_Angeles_90036,Stanley,859 S Stanley Avenue Ave Los Angeles 90036,,,,
613997,1190744,,5089013028.0,,861.0,,,South,,,Stanley,Avenue,,,,,,,,,,,,,90036.0,,Los Angeles,Los Angeles,,,,,LA City,{532CB1EF-3D79-425C-82F7-A613CB722D43},0,,532CB1EF-3D79-425C-82F7-A613CB722D43,Unknown,,S,,,Ave,S Stanley Ave,2023/09/12 23:03:18+00,861 S Stanley Ave Los Angeles 90036,532CB1EF-3D79-425C-82F7-A613CB722D43_861_S_Stanley_Ave_Los_Angeles_90036,Stanley,861 S Stanley Avenue Ave Los Angeles 90036,,,,
613998,1190745,,5089013029.0,,865.0,,,South,,,Stanley,Avenue,,,,,,,,,,,,,90036.0,,Los Angeles,Los Angeles,,,,,LA City,{B1942D88-FF6E-465D-A9DF-41DF48B64BA6},0,,B1942D88-FF6E-465D-A9DF-41DF48B64BA6,Unknown,,S,,,Ave,S Stanley Ave,2023/09/12 23:03:18+00,865 S Stanley Ave Los Angeles 90036,B1942D88-FF6E-465D-A9DF-41DF48B64BA6_865_S_Stanley_Ave_Los_Angeles_90036,Stanley,865 S Stanley Avenue Ave Los Angeles 90036,,,,
613999,1190746,,5089013029.0,,863.0,,,South,,,Stanley,Avenue,,,,,,,,,,,,,90036.0,,Los Angeles,Los Angeles,,,,,LA City,{DFFA0EB5-CC77-418D-8A63-BD4BD8B04913},0,,DFFA0EB5-CC77-418D-8A63-BD4BD8B04913,Unknown,,S,,,Ave,S Stanley Ave,2023/09/12 23:03:18+00,863 S Stanley Ave Los Angeles 90036,DFFA0EB5-CC77-418D-8A63-BD4BD8B04913_863_S_Stanley_Ave_Los_Angeles_90036,Stanley,863 S Stanley Avenue Ave Los Angeles 90036,,,,
614000,1190747,,5089013030.0,,901.0,,,South,,,Stanley,Avenue,,,,,,,,,,,,,90036.0,,Los Angeles,Los Angeles,,,,,LA City,{0E8CEDA6-182F-4476-8FAC-C4411CE770A8},0,,0E8CEDA6-182F-4476-8FAC-C4411CE770A8,Unknown,,S,,,Ave,S Stanley Ave,2023/09/12 23:03:18+00,901 S Stanley Ave Los Angeles 90036,0E8CEDA6-182F-4476-8FAC-C4411CE770A8_901_S_Stanley_Ave_Los_Angeles_90036,Stanley,901 S Stanley Avenue Ave Los Angeles 90036,,,,
614001,1190748,,5089013031.0,,905.0,,,South,,,Stanley,Avenue,,,,,,,,,,,,,90036.0,,Los Angeles,Los Angeles,,,,,LA City,{D52EE743-F2A4-4586-B046-A521B6D51CAF},0,,D52EE743-F2A4-4586-B046-A521B6D51CAF,Unknown,,S,,,Ave,S Stanley Ave,2023/09/12 23:03:18+00,905 S Stanley Ave Los Angeles 90036,D52EE743-F2A4-4586-B046-A521B6D51CAF_905_S_Stanley_Ave_Los_Angeles_90036,Stanley,905 S Stanley Avenue Ave Los Angeles 90036,,,,
614002,1190749,,5089013032.0,,909.0,,,South,,,Stanley,Avenue,,,,,,,,,,,,,90036.0,,Los Angeles,Los Angeles,,,,,LA City,{2ABDA9E8-8AD4-45CE-90C3-E805E2DD3B8E},0,,2ABDA9E8-8AD4-45CE-90C3-E805E2DD3B8E,Unknown,,S,,,Ave,S Stanley Ave,2023/09/12 23:03:18+00,909 S Stanley Ave Los Angeles 90036,2ABDA9E8-8AD4-45CE-90C3-E805E2DD3B8E_909_S_Stanley_Ave_Los_Angeles_90036,Stanley,909 S Stanley Avenue Ave Los Angeles 90036,,,,
614003,1190750,,5089013033.0,,913.0,,,South,,,Stanley,Avenue,,,,,,,,,,,,,90036.0,,Los Angeles,Los Angeles,,,,,LA City,{36F511F0-0EC5-4FDA-8E8B-AA5A551439A3},0,,36F511F0-0EC5-4FDA-8E8B-AA5A551439A3,Unknown,,S,,,Ave,S Stanley Ave,2023/09/12 23:03:18+00,913 S Stanley Ave Los Angeles 90036,36F511F0-0EC5-4FDA-8E8B-AA5A551439A3_913_S_Stanley_Ave_Los_Angeles_90036,Stanley,913 S Stanley Avenue Ave Los Angeles 90036,,,,
614004,1190751,,5089013034.0,,917.0,,,South,,,Stanley,Avenue,,,,,,,,,,,,,90036.0,,Los Angeles,Los Angeles,,,,,LA City,{0995160B-2C30-46DF-BF21-CB2CB597D444},0,,0995160B-2C30-46DF-BF21-CB2CB597D444,Unknown,,S,,,Ave,S Stanley Ave,2023/09/12 23:03:18+00,917 S Stanley Ave Los Angeles 90036,0995160B-2C30-46DF-BF21-CB2CB597D444_917_S_Stanley_Ave_Los_Angeles_90036,Stanley,917 S Stanley Avenue Ave Los Angeles 90036,,,,
614005,1190752,,5089013035.0,,923.0,,,South,,,Stanley,Avenue,,,,,,,,,,,,,90036.0,,Los Angeles,Los Angeles,,,,,LA City,{63CCF47B-3600-4976-ACDB-EDE52ECB4EF6},0,,63CCF47B-3600-4976-ACDB-EDE52ECB4EF6,Unknown,,S,,,Ave,S Stanley Ave,2023/09/12 23:03:18+00,923 S Stanley Ave Los Angeles 90036,63CCF47B-3600-4976-ACDB-EDE52ECB4EF6_923_S_Stanley_Ave_Los_Angeles_90036,Stanley,923 S Stanley Avenue Ave Los Angeles 90036,,,,
614006,1190753,,5089013036.0,,929.0,,,South,,,Stanley,Avenue,,,,,,,,,,,,,90036.0,,Los Angeles,Los Angeles,,,,,LA City,{2B364FA9-7FAD-418D-BC60-8085AFA0DDDA},0,,2B364FA9-7FAD-418D-BC60-8085AFA0DDDA,Unknown,,S,,,Ave,S Stanley Ave,2023/09/12 23:03:18+00,929 S Stanley Ave Los Angeles 90036,2B364FA9-7FAD-418D-BC60-8085AFA0DDDA_929_S_Stanley_Ave_Los_Angeles_90036,Stanley,929 S Stanley Avenue Ave Los Angeles 90036,,,,
614007,1190754,,5089013037.0,,935.0,,,South,,,Stanley,Avenue,,,,,,,,,,,,,90036.0,,Los Angeles,Los Angeles,,,,,LA City,{02402700-D5F7-48E5-B841-866BB415509B},0,,02402700-D5F7-48E5-B841-866BB415509B,Unknown,,S,,,Ave,S Stanley Ave,2023/09/12 23:03:18+00,935 S Stanley Ave Los Angeles 90036,02402700-D5F7-48E5-B841-866BB415509B_935_S_Stanley_Ave_Los_Angeles_90036,Stanley,935 S Stanley Avenue Ave Los Angeles 90036,,,,
614008,1190755,,5089013038.0,,939.0,,,South,,,Stanley,Avenue,,,,,,,,,,,,,90036.0,,Los Angeles,Los Angeles,,,,,LA City,{4A44B379-82B8-468F-8623-228A14A6B2F8},0,,4A44B379-82B8-468F-8623-228A14A6B2F8,Unknown,,S,,,Ave,S Stanley Ave,2023/09/12 23:03:18+00,939 S Stanley Ave Los Angeles 90036,4A44B379-82B8-468F-8623-228A14A6B2F8_939_S_Stanley_Ave_Los_Angeles_90036,Stanley,939 S Stanley Avenue Ave Los Angeles 90036,,,,
614009,1190756,,5089013039.0,,943.0,,,South,,,Stanley,Avenue,,,,,,,,,,,,,90036.0,,Los Angeles,Los Angeles,,,,,LA City,{A136DE14-2DC9-4A75-85D5-D175A64344B3},0,,A136DE14-2DC9-4A75-85D5-D175A64344B3,Unknown,,S,,,Ave,S Stanley Ave,2023/09/12 23:03:18+00,943 S Stanley Ave Los Angeles 90036,A136DE14-2DC9-4A75-85D5-D175A64344B3_943_S_Stanley_Ave_Los_Angeles_90036,Stanley,943 S Stanley Avenue Ave Los Angeles 90036,,,,
614010,1190757,,5089013040.0,,949.0,,,South,,,Stanley,Avenue,,,,,,,,,,,,,90036.0,,Los Angeles,Los Angeles,,,,,LA City,{4971F8FD-3B46-4601-BDA5-23EF4640DBD6},0,,4971F8FD-3B46-4601-BDA5-23EF4640DBD6,Unknown,,S,,,Ave,S Stanley Ave,2023/09/12 23:03:18+00,949 S Stanley Ave Los Angeles 90036,4971F8FD-3B46-4601-BDA5-23EF4640DBD6_949_S_Stanley_Ave_Los_Angeles_90036,Stanley,949 S Stanley Avenue Ave Los Angeles 90036,,,,
614011,1190758,,5089014001.0,,858.0,,,South,,,Stanley,Avenue,,,,,,,,,,,,,90036.0,,Los Angeles,Los Angeles,,,,,LA City,{69E1B400-94EF-40FF-9E17-C688F0BAEE2C},0,,69E1B400-94EF-40FF-9E17-C688F0BAEE2C,Unknown,,S,,,Ave,S Stanley Ave,2023/09/12 23:03:18+00,858 S Stanley Ave Los Angeles 90036,69E1B400-94EF-40FF-9E17-C688F0BAEE2C_858_S_Stanley_Ave_Los_Angeles_90036,Stanley,858 S Stanley Avenue Ave Los Angeles 90036,,,,
614012,1190759,,5089014001.0,,856.0,,,South,,,Stanley,Avenue,,,,,,,,,,,,,90036.0,,Los Angeles,Los Angeles,,,,,LA City,{E8BF0914-1C79-4D77-B101-77DD1B5C51C6},0,,E8BF0914-1C79-4D77-B101-77DD1B5C51C6,Unknown,,S,,,Ave,S Stanley Ave,2023/09/12 23:03:18+00,856 S Stanley Ave Los Angeles 90036,E8BF0914-1C79-4D77-B101-77DD1B5C51C6_856_S_Stanley_Ave_Los_Angeles_90036,Stanley,856 S Stanley Avenue Ave Los Angeles 90036,,,,
614013,1190760,,5089014002.0,,852.0,,,South,,,Stanley,Avenue,,,,,,,,,,,,,90036.0,,Los Angeles,Los Angeles,,,,,LA City,{A95A4B4C-AE7E-41A7-ABC5-A928BEBC8E80},0,,A95A4B4C-AE7E-41A7-ABC5-A928BEBC8E80,Unknown,,S,,,Ave,S Stanley Ave,2023/09/12 23:03:18+00,852 S Stanley Ave Los Angeles 90036,A95A4B4C-AE7E-41A7-ABC5-A928BEBC8E80_852_S_Stanley_Ave_Los_Angeles_90036,Stanley,852 S Stanley Avenue Ave Los Angeles 90036,,,,
614014,1190761,,5089014002.0,,850.0,,,South,,,Stanley,Avenue,,,,,,,,,,,,,90036.0,,Los Angeles,Los Angeles,,,,,LA City,{34B01F24-627B-40F9-8792-20194409BEC2},0,,34B01F24-627B-40F9-8792-20194409BEC2,Unknown,,S,,,Ave,S Stanley Ave,2023/09/12 23:03:18+00,850 S Stanley Ave Los Angeles 90036,34B01F24-627B-40F9-8792-20194409BEC2_850_S_Stanley_Ave_Los_Angeles_90036,Stanley,850 S Stanley Avenue Ave Los Angeles 90036,,,,
614015,1190762,,5089014003.0,,848.0,,,South,,,Stanley,Avenue,,,,,,,,,,,,,90036.0,,Los Angeles,Los Angeles,,,,,LA City,{6022C6B1-764E-4DB1-9FBE-64F763096862},0,,6022C6B1-764E-4DB1-9FBE-64F763096862,Unknown,,S,,,Ave,S Stanley Ave,2023/09/12 23:03:18+00,848 S Stanley Ave Los Angeles 90036,6022C6B1-764E-4DB1-9FBE-64F763096862_848_S_Stanley_Ave_Los_Angeles_90036,Stanley,848 S Stanley Avenue Ave Los Angeles 90036,,,,
614016,1190763,,5089014006.0,,838.0,1/2,,South,,,Stanley,Avenue,,,,,,,,,,,,,90036.0,,Los Angeles,Los Angeles,,,,,LA City,{D19CA953-E3FD-4235-B224-2F5F66543E89},0,,D19CA953-E3FD-4235-B224-2F5F66543E89,Unknown,,S,,,Ave,S Stanley Ave,2024/05/12 21:05:27+00,838 1/2 S Stanley Ave Los Angeles 90036,D19CA953-E3FD-4235-B224-2F5F66543E89_838_1/2_S_Stanley_Ave_Los_Angeles_90036,Stanley,838 1/2 S Stanley Avenue Ave Los Angeles 90036,,,,
614017,1190764,,5089014006.0,,838.0,,,South,,,Stanley,Avenue,,,,,,,,,,,,,90036.0,,Los Angeles,Los Angeles,,,,,LA City,{42789BF1-FA4D-4484-8287-D3251E9BDDDD},0,,42789BF1-FA4D-4484-8287-D3251E9BDDDD,Unknown,,S,,,Ave,S Stanley Ave,2024/05/12 21:05:27+00,838 S Stanley Ave Los Angeles 90036,42789BF1-FA4D-4484-8287-D3251E9BDDDD_838_S_Stanley_Ave_Los_Angeles_90036,Stanley,838 S Stanley Avenue Ave Los Angeles 90036,,,,
614018,1190765,,5089014007.0,,832.0,,,South,,,Stanley,Avenue,,,,,,,,,,,,,90036.0,,Los Angeles,Los Angeles,,,,,LA City,{34BFC8D6-05FA-4C5E-BFDB-F782D28B1AE1},0,,34BFC8D6-05FA-4C5E-BFDB-F782D28B1AE1,Unknown,,S,,,Ave,S Stanley Ave,2023/09/12 23:03:18+00,832 S Stanley Ave Los Angeles 90036,34BFC8D6-05FA-4C5E-BFDB-F782D28B1AE1_832_S_Stanley_Ave_Los_Angeles_90036,Stanley,832 S Stanley Avenue Ave Los Angeles 90036,,,,
614019,1190766,,5089014007.0,,834.0,,,South,,,Stanley,Avenue,,,,,,,,,,,,,90036.0,,Los Angeles,Los Angeles,,,,,LA City,{81673BDD-EF8D-4D8C-B1B6-B120A5C1532E},0,,81673BDD-EF8D-4D8C-B1B6-B120A5C1532E,Unknown,,S,,,Ave,S Stanley Ave,2023/09/12 23:03:18+00,834 S Stanley Ave Los Angeles 90036,81673BDD-EF8D-4D8C-B1B6-B120A5C1532E_834_S_Stanley_Ave_Los_Angeles_90036,Stanley,834 S Stanley Avenue Ave Los Angeles 90036,,,,
614020,1190767,,5089014008.0,,826.0,,,South,,,Stanley,Avenue,,,,,,,,,,,,,90036.0,,Los Angeles,Los Angeles,,,,,LA City,{3427C4D8-04F8-47BC-8901-0E57728C5E2B},0,,3427C4D8-04F8-47BC-8901-0E57728C5E2B,Unknown,,S,,,Ave,S Stanley Ave,2023/09/12 23:03:18+00,826 S Stanley Ave Los Angeles 90036,3427C4D8-04F8-47BC-8901-0E57728C5E2B_826_S_Stanley_Ave_Los_Angeles_90036,Stanley,826 S Stanley Avenue Ave Los Angeles 90036,,,,
614021,1190768,,5089014009.0,,820.0,,,South,,,Stanley,Avenue,,,,,,,,,,,,,90036.0,,Los Angeles,Los Angeles,,,,,LA City,{DC129517-7C0A-46AA-B34C-B6BF1EE9D417},0,,DC129517-7C0A-46AA-B34C-B6BF1EE9D417,Unknown,,S,,,Ave,S Stanley Ave,2023/09/12 23:03:18+00,820 S Stanley Ave Los Angeles 90036,DC129517-7C0A-46AA-B34C-B6BF1EE9D417_820_S_Stanley_Ave_Los_Angeles_90036,Stanley,820 S Stanley Avenue Ave Los Angeles 90036,,,,
614022,1190769,,5089014010.0,,818.0,,,South,,,Stanley,Avenue,,,,,,,,,,,,,90036.0,,Los Angeles,Los Angeles,,,,,LA City,{11B8F428-1A2A-4B6E-96F5-4922730FF49B},0,,11B8F428-1A2A-4B6E-96F5-4922730FF49B,Unknown,,S,,,Ave,S Stanley Ave,2023/09/12 23:03:18+00,818 S Stanley Ave Los Angeles 90036,11B8F428-1A2A-4B6E-96F5-4922730FF49B_818_S_Stanley_Ave_Los_Angeles_90036,Stanley,818 S Stanley Avenue Ave Los Angeles 90036,,,,
614023,1190770,,5089014010.0,,816.0,,,South,,,Stanley,Avenue,,,,,,,,,,,,,90036.0,,Los Angeles,Los Angeles,,,,,LA City,{F7F63D91-E26B-4DD7-A60E-A9B6EBC11F5C},0,,F7F63D91-E26B-4DD7-A60E-A9B6EBC11F5C,Unknown,,S,,,Ave,S Stanley Ave,2023/09/12 23:03:18+00,816 S Stanley Ave Los Angeles 90036,F7F63D91-E26B-4DD7-A60E-A9B6EBC11F5C_816_S_Stanley_Ave_Los_Angeles_90036,Stanley,816 S Stanley Avenue Ave Los Angeles 90036,,,,
614024,1190771,,5089014011.0,,812.0,,,South,,,Stanley,Avenue,,,,,,,,,,,,,90036.0,,Los Angeles,Los Angeles,,,,,LA City,{FAE2715F-CB9A-4652-8713-0A3388482DA3},0,,FAE2715F-CB9A-4652-8713-0A3388482DA3,Unknown,,S,,,Ave,S Stanley Ave,2023/09/12 23:03:18+00,812 S Stanley Ave Los Angeles 90036,FAE2715F-CB9A-4652-8713-0A3388482DA3_812_S_Stanley_Ave_Los_Angeles_90036,Stanley,812 S Stanley Avenue Ave Los Angeles 90036,,,,
614025,1190772,,5089014012.0,,806.0,,,South,,,Stanley,Avenue,,,,,,,,,,,,,90036.0,,Los Angeles,Los Angeles,,,,,LA City,{D6CAE084-4979-4DE0-90CE-0B65D6832128},0,,D6CAE084-4979-4DE0-90CE-0B65D6832128,Unknown,,S,,,Ave,S Stanley Ave,2023/09/12 23:03:18+00,806 S Stanley Ave Los Angeles 90036,D6CAE084-4979-4DE0-90CE-0B65D6832128_806_S_Stanley_Ave_Los_Angeles_90036,Stanley,806 S Stanley Avenue Ave Los Angeles 90036,,,,
614026,1190773,,5089014013.0,,5818.0,,,West,,,8Th,Street,,,,,,,,,,,,,90036.0,,Los Angeles,Los Angeles,,,,,LA City,{A3006E89-BF2A-40FB-A30A-B50930187CB3},0,,A3006E89-BF2A-40FB-A30A-B50930187CB3,Unknown,,W,,,St,W 8Th St,2023/09/12 23:03:18+00,5818 W 8Th St Los Angeles 90036,A3006E89-BF2A-40FB-A30A-B50930187CB3_5818_W_8Th_St_Los_Angeles_90036,8Th,5818 W 8Th Street St Los Angeles 90036,,,,
614027,1190774,,5089014013.0,,5816.0,,,West,,,8Th,Street,,,,,,,,,,,,,90036.0,,Los Angeles,Los Angeles,,,,,LA City,{C2C02831-8F6D-4162-A08B-95E695E8EB64},0,,C2C02831-8F6D-4162-A08B-95E695E8EB64,Unknown,,W,,,St,W 8Th St,2023/09/12 23:03:18+00,5816 W 8Th St Los Angeles 90036,C2C02831-8F6D-4162-A08B-95E695E8EB64_5816_W_8Th_St_Los_Angeles_90036,8Th,5816 W 8Th Street St Los Angeles 90036,,,,
614028,1190775,,5089014013.0,,802.0,,,South,,,Stanley,Avenue,,,,,,,,,,,,,90036.0,,Los Angeles,Los Angeles,,,,,LA City,{4E4FC6F5-679A-419A-8793-8B622EA50107},0,,4E4FC6F5-679A-419A-8793-8B622EA50107,Unknown,,S,,,Ave,S Stanley Ave,2023/09/12 23:03:18+00,802 S Stanley Ave Los Angeles 90036,4E4FC6F5-679A-419A-8793-8B622EA50107_802_S_Stanley_Ave_Los_Angeles_90036,Stanley,802 S Stanley Avenue Ave Los Angeles 90036,,,,
614029,1190776,,5089014014.0,,5804.0,,,West,,,8Th,Street,,,,,,,,,,,,,90036.0,,Los Angeles,Los Angeles,,,,,LA City,{7525636E-00F2-45A2-B4FD-DEF2845B4DDE},0,,7525636E-00F2-45A2-B4FD-DEF2845B4DDE,Unknown,,W,,,St,W 8Th St,2023/09/12 23:03:18+00,5804 W 8Th St Los Angeles 90036,7525636E-00F2-45A2-B4FD-DEF2845B4DDE_5804_W_8Th_St_Los_Angeles_90036,8Th,5804 W 8Th Street St Los Angeles 90036,,,,
614030,1190777,,5089014014.0,,803.0,,,South,,,Curson,Avenue,,,,,,,,,,,,,90036.0,,Los Angeles,Los Angeles,,,,,LA City,{E9A83872-5B8D-46CA-AE52-AE88DF7BA026},0,,E9A83872-5B8D-46CA-AE52-AE88DF7BA026,Unknown,,S,,,Ave,S Curson Ave,2023/09/12 23:03:18+00,803 S Curson Ave Los Angeles 90036,E9A83872-5B8D-46CA-AE52-AE88DF7BA026_803_S_Curson_Ave_Los_Angeles_90036,Curson,803 S Curson Avenue Ave Los Angeles 90036,,,,
614031,1190778,,5089014015.0,,809.0,,,South,,,Curson,Avenue,,,,,,,,,,,,,90036.0,,Los Angeles,Los Angeles,,,,,LA City,{C72D1AC9-854A-4AC9-8E77-3DE1656EFD99},0,,C72D1AC9-854A-4AC9-8E77-3DE1656EFD99,Unknown,,S,,,Ave,S Curson Ave,2023/09/12 23:03:18+00,809 S Curson Ave Los Angeles 90036,C72D1AC9-854A-4AC9-8E77-3DE1656EFD99_809_S_Curson_Ave_Los_Angeles_90036,Curson,809 S Curson Avenue Ave Los Angeles 90036,,,,
614032,1190779,,5089014015.0,,807.0,,,South,,,Curson,Avenue,,,,,,,,,,,,,90036.0,,Los Angeles,Los Angeles,,,,,LA City,{3E0F3922-9F7A-4347-8CE6-5E0E1472494F},0,,3E0F3922-9F7A-4347-8CE6-5E0E1472494F,Unknown,,S,,,Ave,S Curson Ave,2023/09/12 23:03:18+00,807 S Curson Ave Los Angeles 90036,3E0F3922-9F7A-4347-8CE6-5E0E1472494F_807_S_Curson_Ave_Los_Angeles_90036,Curson,807 S Curson Avenue Ave Los Angeles 90036,,,,
614033,1190780,,5089014020.0,,831.0,,,South,,,Curson,Avenue,,,,,,,,,,,,,90036.0,,Los Angeles,Los Angeles,,,,,LA City,{FE421C9A-11D4-4B06-81D2-FD41664D8B66},0,,FE421C9A-11D4-4B06-81D2-FD41664D8B66,Unknown,,S,,,Ave,S Curson Ave,2023/09/12 23:03:18+00,831 S Curson Ave Los Angeles 90036,FE421C9A-11D4-4B06-81D2-FD41664D8B66_831_S_Curson_Ave_Los_Angeles_90036,Curson,831 S Curson Avenue Ave Los Angeles 90036,,,,
614034,1190781,,5089014020.0,,829.0,,,South,,,Curson,Avenue,,,,,,,,,,,,,90036.0,,Los Angeles,Los Angeles,,,,,LA City,{FA28C49F-CDC1-488B-9C47-16C2B9A12026},0,,FA28C49F-CDC1-488B-9C47-16C2B9A12026,Unknown,,S,,,Ave,S Curson Ave,2023/09/12 23:03:18+00,829 S Curson Ave Los Angeles 90036,FA28C49F-CDC1-488B-9C47-16C2B9A12026_829_S_Curson_Ave_Los_Angeles_90036,Curson,829 S Curson Avenue Ave Los Angeles 90036,,,,
614035,1190782,,5089014022.0,,835.0,,,South,,,Curson,Avenue,,,,,,,,,,,,,90036.0,,Los Angeles,Los Angeles,,,,,LA City,{62E14EC7-0864-447C-8BF5-A0218AF53B75},0,,62E14EC7-0864-447C-8BF5-A0218AF53B75,Unknown,,S,,,Ave,S Curson Ave,2023/09/12 23:03:18+00,835 S Curson Ave Los Angeles 90036,62E14EC7-0864-447C-8BF5-A0218AF53B75_835_S_Curson_Ave_Los_Angeles_90036,Curson,835 S Curson Avenue Ave Los Angeles 90036,,,,
614036,1190783,,5089014022.0,,833.0,,,South,,,Curson,Avenue,,,,,,,,,,,,,90036.0,,Los Angeles,Los Angeles,,,,,LA City,{0A45B54C-8CD1-4371-B2BD-15BE5DD051AB},0,,0A45B54C-8CD1-4371-B2BD-15BE5DD051AB,Unknown,,S,,,Ave,S Curson Ave,2023/09/12 23:03:18+00,833 S Curson Ave Los Angeles 90036,0A45B54C-8CD1-4371-B2BD-15BE5DD051AB_833_S_Curson_Ave_Los_Angeles_90036,Curson,833 S Curson Avenue Ave Los Angeles 90036,,,,
614037,1190784,,5089014023.0,,839.0,1/2,,South,,,Curson,Avenue,,,,,,,,,,,,,90036.0,,Los Angeles,Los Angeles,,,,,LA City,{22144B3A-CB14-48FC-A5DA-F68CDA5FDEDE},0,,22144B3A-CB14-48FC-A5DA-F68CDA5FDEDE,Unknown,,S,,,Ave,S Curson Ave,2024/05/12 21:05:27+00,839 1/2 S Curson Ave Los Angeles 90036,22144B3A-CB14-48FC-A5DA-F68CDA5FDEDE_839_1/2_S_Curson_Ave_Los_Angeles_90036,Curson,839 1/2 S Curson Avenue Ave Los Angeles 90036,,,,
614038,1190785,,5089014023.0,,839.0,,,South,,,Curson,Avenue,,,,,,,,,,,,,90036.0,,Los Angeles,Los Angeles,,,,,LA City,{C232E171-DB63-44BD-93EA-417B4ACC6316},0,,C232E171-DB63-44BD-93EA-417B4ACC6316,Unknown,,S,,,Ave,S Curson Ave,2024/05/12 21:05:27+00,839 S Curson Ave Los Angeles 90036,C232E171-DB63-44BD-93EA-417B4ACC6316_839_S_Curson_Ave_Los_Angeles_90036,Curson,839 S Curson Avenue Ave Los Angeles 90036,,,,
614039,1190786,,5089014024.0,,843.0,,,South,,,Curson,Avenue,,,,,,,,,,,,,90036.0,,Los Angeles,Los Angeles,,,,,LA City,{595A6688-6230-4BD5-9914-E0A72DEF04FF},0,,595A6688-6230-4BD5-9914-E0A72DEF04FF,Unknown,,S,,,Ave,S Curson Ave,2024/05/12 21:05:27+00,843 S Curson Ave Los Angeles 90036,595A6688-6230-4BD5-9914-E0A72DEF04FF_843_S_Curson_Ave_Los_Angeles_90036,Curson,843 S Curson Avenue Ave Los Angeles 90036,,,,
614040,1190787,,5089014024.0,,843.0,1/2,,South,,,Curson,Avenue,,,,,,,,,,,,,90036.0,,Los Angeles,Los Angeles,,,,,LA City,{A6A041EC-4648-45A6-A31A-E7B982B20C8F},0,,A6A041EC-4648-45A6-A31A-E7B982B20C8F,Unknown,,S,,,Ave,S Curson Ave,2024/05/12 21:05:27+00,843 1/2 S Curson Ave Los Angeles 90036,A6A041EC-4648-45A6-A31A-E7B982B20C8F_843_1/2_S_Curson_Ave_Los_Angeles_90036,Curson,843 1/2 S Curson Avenue Ave Los Angeles 90036,,,,
614041,1190788,,5089014025.0,,851.0,,,South,,,Curson,Avenue,,,,,,,,,,,,,90036.0,,Los Angeles,Los Angeles,,,,,LA City,{0AA1084A-B2E4-4E65-AF42-22D963741040},0,,0AA1084A-B2E4-4E65-AF42-22D963741040,Unknown,,S,,,Ave,S Curson Ave,2023/09/12 23:03:18+00,851 S Curson Ave Los Angeles 90036,0AA1084A-B2E4-4E65-AF42-22D963741040_851_S_Curson_Ave_Los_Angeles_90036,Curson,851 S Curson Avenue Ave Los Angeles 90036,,,,
614042,1190789,,5089014025.0,,849.0,,,South,,,Curson,Avenue,,,,,,,,,,,,,90036.0,,Los Angeles,Los Angeles,,,,,LA City,{A4C740BD-D245-44A5-A2CC-9909AE881406},0,,A4C740BD-D245-44A5-A2CC-9909AE881406,Unknown,,S,,,Ave,S Curson Ave,2023/09/12 23:03:18+00,849 S Curson Ave Los Angeles 90036,A4C740BD-D245-44A5-A2CC-9909AE881406_849_S_Curson_Ave_Los_Angeles_90036,Curson,849 S Curson Avenue Ave Los Angeles 90036,,,,
614043,1190790,,5089014025.0,,847.0,,,South,,,Curson,Avenue,,,,,,,,,,,,,90036.0,,Los Angeles,Los Angeles,,,,,Assessor,{C5288544-62AB-4615-BF95-CF33E1AEF103},0,,C5288544-62AB-4615-BF95-CF33E1AEF103,Unknown,,S,,,Ave,S Curson Ave,2024/04/27 17:13:09+00,847 S Curson Ave Los Angeles 90036,C5288544-62AB-4615-BF95-CF33E1AEF103_847_S_Curson_Ave_Los_Angeles_90036,Curson,847 S Curson Avenue Ave Los Angeles 90036,,,,
614044,1190791,,5089014027.0,,859.0,,,South,,,Curson,Avenue,,,,,,,,,,,,,90036.0,,Los Angeles,Los Angeles,,,,,LA City,{59C472E9-3BB0-40AE-8BD1-D5573C589333},0,,59C472E9-3BB0-40AE-8BD1-D5573C589333,Unknown,,S,,,Ave,S Curson Ave,2023/09/12 23:03:18+00,859 S Curson Ave Los Angeles 90036,59C472E9-3BB0-40AE-8BD1-D5573C589333_859_S_Curson_Ave_Los_Angeles_90036,Curson,859 S Curson Avenue Ave Los Angeles 90036,,,,
614045,1190792,,5089014027.0,,857.0,,,South,,,Curson,Avenue,,,,,,,,,,,,,90036.0,,Los Angeles,Los Angeles,,,,,LA City,{B9DDFFBB-186D-4BBE-A3AD-5683DFBDB757},0,,B9DDFFBB-186D-4BBE-A3AD-5683DFBDB757,Unknown,,S,,,Ave,S Curson Ave,2023/09/12 23:03:18+00,857 S Curson Ave Los Angeles 90036,B9DDFFBB-186D-4BBE-A3AD-5683DFBDB757_857_S_Curson_Ave_Los_Angeles_90036,Curson,857 S Curson Avenue Ave Los Angeles 90036,,,,
614046,1190793,,5089014028.0,,863.0,,,South,,,Curson,Avenue,,,,,,,,,,,,,90036.0,,Los Angeles,Los Angeles,,,,,LA City,{31FCA858-DDFE-4F4A-967C-DA15182CE894},0,,31FCA858-DDFE-4F4A-967C-DA15182CE894,Unknown,,S,,,Ave,S Curson Ave,2023/09/12 23:03:18+00,863 S Curson Ave Los Angeles 90036,31FCA858-DDFE-4F4A-967C-DA15182CE894_863_S_Curson_Ave_Los_Angeles_90036,Curson,863 S Curson Avenue Ave Los Angeles 90036,,,,
614047,1190794,,5089014031.0,,855.0,,,South,,,Curson,Avenue,,,,,,,,,,,,,90036.0,,Los Angeles,Los Angeles,,,,,LA City,{60F454D8-24CF-4535-BD02-E2B2EC287C0F},0,,60F454D8-24CF-4535-BD02-E2B2EC287C0F,Unknown,,S,,,Ave,S Curson Ave,2023/09/12 23:03:18+00,855 S Curson Ave Los Angeles 90036,60F454D8-24CF-4535-BD02-E2B2EC287C0F_855_S_Curson_Ave_Los_Angeles_90036,Curson,855 S Curson Avenue Ave Los Angeles 90036,,,,
614048,1190795,,5089014031.0,,853.0,,,South,,,Curson,Avenue,,,,,,,,,,,,,90036.0,,Los Angeles,Los Angeles,,,,,LA City,{5860B07A-715F-44F4-8615-FFDF440E1C34},0,,5860B07A-715F-44F4-8615-FFDF440E1C34,Unknown,,S,,,Ave,S Curson Ave,2023/09/12 23:03:18+00,853 S Curson Ave Los Angeles 90036,5860B07A-715F-44F4-8615-FFDF440E1C34_853_S_Curson_Ave_Los_Angeles_90036,Curson,853 S Curson Avenue Ave Los Angeles 90036,,,,
614049,1190796,,5089014032.0,,844.0,,,South,,,Stanley,Avenue,,,,,,,,,,,,,90036.0,,Los Angeles,Los Angeles,,,,,LA City,{38A2C652-7A6D-44F5-8E92-7F54CE7DA024},0,,38A2C652-7A6D-44F5-8E92-7F54CE7DA024,Unknown,,S,,,Ave,S Stanley Ave,2023/09/12 23:03:18+00,844 S Stanley Ave Los Angeles 90036,38A2C652-7A6D-44F5-8E92-7F54CE7DA024_844_S_Stanley_Ave_Los_Angeles_90036,Stanley,844 S Stanley Avenue Ave Los Angeles 90036,,,,
614050,1190797,,5089014032.0,,842.0,,,South,,,Stanley,Avenue,,,,,,,,,,,,,90036.0,,Los Angeles,Los Angeles,,,,,LA City,{6859C19C-6767-4E96-B4FB-908D0B25F6F1},0,,6859C19C-6767-4E96-B4FB-908D0B25F6F1,Unknown,,S,,,Ave,S Stanley Ave,2023/09/12 23:03:18+00,842 S Stanley Ave Los Angeles 90036,6859C19C-6767-4E96-B4FB-908D0B25F6F1_842_S_Stanley_Ave_Los_Angeles_90036,Stanley,842 S Stanley Avenue Ave Los Angeles 90036,,,,
614051,1190798,,5089014033.0,,813.0,,,South,,,Curson,Avenue,,,,,,,,,,,,,90036.0,,Los Angeles,Los Angeles,,,,,LA City,{823E0128-6FF3-4E4F-AF7A-E35EB87FA520},0,,823E0128-6FF3-4E4F-AF7A-E35EB87FA520,Unknown,,S,,,Ave,S Curson Ave,2023/09/12 23:03:18+00,813 S Curson Ave Los Angeles 90036,823E0128-6FF3-4E4F-AF7A-E35EB87FA520_813_S_Curson_Ave_Los_Angeles_90036,Curson,813 S Curson Avenue Ave Los Angeles 90036,,,,
614052,1190799,,5089014033.0,,811.0,,,South,,,Curson,Avenue,,,,,,,,,,,,,90036.0,,Los Angeles,Los Angeles,,,,,LA City,{758A38B7-D7B2-4D9A-8E37-5AA4A2FFFAC2},0,,758A38B7-D7B2-4D9A-8E37-5AA4A2FFFAC2,Unknown,,S,,,Ave,S Curson Ave,2023/09/12 23:03:18+00,811 S Curson Ave Los Angeles 90036,758A38B7-D7B2-4D9A-8E37-5AA4A2FFFAC2_811_S_Curson_Ave_Los_Angeles_90036,Curson,811 S Curson Avenue Ave Los Angeles 90036,,,,
614053,1190800,,5089014034.0,,819.0,,,South,,,Curson,Avenue,,,,,,,,,,,,,90036.0,,Los Angeles,Los Angeles,,,,,LA City,{2A68F56E-2BDD-4D78-8E0F-251DFA028239},0,,2A68F56E-2BDD-4D78-8E0F-251DFA028239,Unknown,,S,,,Ave,S Curson Ave,2023/09/12 23:03:18+00,819 S Curson Ave Los Angeles 90036,2A68F56E-2BDD-4D78-8E0F-251DFA028239_819_S_Curson_Ave_Los_Angeles_90036,Curson,819 S Curson Avenue Ave Los Angeles 90036,,,,
614054,1190801,,5089014034.0,,823.0,,,South,,,Curson,Avenue,,,,,,,,,,,,,90036.0,,Los Angeles,Los Angeles,,,,,LA City,{5FD67077-BE08-4EF0-99D5-76D4D7210CB7},0,,5FD67077-BE08-4EF0-99D5-76D4D7210CB7,Unknown,,S,,,Ave,S Curson Ave,2023/09/12 23:03:18+00,823 S Curson Ave Los Angeles 90036,5FD67077-BE08-4EF0-99D5-76D4D7210CB7_823_S_Curson_Ave_Los_Angeles_90036,Curson,823 S Curson Avenue Ave Los Angeles 90036,,,,
614055,1190802,,5089015001.0,,948.0,,,South,,,Stanley,Avenue,,,,,,,,,,,,,90036.0,,Los Angeles,Los Angeles,,,,,LA City,{5E66105A-8B80-457C-9333-878026CBA8A1},0,,5E66105A-8B80-457C-9333-878026CBA8A1,Unknown,,S,,,Ave,S Stanley Ave,2023/09/12 23:03:18+00,948 S Stanley Ave Los Angeles 90036,5E66105A-8B80-457C-9333-878026CBA8A1_948_S_Stanley_Ave_Los_Angeles_90036,Stanley,948 S Stanley Avenue Ave Los Angeles 90036,,,,
614056,1190803,,5089015002.0,,942.0,,,South,,,Stanley,Avenue,,,,,,,,,,,,,90036.0,,Los Angeles,Los Angeles,,,,,LA City,{F50B5E41-A2FC-4B43-A780-03CA28481BE2},0,,F50B5E41-A2FC-4B43-A780-03CA28481BE2,Unknown,,S,,,Ave,S Stanley Ave,2023/09/12 23:03:18+00,942 S Stanley Ave Los Angeles 90036,F50B5E41-A2FC-4B43-A780-03CA28481BE2_942_S_Stanley_Ave_Los_Angeles_90036,Stanley,942 S Stanley Avenue Ave Los Angeles 90036,,,,
614057,1190804,,5089015003.0,,938.0,,,South,,,Stanley,Avenue,,,,,,,,,,,,,90036.0,,Los Angeles,Los Angeles,,,,,LA City,{1CFBF3CB-D87D-435D-80AB-C988D39B8AF6},0,,1CFBF3CB-D87D-435D-80AB-C988D39B8AF6,Unknown,,S,,,Ave,S Stanley Ave,2023/09/12 23:03:18+00,938 S Stanley Ave Los Angeles 90036,1CFBF3CB-D87D-435D-80AB-C988D39B8AF6_938_S_Stanley_Ave_Los_Angeles_90036,Stanley,938 S Stanley Avenue Ave Los Angeles 90036,,,,
614058,1190805,,5089015004.0,,932.0,,,South,,,Stanley,Avenue,,,,,,,,,,,,,90036.0,,Los Angeles,Los Angeles,,,,,LA City,{EC895FE1-4A54-4082-A00C-CD57EC3585B3},0,,EC895FE1-4A54-4082-A00C-CD57EC3585B3,Unknown,,S,,,Ave,S Stanley Ave,2023/09/12 23:03:18+00,932 S Stanley Ave Los Angeles 90036,EC895FE1-4A54-4082-A00C-CD57EC3585B3_932_S_Stanley_Ave_Los_Angeles_90036,Stanley,932 S Stanley Avenue Ave Los Angeles 90036,,,,
614059,1190806,,5089015005.0,,928.0,,,South,,,Stanley,Avenue,,,,,,,,,,,,,90036.0,,Los Angeles,Los Angeles,,,,,LA City,{EDC45792-95D2-4E54-82D0-C21E7FE1E96E},0,,EDC45792-95D2-4E54-82D0-C21E7FE1E96E,Unknown,,S,,,Ave,S Stanley Ave,2023/09/12 23:03:18+00,928 S Stanley Ave Los Angeles 90036,EDC45792-95D2-4E54-82D0-C21E7FE1E96E_928_S_Stanley_Ave_Los_Angeles_90036,Stanley,928 S Stanley Avenue Ave Los Angeles 90036,,,,
614060,1190807,,5089015006.0,,922.0,,,South,,,Stanley,Avenue,,,,,,,,,,,,,90036.0,,Los Angeles,Los Angeles,,,,,LA City,{2CAA3BA7-8290-40B4-BA99-EBAFC0FC9B5C},0,,2CAA3BA7-8290-40B4-BA99-EBAFC0FC9B5C,Unknown,,S,,,Ave,S Stanley Ave,2023/09/12 23:03:18+00,922 S Stanley Ave Los Angeles 90036,2CAA3BA7-8290-40B4-BA99-EBAFC0FC9B5C_922_S_Stanley_Ave_Los_Angeles_90036,Stanley,922 S Stanley Avenue Ave Los Angeles 90036,,,,
614061,1190808,,5089015009.0,,912.0,,,South,,,Stanley,Avenue,,,,,,,,,,,,,90036.0,,Los Angeles,Los Angeles,,,,,LA City,{63BDD5CC-5C31-4517-B0DD-614F6DF0AF05},0,,63BDD5CC-5C31-4517-B0DD-614F6DF0AF05,Unknown,,S,,,Ave,S Stanley Ave,2023/09/12 23:03:18+00,912 S Stanley Ave Los Angeles 90036,63BDD5CC-5C31-4517-B0DD-614F6DF0AF05_912_S_Stanley_Ave_Los_Angeles_90036,Stanley,912 S Stanley Avenue Ave Los Angeles 90036,,,,
614062,1190809,,5089015010.0,,908.0,,,South,,,Stanley,Avenue,,,,,,,,,,,,,90036.0,,Los Angeles,Los Angeles,,,,,LA City,{C70925DD-FFB5-43F2-84ED-FE4780816129},0,,C70925DD-FFB5-43F2-84ED-FE4780816129,Unknown,,S,,,Ave,S Stanley Ave,2023/09/12 23:03:18+00,908 S Stanley Ave Los Angeles 90036,C70925DD-FFB5-43F2-84ED-FE4780816129_908_S_Stanley_Ave_Los_Angeles_90036,Stanley,908 S Stanley Avenue Ave Los Angeles 90036,,,,
614063,1190810,,5089015011.0,,904.0,,,South,,,Stanley,Avenue,,,,,,,,,,,,,90036.0,,Los Angeles,Los Angeles,,,,,LA City,{5162EAE7-661D-4E13-9698-5158D2107823},0,,5162EAE7-661D-4E13-9698-5158D2107823,Unknown,,S,,,Ave,S Stanley Ave,2023/09/12 23:03:18+00,904 S Stanley Ave Los Angeles 90036,5162EAE7-661D-4E13-9698-5158D2107823_904_S_Stanley_Ave_Los_Angeles_90036,Stanley,904 S Stanley Avenue Ave Los Angeles 90036,,,,
614064,1190811,,5089015011.0,,906.0,,,South,,,Stanley,Avenue,,,,,,,,,,,,,90036.0,,Los Angeles,Los Angeles,,,,,LA City,{EA32CD69-0E56-4BE6-91B9-639BE66F03BA},0,,EA32CD69-0E56-4BE6-91B9-639BE66F03BA,Unknown,,S,,,Ave,S Stanley Ave,2023/09/12 23:03:18+00,906 S Stanley Ave Los Angeles 90036,EA32CD69-0E56-4BE6-91B9-639BE66F03BA_906_S_Stanley_Ave_Los_Angeles_90036,Stanley,906 S Stanley Avenue Ave Los Angeles 90036,,,,
614065,1190812,,5089015012.0,,900.0,,,South,,,Stanley,Avenue,,,,,,,,,,,,,90036.0,,Los Angeles,Los Angeles,,,,,LA City,{25A00AB4-9DC3-4EDE-93D2-377F26470EED},0,,25A00AB4-9DC3-4EDE-93D2-377F26470EED,Unknown,,S,,,Ave,S Stanley Ave,2023/09/12 23:03:18+00,900 S Stanley Ave Los Angeles 90036,25A00AB4-9DC3-4EDE-93D2-377F26470EED_900_S_Stanley_Ave_Los_Angeles_90036,Stanley,900 S Stanley Avenue Ave Los Angeles 90036,,,,
614066,1190813,,5089015013.0,,862.0,,,South,,,Stanley,Avenue,,,,,,,,,,,,,90036.0,,Los Angeles,Los Angeles,,,,,LA City,{F57C1A10-6833-45DF-92F4-03B19E2CE707},0,,F57C1A10-6833-45DF-92F4-03B19E2CE707,Unknown,,S,,,Ave,S Stanley Ave,2023/09/12 23:03:18+00,862 S Stanley Ave Los Angeles 90036,F57C1A10-6833-45DF-92F4-03B19E2CE707_862_S_Stanley_Ave_Los_Angeles_90036,Stanley,862 S Stanley Avenue Ave Los Angeles 90036,,,,
614067,1190814,,5089015014.0,,903.0,,,South,,,Curson,Avenue,,,,,,,,,,,,,90036.0,,Los Angeles,Los Angeles,,,,,LA City,{44771EC3-0898-434D-86FF-202041D52EC8},0,,44771EC3-0898-434D-86FF-202041D52EC8,Unknown,,S,,,Ave,S Curson Ave,2023/09/12 23:03:18+00,903 S Curson Ave Los Angeles 90036,44771EC3-0898-434D-86FF-202041D52EC8_903_S_Curson_Ave_Los_Angeles_90036,Curson,903 S Curson Avenue Ave Los Angeles 90036,,,,
614068,1190815,,5089015014.0,,901.0,,,South,,,Curson,Avenue,,,,,,,,,,,,,90036.0,,Los Angeles,Los Angeles,,,,,LA City,{3384B4F2-44E2-4569-B389-7C6EAFF03405},0,,3384B4F2-44E2-4569-B389-7C6EAFF03405,Unknown,,S,,,Ave,S Curson Ave,2023/09/12 23:03:18+00,901 S Curson Ave Los Angeles 90036,3384B4F2-44E2-4569-B389-7C6EAFF03405_901_S_Curson_Ave_Los_Angeles_90036,Curson,901 S Curson Avenue Ave Los Angeles 90036,,,,
614069,1190816,,5089015015.0,,905.0,,,South,,,Curson,Avenue,,,,,,,,,,,,,90036.0,,Los Angeles,Los Angeles,,,,,LA City,{E0D32F42-20EA-46E6-BC41-D1DBF62308E0},0,,E0D32F42-20EA-46E6-BC41-D1DBF62308E0,Unknown,,S,,,Ave,S Curson Ave,2023/09/12 23:03:18+00,905 S Curson Ave Los Angeles 90036,E0D32F42-20EA-46E6-BC41-D1DBF62308E0_905_S_Curson_Ave_Los_Angeles_90036,Curson,905 S Curson Avenue Ave Los Angeles 90036,,,,
614070,1190817,,5089015016.0,,909.0,,,South,,,Curson,Avenue,,,,,,,,,,,,,90036.0,,Los Angeles,Los Angeles,,,,,LA City,{5BC9A35F-F1EE-499A-BF51-E2D9A3C336B3},0,,5BC9A35F-F1EE-499A-BF51-E2D9A3C336B3,Unknown,,S,,,Ave,S Curson Ave,2023/09/12 23:03:18+00,909 S Curson Ave Los Angeles 90036,5BC9A35F-F1EE-499A-BF51-E2D9A3C336B3_909_S_Curson_Ave_Los_Angeles_90036,Curson,909 S Curson Avenue Ave Los Angeles 90036,,,,
614071,1190818,,5089015017.0,,915.0,,,South,,,Curson,Avenue,,,,,,,,,,,,,90036.0,,Los Angeles,Los Angeles,,,,,LA City,{1F714124-2220-4EE0-A524-09B1A327FBB6},0,,1F714124-2220-4EE0-A524-09B1A327FBB6,Unknown,,S,,,Ave,S Curson Ave,2023/09/12 23:03:18+00,915 S Curson Ave Los Angeles 90036,1F714124-2220-4EE0-A524-09B1A327FBB6_915_S_Curson_Ave_Los_Angeles_90036,Curson,915 S Curson Avenue Ave Los Angeles 90036,,,,
614072,1190819,,5089015018.0,,919.0,,,South,,,Curson,Avenue,,,,,,,,,,,,,90036.0,,Los Angeles,Los Angeles,,,,,LA City,{2C9AFC72-386B-4A7D-9D86-F2BEDD38E1BF},0,,2C9AFC72-386B-4A7D-9D86-F2BEDD38E1BF,Unknown,,S,,,Ave,S Curson Ave,2023/09/12 23:03:18+00,919 S Curson Ave Los Angeles 90036,2C9AFC72-386B-4A7D-9D86-F2BEDD38E1BF_919_S_Curson_Ave_Los_Angeles_90036,Curson,919 S Curson Avenue Ave Los Angeles 90036,,,,
614073,1190820,,5089015018.0,,921.0,,,South,,,Curson,Avenue,,,,,,,,,,,,,90036.0,,Los Angeles,Los Angeles,,,,,LA City,{D3666644-6251-4E49-B672-C6FE3AC4CAC4},0,,D3666644-6251-4E49-B672-C6FE3AC4CAC4,Unknown,,S,,,Ave,S Curson Ave,2024/05/12 21:05:27+00,921 S Curson Ave Los Angeles 90036,D3666644-6251-4E49-B672-C6FE3AC4CAC4_921_S_Curson_Ave_Los_Angeles_90036,Curson,921 S Curson Avenue Ave Los Angeles 90036,,,,
614074,1190821,,5089015018.0,,921.0,1/2,,South,,,Curson,Avenue,,,,,,,,,,,,,90036.0,,Los Angeles,Los Angeles,,,,,LA City,{8B2F4040-F546-42B4-8320-E5508F77049F},0,,8B2F4040-F546-42B4-8320-E5508F77049F,Unknown,,S,,,Ave,S Curson Ave,2024/05/12 21:05:27+00,921 1/2 S Curson Ave Los Angeles 90036,8B2F4040-F546-42B4-8320-E5508F77049F_921_1/2_S_Curson_Ave_Los_Angeles_90036,Curson,921 1/2 S Curson Avenue Ave Los Angeles 90036,,,,
614075,1190822,,5089015019.0,,923.0,,,South,,,Curson,Avenue,,,,,,,,,,,,,90036.0,,Los Angeles,Los Angeles,,,,,LA City,{3BF53E8F-C5EE-4DD0-AB58-F9B772DED417},0,,3BF53E8F-C5EE-4DD0-AB58-F9B772DED417,Unknown,,S,,,Ave,S Curson Ave,2023/09/12 23:03:18+00,923 S Curson Ave Los Angeles 90036,3BF53E8F-C5EE-4DD0-AB58-F9B772DED417_923_S_Curson_Ave_Los_Angeles_90036,Curson,923 S Curson Avenue Ave Los Angeles 90036,,,,
614076,1190823,,5089015020.0,,927.0,,,South,,,Curson,Avenue,,,,,,,,,,,,,90036.0,,Los Angeles,Los Angeles,,,,,LA City,{619D3405-B67E-485F-9AC0-1849BDFB170D},0,,619D3405-B67E-485F-9AC0-1849BDFB170D,Unknown,,S,,,Ave,S Curson Ave,2023/09/12 23:03:18+00,927 S Curson Ave Los Angeles 90036,619D3405-B67E-485F-9AC0-1849BDFB170D_927_S_Curson_Ave_Los_Angeles_90036,Curson,927 S Curson Avenue Ave Los Angeles 90036,,,,
614077,1190824,,5089015021.0,,933.0,,,South,,,Curson,Avenue,,,,,,,,,,,,,90036.0,,Los Angeles,Los Angeles,,,,,LA City,{2E089AED-949C-42F0-A05D-567E4CBEFA99},0,,2E089AED-949C-42F0-A05D-567E4CBEFA99,Unknown,,S,,,Ave,S Curson Ave,2023/09/12 23:03:18+00,933 S Curson Ave Los Angeles 90036,2E089AED-949C-42F0-A05D-567E4CBEFA99_933_S_Curson_Ave_Los_Angeles_90036,Curson,933 S Curson Avenue Ave Los Angeles 90036,,,,
614078,1190825,,5089015021.0,,935.0,,,South,,,Curson,Avenue,,,,,,,,,,,,,90036.0,,Los Angeles,Los Angeles,,,,,LA City,{91F74298-8ABF-4202-885F-C2349FB6683F},0,,91F74298-8ABF-4202-885F-C2349FB6683F,Unknown,,S,,,Ave,S Curson Ave,2023/09/12 23:03:18+00,935 S Curson Ave Los Angeles 90036,91F74298-8ABF-4202-885F-C2349FB6683F_935_S_Curson_Ave_Los_Angeles_90036,Curson,935 S Curson Avenue Ave Los Angeles 90036,,,,
614079,1190826,,5089015022.0,,937.0,,,South,,,Curson,Avenue,,,,,,,,,,,,,90036.0,,Los Angeles,Los Angeles,,,,,LA City,{CB6D8832-97DE-4F36-ACAF-10502417C20C},0,,CB6D8832-97DE-4F36-ACAF-10502417C20C,Unknown,,S,,,Ave,S Curson Ave,2023/09/12 23:03:18+00,937 S Curson Ave Los Angeles 90036,CB6D8832-97DE-4F36-ACAF-10502417C20C_937_S_Curson_Ave_Los_Angeles_90036,Curson,937 S Curson Avenue Ave Los Angeles 90036,,,,
614080,1190827,,5089015023.0,,945.0,,,South,,,Curson,Avenue,,,,,,,,,,,,,90036.0,,Los Angeles,Los Angeles,,,,,LA City,{5AEC6818-96BF-4BE5-B7EC-48795D131321},0,,5AEC6818-96BF-4BE5-B7EC-48795D131321,Unknown,,S,,,Ave,S Curson Ave,2023/09/12 23:03:18+00,945 S Curson Ave Los Angeles 90036,5AEC6818-96BF-4BE5-B7EC-48795D131321_945_S_Curson_Ave_Los_Angeles_90036,Curson,945 S Curson Avenue Ave Los Angeles 90036,,,,
614081,1190828,,5089015024.0,,5839.0,,,West,,,Olympic,Boulevard,,,,,,,,,,,,,90036.0,,Los Angeles,Los Angeles,,,,,LA City,{5966A070-9F00-4FC4-8C33-85A6657F5DBB},0,,5966A070-9F00-4FC4-8C33-85A6657F5DBB,Unknown,,W,,,Blvd,W Olympic Blvd,2023/09/12 23:03:18+00,5839 W Olympic Blvd Los Angeles 90036,5966A070-9F00-4FC4-8C33-85A6657F5DBB_5839_W_Olympic_Blvd_Los_Angeles_90036,Olympic,5839 W Olympic Boulevard Blvd Los Angeles 90036,,,,
614082,1190829,,5089015024.0,,947.0,,,South,,,Curson,Avenue,,,,,,,,,,,,,90036.0,,Los Angeles,Los Angeles,,,,,LA City,{AA0437B0-C0C4-431B-92C3-1CFC922FDDBD},0,,AA0437B0-C0C4-431B-92C3-1CFC922FDDBD,Unknown,,S,,,Ave,S Curson Ave,2023/09/12 23:03:18+00,947 S Curson Ave Los Angeles 90036,AA0437B0-C0C4-431B-92C3-1CFC922FDDBD_947_S_Curson_Ave_Los_Angeles_90036,Curson,947 S Curson Avenue Ave Los Angeles 90036,,,,
614083,1190830,,5089015024.0,,5831.0,,,West,,,Olympic,Boulevard,,,,,,,,,,,,,90036.0,,Los Angeles,Los Angeles,,,,,LA City,{34C8D9BE-5B82-4B5E-9F52-363523320286},0,,34C8D9BE-5B82-4B5E-9F52-363523320286,Unknown,,W,,,Blvd,W Olympic Blvd,2023/09/12 23:03:18+00,5831 W Olympic Blvd Los Angeles 90036,34C8D9BE-5B82-4B5E-9F52-363523320286_5831_W_Olympic_Blvd_Los_Angeles_90036,Olympic,5831 W Olympic Boulevard Blvd Los Angeles 90036,,,,
614084,1190831,,5089015025.0,,920.0,,,South,,,Stanley,Avenue,,,,,,,,,,,,,90036.0,,Los Angeles,Los Angeles,,,,,LA City,{89FE77EB-D266-405B-9E29-5CF5906616AF},0,,89FE77EB-D266-405B-9E29-5CF5906616AF,Unknown,,S,,,Ave,S Stanley Ave,2023/09/12 23:03:18+00,920 S Stanley Ave Los Angeles 90036,89FE77EB-D266-405B-9E29-5CF5906616AF_920_S_Stanley_Ave_Los_Angeles_90036,Stanley,920 S Stanley Avenue Ave Los Angeles 90036,,,,
614085,1190832,,5089015025.0,,918.0,,,South,,,Stanley,Avenue,,,,,,,,,,,,,90036.0,,Los Angeles,Los Angeles,,,,,LA City,{84E2A7E8-4B14-4E2A-B149-BA3314266C08},0,,84E2A7E8-4B14-4E2A-B149-BA3314266C08,Unknown,,S,,,Ave,S Stanley Ave,2023/09/12 23:03:18+00,918 S Stanley Ave Los Angeles 90036,84E2A7E8-4B14-4E2A-B149-BA3314266C08_918_S_Stanley_Ave_Los_Angeles_90036,Stanley,918 S Stanley Avenue Ave Los Angeles 90036,,,,
614086,1190833,,5089016001.0,,5776.0,,,West,,,8Th,Street,,,,,,,,,,,,,90036.0,,Los Angeles,Los Angeles,,,,,LA City,{E1590789-F88C-48D2-8D62-71AFC61F498A},0,,E1590789-F88C-48D2-8D62-71AFC61F498A,Unknown,,W,,,St,W 8Th St,2023/09/12 23:03:18+00,5776 W 8Th St Los Angeles 90036,E1590789-F88C-48D2-8D62-71AFC61F498A_5776_W_8Th_St_Los_Angeles_90036,8Th,5776 W 8Th Street St Los Angeles 90036,,,,
614087,1190834,,5089016001.0,,5766.0,,,West,,,8Th,Street,,,,,,,,,,,,,90036.0,,Los Angeles,Los Angeles,,,,,LA City,{5B565706-6AD2-4F0E-9297-9CA299AB25CC},0,,5B565706-6AD2-4F0E-9297-9CA299AB25CC,Unknown,,W,,,St,W 8Th St,2023/09/12 23:03:18+00,5766 W 8Th St Los Angeles 90036,5B565706-6AD2-4F0E-9297-9CA299AB25CC_5766_W_8Th_St_Los_Angeles_90036,8Th,5766 W 8Th Street St Los Angeles 90036,,,,
614088,1190835,,5089016001.0,,5768.0,,,West,,,8Th,Street,,,,,,,,,,,,,90036.0,,Los Angeles,Los Angeles,,,,,LA City,{DB058272-8723-498C-8ED4-65F8985E77BE},0,,DB058272-8723-498C-8ED4-65F8985E77BE,Unknown,,W,,,St,W 8Th St,2023/09/12 23:03:18+00,5768 W 8Th St Los Angeles 90036,DB058272-8723-498C-8ED4-65F8985E77BE_5768_W_8Th_St_Los_Angeles_90036,8Th,5768 W 8Th Street St Los Angeles 90036,,,,
614089,1190836,,5089016001.0,,5774.0,,,West,,,8Th,Street,,,,,,,,,,,,,90036.0,,Los Angeles,Los Angeles,,,,,LA City,{671F836D-7B8A-45E1-909C-36C73FFB3120},0,,671F836D-7B8A-45E1-909C-36C73FFB3120,Unknown,,W,,,St,W 8Th St,2023/09/12 23:03:18+00,5774 W 8Th St Los Angeles 90036,671F836D-7B8A-45E1-909C-36C73FFB3120_5774_W_8Th_St_Los_Angeles_90036,8Th,5774 W 8Th Street St Los Angeles 90036,,,,
614090,1190837,,5089016001.0,,5770.0,,,West,,,8Th,Street,,,,,,,,,,,,,90036.0,,Los Angeles,Los Angeles,,,,,LA City,{2BBE3323-EC2F-4F8E-9949-67BA8B843B3D},0,,2BBE3323-EC2F-4F8E-9949-67BA8B843B3D,Unknown,,W,,,St,W 8Th St,2023/09/12 23:03:18+00,5770 W 8Th St Los Angeles 90036,2BBE3323-EC2F-4F8E-9949-67BA8B843B3D_5770_W_8Th_St_Los_Angeles_90036,8Th,5770 W 8Th Street St Los Angeles 90036,,,,
614091,1190838,,5089016001.0,,5772.0,,,West,,,8Th,Street,,,,,,,,,,,,,90036.0,,Los Angeles,Los Angeles,,,,,LA City,{9A7E744C-7452-464C-A55D-FC66C92C84A1},0,,9A7E744C-7452-464C-A55D-FC66C92C84A1,Unknown,,W,,,St,W 8Th St,2023/09/12 23:03:18+00,5772 W 8Th St Los Angeles 90036,9A7E744C-7452-464C-A55D-FC66C92C84A1_5772_W_8Th_St_Los_Angeles_90036,8Th,5772 W 8Th Street St Los Angeles 90036,,,,
614092,1190839,,5089016001.0,,802.0,,,South,,,Curson,Avenue,,,,,,,,,,,,,90036.0,,Los Angeles,Los Angeles,,,,,LA City,{D2B084D6-2473-4B0D-9045-03B75B575D8E},0,,D2B084D6-2473-4B0D-9045-03B75B575D8E,Unknown,,S,,,Ave,S Curson Ave,2023/09/12 23:03:18+00,802 S Curson Ave Los Angeles 90036,D2B084D6-2473-4B0D-9045-03B75B575D8E_802_S_Curson_Ave_Los_Angeles_90036,Curson,802 S Curson Avenue Ave Los Angeles 90036,,,,
614093,1190840,,5089016002.0,,808.0,,,South,,,Curson,Avenue,,,,,,,,,,,,,90036.0,,Los Angeles,Los Angeles,,,,,LA City,{098A4AE4-7161-4CB1-BD7F-4C2499E85919},0,,098A4AE4-7161-4CB1-BD7F-4C2499E85919,Unknown,,S,,,Ave,S Curson Ave,2023/09/12 23:03:18+00,808 S Curson Ave Los Angeles 90036,098A4AE4-7161-4CB1-BD7F-4C2499E85919_808_S_Curson_Ave_Los_Angeles_90036,Curson,808 S Curson Avenue Ave Los Angeles 90036,,,,
614094,1190841,,5089016003.0,,812.0,,,South,,,Curson,Avenue,,,,,,,,,,,,,90036.0,,Los Angeles,Los Angeles,,,,,LA City,{57A8EE44-5FF0-4D5C-AA42-EF8BABAA0ADA},0,,57A8EE44-5FF0-4D5C-AA42-EF8BABAA0ADA,Unknown,,S,,,Ave,S Curson Ave,2023/09/12 23:03:18+00,812 S Curson Ave Los Angeles 90036,57A8EE44-5FF0-4D5C-AA42-EF8BABAA0ADA_812_S_Curson_Ave_Los_Angeles_90036,Curson,812 S Curson Avenue Ave Los Angeles 90036,,,,
614095,1190842,,5089016004.0,,818.0,,,South,,,Curson,Avenue,,,,,,,,,,,,,90036.0,,Los Angeles,Los Angeles,,,,,LA City,{FCC2676E-C091-434F-B447-E4DEA577239E},0,,FCC2676E-C091-434F-B447-E4DEA577239E,Unknown,,S,,,Ave,S Curson Ave,2023/09/12 23:03:18+00,818 S Curson Ave Los Angeles 90036,FCC2676E-C091-434F-B447-E4DEA577239E_818_S_Curson_Ave_Los_Angeles_90036,Curson,818 S Curson Avenue Ave Los Angeles 90036,,,,
614096,1190843,,5089016004.0,,816.0,,,South,,,Curson,Avenue,,,,,,,,,,,,,90036.0,,Los Angeles,Los Angeles,,,,,LA City,{9EF9392F-AC73-44FA-9CFE-C893D4EB56E6},0,,9EF9392F-AC73-44FA-9CFE-C893D4EB56E6,Unknown,,S,,,Ave,S Curson Ave,2023/09/12 23:03:18+00,816 S Curson Ave Los Angeles 90036,9EF9392F-AC73-44FA-9CFE-C893D4EB56E6_816_S_Curson_Ave_Los_Angeles_90036,Curson,816 S Curson Avenue Ave Los Angeles 90036,,,,
614097,1190844,,5089016005.0,,822.0,,,South,,,Curson,Avenue,,,,,,,,,,,,,90036.0,,Los Angeles,Los Angeles,,,,,LA City,{5FDFC02D-5D92-4616-8BD5-B6ADB37D66DA},0,,5FDFC02D-5D92-4616-8BD5-B6ADB37D66DA,Unknown,,S,,,Ave,S Curson Ave,2023/09/12 23:03:18+00,822 S Curson Ave Los Angeles 90036,5FDFC02D-5D92-4616-8BD5-B6ADB37D66DA_822_S_Curson_Ave_Los_Angeles_90036,Curson,822 S Curson Avenue Ave Los Angeles 90036,,,,
614098,1190845,,5089016005.0,,824.0,1/2,,South,,,Curson,Avenue,,,,,,,,,,,,,90036.0,,Los Angeles,Los Angeles,,,,,LA City,{BDD1B93F-B806-4CB8-B5B5-8A4B9DDFF78B},0,,BDD1B93F-B806-4CB8-B5B5-8A4B9DDFF78B,Unknown,,S,,,Ave,S Curson Ave,2024/05/12 21:05:27+00,824 1/2 S Curson Ave Los Angeles 90036,BDD1B93F-B806-4CB8-B5B5-8A4B9DDFF78B_824_1/2_S_Curson_Ave_Los_Angeles_90036,Curson,824 1/2 S Curson Avenue Ave Los Angeles 90036,,,,
614099,1190846,,5089016005.0,,824.0,,,South,,,Curson,Avenue,,,,,,,,,,,,,90036.0,,Los Angeles,Los Angeles,,,,,LA City,{B5739121-E46E-4BAD-97E0-2269A4D8EE1D},0,,B5739121-E46E-4BAD-97E0-2269A4D8EE1D,Unknown,,S,,,Ave,S Curson Ave,2024/05/12 21:05:27+00,824 S Curson Ave Los Angeles 90036,B5739121-E46E-4BAD-97E0-2269A4D8EE1D_824_S_Curson_Ave_Los_Angeles_90036,Curson,824 S Curson Avenue Ave Los Angeles 90036,,,,
614100,1190847,,5089016006.0,,828.0,,,South,,,Curson,Avenue,,,,,,,,,,,,,90036.0,,Los Angeles,Los Angeles,,,,,LA City,{AFEFA230-3869-481F-A26A-B5F31456E0A5},0,,AFEFA230-3869-481F-A26A-B5F31456E0A5,Unknown,,S,,,Ave,S Curson Ave,2023/09/12 23:03:18+00,828 S Curson Ave Los Angeles 90036,AFEFA230-3869-481F-A26A-B5F31456E0A5_828_S_Curson_Ave_Los_Angeles_90036,Curson,828 S Curson Avenue Ave Los Angeles 90036,,,,
614101,1190848,,5089016006.0,,826.0,,,South,,,Curson,Avenue,,,,,,,,,,,,,90036.0,,Los Angeles,Los Angeles,,,,,LA City,{85398124-007E-4216-918C-F6717D64464F},0,,85398124-007E-4216-918C-F6717D64464F,Unknown,,S,,,Ave,S Curson Ave,2023/09/12 23:03:18+00,826 S Curson Ave Los Angeles 90036,85398124-007E-4216-918C-F6717D64464F_826_S_Curson_Ave_Los_Angeles_90036,Curson,826 S Curson Avenue Ave Los Angeles 90036,,,,
614102,1190849,,5089016007.0,,834.0,,,South,,,Curson,Avenue,,,,,,,,,,,,,90036.0,,Los Angeles,Los Angeles,,,,,LA City,{59F76075-551B-4873-85E9-6E4A7ACAAA74},0,,59F76075-551B-4873-85E9-6E4A7ACAAA74,Unknown,,S,,,Ave,S Curson Ave,2023/09/12 23:03:18+00,834 S Curson Ave Los Angeles 90036,59F76075-551B-4873-85E9-6E4A7ACAAA74_834_S_Curson_Ave_Los_Angeles_90036,Curson,834 S Curson Avenue Ave Los Angeles 90036,,,,
614103,1190850,,5089016007.0,,832.0,,,South,,,Curson,Avenue,,,,,,,,,,,,,90036.0,,Los Angeles,Los Angeles,,,,,LA City,{597DCCA9-2F6D-490B-B823-E71FB651E881},0,,597DCCA9-2F6D-490B-B823-E71FB651E881,Unknown,,S,,,Ave,S Curson Ave,2023/09/12 23:03:18+00,832 S Curson Ave Los Angeles 90036,597DCCA9-2F6D-490B-B823-E71FB651E881_832_S_Curson_Ave_Los_Angeles_90036,Curson,832 S Curson Avenue Ave Los Angeles 90036,,,,
614104,1190851,,5089016008.0,,840.0,,,South,,,Curson,Avenue,,,,,,,,,,,,,90036.0,,Los Angeles,Los Angeles,,,,,LA City,{80E2E2DB-47A2-40BC-9479-8067A610FFC9},0,,80E2E2DB-47A2-40BC-9479-8067A610FFC9,Unknown,,S,,,Ave,S Curson Ave,2023/09/12 23:03:18+00,840 S Curson Ave Los Angeles 90036,80E2E2DB-47A2-40BC-9479-8067A610FFC9_840_S_Curson_Ave_Los_Angeles_90036,Curson,840 S Curson Avenue Ave Los Angeles 90036,,,,
614105,1190852,,5089016008.0,,838.0,,,South,,,Curson,Avenue,,,,,,,,,,,,,90036.0,,Los Angeles,Los Angeles,,,,,LA City,{99642747-390D-4477-B383-0AAE756FAC76},0,,99642747-390D-4477-B383-0AAE756FAC76,Unknown,,S,,,Ave,S Curson Ave,2023/09/12 23:03:18+00,838 S Curson Ave Los Angeles 90036,99642747-390D-4477-B383-0AAE756FAC76_838_S_Curson_Ave_Los_Angeles_90036,Curson,838 S Curson Avenue Ave Los Angeles 90036,,,,
614106,1190853,,5089016009.0,,846.0,,,South,,,Curson,Avenue,,,,,,,,,,,,,90036.0,,Los Angeles,Los Angeles,,,,,LA City,{02A37206-0E40-45A9-9FAD-37EE491A4314},0,,02A37206-0E40-45A9-9FAD-37EE491A4314,Unknown,,S,,,Ave,S Curson Ave,2023/09/12 23:03:18+00,846 S Curson Ave Los Angeles 90036,02A37206-0E40-45A9-9FAD-37EE491A4314_846_S_Curson_Ave_Los_Angeles_90036,Curson,846 S Curson Avenue Ave Los Angeles 90036,,,,
614107,1190854,,5089016009.0,,844.0,,,South,,,Curson,Avenue,,,,,,,,,,,,,90036.0,,Los Angeles,Los Angeles,,,,,LA City,{2509B638-A9CA-4D3C-8A96-6FB86199353D},0,,2509B638-A9CA-4D3C-8A96-6FB86199353D,Unknown,,S,,,Ave,S Curson Ave,2023/09/12 23:03:18+00,844 S Curson Ave Los Angeles 90036,2509B638-A9CA-4D3C-8A96-6FB86199353D_844_S_Curson_Ave_Los_Angeles_90036,Curson,844 S Curson Avenue Ave Los Angeles 90036,,,,
614108,1190855,,5089016010.0,,848.0,,,South,,,Curson,Avenue,,,,,,,,,,,,,90036.0,,Los Angeles,Los Angeles,,,,,LA City,{6CE3EFE0-B44C-4F77-8B84-5F1601370633},0,,6CE3EFE0-B44C-4F77-8B84-5F1601370633,Unknown,,S,,,Ave,S Curson Ave,2023/09/12 23:03:18+00,848 S Curson Ave Los Angeles 90036,6CE3EFE0-B44C-4F77-8B84-5F1601370633_848_S_Curson_Ave_Los_Angeles_90036,Curson,848 S Curson Avenue Ave Los Angeles 90036,,,,
614109,1190856,,5089016010.0,,850.0,,,South,,,Curson,Avenue,,,,,,,,,,,,,90036.0,,Los Angeles,Los Angeles,,,,,LA City,{94917674-3403-4ADD-95F7-8FBBF7B6EBC1},0,,94917674-3403-4ADD-95F7-8FBBF7B6EBC1,Unknown,,S,,,Ave,S Curson Ave,2023/09/12 23:03:18+00,850 S Curson Ave Los Angeles 90036,94917674-3403-4ADD-95F7-8FBBF7B6EBC1_850_S_Curson_Ave_Los_Angeles_90036,Curson,850 S Curson Avenue Ave Los Angeles 90036,,,,
614110,1190857,,5089016011.0,,854.0,,,South,,,Curson,Avenue,,,,,,,,,,,,,90036.0,,Los Angeles,Los Angeles,,,,,LA City,{942674E4-6F16-4D16-8866-325698D74585},0,,942674E4-6F16-4D16-8866-325698D74585,Unknown,,S,,,Ave,S Curson Ave,2023/09/12 23:03:18+00,854 S Curson Ave Los Angeles 90036,942674E4-6F16-4D16-8866-325698D74585_854_S_Curson_Ave_Los_Angeles_90036,Curson,854 S Curson Avenue Ave Los Angeles 90036,,,,
614111,1190858,,5089016011.0,,852.0,,,South,,,Curson,Avenue,,,,,,,,,,,,,90036.0,,Los Angeles,Los Angeles,,,,,LA City,{CEBAB03F-E9AC-45C4-B228-0711774A236C},0,,CEBAB03F-E9AC-45C4-B228-0711774A236C,Unknown,,S,,,Ave,S Curson Ave,2023/09/12 23:03:18+00,852 S Curson Ave Los Angeles 90036,CEBAB03F-E9AC-45C4-B228-0711774A236C_852_S_Curson_Ave_Los_Angeles_90036,Curson,852 S Curson Avenue Ave Los Angeles 90036,,,,
614112,1190859,,5089016012.0,,860.0,,,South,,,Curson,Avenue,,,,,,,,,,,,,90036.0,,Los Angeles,Los Angeles,,,,,LA City,{16589BEA-6566-4506-8162-9C4370D2052D},0,,16589BEA-6566-4506-8162-9C4370D2052D,Unknown,,S,,,Ave,S Curson Ave,2023/09/12 23:03:18+00,860 S Curson Ave Los Angeles 90036,16589BEA-6566-4506-8162-9C4370D2052D_860_S_Curson_Ave_Los_Angeles_90036,Curson,860 S Curson Avenue Ave Los Angeles 90036,,,,
614113,1190860,,5089016012.0,,862.0,,,South,,,Curson,Avenue,,,,,,,,,,,,,90036.0,,Los Angeles,Los Angeles,,,,,LA City,{60FC5C9A-45DC-4D84-91F6-17CF5D1CE75B},0,,60FC5C9A-45DC-4D84-91F6-17CF5D1CE75B,Unknown,,S,,,Ave,S Curson Ave,2023/09/12 23:03:18+00,862 S Curson Ave Los Angeles 90036,60FC5C9A-45DC-4D84-91F6-17CF5D1CE75B_862_S_Curson_Ave_Los_Angeles_90036,Curson,862 S Curson Avenue Ave Los Angeles 90036,,,,
614114,1190861,,5089016013.0,,866.0,,,South,,,Curson,Avenue,,,,,,,,,,,,,90036.0,,Los Angeles,Los Angeles,,,,,LA City,{F0BA62B1-C090-48C9-BCBC-CCC820300552},0,,F0BA62B1-C090-48C9-BCBC-CCC820300552,Unknown,,S,,,Ave,S Curson Ave,2023/09/12 23:03:18+00,866 S Curson Ave Los Angeles 90036,F0BA62B1-C090-48C9-BCBC-CCC820300552_866_S_Curson_Ave_Los_Angeles_90036,Curson,866 S Curson Avenue Ave Los Angeles 90036,,,,
614115,1190862,,5089016013.0,,864.0,,,South,,,Curson,Avenue,,,,,,,,,,,,,90036.0,,Los Angeles,Los Angeles,,,,,LA City,{C1E50598-A14F-4C7A-8642-B253663AEE62},0,,C1E50598-A14F-4C7A-8642-B253663AEE62,Unknown,,S,,,Ave,S Curson Ave,2023/09/12 23:03:18+00,864 S Curson Ave Los Angeles 90036,C1E50598-A14F-4C7A-8642-B253663AEE62_864_S_Curson_Ave_Los_Angeles_90036,Curson,864 S Curson Avenue Ave Los Angeles 90036,,,,
614116,1190863,,5089016013.0,,868.0,,,South,,,Curson,Avenue,,,,,,,,,,,,,90036.0,,Los Angeles,Los Angeles,,,,,LA City,{052EFD3A-FD20-4EA8-9C1E-2D2498B6E000},0,,052EFD3A-FD20-4EA8-9C1E-2D2498B6E000,Unknown,,S,,,Ave,S Curson Ave,2023/09/12 23:03:18+00,868 S Curson Ave Los Angeles 90036,052EFD3A-FD20-4EA8-9C1E-2D2498B6E000_868_S_Curson_Ave_Los_Angeles_90036,Curson,868 S Curson Avenue Ave Los Angeles 90036,,,,
614117,1190864,,5089016014.0,,900.0,,,South,,,Curson,Avenue,,,,,,,,,,,,,90036.0,,Los Angeles,Los Angeles,,,,,LA City,{D6BCA060-C42C-4FCB-9676-85E53CC171E1},0,,D6BCA060-C42C-4FCB-9676-85E53CC171E1,Unknown,,S,,,Ave,S Curson Ave,2023/09/12 23:03:18+00,900 S Curson Ave Los Angeles 90036,D6BCA060-C42C-4FCB-9676-85E53CC171E1_900_S_Curson_Ave_Los_Angeles_90036,Curson,900 S Curson Avenue Ave Los Angeles 90036,,,,
614118,1190865,,5089016014.0,,902.0,,,South,,,Curson,Avenue,,,,,,,,,,,,,90036.0,,Los Angeles,Los Angeles,,,,,LA City,{32E54F59-5564-4B99-A0F4-A39949CF5A4B},0,,32E54F59-5564-4B99-A0F4-A39949CF5A4B,Unknown,,S,,,Ave,S Curson Ave,2023/09/12 23:03:18+00,902 S Curson Ave Los Angeles 90036,32E54F59-5564-4B99-A0F4-A39949CF5A4B_902_S_Curson_Ave_Los_Angeles_90036,Curson,902 S Curson Avenue Ave Los Angeles 90036,,,,
614119,1190866,,5089016014.0,,870.0,,,South,,,Curson,Avenue,,,,,,,,,,,,,90036.0,,Los Angeles,Los Angeles,,,,,LA City,{43559B51-C353-4964-BD52-0032F18CBC0C},0,,43559B51-C353-4964-BD52-0032F18CBC0C,Unknown,,S,,,Ave,S Curson Ave,2023/09/12 23:03:18+00,870 S Curson Ave Los Angeles 90036,43559B51-C353-4964-BD52-0032F18CBC0C_870_S_Curson_Ave_Los_Angeles_90036,Curson,870 S Curson Avenue Ave Los Angeles 90036,,,,
614120,1190867,,5089016015.0,,908.0,,,South,,,Curson,Avenue,,,,,,,,,,,,,90036.0,,Los Angeles,Los Angeles,,,,,LA City,{B793393D-896C-47E3-805B-2B42A0DFB46D},0,,B793393D-896C-47E3-805B-2B42A0DFB46D,Unknown,,S,,,Ave,S Curson Ave,2024/05/12 21:05:27+00,908 S Curson Ave Los Angeles 90036,B793393D-896C-47E3-805B-2B42A0DFB46D_908_S_Curson_Ave_Los_Angeles_90036,Curson,908 S Curson Avenue Ave Los Angeles 90036,,,,
614121,1190868,,5089016015.0,,906.0,1/2,,South,,,Curson,Avenue,,,,,,,,,,,,,90036.0,,Los Angeles,Los Angeles,,,,,LA City,{1E28FF9B-6D12-4602-882B-E7AF1EF96AF7},0,,1E28FF9B-6D12-4602-882B-E7AF1EF96AF7,Unknown,,S,,,Ave,S Curson Ave,2024/05/12 21:05:27+00,906 1/2 S Curson Ave Los Angeles 90036,1E28FF9B-6D12-4602-882B-E7AF1EF96AF7_906_1/2_S_Curson_Ave_Los_Angeles_90036,Curson,906 1/2 S Curson Avenue Ave Los Angeles 90036,,,,
614122,1190869,,5089016015.0,,906.0,,,South,,,Curson,Avenue,,,,,,,,,,,,,90036.0,,Los Angeles,Los Angeles,,,,,LA City,{6CB7D8AF-8ACE-4B71-945C-53AEFEAF343C},0,,6CB7D8AF-8ACE-4B71-945C-53AEFEAF343C,Unknown,,S,,,Ave,S Curson Ave,2024/05/12 21:05:27+00,906 S Curson Ave Los Angeles 90036,6CB7D8AF-8ACE-4B71-945C-53AEFEAF343C_906_S_Curson_Ave_Los_Angeles_90036,Curson,906 S Curson Avenue Ave Los Angeles 90036,,,,
614123,1190870,,5089016015.0,,908.0,1/2,,South,,,Curson,Avenue,,,,,,,,,,,,,90036.0,,Los Angeles,Los Angeles,,,,,LA City,{BA0A2F3C-FE5F-4632-9AE9-6AB6D6EA0BDA},0,,BA0A2F3C-FE5F-4632-9AE9-6AB6D6EA0BDA,Unknown,,S,,,Ave,S Curson Ave,2024/05/12 21:05:27+00,908 1/2 S Curson Ave Los Angeles 90036,BA0A2F3C-FE5F-4632-9AE9-6AB6D6EA0BDA_908_1/2_S_Curson_Ave_Los_Angeles_90036,Curson,908 1/2 S Curson Avenue Ave Los Angeles 90036,,,,
614124,1190871,,5089016016.0,,910.0,1/2,,South,,,Curson,Avenue,,,,,,,,,,,,,90036.0,,Los Angeles,Los Angeles,,,,,LA City,{EF3227C1-056E-4D86-AB35-3770E2347062},0,,EF3227C1-056E-4D86-AB35-3770E2347062,Unknown,,S,,,Ave,S Curson Ave,2024/05/12 21:05:27+00,910 1/2 S Curson Ave Los Angeles 90036,EF3227C1-056E-4D86-AB35-3770E2347062_910_1/2_S_Curson_Ave_Los_Angeles_90036,Curson,910 1/2 S Curson Avenue Ave Los Angeles 90036,,,,
614125,1190872,,5089016016.0,,912.0,1/2,,South,,,Curson,Avenue,,,,,,,,,,,,,90036.0,,Los Angeles,Los Angeles,,,,,LA City,{4881C7DA-06E6-4469-B783-FC4D3989411F},0,,4881C7DA-06E6-4469-B783-FC4D3989411F,Unknown,,S,,,Ave,S Curson Ave,2024/05/12 21:05:27+00,912 1/2 S Curson Ave Los Angeles 90036,4881C7DA-06E6-4469-B783-FC4D3989411F_912_1/2_S_Curson_Ave_Los_Angeles_90036,Curson,912 1/2 S Curson Avenue Ave Los Angeles 90036,,,,
614126,1190873,,5089016016.0,,912.0,,,South,,,Curson,Avenue,,,,,,,,,,,,,90036.0,,Los Angeles,Los Angeles,,,,,LA City,{7230AEF6-7564-4CE8-9C06-754A98A97D81},0,,7230AEF6-7564-4CE8-9C06-754A98A97D81,Unknown,,S,,,Ave,S Curson Ave,2024/05/12 21:05:27+00,912 S Curson Ave Los Angeles 90036,7230AEF6-7564-4CE8-9C06-754A98A97D81_912_S_Curson_Ave_Los_Angeles_90036,Curson,912 S Curson Avenue Ave Los Angeles 90036,,,,
614127,1190874,,5089016016.0,,910.0,,,South,,,Curson,Avenue,,,,,,,,,,,,,90036.0,,Los Angeles,Los Angeles,,,,,LA City,{FBFDB69F-8CFF-4680-90B6-74CABB83F777},0,,FBFDB69F-8CFF-4680-90B6-74CABB83F777,Unknown,,S,,,Ave,S Curson Ave,2024/05/12 21:05:27+00,910 S Curson Ave Los Angeles 90036,FBFDB69F-8CFF-4680-90B6-74CABB83F777_910_S_Curson_Ave_Los_Angeles_90036,Curson,910 S Curson Avenue Ave Los Angeles 90036,,,,
614128,1190875,,5089016017.0,,918.0,,,South,,,Curson,Avenue,,,,,,,,,,,,,90036.0,,Los Angeles,Los Angeles,,,,,LA City,{ECFDBD9C-99FA-4A7F-906F-31132CDB6CDE},0,,ECFDBD9C-99FA-4A7F-906F-31132CDB6CDE,Unknown,,S,,,Ave,S Curson Ave,2023/09/12 23:03:18+00,918 S Curson Ave Los Angeles 90036,ECFDBD9C-99FA-4A7F-906F-31132CDB6CDE_918_S_Curson_Ave_Los_Angeles_90036,Curson,918 S Curson Avenue Ave Los Angeles 90036,,,,
614129,1190876,,5089016017.0,,916.0,,,South,,,Curson,Avenue,,,,,,,,,,,,,90036.0,,Los Angeles,Los Angeles,,,,,LA City,{92AD31C7-BBCE-4D19-A903-B7D98847DFD6},0,,92AD31C7-BBCE-4D19-A903-B7D98847DFD6,Unknown,,S,,,Ave,S Curson Ave,2023/09/12 23:03:18+00,916 S Curson Ave Los Angeles 90036,92AD31C7-BBCE-4D19-A903-B7D98847DFD6_916_S_Curson_Ave_Los_Angeles_90036,Curson,916 S Curson Avenue Ave Los Angeles 90036,,,,
614130,1190877,,5089016018.0,,920.0,1/4,,South,,,Curson,Avenue,,,,,,,,,,,,,90036.0,,Los Angeles,Los Angeles,,,,,LA City,{2D8AD635-C3FF-40BC-8297-DF9C2BEB338F},0,,2D8AD635-C3FF-40BC-8297-DF9C2BEB338F,Unknown,,S,,,Ave,S Curson Ave,2024/05/12 21:05:27+00,920 1/4 S Curson Ave Los Angeles 90036,2D8AD635-C3FF-40BC-8297-DF9C2BEB338F_920_1/4_S_Curson_Ave_Los_Angeles_90036,Curson,920 1/4 S Curson Avenue Ave Los Angeles 90036,,,,
614131,1190878,,5089016018.0,,920.0,,,South,,,Curson,Avenue,,,,,,,,,,,,,90036.0,,Los Angeles,Los Angeles,,,,,LA City,{E24849CD-2001-46B6-A32A-219A554E6501},0,,E24849CD-2001-46B6-A32A-219A554E6501,Unknown,,S,,,Ave,S Curson Ave,2024/05/12 21:05:27+00,920 S Curson Ave Los Angeles 90036,E24849CD-2001-46B6-A32A-219A554E6501_920_S_Curson_Ave_Los_Angeles_90036,Curson,920 S Curson Avenue Ave Los Angeles 90036,,,,
614132,1190879,,5089016018.0,,922.0,1/4,,South,,,Curson,Avenue,,,,,,,,,,,,,90036.0,,Los Angeles,Los Angeles,,,,,LA City,{40251CFA-EF30-4676-9C89-B0280B04BEF4},0,,40251CFA-EF30-4676-9C89-B0280B04BEF4,Unknown,,S,,,Ave,S Curson Ave,2024/05/12 21:05:27+00,922 1/4 S Curson Ave Los Angeles 90036,40251CFA-EF30-4676-9C89-B0280B04BEF4_922_1/4_S_Curson_Ave_Los_Angeles_90036,Curson,922 1/4 S Curson Avenue Ave Los Angeles 90036,,,,
614133,1190880,,5089016018.0,,920.0,1/2,,South,,,Curson,Avenue,,,,,,,,,,,,,90036.0,,Los Angeles,Los Angeles,,,,,LA City,{4060B303-684D-4500-A87C-31E8F7C8C9B0},0,,4060B303-684D-4500-A87C-31E8F7C8C9B0,Unknown,,S,,,Ave,S Curson Ave,2024/05/12 21:05:27+00,920 1/2 S Curson Ave Los Angeles 90036,4060B303-684D-4500-A87C-31E8F7C8C9B0_920_1/2_S_Curson_Ave_Los_Angeles_90036,Curson,920 1/2 S Curson Avenue Ave Los Angeles 90036,,,,
614134,1190881,,5089016018.0,,922.0,,,South,,,Curson,Avenue,,,,,,,,,,,,,90036.0,,Los Angeles,Los Angeles,,,,,LA City,{F5839A23-2E3C-4F26-A49D-E26BFCD066F7},0,,F5839A23-2E3C-4F26-A49D-E26BFCD066F7,Unknown,,S,,,Ave,S Curson Ave,2024/05/12 21:05:27+00,922 S Curson Ave Los Angeles 90036,F5839A23-2E3C-4F26-A49D-E26BFCD066F7_922_S_Curson_Ave_Los_Angeles_90036,Curson,922 S Curson Avenue Ave Los Angeles 90036,,,,
614135,1190882,,5089016018.0,,922.0,1/2,,South,,,Curson,Avenue,,,,,,,,,,,,,90036.0,,Los Angeles,Los Angeles,,,,,LA City,{3B9C6C3D-444E-4CB1-BBC8-632EAE3DE8F1},0,,3B9C6C3D-444E-4CB1-BBC8-632EAE3DE8F1,Unknown,,S,,,Ave,S Curson Ave,2024/05/12 21:05:27+00,922 1/2 S Curson Ave Los Angeles 90036,3B9C6C3D-444E-4CB1-BBC8-632EAE3DE8F1_922_1/2_S_Curson_Ave_Los_Angeles_90036,Curson,922 1/2 S Curson Avenue Ave Los Angeles 90036,,,,
614136,1190883,,5089016019.0,,926.0,,,South,,,Curson,Avenue,,,,,,,,,,,,,90036.0,,Los Angeles,Los Angeles,,,,,LA City,{CBD01A4F-A1B4-4325-9B59-7BB2C98DFCC2},0,,CBD01A4F-A1B4-4325-9B59-7BB2C98DFCC2,Unknown,,S,,,Ave,S Curson Ave,2023/09/12 23:03:18+00,926 S Curson Ave Los Angeles 90036,CBD01A4F-A1B4-4325-9B59-7BB2C98DFCC2_926_S_Curson_Ave_Los_Angeles_90036,Curson,926 S Curson Avenue Ave Los Angeles 90036,,,,
614137,1190884,,5089016019.0,,924.0,,,South,,,Curson,Avenue,,,,,,,,,,,,,90036.0,,Los Angeles,Los Angeles,,,,,LA City,{DC74F4E3-609F-4A49-BD9D-CDA45EB1AA0A},0,,DC74F4E3-609F-4A49-BD9D-CDA45EB1AA0A,Unknown,,S,,,Ave,S Curson Ave,2023/09/12 23:03:18+00,924 S Curson Ave Los Angeles 90036,DC74F4E3-609F-4A49-BD9D-CDA45EB1AA0A_924_S_Curson_Ave_Los_Angeles_90036,Curson,924 S Curson Avenue Ave Los Angeles 90036,,,,
614138,1190885,,5089016020.0,,932.0,,,South,,,Curson,Avenue,,,,,,,,,,,,,90036.0,,Los Angeles,Los Angeles,,,,,LA City,{BAEAD6A4-14B3-40A4-B9EB-3541885A5EA1},0,,BAEAD6A4-14B3-40A4-B9EB-3541885A5EA1,Unknown,,S,,,Ave,S Curson Ave,2023/09/12 23:03:18+00,932 S Curson Ave Los Angeles 90036,BAEAD6A4-14B3-40A4-B9EB-3541885A5EA1_932_S_Curson_Ave_Los_Angeles_90036,Curson,932 S Curson Avenue Ave Los Angeles 90036,,,,
614139,1190886,,5089016020.0,,930.0,,,South,,,Curson,Avenue,,,,,,,,,,,,,90036.0,,Los Angeles,Los Angeles,,,,,LA City,{74CAB377-82AD-43CD-B581-814B63AA6EF4},0,,74CAB377-82AD-43CD-B581-814B63AA6EF4,Unknown,,S,,,Ave,S Curson Ave,2023/09/12 23:03:18+00,930 S Curson Ave Los Angeles 90036,74CAB377-82AD-43CD-B581-814B63AA6EF4_930_S_Curson_Ave_Los_Angeles_90036,Curson,930 S Curson Avenue Ave Los Angeles 90036,,,,
614140,1190887,,5089016020.0,,934.0,,,South,,,Curson,Avenue,,,,,,,,,,,,,90036.0,,Los Angeles,Los Angeles,,,,,LA City,{B1CD6C19-B7C0-4D43-8ADD-680C84BF5AE9},0,,B1CD6C19-B7C0-4D43-8ADD-680C84BF5AE9,Unknown,,S,,,Ave,S Curson Ave,2023/09/12 23:03:18+00,934 S Curson Ave Los Angeles 90036,B1CD6C19-B7C0-4D43-8ADD-680C84BF5AE9_934_S_Curson_Ave_Los_Angeles_90036,Curson,934 S Curson Avenue Ave Los Angeles 90036,,,,
614141,1190888,,5089016021.0,,5819.0,,,West,,,Olympic,Boulevard,,,,,,,,,,,,,90036.0,,Los Angeles,Los Angeles,,,,,LA City,{23D1DE73-ED40-4EBA-BD1E-BB72425AB77D},0,,23D1DE73-ED40-4EBA-BD1E-BB72425AB77D,Unknown,,W,,,Blvd,W Olympic Blvd,2023/09/12 23:03:18+00,5819 W Olympic Blvd Los Angeles 90036,23D1DE73-ED40-4EBA-BD1E-BB72425AB77D_5819_W_Olympic_Blvd_Los_Angeles_90036,Olympic,5819 W Olympic Boulevard Blvd Los Angeles 90036,,,,
614142,1190889,,5089016022.0,,5825.0,,,West,,,Olympic,Boulevard,,,,,,,,,,,,,90036.0,,Los Angeles,Los Angeles,,,,,LA City,{15CB3476-824F-4CF2-83E0-0544F8226B65},0,,15CB3476-824F-4CF2-83E0-0544F8226B65,Unknown,,W,,,Blvd,W Olympic Blvd,2023/09/12 23:03:18+00,5825 W Olympic Blvd Los Angeles 90036,15CB3476-824F-4CF2-83E0-0544F8226B65_5825_W_Olympic_Blvd_Los_Angeles_90036,Olympic,5825 W Olympic Boulevard Blvd Los Angeles 90036,,,,
614143,1190890,,5089016023.0,,5815.0,,,West,,,Olympic,Boulevard,,,,,,,,,,,,,90036.0,,Los Angeles,Los Angeles,,,,,LA City,{057EAD29-10BE-4EF2-8422-B95325C9C65C},0,,057EAD29-10BE-4EF2-8422-B95325C9C65C,Unknown,,W,,,Blvd,W Olympic Blvd,2023/09/12 23:03:18+00,5815 W Olympic Blvd Los Angeles 90036,057EAD29-10BE-4EF2-8422-B95325C9C65C_5815_W_Olympic_Blvd_Los_Angeles_90036,Olympic,5815 W Olympic Boulevard Blvd Los Angeles 90036,,,,
614144,1190891,,5089016024.0,,805.0,,,South,,,Sierra Bonita,Avenue,,,,,,,,,,,,,90036.0,,Los Angeles,Los Angeles,,,,,LA City,{9F855EC5-66B6-4CF9-8BEB-415AEEFF05A9},0,,9F855EC5-66B6-4CF9-8BEB-415AEEFF05A9,Unknown,,S,,,Ave,S Sierra Bonita Ave,2023/09/12 23:03:18+00,805 S Sierra Bonita Ave Los Angeles 90036,9F855EC5-66B6-4CF9-8BEB-415AEEFF05A9_805_S_Sierra_Bonita_Ave_Los_Angeles_90036,Sierra Bonita,805 S Sierra Bonita Avenue Ave Los Angeles 90036,,,,
614145,1190892,,5089016025.0,,817.0,,,South,,,Sierra Bonita,Avenue,,,,,,,,,,,,,90036.0,,Los Angeles,Los Angeles,,,,,LA City,{0E14B1F5-27E7-490D-BED0-C71B27642787},0,,0E14B1F5-27E7-490D-BED0-C71B27642787,Unknown,,S,,,Ave,S Sierra Bonita Ave,2023/09/12 23:03:18+00,817 S Sierra Bonita Ave Los Angeles 90036,0E14B1F5-27E7-490D-BED0-C71B27642787_817_S_Sierra_Bonita_Ave_Los_Angeles_90036,Sierra Bonita,817 S Sierra Bonita Avenue Ave Los Angeles 90036,,,,
614146,1190893,,5089016025.0,,811.0,,,South,,,Sierra Bonita,Avenue,,,,,,,,,,,,,90036.0,,Los Angeles,Los Angeles,,,,,LA City,{308401A1-1D3E-4B67-B8BE-7A3519EDBBA5},0,,308401A1-1D3E-4B67-B8BE-7A3519EDBBA5,Unknown,,S,,,Ave,S Sierra Bonita Ave,2023/09/12 23:03:18+00,811 S Sierra Bonita Ave Los Angeles 90036,308401A1-1D3E-4B67-B8BE-7A3519EDBBA5_811_S_Sierra_Bonita_Ave_Los_Angeles_90036,Sierra Bonita,811 S Sierra Bonita Avenue Ave Los Angeles 90036,,,,
614147,1190894,,5089016026.0,,823.0,,,South,,,Sierra Bonita,Avenue,,,,,,,,,,,,,90036.0,,Los Angeles,Los Angeles,,,,,LA City,{AC64B5AE-3AD3-47BE-B990-8C2B877CD8DD},0,,AC64B5AE-3AD3-47BE-B990-8C2B877CD8DD,Unknown,,S,,,Ave,S Sierra Bonita Ave,2023/09/12 23:03:18+00,823 S Sierra Bonita Ave Los Angeles 90036,AC64B5AE-3AD3-47BE-B990-8C2B877CD8DD_823_S_Sierra_Bonita_Ave_Los_Angeles_90036,Sierra Bonita,823 S Sierra Bonita Avenue Ave Los Angeles 90036,,,,
614148,1190895,,5089016027.0,,827.0,,,South,,,Sierra Bonita,Avenue,,,,,,,,,,,,,90036.0,,Los Angeles,Los Angeles,,,,,LA City,{DFFDECE8-43FA-4CCD-9F59-564D151A1C0D},0,,DFFDECE8-43FA-4CCD-9F59-564D151A1C0D,Unknown,,S,,,Ave,S Sierra Bonita Ave,2023/09/12 23:03:18+00,827 S Sierra Bonita Ave Los Angeles 90036,DFFDECE8-43FA-4CCD-9F59-564D151A1C0D_827_S_Sierra_Bonita_Ave_Los_Angeles_90036,Sierra Bonita,827 S Sierra Bonita Avenue Ave Los Angeles 90036,,,,
614149,1190896,,5089016028.0,,833.0,,,South,,,Sierra Bonita,Avenue,,,,,,,,,,,,,90036.0,,Los Angeles,Los Angeles,,,,,LA City,{B93C2FE8-F1ED-4E2D-977D-417B6BE2B4CA},0,,B93C2FE8-F1ED-4E2D-977D-417B6BE2B4CA,Unknown,,S,,,Ave,S Sierra Bonita Ave,2023/09/12 23:03:18+00,833 S Sierra Bonita Ave Los Angeles 90036,B93C2FE8-F1ED-4E2D-977D-417B6BE2B4CA_833_S_Sierra_Bonita_Ave_Los_Angeles_90036,Sierra Bonita,833 S Sierra Bonita Avenue Ave Los Angeles 90036,,,,
614150,1190897,,5089016029.0,,837.0,,,South,,,Sierra Bonita,Avenue,,,,,,,,,,,,,90036.0,,Los Angeles,Los Angeles,,,,,LA City,{8FEF89C4-B608-4E17-A3F7-5E2170B9EA67},0,,8FEF89C4-B608-4E17-A3F7-5E2170B9EA67,Unknown,,S,,,Ave,S Sierra Bonita Ave,2023/09/12 23:03:18+00,837 S Sierra Bonita Ave Los Angeles 90036,8FEF89C4-B608-4E17-A3F7-5E2170B9EA67_837_S_Sierra_Bonita_Ave_Los_Angeles_90036,Sierra Bonita,837 S Sierra Bonita Avenue Ave Los Angeles 90036,,,,
614151,1190898,,5089016030.0,,843.0,,,South,,,Sierra Bonita,Avenue,,,,,,,,,,,,,90036.0,,Los Angeles,Los Angeles,,,,,LA City,{D78FD7BF-0A49-41A8-9669-BC596DD024F9},0,,D78FD7BF-0A49-41A8-9669-BC596DD024F9,Unknown,,S,,,Ave,S Sierra Bonita Ave,2023/09/12 23:03:18+00,843 S Sierra Bonita Ave Los Angeles 90036,D78FD7BF-0A49-41A8-9669-BC596DD024F9_843_S_Sierra_Bonita_Ave_Los_Angeles_90036,Sierra Bonita,843 S Sierra Bonita Avenue Ave Los Angeles 90036,,,,
614152,1190899,,5089016031.0,,849.0,,,South,,,Sierra Bonita,Avenue,,,,,,,,,,,,,90036.0,,Los Angeles,Los Angeles,,,,,LA City,{E9323581-E896-4F20-9C81-C660F9A39D27},0,,E9323581-E896-4F20-9C81-C660F9A39D27,Unknown,,S,,,Ave,S Sierra Bonita Ave,2023/09/12 23:03:18+00,849 S Sierra Bonita Ave Los Angeles 90036,E9323581-E896-4F20-9C81-C660F9A39D27_849_S_Sierra_Bonita_Ave_Los_Angeles_90036,Sierra Bonita,849 S Sierra Bonita Avenue Ave Los Angeles 90036,,,,
614153,1190900,,5089016032.0,,853.0,,,South,,,Sierra Bonita,Avenue,,,,,,,,,,,,,90036.0,,Los Angeles,Los Angeles,,,,,LA City,{32D28F36-6ACC-4131-A18D-1C6DC74DB2FE},0,,32D28F36-6ACC-4131-A18D-1C6DC74DB2FE,Unknown,,S,,,Ave,S Sierra Bonita Ave,2023/09/12 23:03:18+00,853 S Sierra Bonita Ave Los Angeles 90036,32D28F36-6ACC-4131-A18D-1C6DC74DB2FE_853_S_Sierra_Bonita_Ave_Los_Angeles_90036,Sierra Bonita,853 S Sierra Bonita Avenue Ave Los Angeles 90036,,,,
614154,1190901,,5089016033.0,,901.0,,,South,,,Sierra Bonita,Avenue,,,,,,,,,,,,,90036.0,,Los Angeles,Los Angeles,,,,,LA City,{768C1912-1C52-41EC-82C4-124F28CCC9A8},0,,768C1912-1C52-41EC-82C4-124F28CCC9A8,Unknown,,S,,,Ave,S Sierra Bonita Ave,2023/09/12 23:03:18+00,901 S Sierra Bonita Ave Los Angeles 90036,768C1912-1C52-41EC-82C4-124F28CCC9A8_901_S_Sierra_Bonita_Ave_Los_Angeles_90036,Sierra Bonita,901 S Sierra Bonita Avenue Ave Los Angeles 90036,,,,
614155,1190902,,5089016034.0,,907.0,,,South,,,Sierra Bonita,Avenue,,,,,,,,,,,,,90036.0,,Los Angeles,Los Angeles,,,,,LA City,{D2BA1C39-F451-4979-8742-A1803729242E},0,,D2BA1C39-F451-4979-8742-A1803729242E,Unknown,,S,,,Ave,S Sierra Bonita Ave,2023/09/12 23:03:18+00,907 S Sierra Bonita Ave Los Angeles 90036,D2BA1C39-F451-4979-8742-A1803729242E_907_S_Sierra_Bonita_Ave_Los_Angeles_90036,Sierra Bonita,907 S Sierra Bonita Avenue Ave Los Angeles 90036,,,,
614156,1190903,,5089016035.0,,911.0,,,South,,,Sierra Bonita,Avenue,,,,,,,,,,,,,90036.0,,Los Angeles,Los Angeles,,,,,LA City,{19C2DEF9-4548-4B78-8EDD-5BBE6323715A},0,,19C2DEF9-4548-4B78-8EDD-5BBE6323715A,Unknown,,S,,,Ave,S Sierra Bonita Ave,2023/09/12 23:03:18+00,911 S Sierra Bonita Ave Los Angeles 90036,19C2DEF9-4548-4B78-8EDD-5BBE6323715A_911_S_Sierra_Bonita_Ave_Los_Angeles_90036,Sierra Bonita,911 S Sierra Bonita Avenue Ave Los Angeles 90036,,,,
614157,1190904,,5089016036.0,,917.0,,,South,,,Sierra Bonita,Avenue,,,,,,,,,,,,,90036.0,,Los Angeles,Los Angeles,,,,,LA City,{A083BCA6-EC22-4C68-A7BC-718923CA21CC},0,,A083BCA6-EC22-4C68-A7BC-718923CA21CC,Unknown,,S,,,Ave,S Sierra Bonita Ave,2023/09/12 23:03:18+00,917 S Sierra Bonita Ave Los Angeles 90036,A083BCA6-EC22-4C68-A7BC-718923CA21CC_917_S_Sierra_Bonita_Ave_Los_Angeles_90036,Sierra Bonita,917 S Sierra Bonita Avenue Ave Los Angeles 90036,,,,
614158,1190905,,5089016037.0,,921.0,,,South,,,Sierra Bonita,Avenue,,,,,,,,,,,,,90036.0,,Los Angeles,Los Angeles,,,,,LA City,{DA8DE088-EB96-4BF2-9497-BB5F1FA02A7D},0,,DA8DE088-EB96-4BF2-9497-BB5F1FA02A7D,Unknown,,S,,,Ave,S Sierra Bonita Ave,2023/09/12 23:03:18+00,921 S Sierra Bonita Ave Los Angeles 90036,DA8DE088-EB96-4BF2-9497-BB5F1FA02A7D_921_S_Sierra_Bonita_Ave_Los_Angeles_90036,Sierra Bonita,921 S Sierra Bonita Avenue Ave Los Angeles 90036,,,,
614159,1190906,,5089016038.0,,925.0,,,South,,,Sierra Bonita,Avenue,,,,,,,,,,,,,90036.0,,Los Angeles,Los Angeles,,,,,LA City,{55E49421-18C4-4090-BB60-A0919B43D784},0,,55E49421-18C4-4090-BB60-A0919B43D784,Unknown,,S,,,Ave,S Sierra Bonita Ave,2023/09/12 23:03:18+00,925 S Sierra Bonita Ave Los Angeles 90036,55E49421-18C4-4090-BB60-A0919B43D784_925_S_Sierra_Bonita_Ave_Los_Angeles_90036,Sierra Bonita,925 S Sierra Bonita Avenue Ave Los Angeles 90036,,,,
614160,1190907,,5089016039.0,,931.0,,,South,,,Sierra Bonita,Avenue,,,,,,,,,,,,,90036.0,,Los Angeles,Los Angeles,,,,,LA City,{38A77C51-F9ED-48B5-9B1F-84AA2710DB81},0,,38A77C51-F9ED-48B5-9B1F-84AA2710DB81,Unknown,,S,,,Ave,S Sierra Bonita Ave,2023/09/12 23:03:18+00,931 S Sierra Bonita Ave Los Angeles 90036,38A77C51-F9ED-48B5-9B1F-84AA2710DB81_931_S_Sierra_Bonita_Ave_Los_Angeles_90036,Sierra Bonita,931 S Sierra Bonita Avenue Ave Los Angeles 90036,,,,
614161,1190908,,5089016040.0,,937.0,,,South,,,Sierra Bonita,Avenue,,,,,,,,,,,,,90036.0,,Los Angeles,Los Angeles,,,,,LA City,{4A3FF05D-1335-4C64-9D7A-5B26ADF60C5A},0,,4A3FF05D-1335-4C64-9D7A-5B26ADF60C5A,Unknown,,S,,,Ave,S Sierra Bonita Ave,2023/09/12 23:03:18+00,937 S Sierra Bonita Ave Los Angeles 90036,4A3FF05D-1335-4C64-9D7A-5B26ADF60C5A_937_S_Sierra_Bonita_Ave_Los_Angeles_90036,Sierra Bonita,937 S Sierra Bonita Avenue Ave Los Angeles 90036,,,,
614162,1190909,,5089016041.0,,943.0,,,South,,,Sierra Bonita,Avenue,,,,,,,,,,,,,90036.0,,Los Angeles,Los Angeles,,,,,LA City,{8F4E6BA6-8D1F-4282-9F0E-507E5C713F4B},0,,8F4E6BA6-8D1F-4282-9F0E-507E5C713F4B,Unknown,,S,,,Ave,S Sierra Bonita Ave,2023/09/12 23:03:18+00,943 S Sierra Bonita Ave Los Angeles 90036,8F4E6BA6-8D1F-4282-9F0E-507E5C713F4B_943_S_Sierra_Bonita_Ave_Los_Angeles_90036,Sierra Bonita,943 S Sierra Bonita Avenue Ave Los Angeles 90036,,,,
614163,1190910,,5089016042.0,,5809.0,,,West,,,Olympic,Boulevard,,,,,,,,,,,,,90036.0,,Los Angeles,Los Angeles,,,,,LA City,{87AEAD2A-6545-43B5-B32C-5CA17A1ADF40},0,,87AEAD2A-6545-43B5-B32C-5CA17A1ADF40,Unknown,,W,,,Blvd,W Olympic Blvd,2023/09/12 23:03:18+00,5809 W Olympic Blvd Los Angeles 90036,87AEAD2A-6545-43B5-B32C-5CA17A1ADF40_5809_W_Olympic_Blvd_Los_Angeles_90036,Olympic,5809 W Olympic Boulevard Blvd Los Angeles 90036,,,,
614164,1190911,,5089016043.0,,947.0,,,South,,,Sierra Bonita,Avenue,,,,,,,,,,,,,90036.0,,Los Angeles,Los Angeles,,,,,LA City,{03F98872-A4B4-47EC-8F23-BA234779D789},0,,03F98872-A4B4-47EC-8F23-BA234779D789,Unknown,,S,,,Ave,S Sierra Bonita Ave,2023/09/12 23:03:18+00,947 S Sierra Bonita Ave Los Angeles 90036,03F98872-A4B4-47EC-8F23-BA234779D789_947_S_Sierra_Bonita_Ave_Los_Angeles_90036,Sierra Bonita,947 S Sierra Bonita Avenue Ave Los Angeles 90036,,,,
614165,1190912,,5089016043.0,,949.0,,,South,,,Sierra Bonita,Avenue,,,,,,,,,,,,,90036.0,,Los Angeles,Los Angeles,,,,,LA City,{03B98CBB-A268-4AAE-939F-4EDA0A63F353},0,,03B98CBB-A268-4AAE-939F-4EDA0A63F353,Unknown,,S,,,Ave,S Sierra Bonita Ave,2023/09/12 23:03:18+00,949 S Sierra Bonita Ave Los Angeles 90036,03B98CBB-A268-4AAE-939F-4EDA0A63F353_949_S_Sierra_Bonita_Ave_Los_Angeles_90036,Sierra Bonita,949 S Sierra Bonita Avenue Ave Los Angeles 90036,,,,
614166,1190913,,5089016043.0,,5803.0,,,West,,,Olympic,Boulevard,,,,,,,,,,,,,90036.0,,Los Angeles,Los Angeles,,,,,LA City,{904BF2E7-7A31-48D9-8CD6-D49BB56F4765},0,,904BF2E7-7A31-48D9-8CD6-D49BB56F4765,Unknown,,W,,,Blvd,W Olympic Blvd,2023/09/12 23:03:18+00,5803 W Olympic Blvd Los Angeles 90036,904BF2E7-7A31-48D9-8CD6-D49BB56F4765_5803_W_Olympic_Blvd_Los_Angeles_90036,Olympic,5803 W Olympic Boulevard Blvd Los Angeles 90036,,,,
614167,1190914,,5089016043.0,,5801.0,,,West,,,Olympic,Boulevard,,,,,,,,,,,,,90036.0,,Los Angeles,Los Angeles,,,,,LA City,{829FA16A-C404-4C99-B067-5394AEE26C8A},0,,829FA16A-C404-4C99-B067-5394AEE26C8A,Unknown,,W,,,Blvd,W Olympic Blvd,2023/09/12 23:03:18+00,5801 W Olympic Blvd Los Angeles 90036,829FA16A-C404-4C99-B067-5394AEE26C8A_5801_W_Olympic_Blvd_Los_Angeles_90036,Olympic,5801 W Olympic Boulevard Blvd Los Angeles 90036,,,,
614168,1190915,,5089017001.0,,802.0,,,South,,,Sierra Bonita,Avenue,,,,,,,,,,,,,90036.0,,Los Angeles,Los Angeles,,,,,LA City,{DB0FE246-89EF-4524-8DA3-20E92B265A2A},0,,DB0FE246-89EF-4524-8DA3-20E92B265A2A,Unknown,,S,,,Ave,S Sierra Bonita Ave,2023/09/12 23:03:18+00,802 S Sierra Bonita Ave Los Angeles 90036,DB0FE246-89EF-4524-8DA3-20E92B265A2A_802_S_Sierra_Bonita_Ave_Los_Angeles_90036,Sierra Bonita,802 S Sierra Bonita Avenue Ave Los Angeles 90036,,,,
614169,1190916,,5089017002.0,,808.0,,,South,,,Sierra Bonita,Avenue,,,,,,,,,,,,,90036.0,,Los Angeles,Los Angeles,,,,,LA City,{193D0CDE-F48B-4BDA-A39B-DB0B4F15CFD5},0,,193D0CDE-F48B-4BDA-A39B-DB0B4F15CFD5,Unknown,,S,,,Ave,S Sierra Bonita Ave,2023/09/12 23:03:18+00,808 S Sierra Bonita Ave Los Angeles 90036,193D0CDE-F48B-4BDA-A39B-DB0B4F15CFD5_808_S_Sierra_Bonita_Ave_Los_Angeles_90036,Sierra Bonita,808 S Sierra Bonita Avenue Ave Los Angeles 90036,,,,
614170,1190917,,5089017003.0,,814.0,,,South,,,Sierra Bonita,Avenue,,,,,,,,,,,,,90036.0,,Los Angeles,Los Angeles,,,,,LA City,{990A2E6C-856E-420E-A94A-4D34108ABF71},0,,990A2E6C-856E-420E-A94A-4D34108ABF71,Unknown,,S,,,Ave,S Sierra Bonita Ave,2023/09/12 23:03:18+00,814 S Sierra Bonita Ave Los Angeles 90036,990A2E6C-856E-420E-A94A-4D34108ABF71_814_S_Sierra_Bonita_Ave_Los_Angeles_90036,Sierra Bonita,814 S Sierra Bonita Avenue Ave Los Angeles 90036,,,,
614171,1190918,,5089017004.0,,820.0,,,South,,,Sierra Bonita,Avenue,,,,,,,,,,,,,90036.0,,Los Angeles,Los Angeles,,,,,LA City,{66B3EC19-C339-4975-BC55-7B0E1C811AF0},0,,66B3EC19-C339-4975-BC55-7B0E1C811AF0,Unknown,,S,,,Ave,S Sierra Bonita Ave,2023/09/12 23:03:18+00,820 S Sierra Bonita Ave Los Angeles 90036,66B3EC19-C339-4975-BC55-7B0E1C811AF0_820_S_Sierra_Bonita_Ave_Los_Angeles_90036,Sierra Bonita,820 S Sierra Bonita Avenue Ave Los Angeles 90036,,,,
614172,1190919,,5089017005.0,,826.0,,,South,,,Sierra Bonita,Avenue,,,,,,,,,,,,,90036.0,,Los Angeles,Los Angeles,,,,,LA City,{2756D118-7BF3-4398-9927-8074ED5E6493},0,,2756D118-7BF3-4398-9927-8074ED5E6493,Unknown,,S,,,Ave,S Sierra Bonita Ave,2023/09/12 23:03:18+00,826 S Sierra Bonita Ave Los Angeles 90036,2756D118-7BF3-4398-9927-8074ED5E6493_826_S_Sierra_Bonita_Ave_Los_Angeles_90036,Sierra Bonita,826 S Sierra Bonita Avenue Ave Los Angeles 90036,,,,
614173,1190920,,5089017006.0,,832.0,,,South,,,Sierra Bonita,Avenue,,,,,,,,,,,,,90036.0,,Los Angeles,Los Angeles,,,,,LA City,{E4BB7279-C867-46F5-93A1-8CAA31228A4C},0,,E4BB7279-C867-46F5-93A1-8CAA31228A4C,Unknown,,S,,,Ave,S Sierra Bonita Ave,2023/09/12 23:03:18+00,832 S Sierra Bonita Ave Los Angeles 90036,E4BB7279-C867-46F5-93A1-8CAA31228A4C_832_S_Sierra_Bonita_Ave_Los_Angeles_90036,Sierra Bonita,832 S Sierra Bonita Avenue Ave Los Angeles 90036,,,,
614174,1190921,,5089017007.0,,838.0,,,South,,,Sierra Bonita,Avenue,,,,,,,,,,,,,90036.0,,Los Angeles,Los Angeles,,,,,LA City,{9F259428-3093-4B9E-946A-2488AB6CF001},0,,9F259428-3093-4B9E-946A-2488AB6CF001,Unknown,,S,,,Ave,S Sierra Bonita Ave,2023/09/12 23:03:18+00,838 S Sierra Bonita Ave Los Angeles 90036,9F259428-3093-4B9E-946A-2488AB6CF001_838_S_Sierra_Bonita_Ave_Los_Angeles_90036,Sierra Bonita,838 S Sierra Bonita Avenue Ave Los Angeles 90036,,,,
614175,1190922,,5089017008.0,,842.0,,,South,,,Sierra Bonita,Avenue,,,,,,,,,,,,,90036.0,,Los Angeles,Los Angeles,,,,,LA City,{35492446-16CB-4DEF-8D42-B0692647A48E},0,,35492446-16CB-4DEF-8D42-B0692647A48E,Unknown,,S,,,Ave,S Sierra Bonita Ave,2023/09/12 23:03:18+00,842 S Sierra Bonita Ave Los Angeles 90036,35492446-16CB-4DEF-8D42-B0692647A48E_842_S_Sierra_Bonita_Ave_Los_Angeles_90036,Sierra Bonita,842 S Sierra Bonita Avenue Ave Los Angeles 90036,,,,
614176,1190923,,5089017009.0,,848.0,,,South,,,Sierra Bonita,Avenue,,,,,,,,,,,,,90036.0,,Los Angeles,Los Angeles,,,,,LA City,{C2E98954-C49F-420D-A344-C9B3A1EB772D},0,,C2E98954-C49F-420D-A344-C9B3A1EB772D,Unknown,,S,,,Ave,S Sierra Bonita Ave,2023/09/12 23:03:18+00,848 S Sierra Bonita Ave Los Angeles 90036,C2E98954-C49F-420D-A344-C9B3A1EB772D_848_S_Sierra_Bonita_Ave_Los_Angeles_90036,Sierra Bonita,848 S Sierra Bonita Avenue Ave Los Angeles 90036,,,,
614177,1190924,,5089017010.0,,852.0,,,South,,,Sierra Bonita,Avenue,,,,,,,,,,,,,90036.0,,Los Angeles,Los Angeles,,,,,LA City,{AF422D2B-CA47-4214-8943-165747BB0392},0,,AF422D2B-CA47-4214-8943-165747BB0392,Unknown,,S,,,Ave,S Sierra Bonita Ave,2023/09/12 23:03:18+00,852 S Sierra Bonita Ave Los Angeles 90036,AF422D2B-CA47-4214-8943-165747BB0392_852_S_Sierra_Bonita_Ave_Los_Angeles_90036,Sierra Bonita,852 S Sierra Bonita Avenue Ave Los Angeles 90036,,,,
614178,1190925,,5089017011.0,,900.0,,,South,,,Sierra Bonita,Avenue,,,,,,,,,,,,,90036.0,,Los Angeles,Los Angeles,,,,,LA City,{FBB94514-48C7-403B-A333-1C98E488318F},0,,FBB94514-48C7-403B-A333-1C98E488318F,Unknown,,S,,,Ave,S Sierra Bonita Ave,2023/09/12 23:03:18+00,900 S Sierra Bonita Ave Los Angeles 90036,FBB94514-48C7-403B-A333-1C98E488318F_900_S_Sierra_Bonita_Ave_Los_Angeles_90036,Sierra Bonita,900 S Sierra Bonita Avenue Ave Los Angeles 90036,,,,
614179,1190926,,5089017012.0,,906.0,,,South,,,Sierra Bonita,Avenue,,,,,,,,,,,,,90036.0,,Los Angeles,Los Angeles,,,,,LA City,{BA6BE49B-8D2A-4825-942B-55E5D589B49D},0,,BA6BE49B-8D2A-4825-942B-55E5D589B49D,Unknown,,S,,,Ave,S Sierra Bonita Ave,2023/09/12 23:03:18+00,906 S Sierra Bonita Ave Los Angeles 90036,BA6BE49B-8D2A-4825-942B-55E5D589B49D_906_S_Sierra_Bonita_Ave_Los_Angeles_90036,Sierra Bonita,906 S Sierra Bonita Avenue Ave Los Angeles 90036,,,,
614180,1190927,,5089017013.0,,910.0,,,South,,,Sierra Bonita,Avenue,,,,,,,,,,,,,90036.0,,Los Angeles,Los Angeles,,,,,LA City,{DE13F75D-7557-41DD-8F37-B97EAFCCF095},0,,DE13F75D-7557-41DD-8F37-B97EAFCCF095,Unknown,,S,,,Ave,S Sierra Bonita Ave,2023/09/12 23:03:18+00,910 S Sierra Bonita Ave Los Angeles 90036,DE13F75D-7557-41DD-8F37-B97EAFCCF095_910_S_Sierra_Bonita_Ave_Los_Angeles_90036,Sierra Bonita,910 S Sierra Bonita Avenue Ave Los Angeles 90036,,,,
614181,1190928,,5089017014.0,,916.0,,,South,,,Sierra Bonita,Avenue,,,,,,,,,,,,,90036.0,,Los Angeles,Los Angeles,,,,,LA City,{14BB59F7-B285-4C36-86E7-FC2819374AC0},0,,14BB59F7-B285-4C36-86E7-FC2819374AC0,Unknown,,S,,,Ave,S Sierra Bonita Ave,2023/09/12 23:03:18+00,916 S Sierra Bonita Ave Los Angeles 90036,14BB59F7-B285-4C36-86E7-FC2819374AC0_916_S_Sierra_Bonita_Ave_Los_Angeles_90036,Sierra Bonita,916 S Sierra Bonita Avenue Ave Los Angeles 90036,,,,
614182,1190929,,5089017015.0,,922.0,,,South,,,Sierra Bonita,Avenue,,,,,,,,,,,,,90036.0,,Los Angeles,Los Angeles,,,,,LA City,{47DD3BF0-959A-4085-8321-6A17BB7200E7},0,,47DD3BF0-959A-4085-8321-6A17BB7200E7,Unknown,,S,,,Ave,S Sierra Bonita Ave,2023/09/12 23:03:18+00,922 S Sierra Bonita Ave Los Angeles 90036,47DD3BF0-959A-4085-8321-6A17BB7200E7_922_S_Sierra_Bonita_Ave_Los_Angeles_90036,Sierra Bonita,922 S Sierra Bonita Avenue Ave Los Angeles 90036,,,,
614183,1190930,,5089017016.0,,926.0,,,South,,,Sierra Bonita,Avenue,,,,,,,,,,,,,90036.0,,Los Angeles,Los Angeles,,,,,LA City,{767F07C7-4726-4A77-A12B-BA80F78B963F},0,,767F07C7-4726-4A77-A12B-BA80F78B963F,Unknown,,S,,,Ave,S Sierra Bonita Ave,2023/09/12 23:03:18+00,926 S Sierra Bonita Ave Los Angeles 90036,767F07C7-4726-4A77-A12B-BA80F78B963F_926_S_Sierra_Bonita_Ave_Los_Angeles_90036,Sierra Bonita,926 S Sierra Bonita Avenue Ave Los Angeles 90036,,,,
614184,1190931,,5089017017.0,,932.0,,,South,,,Sierra Bonita,Avenue,,,,,,,,,,,,,90036.0,,Los Angeles,Los Angeles,,,,,LA City,{57BCFD4B-B8D4-4FD7-BD02-1DC8222BA681},0,,57BCFD4B-B8D4-4FD7-BD02-1DC8222BA681,Unknown,,S,,,Ave,S Sierra Bonita Ave,2023/09/12 23:03:18+00,932 S Sierra Bonita Ave Los Angeles 90036,57BCFD4B-B8D4-4FD7-BD02-1DC8222BA681_932_S_Sierra_Bonita_Ave_Los_Angeles_90036,Sierra Bonita,932 S Sierra Bonita Avenue Ave Los Angeles 90036,,,,
614185,1190932,,5089017018.0,,938.0,,,South,,,Sierra Bonita,Avenue,,,,,,,,,,,,,90036.0,,Los Angeles,Los Angeles,,,,,LA City,{E6A27552-1B0A-4B6D-B871-E1AFEDFA2379},0,,E6A27552-1B0A-4B6D-B871-E1AFEDFA2379,Unknown,,S,,,Ave,S Sierra Bonita Ave,2023/09/12 23:03:18+00,938 S Sierra Bonita Ave Los Angeles 90036,E6A27552-1B0A-4B6D-B871-E1AFEDFA2379_938_S_Sierra_Bonita_Ave_Los_Angeles_90036,Sierra Bonita,938 S Sierra Bonita Avenue Ave Los Angeles 90036,,,,
614186,1190933,,5089017019.0,,950.0,,,South,,,Sierra Bonita,Avenue,,,,,,,,,,,,1-12,90036.0,,Los Angeles,Los Angeles,,,,,LA City,{2BE4633B-11D3-4EE3-A4E9-FF080E473B36},0,,2BE4633B-11D3-4EE3-A4E9-FF080E473B36,Unknown,,S,,,Ave,S Sierra Bonita Ave,2023/09/12 23:03:18+00,950 S Sierra Bonita Ave 1-12 Los Angeles 90036,2BE4633B-11D3-4EE3-A4E9-FF080E473B36_950_S_Sierra_Bonita_Ave_1-12_Los_Angeles_90036,Sierra Bonita,950 S Sierra Bonita Avenue Ave 1-12 Los Angeles 90036,,,,
614187,1190934,,5089017020.0,,5773.0,,,West,,,Olympic,Boulevard,,,,,,,,,,,,,90036.0,,Los Angeles,Los Angeles,,,,,LA City,{59D59F77-B20E-4FA1-9DFA-0985AADDE927},0,,59D59F77-B20E-4FA1-9DFA-0985AADDE927,Unknown,,W,,,Blvd,W Olympic Blvd,2023/09/12 23:03:18+00,5773 W Olympic Blvd Los Angeles 90036,59D59F77-B20E-4FA1-9DFA-0985AADDE927_5773_W_Olympic_Blvd_Los_Angeles_90036,Olympic,5773 W Olympic Boulevard Blvd Los Angeles 90036,,,,
614188,1190935,,5089017021.0,,5769.0,,,West,,,Olympic,Boulevard,,,,,,,,,,,,,90036.0,,Los Angeles,Los Angeles,,,,,LA City,{66F469FB-9AE4-406D-ADED-AAFCDF2D0F71},0,,66F469FB-9AE4-406D-ADED-AAFCDF2D0F71,Unknown,,W,,,Blvd,W Olympic Blvd,2023/09/12 23:03:18+00,5769 W Olympic Blvd Los Angeles 90036,66F469FB-9AE4-406D-ADED-AAFCDF2D0F71_5769_W_Olympic_Blvd_Los_Angeles_90036,Olympic,5769 W Olympic Boulevard Blvd Los Angeles 90036,,,,
614189,1190936,,5089017021.0,,5767.0,,,West,,,Olympic,Boulevard,,,,,,,,,,,,,90036.0,,Los Angeles,Los Angeles,,,,,LA City,{963751BE-14C4-48EF-A016-C32BE9FF67F1},0,,963751BE-14C4-48EF-A016-C32BE9FF67F1,Unknown,,W,,,Blvd,W Olympic Blvd,2023/09/12 23:03:18+00,5767 W Olympic Blvd Los Angeles 90036,963751BE-14C4-48EF-A016-C32BE9FF67F1_5767_W_Olympic_Blvd_Los_Angeles_90036,Olympic,5767 W Olympic Boulevard Blvd Los Angeles 90036,,,,
614190,1190937,,5089017022.0,,801.0,,,South,,,Masselin,Avenue,,,,,,,,,,,,,90036.0,,Los Angeles,Los Angeles,,,,,LA City,{E0D5559E-47F7-440B-A457-164D5B93C7AF},0,,E0D5559E-47F7-440B-A457-164D5B93C7AF,Unknown,,S,,,Ave,S Masselin Ave,2023/09/12 23:03:18+00,801 S Masselin Ave Los Angeles 90036,E0D5559E-47F7-440B-A457-164D5B93C7AF_801_S_Masselin_Ave_Los_Angeles_90036,Masselin,801 S Masselin Avenue Ave Los Angeles 90036,,,,
614191,1190938,,5089017023.0,,813.0,,,South,,,Masselin,Avenue,,,,,,,,,,,,,90036.0,,Los Angeles,Los Angeles,,,,,LA City,{D3514A2D-CFDE-49EB-AC31-53184AE0DA6E},0,,D3514A2D-CFDE-49EB-AC31-53184AE0DA6E,Unknown,,S,,,Ave,S Masselin Ave,2023/09/12 23:03:18+00,813 S Masselin Ave Los Angeles 90036,D3514A2D-CFDE-49EB-AC31-53184AE0DA6E_813_S_Masselin_Ave_Los_Angeles_90036,Masselin,813 S Masselin Avenue Ave Los Angeles 90036,,,,
614192,1190939,,5089017024.0,,817.0,,,South,,,Masselin,Avenue,,,,,,,,,,,,,90036.0,,Los Angeles,Los Angeles,,,,,LA City,{0EE2A9F6-CB96-4F22-83DD-DA0A51BECE71},0,,0EE2A9F6-CB96-4F22-83DD-DA0A51BECE71,Unknown,,S,,,Ave,S Masselin Ave,2023/09/12 23:03:18+00,817 S Masselin Ave Los Angeles 90036,0EE2A9F6-CB96-4F22-83DD-DA0A51BECE71_817_S_Masselin_Ave_Los_Angeles_90036,Masselin,817 S Masselin Avenue Ave Los Angeles 90036,,,,
614193,1190940,,5089017025.0,,823.0,,,South,,,Masselin,Avenue,,,,,,,,,,,,,90036.0,,Los Angeles,Los Angeles,,,,,LA City,{555B1F02-4D9E-42C5-8AE1-FD00C6CEC3F6},0,,555B1F02-4D9E-42C5-8AE1-FD00C6CEC3F6,Unknown,,S,,,Ave,S Masselin Ave,2023/09/12 23:03:18+00,823 S Masselin Ave Los Angeles 90036,555B1F02-4D9E-42C5-8AE1-FD00C6CEC3F6_823_S_Masselin_Ave_Los_Angeles_90036,Masselin,823 S Masselin Avenue Ave Los Angeles 90036,,,,
614194,1190941,,5089017026.0,,829.0,,,South,,,Masselin,Avenue,,,,,,,,,,,,,90036.0,,Los Angeles,Los Angeles,,,,,LA City,{7511C636-12A1-40C7-A37E-3C0A3C4966AC},0,,7511C636-12A1-40C7-A37E-3C0A3C4966AC,Unknown,,S,,,Ave,S Masselin Ave,2023/09/12 23:03:18+00,829 S Masselin Ave Los Angeles 90036,7511C636-12A1-40C7-A37E-3C0A3C4966AC_829_S_Masselin_Ave_Los_Angeles_90036,Masselin,829 S Masselin Avenue Ave Los Angeles 90036,,,,
614195,1190942,,5089017027.0,,835.0,,,South,,,Masselin,Avenue,,,,,,,,,,,,,90036.0,,Los Angeles,Los Angeles,,,,,LA City,{A64C9C19-C03D-4B92-B7DF-1C7D60EF0796},0,,A64C9C19-C03D-4B92-B7DF-1C7D60EF0796,Unknown,,S,,,Ave,S Masselin Ave,2023/09/12 23:03:18+00,835 S Masselin Ave Los Angeles 90036,A64C9C19-C03D-4B92-B7DF-1C7D60EF0796_835_S_Masselin_Ave_Los_Angeles_90036,Masselin,835 S Masselin Avenue Ave Los Angeles 90036,,,,
614196,1190943,,5089017028.0,,841.0,,,South,,,Masselin,Avenue,,,,,,,,,,,,,90036.0,,Los Angeles,Los Angeles,,,,,LA City,{6A10A134-E9E4-45DB-B67E-C2FE72CF010F},0,,6A10A134-E9E4-45DB-B67E-C2FE72CF010F,Unknown,,S,,,Ave,S Masselin Ave,2023/09/12 23:03:18+00,841 S Masselin Ave Los Angeles 90036,6A10A134-E9E4-45DB-B67E-C2FE72CF010F_841_S_Masselin_Ave_Los_Angeles_90036,Masselin,841 S Masselin Avenue Ave Los Angeles 90036,,,,
614197,1190944,,5089017029.0,,845.0,,,South,,,Masselin,Avenue,,,,,,,,,,,,,90036.0,,Los Angeles,Los Angeles,,,,,LA City,{FCE47364-E7DC-4C5D-B6B4-BF86B0CA4585},0,,FCE47364-E7DC-4C5D-B6B4-BF86B0CA4585,Unknown,,S,,,Ave,S Masselin Ave,2023/09/12 23:03:18+00,845 S Masselin Ave Los Angeles 90036,FCE47364-E7DC-4C5D-B6B4-BF86B0CA4585_845_S_Masselin_Ave_Los_Angeles_90036,Masselin,845 S Masselin Avenue Ave Los Angeles 90036,,,,
614198,1190945,,5089017030.0,,851.0,,,South,,,Masselin,Avenue,,,,,,,,,,,,,90036.0,,Los Angeles,Los Angeles,,,,,LA City,{82A622C4-EC3C-4058-AFE4-9D57740D81EB},0,,82A622C4-EC3C-4058-AFE4-9D57740D81EB,Unknown,,S,,,Ave,S Masselin Ave,2023/09/12 23:03:18+00,851 S Masselin Ave Los Angeles 90036,82A622C4-EC3C-4058-AFE4-9D57740D81EB_851_S_Masselin_Ave_Los_Angeles_90036,Masselin,851 S Masselin Avenue Ave Los Angeles 90036,,,,
614199,1190946,,5089017031.0,,901.0,,,South,,,Masselin,Avenue,,,,,,,,,,,,,90036.0,,Los Angeles,Los Angeles,,,,,LA City,{D0D557E4-83EF-4F1C-B45C-F1A4FB08F2DF},0,,D0D557E4-83EF-4F1C-B45C-F1A4FB08F2DF,Unknown,,S,,,Ave,S Masselin Ave,2023/09/12 23:03:18+00,901 S Masselin Ave Los Angeles 90036,D0D557E4-83EF-4F1C-B45C-F1A4FB08F2DF_901_S_Masselin_Ave_Los_Angeles_90036,Masselin,901 S Masselin Avenue Ave Los Angeles 90036,,,,
614200,1190947,,5089017032.0,,907.0,,,South,,,Masselin,Avenue,,,,,,,,,,,,,90036.0,,Los Angeles,Los Angeles,,,,,LA City,{32FF1133-4FB8-4F88-9748-F2BCFD13C512},0,,32FF1133-4FB8-4F88-9748-F2BCFD13C512,Unknown,,S,,,Ave,S Masselin Ave,2023/09/12 23:03:18+00,907 S Masselin Ave Los Angeles 90036,32FF1133-4FB8-4F88-9748-F2BCFD13C512_907_S_Masselin_Ave_Los_Angeles_90036,Masselin,907 S Masselin Avenue Ave Los Angeles 90036,,,,
614201,1190948,,5089017033.0,,911.0,,,South,,,Masselin,Avenue,,,,,,,,,,,,,90036.0,,Los Angeles,Los Angeles,,,,,LA City,{7175572E-0D44-4042-AC95-5805DF886831},0,,7175572E-0D44-4042-AC95-5805DF886831,Unknown,,S,,,Ave,S Masselin Ave,2023/09/12 23:03:18+00,911 S Masselin Ave Los Angeles 90036,7175572E-0D44-4042-AC95-5805DF886831_911_S_Masselin_Ave_Los_Angeles_90036,Masselin,911 S Masselin Avenue Ave Los Angeles 90036,,,,
614202,1190949,,5089017034.0,,917.0,,,South,,,Masselin,Avenue,,,,,,,,,,,,,90036.0,,Los Angeles,Los Angeles,,,,,LA City,{8A3897DF-730B-4C25-8B21-63C720445C2A},0,,8A3897DF-730B-4C25-8B21-63C720445C2A,Unknown,,S,,,Ave,S Masselin Ave,2023/09/12 23:03:18+00,917 S Masselin Ave Los Angeles 90036,8A3897DF-730B-4C25-8B21-63C720445C2A_917_S_Masselin_Ave_Los_Angeles_90036,Masselin,917 S Masselin Avenue Ave Los Angeles 90036,,,,
614203,1190950,,5089017035.0,,923.0,,,South,,,Masselin,Avenue,,,,,,,,,,,,,90036.0,,Los Angeles,Los Angeles,,,,,LA City,{46A4EB80-6EDF-4B9C-9E4A-06D99F9C19BA},0,,46A4EB80-6EDF-4B9C-9E4A-06D99F9C19BA,Unknown,,S,,,Ave,S Masselin Ave,2023/09/12 23:03:18+00,923 S Masselin Ave Los Angeles 90036,46A4EB80-6EDF-4B9C-9E4A-06D99F9C19BA_923_S_Masselin_Ave_Los_Angeles_90036,Masselin,923 S Masselin Avenue Ave Los Angeles 90036,,,,
614204,1190951,,5089017036.0,,927.0,,,South,,,Masselin,Avenue,,,,,,,,,,,,,90036.0,,Los Angeles,Los Angeles,,,,,LA City,{B26E5803-6422-4F95-A39A-B0816F12AD78},0,,B26E5803-6422-4F95-A39A-B0816F12AD78,Unknown,,S,,,Ave,S Masselin Ave,2023/09/12 23:03:18+00,927 S Masselin Ave Los Angeles 90036,B26E5803-6422-4F95-A39A-B0816F12AD78_927_S_Masselin_Ave_Los_Angeles_90036,Masselin,927 S Masselin Avenue Ave Los Angeles 90036,,,,
614205,1190952,,5089017037.0,,933.0,,,South,,,Masselin,Avenue,,,,,,,,,,,,,90036.0,,Los Angeles,Los Angeles,,,,,LA City,{82B9DF6E-C312-4FF7-A2B4-E1C00DA96120},0,,82B9DF6E-C312-4FF7-A2B4-E1C00DA96120,Unknown,,S,,,Ave,S Masselin Ave,2023/09/12 23:03:18+00,933 S Masselin Ave Los Angeles 90036,82B9DF6E-C312-4FF7-A2B4-E1C00DA96120_933_S_Masselin_Ave_Los_Angeles_90036,Masselin,933 S Masselin Avenue Ave Los Angeles 90036,,,,
614206,1190953,,5089017038.0,,937.0,,,South,,,Masselin,Avenue,,,,,,,,,,,,,90036.0,,Los Angeles,Los Angeles,,,,,LA City,{F982AEEF-1879-4039-B4F8-95887C865B5E},0,,F982AEEF-1879-4039-B4F8-95887C865B5E,Unknown,,S,,,Ave,S Masselin Ave,2023/09/12 23:03:18+00,937 S Masselin Ave Los Angeles 90036,F982AEEF-1879-4039-B4F8-95887C865B5E_937_S_Masselin_Ave_Los_Angeles_90036,Masselin,937 S Masselin Avenue Ave Los Angeles 90036,,,,
614207,1190954,,5089017039.0,,943.0,,,South,,,Masselin,Avenue,,,,,,,,,,,,,90036.0,,Los Angeles,Los Angeles,,,,,LA City,{FBFCD6C4-2902-4750-917F-541C1674BD26},0,,FBFCD6C4-2902-4750-917F-541C1674BD26,Unknown,,S,,,Ave,S Masselin Ave,2023/09/12 23:03:18+00,943 S Masselin Ave Los Angeles 90036,FBFCD6C4-2902-4750-917F-541C1674BD26_943_S_Masselin_Ave_Los_Angeles_90036,Masselin,943 S Masselin Avenue Ave Los Angeles 90036,,,,
614208,1190955,,5089017040.0,,5761.0,,,West,,,Olympic,Boulevard,,,,,,,,,,,,,90036.0,,Los Angeles,Los Angeles,,,,,LA City,{B4C60123-C241-4E6D-9981-83C490B1D4B0},0,,B4C60123-C241-4E6D-9981-83C490B1D4B0,Unknown,,W,,,Blvd,W Olympic Blvd,2023/09/12 23:03:18+00,5761 W Olympic Blvd Los Angeles 90036,B4C60123-C241-4E6D-9981-83C490B1D4B0_5761_W_Olympic_Blvd_Los_Angeles_90036,Olympic,5761 W Olympic Boulevard Blvd Los Angeles 90036,,,,
614209,1190956,,5089017041.0,,951.0,,,South,,,Masselin,Avenue,,,,,,,,,,,,,90036.0,,Los Angeles,Los Angeles,,,,,LA City,{919340FB-97F1-4F95-A837-125F5E1A34C1},0,,919340FB-97F1-4F95-A837-125F5E1A34C1,Unknown,,S,,,Ave,S Masselin Ave,2023/09/12 23:03:18+00,951 S Masselin Ave Los Angeles 90036,919340FB-97F1-4F95-A837-125F5E1A34C1_951_S_Masselin_Ave_Los_Angeles_90036,Masselin,951 S Masselin Avenue Ave Los Angeles 90036,,,,
614210,1190957,,5089017041.0,,5755.0,,,West,,,Olympic,Boulevard,,,,,,,,,,,,,90036.0,,Los Angeles,Los Angeles,,,,,LA City,{901A5B79-37F6-47E4-9037-67224EC934E8},0,,901A5B79-37F6-47E4-9037-67224EC934E8,Unknown,,W,,,Blvd,W Olympic Blvd,2023/09/12 23:03:18+00,5755 W Olympic Blvd Los Angeles 90036,901A5B79-37F6-47E4-9037-67224EC934E8_5755_W_Olympic_Blvd_Los_Angeles_90036,Olympic,5755 W Olympic Boulevard Blvd Los Angeles 90036,,,,
614211,1190958,,5089018001.0,,802.0,,,South,,,Masselin,Avenue,,,,,,,,,,,,,90036.0,,Los Angeles,Los Angeles,,,,,LA City,{E2101E2D-873D-41A9-A729-BA040DBDD801},0,,E2101E2D-873D-41A9-A729-BA040DBDD801,Unknown,,S,,,Ave,S Masselin Ave,2023/09/12 23:03:18+00,802 S Masselin Ave Los Angeles 90036,E2101E2D-873D-41A9-A729-BA040DBDD801_802_S_Masselin_Ave_Los_Angeles_90036,Masselin,802 S Masselin Avenue Ave Los Angeles 90036,,,,
614212,1190959,,5089018002.0,,806.0,,,South,,,Masselin,Avenue,,,,,,,,,,,,,90036.0,,Los Angeles,Los Angeles,,,,,LA City,{8DA4CC50-9FB7-4E30-A1AE-495B85E4EE4C},0,,8DA4CC50-9FB7-4E30-A1AE-495B85E4EE4C,Unknown,,S,,,Ave,S Masselin Ave,2023/09/12 23:03:18+00,806 S Masselin Ave Los Angeles 90036,8DA4CC50-9FB7-4E30-A1AE-495B85E4EE4C_806_S_Masselin_Ave_Los_Angeles_90036,Masselin,806 S Masselin Avenue Ave Los Angeles 90036,,,,
614213,1190960,,5089018003.0,,812.0,,,South,,,Masselin,Avenue,,,,,,,,,,,,,90036.0,,Los Angeles,Los Angeles,,,,,LA City,{005FE619-5BA2-42B5-AD09-87A9A6FF0CE8},0,,005FE619-5BA2-42B5-AD09-87A9A6FF0CE8,Unknown,,S,,,Ave,S Masselin Ave,2023/09/12 23:03:18+00,812 S Masselin Ave Los Angeles 90036,005FE619-5BA2-42B5-AD09-87A9A6FF0CE8_812_S_Masselin_Ave_Los_Angeles_90036,Masselin,812 S Masselin Avenue Ave Los Angeles 90036,,,,
614214,1190961,,5089018004.0,,816.0,,,South,,,Masselin,Avenue,,,,,,,,,,,,,90036.0,,Los Angeles,Los Angeles,,,,,LA City,{A3F2873B-42E0-4151-9872-7C48AC1377CE},0,,A3F2873B-42E0-4151-9872-7C48AC1377CE,Unknown,,S,,,Ave,S Masselin Ave,2023/09/12 23:03:18+00,816 S Masselin Ave Los Angeles 90036,A3F2873B-42E0-4151-9872-7C48AC1377CE_816_S_Masselin_Ave_Los_Angeles_90036,Masselin,816 S Masselin Avenue Ave Los Angeles 90036,,,,
614215,1190962,,5089018005.0,,822.0,,,South,,,Masselin,Avenue,,,,,,,,,,,,,90036.0,,Los Angeles,Los Angeles,,,,,LA City,{89A7ACCE-2AF4-45D7-9223-D57AB476A1D9},0,,89A7ACCE-2AF4-45D7-9223-D57AB476A1D9,Unknown,,S,,,Ave,S Masselin Ave,2023/09/12 23:03:18+00,822 S Masselin Ave Los Angeles 90036,89A7ACCE-2AF4-45D7-9223-D57AB476A1D9_822_S_Masselin_Ave_Los_Angeles_90036,Masselin,822 S Masselin Avenue Ave Los Angeles 90036,,,,
614216,1190963,,5089018006.0,,828.0,,,South,,,Masselin,Avenue,,,,,,,,,,,,,90036.0,,Los Angeles,Los Angeles,,,,,LA City,{74F21068-97B9-4147-9FAF-2EFB777F5BF2},0,,74F21068-97B9-4147-9FAF-2EFB777F5BF2,Unknown,,S,,,Ave,S Masselin Ave,2023/09/12 23:03:18+00,828 S Masselin Ave Los Angeles 90036,74F21068-97B9-4147-9FAF-2EFB777F5BF2_828_S_Masselin_Ave_Los_Angeles_90036,Masselin,828 S Masselin Avenue Ave Los Angeles 90036,,,,
614217,1190964,,5089018007.0,,832.0,,,South,,,Masselin,Avenue,,,,,,,,,,,,,90036.0,,Los Angeles,Los Angeles,,,,,LA City,{7FD04569-B7F9-4A6C-BB6D-29B8E63B7F41},0,,7FD04569-B7F9-4A6C-BB6D-29B8E63B7F41,Unknown,,S,,,Ave,S Masselin Ave,2023/09/12 23:03:18+00,832 S Masselin Ave Los Angeles 90036,7FD04569-B7F9-4A6C-BB6D-29B8E63B7F41_832_S_Masselin_Ave_Los_Angeles_90036,Masselin,832 S Masselin Avenue Ave Los Angeles 90036,,,,
614218,1190965,,5089018008.0,,836.0,,,South,,,Masselin,Avenue,,,,,,,,,,,,,90036.0,,Los Angeles,Los Angeles,,,,,LA City,{1D373F8E-9C9F-4120-AE4E-917760BE0168},0,,1D373F8E-9C9F-4120-AE4E-917760BE0168,Unknown,,S,,,Ave,S Masselin Ave,2023/09/12 23:03:18+00,836 S Masselin Ave Los Angeles 90036,1D373F8E-9C9F-4120-AE4E-917760BE0168_836_S_Masselin_Ave_Los_Angeles_90036,Masselin,836 S Masselin Avenue Ave Los Angeles 90036,,,,
614219,1190966,,5089018009.0,,840.0,,,South,,,Masselin,Avenue,,,,,,,,,,,,,90036.0,,Los Angeles,Los Angeles,,,,,LA City,{5D05B728-7787-467A-8DCB-1906BCCD558A},0,,5D05B728-7787-467A-8DCB-1906BCCD558A,Unknown,,S,,,Ave,S Masselin Ave,2023/09/12 23:03:18+00,840 S Masselin Ave Los Angeles 90036,5D05B728-7787-467A-8DCB-1906BCCD558A_840_S_Masselin_Ave_Los_Angeles_90036,Masselin,840 S Masselin Avenue Ave Los Angeles 90036,,,,
614220,1190967,,5089018010.0,,844.0,,,South,,,Masselin,Avenue,,,,,,,,,,,,,90036.0,,Los Angeles,Los Angeles,,,,,LA City,{C42DFB36-C2FC-41D9-82B1-29D7980EDDB1},0,,C42DFB36-C2FC-41D9-82B1-29D7980EDDB1,Unknown,,S,,,Ave,S Masselin Ave,2023/09/12 23:03:18+00,844 S Masselin Ave Los Angeles 90036,C42DFB36-C2FC-41D9-82B1-29D7980EDDB1_844_S_Masselin_Ave_Los_Angeles_90036,Masselin,844 S Masselin Avenue Ave Los Angeles 90036,,,,
614221,1190968,,5089018011.0,,850.0,,,South,,,Masselin,Avenue,,,,,,,,,,,,,90036.0,,Los Angeles,Los Angeles,,,,,LA City,{5E3E1690-C6D2-4F72-8799-5C20DADBC835},0,,5E3E1690-C6D2-4F72-8799-5C20DADBC835,Unknown,,S,,,Ave,S Masselin Ave,2023/09/12 23:03:18+00,850 S Masselin Ave Los Angeles 90036,5E3E1690-C6D2-4F72-8799-5C20DADBC835_850_S_Masselin_Ave_Los_Angeles_90036,Masselin,850 S Masselin Avenue Ave Los Angeles 90036,,,,
614222,1190969,,5089018012.0,,900.0,,,South,,,Masselin,Avenue,,,,,,,,,,,,,90036.0,,Los Angeles,Los Angeles,,,,,LA City,{608171A5-E17A-4560-870E-B911B693D0B9},0,,608171A5-E17A-4560-870E-B911B693D0B9,Unknown,,S,,,Ave,S Masselin Ave,2023/09/12 23:03:18+00,900 S Masselin Ave Los Angeles 90036,608171A5-E17A-4560-870E-B911B693D0B9_900_S_Masselin_Ave_Los_Angeles_90036,Masselin,900 S Masselin Avenue Ave Los Angeles 90036,,,,
614223,1190970,,5089018013.0,,906.0,,,South,,,Masselin,Avenue,,,,,,,,,,,,,90036.0,,Los Angeles,Los Angeles,,,,,LA City,{6AAB4D02-F60E-40E6-8B9D-40466F525859},0,,6AAB4D02-F60E-40E6-8B9D-40466F525859,Unknown,,S,,,Ave,S Masselin Ave,2023/09/12 23:03:18+00,906 S Masselin Ave Los Angeles 90036,6AAB4D02-F60E-40E6-8B9D-40466F525859_906_S_Masselin_Ave_Los_Angeles_90036,Masselin,906 S Masselin Avenue Ave Los Angeles 90036,,,,
614224,1190971,,5089018014.0,,910.0,,,South,,,Masselin,Avenue,,,,,,,,,,,,,90036.0,,Los Angeles,Los Angeles,,,,,LA City,{A422FE87-D8A1-42F1-AF9E-33589AE36498},0,,A422FE87-D8A1-42F1-AF9E-33589AE36498,Unknown,,S,,,Ave,S Masselin Ave,2023/09/12 23:03:18+00,910 S Masselin Ave Los Angeles 90036,A422FE87-D8A1-42F1-AF9E-33589AE36498_910_S_Masselin_Ave_Los_Angeles_90036,Masselin,910 S Masselin Avenue Ave Los Angeles 90036,,,,
614225,1190972,,5089018014.0,,912.0,,,South,,,Masselin,Avenue,,,,,,,,,,,,,90036.0,,Los Angeles,Los Angeles,,,,,LA City,{4CE7B815-597B-4DFE-BB07-994EC16FF6F9},0,,4CE7B815-597B-4DFE-BB07-994EC16FF6F9,Unknown,,S,,,Ave,S Masselin Ave,2023/09/12 23:03:18+00,912 S Masselin Ave Los Angeles 90036,4CE7B815-597B-4DFE-BB07-994EC16FF6F9_912_S_Masselin_Ave_Los_Angeles_90036,Masselin,912 S Masselin Avenue Ave Los Angeles 90036,,,,
614226,1190973,,5089018015.0,,916.0,,,South,,,Masselin,Avenue,,,,,,,,,,,,,90036.0,,Los Angeles,Los Angeles,,,,,LA City,{DDD9EB0D-FC6D-4FFB-B2EB-C1E369DF0198},0,,DDD9EB0D-FC6D-4FFB-B2EB-C1E369DF0198,Unknown,,S,,,Ave,S Masselin Ave,2023/09/12 23:03:18+00,916 S Masselin Ave Los Angeles 90036,DDD9EB0D-FC6D-4FFB-B2EB-C1E369DF0198_916_S_Masselin_Ave_Los_Angeles_90036,Masselin,916 S Masselin Avenue Ave Los Angeles 90036,,,,
614227,1190974,,5089018016.0,,922.0,,,South,,,Masselin,Avenue,,,,,,,,,,,,,90036.0,,Los Angeles,Los Angeles,,,,,LA City,{6CCCD659-D8DF-4785-9ACD-1E00E979E167},0,,6CCCD659-D8DF-4785-9ACD-1E00E979E167,Unknown,,S,,,Ave,S Masselin Ave,2023/09/12 23:03:18+00,922 S Masselin Ave Los Angeles 90036,6CCCD659-D8DF-4785-9ACD-1E00E979E167_922_S_Masselin_Ave_Los_Angeles_90036,Masselin,922 S Masselin Avenue Ave Los Angeles 90036,,,,
614228,1190975,,5089018017.0,,926.0,,,South,,,Masselin,Avenue,,,,,,,,,,,,,90036.0,,Los Angeles,Los Angeles,,,,,LA City,{3C9110F5-7E1F-4FE9-9226-FA164C1AD759},0,,3C9110F5-7E1F-4FE9-9226-FA164C1AD759,Unknown,,S,,,Ave,S Masselin Ave,2023/09/12 23:03:18+00,926 S Masselin Ave Los Angeles 90036,3C9110F5-7E1F-4FE9-9226-FA164C1AD759_926_S_Masselin_Ave_Los_Angeles_90036,Masselin,926 S Masselin Avenue Ave Los Angeles 90036,,,,
614229,1190976,,5089018018.0,,932.0,,,South,,,Masselin,Avenue,,,,,,,,,,,,,90036.0,,Los Angeles,Los Angeles,,,,,LA City,{D5F9D4F1-E3D0-4CD3-AA71-6A688E32ED54},0,,D5F9D4F1-E3D0-4CD3-AA71-6A688E32ED54,Unknown,,S,,,Ave,S Masselin Ave,2023/09/12 23:03:18+00,932 S Masselin Ave Los Angeles 90036,D5F9D4F1-E3D0-4CD3-AA71-6A688E32ED54_932_S_Masselin_Ave_Los_Angeles_90036,Masselin,932 S Masselin Avenue Ave Los Angeles 90036,,,,
614230,1190977,,5089018019.0,,938.0,,,South,,,Masselin,Avenue,,,,,,,,,,,,,90036.0,,Los Angeles,Los Angeles,,,,,LA City,{B8D8CDBD-F584-43E3-9BBD-C6167E72340B},0,,B8D8CDBD-F584-43E3-9BBD-C6167E72340B,Unknown,,S,,,Ave,S Masselin Ave,2023/09/12 23:03:18+00,938 S Masselin Ave Los Angeles 90036,B8D8CDBD-F584-43E3-9BBD-C6167E72340B_938_S_Masselin_Ave_Los_Angeles_90036,Masselin,938 S Masselin Avenue Ave Los Angeles 90036,,,,
614231,1190978,,5089018020.0,,5727.0,,,West,,,Olympic,Boulevard,,,,,,,,,,,,,90036.0,,Los Angeles,Los Angeles,,,,,LA City,{31AE42B0-0E94-4F7B-88D4-7F297D0AE43C},0,,31AE42B0-0E94-4F7B-88D4-7F297D0AE43C,Unknown,,W,,,Blvd,W Olympic Blvd,2023/09/12 23:03:18+00,5727 W Olympic Blvd Los Angeles 90036,31AE42B0-0E94-4F7B-88D4-7F297D0AE43C_5727_W_Olympic_Blvd_Los_Angeles_90036,Olympic,5727 W Olympic Boulevard Blvd Los Angeles 90036,,,,
614232,1190979,,5089018020.0,,946.0,,,South,,,Masselin,Avenue,,,,,,,,,,,,,90036.0,,Los Angeles,Los Angeles,,,,,LA City,{C356C25A-89D4-4C89-A2C0-3C353A570FA5},0,,C356C25A-89D4-4C89-A2C0-3C353A570FA5,Unknown,,S,,,Ave,S Masselin Ave,2023/09/12 23:03:18+00,946 S Masselin Ave Los Angeles 90036,C356C25A-89D4-4C89-A2C0-3C353A570FA5_946_S_Masselin_Ave_Los_Angeles_90036,Masselin,946 S Masselin Avenue Ave Los Angeles 90036,,,,
614233,1190980,,5089018023.0,,801.0,,,South,,,Hauser,Boulevard,,,,,,,,,,,,,90036.0,,Los Angeles,Los Angeles,,,,,LA City,{35EFCCC4-C5BB-4746-8CC3-2A9FD75D34A7},0,,35EFCCC4-C5BB-4746-8CC3-2A9FD75D34A7,Unknown,,S,,,Blvd,S Hauser Blvd,2023/09/12 23:03:18+00,801 S Hauser Blvd Los Angeles 90036,35EFCCC4-C5BB-4746-8CC3-2A9FD75D34A7_801_S_Hauser_Blvd_Los_Angeles_90036,Hauser,801 S Hauser Boulevard Blvd Los Angeles 90036,,,,
614234,1190981,,5089018024.0,,811.0,,,South,,,Hauser,Boulevard,,,,,,,,,,,,,90036.0,,Los Angeles,Los Angeles,,,,,LA City,{4BE858A2-604F-4E3A-849B-37229BA60F5C},0,,4BE858A2-604F-4E3A-849B-37229BA60F5C,Unknown,,S,,,Blvd,S Hauser Blvd,2023/09/12 23:03:18+00,811 S Hauser Blvd Los Angeles 90036,4BE858A2-604F-4E3A-849B-37229BA60F5C_811_S_Hauser_Blvd_Los_Angeles_90036,Hauser,811 S Hauser Boulevard Blvd Los Angeles 90036,,,,
614235,1190982,,5089018025.0,,817.0,,,South,,,Hauser,Boulevard,,,,,,,,,,,,,90036.0,,Los Angeles,Los Angeles,,,,,LA City,{5F93C56C-5ACE-4CB0-9743-9FBB9A123D22},0,,5F93C56C-5ACE-4CB0-9743-9FBB9A123D22,Unknown,,S,,,Blvd,S Hauser Blvd,2023/09/12 23:03:18+00,817 S Hauser Blvd Los Angeles 90036,5F93C56C-5ACE-4CB0-9743-9FBB9A123D22_817_S_Hauser_Blvd_Los_Angeles_90036,Hauser,817 S Hauser Boulevard Blvd Los Angeles 90036,,,,
614236,1190983,,5089018026.0,,823.0,,,South,,,Hauser,Boulevard,,,,,,,,,,,,,90036.0,,Los Angeles,Los Angeles,,,,,LA City,{AE5AE61C-F30C-4D97-B25E-36F7A4CFD52C},0,,AE5AE61C-F30C-4D97-B25E-36F7A4CFD52C,Unknown,,S,,,Blvd,S Hauser Blvd,2023/09/12 23:03:18+00,823 S Hauser Blvd Los Angeles 90036,AE5AE61C-F30C-4D97-B25E-36F7A4CFD52C_823_S_Hauser_Blvd_Los_Angeles_90036,Hauser,823 S Hauser Boulevard Blvd Los Angeles 90036,,,,
614237,1190984,,5089018027.0,,827.0,,,South,,,Hauser,Boulevard,,,,,,,,,,,,,90036.0,,Los Angeles,Los Angeles,,,,,LA City,{4615216F-6407-4B30-861B-A0909430FC2F},0,,4615216F-6407-4B30-861B-A0909430FC2F,Unknown,,S,,,Blvd,S Hauser Blvd,2023/09/12 23:03:18+00,827 S Hauser Blvd Los Angeles 90036,4615216F-6407-4B30-861B-A0909430FC2F_827_S_Hauser_Blvd_Los_Angeles_90036,Hauser,827 S Hauser Boulevard Blvd Los Angeles 90036,,,,
614238,1190985,,5089018028.0,,833.0,,,South,,,Hauser,Boulevard,,,,,,,,,,,,,90036.0,,Los Angeles,Los Angeles,,,,,LA City,{5C160752-EDDE-411D-86C3-DD38A716CB47},0,,5C160752-EDDE-411D-86C3-DD38A716CB47,Unknown,,S,,,Blvd,S Hauser Blvd,2023/09/12 23:03:18+00,833 S Hauser Blvd Los Angeles 90036,5C160752-EDDE-411D-86C3-DD38A716CB47_833_S_Hauser_Blvd_Los_Angeles_90036,Hauser,833 S Hauser Boulevard Blvd Los Angeles 90036,,,,
614239,1190986,,5089018029.0,,837.0,,,South,,,Hauser,Boulevard,,,,,,,,,,,,,90036.0,,Los Angeles,Los Angeles,,,,,LA City,{256A74E2-9C16-40B8-B751-29DD591AB7B5},0,,256A74E2-9C16-40B8-B751-29DD591AB7B5,Unknown,,S,,,Blvd,S Hauser Blvd,2023/09/12 23:03:18+00,837 S Hauser Blvd Los Angeles 90036,256A74E2-9C16-40B8-B751-29DD591AB7B5_837_S_Hauser_Blvd_Los_Angeles_90036,Hauser,837 S Hauser Boulevard Blvd Los Angeles 90036,,,,
614240,1190987,,5089018030.0,,843.0,,,South,,,Hauser,Boulevard,,,,,,,,,,,,,90036.0,,Los Angeles,Los Angeles,,,,,LA City,{A9B545E7-F4D6-4EA1-9073-D796BEFE79D8},0,,A9B545E7-F4D6-4EA1-9073-D796BEFE79D8,Unknown,,S,,,Blvd,S Hauser Blvd,2023/09/12 23:03:18+00,843 S Hauser Blvd Los Angeles 90036,A9B545E7-F4D6-4EA1-9073-D796BEFE79D8_843_S_Hauser_Blvd_Los_Angeles_90036,Hauser,843 S Hauser Boulevard Blvd Los Angeles 90036,,,,
614241,1190988,,5089018031.0,,849.0,,,South,,,Hauser,Boulevard,,,,,,,,,,,,,90036.0,,Los Angeles,Los Angeles,,,,,LA City,{8A13FA9D-90BD-4F21-8716-E65A77E5DD03},0,,8A13FA9D-90BD-4F21-8716-E65A77E5DD03,Unknown,,S,,,Blvd,S Hauser Blvd,2023/09/12 23:03:18+00,849 S Hauser Blvd Los Angeles 90036,8A13FA9D-90BD-4F21-8716-E65A77E5DD03_849_S_Hauser_Blvd_Los_Angeles_90036,Hauser,849 S Hauser Boulevard Blvd Los Angeles 90036,,,,
614242,1190989,,5089018032.0,,853.0,,,South,,,Hauser,Boulevard,,,,,,,,,,,,,90036.0,,Los Angeles,Los Angeles,,,,,LA City,{3F1494C2-3995-4216-8B75-34AFFE0D8FAF},0,,3F1494C2-3995-4216-8B75-34AFFE0D8FAF,Unknown,,S,,,Blvd,S Hauser Blvd,2023/09/12 23:03:18+00,853 S Hauser Blvd Los Angeles 90036,3F1494C2-3995-4216-8B75-34AFFE0D8FAF_853_S_Hauser_Blvd_Los_Angeles_90036,Hauser,853 S Hauser Boulevard Blvd Los Angeles 90036,,,,
614243,1190990,,5089018033.0,,859.0,,,South,,,Hauser,Boulevard,,,,,,,,,,,,,90036.0,,Los Angeles,Los Angeles,,,,,LA City,{551E8E88-6394-4504-8AA8-85F6C4B78552},0,,551E8E88-6394-4504-8AA8-85F6C4B78552,Unknown,,S,,,Blvd,S Hauser Blvd,2023/09/12 23:03:18+00,859 S Hauser Blvd Los Angeles 90036,551E8E88-6394-4504-8AA8-85F6C4B78552_859_S_Hauser_Blvd_Los_Angeles_90036,Hauser,859 S Hauser Boulevard Blvd Los Angeles 90036,,,,
614244,1190991,,5089018034.0,,903.0,,,South,,,Hauser,Boulevard,,,,,,,,,,,,,90036.0,,Los Angeles,Los Angeles,,,,,LA City,{323E290A-D066-4DEC-841A-B7E20FD6FFF1},0,,323E290A-D066-4DEC-841A-B7E20FD6FFF1,Unknown,,S,,,Blvd,S Hauser Blvd,2023/09/12 23:03:18+00,903 S Hauser Blvd Los Angeles 90036,323E290A-D066-4DEC-841A-B7E20FD6FFF1_903_S_Hauser_Blvd_Los_Angeles_90036,Hauser,903 S Hauser Boulevard Blvd Los Angeles 90036,,,,
614245,1190992,,5089018035.0,,907.0,,,South,,,Hauser,Boulevard,,,,,,,,,,,,,90036.0,,Los Angeles,Los Angeles,,,,,LA City,{3A487FC0-DBCE-4E8D-95F9-40E83041E4AE},0,,3A487FC0-DBCE-4E8D-95F9-40E83041E4AE,Unknown,,S,,,Blvd,S Hauser Blvd,2023/09/12 23:03:18+00,907 S Hauser Blvd Los Angeles 90036,3A487FC0-DBCE-4E8D-95F9-40E83041E4AE_907_S_Hauser_Blvd_Los_Angeles_90036,Hauser,907 S Hauser Boulevard Blvd Los Angeles 90036,,,,
614246,1190993,,5089018037.0,,917.0,,,South,,,Hauser,Boulevard,,,,,,,,,,,,,90036.0,,Los Angeles,Los Angeles,,,,,LA City,{B3E98048-4085-4944-AB96-84E46A9971DC},0,,B3E98048-4085-4944-AB96-84E46A9971DC,Unknown,,S,,,Blvd,S Hauser Blvd,2023/09/12 23:03:18+00,917 S Hauser Blvd Los Angeles 90036,B3E98048-4085-4944-AB96-84E46A9971DC_917_S_Hauser_Blvd_Los_Angeles_90036,Hauser,917 S Hauser Boulevard Blvd Los Angeles 90036,,,,
614247,1190994,,5089018038.0,,923.0,,,South,,,Hauser,Boulevard,,,,,,,,,,,,,90036.0,,Los Angeles,Los Angeles,,,,,LA City,{33E32910-53D8-498E-9EF4-BA24AA69F242},0,,33E32910-53D8-498E-9EF4-BA24AA69F242,Unknown,,S,,,Blvd,S Hauser Blvd,2023/09/12 23:03:18+00,923 S Hauser Blvd Los Angeles 90036,33E32910-53D8-498E-9EF4-BA24AA69F242_923_S_Hauser_Blvd_Los_Angeles_90036,Hauser,923 S Hauser Boulevard Blvd Los Angeles 90036,,,,
614248,1190995,,5089018039.0,,929.0,,,South,,,Hauser,Boulevard,,,,,,,,,,,,,90036.0,,Los Angeles,Los Angeles,,,,,LA City,{CE2130F4-5E71-4CDB-AD9F-7B8D4F9B1621},0,,CE2130F4-5E71-4CDB-AD9F-7B8D4F9B1621,Unknown,,S,,,Blvd,S Hauser Blvd,2023/09/12 23:03:18+00,929 S Hauser Blvd Los Angeles 90036,CE2130F4-5E71-4CDB-AD9F-7B8D4F9B1621_929_S_Hauser_Blvd_Los_Angeles_90036,Hauser,929 S Hauser Boulevard Blvd Los Angeles 90036,,,,
614249,1190996,,5089018040.0,,933.0,,,South,,,Hauser,Boulevard,,,,,,,,,,,,,90036.0,,Los Angeles,Los Angeles,,,,,LA City,{4D086937-E6AD-46B8-A42E-ED46F87F09AB},0,,4D086937-E6AD-46B8-A42E-ED46F87F09AB,Unknown,,S,,,Blvd,S Hauser Blvd,2023/09/12 23:03:18+00,933 S Hauser Blvd Los Angeles 90036,4D086937-E6AD-46B8-A42E-ED46F87F09AB_933_S_Hauser_Blvd_Los_Angeles_90036,Hauser,933 S Hauser Boulevard Blvd Los Angeles 90036,,,,
614250,1190997,,5089018041.0,,939.0,,,South,,,Hauser,Boulevard,,,,,,,,,,,,,90036.0,,Los Angeles,Los Angeles,,,,,LA City,{1CAC251F-C63A-4659-A0BA-4CCCB9DBCE1B},0,,1CAC251F-C63A-4659-A0BA-4CCCB9DBCE1B,Unknown,,S,,,Blvd,S Hauser Blvd,2023/09/12 23:03:18+00,939 S Hauser Blvd Los Angeles 90036,1CAC251F-C63A-4659-A0BA-4CCCB9DBCE1B_939_S_Hauser_Blvd_Los_Angeles_90036,Hauser,939 S Hauser Boulevard Blvd Los Angeles 90036,,,,
614251,1190998,,5089018042.0,,945.0,,,South,,,Hauser,Boulevard,,,,,,,,,,,,,90036.0,,Los Angeles,Los Angeles,,,,,LA City,{9309E459-6191-4338-B8A6-C68DBEC22794},0,,9309E459-6191-4338-B8A6-C68DBEC22794,Unknown,,S,,,Blvd,S Hauser Blvd,2023/09/12 23:03:18+00,945 S Hauser Blvd Los Angeles 90036,9309E459-6191-4338-B8A6-C68DBEC22794_945_S_Hauser_Blvd_Los_Angeles_90036,Hauser,945 S Hauser Boulevard Blvd Los Angeles 90036,,,,
614252,1190999,,5089018043.0,,5707.0,,,West,,,Olympic,Boulevard,,,,,,,,,,,,,90036.0,,Los Angeles,Los Angeles,,,,,LA City,{AB5ACE87-5A31-4F62-8511-F90D41906586},0,,AB5ACE87-5A31-4F62-8511-F90D41906586,Unknown,,W,,,Blvd,W Olympic Blvd,2023/09/12 23:03:18+00,5707 W Olympic Blvd Los Angeles 90036,AB5ACE87-5A31-4F62-8511-F90D41906586_5707_W_Olympic_Blvd_Los_Angeles_90036,Olympic,5707 W Olympic Boulevard Blvd Los Angeles 90036,,,,
614253,1191000,,5089018043.0,,5709.0,,,West,,,Olympic,Boulevard,,,,,,,,,,,,,90036.0,,Los Angeles,Los Angeles,,,,,LA City,{F9D4FC24-4184-43A1-AFB8-4722E4F8A572},0,,F9D4FC24-4184-43A1-AFB8-4722E4F8A572,Unknown,,W,,,Blvd,W Olympic Blvd,2023/09/12 23:03:18+00,5709 W Olympic Blvd Los Angeles 90036,F9D4FC24-4184-43A1-AFB8-4722E4F8A572_5709_W_Olympic_Blvd_Los_Angeles_90036,Olympic,5709 W Olympic Boulevard Blvd Los Angeles 90036,,,,
614254,1191001,,5089018043.0,,5711.0,,,West,,,Olympic,Boulevard,,,,,,,,,,,,,90036.0,,Los Angeles,Los Angeles,,,,,LA City,{91386A38-68D4-4A28-AE02-39BA235B8FD0},0,,91386A38-68D4-4A28-AE02-39BA235B8FD0,Unknown,,W,,,Blvd,W Olympic Blvd,2023/09/12 23:03:18+00,5711 W Olympic Blvd Los Angeles 90036,91386A38-68D4-4A28-AE02-39BA235B8FD0_5711_W_Olympic_Blvd_Los_Angeles_90036,Olympic,5711 W Olympic Boulevard Blvd Los Angeles 90036,,,,
614255,1191002,,5089018043.0,,5705.0,,,West,,,Olympic,Boulevard,,,,,,,,,,,,,90036.0,,Los Angeles,Los Angeles,,,,,LA City,{4A69393C-0896-4125-AFEA-1A096CCD32C1},0,,4A69393C-0896-4125-AFEA-1A096CCD32C1,Unknown,,W,,,Blvd,W Olympic Blvd,2023/09/12 23:03:18+00,5705 W Olympic Blvd Los Angeles 90036,4A69393C-0896-4125-AFEA-1A096CCD32C1_5705_W_Olympic_Blvd_Los_Angeles_90036,Olympic,5705 W Olympic Boulevard Blvd Los Angeles 90036,,,,
614256,1191003,,5089018044.0,,951.0,,,South,,,Hauser,Boulevard,,,,,,,,,,,,,90036.0,,Los Angeles,Los Angeles,,,,,LA City,{85BE4B8E-9D95-4B9B-A808-B79B2C267CC1},0,,85BE4B8E-9D95-4B9B-A808-B79B2C267CC1,Unknown,,S,,,Blvd,S Hauser Blvd,2023/09/12 23:03:18+00,951 S Hauser Blvd Los Angeles 90036,85BE4B8E-9D95-4B9B-A808-B79B2C267CC1_951_S_Hauser_Blvd_Los_Angeles_90036,Hauser,951 S Hauser Boulevard Blvd Los Angeles 90036,,,,
614257,1191004,,5089018044.0,,953.0,,,South,,,Hauser,Boulevard,,,,,,,,,,,,,90036.0,,Los Angeles,Los Angeles,,,,,LA City,{A78BB89B-8482-4C19-B646-2BA14BEE894E},0,,A78BB89B-8482-4C19-B646-2BA14BEE894E,Unknown,,S,,,Blvd,S Hauser Blvd,2023/09/12 23:03:18+00,953 S Hauser Blvd Los Angeles 90036,A78BB89B-8482-4C19-B646-2BA14BEE894E_953_S_Hauser_Blvd_Los_Angeles_90036,Hauser,953 S Hauser Boulevard Blvd Los Angeles 90036,,,,
614258,1191005,,5089018045.0,,5715.0,,,West,,,Olympic,Boulevard,,,,,,,,,,,,,90036.0,,Los Angeles,Los Angeles,,,,,LA City,{D337F500-5E75-4F46-8B1E-8C2A4C9DDD47},0,,D337F500-5E75-4F46-8B1E-8C2A4C9DDD47,Unknown,,W,,,Blvd,W Olympic Blvd,2023/09/12 23:03:18+00,5715 W Olympic Blvd Los Angeles 90036,D337F500-5E75-4F46-8B1E-8C2A4C9DDD47_5715_W_Olympic_Blvd_Los_Angeles_90036,Olympic,5715 W Olympic Boulevard Blvd Los Angeles 90036,,,,
614259,1191006,,5089018045.0,,5721.0,,,West,,,Olympic,Boulevard,,,,,,,,,,,,,90036.0,,Los Angeles,Los Angeles,,,,,LA City,{C4EF8CC4-CD97-4A08-ADD7-458948D76105},0,,C4EF8CC4-CD97-4A08-ADD7-458948D76105,Unknown,,W,,,Blvd,W Olympic Blvd,2023/09/12 23:03:18+00,5721 W Olympic Blvd Los Angeles 90036,C4EF8CC4-CD97-4A08-ADD7-458948D76105_5721_W_Olympic_Blvd_Los_Angeles_90036,Olympic,5721 W Olympic Boulevard Blvd Los Angeles 90036,,,,
614260,1191007,,5089019001.0,,804.0,,,South,,,Hauser,Boulevard,,,,,,,,,,,,,90036.0,,Los Angeles,Los Angeles,,,,,LA City,{CB15E150-5976-42C8-A5A1-D742A2E394B8},0,,CB15E150-5976-42C8-A5A1-D742A2E394B8,Unknown,,S,,,Blvd,S Hauser Blvd,2023/09/12 23:03:18+00,804 S Hauser Blvd Los Angeles 90036,CB15E150-5976-42C8-A5A1-D742A2E394B8_804_S_Hauser_Blvd_Los_Angeles_90036,Hauser,804 S Hauser Boulevard Blvd Los Angeles 90036,,,,
614261,1191008,,5089019001.0,,800.0,,,South,,,Hauser,Boulevard,,,,,,,,,,,,,90036.0,,Los Angeles,Los Angeles,,,,,LA City,{93BC3945-8ED9-4EF5-8B0C-225CDEF1D94A},0,,93BC3945-8ED9-4EF5-8B0C-225CDEF1D94A,Unknown,,S,,,Blvd,S Hauser Blvd,2023/09/12 23:03:18+00,800 S Hauser Blvd Los Angeles 90036,93BC3945-8ED9-4EF5-8B0C-225CDEF1D94A_800_S_Hauser_Blvd_Los_Angeles_90036,Hauser,800 S Hauser Boulevard Blvd Los Angeles 90036,,,,
614262,1191009,,5089019002.0,,810.0,,,South,,,Hauser,Boulevard,,,,,,,,,,,,,90036.0,,Los Angeles,Los Angeles,,,,,LA City,{1E5756A7-00FB-4EA6-B16B-F2A80B6E7E9A},0,,1E5756A7-00FB-4EA6-B16B-F2A80B6E7E9A,Unknown,,S,,,Blvd,S Hauser Blvd,2023/09/12 23:03:18+00,810 S Hauser Blvd Los Angeles 90036,1E5756A7-00FB-4EA6-B16B-F2A80B6E7E9A_810_S_Hauser_Blvd_Los_Angeles_90036,Hauser,810 S Hauser Boulevard Blvd Los Angeles 90036,,,,
614263,1191010,,5089019003.0,,814.0,,,South,,,Hauser,Boulevard,,,,,,,,,,,,,90036.0,,Los Angeles,Los Angeles,,,,,LA City,{4D8810EC-9D5F-4A0D-BE35-91DEBC7B33C2},0,,4D8810EC-9D5F-4A0D-BE35-91DEBC7B33C2,Unknown,,S,,,Blvd,S Hauser Blvd,2023/09/12 23:03:18+00,814 S Hauser Blvd Los Angeles 90036,4D8810EC-9D5F-4A0D-BE35-91DEBC7B33C2_814_S_Hauser_Blvd_Los_Angeles_90036,Hauser,814 S Hauser Boulevard Blvd Los Angeles 90036,,,,
614264,1191011,,5089019004.0,,820.0,,,South,,,Hauser,Boulevard,,,,,,,,,,,,,90036.0,,Los Angeles,Los Angeles,,,,,LA City,{FD6AB258-71D9-47DC-A5F2-70C2FED881E1},0,,FD6AB258-71D9-47DC-A5F2-70C2FED881E1,Unknown,,S,,,Blvd,S Hauser Blvd,2023/09/12 23:03:18+00,820 S Hauser Blvd Los Angeles 90036,FD6AB258-71D9-47DC-A5F2-70C2FED881E1_820_S_Hauser_Blvd_Los_Angeles_90036,Hauser,820 S Hauser Boulevard Blvd Los Angeles 90036,,,,
614265,1191012,,5089019005.0,,824.0,,,South,,,Hauser,Boulevard,,,,,,,,,,,,,90036.0,,Los Angeles,Los Angeles,,,,,LA City,{48DB4277-113C-4DD1-B433-24DA42EB3942},0,,48DB4277-113C-4DD1-B433-24DA42EB3942,Unknown,,S,,,Blvd,S Hauser Blvd,2023/09/12 23:03:18+00,824 S Hauser Blvd Los Angeles 90036,48DB4277-113C-4DD1-B433-24DA42EB3942_824_S_Hauser_Blvd_Los_Angeles_90036,Hauser,824 S Hauser Boulevard Blvd Los Angeles 90036,,,,
614266,1191013,,5089019006.0,,828.0,,,South,,,Hauser,Boulevard,,,,,,,,,,,,,90036.0,,Los Angeles,Los Angeles,,,,,LA City,{506A6D83-52D2-415D-856A-791417CD06CF},0,,506A6D83-52D2-415D-856A-791417CD06CF,Unknown,,S,,,Blvd,S Hauser Blvd,2023/09/12 23:03:18+00,828 S Hauser Blvd Los Angeles 90036,506A6D83-52D2-415D-856A-791417CD06CF_828_S_Hauser_Blvd_Los_Angeles_90036,Hauser,828 S Hauser Boulevard Blvd Los Angeles 90036,,,,
614267,1191014,,5089019007.0,,834.0,,,South,,,Hauser,Boulevard,,,,,,,,,,,,,90036.0,,Los Angeles,Los Angeles,,,,,LA City,{EECB7B36-AFCF-4358-B82D-F4FC3AAEB894},0,,EECB7B36-AFCF-4358-B82D-F4FC3AAEB894,Unknown,,S,,,Blvd,S Hauser Blvd,2023/09/12 23:03:18+00,834 S Hauser Blvd Los Angeles 90036,EECB7B36-AFCF-4358-B82D-F4FC3AAEB894_834_S_Hauser_Blvd_Los_Angeles_90036,Hauser,834 S Hauser Boulevard Blvd Los Angeles 90036,,,,
614268,1191015,,5089019008.0,,838.0,,,South,,,Hauser,Boulevard,,,,,,,,,,,,,90036.0,,Los Angeles,Los Angeles,,,,,LA City,{D97CF304-E262-4493-A8DE-7BD8DCCF0BFF},0,,D97CF304-E262-4493-A8DE-7BD8DCCF0BFF,Unknown,,S,,,Blvd,S Hauser Blvd,2023/09/12 23:03:18+00,838 S Hauser Blvd Los Angeles 90036,D97CF304-E262-4493-A8DE-7BD8DCCF0BFF_838_S_Hauser_Blvd_Los_Angeles_90036,Hauser,838 S Hauser Boulevard Blvd Los Angeles 90036,,,,
614269,1191016,,5089019009.0,,844.0,,,South,,,Hauser,Boulevard,,,,,,,,,,,,,90036.0,,Los Angeles,Los Angeles,,,,,LA City,{D3B27C49-6DDF-493E-ADC6-6465F0458D2B},0,,D3B27C49-6DDF-493E-ADC6-6465F0458D2B,Unknown,,S,,,Blvd,S Hauser Blvd,2023/09/12 23:03:18+00,844 S Hauser Blvd Los Angeles 90036,D3B27C49-6DDF-493E-ADC6-6465F0458D2B_844_S_Hauser_Blvd_Los_Angeles_90036,Hauser,844 S Hauser Boulevard Blvd Los Angeles 90036,,,,
614270,1191017,,5089019010.0,,852.0,,,South,,,Hauser,Boulevard,,,,,,,,,,,,,90036.0,,Los Angeles,Los Angeles,,,,,LA City,{8CE0A166-94BD-4538-A9A2-BAAC78315638},0,,8CE0A166-94BD-4538-A9A2-BAAC78315638,Unknown,,S,,,Blvd,S Hauser Blvd,2023/09/12 23:03:18+00,852 S Hauser Blvd Los Angeles 90036,8CE0A166-94BD-4538-A9A2-BAAC78315638_852_S_Hauser_Blvd_Los_Angeles_90036,Hauser,852 S Hauser Boulevard Blvd Los Angeles 90036,,,,
614271,1191018,,5089019011.0,,801.0,,,South,,,Burnside,Avenue,,,,,,,,,,,,,90036.0,,Los Angeles,Los Angeles,,,,,LA City,{A7CBB030-70D7-462E-97DB-5C1FB1A1BB7A},0,,A7CBB030-70D7-462E-97DB-5C1FB1A1BB7A,Unknown,,S,,,Ave,S Burnside Ave,2023/09/12 23:03:18+00,801 S Burnside Ave Los Angeles 90036,A7CBB030-70D7-462E-97DB-5C1FB1A1BB7A_801_S_Burnside_Ave_Los_Angeles_90036,Burnside,801 S Burnside Avenue Ave Los Angeles 90036,,,,
614272,1191019,,5089019012.0,,811.0,,,South,,,Burnside,Avenue,,,,,,,,,,,,,90036.0,,Los Angeles,Los Angeles,,,,,LA City,{88A785DA-8ED7-4A11-B36A-24CCA800ADC8},0,,88A785DA-8ED7-4A11-B36A-24CCA800ADC8,Unknown,,S,,,Ave,S Burnside Ave,2023/09/12 23:03:18+00,811 S Burnside Ave Los Angeles 90036,88A785DA-8ED7-4A11-B36A-24CCA800ADC8_811_S_Burnside_Ave_Los_Angeles_90036,Burnside,811 S Burnside Avenue Ave Los Angeles 90036,,,,
614273,1191020,,5089019013.0,,819.0,,,South,,,Burnside,Avenue,,,,,,,,,,,,,90036.0,,Los Angeles,Los Angeles,,,,,LA City,{C05736D1-D620-4A86-AB69-6054B5D5BFD8},0,,C05736D1-D620-4A86-AB69-6054B5D5BFD8,Unknown,,S,,,Ave,S Burnside Ave,2023/09/12 23:03:18+00,819 S Burnside Ave Los Angeles 90036,C05736D1-D620-4A86-AB69-6054B5D5BFD8_819_S_Burnside_Ave_Los_Angeles_90036,Burnside,819 S Burnside Avenue Ave Los Angeles 90036,,,,
614274,1191021,,5089019014.0,,823.0,,,South,,,Burnside,Avenue,,,,,,,,,,,,,90036.0,,Los Angeles,Los Angeles,,,,,LA City,{AF66A1B0-82C1-4F8E-8F12-51B54A3C1AC1},0,,AF66A1B0-82C1-4F8E-8F12-51B54A3C1AC1,Unknown,,S,,,Ave,S Burnside Ave,2023/09/12 23:03:18+00,823 S Burnside Ave Los Angeles 90036,AF66A1B0-82C1-4F8E-8F12-51B54A3C1AC1_823_S_Burnside_Ave_Los_Angeles_90036,Burnside,823 S Burnside Avenue Ave Los Angeles 90036,,,,
614275,1191022,,5089019015.0,,827.0,,,South,,,Burnside,Avenue,,,,,,,,,,,,,90036.0,,Los Angeles,Los Angeles,,,,,LA City,{92DCC550-A49D-4ABD-B842-CAB2CBDA9148},0,,92DCC550-A49D-4ABD-B842-CAB2CBDA9148,Unknown,,S,,,Ave,S Burnside Ave,2023/09/12 23:03:18+00,827 S Burnside Ave Los Angeles 90036,92DCC550-A49D-4ABD-B842-CAB2CBDA9148_827_S_Burnside_Ave_Los_Angeles_90036,Burnside,827 S Burnside Avenue Ave Los Angeles 90036,,,,
614276,1191023,,5089019015.0,,825.0,,,South,,,Burnside,Avenue,,,,,,,,,,,,,90036.0,,Los Angeles,Los Angeles,,,,,LA City,{627AE650-4C5B-47E1-BBE8-5A8DEF654309},0,,627AE650-4C5B-47E1-BBE8-5A8DEF654309,Unknown,,S,,,Ave,S Burnside Ave,2023/09/12 23:03:18+00,825 S Burnside Ave Los Angeles 90036,627AE650-4C5B-47E1-BBE8-5A8DEF654309_825_S_Burnside_Ave_Los_Angeles_90036,Burnside,825 S Burnside Avenue Ave Los Angeles 90036,,,,
614277,1191024,,5089019016.0,,833.0,,,South,,,Burnside,Avenue,,,,,,,,,,,,,90036.0,,Los Angeles,Los Angeles,,,,,LA City,{BE9ECB29-24A1-4113-8E40-FEFE7F125E09},0,,BE9ECB29-24A1-4113-8E40-FEFE7F125E09,Unknown,,S,,,Ave,S Burnside Ave,2023/09/12 23:03:18+00,833 S Burnside Ave Los Angeles 90036,BE9ECB29-24A1-4113-8E40-FEFE7F125E09_833_S_Burnside_Ave_Los_Angeles_90036,Burnside,833 S Burnside Avenue Ave Los Angeles 90036,,,,
614278,1191025,,5089019017.0,,837.0,,,South,,,Burnside,Avenue,,,,,,,,,,,,,90036.0,,Los Angeles,Los Angeles,,,,,LA City,{C958400C-6CF6-4582-BCB6-0224F2B6FE75},0,,C958400C-6CF6-4582-BCB6-0224F2B6FE75,Unknown,,S,,,Ave,S Burnside Ave,2023/09/12 23:03:18+00,837 S Burnside Ave Los Angeles 90036,C958400C-6CF6-4582-BCB6-0224F2B6FE75_837_S_Burnside_Ave_Los_Angeles_90036,Burnside,837 S Burnside Avenue Ave Los Angeles 90036,,,,
614279,1191026,,5089019018.0,,845.0,,,South,,,Burnside,Avenue,,,,,,,,,,,,,90036.0,,Los Angeles,Los Angeles,,,,,LA City,{102EA379-CCA9-47F0-A735-F372DE5DC4E6},0,,102EA379-CCA9-47F0-A735-F372DE5DC4E6,Unknown,,S,,,Ave,S Burnside Ave,2023/09/12 23:03:18+00,845 S Burnside Ave Los Angeles 90036,102EA379-CCA9-47F0-A735-F372DE5DC4E6_845_S_Burnside_Ave_Los_Angeles_90036,Burnside,845 S Burnside Avenue Ave Los Angeles 90036,,,,
614280,1191027,,5089019019.0,,851.0,,,South,,,Burnside,Avenue,,,,,,,,,,,,,90036.0,,Los Angeles,Los Angeles,,,,,LA City,{64168CC9-D743-45B4-BD84-B663C35C0A21},0,,64168CC9-D743-45B4-BD84-B663C35C0A21,Unknown,,S,,,Ave,S Burnside Ave,2023/09/12 23:03:18+00,851 S Burnside Ave Los Angeles 90036,64168CC9-D743-45B4-BD84-B663C35C0A21_851_S_Burnside_Ave_Los_Angeles_90036,Burnside,851 S Burnside Avenue Ave Los Angeles 90036,,,,
614281,1191028,,5089019020.0,,857.0,,,South,,,Burnside,Avenue,,,,,,,,,,,,,90036.0,,Los Angeles,Los Angeles,,,,,LA City,{B5B07C46-6C14-4E0A-9728-AD98D8D29382},0,,B5B07C46-6C14-4E0A-9728-AD98D8D29382,Unknown,,S,,,Ave,S Burnside Ave,2023/09/12 23:03:18+00,857 S Burnside Ave Los Angeles 90036,B5B07C46-6C14-4E0A-9728-AD98D8D29382_857_S_Burnside_Ave_Los_Angeles_90036,Burnside,857 S Burnside Avenue Ave Los Angeles 90036,,,,
614282,1191029,,5089019021.0,,854.0,,,South,,,Ridgeley,Drive,,,,,,,,,,,,,90036.0,,Los Angeles,Los Angeles,,,,,LA City,{C8FE1AA0-2E96-40AE-934C-E76A4EA28559},0,,C8FE1AA0-2E96-40AE-934C-E76A4EA28559,Unknown,,S,,,Dr,S Ridgeley Dr,2023/09/12 23:03:18+00,854 S Ridgeley Dr Los Angeles 90036,C8FE1AA0-2E96-40AE-934C-E76A4EA28559_854_S_Ridgeley_Dr_Los_Angeles_90036,Ridgeley,854 S Ridgeley Drive Dr Los Angeles 90036,,,,
614283,1191030,,5089019022.0,,848.0,,,South,,,Ridgeley,Drive,,,,,,,,,,,,,90036.0,,Los Angeles,Los Angeles,,,,,LA City,{456114B8-BB08-4DAF-B8E3-DFBEB078BEF7},0,,456114B8-BB08-4DAF-B8E3-DFBEB078BEF7,Unknown,,S,,,Dr,S Ridgeley Dr,2023/09/12 23:03:18+00,848 S Ridgeley Dr Los Angeles 90036,456114B8-BB08-4DAF-B8E3-DFBEB078BEF7_848_S_Ridgeley_Dr_Los_Angeles_90036,Ridgeley,848 S Ridgeley Drive Dr Los Angeles 90036,,,,
614284,1191031,,5089019023.0,,842.0,,,South,,,Ridgeley,Drive,,,,,,,,,,,,,90036.0,,Los Angeles,Los Angeles,,,,,LA City,{93B0EB2D-A7ED-494E-9A5A-3C02322BE661},0,,93B0EB2D-A7ED-494E-9A5A-3C02322BE661,Unknown,,S,,,Dr,S Ridgeley Dr,2023/09/12 23:03:18+00,842 S Ridgeley Dr Los Angeles 90036,93B0EB2D-A7ED-494E-9A5A-3C02322BE661_842_S_Ridgeley_Dr_Los_Angeles_90036,Ridgeley,842 S Ridgeley Drive Dr Los Angeles 90036,,,,
614285,1191032,,5089019024.0,,836.0,,,South,,,Ridgeley,Drive,,,,,,,,,,,,,90036.0,,Los Angeles,Los Angeles,,,,,LA City,{7E5C137F-4E82-4CFB-A16F-9C5039153C86},0,,7E5C137F-4E82-4CFB-A16F-9C5039153C86,Unknown,,S,,,Dr,S Ridgeley Dr,2023/09/12 23:03:18+00,836 S Ridgeley Dr Los Angeles 90036,7E5C137F-4E82-4CFB-A16F-9C5039153C86_836_S_Ridgeley_Dr_Los_Angeles_90036,Ridgeley,836 S Ridgeley Drive Dr Los Angeles 90036,,,,
614286,1191033,,5089019025.0,,830.0,,,South,,,Ridgeley,Drive,,,,,,,,,,,,,90036.0,,Los Angeles,Los Angeles,,,,,LA City,{53671C08-E98A-44E3-8E0F-40FB4B300774},0,,53671C08-E98A-44E3-8E0F-40FB4B300774,Unknown,,S,,,Dr,S Ridgeley Dr,2023/09/12 23:03:18+00,830 S Ridgeley Dr Los Angeles 90036,53671C08-E98A-44E3-8E0F-40FB4B300774_830_S_Ridgeley_Dr_Los_Angeles_90036,Ridgeley,830 S Ridgeley Drive Dr Los Angeles 90036,,,,
614287,1191034,,5089019026.0,,824.0,,,South,,,Ridgeley,Drive,,,,,,,,,,,,,90036.0,,Los Angeles,Los Angeles,,,,,LA City,{B27AF671-5910-47D5-8E94-77542E82ADDF},0,,B27AF671-5910-47D5-8E94-77542E82ADDF,Unknown,,S,,,Dr,S Ridgeley Dr,2023/09/12 23:03:18+00,824 S Ridgeley Dr Los Angeles 90036,B27AF671-5910-47D5-8E94-77542E82ADDF_824_S_Ridgeley_Dr_Los_Angeles_90036,Ridgeley,824 S Ridgeley Drive Dr Los Angeles 90036,,,,
614288,1191035,,5089019027.0,,820.0,,,South,,,Ridgeley,Drive,,,,,,,,,,,,,90036.0,,Los Angeles,Los Angeles,,,,,LA City,{8BC27A99-2F9F-44B5-8C15-934EF372242D},0,,8BC27A99-2F9F-44B5-8C15-934EF372242D,Unknown,,S,,,Dr,S Ridgeley Dr,2023/09/12 23:03:18+00,820 S Ridgeley Dr Los Angeles 90036,8BC27A99-2F9F-44B5-8C15-934EF372242D_820_S_Ridgeley_Dr_Los_Angeles_90036,Ridgeley,820 S Ridgeley Drive Dr Los Angeles 90036,,,,
614289,1191036,,5089019028.0,,814.0,,,South,,,Ridgeley,Drive,,,,,,,,,,,,,90036.0,,Los Angeles,Los Angeles,,,,,LA City,{49E728A5-EEA2-48F9-A18E-2FC2F90FFB7C},0,,49E728A5-EEA2-48F9-A18E-2FC2F90FFB7C,Unknown,,S,,,Dr,S Ridgeley Dr,2023/09/12 23:03:18+00,814 S Ridgeley Dr Los Angeles 90036,49E728A5-EEA2-48F9-A18E-2FC2F90FFB7C_814_S_Ridgeley_Dr_Los_Angeles_90036,Ridgeley,814 S Ridgeley Drive Dr Los Angeles 90036,,,,
614290,1191037,,5089019029.0,,808.0,,,South,,,Ridgeley,Drive,,,,,,,,,,,,,90036.0,,Los Angeles,Los Angeles,,,,,LA City,{996345E5-2EEE-422E-8B4D-1E1EF7C32906},0,,996345E5-2EEE-422E-8B4D-1E1EF7C32906,Unknown,,S,,,Dr,S Ridgeley Dr,2023/09/12 23:03:18+00,808 S Ridgeley Dr Los Angeles 90036,996345E5-2EEE-422E-8B4D-1E1EF7C32906_808_S_Ridgeley_Dr_Los_Angeles_90036,Ridgeley,808 S Ridgeley Drive Dr Los Angeles 90036,,,,
614291,1191038,,5089019030.0,,802.0,,,South,,,Ridgeley,Drive,,,,,,,,,,,,,90036.0,,Los Angeles,Los Angeles,,,,,LA City,{2144C598-E103-4E15-879D-EC934A269523},0,,2144C598-E103-4E15-879D-EC934A269523,Unknown,,S,,,Dr,S Ridgeley Dr,2023/09/12 23:03:18+00,802 S Ridgeley Dr Los Angeles 90036,2144C598-E103-4E15-879D-EC934A269523_802_S_Ridgeley_Dr_Los_Angeles_90036,Ridgeley,802 S Ridgeley Drive Dr Los Angeles 90036,,,,
614292,1191039,,5089019030.0,,800.0,,,South,,,Ridgeley,Drive,,,,,,,,,,,,,90036.0,,Los Angeles,Los Angeles,,,,,LA City,{0E4911DA-F143-4DCD-9151-D9F1C798D84C},0,,0E4911DA-F143-4DCD-9151-D9F1C798D84C,Unknown,,S,,,Dr,S Ridgeley Dr,2023/09/12 23:03:18+00,800 S Ridgeley Dr Los Angeles 90036,0E4911DA-F143-4DCD-9151-D9F1C798D84C_800_S_Ridgeley_Dr_Los_Angeles_90036,Ridgeley,800 S Ridgeley Drive Dr Los Angeles 90036,,,,
614293,1191040,,5089019031.0,,807.0,,,South,,,Ridgeley,Drive,,,,,,,,,,,,,90036.0,,Los Angeles,Los Angeles,,,,,LA City,{825DD48D-6D52-4647-8DD8-717C0B8615ED},0,,825DD48D-6D52-4647-8DD8-717C0B8615ED,Unknown,,S,,,Dr,S Ridgeley Dr,2023/09/12 23:03:18+00,807 S Ridgeley Dr Los Angeles 90036,825DD48D-6D52-4647-8DD8-717C0B8615ED_807_S_Ridgeley_Dr_Los_Angeles_90036,Ridgeley,807 S Ridgeley Drive Dr Los Angeles 90036,,,,
614294,1191041,,5089019032.0,,815.0,,,South,,,Ridgeley,Drive,,,,,,,,,,,,,90036.0,,Los Angeles,Los Angeles,,,,,LA City,{8BB90E33-8462-4D03-98E6-C7D72BD0B659},0,,8BB90E33-8462-4D03-98E6-C7D72BD0B659,Unknown,,S,,,Dr,S Ridgeley Dr,2023/09/12 23:03:18+00,815 S Ridgeley Dr Los Angeles 90036,8BB90E33-8462-4D03-98E6-C7D72BD0B659_815_S_Ridgeley_Dr_Los_Angeles_90036,Ridgeley,815 S Ridgeley Drive Dr Los Angeles 90036,,,,
614295,1191042,,5089019034.0,,831.0,,,South,,,Ridgeley,Drive,,,,,,,,,,,,,90036.0,,Los Angeles,Los Angeles,,,,,LA City,{001413CC-F889-4574-8D7E-0D1E1776E29A},0,,001413CC-F889-4574-8D7E-0D1E1776E29A,Unknown,,S,,,Dr,S Ridgeley Dr,2023/09/12 23:03:18+00,831 S Ridgeley Dr Los Angeles 90036,001413CC-F889-4574-8D7E-0D1E1776E29A_831_S_Ridgeley_Dr_Los_Angeles_90036,Ridgeley,831 S Ridgeley Drive Dr Los Angeles 90036,,,,
614296,1191043,,5089019035.0,,839.0,,,South,,,Ridgeley,Drive,,,,,,,,,,,,,90036.0,,Los Angeles,Los Angeles,,,,,LA City,{ADE845A3-19BF-496F-BA0D-B4F277FA05E0},0,,ADE845A3-19BF-496F-BA0D-B4F277FA05E0,Unknown,,S,,,Dr,S Ridgeley Dr,2023/09/12 23:03:18+00,839 S Ridgeley Dr Los Angeles 90036,ADE845A3-19BF-496F-BA0D-B4F277FA05E0_839_S_Ridgeley_Dr_Los_Angeles_90036,Ridgeley,839 S Ridgeley Drive Dr Los Angeles 90036,,,,
614297,1191044,,5089019035.0,,837.0,,,South,,,Ridgeley,Drive,,,,,,,,,,,,,90036.0,,Los Angeles,Los Angeles,,,,,LA City,{8115F457-3104-4A14-83C0-9BC3F843635B},0,,8115F457-3104-4A14-83C0-9BC3F843635B,Unknown,,S,,,Dr,S Ridgeley Dr,2023/09/12 23:03:18+00,837 S Ridgeley Dr Los Angeles 90036,8115F457-3104-4A14-83C0-9BC3F843635B_837_S_Ridgeley_Dr_Los_Angeles_90036,Ridgeley,837 S Ridgeley Drive Dr Los Angeles 90036,,,,
614298,1191045,,5089019036.0,,849.0,,,South,,,Ridgeley,Drive,,,,,,,,,,,,,90036.0,,Los Angeles,Los Angeles,,,,,LA City,{B0328AC3-AF3B-47F1-B1D7-C8033354D716},0,,B0328AC3-AF3B-47F1-B1D7-C8033354D716,Unknown,,S,,,Dr,S Ridgeley Dr,2023/09/12 23:03:18+00,849 S Ridgeley Dr Los Angeles 90036,B0328AC3-AF3B-47F1-B1D7-C8033354D716_849_S_Ridgeley_Dr_Los_Angeles_90036,Ridgeley,849 S Ridgeley Drive Dr Los Angeles 90036,,,,
614299,1191046,,5089019036.0,,847.0,,,South,,,Ridgeley,Drive,,,,,,,,,,,,,90036.0,,Los Angeles,Los Angeles,,,,,LA City,{9F25D272-74FB-43D6-97B6-FDE9D6CDFFCC},0,,9F25D272-74FB-43D6-97B6-FDE9D6CDFFCC,Unknown,,S,,,Dr,S Ridgeley Dr,2023/09/12 23:03:18+00,847 S Ridgeley Dr Los Angeles 90036,9F25D272-74FB-43D6-97B6-FDE9D6CDFFCC_847_S_Ridgeley_Dr_Los_Angeles_90036,Ridgeley,847 S Ridgeley Drive Dr Los Angeles 90036,,,,
614300,1191047,,5089019037.0,,855.0,,,South,,,Ridgeley,Drive,,,,,,,,,,,,,90036.0,,Los Angeles,Los Angeles,,,,,LA City,{BBAED3A8-0C81-4301-9C11-B96E4B2559BA},0,,BBAED3A8-0C81-4301-9C11-B96E4B2559BA,Unknown,,S,,,Dr,S Ridgeley Dr,2023/09/12 23:03:18+00,855 S Ridgeley Dr Los Angeles 90036,BBAED3A8-0C81-4301-9C11-B96E4B2559BA_855_S_Ridgeley_Dr_Los_Angeles_90036,Ridgeley,855 S Ridgeley Drive Dr Los Angeles 90036,,,,
614301,1191048,,5089020001.0,,801.0,,,South,,,Cochran,Avenue,,,,,,,,,,,,,90036.0,,Los Angeles,Los Angeles,,,,,LA City,{8A174160-903A-4A4F-8F85-33F82A9C208A},0,,8A174160-903A-4A4F-8F85-33F82A9C208A,Unknown,,S,,,Ave,S Cochran Ave,2023/09/12 23:03:18+00,801 S Cochran Ave Los Angeles 90036,8A174160-903A-4A4F-8F85-33F82A9C208A_801_S_Cochran_Ave_Los_Angeles_90036,Cochran,801 S Cochran Avenue Ave Los Angeles 90036,,,,
614302,1191049,,5089020002.0,,811.0,,,South,,,Cochran,Avenue,,,,,,,,,,,,,90036.0,,Los Angeles,Los Angeles,,,,,LA City,{393C990C-A483-4B42-94BC-3410DE65FB68},0,,393C990C-A483-4B42-94BC-3410DE65FB68,Unknown,,S,,,Ave,S Cochran Ave,2023/09/12 23:03:18+00,811 S Cochran Ave Los Angeles 90036,393C990C-A483-4B42-94BC-3410DE65FB68_811_S_Cochran_Ave_Los_Angeles_90036,Cochran,811 S Cochran Avenue Ave Los Angeles 90036,,,,
614303,1191050,,5089020003.0,,819.0,,,South,,,Cochran,Avenue,,,,,,,,,,,,,90036.0,,Los Angeles,Los Angeles,,,,,LA City,{A2C4A38E-B261-497D-B3C9-B66CF1295B9D},0,,A2C4A38E-B261-497D-B3C9-B66CF1295B9D,Unknown,,S,,,Ave,S Cochran Ave,2023/09/12 23:03:18+00,819 S Cochran Ave Los Angeles 90036,A2C4A38E-B261-497D-B3C9-B66CF1295B9D_819_S_Cochran_Ave_Los_Angeles_90036,Cochran,819 S Cochran Avenue Ave Los Angeles 90036,,,,
614304,1191051,,5089020004.0,,825.0,,,South,,,Cochran,Avenue,,,,,,,,,,,,,90036.0,,Los Angeles,Los Angeles,,,,,LA City,{666D7C8D-C7F9-4C3A-96DC-C48E7EF3ACA1},0,,666D7C8D-C7F9-4C3A-96DC-C48E7EF3ACA1,Unknown,,S,,,Ave,S Cochran Ave,2023/09/12 23:03:18+00,825 S Cochran Ave Los Angeles 90036,666D7C8D-C7F9-4C3A-96DC-C48E7EF3ACA1_825_S_Cochran_Ave_Los_Angeles_90036,Cochran,825 S Cochran Avenue Ave Los Angeles 90036,,,,
614305,1191052,,5089020005.0,,831.0,,,South,,,Cochran,Avenue,,,,,,,,,,,,,90036.0,,Los Angeles,Los Angeles,,,,,LA City,{CB56A6E1-B9CB-49C6-977E-7ACF496CE1C6},0,,CB56A6E1-B9CB-49C6-977E-7ACF496CE1C6,Unknown,,S,,,Ave,S Cochran Ave,2023/09/12 23:03:18+00,831 S Cochran Ave Los Angeles 90036,CB56A6E1-B9CB-49C6-977E-7ACF496CE1C6_831_S_Cochran_Ave_Los_Angeles_90036,Cochran,831 S Cochran Avenue Ave Los Angeles 90036,,,,
614306,1191053,,5089020006.0,,837.0,,,South,,,Cochran,Avenue,,,,,,,,,,,,,90036.0,,Los Angeles,Los Angeles,,,,,LA City,{839CB689-1345-429E-A3A3-D96E571058D5},0,,839CB689-1345-429E-A3A3-D96E571058D5,Unknown,,S,,,Ave,S Cochran Ave,2023/09/12 23:03:18+00,837 S Cochran Ave Los Angeles 90036,839CB689-1345-429E-A3A3-D96E571058D5_837_S_Cochran_Ave_Los_Angeles_90036,Cochran,837 S Cochran Avenue Ave Los Angeles 90036,,,,
614307,1191054,,5089020007.0,,843.0,,,South,,,Cochran,Avenue,,,,,,,,,,,,,90036.0,,Los Angeles,Los Angeles,,,,,LA City,{A0098387-6C93-4E93-B523-C695BBB9E720},0,,A0098387-6C93-4E93-B523-C695BBB9E720,Unknown,,S,,,Ave,S Cochran Ave,2023/09/12 23:03:18+00,843 S Cochran Ave Los Angeles 90036,A0098387-6C93-4E93-B523-C695BBB9E720_843_S_Cochran_Ave_Los_Angeles_90036,Cochran,843 S Cochran Avenue Ave Los Angeles 90036,,,,
614308,1191055,,5089020008.0,,849.0,,,South,,,Cochran,Avenue,,,,,,,,,,,,,90036.0,,Los Angeles,Los Angeles,,,,,LA City,{1DC48226-695E-40E8-8CAC-116F65BB0827},0,,1DC48226-695E-40E8-8CAC-116F65BB0827,Unknown,,S,,,Ave,S Cochran Ave,2023/09/12 23:03:18+00,849 S Cochran Ave Los Angeles 90036,1DC48226-695E-40E8-8CAC-116F65BB0827_849_S_Cochran_Ave_Los_Angeles_90036,Cochran,849 S Cochran Avenue Ave Los Angeles 90036,,,,
614309,1191056,,5089020008.0,,851.0,,,South,,,Cochran,Avenue,,,,,,,,,,,,,90036.0,,Los Angeles,Los Angeles,,,,,LA City,{9E9C281B-6C26-41EF-8729-F38E01C65D80},0,,9E9C281B-6C26-41EF-8729-F38E01C65D80,Unknown,,S,,,Ave,S Cochran Ave,2023/09/12 23:03:18+00,851 S Cochran Ave Los Angeles 90036,9E9C281B-6C26-41EF-8729-F38E01C65D80_851_S_Cochran_Ave_Los_Angeles_90036,Cochran,851 S Cochran Avenue Ave Los Angeles 90036,,,,
614310,1191057,,5089020009.0,,855.0,,,South,,,Cochran,Avenue,,,,,,,,,,,,,90036.0,,Los Angeles,Los Angeles,,,,,LA City,{D25C7683-0FBB-47F4-81F1-26C72F5186F8},0,,D25C7683-0FBB-47F4-81F1-26C72F5186F8,Unknown,,S,,,Ave,S Cochran Ave,2023/09/12 23:03:18+00,855 S Cochran Ave Los Angeles 90036,D25C7683-0FBB-47F4-81F1-26C72F5186F8_855_S_Cochran_Ave_Los_Angeles_90036,Cochran,855 S Cochran Avenue Ave Los Angeles 90036,,,,
614311,1191058,,5089020010.0,,854.0,,,South,,,Dunsmuir,Avenue,,,,,,,,,,,,,90036.0,,Los Angeles,Los Angeles,,,,,LA City,{F6766081-C0D9-4560-BFCE-C52D512B43E8},0,,F6766081-C0D9-4560-BFCE-C52D512B43E8,Unknown,,S,,,Ave,S Dunsmuir Ave,2023/09/12 23:03:18+00,854 S Dunsmuir Ave Los Angeles 90036,F6766081-C0D9-4560-BFCE-C52D512B43E8_854_S_Dunsmuir_Ave_Los_Angeles_90036,Dunsmuir,854 S Dunsmuir Avenue Ave Los Angeles 90036,,,,
614312,1191059,,5089020011.0,,846.0,,,South,,,Dunsmuir,Avenue,,,,,,,,,,,,,90036.0,,Los Angeles,Los Angeles,,,,,LA City,{2BE9ED6F-E7D7-4F3A-A88F-FFC4BDFD577A},0,,2BE9ED6F-E7D7-4F3A-A88F-FFC4BDFD577A,Unknown,,S,,,Ave,S Dunsmuir Ave,2023/09/12 23:03:18+00,846 S Dunsmuir Ave Los Angeles 90036,2BE9ED6F-E7D7-4F3A-A88F-FFC4BDFD577A_846_S_Dunsmuir_Ave_Los_Angeles_90036,Dunsmuir,846 S Dunsmuir Avenue Ave Los Angeles 90036,,,,
614313,1191060,,5089020012.0,,840.0,,,South,,,Dunsmuir,Avenue,,,,,,,,,,,,,90036.0,,Los Angeles,Los Angeles,,,,,LA City,{B163CFCE-D3A3-4D8C-955C-5C0EEAAC36A9},0,,B163CFCE-D3A3-4D8C-955C-5C0EEAAC36A9,Unknown,,S,,,Ave,S Dunsmuir Ave,2023/09/12 23:03:18+00,840 S Dunsmuir Ave Los Angeles 90036,B163CFCE-D3A3-4D8C-955C-5C0EEAAC36A9_840_S_Dunsmuir_Ave_Los_Angeles_90036,Dunsmuir,840 S Dunsmuir Avenue Ave Los Angeles 90036,,,,
614314,1191061,,5089020013.0,,834.0,,,South,,,Dunsmuir,Avenue,,,,,,,,,,,,,90036.0,,Los Angeles,Los Angeles,,,,,LA City,{3528F1DB-5D4A-45EA-96EF-AA841171B741},0,,3528F1DB-5D4A-45EA-96EF-AA841171B741,Unknown,,S,,,Ave,S Dunsmuir Ave,2023/09/12 23:03:18+00,834 S Dunsmuir Ave Los Angeles 90036,3528F1DB-5D4A-45EA-96EF-AA841171B741_834_S_Dunsmuir_Ave_Los_Angeles_90036,Dunsmuir,834 S Dunsmuir Avenue Ave Los Angeles 90036,,,,
614315,1191062,,5089020014.0,,828.0,,,South,,,Dunsmuir,Avenue,,,,,,,,,,,,,90036.0,,Los Angeles,Los Angeles,,,,,LA City,{2672AE8A-C94A-4B0B-A259-03E4AAE440A9},0,,2672AE8A-C94A-4B0B-A259-03E4AAE440A9,Unknown,,S,,,Ave,S Dunsmuir Ave,2023/09/12 23:03:18+00,828 S Dunsmuir Ave Los Angeles 90036,2672AE8A-C94A-4B0B-A259-03E4AAE440A9_828_S_Dunsmuir_Ave_Los_Angeles_90036,Dunsmuir,828 S Dunsmuir Avenue Ave Los Angeles 90036,,,,
614316,1191063,,5089020015.0,,822.0,,,South,,,Dunsmuir,Avenue,,,,,,,,,,,,,90036.0,,Los Angeles,Los Angeles,,,,,LA City,{EEA6AC4E-1163-4A43-9D66-607DB2AEB7AF},0,,EEA6AC4E-1163-4A43-9D66-607DB2AEB7AF,Unknown,,S,,,Ave,S Dunsmuir Ave,2023/09/12 23:03:18+00,822 S Dunsmuir Ave Los Angeles 90036,EEA6AC4E-1163-4A43-9D66-607DB2AEB7AF_822_S_Dunsmuir_Ave_Los_Angeles_90036,Dunsmuir,822 S Dunsmuir Avenue Ave Los Angeles 90036,,,,
614317,1191064,,5089020016.0,,816.0,,,South,,,Dunsmuir,Avenue,,,,,,,,,,,,,90036.0,,Los Angeles,Los Angeles,,,,,LA City,{6D1281A9-C246-47ED-868E-0524AE7B8F0F},0,,6D1281A9-C246-47ED-868E-0524AE7B8F0F,Unknown,,S,,,Ave,S Dunsmuir Ave,2023/09/12 23:03:18+00,816 S Dunsmuir Ave Los Angeles 90036,6D1281A9-C246-47ED-868E-0524AE7B8F0F_816_S_Dunsmuir_Ave_Los_Angeles_90036,Dunsmuir,816 S Dunsmuir Avenue Ave Los Angeles 90036,,,,
614318,1191065,,5089020017.0,,808.0,,,South,,,Dunsmuir,Avenue,,,,,,,,,,,,,90036.0,,Los Angeles,Los Angeles,,,,,LA City,{579DACE3-93AD-49F5-B67F-07A3A3DAD7B9},0,,579DACE3-93AD-49F5-B67F-07A3A3DAD7B9,Unknown,,S,,,Ave,S Dunsmuir Ave,2023/09/12 23:03:18+00,808 S Dunsmuir Ave Los Angeles 90036,579DACE3-93AD-49F5-B67F-07A3A3DAD7B9_808_S_Dunsmuir_Ave_Los_Angeles_90036,Dunsmuir,808 S Dunsmuir Avenue Ave Los Angeles 90036,,,,
614319,1191066,,5089020018.0,,800.0,,,South,,,Dunsmuir,Avenue,,,,,,,,,,,,,90036.0,,Los Angeles,Los Angeles,,,,,LA City,{E60FBB5D-2B11-4B2B-BE9C-7D315B42C6E5},0,,E60FBB5D-2B11-4B2B-BE9C-7D315B42C6E5,Unknown,,S,,,Ave,S Dunsmuir Ave,2023/09/12 23:03:18+00,800 S Dunsmuir Ave Los Angeles 90036,E60FBB5D-2B11-4B2B-BE9C-7D315B42C6E5_800_S_Dunsmuir_Ave_Los_Angeles_90036,Dunsmuir,800 S Dunsmuir Avenue Ave Los Angeles 90036,,,,
614320,1191067,,5089020019.0,,801.0,,,South,,,Dunsmuir,Avenue,,,,,,,,,,,,,90036.0,,Los Angeles,Los Angeles,,,,,LA City,{BF1C5CFF-1B98-434C-A565-F837A5399B69},0,,BF1C5CFF-1B98-434C-A565-F837A5399B69,Unknown,,S,,,Ave,S Dunsmuir Ave,2023/09/12 23:03:18+00,801 S Dunsmuir Ave Los Angeles 90036,BF1C5CFF-1B98-434C-A565-F837A5399B69_801_S_Dunsmuir_Ave_Los_Angeles_90036,Dunsmuir,801 S Dunsmuir Avenue Ave Los Angeles 90036,,,,
614321,1191068,,5089020020.0,,811.0,,,South,,,Dunsmuir,Avenue,,,,,,,,,,,,,90036.0,,Los Angeles,Los Angeles,,,,,LA City,{20F7D45D-9242-458D-AE5C-4C8F84A68855},0,,20F7D45D-9242-458D-AE5C-4C8F84A68855,Unknown,,S,,,Ave,S Dunsmuir Ave,2023/09/12 23:03:18+00,811 S Dunsmuir Ave Los Angeles 90036,20F7D45D-9242-458D-AE5C-4C8F84A68855_811_S_Dunsmuir_Ave_Los_Angeles_90036,Dunsmuir,811 S Dunsmuir Avenue Ave Los Angeles 90036,,,,
614322,1191069,,5089020021.0,,819.0,,,South,,,Dunsmuir,Avenue,,,,,,,,,,,,,90036.0,,Los Angeles,Los Angeles,,,,,LA City,{5B28DDD2-5A0D-4A7A-98E3-1B4D37E9B3C0},0,,5B28DDD2-5A0D-4A7A-98E3-1B4D37E9B3C0,Unknown,,S,,,Ave,S Dunsmuir Ave,2023/09/12 23:03:18+00,819 S Dunsmuir Ave Los Angeles 90036,5B28DDD2-5A0D-4A7A-98E3-1B4D37E9B3C0_819_S_Dunsmuir_Ave_Los_Angeles_90036,Dunsmuir,819 S Dunsmuir Avenue Ave Los Angeles 90036,,,,
614323,1191070,,5089020022.0,,825.0,,,South,,,Dunsmuir,Avenue,,,,,,,,,,,,,90036.0,,Los Angeles,Los Angeles,,,,,LA City,{402BA9BC-0F33-4C0C-BB29-4FAF3B4BA97D},0,,402BA9BC-0F33-4C0C-BB29-4FAF3B4BA97D,Unknown,,S,,,Ave,S Dunsmuir Ave,2023/09/12 23:03:18+00,825 S Dunsmuir Ave Los Angeles 90036,402BA9BC-0F33-4C0C-BB29-4FAF3B4BA97D_825_S_Dunsmuir_Ave_Los_Angeles_90036,Dunsmuir,825 S Dunsmuir Avenue Ave Los Angeles 90036,,,,
614324,1191071,,5089020023.0,,831.0,,,South,,,Dunsmuir,Avenue,,,,,,,,,,,,,90036.0,,Los Angeles,Los Angeles,,,,,LA City,{96900A43-5226-4330-8AAC-FD9F1E38508B},0,,96900A43-5226-4330-8AAC-FD9F1E38508B,Unknown,,S,,,Ave,S Dunsmuir Ave,2023/09/12 23:03:18+00,831 S Dunsmuir Ave Los Angeles 90036,96900A43-5226-4330-8AAC-FD9F1E38508B_831_S_Dunsmuir_Ave_Los_Angeles_90036,Dunsmuir,831 S Dunsmuir Avenue Ave Los Angeles 90036,,,,
614325,1191072,,5089020024.0,,837.0,,,South,,,Dunsmuir,Avenue,,,,,,,,,,,,,90036.0,,Los Angeles,Los Angeles,,,,,LA City,{3BE208CC-3055-49B7-92D4-3D71E94639F2},0,,3BE208CC-3055-49B7-92D4-3D71E94639F2,Unknown,,S,,,Ave,S Dunsmuir Ave,2023/09/12 23:03:18+00,837 S Dunsmuir Ave Los Angeles 90036,3BE208CC-3055-49B7-92D4-3D71E94639F2_837_S_Dunsmuir_Ave_Los_Angeles_90036,Dunsmuir,837 S Dunsmuir Avenue Ave Los Angeles 90036,,,,
614326,1191073,,5089020025.0,,843.0,,,South,,,Dunsmuir,Avenue,,,,,,,,,,,,,90036.0,,Los Angeles,Los Angeles,,,,,LA City,{18DC6FD7-FAFF-4E78-A801-4A868205E8E3},0,,18DC6FD7-FAFF-4E78-A801-4A868205E8E3,Unknown,,S,,,Ave,S Dunsmuir Ave,2023/09/12 23:03:18+00,843 S Dunsmuir Ave Los Angeles 90036,18DC6FD7-FAFF-4E78-A801-4A868205E8E3_843_S_Dunsmuir_Ave_Los_Angeles_90036,Dunsmuir,843 S Dunsmuir Avenue Ave Los Angeles 90036,,,,
614327,1191074,,5089020026.0,,849.0,,,South,,,Dunsmuir,Avenue,,,,,,,,,,,,,90036.0,,Los Angeles,Los Angeles,,,,,LA City,{32807B36-E75B-40CF-8A9A-E4B7421D443D},0,,32807B36-E75B-40CF-8A9A-E4B7421D443D,Unknown,,S,,,Ave,S Dunsmuir Ave,2023/09/12 23:03:18+00,849 S Dunsmuir Ave Los Angeles 90036,32807B36-E75B-40CF-8A9A-E4B7421D443D_849_S_Dunsmuir_Ave_Los_Angeles_90036,Dunsmuir,849 S Dunsmuir Avenue Ave Los Angeles 90036,,,,
614328,1191075,,5089020027.0,,855.0,,,South,,,Dunsmuir,Avenue,,,,,,,,,,,,,90036.0,,Los Angeles,Los Angeles,,,,,LA City,{BF9768BC-4F51-475F-82FD-2554E5F776C2},0,,BF9768BC-4F51-475F-82FD-2554E5F776C2,Unknown,,S,,,Ave,S Dunsmuir Ave,2023/09/12 23:03:18+00,855 S Dunsmuir Ave Los Angeles 90036,BF9768BC-4F51-475F-82FD-2554E5F776C2_855_S_Dunsmuir_Ave_Los_Angeles_90036,Dunsmuir,855 S Dunsmuir Avenue Ave Los Angeles 90036,,,,
614329,1191076,,5089020029.0,,850.0,,,South,,,Burnside,Avenue,,,,,,,,,,,,,90036.0,,Los Angeles,Los Angeles,,,,,LA City,{1321BFA8-41F2-4BEA-B487-B95CAE4EFED4},0,,1321BFA8-41F2-4BEA-B487-B95CAE4EFED4,Unknown,,S,,,Ave,S Burnside Ave,2023/09/12 23:03:18+00,850 S Burnside Ave Los Angeles 90036,1321BFA8-41F2-4BEA-B487-B95CAE4EFED4_850_S_Burnside_Ave_Los_Angeles_90036,Burnside,850 S Burnside Avenue Ave Los Angeles 90036,,,,
614330,1191077,,5089020030.0,,840.0,,,South,,,Burnside,Avenue,,,,,,,,,,,,,90036.0,,Los Angeles,Los Angeles,,,,,LA City,{B851222A-2652-4969-A14F-6E51C2DC88D0},0,,B851222A-2652-4969-A14F-6E51C2DC88D0,Unknown,,S,,,Ave,S Burnside Ave,2023/09/12 23:03:18+00,840 S Burnside Ave Los Angeles 90036,B851222A-2652-4969-A14F-6E51C2DC88D0_840_S_Burnside_Ave_Los_Angeles_90036,Burnside,840 S Burnside Avenue Ave Los Angeles 90036,,,,
614331,1191078,,5089020031.0,,836.0,,,South,,,Burnside,Avenue,,,,,,,,,,,,,90036.0,,Los Angeles,Los Angeles,,,,,LA City,{CABB493B-74D8-42D1-BB9A-7539CF329136},0,,CABB493B-74D8-42D1-BB9A-7539CF329136,Unknown,,S,,,Ave,S Burnside Ave,2023/09/12 23:03:18+00,836 S Burnside Ave Los Angeles 90036,CABB493B-74D8-42D1-BB9A-7539CF329136_836_S_Burnside_Ave_Los_Angeles_90036,Burnside,836 S Burnside Avenue Ave Los Angeles 90036,,,,
614332,1191079,,5089020032.0,,830.0,,,South,,,Burnside,Avenue,,,,,,,,,,,,,90036.0,,Los Angeles,Los Angeles,,,,,LA City,{70A70F0D-0B0F-4700-AB0B-9D592DD2EB3A},0,,70A70F0D-0B0F-4700-AB0B-9D592DD2EB3A,Unknown,,S,,,Ave,S Burnside Ave,2023/09/12 23:03:18+00,830 S Burnside Ave Los Angeles 90036,70A70F0D-0B0F-4700-AB0B-9D592DD2EB3A_830_S_Burnside_Ave_Los_Angeles_90036,Burnside,830 S Burnside Avenue Ave Los Angeles 90036,,,,
614333,1191080,,5089020033.0,,824.0,,,South,,,Burnside,Avenue,,,,,,,,,,,,,90036.0,,Los Angeles,Los Angeles,,,,,LA City,{A784266B-B6C0-4BF7-97CE-EAB64B872205},0,,A784266B-B6C0-4BF7-97CE-EAB64B872205,Unknown,,S,,,Ave,S Burnside Ave,2023/09/12 23:03:18+00,824 S Burnside Ave Los Angeles 90036,A784266B-B6C0-4BF7-97CE-EAB64B872205_824_S_Burnside_Ave_Los_Angeles_90036,Burnside,824 S Burnside Avenue Ave Los Angeles 90036,,,,
614334,1191081,,5089020034.0,,818.0,,,South,,,Burnside,Avenue,,,,,,,,,,,,,90036.0,,Los Angeles,Los Angeles,,,,,LA City,{7C1A63B3-5639-4BA2-A29A-3144D5A10845},0,,7C1A63B3-5639-4BA2-A29A-3144D5A10845,Unknown,,S,,,Ave,S Burnside Ave,2023/09/12 23:03:18+00,818 S Burnside Ave Los Angeles 90036,7C1A63B3-5639-4BA2-A29A-3144D5A10845_818_S_Burnside_Ave_Los_Angeles_90036,Burnside,818 S Burnside Avenue Ave Los Angeles 90036,,,,
614335,1191082,,5089020035.0,,812.0,,,South,,,Burnside,Avenue,,,,,,,,,,,,,90036.0,,Los Angeles,Los Angeles,,,,,LA City,{A0DBB059-4459-48A6-A683-00EB009BF975},0,,A0DBB059-4459-48A6-A683-00EB009BF975,Unknown,,S,,,Ave,S Burnside Ave,2023/09/12 23:03:18+00,812 S Burnside Ave Los Angeles 90036,A0DBB059-4459-48A6-A683-00EB009BF975_812_S_Burnside_Ave_Los_Angeles_90036,Burnside,812 S Burnside Avenue Ave Los Angeles 90036,,,,
614336,1191083,,5089020036.0,,808.0,,,South,,,Burnside,Avenue,,,,,,,,,,,,,90036.0,,Los Angeles,Los Angeles,,,,,LA City,{F6D286A2-1F3F-4010-ADD3-25B18DAB5C19},0,,F6D286A2-1F3F-4010-ADD3-25B18DAB5C19,Unknown,,S,,,Ave,S Burnside Ave,2023/09/12 23:03:18+00,808 S Burnside Ave Los Angeles 90036,F6D286A2-1F3F-4010-ADD3-25B18DAB5C19_808_S_Burnside_Ave_Los_Angeles_90036,Burnside,808 S Burnside Avenue Ave Los Angeles 90036,,,,
614337,1191084,,5089021001.0,,854.0,,,South,,,Cochran,Avenue,,,,,,,,,,,,,90036.0,,Los Angeles,Los Angeles,,,,,LA City,{350CFE8E-02CF-4BDA-9A1B-87B40978782C},0,,350CFE8E-02CF-4BDA-9A1B-87B40978782C,Unknown,,S,,,Ave,S Cochran Ave,2023/09/12 23:03:18+00,854 S Cochran Ave Los Angeles 90036,350CFE8E-02CF-4BDA-9A1B-87B40978782C_854_S_Cochran_Ave_Los_Angeles_90036,Cochran,854 S Cochran Avenue Ave Los Angeles 90036,,,,
614338,1191085,,5089021002.0,,848.0,,,South,,,Cochran,Avenue,,,,,,,,,,,,,90036.0,,Los Angeles,Los Angeles,,,,,LA City,{DC2FF8F5-F0EC-419C-A710-D593073EBE61},0,,DC2FF8F5-F0EC-419C-A710-D593073EBE61,Unknown,,S,,,Ave,S Cochran Ave,2023/09/12 23:03:18+00,848 S Cochran Ave Los Angeles 90036,DC2FF8F5-F0EC-419C-A710-D593073EBE61_848_S_Cochran_Ave_Los_Angeles_90036,Cochran,848 S Cochran Avenue Ave Los Angeles 90036,,,,
614339,1191086,,5089021003.0,,842.0,,,South,,,Cochran,Avenue,,,,,,,,,,,,,90036.0,,Los Angeles,Los Angeles,,,,,LA City,{A019BC4E-1D6F-4F31-BBF4-2E7796D04580},0,,A019BC4E-1D6F-4F31-BBF4-2E7796D04580,Unknown,,S,,,Ave,S Cochran Ave,2023/09/12 23:03:18+00,842 S Cochran Ave Los Angeles 90036,A019BC4E-1D6F-4F31-BBF4-2E7796D04580_842_S_Cochran_Ave_Los_Angeles_90036,Cochran,842 S Cochran Avenue Ave Los Angeles 90036,,,,
614340,1191087,,5089021004.0,,838.0,,,South,,,Cochran,Avenue,,,,,,,,,,,,,90036.0,,Los Angeles,Los Angeles,,,,,LA City,{5124BBC1-F865-48D2-9B33-26FC9CC86F3E},0,,5124BBC1-F865-48D2-9B33-26FC9CC86F3E,Unknown,,S,,,Ave,S Cochran Ave,2023/09/12 23:03:18+00,838 S Cochran Ave Los Angeles 90036,5124BBC1-F865-48D2-9B33-26FC9CC86F3E_838_S_Cochran_Ave_Los_Angeles_90036,Cochran,838 S Cochran Avenue Ave Los Angeles 90036,,,,
614341,1191088,,5089021005.0,,832.0,,,South,,,Cochran,Avenue,,,,,,,,,,,,,90036.0,,Los Angeles,Los Angeles,,,,,LA City,{F0E248E6-F492-4ED2-96D6-35FD627B3ED4},0,,F0E248E6-F492-4ED2-96D6-35FD627B3ED4,Unknown,,S,,,Ave,S Cochran Ave,2023/09/12 23:03:18+00,832 S Cochran Ave Los Angeles 90036,F0E248E6-F492-4ED2-96D6-35FD627B3ED4_832_S_Cochran_Ave_Los_Angeles_90036,Cochran,832 S Cochran Avenue Ave Los Angeles 90036,,,,
614342,1191089,,5089021006.0,,826.0,,,South,,,Cochran,Avenue,,,,,,,,,,,,,90036.0,,Los Angeles,Los Angeles,,,,,LA City,{836EAE18-DE28-454C-8722-51DEC2A381BB},0,,836EAE18-DE28-454C-8722-51DEC2A381BB,Unknown,,S,,,Ave,S Cochran Ave,2023/09/12 23:03:18+00,826 S Cochran Ave Los Angeles 90036,836EAE18-DE28-454C-8722-51DEC2A381BB_826_S_Cochran_Ave_Los_Angeles_90036,Cochran,826 S Cochran Avenue Ave Los Angeles 90036,,,,
614343,1191090,,5089021007.0,,820.0,,,South,,,Cochran,Avenue,,,,,,,,,,,,,90036.0,,Los Angeles,Los Angeles,,,,,LA City,{3D69BD55-1621-4477-97C1-BBD73D1EDA07},0,,3D69BD55-1621-4477-97C1-BBD73D1EDA07,Unknown,,S,,,Ave,S Cochran Ave,2023/09/12 23:03:18+00,820 S Cochran Ave Los Angeles 90036,3D69BD55-1621-4477-97C1-BBD73D1EDA07_820_S_Cochran_Ave_Los_Angeles_90036,Cochran,820 S Cochran Avenue Ave Los Angeles 90036,,,,
614344,1191091,,5089021008.0,,814.0,,,South,,,Cochran,Avenue,,,,,,,,,,,,,90036.0,,Los Angeles,Los Angeles,,,,,LA City,{5C466287-F1D5-4DA7-A3EE-88BD195EE040},0,,5C466287-F1D5-4DA7-A3EE-88BD195EE040,Unknown,,S,,,Ave,S Cochran Ave,2023/09/12 23:03:18+00,814 S Cochran Ave Los Angeles 90036,5C466287-F1D5-4DA7-A3EE-88BD195EE040_814_S_Cochran_Ave_Los_Angeles_90036,Cochran,814 S Cochran Avenue Ave Los Angeles 90036,,,,
614345,1191092,,5089021009.0,,806.0,,,South,,,Cochran,Avenue,,,,,,,,,,,,,90036.0,,Los Angeles,Los Angeles,,,,,LA City,{9DF211C3-39CA-4185-9A1D-B4D2629E6D58},0,,9DF211C3-39CA-4185-9A1D-B4D2629E6D58,Unknown,,S,,,Ave,S Cochran Ave,2023/09/12 23:03:18+00,806 S Cochran Ave Los Angeles 90036,9DF211C3-39CA-4185-9A1D-B4D2629E6D58_806_S_Cochran_Ave_Los_Angeles_90036,Cochran,806 S Cochran Avenue Ave Los Angeles 90036,,,,
614346,1191093,,5089021010.0,,802.0,,,South,,,Cochran,Avenue,,,,,,,,,,,,,90036.0,,Los Angeles,Los Angeles,,,,,LA City,{2EBE4902-C19B-42BA-A97C-144A19514B4E},0,,2EBE4902-C19B-42BA-A97C-144A19514B4E,Unknown,,S,,,Ave,S Cochran Ave,2023/09/12 23:03:18+00,802 S Cochran Ave Los Angeles 90036,2EBE4902-C19B-42BA-A97C-144A19514B4E_802_S_Cochran_Ave_Los_Angeles_90036,Cochran,802 S Cochran Avenue Ave Los Angeles 90036,,,,
614347,1191094,,5089021011.0,,801.0,,,South,,,Cloverdale,Avenue,,,,,,,,,,,,,90036.0,,Los Angeles,Los Angeles,,,,,LA City,{84AA6824-5265-4519-9F6F-1AFB639ADA6B},0,,84AA6824-5265-4519-9F6F-1AFB639ADA6B,Unknown,,S,,,Ave,S Cloverdale Ave,2023/09/12 23:03:18+00,801 S Cloverdale Ave Los Angeles 90036,84AA6824-5265-4519-9F6F-1AFB639ADA6B_801_S_Cloverdale_Ave_Los_Angeles_90036,Cloverdale,801 S Cloverdale Avenue Ave Los Angeles 90036,,,,
614348,1191095,,5089021011.0,,803.0,,,South,,,Cloverdale,Avenue,,,,,,,,,,,,,90036.0,,Los Angeles,Los Angeles,,,,,LA City,{6F612AF5-661A-4968-B519-FD6BFE6F020E},0,,6F612AF5-661A-4968-B519-FD6BFE6F020E,Unknown,,S,,,Ave,S Cloverdale Ave,2023/09/12 23:03:18+00,803 S Cloverdale Ave Los Angeles 90036,6F612AF5-661A-4968-B519-FD6BFE6F020E_803_S_Cloverdale_Ave_Los_Angeles_90036,Cloverdale,803 S Cloverdale Avenue Ave Los Angeles 90036,,,,
614349,1191096,,5089021012.0,,809.0,,,South,,,Cloverdale,Avenue,,,,,,,,,,,,,90036.0,,Los Angeles,Los Angeles,,,,,LA City,{5A8F6CDE-0618-4691-96A9-956C41E02924},0,,5A8F6CDE-0618-4691-96A9-956C41E02924,Unknown,,S,,,Ave,S Cloverdale Ave,2023/09/12 23:03:18+00,809 S Cloverdale Ave Los Angeles 90036,5A8F6CDE-0618-4691-96A9-956C41E02924_809_S_Cloverdale_Ave_Los_Angeles_90036,Cloverdale,809 S Cloverdale Avenue Ave Los Angeles 90036,,,,
614350,1191097,,5089021013.0,,815.0,,,South,,,Cloverdale,Avenue,,,,,,,,,,,,,90036.0,,Los Angeles,Los Angeles,,,,,LA City,{81A34E0C-0FCD-4DD9-9D31-5D5FFBC8C356},0,,81A34E0C-0FCD-4DD9-9D31-5D5FFBC8C356,Unknown,,S,,,Ave,S Cloverdale Ave,2023/09/12 23:03:18+00,815 S Cloverdale Ave Los Angeles 90036,81A34E0C-0FCD-4DD9-9D31-5D5FFBC8C356_815_S_Cloverdale_Ave_Los_Angeles_90036,Cloverdale,815 S Cloverdale Avenue Ave Los Angeles 90036,,,,
614351,1191098,,5089021014.0,,821.0,,,South,,,Cloverdale,Avenue,,,,,,,,,,,,,90036.0,,Los Angeles,Los Angeles,,,,,LA City,{88BB5BE2-460A-4256-B1EC-6DDDCB2BE044},0,,88BB5BE2-460A-4256-B1EC-6DDDCB2BE044,Unknown,,S,,,Ave,S Cloverdale Ave,2023/09/12 23:03:18+00,821 S Cloverdale Ave Los Angeles 90036,88BB5BE2-460A-4256-B1EC-6DDDCB2BE044_821_S_Cloverdale_Ave_Los_Angeles_90036,Cloverdale,821 S Cloverdale Avenue Ave Los Angeles 90036,,,,
614352,1191099,,5089021014.0,,819.0,,,South,,,Cloverdale,Avenue,,,,,,,,,,,,,90036.0,,Los Angeles,Los Angeles,,,,,LA City,{5707DF1C-8B64-4837-8A36-C2B4F88CF0FE},0,,5707DF1C-8B64-4837-8A36-C2B4F88CF0FE,Unknown,,S,,,Ave,S Cloverdale Ave,2023/09/12 23:03:18+00,819 S Cloverdale Ave Los Angeles 90036,5707DF1C-8B64-4837-8A36-C2B4F88CF0FE_819_S_Cloverdale_Ave_Los_Angeles_90036,Cloverdale,819 S Cloverdale Avenue Ave Los Angeles 90036,,,,
614353,1191100,,5089021015.0,,829.0,,,South,,,Cloverdale,Avenue,,,,,,,,,,,,,90036.0,,Los Angeles,Los Angeles,,,,,LA City,{BB247B44-83D2-4BA0-8C81-1BB6266632D9},0,,BB247B44-83D2-4BA0-8C81-1BB6266632D9,Unknown,,S,,,Ave,S Cloverdale Ave,2023/09/12 23:03:18+00,829 S Cloverdale Ave Los Angeles 90036,BB247B44-83D2-4BA0-8C81-1BB6266632D9_829_S_Cloverdale_Ave_Los_Angeles_90036,Cloverdale,829 S Cloverdale Avenue Ave Los Angeles 90036,,,,
614354,1191101,,5089021016.0,,833.0,,,South,,,Cloverdale,Avenue,,,,,,,,,,,,,90036.0,,Los Angeles,Los Angeles,,,,,LA City,{1519498B-F068-489B-B1C2-04580904EE09},0,,1519498B-F068-489B-B1C2-04580904EE09,Unknown,,S,,,Ave,S Cloverdale Ave,2023/09/12 23:03:18+00,833 S Cloverdale Ave Los Angeles 90036,1519498B-F068-489B-B1C2-04580904EE09_833_S_Cloverdale_Ave_Los_Angeles_90036,Cloverdale,833 S Cloverdale Avenue Ave Los Angeles 90036,,,,
614355,1191102,,5089021017.0,,841.0,,,South,,,Cloverdale,Avenue,,,,,,,,,,,,,90036.0,,Los Angeles,Los Angeles,,,,,LA City,{844AC318-FFCC-4E84-B851-202F5906CB89},0,,844AC318-FFCC-4E84-B851-202F5906CB89,Unknown,,S,,,Ave,S Cloverdale Ave,2023/09/12 23:03:18+00,841 S Cloverdale Ave Los Angeles 90036,844AC318-FFCC-4E84-B851-202F5906CB89_841_S_Cloverdale_Ave_Los_Angeles_90036,Cloverdale,841 S Cloverdale Avenue Ave Los Angeles 90036,,,,
614356,1191103,,5089021018.0,,845.0,,,South,,,Cloverdale,Avenue,,,,,,,,,,,,,90036.0,,Los Angeles,Los Angeles,,,,,LA City,{435169CC-91D4-4680-949D-332E2652225A},0,,435169CC-91D4-4680-949D-332E2652225A,Unknown,,S,,,Ave,S Cloverdale Ave,2023/09/12 23:03:18+00,845 S Cloverdale Ave Los Angeles 90036,435169CC-91D4-4680-949D-332E2652225A_845_S_Cloverdale_Ave_Los_Angeles_90036,Cloverdale,845 S Cloverdale Avenue Ave Los Angeles 90036,,,,
614357,1191104,,5089021019.0,,851.0,,,South,,,Cloverdale,Avenue,,,,,,,,,,,,,90036.0,,Los Angeles,Los Angeles,,,,,LA City,{06DD2DB4-6810-4BD4-BFA9-549123180DD5},0,,06DD2DB4-6810-4BD4-BFA9-549123180DD5,Unknown,,S,,,Ave,S Cloverdale Ave,2023/09/12 23:03:18+00,851 S Cloverdale Ave Los Angeles 90036,06DD2DB4-6810-4BD4-BFA9-549123180DD5_851_S_Cloverdale_Ave_Los_Angeles_90036,Cloverdale,851 S Cloverdale Avenue Ave Los Angeles 90036,,,,
614358,1191105,,5089021020.0,,855.0,,,South,,,Cloverdale,Avenue,,,,,,,,,,,,,90036.0,,Los Angeles,Los Angeles,,,,,LA City,{61937F27-901C-414D-B75F-1078BFBE3A82},0,,61937F27-901C-414D-B75F-1078BFBE3A82,Unknown,,S,,,Ave,S Cloverdale Ave,2023/09/12 23:03:18+00,855 S Cloverdale Ave Los Angeles 90036,61937F27-901C-414D-B75F-1078BFBE3A82_855_S_Cloverdale_Ave_Los_Angeles_90036,Cloverdale,855 S Cloverdale Avenue Ave Los Angeles 90036,,,,
614359,1191106,,5089021021.0,,854.0,,,South,,,Cloverdale,Avenue,,,,,,,,,,,,,90036.0,,Los Angeles,Los Angeles,,,,,LA City,{0B431B10-2DD9-46D5-AFA1-9F72DFFE8340},0,,0B431B10-2DD9-46D5-AFA1-9F72DFFE8340,Unknown,,S,,,Ave,S Cloverdale Ave,2023/09/12 23:03:18+00,854 S Cloverdale Ave Los Angeles 90036,0B431B10-2DD9-46D5-AFA1-9F72DFFE8340_854_S_Cloverdale_Ave_Los_Angeles_90036,Cloverdale,854 S Cloverdale Avenue Ave Los Angeles 90036,,,,
614360,1191107,,5089021022.0,,846.0,,,South,,,Cloverdale,Avenue,,,,,,,,,,,,,90036.0,,Los Angeles,Los Angeles,,,,,LA City,{A08959CC-0104-406A-B0B3-9A1C34856E3B},0,,A08959CC-0104-406A-B0B3-9A1C34856E3B,Unknown,,S,,,Ave,S Cloverdale Ave,2023/09/12 23:03:18+00,846 S Cloverdale Ave Los Angeles 90036,A08959CC-0104-406A-B0B3-9A1C34856E3B_846_S_Cloverdale_Ave_Los_Angeles_90036,Cloverdale,846 S Cloverdale Avenue Ave Los Angeles 90036,,,,
614361,1191108,,5089021023.0,,840.0,,,South,,,Cloverdale,Avenue,,,,,,,,,,,,,90036.0,,Los Angeles,Los Angeles,,,,,LA City,{F753F8C9-B2B1-4052-A2A0-FB6C885D8294},0,,F753F8C9-B2B1-4052-A2A0-FB6C885D8294,Unknown,,S,,,Ave,S Cloverdale Ave,2023/09/12 23:03:18+00,840 S Cloverdale Ave Los Angeles 90036,F753F8C9-B2B1-4052-A2A0-FB6C885D8294_840_S_Cloverdale_Ave_Los_Angeles_90036,Cloverdale,840 S Cloverdale Avenue Ave Los Angeles 90036,,,,
614362,1191109,,5089021024.0,,832.0,,,South,,,Cloverdale,Avenue,,,,,,,,,,,,,90036.0,,Los Angeles,Los Angeles,,,,,LA City,{A1BD2E9D-EA31-4A33-9CBA-A1EA6DF3658F},0,,A1BD2E9D-EA31-4A33-9CBA-A1EA6DF3658F,Unknown,,S,,,Ave,S Cloverdale Ave,2023/09/12 23:03:18+00,832 S Cloverdale Ave Los Angeles 90036,A1BD2E9D-EA31-4A33-9CBA-A1EA6DF3658F_832_S_Cloverdale_Ave_Los_Angeles_90036,Cloverdale,832 S Cloverdale Avenue Ave Los Angeles 90036,,,,
614363,1191110,,5089021025.0,,826.0,,,South,,,Cloverdale,Avenue,,,,,,,,,,,,,90036.0,,Los Angeles,Los Angeles,,,,,LA City,{78172297-1CD5-475A-8BF9-799D02915249},0,,78172297-1CD5-475A-8BF9-799D02915249,Unknown,,S,,,Ave,S Cloverdale Ave,2023/09/12 23:03:18+00,826 S Cloverdale Ave Los Angeles 90036,78172297-1CD5-475A-8BF9-799D02915249_826_S_Cloverdale_Ave_Los_Angeles_90036,Cloverdale,826 S Cloverdale Avenue Ave Los Angeles 90036,,,,
614364,1191111,,5089021026.0,,820.0,,,South,,,Cloverdale,Avenue,,,,,,,,,,,,,90036.0,,Los Angeles,Los Angeles,,,,,LA City,{4CD7D68C-F021-45B1-87CA-36A2C26390EE},0,,4CD7D68C-F021-45B1-87CA-36A2C26390EE,Unknown,,S,,,Ave,S Cloverdale Ave,2023/09/12 23:03:18+00,820 S Cloverdale Ave Los Angeles 90036,4CD7D68C-F021-45B1-87CA-36A2C26390EE_820_S_Cloverdale_Ave_Los_Angeles_90036,Cloverdale,820 S Cloverdale Avenue Ave Los Angeles 90036,,,,
614365,1191112,,5089021027.0,,816.0,,,South,,,Cloverdale,Avenue,,,,,,,,,,,,,90036.0,,Los Angeles,Los Angeles,,,,,LA City,{040F65DE-2E51-4433-966B-EC2C5004B824},0,,040F65DE-2E51-4433-966B-EC2C5004B824,Unknown,,S,,,Ave,S Cloverdale Ave,2023/09/12 23:03:18+00,816 S Cloverdale Ave Los Angeles 90036,040F65DE-2E51-4433-966B-EC2C5004B824_816_S_Cloverdale_Ave_Los_Angeles_90036,Cloverdale,816 S Cloverdale Avenue Ave Los Angeles 90036,,,,
614366,1191113,,5089021028.0,,808.0,,,South,,,Cloverdale,Avenue,,,,,,,,,,,,,90036.0,,Los Angeles,Los Angeles,,,,,LA City,{CCBAF577-1F8C-4A8C-BE26-A7719ACBB327},0,,CCBAF577-1F8C-4A8C-BE26-A7719ACBB327,Unknown,,S,,,Ave,S Cloverdale Ave,2023/09/12 23:03:18+00,808 S Cloverdale Ave Los Angeles 90036,CCBAF577-1F8C-4A8C-BE26-A7719ACBB327_808_S_Cloverdale_Ave_Los_Angeles_90036,Cloverdale,808 S Cloverdale Avenue Ave Los Angeles 90036,,,,
614367,1191114,,5089021029.0,,802.0,,,South,,,Cloverdale,Avenue,,,,,,,,,,,,,90036.0,,Los Angeles,Los Angeles,,,,,LA City,{06C1B54E-7F43-45C8-8585-AB85BF5E84D8},0,,06C1B54E-7F43-45C8-8585-AB85BF5E84D8,Unknown,,S,,,Ave,S Cloverdale Ave,2023/09/12 23:03:18+00,802 S Cloverdale Ave Los Angeles 90036,06C1B54E-7F43-45C8-8585-AB85BF5E84D8_802_S_Cloverdale_Ave_Los_Angeles_90036,Cloverdale,802 S Cloverdale Avenue Ave Los Angeles 90036,,,,
614368,1191115,,5089021030.0,,801.0,,,South,,,Detroit,Street,,,,,,,,,,,,,90036.0,,Los Angeles,Los Angeles,,,,,LA City,{8EB83D47-63F6-4E28-BCA2-B22C91985DF5},0,,8EB83D47-63F6-4E28-BCA2-B22C91985DF5,Unknown,,S,,,St,S Detroit St,2023/09/12 23:03:18+00,801 S Detroit St Los Angeles 90036,8EB83D47-63F6-4E28-BCA2-B22C91985DF5_801_S_Detroit_St_Los_Angeles_90036,Detroit,801 S Detroit Street St Los Angeles 90036,,,,
614369,1191116,,5089021030.0,,803.0,,,South,,,Detroit,Street,,,,,,,,,,,,,90036.0,,Los Angeles,Los Angeles,,,,,LA City,{E793DA32-7F2A-41C2-970D-B20BC510E14D},0,,E793DA32-7F2A-41C2-970D-B20BC510E14D,Unknown,,S,,,St,S Detroit St,2023/09/12 23:03:18+00,803 S Detroit St Los Angeles 90036,E793DA32-7F2A-41C2-970D-B20BC510E14D_803_S_Detroit_St_Los_Angeles_90036,Detroit,803 S Detroit Street St Los Angeles 90036,,,,
614370,1191117,,5089021031.0,,807.0,,,South,,,Detroit,Street,,,,,,,,,,,,,90036.0,,Los Angeles,Los Angeles,,,,,LA City,{2ADD1211-44CF-4DE8-A3A4-2645627B2BF8},0,,2ADD1211-44CF-4DE8-A3A4-2645627B2BF8,Unknown,,S,,,St,S Detroit St,2023/09/12 23:03:18+00,807 S Detroit St Los Angeles 90036,2ADD1211-44CF-4DE8-A3A4-2645627B2BF8_807_S_Detroit_St_Los_Angeles_90036,Detroit,807 S Detroit Street St Los Angeles 90036,,,,
614371,1191118,,5089021032.0,,815.0,,,South,,,Detroit,Street,,,,,,,,,,,,,90036.0,,Los Angeles,Los Angeles,,,,,LA City,{C1FAE365-5046-4B77-BD93-57FE0A2C3F9E},0,,C1FAE365-5046-4B77-BD93-57FE0A2C3F9E,Unknown,,S,,,St,S Detroit St,2023/09/12 23:03:18+00,815 S Detroit St Los Angeles 90036,C1FAE365-5046-4B77-BD93-57FE0A2C3F9E_815_S_Detroit_St_Los_Angeles_90036,Detroit,815 S Detroit Street St Los Angeles 90036,,,,
614372,1191119,,5089021032.0,,813.0,,,South,,,Detroit,Street,,,,,,,,,,,,,90036.0,,Los Angeles,Los Angeles,,,,,LA City,{5F7E4D9C-07C7-43B9-B40D-883666989737},0,,5F7E4D9C-07C7-43B9-B40D-883666989737,Unknown,,S,,,St,S Detroit St,2023/09/12 23:03:18+00,813 S Detroit St Los Angeles 90036,5F7E4D9C-07C7-43B9-B40D-883666989737_813_S_Detroit_St_Los_Angeles_90036,Detroit,813 S Detroit Street St Los Angeles 90036,,,,
614373,1191120,,5089021033.0,,817.0,,,South,,,Detroit,Street,,,,,,,,,,,,,90036.0,,Los Angeles,Los Angeles,,,,,LA City,{9671593B-D8D5-4C67-90FE-E2289E4F4BD1},0,,9671593B-D8D5-4C67-90FE-E2289E4F4BD1,Unknown,,S,,,St,S Detroit St,2023/09/12 23:03:18+00,817 S Detroit St Los Angeles 90036,9671593B-D8D5-4C67-90FE-E2289E4F4BD1_817_S_Detroit_St_Los_Angeles_90036,Detroit,817 S Detroit Street St Los Angeles 90036,,,,
614374,1191121,,5089021033.0,,819.0,,,South,,,Detroit,Street,,,,,,,,,,,,,90036.0,,Los Angeles,Los Angeles,,,,,LA City,{DFAEF451-1555-4102-A439-0789CCA55CE4},0,,DFAEF451-1555-4102-A439-0789CCA55CE4,Unknown,,S,,,St,S Detroit St,2023/09/12 23:03:18+00,819 S Detroit St Los Angeles 90036,DFAEF451-1555-4102-A439-0789CCA55CE4_819_S_Detroit_St_Los_Angeles_90036,Detroit,819 S Detroit Street St Los Angeles 90036,,,,
614375,1191122,,5089021034.0,,825.0,,,South,,,Detroit,Street,,,,,,,,,,,,1-6,90036.0,,Los Angeles,Los Angeles,,,,,LA City,{17B6F5DD-5578-4E22-A8F4-5E220DA26D90},0,,17B6F5DD-5578-4E22-A8F4-5E220DA26D90,Unknown,,S,,,St,S Detroit St,2023/09/12 23:03:18+00,825 S Detroit St 1-6 Los Angeles 90036,17B6F5DD-5578-4E22-A8F4-5E220DA26D90_825_S_Detroit_St_1-6_Los_Angeles_90036,Detroit,825 S Detroit Street St 1-6 Los Angeles 90036,,,,
614376,1191123,,5089021034.0,,823.0,,,South,,,Detroit,Street,,,,,,,,,,,,,90036.0,,Los Angeles,Los Angeles,,,,,LA City,{A76A4D70-D5E7-4515-A429-C3D242F2E3E0},0,,A76A4D70-D5E7-4515-A429-C3D242F2E3E0,Unknown,,S,,,St,S Detroit St,2023/09/12 23:03:18+00,823 S Detroit St Los Angeles 90036,A76A4D70-D5E7-4515-A429-C3D242F2E3E0_823_S_Detroit_St_Los_Angeles_90036,Detroit,823 S Detroit Street St Los Angeles 90036,,,,
614377,1191124,,5089021035.0,,831.0,,,South,,,Detroit,Street,,,,,,,,,,,,,90036.0,,Los Angeles,Los Angeles,,,,,LA City,{8CECEEB3-B063-4BDB-9DEF-B5551F987005},0,,8CECEEB3-B063-4BDB-9DEF-B5551F987005,Unknown,,S,,,St,S Detroit St,2023/09/12 23:03:18+00,831 S Detroit St Los Angeles 90036,8CECEEB3-B063-4BDB-9DEF-B5551F987005_831_S_Detroit_St_Los_Angeles_90036,Detroit,831 S Detroit Street St Los Angeles 90036,,,,
614378,1191125,,5089021035.0,,829.0,,,South,,,Detroit,Street,,,,,,,,,,,,,90036.0,,Los Angeles,Los Angeles,,,,,LA City,{F21808AB-BE6E-456F-8B06-870B2358B058},0,,F21808AB-BE6E-456F-8B06-870B2358B058,Unknown,,S,,,St,S Detroit St,2023/09/12 23:03:18+00,829 S Detroit St Los Angeles 90036,F21808AB-BE6E-456F-8B06-870B2358B058_829_S_Detroit_St_Los_Angeles_90036,Detroit,829 S Detroit Street St Los Angeles 90036,,,,
614379,1191126,,5089021036.0,,835.0,,,South,,,Detroit,Street,,,,,,,,,,,,,90036.0,,Los Angeles,Los Angeles,,,,,LA City,{967AE1F5-BDA6-4B3A-8A22-576A0AF65B0C},0,,967AE1F5-BDA6-4B3A-8A22-576A0AF65B0C,Unknown,,S,,,St,S Detroit St,2023/09/12 23:03:18+00,835 S Detroit St Los Angeles 90036,967AE1F5-BDA6-4B3A-8A22-576A0AF65B0C_835_S_Detroit_St_Los_Angeles_90036,Detroit,835 S Detroit Street St Los Angeles 90036,,,,
614380,1191127,,5089021036.0,,833.0,,,South,,,Detroit,Street,,,,,,,,,,,,,90036.0,,Los Angeles,Los Angeles,,,,,LA City,{0DACC2D5-8EF5-4AF2-A09C-948DA100567D},0,,0DACC2D5-8EF5-4AF2-A09C-948DA100567D,Unknown,,S,,,St,S Detroit St,2023/09/12 23:03:18+00,833 S Detroit St Los Angeles 90036,0DACC2D5-8EF5-4AF2-A09C-948DA100567D_833_S_Detroit_St_Los_Angeles_90036,Detroit,833 S Detroit Street St Los Angeles 90036,,,,
614381,1191128,,5089021037.0,,839.0,,,South,,,Detroit,Street,,,,,,,,,,,,,90036.0,,Los Angeles,Los Angeles,,,,,LA City,{37099203-12C7-43DA-B71C-5B1A90151738},0,,37099203-12C7-43DA-B71C-5B1A90151738,Unknown,,S,,,St,S Detroit St,2023/09/12 23:03:18+00,839 S Detroit St Los Angeles 90036,37099203-12C7-43DA-B71C-5B1A90151738_839_S_Detroit_St_Los_Angeles_90036,Detroit,839 S Detroit Street St Los Angeles 90036,,,,
614382,1191129,,5089021037.0,,841.0,,,South,,,Detroit,Street,,,,,,,,,,,,,90036.0,,Los Angeles,Los Angeles,,,,,LA City,{B1E1533D-ED55-4757-98E3-FE4A808B97B7},0,,B1E1533D-ED55-4757-98E3-FE4A808B97B7,Unknown,,S,,,St,S Detroit St,2023/09/12 23:03:18+00,841 S Detroit St Los Angeles 90036,B1E1533D-ED55-4757-98E3-FE4A808B97B7_841_S_Detroit_St_Los_Angeles_90036,Detroit,841 S Detroit Street St Los Angeles 90036,,,,
614383,1191130,,5089021038.0,,845.0,,,South,,,Detroit,Street,,,,,,,,,,,,,90036.0,,Los Angeles,Los Angeles,,,,,LA City,{2C73C64B-F179-4B07-B785-2D7FA2079484},0,,2C73C64B-F179-4B07-B785-2D7FA2079484,Unknown,,S,,,St,S Detroit St,2023/09/12 23:03:18+00,845 S Detroit St Los Angeles 90036,2C73C64B-F179-4B07-B785-2D7FA2079484_845_S_Detroit_St_Los_Angeles_90036,Detroit,845 S Detroit Street St Los Angeles 90036,,,,
614384,1191131,,5089021038.0,,843.0,,,South,,,Detroit,Street,,,,,,,,,,,,,90036.0,,Los Angeles,Los Angeles,,,,,Assessor,{353CF6F6-2934-4636-B06F-1DBD398FF7B4},0,,353CF6F6-2934-4636-B06F-1DBD398FF7B4,Unknown,,S,,,St,S Detroit St,2024/04/27 17:13:09+00,843 S Detroit St Los Angeles 90036,353CF6F6-2934-4636-B06F-1DBD398FF7B4_843_S_Detroit_St_Los_Angeles_90036,Detroit,843 S Detroit Street St Los Angeles 90036,,,,
614385,1191132,,5089021039.0,,849.0,,,South,,,Detroit,Street,,,,,,,,,,,,,90036.0,,Los Angeles,Los Angeles,,,,,LA City,{72B30011-3B8A-4ACE-8392-46855BF2967A},0,,72B30011-3B8A-4ACE-8392-46855BF2967A,Unknown,,S,,,St,S Detroit St,2023/09/12 23:03:18+00,849 S Detroit St Los Angeles 90036,72B30011-3B8A-4ACE-8392-46855BF2967A_849_S_Detroit_St_Los_Angeles_90036,Detroit,849 S Detroit Street St Los Angeles 90036,,,,
614386,1191133,,5089021039.0,,847.0,,,South,,,Detroit,Street,,,,,,,,,,,,,90036.0,,Los Angeles,Los Angeles,,,,,LA City,{708956C6-F95A-4031-B20B-9708E8196327},0,,708956C6-F95A-4031-B20B-9708E8196327,Unknown,,S,,,St,S Detroit St,2023/09/12 23:03:18+00,847 S Detroit St Los Angeles 90036,708956C6-F95A-4031-B20B-9708E8196327_847_S_Detroit_St_Los_Angeles_90036,Detroit,847 S Detroit Street St Los Angeles 90036,,,,
614387,1191134,,5089021040.0,,5405.0,,,West,,,9Th,Street,,,,,,,,,,,,,90036.0,,Los Angeles,Los Angeles,,,,,LA City,{A8724969-357A-4C51-A8A8-CEB0269F3312},0,,A8724969-357A-4C51-A8A8-CEB0269F3312,Unknown,,W,,,St,W 9Th St,2023/09/12 23:03:18+00,5405 W 9Th St Los Angeles 90036,A8724969-357A-4C51-A8A8-CEB0269F3312_5405_W_9Th_St_Los_Angeles_90036,9Th,5405 W 9Th Street St Los Angeles 90036,,,,
614388,1191135,,5089021040.0,,855.0,,,South,,,Detroit,Street,,,,,,,,,,,,,90036.0,,Los Angeles,Los Angeles,,,,,LA City,{1FD9677D-FDF3-4D41-8721-4D61326A27E5},0,,1FD9677D-FDF3-4D41-8721-4D61326A27E5,Unknown,,S,,,St,S Detroit St,2023/09/12 23:03:18+00,855 S Detroit St Los Angeles 90036,1FD9677D-FDF3-4D41-8721-4D61326A27E5_855_S_Detroit_St_Los_Angeles_90036,Detroit,855 S Detroit Street St Los Angeles 90036,,,,
614389,1191136,,5089022001.0,,854.0,,,South,,,Detroit,Street,,,,,,,,,,,,,90036.0,,Los Angeles,Los Angeles,,,,,LA City,{CDEBF3D4-9E57-409A-902B-4658D632A5F7},0,,CDEBF3D4-9E57-409A-902B-4658D632A5F7,Unknown,,S,,,St,S Detroit St,2023/09/12 23:03:18+00,854 S Detroit St Los Angeles 90036,CDEBF3D4-9E57-409A-902B-4658D632A5F7_854_S_Detroit_St_Los_Angeles_90036,Detroit,854 S Detroit Street St Los Angeles 90036,,,,
614390,1191137,,5089022001.0,,5315.0,,,West,,,9Th,Street,,,,,,,,,,,,,90036.0,,Los Angeles,Los Angeles,,,,,LA City,{87DF3B79-2FC0-4065-B0B4-1056314ECEE3},0,,87DF3B79-2FC0-4065-B0B4-1056314ECEE3,Unknown,,W,,,St,W 9Th St,2023/09/12 23:03:18+00,5315 W 9Th St Los Angeles 90036,87DF3B79-2FC0-4065-B0B4-1056314ECEE3_5315_W_9Th_St_Los_Angeles_90036,9Th,5315 W 9Th Street St Los Angeles 90036,,,,
614391,1191138,,5089022001.0,,5317.0,,,West,,,9Th,Street,,,,,,,,,,,,,90036.0,,Los Angeles,Los Angeles,,,,,LA City,{D4AAB70C-4768-4D7D-841A-E0F8DAB72D63},0,,D4AAB70C-4768-4D7D-841A-E0F8DAB72D63,Unknown,,W,,,St,W 9Th St,2023/09/12 23:03:18+00,5317 W 9Th St Los Angeles 90036,D4AAB70C-4768-4D7D-841A-E0F8DAB72D63_5317_W_9Th_St_Los_Angeles_90036,9Th,5317 W 9Th Street St Los Angeles 90036,,,,
614392,1191139,,5089022002.0,,850.0,,,South,,,Detroit,Street,,,,,,,,,,,,,90036.0,,Los Angeles,Los Angeles,,,,,LA City,{33705DE5-8C91-4651-A154-F403F1328543},0,,33705DE5-8C91-4651-A154-F403F1328543,Unknown,,S,,,St,S Detroit St,2023/09/12 23:03:18+00,850 S Detroit St Los Angeles 90036,33705DE5-8C91-4651-A154-F403F1328543_850_S_Detroit_St_Los_Angeles_90036,Detroit,850 S Detroit Street St Los Angeles 90036,,,,
614393,1191140,,5089022002.0,,848.0,,,South,,,Detroit,Street,,,,,,,,,,,,,90036.0,,Los Angeles,Los Angeles,,,,,LA City,{20B6D58B-E5D8-4089-9436-4557C61B0A83},0,,20B6D58B-E5D8-4089-9436-4557C61B0A83,Unknown,,S,,,St,S Detroit St,2023/09/12 23:03:18+00,848 S Detroit St Los Angeles 90036,20B6D58B-E5D8-4089-9436-4557C61B0A83_848_S_Detroit_St_Los_Angeles_90036,Detroit,848 S Detroit Street St Los Angeles 90036,,,,
614394,1191141,,5089022003.0,,842.0,,,South,,,Detroit,Street,,,,,,,,,,,,,90036.0,,Los Angeles,Los Angeles,,,,,LA City,{D417C520-BC98-4AE0-A0E8-4C9D8AF737BA},0,,D417C520-BC98-4AE0-A0E8-4C9D8AF737BA,Unknown,,S,,,St,S Detroit St,2023/09/12 23:03:18+00,842 S Detroit St Los Angeles 90036,D417C520-BC98-4AE0-A0E8-4C9D8AF737BA_842_S_Detroit_St_Los_Angeles_90036,Detroit,842 S Detroit Street St Los Angeles 90036,,,,
614395,1191142,,5089022003.0,,844.0,,,South,,,Detroit,Street,,,,,,,,,,,,,90036.0,,Los Angeles,Los Angeles,,,,,LA City,{9BDD3859-8AC9-4087-852C-B4750954AD15},0,,9BDD3859-8AC9-4087-852C-B4750954AD15,Unknown,,S,,,St,S Detroit St,2023/09/12 23:03:18+00,844 S Detroit St Los Angeles 90036,9BDD3859-8AC9-4087-852C-B4750954AD15_844_S_Detroit_St_Los_Angeles_90036,Detroit,844 S Detroit Street St Los Angeles 90036,,,,
614396,1191143,,5089022004.0,,838.0,,,South,,,Detroit,Street,,,,,,,,,,,,,90036.0,,Los Angeles,Los Angeles,,,,,LA City,{678B20F5-068D-4F95-9167-7D9D0217B699},0,,678B20F5-068D-4F95-9167-7D9D0217B699,Unknown,,S,,,St,S Detroit St,2023/09/12 23:03:18+00,838 S Detroit St Los Angeles 90036,678B20F5-068D-4F95-9167-7D9D0217B699_838_S_Detroit_St_Los_Angeles_90036,Detroit,838 S Detroit Street St Los Angeles 90036,,,,
614397,1191144,,5089022004.0,,840.0,,,South,,,Detroit,Street,,,,,,,,,,,,,90036.0,,Los Angeles,Los Angeles,,,,,LA City,{B28F7EF2-5657-4FEA-9933-CC3B713E610C},0,,B28F7EF2-5657-4FEA-9933-CC3B713E610C,Unknown,,S,,,St,S Detroit St,2023/09/12 23:03:18+00,840 S Detroit St Los Angeles 90036,B28F7EF2-5657-4FEA-9933-CC3B713E610C_840_S_Detroit_St_Los_Angeles_90036,Detroit,840 S Detroit Street St Los Angeles 90036,,,,
614398,1191145,,5089022005.0,,830.0,,,South,,,Detroit,Street,,,,,,,,,,,,,90036.0,,Los Angeles,Los Angeles,,,,,LA City,{A8BAACF2-A3EC-479A-9A97-9882E8172082},0,,A8BAACF2-A3EC-479A-9A97-9882E8172082,Unknown,,S,,,St,S Detroit St,2023/09/12 23:03:18+00,830 S Detroit St Los Angeles 90036,A8BAACF2-A3EC-479A-9A97-9882E8172082_830_S_Detroit_St_Los_Angeles_90036,Detroit,830 S Detroit Street St Los Angeles 90036,,,,
614399,1191146,,5089022005.0,,832.0,,,South,,,Detroit,Street,,,,,,,,,,,,,90036.0,,Los Angeles,Los Angeles,,,,,LA City,{0E5D7CB5-04C8-48FB-A5A7-D33446B1DCE7},0,,0E5D7CB5-04C8-48FB-A5A7-D33446B1DCE7,Unknown,,S,,,St,S Detroit St,2023/09/12 23:03:18+00,832 S Detroit St Los Angeles 90036,0E5D7CB5-04C8-48FB-A5A7-D33446B1DCE7_832_S_Detroit_St_Los_Angeles_90036,Detroit,832 S Detroit Street St Los Angeles 90036,,,,
614400,1191147,,5089022006.0,,828.0,,,South,,,Detroit,Street,,,,,,,,,,,,,90036.0,,Los Angeles,Los Angeles,,,,,LA City,{D9466C9D-9538-43D9-97E2-843161B659AF},0,,D9466C9D-9538-43D9-97E2-843161B659AF,Unknown,,S,,,St,S Detroit St,2023/09/12 23:03:18+00,828 S Detroit St Los Angeles 90036,D9466C9D-9538-43D9-97E2-843161B659AF_828_S_Detroit_St_Los_Angeles_90036,Detroit,828 S Detroit Street St Los Angeles 90036,,,,
614401,1191148,,5089022006.0,,826.0,,,South,,,Detroit,Street,,,,,,,,,,,,,90036.0,,Los Angeles,Los Angeles,,,,,LA City,{6A2ACECB-8B10-4979-9967-9A5BA8984123},0,,6A2ACECB-8B10-4979-9967-9A5BA8984123,Unknown,,S,,,St,S Detroit St,2023/09/12 23:03:18+00,826 S Detroit St Los Angeles 90036,6A2ACECB-8B10-4979-9967-9A5BA8984123_826_S_Detroit_St_Los_Angeles_90036,Detroit,826 S Detroit Street St Los Angeles 90036,,,,
614402,1191149,,5089022007.0,,820.0,,,South,,,Detroit,Street,,,,,,,,,,,,,90036.0,,Los Angeles,Los Angeles,,,,,LA City,{0C9E3E0B-7444-4A98-91DC-16A0A698846C},0,,0C9E3E0B-7444-4A98-91DC-16A0A698846C,Unknown,,S,,,St,S Detroit St,2023/09/12 23:03:18+00,820 S Detroit St Los Angeles 90036,0C9E3E0B-7444-4A98-91DC-16A0A698846C_820_S_Detroit_St_Los_Angeles_90036,Detroit,820 S Detroit Street St Los Angeles 90036,,,,
614403,1191150,,5089022007.0,,822.0,,,South,,,Detroit,Street,,,,,,,,,,,,,90036.0,,Los Angeles,Los Angeles,,,,,LA City,{230076E3-9D9A-44B4-BC27-959EA3718187},0,,230076E3-9D9A-44B4-BC27-959EA3718187,Unknown,,S,,,St,S Detroit St,2023/09/12 23:03:18+00,822 S Detroit St Los Angeles 90036,230076E3-9D9A-44B4-BC27-959EA3718187_822_S_Detroit_St_Los_Angeles_90036,Detroit,822 S Detroit Street St Los Angeles 90036,,,,
614404,1191151,,5089022008.0,,816.0,,,South,,,Detroit,Street,,,,,,,,,,,,,90036.0,,Los Angeles,Los Angeles,,,,,LA City,{0D8B8433-E275-4F59-9CD4-D78E227064A5},0,,0D8B8433-E275-4F59-9CD4-D78E227064A5,Unknown,,S,,,St,S Detroit St,2023/09/12 23:03:18+00,816 S Detroit St Los Angeles 90036,0D8B8433-E275-4F59-9CD4-D78E227064A5_816_S_Detroit_St_Los_Angeles_90036,Detroit,816 S Detroit Street St Los Angeles 90036,,,,
614405,1191152,,5089022008.0,,818.0,,,South,,,Detroit,Street,,,,,,,,,,,,,90036.0,,Los Angeles,Los Angeles,,,,,LA City,{C8DC8D6C-2E19-4E81-8C2A-4DDC82AF0796},0,,C8DC8D6C-2E19-4E81-8C2A-4DDC82AF0796,Unknown,,S,,,St,S Detroit St,2023/09/12 23:03:18+00,818 S Detroit St Los Angeles 90036,C8DC8D6C-2E19-4E81-8C2A-4DDC82AF0796_818_S_Detroit_St_Los_Angeles_90036,Detroit,818 S Detroit Street St Los Angeles 90036,,,,
614406,1191153,,5089022010.0,,814.0,,,South,,,Detroit,Street,,,,,,,,,,,,,90036.0,,Los Angeles,Los Angeles,,,,,LA City,{A6DFE598-F7CD-46A8-804C-D07DE52A5BCC},0,,A6DFE598-F7CD-46A8-804C-D07DE52A5BCC,Unknown,,S,,,St,S Detroit St,2023/09/12 23:03:18+00,814 S Detroit St Los Angeles 90036,A6DFE598-F7CD-46A8-804C-D07DE52A5BCC_814_S_Detroit_St_Los_Angeles_90036,Detroit,814 S Detroit Street St Los Angeles 90036,,,,
614407,1191154,,5089022010.0,,812.0,,,South,,,Detroit,Street,,,,,,,,,,,,,90036.0,,Los Angeles,Los Angeles,,,,,LA City,{AE5F7FB6-9F22-4973-A45C-3690FB5BF638},0,,AE5F7FB6-9F22-4973-A45C-3690FB5BF638,Unknown,,S,,,St,S Detroit St,2023/09/12 23:03:18+00,812 S Detroit St Los Angeles 90036,AE5F7FB6-9F22-4973-A45C-3690FB5BF638_812_S_Detroit_St_Los_Angeles_90036,Detroit,812 S Detroit Street St Los Angeles 90036,,,,
614408,1191155,,5089022011.0,,808.0,,,South,,,Detroit,Street,,,,,,,,,,,,,90036.0,,Los Angeles,Los Angeles,,,,,LA City,{8ED82899-2DAC-4902-82D2-1DAF70F3EE9C},0,,8ED82899-2DAC-4902-82D2-1DAF70F3EE9C,Unknown,,S,,,St,S Detroit St,2023/09/12 23:03:18+00,808 S Detroit St Los Angeles 90036,8ED82899-2DAC-4902-82D2-1DAF70F3EE9C_808_S_Detroit_St_Los_Angeles_90036,Detroit,808 S Detroit Street St Los Angeles 90036,,,,
614409,1191156,,5089022011.0,,810.0,,,South,,,Detroit,Street,,,,,,,,,,,,,90036.0,,Los Angeles,Los Angeles,,,,,LA City,{17C60FA6-6FD0-42A9-AC45-83FBE12D4140},0,,17C60FA6-6FD0-42A9-AC45-83FBE12D4140,Unknown,,S,,,St,S Detroit St,2023/09/12 23:03:18+00,810 S Detroit St Los Angeles 90036,17C60FA6-6FD0-42A9-AC45-83FBE12D4140_810_S_Detroit_St_Los_Angeles_90036,Detroit,810 S Detroit Street St Los Angeles 90036,,,,
614410,1191157,,5089022011.0,,806.0,,,South,,,Detroit,Street,,,,,,,,,,,,,90036.0,,Los Angeles,Los Angeles,,,,,LA City,{F7929022-DE6C-481E-9B97-56A71741210A},0,,F7929022-DE6C-481E-9B97-56A71741210A,Unknown,,S,,,St,S Detroit St,2023/09/12 23:03:18+00,806 S Detroit St Los Angeles 90036,F7929022-DE6C-481E-9B97-56A71741210A_806_S_Detroit_St_Los_Angeles_90036,Detroit,806 S Detroit Street St Los Angeles 90036,,,,
614411,1191158,,5089022012.0,,5314.0,,,West,,,8Th,Street,,,,,,,,,,,,,90036.0,,Los Angeles,Los Angeles,,,,,LA City,{E0DFBB7F-4F72-4CC4-AE0A-58664E5A1C05},0,,E0DFBB7F-4F72-4CC4-AE0A-58664E5A1C05,Unknown,,W,,,St,W 8Th St,2023/09/12 23:03:18+00,5314 W 8Th St Los Angeles 90036,E0DFBB7F-4F72-4CC4-AE0A-58664E5A1C05_5314_W_8Th_St_Los_Angeles_90036,8Th,5314 W 8Th Street St Los Angeles 90036,,,,
614412,1191159,,5089022012.0,,802.0,,,South,,,Detroit,Street,,,,,,,,,,,,,90036.0,,Los Angeles,Los Angeles,,,,,LA City,{28F4D11B-735F-47FF-A573-6E8E3CDC96C4},0,,28F4D11B-735F-47FF-A573-6E8E3CDC96C4,Unknown,,S,,,St,S Detroit St,2023/09/12 23:03:18+00,802 S Detroit St Los Angeles 90036,28F4D11B-735F-47FF-A573-6E8E3CDC96C4_802_S_Detroit_St_Los_Angeles_90036,Detroit,802 S Detroit Street St Los Angeles 90036,,,,
614413,1191160,,5089022013.0,,809.0,,,South,,,La Brea,Avenue,,,,,,,,,,,,,90036.0,,Los Angeles,Los Angeles,,,,,LA City,{C840972A-2599-4F8A-B4C2-4CE8B37E727C},0,,C840972A-2599-4F8A-B4C2-4CE8B37E727C,Unknown,,S,,,Ave,S La Brea Ave,2023/09/12 23:03:18+00,809 S La Brea Ave Los Angeles 90036,C840972A-2599-4F8A-B4C2-4CE8B37E727C_809_S_La_Brea_Ave_Los_Angeles_90036,La Brea,809 S La Brea Avenue Ave Los Angeles 90036,,,,
614414,1191161,,5089022013.0,,805.0,,,South,,,La Brea,Avenue,,,,,,,,,,,,,90036.0,,Los Angeles,Los Angeles,,,,,LA City,{410F5CAA-4341-4A7A-AEDD-2CD868AA17C1},0,,410F5CAA-4341-4A7A-AEDD-2CD868AA17C1,Unknown,,S,,,Ave,S La Brea Ave,2023/09/12 23:03:18+00,805 S La Brea Ave Los Angeles 90036,410F5CAA-4341-4A7A-AEDD-2CD868AA17C1_805_S_La_Brea_Ave_Los_Angeles_90036,La Brea,805 S La Brea Avenue Ave Los Angeles 90036,,,,
614415,1191162,,5089022013.0,,807.0,,,South,,,La Brea,Avenue,,,,,,,,,,,,,90036.0,,Los Angeles,Los Angeles,,,,,LA City,{AB38AA3E-5610-4584-9799-35F9882B4CB0},0,,AB38AA3E-5610-4584-9799-35F9882B4CB0,Unknown,,S,,,Ave,S La Brea Ave,2023/09/12 23:03:18+00,807 S La Brea Ave Los Angeles 90036,AB38AA3E-5610-4584-9799-35F9882B4CB0_807_S_La_Brea_Ave_Los_Angeles_90036,La Brea,807 S La Brea Avenue Ave Los Angeles 90036,,,,
614416,1191163,,5089022013.0,,803.0,,,South,,,La Brea,Avenue,,,,,,,,,,,,,90036.0,,Los Angeles,Los Angeles,,,,,LA City,{E2B7E51A-6EA4-4574-919C-7143D1A1B4B2},0,,E2B7E51A-6EA4-4574-919C-7143D1A1B4B2,Unknown,,S,,,Ave,S La Brea Ave,2023/09/12 23:03:18+00,803 S La Brea Ave Los Angeles 90036,E2B7E51A-6EA4-4574-919C-7143D1A1B4B2_803_S_La_Brea_Ave_Los_Angeles_90036,La Brea,803 S La Brea Avenue Ave Los Angeles 90036,,,,
614417,1191164,,5089022013.0,,5310.0,,,West,,,8Th,Street,,,,,,,,,,,,,90036.0,,Los Angeles,Los Angeles,,,,,LA City,{0CC6924A-6FDA-45AE-99E9-C7EC18DA0216},0,,0CC6924A-6FDA-45AE-99E9-C7EC18DA0216,Unknown,,W,,,St,W 8Th St,2023/09/12 23:03:18+00,5310 W 8Th St Los Angeles 90036,0CC6924A-6FDA-45AE-99E9-C7EC18DA0216_5310_W_8Th_St_Los_Angeles_90036,8Th,5310 W 8Th Street St Los Angeles 90036,,,,
614418,1191165,,5089022013.0,,5308.0,,,West,,,8Th,Street,,,,,,,,,,,,,90036.0,,Los Angeles,Los Angeles,,,,,LA City,{55527723-D451-4686-8BFC-C9E0BBEC5A47},0,,55527723-D451-4686-8BFC-C9E0BBEC5A47,Unknown,,W,,,St,W 8Th St,2023/09/12 23:03:18+00,5308 W 8Th St Los Angeles 90036,55527723-D451-4686-8BFC-C9E0BBEC5A47_5308_W_8Th_St_Los_Angeles_90036,8Th,5308 W 8Th Street St Los Angeles 90036,,,,
614419,1191166,,5089022013.0,,801.0,,,South,,,La Brea,Avenue,,,,,,,,,,,,,90036.0,,Los Angeles,Los Angeles,,,,,LA City,{EDD586FA-576D-4071-B1A0-44404D68F104},0,,EDD586FA-576D-4071-B1A0-44404D68F104,Unknown,,S,,,Ave,S La Brea Ave,2023/09/12 23:03:18+00,801 S La Brea Ave Los Angeles 90036,EDD586FA-576D-4071-B1A0-44404D68F104_801_S_La_Brea_Ave_Los_Angeles_90036,La Brea,801 S La Brea Avenue Ave Los Angeles 90036,,,,
614420,1191167,,5089022013.0,,5312.0,,,West,,,8Th,Street,,,,,,,,,,,,,90036.0,,Los Angeles,Los Angeles,,,,,LA City,{D596AB10-2E89-49BB-9F2E-E562CBF39F35},0,,D596AB10-2E89-49BB-9F2E-E562CBF39F35,Unknown,,W,,,St,W 8Th St,2023/09/12 23:03:18+00,5312 W 8Th St Los Angeles 90036,D596AB10-2E89-49BB-9F2E-E562CBF39F35_5312_W_8Th_St_Los_Angeles_90036,8Th,5312 W 8Th Street St Los Angeles 90036,,,,
614421,1191168,,5089022017.0,,829.0,,,South,,,La Brea,Avenue,,,,,,,,,,,,,90036.0,,Los Angeles,Los Angeles,,,,,LA City,{CADBCA4C-5972-49AA-9C28-FC37AFED8590},0,,CADBCA4C-5972-49AA-9C28-FC37AFED8590,Unknown,,S,,,Ave,S La Brea Ave,2023/09/12 23:03:18+00,829 S La Brea Ave Los Angeles 90036,CADBCA4C-5972-49AA-9C28-FC37AFED8590_829_S_La_Brea_Ave_Los_Angeles_90036,La Brea,829 S La Brea Avenue Ave Los Angeles 90036,,,,
614422,1191169,,5089022017.0,,831.0,,,South,,,La Brea,Avenue,,,,,,,,,,,,,90036.0,,Los Angeles,Los Angeles,,,,,LA City,{F02E6A54-8111-41F4-A837-0726C6AF25E6},0,,F02E6A54-8111-41F4-A837-0726C6AF25E6,Unknown,,S,,,Ave,S La Brea Ave,2023/09/12 23:03:18+00,831 S La Brea Ave Los Angeles 90036,F02E6A54-8111-41F4-A837-0726C6AF25E6_831_S_La_Brea_Ave_Los_Angeles_90036,La Brea,831 S La Brea Avenue Ave Los Angeles 90036,,,,
614423,1191170,,5089022017.0,,835.0,,,South,,,La Brea,Avenue,,,,,,,,,,,,,90036.0,,Los Angeles,Los Angeles,,,,,LA City,{B5EBC2E2-0A15-4192-9B3A-DCCE002AE8F2},0,,B5EBC2E2-0A15-4192-9B3A-DCCE002AE8F2,Unknown,,S,,,Ave,S La Brea Ave,2023/09/12 23:03:18+00,835 S La Brea Ave Los Angeles 90036,B5EBC2E2-0A15-4192-9B3A-DCCE002AE8F2_835_S_La_Brea_Ave_Los_Angeles_90036,La Brea,835 S La Brea Avenue Ave Los Angeles 90036,,,,
614424,1191171,,5089022017.0,,833.0,,,South,,,La Brea,Avenue,,,,,,,,,,,,,90036.0,,Los Angeles,Los Angeles,,,,,LA City,{72C07007-0FDE-483C-B498-8FE8AD413F7A},0,,72C07007-0FDE-483C-B498-8FE8AD413F7A,Unknown,,S,,,Ave,S La Brea Ave,2023/09/12 23:03:18+00,833 S La Brea Ave Los Angeles 90036,72C07007-0FDE-483C-B498-8FE8AD413F7A_833_S_La_Brea_Ave_Los_Angeles_90036,La Brea,833 S La Brea Avenue Ave Los Angeles 90036,,,,
614425,1191172,,5089022017.0,,827.0,,,South,,,La Brea,Avenue,,,,,,,,,,,,,90036.0,,Los Angeles,Los Angeles,,,,,LA City,{417B3875-28FC-42F7-A0B3-6583A4D618A8},0,,417B3875-28FC-42F7-A0B3-6583A4D618A8,Unknown,,S,,,Ave,S La Brea Ave,2023/09/12 23:03:18+00,827 S La Brea Ave Los Angeles 90036,417B3875-28FC-42F7-A0B3-6583A4D618A8_827_S_La_Brea_Ave_Los_Angeles_90036,La Brea,827 S La Brea Avenue Ave Los Angeles 90036,,,,
614426,1191173,,5089022018.0,,845.0,,,South,,,La Brea,Avenue,,,,,,,,,,,,,90036.0,,Los Angeles,Los Angeles,,,,,LA City,{F44B7AD6-771D-455A-9F87-F336AC155CFF},0,,F44B7AD6-771D-455A-9F87-F336AC155CFF,Unknown,,S,,,Ave,S La Brea Ave,2023/09/12 23:03:18+00,845 S La Brea Ave Los Angeles 90036,F44B7AD6-771D-455A-9F87-F336AC155CFF_845_S_La_Brea_Ave_Los_Angeles_90036,La Brea,845 S La Brea Avenue Ave Los Angeles 90036,,,,
614427,1191174,,5089022018.0,,843.0,,,South,,,La Brea,Avenue,,,,,,,,,,,,,90036.0,,Los Angeles,Los Angeles,,,,,LA City,{ECE309E0-34B2-4EC0-B4D7-0EF7B4391533},0,,ECE309E0-34B2-4EC0-B4D7-0EF7B4391533,Unknown,,S,,,Ave,S La Brea Ave,2023/09/12 23:03:18+00,843 S La Brea Ave Los Angeles 90036,ECE309E0-34B2-4EC0-B4D7-0EF7B4391533_843_S_La_Brea_Ave_Los_Angeles_90036,La Brea,843 S La Brea Avenue Ave Los Angeles 90036,,,,
614428,1191175,,5089022019.0,,853.0,,,South,,,La Brea,Avenue,,,,,,,,,,,,,90036.0,,Los Angeles,Los Angeles,,,,,LA City,{0C406251-6351-48C8-8116-258D51F8F37E},0,,0C406251-6351-48C8-8116-258D51F8F37E,Unknown,,S,,,Ave,S La Brea Ave,2023/09/12 23:03:18+00,853 S La Brea Ave Los Angeles 90036,0C406251-6351-48C8-8116-258D51F8F37E_853_S_La_Brea_Ave_Los_Angeles_90036,La Brea,853 S La Brea Avenue Ave Los Angeles 90036,,,,
614429,1191176,,5089022019.0,,851.0,,,South,,,La Brea,Avenue,,,,,,,,,,,,,90036.0,,Los Angeles,Los Angeles,,,,,LA City,{687C1240-3927-4579-9C49-4E0D07AA92C1},0,,687C1240-3927-4579-9C49-4E0D07AA92C1,Unknown,,S,,,Ave,S La Brea Ave,2023/09/12 23:03:18+00,851 S La Brea Ave Los Angeles 90036,687C1240-3927-4579-9C49-4E0D07AA92C1_851_S_La_Brea_Ave_Los_Angeles_90036,La Brea,851 S La Brea Avenue Ave Los Angeles 90036,,,,
614430,1191177,,5089022019.0,,855.0,,,South,,,La Brea,Avenue,,,,,,,,,,,,,90036.0,,Los Angeles,Los Angeles,,,,,LA City,{D8E53C99-5AD4-48B4-A9F0-28C7F693B7DA},0,,D8E53C99-5AD4-48B4-A9F0-28C7F693B7DA,Unknown,,S,,,Ave,S La Brea Ave,2023/09/12 23:03:18+00,855 S La Brea Ave Los Angeles 90036,D8E53C99-5AD4-48B4-A9F0-28C7F693B7DA_855_S_La_Brea_Ave_Los_Angeles_90036,La Brea,855 S La Brea Avenue Ave Los Angeles 90036,,,,
614431,1191178,,5089022019.0,,847.0,,,South,,,La Brea,Avenue,,,,,,,,,,,,,90036.0,,Los Angeles,Los Angeles,,,,,LA City,{DEDB1A86-F195-439F-A642-BCE61953A1E9},0,,DEDB1A86-F195-439F-A642-BCE61953A1E9,Unknown,,S,,,Ave,S La Brea Ave,2023/09/12 23:03:18+00,847 S La Brea Ave Los Angeles 90036,DEDB1A86-F195-439F-A642-BCE61953A1E9_847_S_La_Brea_Ave_Los_Angeles_90036,La Brea,847 S La Brea Avenue Ave Los Angeles 90036,,,,
614432,1191179,,5089022019.0,,849.0,,,South,,,La Brea,Avenue,,,,,,,,,,,,,90036.0,,Los Angeles,Los Angeles,,,,,LA City,{7450C67E-62B5-447E-9C76-C91A26EFB71F},0,,7450C67E-62B5-447E-9C76-C91A26EFB71F,Unknown,,S,,,Ave,S La Brea Ave,2023/09/12 23:03:18+00,849 S La Brea Ave Los Angeles 90036,7450C67E-62B5-447E-9C76-C91A26EFB71F_849_S_La_Brea_Ave_Los_Angeles_90036,La Brea,849 S La Brea Avenue Ave Los Angeles 90036,,,,
614433,1191180,,5089022019.0,,857.0,,,South,,,La Brea,Avenue,,,,,,,,,,,,,90036.0,,Los Angeles,Los Angeles,,,,,LA City,{DF7E2D10-5DD0-4B47-8810-9699D0F4038C},0,,DF7E2D10-5DD0-4B47-8810-9699D0F4038C,Unknown,,S,,,Ave,S La Brea Ave,2023/09/12 23:03:18+00,857 S La Brea Ave Los Angeles 90036,DF7E2D10-5DD0-4B47-8810-9699D0F4038C_857_S_La_Brea_Ave_Los_Angeles_90036,La Brea,857 S La Brea Avenue Ave Los Angeles 90036,,,,
614434,1191181,,5089022020.0,,839.0,,,South,,,La Brea,Avenue,,,,,,,,,,,,,90036.0,,Los Angeles,Los Angeles,,,,,LA City,{AF8E31B0-473F-4936-AA9D-65CDEFB79FB8},0,,AF8E31B0-473F-4936-AA9D-65CDEFB79FB8,Unknown,,S,,,Ave,S La Brea Ave,2023/09/12 23:03:18+00,839 S La Brea Ave Los Angeles 90036,AF8E31B0-473F-4936-AA9D-65CDEFB79FB8_839_S_La_Brea_Ave_Los_Angeles_90036,La Brea,839 S La Brea Avenue Ave Los Angeles 90036,,,,
614435,1191182,,5089022021.0,,817.0,,,South,,,La Brea,Avenue,,,,,,,,,,,,,90036.0,,Los Angeles,Los Angeles,,,,,LA City,{5C746C0C-6898-46A6-882A-00CA02980FD6},0,,5C746C0C-6898-46A6-882A-00CA02980FD6,Unknown,,S,,,Ave,S La Brea Ave,2023/09/12 23:03:18+00,817 S La Brea Ave Los Angeles 90036,5C746C0C-6898-46A6-882A-00CA02980FD6_817_S_La_Brea_Ave_Los_Angeles_90036,La Brea,817 S La Brea Avenue Ave Los Angeles 90036,,,,
614436,1191183,,5089022021.0,,815.0,,,South,,,La Brea,Avenue,,,,,,,,,,,,,90036.0,,Los Angeles,Los Angeles,,,,,LA City,{01EE0C7E-819A-4917-A984-230BB7AD286E},0,,01EE0C7E-819A-4917-A984-230BB7AD286E,Unknown,,S,,,Ave,S La Brea Ave,2023/09/12 23:03:18+00,815 S La Brea Ave Los Angeles 90036,01EE0C7E-819A-4917-A984-230BB7AD286E_815_S_La_Brea_Ave_Los_Angeles_90036,La Brea,815 S La Brea Avenue Ave Los Angeles 90036,,,,
614437,1191184,,5089022021.0,,823.0,,,South,,,La Brea,Avenue,,,,,,,,,,,,,90036.0,,Los Angeles,Los Angeles,,,,,LA City,{61E03413-7A81-4686-AEEF-F6C772D03C4A},0,,61E03413-7A81-4686-AEEF-F6C772D03C4A,Unknown,,S,,,Ave,S La Brea Ave,2023/09/12 23:03:18+00,823 S La Brea Ave Los Angeles 90036,61E03413-7A81-4686-AEEF-F6C772D03C4A_823_S_La_Brea_Ave_Los_Angeles_90036,La Brea,823 S La Brea Avenue Ave Los Angeles 90036,,,,
614438,1191185,,5089023001.0,,948.0,,,South,,,Detroit,Street,,,,,,,,,,,,,90036.0,,Los Angeles,Los Angeles,,,,,LA City,{549CE3B5-8AF7-496F-96E4-CBBF76D3630B},0,,549CE3B5-8AF7-496F-96E4-CBBF76D3630B,Unknown,,S,,,St,S Detroit St,2023/09/12 23:03:18+00,948 S Detroit St Los Angeles 90036,549CE3B5-8AF7-496F-96E4-CBBF76D3630B_948_S_Detroit_St_Los_Angeles_90036,Detroit,948 S Detroit Street St Los Angeles 90036,,,,
614439,1191186,,5089023001.0,,5325.0,,,West,,,Olympic,Boulevard,,,,,,,,,,,,,90036.0,,Los Angeles,Los Angeles,,,,,LA City,{6BCF3E6C-472B-4383-8D4A-CBE9C883298B},0,,6BCF3E6C-472B-4383-8D4A-CBE9C883298B,Unknown,,W,,,Blvd,W Olympic Blvd,2023/09/12 23:03:18+00,5325 W Olympic Blvd Los Angeles 90036,6BCF3E6C-472B-4383-8D4A-CBE9C883298B_5325_W_Olympic_Blvd_Los_Angeles_90036,Olympic,5325 W Olympic Boulevard Blvd Los Angeles 90036,,,,
614440,1191187,,5089023001.0,,5319.0,,,West,,,Olympic,Boulevard,,,,,,,,,,,,,90036.0,,Los Angeles,Los Angeles,,,,,LA City,{066D92E5-47CC-40ED-98BC-8C9E17DD124C},0,,066D92E5-47CC-40ED-98BC-8C9E17DD124C,Unknown,,W,,,Blvd,W Olympic Blvd,2023/09/12 23:03:18+00,5319 W Olympic Blvd Los Angeles 90036,066D92E5-47CC-40ED-98BC-8C9E17DD124C_5319_W_Olympic_Blvd_Los_Angeles_90036,Olympic,5319 W Olympic Boulevard Blvd Los Angeles 90036,,,,
614441,1191188,,5089023001.0,,950.0,,,South,,,Detroit,Street,,,,,,,,,,,,,90036.0,,Los Angeles,Los Angeles,,,,,LA City,{13AF9ED9-E6CF-4A12-BA4C-47FC468052E1},0,,13AF9ED9-E6CF-4A12-BA4C-47FC468052E1,Unknown,,S,,,St,S Detroit St,2023/09/12 23:03:18+00,950 S Detroit St Los Angeles 90036,13AF9ED9-E6CF-4A12-BA4C-47FC468052E1_950_S_Detroit_St_Los_Angeles_90036,Detroit,950 S Detroit Street St Los Angeles 90036,,,,
614442,1191189,,5089023001.0,,952.0,,,South,,,Detroit,Street,,,,,,,,,,,,,90036.0,,Los Angeles,Los Angeles,,,,,LA City,{14BF75CB-7F24-4FB0-B7BF-2C02FD3B39AB},0,,14BF75CB-7F24-4FB0-B7BF-2C02FD3B39AB,Unknown,,S,,,St,S Detroit St,2023/09/12 23:03:18+00,952 S Detroit St Los Angeles 90036,14BF75CB-7F24-4FB0-B7BF-2C02FD3B39AB_952_S_Detroit_St_Los_Angeles_90036,Detroit,952 S Detroit Street St Los Angeles 90036,,,,
614443,1191190,,5089023002.0,,944.0,,,South,,,Detroit,Street,,,,,,,,,,,,,90036.0,,Los Angeles,Los Angeles,,,,,LA City,{9CE59C41-FFBC-49BE-950A-8A61E1EADD07},0,,9CE59C41-FFBC-49BE-950A-8A61E1EADD07,Unknown,,S,,,St,S Detroit St,2023/09/12 23:03:18+00,944 S Detroit St Los Angeles 90036,9CE59C41-FFBC-49BE-950A-8A61E1EADD07_944_S_Detroit_St_Los_Angeles_90036,Detroit,944 S Detroit Street St Los Angeles 90036,,,,
614444,1191191,,5089023002.0,,942.0,,,South,,,Detroit,Street,,,,,,,,,,,,,90036.0,,Los Angeles,Los Angeles,,,,,LA City,{E6B4B6C7-9858-4C6E-AF50-F686512A8176},0,,E6B4B6C7-9858-4C6E-AF50-F686512A8176,Unknown,,S,,,St,S Detroit St,2023/09/12 23:03:18+00,942 S Detroit St Los Angeles 90036,E6B4B6C7-9858-4C6E-AF50-F686512A8176_942_S_Detroit_St_Los_Angeles_90036,Detroit,942 S Detroit Street St Los Angeles 90036,,,,
614445,1191192,,5089023003.0,,936.0,,,South,,,Detroit,Street,,,,,,,,,,,,,90036.0,,Los Angeles,Los Angeles,,,,,LA City,{54BC3347-214E-4C92-89F2-6D799D9514F5},0,,54BC3347-214E-4C92-89F2-6D799D9514F5,Unknown,,S,,,St,S Detroit St,2023/09/12 23:03:18+00,936 S Detroit St Los Angeles 90036,54BC3347-214E-4C92-89F2-6D799D9514F5_936_S_Detroit_St_Los_Angeles_90036,Detroit,936 S Detroit Street St Los Angeles 90036,,,,
614446,1191193,,5089023003.0,,938.0,,,South,,,Detroit,Street,,,,,,,,,,,,,90036.0,,Los Angeles,Los Angeles,,,,,LA City,{10E924F6-AB72-4C1B-AD75-BE40907528FB},0,,10E924F6-AB72-4C1B-AD75-BE40907528FB,Unknown,,S,,,St,S Detroit St,2023/09/12 23:03:18+00,938 S Detroit St Los Angeles 90036,10E924F6-AB72-4C1B-AD75-BE40907528FB_938_S_Detroit_St_Los_Angeles_90036,Detroit,938 S Detroit Street St Los Angeles 90036,,,,
614447,1191194,,5089023004.0,,934.0,,,South,,,Detroit,Street,,,,,,,,,,,,,90036.0,,Los Angeles,Los Angeles,,,,,LA City,{D752EB52-E253-436C-B18B-877682708685},0,,D752EB52-E253-436C-B18B-877682708685,Unknown,,S,,,St,S Detroit St,2023/09/12 23:03:18+00,934 S Detroit St Los Angeles 90036,D752EB52-E253-436C-B18B-877682708685_934_S_Detroit_St_Los_Angeles_90036,Detroit,934 S Detroit Street St Los Angeles 90036,,,,
614448,1191195,,5089023004.0,,932.0,,,South,,,Detroit,Street,,,,,,,,,,,,,90036.0,,Los Angeles,Los Angeles,,,,,LA City,{70FD3905-5B2E-47EF-B3F8-165DF7D381EB},0,,70FD3905-5B2E-47EF-B3F8-165DF7D381EB,Unknown,,S,,,St,S Detroit St,2023/09/12 23:03:18+00,932 S Detroit St Los Angeles 90036,70FD3905-5B2E-47EF-B3F8-165DF7D381EB_932_S_Detroit_St_Los_Angeles_90036,Detroit,932 S Detroit Street St Los Angeles 90036,,,,
614449,1191196,,5089023007.0,,916.0,,,South,,,Detroit,Street,,,,,,,,,,,,,90036.0,,Los Angeles,Los Angeles,,,,,LA City,{8D36E79A-9335-4EF1-ABF7-9FA9AA9F2412},0,,8D36E79A-9335-4EF1-ABF7-9FA9AA9F2412,Unknown,,S,,,St,S Detroit St,2023/09/12 23:03:18+00,916 S Detroit St Los Angeles 90036,8D36E79A-9335-4EF1-ABF7-9FA9AA9F2412_916_S_Detroit_St_Los_Angeles_90036,Detroit,916 S Detroit Street St Los Angeles 90036,,,,
614450,1191197,,5089023007.0,,918.0,,,South,,,Detroit,Street,,,,,,,,,,,,,90036.0,,Los Angeles,Los Angeles,,,,,LA City,{54717DBB-A7D4-443A-886B-1FBA5F5E8FF1},0,,54717DBB-A7D4-443A-886B-1FBA5F5E8FF1,Unknown,,S,,,St,S Detroit St,2023/09/12 23:03:18+00,918 S Detroit St Los Angeles 90036,54717DBB-A7D4-443A-886B-1FBA5F5E8FF1_918_S_Detroit_St_Los_Angeles_90036,Detroit,918 S Detroit Street St Los Angeles 90036,,,,
614451,1191198,,5089023008.0,,912.0,,,South,,,Detroit,Street,,,,,,,,,,,,,90036.0,,Los Angeles,Los Angeles,,,,,LA City,{4BA9320C-74CB-444E-AA5F-A1AC3D6CC37A},0,,4BA9320C-74CB-444E-AA5F-A1AC3D6CC37A,Unknown,,S,,,St,S Detroit St,2023/09/12 23:03:18+00,912 S Detroit St Los Angeles 90036,4BA9320C-74CB-444E-AA5F-A1AC3D6CC37A_912_S_Detroit_St_Los_Angeles_90036,Detroit,912 S Detroit Street St Los Angeles 90036,,,,
614452,1191199,,5089023008.0,,914.0,,,South,,,Detroit,Street,,,,,,,,,,,,,90036.0,,Los Angeles,Los Angeles,,,,,LA City,{A25B60C0-1323-4A81-89FC-470F55D8B604},0,,A25B60C0-1323-4A81-89FC-470F55D8B604,Unknown,,S,,,St,S Detroit St,2023/09/12 23:03:18+00,914 S Detroit St Los Angeles 90036,A25B60C0-1323-4A81-89FC-470F55D8B604_914_S_Detroit_St_Los_Angeles_90036,Detroit,914 S Detroit Street St Los Angeles 90036,,,,
614453,1191200,,5089023009.0,,908.0,,,South,,,Detroit,Street,,,,,,,,,,,,,90036.0,,Los Angeles,Los Angeles,,,,,LA City,{86DB3D1D-9537-4BFD-8DC7-5274C17DDE5D},0,,86DB3D1D-9537-4BFD-8DC7-5274C17DDE5D,Unknown,,S,,,St,S Detroit St,2023/09/12 23:03:18+00,908 S Detroit St Los Angeles 90036,86DB3D1D-9537-4BFD-8DC7-5274C17DDE5D_908_S_Detroit_St_Los_Angeles_90036,Detroit,908 S Detroit Street St Los Angeles 90036,,,,
614454,1191201,,5089023009.0,,906.0,,,South,,,Detroit,Street,,,,,,,,,,,,,90036.0,,Los Angeles,Los Angeles,,,,,LA City,{951D388F-1C50-485C-899D-9C8DC53194FA},0,,951D388F-1C50-485C-899D-9C8DC53194FA,Unknown,,S,,,St,S Detroit St,2023/09/12 23:03:18+00,906 S Detroit St Los Angeles 90036,951D388F-1C50-485C-899D-9C8DC53194FA_906_S_Detroit_St_Los_Angeles_90036,Detroit,906 S Detroit Street St Los Angeles 90036,,,,
614455,1191202,,5089023010.0,,900.0,,,South,,,Detroit,Street,,,,,,,,,,,,,90036.0,,Los Angeles,Los Angeles,,,,,LA City,{0E5A72B4-B867-4523-A6C7-2EB587BF2755},0,,0E5A72B4-B867-4523-A6C7-2EB587BF2755,Unknown,,S,,,St,S Detroit St,2023/09/12 23:03:18+00,900 S Detroit St Los Angeles 90036,0E5A72B4-B867-4523-A6C7-2EB587BF2755_900_S_Detroit_St_Los_Angeles_90036,Detroit,900 S Detroit Street St Los Angeles 90036,,,,
614456,1191203,,5089023010.0,,902.0,,,South,,,Detroit,Street,,,,,,,,,,,,,90036.0,,Los Angeles,Los Angeles,,,,,LA City,{B4CE972F-4612-43B3-9C0E-F78A3C2A6F94},0,,B4CE972F-4612-43B3-9C0E-F78A3C2A6F94,Unknown,,S,,,St,S Detroit St,2023/09/12 23:03:18+00,902 S Detroit St Los Angeles 90036,B4CE972F-4612-43B3-9C0E-F78A3C2A6F94_902_S_Detroit_St_Los_Angeles_90036,Detroit,902 S Detroit Street St Los Angeles 90036,,,,
614457,1191204,,5089023017.0,,919.0,,,South,,,La Brea,Avenue,,,,,,,,,,,,,90036.0,,Los Angeles,Los Angeles,,,,,LA City,{485E245D-414B-44FD-828B-B2B2037B1207},0,,485E245D-414B-44FD-828B-B2B2037B1207,Unknown,,S,,,Ave,S La Brea Ave,2023/09/12 23:03:18+00,919 S La Brea Ave Los Angeles 90036,485E245D-414B-44FD-828B-B2B2037B1207_919_S_La_Brea_Ave_Los_Angeles_90036,La Brea,919 S La Brea Avenue Ave Los Angeles 90036,,,,
614458,1191205,,5089023017.0,,911.0,,,South,,,La Brea,Avenue,,,,,,,,,,,,,90036.0,,Los Angeles,Los Angeles,,,,,Assessor,{CBBA3DA7-F0F5-4049-A631-9EADC2E1629B},0,,CBBA3DA7-F0F5-4049-A631-9EADC2E1629B,Unknown,,S,,,Ave,S La Brea Ave,2024/04/27 17:13:09+00,911 S La Brea Ave Los Angeles 90036,CBBA3DA7-F0F5-4049-A631-9EADC2E1629B_911_S_La_Brea_Ave_Los_Angeles_90036,La Brea,911 S La Brea Avenue Ave Los Angeles 90036,,,,
614459,1191206,,5089023018.0,,915.0,,,South,,,La Brea,Avenue,,,,,,,,,,,,,90036.0,,Los Angeles,Los Angeles,,,,,LA City,{09C953D9-7713-462A-81AF-D7AF67DFEEF2},0,,09C953D9-7713-462A-81AF-D7AF67DFEEF2,Unknown,,S,,,Ave,S La Brea Ave,2023/09/12 23:03:18+00,915 S La Brea Ave Los Angeles 90036,09C953D9-7713-462A-81AF-D7AF67DFEEF2_915_S_La_Brea_Ave_Los_Angeles_90036,La Brea,915 S La Brea Avenue Ave Los Angeles 90036,,,,
614460,1191207,,5089023021.0,,927.0,,,South,,,La Brea,Avenue,,,,,,,,,,,,,90036.0,,Los Angeles,Los Angeles,,,,,LA City,{AFDC9DF6-134E-4BD0-9FEC-21FDE41FE23F},0,,AFDC9DF6-134E-4BD0-9FEC-21FDE41FE23F,Unknown,,S,,,Ave,S La Brea Ave,2023/09/12 23:03:18+00,927 S La Brea Ave Los Angeles 90036,AFDC9DF6-134E-4BD0-9FEC-21FDE41FE23F_927_S_La_Brea_Ave_Los_Angeles_90036,La Brea,927 S La Brea Avenue Ave Los Angeles 90036,,,,
614461,1191208,,5089023021.0,,933.0,,,South,,,La Brea,Avenue,,,,,,,,,,,,,90036.0,,Los Angeles,Los Angeles,,,,,LA City,{8CE958D5-DB00-42EA-ACC3-35D0AC5A7691},0,,8CE958D5-DB00-42EA-ACC3-35D0AC5A7691,Unknown,,S,,,Ave,S La Brea Ave,2023/09/12 23:03:18+00,933 S La Brea Ave Los Angeles 90036,8CE958D5-DB00-42EA-ACC3-35D0AC5A7691_933_S_La_Brea_Ave_Los_Angeles_90036,La Brea,933 S La Brea Avenue Ave Los Angeles 90036,,,,
614462,1191209,,5089023021.0,,923.0,,,South,,,La Brea,Avenue,,,,,,,,,,,,,90036.0,,Los Angeles,Los Angeles,,,,,LA City,{EB6DAE5A-DEA4-49B5-AE42-B5D930833C2C},0,,EB6DAE5A-DEA4-49B5-AE42-B5D930833C2C,Unknown,,S,,,Ave,S La Brea Ave,2023/09/12 23:03:18+00,923 S La Brea Ave Los Angeles 90036,EB6DAE5A-DEA4-49B5-AE42-B5D930833C2C_923_S_La_Brea_Ave_Los_Angeles_90036,La Brea,923 S La Brea Avenue Ave Los Angeles 90036,,,,
614463,1191210,,5089023022.0,,5301.0,,,West,,,Olympic,Boulevard,,,,,,,,,,,,,90036.0,,Los Angeles,Los Angeles,,,,,LA City,{8C02F238-CF6B-4B36-AA05-A894BB78D0DF},0,,8C02F238-CF6B-4B36-AA05-A894BB78D0DF,Unknown,,W,,,Blvd,W Olympic Blvd,2023/09/12 23:03:18+00,5301 W Olympic Blvd Los Angeles 90036,8C02F238-CF6B-4B36-AA05-A894BB78D0DF_5301_W_Olympic_Blvd_Los_Angeles_90036,Olympic,5301 W Olympic Boulevard Blvd Los Angeles 90036,,,,
614464,1191211,,5089023024.0,,901.0,,,South,,,La Brea,Avenue,,,,,,,,,,,,,90036.0,,Los Angeles,Los Angeles,,,,,LA City,{E6463373-B231-4A5C-9C45-CBDA0D347FEE},0,,E6463373-B231-4A5C-9C45-CBDA0D347FEE,Unknown,,S,,,Ave,S La Brea Ave,2023/09/12 23:03:18+00,901 S La Brea Ave Los Angeles 90036,E6463373-B231-4A5C-9C45-CBDA0D347FEE_901_S_La_Brea_Ave_Los_Angeles_90036,La Brea,901 S La Brea Avenue Ave Los Angeles 90036,,,,
614465,1191212,,5089023024.0,,5300.0,,,West,,,9Th,Street,,,,,,,,,,,,,90036.0,,Los Angeles,Los Angeles,,,,,LA City,{9750969A-D2E9-48F1-995F-A36EA7F72EAE},0,,9750969A-D2E9-48F1-995F-A36EA7F72EAE,Unknown,,W,,,St,W 9Th St,2023/09/12 23:03:18+00,5300 W 9Th St Los Angeles 90036,9750969A-D2E9-48F1-995F-A36EA7F72EAE_5300_W_9Th_St_Los_Angeles_90036,9Th,5300 W 9Th Street St Los Angeles 90036,,,,
614466,1191213,,5089023024.0,,905.0,,,South,,,La Brea,Avenue,,,,,,,,,,,,,90036.0,,Los Angeles,Los Angeles,,,,,LA City,{54156CB7-B671-499A-AB1F-6BE50DDCCD4E},0,,54156CB7-B671-499A-AB1F-6BE50DDCCD4E,Unknown,,S,,,Ave,S La Brea Ave,2023/09/12 23:03:18+00,905 S La Brea Ave Los Angeles 90036,54156CB7-B671-499A-AB1F-6BE50DDCCD4E_905_S_La_Brea_Ave_Los_Angeles_90036,La Brea,905 S La Brea Avenue Ave Los Angeles 90036,,,,
614467,1191214,,5089023025.0,,926.0,,,South,,,Detroit,Street,,,,,,,,,,,,,90036.0,,Los Angeles,Los Angeles,,,,,LA City,{A3933A25-E63B-415F-B045-B7C70BBA5D8D},0,,A3933A25-E63B-415F-B045-B7C70BBA5D8D,Unknown,,S,,,St,S Detroit St,2023/09/12 23:03:18+00,926 S Detroit St Los Angeles 90036,A3933A25-E63B-415F-B045-B7C70BBA5D8D_926_S_Detroit_St_Los_Angeles_90036,Detroit,926 S Detroit Street St Los Angeles 90036,,,,
614468,1191215,,5089023025.0,,922.0,,,South,,,Detroit,Street,,,,,,,,,,,,,90036.0,,Los Angeles,Los Angeles,,,,,LA City,{9A750F2A-E1D3-4E42-890E-337F5AE165F2},0,,9A750F2A-E1D3-4E42-890E-337F5AE165F2,Unknown,,S,,,St,S Detroit St,2023/09/12 23:03:18+00,922 S Detroit St Los Angeles 90036,9A750F2A-E1D3-4E42-890E-337F5AE165F2_922_S_Detroit_St_Los_Angeles_90036,Detroit,922 S Detroit Street St Los Angeles 90036,,,,
614469,1191216,,5089024001.0,,948.0,,,South,,,Cochran,Avenue,,,,,,,,,,,,,90036.0,,Los Angeles,Los Angeles,,,,,LA City,{BF4CB298-902C-44D4-9FAE-02586A7A3829},0,,BF4CB298-902C-44D4-9FAE-02586A7A3829,Unknown,,S,,,Ave,S Cochran Ave,2023/09/12 23:03:18+00,948 S Cochran Ave Los Angeles 90036,BF4CB298-902C-44D4-9FAE-02586A7A3829_948_S_Cochran_Ave_Los_Angeles_90036,Cochran,948 S Cochran Avenue Ave Los Angeles 90036,,,,
614470,1191217,,5089024002.0,,942.0,,,South,,,Cochran,Avenue,,,,,,,,,,,,,90036.0,,Los Angeles,Los Angeles,,,,,LA City,{A38DED73-A7F3-4074-99D5-426CD6FF8D12},0,,A38DED73-A7F3-4074-99D5-426CD6FF8D12,Unknown,,S,,,Ave,S Cochran Ave,2023/09/12 23:03:18+00,942 S Cochran Ave Los Angeles 90036,A38DED73-A7F3-4074-99D5-426CD6FF8D12_942_S_Cochran_Ave_Los_Angeles_90036,Cochran,942 S Cochran Avenue Ave Los Angeles 90036,,,,
614471,1191218,,5089024003.0,,938.0,,,South,,,Cochran,Avenue,,,,,,,,,,,,,90036.0,,Los Angeles,Los Angeles,,,,,LA City,{E24A5A86-55C7-4323-8947-470DC1627EFD},0,,E24A5A86-55C7-4323-8947-470DC1627EFD,Unknown,,S,,,Ave,S Cochran Ave,2023/09/12 23:03:18+00,938 S Cochran Ave Los Angeles 90036,E24A5A86-55C7-4323-8947-470DC1627EFD_938_S_Cochran_Ave_Los_Angeles_90036,Cochran,938 S Cochran Avenue Ave Los Angeles 90036,,,,
614472,1191219,,5089024004.0,,932.0,,,South,,,Cochran,Avenue,,,,,,,,,,,,,90036.0,,Los Angeles,Los Angeles,,,,,LA City,{9C73E972-AED1-49C0-9AB7-018767192F52},0,,9C73E972-AED1-49C0-9AB7-018767192F52,Unknown,,S,,,Ave,S Cochran Ave,2023/09/12 23:03:18+00,932 S Cochran Ave Los Angeles 90036,9C73E972-AED1-49C0-9AB7-018767192F52_932_S_Cochran_Ave_Los_Angeles_90036,Cochran,932 S Cochran Avenue Ave Los Angeles 90036,,,,
614473,1191220,,5089024005.0,,926.0,,,South,,,Cochran,Avenue,,,,,,,,,,,,,90036.0,,Los Angeles,Los Angeles,,,,,LA City,{E4C2DE11-A943-4129-BAB3-FBE06B970411},0,,E4C2DE11-A943-4129-BAB3-FBE06B970411,Unknown,,S,,,Ave,S Cochran Ave,2023/09/12 23:03:18+00,926 S Cochran Ave Los Angeles 90036,E4C2DE11-A943-4129-BAB3-FBE06B970411_926_S_Cochran_Ave_Los_Angeles_90036,Cochran,926 S Cochran Avenue Ave Los Angeles 90036,,,,
614474,1191221,,5089024006.0,,920.0,,,South,,,Cochran,Avenue,,,,,,,,,,,,,90036.0,,Los Angeles,Los Angeles,,,,,LA City,{ADC5DA76-745B-4D3D-A131-F2D0A9085ECD},0,,ADC5DA76-745B-4D3D-A131-F2D0A9085ECD,Unknown,,S,,,Ave,S Cochran Ave,2023/09/12 23:03:18+00,920 S Cochran Ave Los Angeles 90036,ADC5DA76-745B-4D3D-A131-F2D0A9085ECD_920_S_Cochran_Ave_Los_Angeles_90036,Cochran,920 S Cochran Avenue Ave Los Angeles 90036,,,,
614475,1191222,,5089024007.0,,914.0,,,South,,,Cochran,Avenue,,,,,,,,,,,,,90036.0,,Los Angeles,Los Angeles,,,,,LA City,{9E02A3F6-489C-476E-B033-F2A7C01EE28F},0,,9E02A3F6-489C-476E-B033-F2A7C01EE28F,Unknown,,S,,,Ave,S Cochran Ave,2023/09/12 23:03:18+00,914 S Cochran Ave Los Angeles 90036,9E02A3F6-489C-476E-B033-F2A7C01EE28F_914_S_Cochran_Ave_Los_Angeles_90036,Cochran,914 S Cochran Avenue Ave Los Angeles 90036,,,,
614476,1191223,,5089024008.0,,908.0,,,South,,,Cochran,Avenue,,,,,,,,,,,,,90036.0,,Los Angeles,Los Angeles,,,,,LA City,{8367B3D6-7101-427E-9C54-48B5E64B9703},0,,8367B3D6-7101-427E-9C54-48B5E64B9703,Unknown,,S,,,Ave,S Cochran Ave,2023/09/12 23:03:18+00,908 S Cochran Ave Los Angeles 90036,8367B3D6-7101-427E-9C54-48B5E64B9703_908_S_Cochran_Ave_Los_Angeles_90036,Cochran,908 S Cochran Avenue Ave Los Angeles 90036,,,,
614477,1191224,,5089024009.0,,5466.0,,,West,,,9Th,Street,,,,,,,,,,,,,90036.0,,Los Angeles,Los Angeles,,,,,LA City,{10307139-F1BE-4D93-8904-3CC43719D068},0,,10307139-F1BE-4D93-8904-3CC43719D068,Unknown,,W,,,St,W 9Th St,2023/09/12 23:03:18+00,5466 W 9Th St Los Angeles 90036,10307139-F1BE-4D93-8904-3CC43719D068_5466_W_9Th_St_Los_Angeles_90036,9Th,5466 W 9Th Street St Los Angeles 90036,,,,
614478,1191225,,5089024010.0,,901.0,,,South,,,Cloverdale,Avenue,,,,,,,,,,,,,90036.0,,Los Angeles,Los Angeles,,,,,LA City,{C2704187-D4FD-466F-8816-4B023A1DDB00},0,,C2704187-D4FD-466F-8816-4B023A1DDB00,Unknown,,S,,,Ave,S Cloverdale Ave,2023/09/12 23:03:18+00,901 S Cloverdale Ave Los Angeles 90036,C2704187-D4FD-466F-8816-4B023A1DDB00_901_S_Cloverdale_Ave_Los_Angeles_90036,Cloverdale,901 S Cloverdale Avenue Ave Los Angeles 90036,,,,
614479,1191226,,5089024011.0,,909.0,,,South,,,Cloverdale,Avenue,,,,,,,,,,,,,90036.0,,Los Angeles,Los Angeles,,,,,LA City,{38E53F20-6139-4E37-BE32-3EF78E30068D},0,,38E53F20-6139-4E37-BE32-3EF78E30068D,Unknown,,S,,,Ave,S Cloverdale Ave,2023/09/12 23:03:18+00,909 S Cloverdale Ave Los Angeles 90036,38E53F20-6139-4E37-BE32-3EF78E30068D_909_S_Cloverdale_Ave_Los_Angeles_90036,Cloverdale,909 S Cloverdale Avenue Ave Los Angeles 90036,,,,
614480,1191227,,5089024012.0,,915.0,,,South,,,Cloverdale,Avenue,,,,,,,,,,,,,90036.0,,Los Angeles,Los Angeles,,,,,LA City,{EFCD19CF-5E97-4187-B8DC-F6F633332002},0,,EFCD19CF-5E97-4187-B8DC-F6F633332002,Unknown,,S,,,Ave,S Cloverdale Ave,2023/09/12 23:03:18+00,915 S Cloverdale Ave Los Angeles 90036,EFCD19CF-5E97-4187-B8DC-F6F633332002_915_S_Cloverdale_Ave_Los_Angeles_90036,Cloverdale,915 S Cloverdale Avenue Ave Los Angeles 90036,,,,
614481,1191228,,5089024013.0,,925.0,,,South,,,Cloverdale,Avenue,,,,,,,,,,,,,90036.0,,Los Angeles,Los Angeles,,,,,LA City,{F92586C0-C420-4179-B40B-0137516EAEE9},0,,F92586C0-C420-4179-B40B-0137516EAEE9,Unknown,,S,,,Ave,S Cloverdale Ave,2023/09/12 23:03:18+00,925 S Cloverdale Ave Los Angeles 90036,F92586C0-C420-4179-B40B-0137516EAEE9_925_S_Cloverdale_Ave_Los_Angeles_90036,Cloverdale,925 S Cloverdale Avenue Ave Los Angeles 90036,,,,
614482,1191229,,5089024014.0,,929.0,,,South,,,Cloverdale,Avenue,,,,,,,,,,,,,90036.0,,Los Angeles,Los Angeles,,,,,LA City,{8AFF25A8-0794-4310-B901-2B6BF9D83538},0,,8AFF25A8-0794-4310-B901-2B6BF9D83538,Unknown,,S,,,Ave,S Cloverdale Ave,2023/09/12 23:03:18+00,929 S Cloverdale Ave Los Angeles 90036,8AFF25A8-0794-4310-B901-2B6BF9D83538_929_S_Cloverdale_Ave_Los_Angeles_90036,Cloverdale,929 S Cloverdale Avenue Ave Los Angeles 90036,,,,
614483,1191230,,5089024015.0,,935.0,,,South,,,Cloverdale,Avenue,,,,,,,,,,,,,90036.0,,Los Angeles,Los Angeles,,,,,LA City,{A7E0AA90-A167-4310-A5D6-3E1AFC613456},0,,A7E0AA90-A167-4310-A5D6-3E1AFC613456,Unknown,,S,,,Ave,S Cloverdale Ave,2023/09/12 23:03:18+00,935 S Cloverdale Ave Los Angeles 90036,A7E0AA90-A167-4310-A5D6-3E1AFC613456_935_S_Cloverdale_Ave_Los_Angeles_90036,Cloverdale,935 S Cloverdale Avenue Ave Los Angeles 90036,,,,
614484,1191231,,5089024016.0,,941.0,,,South,,,Cloverdale,Avenue,,,,,,,,,,,,,90036.0,,Los Angeles,Los Angeles,,,,,LA City,{C71F3FE5-A058-4989-BC15-9F478F7A6F9D},0,,C71F3FE5-A058-4989-BC15-9F478F7A6F9D,Unknown,,S,,,Ave,S Cloverdale Ave,2023/09/12 23:03:18+00,941 S Cloverdale Ave Los Angeles 90036,C71F3FE5-A058-4989-BC15-9F478F7A6F9D_941_S_Cloverdale_Ave_Los_Angeles_90036,Cloverdale,941 S Cloverdale Avenue Ave Los Angeles 90036,,,,
614485,1191232,,5089024017.0,,947.0,,,South,,,Cloverdale,Avenue,,,,,,,,,,,,,90036.0,,Los Angeles,Los Angeles,,,,,LA City,{8A4A81DF-0896-4684-9AB6-CEBA22501D42},0,,8A4A81DF-0896-4684-9AB6-CEBA22501D42,Unknown,,S,,,Ave,S Cloverdale Ave,2023/09/12 23:03:18+00,947 S Cloverdale Ave Los Angeles 90036,8A4A81DF-0896-4684-9AB6-CEBA22501D42_947_S_Cloverdale_Ave_Los_Angeles_90036,Cloverdale,947 S Cloverdale Avenue Ave Los Angeles 90036,,,,
614486,1191233,,5089024019.0,,5401.0,,,West,,,Olympic,Boulevard,,,,,,,,,,,,1-13,90036.0,,Los Angeles,Los Angeles,,,,,LA City,{825386D0-C9DC-432A-8F97-8FCA8699FDD6},0,,825386D0-C9DC-432A-8F97-8FCA8699FDD6,Unknown,,W,,,Blvd,W Olympic Blvd,2023/09/12 23:03:18+00,5401 W Olympic Blvd 1-13 Los Angeles 90036,825386D0-C9DC-432A-8F97-8FCA8699FDD6_5401_W_Olympic_Blvd_1-13_Los_Angeles_90036,Olympic,5401 W Olympic Boulevard Blvd 1-13 Los Angeles 90036,,,,
614487,1191234,,5089024019.0,,953.0,,,South,,,Cloverdale,Avenue,,,,,,,,,,,,,90036.0,,Los Angeles,Los Angeles,,,,,LA City,{3B9C5B60-745B-4436-9DE3-71C1393234A5},0,,3B9C5B60-745B-4436-9DE3-71C1393234A5,Unknown,,S,,,Ave,S Cloverdale Ave,2023/09/12 23:03:18+00,953 S Cloverdale Ave Los Angeles 90036,3B9C5B60-745B-4436-9DE3-71C1393234A5_953_S_Cloverdale_Ave_Los_Angeles_90036,Cloverdale,953 S Cloverdale Avenue Ave Los Angeles 90036,,,,
614488,1191235,,5089024020.0,,952.0,,,South,,,Cloverdale,Avenue,,,,,,,,,,,,,90036.0,,Los Angeles,Los Angeles,,,,,LA City,{2720E44B-E937-48FF-AF91-C7B398026CAD},0,,2720E44B-E937-48FF-AF91-C7B398026CAD,Unknown,,S,,,Ave,S Cloverdale Ave,2023/09/12 23:03:18+00,952 S Cloverdale Ave Los Angeles 90036,2720E44B-E937-48FF-AF91-C7B398026CAD_952_S_Cloverdale_Ave_Los_Angeles_90036,Cloverdale,952 S Cloverdale Avenue Ave Los Angeles 90036,,,,
614489,1191236,,5089024021.0,,946.0,,,South,,,Cloverdale,Avenue,,,,,,,,,,,,,90036.0,,Los Angeles,Los Angeles,,,,,LA City,{E4EB7BC3-5EC0-4018-B367-B6B6C11C333D},0,,E4EB7BC3-5EC0-4018-B367-B6B6C11C333D,Unknown,,S,,,Ave,S Cloverdale Ave,2023/09/12 23:03:18+00,946 S Cloverdale Ave Los Angeles 90036,E4EB7BC3-5EC0-4018-B367-B6B6C11C333D_946_S_Cloverdale_Ave_Los_Angeles_90036,Cloverdale,946 S Cloverdale Avenue Ave Los Angeles 90036,,,,
614490,1191237,,5089024022.0,,940.0,,,South,,,Cloverdale,Avenue,,,,,,,,,,,,,90036.0,,Los Angeles,Los Angeles,,,,,LA City,{25E314F2-DA45-4AB8-8410-23113F7104C5},0,,25E314F2-DA45-4AB8-8410-23113F7104C5,Unknown,,S,,,Ave,S Cloverdale Ave,2023/09/12 23:03:18+00,940 S Cloverdale Ave Los Angeles 90036,25E314F2-DA45-4AB8-8410-23113F7104C5_940_S_Cloverdale_Ave_Los_Angeles_90036,Cloverdale,940 S Cloverdale Avenue Ave Los Angeles 90036,,,,
614491,1191238,,5089024023.0,,932.0,,,South,,,Cloverdale,Avenue,,,,,,,,,,,,,90036.0,,Los Angeles,Los Angeles,,,,,LA City,{7320E966-61C3-4672-B552-C5A738B85058},0,,7320E966-61C3-4672-B552-C5A738B85058,Unknown,,S,,,Ave,S Cloverdale Ave,2023/09/12 23:03:18+00,932 S Cloverdale Ave Los Angeles 90036,7320E966-61C3-4672-B552-C5A738B85058_932_S_Cloverdale_Ave_Los_Angeles_90036,Cloverdale,932 S Cloverdale Avenue Ave Los Angeles 90036,,,,
614492,1191239,,5089024024.0,,928.0,,,South,,,Cloverdale,Avenue,,,,,,,,,,,,,90036.0,,Los Angeles,Los Angeles,,,,,LA City,{0BB1EF92-F62F-480E-97D0-D2A9B62ECFB4},0,,0BB1EF92-F62F-480E-97D0-D2A9B62ECFB4,Unknown,,S,,,Ave,S Cloverdale Ave,2023/09/12 23:03:18+00,928 S Cloverdale Ave Los Angeles 90036,0BB1EF92-F62F-480E-97D0-D2A9B62ECFB4_928_S_Cloverdale_Ave_Los_Angeles_90036,Cloverdale,928 S Cloverdale Avenue Ave Los Angeles 90036,,,,
614493,1191240,,5089024024.0,,930.0,,,South,,,Cloverdale,Avenue,,,,,,,,,,,,,90036.0,,Los Angeles,Los Angeles,,,,,LA City,{5D44D50E-A5B2-464F-A295-324F0D9F7406},0,,5D44D50E-A5B2-464F-A295-324F0D9F7406,Unknown,,S,,,Ave,S Cloverdale Ave,2023/09/12 23:03:18+00,930 S Cloverdale Ave Los Angeles 90036,5D44D50E-A5B2-464F-A295-324F0D9F7406_930_S_Cloverdale_Ave_Los_Angeles_90036,Cloverdale,930 S Cloverdale Avenue Ave Los Angeles 90036,,,,
614494,1191241,,5089024025.0,,922.0,,,South,,,Cloverdale,Avenue,,,,,,,,,,,,,90036.0,,Los Angeles,Los Angeles,,,,,LA City,{9EB56F6F-6554-4228-9467-6ED8BE62F8C2},0,,9EB56F6F-6554-4228-9467-6ED8BE62F8C2,Unknown,,S,,,Ave,S Cloverdale Ave,2023/09/12 23:03:18+00,922 S Cloverdale Ave Los Angeles 90036,9EB56F6F-6554-4228-9467-6ED8BE62F8C2_922_S_Cloverdale_Ave_Los_Angeles_90036,Cloverdale,922 S Cloverdale Avenue Ave Los Angeles 90036,,,,
614495,1191242,,5089024026.0,,914.0,,,South,,,Cloverdale,Avenue,,,,,,,,,,,,,90036.0,,Los Angeles,Los Angeles,,,,,LA City,{37B785A9-D487-4128-90AB-743A726DF223},0,,37B785A9-D487-4128-90AB-743A726DF223,Unknown,,S,,,Ave,S Cloverdale Ave,2023/09/12 23:03:18+00,914 S Cloverdale Ave Los Angeles 90036,37B785A9-D487-4128-90AB-743A726DF223_914_S_Cloverdale_Ave_Los_Angeles_90036,Cloverdale,914 S Cloverdale Avenue Ave Los Angeles 90036,,,,
614496,1191243,,5089024027.0,,908.0,,,South,,,Cloverdale,Avenue,,,,,,,,,,,,,90036.0,,Los Angeles,Los Angeles,,,,,LA City,{E941A30B-8944-4567-A845-AF5E44C63625},0,,E941A30B-8944-4567-A845-AF5E44C63625,Unknown,,S,,,Ave,S Cloverdale Ave,2023/09/12 23:03:18+00,908 S Cloverdale Ave Los Angeles 90036,E941A30B-8944-4567-A845-AF5E44C63625_908_S_Cloverdale_Ave_Los_Angeles_90036,Cloverdale,908 S Cloverdale Avenue Ave Los Angeles 90036,,,,
614497,1191244,,5089024028.0,,902.0,,,South,,,Cloverdale,Avenue,,,,,,,,,,,,,90036.0,,Los Angeles,Los Angeles,,,,,LA City,{6F00011E-1629-4825-B1AE-DA099EBAEDA7},0,,6F00011E-1629-4825-B1AE-DA099EBAEDA7,Unknown,,S,,,Ave,S Cloverdale Ave,2023/09/12 23:03:18+00,902 S Cloverdale Ave Los Angeles 90036,6F00011E-1629-4825-B1AE-DA099EBAEDA7_902_S_Cloverdale_Ave_Los_Angeles_90036,Cloverdale,902 S Cloverdale Avenue Ave Los Angeles 90036,,,,
614498,1191245,,5089024028.0,,5420.0,,,West,,,9Th,Street,,,,,,,,,,,,,90036.0,,Los Angeles,Los Angeles,,,,,LA City,{1FF55ED3-72A2-4FEC-823F-B3A933A92745},0,,1FF55ED3-72A2-4FEC-823F-B3A933A92745,Unknown,,W,,,St,W 9Th St,2023/09/12 23:03:18+00,5420 W 9Th St Los Angeles 90036,1FF55ED3-72A2-4FEC-823F-B3A933A92745_5420_W_9Th_St_Los_Angeles_90036,9Th,5420 W 9Th Street St Los Angeles 90036,,,,
614499,1191246,,5089024028.0,,5418.0,,,West,,,9Th,Street,,,,,,,,,,,,,90036.0,,Los Angeles,Los Angeles,,,,,LA City,{39F179FB-FD1A-43C7-881B-3135AF035331},0,,39F179FB-FD1A-43C7-881B-3135AF035331,Unknown,,W,,,St,W 9Th St,2023/09/12 23:03:18+00,5418 W 9Th St Los Angeles 90036,39F179FB-FD1A-43C7-881B-3135AF035331_5418_W_9Th_St_Los_Angeles_90036,9Th,5418 W 9Th Street St Los Angeles 90036,,,,
614500,1191247,,5089024028.0,,5416.0,,,West,,,9Th,Street,,,,,,,,,,,,,90036.0,,Los Angeles,Los Angeles,,,,,LA City,{AAA76A27-A5C7-45FA-A68B-41C0F37C8B49},0,,AAA76A27-A5C7-45FA-A68B-41C0F37C8B49,Unknown,,W,,,St,W 9Th St,2023/09/12 23:03:18+00,5416 W 9Th St Los Angeles 90036,AAA76A27-A5C7-45FA-A68B-41C0F37C8B49_5416_W_9Th_St_Los_Angeles_90036,9Th,5416 W 9Th Street St Los Angeles 90036,,,,
614501,1191248,,5089024028.0,,5414.0,,,West,,,9Th,Street,,,,,,,,,,,,,90036.0,,Los Angeles,Los Angeles,,,,,LA City,{A0ED9677-DE52-46A7-BEA8-69DCCCD18954},0,,A0ED9677-DE52-46A7-BEA8-69DCCCD18954,Unknown,,W,,,St,W 9Th St,2023/09/12 23:03:18+00,5414 W 9Th St Los Angeles 90036,A0ED9677-DE52-46A7-BEA8-69DCCCD18954_5414_W_9Th_St_Los_Angeles_90036,9Th,5414 W 9Th Street St Los Angeles 90036,,,,
614502,1191249,,5089024031.0,,919.0,,,South,,,Detroit,Street,,,,,,,,,,,,,90036.0,,Los Angeles,Los Angeles,,,,,LA City,{C72EE2A6-9CDC-4FA0-9CC1-679ED4F1D7BF},0,,C72EE2A6-9CDC-4FA0-9CC1-679ED4F1D7BF,Unknown,,S,,,St,S Detroit St,2023/09/12 23:03:18+00,919 S Detroit St Los Angeles 90036,C72EE2A6-9CDC-4FA0-9CC1-679ED4F1D7BF_919_S_Detroit_St_Los_Angeles_90036,Detroit,919 S Detroit Street St Los Angeles 90036,,,,
614503,1191250,,5089024031.0,,917.0,,,South,,,Detroit,Street,,,,,,,,,,,,,90036.0,,Los Angeles,Los Angeles,,,,,LA City,{64696D72-8C02-4F5F-B62C-F30B16FCDB3B},0,,64696D72-8C02-4F5F-B62C-F30B16FCDB3B,Unknown,,S,,,St,S Detroit St,2023/09/12 23:03:18+00,917 S Detroit St Los Angeles 90036,64696D72-8C02-4F5F-B62C-F30B16FCDB3B_917_S_Detroit_St_Los_Angeles_90036,Detroit,917 S Detroit Street St Los Angeles 90036,,,,
614504,1191251,,5089024032.0,,923.0,,,South,,,Detroit,Street,,,,,,,,,,,,,90036.0,,Los Angeles,Los Angeles,,,,,LA City,{6DE46D10-C97F-46A0-A72D-ECA81C766500},0,,6DE46D10-C97F-46A0-A72D-ECA81C766500,Unknown,,S,,,St,S Detroit St,2023/09/12 23:03:18+00,923 S Detroit St Los Angeles 90036,6DE46D10-C97F-46A0-A72D-ECA81C766500_923_S_Detroit_St_Los_Angeles_90036,Detroit,923 S Detroit Street St Los Angeles 90036,,,,
614505,1191252,,5089024032.0,,925.0,,,South,,,Detroit,Street,,,,,,,,,,,,,90036.0,,Los Angeles,Los Angeles,,,,,LA City,{A08F5752-AEFA-4696-9C7C-38F34BDFE915},0,,A08F5752-AEFA-4696-9C7C-38F34BDFE915,Unknown,,S,,,St,S Detroit St,2023/09/12 23:03:18+00,925 S Detroit St Los Angeles 90036,A08F5752-AEFA-4696-9C7C-38F34BDFE915_925_S_Detroit_St_Los_Angeles_90036,Detroit,925 S Detroit Street St Los Angeles 90036,,,,
614506,1191253,,5089024033.0,,929.0,,,South,,,Detroit,Street,,,,,,,,,,,,,90036.0,,Los Angeles,Los Angeles,,,,,LA City,{A6E16515-462C-47BD-9F43-DD0FE68E7A93},0,,A6E16515-462C-47BD-9F43-DD0FE68E7A93,Unknown,,S,,,St,S Detroit St,2023/09/12 23:03:18+00,929 S Detroit St Los Angeles 90036,A6E16515-462C-47BD-9F43-DD0FE68E7A93_929_S_Detroit_St_Los_Angeles_90036,Detroit,929 S Detroit Street St Los Angeles 90036,,,,
614507,1191254,,5089024033.0,,927.0,,,South,,,Detroit,Street,,,,,,,,,,,,,90036.0,,Los Angeles,Los Angeles,,,,,LA City,{884AF6E1-0DC3-447F-A2B6-ED3155D75DCB},0,,884AF6E1-0DC3-447F-A2B6-ED3155D75DCB,Unknown,,S,,,St,S Detroit St,2023/09/12 23:03:18+00,927 S Detroit St Los Angeles 90036,884AF6E1-0DC3-447F-A2B6-ED3155D75DCB_927_S_Detroit_St_Los_Angeles_90036,Detroit,927 S Detroit Street St Los Angeles 90036,,,,
614508,1191255,,5089024034.0,,935.0,,,South,,,Detroit,Street,,,,,,,,,,,,,90036.0,,Los Angeles,Los Angeles,,,,,LA City,{5C40136F-29D8-42BC-B8E4-A677A9CB4B19},0,,5C40136F-29D8-42BC-B8E4-A677A9CB4B19,Unknown,,S,,,St,S Detroit St,2023/09/12 23:03:18+00,935 S Detroit St Los Angeles 90036,5C40136F-29D8-42BC-B8E4-A677A9CB4B19_935_S_Detroit_St_Los_Angeles_90036,Detroit,935 S Detroit Street St Los Angeles 90036,,,,
614509,1191256,,5089024034.0,,933.0,,,South,,,Detroit,Street,,,,,,,,,,,,,90036.0,,Los Angeles,Los Angeles,,,,,LA City,{4E006697-ECA2-432D-BAAF-8CA4598B2839},0,,4E006697-ECA2-432D-BAAF-8CA4598B2839,Unknown,,S,,,St,S Detroit St,2023/09/12 23:03:18+00,933 S Detroit St Los Angeles 90036,4E006697-ECA2-432D-BAAF-8CA4598B2839_933_S_Detroit_St_Los_Angeles_90036,Detroit,933 S Detroit Street St Los Angeles 90036,,,,
614510,1191257,,5089024035.0,,937.0,,,South,,,Detroit,Street,,,,,,,,,,,,,90036.0,,Los Angeles,Los Angeles,,,,,LA City,{97F55055-8463-4CF8-9BBB-AABE8364887B},0,,97F55055-8463-4CF8-9BBB-AABE8364887B,Unknown,,S,,,St,S Detroit St,2023/09/12 23:03:18+00,937 S Detroit St Los Angeles 90036,97F55055-8463-4CF8-9BBB-AABE8364887B_937_S_Detroit_St_Los_Angeles_90036,Detroit,937 S Detroit Street St Los Angeles 90036,,,,
614511,1191258,,5089024036.0,,943.0,,,South,,,Detroit,Street,,,,,,,,,,,,,90036.0,,Los Angeles,Los Angeles,,,,,LA City,{744B9B36-5CC9-498D-8779-2183394FEEC1},0,,744B9B36-5CC9-498D-8779-2183394FEEC1,Unknown,,S,,,St,S Detroit St,2023/09/12 23:03:18+00,943 S Detroit St Los Angeles 90036,744B9B36-5CC9-498D-8779-2183394FEEC1_943_S_Detroit_St_Los_Angeles_90036,Detroit,943 S Detroit Street St Los Angeles 90036,,,,
614512,1191259,,5089024037.0,,949.0,,,South,,,Detroit,Street,,,,,,,,,,,,,90036.0,,Los Angeles,Los Angeles,,,,,LA City,{2C6F1938-CE9A-445B-A04B-7D7858017A87},0,,2C6F1938-CE9A-445B-A04B-7D7858017A87,Unknown,,S,,,St,S Detroit St,2023/09/12 23:03:18+00,949 S Detroit St Los Angeles 90036,2C6F1938-CE9A-445B-A04B-7D7858017A87_949_S_Detroit_St_Los_Angeles_90036,Detroit,949 S Detroit Street St Los Angeles 90036,,,,
614513,1191260,,5089024037.0,,951.0,1/2,,South,,,Detroit,Street,,,,,,,,,,,,,90036.0,,Los Angeles,Los Angeles,,,,,LA City,{0B0C3E46-893A-4989-ADED-F407A26C9075},0,,0B0C3E46-893A-4989-ADED-F407A26C9075,Unknown,,S,,,St,S Detroit St,2024/05/12 21:05:27+00,951 1/2 S Detroit St Los Angeles 90036,0B0C3E46-893A-4989-ADED-F407A26C9075_951_1/2_S_Detroit_St_Los_Angeles_90036,Detroit,951 1/2 S Detroit Street St Los Angeles 90036,,,,
614514,1191261,,5089024037.0,,951.0,,,South,,,Detroit,Street,,,,,,,,,,,,,90036.0,,Los Angeles,Los Angeles,,,,,LA City,{592DCA48-8211-44E0-A3AA-76D10ED52295},0,,592DCA48-8211-44E0-A3AA-76D10ED52295,Unknown,,S,,,St,S Detroit St,2024/05/12 21:05:27+00,951 S Detroit St Los Angeles 90036,592DCA48-8211-44E0-A3AA-76D10ED52295_951_S_Detroit_St_Los_Angeles_90036,Detroit,951 S Detroit Street St Los Angeles 90036,,,,
614515,1191262,,5089024038.0,,955.0,,,South,,,Detroit,Street,,,,,,,,,,,,,90036.0,,Los Angeles,Los Angeles,,,,,LA City,{3C2AF208-EFAE-4C5B-9A45-5C289C1F4AE1},0,,3C2AF208-EFAE-4C5B-9A45-5C289C1F4AE1,Unknown,,S,,,St,S Detroit St,2023/09/12 23:03:18+00,955 S Detroit St Los Angeles 90036,3C2AF208-EFAE-4C5B-9A45-5C289C1F4AE1_955_S_Detroit_St_Los_Angeles_90036,Detroit,955 S Detroit Street St Los Angeles 90036,,,,
614516,1191263,,5089024038.0,,953.0,,,South,,,Detroit,Street,,,,,,,,,,,,,90036.0,,Los Angeles,Los Angeles,,,,,LA City,{DAF74780-E5C7-489F-936C-984E6BB1AEE6},0,,DAF74780-E5C7-489F-936C-984E6BB1AEE6,Unknown,,S,,,St,S Detroit St,2023/09/12 23:03:18+00,953 S Detroit St Los Angeles 90036,DAF74780-E5C7-489F-936C-984E6BB1AEE6_953_S_Detroit_St_Los_Angeles_90036,Detroit,953 S Detroit Street St Los Angeles 90036,,,,
614517,1191264,,5089024038.0,,5351.0,,,West,,,Olympic,Boulevard,,,,,,,,,,,,,90036.0,,Los Angeles,Los Angeles,,,,,LA City,{F5F6FCFB-0D5C-4CEE-9CD8-2EFD09648AAE},0,,F5F6FCFB-0D5C-4CEE-9CD8-2EFD09648AAE,Unknown,,W,,,Blvd,W Olympic Blvd,2023/09/12 23:03:18+00,5351 W Olympic Blvd Los Angeles 90036,F5F6FCFB-0D5C-4CEE-9CD8-2EFD09648AAE_5351_W_Olympic_Blvd_Los_Angeles_90036,Olympic,5351 W Olympic Boulevard Blvd Los Angeles 90036,,,,
614518,1191265,,5089024038.0,,5355.0,,,West,,,Olympic,Boulevard,,,,,,,,,,,,,90036.0,,Los Angeles,Los Angeles,,,,,Assessor,{56EBD621-C1F6-4A09-98F9-64869BF38C99},0,,56EBD621-C1F6-4A09-98F9-64869BF38C99,Unknown,,W,,,Blvd,W Olympic Blvd,2024/04/27 17:13:09+00,5355 W Olympic Blvd Los Angeles 90036,56EBD621-C1F6-4A09-98F9-64869BF38C99_5355_W_Olympic_Blvd_Los_Angeles_90036,Olympic,5355 W Olympic Boulevard Blvd Los Angeles 90036,,,,
614519,1191266,,5089024039.0,,5402.0,,,West,,,9Th,Street,,,,,,,,,,,,,90036.0,,Los Angeles,Los Angeles,,,,,LA City,{E549220E-A293-4553-8A3A-FDB7233057F3},0,,E549220E-A293-4553-8A3A-FDB7233057F3,Unknown,,W,,,St,W 9Th St,2023/09/12 23:03:18+00,5402 W 9Th St Los Angeles 90036,E549220E-A293-4553-8A3A-FDB7233057F3_5402_W_9Th_St_Los_Angeles_90036,9Th,5402 W 9Th Street St Los Angeles 90036,,,,
614520,1191267,,5089024040.0,,911.0,,,South,,,Detroit,Street,,,,,,,,,,,,,90036.0,,Los Angeles,Los Angeles,,,,,LA City,{E815E64A-09FD-4D72-B1AF-6265FFD250DA},0,,E815E64A-09FD-4D72-B1AF-6265FFD250DA,Unknown,,S,,,St,S Detroit St,2023/09/12 23:03:18+00,911 S Detroit St Los Angeles 90036,E815E64A-09FD-4D72-B1AF-6265FFD250DA_911_S_Detroit_St_Los_Angeles_90036,Detroit,911 S Detroit Street St Los Angeles 90036,,,,
614521,1191268,,5089025001.0,,905.0,,,South,,,Cochran,Avenue,,,,,,,,,,,,,90036.0,,Los Angeles,Los Angeles,,,,,LA City,{B8208EBE-49EA-4892-A725-3386A4FBE218},0,,B8208EBE-49EA-4892-A725-3386A4FBE218,Unknown,,S,,,Ave,S Cochran Ave,2023/09/12 23:03:18+00,905 S Cochran Ave Los Angeles 90036,B8208EBE-49EA-4892-A725-3386A4FBE218_905_S_Cochran_Ave_Los_Angeles_90036,Cochran,905 S Cochran Avenue Ave Los Angeles 90036,,,,
614522,1191269,,5089025002.0,,909.0,,,South,,,Cochran,Avenue,,,,,,,,,,,,,90036.0,,Los Angeles,Los Angeles,,,,,LA City,{B630D042-DA9E-44A3-A9F9-6704CD27AFC4},0,,B630D042-DA9E-44A3-A9F9-6704CD27AFC4,Unknown,,S,,,Ave,S Cochran Ave,2023/09/12 23:03:18+00,909 S Cochran Ave Los Angeles 90036,B630D042-DA9E-44A3-A9F9-6704CD27AFC4_909_S_Cochran_Ave_Los_Angeles_90036,Cochran,909 S Cochran Avenue Ave Los Angeles 90036,,,,
614523,1191270,,5089025003.0,,915.0,,,South,,,Cochran,Avenue,,,,,,,,,,,,,90036.0,,Los Angeles,Los Angeles,,,,,LA City,{EC570C10-2D38-4865-8629-015F0CB72DF3},0,,EC570C10-2D38-4865-8629-015F0CB72DF3,Unknown,,S,,,Ave,S Cochran Ave,2023/09/12 23:03:18+00,915 S Cochran Ave Los Angeles 90036,EC570C10-2D38-4865-8629-015F0CB72DF3_915_S_Cochran_Ave_Los_Angeles_90036,Cochran,915 S Cochran Avenue Ave Los Angeles 90036,,,,
614524,1191271,,5089025004.0,,919.0,,,South,,,Cochran,Avenue,,,,,,,,,,,,,90036.0,,Los Angeles,Los Angeles,,,,,LA City,{15092EA2-823C-433C-8A04-3FFF11FB57C6},0,,15092EA2-823C-433C-8A04-3FFF11FB57C6,Unknown,,S,,,Ave,S Cochran Ave,2023/09/12 23:03:18+00,919 S Cochran Ave Los Angeles 90036,15092EA2-823C-433C-8A04-3FFF11FB57C6_919_S_Cochran_Ave_Los_Angeles_90036,Cochran,919 S Cochran Avenue Ave Los Angeles 90036,,,,
614525,1191272,,5089025005.0,,929.0,,,South,,,Cochran,Avenue,,,,,,,,,,,,,90036.0,,Los Angeles,Los Angeles,,,,,LA City,{266583EC-CB60-4BB1-BBD5-1E493AD3B094},0,,266583EC-CB60-4BB1-BBD5-1E493AD3B094,Unknown,,S,,,Ave,S Cochran Ave,2023/09/12 23:03:18+00,929 S Cochran Ave Los Angeles 90036,266583EC-CB60-4BB1-BBD5-1E493AD3B094_929_S_Cochran_Ave_Los_Angeles_90036,Cochran,929 S Cochran Avenue Ave Los Angeles 90036,,,,
614526,1191273,,5089025006.0,,931.0,,,South,,,Cochran,Avenue,,,,,,,,,,,,,90036.0,,Los Angeles,Los Angeles,,,,,LA City,{1DEEAF9C-BC16-4A8E-887D-83E1230E82C2},0,,1DEEAF9C-BC16-4A8E-887D-83E1230E82C2,Unknown,,S,,,Ave,S Cochran Ave,2023/09/12 23:03:18+00,931 S Cochran Ave Los Angeles 90036,1DEEAF9C-BC16-4A8E-887D-83E1230E82C2_931_S_Cochran_Ave_Los_Angeles_90036,Cochran,931 S Cochran Avenue Ave Los Angeles 90036,,,,
614527,1191274,,5089025007.0,,937.0,,,South,,,Cochran,Avenue,,,,,,,,,,,,,90036.0,,Los Angeles,Los Angeles,,,,,LA City,{D7CA551D-4CB5-4C19-B484-64EA659ECD0D},0,,D7CA551D-4CB5-4C19-B484-64EA659ECD0D,Unknown,,S,,,Ave,S Cochran Ave,2023/09/12 23:03:18+00,937 S Cochran Ave Los Angeles 90036,D7CA551D-4CB5-4C19-B484-64EA659ECD0D_937_S_Cochran_Ave_Los_Angeles_90036,Cochran,937 S Cochran Avenue Ave Los Angeles 90036,,,,
614528,1191275,,5089025008.0,,943.0,,,South,,,Cochran,Avenue,,,,,,,,,,,,,90036.0,,Los Angeles,Los Angeles,,,,,LA City,{B8C16DBD-CD23-4371-8864-F3A4455149AA},0,,B8C16DBD-CD23-4371-8864-F3A4455149AA,Unknown,,S,,,Ave,S Cochran Ave,2023/09/12 23:03:18+00,943 S Cochran Ave Los Angeles 90036,B8C16DBD-CD23-4371-8864-F3A4455149AA_943_S_Cochran_Ave_Los_Angeles_90036,Cochran,943 S Cochran Avenue Ave Los Angeles 90036,,,,
614529,1191276,,5089025009.0,,5511.0,,,West,,,Olympic,Boulevard,,,,,,,,,,,,1-18,90036.0,,Los Angeles,Los Angeles,,,,,LA City,{35F7E869-B4C4-445A-B77C-55FB3B05F6A7},0,,35F7E869-B4C4-445A-B77C-55FB3B05F6A7,Unknown,,W,,,Blvd,W Olympic Blvd,2023/09/12 23:03:18+00,5511 W Olympic Blvd 1-18 Los Angeles 90036,35F7E869-B4C4-445A-B77C-55FB3B05F6A7_5511_W_Olympic_Blvd_1-18_Los_Angeles_90036,Olympic,5511 W Olympic Boulevard Blvd 1-18 Los Angeles 90036,,,,
614530,1191277,,5089025009.0,,5501.0,,,West,,,Olympic,Boulevard,,,,,,,,,,,,1-18,90036.0,,Los Angeles,Los Angeles,,,,,LA City,{48A3A261-2A34-4064-9484-68743D4D1B1A},0,,48A3A261-2A34-4064-9484-68743D4D1B1A,Unknown,,W,,,Blvd,W Olympic Blvd,2023/09/12 23:03:18+00,5501 W Olympic Blvd 1-18 Los Angeles 90036,48A3A261-2A34-4064-9484-68743D4D1B1A_5501_W_Olympic_Blvd_1-18_Los_Angeles_90036,Olympic,5501 W Olympic Boulevard Blvd 1-18 Los Angeles 90036,,,,
614531,1191278,,5089025011.0,,944.0,,,South,,,Dunsmuir,Avenue,,,,,,,,,,,,,90036.0,,Los Angeles,Los Angeles,,,,,LA City,{3202BDFA-E83C-4A21-8F3D-C1786150D380},0,,3202BDFA-E83C-4A21-8F3D-C1786150D380,Unknown,,S,,,Ave,S Dunsmuir Ave,2023/09/12 23:03:18+00,944 S Dunsmuir Ave Los Angeles 90036,3202BDFA-E83C-4A21-8F3D-C1786150D380_944_S_Dunsmuir_Ave_Los_Angeles_90036,Dunsmuir,944 S Dunsmuir Avenue Ave Los Angeles 90036,,,,
614532,1191279,,5089025014.0,,934.0,,,South,,,Dunsmuir,Avenue,,,,,,,,,,,,,90036.0,,Los Angeles,Los Angeles,,,,,LA City,{B7E8EA9C-33D9-4DA6-BA2E-5042B926234E},0,,B7E8EA9C-33D9-4DA6-BA2E-5042B926234E,Unknown,,S,,,Ave,S Dunsmuir Ave,2023/09/12 23:03:18+00,934 S Dunsmuir Ave Los Angeles 90036,B7E8EA9C-33D9-4DA6-BA2E-5042B926234E_934_S_Dunsmuir_Ave_Los_Angeles_90036,Dunsmuir,934 S Dunsmuir Avenue Ave Los Angeles 90036,,,,
614533,1191280,,5089025015.0,,928.0,,,South,,,Dunsmuir,Avenue,,,,,,,,,,,,,90036.0,,Los Angeles,Los Angeles,,,,,LA City,{6643124E-3B62-46DB-AE7A-E0B67AC0C499},0,,6643124E-3B62-46DB-AE7A-E0B67AC0C499,Unknown,,S,,,Ave,S Dunsmuir Ave,2023/09/12 23:03:18+00,928 S Dunsmuir Ave Los Angeles 90036,6643124E-3B62-46DB-AE7A-E0B67AC0C499_928_S_Dunsmuir_Ave_Los_Angeles_90036,Dunsmuir,928 S Dunsmuir Avenue Ave Los Angeles 90036,,,,
614534,1191281,,5089025016.0,,922.0,,,South,,,Dunsmuir,Avenue,,,,,,,,,,,,,90036.0,,Los Angeles,Los Angeles,,,,,LA City,{35DE3A26-D747-42A0-83B0-6F462B6527CA},0,,35DE3A26-D747-42A0-83B0-6F462B6527CA,Unknown,,S,,,Ave,S Dunsmuir Ave,2023/09/12 23:03:18+00,922 S Dunsmuir Ave Los Angeles 90036,35DE3A26-D747-42A0-83B0-6F462B6527CA_922_S_Dunsmuir_Ave_Los_Angeles_90036,Dunsmuir,922 S Dunsmuir Avenue Ave Los Angeles 90036,,,,
614535,1191282,,5089025017.0,,916.0,,,South,,,Dunsmuir,Avenue,,,,,,,,,,,,,90036.0,,Los Angeles,Los Angeles,,,,,LA City,{349CCD12-1A79-474E-BD13-76338D29D632},0,,349CCD12-1A79-474E-BD13-76338D29D632,Unknown,,S,,,Ave,S Dunsmuir Ave,2023/09/12 23:03:18+00,916 S Dunsmuir Ave Los Angeles 90036,349CCD12-1A79-474E-BD13-76338D29D632_916_S_Dunsmuir_Ave_Los_Angeles_90036,Dunsmuir,916 S Dunsmuir Avenue Ave Los Angeles 90036,,,,
614536,1191283,,5089025018.0,,908.0,,,South,,,Dunsmuir,Avenue,,,,,,,,,,,,,90036.0,,Los Angeles,Los Angeles,,,,,LA City,{A8AA251C-4C83-40DA-8EB5-390F30C92BAF},0,,A8AA251C-4C83-40DA-8EB5-390F30C92BAF,Unknown,,S,,,Ave,S Dunsmuir Ave,2023/09/12 23:03:18+00,908 S Dunsmuir Ave Los Angeles 90036,A8AA251C-4C83-40DA-8EB5-390F30C92BAF_908_S_Dunsmuir_Ave_Los_Angeles_90036,Dunsmuir,908 S Dunsmuir Avenue Ave Los Angeles 90036,,,,
614537,1191284,,5089025019.0,,902.0,,,South,,,Dunsmuir,Avenue,,,,,,,,,,,,,90036.0,,Los Angeles,Los Angeles,,,,,LA City,{1566A6A8-28F4-47EF-B1E3-1CFFD076F0D1},0,,1566A6A8-28F4-47EF-B1E3-1CFFD076F0D1,Unknown,,S,,,Ave,S Dunsmuir Ave,2023/09/12 23:03:18+00,902 S Dunsmuir Ave Los Angeles 90036,1566A6A8-28F4-47EF-B1E3-1CFFD076F0D1_902_S_Dunsmuir_Ave_Los_Angeles_90036,Dunsmuir,902 S Dunsmuir Avenue Ave Los Angeles 90036,,,,
614538,1191285,,5089025020.0,,5554.0,,,West,,,9Th,Street,,,,,,,,,,,,,90036.0,,Los Angeles,Los Angeles,,,,,LA City,{D12B426A-66BC-4F17-9689-713CFE480CAF},0,,D12B426A-66BC-4F17-9689-713CFE480CAF,Unknown,,W,,,St,W 9Th St,2023/09/12 23:03:18+00,5554 W 9Th St Los Angeles 90036,D12B426A-66BC-4F17-9689-713CFE480CAF_5554_W_9Th_St_Los_Angeles_90036,9Th,5554 W 9Th Street St Los Angeles 90036,,,,
614539,1191286,,5089025021.0,,911.0,,,South,,,Dunsmuir,Avenue,,,,,,,,,,,,,90036.0,,Los Angeles,Los Angeles,,,,,LA City,{C07DCE7C-4A0A-400C-87C6-D8BC27D1D09C},0,,C07DCE7C-4A0A-400C-87C6-D8BC27D1D09C,Unknown,,S,,,Ave,S Dunsmuir Ave,2023/09/12 23:03:18+00,911 S Dunsmuir Ave Los Angeles 90036,C07DCE7C-4A0A-400C-87C6-D8BC27D1D09C_911_S_Dunsmuir_Ave_Los_Angeles_90036,Dunsmuir,911 S Dunsmuir Avenue Ave Los Angeles 90036,,,,
614540,1191287,,5089025022.0,,919.0,,,South,,,Dunsmuir,Avenue,,,,,,,,,,,,,90036.0,,Los Angeles,Los Angeles,,,,,LA City,{863CDF5F-6A7E-4B12-A743-993B5DAB2558},0,,863CDF5F-6A7E-4B12-A743-993B5DAB2558,Unknown,,S,,,Ave,S Dunsmuir Ave,2023/09/12 23:03:18+00,919 S Dunsmuir Ave Los Angeles 90036,863CDF5F-6A7E-4B12-A743-993B5DAB2558_919_S_Dunsmuir_Ave_Los_Angeles_90036,Dunsmuir,919 S Dunsmuir Avenue Ave Los Angeles 90036,,,,
614541,1191288,,5089025023.0,,925.0,,,South,,,Dunsmuir,Avenue,,,,,,,,,,,,,90036.0,,Los Angeles,Los Angeles,,,,,LA City,{CECC65D7-E00E-420B-91A1-C9C6CBF01DB7},0,,CECC65D7-E00E-420B-91A1-C9C6CBF01DB7,Unknown,,S,,,Ave,S Dunsmuir Ave,2023/09/12 23:03:18+00,925 S Dunsmuir Ave Los Angeles 90036,CECC65D7-E00E-420B-91A1-C9C6CBF01DB7_925_S_Dunsmuir_Ave_Los_Angeles_90036,Dunsmuir,925 S Dunsmuir Avenue Ave Los Angeles 90036,,,,
614542,1191289,,5089025024.0,,929.0,,,South,,,Dunsmuir,Avenue,,,,,,,,,,,,,90036.0,,Los Angeles,Los Angeles,,,,,LA City,{4A893C86-D288-46B8-A758-B5C8C9A1427D},0,,4A893C86-D288-46B8-A758-B5C8C9A1427D,Unknown,,S,,,Ave,S Dunsmuir Ave,2023/09/12 23:03:18+00,929 S Dunsmuir Ave Los Angeles 90036,4A893C86-D288-46B8-A758-B5C8C9A1427D_929_S_Dunsmuir_Ave_Los_Angeles_90036,Dunsmuir,929 S Dunsmuir Avenue Ave Los Angeles 90036,,,,
614543,1191290,,5089025025.0,,935.0,,,South,,,Dunsmuir,Avenue,,,,,,,,,,,,,90036.0,,Los Angeles,Los Angeles,,,,,LA City,{3C4AE967-E65E-439E-B9FC-9CAA85AA01F1},0,,3C4AE967-E65E-439E-B9FC-9CAA85AA01F1,Unknown,,S,,,Ave,S Dunsmuir Ave,2023/09/12 23:03:18+00,935 S Dunsmuir Ave Los Angeles 90036,3C4AE967-E65E-439E-B9FC-9CAA85AA01F1_935_S_Dunsmuir_Ave_Los_Angeles_90036,Dunsmuir,935 S Dunsmuir Avenue Ave Los Angeles 90036,,,,
614544,1191291,,5089025026.0,,939.0,,,South,,,Dunsmuir,Avenue,,,,,,,,,,,,,90036.0,,Los Angeles,Los Angeles,,,,,LA City,{7DBE7869-8B9A-4E1C-86C6-859D891DD27B},0,,7DBE7869-8B9A-4E1C-86C6-859D891DD27B,Unknown,,S,,,Ave,S Dunsmuir Ave,2023/09/12 23:03:18+00,939 S Dunsmuir Ave Los Angeles 90036,7DBE7869-8B9A-4E1C-86C6-859D891DD27B_939_S_Dunsmuir_Ave_Los_Angeles_90036,Dunsmuir,939 S Dunsmuir Avenue Ave Los Angeles 90036,,,,
614545,1191292,,5089025027.0,,5555.0,,,West,,,Olympic,Boulevard,,,,,,,,,,,,,90036.0,,Los Angeles,Los Angeles,,,,,LA City,{D0C46821-8B9E-4BE6-853F-1623FF155C2F},0,,D0C46821-8B9E-4BE6-853F-1623FF155C2F,Unknown,,W,,,Blvd,W Olympic Blvd,2023/09/12 23:03:18+00,5555 W Olympic Blvd Los Angeles 90036,D0C46821-8B9E-4BE6-853F-1623FF155C2F_5555_W_Olympic_Blvd_Los_Angeles_90036,Olympic,5555 W Olympic Boulevard Blvd Los Angeles 90036,,,,
614546,1191293,,5089025027.0,,945.0,,,South,,,Dunsmuir,Avenue,,,,,,,,,,,,,90036.0,,Los Angeles,Los Angeles,,,,,LA City,{BEC4970C-81AC-466B-B6BD-5ED571F91CAE},0,,BEC4970C-81AC-466B-B6BD-5ED571F91CAE,Unknown,,S,,,Ave,S Dunsmuir Ave,2023/09/12 23:03:18+00,945 S Dunsmuir Ave Los Angeles 90036,BEC4970C-81AC-466B-B6BD-5ED571F91CAE_945_S_Dunsmuir_Ave_Los_Angeles_90036,Dunsmuir,945 S Dunsmuir Avenue Ave Los Angeles 90036,,,,
614547,1191294,,5089025027.0,,5551.0,,,West,,,Olympic,Boulevard,,,,,,,,,,,,,90036.0,,Los Angeles,Los Angeles,,,,,LA City,{2551F69E-CB1F-4623-9705-D38972718ED4},0,,2551F69E-CB1F-4623-9705-D38972718ED4,Unknown,,W,,,Blvd,W Olympic Blvd,2023/09/12 23:03:18+00,5551 W Olympic Blvd Los Angeles 90036,2551F69E-CB1F-4623-9705-D38972718ED4_5551_W_Olympic_Blvd_Los_Angeles_90036,Olympic,5551 W Olympic Boulevard Blvd Los Angeles 90036,,,,
614548,1191295,,5089025027.0,,943.0,,,South,,,Dunsmuir,Avenue,,,,,,,,,,,,,90036.0,,Los Angeles,Los Angeles,,,,,Assessor,{5771F2AB-C7BB-403F-8869-49832372D36E},0,,5771F2AB-C7BB-403F-8869-49832372D36E,Unknown,,S,,,Ave,S Dunsmuir Ave,2024/04/27 17:13:09+00,943 S Dunsmuir Ave Los Angeles 90036,5771F2AB-C7BB-403F-8869-49832372D36E_943_S_Dunsmuir_Ave_Los_Angeles_90036,Dunsmuir,943 S Dunsmuir Avenue Ave Los Angeles 90036,,,,
614549,1191296,,5089025028.0,,5567.0,,,West,,,Olympic,Boulevard,,,,,,,,,,,,,90036.0,,Los Angeles,Los Angeles,,,,,LA City,{FC036894-DB91-44A0-B9F9-0D59EEC3AAE1},0,,FC036894-DB91-44A0-B9F9-0D59EEC3AAE1,Unknown,,W,,,Blvd,W Olympic Blvd,2023/09/12 23:03:18+00,5567 W Olympic Blvd Los Angeles 90036,FC036894-DB91-44A0-B9F9-0D59EEC3AAE1_5567_W_Olympic_Blvd_Los_Angeles_90036,Olympic,5567 W Olympic Boulevard Blvd Los Angeles 90036,,,,
614550,1191297,,5089025028.0,,5569.0,,,West,,,Olympic,Boulevard,,,,,,,,,,,,,90036.0,,Los Angeles,Los Angeles,,,,,LA City,{B6C6CE56-4F3D-4578-91C8-3D9F777520FE},0,,B6C6CE56-4F3D-4578-91C8-3D9F777520FE,Unknown,,W,,,Blvd,W Olympic Blvd,2023/09/12 23:03:18+00,5569 W Olympic Blvd Los Angeles 90036,B6C6CE56-4F3D-4578-91C8-3D9F777520FE_5569_W_Olympic_Blvd_Los_Angeles_90036,Olympic,5569 W Olympic Boulevard Blvd Los Angeles 90036,,,,
614551,1191298,,5089025028.0,,948.0,,,South,,,Burnside,Avenue,,,,,,,,,,,,,90036.0,,Los Angeles,Los Angeles,,,,,LA City,{6A9B88B8-E560-4461-A0B0-9EAEF4E4C509},0,,6A9B88B8-E560-4461-A0B0-9EAEF4E4C509,Unknown,,S,,,Ave,S Burnside Ave,2023/09/12 23:03:18+00,948 S Burnside Ave Los Angeles 90036,6A9B88B8-E560-4461-A0B0-9EAEF4E4C509_948_S_Burnside_Ave_Los_Angeles_90036,Burnside,948 S Burnside Avenue Ave Los Angeles 90036,,,,
614552,1191299,,5089025028.0,,5565.0,,,West,,,Olympic,Boulevard,,,,,,,,,,,,,90036.0,,Los Angeles,Los Angeles,,,,,Assessor,{EBBCE3EA-DC49-4F2F-B2FF-E5C964A63A6A},0,,EBBCE3EA-DC49-4F2F-B2FF-E5C964A63A6A,Unknown,,W,,,Blvd,W Olympic Blvd,2024/04/27 17:13:09+00,5565 W Olympic Blvd Los Angeles 90036,EBBCE3EA-DC49-4F2F-B2FF-E5C964A63A6A_5565_W_Olympic_Blvd_Los_Angeles_90036,Olympic,5565 W Olympic Boulevard Blvd Los Angeles 90036,,,,
614553,1191300,,5089025029.0,,944.0,,,South,,,Burnside,Avenue,,,,,,,,,,,,,90036.0,,Los Angeles,Los Angeles,,,,,LA City,{B3297530-0D6A-4956-91EC-82DFA18A00B9},0,,B3297530-0D6A-4956-91EC-82DFA18A00B9,Unknown,,S,,,Ave,S Burnside Ave,2023/09/12 23:03:18+00,944 S Burnside Ave Los Angeles 90036,B3297530-0D6A-4956-91EC-82DFA18A00B9_944_S_Burnside_Ave_Los_Angeles_90036,Burnside,944 S Burnside Avenue Ave Los Angeles 90036,,,,
614554,1191301,,5089025030.0,,936.0,,,South,,,Burnside,Avenue,,,,,,,,,,,,,90036.0,,Los Angeles,Los Angeles,,,,,LA City,{3B3BF3C9-5DEF-4972-9696-FA2FC7165A3C},0,,3B3BF3C9-5DEF-4972-9696-FA2FC7165A3C,Unknown,,S,,,Ave,S Burnside Ave,2023/09/12 23:03:18+00,936 S Burnside Ave Los Angeles 90036,3B3BF3C9-5DEF-4972-9696-FA2FC7165A3C_936_S_Burnside_Ave_Los_Angeles_90036,Burnside,936 S Burnside Avenue Ave Los Angeles 90036,,,,
614555,1191302,,5089025031.0,,932.0,,,South,,,Burnside,Avenue,,,,,,,,,,,,,90036.0,,Los Angeles,Los Angeles,,,,,LA City,{9909B02A-B070-40A6-8334-A834FB02445F},0,,9909B02A-B070-40A6-8334-A834FB02445F,Unknown,,S,,,Ave,S Burnside Ave,2023/09/12 23:03:18+00,932 S Burnside Ave Los Angeles 90036,9909B02A-B070-40A6-8334-A834FB02445F_932_S_Burnside_Ave_Los_Angeles_90036,Burnside,932 S Burnside Avenue Ave Los Angeles 90036,,,,
614556,1191303,,5089025032.0,,926.0,,,South,,,Burnside,Avenue,,,,,,,,,,,,,90036.0,,Los Angeles,Los Angeles,,,,,LA City,{AC273D7E-B7B7-4F10-9400-C31315BC5A41},0,,AC273D7E-B7B7-4F10-9400-C31315BC5A41,Unknown,,S,,,Ave,S Burnside Ave,2023/09/12 23:03:18+00,926 S Burnside Ave Los Angeles 90036,AC273D7E-B7B7-4F10-9400-C31315BC5A41_926_S_Burnside_Ave_Los_Angeles_90036,Burnside,926 S Burnside Avenue Ave Los Angeles 90036,,,,
614557,1191304,,5089025033.0,,920.0,,,South,,,Burnside,Avenue,,,,,,,,,,,,,90036.0,,Los Angeles,Los Angeles,,,,,LA City,{27E4623B-526E-4452-A3D6-724AC58218F7},0,,27E4623B-526E-4452-A3D6-724AC58218F7,Unknown,,S,,,Ave,S Burnside Ave,2023/09/12 23:03:18+00,920 S Burnside Ave Los Angeles 90036,27E4623B-526E-4452-A3D6-724AC58218F7_920_S_Burnside_Ave_Los_Angeles_90036,Burnside,920 S Burnside Avenue Ave Los Angeles 90036,,,,
614558,1191305,,5089025034.0,,914.0,,,South,,,Burnside,Avenue,,,,,,,,,,,,,90036.0,,Los Angeles,Los Angeles,,,,,Assessor,{6EE79C06-1125-4DB6-A219-C93F70AA4161},0,,6EE79C06-1125-4DB6-A219-C93F70AA4161,Unknown,,S,,,Ave,S Burnside Ave,2024/04/27 17:13:09+00,914 S Burnside Ave Los Angeles 90036,6EE79C06-1125-4DB6-A219-C93F70AA4161_914_S_Burnside_Ave_Los_Angeles_90036,Burnside,914 S Burnside Avenue Ave Los Angeles 90036,,,,
614559,1191306,,5089025035.0,,908.0,,,South,,,Burnside,Avenue,,,,,,,,,,,,,90036.0,,Los Angeles,Los Angeles,,,,,LA City,{C493038E-8A07-4C13-9D6D-0818A900E33A},0,,C493038E-8A07-4C13-9D6D-0818A900E33A,Unknown,,S,,,Ave,S Burnside Ave,2023/09/12 23:03:18+00,908 S Burnside Ave Los Angeles 90036,C493038E-8A07-4C13-9D6D-0818A900E33A_908_S_Burnside_Ave_Los_Angeles_90036,Burnside,908 S Burnside Avenue Ave Los Angeles 90036,,,,
614560,1191307,,5089025036.0,,902.0,,,South,,,Burnside,Avenue,,,,,,,,,,,,,90036.0,,Los Angeles,Los Angeles,,,,,Assessor,{CE0FAEDC-FF40-48F6-9582-A4770101135B},0,,CE0FAEDC-FF40-48F6-9582-A4770101135B,Unknown,,S,,,Ave,S Burnside Ave,2024/04/27 17:13:09+00,902 S Burnside Ave Los Angeles 90036,CE0FAEDC-FF40-48F6-9582-A4770101135B_902_S_Burnside_Ave_Los_Angeles_90036,Burnside,902 S Burnside Avenue Ave Los Angeles 90036,,,,
614561,1191308,,5089025037.0,,940.0,,,South,,,Dunsmuir,Avenue,,,,,,,,,,,,,90036.0,,Los Angeles,Los Angeles,,,,,LA City,{2C3C1F5C-2A83-46A4-9880-FDF3CCBB8454},0,,2C3C1F5C-2A83-46A4-9880-FDF3CCBB8454,Unknown,,S,,,Ave,S Dunsmuir Ave,2023/09/12 23:03:18+00,940 S Dunsmuir Ave Los Angeles 90036,2C3C1F5C-2A83-46A4-9880-FDF3CCBB8454_940_S_Dunsmuir_Ave_Los_Angeles_90036,Dunsmuir,940 S Dunsmuir Avenue Ave Los Angeles 90036,,,,
614562,1191309,,5089025039.0,,5525.0,,,West,,,Olympic,Boulevard,,,,,,,,,,,,1-9,90036.0,,Los Angeles,Los Angeles,,,,,LA City,{64A12FEC-3572-4FA8-9315-E82A3C7FEFCC},0,,64A12FEC-3572-4FA8-9315-E82A3C7FEFCC,Unknown,,W,,,Blvd,W Olympic Blvd,2023/09/12 23:03:18+00,5525 W Olympic Blvd 1-9 Los Angeles 90036,64A12FEC-3572-4FA8-9315-E82A3C7FEFCC_5525_W_Olympic_Blvd_1-9_Los_Angeles_90036,Olympic,5525 W Olympic Boulevard Blvd 1-9 Los Angeles 90036,,,,
614563,1191310,,5089026003.0,,913.0,,,South,,,Burnside,Avenue,,,,,,,,,,,,,90036.0,,Los Angeles,Los Angeles,,,,,LA City,{1E0CB06D-87D1-49E1-AE51-BDE359A4A05E},0,,1E0CB06D-87D1-49E1-AE51-BDE359A4A05E,Unknown,,S,,,Ave,S Burnside Ave,2023/09/12 23:03:18+00,913 S Burnside Ave Los Angeles 90036,1E0CB06D-87D1-49E1-AE51-BDE359A4A05E_913_S_Burnside_Ave_Los_Angeles_90036,Burnside,913 S Burnside Avenue Ave Los Angeles 90036,,,,
614564,1191311,,5089026005.0,,923.0,,,South,,,Burnside,Avenue,,,,,,,,,,,,,90036.0,,Los Angeles,Los Angeles,,,,,LA City,{46D7F680-7CBC-448D-A141-7272CCC0F56C},0,,46D7F680-7CBC-448D-A141-7272CCC0F56C,Unknown,,S,,,Ave,S Burnside Ave,2023/09/12 23:03:18+00,923 S Burnside Ave Los Angeles 90036,46D7F680-7CBC-448D-A141-7272CCC0F56C_923_S_Burnside_Ave_Los_Angeles_90036,Burnside,923 S Burnside Avenue Ave Los Angeles 90036,,,,
614565,1191312,,5089026006.0,,927.0,,,South,,,Burnside,Avenue,,,,,,,,,,,,,90036.0,,Los Angeles,Los Angeles,,,,,LA City,{2CEA92B3-72C1-4A2D-A41A-76F48F8C0F3E},0,,2CEA92B3-72C1-4A2D-A41A-76F48F8C0F3E,Unknown,,S,,,Ave,S Burnside Ave,2023/09/12 23:03:18+00,927 S Burnside Ave Los Angeles 90036,2CEA92B3-72C1-4A2D-A41A-76F48F8C0F3E_927_S_Burnside_Ave_Los_Angeles_90036,Burnside,927 S Burnside Avenue Ave Los Angeles 90036,,,,
614566,1191313,,5089026007.0,,935.0,,,South,,,Burnside,Avenue,,,,,,,,,,,,,90036.0,,Los Angeles,Los Angeles,,,,,LA City,{B39E3E84-100F-4A14-8EF4-38ECCCC07B7F},0,,B39E3E84-100F-4A14-8EF4-38ECCCC07B7F,Unknown,,S,,,Ave,S Burnside Ave,2023/09/12 23:03:18+00,935 S Burnside Ave Los Angeles 90036,B39E3E84-100F-4A14-8EF4-38ECCCC07B7F_935_S_Burnside_Ave_Los_Angeles_90036,Burnside,935 S Burnside Avenue Ave Los Angeles 90036,,,,
614567,1191314,,5089026008.0,,939.0,,,South,,,Burnside,Avenue,,,,,,,,,,,,,90036.0,,Los Angeles,Los Angeles,,,,,LA City,{38D46F9A-181D-4C79-BE85-38C3E40068B3},0,,38D46F9A-181D-4C79-BE85-38C3E40068B3,Unknown,,S,,,Ave,S Burnside Ave,2023/09/12 23:03:18+00,939 S Burnside Ave Los Angeles 90036,38D46F9A-181D-4C79-BE85-38C3E40068B3_939_S_Burnside_Ave_Los_Angeles_90036,Burnside,939 S Burnside Avenue Ave Los Angeles 90036,,,,
614568,1191315,,5089026009.0,,943.0,,,South,,,Burnside,Avenue,,,,,,,,,,,,,90036.0,,Los Angeles,Los Angeles,,,,,LA City,{91B4786D-5B7A-407D-9180-706C0A7C1C0C},0,,91B4786D-5B7A-407D-9180-706C0A7C1C0C,Unknown,,S,,,Ave,S Burnside Ave,2023/09/12 23:03:18+00,943 S Burnside Ave Los Angeles 90036,91B4786D-5B7A-407D-9180-706C0A7C1C0C_943_S_Burnside_Ave_Los_Angeles_90036,Burnside,943 S Burnside Avenue Ave Los Angeles 90036,,,,
614569,1191316,,5089026011.0,,946.0,,,South,,,Ridgeley,Drive,,,,,,,,,,,,,90036.0,,Los Angeles,Los Angeles,,,,,LA City,{C7234F81-174B-4FB2-9579-1D01B4DA9570},0,,C7234F81-174B-4FB2-9579-1D01B4DA9570,Unknown,,S,,,Dr,S Ridgeley Dr,2023/09/12 23:03:18+00,946 S Ridgeley Dr Los Angeles 90036,C7234F81-174B-4FB2-9579-1D01B4DA9570_946_S_Ridgeley_Dr_Los_Angeles_90036,Ridgeley,946 S Ridgeley Drive Dr Los Angeles 90036,,,,
614570,1191317,,5089026011.0,,5623.0,,,West,,,Olympic,Boulevard,,,,,,,,,,,,,90036.0,,Los Angeles,Los Angeles,,,,,LA City,{6228775A-8002-4113-8410-D1376E44F873},0,,6228775A-8002-4113-8410-D1376E44F873,Unknown,,W,,,Blvd,W Olympic Blvd,2023/09/12 23:03:18+00,5623 W Olympic Blvd Los Angeles 90036,6228775A-8002-4113-8410-D1376E44F873_5623_W_Olympic_Blvd_Los_Angeles_90036,Olympic,5623 W Olympic Boulevard Blvd Los Angeles 90036,,,,
614571,1191318,,5089026012.0,,942.0,,,South,,,Ridgeley,Drive,,,,,,,,,,,,,90036.0,,Los Angeles,Los Angeles,,,,,LA City,{EE1D9611-E3D1-40ED-9EAC-0CE25E0C9455},0,,EE1D9611-E3D1-40ED-9EAC-0CE25E0C9455,Unknown,,S,,,Dr,S Ridgeley Dr,2023/09/12 23:03:18+00,942 S Ridgeley Dr Los Angeles 90036,EE1D9611-E3D1-40ED-9EAC-0CE25E0C9455_942_S_Ridgeley_Dr_Los_Angeles_90036,Ridgeley,942 S Ridgeley Drive Dr Los Angeles 90036,,,,
614572,1191319,,5089026013.0,,936.0,,,South,,,Ridgeley,Drive,,,,,,,,,,,,,90036.0,,Los Angeles,Los Angeles,,,,,LA City,{8639C117-A1D6-41DE-92B0-466582667F77},0,,8639C117-A1D6-41DE-92B0-466582667F77,Unknown,,S,,,Dr,S Ridgeley Dr,2023/09/12 23:03:18+00,936 S Ridgeley Dr Los Angeles 90036,8639C117-A1D6-41DE-92B0-466582667F77_936_S_Ridgeley_Dr_Los_Angeles_90036,Ridgeley,936 S Ridgeley Drive Dr Los Angeles 90036,,,,
614573,1191320,,5089026014.0,,930.0,,,South,,,Ridgeley,Drive,,,,,,,,,,,,,90036.0,,Los Angeles,Los Angeles,,,,,LA City,{060AD883-3D1C-40CE-B3BF-617ADC3E5F48},0,,060AD883-3D1C-40CE-B3BF-617ADC3E5F48,Unknown,,S,,,Dr,S Ridgeley Dr,2023/09/12 23:03:18+00,930 S Ridgeley Dr Los Angeles 90036,060AD883-3D1C-40CE-B3BF-617ADC3E5F48_930_S_Ridgeley_Dr_Los_Angeles_90036,Ridgeley,930 S Ridgeley Drive Dr Los Angeles 90036,,,,
614574,1191321,,5089026015.0,,924.0,,,South,,,Ridgeley,Drive,,,,,,,,,,,,,90036.0,,Los Angeles,Los Angeles,,,,,LA City,{F57E2AFC-776C-48F4-8CC4-F8ACD602D65D},0,,F57E2AFC-776C-48F4-8CC4-F8ACD602D65D,Unknown,,S,,,Dr,S Ridgeley Dr,2023/09/12 23:03:18+00,924 S Ridgeley Dr Los Angeles 90036,F57E2AFC-776C-48F4-8CC4-F8ACD602D65D_924_S_Ridgeley_Dr_Los_Angeles_90036,Ridgeley,924 S Ridgeley Drive Dr Los Angeles 90036,,,,
614575,1191322,,5089026016.0,,920.0,,,South,,,Ridgeley,Drive,,,,,,,,,,,,,90036.0,,Los Angeles,Los Angeles,,,,,LA City,{BFF242DD-81FF-4F76-8BE2-F7E640F8C804},0,,BFF242DD-81FF-4F76-8BE2-F7E640F8C804,Unknown,,S,,,Dr,S Ridgeley Dr,2023/09/12 23:03:18+00,920 S Ridgeley Dr Los Angeles 90036,BFF242DD-81FF-4F76-8BE2-F7E640F8C804_920_S_Ridgeley_Dr_Los_Angeles_90036,Ridgeley,920 S Ridgeley Drive Dr Los Angeles 90036,,,,
614576,1191323,,5089026017.0,,914.0,,,South,,,Ridgeley,Drive,,,,,,,,,,,,,90036.0,,Los Angeles,Los Angeles,,,,,LA City,{84F37712-339D-4BAB-9A05-67E6314BB9D4},0,,84F37712-339D-4BAB-9A05-67E6314BB9D4,Unknown,,S,,,Dr,S Ridgeley Dr,2023/09/12 23:03:18+00,914 S Ridgeley Dr Los Angeles 90036,84F37712-339D-4BAB-9A05-67E6314BB9D4_914_S_Ridgeley_Dr_Los_Angeles_90036,Ridgeley,914 S Ridgeley Drive Dr Los Angeles 90036,,,,
614577,1191324,,5089026018.0,,908.0,,,South,,,Ridgeley,Drive,,,,,,,,,,,,,90036.0,,Los Angeles,Los Angeles,,,,,LA City,{7279177F-29EE-4A31-BB1F-A342C82A97FB},0,,7279177F-29EE-4A31-BB1F-A342C82A97FB,Unknown,,S,,,Dr,S Ridgeley Dr,2023/09/12 23:03:18+00,908 S Ridgeley Dr Los Angeles 90036,7279177F-29EE-4A31-BB1F-A342C82A97FB_908_S_Ridgeley_Dr_Los_Angeles_90036,Ridgeley,908 S Ridgeley Drive Dr Los Angeles 90036,,,,
614578,1191325,,5089026018.0,,906.0,,,South,,,Ridgeley,Drive,,,,,,,,,,,,,90036.0,,Los Angeles,Los Angeles,,,,,LA City,{B4E90AEB-87B1-4E75-85C5-BAB2DC2C8CAC},0,,B4E90AEB-87B1-4E75-85C5-BAB2DC2C8CAC,Unknown,,S,,,Dr,S Ridgeley Dr,2023/09/12 23:03:18+00,906 S Ridgeley Dr Los Angeles 90036,B4E90AEB-87B1-4E75-85C5-BAB2DC2C8CAC_906_S_Ridgeley_Dr_Los_Angeles_90036,Ridgeley,906 S Ridgeley Drive Dr Los Angeles 90036,,,,
614579,1191326,,5089026019.0,,900.0,,,South,,,Ridgeley,Drive,,,,,,,,,,,,,90036.0,,Los Angeles,Los Angeles,,,,,LA City,{24AA52AC-885C-45E3-A7C4-63E8807F133A},0,,24AA52AC-885C-45E3-A7C4-63E8807F133A,Unknown,,S,,,Dr,S Ridgeley Dr,2023/09/12 23:03:18+00,900 S Ridgeley Dr Los Angeles 90036,24AA52AC-885C-45E3-A7C4-63E8807F133A_900_S_Ridgeley_Dr_Los_Angeles_90036,Ridgeley,900 S Ridgeley Drive Dr Los Angeles 90036,,,,
614580,1191327,,5089026020.0,,901.0,,,South,,,Ridgeley,Drive,,,,,,,,,,,,,90036.0,,Los Angeles,Los Angeles,,,,,LA City,{89258DC6-B54A-49A0-A27F-AF756DEB96FB},0,,89258DC6-B54A-49A0-A27F-AF756DEB96FB,Unknown,,S,,,Dr,S Ridgeley Dr,2023/09/12 23:03:18+00,901 S Ridgeley Dr Los Angeles 90036,89258DC6-B54A-49A0-A27F-AF756DEB96FB_901_S_Ridgeley_Dr_Los_Angeles_90036,Ridgeley,901 S Ridgeley Drive Dr Los Angeles 90036,,,,
614581,1191328,,5089026021.0,,911.0,,,South,,,Ridgeley,Drive,,,,,,,,,,,,,90036.0,,Los Angeles,Los Angeles,,,,,LA City,{87AA7BD7-7EE4-4B17-96CA-4B5A15E7F3DB},0,,87AA7BD7-7EE4-4B17-96CA-4B5A15E7F3DB,Unknown,,S,,,Dr,S Ridgeley Dr,2023/09/12 23:03:18+00,911 S Ridgeley Dr Los Angeles 90036,87AA7BD7-7EE4-4B17-96CA-4B5A15E7F3DB_911_S_Ridgeley_Dr_Los_Angeles_90036,Ridgeley,911 S Ridgeley Drive Dr Los Angeles 90036,,,,
614582,1191329,,5089026022.0,,917.0,,,South,,,Ridgeley,Drive,,,,,,,,,,,,,90036.0,,Los Angeles,Los Angeles,,,,,LA City,{C5BBE46D-C096-469F-8D2F-7C8BEED726A2},0,,C5BBE46D-C096-469F-8D2F-7C8BEED726A2,Unknown,,S,,,Dr,S Ridgeley Dr,2023/09/12 23:03:18+00,917 S Ridgeley Dr Los Angeles 90036,C5BBE46D-C096-469F-8D2F-7C8BEED726A2_917_S_Ridgeley_Dr_Los_Angeles_90036,Ridgeley,917 S Ridgeley Drive Dr Los Angeles 90036,,,,
614583,1191330,,5089026023.0,,925.0,,,South,,,Ridgeley,Drive,,,,,,,,,,,,,90036.0,,Los Angeles,Los Angeles,,,,,LA City,{7AC47152-D9E4-4DA5-9D01-8D9F6C681430},0,,7AC47152-D9E4-4DA5-9D01-8D9F6C681430,Unknown,,S,,,Dr,S Ridgeley Dr,2023/09/12 23:03:18+00,925 S Ridgeley Dr Los Angeles 90036,7AC47152-D9E4-4DA5-9D01-8D9F6C681430_925_S_Ridgeley_Dr_Los_Angeles_90036,Ridgeley,925 S Ridgeley Drive Dr Los Angeles 90036,,,,
614584,1191331,,5089026024.0,,933.0,,,South,,,Ridgeley,Drive,,,,,,,,,,,,,90036.0,,Los Angeles,Los Angeles,,,,,LA City,{761AB2CD-F18F-4E5F-83F3-D04E386E5F67},0,,761AB2CD-F18F-4E5F-83F3-D04E386E5F67,Unknown,,S,,,Dr,S Ridgeley Dr,2023/09/12 23:03:18+00,933 S Ridgeley Dr Los Angeles 90036,761AB2CD-F18F-4E5F-83F3-D04E386E5F67_933_S_Ridgeley_Dr_Los_Angeles_90036,Ridgeley,933 S Ridgeley Drive Dr Los Angeles 90036,,,,
614585,1191332,,5089026025.0,,941.0,,,South,,,Ridgeley,Drive,,,,,,,,,,,,,90036.0,,Los Angeles,Los Angeles,,,,,LA City,{464DFC8E-B145-4679-8699-AF5833B495C6},0,,464DFC8E-B145-4679-8699-AF5833B495C6,Unknown,,S,,,Dr,S Ridgeley Dr,2023/09/12 23:03:18+00,941 S Ridgeley Dr Los Angeles 90036,464DFC8E-B145-4679-8699-AF5833B495C6_941_S_Ridgeley_Dr_Los_Angeles_90036,Ridgeley,941 S Ridgeley Drive Dr Los Angeles 90036,,,,
614586,1191333,,5089026026.0,,951.0,,,South,,,Ridgeley,Drive,,,,,,,,,,,,,90036.0,,Los Angeles,Los Angeles,,,,,LA City,{6C43203E-42B0-4917-9EA5-BE46EC343FF8},0,,6C43203E-42B0-4917-9EA5-BE46EC343FF8,Unknown,,S,,,Dr,S Ridgeley Dr,2023/09/12 23:03:18+00,951 S Ridgeley Dr Los Angeles 90036,6C43203E-42B0-4917-9EA5-BE46EC343FF8_951_S_Ridgeley_Dr_Los_Angeles_90036,Ridgeley,951 S Ridgeley Drive Dr Los Angeles 90036,,,,
614587,1191334,,5089026026.0,,949.0,,,South,,,Ridgeley,Drive,,,,,,,,,,,,,90036.0,,Los Angeles,Los Angeles,,,,,LA City,{44E2EE6F-E0CB-4375-AA59-EC48DF1079CD},0,,44E2EE6F-E0CB-4375-AA59-EC48DF1079CD,Unknown,,S,,,Dr,S Ridgeley Dr,2023/09/12 23:03:18+00,949 S Ridgeley Dr Los Angeles 90036,44E2EE6F-E0CB-4375-AA59-EC48DF1079CD_949_S_Ridgeley_Dr_Los_Angeles_90036,Ridgeley,949 S Ridgeley Drive Dr Los Angeles 90036,,,,
614588,1191335,,5089026026.0,,955.0,,,South,,,Ridgeley,Drive,,,,,,,,,,,,,90036.0,,Los Angeles,Los Angeles,,,,,LA City,{42372CBC-6FD4-445A-8AAF-8013CDA9909A},0,,42372CBC-6FD4-445A-8AAF-8013CDA9909A,Unknown,,S,,,Dr,S Ridgeley Dr,2023/09/12 23:03:18+00,955 S Ridgeley Dr Los Angeles 90036,42372CBC-6FD4-445A-8AAF-8013CDA9909A_955_S_Ridgeley_Dr_Los_Angeles_90036,Ridgeley,955 S Ridgeley Drive Dr Los Angeles 90036,,,,
614589,1191336,,5089026026.0,,5651.0,,,West,,,Olympic,Boulevard,,,,,,,,,,,,,90036.0,,Los Angeles,Los Angeles,,,,,LA City,{F892662C-794B-4A03-8DBB-91F0253FF6BF},0,,F892662C-794B-4A03-8DBB-91F0253FF6BF,Unknown,,W,,,Blvd,W Olympic Blvd,2023/09/12 23:03:18+00,5651 W Olympic Blvd Los Angeles 90036,F892662C-794B-4A03-8DBB-91F0253FF6BF_5651_W_Olympic_Blvd_Los_Angeles_90036,Olympic,5651 W Olympic Boulevard Blvd Los Angeles 90036,,,,
614590,1191337,,5089026026.0,,947.0,,,South,,,Ridgeley,Drive,,,,,,,,,,,,,90036.0,,Los Angeles,Los Angeles,,,,,LA City,{9842755D-1E06-42CA-9E2A-620DA6FD91B1},0,,9842755D-1E06-42CA-9E2A-620DA6FD91B1,Unknown,,S,,,Dr,S Ridgeley Dr,2023/09/12 23:03:18+00,947 S Ridgeley Dr Los Angeles 90036,9842755D-1E06-42CA-9E2A-620DA6FD91B1_947_S_Ridgeley_Dr_Los_Angeles_90036,Ridgeley,947 S Ridgeley Drive Dr Los Angeles 90036,,,,
614591,1191338,,5089026026.0,,5653.0,,,West,,,Olympic,Boulevard,,,,,,,,,,,,,90036.0,,Los Angeles,Los Angeles,,,,,LA City,{9B5B9B21-78ED-4F40-AEDA-4EBA538F596D},0,,9B5B9B21-78ED-4F40-AEDA-4EBA538F596D,Unknown,,W,,,Blvd,W Olympic Blvd,2023/09/12 23:03:18+00,5653 W Olympic Blvd Los Angeles 90036,9B5B9B21-78ED-4F40-AEDA-4EBA538F596D_5653_W_Olympic_Blvd_Los_Angeles_90036,Olympic,5653 W Olympic Boulevard Blvd Los Angeles 90036,,,,
614592,1191339,,5089026027.0,,900.0,,,South,,,Hauser,Boulevard,,,,,,,,,,,,,90036.0,,Los Angeles,Los Angeles,,,,,LA City,{75F1B4DE-5066-4CF0-8943-AC4F2F19B945},0,,75F1B4DE-5066-4CF0-8943-AC4F2F19B945,Unknown,,S,,,Blvd,S Hauser Blvd,2023/09/12 23:03:18+00,900 S Hauser Blvd Los Angeles 90036,75F1B4DE-5066-4CF0-8943-AC4F2F19B945_900_S_Hauser_Blvd_Los_Angeles_90036,Hauser,900 S Hauser Boulevard Blvd Los Angeles 90036,,,,
614593,1191340,,5089026028.0,,908.0,,,South,,,Hauser,Boulevard,,,,,,,,,,,,,90036.0,,Los Angeles,Los Angeles,,,,,LA City,{BFCE26AE-3FCE-469F-81BB-51B52D029F31},0,,BFCE26AE-3FCE-469F-81BB-51B52D029F31,Unknown,,S,,,Blvd,S Hauser Blvd,2023/09/12 23:03:18+00,908 S Hauser Blvd Los Angeles 90036,BFCE26AE-3FCE-469F-81BB-51B52D029F31_908_S_Hauser_Blvd_Los_Angeles_90036,Hauser,908 S Hauser Boulevard Blvd Los Angeles 90036,,,,
614594,1191341,,5089026029.0,,914.0,,,South,,,Hauser,Boulevard,,,,,,,,,,,,,90036.0,,Los Angeles,Los Angeles,,,,,LA City,{9CE6E087-0A46-4795-B8B6-FA43126C8BB2},0,,9CE6E087-0A46-4795-B8B6-FA43126C8BB2,Unknown,,S,,,Blvd,S Hauser Blvd,2023/09/12 23:03:18+00,914 S Hauser Blvd Los Angeles 90036,9CE6E087-0A46-4795-B8B6-FA43126C8BB2_914_S_Hauser_Blvd_Los_Angeles_90036,Hauser,914 S Hauser Boulevard Blvd Los Angeles 90036,,,,
614595,1191342,,5089026030.0,,916.0,,,South,,,Hauser,Boulevard,,,,,,,,,,,,,90036.0,,Los Angeles,Los Angeles,,,,,LA City,{A19A30A1-50BE-49DF-B14E-6AC2F9CB9A63},0,,A19A30A1-50BE-49DF-B14E-6AC2F9CB9A63,Unknown,,S,,,Blvd,S Hauser Blvd,2023/09/12 23:03:18+00,916 S Hauser Blvd Los Angeles 90036,A19A30A1-50BE-49DF-B14E-6AC2F9CB9A63_916_S_Hauser_Blvd_Los_Angeles_90036,Hauser,916 S Hauser Boulevard Blvd Los Angeles 90036,,,,
614596,1191343,,5089026031.0,,924.0,,,South,,,Hauser,Boulevard,,,,,,,,,,,,,90036.0,,Los Angeles,Los Angeles,,,,,LA City,{73C5839F-2573-4417-8506-8454BF5469A4},0,,73C5839F-2573-4417-8506-8454BF5469A4,Unknown,,S,,,Blvd,S Hauser Blvd,2023/09/12 23:03:18+00,924 S Hauser Blvd Los Angeles 90036,73C5839F-2573-4417-8506-8454BF5469A4_924_S_Hauser_Blvd_Los_Angeles_90036,Hauser,924 S Hauser Boulevard Blvd Los Angeles 90036,,,,
614597,1191344,,5089026032.0,,928.0,,,South,,,Hauser,Boulevard,,,,,,,,,,,,,90036.0,,Los Angeles,Los Angeles,,,,,LA City,{381D1021-5788-4B7D-ABD6-AA86C787164B},0,,381D1021-5788-4B7D-ABD6-AA86C787164B,Unknown,,S,,,Blvd,S Hauser Blvd,2023/09/12 23:03:18+00,928 S Hauser Blvd Los Angeles 90036,381D1021-5788-4B7D-ABD6-AA86C787164B_928_S_Hauser_Blvd_Los_Angeles_90036,Hauser,928 S Hauser Boulevard Blvd Los Angeles 90036,,,,
614598,1191345,,5089026033.0,,934.0,,,South,,,Hauser,Boulevard,,,,,,,,,,,,,90036.0,,Los Angeles,Los Angeles,,,,,LA City,{69538DFF-62FC-436C-A155-57F34E261F65},0,,69538DFF-62FC-436C-A155-57F34E261F65,Unknown,,S,,,Blvd,S Hauser Blvd,2023/09/12 23:03:18+00,934 S Hauser Blvd Los Angeles 90036,69538DFF-62FC-436C-A155-57F34E261F65_934_S_Hauser_Blvd_Los_Angeles_90036,Hauser,934 S Hauser Boulevard Blvd Los Angeles 90036,,,,
614599,1191346,,5089026034.0,,940.0,,,South,,,Hauser,Boulevard,,,,,,,,,,,,,90036.0,,Los Angeles,Los Angeles,,,,,LA City,{550AF526-843C-4E5B-AF1C-A4740965719A},0,,550AF526-843C-4E5B-AF1C-A4740965719A,Unknown,,S,,,Blvd,S Hauser Blvd,2023/09/12 23:03:18+00,940 S Hauser Blvd Los Angeles 90036,550AF526-843C-4E5B-AF1C-A4740965719A_940_S_Hauser_Blvd_Los_Angeles_90036,Hauser,940 S Hauser Boulevard Blvd Los Angeles 90036,,,,
614600,1191347,,5089026035.0,,5675.0,,,West,,,Olympic,Boulevard,,,,,,,,,,,,,90036.0,,Los Angeles,Los Angeles,,,,,LA City,{A1E1DACF-487C-4072-BB9A-B4F977DE53A9},0,,A1E1DACF-487C-4072-BB9A-B4F977DE53A9,Unknown,,W,,,Blvd,W Olympic Blvd,2023/09/12 23:03:18+00,5675 W Olympic Blvd Los Angeles 90036,A1E1DACF-487C-4072-BB9A-B4F977DE53A9_5675_W_Olympic_Blvd_Los_Angeles_90036,Olympic,5675 W Olympic Boulevard Blvd Los Angeles 90036,,,,
614601,1191348,,5089026036.0,,5667.0,,,West,,,Olympic,Boulevard,,,,,,,,,,,,,90036.0,,Los Angeles,Los Angeles,,,,,LA City,{B6D52A12-A2B4-479A-93F7-34806AD388BA},0,,B6D52A12-A2B4-479A-93F7-34806AD388BA,Unknown,,W,,,Blvd,W Olympic Blvd,2023/09/12 23:03:18+00,5667 W Olympic Blvd Los Angeles 90036,B6D52A12-A2B4-479A-93F7-34806AD388BA_5667_W_Olympic_Blvd_Los_Angeles_90036,Olympic,5667 W Olympic Boulevard Blvd Los Angeles 90036,,,,
614602,1191349,,5089026037.0,,905.0,,,South,,,Burnside,Avenue,,,,,,,,,,,,,90036.0,,Los Angeles,Los Angeles,,,,,LA City,{81FA423B-2BD7-40F4-9128-EA515F487B57},0,,81FA423B-2BD7-40F4-9128-EA515F487B57,Unknown,,S,,,Ave,S Burnside Ave,2023/09/12 23:03:18+00,905 S Burnside Ave Los Angeles 90036,81FA423B-2BD7-40F4-9128-EA515F487B57_905_S_Burnside_Ave_Los_Angeles_90036,Burnside,905 S Burnside Avenue Ave Los Angeles 90036,,,,
614603,1191350,,5089026040.0,,5601.0,,,West,,,Olympic,Boulevard,,,,,,,,,,,,1-10,90036.0,,Los Angeles,Los Angeles,,,,,LA City,{8651BF48-B652-4279-BD6D-3D51FD7065D5},0,,8651BF48-B652-4279-BD6D-3D51FD7065D5,Unknown,,W,,,Blvd,W Olympic Blvd,2023/09/12 23:03:18+00,5601 W Olympic Blvd 1-10 Los Angeles 90036,8651BF48-B652-4279-BD6D-3D51FD7065D5_5601_W_Olympic_Blvd_1-10_Los_Angeles_90036,Olympic,5601 W Olympic Boulevard Blvd 1-10 Los Angeles 90036,,,,
758747,1409002,,5422009041.0,,2256.0,,,,,,Earl,Street,,,,,,,,,,,,,90036.0,,Los Angeles,Los Angeles,,,,,Assessor,{560FE0EE-B8B1-4A1A-91CA-761B2DFFF1E2},0,,560FE0EE-B8B1-4A1A-91CA-761B2DFFF1E2,Unknown,,,,,St,Earl St,2024/04/27 17:13:09+00,2256 Earl St Los Angeles 90036,560FE0EE-B8B1-4A1A-91CA-761B2DFFF1E2_2256_Earl_St_Los_Angeles_90036,Earl,2256 Earl Street St Los Angeles 90036,,,,
