fid,OBJECTID,OBJIDstr,AIN,NumPrefix,Number,NumSuffix,PreMod,PreDir,PreType,StArticle,StreetName,PostType,PostDir,PostMod,BldgID,BldgSource,BldgTypePl,BldgType,BldgName,FlrTypePl,FlrType,FlrName,UnitType,UnitName,ZipCode,Zip4,LegalComm,PostComm1,PostComm2,PostComm3,OtherComm1,OtherComm2,Source,SourceID,MADRank,AROIDstr,OIDstr,PropType,ObjID,PreDirAbbr,PostDirAbbr,PreTypeAbbr,PostTypeAbbr,FullName,UpdateDate,FullAddress,UniqueID,StName_EnerGov,FullAddress_EnerGov,MSAG_City,ESN,lon,lat
13633,53995,,,,2901.0,,,North,,,Glendale,Boulevard,,,,,,,,,,,,,90039.0,,Los Angeles,Los Angeles,,,,,LA City,{AA54BADF-07A5-4C85-8DC1-0A6714C94659},0,,AA54BADF-07A5-4C85-8DC1-0A6714C94659,Unknown,,N,,,Blvd,N Glendale Blvd,2023/09/12 23:03:18+00,2901 N Glendale Blvd Los Angeles 90039,AA54BADF-07A5-4C85-8DC1-0A6714C94659_2901_N_Glendale_Blvd_Los_Angeles_90039,Glendale,2901 N Glendale Boulevard Blvd Los Angeles 90039,,,,
13652,54019,,,,2856.0,,,West,,,Los Feliz,Boulevard,,,,,,,,,,,,,90039.0,,Los Angeles,Los Angeles,,,,,LA City,{F743E723-9059-4F0F-A9A9-9DAECFCD2DC6},0,,F743E723-9059-4F0F-A9A9-9DAECFCD2DC6,Unknown,,W,,,Blvd,W Los Feliz Blvd,2023/09/12 23:03:18+00,2856 W Los Feliz Blvd Los Angeles 90039,F743E723-9059-4F0F-A9A9-9DAECFCD2DC6_2856_W_Los_Feliz_Blvd_Los_Angeles_90039,Los Feliz,2856 W Los Feliz Boulevard Blvd Los Angeles 90039,,,,
13800,54198,,,,4641.0,,,West,,,Colorado,Boulevard,,,,,,,,,,,,,90039.0,,Los Angeles,Los Angeles,,,,,LA City,{6820D141-0A86-4CDD-A836-17B2B87D2EF2},0,,6820D141-0A86-4CDD-A836-17B2B87D2EF2,Unknown,,W,,,Blvd,W Colorado Blvd,2023/09/12 23:03:18+00,4641 W Colorado Blvd Los Angeles 90039,6820D141-0A86-4CDD-A836-17B2B87D2EF2_4641_W_Colorado_Blvd_Los_Angeles_90039,Colorado,4641 W Colorado Boulevard Blvd Los Angeles 90039,,,,
598280,1175022,,5077001009.0,,2387.0,,,North,,,Edgewater,Terrace,,,,,,,,,,,,,90039.0,,Los Angeles,Los Angeles,,,,,LA City,{B1D2AB5B-B671-42C4-8B8E-7DD1E0D4B00D},0,,B1D2AB5B-B671-42C4-8B8E-7DD1E0D4B00D,Unknown,,N,,,Ter,N Edgewater Ter,2024/05/12 21:05:27+00,2387 N Edgewater Ter Los Angeles 90039,B1D2AB5B-B671-42C4-8B8E-7DD1E0D4B00D_2387_N_Edgewater_Ter_Los_Angeles_90039,Edgewater,2387 N Edgewater Terrace Ter Los Angeles 90039,,,,
757125,1407380,,5420002001.0,,1974.0,,,West,,,Avalon,Street,,,,,,,,,,,,,90039.0,,Los Angeles,Los Angeles,,,,,LA City,{9C58932F-1CC6-4245-B274-DDBEBB51DAF4},0,,9C58932F-1CC6-4245-B274-DDBEBB51DAF4,Unknown,,W,,,St,W Avalon St,2023/09/12 23:03:18+00,1974 W Avalon St Los Angeles 90039,9C58932F-1CC6-4245-B274-DDBEBB51DAF4_1974_W_Avalon_St_Los_Angeles_90039,Avalon,1974 W Avalon Street St Los Angeles 90039,,,,
757126,1407381,,5420002001.0,,1972.0,,,,,,Avalon,Street,,,,,,,,,,,,,90039.0,,Los Angeles,Los Angeles,,,,,Assessor,{3326EEE0-4126-4486-BBDF-D83F53FADA3F},0,,3326EEE0-4126-4486-BBDF-D83F53FADA3F,Unknown,,,,,St,Avalon St,2024/04/27 17:13:09+00,1972 Avalon St Los Angeles 90039,3326EEE0-4126-4486-BBDF-D83F53FADA3F_1972_Avalon_St_Los_Angeles_90039,Avalon,1972 Avalon Street St Los Angeles 90039,,,,
757127,1407382,,5420002002.0,,1970.0,,,West,,,Avalon,Street,,,,,,,,,,,,,90039.0,,Los Angeles,Los Angeles,,,,,LA City,{14BC33A4-8B05-47F4-8498-D0D57943FDB5},0,,14BC33A4-8B05-47F4-8498-D0D57943FDB5,Unknown,,W,,,St,W Avalon St,2023/09/12 23:03:18+00,1970 W Avalon St Los Angeles 90039,14BC33A4-8B05-47F4-8498-D0D57943FDB5_1970_W_Avalon_St_Los_Angeles_90039,Avalon,1970 W Avalon Street St Los Angeles 90039,,,,
757128,1407383,,5420002003.0,,1968.0,,,West,,,Avalon,Street,,,,,,,,,,,,,90039.0,,Los Angeles,Los Angeles,,,,,LA City,{6A51C4F0-0A5C-4CEB-B7BB-B08342F4A5BC},0,,6A51C4F0-0A5C-4CEB-B7BB-B08342F4A5BC,Unknown,,W,,,St,W Avalon St,2023/09/12 23:03:18+00,1968 W Avalon St Los Angeles 90039,6A51C4F0-0A5C-4CEB-B7BB-B08342F4A5BC_1968_W_Avalon_St_Los_Angeles_90039,Avalon,1968 W Avalon Street St Los Angeles 90039,,,,
757220,1407475,,5420004004.0,,1945.0,,,North,,,Lake Shore,Avenue,,,,,,,,,,,,,90039.0,,Los Angeles,Los Angeles,,,,,LA City,{5AE6A6C1-5ED0-476C-96E3-6751EB945224},0,,5AE6A6C1-5ED0-476C-96E3-6751EB945224,Unknown,,N,,,Ave,N Lake Shore Ave,2023/09/12 23:03:18+00,1945 N Lake Shore Ave Los Angeles 90039,5AE6A6C1-5ED0-476C-96E3-6751EB945224_1945_N_Lake_Shore_Ave_Los_Angeles_90039,Lake Shore,1945 N Lake Shore Avenue Ave Los Angeles 90039,,,,
757221,1407476,,5420004004.0,,1943.0,,,North,,,Lake Shore,Avenue,,,,,,,,,,,,,90039.0,,Los Angeles,Los Angeles,,,,,LA City,{95A7E361-4EF7-4137-8DD4-D0361B4DFAA9},0,,95A7E361-4EF7-4137-8DD4-D0361B4DFAA9,Unknown,,N,,,Ave,N Lake Shore Ave,2023/09/12 23:03:18+00,1943 N Lake Shore Ave Los Angeles 90039,95A7E361-4EF7-4137-8DD4-D0361B4DFAA9_1943_N_Lake_Shore_Ave_Los_Angeles_90039,Lake Shore,1943 N Lake Shore Avenue Ave Los Angeles 90039,,,,
757222,1407477,,5420004005.0,,1939.0,,,North,,,Lake Shore,Avenue,,,,,,,,,,,,,90039.0,,Los Angeles,Los Angeles,,,,,LA City,{7F506F19-6F63-4245-97D4-E9B925C1D315},0,,7F506F19-6F63-4245-97D4-E9B925C1D315,Unknown,,N,,,Ave,N Lake Shore Ave,2023/09/12 23:03:18+00,1939 N Lake Shore Ave Los Angeles 90039,7F506F19-6F63-4245-97D4-E9B925C1D315_1939_N_Lake_Shore_Ave_Los_Angeles_90039,Lake Shore,1939 N Lake Shore Avenue Ave Los Angeles 90039,,,,
757223,1407478,,5420004006.0,,1933.0,,,North,,,Lake Shore,Avenue,,,,,,,,,,,,,90039.0,,Los Angeles,Los Angeles,,,,,LA City,{C6F77836-A74D-4641-89B4-B0A65EAD4D59},0,,C6F77836-A74D-4641-89B4-B0A65EAD4D59,Unknown,,N,,,Ave,N Lake Shore Ave,2023/09/12 23:03:18+00,1933 N Lake Shore Ave Los Angeles 90039,C6F77836-A74D-4641-89B4-B0A65EAD4D59_1933_N_Lake_Shore_Ave_Los_Angeles_90039,Lake Shore,1933 N Lake Shore Avenue Ave Los Angeles 90039,,,,
757224,1407479,,5420004007.0,,1927.0,,,North,,,Lake Shore,Avenue,,,,,,,,,,,,,90039.0,,Los Angeles,Los Angeles,,,,,LA City,{25D8D47B-73A4-4195-A88D-9236393720F5},0,,25D8D47B-73A4-4195-A88D-9236393720F5,Unknown,,N,,,Ave,N Lake Shore Ave,2023/09/12 23:03:18+00,1927 N Lake Shore Ave Los Angeles 90039,25D8D47B-73A4-4195-A88D-9236393720F5_1927_N_Lake_Shore_Ave_Los_Angeles_90039,Lake Shore,1927 N Lake Shore Avenue Ave Los Angeles 90039,,,,
757225,1407480,,5420004007.0,,1929.0,,,North,,,Lake Shore,Avenue,,,,,,,,,,,,,90039.0,,Los Angeles,Los Angeles,,,,,LA City,{8393B515-E031-4304-9807-694D64AB2C1B},0,,8393B515-E031-4304-9807-694D64AB2C1B,Unknown,,N,,,Ave,N Lake Shore Ave,2023/09/12 23:03:18+00,1929 N Lake Shore Ave Los Angeles 90039,8393B515-E031-4304-9807-694D64AB2C1B_1929_N_Lake_Shore_Ave_Los_Angeles_90039,Lake Shore,1929 N Lake Shore Avenue Ave Los Angeles 90039,,,,
757226,1407481,,5420004008.0,,1923.0,,,North,,,Lake Shore,Avenue,,,,,,,,,,,,,90039.0,,Los Angeles,Los Angeles,,,,,LA City,{3DFE66BB-E533-4F1D-A8DE-8757409B6E1A},0,,3DFE66BB-E533-4F1D-A8DE-8757409B6E1A,Unknown,,N,,,Ave,N Lake Shore Ave,2023/09/12 23:03:18+00,1923 N Lake Shore Ave Los Angeles 90039,3DFE66BB-E533-4F1D-A8DE-8757409B6E1A_1923_N_Lake_Shore_Ave_Los_Angeles_90039,Lake Shore,1923 N Lake Shore Avenue Ave Los Angeles 90039,,,,
757227,1407482,,5420004008.0,,1925.0,,,North,,,Lake Shore,Avenue,,,,,,,,,,,,,90039.0,,Los Angeles,Los Angeles,,,,,LA City,{3A4380C0-24B4-42BD-B8EB-EDF25BE06643},0,,3A4380C0-24B4-42BD-B8EB-EDF25BE06643,Unknown,,N,,,Ave,N Lake Shore Ave,2023/09/12 23:03:18+00,1925 N Lake Shore Ave Los Angeles 90039,3A4380C0-24B4-42BD-B8EB-EDF25BE06643_1925_N_Lake_Shore_Ave_Los_Angeles_90039,Lake Shore,1925 N Lake Shore Avenue Ave Los Angeles 90039,,,,
757228,1407483,,5420004009.0,,1917.0,,,North,,,Lake Shore,Avenue,,,,,,,,,,,,,90039.0,,Los Angeles,Los Angeles,,,,,LA City,{79FF5A2E-11D6-49E0-B681-936A8FFE6F35},0,,79FF5A2E-11D6-49E0-B681-936A8FFE6F35,Unknown,,N,,,Ave,N Lake Shore Ave,2023/09/12 23:03:18+00,1917 N Lake Shore Ave Los Angeles 90039,79FF5A2E-11D6-49E0-B681-936A8FFE6F35_1917_N_Lake_Shore_Ave_Los_Angeles_90039,Lake Shore,1917 N Lake Shore Avenue Ave Los Angeles 90039,,,,
757229,1407484,,5420004010.0,,1911.0,,,North,,,Lake Shore,Avenue,,,,,,,,,,,,,90039.0,,Los Angeles,Los Angeles,,,,,LA City,{878E3FF9-58E9-4EC8-AA95-19D7F56F3592},0,,878E3FF9-58E9-4EC8-AA95-19D7F56F3592,Unknown,,N,,,Ave,N Lake Shore Ave,2023/09/12 23:03:18+00,1911 N Lake Shore Ave Los Angeles 90039,878E3FF9-58E9-4EC8-AA95-19D7F56F3592_1911_N_Lake_Shore_Ave_Los_Angeles_90039,Lake Shore,1911 N Lake Shore Avenue Ave Los Angeles 90039,,,,
757230,1407485,,5420004011.0,,1907.0,,,North,,,Lake Shore,Avenue,,,,,,,,,,,,,90039.0,,Los Angeles,Los Angeles,,,,,LA City,{0BC6641F-9BFB-48D5-936F-BD8DEE4220CC},0,,0BC6641F-9BFB-48D5-936F-BD8DEE4220CC,Unknown,,N,,,Ave,N Lake Shore Ave,2023/09/12 23:03:18+00,1907 N Lake Shore Ave Los Angeles 90039,0BC6641F-9BFB-48D5-936F-BD8DEE4220CC_1907_N_Lake_Shore_Ave_Los_Angeles_90039,Lake Shore,1907 N Lake Shore Avenue Ave Los Angeles 90039,,,,
757231,1407486,,5420004012.0,,1903.0,,,North,,,Lake Shore,Avenue,,,,,,,,,,,,,90039.0,,Los Angeles,Los Angeles,,,,,LA City,{8B289F28-7E60-4C2F-9CC7-08EFEDA3033C},0,,8B289F28-7E60-4C2F-9CC7-08EFEDA3033C,Unknown,,N,,,Ave,N Lake Shore Ave,2023/09/12 23:03:18+00,1903 N Lake Shore Ave Los Angeles 90039,8B289F28-7E60-4C2F-9CC7-08EFEDA3033C_1903_N_Lake_Shore_Ave_Los_Angeles_90039,Lake Shore,1903 N Lake Shore Avenue Ave Los Angeles 90039,,,,
757232,1407487,,5420004012.0,,1961.0,,,West,,,Avalon,Street,,,,,,,,,,,,,90039.0,,Los Angeles,Los Angeles,,,,,LA City,{0179E7B1-6761-4604-A33A-3B6D59EE78D9},0,,0179E7B1-6761-4604-A33A-3B6D59EE78D9,Unknown,,W,,,St,W Avalon St,2023/09/12 23:03:18+00,1961 W Avalon St Los Angeles 90039,0179E7B1-6761-4604-A33A-3B6D59EE78D9_1961_W_Avalon_St_Los_Angeles_90039,Avalon,1961 W Avalon Street St Los Angeles 90039,,,,
757233,1407488,,5420004015.0,,1912.0,,,North,,,Alvarado,Street,,,,,,,,,,,,,90039.0,,Los Angeles,Los Angeles,,,,,LA City,{64AC0A68-E2F5-4164-8F5B-22CE3C5A59D7},0,,64AC0A68-E2F5-4164-8F5B-22CE3C5A59D7,Unknown,,N,,,St,N Alvarado St,2023/09/12 23:03:18+00,1912 N Alvarado St Los Angeles 90039,64AC0A68-E2F5-4164-8F5B-22CE3C5A59D7_1912_N_Alvarado_St_Los_Angeles_90039,Alvarado,1912 N Alvarado Street St Los Angeles 90039,,,,
757234,1407489,,5420004016.0,,1916.0,,,North,,,Alvarado,Street,,,,,,,,,,,,,90039.0,,Los Angeles,Los Angeles,,,,,LA City,{A3132387-D9D7-4723-A020-F779BFCF8C13},0,,A3132387-D9D7-4723-A020-F779BFCF8C13,Unknown,,N,,,St,N Alvarado St,2023/09/12 23:03:18+00,1916 N Alvarado St Los Angeles 90039,A3132387-D9D7-4723-A020-F779BFCF8C13_1916_N_Alvarado_St_Los_Angeles_90039,Alvarado,1916 N Alvarado Street St Los Angeles 90039,,,,
757235,1407490,,5420004017.0,,1922.0,,,North,,,Alvarado,Street,,,,,,,,,,,,,90039.0,,Los Angeles,Los Angeles,,,,,LA City,{23E3053B-4822-4D96-95C3-BCC8E4E44418},0,,23E3053B-4822-4D96-95C3-BCC8E4E44418,Unknown,,N,,,St,N Alvarado St,2023/09/12 23:03:18+00,1922 N Alvarado St Los Angeles 90039,23E3053B-4822-4D96-95C3-BCC8E4E44418_1922_N_Alvarado_St_Los_Angeles_90039,Alvarado,1922 N Alvarado Street St Los Angeles 90039,,,,
757236,1407491,,5420004018.0,,1926.0,,,North,,,Alvarado,Street,,,,,,,,,,,,,90039.0,,Los Angeles,Los Angeles,,,,,LA City,{C1D5B4FE-6C29-4439-B2DA-5E2A0BB337E4},0,,C1D5B4FE-6C29-4439-B2DA-5E2A0BB337E4,Unknown,,N,,,St,N Alvarado St,2023/09/12 23:03:18+00,1926 N Alvarado St Los Angeles 90039,C1D5B4FE-6C29-4439-B2DA-5E2A0BB337E4_1926_N_Alvarado_St_Los_Angeles_90039,Alvarado,1926 N Alvarado Street St Los Angeles 90039,,,,
757237,1407492,,5420004019.0,,1932.0,,,North,,,Alvarado,Street,,,,,,,,,,,,,90039.0,,Los Angeles,Los Angeles,,,,,LA City,{A93C81DF-5F9D-4B31-86E1-EB2A3FBC0978},0,,A93C81DF-5F9D-4B31-86E1-EB2A3FBC0978,Unknown,,N,,,St,N Alvarado St,2023/09/12 23:03:18+00,1932 N Alvarado St Los Angeles 90039,A93C81DF-5F9D-4B31-86E1-EB2A3FBC0978_1932_N_Alvarado_St_Los_Angeles_90039,Alvarado,1932 N Alvarado Street St Los Angeles 90039,,,,
757238,1407493,,5420004019.0,,1934.0,,,North,,,Alvarado,Street,,,,,,,,,,,,,90039.0,,Los Angeles,Los Angeles,,,,,LA City,{62207F18-FA1F-4AA7-8BA7-B4E717A3CBFC},0,,62207F18-FA1F-4AA7-8BA7-B4E717A3CBFC,Unknown,,N,,,St,N Alvarado St,2023/09/12 23:03:18+00,1934 N Alvarado St Los Angeles 90039,62207F18-FA1F-4AA7-8BA7-B4E717A3CBFC_1934_N_Alvarado_St_Los_Angeles_90039,Alvarado,1934 N Alvarado Street St Los Angeles 90039,,,,
757239,1407494,,5420004020.0,,1936.0,,,North,,,Alvarado,Street,,,,,,,,,,,,,90039.0,,Los Angeles,Los Angeles,,,,,LA City,{B50DD027-6994-4BE0-B58D-176B12DBC6CE},0,,B50DD027-6994-4BE0-B58D-176B12DBC6CE,Unknown,,N,,,St,N Alvarado St,2023/09/12 23:03:18+00,1936 N Alvarado St Los Angeles 90039,B50DD027-6994-4BE0-B58D-176B12DBC6CE_1936_N_Alvarado_St_Los_Angeles_90039,Alvarado,1936 N Alvarado Street St Los Angeles 90039,,,,
757240,1407495,,5420004021.0,,1942.0,,,North,,,Alvarado,Street,,,,,,,,,,,,,90039.0,,Los Angeles,Los Angeles,,,,,LA City,{E6A8EDC4-C687-4D13-8F96-5B909F05FBCD},0,,E6A8EDC4-C687-4D13-8F96-5B909F05FBCD,Unknown,,N,,,St,N Alvarado St,2023/09/12 23:03:18+00,1942 N Alvarado St Los Angeles 90039,E6A8EDC4-C687-4D13-8F96-5B909F05FBCD_1942_N_Alvarado_St_Los_Angeles_90039,Alvarado,1942 N Alvarado Street St Los Angeles 90039,,,,
757241,1407496,,5420004023.0,,1948.0,,,North,,,Alvarado,Street,,,,,,,,,,,,,90039.0,,Los Angeles,Los Angeles,,,,,LA City,{D4A8C8E2-2E86-4EC6-9FE9-852AD5484CC7},0,,D4A8C8E2-2E86-4EC6-9FE9-852AD5484CC7,Unknown,,N,,,St,N Alvarado St,2023/09/12 23:03:18+00,1948 N Alvarado St Los Angeles 90039,D4A8C8E2-2E86-4EC6-9FE9-852AD5484CC7_1948_N_Alvarado_St_Los_Angeles_90039,Alvarado,1948 N Alvarado Street St Los Angeles 90039,,,,
757242,1407497,,5420004025.0,,1954.0,,,North,,,Alvarado,Street,,,,,,,,,,,,,90039.0,,Los Angeles,Los Angeles,,,,,LA City,{5B6EBD77-0100-4DA5-B293-BEAC131DA6C3},0,,5B6EBD77-0100-4DA5-B293-BEAC131DA6C3,Unknown,,N,,,St,N Alvarado St,2023/09/12 23:03:18+00,1954 N Alvarado St Los Angeles 90039,5B6EBD77-0100-4DA5-B293-BEAC131DA6C3_1954_N_Alvarado_St_Los_Angeles_90039,Alvarado,1954 N Alvarado Street St Los Angeles 90039,,,,
757243,1407498,,5420004025.0,,1952.0,,,North,,,Alvarado,Street,,,,,,,,,,,,,90039.0,,Los Angeles,Los Angeles,,,,,LA City,{DC11D7FB-331E-48AB-90AD-86A74DCD507A},0,,DC11D7FB-331E-48AB-90AD-86A74DCD507A,Unknown,,N,,,St,N Alvarado St,2023/09/12 23:03:18+00,1952 N Alvarado St Los Angeles 90039,DC11D7FB-331E-48AB-90AD-86A74DCD507A_1952_N_Alvarado_St_Los_Angeles_90039,Alvarado,1952 N Alvarado Street St Los Angeles 90039,,,,
757244,1407499,,5420004027.0,,1947.0,,,North,,,Lake Shore,Avenue,,,,,,,,,,,,,90039.0,,Los Angeles,Los Angeles,,,,,LA City,{7233AC2D-B27C-41DE-9CBD-B03ACB32925D},0,,7233AC2D-B27C-41DE-9CBD-B03ACB32925D,Unknown,,N,,,Ave,N Lake Shore Ave,2023/09/12 23:03:18+00,1947 N Lake Shore Ave Los Angeles 90039,7233AC2D-B27C-41DE-9CBD-B03ACB32925D_1947_N_Lake_Shore_Ave_Los_Angeles_90039,Lake Shore,1947 N Lake Shore Avenue Ave Los Angeles 90039,,,,
757245,1407500,,5420004027.0,,1949.0,,,North,,,Lake Shore,Avenue,,,,,,,,,,,,,90039.0,,Los Angeles,Los Angeles,,,,,LA City,{9EC8A93E-D73D-4FDF-BA87-4A5664D20C93},0,,9EC8A93E-D73D-4FDF-BA87-4A5664D20C93,Unknown,,N,,,Ave,N Lake Shore Ave,2023/09/12 23:03:18+00,1949 N Lake Shore Ave Los Angeles 90039,9EC8A93E-D73D-4FDF-BA87-4A5664D20C93_1949_N_Lake_Shore_Ave_Los_Angeles_90039,Lake Shore,1949 N Lake Shore Avenue Ave Los Angeles 90039,,,,
757246,1407501,,5420004030.0,,2016.0,,,West,,,Ewing,Street,,,,,,,,,,,,,90039.0,,Los Angeles,Los Angeles,,,,,LA City,{41675906-EC76-4E82-9FBB-DA1991DEC8C0},0,,41675906-EC76-4E82-9FBB-DA1991DEC8C0,Unknown,,W,,,St,W Ewing St,2023/09/12 23:03:18+00,2016 W Ewing St Los Angeles 90039,41675906-EC76-4E82-9FBB-DA1991DEC8C0_2016_W_Ewing_St_Los_Angeles_90039,Ewing,2016 W Ewing Street St Los Angeles 90039,,,,
757247,1407502,,5420004032.0,,1908.0,,,North,,,Alvarado,Street,,,,,,,,,,,,,90039.0,,Los Angeles,Los Angeles,,,,,LA City,{A8EDFCF7-D94A-4E5A-933B-05EC094D40DA},0,,A8EDFCF7-D94A-4E5A-933B-05EC094D40DA,Unknown,,N,,,St,N Alvarado St,2023/09/12 23:03:18+00,1908 N Alvarado St Los Angeles 90039,A8EDFCF7-D94A-4E5A-933B-05EC094D40DA_1908_N_Alvarado_St_Los_Angeles_90039,Alvarado,1908 N Alvarado Street St Los Angeles 90039,,,,
757248,1407503,,5420004034.0,,1902.0,,,North,,,Alvarado,Street,,,,,,,,,,,,,90039.0,,Los Angeles,Los Angeles,,,,,LA City,{A76DBF6C-0D70-4F1E-8335-4499C1FC256C},0,,A76DBF6C-0D70-4F1E-8335-4499C1FC256C,Unknown,,N,,,St,N Alvarado St,2023/09/12 23:03:18+00,1902 N Alvarado St Los Angeles 90039,A76DBF6C-0D70-4F1E-8335-4499C1FC256C_1902_N_Alvarado_St_Los_Angeles_90039,Alvarado,1902 N Alvarado Street St Los Angeles 90039,,,,
757249,1407504,,5420004035.0,,1965.0,,,West,,,Avalon,Street,,,,,,,,,,,,,90039.0,,Los Angeles,Los Angeles,,,,,Assessor,{7C79E0EA-41BC-4E70-AD42-9E8A11D76392},0,,7C79E0EA-41BC-4E70-AD42-9E8A11D76392,Unknown,,W,,,St,W Avalon St,2024/04/27 17:13:09+00,1965 W Avalon St Los Angeles 90039,7C79E0EA-41BC-4E70-AD42-9E8A11D76392_1965_W_Avalon_St_Los_Angeles_90039,Avalon,1965 W Avalon Street St Los Angeles 90039,,,,
757250,1407505,,5420004900.0,,1953.0,,,North,,,Lake Shore,Avenue,,,,,,,,,,,,,90039.0,,Los Angeles,Los Angeles,,,,,LA City,{67EE7029-14E1-4342-B93D-4B747AABCD2E},0,,67EE7029-14E1-4342-B93D-4B747AABCD2E,Unknown,,N,,,Ave,N Lake Shore Ave,2023/09/12 23:03:18+00,1953 N Lake Shore Ave Los Angeles 90039,67EE7029-14E1-4342-B93D-4B747AABCD2E_1953_N_Lake_Shore_Ave_Los_Angeles_90039,Lake Shore,1953 N Lake Shore Avenue Ave Los Angeles 90039,,,,
757251,1407506,,5420005001.0,,2056.0,,,North,,,Alvarado,Street,,,,,,,,,,,,,90039.0,,Los Angeles,Los Angeles,,,,,LA City,{C9E05C37-39F1-4425-9B3F-757F6CB4494D},0,,C9E05C37-39F1-4425-9B3F-757F6CB4494D,Unknown,,N,,,St,N Alvarado St,2023/09/12 23:03:18+00,2056 N Alvarado St Los Angeles 90039,C9E05C37-39F1-4425-9B3F-757F6CB4494D_2056_N_Alvarado_St_Los_Angeles_90039,Alvarado,2056 N Alvarado Street St Los Angeles 90039,,,,
757252,1407507,,5420005003.0,,2022.0,,,West,,,Baxter,Street,,,,,,,,,,,,,90039.0,,Los Angeles,Los Angeles,,,,,LA City,{41F466BE-6A94-4629-9ADA-C0D5E9B42F00},0,,41F466BE-6A94-4629-9ADA-C0D5E9B42F00,Unknown,,W,,,St,W Baxter St,2023/09/12 23:03:18+00,2022 W Baxter St Los Angeles 90039,41F466BE-6A94-4629-9ADA-C0D5E9B42F00_2022_W_Baxter_St_Los_Angeles_90039,Baxter,2022 W Baxter Street St Los Angeles 90039,,,,
757253,1407508,,5420005004.0,,2020.0,,,West,,,Baxter,Street,,,,,,,,,,,,,90039.0,,Los Angeles,Los Angeles,,,,,LA City,{D247DBFE-1A52-4066-8C94-868F9C9ABBE8},0,,D247DBFE-1A52-4066-8C94-868F9C9ABBE8,Unknown,,W,,,St,W Baxter St,2023/09/12 23:03:18+00,2020 W Baxter St Los Angeles 90039,D247DBFE-1A52-4066-8C94-868F9C9ABBE8_2020_W_Baxter_St_Los_Angeles_90039,Baxter,2020 W Baxter Street St Los Angeles 90039,,,,
757254,1407509,,5420005004.0,,2018.0,,,West,,,Baxter,Street,,,,,,,,,,,,,90039.0,,Los Angeles,Los Angeles,,,,,LA City,{7825C456-F662-4F7A-A4E4-D971B0DD4CC3},0,,7825C456-F662-4F7A-A4E4-D971B0DD4CC3,Unknown,,W,,,St,W Baxter St,2023/09/12 23:03:18+00,2018 W Baxter St Los Angeles 90039,7825C456-F662-4F7A-A4E4-D971B0DD4CC3_2018_W_Baxter_St_Los_Angeles_90039,Baxter,2018 W Baxter Street St Los Angeles 90039,,,,
757255,1407510,,5420005005.0,,2014.0,,,West,,,Baxter,Street,,,,,,,,,,,,,90039.0,,Los Angeles,Los Angeles,,,,,LA City,{D8229807-E102-4B7C-9CB6-9BFEF5087426},0,,D8229807-E102-4B7C-9CB6-9BFEF5087426,Unknown,,W,,,St,W Baxter St,2023/09/12 23:03:18+00,2014 W Baxter St Los Angeles 90039,D8229807-E102-4B7C-9CB6-9BFEF5087426_2014_W_Baxter_St_Los_Angeles_90039,Baxter,2014 W Baxter Street St Los Angeles 90039,,,,
757256,1407511,,5420005006.0,,2000.0,,,,,,Baxter,Street,,,,,,,,,,,,,90039.0,,Los Angeles,Los Angeles,,,,,Assessor,{44AE513C-CF24-47BC-ACF8-AF33D52FA07E},0,,44AE513C-CF24-47BC-ACF8-AF33D52FA07E,Unknown,,,,,St,Baxter St,2024/04/27 17:13:09+00,2000 Baxter St Los Angeles 90039,44AE513C-CF24-47BC-ACF8-AF33D52FA07E_2000_Baxter_St_Los_Angeles_90039,Baxter,2000 Baxter Street St Los Angeles 90039,,,,
757257,1407512,,5420005007.0,,2055.0,,,North,,,Lake Shore,Avenue,,,,,,,,,,,,,90039.0,,Los Angeles,Los Angeles,,,,,LA City,{270A2E45-AEDF-4858-B6C4-069D74290C13},0,,270A2E45-AEDF-4858-B6C4-069D74290C13,Unknown,,N,,,Ave,N Lake Shore Ave,2023/09/12 23:03:18+00,2055 N Lake Shore Ave Los Angeles 90039,270A2E45-AEDF-4858-B6C4-069D74290C13_2055_N_Lake_Shore_Ave_Los_Angeles_90039,Lake Shore,2055 N Lake Shore Avenue Ave Los Angeles 90039,,,,
757258,1407513,,5420005008.0,,2051.0,,,North,,,Lake Shore,Avenue,,,,,,,,,,,,,90039.0,,Los Angeles,Los Angeles,,,,,LA City,{5FF956A3-0EB9-405F-9109-763C9B2D1FB6},0,,5FF956A3-0EB9-405F-9109-763C9B2D1FB6,Unknown,,N,,,Ave,N Lake Shore Ave,2023/09/12 23:03:18+00,2051 N Lake Shore Ave Los Angeles 90039,5FF956A3-0EB9-405F-9109-763C9B2D1FB6_2051_N_Lake_Shore_Ave_Los_Angeles_90039,Lake Shore,2051 N Lake Shore Avenue Ave Los Angeles 90039,,,,
757259,1407514,,5420005008.0,,2053.0,,,North,,,Lake Shore,Avenue,,,,,,,,,,,,,90039.0,,Los Angeles,Los Angeles,,,,,LA City,{BA038198-208F-4F74-8EC6-7B67BA3E1618},0,,BA038198-208F-4F74-8EC6-7B67BA3E1618,Unknown,,N,,,Ave,N Lake Shore Ave,2023/09/12 23:03:18+00,2053 N Lake Shore Ave Los Angeles 90039,BA038198-208F-4F74-8EC6-7B67BA3E1618_2053_N_Lake_Shore_Ave_Los_Angeles_90039,Lake Shore,2053 N Lake Shore Avenue Ave Los Angeles 90039,,,,
757260,1407515,,5420005009.0,,2049.0,,,North,,,Lake Shore,Avenue,,,,,,,,,,,,,90039.0,,Los Angeles,Los Angeles,,,,,LA City,{479BE68D-B40B-48C6-AD2D-BC2B9D689AA9},0,,479BE68D-B40B-48C6-AD2D-BC2B9D689AA9,Unknown,,N,,,Ave,N Lake Shore Ave,2023/09/12 23:03:18+00,2049 N Lake Shore Ave Los Angeles 90039,479BE68D-B40B-48C6-AD2D-BC2B9D689AA9_2049_N_Lake_Shore_Ave_Los_Angeles_90039,Lake Shore,2049 N Lake Shore Avenue Ave Los Angeles 90039,,,,
757261,1407516,,5420005009.0,,2047.0,,,North,,,Lake Shore,Avenue,,,,,,,,,,,,,90039.0,,Los Angeles,Los Angeles,,,,,LA City,{DB1A8526-11C9-489F-B348-6A14F3F41E81},0,,DB1A8526-11C9-489F-B348-6A14F3F41E81,Unknown,,N,,,Ave,N Lake Shore Ave,2023/09/12 23:03:18+00,2047 N Lake Shore Ave Los Angeles 90039,DB1A8526-11C9-489F-B348-6A14F3F41E81_2047_N_Lake_Shore_Ave_Los_Angeles_90039,Lake Shore,2047 N Lake Shore Avenue Ave Los Angeles 90039,,,,
757262,1407517,,5420005010.0,,2043.0,,,North,,,Lake Shore,Avenue,,,,,,,,,,,,,90039.0,,Los Angeles,Los Angeles,,,,,LA City,{C5E5DA11-CD8F-4313-B801-DDCC8B11D6EB},0,,C5E5DA11-CD8F-4313-B801-DDCC8B11D6EB,Unknown,,N,,,Ave,N Lake Shore Ave,2023/09/12 23:03:18+00,2043 N Lake Shore Ave Los Angeles 90039,C5E5DA11-CD8F-4313-B801-DDCC8B11D6EB_2043_N_Lake_Shore_Ave_Los_Angeles_90039,Lake Shore,2043 N Lake Shore Avenue Ave Los Angeles 90039,,,,
757263,1407518,,5420005010.0,,2045.0,,,North,,,Lake Shore,Avenue,,,,,,,,,,,,,90039.0,,Los Angeles,Los Angeles,,,,,LA City,{C6E2C466-B042-4E88-B0A2-F0789ADF2188},0,,C6E2C466-B042-4E88-B0A2-F0789ADF2188,Unknown,,N,,,Ave,N Lake Shore Ave,2023/09/12 23:03:18+00,2045 N Lake Shore Ave Los Angeles 90039,C6E2C466-B042-4E88-B0A2-F0789ADF2188_2045_N_Lake_Shore_Ave_Los_Angeles_90039,Lake Shore,2045 N Lake Shore Avenue Ave Los Angeles 90039,,,,
757264,1407519,,5420005011.0,,2037.0,,,North,,,Lake Shore,Avenue,,,,,,,,,,,,,90039.0,,Los Angeles,Los Angeles,,,,,LA City,{F57C8875-79AA-4F60-9BB0-1F884B6E0663},0,,F57C8875-79AA-4F60-9BB0-1F884B6E0663,Unknown,,N,,,Ave,N Lake Shore Ave,2023/09/12 23:03:18+00,2037 N Lake Shore Ave Los Angeles 90039,F57C8875-79AA-4F60-9BB0-1F884B6E0663_2037_N_Lake_Shore_Ave_Los_Angeles_90039,Lake Shore,2037 N Lake Shore Avenue Ave Los Angeles 90039,,,,
757265,1407520,,5420005012.0,,2033.0,,,North,,,Lake Shore,Avenue,,,,,,,,,,,,,90039.0,,Los Angeles,Los Angeles,,,,,LA City,{30E015F2-3E82-49F3-ABF5-47476A79EBDF},0,,30E015F2-3E82-49F3-ABF5-47476A79EBDF,Unknown,,N,,,Ave,N Lake Shore Ave,2023/09/12 23:03:18+00,2033 N Lake Shore Ave Los Angeles 90039,30E015F2-3E82-49F3-ABF5-47476A79EBDF_2033_N_Lake_Shore_Ave_Los_Angeles_90039,Lake Shore,2033 N Lake Shore Avenue Ave Los Angeles 90039,,,,
757266,1407521,,5420005012.0,,2035.0,,,North,,,Lake Shore,Avenue,,,,,,,,,,,,,90039.0,,Los Angeles,Los Angeles,,,,,LA City,{1218F8DD-6304-4FEE-8EF2-836CFA42920A},0,,1218F8DD-6304-4FEE-8EF2-836CFA42920A,Unknown,,N,,,Ave,N Lake Shore Ave,2023/09/12 23:03:18+00,2035 N Lake Shore Ave Los Angeles 90039,1218F8DD-6304-4FEE-8EF2-836CFA42920A_2035_N_Lake_Shore_Ave_Los_Angeles_90039,Lake Shore,2035 N Lake Shore Avenue Ave Los Angeles 90039,,,,
757267,1407522,,5420005013.0,,2027.0,,,North,,,Lake Shore,Avenue,,,,,,,,,,,,,90039.0,,Los Angeles,Los Angeles,,,,,LA City,{5AC05195-0D16-489A-985B-DBCE4F766551},0,,5AC05195-0D16-489A-985B-DBCE4F766551,Unknown,,N,,,Ave,N Lake Shore Ave,2023/09/12 23:03:18+00,2027 N Lake Shore Ave Los Angeles 90039,5AC05195-0D16-489A-985B-DBCE4F766551_2027_N_Lake_Shore_Ave_Los_Angeles_90039,Lake Shore,2027 N Lake Shore Avenue Ave Los Angeles 90039,,,,
757268,1407523,,5420005013.0,,2025.0,,,North,,,Lake Shore,Avenue,,,,,,,,,,,,,90039.0,,Los Angeles,Los Angeles,,,,,LA City,{3B1682EC-09CD-42C8-9E1A-20BF7B9A70ED},0,,3B1682EC-09CD-42C8-9E1A-20BF7B9A70ED,Unknown,,N,,,Ave,N Lake Shore Ave,2023/09/12 23:03:18+00,2025 N Lake Shore Ave Los Angeles 90039,3B1682EC-09CD-42C8-9E1A-20BF7B9A70ED_2025_N_Lake_Shore_Ave_Los_Angeles_90039,Lake Shore,2025 N Lake Shore Avenue Ave Los Angeles 90039,,,,
757269,1407524,,5420005014.0,,2023.0,,,North,,,Lake Shore,Avenue,,,,,,,,,,,,,90039.0,,Los Angeles,Los Angeles,,,,,LA City,{B2070564-94B9-40C6-95EC-8654E34E64C5},0,,B2070564-94B9-40C6-95EC-8654E34E64C5,Unknown,,N,,,Ave,N Lake Shore Ave,2023/09/12 23:03:18+00,2023 N Lake Shore Ave Los Angeles 90039,B2070564-94B9-40C6-95EC-8654E34E64C5_2023_N_Lake_Shore_Ave_Los_Angeles_90039,Lake Shore,2023 N Lake Shore Avenue Ave Los Angeles 90039,,,,
757270,1407525,,5420005015.0,,2019.0,,,North,,,Lake Shore,Avenue,,,,,,,,,,,,,90039.0,,Los Angeles,Los Angeles,,,,,LA City,{AA8457FC-72E9-41B4-A9D1-A2E5C4F2C9AA},0,,AA8457FC-72E9-41B4-A9D1-A2E5C4F2C9AA,Unknown,,N,,,Ave,N Lake Shore Ave,2023/09/12 23:03:18+00,2019 N Lake Shore Ave Los Angeles 90039,AA8457FC-72E9-41B4-A9D1-A2E5C4F2C9AA_2019_N_Lake_Shore_Ave_Los_Angeles_90039,Lake Shore,2019 N Lake Shore Avenue Ave Los Angeles 90039,,,,
757271,1407526,,5420005016.0,,2017.0,,,North,,,Lake Shore,Avenue,,,,,,,,,,,,,90039.0,,Los Angeles,Los Angeles,,,,,LA City,{8DFCC403-C41D-4A0F-998C-CDC479736290},0,,8DFCC403-C41D-4A0F-998C-CDC479736290,Unknown,,N,,,Ave,N Lake Shore Ave,2023/09/12 23:03:18+00,2017 N Lake Shore Ave Los Angeles 90039,8DFCC403-C41D-4A0F-998C-CDC479736290_2017_N_Lake_Shore_Ave_Los_Angeles_90039,Lake Shore,2017 N Lake Shore Avenue Ave Los Angeles 90039,,,,
757272,1407527,,5420005017.0,,2005.0,,,North,,,Lake Shore,Avenue,,,,,,,,,,,,,90039.0,,Los Angeles,Los Angeles,,,,,LA City,{BEE30325-DCE1-42F4-86E8-716724CA8AC1},0,,BEE30325-DCE1-42F4-86E8-716724CA8AC1,Unknown,,N,,,Ave,N Lake Shore Ave,2023/09/12 23:03:18+00,2005 N Lake Shore Ave Los Angeles 90039,BEE30325-DCE1-42F4-86E8-716724CA8AC1_2005_N_Lake_Shore_Ave_Los_Angeles_90039,Lake Shore,2005 N Lake Shore Avenue Ave Los Angeles 90039,,,,
757273,1407528,,5420005018.0,,2001.0,,,North,,,Lake Shore,Avenue,,,,,,,,,,,,,90039.0,,Los Angeles,Los Angeles,,,,,LA City,{15F4056C-AC76-4E6F-AC09-5E2DCDF187F7},0,,15F4056C-AC76-4E6F-AC09-5E2DCDF187F7,Unknown,,N,,,Ave,N Lake Shore Ave,2023/09/12 23:03:18+00,2001 N Lake Shore Ave Los Angeles 90039,15F4056C-AC76-4E6F-AC09-5E2DCDF187F7_2001_N_Lake_Shore_Ave_Los_Angeles_90039,Lake Shore,2001 N Lake Shore Avenue Ave Los Angeles 90039,,,,
757274,1407529,,5420005019.0,,2002.0,,,North,,,Alvarado,Street,,,,,,,,,,,,,90039.0,,Los Angeles,Los Angeles,,,,,LA City,{8791BCC1-3684-492F-86CD-197441842482},0,,8791BCC1-3684-492F-86CD-197441842482,Unknown,,N,,,St,N Alvarado St,2023/09/12 23:03:18+00,2002 N Alvarado St Los Angeles 90039,8791BCC1-3684-492F-86CD-197441842482_2002_N_Alvarado_St_Los_Angeles_90039,Alvarado,2002 N Alvarado Street St Los Angeles 90039,,,,
757275,1407530,,5420005019.0,,2004.0,,,North,,,Alvarado,Street,,,,,,,,,,,,,90039.0,,Los Angeles,Los Angeles,,,,,LA City,{70E6F40F-802B-4DC2-A8DA-981D0299C277},0,,70E6F40F-802B-4DC2-A8DA-981D0299C277,Unknown,,N,,,St,N Alvarado St,2023/09/12 23:03:18+00,2004 N Alvarado St Los Angeles 90039,70E6F40F-802B-4DC2-A8DA-981D0299C277_2004_N_Alvarado_St_Los_Angeles_90039,Alvarado,2004 N Alvarado Street St Los Angeles 90039,,,,
757276,1407531,,5420005020.0,,2006.0,,,North,,,Alvarado,Street,,,,,,,,,,,,,90039.0,,Los Angeles,Los Angeles,,,,,LA City,{80352827-E8FD-438A-9A04-87D39D3C5D29},0,,80352827-E8FD-438A-9A04-87D39D3C5D29,Unknown,,N,,,St,N Alvarado St,2023/09/12 23:03:18+00,2006 N Alvarado St Los Angeles 90039,80352827-E8FD-438A-9A04-87D39D3C5D29_2006_N_Alvarado_St_Los_Angeles_90039,Alvarado,2006 N Alvarado Street St Los Angeles 90039,,,,
757277,1407532,,5420005020.0,,2008.0,,,North,,,Alvarado,Street,,,,,,,,,,,,,90039.0,,Los Angeles,Los Angeles,,,,,LA City,{1E7A8620-8DE0-482B-AE7F-7D9308A5A2CB},0,,1E7A8620-8DE0-482B-AE7F-7D9308A5A2CB,Unknown,,N,,,St,N Alvarado St,2023/09/12 23:03:18+00,2008 N Alvarado St Los Angeles 90039,1E7A8620-8DE0-482B-AE7F-7D9308A5A2CB_2008_N_Alvarado_St_Los_Angeles_90039,Alvarado,2008 N Alvarado Street St Los Angeles 90039,,,,
757278,1407533,,5420005023.0,,2022.0,,,North,,,Alvarado,Street,,,,,,,,,,,,,90039.0,,Los Angeles,Los Angeles,,,,,LA City,{1DD00190-6615-4C3C-B21F-CF533991F89B},0,,1DD00190-6615-4C3C-B21F-CF533991F89B,Unknown,,N,,,St,N Alvarado St,2023/09/12 23:03:18+00,2022 N Alvarado St Los Angeles 90039,1DD00190-6615-4C3C-B21F-CF533991F89B_2022_N_Alvarado_St_Los_Angeles_90039,Alvarado,2022 N Alvarado Street St Los Angeles 90039,,,,
757279,1407534,,5420005025.0,,2032.0,,,North,,,Alvarado,Street,,,,,,,,,,,,,90039.0,,Los Angeles,Los Angeles,,,,,LA City,{964A2981-C646-4E55-887B-AAD6CE1D750D},0,,964A2981-C646-4E55-887B-AAD6CE1D750D,Unknown,,N,,,St,N Alvarado St,2023/09/12 23:03:18+00,2032 N Alvarado St Los Angeles 90039,964A2981-C646-4E55-887B-AAD6CE1D750D_2032_N_Alvarado_St_Los_Angeles_90039,Alvarado,2032 N Alvarado Street St Los Angeles 90039,,,,
757280,1407535,,5420005026.0,,2038.0,,,North,,,Alvarado,Street,,,,,,,,,,,,,90039.0,,Los Angeles,Los Angeles,,,,,LA City,{C5A883D0-C309-4FD0-A192-3C76C3959D0B},0,,C5A883D0-C309-4FD0-A192-3C76C3959D0B,Unknown,,N,,,St,N Alvarado St,2023/09/12 23:03:18+00,2038 N Alvarado St Los Angeles 90039,C5A883D0-C309-4FD0-A192-3C76C3959D0B_2038_N_Alvarado_St_Los_Angeles_90039,Alvarado,2038 N Alvarado Street St Los Angeles 90039,,,,
757281,1407536,,5420005026.0,,2036.0,,,North,,,Alvarado,Street,,,,,,,,,,,,,90039.0,,Los Angeles,Los Angeles,,,,,LA City,{C1DF985A-FC59-4265-AFAD-F1B8F9B04F08},0,,C1DF985A-FC59-4265-AFAD-F1B8F9B04F08,Unknown,,N,,,St,N Alvarado St,2023/09/12 23:03:18+00,2036 N Alvarado St Los Angeles 90039,C1DF985A-FC59-4265-AFAD-F1B8F9B04F08_2036_N_Alvarado_St_Los_Angeles_90039,Alvarado,2036 N Alvarado Street St Los Angeles 90039,,,,
757282,1407537,,5420005027.0,,2040.0,,,North,,,Alvarado,Street,,,,,,,,,,,,,90039.0,,Los Angeles,Los Angeles,,,,,LA City,{ACF26D50-2F0E-4BB6-B873-B733DD37F7D6},0,,ACF26D50-2F0E-4BB6-B873-B733DD37F7D6,Unknown,,N,,,St,N Alvarado St,2023/09/12 23:03:18+00,2040 N Alvarado St Los Angeles 90039,ACF26D50-2F0E-4BB6-B873-B733DD37F7D6_2040_N_Alvarado_St_Los_Angeles_90039,Alvarado,2040 N Alvarado Street St Los Angeles 90039,,,,
757283,1407538,,5420005027.0,,2042.0,,,North,,,Alvarado,Street,,,,,,,,,,,,,90039.0,,Los Angeles,Los Angeles,,,,,LA City,{49CF8BD0-9872-4F56-935E-5C1436C8D99E},0,,49CF8BD0-9872-4F56-935E-5C1436C8D99E,Unknown,,N,,,St,N Alvarado St,2023/09/12 23:03:18+00,2042 N Alvarado St Los Angeles 90039,49CF8BD0-9872-4F56-935E-5C1436C8D99E_2042_N_Alvarado_St_Los_Angeles_90039,Alvarado,2042 N Alvarado Street St Los Angeles 90039,,,,
757284,1407539,,5420005029.0,,2052.0,,,North,,,Alvarado,Street,,,,,,,,,,,,,90039.0,,Los Angeles,Los Angeles,,,,,LA City,{78D20B89-1FD8-4644-9071-D7A361682B3B},0,,78D20B89-1FD8-4644-9071-D7A361682B3B,Unknown,,N,,,St,N Alvarado St,2023/09/12 23:03:18+00,2052 N Alvarado St Los Angeles 90039,78D20B89-1FD8-4644-9071-D7A361682B3B_2052_N_Alvarado_St_Los_Angeles_90039,Alvarado,2052 N Alvarado Street St Los Angeles 90039,,,,
757285,1407540,,5420005030.0,,2020.0,,,West,,,Baxter,Street,,,,,,,,,,,,,90039.0,,Los Angeles,Los Angeles,,,,,LA City,{7E8F010C-6871-4DDC-B346-E3EAE8E06EBC},0,,7E8F010C-6871-4DDC-B346-E3EAE8E06EBC,Unknown,,W,,,St,W Baxter St,2023/09/12 23:03:18+00,2020 W Baxter St Los Angeles 90039,7E8F010C-6871-4DDC-B346-E3EAE8E06EBC_2020_W_Baxter_St_Los_Angeles_90039,Baxter,2020 W Baxter Street St Los Angeles 90039,,,,
757286,1407541,,5420005031.0,,2048.0,,,North,,,Alvarado,Street,,,,,,,,,,,,,90039.0,,Los Angeles,Los Angeles,,,,,LA City,{F757FCB7-BE28-42FC-A9BC-E53D0446AC05},0,,F757FCB7-BE28-42FC-A9BC-E53D0446AC05,Unknown,,N,,,St,N Alvarado St,2023/09/12 23:03:18+00,2048 N Alvarado St Los Angeles 90039,F757FCB7-BE28-42FC-A9BC-E53D0446AC05_2048_N_Alvarado_St_Los_Angeles_90039,Alvarado,2048 N Alvarado Street St Los Angeles 90039,,,,
757287,1407542,,5420006001.0,,2030.0,,,West,,,Cerro Gordo,Street,,,,,,,,,,,,,90039.0,,Los Angeles,Los Angeles,,,,,LA City,{ADEDB39D-2C1A-4B78-801E-A8DDB927A80A},0,,ADEDB39D-2C1A-4B78-801E-A8DDB927A80A,Unknown,,W,,,St,W Cerro Gordo St,2023/09/12 23:03:18+00,2030 W Cerro Gordo St Los Angeles 90039,ADEDB39D-2C1A-4B78-801E-A8DDB927A80A_2030_W_Cerro_Gordo_St_Los_Angeles_90039,Cerro Gordo,2030 W Cerro Gordo Street St Los Angeles 90039,,,,
757288,1407543,,5420006002.0,,2151.0,,,North,,,Lake Shore,Avenue,,,,,,,,,,,,,90039.0,,Los Angeles,Los Angeles,,,,,LA City,{08C30971-8036-4094-B387-58A24CA2AC74},0,,08C30971-8036-4094-B387-58A24CA2AC74,Unknown,,N,,,Ave,N Lake Shore Ave,2023/09/12 23:03:18+00,2151 N Lake Shore Ave Los Angeles 90039,08C30971-8036-4094-B387-58A24CA2AC74_2151_N_Lake_Shore_Ave_Los_Angeles_90039,Lake Shore,2151 N Lake Shore Avenue Ave Los Angeles 90039,,,,
757289,1407544,,5420006002.0,,2040.0,,,West,,,Cerro Gordo,Street,,,,,,,,,,,,,90039.0,,Los Angeles,Los Angeles,,,,,LA City,{555D08D5-ED22-4189-8C0A-56A3491336E0},0,,555D08D5-ED22-4189-8C0A-56A3491336E0,Unknown,,W,,,St,W Cerro Gordo St,2023/09/12 23:03:18+00,2040 W Cerro Gordo St Los Angeles 90039,555D08D5-ED22-4189-8C0A-56A3491336E0_2040_W_Cerro_Gordo_St_Los_Angeles_90039,Cerro Gordo,2040 W Cerro Gordo Street St Los Angeles 90039,,,,
757290,1407545,,5420006003.0,,2147.0,,,North,,,Lake Shore,Avenue,,,,,,,,,,,,,90039.0,,Los Angeles,Los Angeles,,,,,LA City,{051303EA-358B-4ABC-86A0-3D23AA9197D0},0,,051303EA-358B-4ABC-86A0-3D23AA9197D0,Unknown,,N,,,Ave,N Lake Shore Ave,2023/09/12 23:03:18+00,2147 N Lake Shore Ave Los Angeles 90039,051303EA-358B-4ABC-86A0-3D23AA9197D0_2147_N_Lake_Shore_Ave_Los_Angeles_90039,Lake Shore,2147 N Lake Shore Avenue Ave Los Angeles 90039,,,,
757291,1407546,,5420006003.0,,2046.0,,,West,,,Cerro Gordo,Street,,,,,,,,,,,,,90039.0,,Los Angeles,Los Angeles,,,,,LA City,{1BDC4665-657C-4369-BC23-E47E7012A84E},0,,1BDC4665-657C-4369-BC23-E47E7012A84E,Unknown,,W,,,St,W Cerro Gordo St,2023/09/12 23:03:18+00,2046 W Cerro Gordo St Los Angeles 90039,1BDC4665-657C-4369-BC23-E47E7012A84E_2046_W_Cerro_Gordo_St_Los_Angeles_90039,Cerro Gordo,2046 W Cerro Gordo Street St Los Angeles 90039,,,,
757292,1407547,,5420006003.0,,2145.0,,,North,,,Lake Shore,Avenue,,,,,,,,,,,,,90039.0,,Los Angeles,Los Angeles,,,,,LA City,{E81997E2-5309-404F-B4E6-74DEA630F3BE},0,,E81997E2-5309-404F-B4E6-74DEA630F3BE,Unknown,,N,,,Ave,N Lake Shore Ave,2023/09/12 23:03:18+00,2145 N Lake Shore Ave Los Angeles 90039,E81997E2-5309-404F-B4E6-74DEA630F3BE_2145_N_Lake_Shore_Ave_Los_Angeles_90039,Lake Shore,2145 N Lake Shore Avenue Ave Los Angeles 90039,,,,
757293,1407548,,5420006004.0,,2052.0,,,West,,,Cerro Gordo,Street,,,,,,,,,,,,,90039.0,,Los Angeles,Los Angeles,,,,,LA City,{34A48C91-AB83-4EC1-A47E-2BE44216BC01},0,,34A48C91-AB83-4EC1-A47E-2BE44216BC01,Unknown,,W,,,St,W Cerro Gordo St,2023/09/12 23:03:18+00,2052 W Cerro Gordo St Los Angeles 90039,34A48C91-AB83-4EC1-A47E-2BE44216BC01_2052_W_Cerro_Gordo_St_Los_Angeles_90039,Cerro Gordo,2052 W Cerro Gordo Street St Los Angeles 90039,,,,
757294,1407549,,5420006006.0,,2064.0,,,West,,,Cerro Gordo,Street,,,,,,,,,,,,,90039.0,,Los Angeles,Los Angeles,,,,,LA City,{53D48546-87C5-4D9B-9BA8-A98C2E1B71D5},0,,53D48546-87C5-4D9B-9BA8-A98C2E1B71D5,Unknown,,W,,,St,W Cerro Gordo St,2023/09/12 23:03:18+00,2064 W Cerro Gordo St Los Angeles 90039,53D48546-87C5-4D9B-9BA8-A98C2E1B71D5_2064_W_Cerro_Gordo_St_Los_Angeles_90039,Cerro Gordo,2064 W Cerro Gordo Street St Los Angeles 90039,,,,
757295,1407550,,5420006007.0,,2068.0,,,West,,,Cerro Gordo,Street,,,,,,,,,,,,,90039.0,,Los Angeles,Los Angeles,,,,,LA City,{9CB84197-2C9F-4ECE-A985-61BDC74A4257},0,,9CB84197-2C9F-4ECE-A985-61BDC74A4257,Unknown,,W,,,St,W Cerro Gordo St,2023/09/12 23:03:18+00,2068 W Cerro Gordo St Los Angeles 90039,9CB84197-2C9F-4ECE-A985-61BDC74A4257_2068_W_Cerro_Gordo_St_Los_Angeles_90039,Cerro Gordo,2068 W Cerro Gordo Street St Los Angeles 90039,,,,
757296,1407551,,5420006008.0,,2074.0,,,West,,,Cerro Gordo,Street,,,,,,,,,,,,,90039.0,,Los Angeles,Los Angeles,,,,,LA City,{1E8D8019-DCA0-4317-B87D-3B2A02E49ECD},0,,1E8D8019-DCA0-4317-B87D-3B2A02E49ECD,Unknown,,W,,,St,W Cerro Gordo St,2023/09/12 23:03:18+00,2074 W Cerro Gordo St Los Angeles 90039,1E8D8019-DCA0-4317-B87D-3B2A02E49ECD_2074_W_Cerro_Gordo_St_Los_Angeles_90039,Cerro Gordo,2074 W Cerro Gordo Street St Los Angeles 90039,,,,
757297,1407552,,5420006010.0,,2001.0,,,West,,,Baxter,Street,,,,,,,,,,,,,90039.0,,Los Angeles,Los Angeles,,,,,LA City,{A49FDB6C-B8F4-4CA5-85CA-13D7E1FCDED9},0,,A49FDB6C-B8F4-4CA5-85CA-13D7E1FCDED9,Unknown,,W,,,St,W Baxter St,2023/09/12 23:03:18+00,2001 W Baxter St Los Angeles 90039,A49FDB6C-B8F4-4CA5-85CA-13D7E1FCDED9_2001_W_Baxter_St_Los_Angeles_90039,Baxter,2001 W Baxter Street St Los Angeles 90039,,,,
757298,1407553,,5420006010.0,,2003.0,,,West,,,Baxter,Street,,,,,,,,,,,,,90039.0,,Los Angeles,Los Angeles,,,,,LA City,{09D1F875-4929-4BB6-949D-0BB8F95FCAF3},0,,09D1F875-4929-4BB6-949D-0BB8F95FCAF3,Unknown,,W,,,St,W Baxter St,2023/09/12 23:03:18+00,2003 W Baxter St Los Angeles 90039,09D1F875-4929-4BB6-949D-0BB8F95FCAF3_2003_W_Baxter_St_Los_Angeles_90039,Baxter,2003 W Baxter Street St Los Angeles 90039,,,,
757299,1407554,,5420006011.0,,2111.0,,,North,,,Lake Shore,Avenue,,,,,,,,,,,,,90039.0,,Los Angeles,Los Angeles,,,,,LA City,{E59B53F9-E370-42D7-B3A3-847CB28E3901},0,,E59B53F9-E370-42D7-B3A3-847CB28E3901,Unknown,,N,,,Ave,N Lake Shore Ave,2023/09/12 23:03:18+00,2111 N Lake Shore Ave Los Angeles 90039,E59B53F9-E370-42D7-B3A3-847CB28E3901_2111_N_Lake_Shore_Ave_Los_Angeles_90039,Lake Shore,2111 N Lake Shore Avenue Ave Los Angeles 90039,,,,
757300,1407555,,5420006012.0,,2117.0,1/2,,North,,,Lake Shore,Avenue,,,,,,,,,,,,,90039.0,,Los Angeles,Los Angeles,,,,,LA City,{5FA9EC2F-DD8F-434F-9923-9861AE64716D},0,,5FA9EC2F-DD8F-434F-9923-9861AE64716D,Unknown,,N,,,Ave,N Lake Shore Ave,2024/05/12 21:05:27+00,2117 1/2 N Lake Shore Ave Los Angeles 90039,5FA9EC2F-DD8F-434F-9923-9861AE64716D_2117_1/2_N_Lake_Shore_Ave_Los_Angeles_90039,Lake Shore,2117 1/2 N Lake Shore Avenue Ave Los Angeles 90039,,,,
757301,1407556,,5420006012.0,,2117.0,,,North,,,Lake Shore,Avenue,,,,,,,,,,,,,90039.0,,Los Angeles,Los Angeles,,,,,LA City,{284154EA-B936-4786-A690-2BBEDE676370},0,,284154EA-B936-4786-A690-2BBEDE676370,Unknown,,N,,,Ave,N Lake Shore Ave,2024/05/12 21:05:27+00,2117 N Lake Shore Ave Los Angeles 90039,284154EA-B936-4786-A690-2BBEDE676370_2117_N_Lake_Shore_Ave_Los_Angeles_90039,Lake Shore,2117 N Lake Shore Avenue Ave Los Angeles 90039,,,,
757302,1407557,,5420006013.0,,2123.0,,,North,,,Lake Shore,Avenue,,,,,,,,,,,,,90039.0,,Los Angeles,Los Angeles,,,,,LA City,{D5D415F1-72ED-48B5-B897-A0D846B278D8},0,,D5D415F1-72ED-48B5-B897-A0D846B278D8,Unknown,,N,,,Ave,N Lake Shore Ave,2023/09/12 23:03:18+00,2123 N Lake Shore Ave Los Angeles 90039,D5D415F1-72ED-48B5-B897-A0D846B278D8_2123_N_Lake_Shore_Ave_Los_Angeles_90039,Lake Shore,2123 N Lake Shore Avenue Ave Los Angeles 90039,,,,
757303,1407558,,5420006013.0,,2129.0,,,North,,,Lake Shore,Avenue,,,,,,,,,,,,,90039.0,,Los Angeles,Los Angeles,,,,,LA City,{EEAA9FE4-D20F-424B-8D64-7CFB02CA36A9},0,,EEAA9FE4-D20F-424B-8D64-7CFB02CA36A9,Unknown,,N,,,Ave,N Lake Shore Ave,2023/09/12 23:03:18+00,2129 N Lake Shore Ave Los Angeles 90039,EEAA9FE4-D20F-424B-8D64-7CFB02CA36A9_2129_N_Lake_Shore_Ave_Los_Angeles_90039,Lake Shore,2129 N Lake Shore Avenue Ave Los Angeles 90039,,,,
757304,1407559,,5420006014.0,,2137.0,,,North,,,Lake Shore,Avenue,,,,,,,,,,,,,90039.0,,Los Angeles,Los Angeles,,,,,LA City,{7EC24EE8-B053-4A56-99E9-69BF79E84A01},0,,7EC24EE8-B053-4A56-99E9-69BF79E84A01,Unknown,,N,,,Ave,N Lake Shore Ave,2023/09/12 23:03:18+00,2137 N Lake Shore Ave Los Angeles 90039,7EC24EE8-B053-4A56-99E9-69BF79E84A01_2137_N_Lake_Shore_Ave_Los_Angeles_90039,Lake Shore,2137 N Lake Shore Avenue Ave Los Angeles 90039,,,,
757305,1407560,,5420006014.0,,2139.0,,,North,,,Lake Shore,Avenue,,,,,,,,,,,,,90039.0,,Los Angeles,Los Angeles,,,,,LA City,{EC791C26-5968-48EE-8CF2-7501E44971C9},0,,EC791C26-5968-48EE-8CF2-7501E44971C9,Unknown,,N,,,Ave,N Lake Shore Ave,2023/09/12 23:03:18+00,2139 N Lake Shore Ave Los Angeles 90039,EC791C26-5968-48EE-8CF2-7501E44971C9_2139_N_Lake_Shore_Ave_Los_Angeles_90039,Lake Shore,2139 N Lake Shore Avenue Ave Los Angeles 90039,,,,
757306,1407561,,5420006015.0,,2100.0,,,North,,,Alvarado,Street,,,,,,,,,,,,,90039.0,,Los Angeles,Los Angeles,,,,,LA City,{F8791E3A-2FBB-4B15-BF83-0999442B5C6A},0,,F8791E3A-2FBB-4B15-BF83-0999442B5C6A,Unknown,,N,,,St,N Alvarado St,2023/09/12 23:03:18+00,2100 N Alvarado St Los Angeles 90039,F8791E3A-2FBB-4B15-BF83-0999442B5C6A_2100_N_Alvarado_St_Los_Angeles_90039,Alvarado,2100 N Alvarado Street St Los Angeles 90039,,,,
757307,1407562,,5420006016.0,,2096.0,,,West,,,Cerro Gordo,Street,,,,,,,,,,,,,90039.0,,Los Angeles,Los Angeles,,,,,LA City,{063AD1D4-00B0-4D58-8ECC-89B06CAF0389},0,,063AD1D4-00B0-4D58-8ECC-89B06CAF0389,Unknown,,W,,,St,W Cerro Gordo St,2023/09/12 23:03:18+00,2096 W Cerro Gordo St Los Angeles 90039,063AD1D4-00B0-4D58-8ECC-89B06CAF0389_2096_W_Cerro_Gordo_St_Los_Angeles_90039,Cerro Gordo,2096 W Cerro Gordo Street St Los Angeles 90039,,,,
757308,1407563,,5420006017.0,,2023.0,,,West,,,Baxter,Street,,,,,,,,,,,,,90039.0,,Los Angeles,Los Angeles,,,,,LA City,{20AAEA97-4A0F-4F7B-87CF-A9D63571F4DD},0,,20AAEA97-4A0F-4F7B-87CF-A9D63571F4DD,Unknown,,W,,,St,W Baxter St,2023/09/12 23:03:18+00,2023 W Baxter St Los Angeles 90039,20AAEA97-4A0F-4F7B-87CF-A9D63571F4DD_2023_W_Baxter_St_Los_Angeles_90039,Baxter,2023 W Baxter Street St Los Angeles 90039,,,,
757309,1407564,,5420006018.0,,2092.0,,,West,,,Cerro Gordo,Street,,,,,,,,,,,,,90039.0,,Los Angeles,Los Angeles,,,,,LA City,{D4F1487D-7146-4437-937D-26CDEE708510},0,,D4F1487D-7146-4437-937D-26CDEE708510,Unknown,,W,,,St,W Cerro Gordo St,2023/09/12 23:03:18+00,2092 W Cerro Gordo St Los Angeles 90039,D4F1487D-7146-4437-937D-26CDEE708510_2092_W_Cerro_Gordo_St_Los_Angeles_90039,Cerro Gordo,2092 W Cerro Gordo Street St Los Angeles 90039,,,,
757310,1407565,,5420006019.0,,2019.0,,,West,,,Baxter,Street,,,,,,,,,,,,,90039.0,,Los Angeles,Los Angeles,,,,,LA City,{C38300EC-8D16-4571-804C-E8A52489F648},0,,C38300EC-8D16-4571-804C-E8A52489F648,Unknown,,W,,,St,W Baxter St,2023/09/12 23:03:18+00,2019 W Baxter St Los Angeles 90039,C38300EC-8D16-4571-804C-E8A52489F648_2019_W_Baxter_St_Los_Angeles_90039,Baxter,2019 W Baxter Street St Los Angeles 90039,,,,
757311,1407566,,5420006019.0,,2021.0,,,West,,,Baxter,Street,,,,,,,,,,,,,90039.0,,Los Angeles,Los Angeles,,,,,LA City,{79AF4828-F9EE-46A2-9FFF-0481D16CC0B8},0,,79AF4828-F9EE-46A2-9FFF-0481D16CC0B8,Unknown,,W,,,St,W Baxter St,2023/09/12 23:03:18+00,2021 W Baxter St Los Angeles 90039,79AF4828-F9EE-46A2-9FFF-0481D16CC0B8_2021_W_Baxter_St_Los_Angeles_90039,Baxter,2021 W Baxter Street St Los Angeles 90039,,,,
757312,1407567,,5420006020.0,,2088.0,,,West,,,Cerro Gordo,Street,,,,,,,,,,,,,90039.0,,Los Angeles,Los Angeles,,,,,LA City,{29877E62-CDB3-4A7A-BD2A-0313800816A6},0,,29877E62-CDB3-4A7A-BD2A-0313800816A6,Unknown,,W,,,St,W Cerro Gordo St,2023/09/12 23:03:18+00,2088 W Cerro Gordo St Los Angeles 90039,29877E62-CDB3-4A7A-BD2A-0313800816A6_2088_W_Cerro_Gordo_St_Los_Angeles_90039,Cerro Gordo,2088 W Cerro Gordo Street St Los Angeles 90039,,,,
757313,1407568,,5420006021.0,,2017.0,,,West,,,Baxter,Street,,,,,,,,,,,,,90039.0,,Los Angeles,Los Angeles,,,,,LA City,{5E644DFD-F090-4BC3-AEBE-1733A41442D0},0,,5E644DFD-F090-4BC3-AEBE-1733A41442D0,Unknown,,W,,,St,W Baxter St,2023/09/12 23:03:18+00,2017 W Baxter St Los Angeles 90039,5E644DFD-F090-4BC3-AEBE-1733A41442D0_2017_W_Baxter_St_Los_Angeles_90039,Baxter,2017 W Baxter Street St Los Angeles 90039,,,,
757314,1407569,,5420006021.0,,2015.0,,,West,,,Baxter,Street,,,,,,,,,,,,,90039.0,,Los Angeles,Los Angeles,,,,,LA City,{5E4086D1-0CC4-469D-A825-EE99DE63DE07},0,,5E4086D1-0CC4-469D-A825-EE99DE63DE07,Unknown,,W,,,St,W Baxter St,2023/09/12 23:03:18+00,2015 W Baxter St Los Angeles 90039,5E4086D1-0CC4-469D-A825-EE99DE63DE07_2015_W_Baxter_St_Los_Angeles_90039,Baxter,2015 W Baxter Street St Los Angeles 90039,,,,
757315,1407570,,5420006022.0,,2011.0,,,West,,,Baxter,Street,,,,,,,,,,,,,90039.0,,Los Angeles,Los Angeles,,,,,LA City,{03F5C819-E8B1-435D-BB6B-89B16D1426CA},0,,03F5C819-E8B1-435D-BB6B-89B16D1426CA,Unknown,,W,,,St,W Baxter St,2023/09/12 23:03:18+00,2011 W Baxter St Los Angeles 90039,03F5C819-E8B1-435D-BB6B-89B16D1426CA_2011_W_Baxter_St_Los_Angeles_90039,Baxter,2011 W Baxter Street St Los Angeles 90039,,,,
757316,1407571,,5420006022.0,,2009.0,,,West,,,Baxter,Street,,,,,,,,,,,,,90039.0,,Los Angeles,Los Angeles,,,,,LA City,{9BD55EE5-6AD7-4A00-98F2-4E21C7FB4F69},0,,9BD55EE5-6AD7-4A00-98F2-4E21C7FB4F69,Unknown,,W,,,St,W Baxter St,2023/09/12 23:03:18+00,2009 W Baxter St Los Angeles 90039,9BD55EE5-6AD7-4A00-98F2-4E21C7FB4F69_2009_W_Baxter_St_Los_Angeles_90039,Baxter,2009 W Baxter Street St Los Angeles 90039,,,,
757320,1407575,,5420007004.0,,1918.0,,,West,,,Cerro Gordo,Street,,,,,,,,,,,,,90039.0,,Los Angeles,Los Angeles,,,,,LA City,{8D11C252-9E44-4913-AFAA-FCE333C660F4},0,,8D11C252-9E44-4913-AFAA-FCE333C660F4,Unknown,,W,,,St,W Cerro Gordo St,2023/09/12 23:03:18+00,1918 W Cerro Gordo St Los Angeles 90039,8D11C252-9E44-4913-AFAA-FCE333C660F4_1918_W_Cerro_Gordo_St_Los_Angeles_90039,Cerro Gordo,1918 W Cerro Gordo Street St Los Angeles 90039,,,,
757322,1407577,,5420007006.0,,1924.0,,,West,,,Cerro Gordo,Street,,,,,,,,,,,,,90039.0,,Los Angeles,Los Angeles,,,,,LA City,{E76B0060-2EFC-4CA8-81C1-9AE2D78DCF0E},0,,E76B0060-2EFC-4CA8-81C1-9AE2D78DCF0E,Unknown,,W,,,St,W Cerro Gordo St,2023/09/12 23:03:18+00,1924 W Cerro Gordo St Los Angeles 90039,E76B0060-2EFC-4CA8-81C1-9AE2D78DCF0E_1924_W_Cerro_Gordo_St_Los_Angeles_90039,Cerro Gordo,1924 W Cerro Gordo Street St Los Angeles 90039,,,,
757325,1407580,,5420007010.0,,1942.0,,,West,,,Cerro Gordo,Street,,,,,,,,,,,,,90039.0,,Los Angeles,Los Angeles,,,,,LA City,{179C6836-7566-4E8E-A0EE-3866D3271CC4},0,,179C6836-7566-4E8E-A0EE-3866D3271CC4,Unknown,,W,,,St,W Cerro Gordo St,2023/09/12 23:03:18+00,1942 W Cerro Gordo St Los Angeles 90039,179C6836-7566-4E8E-A0EE-3866D3271CC4_1942_W_Cerro_Gordo_St_Los_Angeles_90039,Cerro Gordo,1942 W Cerro Gordo Street St Los Angeles 90039,,,,
757326,1407581,,5420007011.0,,1936.0,,,West,,,Cerro Gordo,Street,,,,,,,,,,,,,90039.0,,Los Angeles,Los Angeles,,,,,LA City,{9265A770-8256-46B6-8359-7B47A6FE4A79},0,,9265A770-8256-46B6-8359-7B47A6FE4A79,Unknown,,W,,,St,W Cerro Gordo St,2023/09/12 23:03:18+00,1936 W Cerro Gordo St Los Angeles 90039,9265A770-8256-46B6-8359-7B47A6FE4A79_1936_W_Cerro_Gordo_St_Los_Angeles_90039,Cerro Gordo,1936 W Cerro Gordo Street St Los Angeles 90039,,,,
757327,1407582,,5420007011.0,,1938.0,,,West,,,Cerro Gordo,Street,,,,,,,,,,,,,90039.0,,Los Angeles,Los Angeles,,,,,LA City,{1716290F-B3C0-4DA6-8EAE-7D06CF25B523},0,,1716290F-B3C0-4DA6-8EAE-7D06CF25B523,Unknown,,W,,,St,W Cerro Gordo St,2023/09/12 23:03:18+00,1938 W Cerro Gordo St Los Angeles 90039,1716290F-B3C0-4DA6-8EAE-7D06CF25B523_1938_W_Cerro_Gordo_St_Los_Angeles_90039,Cerro Gordo,1938 W Cerro Gordo Street St Los Angeles 90039,,,,
757328,1407583,,5420007013.0,,1932.0,,,West,,,Cerro Gordo,Street,,,,,,,,,,,,,90039.0,,Los Angeles,Los Angeles,,,,,LA City,{7475F72D-BA19-414A-A2F9-D49AE0B957AF},0,,7475F72D-BA19-414A-A2F9-D49AE0B957AF,Unknown,,W,,,St,W Cerro Gordo St,2023/09/12 23:03:18+00,1932 W Cerro Gordo St Los Angeles 90039,7475F72D-BA19-414A-A2F9-D49AE0B957AF_1932_W_Cerro_Gordo_St_Los_Angeles_90039,Cerro Gordo,1932 W Cerro Gordo Street St Los Angeles 90039,,,,
757329,1407584,,5420008001.0,,2164.0,,,North,,,Lake Shore,Avenue,,,,,,,,,,,,,90039.0,,Los Angeles,Los Angeles,,,,,LA City,{EE5270A6-FF6F-41D6-BD8B-7CA09EAE543A},0,,EE5270A6-FF6F-41D6-BD8B-7CA09EAE543A,Unknown,,N,,,Ave,N Lake Shore Ave,2023/09/12 23:03:18+00,2164 N Lake Shore Ave Los Angeles 90039,EE5270A6-FF6F-41D6-BD8B-7CA09EAE543A_2164_N_Lake_Shore_Ave_Los_Angeles_90039,Lake Shore,2164 N Lake Shore Avenue Ave Los Angeles 90039,,,,
757330,1407585,,5420008002.0,,2160.0,,,North,,,Lake Shore,Avenue,,,,,,,,,,,,,90039.0,,Los Angeles,Los Angeles,,,,,LA City,{41C94667-64BA-4C43-B4E3-2AE39B9260C1},0,,41C94667-64BA-4C43-B4E3-2AE39B9260C1,Unknown,,N,,,Ave,N Lake Shore Ave,2023/09/12 23:03:18+00,2160 N Lake Shore Ave Los Angeles 90039,41C94667-64BA-4C43-B4E3-2AE39B9260C1_2160_N_Lake_Shore_Ave_Los_Angeles_90039,Lake Shore,2160 N Lake Shore Avenue Ave Los Angeles 90039,,,,
757331,1407586,,5420008003.0,,2154.0,,,North,,,Lake Shore,Avenue,,,,,,,,,,,,,90039.0,,Los Angeles,Los Angeles,,,,,LA City,{50DA7F49-0A0C-4623-96F4-061926F5306E},0,,50DA7F49-0A0C-4623-96F4-061926F5306E,Unknown,,N,,,Ave,N Lake Shore Ave,2023/09/12 23:03:18+00,2154 N Lake Shore Ave Los Angeles 90039,50DA7F49-0A0C-4623-96F4-061926F5306E_2154_N_Lake_Shore_Ave_Los_Angeles_90039,Lake Shore,2154 N Lake Shore Avenue Ave Los Angeles 90039,,,,
757332,1407587,,5420008004.0,,2152.0,,,North,,,Lake Shore,Avenue,,,,,,,,,,,,,90039.0,,Los Angeles,Los Angeles,,,,,LA City,{928F2BCC-72FF-4841-9D8B-C19BB49F98CF},0,,928F2BCC-72FF-4841-9D8B-C19BB49F98CF,Unknown,,N,,,Ave,N Lake Shore Ave,2023/09/12 23:03:18+00,2152 N Lake Shore Ave Los Angeles 90039,928F2BCC-72FF-4841-9D8B-C19BB49F98CF_2152_N_Lake_Shore_Ave_Los_Angeles_90039,Lake Shore,2152 N Lake Shore Avenue Ave Los Angeles 90039,,,,
757333,1407588,,5420008005.0,,2148.0,,,North,,,Lake Shore,Avenue,,,,,,,,,,,,,90039.0,,Los Angeles,Los Angeles,,,,,LA City,{4F5F2F4D-26D8-4795-B266-44A1D215E241},0,,4F5F2F4D-26D8-4795-B266-44A1D215E241,Unknown,,N,,,Ave,N Lake Shore Ave,2023/09/12 23:03:18+00,2148 N Lake Shore Ave Los Angeles 90039,4F5F2F4D-26D8-4795-B266-44A1D215E241_2148_N_Lake_Shore_Ave_Los_Angeles_90039,Lake Shore,2148 N Lake Shore Avenue Ave Los Angeles 90039,,,,
757334,1407589,,5420008006.0,,2144.0,,,North,,,Lake Shore,Avenue,,,,,,,,,,,,,90039.0,,Los Angeles,Los Angeles,,,,,LA City,{9DB4E73E-0F16-4283-A604-CA9D34F614BB},0,,9DB4E73E-0F16-4283-A604-CA9D34F614BB,Unknown,,N,,,Ave,N Lake Shore Ave,2023/09/12 23:03:18+00,2144 N Lake Shore Ave Los Angeles 90039,9DB4E73E-0F16-4283-A604-CA9D34F614BB_2144_N_Lake_Shore_Ave_Los_Angeles_90039,Lake Shore,2144 N Lake Shore Avenue Ave Los Angeles 90039,,,,
757349,1407604,,5420008021.0,,1913.0,,,West,,,Baxter,Street,,,,,,,,,,,,,90039.0,,Los Angeles,Los Angeles,,,,,LA City,{56D3DF91-68D1-4EE8-9ACA-D159EB4AE906},0,,56D3DF91-68D1-4EE8-9ACA-D159EB4AE906,Unknown,,W,,,St,W Baxter St,2023/09/12 23:03:18+00,1913 W Baxter St Los Angeles 90039,56D3DF91-68D1-4EE8-9ACA-D159EB4AE906_1913_W_Baxter_St_Los_Angeles_90039,Baxter,1913 W Baxter Street St Los Angeles 90039,,,,
757350,1407605,,5420008022.0,,1917.0,,,West,,,Baxter,Street,,,,,,,,,,,,,90039.0,,Los Angeles,Los Angeles,,,,,LA City,{CDD0FC7F-8523-466B-8365-5785FFD63D9A},0,,CDD0FC7F-8523-466B-8365-5785FFD63D9A,Unknown,,W,,,St,W Baxter St,2023/09/12 23:03:18+00,1917 W Baxter St Los Angeles 90039,CDD0FC7F-8523-466B-8365-5785FFD63D9A_1917_W_Baxter_St_Los_Angeles_90039,Baxter,1917 W Baxter Street St Los Angeles 90039,,,,
757351,1407606,,5420008023.0,,1923.0,,,West,,,Baxter,Street,,,,,,,,,,,,,90039.0,,Los Angeles,Los Angeles,,,,,LA City,{0D73D647-BAAC-435A-8399-95A5C0C5ED12},0,,0D73D647-BAAC-435A-8399-95A5C0C5ED12,Unknown,,W,,,St,W Baxter St,2023/09/12 23:03:18+00,1923 W Baxter St Los Angeles 90039,0D73D647-BAAC-435A-8399-95A5C0C5ED12_1923_W_Baxter_St_Los_Angeles_90039,Baxter,1923 W Baxter Street St Los Angeles 90039,,,,
757352,1407607,,5420008024.0,,2100.0,,,North,,,Lake Shore,Avenue,,,,,,,,,,,,,90039.0,,Los Angeles,Los Angeles,,,,,LA City,{16879B40-7EC7-43E6-990F-2487DA9063A9},0,,16879B40-7EC7-43E6-990F-2487DA9063A9,Unknown,,N,,,Ave,N Lake Shore Ave,2023/09/12 23:03:18+00,2100 N Lake Shore Ave Los Angeles 90039,16879B40-7EC7-43E6-990F-2487DA9063A9_2100_N_Lake_Shore_Ave_Los_Angeles_90039,Lake Shore,2100 N Lake Shore Avenue Ave Los Angeles 90039,,,,
757353,1407608,,5420008024.0,,1933.0,,,West,,,Baxter,Street,,,,,,,,,,,,,90039.0,,Los Angeles,Los Angeles,,,,,LA City,{3A847A94-0829-4CCB-895A-6DD779026787},0,,3A847A94-0829-4CCB-895A-6DD779026787,Unknown,,W,,,St,W Baxter St,2023/09/12 23:03:18+00,1933 W Baxter St Los Angeles 90039,3A847A94-0829-4CCB-895A-6DD779026787_1933_W_Baxter_St_Los_Angeles_90039,Baxter,1933 W Baxter Street St Los Angeles 90039,,,,
757354,1407609,,5420008025.0,,2104.0,,,,,,Lake Shore,Avenue,,,,,,,,,,,,,90039.0,,Los Angeles,Los Angeles,,,,,Assessor,{7FC2FABF-DCC6-4005-90B0-A87B05F9179C},0,,7FC2FABF-DCC6-4005-90B0-A87B05F9179C,Unknown,,,,,Ave,Lake Shore Ave,2024/04/27 17:13:09+00,2104 Lake Shore Ave Los Angeles 90039,7FC2FABF-DCC6-4005-90B0-A87B05F9179C_2104_Lake_Shore_Ave_Los_Angeles_90039,Lake Shore,2104 Lake Shore Avenue Ave Los Angeles 90039,,,,
757355,1407610,,5420008027.0,,2108.0,,,North,,,Lake Shore,Avenue,,,,,,,,,,,,,90039.0,,Los Angeles,Los Angeles,,,,,LA City,{5BA65FAD-109E-43C7-97D1-527EFEC8073E},0,,5BA65FAD-109E-43C7-97D1-527EFEC8073E,Unknown,,N,,,Ave,N Lake Shore Ave,2023/09/12 23:03:18+00,2108 N Lake Shore Ave Los Angeles 90039,5BA65FAD-109E-43C7-97D1-527EFEC8073E_2108_N_Lake_Shore_Ave_Los_Angeles_90039,Lake Shore,2108 N Lake Shore Avenue Ave Los Angeles 90039,,,,
757356,1407611,,5420008027.0,,2112.0,,,North,,,Lake Shore,Avenue,,,,,,,,,,,,,90039.0,,Los Angeles,Los Angeles,,,,,LA City,{A89D0982-2555-49D0-928B-5C3EA182DF91},0,,A89D0982-2555-49D0-928B-5C3EA182DF91,Unknown,,N,,,Ave,N Lake Shore Ave,2023/09/12 23:03:18+00,2112 N Lake Shore Ave Los Angeles 90039,A89D0982-2555-49D0-928B-5C3EA182DF91_2112_N_Lake_Shore_Ave_Los_Angeles_90039,Lake Shore,2112 N Lake Shore Avenue Ave Los Angeles 90039,,,,
757357,1407612,,5420008028.0,,2116.0,1/2,,North,,,Lake Shore,Avenue,,,,,,,,,,,,,90039.0,,Los Angeles,Los Angeles,,,,,LA City,{F9FF484A-AA05-4C82-B9F7-E675304493B6},0,,F9FF484A-AA05-4C82-B9F7-E675304493B6,Unknown,,N,,,Ave,N Lake Shore Ave,2023/09/12 23:03:18+00,2116 1/2 N Lake Shore Ave Los Angeles 90039,F9FF484A-AA05-4C82-B9F7-E675304493B6_2116_1/2_N_Lake_Shore_Ave_Los_Angeles_90039,Lake Shore,2116 1/2 N Lake Shore Avenue Ave Los Angeles 90039,,,,
757358,1407613,,5420008029.0,,2116.0,,,North,,,Lake Shore,Avenue,,,,,,,,,,,,,90039.0,,Los Angeles,Los Angeles,,,,,LA City,{798A0F45-BEBA-4264-ADCD-5D22F729336E},0,,798A0F45-BEBA-4264-ADCD-5D22F729336E,Unknown,,N,,,Ave,N Lake Shore Ave,2023/09/12 23:03:18+00,2116 N Lake Shore Ave Los Angeles 90039,798A0F45-BEBA-4264-ADCD-5D22F729336E_2116_N_Lake_Shore_Ave_Los_Angeles_90039,Lake Shore,2116 N Lake Shore Avenue Ave Los Angeles 90039,,,,
757359,1407614,,5420008030.0,,2122.0,,,North,,,Lake Shore,Avenue,,,,,,,,,,,,,90039.0,,Los Angeles,Los Angeles,,,,,LA City,{2B0FF80B-FDCF-4AD6-A387-792F08628FBC},0,,2B0FF80B-FDCF-4AD6-A387-792F08628FBC,Unknown,,N,,,Ave,N Lake Shore Ave,2023/09/12 23:03:18+00,2122 N Lake Shore Ave Los Angeles 90039,2B0FF80B-FDCF-4AD6-A387-792F08628FBC_2122_N_Lake_Shore_Ave_Los_Angeles_90039,Lake Shore,2122 N Lake Shore Avenue Ave Los Angeles 90039,,,,
757360,1407615,,5420008031.0,,2124.0,,,North,,,Lake Shore,Avenue,,,,,,,,,,,,,90039.0,,Los Angeles,Los Angeles,,,,,LA City,{CAC417ED-032A-4F34-88C8-75F754D9ACDD},0,,CAC417ED-032A-4F34-88C8-75F754D9ACDD,Unknown,,N,,,Ave,N Lake Shore Ave,2023/09/12 23:03:18+00,2124 N Lake Shore Ave Los Angeles 90039,CAC417ED-032A-4F34-88C8-75F754D9ACDD_2124_N_Lake_Shore_Ave_Los_Angeles_90039,Lake Shore,2124 N Lake Shore Avenue Ave Los Angeles 90039,,,,
757361,1407616,,5420008032.0,,2132.0,,,North,,,Lake Shore,Avenue,,,,,,,,,,,,,90039.0,,Los Angeles,Los Angeles,,,,,LA City,{2FEFB24D-5C39-4A70-BAB0-A13713023F3E},0,,2FEFB24D-5C39-4A70-BAB0-A13713023F3E,Unknown,,N,,,Ave,N Lake Shore Ave,2023/09/12 23:03:18+00,2132 N Lake Shore Ave Los Angeles 90039,2FEFB24D-5C39-4A70-BAB0-A13713023F3E_2132_N_Lake_Shore_Ave_Los_Angeles_90039,Lake Shore,2132 N Lake Shore Avenue Ave Los Angeles 90039,,,,
757362,1407617,,5420008033.0,,2138.0,,,,,,Lake Shore,Avenue,,,,,,,,,,,,,90039.0,,Los Angeles,Los Angeles,,,,,Assessor,{A3D7C396-F35E-4B10-A3F7-6BE2E970EA87},0,,A3D7C396-F35E-4B10-A3F7-6BE2E970EA87,Unknown,,,,,Ave,Lake Shore Ave,2024/04/27 17:13:09+00,2138 Lake Shore Ave Los Angeles 90039,A3D7C396-F35E-4B10-A3F7-6BE2E970EA87_2138_Lake_Shore_Ave_Los_Angeles_90039,Lake Shore,2138 Lake Shore Avenue Ave Los Angeles 90039,,,,
757363,1407618,,5420008034.0,,2136.0,,,North,,,Lake Shore,Avenue,,,,,,,,,,,,,90039.0,,Los Angeles,Los Angeles,,,,,LA City,{AC2F09FC-9335-4B94-AE4A-73B450A9E3BE},0,,AC2F09FC-9335-4B94-AE4A-73B450A9E3BE,Unknown,,N,,,Ave,N Lake Shore Ave,2023/09/12 23:03:18+00,2136 N Lake Shore Ave Los Angeles 90039,AC2F09FC-9335-4B94-AE4A-73B450A9E3BE_2136_N_Lake_Shore_Ave_Los_Angeles_90039,Lake Shore,2136 N Lake Shore Avenue Ave Los Angeles 90039,,,,
757364,1407619,,5420008035.0,,1950.0,,,West,,,Cerro Gordo,Street,,,,,,,,,,,,,90039.0,,Los Angeles,Los Angeles,,,,,LA City,{29652218-37B1-4BE4-A713-652CF60D0D5A},0,,29652218-37B1-4BE4-A713-652CF60D0D5A,Unknown,,W,,,St,W Cerro Gordo St,2023/09/12 23:03:18+00,1950 W Cerro Gordo St Los Angeles 90039,29652218-37B1-4BE4-A713-652CF60D0D5A_1950_W_Cerro_Gordo_St_Los_Angeles_90039,Cerro Gordo,1950 W Cerro Gordo Street St Los Angeles 90039,,,,
757365,1407620,,5420008036.0,,1946.0,,,West,,,Cerro Gordo,Street,,,,,,,,,,,,,90039.0,,Los Angeles,Los Angeles,,,,,LA City,{F30B2FC4-6EA6-488C-B06F-D61AEEA6F46D},0,,F30B2FC4-6EA6-488C-B06F-D61AEEA6F46D,Unknown,,W,,,St,W Cerro Gordo St,2023/09/12 23:03:18+00,1946 W Cerro Gordo St Los Angeles 90039,F30B2FC4-6EA6-488C-B06F-D61AEEA6F46D_1946_W_Cerro_Gordo_St_Los_Angeles_90039,Cerro Gordo,1946 W Cerro Gordo Street St Los Angeles 90039,,,,
757369,1407624,,5420009008.0,,2032.0,,,North,,,Lake Shore,Avenue,,,,,,,,,,,,,90039.0,,Los Angeles,Los Angeles,,,,,LA City,{5949C642-3791-4F0E-9036-B8C28CBD23C7},0,,5949C642-3791-4F0E-9036-B8C28CBD23C7,Unknown,,N,,,Ave,N Lake Shore Ave,2023/09/12 23:03:18+00,2032 N Lake Shore Ave Los Angeles 90039,5949C642-3791-4F0E-9036-B8C28CBD23C7_2032_N_Lake_Shore_Ave_Los_Angeles_90039,Lake Shore,2032 N Lake Shore Avenue Ave Los Angeles 90039,,,,
757370,1407625,,5420009011.0,,2048.0,,,North,,,Lake Shore,Avenue,,,,,,,,,,,,,90039.0,,Los Angeles,Los Angeles,,,,,LA City,{9D76F690-49BB-4D0A-AA0B-8C1AB9B1B9C8},0,,9D76F690-49BB-4D0A-AA0B-8C1AB9B1B9C8,Unknown,,N,,,Ave,N Lake Shore Ave,2023/09/12 23:03:18+00,2048 N Lake Shore Ave Los Angeles 90039,9D76F690-49BB-4D0A-AA0B-8C1AB9B1B9C8_2048_N_Lake_Shore_Ave_Los_Angeles_90039,Lake Shore,2048 N Lake Shore Avenue Ave Los Angeles 90039,,,,
757371,1407626,,5420009011.0,,2046.0,,,North,,,Lake Shore,Avenue,,,,,,,,,,,,,90039.0,,Los Angeles,Los Angeles,,,,,LA City,{5EC243A9-E843-463A-A330-1F471CAF9AC8},0,,5EC243A9-E843-463A-A330-1F471CAF9AC8,Unknown,,N,,,Ave,N Lake Shore Ave,2023/09/12 23:03:18+00,2046 N Lake Shore Ave Los Angeles 90039,5EC243A9-E843-463A-A330-1F471CAF9AC8_2046_N_Lake_Shore_Ave_Los_Angeles_90039,Lake Shore,2046 N Lake Shore Avenue Ave Los Angeles 90039,,,,
757372,1407627,,5420009012.0,,2052.0,,,North,,,Lake Shore,Avenue,,,,,,,,,,,,,90039.0,,Los Angeles,Los Angeles,,,,,LA City,{D5EB7EDE-4E6D-4F6F-A5A5-6435EC1C3D39},0,,D5EB7EDE-4E6D-4F6F-A5A5-6435EC1C3D39,Unknown,,N,,,Ave,N Lake Shore Ave,2023/09/12 23:03:18+00,2052 N Lake Shore Ave Los Angeles 90039,D5EB7EDE-4E6D-4F6F-A5A5-6435EC1C3D39_2052_N_Lake_Shore_Ave_Los_Angeles_90039,Lake Shore,2052 N Lake Shore Avenue Ave Los Angeles 90039,,,,
757373,1407628,,5420009013.0,,2056.0,,,North,,,Lake Shore,Avenue,,,,,,,,,,,,,90039.0,,Los Angeles,Los Angeles,,,,,LA City,{8C7CBD33-EDF9-4904-BBF0-741A8B29838C},0,,8C7CBD33-EDF9-4904-BBF0-741A8B29838C,Unknown,,N,,,Ave,N Lake Shore Ave,2023/09/12 23:03:18+00,2056 N Lake Shore Ave Los Angeles 90039,8C7CBD33-EDF9-4904-BBF0-741A8B29838C_2056_N_Lake_Shore_Ave_Los_Angeles_90039,Lake Shore,2056 N Lake Shore Avenue Ave Los Angeles 90039,,,,
757374,1407629,,5420009015.0,,1924.0,,,West,,,Baxter,Street,,,,,,,,,,,,,90039.0,,Los Angeles,Los Angeles,,,,,LA City,{05022CF3-0AA8-4E4A-B9F1-13EB97B726B2},0,,05022CF3-0AA8-4E4A-B9F1-13EB97B726B2,Unknown,,W,,,St,W Baxter St,2023/09/12 23:03:18+00,1924 W Baxter St Los Angeles 90039,05022CF3-0AA8-4E4A-B9F1-13EB97B726B2_1924_W_Baxter_St_Los_Angeles_90039,Baxter,1924 W Baxter Street St Los Angeles 90039,,,,
757375,1407630,,5420009015.0,,1922.0,,,West,,,Baxter,Street,,,,,,,,,,,,,90039.0,,Los Angeles,Los Angeles,,,,,LA City,{B0FF3AB7-0B80-4085-9D9B-650F8F45999F},0,,B0FF3AB7-0B80-4085-9D9B-650F8F45999F,Unknown,,W,,,St,W Baxter St,2023/09/12 23:03:18+00,1922 W Baxter St Los Angeles 90039,B0FF3AB7-0B80-4085-9D9B-650F8F45999F_1922_W_Baxter_St_Los_Angeles_90039,Baxter,1922 W Baxter Street St Los Angeles 90039,,,,
757376,1407631,,5420009016.0,,1916.0,,,West,,,Baxter,Street,,,,,,,,,,,,,90039.0,,Los Angeles,Los Angeles,,,,,LA City,{AB7D4BB3-4593-41A8-8B72-810E04D700A2},0,,AB7D4BB3-4593-41A8-8B72-810E04D700A2,Unknown,,W,,,St,W Baxter St,2023/09/12 23:03:18+00,1916 W Baxter St Los Angeles 90039,AB7D4BB3-4593-41A8-8B72-810E04D700A2_1916_W_Baxter_St_Los_Angeles_90039,Baxter,1916 W Baxter Street St Los Angeles 90039,,,,
757381,1407636,,5420009024.0,,2000.0,,,North,,,Lake Shore,Avenue,,,,,,,,,,,,,90039.0,,Los Angeles,Los Angeles,,,,,LA City,{5F397357-4D44-41B0-B39B-568D3B20D01F},0,,5F397357-4D44-41B0-B39B-568D3B20D01F,Unknown,,N,,,Ave,N Lake Shore Ave,2023/09/12 23:03:18+00,2000 N Lake Shore Ave Los Angeles 90039,5F397357-4D44-41B0-B39B-568D3B20D01F_2000_N_Lake_Shore_Ave_Los_Angeles_90039,Lake Shore,2000 N Lake Shore Avenue Ave Los Angeles 90039,,,,
757382,1407637,,5420009025.0,,2006.0,,,North,,,Lake Shore,Avenue,,,,,,,,,,,,,90039.0,,Los Angeles,Los Angeles,,,,,LA City,{E0F46457-02EC-4FE4-B799-3B79D69EE2F3},0,,E0F46457-02EC-4FE4-B799-3B79D69EE2F3,Unknown,,N,,,Ave,N Lake Shore Ave,2023/09/12 23:03:18+00,2006 N Lake Shore Ave Los Angeles 90039,E0F46457-02EC-4FE4-B799-3B79D69EE2F3_2006_N_Lake_Shore_Ave_Los_Angeles_90039,Lake Shore,2006 N Lake Shore Avenue Ave Los Angeles 90039,,,,
757383,1407638,,5420009029.0,,2016.0,,,North,,,Lake Shore,Avenue,,,,,,,,,,,,,90039.0,,Los Angeles,Los Angeles,,,,,LA City,{24F7C11B-57D0-48A2-82D6-2DD6F703758C},0,,24F7C11B-57D0-48A2-82D6-2DD6F703758C,Unknown,,N,,,Ave,N Lake Shore Ave,2023/09/12 23:03:18+00,2016 N Lake Shore Ave Los Angeles 90039,24F7C11B-57D0-48A2-82D6-2DD6F703758C_2016_N_Lake_Shore_Ave_Los_Angeles_90039,Lake Shore,2016 N Lake Shore Avenue Ave Los Angeles 90039,,,,
757384,1407639,,5420009030.0,,2022.0,,,North,,,Lake Shore,Avenue,,,,,,,,,,,,,90039.0,,Los Angeles,Los Angeles,,,,,LA City,{B2C0497C-7A98-4F8F-9086-5345FBD0B066},0,,B2C0497C-7A98-4F8F-9086-5345FBD0B066,Unknown,,N,,,Ave,N Lake Shore Ave,2023/09/12 23:03:18+00,2022 N Lake Shore Ave Los Angeles 90039,B2C0497C-7A98-4F8F-9086-5345FBD0B066_2022_N_Lake_Shore_Ave_Los_Angeles_90039,Lake Shore,2022 N Lake Shore Avenue Ave Los Angeles 90039,,,,
757385,1407640,,5420009033.0,,2042.0,,,North,,,Lake Shore,Avenue,,,,,,,,,,,,,90039.0,,Los Angeles,Los Angeles,,,,,LA City,{7C314D27-E55D-440C-803F-DCB273D3668C},0,,7C314D27-E55D-440C-803F-DCB273D3668C,Unknown,,N,,,Ave,N Lake Shore Ave,2023/09/12 23:03:18+00,2042 N Lake Shore Ave Los Angeles 90039,7C314D27-E55D-440C-803F-DCB273D3668C_2042_N_Lake_Shore_Ave_Los_Angeles_90039,Lake Shore,2042 N Lake Shore Avenue Ave Los Angeles 90039,,,,
757386,1407641,,5420009035.0,,1914.0,,,West,,,Baxter,Street,,,,,,,,,,,,,90039.0,,Los Angeles,Los Angeles,,,,,LA City,{D1438DB9-5CD8-4EE9-B743-0EF203C8DCA7},0,,D1438DB9-5CD8-4EE9-B743-0EF203C8DCA7,Unknown,,W,,,St,W Baxter St,2023/09/12 23:03:18+00,1914 W Baxter St Los Angeles 90039,D1438DB9-5CD8-4EE9-B743-0EF203C8DCA7_1914_W_Baxter_St_Los_Angeles_90039,Baxter,1914 W Baxter Street St Los Angeles 90039,,,,
757391,1407646,,5420009037.0,,1904.0,,,West,,,Baxter,Street,,,,,,,,,,,,,90039.0,,Los Angeles,Los Angeles,,,,,LA City,{90343BCE-A9DC-4DD5-B03B-EFB9CBC697B2},0,,90343BCE-A9DC-4DD5-B03B-EFB9CBC697B2,Unknown,,W,,,St,W Baxter St,2023/09/12 23:03:18+00,1904 W Baxter St Los Angeles 90039,90343BCE-A9DC-4DD5-B03B-EFB9CBC697B2_1904_W_Baxter_St_Los_Angeles_90039,Baxter,1904 W Baxter Street St Los Angeles 90039,,,,
757392,1407647,,5420009044.0,,2012.0,,,North,,,Lake Shore,Avenue,,,,,,,,,,,,,90039.0,,Los Angeles,Los Angeles,,,,,LA City,{CA5E9B04-2A44-46F4-A250-F7E2953A7C55},0,,CA5E9B04-2A44-46F4-A250-F7E2953A7C55,Unknown,,N,,,Ave,N Lake Shore Ave,2023/09/12 23:03:18+00,2012 N Lake Shore Ave Los Angeles 90039,CA5E9B04-2A44-46F4-A250-F7E2953A7C55_2012_N_Lake_Shore_Ave_Los_Angeles_90039,Lake Shore,2012 N Lake Shore Avenue Ave Los Angeles 90039,,,,
757393,1407648,,5420009046.0,,2018.0,,,North,,,Lake Shore,Avenue,,,,,,,,,,,,,90039.0,,Los Angeles,Los Angeles,,,,,LA City,{19F780D3-267A-4FB6-87BF-5D392A9591DC},0,,19F780D3-267A-4FB6-87BF-5D392A9591DC,Unknown,,N,,,Ave,N Lake Shore Ave,2023/09/12 23:03:18+00,2018 N Lake Shore Ave Los Angeles 90039,19F780D3-267A-4FB6-87BF-5D392A9591DC_2018_N_Lake_Shore_Ave_Los_Angeles_90039,Lake Shore,2018 N Lake Shore Avenue Ave Los Angeles 90039,,,,
757403,1407658,,5420010009.0,,1921.0,,,West,,,Avalon,Street,,,,,,,,,,,,,90039.0,,Los Angeles,Los Angeles,,,,,LA City,{D59709A3-57FA-40D1-A8DF-ABBC3B95C483},0,,D59709A3-57FA-40D1-A8DF-ABBC3B95C483,Unknown,,W,,,St,W Avalon St,2023/09/12 23:03:18+00,1921 W Avalon St Los Angeles 90039,D59709A3-57FA-40D1-A8DF-ABBC3B95C483_1921_W_Avalon_St_Los_Angeles_90039,Avalon,1921 W Avalon Street St Los Angeles 90039,,,,
757404,1407659,,5420010010.0,,1915.0,,,West,,,Avalon,Street,,,,,,,,,,,,,90039.0,,Los Angeles,Los Angeles,,,,,LA City,{7B525D40-A457-4410-890C-6155D19F41CD},0,,7B525D40-A457-4410-890C-6155D19F41CD,Unknown,,W,,,St,W Avalon St,2023/09/12 23:03:18+00,1915 W Avalon St Los Angeles 90039,7B525D40-A457-4410-890C-6155D19F41CD_1915_W_Avalon_St_Los_Angeles_90039,Avalon,1915 W Avalon Street St Los Angeles 90039,,,,
757405,1407660,,5420010011.0,,1933.0,,,West,,,Avalon,Street,,,,,,,,,,,,,90039.0,,Los Angeles,Los Angeles,,,,,LA City,{7C3E58F2-D7E0-4D1D-AC8A-C10CAA929E9B},0,,7C3E58F2-D7E0-4D1D-AC8A-C10CAA929E9B,Unknown,,W,,,St,W Avalon St,2023/09/12 23:03:18+00,1933 W Avalon St Los Angeles 90039,7C3E58F2-D7E0-4D1D-AC8A-C10CAA929E9B_1933_W_Avalon_St_Los_Angeles_90039,Avalon,1933 W Avalon Street St Los Angeles 90039,,,,
757406,1407661,,5420010011.0,,1927.0,,,West,,,Avalon,Street,,,,,,,,,,,,,90039.0,,Los Angeles,Los Angeles,,,,,LA City,{B0A931E2-CC4C-4ABF-ABF2-C638E0397EC6},0,,B0A931E2-CC4C-4ABF-ABF2-C638E0397EC6,Unknown,,W,,,St,W Avalon St,2023/09/12 23:03:18+00,1927 W Avalon St Los Angeles 90039,B0A931E2-CC4C-4ABF-ABF2-C638E0397EC6_1927_W_Avalon_St_Los_Angeles_90039,Avalon,1927 W Avalon Street St Los Angeles 90039,,,,
757407,1407662,,5420010011.0,,1931.0,,,West,,,Avalon,Street,,,,,,,,,,,,,90039.0,,Los Angeles,Los Angeles,,,,,LA City,{C7641642-6CCA-4D10-83E6-9E9E08BA0F9C},0,,C7641642-6CCA-4D10-83E6-9E9E08BA0F9C,Unknown,,W,,,St,W Avalon St,2023/09/12 23:03:18+00,1931 W Avalon St Los Angeles 90039,C7641642-6CCA-4D10-83E6-9E9E08BA0F9C_1931_W_Avalon_St_Los_Angeles_90039,Avalon,1931 W Avalon Street St Los Angeles 90039,,,,
757408,1407663,,5420010011.0,,1935.0,,,West,,,Avalon,Street,,,,,,,,,,,,,90039.0,,Los Angeles,Los Angeles,,,,,LA City,{23EC1E2B-3BE7-4328-AB42-BBFE7BF7D018},0,,23EC1E2B-3BE7-4328-AB42-BBFE7BF7D018,Unknown,,W,,,St,W Avalon St,2023/09/12 23:03:18+00,1935 W Avalon St Los Angeles 90039,23EC1E2B-3BE7-4328-AB42-BBFE7BF7D018_1935_W_Avalon_St_Los_Angeles_90039,Avalon,1935 W Avalon Street St Los Angeles 90039,,,,
757409,1407664,,5420010011.0,,1929.0,,,West,,,Avalon,Street,,,,,,,,,,,,,90039.0,,Los Angeles,Los Angeles,,,,,LA City,{E0D3FFE6-F9EC-4B0C-8F81-D2506F24CA17},0,,E0D3FFE6-F9EC-4B0C-8F81-D2506F24CA17,Unknown,,W,,,St,W Avalon St,2023/09/12 23:03:18+00,1929 W Avalon St Los Angeles 90039,E0D3FFE6-F9EC-4B0C-8F81-D2506F24CA17_1929_W_Avalon_St_Los_Angeles_90039,Avalon,1929 W Avalon Street St Los Angeles 90039,,,,
757410,1407665,,5420010012.0,,1906.0,,,North,,,Lake Shore,Avenue,,,,,,,,,,,,,90039.0,,Los Angeles,Los Angeles,,,,,LA City,{BB3F1953-F0F6-480D-BBC2-6FDF34F2EFB1},0,,BB3F1953-F0F6-480D-BBC2-6FDF34F2EFB1,Unknown,,N,,,Ave,N Lake Shore Ave,2023/09/12 23:03:18+00,1906 N Lake Shore Ave Los Angeles 90039,BB3F1953-F0F6-480D-BBC2-6FDF34F2EFB1_1906_N_Lake_Shore_Ave_Los_Angeles_90039,Lake Shore,1906 N Lake Shore Avenue Ave Los Angeles 90039,,,,
757411,1407666,,5420010013.0,,1912.0,,,North,,,Lake Shore,Avenue,,,,,,,,,,,,,90039.0,,Los Angeles,Los Angeles,,,,,LA City,{54B584AF-93E6-408B-9CF4-25F18C54F51E},0,,54B584AF-93E6-408B-9CF4-25F18C54F51E,Unknown,,N,,,Ave,N Lake Shore Ave,2023/09/12 23:03:18+00,1912 N Lake Shore Ave Los Angeles 90039,54B584AF-93E6-408B-9CF4-25F18C54F51E_1912_N_Lake_Shore_Ave_Los_Angeles_90039,Lake Shore,1912 N Lake Shore Avenue Ave Los Angeles 90039,,,,
757412,1407667,,5420010014.0,,1914.0,,,North,,,Lake Shore,Avenue,,,,,,,,,,,,,90039.0,,Los Angeles,Los Angeles,,,,,LA City,{F3B41920-ABB5-46E1-A753-43EC67438F42},0,,F3B41920-ABB5-46E1-A753-43EC67438F42,Unknown,,N,,,Ave,N Lake Shore Ave,2023/09/12 23:03:18+00,1914 N Lake Shore Ave Los Angeles 90039,F3B41920-ABB5-46E1-A753-43EC67438F42_1914_N_Lake_Shore_Ave_Los_Angeles_90039,Lake Shore,1914 N Lake Shore Avenue Ave Los Angeles 90039,,,,
757413,1407668,,5420010014.0,,1916.0,,,North,,,Lake Shore,Avenue,,,,,,,,,,,,,90039.0,,Los Angeles,Los Angeles,,,,,LA City,{D1299C7B-B7B7-4BB0-B718-5620A100463B},0,,D1299C7B-B7B7-4BB0-B718-5620A100463B,Unknown,,N,,,Ave,N Lake Shore Ave,2023/09/12 23:03:18+00,1916 N Lake Shore Ave Los Angeles 90039,D1299C7B-B7B7-4BB0-B718-5620A100463B_1916_N_Lake_Shore_Ave_Los_Angeles_90039,Lake Shore,1916 N Lake Shore Avenue Ave Los Angeles 90039,,,,
757414,1407669,,5420010015.0,,1922.0,,,North,,,Lake Shore,Avenue,,,,,,,,,,,,,90039.0,,Los Angeles,Los Angeles,,,,,LA City,{1728F3D9-44CF-465A-99FA-A6FBBB8AD241},0,,1728F3D9-44CF-465A-99FA-A6FBBB8AD241,Unknown,,N,,,Ave,N Lake Shore Ave,2023/09/12 23:03:18+00,1922 N Lake Shore Ave Los Angeles 90039,1728F3D9-44CF-465A-99FA-A6FBBB8AD241_1922_N_Lake_Shore_Ave_Los_Angeles_90039,Lake Shore,1922 N Lake Shore Avenue Ave Los Angeles 90039,,,,
757415,1407670,,5420010015.0,,1924.0,,,North,,,Lake Shore,Avenue,,,,,,,,,,,,,90039.0,,Los Angeles,Los Angeles,,,,,LA City,{D31B33E3-779C-46F8-93B1-8F3958B2A210},0,,D31B33E3-779C-46F8-93B1-8F3958B2A210,Unknown,,N,,,Ave,N Lake Shore Ave,2024/05/12 21:05:27+00,1924 N Lake Shore Ave Los Angeles 90039,D31B33E3-779C-46F8-93B1-8F3958B2A210_1924_N_Lake_Shore_Ave_Los_Angeles_90039,Lake Shore,1924 N Lake Shore Avenue Ave Los Angeles 90039,,,,
757416,1407671,,5420010015.0,,1924.0,1/2,,North,,,Lake Shore,Avenue,,,,,,,,,,,,,90039.0,,Los Angeles,Los Angeles,,,,,LA City,{65A6CAD0-D0D9-409A-BB78-CDC639B22DA0},0,,65A6CAD0-D0D9-409A-BB78-CDC639B22DA0,Unknown,,N,,,Ave,N Lake Shore Ave,2024/05/12 21:05:27+00,1924 1/2 N Lake Shore Ave Los Angeles 90039,65A6CAD0-D0D9-409A-BB78-CDC639B22DA0_1924_1/2_N_Lake_Shore_Ave_Los_Angeles_90039,Lake Shore,1924 1/2 N Lake Shore Avenue Ave Los Angeles 90039,,,,
757417,1407672,,5420010016.0,,1928.0,,,North,,,Lake Shore,Avenue,,,,,,,,,,,,,90039.0,,Los Angeles,Los Angeles,,,,,LA City,{5B2D629B-2ADB-4F03-BDD9-B5F2B2969AD8},0,,5B2D629B-2ADB-4F03-BDD9-B5F2B2969AD8,Unknown,,N,,,Ave,N Lake Shore Ave,2023/09/12 23:03:18+00,1928 N Lake Shore Ave Los Angeles 90039,5B2D629B-2ADB-4F03-BDD9-B5F2B2969AD8_1928_N_Lake_Shore_Ave_Los_Angeles_90039,Lake Shore,1928 N Lake Shore Avenue Ave Los Angeles 90039,,,,
757418,1407673,,5420010016.0,,1926.0,,,North,,,Lake Shore,Avenue,,,,,,,,,,,,,90039.0,,Los Angeles,Los Angeles,,,,,LA City,{A9E48F2B-A0CF-4844-84DF-74041CB262DE},0,,A9E48F2B-A0CF-4844-84DF-74041CB262DE,Unknown,,N,,,Ave,N Lake Shore Ave,2024/05/12 21:05:27+00,1926 N Lake Shore Ave Los Angeles 90039,A9E48F2B-A0CF-4844-84DF-74041CB262DE_1926_N_Lake_Shore_Ave_Los_Angeles_90039,Lake Shore,1926 N Lake Shore Avenue Ave Los Angeles 90039,,,,
757419,1407674,,5420010016.0,,1926.0,1/2,,North,,,Lake Shore,Avenue,,,,,,,,,,,,,90039.0,,Los Angeles,Los Angeles,,,,,LA City,{2AC90D6A-0F4A-45F5-AFC4-F4D62054C86F},0,,2AC90D6A-0F4A-45F5-AFC4-F4D62054C86F,Unknown,,N,,,Ave,N Lake Shore Ave,2024/05/12 21:05:27+00,1926 1/2 N Lake Shore Ave Los Angeles 90039,2AC90D6A-0F4A-45F5-AFC4-F4D62054C86F_1926_1/2_N_Lake_Shore_Ave_Los_Angeles_90039,Lake Shore,1926 1/2 N Lake Shore Avenue Ave Los Angeles 90039,,,,
757420,1407675,,5420010017.0,,1926.0,1/2,,,,,La Tijera,Boulevard,,,,,,,,,,,,,90039.0,,Los Angeles,Los Angeles,,,,,Assessor,{36B693AF-0B13-4CEC-8F28-52BF7492ABEB},0,,36B693AF-0B13-4CEC-8F28-52BF7492ABEB,Unknown,,,,,Blvd,La Tijera Blvd,2024/04/27 17:13:09+00,1926 1/2 La Tijera Blvd Los Angeles 90039,36B693AF-0B13-4CEC-8F28-52BF7492ABEB_1926_1/2_La_Tijera_Blvd_Los_Angeles_90039,La Tijera,1926 1/2 La Tijera Boulevard Blvd Los Angeles 90039,,,,
757421,1407676,,5420010019.0,,1934.0,,,North,,,Lake Shore,Avenue,,,,,,,,,,,,,90039.0,,Los Angeles,Los Angeles,,,,,LA City,{06FF2256-F390-4CFF-8A51-1DD936EE35F0},0,,06FF2256-F390-4CFF-8A51-1DD936EE35F0,Unknown,,N,,,Ave,N Lake Shore Ave,2023/09/12 23:03:18+00,1934 N Lake Shore Ave Los Angeles 90039,06FF2256-F390-4CFF-8A51-1DD936EE35F0_1934_N_Lake_Shore_Ave_Los_Angeles_90039,Lake Shore,1934 N Lake Shore Avenue Ave Los Angeles 90039,,,,
757422,1407677,,5420010019.0,,1932.0,,,North,,,Lake Shore,Avenue,,,,,,,,,,,,,90039.0,,Los Angeles,Los Angeles,,,,,LA City,{C7E5DEBA-FBBE-4448-80E0-9FC796511360},0,,C7E5DEBA-FBBE-4448-80E0-9FC796511360,Unknown,,N,,,Ave,N Lake Shore Ave,2023/09/12 23:03:18+00,1932 N Lake Shore Ave Los Angeles 90039,C7E5DEBA-FBBE-4448-80E0-9FC796511360_1932_N_Lake_Shore_Ave_Los_Angeles_90039,Lake Shore,1932 N Lake Shore Avenue Ave Los Angeles 90039,,,,
757423,1407678,,5420010019.0,,1936.0,,,North,,,Lake Shore,Avenue,,,,,,,,,,,,,90039.0,,Los Angeles,Los Angeles,,,,,LA City,{32020691-2687-4D9E-A84E-86523C06C007},0,,32020691-2687-4D9E-A84E-86523C06C007,Unknown,,N,,,Ave,N Lake Shore Ave,2023/09/12 23:03:18+00,1936 N Lake Shore Ave Los Angeles 90039,32020691-2687-4D9E-A84E-86523C06C007_1936_N_Lake_Shore_Ave_Los_Angeles_90039,Lake Shore,1936 N Lake Shore Avenue Ave Los Angeles 90039,,,,
757424,1407679,,5420010020.0,,1938.0,,,North,,,Lake Shore,Avenue,,,,,,,,,,,,,90039.0,,Los Angeles,Los Angeles,,,,,LA City,{DEB87638-EFEB-4DD6-BB71-3340EC6F14E0},0,,DEB87638-EFEB-4DD6-BB71-3340EC6F14E0,Unknown,,N,,,Ave,N Lake Shore Ave,2023/09/12 23:03:18+00,1938 N Lake Shore Ave Los Angeles 90039,DEB87638-EFEB-4DD6-BB71-3340EC6F14E0_1938_N_Lake_Shore_Ave_Los_Angeles_90039,Lake Shore,1938 N Lake Shore Avenue Ave Los Angeles 90039,,,,
757425,1407680,,5420010024.0,,1946.0,,,North,,,Lake Shore,Avenue,,,,,,,,,,,,,90039.0,,Los Angeles,Los Angeles,,,,,LA City,{8435BA1F-4E78-4BFF-B259-A98F23937F09},0,,8435BA1F-4E78-4BFF-B259-A98F23937F09,Unknown,,N,,,Ave,N Lake Shore Ave,2023/09/12 23:03:18+00,1946 N Lake Shore Ave Los Angeles 90039,8435BA1F-4E78-4BFF-B259-A98F23937F09_1946_N_Lake_Shore_Ave_Los_Angeles_90039,Lake Shore,1946 N Lake Shore Avenue Ave Los Angeles 90039,,,,
757426,1407681,,5420010025.0,,1952.0,,,North,,,Lake Shore,Avenue,,,,,,,,,,,,,90039.0,,Los Angeles,Los Angeles,,,,,LA City,{F6542767-F2DE-487A-B0A9-D4F7CB920738},0,,F6542767-F2DE-487A-B0A9-D4F7CB920738,Unknown,,N,,,Ave,N Lake Shore Ave,2023/09/12 23:03:18+00,1952 N Lake Shore Ave Los Angeles 90039,F6542767-F2DE-487A-B0A9-D4F7CB920738_1952_N_Lake_Shore_Ave_Los_Angeles_90039,Lake Shore,1952 N Lake Shore Avenue Ave Los Angeles 90039,,,,
757427,1407682,,5420010025.0,,1950.0,,,North,,,Lake Shore,Avenue,,,,,,,,,,,,,90039.0,,Los Angeles,Los Angeles,,,,,LA City,{A0BF379A-BBF8-4B13-8659-94202D14740D},0,,A0BF379A-BBF8-4B13-8659-94202D14740D,Unknown,,N,,,Ave,N Lake Shore Ave,2023/09/12 23:03:18+00,1950 N Lake Shore Ave Los Angeles 90039,A0BF379A-BBF8-4B13-8659-94202D14740D_1950_N_Lake_Shore_Ave_Los_Angeles_90039,Lake Shore,1950 N Lake Shore Avenue Ave Los Angeles 90039,,,,
757431,1407686,,5420010030.0,,1911.0,,,West,,,Avalon,Street,,,,,,,,,,,,,90039.0,,Los Angeles,Los Angeles,,,,,LA City,{9D693531-6F58-44E7-94D6-78488353D4E4},0,,9D693531-6F58-44E7-94D6-78488353D4E4,Unknown,,W,,,St,W Avalon St,2023/09/12 23:03:18+00,1911 W Avalon St Los Angeles 90039,9D693531-6F58-44E7-94D6-78488353D4E4_1911_W_Avalon_St_Los_Angeles_90039,Avalon,1911 W Avalon Street St Los Angeles 90039,,,,
757433,1407688,,5420010032.0,,1942.0,,,North,,,Lake Shore,Avenue,,,,,,,,,,,,,90039.0,,Los Angeles,Los Angeles,,,,,LA City,{12ED14BC-345C-460C-AD43-BC9FA9AFCBEC},0,,12ED14BC-345C-460C-AD43-BC9FA9AFCBEC,Unknown,,N,,,Ave,N Lake Shore Ave,2023/09/12 23:03:18+00,1942 N Lake Shore Ave Los Angeles 90039,12ED14BC-345C-460C-AD43-BC9FA9AFCBEC_1942_N_Lake_Shore_Ave_Los_Angeles_90039,Lake Shore,1942 N Lake Shore Avenue Ave Los Angeles 90039,,,,
757434,1407689,,5420010032.0,,1944.0,,,North,,,Lake Shore,Avenue,,,,,,,,,,,,,90039.0,,Los Angeles,Los Angeles,,,,,LA City,{7FAF4153-3DF7-4BEF-97EB-FCFEC3D7B534},0,,7FAF4153-3DF7-4BEF-97EB-FCFEC3D7B534,Unknown,,N,,,Ave,N Lake Shore Ave,2023/09/12 23:03:18+00,1944 N Lake Shore Ave Los Angeles 90039,7FAF4153-3DF7-4BEF-97EB-FCFEC3D7B534_1944_N_Lake_Shore_Ave_Los_Angeles_90039,Lake Shore,1944 N Lake Shore Avenue Ave Los Angeles 90039,,,,
757460,1407715,,5420011024.0,,1920.0,,,West,,,Avalon,Street,,,,,,,,,,,,,90039.0,,Los Angeles,Los Angeles,,,,,LA City,{1EB01276-3375-4EEB-8E91-9F164D996C02},0,,1EB01276-3375-4EEB-8E91-9F164D996C02,Unknown,,W,,,St,W Avalon St,2023/09/12 23:03:18+00,1920 W Avalon St Los Angeles 90039,1EB01276-3375-4EEB-8E91-9F164D996C02_1920_W_Avalon_St_Los_Angeles_90039,Avalon,1920 W Avalon Street St Los Angeles 90039,,,,
758499,1408754,,5422001002.0,,1900.0,,,North,,,Silver Lake,Boulevard,,,,,,,,,,,,,90039.0,,Los Angeles,Los Angeles,,,,,LA City,{A0635ED1-8717-433F-B33C-F32544515156},0,,A0635ED1-8717-433F-B33C-F32544515156,Unknown,,N,,,Blvd,N Silver Lake Blvd,2023/09/12 23:03:18+00,1900 N Silver Lake Blvd Los Angeles 90039,A0635ED1-8717-433F-B33C-F32544515156_1900_N_Silver_Lake_Blvd_Los_Angeles_90039,Silver Lake,1900 N Silver Lake Boulevard Blvd Los Angeles 90039,,,,
758500,1408755,,5422001002.0,,1902.0,,,North,,,Silver Lake,Boulevard,,,,,,,,,,,,,90039.0,,Los Angeles,Los Angeles,,,,,LA City,{553E8D66-6DF4-4DD7-8F1B-DEC25D27BDBF},0,,553E8D66-6DF4-4DD7-8F1B-DEC25D27BDBF,Unknown,,N,,,Blvd,N Silver Lake Blvd,2023/09/12 23:03:18+00,1902 N Silver Lake Blvd Los Angeles 90039,553E8D66-6DF4-4DD7-8F1B-DEC25D27BDBF_1902_N_Silver_Lake_Blvd_Los_Angeles_90039,Silver Lake,1902 N Silver Lake Boulevard Blvd Los Angeles 90039,,,,
758501,1408756,,5422001002.0,,1912.0,,,North,,,Silver Lake,Boulevard,,,,,,,,,,,,,90039.0,,Los Angeles,Los Angeles,,,,,LA City,{5BA3BFB6-991A-4F67-A511-6F15A85EF4BA},0,,5BA3BFB6-991A-4F67-A511-6F15A85EF4BA,Unknown,,N,,,Blvd,N Silver Lake Blvd,2023/09/12 23:03:18+00,1912 N Silver Lake Blvd Los Angeles 90039,5BA3BFB6-991A-4F67-A511-6F15A85EF4BA_1912_N_Silver_Lake_Blvd_Los_Angeles_90039,Silver Lake,1912 N Silver Lake Boulevard Blvd Los Angeles 90039,,,,
758502,1408757,,5422001002.0,,1904.0,,,North,,,Silver Lake,Boulevard,,,,,,,,,,,,,90039.0,,Los Angeles,Los Angeles,,,,,LA City,{D7601F00-4B48-4335-B4F1-B8B899E835E3},0,,D7601F00-4B48-4335-B4F1-B8B899E835E3,Unknown,,N,,,Blvd,N Silver Lake Blvd,2023/09/12 23:03:18+00,1904 N Silver Lake Blvd Los Angeles 90039,D7601F00-4B48-4335-B4F1-B8B899E835E3_1904_N_Silver_Lake_Blvd_Los_Angeles_90039,Silver Lake,1904 N Silver Lake Boulevard Blvd Los Angeles 90039,,,,
758503,1408758,,5422001002.0,,1906.0,,,North,,,Silver Lake,Boulevard,,,,,,,,,,,,,90039.0,,Los Angeles,Los Angeles,,,,,LA City,{BEC0495F-B6E2-440A-B2CF-C167A195C09D},0,,BEC0495F-B6E2-440A-B2CF-C167A195C09D,Unknown,,N,,,Blvd,N Silver Lake Blvd,2023/09/12 23:03:18+00,1906 N Silver Lake Blvd Los Angeles 90039,BEC0495F-B6E2-440A-B2CF-C167A195C09D_1906_N_Silver_Lake_Blvd_Los_Angeles_90039,Silver Lake,1906 N Silver Lake Boulevard Blvd Los Angeles 90039,,,,
758504,1408759,,5422001002.0,,2357.0,,,West,,,Duane,Street,,,,,,,,,,,,,90039.0,,Los Angeles,Los Angeles,,,,,LA City,{A1F3FFEF-7323-4EB2-BE6B-59C3E15AACB8},0,,A1F3FFEF-7323-4EB2-BE6B-59C3E15AACB8,Unknown,,W,,,St,W Duane St,2023/09/12 23:03:18+00,2357 W Duane St Los Angeles 90039,A1F3FFEF-7323-4EB2-BE6B-59C3E15AACB8_2357_W_Duane_St_Los_Angeles_90039,Duane,2357 W Duane Street St Los Angeles 90039,,,,
758505,1408760,,5422001002.0,,2361.0,,,West,,,Duane,Street,,,,,,,,,,,,,90039.0,,Los Angeles,Los Angeles,,,,,LA City,{BFE73566-C53E-461B-BA19-BC4C5FC3CC12},0,,BFE73566-C53E-461B-BA19-BC4C5FC3CC12,Unknown,,W,,,St,W Duane St,2023/09/12 23:03:18+00,2361 W Duane St Los Angeles 90039,BFE73566-C53E-461B-BA19-BC4C5FC3CC12_2361_W_Duane_St_Los_Angeles_90039,Duane,2361 W Duane Street St Los Angeles 90039,,,,
758506,1408761,,5422001002.0,,2359.0,,,West,,,Duane,Street,,,,,,,,,,,,,90039.0,,Los Angeles,Los Angeles,,,,,LA City,{B2B5A8EA-9AFC-4D59-BB61-289E7B62695D},0,,B2B5A8EA-9AFC-4D59-BB61-289E7B62695D,Unknown,,W,,,St,W Duane St,2023/09/12 23:03:18+00,2359 W Duane St Los Angeles 90039,B2B5A8EA-9AFC-4D59-BB61-289E7B62695D_2359_W_Duane_St_Los_Angeles_90039,Duane,2359 W Duane Street St Los Angeles 90039,,,,
758507,1408762,,5422001002.0,,1908.0,,,North,,,Silver Lake,Boulevard,,,,,,,,,,,,,90039.0,,Los Angeles,Los Angeles,,,,,LA City,{5837D777-C636-4420-9786-AEF4FC57F25C},0,,5837D777-C636-4420-9786-AEF4FC57F25C,Unknown,,N,,,Blvd,N Silver Lake Blvd,2023/09/12 23:03:18+00,1908 N Silver Lake Blvd Los Angeles 90039,5837D777-C636-4420-9786-AEF4FC57F25C_1908_N_Silver_Lake_Blvd_Los_Angeles_90039,Silver Lake,1908 N Silver Lake Boulevard Blvd Los Angeles 90039,,,,
758508,1408763,,5422001002.0,,1910.0,,,North,,,Silver Lake,Boulevard,,,,,,,,,,,,,90039.0,,Los Angeles,Los Angeles,,,,,LA City,{88AFF9EE-0568-4681-BAF3-CF6D1998097D},0,,88AFF9EE-0568-4681-BAF3-CF6D1998097D,Unknown,,N,,,Blvd,N Silver Lake Blvd,2023/09/12 23:03:18+00,1910 N Silver Lake Blvd Los Angeles 90039,88AFF9EE-0568-4681-BAF3-CF6D1998097D_1910_N_Silver_Lake_Blvd_Los_Angeles_90039,Silver Lake,1910 N Silver Lake Boulevard Blvd Los Angeles 90039,,,,
758509,1408764,,5422001002.0,,1914.0,,,North,,,Silver Lake,Boulevard,,,,,,,,,,,,,90039.0,,Los Angeles,Los Angeles,,,,,LA City,{EF514132-6070-4E23-8E3D-1D08DFDCE79B},0,,EF514132-6070-4E23-8E3D-1D08DFDCE79B,Unknown,,N,,,Blvd,N Silver Lake Blvd,2023/09/12 23:03:18+00,1914 N Silver Lake Blvd Los Angeles 90039,EF514132-6070-4E23-8E3D-1D08DFDCE79B_1914_N_Silver_Lake_Blvd_Los_Angeles_90039,Silver Lake,1914 N Silver Lake Boulevard Blvd Los Angeles 90039,,,,
758510,1408765,,5422001005.0,,2353.0,,,West,,,Duane,Street,,,,,,,,,,,,1-8,90039.0,,Los Angeles,Los Angeles,,,,,LA City,{7DFB5FE4-588F-4FFB-B500-6C864172BACC},0,,7DFB5FE4-588F-4FFB-B500-6C864172BACC,Unknown,,W,,,St,W Duane St,2023/09/12 23:03:18+00,2353 W Duane St 1-8 Los Angeles 90039,7DFB5FE4-588F-4FFB-B500-6C864172BACC_2353_W_Duane_St_1-8_Los_Angeles_90039,Duane,2353 W Duane Street St 1-8 Los Angeles 90039,,,,
758511,1408766,,5422001006.0,,2347.0,,,West,,,Duane,Street,,,,,,,,,,,,,90039.0,,Los Angeles,Los Angeles,,,,,LA City,{5358571B-611B-4F96-9406-26A48C1E1562},0,,5358571B-611B-4F96-9406-26A48C1E1562,Unknown,,W,,,St,W Duane St,2023/09/12 23:03:18+00,2347 W Duane St Los Angeles 90039,5358571B-611B-4F96-9406-26A48C1E1562_2347_W_Duane_St_Los_Angeles_90039,Duane,2347 W Duane Street St Los Angeles 90039,,,,
758512,1408767,,5422001008.0,,2344.0,,,West,,,Ewing,Street,,,,,,,,,,,,,90039.0,,Los Angeles,Los Angeles,,,,,LA City,{7BC6B0FE-1277-400E-818C-338D8D4558F3},0,,7BC6B0FE-1277-400E-818C-338D8D4558F3,Unknown,,W,,,St,W Ewing St,2023/09/12 23:03:18+00,2344 W Ewing St Los Angeles 90039,7BC6B0FE-1277-400E-818C-338D8D4558F3_2344_W_Ewing_St_Los_Angeles_90039,Ewing,2344 W Ewing Street St Los Angeles 90039,,,,
758513,1408768,,5422001009.0,,2345.0,,,West,,,Duane,Street,,,,,,,,,,,,1-8,90039.0,,Los Angeles,Los Angeles,,,,,LA City,{2DA156F7-2573-4FB4-A785-5F83CD4B4ABA},0,,2DA156F7-2573-4FB4-A785-5F83CD4B4ABA,Unknown,,W,,,St,W Duane St,2023/09/12 23:03:18+00,2345 W Duane St 1-8 Los Angeles 90039,2DA156F7-2573-4FB4-A785-5F83CD4B4ABA_2345_W_Duane_St_1-8_Los_Angeles_90039,Duane,2345 W Duane Street St 1-8 Los Angeles 90039,,,,
758514,1408769,,5422001012.0,,2332.0,,,West,,,Ewing,Street,,,,,,,,,,,,,90039.0,,Los Angeles,Los Angeles,,,,,LA City,{7764665B-DC5A-4280-B1F2-1813B9EA8360},0,,7764665B-DC5A-4280-B1F2-1813B9EA8360,Unknown,,W,,,St,W Ewing St,2023/09/12 23:03:18+00,2332 W Ewing St Los Angeles 90039,7764665B-DC5A-4280-B1F2-1813B9EA8360_2332_W_Ewing_St_Los_Angeles_90039,Ewing,2332 W Ewing Street St Los Angeles 90039,,,,
758515,1408770,,5422001012.0,,2330.0,,,West,,,Ewing,Street,,,,,,,,,,,,,90039.0,,Los Angeles,Los Angeles,,,,,LA City,{D2368659-FC42-42FE-A24F-BC8E96230BE9},0,,D2368659-FC42-42FE-A24F-BC8E96230BE9,Unknown,,W,,,St,W Ewing St,2023/09/12 23:03:18+00,2330 W Ewing St Los Angeles 90039,D2368659-FC42-42FE-A24F-BC8E96230BE9_2330_W_Ewing_St_Los_Angeles_90039,Ewing,2330 W Ewing Street St Los Angeles 90039,,,,
758516,1408771,,5422001015.0,,2327.0,,,West,,,Duane,Street,,,,,,,,,,,,,90039.0,,Los Angeles,Los Angeles,,,,,LA City,{A95C6B89-4BA0-4C4D-8738-AC0CEC0DD45E},0,,A95C6B89-4BA0-4C4D-8738-AC0CEC0DD45E,Unknown,,W,,,St,W Duane St,2023/09/12 23:03:18+00,2327 W Duane St Los Angeles 90039,A95C6B89-4BA0-4C4D-8738-AC0CEC0DD45E_2327_W_Duane_St_Los_Angeles_90039,Duane,2327 W Duane Street St Los Angeles 90039,,,,
758517,1408772,,5422001015.0,,2329.0,,,West,,,Duane,Street,,,,,,,,,,,,,90039.0,,Los Angeles,Los Angeles,,,,,LA City,{DC8161BB-2CC2-4C56-B93D-072F9D0B80E5},0,,DC8161BB-2CC2-4C56-B93D-072F9D0B80E5,Unknown,,W,,,St,W Duane St,2023/09/12 23:03:18+00,2329 W Duane St Los Angeles 90039,DC8161BB-2CC2-4C56-B93D-072F9D0B80E5_2329_W_Duane_St_Los_Angeles_90039,Duane,2329 W Duane Street St Los Angeles 90039,,,,
758518,1408773,,5422001015.0,,2327.0,1/2,,,,,Olive,Avenue,,,,,,,,,,,,,90039.0,,Los Angeles,Los Angeles,,,,,Assessor,{FFB9DAC5-72A8-417E-A7BC-10BC1B0A04E1},0,,FFB9DAC5-72A8-417E-A7BC-10BC1B0A04E1,Unknown,,,,,Ave,Olive Ave,2024/04/27 17:13:09+00,2327 1/2 Olive Ave Los Angeles 90039,FFB9DAC5-72A8-417E-A7BC-10BC1B0A04E1_2327_1/2_Olive_Ave_Los_Angeles_90039,Olive,2327 1/2 Olive Avenue Ave Los Angeles 90039,,,,
758519,1408774,,5422001016.0,,2328.0,,,West,,,Ewing,Street,,,,,,,,,,,,,90039.0,,Los Angeles,Los Angeles,,,,,LA City,{23E00B18-C8DC-49A9-9A15-C3D50D49B76F},0,,23E00B18-C8DC-49A9-9A15-C3D50D49B76F,Unknown,,W,,,St,W Ewing St,2023/09/12 23:03:18+00,2328 W Ewing St Los Angeles 90039,23E00B18-C8DC-49A9-9A15-C3D50D49B76F_2328_W_Ewing_St_Los_Angeles_90039,Ewing,2328 W Ewing Street St Los Angeles 90039,,,,
758520,1408775,,5422001016.0,,2326.0,1/2,,West,,,Ewing,Street,,,,,,,,,,,,,90039.0,,Los Angeles,Los Angeles,,,,,LA City,{E2BCAC25-78E1-4EEC-964A-E56D1CBF5180},0,,E2BCAC25-78E1-4EEC-964A-E56D1CBF5180,Unknown,,W,,,St,W Ewing St,2024/05/12 21:05:27+00,2326 1/2 W Ewing St Los Angeles 90039,E2BCAC25-78E1-4EEC-964A-E56D1CBF5180_2326_1/2_W_Ewing_St_Los_Angeles_90039,Ewing,2326 1/2 W Ewing Street St Los Angeles 90039,,,,
758521,1408776,,5422001016.0,,2326.0,,,West,,,Ewing,Street,,,,,,,,,,,,,90039.0,,Los Angeles,Los Angeles,,,,,LA City,{B3A6D2A3-C4F4-4CA9-94F5-B9FE461E00FF},0,,B3A6D2A3-C4F4-4CA9-94F5-B9FE461E00FF,Unknown,,W,,,St,W Ewing St,2024/05/12 21:05:27+00,2326 W Ewing St Los Angeles 90039,B3A6D2A3-C4F4-4CA9-94F5-B9FE461E00FF_2326_W_Ewing_St_Los_Angeles_90039,Ewing,2326 W Ewing Street St Los Angeles 90039,,,,
758522,1408777,,5422001017.0,,2322.0,,,West,,,Ewing,Street,,,,,,,,,,,,,90039.0,,Los Angeles,Los Angeles,,,,,LA City,{720301D4-C076-4C34-AE01-57EEC57E6EF9},0,,720301D4-C076-4C34-AE01-57EEC57E6EF9,Unknown,,W,,,St,W Ewing St,2023/09/12 23:03:18+00,2322 W Ewing St Los Angeles 90039,720301D4-C076-4C34-AE01-57EEC57E6EF9_2322_W_Ewing_St_Los_Angeles_90039,Ewing,2322 W Ewing Street St Los Angeles 90039,,,,
758523,1408778,,5422001018.0,,2323.0,,,West,,,Duane,Street,,,,,,,,,,,,,90039.0,,Los Angeles,Los Angeles,,,,,LA City,{6C71F5A3-4012-4CB9-A962-2DF3BC7FD627},0,,6C71F5A3-4012-4CB9-A962-2DF3BC7FD627,Unknown,,W,,,St,W Duane St,2023/09/12 23:03:18+00,2323 W Duane St Los Angeles 90039,6C71F5A3-4012-4CB9-A962-2DF3BC7FD627_2323_W_Duane_St_Los_Angeles_90039,Duane,2323 W Duane Street St Los Angeles 90039,,,,
758524,1408779,,5422001019.0,,2317.0,,,West,,,Duane,Street,,,,,,,,,,,,,90039.0,,Los Angeles,Los Angeles,,,,,LA City,{61E55D6E-8E1E-4352-8D06-6E8DC50D9092},0,,61E55D6E-8E1E-4352-8D06-6E8DC50D9092,Unknown,,W,,,St,W Duane St,2023/09/12 23:03:18+00,2317 W Duane St Los Angeles 90039,61E55D6E-8E1E-4352-8D06-6E8DC50D9092_2317_W_Duane_St_Los_Angeles_90039,Duane,2317 W Duane Street St Los Angeles 90039,,,,
758525,1408780,,5422001020.0,,2318.0,,,West,,,Ewing,Street,,,,,,,,,,,,,90039.0,,Los Angeles,Los Angeles,,,,,LA City,{25F45778-74BA-49C4-82FA-8BE85B9EBD08},0,,25F45778-74BA-49C4-82FA-8BE85B9EBD08,Unknown,,W,,,St,W Ewing St,2023/09/12 23:03:18+00,2318 W Ewing St Los Angeles 90039,25F45778-74BA-49C4-82FA-8BE85B9EBD08_2318_W_Ewing_St_Los_Angeles_90039,Ewing,2318 W Ewing Street St Los Angeles 90039,,,,
758526,1408781,,5422001020.0,,2316.0,,,West,,,Ewing,Street,,,,,,,,,,,,,90039.0,,Los Angeles,Los Angeles,,,,,LA City,{684767DD-41A6-4856-B109-053EBFF773D4},0,,684767DD-41A6-4856-B109-053EBFF773D4,Unknown,,W,,,St,W Ewing St,2023/09/12 23:03:18+00,2316 W Ewing St Los Angeles 90039,684767DD-41A6-4856-B109-053EBFF773D4_2316_W_Ewing_St_Los_Angeles_90039,Ewing,2316 W Ewing Street St Los Angeles 90039,,,,
758527,1408782,,5422001022.0,,2311.0,,,West,,,Duane,Street,,,,,,,,,,,,,90039.0,,Los Angeles,Los Angeles,,,,,LA City,{B363341C-F509-4697-AA3E-873E33587822},0,,B363341C-F509-4697-AA3E-873E33587822,Unknown,,W,,,St,W Duane St,2023/09/12 23:03:18+00,2311 W Duane St Los Angeles 90039,B363341C-F509-4697-AA3E-873E33587822_2311_W_Duane_St_Los_Angeles_90039,Duane,2311 W Duane Street St Los Angeles 90039,,,,
758528,1408783,,5422001023.0,,1927.0,,,North,,,Apex,Avenue,,,,,,,,,,,,,90039.0,,Los Angeles,Los Angeles,,,,,LA City,{6AD6F038-D10D-44E1-B817-00DD216C4BFC},0,,6AD6F038-D10D-44E1-B817-00DD216C4BFC,Unknown,,N,,,Ave,N Apex Ave,2023/09/12 23:03:18+00,1927 N Apex Ave Los Angeles 90039,6AD6F038-D10D-44E1-B817-00DD216C4BFC_1927_N_Apex_Ave_Los_Angeles_90039,Apex,1927 N Apex Avenue Ave Los Angeles 90039,,,,
758529,1408784,,5422001024.0,,1919.0,,,North,,,Apex,Avenue,,,,,,,,,,,,,90039.0,,Los Angeles,Los Angeles,,,,,LA City,{D36CB011-66EF-47C6-9423-EBEF9AFD8EF0},0,,D36CB011-66EF-47C6-9423-EBEF9AFD8EF0,Unknown,,N,,,Ave,N Apex Ave,2023/09/12 23:03:18+00,1919 N Apex Ave Los Angeles 90039,D36CB011-66EF-47C6-9423-EBEF9AFD8EF0_1919_N_Apex_Ave_Los_Angeles_90039,Apex,1919 N Apex Avenue Ave Los Angeles 90039,,,,
758530,1408785,,5422001024.0,,1923.0,,,North,,,Apex,Avenue,,,,,,,,,,,,,90039.0,,Los Angeles,Los Angeles,,,,,LA City,{41F1123E-383E-45AB-91B9-02115458419D},0,,41F1123E-383E-45AB-91B9-02115458419D,Unknown,,N,,,Ave,N Apex Ave,2023/09/12 23:03:18+00,1923 N Apex Ave Los Angeles 90039,41F1123E-383E-45AB-91B9-02115458419D_1923_N_Apex_Ave_Los_Angeles_90039,Apex,1923 N Apex Avenue Ave Los Angeles 90039,,,,
758531,1408786,,5422001024.0,,1921.0,1/2,,North,,,Apex,Avenue,,,,,,,,,,,,,90039.0,,Los Angeles,Los Angeles,,,,,LA City,{4FCCCE24-DE2B-4BA4-9790-C66E01D43D43},0,,4FCCCE24-DE2B-4BA4-9790-C66E01D43D43,Unknown,,N,,,Ave,N Apex Ave,2024/05/12 21:05:27+00,1921 1/2 N Apex Ave Los Angeles 90039,4FCCCE24-DE2B-4BA4-9790-C66E01D43D43_1921_1/2_N_Apex_Ave_Los_Angeles_90039,Apex,1921 1/2 N Apex Avenue Ave Los Angeles 90039,,,,
758532,1408787,,5422001024.0,,1921.0,,,North,,,Apex,Avenue,,,,,,,,,,,,,90039.0,,Los Angeles,Los Angeles,,,,,LA City,{4BCC0E99-702C-4551-AA8C-273C1AB7FC3E},0,,4BCC0E99-702C-4551-AA8C-273C1AB7FC3E,Unknown,,N,,,Ave,N Apex Ave,2024/05/12 21:05:27+00,1921 N Apex Ave Los Angeles 90039,4BCC0E99-702C-4551-AA8C-273C1AB7FC3E_1921_N_Apex_Ave_Los_Angeles_90039,Apex,1921 N Apex Avenue Ave Los Angeles 90039,,,,
758533,1408788,,5422001025.0,,1915.0,,,North,,,Apex,Avenue,,,,,,,,,,,,,90039.0,,Los Angeles,Los Angeles,,,,,LA City,{B546A6E0-B0CF-4528-8382-20A24A01BB0C},0,,B546A6E0-B0CF-4528-8382-20A24A01BB0C,Unknown,,N,,,Ave,N Apex Ave,2023/09/12 23:03:18+00,1915 N Apex Ave Los Angeles 90039,B546A6E0-B0CF-4528-8382-20A24A01BB0C_1915_N_Apex_Ave_Los_Angeles_90039,Apex,1915 N Apex Avenue Ave Los Angeles 90039,,,,
758534,1408789,,5422001026.0,,1905.0,,,North,,,Apex,Avenue,,,,,,,,,,,,,90039.0,,Los Angeles,Los Angeles,,,,,LA City,{FDF7A6CC-9C01-441F-942D-135F52A6A50A},0,,FDF7A6CC-9C01-441F-942D-135F52A6A50A,Unknown,,N,,,Ave,N Apex Ave,2024/05/12 21:05:27+00,1905 N Apex Ave Los Angeles 90039,FDF7A6CC-9C01-441F-942D-135F52A6A50A_1905_N_Apex_Ave_Los_Angeles_90039,Apex,1905 N Apex Avenue Ave Los Angeles 90039,,,,
758535,1408790,,5422001026.0,,1905.0,1/2,,North,,,Apex,Avenue,,,,,,,,,,,,,90039.0,,Los Angeles,Los Angeles,,,,,LA City,{455525F9-5305-471F-8938-C49EC551FCFE},0,,455525F9-5305-471F-8938-C49EC551FCFE,Unknown,,N,,,Ave,N Apex Ave,2024/05/12 21:05:27+00,1905 1/2 N Apex Ave Los Angeles 90039,455525F9-5305-471F-8938-C49EC551FCFE_1905_1/2_N_Apex_Ave_Los_Angeles_90039,Apex,1905 1/2 N Apex Avenue Ave Los Angeles 90039,,,,
758536,1408791,,5422001027.0,,1903.0,,,North,,,Apex,Avenue,,,,,,,,,,,,,90039.0,,Los Angeles,Los Angeles,,,,,LA City,{74A1C544-7D55-4EB7-83EC-FF2CB618FB6D},0,,74A1C544-7D55-4EB7-83EC-FF2CB618FB6D,Unknown,,N,,,Ave,N Apex Ave,2023/09/12 23:03:18+00,1903 N Apex Ave Los Angeles 90039,74A1C544-7D55-4EB7-83EC-FF2CB618FB6D_1903_N_Apex_Ave_Los_Angeles_90039,Apex,1903 N Apex Avenue Ave Los Angeles 90039,,,,
758537,1408792,,5422001028.0,,1901.0,,,North,,,Apex,Avenue,,,,,,,,,,,,,90039.0,,Los Angeles,Los Angeles,,,,,LA City,{455AF75C-F50D-472C-9C08-1E16B1362B68},0,,455AF75C-F50D-472C-9C08-1E16B1362B68,Unknown,,N,,,Ave,N Apex Ave,2023/09/12 23:03:18+00,1901 N Apex Ave Los Angeles 90039,455AF75C-F50D-472C-9C08-1E16B1362B68_1901_N_Apex_Ave_Los_Angeles_90039,Apex,1901 N Apex Avenue Ave Los Angeles 90039,,,,
758538,1408793,,5422001029.0,,2334.0,,,West,,,Ewing,Street,,,,,,,,,,,,,90039.0,,Los Angeles,Los Angeles,,,,,LA City,{1F8CC2E2-BAC5-472B-88F7-D87D707BB493},0,,1F8CC2E2-BAC5-472B-88F7-D87D707BB493,Unknown,,W,,,St,W Ewing St,2023/09/12 23:03:18+00,2334 W Ewing St Los Angeles 90039,1F8CC2E2-BAC5-472B-88F7-D87D707BB493_2334_W_Ewing_St_Los_Angeles_90039,Ewing,2334 W Ewing Street St Los Angeles 90039,,,,
758539,1408794,,5422001029.0,,2336.0,,,West,,,Ewing,Street,,,,,,,,,,,,,90039.0,,Los Angeles,Los Angeles,,,,,LA City,{55E98959-CF4C-4C46-AD0E-412A6433A3FC},0,,55E98959-CF4C-4C46-AD0E-412A6433A3FC,Unknown,,W,,,St,W Ewing St,2023/09/12 23:03:18+00,2336 W Ewing St Los Angeles 90039,55E98959-CF4C-4C46-AD0E-412A6433A3FC_2336_W_Ewing_St_Los_Angeles_90039,Ewing,2336 W Ewing Street St Los Angeles 90039,,,,
758540,1408795,,5422001030.0,,2337.0,1/2,,West,,,Duane,Street,,,,,,,,,,,,,90039.0,,Los Angeles,Los Angeles,,,,,LA City,{95C41C88-63A7-439F-967F-BD8A36FC0060},0,,95C41C88-63A7-439F-967F-BD8A36FC0060,Unknown,,W,,,St,W Duane St,2024/05/12 21:05:27+00,2337 1/2 W Duane St Los Angeles 90039,95C41C88-63A7-439F-967F-BD8A36FC0060_2337_1/2_W_Duane_St_Los_Angeles_90039,Duane,2337 1/2 W Duane Street St Los Angeles 90039,,,,
758541,1408796,,5422001030.0,,2337.0,,,West,,,Duane,Street,,,,,,,,,,,,,90039.0,,Los Angeles,Los Angeles,,,,,LA City,{25F2574B-1DE8-40CC-8E26-1A100F723E31},0,,25F2574B-1DE8-40CC-8E26-1A100F723E31,Unknown,,W,,,St,W Duane St,2024/05/12 21:05:27+00,2337 W Duane St Los Angeles 90039,25F2574B-1DE8-40CC-8E26-1A100F723E31_2337_W_Duane_St_Los_Angeles_90039,Duane,2337 W Duane Street St Los Angeles 90039,,,,
758542,1408797,,5422001031.0,,2333.0,,,West,,,Duane,Street,,,,,,,,,,,,1-4,90039.0,,Los Angeles,Los Angeles,,,,,LA City,{6B792A46-09CF-4EE2-A0B0-A64339826FED},0,,6B792A46-09CF-4EE2-A0B0-A64339826FED,Unknown,,W,,,St,W Duane St,2023/09/12 23:03:18+00,2333 W Duane St 1-4 Los Angeles 90039,6B792A46-09CF-4EE2-A0B0-A64339826FED_2333_W_Duane_St_1-4_Los_Angeles_90039,Duane,2333 W Duane Street St 1-4 Los Angeles 90039,,,,
758543,1408798,,5422001032.0,,2352.0,,,West,,,Ewing,Street,,,,,,,,,,,,,90039.0,,Los Angeles,Los Angeles,,,,,LA City,{E3192893-2977-4DAA-AD18-AEA39D40B116},0,,E3192893-2977-4DAA-AD18-AEA39D40B116,Unknown,,W,,,St,W Ewing St,2023/09/12 23:03:18+00,2352 W Ewing St Los Angeles 90039,E3192893-2977-4DAA-AD18-AEA39D40B116_2352_W_Ewing_St_Los_Angeles_90039,Ewing,2352 W Ewing Street St Los Angeles 90039,,,,
758544,1408799,,5422001032.0,,2350.0,,,West,,,Ewing,Street,,,,,,,,,,,,,90039.0,,Los Angeles,Los Angeles,,,,,LA City,{43270F78-73FD-441D-AC95-FCD2CB4CD8A6},0,,43270F78-73FD-441D-AC95-FCD2CB4CD8A6,Unknown,,W,,,St,W Ewing St,2023/09/12 23:03:18+00,2350 W Ewing St Los Angeles 90039,43270F78-73FD-441D-AC95-FCD2CB4CD8A6_2350_W_Ewing_St_Los_Angeles_90039,Ewing,2350 W Ewing Street St Los Angeles 90039,,,,
758545,1408800,,5422001032.0,,2348.0,,,West,,,Ewing,Street,,,,,,,,,,,,,90039.0,,Los Angeles,Los Angeles,,,,,LA City,{055FDD2F-D6C2-4BF5-BD68-4EEC57F40B2D},0,,055FDD2F-D6C2-4BF5-BD68-4EEC57F40B2D,Unknown,,W,,,St,W Ewing St,2023/09/12 23:03:18+00,2348 W Ewing St Los Angeles 90039,055FDD2F-D6C2-4BF5-BD68-4EEC57F40B2D_2348_W_Ewing_St_Los_Angeles_90039,Ewing,2348 W Ewing Street St Los Angeles 90039,,,,
758546,1408801,,5422001034.0,,2346.0,,,West,,,Ewing,Street,,,,,,,,,,,,,90039.0,,Los Angeles,Los Angeles,,,,,LA City,{3A5DE31F-19A8-427F-AF24-B6BD86CAD127},0,,3A5DE31F-19A8-427F-AF24-B6BD86CAD127,Unknown,,W,,,St,W Ewing St,2023/09/12 23:03:18+00,2346 W Ewing St Los Angeles 90039,3A5DE31F-19A8-427F-AF24-B6BD86CAD127_2346_W_Ewing_St_Los_Angeles_90039,Ewing,2346 W Ewing Street St Los Angeles 90039,,,,
758547,1408802,,5422001038.0,,2354.0,,,West,,,Ewing,Street,,,,,,,,,,,,,90039.0,,Los Angeles,Los Angeles,,,,,LA City,{6BDA182A-DC2F-4895-9C91-17D92413E6FA},0,,6BDA182A-DC2F-4895-9C91-17D92413E6FA,Unknown,,W,,,St,W Ewing St,2023/09/12 23:03:18+00,2354 W Ewing St Los Angeles 90039,6BDA182A-DC2F-4895-9C91-17D92413E6FA_2354_W_Ewing_St_Los_Angeles_90039,Ewing,2354 W Ewing Street St Los Angeles 90039,,,,
758548,1408803,,5422001038.0,,2356.0,,,West,,,Ewing,Street,,,,,,,,,,,,,90039.0,,Los Angeles,Los Angeles,,,,,LA City,{584DBD80-D95B-408B-A34D-41BC4D9E406F},0,,584DBD80-D95B-408B-A34D-41BC4D9E406F,Unknown,,W,,,St,W Ewing St,2023/09/12 23:03:18+00,2356 W Ewing St Los Angeles 90039,584DBD80-D95B-408B-A34D-41BC4D9E406F_2356_W_Ewing_St_Los_Angeles_90039,Ewing,2356 W Ewing Street St Los Angeles 90039,,,,
758549,1408804,,5422002006.0,,1936.0,,,North,,,Rockford,Road,,,,,,,,,,,,,90039.0,,Los Angeles,Los Angeles,,,,,LA City,{3ADF8516-250B-4D8E-8A49-2BC5A7912039},0,,3ADF8516-250B-4D8E-8A49-2BC5A7912039,Unknown,,N,,,Rd,N Rockford Rd,2023/09/12 23:03:18+00,1936 N Rockford Rd Los Angeles 90039,3ADF8516-250B-4D8E-8A49-2BC5A7912039_1936_N_Rockford_Rd_Los_Angeles_90039,Rockford,1936 N Rockford Road Rd Los Angeles 90039,,,,
758550,1408805,,5422002007.0,,2343.0,,,West,,,Ewing,Street,,,,,,,,,,,,,90039.0,,Los Angeles,Los Angeles,,,,,LA City,{427A0D40-35D1-4FC6-A128-A6EDB11B458E},0,,427A0D40-35D1-4FC6-A128-A6EDB11B458E,Unknown,,W,,,St,W Ewing St,2023/09/12 23:03:18+00,2343 W Ewing St Los Angeles 90039,427A0D40-35D1-4FC6-A128-A6EDB11B458E_2343_W_Ewing_St_Los_Angeles_90039,Ewing,2343 W Ewing Street St Los Angeles 90039,,,,
758551,1408806,,5422002008.0,,2337.0,,,West,,,Ewing,Street,,,,,,,,,,,,,90039.0,,Los Angeles,Los Angeles,,,,,LA City,{4142744D-0604-4411-A319-288E2FB3DD7C},0,,4142744D-0604-4411-A319-288E2FB3DD7C,Unknown,,W,,,St,W Ewing St,2023/09/12 23:03:18+00,2337 W Ewing St Los Angeles 90039,4142744D-0604-4411-A319-288E2FB3DD7C_2337_W_Ewing_St_Los_Angeles_90039,Ewing,2337 W Ewing Street St Los Angeles 90039,,,,
758552,1408807,,5422002012.0,,2324.0,,,West,,,Fargo,Street,,,,,,,,,,,,,90039.0,,Los Angeles,Los Angeles,,,,,LA City,{C3094513-CD41-4CB7-9AAB-1747BB5422B7},0,,C3094513-CD41-4CB7-9AAB-1747BB5422B7,Unknown,,W,,,St,W Fargo St,2023/09/12 23:03:18+00,2324 W Fargo St Los Angeles 90039,C3094513-CD41-4CB7-9AAB-1747BB5422B7_2324_W_Fargo_St_Los_Angeles_90039,Fargo,2324 W Fargo Street St Los Angeles 90039,,,,
758553,1408808,,5422002012.0,,2326.0,,,,,,Fargo,Street,,,,,,,,,,,,,90039.0,,Los Angeles,Los Angeles,,,,,Assessor,{9F61BA3B-8D18-4FDB-957A-81085364B11E},0,,9F61BA3B-8D18-4FDB-957A-81085364B11E,Unknown,,,,,St,Fargo St,2024/04/27 17:13:09+00,2326 Fargo St Los Angeles 90039,9F61BA3B-8D18-4FDB-957A-81085364B11E_2326_Fargo_St_Los_Angeles_90039,Fargo,2326 Fargo Street St Los Angeles 90039,,,,
758554,1408809,,5422002013.0,,2322.0,,,West,,,Fargo,Street,,,,,,,,,,,,,90039.0,,Los Angeles,Los Angeles,,,,,LA City,{BD1DFCE6-6BCE-4298-AEC6-ADDE647C8D74},0,,BD1DFCE6-6BCE-4298-AEC6-ADDE647C8D74,Unknown,,W,,,St,W Fargo St,2023/09/12 23:03:18+00,2322 W Fargo St Los Angeles 90039,BD1DFCE6-6BCE-4298-AEC6-ADDE647C8D74_2322_W_Fargo_St_Los_Angeles_90039,Fargo,2322 W Fargo Street St Los Angeles 90039,,,,
758555,1408810,,5422002014.0,,2316.0,,,West,,,Fargo,Street,,,,,,,,,,,,,90039.0,,Los Angeles,Los Angeles,,,,,LA City,{C0492857-EBA6-495C-A66D-714F772F1FDB},0,,C0492857-EBA6-495C-A66D-714F772F1FDB,Unknown,,W,,,St,W Fargo St,2023/09/12 23:03:18+00,2316 W Fargo St Los Angeles 90039,C0492857-EBA6-495C-A66D-714F772F1FDB_2316_W_Fargo_St_Los_Angeles_90039,Fargo,2316 W Fargo Street St Los Angeles 90039,,,,
758556,1408811,,5422002015.0,,2327.0,,,West,,,Ewing,Street,,,,,,,,,,,,,90039.0,,Los Angeles,Los Angeles,,,,,LA City,{C97C0769-249D-4AB5-AB4A-66C3D7155282},0,,C97C0769-249D-4AB5-AB4A-66C3D7155282,Unknown,,W,,,St,W Ewing St,2023/09/12 23:03:18+00,2327 W Ewing St Los Angeles 90039,C97C0769-249D-4AB5-AB4A-66C3D7155282_2327_W_Ewing_St_Los_Angeles_90039,Ewing,2327 W Ewing Street St Los Angeles 90039,,,,
758557,1408812,,5422002017.0,,2317.0,,,West,,,Ewing,Street,,,,,,,,,,,,,90039.0,,Los Angeles,Los Angeles,,,,,LA City,{1D789BD4-A2FA-4CFE-9C40-1181F2E5CDC1},0,,1D789BD4-A2FA-4CFE-9C40-1181F2E5CDC1,Unknown,,W,,,St,W Ewing St,2023/09/12 23:03:18+00,2317 W Ewing St Los Angeles 90039,1D789BD4-A2FA-4CFE-9C40-1181F2E5CDC1_2317_W_Ewing_St_Los_Angeles_90039,Ewing,2317 W Ewing Street St Los Angeles 90039,,,,
758558,1408813,,5422002017.0,,2319.0,,,West,,,Ewing,Street,,,,,,,,,,,,,90039.0,,Los Angeles,Los Angeles,,,,,LA City,{1A4529F4-1ADF-41CC-AC1D-7CB99FCA2FEA},0,,1A4529F4-1ADF-41CC-AC1D-7CB99FCA2FEA,Unknown,,W,,,St,W Ewing St,2023/09/12 23:03:18+00,2319 W Ewing St Los Angeles 90039,1A4529F4-1ADF-41CC-AC1D-7CB99FCA2FEA_2319_W_Ewing_St_Los_Angeles_90039,Ewing,2319 W Ewing Street St Los Angeles 90039,,,,
758559,1408814,,5422002018.0,,2312.0,,,West,,,Fargo,Street,,,,,,,,,,,,,90039.0,,Los Angeles,Los Angeles,,,,,LA City,{702B3F98-52AA-44D1-A042-50D84262FA52},0,,702B3F98-52AA-44D1-A042-50D84262FA52,Unknown,,W,,,St,W Fargo St,2023/09/12 23:03:18+00,2312 W Fargo St Los Angeles 90039,702B3F98-52AA-44D1-A042-50D84262FA52_2312_W_Fargo_St_Los_Angeles_90039,Fargo,2312 W Fargo Street St Los Angeles 90039,,,,
758560,1408815,,5422002018.0,,2310.0,,,West,,,Fargo,Street,,,,,,,,,,,,,90039.0,,Los Angeles,Los Angeles,,,,,LA City,{B338E60A-D88B-49A9-B6EA-662642EEEDCE},0,,B338E60A-D88B-49A9-B6EA-662642EEEDCE,Unknown,,W,,,St,W Fargo St,2023/09/12 23:03:18+00,2310 W Fargo St Los Angeles 90039,B338E60A-D88B-49A9-B6EA-662642EEEDCE_2310_W_Fargo_St_Los_Angeles_90039,Fargo,2310 W Fargo Street St Los Angeles 90039,,,,
758561,1408816,,5422002020.0,,2307.0,,,West,,,Ewing,Street,,,,,,,,,,,,,90039.0,,Los Angeles,Los Angeles,,,,,LA City,{7810B1C5-638C-461F-90D8-5BA2B9BEF04E},0,,7810B1C5-638C-461F-90D8-5BA2B9BEF04E,Unknown,,W,,,St,W Ewing St,2023/09/12 23:03:18+00,2307 W Ewing St Los Angeles 90039,7810B1C5-638C-461F-90D8-5BA2B9BEF04E_2307_W_Ewing_St_Los_Angeles_90039,Ewing,2307 W Ewing Street St Los Angeles 90039,,,,
758562,1408817,,5422002021.0,,2306.0,,,West,,,Fargo,Street,,,,,,,,,,,,,90039.0,,Los Angeles,Los Angeles,,,,,LA City,{4004C6B7-B219-4CA1-B814-0170A0F0C6CB},0,,4004C6B7-B219-4CA1-B814-0170A0F0C6CB,Unknown,,W,,,St,W Fargo St,2023/09/12 23:03:18+00,2306 W Fargo St Los Angeles 90039,4004C6B7-B219-4CA1-B814-0170A0F0C6CB_2306_W_Fargo_St_Los_Angeles_90039,Fargo,2306 W Fargo Street St Los Angeles 90039,,,,
758563,1408818,,5422002021.0,,2308.0,1/2,,West,,,Fargo,Street,,,,,,,,,,,,,90039.0,,Los Angeles,Los Angeles,,,,,LA City,{021F8658-16E1-458A-846A-111C348A949D},0,,021F8658-16E1-458A-846A-111C348A949D,Unknown,,W,,,St,W Fargo St,2024/05/12 21:05:27+00,2308 1/2 W Fargo St Los Angeles 90039,021F8658-16E1-458A-846A-111C348A949D_2308_1/2_W_Fargo_St_Los_Angeles_90039,Fargo,2308 1/2 W Fargo Street St Los Angeles 90039,,,,
758564,1408819,,5422002021.0,,2308.0,,,West,,,Fargo,Street,,,,,,,,,,,,,90039.0,,Los Angeles,Los Angeles,,,,,LA City,{E4930CCB-3EB5-4B47-9A7E-F1CE1ECA0F82},0,,E4930CCB-3EB5-4B47-9A7E-F1CE1ECA0F82,Unknown,,W,,,St,W Fargo St,2024/05/12 21:05:27+00,2308 W Fargo St Los Angeles 90039,E4930CCB-3EB5-4B47-9A7E-F1CE1ECA0F82_2308_W_Fargo_St_Los_Angeles_90039,Fargo,2308 W Fargo Street St Los Angeles 90039,,,,
758565,1408820,,5422002022.0,,2302.0,,,West,,,Fargo,Street,,,,,,,,,,,,,90039.0,,Los Angeles,Los Angeles,,,,,LA City,{BA431460-7EF6-4B3F-9341-EE5FBA538018},0,,BA431460-7EF6-4B3F-9341-EE5FBA538018,Unknown,,W,,,St,W Fargo St,2023/09/12 23:03:18+00,2302 W Fargo St Los Angeles 90039,BA431460-7EF6-4B3F-9341-EE5FBA538018_2302_W_Fargo_St_Los_Angeles_90039,Fargo,2302 W Fargo Street St Los Angeles 90039,,,,
758566,1408821,,5422002022.0,,2300.0,,,West,,,Fargo,Street,,,,,,,,,,,,,90039.0,,Los Angeles,Los Angeles,,,,,LA City,{634B773D-EDD8-4259-9D26-49F5A785A583},0,,634B773D-EDD8-4259-9D26-49F5A785A583,Unknown,,W,,,St,W Fargo St,2023/09/12 23:03:18+00,2300 W Fargo St Los Angeles 90039,634B773D-EDD8-4259-9D26-49F5A785A583_2300_W_Fargo_St_Los_Angeles_90039,Fargo,2300 W Fargo Street St Los Angeles 90039,,,,
758567,1408822,,5422002023.0,,1937.0,,,North,,,Apex,Avenue,,,,,,,,,,,,,90039.0,,Los Angeles,Los Angeles,,,,,LA City,{A6055D8D-D99A-4AB5-8162-4389AFA3C60B},0,,A6055D8D-D99A-4AB5-8162-4389AFA3C60B,Unknown,,N,,,Ave,N Apex Ave,2023/09/12 23:03:18+00,1937 N Apex Ave Los Angeles 90039,A6055D8D-D99A-4AB5-8162-4389AFA3C60B_1937_N_Apex_Ave_Los_Angeles_90039,Apex,1937 N Apex Avenue Ave Los Angeles 90039,,,,
758568,1408823,,5422002023.0,,1935.0,,,North,,,Apex,Avenue,,,,,,,,,,,,,90039.0,,Los Angeles,Los Angeles,,,,,LA City,{9AA502FA-8D08-4FCD-9A04-F8945FEC5403},0,,9AA502FA-8D08-4FCD-9A04-F8945FEC5403,Unknown,,N,,,Ave,N Apex Ave,2023/09/12 23:03:18+00,1935 N Apex Ave Los Angeles 90039,9AA502FA-8D08-4FCD-9A04-F8945FEC5403_1935_N_Apex_Ave_Los_Angeles_90039,Apex,1935 N Apex Avenue Ave Los Angeles 90039,,,,
758569,1408824,,5422002024.0,,2348.0,,,West,,,Fargo,Street,,,,,,,,,,,,,90039.0,,Los Angeles,Los Angeles,,,,,LA City,{35DAC454-A1F3-4083-A6F5-01340B0836E7},0,,35DAC454-A1F3-4083-A6F5-01340B0836E7,Unknown,,W,,,St,W Fargo St,2023/09/12 23:03:18+00,2348 W Fargo St Los Angeles 90039,35DAC454-A1F3-4083-A6F5-01340B0836E7_2348_W_Fargo_St_Los_Angeles_90039,Fargo,2348 W Fargo Street St Los Angeles 90039,,,,
758570,1408825,,5422002024.0,,1960.0,,,North,,,Rockford,Road,,,,,,,,,,,,,90039.0,,Los Angeles,Los Angeles,,,,,LA City,{B1FC27EC-522F-4669-8E26-F15261BA0268},0,,B1FC27EC-522F-4669-8E26-F15261BA0268,Unknown,,N,,,Rd,N Rockford Rd,2023/09/12 23:03:18+00,1960 N Rockford Rd Los Angeles 90039,B1FC27EC-522F-4669-8E26-F15261BA0268_1960_N_Rockford_Rd_Los_Angeles_90039,Rockford,1960 N Rockford Road Rd Los Angeles 90039,,,,
758571,1408826,,5422002025.0,,1948.0,,,North,,,Rockford,Road,,,,,,,,,,,,,90039.0,,Los Angeles,Los Angeles,,,,,LA City,{C67C5733-5D0F-4EF9-8115-097A474C0A74},0,,C67C5733-5D0F-4EF9-8115-097A474C0A74,Unknown,,N,,,Rd,N Rockford Rd,2023/09/12 23:03:18+00,1948 N Rockford Rd Los Angeles 90039,C67C5733-5D0F-4EF9-8115-097A474C0A74_1948_N_Rockford_Rd_Los_Angeles_90039,Rockford,1948 N Rockford Road Rd Los Angeles 90039,,,,
758572,1408827,,5422002026.0,,1942.0,,,North,,,Rockford,Road,,,,,,,,,,,,,90039.0,,Los Angeles,Los Angeles,,,,,LA City,{970E227C-9449-4FAF-9041-E98FAE7C59FD},0,,970E227C-9449-4FAF-9041-E98FAE7C59FD,Unknown,,N,,,Rd,N Rockford Rd,2023/09/12 23:03:18+00,1942 N Rockford Rd Los Angeles 90039,970E227C-9449-4FAF-9041-E98FAE7C59FD_1942_N_Rockford_Rd_Los_Angeles_90039,Rockford,1942 N Rockford Road Rd Los Angeles 90039,,,,
758573,1408828,,5422003001.0,,2364.0,,,West,,,Baxter,Street,,,,,,,,,,,,,90039.0,,Los Angeles,Los Angeles,,,,,LA City,{C30A0466-486C-4E57-9C0E-14C1444BC64C},0,,C30A0466-486C-4E57-9C0E-14C1444BC64C,Unknown,,W,,,St,W Baxter St,2023/09/12 23:03:18+00,2364 W Baxter St Los Angeles 90039,C30A0466-486C-4E57-9C0E-14C1444BC64C_2364_W_Baxter_St_Los_Angeles_90039,Baxter,2364 W Baxter Street St Los Angeles 90039,,,,
758574,1408829,,5422003001.0,,2024.0,,,,,,Rockford,Road,,,,,,,,,,,,,90039.0,,Los Angeles,Los Angeles,,,,,Assessor,{02045D3E-0743-4471-B1B2-D4EBB81CD81C},0,,02045D3E-0743-4471-B1B2-D4EBB81CD81C,Unknown,,,,,Rd,Rockford Rd,2024/04/27 17:13:09+00,2024 Rockford Rd Los Angeles 90039,02045D3E-0743-4471-B1B2-D4EBB81CD81C_2024_Rockford_Rd_Los_Angeles_90039,Rockford,2024 Rockford Road Rd Los Angeles 90039,,,,
758575,1408830,,5422003002.0,,2354.0,,,West,,,Baxter,Street,,,,,,,,,,,,,90039.0,,Los Angeles,Los Angeles,,,,,LA City,{25FBDBC0-4189-44A5-95B4-0ABC87949D1C},0,,25FBDBC0-4189-44A5-95B4-0ABC87949D1C,Unknown,,W,,,St,W Baxter St,2023/09/12 23:03:18+00,2354 W Baxter St Los Angeles 90039,25FBDBC0-4189-44A5-95B4-0ABC87949D1C_2354_W_Baxter_St_Los_Angeles_90039,Baxter,2354 W Baxter Street St Los Angeles 90039,,,,
758576,1408831,,5422003003.0,,2348.0,,,West,,,Baxter,Street,,,,,,,,,,,,,90039.0,,Los Angeles,Los Angeles,,,,,LA City,{4F21DCB8-6639-4AE6-A262-CBDF520ED4A8},0,,4F21DCB8-6639-4AE6-A262-CBDF520ED4A8,Unknown,,W,,,St,W Baxter St,2023/09/12 23:03:18+00,2348 W Baxter St Los Angeles 90039,4F21DCB8-6639-4AE6-A262-CBDF520ED4A8_2348_W_Baxter_St_Los_Angeles_90039,Baxter,2348 W Baxter Street St Los Angeles 90039,,,,
758577,1408832,,5422003004.0,,2016.0,,,North,,,Rockford,Road,,,,,,,,,,,,,90039.0,,Los Angeles,Los Angeles,,,,,LA City,{39776ECC-E621-4A21-9B61-85EA0C3329A0},0,,39776ECC-E621-4A21-9B61-85EA0C3329A0,Unknown,,N,,,Rd,N Rockford Rd,2023/09/12 23:03:18+00,2016 N Rockford Rd Los Angeles 90039,39776ECC-E621-4A21-9B61-85EA0C3329A0_2016_N_Rockford_Rd_Los_Angeles_90039,Rockford,2016 N Rockford Road Rd Los Angeles 90039,,,,
758578,1408833,,5422003005.0,,2012.0,,,North,,,Rockford,Road,,,,,,,,,,,,,90039.0,,Los Angeles,Los Angeles,,,,,LA City,{1F389E4D-FACE-4459-8E2E-85059BF49DE0},0,,1F389E4D-FACE-4459-8E2E-85059BF49DE0,Unknown,,N,,,Rd,N Rockford Rd,2023/09/12 23:03:18+00,2012 N Rockford Rd Los Angeles 90039,1F389E4D-FACE-4459-8E2E-85059BF49DE0_2012_N_Rockford_Rd_Los_Angeles_90039,Rockford,2012 N Rockford Road Rd Los Angeles 90039,,,,
758579,1408834,,5422003006.0,,2006.0,,,North,,,Rockford,Road,,,,,,,,,,,,,90039.0,,Los Angeles,Los Angeles,,,,,LA City,{38A1BDF5-6861-4C2C-8C87-6B035E267A48},0,,38A1BDF5-6861-4C2C-8C87-6B035E267A48,Unknown,,N,,,Rd,N Rockford Rd,2023/09/12 23:03:18+00,2006 N Rockford Rd Los Angeles 90039,38A1BDF5-6861-4C2C-8C87-6B035E267A48_2006_N_Rockford_Rd_Los_Angeles_90039,Rockford,2006 N Rockford Road Rd Los Angeles 90039,,,,
758580,1408835,,5422003007.0,,2000.0,,,North,,,Rockford,Road,,,,,,,,,,,,,90039.0,,Los Angeles,Los Angeles,,,,,LA City,{150A85BE-30AA-4062-8EF6-30497084DF45},0,,150A85BE-30AA-4062-8EF6-30497084DF45,Unknown,,N,,,Rd,N Rockford Rd,2023/09/12 23:03:18+00,2000 N Rockford Rd Los Angeles 90039,150A85BE-30AA-4062-8EF6-30497084DF45_2000_N_Rockford_Rd_Los_Angeles_90039,Rockford,2000 N Rockford Road Rd Los Angeles 90039,,,,
758581,1408836,,5422003007.0,,2341.0,,,,,,Fargo,Street,,,,,,,,,,,,,90039.0,,Los Angeles,Los Angeles,,,,,Assessor,{0E35A7D8-2BAD-48FD-B8F1-74221B3E5D71},0,,0E35A7D8-2BAD-48FD-B8F1-74221B3E5D71,Unknown,,,,,St,Fargo St,2024/04/27 17:13:09+00,2341 Fargo St Los Angeles 90039,0E35A7D8-2BAD-48FD-B8F1-74221B3E5D71_2341_Fargo_St_Los_Angeles_90039,Fargo,2341 Fargo Street St Los Angeles 90039,,,,
758582,1408837,,5422003013.0,,2333.0,,,West,,,Fargo,Street,,,,,,,,,,,,,90039.0,,Los Angeles,Los Angeles,,,,,LA City,{04B84044-2758-4749-A0D2-E017D17A48BA},0,,04B84044-2758-4749-A0D2-E017D17A48BA,Unknown,,W,,,St,W Fargo St,2023/09/12 23:03:18+00,2333 W Fargo St Los Angeles 90039,04B84044-2758-4749-A0D2-E017D17A48BA_2333_W_Fargo_St_Los_Angeles_90039,Fargo,2333 W Fargo Street St Los Angeles 90039,,,,
758583,1408838,,5422003014.0,,2327.0,,,West,,,Fargo,Street,,,,,,,,,,,,,90039.0,,Los Angeles,Los Angeles,,,,,LA City,{D69D6F1C-304E-4756-9B29-F68F8A2F0652},0,,D69D6F1C-304E-4756-9B29-F68F8A2F0652,Unknown,,W,,,St,W Fargo St,2023/09/12 23:03:18+00,2327 W Fargo St Los Angeles 90039,D69D6F1C-304E-4756-9B29-F68F8A2F0652_2327_W_Fargo_St_Los_Angeles_90039,Fargo,2327 W Fargo Street St Los Angeles 90039,,,,
758584,1408839,,5422003014.0,,2328.0,,,West,,,Baxter,Street,,,,,,,,,,,,,90039.0,,Los Angeles,Los Angeles,,,,,LA City,{4AEB6DBA-C37E-4136-9D83-9275953EA264},0,,4AEB6DBA-C37E-4136-9D83-9275953EA264,Unknown,,W,,,St,W Baxter St,2023/09/12 23:03:18+00,2328 W Baxter St Los Angeles 90039,4AEB6DBA-C37E-4136-9D83-9275953EA264_2328_W_Baxter_St_Los_Angeles_90039,Baxter,2328 W Baxter Street St Los Angeles 90039,,,,
758585,1408840,,5422003015.0,,2316.0,,,West,,,Baxter,Street,,,,,,,,,,,,,90039.0,,Los Angeles,Los Angeles,,,,,LA City,{88DEE37F-2D27-41B6-A933-739698AC85D8},0,,88DEE37F-2D27-41B6-A933-739698AC85D8,Unknown,,W,,,St,W Baxter St,2023/09/12 23:03:18+00,2316 W Baxter St Los Angeles 90039,88DEE37F-2D27-41B6-A933-739698AC85D8_2316_W_Baxter_St_Los_Angeles_90039,Baxter,2316 W Baxter Street St Los Angeles 90039,,,,
758586,1408841,,5422003016.0,,2319.0,,,West,,,Fargo,Street,,,,,,,,,,,,,90039.0,,Los Angeles,Los Angeles,,,,,LA City,{ACD3168B-3C96-4854-BAD7-8C4F6A615DA0},0,,ACD3168B-3C96-4854-BAD7-8C4F6A615DA0,Unknown,,W,,,St,W Fargo St,2023/09/12 23:03:18+00,2319 W Fargo St Los Angeles 90039,ACD3168B-3C96-4854-BAD7-8C4F6A615DA0_2319_W_Fargo_St_Los_Angeles_90039,Fargo,2319 W Fargo Street St Los Angeles 90039,,,,
758587,1408842,,5422003016.0,,2317.0,,,West,,,Fargo,Street,,,,,,,,,,,,,90039.0,,Los Angeles,Los Angeles,,,,,LA City,{A3E1EA9B-C54F-4460-9B2C-70401CC81FA7},0,,A3E1EA9B-C54F-4460-9B2C-70401CC81FA7,Unknown,,W,,,St,W Fargo St,2023/09/12 23:03:18+00,2317 W Fargo St Los Angeles 90039,A3E1EA9B-C54F-4460-9B2C-70401CC81FA7_2317_W_Fargo_St_Los_Angeles_90039,Fargo,2317 W Fargo Street St Los Angeles 90039,,,,
758588,1408843,,5422003016.0,,2321.0,,,West,,,Fargo,Street,,,,,,,,,,,,,90039.0,,Los Angeles,Los Angeles,,,,,LA City,{33B621DD-7BFE-438F-AF31-2721A595A769},0,,33B621DD-7BFE-438F-AF31-2721A595A769,Unknown,,W,,,St,W Fargo St,2023/09/12 23:03:18+00,2321 W Fargo St Los Angeles 90039,33B621DD-7BFE-438F-AF31-2721A595A769_2321_W_Fargo_St_Los_Angeles_90039,Fargo,2321 W Fargo Street St Los Angeles 90039,,,,
758589,1408844,,5422003016.0,,2315.0,,,West,,,Fargo,Street,,,,,,,,,,,,,90039.0,,Los Angeles,Los Angeles,,,,,LA City,{D2EF63B9-E0D0-4715-86AE-2006E6E4917B},0,,D2EF63B9-E0D0-4715-86AE-2006E6E4917B,Unknown,,W,,,St,W Fargo St,2023/09/12 23:03:18+00,2315 W Fargo St Los Angeles 90039,D2EF63B9-E0D0-4715-86AE-2006E6E4917B_2315_W_Fargo_St_Los_Angeles_90039,Fargo,2315 W Fargo Street St Los Angeles 90039,,,,
758590,1408845,,5422003018.0,,2311.0,,,West,,,Fargo,Street,,,,,,,,,,,,,90039.0,,Los Angeles,Los Angeles,,,,,LA City,{CF31D1CC-4E36-4658-B31E-E03A1763E661},0,,CF31D1CC-4E36-4658-B31E-E03A1763E661,Unknown,,W,,,St,W Fargo St,2023/09/12 23:03:18+00,2311 W Fargo St Los Angeles 90039,CF31D1CC-4E36-4658-B31E-E03A1763E661_2311_W_Fargo_St_Los_Angeles_90039,Fargo,2311 W Fargo Street St Los Angeles 90039,,,,
758591,1408846,,5422003019.0,,2309.0,,,West,,,Fargo,Street,,,,,,,,,,,,,90039.0,,Los Angeles,Los Angeles,,,,,LA City,{0E0C7530-9BF6-4997-B18A-A70316C6876F},0,,0E0C7530-9BF6-4997-B18A-A70316C6876F,Unknown,,W,,,St,W Fargo St,2023/09/12 23:03:18+00,2309 W Fargo St Los Angeles 90039,0E0C7530-9BF6-4997-B18A-A70316C6876F_2309_W_Fargo_St_Los_Angeles_90039,Fargo,2309 W Fargo Street St Los Angeles 90039,,,,
758592,1408847,,5422003019.0,,2307.0,,,West,,,Fargo,Street,,,,,,,,,,,,,90039.0,,Los Angeles,Los Angeles,,,,,LA City,{E0CFA7B7-8060-4FCA-9D76-01AAB7F3B058},0,,E0CFA7B7-8060-4FCA-9D76-01AAB7F3B058,Unknown,,W,,,St,W Fargo St,2024/05/12 21:05:27+00,2307 W Fargo St Los Angeles 90039,E0CFA7B7-8060-4FCA-9D76-01AAB7F3B058_2307_W_Fargo_St_Los_Angeles_90039,Fargo,2307 W Fargo Street St Los Angeles 90039,,,,
758593,1408848,,5422003019.0,,2307.0,1/2,,West,,,Fargo,Street,,,,,,,,,,,,,90039.0,,Los Angeles,Los Angeles,,,,,LA City,{5E937CF2-B41F-496D-BF56-B1A6DE0A894A},0,,5E937CF2-B41F-496D-BF56-B1A6DE0A894A,Unknown,,W,,,St,W Fargo St,2024/05/12 21:05:27+00,2307 1/2 W Fargo St Los Angeles 90039,5E937CF2-B41F-496D-BF56-B1A6DE0A894A_2307_1/2_W_Fargo_St_Los_Angeles_90039,Fargo,2307 1/2 W Fargo Street St Los Angeles 90039,,,,
758594,1408849,,5422003021.0,,2300.0,,,West,,,Baxter,Street,,,,,,,,,,,,,90039.0,,Los Angeles,Los Angeles,,,,,LA City,{0E19330B-1158-4D4D-8AEA-4D7835161B84},0,,0E19330B-1158-4D4D-8AEA-4D7835161B84,Unknown,,W,,,St,W Baxter St,2023/09/12 23:03:18+00,2300 W Baxter St Los Angeles 90039,0E19330B-1158-4D4D-8AEA-4D7835161B84_2300_W_Baxter_St_Los_Angeles_90039,Baxter,2300 W Baxter Street St Los Angeles 90039,,,,
758595,1408850,,5422003023.0,,2312.0,,,West,,,Baxter,Street,,,,,,,,,,,,,90039.0,,Los Angeles,Los Angeles,,,,,LA City,{ABBD322A-B7E9-4A5A-B278-6C5C06AC8A3E},0,,ABBD322A-B7E9-4A5A-B278-6C5C06AC8A3E,Unknown,,W,,,St,W Baxter St,2023/09/12 23:03:18+00,2312 W Baxter St Los Angeles 90039,ABBD322A-B7E9-4A5A-B278-6C5C06AC8A3E_2312_W_Baxter_St_Los_Angeles_90039,Baxter,2312 W Baxter Street St Los Angeles 90039,,,,
758596,1408851,,5422003024.0,,2338.0,,,West,,,Baxter,Street,,,,,,,,,,,,,90039.0,,Los Angeles,Los Angeles,,,,,LA City,{A792E161-208A-4F9B-B928-1CF5A1CD4186},0,,A792E161-208A-4F9B-B928-1CF5A1CD4186,Unknown,,W,,,St,W Baxter St,2023/09/12 23:03:18+00,2338 W Baxter St Los Angeles 90039,A792E161-208A-4F9B-B928-1CF5A1CD4186_2338_W_Baxter_St_Los_Angeles_90039,Baxter,2338 W Baxter Street St Los Angeles 90039,,,,
758597,1408852,,5422003025.0,,2337.0,,,West,,,Fargo,Street,,,,,,,,,,,,,90039.0,,Los Angeles,Los Angeles,,,,,LA City,{CA7535B9-61D9-4ED9-91DB-F1FE456AF3BD},0,,CA7535B9-61D9-4ED9-91DB-F1FE456AF3BD,Unknown,,W,,,St,W Fargo St,2023/09/12 23:03:18+00,2337 W Fargo St Los Angeles 90039,CA7535B9-61D9-4ED9-91DB-F1FE456AF3BD_2337_W_Fargo_St_Los_Angeles_90039,Fargo,2337 W Fargo Street St Los Angeles 90039,,,,
758598,1408853,,5422004002.0,,1939.0,,,North,,,Rockford,Road,,,,,,,,,,,,,90039.0,,Los Angeles,Los Angeles,,,,,LA City,{73B85A1B-8948-4F6E-97ED-48B20F4F9616},0,,73B85A1B-8948-4F6E-97ED-48B20F4F9616,Unknown,,N,,,Rd,N Rockford Rd,2023/09/12 23:03:18+00,1939 N Rockford Rd Los Angeles 90039,73B85A1B-8948-4F6E-97ED-48B20F4F9616_1939_N_Rockford_Rd_Los_Angeles_90039,Rockford,1939 N Rockford Road Rd Los Angeles 90039,,,,
758599,1408854,,5422004003.0,,1949.0,,,North,,,Rockford,Road,,,,,,,,,,,,,90039.0,,Los Angeles,Los Angeles,,,,,LA City,{43208B9B-F992-4858-A552-90694AF756EB},0,,43208B9B-F992-4858-A552-90694AF756EB,Unknown,,N,,,Rd,N Rockford Rd,2023/09/12 23:03:18+00,1949 N Rockford Rd Los Angeles 90039,43208B9B-F992-4858-A552-90694AF756EB_1949_N_Rockford_Rd_Los_Angeles_90039,Rockford,1949 N Rockford Road Rd Los Angeles 90039,,,,
758600,1408855,,5422004004.0,,1953.0,,,North,,,Rockford,Road,,,,,,,,,,,,,90039.0,,Los Angeles,Los Angeles,,,,,LA City,{E083C083-ACE3-44D3-B723-D17960C2262B},0,,E083C083-ACE3-44D3-B723-D17960C2262B,Unknown,,N,,,Rd,N Rockford Rd,2023/09/12 23:03:18+00,1953 N Rockford Rd Los Angeles 90039,E083C083-ACE3-44D3-B723-D17960C2262B_1953_N_Rockford_Rd_Los_Angeles_90039,Rockford,1953 N Rockford Road Rd Los Angeles 90039,,,,
758601,1408856,,5422004005.0,,1957.0,,,North,,,Rockford,Road,,,,,,,,,,,,,90039.0,,Los Angeles,Los Angeles,,,,,LA City,{2CC42038-99CB-4E1B-8A52-2ECB7FCD26E9},0,,2CC42038-99CB-4E1B-8A52-2ECB7FCD26E9,Unknown,,N,,,Rd,N Rockford Rd,2023/09/12 23:03:18+00,1957 N Rockford Rd Los Angeles 90039,2CC42038-99CB-4E1B-8A52-2ECB7FCD26E9_1957_N_Rockford_Rd_Los_Angeles_90039,Rockford,1957 N Rockford Road Rd Los Angeles 90039,,,,
758602,1408857,,5422004006.0,,1961.0,,,North,,,Rockford,Road,,,,,,,,,,,,,90039.0,,Los Angeles,Los Angeles,,,,,LA City,{2C67F509-4D64-415F-BDFB-319A1A8E4DD6},0,,2C67F509-4D64-415F-BDFB-319A1A8E4DD6,Unknown,,N,,,Rd,N Rockford Rd,2023/09/12 23:03:18+00,1961 N Rockford Rd Los Angeles 90039,2C67F509-4D64-415F-BDFB-319A1A8E4DD6_1961_N_Rockford_Rd_Los_Angeles_90039,Rockford,1961 N Rockford Road Rd Los Angeles 90039,,,,
758603,1408858,,5422004007.0,,1965.0,,,North,,,Rockford,Road,,,,,,,,,,,,,90039.0,,Los Angeles,Los Angeles,,,,,LA City,{1372ED3C-2C27-4FE7-935F-687122924FC5},0,,1372ED3C-2C27-4FE7-935F-687122924FC5,Unknown,,N,,,Rd,N Rockford Rd,2023/09/12 23:03:18+00,1965 N Rockford Rd Los Angeles 90039,1372ED3C-2C27-4FE7-935F-687122924FC5_1965_N_Rockford_Rd_Los_Angeles_90039,Rockford,1965 N Rockford Road Rd Los Angeles 90039,,,,
758604,1408859,,5422004008.0,,2001.0,,,North,,,Rockford,Road,,,,,,,,,,,,,90039.0,,Los Angeles,Los Angeles,,,,,LA City,{56F7CE76-60BC-4955-A38D-7393A5B85A6C},0,,56F7CE76-60BC-4955-A38D-7393A5B85A6C,Unknown,,N,,,Rd,N Rockford Rd,2023/09/12 23:03:18+00,2001 N Rockford Rd Los Angeles 90039,56F7CE76-60BC-4955-A38D-7393A5B85A6C_2001_N_Rockford_Rd_Los_Angeles_90039,Rockford,2001 N Rockford Road Rd Los Angeles 90039,,,,
758605,1408860,,5422004009.0,,2006.0,,,North,,,Silver Lake,Boulevard,,,,,,,,,,,,,90039.0,,Los Angeles,Los Angeles,,,,,LA City,{0B950DE1-BB9A-4666-AE43-C81A783C6045},0,,0B950DE1-BB9A-4666-AE43-C81A783C6045,Unknown,,N,,,Blvd,N Silver Lake Blvd,2023/09/12 23:03:18+00,2006 N Silver Lake Blvd Los Angeles 90039,0B950DE1-BB9A-4666-AE43-C81A783C6045_2006_N_Silver_Lake_Blvd_Los_Angeles_90039,Silver Lake,2006 N Silver Lake Boulevard Blvd Los Angeles 90039,,,,
758606,1408861,,5422004009.0,,2007.0,,,,,,Rockford,Road,,,,,,,,,,,,,90039.0,,Los Angeles,Los Angeles,,,,,Assessor,{7B9321D2-5F2E-4784-94D3-27223B0ADF3B},0,,7B9321D2-5F2E-4784-94D3-27223B0ADF3B,Unknown,,,,,Rd,Rockford Rd,2024/04/27 17:13:09+00,2007 Rockford Rd Los Angeles 90039,7B9321D2-5F2E-4784-94D3-27223B0ADF3B_2007_Rockford_Rd_Los_Angeles_90039,Rockford,2007 Rockford Road Rd Los Angeles 90039,,,,
758607,1408862,,5422004012.0,,2015.0,,,North,,,Rockford,Road,,,,,,,,,,,,,90039.0,,Los Angeles,Los Angeles,,,,,LA City,{85CC5CF2-6E4D-4A98-91E6-F79B5B269FFB},0,,85CC5CF2-6E4D-4A98-91E6-F79B5B269FFB,Unknown,,N,,,Rd,N Rockford Rd,2023/09/12 23:03:18+00,2015 N Rockford Rd Los Angeles 90039,85CC5CF2-6E4D-4A98-91E6-F79B5B269FFB_2015_N_Rockford_Rd_Los_Angeles_90039,Rockford,2015 N Rockford Road Rd Los Angeles 90039,,,,
758608,1408863,,5422005001.0,,2307.0,,,West,,,Baxter,Street,,,,,,,,,,,,,90039.0,,Los Angeles,Los Angeles,,,,,LA City,{C4C047A0-5F95-460E-829E-3E0DCB94823B},0,,C4C047A0-5F95-460E-829E-3E0DCB94823B,Unknown,,W,,,St,W Baxter St,2023/09/12 23:03:18+00,2307 W Baxter St Los Angeles 90039,C4C047A0-5F95-460E-829E-3E0DCB94823B_2307_W_Baxter_St_Los_Angeles_90039,Baxter,2307 W Baxter Street St Los Angeles 90039,,,,
758609,1408864,,5422005001.0,,2101.0,,,North,,,Apex,Avenue,,,,,,,,,,,,,90039.0,,Los Angeles,Los Angeles,,,,,LA City,{F49C938E-D204-4C3B-BCA2-34367D603D5F},0,,F49C938E-D204-4C3B-BCA2-34367D603D5F,Unknown,,N,,,Ave,N Apex Ave,2023/09/12 23:03:18+00,2101 N Apex Ave Los Angeles 90039,F49C938E-D204-4C3B-BCA2-34367D603D5F_2101_N_Apex_Ave_Los_Angeles_90039,Apex,2101 N Apex Avenue Ave Los Angeles 90039,,,,
758610,1408865,,5422005002.0,,2107.0,,,North,,,Apex,Avenue,,,,,,,,,,,,,90039.0,,Los Angeles,Los Angeles,,,,,LA City,{1DBCF265-E6FA-469E-97DF-E036A53A5ADC},0,,1DBCF265-E6FA-469E-97DF-E036A53A5ADC,Unknown,,N,,,Ave,N Apex Ave,2023/09/12 23:03:18+00,2107 N Apex Ave Los Angeles 90039,1DBCF265-E6FA-469E-97DF-E036A53A5ADC_2107_N_Apex_Ave_Los_Angeles_90039,Apex,2107 N Apex Avenue Ave Los Angeles 90039,,,,
758611,1408866,,5422005002.0,,2105.0,,,North,,,Apex,Avenue,,,,,,,,,,,,,90039.0,,Los Angeles,Los Angeles,,,,,LA City,{4E5CC860-546A-47F9-80F9-C1DDC09E4832},0,,4E5CC860-546A-47F9-80F9-C1DDC09E4832,Unknown,,N,,,Ave,N Apex Ave,2023/09/12 23:03:18+00,2105 N Apex Ave Los Angeles 90039,4E5CC860-546A-47F9-80F9-C1DDC09E4832_2105_N_Apex_Ave_Los_Angeles_90039,Apex,2105 N Apex Avenue Ave Los Angeles 90039,,,,
758612,1408867,,5422005002.0,,2109.0,,,North,,,Apex,Avenue,,,,,,,,,,,,,90039.0,,Los Angeles,Los Angeles,,,,,LA City,{494B9BCD-CAE2-43D3-BCAA-F2306E3FC2F2},0,,494B9BCD-CAE2-43D3-BCAA-F2306E3FC2F2,Unknown,,N,,,Ave,N Apex Ave,2023/09/12 23:03:18+00,2109 N Apex Ave Los Angeles 90039,494B9BCD-CAE2-43D3-BCAA-F2306E3FC2F2_2109_N_Apex_Ave_Los_Angeles_90039,Apex,2109 N Apex Avenue Ave Los Angeles 90039,,,,
758613,1408868,,5422005003.0,,2111.0,,,North,,,Apex,Avenue,,,,,,,,,,,,,90039.0,,Los Angeles,Los Angeles,,,,,LA City,{FD11707B-6467-4A3A-8112-4184C9C4F958},0,,FD11707B-6467-4A3A-8112-4184C9C4F958,Unknown,,N,,,Ave,N Apex Ave,2023/09/12 23:03:18+00,2111 N Apex Ave Los Angeles 90039,FD11707B-6467-4A3A-8112-4184C9C4F958_2111_N_Apex_Ave_Los_Angeles_90039,Apex,2111 N Apex Avenue Ave Los Angeles 90039,,,,
758614,1408869,,5422005004.0,,2311.0,,,West,,,Baxter,Street,,,,,,,,,,,,,90039.0,,Los Angeles,Los Angeles,,,,,LA City,{E1D9A9E0-FA91-45C6-8D7D-03016E6FB029},0,,E1D9A9E0-FA91-45C6-8D7D-03016E6FB029,Unknown,,W,,,St,W Baxter St,2023/09/12 23:03:18+00,2311 W Baxter St Los Angeles 90039,E1D9A9E0-FA91-45C6-8D7D-03016E6FB029_2311_W_Baxter_St_Los_Angeles_90039,Baxter,2311 W Baxter Street St Los Angeles 90039,,,,
758615,1408870,,5422005005.0,,2319.0,,,West,,,Baxter,Street,,,,,,,,,,,,,90039.0,,Los Angeles,Los Angeles,,,,,LA City,{7BB74124-4C18-4EAB-BE07-09541ECD83E1},0,,7BB74124-4C18-4EAB-BE07-09541ECD83E1,Unknown,,W,,,St,W Baxter St,2023/09/12 23:03:18+00,2319 W Baxter St Los Angeles 90039,7BB74124-4C18-4EAB-BE07-09541ECD83E1_2319_W_Baxter_St_Los_Angeles_90039,Baxter,2319 W Baxter Street St Los Angeles 90039,,,,
758616,1408871,,5422005005.0,,2317.0,,,West,,,Baxter,Street,,,,,,,,,,,,,90039.0,,Los Angeles,Los Angeles,,,,,LA City,{0A159D65-610B-49DE-8369-4F9682C739EC},0,,0A159D65-610B-49DE-8369-4F9682C739EC,Unknown,,W,,,St,W Baxter St,2023/09/12 23:03:18+00,2317 W Baxter St Los Angeles 90039,0A159D65-610B-49DE-8369-4F9682C739EC_2317_W_Baxter_St_Los_Angeles_90039,Baxter,2317 W Baxter Street St Los Angeles 90039,,,,
758617,1408872,,5422005007.0,,2331.0,,,West,,,Baxter,Street,,,,,,,,,,,,,90039.0,,Los Angeles,Los Angeles,,,,,LA City,{75F7E78A-DCB2-42D7-ACEE-788BC93480CD},0,,75F7E78A-DCB2-42D7-ACEE-788BC93480CD,Unknown,,W,,,St,W Baxter St,2023/09/12 23:03:18+00,2331 W Baxter St Los Angeles 90039,75F7E78A-DCB2-42D7-ACEE-788BC93480CD_2331_W_Baxter_St_Los_Angeles_90039,Baxter,2331 W Baxter Street St Los Angeles 90039,,,,
758618,1408873,,5422005007.0,,2329.0,,,West,,,Baxter,Street,,,,,,,,,,,,,90039.0,,Los Angeles,Los Angeles,,,,,LA City,{573E7EC3-93B9-4E35-9F22-A2143A59C912},0,,573E7EC3-93B9-4E35-9F22-A2143A59C912,Unknown,,W,,,St,W Baxter St,2023/09/12 23:03:18+00,2329 W Baxter St Los Angeles 90039,573E7EC3-93B9-4E35-9F22-A2143A59C912_2329_W_Baxter_St_Los_Angeles_90039,Baxter,2329 W Baxter Street St Los Angeles 90039,,,,
758619,1408874,,5422005008.0,,2335.0,,,West,,,Baxter,Street,,,,,,,,,,,,,90039.0,,Los Angeles,Los Angeles,,,,,LA City,{3DE07C9F-0963-467C-A837-8F35D476F897},0,,3DE07C9F-0963-467C-A837-8F35D476F897,Unknown,,W,,,St,W Baxter St,2023/09/12 23:03:18+00,2335 W Baxter St Los Angeles 90039,3DE07C9F-0963-467C-A837-8F35D476F897_2335_W_Baxter_St_Los_Angeles_90039,Baxter,2335 W Baxter Street St Los Angeles 90039,,,,
758620,1408875,,5422005008.0,,2333.0,,,West,,,Baxter,Street,,,,,,,,,,,,,90039.0,,Los Angeles,Los Angeles,,,,,LA City,{D7361CE9-53D0-44A4-9DAD-8BFEA7B70DEB},0,,D7361CE9-53D0-44A4-9DAD-8BFEA7B70DEB,Unknown,,W,,,St,W Baxter St,2023/09/12 23:03:18+00,2333 W Baxter St Los Angeles 90039,D7361CE9-53D0-44A4-9DAD-8BFEA7B70DEB_2333_W_Baxter_St_Los_Angeles_90039,Baxter,2333 W Baxter Street St Los Angeles 90039,,,,
758621,1408876,,5422005009.0,,2337.0,,,West,,,Baxter,Street,,,,,,,,,,,,,90039.0,,Los Angeles,Los Angeles,,,,,LA City,{8DAB4F76-FFA9-4AB0-B367-FE63F3AF5B1C},0,,8DAB4F76-FFA9-4AB0-B367-FE63F3AF5B1C,Unknown,,W,,,St,W Baxter St,2023/09/12 23:03:18+00,2337 W Baxter St Los Angeles 90039,8DAB4F76-FFA9-4AB0-B367-FE63F3AF5B1C_2337_W_Baxter_St_Los_Angeles_90039,Baxter,2337 W Baxter Street St Los Angeles 90039,,,,
758622,1408877,,5422005010.0,,2343.0,,,West,,,Baxter,Street,,,,,,,,,,,,,90039.0,,Los Angeles,Los Angeles,,,,,LA City,{3F673A7B-602F-4862-B91D-1A256198AF26},0,,3F673A7B-602F-4862-B91D-1A256198AF26,Unknown,,W,,,St,W Baxter St,2023/09/12 23:03:18+00,2343 W Baxter St Los Angeles 90039,3F673A7B-602F-4862-B91D-1A256198AF26_2343_W_Baxter_St_Los_Angeles_90039,Baxter,2343 W Baxter Street St Los Angeles 90039,,,,
758623,1408878,,5422005011.0,,2349.0,,,West,,,Baxter,Street,,,,,,,,,,,,,90039.0,,Los Angeles,Los Angeles,,,,,LA City,{F77B7184-48BE-4383-A979-FC43D2CCF0B6},0,,F77B7184-48BE-4383-A979-FC43D2CCF0B6,Unknown,,W,,,St,W Baxter St,2023/09/12 23:03:18+00,2349 W Baxter St Los Angeles 90039,F77B7184-48BE-4383-A979-FC43D2CCF0B6_2349_W_Baxter_St_Los_Angeles_90039,Baxter,2349 W Baxter Street St Los Angeles 90039,,,,
758624,1408879,,5422005013.0,,2120.0,,,North,,,Rockford,Road,,,,,,,,,,,,,90039.0,,Los Angeles,Los Angeles,,,,,LA City,{506DABB0-A991-4B1D-A8BC-75C17C5CD292},0,,506DABB0-A991-4B1D-A8BC-75C17C5CD292,Unknown,,N,,,Rd,N Rockford Rd,2023/09/12 23:03:18+00,2120 N Rockford Rd Los Angeles 90039,506DABB0-A991-4B1D-A8BC-75C17C5CD292_2120_N_Rockford_Rd_Los_Angeles_90039,Rockford,2120 N Rockford Road Rd Los Angeles 90039,,,,
758625,1408880,,5422005015.0,,2362.0,,,West,,,Cove,Avenue,,,,,,,,,,,,,90039.0,,Los Angeles,Los Angeles,,,,,LA City,{584CA123-DF5A-414E-834A-DC00642672C3},0,,584CA123-DF5A-414E-834A-DC00642672C3,Unknown,,W,,,Ave,W Cove Ave,2023/09/12 23:03:18+00,2362 W Cove Ave Los Angeles 90039,584CA123-DF5A-414E-834A-DC00642672C3_2362_W_Cove_Ave_Los_Angeles_90039,Cove,2362 W Cove Avenue Ave Los Angeles 90039,,,,
758626,1408881,,5422005015.0,,2360.0,,,West,,,Cove,Avenue,,,,,,,,,,,,,90039.0,,Los Angeles,Los Angeles,,,,,LA City,{92078485-6989-4787-8C5C-BA9A62D8F7CA},0,,92078485-6989-4787-8C5C-BA9A62D8F7CA,Unknown,,W,,,Ave,W Cove Ave,2023/09/12 23:03:18+00,2360 W Cove Ave Los Angeles 90039,92078485-6989-4787-8C5C-BA9A62D8F7CA_2360_W_Cove_Ave_Los_Angeles_90039,Cove,2360 W Cove Avenue Ave Los Angeles 90039,,,,
758627,1408882,,5422005016.0,,2352.0,,,West,,,Cove,Avenue,,,,,,,,,,,,,90039.0,,Los Angeles,Los Angeles,,,,,LA City,{32B2555B-AF26-4DC5-895C-C2FE2EB46146},0,,32B2555B-AF26-4DC5-895C-C2FE2EB46146,Unknown,,W,,,Ave,W Cove Ave,2023/09/12 23:03:18+00,2352 W Cove Ave Los Angeles 90039,32B2555B-AF26-4DC5-895C-C2FE2EB46146_2352_W_Cove_Ave_Los_Angeles_90039,Cove,2352 W Cove Avenue Ave Los Angeles 90039,,,,
758628,1408883,,5422005016.0,,2354.0,,,West,,,Cove,Avenue,,,,,,,,,,,,,90039.0,,Los Angeles,Los Angeles,,,,,LA City,{60B5D620-3061-49DA-975F-DEBEFE7BFF36},0,,60B5D620-3061-49DA-975F-DEBEFE7BFF36,Unknown,,W,,,Ave,W Cove Ave,2023/09/12 23:03:18+00,2354 W Cove Ave Los Angeles 90039,60B5D620-3061-49DA-975F-DEBEFE7BFF36_2354_W_Cove_Ave_Los_Angeles_90039,Cove,2354 W Cove Avenue Ave Los Angeles 90039,,,,
758629,1408884,,5422005018.0,,2338.0,,,West,,,Cove,Avenue,,,,,,,,,,,,,90039.0,,Los Angeles,Los Angeles,,,,,LA City,{F432FE49-5FE9-4922-A384-7E584CC1E28E},0,,F432FE49-5FE9-4922-A384-7E584CC1E28E,Unknown,,W,,,Ave,W Cove Ave,2023/09/12 23:03:18+00,2338 W Cove Ave Los Angeles 90039,F432FE49-5FE9-4922-A384-7E584CC1E28E_2338_W_Cove_Ave_Los_Angeles_90039,Cove,2338 W Cove Avenue Ave Los Angeles 90039,,,,
758630,1408885,,5422005018.0,,2340.0,,,West,,,Cove,Avenue,,,,,,,,,,,,,90039.0,,Los Angeles,Los Angeles,,,,,LA City,{CA3653C8-A672-4916-902A-049326382106},0,,CA3653C8-A672-4916-902A-049326382106,Unknown,,W,,,Ave,W Cove Ave,2023/09/12 23:03:18+00,2340 W Cove Ave Los Angeles 90039,CA3653C8-A672-4916-902A-049326382106_2340_W_Cove_Ave_Los_Angeles_90039,Cove,2340 W Cove Avenue Ave Los Angeles 90039,,,,
758631,1408886,,5422005022.0,,2318.0,,,West,,,Cove,Avenue,,,,,,,,,,,,,90039.0,,Los Angeles,Los Angeles,,,,,LA City,{2431F1F0-9117-4F76-A61A-9BE5EC850015},0,,2431F1F0-9117-4F76-A61A-9BE5EC850015,Unknown,,W,,,Ave,W Cove Ave,2023/09/12 23:03:18+00,2318 W Cove Ave Los Angeles 90039,2431F1F0-9117-4F76-A61A-9BE5EC850015_2318_W_Cove_Ave_Los_Angeles_90039,Cove,2318 W Cove Avenue Ave Los Angeles 90039,,,,
758632,1408887,,5422005023.0,,2314.0,,,West,,,Cove,Avenue,,,,,,,,,,,,,90039.0,,Los Angeles,Los Angeles,,,,,LA City,{E567C67C-8C1C-45D1-BA23-79623BE747DD},0,,E567C67C-8C1C-45D1-BA23-79623BE747DD,Unknown,,W,,,Ave,W Cove Ave,2023/09/12 23:03:18+00,2314 W Cove Ave Los Angeles 90039,E567C67C-8C1C-45D1-BA23-79623BE747DD_2314_W_Cove_Ave_Los_Angeles_90039,Cove,2314 W Cove Avenue Ave Los Angeles 90039,,,,
758633,1408888,,5422005025.0,,2117.0,,,North,,,Apex,Avenue,,,,,,,,,,,,,90039.0,,Los Angeles,Los Angeles,,,,,LA City,{87E842B8-3A3A-46C3-A925-2DB749FD7A05},0,,87E842B8-3A3A-46C3-A925-2DB749FD7A05,Unknown,,N,,,Ave,N Apex Ave,2023/09/12 23:03:18+00,2117 N Apex Ave Los Angeles 90039,87E842B8-3A3A-46C3-A925-2DB749FD7A05_2117_N_Apex_Ave_Los_Angeles_90039,Apex,2117 N Apex Avenue Ave Los Angeles 90039,,,,
758634,1408889,,5422005026.0,,2121.0,,,North,,,Apex,Avenue,,,,,,,,,,,,,90039.0,,Los Angeles,Los Angeles,,,,,LA City,{56833ACF-9A13-4AA8-A646-F319F6054C1E},0,,56833ACF-9A13-4AA8-A646-F319F6054C1E,Unknown,,N,,,Ave,N Apex Ave,2023/09/12 23:03:18+00,2121 N Apex Ave Los Angeles 90039,56833ACF-9A13-4AA8-A646-F319F6054C1E_2121_N_Apex_Ave_Los_Angeles_90039,Apex,2121 N Apex Avenue Ave Los Angeles 90039,,,,
758635,1408890,,5422005027.0,,2312.0,,,West,,,Cove,Avenue,,,,,,,,,,,,,90039.0,,Los Angeles,Los Angeles,,,,,LA City,{8A44D2B4-2812-4862-BD36-6D7416AD2E26},0,,8A44D2B4-2812-4862-BD36-6D7416AD2E26,Unknown,,W,,,Ave,W Cove Ave,2023/09/12 23:03:18+00,2312 W Cove Ave Los Angeles 90039,8A44D2B4-2812-4862-BD36-6D7416AD2E26_2312_W_Cove_Ave_Los_Angeles_90039,Cove,2312 W Cove Avenue Ave Los Angeles 90039,,,,
758636,1408891,,5422005028.0,,2310.0,,,West,,,Cove,Avenue,,,,,,,,,,,,,90039.0,,Los Angeles,Los Angeles,,,,,LA City,{60EA4AB6-CD9D-4C0E-B004-B52E1DA761DC},0,,60EA4AB6-CD9D-4C0E-B004-B52E1DA761DC,Unknown,,W,,,Ave,W Cove Ave,2023/09/12 23:03:18+00,2310 W Cove Ave Los Angeles 90039,60EA4AB6-CD9D-4C0E-B004-B52E1DA761DC_2310_W_Cove_Ave_Los_Angeles_90039,Cove,2310 W Cove Avenue Ave Los Angeles 90039,,,,
758637,1408892,,5422005029.0,,2328.0,,,West,,,Cove,Avenue,,,,,,,,,,,,,90039.0,,Los Angeles,Los Angeles,,,,,LA City,{07A0DF3B-0DD1-4503-980E-CC7FEECB55C2},0,,07A0DF3B-0DD1-4503-980E-CC7FEECB55C2,Unknown,,W,,,Ave,W Cove Ave,2023/09/12 23:03:18+00,2328 W Cove Ave Los Angeles 90039,07A0DF3B-0DD1-4503-980E-CC7FEECB55C2_2328_W_Cove_Ave_Los_Angeles_90039,Cove,2328 W Cove Avenue Ave Los Angeles 90039,,,,
758638,1408893,,5422005029.0,,2330.0,,,West,,,Cove,Avenue,,,,,,,,,,,,,90039.0,,Los Angeles,Los Angeles,,,,,LA City,{BAC5B16C-EF9C-42F0-9723-C0FC86D8959B},0,,BAC5B16C-EF9C-42F0-9723-C0FC86D8959B,Unknown,,W,,,Ave,W Cove Ave,2023/09/12 23:03:18+00,2330 W Cove Ave Los Angeles 90039,BAC5B16C-EF9C-42F0-9723-C0FC86D8959B_2330_W_Cove_Ave_Los_Angeles_90039,Cove,2330 W Cove Avenue Ave Los Angeles 90039,,,,
758639,1408894,,5422005031.0,,2106.0,,,North,,,Rockford,Road,,,,,,,,,,,,,90039.0,,Los Angeles,Los Angeles,,,,,LA City,{2A0C8AEA-0A07-4D78-B1A1-89F36701AF3B},0,,2A0C8AEA-0A07-4D78-B1A1-89F36701AF3B,Unknown,,N,,,Rd,N Rockford Rd,2023/09/12 23:03:18+00,2106 N Rockford Rd Los Angeles 90039,2A0C8AEA-0A07-4D78-B1A1-89F36701AF3B_2106_N_Rockford_Rd_Los_Angeles_90039,Rockford,2106 N Rockford Road Rd Los Angeles 90039,,,,
758640,1408895,,5422005033.0,,2346.0,,,West,,,Cove,Avenue,,,,,,,,,,,,,90039.0,,Los Angeles,Los Angeles,,,,,LA City,{BA764561-6F1F-4F94-A21F-7A4C2B2E87A0},0,,BA764561-6F1F-4F94-A21F-7A4C2B2E87A0,Unknown,,W,,,Ave,W Cove Ave,2023/09/12 23:03:18+00,2346 W Cove Ave Los Angeles 90039,BA764561-6F1F-4F94-A21F-7A4C2B2E87A0_2346_W_Cove_Ave_Los_Angeles_90039,Cove,2346 W Cove Avenue Ave Los Angeles 90039,,,,
758641,1408896,,5422005033.0,,2348.0,,,West,,,Cove,Avenue,,,,,,,,,,,,,90039.0,,Los Angeles,Los Angeles,,,,,LA City,{2C8D4394-32D7-40A5-ADC8-4BC3C7468DDC},0,,2C8D4394-32D7-40A5-ADC8-4BC3C7468DDC,Unknown,,W,,,Ave,W Cove Ave,2023/09/12 23:03:18+00,2348 W Cove Ave Los Angeles 90039,2C8D4394-32D7-40A5-ADC8-4BC3C7468DDC_2348_W_Cove_Ave_Los_Angeles_90039,Cove,2348 W Cove Avenue Ave Los Angeles 90039,,,,
758642,1408897,,5422005034.0,,2344.0,,,West,,,Cove,Avenue,,,,,,,,,,,,,90039.0,,Los Angeles,Los Angeles,,,,,LA City,{65D6DBCA-5362-4646-9263-893FD6DB2B14},0,,65D6DBCA-5362-4646-9263-893FD6DB2B14,Unknown,,W,,,Ave,W Cove Ave,2023/09/12 23:03:18+00,2344 W Cove Ave Los Angeles 90039,65D6DBCA-5362-4646-9263-893FD6DB2B14_2344_W_Cove_Ave_Los_Angeles_90039,Cove,2344 W Cove Avenue Ave Los Angeles 90039,,,,
758643,1408898,,5422005034.0,,2342.0,,,West,,,Cove,Avenue,,,,,,,,,,,,,90039.0,,Los Angeles,Los Angeles,,,,,LA City,{9E36FC0C-70CF-44AF-B38D-0BF67A35F77B},0,,9E36FC0C-70CF-44AF-B38D-0BF67A35F77B,Unknown,,W,,,Ave,W Cove Ave,2023/09/12 23:03:18+00,2342 W Cove Ave Los Angeles 90039,9E36FC0C-70CF-44AF-B38D-0BF67A35F77B_2342_W_Cove_Ave_Los_Angeles_90039,Cove,2342 W Cove Avenue Ave Los Angeles 90039,,,,
758644,1408899,,5422006001.0,,2201.0,,,North,,,Glendale,Boulevard,,,,,,,,,,,,,90039.0,,Los Angeles,Los Angeles,,,,,LA City,{A7E06966-1768-4130-B84E-47C6B0D2B072},0,,A7E06966-1768-4130-B84E-47C6B0D2B072,Unknown,,N,,,Blvd,N Glendale Blvd,2023/09/12 23:03:18+00,2201 N Glendale Blvd Los Angeles 90039,A7E06966-1768-4130-B84E-47C6B0D2B072_2201_N_Glendale_Blvd_Los_Angeles_90039,Glendale,2201 N Glendale Boulevard Blvd Los Angeles 90039,,,,
758645,1408900,,5422006001.0,,2205.0,,,North,,,Apex,Avenue,,,,,,,,,,,,,90039.0,,Los Angeles,Los Angeles,,,,,LA City,{F41604DD-5BA9-48C2-A710-EDE5BB9364B4},0,,F41604DD-5BA9-48C2-A710-EDE5BB9364B4,Unknown,,N,,,Ave,N Apex Ave,2023/09/12 23:03:18+00,2205 N Apex Ave Los Angeles 90039,F41604DD-5BA9-48C2-A710-EDE5BB9364B4_2205_N_Apex_Ave_Los_Angeles_90039,Apex,2205 N Apex Avenue Ave Los Angeles 90039,,,,
758646,1408901,,5422006003.0,,2207.0,,,North,,,Apex,Avenue,,,,,,,,,,,,,90039.0,,Los Angeles,Los Angeles,,,,,LA City,{DB74040C-A808-4093-B21B-5040962495B8},0,,DB74040C-A808-4093-B21B-5040962495B8,Unknown,,N,,,Ave,N Apex Ave,2023/09/12 23:03:18+00,2207 N Apex Ave Los Angeles 90039,DB74040C-A808-4093-B21B-5040962495B8_2207_N_Apex_Ave_Los_Angeles_90039,Apex,2207 N Apex Avenue Ave Los Angeles 90039,,,,
758647,1408902,,5422006003.0,,2209.0,,,North,,,Apex,Avenue,,,,,,,,,,,,,90039.0,,Los Angeles,Los Angeles,,,,,LA City,{0912E106-1F3B-4DAE-98C5-167141F0F02C},0,,0912E106-1F3B-4DAE-98C5-167141F0F02C,Unknown,,N,,,Ave,N Apex Ave,2023/09/12 23:03:18+00,2209 N Apex Ave Los Angeles 90039,0912E106-1F3B-4DAE-98C5-167141F0F02C_2209_N_Apex_Ave_Los_Angeles_90039,Apex,2209 N Apex Avenue Ave Los Angeles 90039,,,,
758648,1408903,,5422006007.0,,2317.0,,,West,,,Cove,Avenue,,,,,,,,,,,,,90039.0,,Los Angeles,Los Angeles,,,,,LA City,{5ACED02B-EDCB-4993-808E-0135A31D0619},0,,5ACED02B-EDCB-4993-808E-0135A31D0619,Unknown,,W,,,Ave,W Cove Ave,2023/09/12 23:03:18+00,2317 W Cove Ave Los Angeles 90039,5ACED02B-EDCB-4993-808E-0135A31D0619_2317_W_Cove_Ave_Los_Angeles_90039,Cove,2317 W Cove Avenue Ave Los Angeles 90039,,,,
758649,1408904,,5422006007.0,,2315.0,,,,,,Cove,Avenue,,,,,,,,,,,,,90039.0,,Los Angeles,Los Angeles,,,,,Assessor,{15CFAF4B-BA1F-48B4-9AC4-E243EB509896},0,,15CFAF4B-BA1F-48B4-9AC4-E243EB509896,Unknown,,,,,Ave,Cove Ave,2024/04/27 17:13:09+00,2315 Cove Ave Los Angeles 90039,15CFAF4B-BA1F-48B4-9AC4-E243EB509896_2315_Cove_Ave_Los_Angeles_90039,Cove,2315 Cove Avenue Ave Los Angeles 90039,,,,
758650,1408905,,5422006008.0,,2319.0,,,West,,,Cove,Avenue,,,,,,,,,,,,,90039.0,,Los Angeles,Los Angeles,,,,,LA City,{F4717E1A-F903-440F-9542-EA6324D85FDF},0,,F4717E1A-F903-440F-9542-EA6324D85FDF,Unknown,,W,,,Ave,W Cove Ave,2023/09/12 23:03:18+00,2319 W Cove Ave Los Angeles 90039,F4717E1A-F903-440F-9542-EA6324D85FDF_2319_W_Cove_Ave_Los_Angeles_90039,Cove,2319 W Cove Avenue Ave Los Angeles 90039,,,,
758651,1408906,,5422006009.0,,2325.0,1/2,,West,,,Cove,Avenue,,,,,,,,,,,,,90039.0,,Los Angeles,Los Angeles,,,,,LA City,{E047390C-A439-4038-A6BA-489FE7E4E76C},0,,E047390C-A439-4038-A6BA-489FE7E4E76C,Unknown,,W,,,Ave,W Cove Ave,2024/05/12 21:05:27+00,2325 1/2 W Cove Ave Los Angeles 90039,E047390C-A439-4038-A6BA-489FE7E4E76C_2325_1/2_W_Cove_Ave_Los_Angeles_90039,Cove,2325 1/2 W Cove Avenue Ave Los Angeles 90039,,,,
758652,1408907,,5422006009.0,,2325.0,,,West,,,Cove,Avenue,,,,,,,,,,,,,90039.0,,Los Angeles,Los Angeles,,,,,LA City,{C77BEFDD-EA35-4586-85F9-466D758E87E2},0,,C77BEFDD-EA35-4586-85F9-466D758E87E2,Unknown,,W,,,Ave,W Cove Ave,2024/05/12 21:05:27+00,2325 W Cove Ave Los Angeles 90039,C77BEFDD-EA35-4586-85F9-466D758E87E2_2325_W_Cove_Ave_Los_Angeles_90039,Cove,2325 W Cove Avenue Ave Los Angeles 90039,,,,
758653,1408908,,5422006010.0,,2331.0,,,West,,,Cove,Avenue,,,,,,,,,,,,,90039.0,,Los Angeles,Los Angeles,,,,,LA City,{D8C215A1-DECC-42B7-8589-37C2E3010E46},0,,D8C215A1-DECC-42B7-8589-37C2E3010E46,Unknown,,W,,,Ave,W Cove Ave,2023/09/12 23:03:18+00,2331 W Cove Ave Los Angeles 90039,D8C215A1-DECC-42B7-8589-37C2E3010E46_2331_W_Cove_Ave_Los_Angeles_90039,Cove,2331 W Cove Avenue Ave Los Angeles 90039,,,,
758654,1408909,,5422006011.0,,2341.0,1/2,,West,,,Cove,Avenue,,,,,,,,,,,,,90039.0,,Los Angeles,Los Angeles,,,,,LA City,{22859247-C2AB-43FF-B96F-472ACB37300C},0,,22859247-C2AB-43FF-B96F-472ACB37300C,Unknown,,W,,,Ave,W Cove Ave,2024/05/12 21:05:27+00,2341 1/2 W Cove Ave Los Angeles 90039,22859247-C2AB-43FF-B96F-472ACB37300C_2341_1/2_W_Cove_Ave_Los_Angeles_90039,Cove,2341 1/2 W Cove Avenue Ave Los Angeles 90039,,,,
758655,1408910,,5422006011.0,,2341.0,,,West,,,Cove,Avenue,,,,,,,,,,,,,90039.0,,Los Angeles,Los Angeles,,,,,LA City,{8AFE6609-3B7C-4623-B8BC-3C328B2AFBF4},0,,8AFE6609-3B7C-4623-B8BC-3C328B2AFBF4,Unknown,,W,,,Ave,W Cove Ave,2024/05/12 21:05:27+00,2341 W Cove Ave Los Angeles 90039,8AFE6609-3B7C-4623-B8BC-3C328B2AFBF4_2341_W_Cove_Ave_Los_Angeles_90039,Cove,2341 W Cove Avenue Ave Los Angeles 90039,,,,
758656,1408911,,5422006017.0,,2371.0,,,West,,,Cove,Avenue,,,,,,,,,,,,,90039.0,,Los Angeles,Los Angeles,,,,,LA City,{E90AF98C-17AC-4E91-8EB8-FE1156F4754B},0,,E90AF98C-17AC-4E91-8EB8-FE1156F4754B,Unknown,,W,,,Ave,W Cove Ave,2023/09/12 23:03:18+00,2371 W Cove Ave Los Angeles 90039,E90AF98C-17AC-4E91-8EB8-FE1156F4754B_2371_W_Cove_Ave_Los_Angeles_90039,Cove,2371 W Cove Avenue Ave Los Angeles 90039,,,,
758657,1408912,,5422006018.0,,2430.0,,,West,,,Loma Vista,Place,,,,,,,,,,,,,90039.0,,Los Angeles,Los Angeles,,,,,LA City,{E6C5A2AE-91E8-46D1-894A-84DF291B5086},0,,E6C5A2AE-91E8-46D1-894A-84DF291B5086,Unknown,,W,,,Pl,W Loma Vista Pl,2023/09/12 23:03:18+00,2430 W Loma Vista Pl Los Angeles 90039,E6C5A2AE-91E8-46D1-894A-84DF291B5086_2430_W_Loma_Vista_Pl_Los_Angeles_90039,Loma Vista,2430 W Loma Vista Place Pl Los Angeles 90039,,,,
758658,1408913,,5422006019.0,,2424.0,,,West,,,Loma Vista,Place,,,,,,,,,,,,,90039.0,,Los Angeles,Los Angeles,,,,,LA City,{C56925CA-7251-41CE-907D-88A566AEBB7D},0,,C56925CA-7251-41CE-907D-88A566AEBB7D,Unknown,,W,,,Pl,W Loma Vista Pl,2023/09/12 23:03:18+00,2424 W Loma Vista Pl Los Angeles 90039,C56925CA-7251-41CE-907D-88A566AEBB7D_2424_W_Loma_Vista_Pl_Los_Angeles_90039,Loma Vista,2424 W Loma Vista Place Pl Los Angeles 90039,,,,
758659,1408914,,5422006020.0,,2420.0,,,West,,,Loma Vista,Place,,,,,,,,,,,,,90039.0,,Los Angeles,Los Angeles,,,,,LA City,{CF2F6DC0-F93D-448F-B44B-0490909C2E1E},0,,CF2F6DC0-F93D-448F-B44B-0490909C2E1E,Unknown,,W,,,Pl,W Loma Vista Pl,2023/09/12 23:03:18+00,2420 W Loma Vista Pl Los Angeles 90039,CF2F6DC0-F93D-448F-B44B-0490909C2E1E_2420_W_Loma_Vista_Pl_Los_Angeles_90039,Loma Vista,2420 W Loma Vista Place Pl Los Angeles 90039,,,,
758660,1408915,,5422006021.0,,2416.0,,,West,,,Loma Vista,Place,,,,,,,,,,,,,90039.0,,Los Angeles,Los Angeles,,,,,LA City,{C19C6B94-A8C5-4BE6-A768-E57B11FBC194},0,,C19C6B94-A8C5-4BE6-A768-E57B11FBC194,Unknown,,W,,,Pl,W Loma Vista Pl,2023/09/12 23:03:18+00,2416 W Loma Vista Pl Los Angeles 90039,C19C6B94-A8C5-4BE6-A768-E57B11FBC194_2416_W_Loma_Vista_Pl_Los_Angeles_90039,Loma Vista,2416 W Loma Vista Place Pl Los Angeles 90039,,,,
758661,1408916,,5422006021.0,,2418.0,,,West,,,Loma Vista,Place,,,,,,,,,,,,,90039.0,,Los Angeles,Los Angeles,,,,,LA City,{B4125E11-BA91-4583-A5D2-C9DB6C8CCB1B},0,,B4125E11-BA91-4583-A5D2-C9DB6C8CCB1B,Unknown,,W,,,Pl,W Loma Vista Pl,2023/09/12 23:03:18+00,2418 W Loma Vista Pl Los Angeles 90039,B4125E11-BA91-4583-A5D2-C9DB6C8CCB1B_2418_W_Loma_Vista_Pl_Los_Angeles_90039,Loma Vista,2418 W Loma Vista Place Pl Los Angeles 90039,,,,
758662,1408917,,5422006026.0,,2361.0,,,West,,,Cove,Avenue,,,,,,,,,,,,,90039.0,,Los Angeles,Los Angeles,,,,,LA City,{7FED3499-C0B7-4054-8AF8-CB51EDA6AB8C},0,,7FED3499-C0B7-4054-8AF8-CB51EDA6AB8C,Unknown,,W,,,Ave,W Cove Ave,2023/09/12 23:03:18+00,2361 W Cove Ave Los Angeles 90039,7FED3499-C0B7-4054-8AF8-CB51EDA6AB8C_2361_W_Cove_Ave_Los_Angeles_90039,Cove,2361 W Cove Avenue Ave Los Angeles 90039,,,,
758663,1408918,,5422006026.0,,2355.0,,,West,,,Cove,Avenue,,,,,,,,,,,,,90039.0,,Los Angeles,Los Angeles,,,,,LA City,{0CF9C1F3-ED52-477E-B73A-F8D18727829C},0,,0CF9C1F3-ED52-477E-B73A-F8D18727829C,Unknown,,W,,,Ave,W Cove Ave,2023/09/12 23:03:18+00,2355 W Cove Ave Los Angeles 90039,0CF9C1F3-ED52-477E-B73A-F8D18727829C_2355_W_Cove_Ave_Los_Angeles_90039,Cove,2355 W Cove Avenue Ave Los Angeles 90039,,,,
758664,1408919,,5422006027.0,,2365.0,,,West,,,Cove,Avenue,,,,,,,,,,,,,90039.0,,Los Angeles,Los Angeles,,,,,LA City,{1C440D46-1285-48C4-BD92-697FB5DD98A5},0,,1C440D46-1285-48C4-BD92-697FB5DD98A5,Unknown,,W,,,Ave,W Cove Ave,2023/09/12 23:03:18+00,2365 W Cove Ave Los Angeles 90039,1C440D46-1285-48C4-BD92-697FB5DD98A5_2365_W_Cove_Ave_Los_Angeles_90039,Cove,2365 W Cove Avenue Ave Los Angeles 90039,,,,
758665,1408920,,5422006028.0,,2347.0,,,West,,,Cove,Avenue,,,,,,,,,,,,,90039.0,,Los Angeles,Los Angeles,,,,,LA City,{B8E9A891-8274-4A84-9DF4-6B005D8FDCD8},0,,B8E9A891-8274-4A84-9DF4-6B005D8FDCD8,Unknown,,W,,,Ave,W Cove Ave,2023/09/12 23:03:18+00,2347 W Cove Ave Los Angeles 90039,B8E9A891-8274-4A84-9DF4-6B005D8FDCD8_2347_W_Cove_Ave_Los_Angeles_90039,Cove,2347 W Cove Avenue Ave Los Angeles 90039,,,,
758666,1408921,,5422006028.0,,2345.0,,,West,,,Cove,Avenue,,,,,,,,,,,,,90039.0,,Los Angeles,Los Angeles,,,,,LA City,{015DD8F4-CE38-4531-BF6B-A8902B5EF21F},0,,015DD8F4-CE38-4531-BF6B-A8902B5EF21F,Unknown,,W,,,Ave,W Cove Ave,2023/09/12 23:03:18+00,2345 W Cove Ave Los Angeles 90039,015DD8F4-CE38-4531-BF6B-A8902B5EF21F_2345_W_Cove_Ave_Los_Angeles_90039,Cove,2345 W Cove Avenue Ave Los Angeles 90039,,,,
758667,1408922,,5422006029.0,,2343.0,,,,,,Cove,Avenue,,,,,,,,,,,,,90039.0,,Los Angeles,Los Angeles,,,,,Assessor,{7B11635D-D67C-4DA9-8845-4CD3134573AD},0,,7B11635D-D67C-4DA9-8845-4CD3134573AD,Unknown,,,,,Ave,Cove Ave,2024/04/27 17:13:09+00,2343 Cove Ave Los Angeles 90039,7B11635D-D67C-4DA9-8845-4CD3134573AD_2343_Cove_Ave_Los_Angeles_90039,Cove,2343 Cove Avenue Ave Los Angeles 90039,,,,
758668,1408923,,5422006034.0,,2229.0,,,North,,,Jerome,Way,,,,,,,,,,,,,90039.0,,Los Angeles,Los Angeles,,,,,LA City,{6AEEA2B9-54CA-4CB6-8848-CC01E2817EA5},0,,6AEEA2B9-54CA-4CB6-8848-CC01E2817EA5,Unknown,,N,,,Wy,N Jerome Wy,2023/09/12 23:03:18+00,2229 N Jerome Wy Los Angeles 90039,6AEEA2B9-54CA-4CB6-8848-CC01E2817EA5_2229_N_Jerome_Wy_Los_Angeles_90039,Jerome,2229 N Jerome Way Wy Los Angeles 90039,,,,
758669,1408924,,5422006036.0,,2212.0,,,North,,,Jerome,Way,,,,,,,,,,,,,90039.0,,Los Angeles,Los Angeles,,,,,LA City,{C26833AA-4E39-477B-BAEE-6D8819BAFF18},0,,C26833AA-4E39-477B-BAEE-6D8819BAFF18,Unknown,,N,,,Wy,N Jerome Wy,2023/09/12 23:03:18+00,2212 N Jerome Wy Los Angeles 90039,C26833AA-4E39-477B-BAEE-6D8819BAFF18_2212_N_Jerome_Wy_Los_Angeles_90039,Jerome,2212 N Jerome Way Wy Los Angeles 90039,,,,
758670,1408925,,5422006037.0,,2215.0,,,North,,,Glendale,Boulevard,,,,,,,,,,,,,90039.0,,Los Angeles,Los Angeles,,,,,LA City,{32FF417B-33FF-4FCF-B42A-C23EEF17ED54},0,,32FF417B-33FF-4FCF-B42A-C23EEF17ED54,Unknown,,N,,,Blvd,N Glendale Blvd,2023/09/12 23:03:18+00,2215 N Glendale Blvd Los Angeles 90039,32FF417B-33FF-4FCF-B42A-C23EEF17ED54_2215_N_Glendale_Blvd_Los_Angeles_90039,Glendale,2215 N Glendale Boulevard Blvd Los Angeles 90039,,,,
758671,1408926,,5422006038.0,,2219.0,,,North,,,Glendale,Boulevard,,,,,,,,,,,,,90039.0,,Los Angeles,Los Angeles,,,,,LA City,{F0EF4741-97BA-4CFF-B9EF-78975DB2E668},0,,F0EF4741-97BA-4CFF-B9EF-78975DB2E668,Unknown,,N,,,Blvd,N Glendale Blvd,2023/09/12 23:03:18+00,2219 N Glendale Blvd Los Angeles 90039,F0EF4741-97BA-4CFF-B9EF-78975DB2E668_2219_N_Glendale_Blvd_Los_Angeles_90039,Glendale,2219 N Glendale Boulevard Blvd Los Angeles 90039,,,,
758672,1408927,,5422006039.0,,2223.0,,,North,,,Glendale,Boulevard,,,,,,,,,,,,,90039.0,,Los Angeles,Los Angeles,,,,,LA City,{26A5EF49-9B7C-4D16-963A-37BE4B80C631},0,,26A5EF49-9B7C-4D16-963A-37BE4B80C631,Unknown,,N,,,Blvd,N Glendale Blvd,2023/09/12 23:03:18+00,2223 N Glendale Blvd Los Angeles 90039,26A5EF49-9B7C-4D16-963A-37BE4B80C631_2223_N_Glendale_Blvd_Los_Angeles_90039,Glendale,2223 N Glendale Boulevard Blvd Los Angeles 90039,,,,
758673,1408928,,5422006040.0,,2227.0,,,North,,,Glendale,Boulevard,,,,,,,,,,,,,90039.0,,Los Angeles,Los Angeles,,,,,LA City,{30FC5B43-86EF-4312-9C34-C46B990E5B6E},0,,30FC5B43-86EF-4312-9C34-C46B990E5B6E,Unknown,,N,,,Blvd,N Glendale Blvd,2023/09/12 23:03:18+00,2227 N Glendale Blvd Los Angeles 90039,30FC5B43-86EF-4312-9C34-C46B990E5B6E_2227_N_Glendale_Blvd_Los_Angeles_90039,Glendale,2227 N Glendale Boulevard Blvd Los Angeles 90039,,,,
758674,1408929,,5422006041.0,,2231.0,,,North,,,Glendale,Boulevard,,,,,,,,,,,,,90039.0,,Los Angeles,Los Angeles,,,,,LA City,{905976AB-1764-4C51-8FA0-AE8514C00F78},0,,905976AB-1764-4C51-8FA0-AE8514C00F78,Unknown,,N,,,Blvd,N Glendale Blvd,2023/09/12 23:03:18+00,2231 N Glendale Blvd Los Angeles 90039,905976AB-1764-4C51-8FA0-AE8514C00F78_2231_N_Glendale_Blvd_Los_Angeles_90039,Glendale,2231 N Glendale Boulevard Blvd Los Angeles 90039,,,,
758675,1408930,,5422006042.0,,2213.0,,,North,,,Jerome,Way,,,,,,,,,,,,,90039.0,,Los Angeles,Los Angeles,,,,,LA City,{2867F381-02FF-47E1-B82F-2029BFAA7050},0,,2867F381-02FF-47E1-B82F-2029BFAA7050,Unknown,,N,,,Wy,N Jerome Wy,2023/09/12 23:03:18+00,2213 N Jerome Wy Los Angeles 90039,2867F381-02FF-47E1-B82F-2029BFAA7050_2213_N_Jerome_Wy_Los_Angeles_90039,Jerome,2213 N Jerome Way Wy Los Angeles 90039,,,,
758676,1408931,,5422006043.0,,2217.0,,,North,,,Jerome,Way,,,,,,,,,,,,,90039.0,,Los Angeles,Los Angeles,,,,,LA City,{BFCDBDAD-FEB0-4EE6-9BCB-2E41405B3197},0,,BFCDBDAD-FEB0-4EE6-9BCB-2E41405B3197,Unknown,,N,,,Wy,N Jerome Wy,2023/09/12 23:03:18+00,2217 N Jerome Wy Los Angeles 90039,BFCDBDAD-FEB0-4EE6-9BCB-2E41405B3197_2217_N_Jerome_Wy_Los_Angeles_90039,Jerome,2217 N Jerome Way Wy Los Angeles 90039,,,,
758677,1408932,,5422006044.0,,2221.0,,,North,,,Jerome,Way,,,,,,,,,,,,,90039.0,,Los Angeles,Los Angeles,,,,,LA City,{B0EEA9E6-76C3-4606-A472-A04677D4C0E9},0,,B0EEA9E6-76C3-4606-A472-A04677D4C0E9,Unknown,,N,,,Wy,N Jerome Wy,2023/09/12 23:03:18+00,2221 N Jerome Wy Los Angeles 90039,B0EEA9E6-76C3-4606-A472-A04677D4C0E9_2221_N_Jerome_Wy_Los_Angeles_90039,Jerome,2221 N Jerome Way Wy Los Angeles 90039,,,,
758678,1408933,,5422006046.0,,2309.0,,,West,,,Cove,Avenue,,,,,,,,,,,,,90039.0,,Los Angeles,Los Angeles,,,,,LA City,{29CA079D-2466-4F56-9888-E2AF9020EA47},0,,29CA079D-2466-4F56-9888-E2AF9020EA47,Unknown,,W,,,Ave,W Cove Ave,2023/09/12 23:03:18+00,2309 W Cove Ave Los Angeles 90039,29CA079D-2466-4F56-9888-E2AF9020EA47_2309_W_Cove_Ave_Los_Angeles_90039,Cove,2309 W Cove Avenue Ave Los Angeles 90039,,,,
758679,1408934,,5422006046.0,,2311.0,,,West,,,Cove,Avenue,,,,,,,,,,,,,90039.0,,Los Angeles,Los Angeles,,,,,LA City,{2D90BA58-EC0D-4A2E-82EE-AE44F59417B1},0,,2D90BA58-EC0D-4A2E-82EE-AE44F59417B1,Unknown,,W,,,Ave,W Cove Ave,2023/09/12 23:03:18+00,2311 W Cove Ave Los Angeles 90039,2D90BA58-EC0D-4A2E-82EE-AE44F59417B1_2311_W_Cove_Ave_Los_Angeles_90039,Cove,2311 W Cove Avenue Ave Los Angeles 90039,,,,
758680,1408935,,5422007001.0,,2242.0,,,North,,,Silver Lake,Boulevard,,,,,,,,,,,,,90039.0,,Los Angeles,Los Angeles,,,,,LA City,{65E05AF9-E862-4C68-8027-7CFC36690B80},0,,65E05AF9-E862-4C68-8027-7CFC36690B80,Unknown,,N,,,Blvd,N Silver Lake Blvd,2023/09/12 23:03:18+00,2242 N Silver Lake Blvd Los Angeles 90039,65E05AF9-E862-4C68-8027-7CFC36690B80_2242_N_Silver_Lake_Blvd_Los_Angeles_90039,Silver Lake,2242 N Silver Lake Boulevard Blvd Los Angeles 90039,,,,
758681,1408936,,5422007002.0,,2238.0,,,North,,,Silver Lake,Boulevard,,,,,,,,,,,,,90039.0,,Los Angeles,Los Angeles,,,,,LA City,{24552A42-7715-4CDE-A5D0-19195F8F380C},0,,24552A42-7715-4CDE-A5D0-19195F8F380C,Unknown,,N,,,Blvd,N Silver Lake Blvd,2023/09/12 23:03:18+00,2238 N Silver Lake Blvd Los Angeles 90039,24552A42-7715-4CDE-A5D0-19195F8F380C_2238_N_Silver_Lake_Blvd_Los_Angeles_90039,Silver Lake,2238 N Silver Lake Boulevard Blvd Los Angeles 90039,,,,
758682,1408937,,5422007003.0,,2232.0,,,North,,,Silver Lake,Boulevard,,,,,,,,,,,,,90039.0,,Los Angeles,Los Angeles,,,,,LA City,{90669DBA-8828-4C2C-A4A0-E19C8E1C7C30},0,,90669DBA-8828-4C2C-A4A0-E19C8E1C7C30,Unknown,,N,,,Blvd,N Silver Lake Blvd,2023/09/12 23:03:18+00,2232 N Silver Lake Blvd Los Angeles 90039,90669DBA-8828-4C2C-A4A0-E19C8E1C7C30_2232_N_Silver_Lake_Blvd_Los_Angeles_90039,Silver Lake,2232 N Silver Lake Boulevard Blvd Los Angeles 90039,,,,
758683,1408938,,5422007004.0,,2226.0,,,North,,,Silver Lake,Boulevard,,,,,,,,,,,,,90039.0,,Los Angeles,Los Angeles,,,,,LA City,{98D55B83-1D8F-48D9-A52B-5D0689008A32},0,,98D55B83-1D8F-48D9-A52B-5D0689008A32,Unknown,,N,,,Blvd,N Silver Lake Blvd,2023/09/12 23:03:18+00,2226 N Silver Lake Blvd Los Angeles 90039,98D55B83-1D8F-48D9-A52B-5D0689008A32_2226_N_Silver_Lake_Blvd_Los_Angeles_90039,Silver Lake,2226 N Silver Lake Boulevard Blvd Los Angeles 90039,,,,
758684,1408939,,5422007005.0,,2217.0,,,North,,,Neutra,Place,,,,,,,,,,,,,90039.0,,Los Angeles,Los Angeles,,,,,LA City,{2C0BA9A2-11C6-4A66-9107-7DD4B89F3384},0,,2C0BA9A2-11C6-4A66-9107-7DD4B89F3384,Unknown,,N,,,Pl,N Neutra Pl,2023/09/12 23:03:18+00,2217 N Neutra Pl Los Angeles 90039,2C0BA9A2-11C6-4A66-9107-7DD4B89F3384_2217_N_Neutra_Pl_Los_Angeles_90039,Neutra,2217 N Neutra Place Pl Los Angeles 90039,,,,
758685,1408940,,5422007006.0,,2211.0,,,North,,,Neutra,Place,,,,,,,,,,,,,90039.0,,Los Angeles,Los Angeles,,,,,LA City,{7D3DA318-82B3-4B7D-89C3-DF0C407E00A1},0,,7D3DA318-82B3-4B7D-89C3-DF0C407E00A1,Unknown,,N,,,Pl,N Neutra Pl,2023/09/12 23:03:18+00,2211 N Neutra Pl Los Angeles 90039,7D3DA318-82B3-4B7D-89C3-DF0C407E00A1_2211_N_Neutra_Pl_Los_Angeles_90039,Neutra,2211 N Neutra Place Pl Los Angeles 90039,,,,
758686,1408941,,5422007006.0,,2214.0,,,North,,,Silver Lake,Boulevard,,,,,,,,,,,,,90039.0,,Los Angeles,Los Angeles,,,,,LA City,{86F87068-0821-455D-8C6F-A8689049120E},0,,86F87068-0821-455D-8C6F-A8689049120E,Unknown,,N,,,Blvd,N Silver Lake Blvd,2023/09/12 23:03:18+00,2214 N Silver Lake Blvd Los Angeles 90039,86F87068-0821-455D-8C6F-A8689049120E_2214_N_Silver_Lake_Blvd_Los_Angeles_90039,Silver Lake,2214 N Silver Lake Boulevard Blvd Los Angeles 90039,,,,
758687,1408942,,5422007007.0,,2208.0,,,North,,,Silver Lake,Boulevard,,,,,,,,,,,,,90039.0,,Los Angeles,Los Angeles,,,,,LA City,{EF4C5EE7-9097-4B69-9B6C-1DDC9A10B33F},0,,EF4C5EE7-9097-4B69-9B6C-1DDC9A10B33F,Unknown,,N,,,Blvd,N Silver Lake Blvd,2023/09/12 23:03:18+00,2208 N Silver Lake Blvd Los Angeles 90039,EF4C5EE7-9097-4B69-9B6C-1DDC9A10B33F_2208_N_Silver_Lake_Blvd_Los_Angeles_90039,Silver Lake,2208 N Silver Lake Boulevard Blvd Los Angeles 90039,,,,
758688,1408943,,5422007009.0,,2200.0,,,North,,,Neutra,Place,,,,,,,,,,,,,90039.0,,Los Angeles,Los Angeles,,,,,LA City,{F4E49119-F847-4B5A-A817-9FEE382925E8},0,,F4E49119-F847-4B5A-A817-9FEE382925E8,Unknown,,N,,,Pl,N Neutra Pl,2023/09/12 23:03:18+00,2200 N Neutra Pl Los Angeles 90039,F4E49119-F847-4B5A-A817-9FEE382925E8_2200_N_Neutra_Pl_Los_Angeles_90039,Neutra,2200 N Neutra Place Pl Los Angeles 90039,,,,
758689,1408944,,5422007010.0,,2210.0,,,North,,,Neutra,Place,,,,,,,,,,,,,90039.0,,Los Angeles,Los Angeles,,,,,LA City,{91C1FFEE-54E2-4D60-960F-7B0C7D5C7F52},0,,91C1FFEE-54E2-4D60-960F-7B0C7D5C7F52,Unknown,,N,,,Pl,N Neutra Pl,2023/09/12 23:03:18+00,2210 N Neutra Pl Los Angeles 90039,91C1FFEE-54E2-4D60-960F-7B0C7D5C7F52_2210_N_Neutra_Pl_Los_Angeles_90039,Neutra,2210 N Neutra Place Pl Los Angeles 90039,,,,
758690,1408945,,5422007011.0,,2218.0,,,North,,,Neutra,Place,,,,,,,,,,,,,90039.0,,Los Angeles,Los Angeles,,,,,LA City,{3B07520B-C96A-49EF-8E1A-B7DE92112F26},0,,3B07520B-C96A-49EF-8E1A-B7DE92112F26,Unknown,,N,,,Pl,N Neutra Pl,2023/09/12 23:03:18+00,2218 N Neutra Pl Los Angeles 90039,3B07520B-C96A-49EF-8E1A-B7DE92112F26_2218_N_Neutra_Pl_Los_Angeles_90039,Neutra,2218 N Neutra Place Pl Los Angeles 90039,,,,
758691,1408946,,5422007012.0,,2440.0,,,North,,,Neutra,Place,,,,,,,,,,,,,90039.0,,Los Angeles,Los Angeles,,,,,LA City,{8919D20F-20F3-4F15-B69F-A3D94A1015DB},0,,8919D20F-20F3-4F15-B69F-A3D94A1015DB,Unknown,,N,,,Pl,N Neutra Pl,2023/09/12 23:03:18+00,2440 N Neutra Pl Los Angeles 90039,8919D20F-20F3-4F15-B69F-A3D94A1015DB_2440_N_Neutra_Pl_Los_Angeles_90039,Neutra,2440 N Neutra Place Pl Los Angeles 90039,,,,
758692,1408947,,5422007013.0,,2434.0,,,West,,,Earl,Street,,,,,,,,,,,,,90039.0,,Los Angeles,Los Angeles,,,,,LA City,{3548E067-4424-4E65-8B8A-6C7CB470A294},0,,3548E067-4424-4E65-8B8A-6C7CB470A294,Unknown,,W,,,St,W Earl St,2023/09/12 23:03:18+00,2434 W Earl St Los Angeles 90039,3548E067-4424-4E65-8B8A-6C7CB470A294_2434_W_Earl_St_Los_Angeles_90039,Earl,2434 W Earl Street St Los Angeles 90039,,,,
758693,1408948,,5422007020.0,,2424.0,,,West,,,Earl,Street,,,,,,,,,,,,,90039.0,,Los Angeles,Los Angeles,,,,,LA City,{9BDD5793-882C-4135-9C96-A605F264C661},0,,9BDD5793-882C-4135-9C96-A605F264C661,Unknown,,W,,,St,W Earl St,2023/09/12 23:03:18+00,2424 W Earl St Los Angeles 90039,9BDD5793-882C-4135-9C96-A605F264C661_2424_W_Earl_St_Los_Angeles_90039,Earl,2424 W Earl Street St Los Angeles 90039,,,,
758694,1408949,,5422007021.0,,2418.0,,,West,,,Earl,Street,,,,,,,,,,,,,90039.0,,Los Angeles,Los Angeles,,,,,LA City,{E6D203AC-5EC2-4B34-BE02-5896A2F8B0A9},0,,E6D203AC-5EC2-4B34-BE02-5896A2F8B0A9,Unknown,,W,,,St,W Earl St,2023/09/12 23:03:18+00,2418 W Earl St Los Angeles 90039,E6D203AC-5EC2-4B34-BE02-5896A2F8B0A9_2418_W_Earl_St_Los_Angeles_90039,Earl,2418 W Earl Street St Los Angeles 90039,,,,
758695,1408950,,5422007022.0,,2414.0,,,West,,,Earl,Street,,,,,,,,,,,,,90039.0,,Los Angeles,Los Angeles,,,,,LA City,{91744B1A-E10D-4A67-81FA-BF4FAE10C161},0,,91744B1A-E10D-4A67-81FA-BF4FAE10C161,Unknown,,W,,,St,W Earl St,2023/09/12 23:03:18+00,2414 W Earl St Los Angeles 90039,91744B1A-E10D-4A67-81FA-BF4FAE10C161_2414_W_Earl_St_Los_Angeles_90039,Earl,2414 W Earl Street St Los Angeles 90039,,,,
758696,1408951,,5422007023.0,,2406.0,,,West,,,Earl,Street,,,,,,,,,,,,,90039.0,,Los Angeles,Los Angeles,,,,,LA City,{3DAD9359-889A-4B79-A4F6-BF5015D136EB},0,,3DAD9359-889A-4B79-A4F6-BF5015D136EB,Unknown,,W,,,St,W Earl St,2023/09/12 23:03:18+00,2406 W Earl St Los Angeles 90039,3DAD9359-889A-4B79-A4F6-BF5015D136EB_2406_W_Earl_St_Los_Angeles_90039,Earl,2406 W Earl Street St Los Angeles 90039,,,,
758697,1408952,,5422007024.0,,2257.0,,,North,,,Glendale,Boulevard,,,,,,,,,,,,,90039.0,,Los Angeles,Los Angeles,,,,,LA City,{3981A5D4-CDFC-4810-8AA0-AFFFD9AB8B10},0,,3981A5D4-CDFC-4810-8AA0-AFFFD9AB8B10,Unknown,,N,,,Blvd,N Glendale Blvd,2023/09/12 23:03:18+00,2257 N Glendale Blvd Los Angeles 90039,3981A5D4-CDFC-4810-8AA0-AFFFD9AB8B10_2257_N_Glendale_Blvd_Los_Angeles_90039,Glendale,2257 N Glendale Boulevard Blvd Los Angeles 90039,,,,
758698,1408953,,5422007024.0,,2259.0,,,North,,,Glendale,Boulevard,,,,,,,,,,,,,90039.0,,Los Angeles,Los Angeles,,,,,LA City,{A4C425E1-1675-45EF-8542-9AEE1A439DB3},0,,A4C425E1-1675-45EF-8542-9AEE1A439DB3,Unknown,,N,,,Blvd,N Glendale Blvd,2023/09/12 23:03:18+00,2259 N Glendale Blvd Los Angeles 90039,A4C425E1-1675-45EF-8542-9AEE1A439DB3_2259_N_Glendale_Blvd_Los_Angeles_90039,Glendale,2259 N Glendale Boulevard Blvd Los Angeles 90039,,,,
758699,1408954,,5422007030.0,,2251.0,,,North,,,Glendale,Boulevard,,,,,,,,,,,,,90039.0,,Los Angeles,Los Angeles,,,,,LA City,{0E1E6C0E-2998-4397-AB2A-A9C8D7B99D43},0,,0E1E6C0E-2998-4397-AB2A-A9C8D7B99D43,Unknown,,N,,,Blvd,N Glendale Blvd,2023/09/12 23:03:18+00,2251 N Glendale Blvd Los Angeles 90039,0E1E6C0E-2998-4397-AB2A-A9C8D7B99D43_2251_N_Glendale_Blvd_Los_Angeles_90039,Glendale,2251 N Glendale Boulevard Blvd Los Angeles 90039,,,,
758700,1408955,,5422007030.0,,2253.0,,,North,,,Glendale,Boulevard,,,,,,,,,,,,,90039.0,,Los Angeles,Los Angeles,,,,,LA City,{0C7B954E-7F47-4C80-8318-D3BA571BB4D3},0,,0C7B954E-7F47-4C80-8318-D3BA571BB4D3,Unknown,,N,,,Blvd,N Glendale Blvd,2023/09/12 23:03:18+00,2253 N Glendale Blvd Los Angeles 90039,0C7B954E-7F47-4C80-8318-D3BA571BB4D3_2253_N_Glendale_Blvd_Los_Angeles_90039,Glendale,2253 N Glendale Boulevard Blvd Los Angeles 90039,,,,
758701,1408956,,5422007030.0,,2249.0,,,North,,,Glendale,Boulevard,,,,,,,,,,,,,90039.0,,Los Angeles,Los Angeles,,,,,LA City,{D01EFD11-1096-4AE8-A1E6-5C0979ECD0DF},0,,D01EFD11-1096-4AE8-A1E6-5C0979ECD0DF,Unknown,,N,,,Blvd,N Glendale Blvd,2023/09/12 23:03:18+00,2249 N Glendale Blvd Los Angeles 90039,D01EFD11-1096-4AE8-A1E6-5C0979ECD0DF_2249_N_Glendale_Blvd_Los_Angeles_90039,Glendale,2249 N Glendale Boulevard Blvd Los Angeles 90039,,,,
758702,1408957,,5422007030.0,,2247.0,,,North,,,Glendale,Boulevard,,,,,,,,,,,,,90039.0,,Los Angeles,Los Angeles,,,,,LA City,{52A76FB4-2C8B-4B87-A2B6-94DC1ADB12EF},0,,52A76FB4-2C8B-4B87-A2B6-94DC1ADB12EF,Unknown,,N,,,Blvd,N Glendale Blvd,2023/09/12 23:03:18+00,2247 N Glendale Blvd Los Angeles 90039,52A76FB4-2C8B-4B87-A2B6-94DC1ADB12EF_2247_N_Glendale_Blvd_Los_Angeles_90039,Glendale,2247 N Glendale Boulevard Blvd Los Angeles 90039,,,,
758703,1408958,,5422007033.0,,2428.0,,,West,,,Earl,Street,,,,,,,,,,,,,90039.0,,Los Angeles,Los Angeles,,,,,LA City,{4F170941-5225-4430-AAB4-0F9D49C2C202},0,,4F170941-5225-4430-AAB4-0F9D49C2C202,Unknown,,W,,,St,W Earl St,2023/09/12 23:03:18+00,2428 W Earl St Los Angeles 90039,4F170941-5225-4430-AAB4-0F9D49C2C202_2428_W_Earl_St_Los_Angeles_90039,Earl,2428 W Earl Street St Los Angeles 90039,,,,
758704,1408959,,5422008001.0,,2323.0,,,West,,,Loma Vista,Place,,,,,,,,,,,,,90039.0,,Los Angeles,Los Angeles,,,,,LA City,{E032A7E1-7289-4E5D-9F22-D81EA71343A5},0,,E032A7E1-7289-4E5D-9F22-D81EA71343A5,Unknown,,W,,,Pl,W Loma Vista Pl,2023/09/12 23:03:18+00,2323 W Loma Vista Pl Los Angeles 90039,E032A7E1-7289-4E5D-9F22-D81EA71343A5_2323_W_Loma_Vista_Pl_Los_Angeles_90039,Loma Vista,2323 W Loma Vista Place Pl Los Angeles 90039,,,,
758705,1408960,,5422008001.0,,2280.0,,,West,,,Earl,Street,,,,,,,,,,,,,90039.0,,Los Angeles,Los Angeles,,,,,LA City,{C35001CE-5DAD-4108-9FF1-936D9FD48485},0,,C35001CE-5DAD-4108-9FF1-936D9FD48485,Unknown,,W,,,St,W Earl St,2023/09/12 23:03:18+00,2280 W Earl St Los Angeles 90039,C35001CE-5DAD-4108-9FF1-936D9FD48485_2280_W_Earl_St_Los_Angeles_90039,Earl,2280 W Earl Street St Los Angeles 90039,,,,
758706,1408961,,5422008001.0,,2329.0,,,West,,,Loma Vista,Place,,,,,,,,,,,,,90039.0,,Los Angeles,Los Angeles,,,,,LA City,{A1E98021-063B-4920-AEBA-9DFE763FDC85},0,,A1E98021-063B-4920-AEBA-9DFE763FDC85,Unknown,,W,,,Pl,W Loma Vista Pl,2023/09/12 23:03:18+00,2329 W Loma Vista Pl Los Angeles 90039,A1E98021-063B-4920-AEBA-9DFE763FDC85_2329_W_Loma_Vista_Pl_Los_Angeles_90039,Loma Vista,2329 W Loma Vista Place Pl Los Angeles 90039,,,,
758707,1408962,,5422008002.0,,2288.0,,,West,,,Earl,Street,,,,,,,,,,,,,90039.0,,Los Angeles,Los Angeles,,,,,LA City,{77C96CFF-5C13-4BCC-9B26-7862D202D6F4},0,,77C96CFF-5C13-4BCC-9B26-7862D202D6F4,Unknown,,W,,,St,W Earl St,2023/09/12 23:03:18+00,2288 W Earl St Los Angeles 90039,77C96CFF-5C13-4BCC-9B26-7862D202D6F4_2288_W_Earl_St_Los_Angeles_90039,Earl,2288 W Earl Street St Los Angeles 90039,,,,
758708,1408963,,5422008006.0,,2260.0,,,North,,,Glendale,Boulevard,,,,,,,,,,,,,90039.0,,Los Angeles,Los Angeles,,,,,LA City,{93126E0A-CD0D-47A3-A636-941828DCEF32},0,,93126E0A-CD0D-47A3-A636-941828DCEF32,Unknown,,N,,,Blvd,N Glendale Blvd,2023/09/12 23:03:18+00,2260 N Glendale Blvd Los Angeles 90039,93126E0A-CD0D-47A3-A636-941828DCEF32_2260_N_Glendale_Blvd_Los_Angeles_90039,Glendale,2260 N Glendale Boulevard Blvd Los Angeles 90039,,,,
758709,1408964,,5422008006.0,,2256.0,,,North,,,Glendale,Boulevard,,,,,,,,,,,,,90039.0,,Los Angeles,Los Angeles,,,,,LA City,{0ED5B102-B1D2-47AC-80B1-DA81ABC29BB7},0,,0ED5B102-B1D2-47AC-80B1-DA81ABC29BB7,Unknown,,N,,,Blvd,N Glendale Blvd,2023/09/12 23:03:18+00,2256 N Glendale Blvd Los Angeles 90039,0ED5B102-B1D2-47AC-80B1-DA81ABC29BB7_2256_N_Glendale_Blvd_Los_Angeles_90039,Glendale,2256 N Glendale Boulevard Blvd Los Angeles 90039,,,,
758710,1408965,,5422008006.0,,2258.0,,,North,,,Glendale,Boulevard,,,,,,,,,,,,,90039.0,,Los Angeles,Los Angeles,,,,,LA City,{E4E421FE-8EB4-4CB2-AC02-40D57BB43E39},0,,E4E421FE-8EB4-4CB2-AC02-40D57BB43E39,Unknown,,N,,,Blvd,N Glendale Blvd,2023/09/12 23:03:18+00,2258 N Glendale Blvd Los Angeles 90039,E4E421FE-8EB4-4CB2-AC02-40D57BB43E39_2258_N_Glendale_Blvd_Los_Angeles_90039,Glendale,2258 N Glendale Boulevard Blvd Los Angeles 90039,,,,
758711,1408966,,5422008006.0,,2254.0,,,North,,,Glendale,Boulevard,,,,,,,,,,,,,90039.0,,Los Angeles,Los Angeles,,,,,LA City,{8799DD94-57BE-4184-8BAD-4A2541598EB5},0,,8799DD94-57BE-4184-8BAD-4A2541598EB5,Unknown,,N,,,Blvd,N Glendale Blvd,2023/09/12 23:03:18+00,2254 N Glendale Blvd Los Angeles 90039,8799DD94-57BE-4184-8BAD-4A2541598EB5_2254_N_Glendale_Blvd_Los_Angeles_90039,Glendale,2254 N Glendale Boulevard Blvd Los Angeles 90039,,,,
758712,1408967,,5422008007.0,,2342.0,,,West,,,Earl,Street,,,,,,,,,,,,,90039.0,,Los Angeles,Los Angeles,,,,,LA City,{C063D3F4-3585-40F1-9341-74C7EA343B70},0,,C063D3F4-3585-40F1-9341-74C7EA343B70,Unknown,,W,,,St,W Earl St,2023/09/12 23:03:18+00,2342 W Earl St Los Angeles 90039,C063D3F4-3585-40F1-9341-74C7EA343B70_2342_W_Earl_St_Los_Angeles_90039,Earl,2342 W Earl Street St Los Angeles 90039,,,,
758713,1408968,,5422008008.0,,2387.0,,,West,,,Loma Vista,Place,,,,,,,,,,,,,90039.0,,Los Angeles,Los Angeles,,,,,LA City,{FE44D636-F68F-4406-8269-8126F3EF4788},0,,FE44D636-F68F-4406-8269-8126F3EF4788,Unknown,,W,,,Pl,W Loma Vista Pl,2023/09/12 23:03:18+00,2387 W Loma Vista Pl Los Angeles 90039,FE44D636-F68F-4406-8269-8126F3EF4788_2387_W_Loma_Vista_Pl_Los_Angeles_90039,Loma Vista,2387 W Loma Vista Place Pl Los Angeles 90039,,,,
758714,1408969,,5422008008.0,,2389.0,,,West,,,Loma Vista,Place,,,,,,,,,,,,,90039.0,,Los Angeles,Los Angeles,,,,,LA City,{00C6220F-1A23-478E-8E5C-3940718B1358},0,,00C6220F-1A23-478E-8E5C-3940718B1358,Unknown,,W,,,Pl,W Loma Vista Pl,2024/05/12 21:05:27+00,2389 W Loma Vista Pl Los Angeles 90039,00C6220F-1A23-478E-8E5C-3940718B1358_2389_W_Loma_Vista_Pl_Los_Angeles_90039,Loma Vista,2389 W Loma Vista Place Pl Los Angeles 90039,,,,
758715,1408970,,5422008008.0,,2389.0,1/2,,West,,,Loma Vista,Place,,,,,,,,,,,,,90039.0,,Los Angeles,Los Angeles,,,,,LA City,{8F7E75B4-714B-4811-A8D6-91917A69E8D5},0,,8F7E75B4-714B-4811-A8D6-91917A69E8D5,Unknown,,W,,,Pl,W Loma Vista Pl,2024/05/12 21:05:27+00,2389 1/2 W Loma Vista Pl Los Angeles 90039,8F7E75B4-714B-4811-A8D6-91917A69E8D5_2389_1/2_W_Loma_Vista_Pl_Los_Angeles_90039,Loma Vista,2389 1/2 W Loma Vista Place Pl Los Angeles 90039,,,,
758716,1408971,,5422008009.0,,2383.0,,,West,,,Loma Vista,Place,,,,,,,,,,,,,90039.0,,Los Angeles,Los Angeles,,,,,LA City,{BE436A02-F86D-4246-A778-082E72063AA1},0,,BE436A02-F86D-4246-A778-082E72063AA1,Unknown,,W,,,Pl,W Loma Vista Pl,2023/09/12 23:03:18+00,2383 W Loma Vista Pl Los Angeles 90039,BE436A02-F86D-4246-A778-082E72063AA1_2383_W_Loma_Vista_Pl_Los_Angeles_90039,Loma Vista,2383 W Loma Vista Place Pl Los Angeles 90039,,,,
758717,1408972,,5422008009.0,,2385.0,,,West,,,Loma Vista,Place,,,,,,,,,,,,,90039.0,,Los Angeles,Los Angeles,,,,,LA City,{67DF4E1C-4166-4ACB-93C7-B6123E0920B8},0,,67DF4E1C-4166-4ACB-93C7-B6123E0920B8,Unknown,,W,,,Pl,W Loma Vista Pl,2023/09/12 23:03:18+00,2385 W Loma Vista Pl Los Angeles 90039,67DF4E1C-4166-4ACB-93C7-B6123E0920B8_2385_W_Loma_Vista_Pl_Los_Angeles_90039,Loma Vista,2385 W Loma Vista Place Pl Los Angeles 90039,,,,
758718,1408973,,5422008010.0,,2375.0,,,West,,,Loma Vista,Place,,,,,,,,,,,,,90039.0,,Los Angeles,Los Angeles,,,,,LA City,{48698222-C976-475A-B159-DEB3459FEA5D},0,,48698222-C976-475A-B159-DEB3459FEA5D,Unknown,,W,,,Pl,W Loma Vista Pl,2023/09/12 23:03:18+00,2375 W Loma Vista Pl Los Angeles 90039,48698222-C976-475A-B159-DEB3459FEA5D_2375_W_Loma_Vista_Pl_Los_Angeles_90039,Loma Vista,2375 W Loma Vista Place Pl Los Angeles 90039,,,,
758719,1408974,,5422008010.0,,2377.0,,,West,,,Loma Vista,Place,,,,,,,,,,,,,90039.0,,Los Angeles,Los Angeles,,,,,LA City,{69777B37-B942-4E3F-BA2A-AAFC749E1FDE},0,,69777B37-B942-4E3F-BA2A-AAFC749E1FDE,Unknown,,W,,,Pl,W Loma Vista Pl,2023/09/12 23:03:18+00,2377 W Loma Vista Pl Los Angeles 90039,69777B37-B942-4E3F-BA2A-AAFC749E1FDE_2377_W_Loma_Vista_Pl_Los_Angeles_90039,Loma Vista,2377 W Loma Vista Place Pl Los Angeles 90039,,,,
758720,1408975,,5422008010.0,,2373.0,,,West,,,Loma Vista,Place,,,,,,,,,,,,,90039.0,,Los Angeles,Los Angeles,,,,,LA City,{6FFF735E-713B-4BBD-BA4E-9512DF814CF0},0,,6FFF735E-713B-4BBD-BA4E-9512DF814CF0,Unknown,,W,,,Pl,W Loma Vista Pl,2023/09/12 23:03:18+00,2373 W Loma Vista Pl Los Angeles 90039,6FFF735E-713B-4BBD-BA4E-9512DF814CF0_2373_W_Loma_Vista_Pl_Los_Angeles_90039,Loma Vista,2373 W Loma Vista Place Pl Los Angeles 90039,,,,
758721,1408976,,5422008011.0,,2320.0,,,West,,,Earl,Street,,,,,,,,,,,,,90039.0,,Los Angeles,Los Angeles,,,,,LA City,{88D55F2B-FDA3-4CDB-87CE-58723BC3D016},0,,88D55F2B-FDA3-4CDB-87CE-58723BC3D016,Unknown,,W,,,St,W Earl St,2023/09/12 23:03:18+00,2320 W Earl St Los Angeles 90039,88D55F2B-FDA3-4CDB-87CE-58723BC3D016_2320_W_Earl_St_Los_Angeles_90039,Earl,2320 W Earl Street St Los Angeles 90039,,,,
758722,1408977,,5422008011.0,,2318.0,,,West,,,Earl,Street,,,,,,,,,,,,,90039.0,,Los Angeles,Los Angeles,,,,,LA City,{3A1D6A0D-F86D-4E4E-A822-016FAA9A77C0},0,,3A1D6A0D-F86D-4E4E-A822-016FAA9A77C0,Unknown,,W,,,St,W Earl St,2023/09/12 23:03:18+00,2318 W Earl St Los Angeles 90039,3A1D6A0D-F86D-4E4E-A822-016FAA9A77C0_2318_W_Earl_St_Los_Angeles_90039,Earl,2318 W Earl Street St Los Angeles 90039,,,,
758723,1408978,,5422008012.0,,2312.0,,,West,,,Earl,Street,,,,,,,,,,,,,90039.0,,Los Angeles,Los Angeles,,,,,LA City,{C563B775-BA3A-49E6-84C0-FAA997BFBA20},0,,C563B775-BA3A-49E6-84C0-FAA997BFBA20,Unknown,,W,,,St,W Earl St,2023/09/12 23:03:18+00,2312 W Earl St Los Angeles 90039,C563B775-BA3A-49E6-84C0-FAA997BFBA20_2312_W_Earl_St_Los_Angeles_90039,Earl,2312 W Earl Street St Los Angeles 90039,,,,
758724,1408979,,5422008013.0,,2308.0,,,West,,,Earl,Street,,,,,,,,,,,,,90039.0,,Los Angeles,Los Angeles,,,,,LA City,{320AB3D5-8013-4956-A6D2-E1CC2FEEE91A},0,,320AB3D5-8013-4956-A6D2-E1CC2FEEE91A,Unknown,,W,,,St,W Earl St,2023/09/12 23:03:18+00,2308 W Earl St Los Angeles 90039,320AB3D5-8013-4956-A6D2-E1CC2FEEE91A_2308_W_Earl_St_Los_Angeles_90039,Earl,2308 W Earl Street St Los Angeles 90039,,,,
758725,1408980,,5422008013.0,,2359.0,,,West,,,Loma Vista,Place,,,,,,,,,,,,,90039.0,,Los Angeles,Los Angeles,,,,,LA City,{98F99DB5-4241-4351-AC91-D9F620F44573},0,,98F99DB5-4241-4351-AC91-D9F620F44573,Unknown,,W,,,Pl,W Loma Vista Pl,2023/09/12 23:03:18+00,2359 W Loma Vista Pl Los Angeles 90039,98F99DB5-4241-4351-AC91-D9F620F44573_2359_W_Loma_Vista_Pl_Los_Angeles_90039,Loma Vista,2359 W Loma Vista Place Pl Los Angeles 90039,,,,
758726,1408981,,5422008014.0,,2300.0,1/2,,West,,,Earl,Street,,,,,,,,,,,,,90039.0,,Los Angeles,Los Angeles,,,,,LA City,{A87E4F46-F7F4-4345-A73B-9F6D3795D7A8},0,,A87E4F46-F7F4-4345-A73B-9F6D3795D7A8,Unknown,,W,,,St,W Earl St,2024/05/12 21:05:27+00,2300 1/2 W Earl St Los Angeles 90039,A87E4F46-F7F4-4345-A73B-9F6D3795D7A8_2300_1/2_W_Earl_St_Los_Angeles_90039,Earl,2300 1/2 W Earl Street St Los Angeles 90039,,,,
758727,1408982,,5422008014.0,,2300.0,,,West,,,Earl,Street,,,,,,,,,,,,,90039.0,,Los Angeles,Los Angeles,,,,,LA City,{AB267829-AB77-4893-A49E-3DDADFAED8C5},0,,AB267829-AB77-4893-A49E-3DDADFAED8C5,Unknown,,W,,,St,W Earl St,2024/05/12 21:05:27+00,2300 W Earl St Los Angeles 90039,AB267829-AB77-4893-A49E-3DDADFAED8C5_2300_W_Earl_St_Los_Angeles_90039,Earl,2300 W Earl Street St Los Angeles 90039,,,,
758728,1408983,,5422008015.0,,2347.0,,,West,,,Loma Vista,Place,,,,,,,,,,,,,90039.0,,Los Angeles,Los Angeles,,,,,LA City,{87B79105-FC6D-4F75-BDA2-F4A54C6EC33D},0,,87B79105-FC6D-4F75-BDA2-F4A54C6EC33D,Unknown,,W,,,Pl,W Loma Vista Pl,2023/09/12 23:03:18+00,2347 W Loma Vista Pl Los Angeles 90039,87B79105-FC6D-4F75-BDA2-F4A54C6EC33D_2347_W_Loma_Vista_Pl_Los_Angeles_90039,Loma Vista,2347 W Loma Vista Place Pl Los Angeles 90039,,,,
758729,1408984,,5422008015.0,,2296.0,,,West,,,Earl,Street,,,,,,,,,,,,,90039.0,,Los Angeles,Los Angeles,,,,,LA City,{E351E3C6-2780-4913-88C3-8D030BF3C988},0,,E351E3C6-2780-4913-88C3-8D030BF3C988,Unknown,,W,,,St,W Earl St,2023/09/12 23:03:18+00,2296 W Earl St Los Angeles 90039,E351E3C6-2780-4913-88C3-8D030BF3C988_2296_W_Earl_St_Los_Angeles_90039,Earl,2296 W Earl Street St Los Angeles 90039,,,,
758730,1408985,,5422008016.0,,2246.0,,,North,,,Glendale,Boulevard,,,,,,,,,,,,,90039.0,,Los Angeles,Los Angeles,,,,,LA City,{61C2FE2E-73A1-48D4-819A-101F03B1172A},0,,61C2FE2E-73A1-48D4-819A-101F03B1172A,Unknown,,N,,,Blvd,N Glendale Blvd,2023/09/12 23:03:18+00,2246 N Glendale Blvd Los Angeles 90039,61C2FE2E-73A1-48D4-819A-101F03B1172A_2246_N_Glendale_Blvd_Los_Angeles_90039,Glendale,2246 N Glendale Boulevard Blvd Los Angeles 90039,,,,
758731,1408986,,5422009004.0,,2224.0,,,West,,,Earl,Street,,,,,,,,,,,,,90039.0,,Los Angeles,Los Angeles,,,,,LA City,{469086CB-10C0-4677-B8E9-0776FD5E8356},0,,469086CB-10C0-4677-B8E9-0776FD5E8356,Unknown,,W,,,St,W Earl St,2023/09/12 23:03:18+00,2224 W Earl St Los Angeles 90039,469086CB-10C0-4677-B8E9-0776FD5E8356_2224_W_Earl_St_Los_Angeles_90039,Earl,2224 W Earl Street St Los Angeles 90039,,,,
758732,1408987,,5422009005.0,,2230.0,,,West,,,Earl,Street,,,,,,,,,,,,,90039.0,,Los Angeles,Los Angeles,,,,,LA City,{D36AA0CA-FAC9-421B-8C3C-A98FAEFB9DFA},0,,D36AA0CA-FAC9-421B-8C3C-A98FAEFB9DFA,Unknown,,W,,,St,W Earl St,2023/09/12 23:03:18+00,2230 W Earl St Los Angeles 90039,D36AA0CA-FAC9-421B-8C3C-A98FAEFB9DFA_2230_W_Earl_St_Los_Angeles_90039,Earl,2230 W Earl Street St Los Angeles 90039,,,,
758733,1408988,,5422009006.0,,2236.0,,,West,,,Earl,Street,,,,,,,,,,,,,90039.0,,Los Angeles,Los Angeles,,,,,LA City,{C04A4A50-66CF-4039-B86C-D28E6BAFD24F},0,,C04A4A50-66CF-4039-B86C-D28E6BAFD24F,Unknown,,W,,,St,W Earl St,2023/09/12 23:03:18+00,2236 W Earl St Los Angeles 90039,C04A4A50-66CF-4039-B86C-D28E6BAFD24F_2236_W_Earl_St_Los_Angeles_90039,Earl,2236 W Earl Street St Los Angeles 90039,,,,
758734,1408989,,5422009008.0,,2239.0,,,West,,,Earl,Court,,,,,,,,,,,,,90039.0,,Los Angeles,Los Angeles,,,,,LA City,{3DE8C8D1-B706-4371-9ADB-524DFCC358C1},0,,3DE8C8D1-B706-4371-9ADB-524DFCC358C1,Unknown,,W,,,Ct,W Earl Ct,2023/09/12 23:03:18+00,2239 W Earl Ct Los Angeles 90039,3DE8C8D1-B706-4371-9ADB-524DFCC358C1_2239_W_Earl_Ct_Los_Angeles_90039,Earl,2239 W Earl Court Ct Los Angeles 90039,,,,
758735,1408990,,5422009008.0,,2243.0,,,West,,,Earl,Court,,,,,,,,,,,,,90039.0,,Los Angeles,Los Angeles,,,,,LA City,{4E931DCC-157C-4A2E-BFF9-A7B241A3E343},0,,4E931DCC-157C-4A2E-BFF9-A7B241A3E343,Unknown,,W,,,Ct,W Earl Ct,2023/09/12 23:03:18+00,2243 W Earl Ct Los Angeles 90039,4E931DCC-157C-4A2E-BFF9-A7B241A3E343_2243_W_Earl_Ct_Los_Angeles_90039,Earl,2243 W Earl Court Ct Los Angeles 90039,,,,
758736,1408991,,5422009009.0,,2248.0,,,West,,,Earl,Street,,,,,,,,,,,,,90039.0,,Los Angeles,Los Angeles,,,,,LA City,{5DAC08A6-5F8B-4240-BFE4-8BEC828FF004},0,,5DAC08A6-5F8B-4240-BFE4-8BEC828FF004,Unknown,,W,,,St,W Earl St,2023/09/12 23:03:18+00,2248 W Earl St Los Angeles 90039,5DAC08A6-5F8B-4240-BFE4-8BEC828FF004_2248_W_Earl_St_Los_Angeles_90039,Earl,2248 W Earl Street St Los Angeles 90039,,,,
758737,1408992,,5422009009.0,,2246.0,,,West,,,Earl,Street,,,,,,,,,,,,,90039.0,,Los Angeles,Los Angeles,,,,,LA City,{DFAC8E31-3251-4E4E-AE05-1F593F44F31B},0,,DFAC8E31-3251-4E4E-AE05-1F593F44F31B,Unknown,,W,,,St,W Earl St,2023/09/12 23:03:18+00,2246 W Earl St Los Angeles 90039,DFAC8E31-3251-4E4E-AE05-1F593F44F31B_2246_W_Earl_St_Los_Angeles_90039,Earl,2246 W Earl Street St Los Angeles 90039,,,,
758738,1408993,,5422009017.0,,2225.0,,,West,,,Loma Vista,Place,,,,,,,,,,,,,90039.0,,Los Angeles,Los Angeles,,,,,LA City,{C94EFB64-44A8-45AC-B272-6A0F3F1F9A99},0,,C94EFB64-44A8-45AC-B272-6A0F3F1F9A99,Unknown,,W,,,Pl,W Loma Vista Pl,2023/09/12 23:03:18+00,2225 W Loma Vista Pl Los Angeles 90039,C94EFB64-44A8-45AC-B272-6A0F3F1F9A99_2225_W_Loma_Vista_Pl_Los_Angeles_90039,Loma Vista,2225 W Loma Vista Place Pl Los Angeles 90039,,,,
758739,1408994,,5422009018.0,,2229.0,,,West,,,Loma Vista,Place,,,,,,,,,,,,,90039.0,,Los Angeles,Los Angeles,,,,,LA City,{8C2FA1F7-0BA5-484B-AF7D-30DDF9821B28},0,,8C2FA1F7-0BA5-484B-AF7D-30DDF9821B28,Unknown,,W,,,Pl,W Loma Vista Pl,2023/09/12 23:03:18+00,2229 W Loma Vista Pl Los Angeles 90039,8C2FA1F7-0BA5-484B-AF7D-30DDF9821B28_2229_W_Loma_Vista_Pl_Los_Angeles_90039,Loma Vista,2229 W Loma Vista Place Pl Los Angeles 90039,,,,
758740,1408995,,5422009020.0,,2237.0,,,West,,,Loma Vista,Place,,,,,,,,,,,,,90039.0,,Los Angeles,Los Angeles,,,,,LA City,{62D4BC0E-418B-478E-BB76-C1F423AE2C98},0,,62D4BC0E-418B-478E-BB76-C1F423AE2C98,Unknown,,W,,,Pl,W Loma Vista Pl,2023/09/12 23:03:18+00,2237 W Loma Vista Pl Los Angeles 90039,62D4BC0E-418B-478E-BB76-C1F423AE2C98_2237_W_Loma_Vista_Pl_Los_Angeles_90039,Loma Vista,2237 W Loma Vista Place Pl Los Angeles 90039,,,,
758741,1408996,,5422009020.0,,2235.0,,,West,,,Loma Vista,Place,,,,,,,,,,,,,90039.0,,Los Angeles,Los Angeles,,,,,LA City,{52D5BFE4-7F41-4665-9E50-DBC75BEE7C6A},0,,52D5BFE4-7F41-4665-9E50-DBC75BEE7C6A,Unknown,,W,,,Pl,W Loma Vista Pl,2023/09/12 23:03:18+00,2235 W Loma Vista Pl Los Angeles 90039,52D5BFE4-7F41-4665-9E50-DBC75BEE7C6A_2235_W_Loma_Vista_Pl_Los_Angeles_90039,Loma Vista,2235 W Loma Vista Place Pl Los Angeles 90039,,,,
758742,1408997,,5422009021.0,,2245.0,,,West,,,Loma Vista,Place,,,,,,,,,,,,,90039.0,,Los Angeles,Los Angeles,,,,,LA City,{9FA9A079-49BC-469E-8D45-61665A25AD8B},0,,9FA9A079-49BC-469E-8D45-61665A25AD8B,Unknown,,W,,,Pl,W Loma Vista Pl,2023/09/12 23:03:18+00,2245 W Loma Vista Pl Los Angeles 90039,9FA9A079-49BC-469E-8D45-61665A25AD8B_2245_W_Loma_Vista_Pl_Los_Angeles_90039,Loma Vista,2245 W Loma Vista Place Pl Los Angeles 90039,,,,
758743,1408998,,5422009025.0,,2315.0,,,West,,,Loma Vista,Place,,,,,,,,,,,,,90039.0,,Los Angeles,Los Angeles,,,,,LA City,{750F2115-B50E-4B6A-BD64-57D02375C135},0,,750F2115-B50E-4B6A-BD64-57D02375C135,Unknown,,W,,,Pl,W Loma Vista Pl,2023/09/12 23:03:18+00,2315 W Loma Vista Pl Los Angeles 90039,750F2115-B50E-4B6A-BD64-57D02375C135_2315_W_Loma_Vista_Pl_Los_Angeles_90039,Loma Vista,2315 W Loma Vista Place Pl Los Angeles 90039,,,,
758744,1408999,,5422009034.0,,2260.0,,,West,,,Earl,Street,,,,,,,,,,,,,90039.0,,Los Angeles,Los Angeles,,,,,LA City,{D892AA7B-F1F7-4456-B22C-7D153F741C1E},0,,D892AA7B-F1F7-4456-B22C-7D153F741C1E,Unknown,,W,,,St,W Earl St,2023/09/12 23:03:18+00,2260 W Earl St Los Angeles 90039,D892AA7B-F1F7-4456-B22C-7D153F741C1E_2260_W_Earl_St_Los_Angeles_90039,Earl,2260 W Earl Street St Los Angeles 90039,,,,
758745,1409000,,5422009039.0,,2256.0,,,West,,,Earl,Street,,,,,,,,,,,,,90039.0,,Los Angeles,Los Angeles,,,,,LA City,{81A1BDF2-32BC-4EB9-8833-64C7C17FEBB8},0,,81A1BDF2-32BC-4EB9-8833-64C7C17FEBB8,Unknown,,W,,,St,W Earl St,2023/09/12 23:03:18+00,2256 W Earl St Los Angeles 90039,81A1BDF2-32BC-4EB9-8833-64C7C17FEBB8_2256_W_Earl_St_Los_Angeles_90039,Earl,2256 W Earl Street St Los Angeles 90039,,,,
758746,1409001,,5422009039.0,,2258.0,,,West,,,Earl,Street,,,,,,,,,,,,,90039.0,,Los Angeles,Los Angeles,,,,,LA City,{387325DC-1D71-4198-A6E9-732C5D1B04A0},0,,387325DC-1D71-4198-A6E9-732C5D1B04A0,Unknown,,W,,,St,W Earl St,2023/09/12 23:03:18+00,2258 W Earl St Los Angeles 90039,387325DC-1D71-4198-A6E9-732C5D1B04A0_2258_W_Earl_St_Los_Angeles_90039,Earl,2258 W Earl Street St Los Angeles 90039,,,,
758748,1409003,,5422009042.0,,2251.0,,,North,,,Allesandro,Way,,,,,,,,,,,,,90039.0,,Los Angeles,Los Angeles,,,,,LA City,{8CD3D3EB-B5A3-44DC-958D-4EAD12784863},0,,8CD3D3EB-B5A3-44DC-958D-4EAD12784863,Unknown,,N,,,Wy,N Allesandro Wy,2023/09/12 23:03:18+00,2251 N Allesandro Wy Los Angeles 90039,8CD3D3EB-B5A3-44DC-958D-4EAD12784863_2251_N_Allesandro_Wy_Los_Angeles_90039,Allesandro,2251 N Allesandro Way Wy Los Angeles 90039,,,,
758749,1409004,,5422009042.0,,2220.0,,,West,,,Earl,Street,,,,,,,,,,,,,90039.0,,Los Angeles,Los Angeles,,,,,LA City,{6B759D3C-8717-4001-9DE8-5E58A500BE72},0,,6B759D3C-8717-4001-9DE8-5E58A500BE72,Unknown,,W,,,St,W Earl St,2023/09/12 23:03:18+00,2220 W Earl St Los Angeles 90039,6B759D3C-8717-4001-9DE8-5E58A500BE72_2220_W_Earl_St_Los_Angeles_90039,Earl,2220 W Earl Street St Los Angeles 90039,,,,
758750,1409005,,5422009043.0,,2221.0,,,West,,,Loma Vista,Place,,,,,,,,,,,,,90039.0,,Los Angeles,Los Angeles,,,,,LA City,{55561F2E-2898-490E-94F3-5F49E03D166B},0,,55561F2E-2898-490E-94F3-5F49E03D166B,Unknown,,W,,,Pl,W Loma Vista Pl,2023/09/12 23:03:18+00,2221 W Loma Vista Pl Los Angeles 90039,55561F2E-2898-490E-94F3-5F49E03D166B_2221_W_Loma_Vista_Pl_Los_Angeles_90039,Loma Vista,2221 W Loma Vista Place Pl Los Angeles 90039,,,,
758751,1409006,,5422010002.0,,2224.0,,,West,,,Loma Vista,Place,,,,,,,,,,,,,90039.0,,Los Angeles,Los Angeles,,,,,LA City,{30E6B7A3-C2CF-461A-967C-CD4DD957B114},0,,30E6B7A3-C2CF-461A-967C-CD4DD957B114,Unknown,,W,,,Pl,W Loma Vista Pl,2023/09/12 23:03:18+00,2224 W Loma Vista Pl Los Angeles 90039,30E6B7A3-C2CF-461A-967C-CD4DD957B114_2224_W_Loma_Vista_Pl_Los_Angeles_90039,Loma Vista,2224 W Loma Vista Place Pl Los Angeles 90039,,,,
758752,1409007,,5422010003.0,,2228.0,,,West,,,Loma Vista,Place,,,,,,,,,,,,,90039.0,,Los Angeles,Los Angeles,,,,,LA City,{32E1ADD6-7096-4E40-8CC0-35369D915510},0,,32E1ADD6-7096-4E40-8CC0-35369D915510,Unknown,,W,,,Pl,W Loma Vista Pl,2023/09/12 23:03:18+00,2228 W Loma Vista Pl Los Angeles 90039,32E1ADD6-7096-4E40-8CC0-35369D915510_2228_W_Loma_Vista_Pl_Los_Angeles_90039,Loma Vista,2228 W Loma Vista Place Pl Los Angeles 90039,,,,
758753,1409008,,5422010004.0,,2232.0,,,West,,,Loma Vista,Place,,,,,,,,,,,,,90039.0,,Los Angeles,Los Angeles,,,,,LA City,{19B89DDE-B6FB-4F9A-9DD2-86F2F9F0B32B},0,,19B89DDE-B6FB-4F9A-9DD2-86F2F9F0B32B,Unknown,,W,,,Pl,W Loma Vista Pl,2023/09/12 23:03:18+00,2232 W Loma Vista Pl Los Angeles 90039,19B89DDE-B6FB-4F9A-9DD2-86F2F9F0B32B_2232_W_Loma_Vista_Pl_Los_Angeles_90039,Loma Vista,2232 W Loma Vista Place Pl Los Angeles 90039,,,,
758754,1409009,,5422010005.0,,2236.0,,,West,,,Loma Vista,Place,,,,,,,,,,,,,90039.0,,Los Angeles,Los Angeles,,,,,LA City,{5B87A308-AF0E-4B51-AEDD-DCABFE832825},0,,5B87A308-AF0E-4B51-AEDD-DCABFE832825,Unknown,,W,,,Pl,W Loma Vista Pl,2023/09/12 23:03:18+00,2236 W Loma Vista Pl Los Angeles 90039,5B87A308-AF0E-4B51-AEDD-DCABFE832825_2236_W_Loma_Vista_Pl_Los_Angeles_90039,Loma Vista,2236 W Loma Vista Place Pl Los Angeles 90039,,,,
758755,1409010,,5422010006.0,,2238.0,,,West,,,Loma Vista,Place,,,,,,,,,,,,,90039.0,,Los Angeles,Los Angeles,,,,,LA City,{27F8D27D-7BEB-4A38-89EE-CDD050579ADF},0,,27F8D27D-7BEB-4A38-89EE-CDD050579ADF,Unknown,,W,,,Pl,W Loma Vista Pl,2023/09/12 23:03:18+00,2238 W Loma Vista Pl Los Angeles 90039,27F8D27D-7BEB-4A38-89EE-CDD050579ADF_2238_W_Loma_Vista_Pl_Los_Angeles_90039,Loma Vista,2238 W Loma Vista Place Pl Los Angeles 90039,,,,
758756,1409011,,5422010008.0,,2302.0,,,West,,,Loma Vista,Place,,,,,,,,,,,,,90039.0,,Los Angeles,Los Angeles,,,,,LA City,{5C418E50-6F63-4348-8C70-368A751A2B55},0,,5C418E50-6F63-4348-8C70-368A751A2B55,Unknown,,W,,,Pl,W Loma Vista Pl,2023/09/12 23:03:18+00,2302 W Loma Vista Pl Los Angeles 90039,5C418E50-6F63-4348-8C70-368A751A2B55_2302_W_Loma_Vista_Pl_Los_Angeles_90039,Loma Vista,2302 W Loma Vista Place Pl Los Angeles 90039,,,,
758757,1409012,,5422010009.0,,2306.0,,,West,,,Loma Vista,Place,,,,,,,,,,,,,90039.0,,Los Angeles,Los Angeles,,,,,LA City,{66545C0B-5EBD-42AF-9F9C-0A584CD69828},0,,66545C0B-5EBD-42AF-9F9C-0A584CD69828,Unknown,,W,,,Pl,W Loma Vista Pl,2023/09/12 23:03:18+00,2306 W Loma Vista Pl Los Angeles 90039,66545C0B-5EBD-42AF-9F9C-0A584CD69828_2306_W_Loma_Vista_Pl_Los_Angeles_90039,Loma Vista,2306 W Loma Vista Place Pl Los Angeles 90039,,,,
758758,1409013,,5422010010.0,,2310.0,,,West,,,Loma Vista,Place,,,,,,,,,,,,,90039.0,,Los Angeles,Los Angeles,,,,,LA City,{5D6CCFFD-E6E8-4A05-AD24-EEA519EB57F8},0,,5D6CCFFD-E6E8-4A05-AD24-EEA519EB57F8,Unknown,,W,,,Pl,W Loma Vista Pl,2024/05/12 21:05:27+00,2310 W Loma Vista Pl Los Angeles 90039,5D6CCFFD-E6E8-4A05-AD24-EEA519EB57F8_2310_W_Loma_Vista_Pl_Los_Angeles_90039,Loma Vista,2310 W Loma Vista Place Pl Los Angeles 90039,,,,
758759,1409014,,5422010010.0,,2310.0,1/2,,West,,,Loma Vista,Place,,,,,,,,,,,,,90039.0,,Los Angeles,Los Angeles,,,,,LA City,{25B90AA7-6D47-4CF5-9D70-CBAA6341E67D},0,,25B90AA7-6D47-4CF5-9D70-CBAA6341E67D,Unknown,,W,,,Pl,W Loma Vista Pl,2024/05/12 21:05:27+00,2310 1/2 W Loma Vista Pl Los Angeles 90039,25B90AA7-6D47-4CF5-9D70-CBAA6341E67D_2310_1/2_W_Loma_Vista_Pl_Los_Angeles_90039,Loma Vista,2310 1/2 W Loma Vista Place Pl Los Angeles 90039,,,,
758760,1409015,,5422010011.0,,2314.0,,,West,,,Loma Vista,Place,,,,,,,,,,,,,90039.0,,Los Angeles,Los Angeles,,,,,LA City,{71B38F18-56BC-429C-A7FB-CB93CC58AAE3},0,,71B38F18-56BC-429C-A7FB-CB93CC58AAE3,Unknown,,W,,,Pl,W Loma Vista Pl,2023/09/12 23:03:18+00,2314 W Loma Vista Pl Los Angeles 90039,71B38F18-56BC-429C-A7FB-CB93CC58AAE3_2314_W_Loma_Vista_Pl_Los_Angeles_90039,Loma Vista,2314 W Loma Vista Place Pl Los Angeles 90039,,,,
758761,1409016,,5422010013.0,,2322.0,,,West,,,Loma Vista,Place,,,,,,,,,,,,,90039.0,,Los Angeles,Los Angeles,,,,,LA City,{EF11BC15-2342-4DBB-A052-D0CF75EBED21},0,,EF11BC15-2342-4DBB-A052-D0CF75EBED21,Unknown,,W,,,Pl,W Loma Vista Pl,2023/09/12 23:03:18+00,2322 W Loma Vista Pl Los Angeles 90039,EF11BC15-2342-4DBB-A052-D0CF75EBED21_2322_W_Loma_Vista_Pl_Los_Angeles_90039,Loma Vista,2322 W Loma Vista Place Pl Los Angeles 90039,,,,
758762,1409017,,5422010014.0,,2326.0,,,West,,,Loma Vista,Place,,,,,,,,,,,,,90039.0,,Los Angeles,Los Angeles,,,,,LA City,{709A82A3-5ED5-4860-9E73-528E6AE877A0},0,,709A82A3-5ED5-4860-9E73-528E6AE877A0,Unknown,,W,,,Pl,W Loma Vista Pl,2023/09/12 23:03:18+00,2326 W Loma Vista Pl Los Angeles 90039,709A82A3-5ED5-4860-9E73-528E6AE877A0_2326_W_Loma_Vista_Pl_Los_Angeles_90039,Loma Vista,2326 W Loma Vista Place Pl Los Angeles 90039,,,,
758763,1409018,,5422010015.0,,2332.0,,,West,,,Loma Vista,Place,,,,,,,,,,,,,90039.0,,Los Angeles,Los Angeles,,,,,LA City,{19A55E04-1A7C-4E07-A000-A3E5F0C62F59},0,,19A55E04-1A7C-4E07-A000-A3E5F0C62F59,Unknown,,W,,,Pl,W Loma Vista Pl,2023/09/12 23:03:18+00,2332 W Loma Vista Pl Los Angeles 90039,19A55E04-1A7C-4E07-A000-A3E5F0C62F59_2332_W_Loma_Vista_Pl_Los_Angeles_90039,Loma Vista,2332 W Loma Vista Place Pl Los Angeles 90039,,,,
758764,1409019,,5422010016.0,,2336.0,,,West,,,Loma Vista,Place,,,,,,,,,,,,,90039.0,,Los Angeles,Los Angeles,,,,,LA City,{9AF3C325-E076-48C5-83C3-F2523493A35F},0,,9AF3C325-E076-48C5-83C3-F2523493A35F,Unknown,,W,,,Pl,W Loma Vista Pl,2023/09/12 23:03:18+00,2336 W Loma Vista Pl Los Angeles 90039,9AF3C325-E076-48C5-83C3-F2523493A35F_2336_W_Loma_Vista_Pl_Los_Angeles_90039,Loma Vista,2336 W Loma Vista Place Pl Los Angeles 90039,,,,
758765,1409020,,5422010016.0,,2334.0,,,West,,,Loma Vista,Place,,,,,,,,,,,,,90039.0,,Los Angeles,Los Angeles,,,,,LA City,{74A12F4A-0069-49B3-841F-51127BA16C4A},0,,74A12F4A-0069-49B3-841F-51127BA16C4A,Unknown,,W,,,Pl,W Loma Vista Pl,2023/09/12 23:03:18+00,2334 W Loma Vista Pl Los Angeles 90039,74A12F4A-0069-49B3-841F-51127BA16C4A_2334_W_Loma_Vista_Pl_Los_Angeles_90039,Loma Vista,2334 W Loma Vista Place Pl Los Angeles 90039,,,,
758766,1409021,,5422010017.0,,2276.0,,,North,,,Fair Oak View,Terrace,,,,,,,,,,,,,90039.0,,Los Angeles,Los Angeles,,,,,LA City,{CC792911-D4DE-48B5-B21E-D59B989ABB8E},0,,CC792911-D4DE-48B5-B21E-D59B989ABB8E,Unknown,,N,,,Ter,N Fair Oak View Ter,2023/09/12 23:03:18+00,2276 N Fair Oak View Ter Los Angeles 90039,CC792911-D4DE-48B5-B21E-D59B989ABB8E_2276_N_Fair_Oak_View_Ter_Los_Angeles_90039,Fair Oak View,2276 N Fair Oak View Terrace Ter Los Angeles 90039,,,,
758767,1409022,,5422010017.0,,2278.0,,,North,,,Fair Oak View,Terrace,,,,,,,,,,,,,90039.0,,Los Angeles,Los Angeles,,,,,LA City,{79F19FB4-2B90-4F9A-A13E-2AFD1F43D91F},0,,79F19FB4-2B90-4F9A-A13E-2AFD1F43D91F,Unknown,,N,,,Ter,N Fair Oak View Ter,2023/09/12 23:03:18+00,2278 N Fair Oak View Ter Los Angeles 90039,79F19FB4-2B90-4F9A-A13E-2AFD1F43D91F_2278_N_Fair_Oak_View_Ter_Los_Angeles_90039,Fair Oak View,2278 N Fair Oak View Terrace Ter Los Angeles 90039,,,,
758768,1409023,,5422010018.0,,2270.0,,,North,,,Fair Oak View,Terrace,,,,,,,,,,,,,90039.0,,Los Angeles,Los Angeles,,,,,LA City,{851C9E4F-E7E1-4A77-A0B2-5283548A70AF},0,,851C9E4F-E7E1-4A77-A0B2-5283548A70AF,Unknown,,N,,,Ter,N Fair Oak View Ter,2023/09/12 23:03:18+00,2270 N Fair Oak View Ter Los Angeles 90039,851C9E4F-E7E1-4A77-A0B2-5283548A70AF_2270_N_Fair_Oak_View_Ter_Los_Angeles_90039,Fair Oak View,2270 N Fair Oak View Terrace Ter Los Angeles 90039,,,,
758769,1409024,,5422010019.0,,2266.0,,,North,,,Fair Oak View,Terrace,,,,,,,,,,,,,90039.0,,Los Angeles,Los Angeles,,,,,LA City,{90E3AE56-6104-4DAA-BB25-D16637A36A3C},0,,90E3AE56-6104-4DAA-BB25-D16637A36A3C,Unknown,,N,,,Ter,N Fair Oak View Ter,2023/09/12 23:03:18+00,2266 N Fair Oak View Ter Los Angeles 90039,90E3AE56-6104-4DAA-BB25-D16637A36A3C_2266_N_Fair_Oak_View_Ter_Los_Angeles_90039,Fair Oak View,2266 N Fair Oak View Terrace Ter Los Angeles 90039,,,,
758770,1409025,,5422010020.0,,2262.0,,,North,,,Fair Oak View,Terrace,,,,,,,,,,,,,90039.0,,Los Angeles,Los Angeles,,,,,LA City,{F5767DEE-9BB9-482D-BB68-513B199B8ACE},0,,F5767DEE-9BB9-482D-BB68-513B199B8ACE,Unknown,,N,,,Ter,N Fair Oak View Ter,2023/09/12 23:03:18+00,2262 N Fair Oak View Ter Los Angeles 90039,F5767DEE-9BB9-482D-BB68-513B199B8ACE_2262_N_Fair_Oak_View_Ter_Los_Angeles_90039,Fair Oak View,2262 N Fair Oak View Terrace Ter Los Angeles 90039,,,,
758771,1409026,,5422010021.0,,2258.0,,,North,,,Fair Oak View,Terrace,,,,,,,,,,,,,90039.0,,Los Angeles,Los Angeles,,,,,LA City,{D9B1BDDF-0FBC-45A1-A1B5-F7FE5B18FC23},0,,D9B1BDDF-0FBC-45A1-A1B5-F7FE5B18FC23,Unknown,,N,,,Ter,N Fair Oak View Ter,2023/09/12 23:03:18+00,2258 N Fair Oak View Ter Los Angeles 90039,D9B1BDDF-0FBC-45A1-A1B5-F7FE5B18FC23_2258_N_Fair_Oak_View_Ter_Los_Angeles_90039,Fair Oak View,2258 N Fair Oak View Terrace Ter Los Angeles 90039,,,,
758772,1409027,,5422010022.0,,2254.0,,,North,,,Fair Oak View,Terrace,,,,,,,,,,,,,90039.0,,Los Angeles,Los Angeles,,,,,LA City,{AB36CA46-8F14-4005-A23F-8B8254C03065},0,,AB36CA46-8F14-4005-A23F-8B8254C03065,Unknown,,N,,,Ter,N Fair Oak View Ter,2023/09/12 23:03:18+00,2254 N Fair Oak View Ter Los Angeles 90039,AB36CA46-8F14-4005-A23F-8B8254C03065_2254_N_Fair_Oak_View_Ter_Los_Angeles_90039,Fair Oak View,2254 N Fair Oak View Terrace Ter Los Angeles 90039,,,,
758773,1409028,,5422010023.0,,2248.0,,,North,,,Fair Oak View,Terrace,,,,,,,,,,,,,90039.0,,Los Angeles,Los Angeles,,,,,LA City,{291CB710-F431-47E1-B058-F9C4F01CA999},0,,291CB710-F431-47E1-B058-F9C4F01CA999,Unknown,,N,,,Ter,N Fair Oak View Ter,2023/09/12 23:03:18+00,2248 N Fair Oak View Ter Los Angeles 90039,291CB710-F431-47E1-B058-F9C4F01CA999_2248_N_Fair_Oak_View_Ter_Los_Angeles_90039,Fair Oak View,2248 N Fair Oak View Terrace Ter Los Angeles 90039,,,,
758774,1409029,,5422010024.0,,2242.0,,,North,,,Fair Oak View,Terrace,,,,,,,,,,,,,90039.0,,Los Angeles,Los Angeles,,,,,LA City,{6ADAADF5-72CF-45D0-8F69-07FFD953CF44},0,,6ADAADF5-72CF-45D0-8F69-07FFD953CF44,Unknown,,N,,,Ter,N Fair Oak View Ter,2023/09/12 23:03:18+00,2242 N Fair Oak View Ter Los Angeles 90039,6ADAADF5-72CF-45D0-8F69-07FFD953CF44_2242_N_Fair_Oak_View_Ter_Los_Angeles_90039,Fair Oak View,2242 N Fair Oak View Terrace Ter Los Angeles 90039,,,,
758775,1409030,,5422010025.0,,2217.0,,,North,,,Allesandro,Way,,,,,,,,,,,,,90039.0,,Los Angeles,Los Angeles,,,,,LA City,{88704AD3-F06A-4463-A3E1-31DD0CF7D667},0,,88704AD3-F06A-4463-A3E1-31DD0CF7D667,Unknown,,N,,,Wy,N Allesandro Wy,2023/09/12 23:03:18+00,2217 N Allesandro Wy Los Angeles 90039,88704AD3-F06A-4463-A3E1-31DD0CF7D667_2217_N_Allesandro_Wy_Los_Angeles_90039,Allesandro,2217 N Allesandro Way Wy Los Angeles 90039,,,,
758776,1409031,,5422010027.0,,2213.0,,,West,,,Oak Glen,Place,,,,,,,,,,,,,90039.0,,Los Angeles,Los Angeles,,,,,LA City,{E7F65D7C-9159-45DF-8D7D-70FCB0F0E542},0,,E7F65D7C-9159-45DF-8D7D-70FCB0F0E542,Unknown,,W,,,Pl,W Oak Glen Pl,2023/09/12 23:03:18+00,2213 W Oak Glen Pl Los Angeles 90039,E7F65D7C-9159-45DF-8D7D-70FCB0F0E542_2213_W_Oak_Glen_Pl_Los_Angeles_90039,Oak Glen,2213 W Oak Glen Place Pl Los Angeles 90039,,,,
758777,1409032,,5422010028.0,,2215.0,,,West,,,Oak Glen,Place,,,,,,,,,,,,,90039.0,,Los Angeles,Los Angeles,,,,,LA City,{F1942F46-5ADB-497C-AB43-C44325469284},0,,F1942F46-5ADB-497C-AB43-C44325469284,Unknown,,W,,,Pl,W Oak Glen Pl,2023/09/12 23:03:18+00,2215 W Oak Glen Pl Los Angeles 90039,F1942F46-5ADB-497C-AB43-C44325469284_2215_W_Oak_Glen_Pl_Los_Angeles_90039,Oak Glen,2215 W Oak Glen Place Pl Los Angeles 90039,,,,
758778,1409033,,5422010029.0,,2219.0,,,West,,,Oak Glen,Place,,,,,,,,,,,,,90039.0,,Los Angeles,Los Angeles,,,,,LA City,{6531DF8B-BAC6-4F3E-93AB-D248DB1AC789},0,,6531DF8B-BAC6-4F3E-93AB-D248DB1AC789,Unknown,,W,,,Pl,W Oak Glen Pl,2023/09/12 23:03:18+00,2219 W Oak Glen Pl Los Angeles 90039,6531DF8B-BAC6-4F3E-93AB-D248DB1AC789_2219_W_Oak_Glen_Pl_Los_Angeles_90039,Oak Glen,2219 W Oak Glen Place Pl Los Angeles 90039,,,,
758779,1409034,,5422010030.0,,2223.0,,,West,,,Oak Glen,Place,,,,,,,,,,,,,90039.0,,Los Angeles,Los Angeles,,,,,LA City,{408052BF-EEF3-4D6B-8D8E-506CDE5C36FD},0,,408052BF-EEF3-4D6B-8D8E-506CDE5C36FD,Unknown,,W,,,Pl,W Oak Glen Pl,2023/09/12 23:03:18+00,2223 W Oak Glen Pl Los Angeles 90039,408052BF-EEF3-4D6B-8D8E-506CDE5C36FD_2223_W_Oak_Glen_Pl_Los_Angeles_90039,Oak Glen,2223 W Oak Glen Place Pl Los Angeles 90039,,,,
758780,1409035,,5422010030.0,,2223.0,1/2,,,,,Olive,Avenue,,,,,,,,,,,,,90039.0,,Los Angeles,Los Angeles,,,,,Assessor,{C7AFDD75-A12B-4104-898D-139FDD640F77},0,,C7AFDD75-A12B-4104-898D-139FDD640F77,Unknown,,,,,Ave,Olive Ave,2024/04/27 17:13:09+00,2223 1/2 Olive Ave Los Angeles 90039,C7AFDD75-A12B-4104-898D-139FDD640F77_2223_1/2_Olive_Ave_Los_Angeles_90039,Olive,2223 1/2 Olive Avenue Ave Los Angeles 90039,,,,
758781,1409036,,5422010031.0,,2238.0,,,North,,,Fair Oak View,Terrace,,,,,,,,,,,,,90039.0,,Los Angeles,Los Angeles,,,,,LA City,{B0C7042F-715D-4962-9708-23D915FE8456},0,,B0C7042F-715D-4962-9708-23D915FE8456,Unknown,,N,,,Ter,N Fair Oak View Ter,2023/09/12 23:03:18+00,2238 N Fair Oak View Ter Los Angeles 90039,B0C7042F-715D-4962-9708-23D915FE8456_2238_N_Fair_Oak_View_Ter_Los_Angeles_90039,Fair Oak View,2238 N Fair Oak View Terrace Ter Los Angeles 90039,,,,
758782,1409037,,5422010031.0,,2229.0,,,West,,,Oak Glen,Place,,,,,,,,,,,,,90039.0,,Los Angeles,Los Angeles,,,,,LA City,{48DFDA2A-E3B3-4388-8B25-3FDA6A70A2FC},0,,48DFDA2A-E3B3-4388-8B25-3FDA6A70A2FC,Unknown,,W,,,Pl,W Oak Glen Pl,2023/09/12 23:03:18+00,2229 W Oak Glen Pl Los Angeles 90039,48DFDA2A-E3B3-4388-8B25-3FDA6A70A2FC_2229_W_Oak_Glen_Pl_Los_Angeles_90039,Oak Glen,2229 W Oak Glen Place Pl Los Angeles 90039,,,,
758783,1409038,,5422010035.0,,2220.0,,,West,,,Loma Vista,Place,,,,,,,,,,,,,90039.0,,Los Angeles,Los Angeles,,,,,LA City,{E9DEFDE0-879F-4DE5-9A0E-5396BA59E87B},0,,E9DEFDE0-879F-4DE5-9A0E-5396BA59E87B,Unknown,,W,,,Pl,W Loma Vista Pl,2023/09/12 23:03:18+00,2220 W Loma Vista Pl Los Angeles 90039,E9DEFDE0-879F-4DE5-9A0E-5396BA59E87B_2220_W_Loma_Vista_Pl_Los_Angeles_90039,Loma Vista,2220 W Loma Vista Place Pl Los Angeles 90039,,,,
758784,1409039,,5422010036.0,,2215.0,,,North,,,Allesandro,Way,,,,,,,,,,,,,90039.0,,Los Angeles,Los Angeles,,,,,LA City,{E1BF7075-2CB9-4E19-AC28-92317C5C0642},0,,E1BF7075-2CB9-4E19-AC28-92317C5C0642,Unknown,,N,,,Wy,N Allesandro Wy,2023/09/12 23:03:18+00,2215 N Allesandro Wy Los Angeles 90039,E1BF7075-2CB9-4E19-AC28-92317C5C0642_2215_N_Allesandro_Wy_Los_Angeles_90039,Allesandro,2215 N Allesandro Way Wy Los Angeles 90039,,,,
758785,1409040,,5422010037.0,,2219.0,,,North,,,Allesandro,Way,,,,,,,,,,,,,90039.0,,Los Angeles,Los Angeles,,,,,LA City,{A7CEA891-F239-4678-8853-3F5D088E36C2},0,,A7CEA891-F239-4678-8853-3F5D088E36C2,Unknown,,N,,,Wy,N Allesandro Wy,2023/09/12 23:03:18+00,2219 N Allesandro Wy Los Angeles 90039,A7CEA891-F239-4678-8853-3F5D088E36C2_2219_N_Allesandro_Wy_Los_Angeles_90039,Allesandro,2219 N Allesandro Way Wy Los Angeles 90039,,,,
758786,1409041,,5422010037.0,,2223.0,,,North,,,Allesandro,Way,,,,,,,,,,,,,90039.0,,Los Angeles,Los Angeles,,,,,LA City,{015725FA-55C8-4F3D-8CDF-77A7AE2B65A4},0,,015725FA-55C8-4F3D-8CDF-77A7AE2B65A4,Unknown,,N,,,Wy,N Allesandro Wy,2023/09/12 23:03:18+00,2223 N Allesandro Wy Los Angeles 90039,015725FA-55C8-4F3D-8CDF-77A7AE2B65A4_2223_N_Allesandro_Wy_Los_Angeles_90039,Allesandro,2223 N Allesandro Way Wy Los Angeles 90039,,,,
758787,1409042,,5422010037.0,,2221.0,,,North,,,Allesandro,Way,,,,,,,,,,,,,90039.0,,Los Angeles,Los Angeles,,,,,LA City,{53D949A0-4A1A-4F4E-B10A-D474CDA0F5AE},0,,53D949A0-4A1A-4F4E-B10A-D474CDA0F5AE,Unknown,,N,,,Wy,N Allesandro Wy,2023/09/12 23:03:18+00,2221 N Allesandro Wy Los Angeles 90039,53D949A0-4A1A-4F4E-B10A-D474CDA0F5AE_2221_N_Allesandro_Wy_Los_Angeles_90039,Allesandro,2221 N Allesandro Way Wy Los Angeles 90039,,,,
758788,1409043,,5422011001.0,,2236.0,,,North,,,Glendale,Boulevard,,,,,,,,,,,,,90039.0,,Los Angeles,Los Angeles,,,,,LA City,{9CFB5C2E-DE53-45E0-A52A-F45C4FF95C8C},0,,9CFB5C2E-DE53-45E0-A52A-F45C4FF95C8C,Unknown,,N,,,Blvd,N Glendale Blvd,2023/09/12 23:03:18+00,2236 N Glendale Blvd Los Angeles 90039,9CFB5C2E-DE53-45E0-A52A-F45C4FF95C8C_2236_N_Glendale_Blvd_Los_Angeles_90039,Glendale,2236 N Glendale Boulevard Blvd Los Angeles 90039,,,,
758789,1409044,,5422011002.0,,2230.0,1/2,,North,,,Glendale,Boulevard,,,,,,,,,,,,,90039.0,,Los Angeles,Los Angeles,,,,,LA City,{5B28C882-86BE-45B8-A8E7-B3B42C92F1C8},0,,5B28C882-86BE-45B8-A8E7-B3B42C92F1C8,Unknown,,N,,,Blvd,N Glendale Blvd,2024/05/12 21:05:27+00,2230 1/2 N Glendale Blvd Los Angeles 90039,5B28C882-86BE-45B8-A8E7-B3B42C92F1C8_2230_1/2_N_Glendale_Blvd_Los_Angeles_90039,Glendale,2230 1/2 N Glendale Boulevard Blvd Los Angeles 90039,,,,
758790,1409045,,5422011002.0,,2230.0,,,North,,,Glendale,Boulevard,,,,,,,,,,,,,90039.0,,Los Angeles,Los Angeles,,,,,LA City,{8DE1FAA1-6DC4-4F75-A468-A33B1DB97CF0},0,,8DE1FAA1-6DC4-4F75-A468-A33B1DB97CF0,Unknown,,N,,,Blvd,N Glendale Blvd,2024/05/12 21:05:27+00,2230 N Glendale Blvd Los Angeles 90039,8DE1FAA1-6DC4-4F75-A468-A33B1DB97CF0_2230_N_Glendale_Blvd_Los_Angeles_90039,Glendale,2230 N Glendale Boulevard Blvd Los Angeles 90039,,,,
758791,1409046,,5422011003.0,,2226.0,,,North,,,Glendale,Boulevard,,,,,,,,,,,,,90039.0,,Los Angeles,Los Angeles,,,,,LA City,{892A6DE4-9139-476A-BD99-266012E87540},0,,892A6DE4-9139-476A-BD99-266012E87540,Unknown,,N,,,Blvd,N Glendale Blvd,2024/05/12 21:05:27+00,2226 N Glendale Blvd Los Angeles 90039,892A6DE4-9139-476A-BD99-266012E87540_2226_N_Glendale_Blvd_Los_Angeles_90039,Glendale,2226 N Glendale Boulevard Blvd Los Angeles 90039,,,,
758792,1409047,,5422011003.0,,2226.0,1/2,,North,,,Glendale,Boulevard,,,,,,,,,,,,,90039.0,,Los Angeles,Los Angeles,,,,,LA City,{3973AC95-5030-42E9-980C-457B0B3F5947},0,,3973AC95-5030-42E9-980C-457B0B3F5947,Unknown,,N,,,Blvd,N Glendale Blvd,2024/05/12 21:05:27+00,2226 1/2 N Glendale Blvd Los Angeles 90039,3973AC95-5030-42E9-980C-457B0B3F5947_2226_1/2_N_Glendale_Blvd_Los_Angeles_90039,Glendale,2226 1/2 N Glendale Boulevard Blvd Los Angeles 90039,,,,
758793,1409048,,5422011007.0,,2378.0,,,West,,,Loma Vista,Place,,,,,,,,,,,,,90039.0,,Los Angeles,Los Angeles,,,,,LA City,{F5659A4A-AC4B-4FE7-B048-12D3DF7AACA3},0,,F5659A4A-AC4B-4FE7-B048-12D3DF7AACA3,Unknown,,W,,,Pl,W Loma Vista Pl,2023/09/12 23:03:18+00,2378 W Loma Vista Pl Los Angeles 90039,F5659A4A-AC4B-4FE7-B048-12D3DF7AACA3_2378_W_Loma_Vista_Pl_Los_Angeles_90039,Loma Vista,2378 W Loma Vista Place Pl Los Angeles 90039,,,,
758794,1409049,,5422011007.0,,2376.0,,,West,,,Loma Vista,Place,,,,,,,,,,,,,90039.0,,Los Angeles,Los Angeles,,,,,LA City,{9FCD9E07-2E29-45A7-B8BE-DC6B44A9A6FF},0,,9FCD9E07-2E29-45A7-B8BE-DC6B44A9A6FF,Unknown,,W,,,Pl,W Loma Vista Pl,2023/09/12 23:03:18+00,2376 W Loma Vista Pl Los Angeles 90039,9FCD9E07-2E29-45A7-B8BE-DC6B44A9A6FF_2376_W_Loma_Vista_Pl_Los_Angeles_90039,Loma Vista,2376 W Loma Vista Place Pl Los Angeles 90039,,,,
758795,1409050,,5422011008.0,,2372.0,,,West,,,Loma Vista,Place,,,,,,,,,,,,,90039.0,,Los Angeles,Los Angeles,,,,,LA City,{6D3B2DF9-E5F6-4C87-8DBD-B7F062CEE73D},0,,6D3B2DF9-E5F6-4C87-8DBD-B7F062CEE73D,Unknown,,W,,,Pl,W Loma Vista Pl,2023/09/12 23:03:18+00,2372 W Loma Vista Pl Los Angeles 90039,6D3B2DF9-E5F6-4C87-8DBD-B7F062CEE73D_2372_W_Loma_Vista_Pl_Los_Angeles_90039,Loma Vista,2372 W Loma Vista Place Pl Los Angeles 90039,,,,
758796,1409051,,5422011009.0,,2368.0,,,West,,,Loma Vista,Place,,,,,,,,,,,,,90039.0,,Los Angeles,Los Angeles,,,,,LA City,{94A9EACC-5A98-49E6-99D5-1692AF846202},0,,94A9EACC-5A98-49E6-99D5-1692AF846202,Unknown,,W,,,Pl,W Loma Vista Pl,2023/09/12 23:03:18+00,2368 W Loma Vista Pl Los Angeles 90039,94A9EACC-5A98-49E6-99D5-1692AF846202_2368_W_Loma_Vista_Pl_Los_Angeles_90039,Loma Vista,2368 W Loma Vista Place Pl Los Angeles 90039,,,,
758797,1409052,,5422011010.0,,2364.0,,,West,,,Loma Vista,Place,,,,,,,,,,,,,90039.0,,Los Angeles,Los Angeles,,,,,LA City,{DF4F881E-C6C7-4CF7-BEBE-77C0BA28A69B},0,,DF4F881E-C6C7-4CF7-BEBE-77C0BA28A69B,Unknown,,W,,,Pl,W Loma Vista Pl,2023/09/12 23:03:18+00,2364 W Loma Vista Pl Los Angeles 90039,DF4F881E-C6C7-4CF7-BEBE-77C0BA28A69B_2364_W_Loma_Vista_Pl_Los_Angeles_90039,Loma Vista,2364 W Loma Vista Place Pl Los Angeles 90039,,,,
758798,1409053,,5422011011.0,,2360.0,,,West,,,Loma Vista,Place,,,,,,,,,,,,,90039.0,,Los Angeles,Los Angeles,,,,,LA City,{416F2D34-98A8-47F2-AF6C-AA4E785CFB72},0,,416F2D34-98A8-47F2-AF6C-AA4E785CFB72,Unknown,,W,,,Pl,W Loma Vista Pl,2023/09/12 23:03:18+00,2360 W Loma Vista Pl Los Angeles 90039,416F2D34-98A8-47F2-AF6C-AA4E785CFB72_2360_W_Loma_Vista_Pl_Los_Angeles_90039,Loma Vista,2360 W Loma Vista Place Pl Los Angeles 90039,,,,
758799,1409054,,5422011012.0,,2356.0,,,West,,,Loma Vista,Place,,,,,,,,,,,,,90039.0,,Los Angeles,Los Angeles,,,,,LA City,{AE6B2335-7236-4BDF-B0E4-3B1979933C64},0,,AE6B2335-7236-4BDF-B0E4-3B1979933C64,Unknown,,W,,,Pl,W Loma Vista Pl,2023/09/12 23:03:18+00,2356 W Loma Vista Pl Los Angeles 90039,AE6B2335-7236-4BDF-B0E4-3B1979933C64_2356_W_Loma_Vista_Pl_Los_Angeles_90039,Loma Vista,2356 W Loma Vista Place Pl Los Angeles 90039,,,,
758800,1409055,,5422011013.0,,2348.0,,,West,,,Loma Vista,Place,,,,,,,,,,,,,90039.0,,Los Angeles,Los Angeles,,,,,LA City,{5807448F-7A7E-453F-91D6-E15258D44613},0,,5807448F-7A7E-453F-91D6-E15258D44613,Unknown,,W,,,Pl,W Loma Vista Pl,2023/09/12 23:03:18+00,2348 W Loma Vista Pl Los Angeles 90039,5807448F-7A7E-453F-91D6-E15258D44613_2348_W_Loma_Vista_Pl_Los_Angeles_90039,Loma Vista,2348 W Loma Vista Place Pl Los Angeles 90039,,,,
758801,1409056,,5422011013.0,,2346.0,,,West,,,Loma Vista,Place,,,,,,,,,,,,,90039.0,,Los Angeles,Los Angeles,,,,,LA City,{E4D55473-1ED0-4380-8976-65D5AD257A44},0,,E4D55473-1ED0-4380-8976-65D5AD257A44,Unknown,,W,,,Pl,W Loma Vista Pl,2023/09/12 23:03:18+00,2346 W Loma Vista Pl Los Angeles 90039,E4D55473-1ED0-4380-8976-65D5AD257A44_2346_W_Loma_Vista_Pl_Los_Angeles_90039,Loma Vista,2346 W Loma Vista Place Pl Los Angeles 90039,,,,
758802,1409057,,5422011014.0,,2222.0,,,North,,,Glendale,Boulevard,,,,,,,,,,,,,90039.0,,Los Angeles,Los Angeles,,,,,LA City,{05809F21-21E1-42AE-8B4B-5C2BB44DFA46},0,,05809F21-21E1-42AE-8B4B-5C2BB44DFA46,Unknown,,N,,,Blvd,N Glendale Blvd,2023/09/12 23:03:18+00,2222 N Glendale Blvd Los Angeles 90039,05809F21-21E1-42AE-8B4B-5C2BB44DFA46_2222_N_Glendale_Blvd_Los_Angeles_90039,Glendale,2222 N Glendale Boulevard Blvd Los Angeles 90039,,,,
758803,1409058,,5422011014.0,,2220.0,,,North,,,Glendale,Boulevard,,,,,,,,,,,,,90039.0,,Los Angeles,Los Angeles,,,,,LA City,{A85C56F2-33F6-470F-8541-5DCEB178F8B2},0,,A85C56F2-33F6-470F-8541-5DCEB178F8B2,Unknown,,N,,,Blvd,N Glendale Blvd,2023/09/12 23:03:18+00,2220 N Glendale Blvd Los Angeles 90039,A85C56F2-33F6-470F-8541-5DCEB178F8B2_2220_N_Glendale_Blvd_Los_Angeles_90039,Glendale,2220 N Glendale Boulevard Blvd Los Angeles 90039,,,,
758804,1409059,,5422011015.0,,2295.0,,,West,,,Edendale,Place,,,,,,,,,,,,,90039.0,,Los Angeles,Los Angeles,,,,,LA City,{D0A207A8-53B5-4DAB-B2DE-0DA75B5BBD2E},0,,D0A207A8-53B5-4DAB-B2DE-0DA75B5BBD2E,Unknown,,W,,,Pl,W Edendale Pl,2023/09/12 23:03:18+00,2295 W Edendale Pl Los Angeles 90039,D0A207A8-53B5-4DAB-B2DE-0DA75B5BBD2E_2295_W_Edendale_Pl_Los_Angeles_90039,Edendale,2295 W Edendale Place Pl Los Angeles 90039,,,,
758805,1409060,,5422011016.0,,2291.0,,,West,,,Edendale,Place,,,,,,,,,,,,,90039.0,,Los Angeles,Los Angeles,,,,,LA City,{4444F2BE-EA8D-4B03-8114-9F4C588E1D3F},0,,4444F2BE-EA8D-4B03-8114-9F4C588E1D3F,Unknown,,W,,,Pl,W Edendale Pl,2023/09/12 23:03:18+00,2291 W Edendale Pl Los Angeles 90039,4444F2BE-EA8D-4B03-8114-9F4C588E1D3F_2291_W_Edendale_Pl_Los_Angeles_90039,Edendale,2291 W Edendale Place Pl Los Angeles 90039,,,,
758806,1409061,,5422011017.0,,2289.0,,,West,,,Edendale,Place,,,,,,,,,,,,,90039.0,,Los Angeles,Los Angeles,,,,,LA City,{C7D4263F-1111-4EB9-9DD8-7AAC9934CECD},0,,C7D4263F-1111-4EB9-9DD8-7AAC9934CECD,Unknown,,W,,,Pl,W Edendale Pl,2023/09/12 23:03:18+00,2289 W Edendale Pl Los Angeles 90039,C7D4263F-1111-4EB9-9DD8-7AAC9934CECD_2289_W_Edendale_Pl_Los_Angeles_90039,Edendale,2289 W Edendale Place Pl Los Angeles 90039,,,,
758807,1409062,,5422011017.0,,2287.0,,,West,,,Edendale,Place,,,,,,,,,,,,,90039.0,,Los Angeles,Los Angeles,,,,,LA City,{B2DFD4C3-0F3B-403B-855A-75E38424372F},0,,B2DFD4C3-0F3B-403B-855A-75E38424372F,Unknown,,W,,,Pl,W Edendale Pl,2023/09/12 23:03:18+00,2287 W Edendale Pl Los Angeles 90039,B2DFD4C3-0F3B-403B-855A-75E38424372F_2287_W_Edendale_Pl_Los_Angeles_90039,Edendale,2287 W Edendale Place Pl Los Angeles 90039,,,,
758808,1409063,,5422011018.0,,2283.0,,,West,,,Edendale,Place,,,,,,,,,,,,,90039.0,,Los Angeles,Los Angeles,,,,,LA City,{3A0FDE3B-98F7-4601-9E6D-C3B542B2FC13},0,,3A0FDE3B-98F7-4601-9E6D-C3B542B2FC13,Unknown,,W,,,Pl,W Edendale Pl,2023/09/12 23:03:18+00,2283 W Edendale Pl Los Angeles 90039,3A0FDE3B-98F7-4601-9E6D-C3B542B2FC13_2283_W_Edendale_Pl_Los_Angeles_90039,Edendale,2283 W Edendale Place Pl Los Angeles 90039,,,,
758809,1409064,,5422011019.0,,2279.0,,,West,,,Edendale,Place,,,,,,,,,,,,,90039.0,,Los Angeles,Los Angeles,,,,,LA City,{C7E9E50F-6BE7-45B4-AC44-53FD353E29B9},0,,C7E9E50F-6BE7-45B4-AC44-53FD353E29B9,Unknown,,W,,,Pl,W Edendale Pl,2023/09/12 23:03:18+00,2279 W Edendale Pl Los Angeles 90039,C7E9E50F-6BE7-45B4-AC44-53FD353E29B9_2279_W_Edendale_Pl_Los_Angeles_90039,Edendale,2279 W Edendale Place Pl Los Angeles 90039,,,,
758810,1409065,,5422011020.0,,2275.0,,,West,,,Edendale,Place,,,,,,,,,,,,,90039.0,,Los Angeles,Los Angeles,,,,,LA City,{8EF8F677-4BF6-40DF-BCFE-08BC6430EC26},0,,8EF8F677-4BF6-40DF-BCFE-08BC6430EC26,Unknown,,W,,,Pl,W Edendale Pl,2023/09/12 23:03:18+00,2275 W Edendale Pl Los Angeles 90039,8EF8F677-4BF6-40DF-BCFE-08BC6430EC26_2275_W_Edendale_Pl_Los_Angeles_90039,Edendale,2275 W Edendale Place Pl Los Angeles 90039,,,,
758811,1409066,,5422011021.0,,2271.0,,,West,,,Edendale,Place,,,,,,,,,,,,,90039.0,,Los Angeles,Los Angeles,,,,,LA City,{E54CCC8B-99B3-4C4C-A744-B614901BC2F4},0,,E54CCC8B-99B3-4C4C-A744-B614901BC2F4,Unknown,,W,,,Pl,W Edendale Pl,2023/09/12 23:03:18+00,2271 W Edendale Pl Los Angeles 90039,E54CCC8B-99B3-4C4C-A744-B614901BC2F4_2271_W_Edendale_Pl_Los_Angeles_90039,Edendale,2271 W Edendale Place Pl Los Angeles 90039,,,,
758812,1409067,,5422011025.0,,2263.0,,,West,,,Edendale,Place,,,,,,,,,,,,,90039.0,,Los Angeles,Los Angeles,,,,,LA City,{DDBCDAB8-45A8-425D-A28D-AB5220FAFE24},0,,DDBCDAB8-45A8-425D-A28D-AB5220FAFE24,Unknown,,W,,,Pl,W Edendale Pl,2023/09/12 23:03:18+00,2263 W Edendale Pl Los Angeles 90039,DDBCDAB8-45A8-425D-A28D-AB5220FAFE24_2263_W_Edendale_Pl_Los_Angeles_90039,Edendale,2263 W Edendale Place Pl Los Angeles 90039,,,,
758813,1409068,,5422012002.0,,2290.0,,,West,,,Edendale,Place,,,,,,,,,,,,,90039.0,,Los Angeles,Los Angeles,,,,,LA City,{4C846EF0-6547-43D4-91EC-DDB6ABF7E92C},0,,4C846EF0-6547-43D4-91EC-DDB6ABF7E92C,Unknown,,W,,,Pl,W Edendale Pl,2023/09/12 23:03:18+00,2290 W Edendale Pl Los Angeles 90039,4C846EF0-6547-43D4-91EC-DDB6ABF7E92C_2290_W_Edendale_Pl_Los_Angeles_90039,Edendale,2290 W Edendale Place Pl Los Angeles 90039,,,,
758814,1409069,,5422012003.0,,2288.0,,,West,,,Edendale,Place,,,,,,,,,,,,,90039.0,,Los Angeles,Los Angeles,,,,,LA City,{ABA0571D-F02B-4CDD-A8A8-2AAFA530209E},0,,ABA0571D-F02B-4CDD-A8A8-2AAFA530209E,Unknown,,W,,,Pl,W Edendale Pl,2023/09/12 23:03:18+00,2288 W Edendale Pl Los Angeles 90039,ABA0571D-F02B-4CDD-A8A8-2AAFA530209E_2288_W_Edendale_Pl_Los_Angeles_90039,Edendale,2288 W Edendale Place Pl Los Angeles 90039,,,,
758815,1409070,,5422012004.0,,2278.0,,,West,,,Edendale,Place,,,,,,,,,,,,,90039.0,,Los Angeles,Los Angeles,,,,,LA City,{04E2E65B-4088-4BFE-8E97-B3700EFC2F5E},0,,04E2E65B-4088-4BFE-8E97-B3700EFC2F5E,Unknown,,W,,,Pl,W Edendale Pl,2023/09/12 23:03:18+00,2278 W Edendale Pl Los Angeles 90039,04E2E65B-4088-4BFE-8E97-B3700EFC2F5E_2278_W_Edendale_Pl_Los_Angeles_90039,Edendale,2278 W Edendale Place Pl Los Angeles 90039,,,,
758816,1409071,,5422012004.0,,2280.0,,,West,,,Edendale,Place,,,,,,,,,,,,,90039.0,,Los Angeles,Los Angeles,,,,,LA City,{8DFB792D-83B1-4BBA-8E7F-66D20797B95D},0,,8DFB792D-83B1-4BBA-8E7F-66D20797B95D,Unknown,,W,,,Pl,W Edendale Pl,2023/09/12 23:03:18+00,2280 W Edendale Pl Los Angeles 90039,8DFB792D-83B1-4BBA-8E7F-66D20797B95D_2280_W_Edendale_Pl_Los_Angeles_90039,Edendale,2280 W Edendale Place Pl Los Angeles 90039,,,,
758817,1409072,,5422012007.0,,2266.0,,,West,,,Edendale,Place,,,,,,,,,,,,,90039.0,,Los Angeles,Los Angeles,,,,,LA City,{FE9348B6-E855-45C8-9344-D62FB48D2032},0,,FE9348B6-E855-45C8-9344-D62FB48D2032,Unknown,,W,,,Pl,W Edendale Pl,2024/05/12 21:05:27+00,2266 W Edendale Pl Los Angeles 90039,FE9348B6-E855-45C8-9344-D62FB48D2032_2266_W_Edendale_Pl_Los_Angeles_90039,Edendale,2266 W Edendale Place Pl Los Angeles 90039,,,,
758818,1409073,,5422012007.0,,2266.0,1/2,,West,,,Edendale,Place,,,,,,,,,,,,,90039.0,,Los Angeles,Los Angeles,,,,,LA City,{4CFA9641-299B-4FAB-A831-480D25D6D3C7},0,,4CFA9641-299B-4FAB-A831-480D25D6D3C7,Unknown,,W,,,Pl,W Edendale Pl,2024/05/12 21:05:27+00,2266 1/2 W Edendale Pl Los Angeles 90039,4CFA9641-299B-4FAB-A831-480D25D6D3C7_2266_1/2_W_Edendale_Pl_Los_Angeles_90039,Edendale,2266 1/2 W Edendale Place Pl Los Angeles 90039,,,,
758819,1409074,,5422012008.0,,2260.0,,,West,,,Edendale,Place,,,,,,,,,,,,,90039.0,,Los Angeles,Los Angeles,,,,,LA City,{8358799C-14B9-4A8B-8AAD-9FB29FC1E3C1},0,,8358799C-14B9-4A8B-8AAD-9FB29FC1E3C1,Unknown,,W,,,Pl,W Edendale Pl,2023/09/12 23:03:18+00,2260 W Edendale Pl Los Angeles 90039,8358799C-14B9-4A8B-8AAD-9FB29FC1E3C1_2260_W_Edendale_Pl_Los_Angeles_90039,Edendale,2260 W Edendale Place Pl Los Angeles 90039,,,,
758820,1409075,,5422012009.0,,2256.0,,,West,,,Edendale,Place,,,,,,,,,,,,,90039.0,,Los Angeles,Los Angeles,,,,,LA City,{74BF7EE3-0E0E-4E40-83FD-75B703AA4C9D},0,,74BF7EE3-0E0E-4E40-83FD-75B703AA4C9D,Unknown,,W,,,Pl,W Edendale Pl,2023/09/12 23:03:18+00,2256 W Edendale Pl Los Angeles 90039,74BF7EE3-0E0E-4E40-83FD-75B703AA4C9D_2256_W_Edendale_Pl_Los_Angeles_90039,Edendale,2256 W Edendale Place Pl Los Angeles 90039,,,,
758821,1409076,,5422012011.0,,2235.0,,,North,,,Fair Oak View,Terrace,,,,,,,,,,,,,90039.0,,Los Angeles,Los Angeles,,,,,LA City,{233148D0-7F90-45AF-A026-0713531245C0},0,,233148D0-7F90-45AF-A026-0713531245C0,Unknown,,N,,,Ter,N Fair Oak View Ter,2023/09/12 23:03:18+00,2235 N Fair Oak View Ter Los Angeles 90039,233148D0-7F90-45AF-A026-0713531245C0_2235_N_Fair_Oak_View_Ter_Los_Angeles_90039,Fair Oak View,2235 N Fair Oak View Terrace Ter Los Angeles 90039,,,,
758822,1409077,,5422012011.0,,2233.0,,,North,,,Fair Oak View,Terrace,,,,,,,,,,,,,90039.0,,Los Angeles,Los Angeles,,,,,LA City,{DFBBD487-A742-49FC-A024-276149B2AD7F},0,,DFBBD487-A742-49FC-A024-276149B2AD7F,Unknown,,N,,,Ter,N Fair Oak View Ter,2023/09/12 23:03:18+00,2233 N Fair Oak View Ter Los Angeles 90039,DFBBD487-A742-49FC-A024-276149B2AD7F_2233_N_Fair_Oak_View_Ter_Los_Angeles_90039,Fair Oak View,2233 N Fair Oak View Terrace Ter Los Angeles 90039,,,,
758823,1409078,,5422012012.0,,2257.0,,,West,,,Moore,Street,,,,,,,,,,,,,90039.0,,Los Angeles,Los Angeles,,,,,LA City,{CF7A9768-DF17-4466-957A-B78ABFCF1272},0,,CF7A9768-DF17-4466-957A-B78ABFCF1272,Unknown,,W,,,St,W Moore St,2023/09/12 23:03:18+00,2257 W Moore St Los Angeles 90039,CF7A9768-DF17-4466-957A-B78ABFCF1272_2257_W_Moore_St_Los_Angeles_90039,Moore,2257 W Moore Street St Los Angeles 90039,,,,
758824,1409079,,5422012012.0,,2259.0,,,West,,,Moore,Street,,,,,,,,,,,,,90039.0,,Los Angeles,Los Angeles,,,,,LA City,{B832A355-371B-4F75-A582-6121379CA7DE},0,,B832A355-371B-4F75-A582-6121379CA7DE,Unknown,,W,,,St,W Moore St,2023/09/12 23:03:18+00,2259 W Moore St Los Angeles 90039,B832A355-371B-4F75-A582-6121379CA7DE_2259_W_Moore_St_Los_Angeles_90039,Moore,2259 W Moore Street St Los Angeles 90039,,,,
758825,1409080,,5422012013.0,,2253.0,,,West,,,Moore,Street,,,,,,,,,,,,,90039.0,,Los Angeles,Los Angeles,,,,,LA City,{3DB9D235-6835-48F6-857F-BFA18482491E},0,,3DB9D235-6835-48F6-857F-BFA18482491E,Unknown,,W,,,St,W Moore St,2023/09/12 23:03:18+00,2253 W Moore St Los Angeles 90039,3DB9D235-6835-48F6-857F-BFA18482491E_2253_W_Moore_St_Los_Angeles_90039,Moore,2253 W Moore Street St Los Angeles 90039,,,,
758826,1409081,,5422012013.0,,2255.0,,,West,,,Moore,Street,,,,,,,,,,,,,90039.0,,Los Angeles,Los Angeles,,,,,LA City,{A1A4DD04-B6D0-46ED-8F44-29A0E0B65D77},0,,A1A4DD04-B6D0-46ED-8F44-29A0E0B65D77,Unknown,,W,,,St,W Moore St,2023/09/12 23:03:18+00,2255 W Moore St Los Angeles 90039,A1A4DD04-B6D0-46ED-8F44-29A0E0B65D77_2255_W_Moore_St_Los_Angeles_90039,Moore,2255 W Moore Street St Los Angeles 90039,,,,
758827,1409082,,5422012014.0,,2247.0,,,West,,,Moore,Street,,,,,,,,,,,,,90039.0,,Los Angeles,Los Angeles,,,,,LA City,{F0B58BA2-8A82-46D1-B4D4-5D9F919B9193},0,,F0B58BA2-8A82-46D1-B4D4-5D9F919B9193,Unknown,,W,,,St,W Moore St,2023/09/12 23:03:18+00,2247 W Moore St Los Angeles 90039,F0B58BA2-8A82-46D1-B4D4-5D9F919B9193_2247_W_Moore_St_Los_Angeles_90039,Moore,2247 W Moore Street St Los Angeles 90039,,,,
758828,1409083,,5422012014.0,,2249.0,,,West,,,Moore,Street,,,,,,,,,,,,,90039.0,,Los Angeles,Los Angeles,,,,,LA City,{D04F9E10-2E43-49D9-8785-58BCD14B72CC},0,,D04F9E10-2E43-49D9-8785-58BCD14B72CC,Unknown,,W,,,St,W Moore St,2023/09/12 23:03:18+00,2249 W Moore St Los Angeles 90039,D04F9E10-2E43-49D9-8785-58BCD14B72CC_2249_W_Moore_St_Los_Angeles_90039,Moore,2249 W Moore Street St Los Angeles 90039,,,,
758829,1409084,,5422012015.0,,2245.0,,,West,,,Moore,Street,,,,,,,,,,,,,90039.0,,Los Angeles,Los Angeles,,,,,LA City,{0BC2BCBA-E62C-4410-BDA6-081F62A9CE55},0,,0BC2BCBA-E62C-4410-BDA6-081F62A9CE55,Unknown,,W,,,St,W Moore St,2023/09/12 23:03:18+00,2245 W Moore St Los Angeles 90039,0BC2BCBA-E62C-4410-BDA6-081F62A9CE55_2245_W_Moore_St_Los_Angeles_90039,Moore,2245 W Moore Street St Los Angeles 90039,,,,
758830,1409085,,5422012016.0,,2229.0,,,North,,,Fair Oak View,Terrace,,,,,,,,,,,,,90039.0,,Los Angeles,Los Angeles,,,,,LA City,{1005C1AC-1CE1-4360-B26A-E6AE216C0DD5},0,,1005C1AC-1CE1-4360-B26A-E6AE216C0DD5,Unknown,,N,,,Ter,N Fair Oak View Ter,2023/09/12 23:03:18+00,2229 N Fair Oak View Ter Los Angeles 90039,1005C1AC-1CE1-4360-B26A-E6AE216C0DD5_2229_N_Fair_Oak_View_Ter_Los_Angeles_90039,Fair Oak View,2229 N Fair Oak View Terrace Ter Los Angeles 90039,,,,
758831,1409086,,5422012017.0,,2237.0,,,West,,,Moore,Street,,,,,,,,,,,,,90039.0,,Los Angeles,Los Angeles,,,,,LA City,{FCACE32D-60D0-41D3-855C-238554ACF31D},0,,FCACE32D-60D0-41D3-855C-238554ACF31D,Unknown,,W,,,St,W Moore St,2023/09/12 23:03:18+00,2237 W Moore St Los Angeles 90039,FCACE32D-60D0-41D3-855C-238554ACF31D_2237_W_Moore_St_Los_Angeles_90039,Moore,2237 W Moore Street St Los Angeles 90039,,,,
758832,1409087,,5422012017.0,,2243.0,,,West,,,Moore,Street,,,,,,,,,,,,,90039.0,,Los Angeles,Los Angeles,,,,,LA City,{574C1702-2D5E-4320-8099-FF16FB161B90},0,,574C1702-2D5E-4320-8099-FF16FB161B90,Unknown,,W,,,St,W Moore St,2023/09/12 23:03:18+00,2243 W Moore St Los Angeles 90039,574C1702-2D5E-4320-8099-FF16FB161B90_2243_W_Moore_St_Los_Angeles_90039,Moore,2243 W Moore Street St Los Angeles 90039,,,,
758833,1409088,,5422012018.0,,2223.0,,,North,,,Fair Oak View,Terrace,,,,,,,,,,,,,90039.0,,Los Angeles,Los Angeles,,,,,LA City,{D51D198D-0CB4-4F9D-8233-A05FA5D138E3},0,,D51D198D-0CB4-4F9D-8233-A05FA5D138E3,Unknown,,N,,,Ter,N Fair Oak View Ter,2023/09/12 23:03:18+00,2223 N Fair Oak View Ter Los Angeles 90039,D51D198D-0CB4-4F9D-8233-A05FA5D138E3_2223_N_Fair_Oak_View_Ter_Los_Angeles_90039,Fair Oak View,2223 N Fair Oak View Terrace Ter Los Angeles 90039,,,,
758834,1409089,,5422012019.0,,2219.0,,,North,,,Fair Oak View,Terrace,,,,,,,,,,,,,90039.0,,Los Angeles,Los Angeles,,,,,LA City,{41AC39AF-1F94-4FCF-B0D9-43C7CE46B4B3},0,,41AC39AF-1F94-4FCF-B0D9-43C7CE46B4B3,Unknown,,N,,,Ter,N Fair Oak View Ter,2023/09/12 23:03:18+00,2219 N Fair Oak View Ter Los Angeles 90039,41AC39AF-1F94-4FCF-B0D9-43C7CE46B4B3_2219_N_Fair_Oak_View_Ter_Los_Angeles_90039,Fair Oak View,2219 N Fair Oak View Terrace Ter Los Angeles 90039,,,,
758835,1409090,,5422012019.0,,2231.0,,,,,,Moore,Street,,,,,,,,,,,,,90039.0,,Los Angeles,Los Angeles,,,,,Assessor,{13A4FB2B-97F7-4AFD-B0D0-B79810840985},0,,13A4FB2B-97F7-4AFD-B0D0-B79810840985,Unknown,,,,,St,Moore St,2024/04/27 17:13:09+00,2231 Moore St Los Angeles 90039,13A4FB2B-97F7-4AFD-B0D0-B79810840985_2231_Moore_St_Los_Angeles_90039,Moore,2231 Moore Street St Los Angeles 90039,,,,
758836,1409091,,5422012021.0,,2247.0,,,North,,,Fair Oak View,Terrace,,,,,,,,,,,,,90039.0,,Los Angeles,Los Angeles,,,,,LA City,{6AEC2900-8266-4EE3-8698-10EEBB221453},0,,6AEC2900-8266-4EE3-8698-10EEBB221453,Unknown,,N,,,Ter,N Fair Oak View Ter,2023/09/12 23:03:18+00,2247 N Fair Oak View Ter Los Angeles 90039,6AEC2900-8266-4EE3-8698-10EEBB221453_2247_N_Fair_Oak_View_Ter_Los_Angeles_90039,Fair Oak View,2247 N Fair Oak View Terrace Ter Los Angeles 90039,,,,
758837,1409092,,5422012022.0,,2253.0,,,North,,,Fair Oak View,Terrace,,,,,,,,,,,,,90039.0,,Los Angeles,Los Angeles,,,,,LA City,{F3876B66-2116-4121-B126-1CCDF1D66BC9},0,,F3876B66-2116-4121-B126-1CCDF1D66BC9,Unknown,,N,,,Ter,N Fair Oak View Ter,2024/05/12 21:05:27+00,2253 N Fair Oak View Ter Los Angeles 90039,F3876B66-2116-4121-B126-1CCDF1D66BC9_2253_N_Fair_Oak_View_Ter_Los_Angeles_90039,Fair Oak View,2253 N Fair Oak View Terrace Ter Los Angeles 90039,,,,
758838,1409093,,5422012022.0,,2253.0,1/2,,North,,,Fair Oak View,Terrace,,,,,,,,,,,,,90039.0,,Los Angeles,Los Angeles,,,,,LA City,{8497DC01-6D7F-452F-B6C8-6A69075E94A4},0,,8497DC01-6D7F-452F-B6C8-6A69075E94A4,Unknown,,N,,,Ter,N Fair Oak View Ter,2024/05/12 21:05:27+00,2253 1/2 N Fair Oak View Ter Los Angeles 90039,8497DC01-6D7F-452F-B6C8-6A69075E94A4_2253_1/2_N_Fair_Oak_View_Ter_Los_Angeles_90039,Fair Oak View,2253 1/2 N Fair Oak View Terrace Ter Los Angeles 90039,,,,
758839,1409094,,5422012026.0,,2271.0,,,North,,,Fair Oak View,Terrace,,,,,,,,,,,,,90039.0,,Los Angeles,Los Angeles,,,,,LA City,{622D943B-D19B-42E2-96A3-E6338D5D26F2},0,,622D943B-D19B-42E2-96A3-E6338D5D26F2,Unknown,,N,,,Ter,N Fair Oak View Ter,2023/09/12 23:03:18+00,2271 N Fair Oak View Ter Los Angeles 90039,622D943B-D19B-42E2-96A3-E6338D5D26F2_2271_N_Fair_Oak_View_Ter_Los_Angeles_90039,Fair Oak View,2271 N Fair Oak View Terrace Ter Los Angeles 90039,,,,
758840,1409095,,5422012027.0,,2246.0,,,West,,,Edendale,Place,,,,,,,,,,,,,90039.0,,Los Angeles,Los Angeles,,,,,LA City,{947AD41B-C400-4B86-9FAD-AA31FC4F9CAA},0,,947AD41B-C400-4B86-9FAD-AA31FC4F9CAA,Unknown,,W,,,Pl,W Edendale Pl,2024/05/12 21:05:27+00,2246 W Edendale Pl Los Angeles 90039,947AD41B-C400-4B86-9FAD-AA31FC4F9CAA_2246_W_Edendale_Pl_Los_Angeles_90039,Edendale,2246 W Edendale Place Pl Los Angeles 90039,,,,
758841,1409096,,5422012027.0,,2246.0,1/2,,West,,,Edendale,Place,,,,,,,,,,,,,90039.0,,Los Angeles,Los Angeles,,,,,LA City,{A8B54CBD-BE32-485A-82F5-35CDBBA086A7},0,,A8B54CBD-BE32-485A-82F5-35CDBBA086A7,Unknown,,W,,,Pl,W Edendale Pl,2024/05/12 21:05:27+00,2246 1/2 W Edendale Pl Los Angeles 90039,A8B54CBD-BE32-485A-82F5-35CDBBA086A7_2246_1/2_W_Edendale_Pl_Los_Angeles_90039,Edendale,2246 1/2 W Edendale Place Pl Los Angeles 90039,,,,
758842,1409097,,5422012029.0,,2255.0,,,North,,,Fair Oak View,Terrace,,,,,,,,,,,,,90039.0,,Los Angeles,Los Angeles,,,,,LA City,{7E24D0A6-ECBE-45A1-B246-D2772CD60353},0,,7E24D0A6-ECBE-45A1-B246-D2772CD60353,Unknown,,N,,,Ter,N Fair Oak View Ter,2023/09/12 23:03:18+00,2255 N Fair Oak View Ter Los Angeles 90039,7E24D0A6-ECBE-45A1-B246-D2772CD60353_2255_N_Fair_Oak_View_Ter_Los_Angeles_90039,Fair Oak View,2255 N Fair Oak View Terrace Ter Los Angeles 90039,,,,
758843,1409098,,5422012029.0,,2257.0,,,North,,,Fair Oak View,Terrace,,,,,,,,,,,,,90039.0,,Los Angeles,Los Angeles,,,,,LA City,{251FC9CA-866F-4556-A1F4-6CDAEAEDA322},0,,251FC9CA-866F-4556-A1F4-6CDAEAEDA322,Unknown,,N,,,Ter,N Fair Oak View Ter,2023/09/12 23:03:18+00,2257 N Fair Oak View Ter Los Angeles 90039,251FC9CA-866F-4556-A1F4-6CDAEAEDA322_2257_N_Fair_Oak_View_Ter_Los_Angeles_90039,Fair Oak View,2257 N Fair Oak View Terrace Ter Los Angeles 90039,,,,
758844,1409099,,5422012030.0,,2270.0,,,West,,,Edendale,Place,,,,,,,,,,,,,90039.0,,Los Angeles,Los Angeles,,,,,LA City,{6470D0F6-1031-43C0-B5B0-3B82675B7EBC},0,,6470D0F6-1031-43C0-B5B0-3B82675B7EBC,Unknown,,W,,,Pl,W Edendale Pl,2023/09/12 23:03:18+00,2270 W Edendale Pl Los Angeles 90039,6470D0F6-1031-43C0-B5B0-3B82675B7EBC_2270_W_Edendale_Pl_Los_Angeles_90039,Edendale,2270 W Edendale Place Pl Los Angeles 90039,,,,
758845,1409100,,5422012031.0,,2250.0,,,West,,,Edendale,Place,,,,,,,,,,,,,90039.0,,Los Angeles,Los Angeles,,,,,LA City,{04B98992-4674-45CB-AC65-1150A239635D},0,,04B98992-4674-45CB-AC65-1150A239635D,Unknown,,W,,,Pl,W Edendale Pl,2023/09/12 23:03:18+00,2250 W Edendale Pl Los Angeles 90039,04B98992-4674-45CB-AC65-1150A239635D_2250_W_Edendale_Pl_Los_Angeles_90039,Edendale,2250 W Edendale Place Pl Los Angeles 90039,,,,
758846,1409101,,5422013001.0,,2209.0,,,North,,,Fair Oak View,Terrace,,,,,,,,,,,,,90039.0,,Los Angeles,Los Angeles,,,,,LA City,{7BF1CEA3-547D-43DB-9635-65095009BC22},0,,7BF1CEA3-547D-43DB-9635-65095009BC22,Unknown,,N,,,Ter,N Fair Oak View Ter,2023/09/12 23:03:18+00,2209 N Fair Oak View Ter Los Angeles 90039,7BF1CEA3-547D-43DB-9635-65095009BC22_2209_N_Fair_Oak_View_Ter_Los_Angeles_90039,Fair Oak View,2209 N Fair Oak View Terrace Ter Los Angeles 90039,,,,
758847,1409102,,5422013001.0,,2230.0,,,West,,,Moore,Street,,,,,,,,,,,,,90039.0,,Los Angeles,Los Angeles,,,,,LA City,{16FE7C6A-622E-469F-8433-9E5B978F3833},0,,16FE7C6A-622E-469F-8433-9E5B978F3833,Unknown,,W,,,St,W Moore St,2023/09/12 23:03:18+00,2230 W Moore St Los Angeles 90039,16FE7C6A-622E-469F-8433-9E5B978F3833_2230_W_Moore_St_Los_Angeles_90039,Moore,2230 W Moore Street St Los Angeles 90039,,,,
758848,1409103,,5422013002.0,,2235.0,,,West,,,Cove,Avenue,,,,,,,,,,,,,90039.0,,Los Angeles,Los Angeles,,,,,LA City,{CB497C8C-A2F7-4074-A312-A694D17ADC2C},0,,CB497C8C-A2F7-4074-A312-A694D17ADC2C,Unknown,,W,,,Ave,W Cove Ave,2023/09/12 23:03:18+00,2235 W Cove Ave Los Angeles 90039,CB497C8C-A2F7-4074-A312-A694D17ADC2C_2235_W_Cove_Ave_Los_Angeles_90039,Cove,2235 W Cove Avenue Ave Los Angeles 90039,,,,
758849,1409104,,5422013002.0,,2207.0,,,North,,,Fair Oak View,Terrace,,,,,,,,,,,,,90039.0,,Los Angeles,Los Angeles,,,,,LA City,{A058A120-A243-48FD-92D6-3B6C79DB2A6C},0,,A058A120-A243-48FD-92D6-3B6C79DB2A6C,Unknown,,N,,,Ter,N Fair Oak View Ter,2023/09/12 23:03:18+00,2207 N Fair Oak View Ter Los Angeles 90039,A058A120-A243-48FD-92D6-3B6C79DB2A6C_2207_N_Fair_Oak_View_Ter_Los_Angeles_90039,Fair Oak View,2207 N Fair Oak View Terrace Ter Los Angeles 90039,,,,
758850,1409105,,5422013002.0,,2243.0,,,West,,,Cove,Avenue,,,,,,,,,,,,,90039.0,,Los Angeles,Los Angeles,,,,,LA City,{B1D065EB-D8F2-46FD-AF17-8DF2930B8C64},0,,B1D065EB-D8F2-46FD-AF17-8DF2930B8C64,Unknown,,W,,,Ave,W Cove Ave,2023/09/12 23:03:18+00,2243 W Cove Ave Los Angeles 90039,B1D065EB-D8F2-46FD-AF17-8DF2930B8C64_2243_W_Cove_Ave_Los_Angeles_90039,Cove,2243 W Cove Avenue Ave Los Angeles 90039,,,,
758851,1409106,,5422013004.0,,2247.0,1/2,,West,,,Cove,Avenue,,,,,,,,,,,,,90039.0,,Los Angeles,Los Angeles,,,,,LA City,{8599FA22-5A92-40F9-B1B5-92587EBA3995},0,,8599FA22-5A92-40F9-B1B5-92587EBA3995,Unknown,,W,,,Ave,W Cove Ave,2024/05/12 21:05:27+00,2247 1/2 W Cove Ave Los Angeles 90039,8599FA22-5A92-40F9-B1B5-92587EBA3995_2247_1/2_W_Cove_Ave_Los_Angeles_90039,Cove,2247 1/2 W Cove Avenue Ave Los Angeles 90039,,,,
758852,1409107,,5422013004.0,,2247.0,,,West,,,Cove,Avenue,,,,,,,,,,,,,90039.0,,Los Angeles,Los Angeles,,,,,LA City,{AFC10E47-CA46-4DF0-BA69-4AB4E7A6CB80},0,,AFC10E47-CA46-4DF0-BA69-4AB4E7A6CB80,Unknown,,W,,,Ave,W Cove Ave,2024/05/12 21:05:27+00,2247 W Cove Ave Los Angeles 90039,AFC10E47-CA46-4DF0-BA69-4AB4E7A6CB80_2247_W_Cove_Ave_Los_Angeles_90039,Cove,2247 W Cove Avenue Ave Los Angeles 90039,,,,
758853,1409108,,5422013005.0,,2249.0,,,West,,,Cove,Avenue,,,,,,,,,,,,,90039.0,,Los Angeles,Los Angeles,,,,,LA City,{84107997-10EA-44EF-8B8F-C4724C01AD67},0,,84107997-10EA-44EF-8B8F-C4724C01AD67,Unknown,,W,,,Ave,W Cove Ave,2023/09/12 23:03:18+00,2249 W Cove Ave Los Angeles 90039,84107997-10EA-44EF-8B8F-C4724C01AD67_2249_W_Cove_Ave_Los_Angeles_90039,Cove,2249 W Cove Avenue Ave Los Angeles 90039,,,,
758854,1409109,,5422013006.0,,2253.0,,,West,,,Cove,Avenue,,,,,,,,,,,,,90039.0,,Los Angeles,Los Angeles,,,,,LA City,{28E9B562-7E68-464D-9E32-EF0F58D02120},0,,28E9B562-7E68-464D-9E32-EF0F58D02120,Unknown,,W,,,Ave,W Cove Ave,2023/09/12 23:03:18+00,2253 W Cove Ave Los Angeles 90039,28E9B562-7E68-464D-9E32-EF0F58D02120_2253_W_Cove_Ave_Los_Angeles_90039,Cove,2253 W Cove Avenue Ave Los Angeles 90039,,,,
758855,1409110,,5422013007.0,,2257.0,,,West,,,Cove,Avenue,,,,,,,,,,,,,90039.0,,Los Angeles,Los Angeles,,,,,LA City,{936B7365-C2B9-4C42-8D57-5358873B5A9E},0,,936B7365-C2B9-4C42-8D57-5358873B5A9E,Unknown,,W,,,Ave,W Cove Ave,2023/09/12 23:03:18+00,2257 W Cove Ave Los Angeles 90039,936B7365-C2B9-4C42-8D57-5358873B5A9E_2257_W_Cove_Ave_Los_Angeles_90039,Cove,2257 W Cove Avenue Ave Los Angeles 90039,,,,
758856,1409111,,5422013008.0,,2265.0,,,West,,,Cove,Avenue,,,,,,,,,,,,,90039.0,,Los Angeles,Los Angeles,,,,,LA City,{09CC2C15-44FA-4356-8728-02D31A332C41},0,,09CC2C15-44FA-4356-8728-02D31A332C41,Unknown,,W,,,Ave,W Cove Ave,2023/09/12 23:03:18+00,2265 W Cove Ave Los Angeles 90039,09CC2C15-44FA-4356-8728-02D31A332C41_2265_W_Cove_Ave_Los_Angeles_90039,Cove,2265 W Cove Avenue Ave Los Angeles 90039,,,,
758857,1409112,,5422013009.0,,2269.0,,,West,,,Cove,Avenue,,,,,,,,,,,,,90039.0,,Los Angeles,Los Angeles,,,,,LA City,{042899BD-73C1-4EA4-9667-6525A743F4BB},0,,042899BD-73C1-4EA4-9667-6525A743F4BB,Unknown,,W,,,Ave,W Cove Ave,2023/09/12 23:03:18+00,2269 W Cove Ave Los Angeles 90039,042899BD-73C1-4EA4-9667-6525A743F4BB_2269_W_Cove_Ave_Los_Angeles_90039,Cove,2269 W Cove Avenue Ave Los Angeles 90039,,,,
758858,1409113,,5422013010.0,,2275.0,,,West,,,Cove,Avenue,,,,,,,,,,,,,90039.0,,Los Angeles,Los Angeles,,,,,LA City,{7DFF971A-ABBE-413B-AAE5-12198F251042},0,,7DFF971A-ABBE-413B-AAE5-12198F251042,Unknown,,W,,,Ave,W Cove Ave,2023/09/12 23:03:18+00,2275 W Cove Ave Los Angeles 90039,7DFF971A-ABBE-413B-AAE5-12198F251042_2275_W_Cove_Ave_Los_Angeles_90039,Cove,2275 W Cove Avenue Ave Los Angeles 90039,,,,
758859,1409114,,5422013010.0,,2277.0,,,West,,,Cove,Avenue,,,,,,,,,,,,,90039.0,,Los Angeles,Los Angeles,,,,,LA City,{EB7B8149-B2DF-4B20-AF4B-6937A462A2AD},0,,EB7B8149-B2DF-4B20-AF4B-6937A462A2AD,Unknown,,W,,,Ave,W Cove Ave,2023/09/12 23:03:18+00,2277 W Cove Ave Los Angeles 90039,EB7B8149-B2DF-4B20-AF4B-6937A462A2AD_2277_W_Cove_Ave_Los_Angeles_90039,Cove,2277 W Cove Avenue Ave Los Angeles 90039,,,,
758860,1409115,,5422013010.0,,2273.0,,,West,,,Cove,Avenue,,,,,,,,,,,,,90039.0,,Los Angeles,Los Angeles,,,,,LA City,{3EDFDB6B-0A6B-4D73-81F9-F78B52D3FDAA},0,,3EDFDB6B-0A6B-4D73-81F9-F78B52D3FDAA,Unknown,,W,,,Ave,W Cove Ave,2024/05/12 21:05:27+00,2273 W Cove Ave Los Angeles 90039,3EDFDB6B-0A6B-4D73-81F9-F78B52D3FDAA_2273_W_Cove_Ave_Los_Angeles_90039,Cove,2273 W Cove Avenue Ave Los Angeles 90039,,,,
758861,1409116,,5422013010.0,,2273.0,1/2,,West,,,Cove,Avenue,,,,,,,,,,,,,90039.0,,Los Angeles,Los Angeles,,,,,LA City,{A99606C0-3A93-4F32-AC85-6ABD78030C26},0,,A99606C0-3A93-4F32-AC85-6ABD78030C26,Unknown,,W,,,Ave,W Cove Ave,2024/05/12 21:05:27+00,2273 1/2 W Cove Ave Los Angeles 90039,A99606C0-3A93-4F32-AC85-6ABD78030C26_2273_1/2_W_Cove_Ave_Los_Angeles_90039,Cove,2273 1/2 W Cove Avenue Ave Los Angeles 90039,,,,
758862,1409117,,5422013011.0,,2279.0,,,West,,,Cove,Avenue,,,,,,,,,,,,,90039.0,,Los Angeles,Los Angeles,,,,,LA City,{18140591-B4E4-4FA4-8598-6A56C7F2E8F2},0,,18140591-B4E4-4FA4-8598-6A56C7F2E8F2,Unknown,,W,,,Ave,W Cove Ave,2023/09/12 23:03:18+00,2279 W Cove Ave Los Angeles 90039,18140591-B4E4-4FA4-8598-6A56C7F2E8F2_2279_W_Cove_Ave_Los_Angeles_90039,Cove,2279 W Cove Avenue Ave Los Angeles 90039,,,,
758863,1409118,,5422013012.0,,2285.0,,,West,,,Cove,Avenue,,,,,,,,,,,,,90039.0,,Los Angeles,Los Angeles,,,,,LA City,{B70CE712-FF66-4E8A-865B-1CFF2FAA3EB0},0,,B70CE712-FF66-4E8A-865B-1CFF2FAA3EB0,Unknown,,W,,,Ave,W Cove Ave,2023/09/12 23:03:18+00,2285 W Cove Ave Los Angeles 90039,B70CE712-FF66-4E8A-865B-1CFF2FAA3EB0_2285_W_Cove_Ave_Los_Angeles_90039,Cove,2285 W Cove Avenue Ave Los Angeles 90039,,,,
758864,1409119,,5422013013.0,,2204.0,,,North,,,Glendale,Boulevard,,,,,,,,,,,,,90039.0,,Los Angeles,Los Angeles,,,,,LA City,{9882EDBD-65F0-43B5-930B-5C431C982276},0,,9882EDBD-65F0-43B5-930B-5C431C982276,Unknown,,N,,,Blvd,N Glendale Blvd,2023/09/12 23:03:18+00,2204 N Glendale Blvd Los Angeles 90039,9882EDBD-65F0-43B5-930B-5C431C982276_2204_N_Glendale_Blvd_Los_Angeles_90039,Glendale,2204 N Glendale Boulevard Blvd Los Angeles 90039,,,,
758865,1409120,,5422013013.0,,2200.0,,,North,,,Glendale,Boulevard,,,,,,,,,,,,,90039.0,,Los Angeles,Los Angeles,,,,,LA City,{6D98C428-A0C0-497E-BE1B-3660AC99587F},0,,6D98C428-A0C0-497E-BE1B-3660AC99587F,Unknown,,N,,,Blvd,N Glendale Blvd,2023/09/12 23:03:18+00,2200 N Glendale Blvd Los Angeles 90039,6D98C428-A0C0-497E-BE1B-3660AC99587F_2200_N_Glendale_Blvd_Los_Angeles_90039,Glendale,2200 N Glendale Boulevard Blvd Los Angeles 90039,,,,
758866,1409121,,5422013013.0,,2206.0,,,North,,,Glendale,Boulevard,,,,,,,,,,,,,90039.0,,Los Angeles,Los Angeles,,,,,LA City,{6DAC04E6-43CB-4EB8-8D14-FF97E7DF4006},0,,6DAC04E6-43CB-4EB8-8D14-FF97E7DF4006,Unknown,,N,,,Blvd,N Glendale Blvd,2023/09/12 23:03:18+00,2206 N Glendale Blvd Los Angeles 90039,6DAC04E6-43CB-4EB8-8D14-FF97E7DF4006_2206_N_Glendale_Blvd_Los_Angeles_90039,Glendale,2206 N Glendale Boulevard Blvd Los Angeles 90039,,,,
758867,1409122,,5422013015.0,,2208.0,,,North,,,Glendale,Boulevard,,,,,,,,,,,,,90039.0,,Los Angeles,Los Angeles,,,,,LA City,{865193EA-E293-46F3-BF76-5E53DDCC3839},0,,865193EA-E293-46F3-BF76-5E53DDCC3839,Unknown,,N,,,Blvd,N Glendale Blvd,2023/09/12 23:03:18+00,2208 N Glendale Blvd Los Angeles 90039,865193EA-E293-46F3-BF76-5E53DDCC3839_2208_N_Glendale_Blvd_Los_Angeles_90039,Glendale,2208 N Glendale Boulevard Blvd Los Angeles 90039,,,,
758868,1409123,,5422013016.0,,2212.0,,,North,,,Glendale,Boulevard,,,,,,,,,,,,,90039.0,,Los Angeles,Los Angeles,,,,,LA City,{DA088FF7-14C8-45E5-A1BC-E476A7529CA4},0,,DA088FF7-14C8-45E5-A1BC-E476A7529CA4,Unknown,,N,,,Blvd,N Glendale Blvd,2024/05/12 21:05:27+00,2212 N Glendale Blvd Los Angeles 90039,DA088FF7-14C8-45E5-A1BC-E476A7529CA4_2212_N_Glendale_Blvd_Los_Angeles_90039,Glendale,2212 N Glendale Boulevard Blvd Los Angeles 90039,,,,
758869,1409124,,5422013016.0,,2212.0,1/2,,North,,,Glendale,Boulevard,,,,,,,,,,,,,90039.0,,Los Angeles,Los Angeles,,,,,LA City,{E8226F06-8D81-42C9-91A4-415B40EF3365},0,,E8226F06-8D81-42C9-91A4-415B40EF3365,Unknown,,N,,,Blvd,N Glendale Blvd,2024/05/12 21:05:27+00,2212 1/2 N Glendale Blvd Los Angeles 90039,E8226F06-8D81-42C9-91A4-415B40EF3365_2212_1/2_N_Glendale_Blvd_Los_Angeles_90039,Glendale,2212 1/2 N Glendale Boulevard Blvd Los Angeles 90039,,,,
758870,1409125,,5422013016.0,,2212.0,1/4,,North,,,Glendale,Boulevard,,,,,,,,,,,,,90039.0,,Los Angeles,Los Angeles,,,,,LA City,{21FAFFA0-448D-4F51-AAD9-2EC6B648ABD5},0,,21FAFFA0-448D-4F51-AAD9-2EC6B648ABD5,Unknown,,N,,,Blvd,N Glendale Blvd,2024/05/12 21:05:27+00,2212 1/4 N Glendale Blvd Los Angeles 90039,21FAFFA0-448D-4F51-AAD9-2EC6B648ABD5_2212_1/4_N_Glendale_Blvd_Los_Angeles_90039,Glendale,2212 1/4 N Glendale Boulevard Blvd Los Angeles 90039,,,,
758871,1409126,,5422014004.0,,2219.0,,,West,,,Baxter,Street,,,,,,,,,,,,,90039.0,,Los Angeles,Los Angeles,,,,,LA City,{C1DAFD07-2301-445F-BC58-E93242B54899},0,,C1DAFD07-2301-445F-BC58-E93242B54899,Unknown,,W,,,St,W Baxter St,2023/09/12 23:03:18+00,2219 W Baxter St Los Angeles 90039,C1DAFD07-2301-445F-BC58-E93242B54899_2219_W_Baxter_St_Los_Angeles_90039,Baxter,2219 W Baxter Street St Los Angeles 90039,,,,
758872,1409127,,5422014005.0,,2225.0,,,West,,,Baxter,Street,,,,,,,,,,,,,90039.0,,Los Angeles,Los Angeles,,,,,LA City,{F8AB7FC8-394D-4E4F-97BD-D2C2AA638601},0,,F8AB7FC8-394D-4E4F-97BD-D2C2AA638601,Unknown,,W,,,St,W Baxter St,2023/09/12 23:03:18+00,2225 W Baxter St Los Angeles 90039,F8AB7FC8-394D-4E4F-97BD-D2C2AA638601_2225_W_Baxter_St_Los_Angeles_90039,Baxter,2225 W Baxter Street St Los Angeles 90039,,,,
758873,1409128,,5422014006.0,,2246.0,,,West,,,Cove,Avenue,,,,,,,,,,,,,90039.0,,Los Angeles,Los Angeles,,,,,LA City,{BA482546-E428-41F4-91A2-A3D5F3197142},0,,BA482546-E428-41F4-91A2-A3D5F3197142,Unknown,,W,,,Ave,W Cove Ave,2023/09/12 23:03:18+00,2246 W Cove Ave Los Angeles 90039,BA482546-E428-41F4-91A2-A3D5F3197142_2246_W_Cove_Ave_Los_Angeles_90039,Cove,2246 W Cove Avenue Ave Los Angeles 90039,,,,
758874,1409129,,5422014007.0,,2244.0,,,West,,,Cove,Avenue,,,,,,,,,,,,,90039.0,,Los Angeles,Los Angeles,,,,,LA City,{9971FB87-5419-48FA-A685-C2C800A60DA0},0,,9971FB87-5419-48FA-A685-C2C800A60DA0,Unknown,,W,,,Ave,W Cove Ave,2023/09/12 23:03:18+00,2244 W Cove Ave Los Angeles 90039,9971FB87-5419-48FA-A685-C2C800A60DA0_2244_W_Cove_Ave_Los_Angeles_90039,Cove,2244 W Cove Avenue Ave Los Angeles 90039,,,,
758875,1409130,,5422014010.0,,2242.0,,,West,,,Cove,Avenue,,,,,,,,,,,,,90039.0,,Los Angeles,Los Angeles,,,,,LA City,{D6F40F8B-D914-40F1-A1CA-6C61F90C5C10},0,,D6F40F8B-D914-40F1-A1CA-6C61F90C5C10,Unknown,,W,,,Ave,W Cove Ave,2024/05/12 21:05:27+00,2242 W Cove Ave Los Angeles 90039,D6F40F8B-D914-40F1-A1CA-6C61F90C5C10_2242_W_Cove_Ave_Los_Angeles_90039,Cove,2242 W Cove Avenue Ave Los Angeles 90039,,,,
758876,1409131,,5422014010.0,,2242.0,1/2,,West,,,Cove,Avenue,,,,,,,,,,,,,90039.0,,Los Angeles,Los Angeles,,,,,LA City,{3CA10CA1-EF38-4320-81C4-C1FDDF466EDA},0,,3CA10CA1-EF38-4320-81C4-C1FDDF466EDA,Unknown,,W,,,Ave,W Cove Ave,2024/05/12 21:05:27+00,2242 1/2 W Cove Ave Los Angeles 90039,3CA10CA1-EF38-4320-81C4-C1FDDF466EDA_2242_1/2_W_Cove_Ave_Los_Angeles_90039,Cove,2242 1/2 W Cove Avenue Ave Los Angeles 90039,,,,
758877,1409132,,5422014013.0,,2230.0,,,West,,,Cove,Way,,,,,,,,,,,,,90039.0,,Los Angeles,Los Angeles,,,,,LA City,{333EF39F-E3B4-4FF8-9198-327755D78DB9},0,,333EF39F-E3B4-4FF8-9198-327755D78DB9,Unknown,,W,,,Wy,W Cove Wy,2023/09/12 23:03:18+00,2230 W Cove Wy Los Angeles 90039,333EF39F-E3B4-4FF8-9198-327755D78DB9_2230_W_Cove_Wy_Los_Angeles_90039,Cove,2230 W Cove Way Wy Los Angeles 90039,,,,
758878,1409133,,5422014013.0,,2236.0,,,West,,,Cove,Avenue,,,,,,,,,,,,,90039.0,,Los Angeles,Los Angeles,,,,,LA City,{1FCD3D2F-D2C3-4B91-B24A-1E0C12C27CC0},0,,1FCD3D2F-D2C3-4B91-B24A-1E0C12C27CC0,Unknown,,W,,,Ave,W Cove Ave,2023/09/12 23:03:18+00,2236 W Cove Ave Los Angeles 90039,1FCD3D2F-D2C3-4B91-B24A-1E0C12C27CC0_2236_W_Cove_Ave_Los_Angeles_90039,Cove,2236 W Cove Avenue Ave Los Angeles 90039,,,,
758879,1409134,,5422014014.0,,2200.0,,,North,,,Fair Oak View,Terrace,,,,,,,,,,,,,90039.0,,Los Angeles,Los Angeles,,,,,LA City,{26CC3618-15A0-4B96-A87E-A5EDDA86A915},0,,26CC3618-15A0-4B96-A87E-A5EDDA86A915,Unknown,,N,,,Ter,N Fair Oak View Ter,2023/09/12 23:03:18+00,2200 N Fair Oak View Ter Los Angeles 90039,26CC3618-15A0-4B96-A87E-A5EDDA86A915_2200_N_Fair_Oak_View_Ter_Los_Angeles_90039,Fair Oak View,2200 N Fair Oak View Terrace Ter Los Angeles 90039,,,,
758880,1409135,,5422014014.0,,2204.0,,,North,,,Fair Oak View,Terrace,,,,,,,,,,,,,90039.0,,Los Angeles,Los Angeles,,,,,LA City,{5642109E-BA53-4E31-A9E4-735D2DEB5EF6},0,,5642109E-BA53-4E31-A9E4-735D2DEB5EF6,Unknown,,N,,,Ter,N Fair Oak View Ter,2023/09/12 23:03:18+00,2204 N Fair Oak View Ter Los Angeles 90039,5642109E-BA53-4E31-A9E4-735D2DEB5EF6_2204_N_Fair_Oak_View_Ter_Los_Angeles_90039,Fair Oak View,2204 N Fair Oak View Terrace Ter Los Angeles 90039,,,,
758881,1409136,,5422014014.0,,2202.0,,,North,,,Fair Oak View,Terrace,,,,,,,,,,,,,90039.0,,Los Angeles,Los Angeles,,,,,LA City,{80335AF6-109F-4049-806E-40C9ECB1F99B},0,,80335AF6-109F-4049-806E-40C9ECB1F99B,Unknown,,N,,,Ter,N Fair Oak View Ter,2023/09/12 23:03:18+00,2202 N Fair Oak View Ter Los Angeles 90039,80335AF6-109F-4049-806E-40C9ECB1F99B_2202_N_Fair_Oak_View_Ter_Los_Angeles_90039,Fair Oak View,2202 N Fair Oak View Terrace Ter Los Angeles 90039,,,,
758882,1409137,,5422014018.0,,2226.0,,,West,,,Oak Glen,Place,,,,,,,,,,,,,90039.0,,Los Angeles,Los Angeles,,,,,LA City,{92487B0D-A994-4373-8056-DC4A6735C254},0,,92487B0D-A994-4373-8056-DC4A6735C254,Unknown,,W,,,Pl,W Oak Glen Pl,2023/09/12 23:03:18+00,2226 W Oak Glen Pl Los Angeles 90039,92487B0D-A994-4373-8056-DC4A6735C254_2226_W_Oak_Glen_Pl_Los_Angeles_90039,Oak Glen,2226 W Oak Glen Place Pl Los Angeles 90039,,,,
758883,1409138,,5422014019.0,,2220.0,,,West,,,Oak Glen,Place,,,,,,,,,,,,,90039.0,,Los Angeles,Los Angeles,,,,,LA City,{16EF04DA-D8F1-4DE8-803F-470F03430F18},0,,16EF04DA-D8F1-4DE8-803F-470F03430F18,Unknown,,W,,,Pl,W Oak Glen Pl,2023/09/12 23:03:18+00,2220 W Oak Glen Pl Los Angeles 90039,16EF04DA-D8F1-4DE8-803F-470F03430F18_2220_W_Oak_Glen_Pl_Los_Angeles_90039,Oak Glen,2220 W Oak Glen Place Pl Los Angeles 90039,,,,
758884,1409139,,5422014026.0,,2240.0,,,West,,,Cove,Avenue,,,,,,,,,,,,,90039.0,,Los Angeles,Los Angeles,,,,,LA City,{F12611A0-4C82-49C1-A58E-E1CFD555A846},0,,F12611A0-4C82-49C1-A58E-E1CFD555A846,Unknown,,W,,,Ave,W Cove Ave,2023/09/12 23:03:18+00,2240 W Cove Ave Los Angeles 90039,F12611A0-4C82-49C1-A58E-E1CFD555A846_2240_W_Cove_Ave_Los_Angeles_90039,Cove,2240 W Cove Avenue Ave Los Angeles 90039,,,,
758885,1409140,,5422014027.0,,2238.0,,,West,,,Cove,Avenue,,,,,,,,,,,,,90039.0,,Los Angeles,Los Angeles,,,,,LA City,{4A28FF46-1191-4DF0-9D47-F40C50DA09D2},0,,4A28FF46-1191-4DF0-9D47-F40C50DA09D2,Unknown,,W,,,Ave,W Cove Ave,2023/09/12 23:03:18+00,2238 W Cove Ave Los Angeles 90039,4A28FF46-1191-4DF0-9D47-F40C50DA09D2_2238_W_Cove_Ave_Los_Angeles_90039,Cove,2238 W Cove Avenue Ave Los Angeles 90039,,,,
758886,1409141,,5422014029.0,,2212.0,,,North,,,Fair Oak View,Terrace,,,,,,,,,,,,,90039.0,,Los Angeles,Los Angeles,,,,,LA City,{66075C4D-03B1-4BC1-97C7-67E5D9038B2F},0,,66075C4D-03B1-4BC1-97C7-67E5D9038B2F,Unknown,,N,,,Ter,N Fair Oak View Ter,2023/09/12 23:03:18+00,2212 N Fair Oak View Ter Los Angeles 90039,66075C4D-03B1-4BC1-97C7-67E5D9038B2F_2212_N_Fair_Oak_View_Ter_Los_Angeles_90039,Fair Oak View,2212 N Fair Oak View Terrace Ter Los Angeles 90039,,,,
758887,1409142,,5422014029.0,,2214.0,,,North,,,Fair Oak View,Terrace,,,,,,,,,,,,,90039.0,,Los Angeles,Los Angeles,,,,,LA City,{F926D31F-4D6F-4785-BA8E-4236B89DB2D8},0,,F926D31F-4D6F-4785-BA8E-4236B89DB2D8,Unknown,,N,,,Ter,N Fair Oak View Ter,2023/09/12 23:03:18+00,2214 N Fair Oak View Ter Los Angeles 90039,F926D31F-4D6F-4785-BA8E-4236B89DB2D8_2214_N_Fair_Oak_View_Ter_Los_Angeles_90039,Fair Oak View,2214 N Fair Oak View Terrace Ter Los Angeles 90039,,,,
758888,1409143,,5422014031.0,,2231.0,,,West,,,Cove,Way,,,,,,,,,,,,,90039.0,,Los Angeles,Los Angeles,,,,,LA City,{10E924E6-0524-4663-9C0C-90CB2BD64631},0,,10E924E6-0524-4663-9C0C-90CB2BD64631,Unknown,,W,,,Wy,W Cove Wy,2023/09/12 23:03:18+00,2231 W Cove Wy Los Angeles 90039,10E924E6-0524-4663-9C0C-90CB2BD64631_2231_W_Cove_Wy_Los_Angeles_90039,Cove,2231 W Cove Way Wy Los Angeles 90039,,,,
758889,1409144,,5422014032.0,,2214.0,,,West,,,Oak Glen,Place,,,,,,,,,,,,,90039.0,,Los Angeles,Los Angeles,,,,,LA City,{CE37DAA1-B733-40BE-9904-7F0E655EB2DC},0,,CE37DAA1-B733-40BE-9904-7F0E655EB2DC,Unknown,,W,,,Pl,W Oak Glen Pl,2023/09/12 23:03:18+00,2214 W Oak Glen Pl Los Angeles 90039,CE37DAA1-B733-40BE-9904-7F0E655EB2DC_2214_W_Oak_Glen_Pl_Los_Angeles_90039,Oak Glen,2214 W Oak Glen Place Pl Los Angeles 90039,,,,
758890,1409145,,5422014032.0,,2216.0,,,West,,,Oak Glen,Place,,,,,,,,,,,,,90039.0,,Los Angeles,Los Angeles,,,,,LA City,{105DA37A-0F1A-4478-85AC-839B50A358F5},0,,105DA37A-0F1A-4478-85AC-839B50A358F5,Unknown,,W,,,Pl,W Oak Glen Pl,2023/09/12 23:03:18+00,2216 W Oak Glen Pl Los Angeles 90039,105DA37A-0F1A-4478-85AC-839B50A358F5_2216_W_Oak_Glen_Pl_Los_Angeles_90039,Oak Glen,2216 W Oak Glen Place Pl Los Angeles 90039,,,,
758891,1409146,,5422015001.0,,2288.0,,,West,,,Cove,Avenue,,,,,,,,,,,,,90039.0,,Los Angeles,Los Angeles,,,,,LA City,{52121F5A-452D-4F48-945E-774E555865B4},0,,52121F5A-452D-4F48-945E-774E555865B4,Unknown,,W,,,Ave,W Cove Ave,2023/09/12 23:03:18+00,2288 W Cove Ave Los Angeles 90039,52121F5A-452D-4F48-945E-774E555865B4_2288_W_Cove_Ave_Los_Angeles_90039,Cove,2288 W Cove Avenue Ave Los Angeles 90039,,,,
758892,1409147,,5422015002.0,,2284.0,,,West,,,Cove,Avenue,,,,,,,,,,,,,90039.0,,Los Angeles,Los Angeles,,,,,LA City,{FDE4A7F1-079E-4596-919B-3414534DB87B},0,,FDE4A7F1-079E-4596-919B-3414534DB87B,Unknown,,W,,,Ave,W Cove Ave,2023/09/12 23:03:18+00,2284 W Cove Ave Los Angeles 90039,FDE4A7F1-079E-4596-919B-3414534DB87B_2284_W_Cove_Ave_Los_Angeles_90039,Cove,2284 W Cove Avenue Ave Los Angeles 90039,,,,
758893,1409148,,5422015002.0,,2282.0,,,West,,,Cove,Avenue,,,,,,,,,,,,,90039.0,,Los Angeles,Los Angeles,,,,,LA City,{EA486E61-B7BB-41C9-BA1A-E857691DA6E2},0,,EA486E61-B7BB-41C9-BA1A-E857691DA6E2,Unknown,,W,,,Ave,W Cove Ave,2023/09/12 23:03:18+00,2282 W Cove Ave Los Angeles 90039,EA486E61-B7BB-41C9-BA1A-E857691DA6E2_2282_W_Cove_Ave_Los_Angeles_90039,Cove,2282 W Cove Avenue Ave Los Angeles 90039,,,,
758894,1409149,,5422015003.0,,2278.0,,,West,,,Cove,Avenue,,,,,,,,,,,,,90039.0,,Los Angeles,Los Angeles,,,,,LA City,{C7210487-B6A0-4839-A058-6C50907D2C36},0,,C7210487-B6A0-4839-A058-6C50907D2C36,Unknown,,W,,,Ave,W Cove Ave,2023/09/12 23:03:18+00,2278 W Cove Ave Los Angeles 90039,C7210487-B6A0-4839-A058-6C50907D2C36_2278_W_Cove_Ave_Los_Angeles_90039,Cove,2278 W Cove Avenue Ave Los Angeles 90039,,,,
758895,1409150,,5422015004.0,,2274.0,,,West,,,Cove,Avenue,,,,,,,,,,,,,90039.0,,Los Angeles,Los Angeles,,,,,LA City,{E27CEB3E-60B1-47DC-9A44-2755ADDF204F},0,,E27CEB3E-60B1-47DC-9A44-2755ADDF204F,Unknown,,W,,,Ave,W Cove Ave,2023/09/12 23:03:18+00,2274 W Cove Ave Los Angeles 90039,E27CEB3E-60B1-47DC-9A44-2755ADDF204F_2274_W_Cove_Ave_Los_Angeles_90039,Cove,2274 W Cove Avenue Ave Los Angeles 90039,,,,
758896,1409151,,5422015005.0,,2130.0,,,North,,,Glendale,Boulevard,,,,,,,,,,,,,90039.0,,Los Angeles,Los Angeles,,,,,LA City,{E1811DC7-EE21-4555-83B5-A6D2D721B6DE},0,,E1811DC7-EE21-4555-83B5-A6D2D721B6DE,Unknown,,N,,,Blvd,N Glendale Blvd,2023/09/12 23:03:18+00,2130 N Glendale Blvd Los Angeles 90039,E1811DC7-EE21-4555-83B5-A6D2D721B6DE_2130_N_Glendale_Blvd_Los_Angeles_90039,Glendale,2130 N Glendale Boulevard Blvd Los Angeles 90039,,,,
758897,1409152,,5422015006.0,,2126.0,1/2,,North,,,Glendale,Boulevard,,,,,,,,,,,,,90039.0,,Los Angeles,Los Angeles,,,,,LA City,{11D3F051-767D-4449-B90B-B8A69FBAB045},0,,11D3F051-767D-4449-B90B-B8A69FBAB045,Unknown,,N,,,Blvd,N Glendale Blvd,2024/05/12 21:05:27+00,2126 1/2 N Glendale Blvd Los Angeles 90039,11D3F051-767D-4449-B90B-B8A69FBAB045_2126_1/2_N_Glendale_Blvd_Los_Angeles_90039,Glendale,2126 1/2 N Glendale Boulevard Blvd Los Angeles 90039,,,,
758898,1409153,,5422015006.0,,2126.0,,,North,,,Glendale,Boulevard,,,,,,,,,,,,,90039.0,,Los Angeles,Los Angeles,,,,,LA City,{775B70DE-2A3C-48B4-A0B7-8B5C394734A7},0,,775B70DE-2A3C-48B4-A0B7-8B5C394734A7,Unknown,,N,,,Blvd,N Glendale Blvd,2024/05/12 21:05:27+00,2126 N Glendale Blvd Los Angeles 90039,775B70DE-2A3C-48B4-A0B7-8B5C394734A7_2126_N_Glendale_Blvd_Los_Angeles_90039,Glendale,2126 N Glendale Boulevard Blvd Los Angeles 90039,,,,
758899,1409154,,5422015007.0,,2272.0,,,West,,,Cove,Avenue,,,,,,,,,,,,,90039.0,,Los Angeles,Los Angeles,,,,,LA City,{4F54F400-FE67-44A7-BB31-2A8509928A1B},0,,4F54F400-FE67-44A7-BB31-2A8509928A1B,Unknown,,W,,,Ave,W Cove Ave,2023/09/12 23:03:18+00,2272 W Cove Ave Los Angeles 90039,4F54F400-FE67-44A7-BB31-2A8509928A1B_2272_W_Cove_Ave_Los_Angeles_90039,Cove,2272 W Cove Avenue Ave Los Angeles 90039,,,,
758900,1409155,,5422015007.0,,2270.0,,,West,,,Cove,Avenue,,,,,,,,,,,,,90039.0,,Los Angeles,Los Angeles,,,,,LA City,{8E5BCE0A-12D6-44BC-9885-E1038CE8F4E7},0,,8E5BCE0A-12D6-44BC-9885-E1038CE8F4E7,Unknown,,W,,,Ave,W Cove Ave,2023/09/12 23:03:18+00,2270 W Cove Ave Los Angeles 90039,8E5BCE0A-12D6-44BC-9885-E1038CE8F4E7_2270_W_Cove_Ave_Los_Angeles_90039,Cove,2270 W Cove Avenue Ave Los Angeles 90039,,,,
758901,1409156,,5422015008.0,,2266.0,,,West,,,Cove,Avenue,,,,,,,,,,,,,90039.0,,Los Angeles,Los Angeles,,,,,LA City,{52C5C222-2B57-416F-9219-B50697C5DCFD},0,,52C5C222-2B57-416F-9219-B50697C5DCFD,Unknown,,W,,,Ave,W Cove Ave,2024/05/12 21:05:27+00,2266 W Cove Ave Los Angeles 90039,52C5C222-2B57-416F-9219-B50697C5DCFD_2266_W_Cove_Ave_Los_Angeles_90039,Cove,2266 W Cove Avenue Ave Los Angeles 90039,,,,
758902,1409157,,5422015008.0,,2266.0,1/2,,West,,,Cove,Avenue,,,,,,,,,,,,,90039.0,,Los Angeles,Los Angeles,,,,,LA City,{A570785B-A227-4391-806F-2D77AB0E7E80},0,,A570785B-A227-4391-806F-2D77AB0E7E80,Unknown,,W,,,Ave,W Cove Ave,2024/05/12 21:05:27+00,2266 1/2 W Cove Ave Los Angeles 90039,A570785B-A227-4391-806F-2D77AB0E7E80_2266_1/2_W_Cove_Ave_Los_Angeles_90039,Cove,2266 1/2 W Cove Avenue Ave Los Angeles 90039,,,,
758903,1409158,,5422015009.0,,2262.0,,,West,,,Cove,Avenue,,,,,,,,,,,,,90039.0,,Los Angeles,Los Angeles,,,,,LA City,{144B3E6F-C80F-4A75-82CA-4BB2B8C0E96D},0,,144B3E6F-C80F-4A75-82CA-4BB2B8C0E96D,Unknown,,W,,,Ave,W Cove Ave,2023/09/12 23:03:18+00,2262 W Cove Ave Los Angeles 90039,144B3E6F-C80F-4A75-82CA-4BB2B8C0E96D_2262_W_Cove_Ave_Los_Angeles_90039,Cove,2262 W Cove Avenue Ave Los Angeles 90039,,,,
758904,1409159,,5422015009.0,,2264.0,,,West,,,Cove,Avenue,,,,,,,,,,,,,90039.0,,Los Angeles,Los Angeles,,,,,LA City,{A85E032C-498B-4312-8794-B74AB01BAFC6},0,,A85E032C-498B-4312-8794-B74AB01BAFC6,Unknown,,W,,,Ave,W Cove Ave,2024/05/12 21:05:27+00,2264 W Cove Ave Los Angeles 90039,A85E032C-498B-4312-8794-B74AB01BAFC6_2264_W_Cove_Ave_Los_Angeles_90039,Cove,2264 W Cove Avenue Ave Los Angeles 90039,,,,
758905,1409160,,5422015009.0,,2264.0,1/2,,West,,,Cove,Avenue,,,,,,,,,,,,,90039.0,,Los Angeles,Los Angeles,,,,,LA City,{77DE2CAE-2E3E-4CB8-BA4B-4FF0E3D170E3},0,,77DE2CAE-2E3E-4CB8-BA4B-4FF0E3D170E3,Unknown,,W,,,Ave,W Cove Ave,2024/05/12 21:05:27+00,2264 1/2 W Cove Ave Los Angeles 90039,77DE2CAE-2E3E-4CB8-BA4B-4FF0E3D170E3_2264_1/2_W_Cove_Ave_Los_Angeles_90039,Cove,2264 1/2 W Cove Avenue Ave Los Angeles 90039,,,,
758906,1409161,,5422015009.0,,2264.0,3/4,,West,,,Cove,Avenue,,,,,,,,,,,,,90039.0,,Los Angeles,Los Angeles,,,,,LA City,{A68512A0-F0C2-4D38-B08A-3CD5F69A7685},0,,A68512A0-F0C2-4D38-B08A-3CD5F69A7685,Unknown,,W,,,Ave,W Cove Ave,2024/05/12 21:05:27+00,2264 3/4 W Cove Ave Los Angeles 90039,A68512A0-F0C2-4D38-B08A-3CD5F69A7685_2264_3/4_W_Cove_Ave_Los_Angeles_90039,Cove,2264 3/4 W Cove Avenue Ave Los Angeles 90039,,,,
758907,1409162,,5422015010.0,,2124.0,,,North,,,Glendale,Boulevard,,,,,,,,,,,,,90039.0,,Los Angeles,Los Angeles,,,,,LA City,{3D599485-DCDE-45E4-A39E-074B2C453CBA},0,,3D599485-DCDE-45E4-A39E-074B2C453CBA,Unknown,,N,,,Blvd,N Glendale Blvd,2023/09/12 23:03:18+00,2124 N Glendale Blvd Los Angeles 90039,3D599485-DCDE-45E4-A39E-074B2C453CBA_2124_N_Glendale_Blvd_Los_Angeles_90039,Glendale,2124 N Glendale Boulevard Blvd Los Angeles 90039,,,,
758908,1409163,,5422015010.0,,2122.0,,,North,,,Glendale,Boulevard,,,,,,,,,,,,,90039.0,,Los Angeles,Los Angeles,,,,,LA City,{2FE84138-B2C3-45AB-89EE-BF756A9025E7},0,,2FE84138-B2C3-45AB-89EE-BF756A9025E7,Unknown,,N,,,Blvd,N Glendale Blvd,2023/09/12 23:03:18+00,2122 N Glendale Blvd Los Angeles 90039,2FE84138-B2C3-45AB-89EE-BF756A9025E7_2122_N_Glendale_Blvd_Los_Angeles_90039,Glendale,2122 N Glendale Boulevard Blvd Los Angeles 90039,,,,
758909,1409164,,5422015011.0,,2116.0,,,North,,,Glendale,Boulevard,,,,,,,,,,,,,90039.0,,Los Angeles,Los Angeles,,,,,LA City,{E12B56C2-521E-441D-8090-3E01E7FCDEF6},0,,E12B56C2-521E-441D-8090-3E01E7FCDEF6,Unknown,,N,,,Blvd,N Glendale Blvd,2023/09/12 23:03:18+00,2116 N Glendale Blvd Los Angeles 90039,E12B56C2-521E-441D-8090-3E01E7FCDEF6_2116_N_Glendale_Blvd_Los_Angeles_90039,Glendale,2116 N Glendale Boulevard Blvd Los Angeles 90039,,,,
758910,1409165,,5422015011.0,,2118.0,,,North,,,Glendale,Boulevard,,,,,,,,,,,,,90039.0,,Los Angeles,Los Angeles,,,,,LA City,{503A7537-EB8E-4685-B239-EEE77AFC6587},0,,503A7537-EB8E-4685-B239-EEE77AFC6587,Unknown,,N,,,Blvd,N Glendale Blvd,2023/09/12 23:03:18+00,2118 N Glendale Blvd Los Angeles 90039,503A7537-EB8E-4685-B239-EEE77AFC6587_2118_N_Glendale_Blvd_Los_Angeles_90039,Glendale,2118 N Glendale Boulevard Blvd Los Angeles 90039,,,,
758911,1409166,,5422015012.0,,2110.0,,,North,,,Glendale,Boulevard,,,,,,,,,,,,,90039.0,,Los Angeles,Los Angeles,,,,,LA City,{1B686ECF-1E9A-4BEE-9EBA-3936DC26184A},0,,1B686ECF-1E9A-4BEE-9EBA-3936DC26184A,Unknown,,N,,,Blvd,N Glendale Blvd,2023/09/12 23:03:18+00,2110 N Glendale Blvd Los Angeles 90039,1B686ECF-1E9A-4BEE-9EBA-3936DC26184A_2110_N_Glendale_Blvd_Los_Angeles_90039,Glendale,2110 N Glendale Boulevard Blvd Los Angeles 90039,,,,
758912,1409167,,5422015016.0,,2111.0,,,North,,,Glendale,Boulevard,,,,,,,,,,,,,90039.0,,Los Angeles,Los Angeles,,,,,LA City,{0AD71F93-42A9-4503-B26E-08F4D975FA14},0,,0AD71F93-42A9-4503-B26E-08F4D975FA14,Unknown,,N,,,Blvd,N Glendale Blvd,2023/09/12 23:03:18+00,2111 N Glendale Blvd Los Angeles 90039,0AD71F93-42A9-4503-B26E-08F4D975FA14_2111_N_Glendale_Blvd_Los_Angeles_90039,Glendale,2111 N Glendale Boulevard Blvd Los Angeles 90039,,,,
758913,1409168,,5422015017.0,,2119.0,,,North,,,Glendale,Boulevard,,,,,,,,,,,,,90039.0,,Los Angeles,Los Angeles,,,,,LA City,{0214AE41-8D64-4E96-96A5-1E0E7D1EF878},0,,0214AE41-8D64-4E96-96A5-1E0E7D1EF878,Unknown,,N,,,Blvd,N Glendale Blvd,2023/09/12 23:03:18+00,2119 N Glendale Blvd Los Angeles 90039,0214AE41-8D64-4E96-96A5-1E0E7D1EF878_2119_N_Glendale_Blvd_Los_Angeles_90039,Glendale,2119 N Glendale Boulevard Blvd Los Angeles 90039,,,,
758914,1409169,,5422015017.0,,2117.0,,,North,,,Glendale,Boulevard,,,,,,,,,,,,,90039.0,,Los Angeles,Los Angeles,,,,,LA City,{7730BC53-088A-4843-825C-FCFFD17AECAF},0,,7730BC53-088A-4843-825C-FCFFD17AECAF,Unknown,,N,,,Blvd,N Glendale Blvd,2023/09/12 23:03:18+00,2117 N Glendale Blvd Los Angeles 90039,7730BC53-088A-4843-825C-FCFFD17AECAF_2117_N_Glendale_Blvd_Los_Angeles_90039,Glendale,2117 N Glendale Boulevard Blvd Los Angeles 90039,,,,
758915,1409170,,5422015018.0,,2277.0,,,West,,,Baxter,Street,,,,,,,,,,,,,90039.0,,Los Angeles,Los Angeles,,,,,LA City,{5897406C-2C0A-406E-B741-D085C32DBA9D},0,,5897406C-2C0A-406E-B741-D085C32DBA9D,Unknown,,W,,,St,W Baxter St,2023/09/12 23:03:18+00,2277 W Baxter St Los Angeles 90039,5897406C-2C0A-406E-B741-D085C32DBA9D_2277_W_Baxter_St_Los_Angeles_90039,Baxter,2277 W Baxter Street St Los Angeles 90039,,,,
758916,1409171,,5422015019.0,,2283.0,,,West,,,Baxter,Street,,,,,,,,,,,,,90039.0,,Los Angeles,Los Angeles,,,,,LA City,{1C11C4B2-5889-4E68-9F5F-5D4875CB65A1},0,,1C11C4B2-5889-4E68-9F5F-5D4875CB65A1,Unknown,,W,,,St,W Baxter St,2023/09/12 23:03:18+00,2283 W Baxter St Los Angeles 90039,1C11C4B2-5889-4E68-9F5F-5D4875CB65A1_2283_W_Baxter_St_Los_Angeles_90039,Baxter,2283 W Baxter Street St Los Angeles 90039,,,,
758917,1409172,,5422015020.0,,2287.0,,,West,,,Baxter,Street,,,,,,,,,,,,,90039.0,,Los Angeles,Los Angeles,,,,,LA City,{5095021E-549F-42DC-9AC8-C2C2097A52FE},0,,5095021E-549F-42DC-9AC8-C2C2097A52FE,Unknown,,W,,,St,W Baxter St,2023/09/12 23:03:18+00,2287 W Baxter St Los Angeles 90039,5095021E-549F-42DC-9AC8-C2C2097A52FE_2287_W_Baxter_St_Los_Angeles_90039,Baxter,2287 W Baxter Street St Los Angeles 90039,,,,
758918,1409173,,5422015021.0,,2297.0,,,West,,,Baxter,Street,,,,,,,,,,,,,90039.0,,Los Angeles,Los Angeles,,,,,LA City,{F0329D4C-29F9-4613-8AE4-D2A6D117524A},0,,F0329D4C-29F9-4613-8AE4-D2A6D117524A,Unknown,,W,,,St,W Baxter St,2023/09/12 23:03:18+00,2297 W Baxter St Los Angeles 90039,F0329D4C-29F9-4613-8AE4-D2A6D117524A_2297_W_Baxter_St_Los_Angeles_90039,Baxter,2297 W Baxter Street St Los Angeles 90039,,,,
758919,1409174,,5422015021.0,,2108.0,,,North,,,Apex,Avenue,,,,,,,,,,,,,90039.0,,Los Angeles,Los Angeles,,,,,LA City,{F6063488-6C18-4F60-B677-BE8CFF990F97},0,,F6063488-6C18-4F60-B677-BE8CFF990F97,Unknown,,N,,,Ave,N Apex Ave,2023/09/12 23:03:18+00,2108 N Apex Ave Los Angeles 90039,F6063488-6C18-4F60-B677-BE8CFF990F97_2108_N_Apex_Ave_Los_Angeles_90039,Apex,2108 N Apex Avenue Ave Los Angeles 90039,,,,
758920,1409175,,5422015022.0,,2110.0,,,North,,,Apex,Avenue,,,,,,,,,,,,,90039.0,,Los Angeles,Los Angeles,,,,,LA City,{9A6B654C-D1D2-4BDA-91B9-B7A3B0E526D6},0,,9A6B654C-D1D2-4BDA-91B9-B7A3B0E526D6,Unknown,,N,,,Ave,N Apex Ave,2023/09/12 23:03:18+00,2110 N Apex Ave Los Angeles 90039,9A6B654C-D1D2-4BDA-91B9-B7A3B0E526D6_2110_N_Apex_Ave_Los_Angeles_90039,Apex,2110 N Apex Avenue Ave Los Angeles 90039,,,,
758921,1409176,,5422015023.0,,2121.0,,,North,,,Glendale,Boulevard,,,,,,,,,,,,,90039.0,,Los Angeles,Los Angeles,,,,,LA City,{ECC6738B-792D-45D0-97AE-FDFBDB2E2DEF},0,,ECC6738B-792D-45D0-97AE-FDFBDB2E2DEF,Unknown,,N,,,Blvd,N Glendale Blvd,2023/09/12 23:03:18+00,2121 N Glendale Blvd Los Angeles 90039,ECC6738B-792D-45D0-97AE-FDFBDB2E2DEF_2121_N_Glendale_Blvd_Los_Angeles_90039,Glendale,2121 N Glendale Boulevard Blvd Los Angeles 90039,,,,
758922,1409177,,5422015024.0,,2116.0,,,North,,,Apex,Avenue,,,,,,,,,,,,,90039.0,,Los Angeles,Los Angeles,,,,,LA City,{A3AEFEF7-D211-4D04-8B27-235728125D31},0,,A3AEFEF7-D211-4D04-8B27-235728125D31,Unknown,,N,,,Ave,N Apex Ave,2023/09/12 23:03:18+00,2116 N Apex Ave Los Angeles 90039,A3AEFEF7-D211-4D04-8B27-235728125D31_2116_N_Apex_Ave_Los_Angeles_90039,Apex,2116 N Apex Avenue Ave Los Angeles 90039,,,,
758923,1409178,,5422015025.0,,2125.0,,,North,,,Glendale,Boulevard,,,,,,,,,,,,,90039.0,,Los Angeles,Los Angeles,,,,,LA City,{E26AA9C9-C1D2-42E5-A887-CAF1C7CDC4FB},0,,E26AA9C9-C1D2-42E5-A887-CAF1C7CDC4FB,Unknown,,N,,,Blvd,N Glendale Blvd,2023/09/12 23:03:18+00,2125 N Glendale Blvd Los Angeles 90039,E26AA9C9-C1D2-42E5-A887-CAF1C7CDC4FB_2125_N_Glendale_Blvd_Los_Angeles_90039,Glendale,2125 N Glendale Boulevard Blvd Los Angeles 90039,,,,
758924,1409179,,5422015025.0,,2129.0,,,North,,,Glendale,Boulevard,,,,,,,,,,,,,90039.0,,Los Angeles,Los Angeles,,,,,LA City,{2263592F-5881-409F-9FBD-8971F5A35C9C},0,,2263592F-5881-409F-9FBD-8971F5A35C9C,Unknown,,N,,,Blvd,N Glendale Blvd,2023/09/12 23:03:18+00,2129 N Glendale Blvd Los Angeles 90039,2263592F-5881-409F-9FBD-8971F5A35C9C_2129_N_Glendale_Blvd_Los_Angeles_90039,Glendale,2129 N Glendale Boulevard Blvd Los Angeles 90039,,,,
758925,1409180,,5422015025.0,,2127.0,1/2,,North,,,Glendale,Boulevard,,,,,,,,,,,,,90039.0,,Los Angeles,Los Angeles,,,,,LA City,{FCA38C6C-3C93-4F86-A4A5-47CFC0AE037C},0,,FCA38C6C-3C93-4F86-A4A5-47CFC0AE037C,Unknown,,N,,,Blvd,N Glendale Blvd,2024/05/12 21:05:27+00,2127 1/2 N Glendale Blvd Los Angeles 90039,FCA38C6C-3C93-4F86-A4A5-47CFC0AE037C_2127_1/2_N_Glendale_Blvd_Los_Angeles_90039,Glendale,2127 1/2 N Glendale Boulevard Blvd Los Angeles 90039,,,,
758926,1409181,,5422015025.0,,2127.0,,,North,,,Glendale,Boulevard,,,,,,,,,,,,,90039.0,,Los Angeles,Los Angeles,,,,,LA City,{D0970157-DBC9-4ADE-8705-F14B0151C927},0,,D0970157-DBC9-4ADE-8705-F14B0151C927,Unknown,,N,,,Blvd,N Glendale Blvd,2024/05/12 21:05:27+00,2127 N Glendale Blvd Los Angeles 90039,D0970157-DBC9-4ADE-8705-F14B0151C927_2127_N_Glendale_Blvd_Los_Angeles_90039,Glendale,2127 N Glendale Boulevard Blvd Los Angeles 90039,,,,
758927,1409182,,5422015027.0,,2229.0,,,West,,,Baxter,Street,,,,,,,,,,,,,90039.0,,Los Angeles,Los Angeles,,,,,LA City,{828720F1-7CFA-4B8E-902D-800A41D9B140},0,,828720F1-7CFA-4B8E-902D-800A41D9B140,Unknown,,W,,,St,W Baxter St,2023/09/12 23:03:18+00,2229 W Baxter St Los Angeles 90039,828720F1-7CFA-4B8E-902D-800A41D9B140_2229_W_Baxter_St_Los_Angeles_90039,Baxter,2229 W Baxter Street St Los Angeles 90039,,,,
758928,1409183,,5422015027.0,,2227.0,,,West,,,Baxter,Street,,,,,,,,,,,,,90039.0,,Los Angeles,Los Angeles,,,,,LA City,{65431473-CF06-48B6-AFD3-9482545A0C55},0,,65431473-CF06-48B6-AFD3-9482545A0C55,Unknown,,W,,,St,W Baxter St,2023/09/12 23:03:18+00,2227 W Baxter St Los Angeles 90039,65431473-CF06-48B6-AFD3-9482545A0C55_2227_W_Baxter_St_Los_Angeles_90039,Baxter,2227 W Baxter Street St Los Angeles 90039,,,,
758929,1409184,,5422015028.0,,2233.0,,,West,,,Baxter,Street,,,,,,,,,,,,,90039.0,,Los Angeles,Los Angeles,,,,,LA City,{72A9D1D4-FA87-43EC-B687-03106C27DB08},0,,72A9D1D4-FA87-43EC-B687-03106C27DB08,Unknown,,W,,,St,W Baxter St,2023/09/12 23:03:18+00,2233 W Baxter St Los Angeles 90039,72A9D1D4-FA87-43EC-B687-03106C27DB08_2233_W_Baxter_St_Los_Angeles_90039,Baxter,2233 W Baxter Street St Los Angeles 90039,,,,
758930,1409185,,5422015029.0,,2239.0,,,West,,,Baxter,Street,,,,,,,,,,,,,90039.0,,Los Angeles,Los Angeles,,,,,LA City,{832173CB-DE27-4448-8683-0A56426FEA7C},0,,832173CB-DE27-4448-8683-0A56426FEA7C,Unknown,,W,,,St,W Baxter St,2023/09/12 23:03:18+00,2239 W Baxter St Los Angeles 90039,832173CB-DE27-4448-8683-0A56426FEA7C_2239_W_Baxter_St_Los_Angeles_90039,Baxter,2239 W Baxter Street St Los Angeles 90039,,,,
758931,1409186,,5422015030.0,,2247.0,,,West,,,Baxter,Street,,,,,,,,,,,,,90039.0,,Los Angeles,Los Angeles,,,,,LA City,{501273DF-5CE9-4C35-A121-336AA96EB0E5},0,,501273DF-5CE9-4C35-A121-336AA96EB0E5,Unknown,,W,,,St,W Baxter St,2023/09/12 23:03:18+00,2247 W Baxter St Los Angeles 90039,501273DF-5CE9-4C35-A121-336AA96EB0E5_2247_W_Baxter_St_Los_Angeles_90039,Baxter,2247 W Baxter Street St Los Angeles 90039,,,,
758932,1409187,,5422015030.0,,2245.0,,,West,,,Baxter,Street,,,,,,,,,,,,,90039.0,,Los Angeles,Los Angeles,,,,,LA City,{B7B3ECAE-ADB9-4A5A-AFAB-E9A562846449},0,,B7B3ECAE-ADB9-4A5A-AFAB-E9A562846449,Unknown,,W,,,St,W Baxter St,2023/09/12 23:03:18+00,2245 W Baxter St Los Angeles 90039,B7B3ECAE-ADB9-4A5A-AFAB-E9A562846449_2245_W_Baxter_St_Los_Angeles_90039,Baxter,2245 W Baxter Street St Los Angeles 90039,,,,
758933,1409188,,5422015031.0,,2258.0,,,West,,,Cove,Avenue,,,,,,,,,,,,1-7,90039.0,,Los Angeles,Los Angeles,,,,,LA City,{5FFB410E-A3F5-4CCA-BAE2-DF8ABEA0C682},0,,5FFB410E-A3F5-4CCA-BAE2-DF8ABEA0C682,Unknown,,W,,,Ave,W Cove Ave,2023/09/12 23:03:18+00,2258 W Cove Ave 1-7 Los Angeles 90039,5FFB410E-A3F5-4CCA-BAE2-DF8ABEA0C682_2258_W_Cove_Ave_1-7_Los_Angeles_90039,Cove,2258 W Cove Avenue Ave 1-7 Los Angeles 90039,,,,
758934,1409189,,5422015032.0,,2254.0,1/2,,West,,,Cove,Avenue,,,,,,,,,,,,,90039.0,,Los Angeles,Los Angeles,,,,,LA City,{37E0A128-1628-495B-94B1-FAF4B8DECBBC},0,,37E0A128-1628-495B-94B1-FAF4B8DECBBC,Unknown,,W,,,Ave,W Cove Ave,2024/05/12 21:05:27+00,2254 1/2 W Cove Ave Los Angeles 90039,37E0A128-1628-495B-94B1-FAF4B8DECBBC_2254_1/2_W_Cove_Ave_Los_Angeles_90039,Cove,2254 1/2 W Cove Avenue Ave Los Angeles 90039,,,,
758935,1409190,,5422015032.0,,2254.0,,,West,,,Cove,Avenue,,,,,,,,,,,,,90039.0,,Los Angeles,Los Angeles,,,,,LA City,{6953B18E-C82A-4D1A-AE6E-4DDCE4E37361},0,,6953B18E-C82A-4D1A-AE6E-4DDCE4E37361,Unknown,,W,,,Ave,W Cove Ave,2024/05/12 21:05:27+00,2254 W Cove Ave Los Angeles 90039,6953B18E-C82A-4D1A-AE6E-4DDCE4E37361_2254_W_Cove_Ave_Los_Angeles_90039,Cove,2254 W Cove Avenue Ave Los Angeles 90039,,,,
758936,1409191,,5422015037.0,,2252.0,1/2,,West,,,Cove,Avenue,,,,,,,,,,,,,90039.0,,Los Angeles,Los Angeles,,,,,LA City,{26757889-4CD1-41E9-B066-724974C62835},0,,26757889-4CD1-41E9-B066-724974C62835,Unknown,,W,,,Ave,W Cove Ave,2024/05/12 21:05:27+00,2252 1/2 W Cove Ave Los Angeles 90039,26757889-4CD1-41E9-B066-724974C62835_2252_1/2_W_Cove_Ave_Los_Angeles_90039,Cove,2252 1/2 W Cove Avenue Ave Los Angeles 90039,,,,
758937,1409192,,5422015037.0,,2252.0,,,West,,,Cove,Avenue,,,,,,,,,,,,,90039.0,,Los Angeles,Los Angeles,,,,,LA City,{90977754-B2E8-4520-A212-341A5F95E1AF},0,,90977754-B2E8-4520-A212-341A5F95E1AF,Unknown,,W,,,Ave,W Cove Ave,2024/05/12 21:05:27+00,2252 W Cove Ave Los Angeles 90039,90977754-B2E8-4520-A212-341A5F95E1AF_2252_W_Cove_Ave_Los_Angeles_90039,Cove,2252 W Cove Avenue Ave Los Angeles 90039,,,,
758938,1409193,,5422015038.0,,2250.0,1/2,,West,,,Cove,Avenue,,,,,,,,,,,,,90039.0,,Los Angeles,Los Angeles,,,,,LA City,{B80BACB9-7774-482E-8582-C26C91304DAE},0,,B80BACB9-7774-482E-8582-C26C91304DAE,Unknown,,W,,,Ave,W Cove Ave,2024/05/12 21:05:27+00,2250 1/2 W Cove Ave Los Angeles 90039,B80BACB9-7774-482E-8582-C26C91304DAE_2250_1/2_W_Cove_Ave_Los_Angeles_90039,Cove,2250 1/2 W Cove Avenue Ave Los Angeles 90039,,,,
758939,1409194,,5422015038.0,,2250.0,,,West,,,Cove,Avenue,,,,,,,,,,,,,90039.0,,Los Angeles,Los Angeles,,,,,LA City,{CE3DA013-7548-4C88-BD9F-CEB22A454E21},0,,CE3DA013-7548-4C88-BD9F-CEB22A454E21,Unknown,,W,,,Ave,W Cove Ave,2024/05/12 21:05:27+00,2250 W Cove Ave Los Angeles 90039,CE3DA013-7548-4C88-BD9F-CEB22A454E21_2250_W_Cove_Ave_Los_Angeles_90039,Cove,2250 W Cove Avenue Ave Los Angeles 90039,,,,
758940,1409195,,5422015041.0,,2271.0,,,West,,,Baxter,Street,,,,,,,,,,,,,90039.0,,Los Angeles,Los Angeles,,,,,LA City,{849BDFC3-6367-4A05-BA3A-8B77B28D0205},0,,849BDFC3-6367-4A05-BA3A-8B77B28D0205,Unknown,,W,,,St,W Baxter St,2023/09/12 23:03:18+00,2271 W Baxter St Los Angeles 90039,849BDFC3-6367-4A05-BA3A-8B77B28D0205_2271_W_Baxter_St_Los_Angeles_90039,Baxter,2271 W Baxter Street St Los Angeles 90039,,,,
758941,1409196,,5422015041.0,,2101.0,,,,,,Glendale,Boulevard,,,,,,,,,,,,,90039.0,,Los Angeles,Los Angeles,,,,,Assessor,{2CE7EABF-D6CD-4B76-990A-3B4B0DD9A044},0,,2CE7EABF-D6CD-4B76-990A-3B4B0DD9A044,Unknown,,,,,Blvd,Glendale Blvd,2024/04/27 17:13:09+00,2101 Glendale Blvd Los Angeles 90039,2CE7EABF-D6CD-4B76-990A-3B4B0DD9A044_2101_Glendale_Blvd_Los_Angeles_90039,Glendale,2101 Glendale Boulevard Blvd Los Angeles 90039,,,,
758942,1409197,,5422016002.0,,2296.0,,,West,,,Baxter,Street,,,,,,,,,,,,,90039.0,,Los Angeles,Los Angeles,,,,,LA City,{D20597FB-809D-4662-947C-999297729FF7},0,,D20597FB-809D-4662-947C-999297729FF7,Unknown,,W,,,St,W Baxter St,2023/09/12 23:03:18+00,2296 W Baxter St Los Angeles 90039,D20597FB-809D-4662-947C-999297729FF7_2296_W_Baxter_St_Los_Angeles_90039,Baxter,2296 W Baxter Street St Los Angeles 90039,,,,
758943,1409198,,5422016002.0,,2014.0,,,North,,,Apex,Avenue,,,,,,,,,,,,,90039.0,,Los Angeles,Los Angeles,,,,,LA City,{569F70FE-61FA-4832-BEF3-AB07BCA51960},0,,569F70FE-61FA-4832-BEF3-AB07BCA51960,Unknown,,N,,,Ave,N Apex Ave,2023/09/12 23:03:18+00,2014 N Apex Ave Los Angeles 90039,569F70FE-61FA-4832-BEF3-AB07BCA51960_2014_N_Apex_Ave_Los_Angeles_90039,Apex,2014 N Apex Avenue Ave Los Angeles 90039,,,,
758944,1409199,,5422016003.0,,2290.0,,,West,,,Baxter,Street,,,,,,,,,,,,,90039.0,,Los Angeles,Los Angeles,,,,,LA City,{EAA54EE1-0AC0-4C7D-A0DC-EB5ACBED47F6},0,,EAA54EE1-0AC0-4C7D-A0DC-EB5ACBED47F6,Unknown,,W,,,St,W Baxter St,2023/09/12 23:03:18+00,2290 W Baxter St Los Angeles 90039,EAA54EE1-0AC0-4C7D-A0DC-EB5ACBED47F6_2290_W_Baxter_St_Los_Angeles_90039,Baxter,2290 W Baxter Street St Los Angeles 90039,,,,
758945,1409200,,5422016003.0,,2292.0,,,West,,,Baxter,Street,,,,,,,,,,,,,90039.0,,Los Angeles,Los Angeles,,,,,LA City,{45EF9CCC-DE4E-4C79-92FE-FB86DF6DB12F},0,,45EF9CCC-DE4E-4C79-92FE-FB86DF6DB12F,Unknown,,W,,,St,W Baxter St,2023/09/12 23:03:18+00,2292 W Baxter St Los Angeles 90039,45EF9CCC-DE4E-4C79-92FE-FB86DF6DB12F_2292_W_Baxter_St_Los_Angeles_90039,Baxter,2292 W Baxter Street St Los Angeles 90039,,,,
758946,1409201,,5422016006.0,,2284.0,,,West,,,Baxter,Street,,,,,,,,,,,,,90039.0,,Los Angeles,Los Angeles,,,,,LA City,{B29F61EB-269D-4804-92A3-4F34C01DCADA},0,,B29F61EB-269D-4804-92A3-4F34C01DCADA,Unknown,,W,,,St,W Baxter St,2023/09/12 23:03:18+00,2284 W Baxter St Los Angeles 90039,B29F61EB-269D-4804-92A3-4F34C01DCADA_2284_W_Baxter_St_Los_Angeles_90039,Baxter,2284 W Baxter Street St Los Angeles 90039,,,,
758947,1409202,,5422016007.0,,2280.0,,,West,,,Baxter,Street,,,,,,,,,,,,,90039.0,,Los Angeles,Los Angeles,,,,,LA City,{32E83663-369A-4774-947C-6B66A1342471},0,,32E83663-369A-4774-947C-6B66A1342471,Unknown,,W,,,St,W Baxter St,2023/09/12 23:03:18+00,2280 W Baxter St Los Angeles 90039,32E83663-369A-4774-947C-6B66A1342471_2280_W_Baxter_St_Los_Angeles_90039,Baxter,2280 W Baxter Street St Los Angeles 90039,,,,
758948,1409203,,5422016007.0,,2278.0,,,West,,,Baxter,Street,,,,,,,,,,,,,90039.0,,Los Angeles,Los Angeles,,,,,LA City,{6C976450-C53F-4689-9CED-E8049AF32943},0,,6C976450-C53F-4689-9CED-E8049AF32943,Unknown,,W,,,St,W Baxter St,2023/09/12 23:03:18+00,2278 W Baxter St Los Angeles 90039,6C976450-C53F-4689-9CED-E8049AF32943_2278_W_Baxter_St_Los_Angeles_90039,Baxter,2278 W Baxter Street St Los Angeles 90039,,,,
758949,1409204,,5422016008.0,,2245.0,,,West,,,Fargo,Street,,,,,,,,,,,,,90039.0,,Los Angeles,Los Angeles,,,,,LA City,{06BDD709-0925-40A0-8735-B64430E8517C},0,,06BDD709-0925-40A0-8735-B64430E8517C,Unknown,,W,,,St,W Fargo St,2024/05/12 21:05:27+00,2245 W Fargo St Los Angeles 90039,06BDD709-0925-40A0-8735-B64430E8517C_2245_W_Fargo_St_Los_Angeles_90039,Fargo,2245 W Fargo Street St Los Angeles 90039,,,,
758950,1409205,,5422016008.0,,2245.0,1/2,,West,,,Fargo,Street,,,,,,,,,,,,,90039.0,,Los Angeles,Los Angeles,,,,,LA City,{918C193A-9E77-4729-97D6-3DE555DE5DC6},0,,918C193A-9E77-4729-97D6-3DE555DE5DC6,Unknown,,W,,,St,W Fargo St,2024/05/12 21:05:27+00,2245 1/2 W Fargo St Los Angeles 90039,918C193A-9E77-4729-97D6-3DE555DE5DC6_2245_1/2_W_Fargo_St_Los_Angeles_90039,Fargo,2245 1/2 W Fargo Street St Los Angeles 90039,,,,
758951,1409206,,5422016008.0,,2247.0,1/2,,West,,,Fargo,Street,,,,,,,,,,,,,90039.0,,Los Angeles,Los Angeles,,,,,LA City,{73E6839F-5141-4E43-9D1A-60E5638D2C1B},0,,73E6839F-5141-4E43-9D1A-60E5638D2C1B,Unknown,,W,,,St,W Fargo St,2024/05/12 21:05:27+00,2247 1/2 W Fargo St Los Angeles 90039,73E6839F-5141-4E43-9D1A-60E5638D2C1B_2247_1/2_W_Fargo_St_Los_Angeles_90039,Fargo,2247 1/2 W Fargo Street St Los Angeles 90039,,,,
758952,1409207,,5422016008.0,,2247.0,,,West,,,Fargo,Street,,,,,,,,,,,,,90039.0,,Los Angeles,Los Angeles,,,,,LA City,{50FFEA6E-9C3A-4066-923F-0362BD28977C},0,,50FFEA6E-9C3A-4066-923F-0362BD28977C,Unknown,,W,,,St,W Fargo St,2024/05/12 21:05:27+00,2247 W Fargo St Los Angeles 90039,50FFEA6E-9C3A-4066-923F-0362BD28977C_2247_W_Fargo_St_Los_Angeles_90039,Fargo,2247 W Fargo Street St Los Angeles 90039,,,,
758953,1409208,,5422016009.0,,2243.0,,,West,,,Fargo,Street,,,,,,,,,,,,,90039.0,,Los Angeles,Los Angeles,,,,,LA City,{C2A406B1-1E79-48C1-A9C8-E3E6F76DCE9F},0,,C2A406B1-1E79-48C1-A9C8-E3E6F76DCE9F,Unknown,,W,,,St,W Fargo St,2023/09/12 23:03:18+00,2243 W Fargo St Los Angeles 90039,C2A406B1-1E79-48C1-A9C8-E3E6F76DCE9F_2243_W_Fargo_St_Los_Angeles_90039,Fargo,2243 W Fargo Street St Los Angeles 90039,,,,
758954,1409209,,5422016010.0,,2272.0,,,West,,,Baxter,Street,,,,,,,,,,,,,90039.0,,Los Angeles,Los Angeles,,,,,LA City,{EF639E65-0DAE-4B2A-9613-92EA7556C7BF},0,,EF639E65-0DAE-4B2A-9613-92EA7556C7BF,Unknown,,W,,,St,W Baxter St,2023/09/12 23:03:18+00,2272 W Baxter St Los Angeles 90039,EF639E65-0DAE-4B2A-9613-92EA7556C7BF_2272_W_Baxter_St_Los_Angeles_90039,Baxter,2272 W Baxter Street St Los Angeles 90039,,,,
758955,1409210,,5422016011.0,,2266.0,,,West,,,Baxter,Street,,,,,,,,,,,,,90039.0,,Los Angeles,Los Angeles,,,,,LA City,{22154633-1B58-49DF-9967-6D1DBEB4284E},0,,22154633-1B58-49DF-9967-6D1DBEB4284E,Unknown,,W,,,St,W Baxter St,2023/09/12 23:03:18+00,2266 W Baxter St Los Angeles 90039,22154633-1B58-49DF-9967-6D1DBEB4284E_2266_W_Baxter_St_Los_Angeles_90039,Baxter,2266 W Baxter Street St Los Angeles 90039,,,,
758956,1409211,,5422016011.0,,2268.0,,,West,,,Baxter,Street,,,,,,,,,,,,,90039.0,,Los Angeles,Los Angeles,,,,,LA City,{AEE6AB79-D0E5-4F25-B2FE-6665D75F8A16},0,,AEE6AB79-D0E5-4F25-B2FE-6665D75F8A16,Unknown,,W,,,St,W Baxter St,2023/09/12 23:03:18+00,2268 W Baxter St Los Angeles 90039,AEE6AB79-D0E5-4F25-B2FE-6665D75F8A16_2268_W_Baxter_St_Los_Angeles_90039,Baxter,2268 W Baxter Street St Los Angeles 90039,,,,
758957,1409212,,5422016011.0,,2264.0,1/2,,West,,,Baxter,Street,,,,,,,,,,,,,90039.0,,Los Angeles,Los Angeles,,,,,LA City,{FF44DC34-3D10-4CE9-A979-509985E98665},0,,FF44DC34-3D10-4CE9-A979-509985E98665,Unknown,,W,,,St,W Baxter St,2024/05/12 21:05:27+00,2264 1/2 W Baxter St Los Angeles 90039,FF44DC34-3D10-4CE9-A979-509985E98665_2264_1/2_W_Baxter_St_Los_Angeles_90039,Baxter,2264 1/2 W Baxter Street St Los Angeles 90039,,,,
758958,1409213,,5422016011.0,,2264.0,,,West,,,Baxter,Street,,,,,,,,,,,,,90039.0,,Los Angeles,Los Angeles,,,,,LA City,{76DE07D7-D642-49E1-B09B-ECE6D8D3ADB9},0,,76DE07D7-D642-49E1-B09B-ECE6D8D3ADB9,Unknown,,W,,,St,W Baxter St,2024/05/12 21:05:27+00,2264 W Baxter St Los Angeles 90039,76DE07D7-D642-49E1-B09B-ECE6D8D3ADB9_2264_W_Baxter_St_Los_Angeles_90039,Baxter,2264 W Baxter Street St Los Angeles 90039,,,,
758959,1409214,,5422016012.0,,2237.0,,,West,,,Fargo,Street,,,,,,,,,,,,,90039.0,,Los Angeles,Los Angeles,,,,,LA City,{14A40347-C4A4-430E-94D7-DA8AE5188C8A},0,,14A40347-C4A4-430E-94D7-DA8AE5188C8A,Unknown,,W,,,St,W Fargo St,2023/09/12 23:03:18+00,2237 W Fargo St Los Angeles 90039,14A40347-C4A4-430E-94D7-DA8AE5188C8A_2237_W_Fargo_St_Los_Angeles_90039,Fargo,2237 W Fargo Street St Los Angeles 90039,,,,
758960,1409215,,5422016013.0,,2233.0,,,West,,,Fargo,Street,,,,,,,,,,,,,90039.0,,Los Angeles,Los Angeles,,,,,LA City,{F33C23F7-B050-4F2A-9D94-CC7DA61EEC26},0,,F33C23F7-B050-4F2A-9D94-CC7DA61EEC26,Unknown,,W,,,St,W Fargo St,2023/09/12 23:03:18+00,2233 W Fargo St Los Angeles 90039,F33C23F7-B050-4F2A-9D94-CC7DA61EEC26_2233_W_Fargo_St_Los_Angeles_90039,Fargo,2233 W Fargo Street St Los Angeles 90039,,,,
758961,1409216,,5422016013.0,,2231.0,,,,,,Fargo,Street,,,,,,,,,,,,,90039.0,,Los Angeles,Los Angeles,,,,,Assessor,{FF484895-FBEE-4681-AFF0-C7B8920439FE},0,,FF484895-FBEE-4681-AFF0-C7B8920439FE,Unknown,,,,,St,Fargo St,2024/04/27 17:13:09+00,2231 Fargo St Los Angeles 90039,FF484895-FBEE-4681-AFF0-C7B8920439FE_2231_Fargo_St_Los_Angeles_90039,Fargo,2231 Fargo Street St Los Angeles 90039,,,,
758962,1409217,,5422016014.0,,2229.0,,,West,,,Fargo,Street,,,,,,,,,,,,,90039.0,,Los Angeles,Los Angeles,,,,,LA City,{5B2A6352-3EE1-4244-BC03-338E0A00B107},0,,5B2A6352-3EE1-4244-BC03-338E0A00B107,Unknown,,W,,,St,W Fargo St,2023/09/12 23:03:18+00,2229 W Fargo St Los Angeles 90039,5B2A6352-3EE1-4244-BC03-338E0A00B107_2229_W_Fargo_St_Los_Angeles_90039,Fargo,2229 W Fargo Street St Los Angeles 90039,,,,
758963,1409218,,5422016014.0,,2227.0,,,West,,,Fargo,Street,,,,,,,,,,,,,90039.0,,Los Angeles,Los Angeles,,,,,LA City,{FD9933C9-3BF1-4800-817D-1094415B9DFB},0,,FD9933C9-3BF1-4800-817D-1094415B9DFB,Unknown,,W,,,St,W Fargo St,2024/05/12 21:05:27+00,2227 W Fargo St Los Angeles 90039,FD9933C9-3BF1-4800-817D-1094415B9DFB_2227_W_Fargo_St_Los_Angeles_90039,Fargo,2227 W Fargo Street St Los Angeles 90039,,,,
758964,1409219,,5422016014.0,,2227.0,1/2,,West,,,Fargo,Street,,,,,,,,,,,,,90039.0,,Los Angeles,Los Angeles,,,,,LA City,{3B0A8280-F82F-4595-8066-007D808FAD92},0,,3B0A8280-F82F-4595-8066-007D808FAD92,Unknown,,W,,,St,W Fargo St,2024/05/12 21:05:27+00,2227 1/2 W Fargo St Los Angeles 90039,3B0A8280-F82F-4595-8066-007D808FAD92_2227_1/2_W_Fargo_St_Los_Angeles_90039,Fargo,2227 1/2 W Fargo Street St Los Angeles 90039,,,,
758965,1409220,,5422016015.0,,2232.0,,,West,,,Baxter,Street,,,,,,,,,,,,,90039.0,,Los Angeles,Los Angeles,,,,,LA City,{6F595CD9-E68B-4980-9221-07A7BD800EA9},0,,6F595CD9-E68B-4980-9221-07A7BD800EA9,Unknown,,W,,,St,W Baxter St,2023/09/12 23:03:18+00,2232 W Baxter St Los Angeles 90039,6F595CD9-E68B-4980-9221-07A7BD800EA9_2232_W_Baxter_St_Los_Angeles_90039,Baxter,2232 W Baxter Street St Los Angeles 90039,,,,
758966,1409221,,5422016015.0,,2044.0,,,North,,,Glendale,Boulevard,,,,,,,,,,,,,90039.0,,Los Angeles,Los Angeles,,,,,LA City,{FA879456-F86C-4CE6-88B9-152B8BBC551D},0,,FA879456-F86C-4CE6-88B9-152B8BBC551D,Unknown,,N,,,Blvd,N Glendale Blvd,2023/09/12 23:03:18+00,2044 N Glendale Blvd Los Angeles 90039,FA879456-F86C-4CE6-88B9-152B8BBC551D_2044_N_Glendale_Blvd_Los_Angeles_90039,Glendale,2044 N Glendale Boulevard Blvd Los Angeles 90039,,,,
758967,1409222,,5422016016.0,,2230.0,,,West,,,Baxter,Street,,,,,,,,,,,,,90039.0,,Los Angeles,Los Angeles,,,,,LA City,{579770AF-B0B0-45E3-89F2-52F252BD7C76},0,,579770AF-B0B0-45E3-89F2-52F252BD7C76,Unknown,,W,,,St,W Baxter St,2023/09/12 23:03:18+00,2230 W Baxter St Los Angeles 90039,579770AF-B0B0-45E3-89F2-52F252BD7C76_2230_W_Baxter_St_Los_Angeles_90039,Baxter,2230 W Baxter Street St Los Angeles 90039,,,,
758968,1409223,,5422016017.0,,2228.0,1/2,,West,,,Baxter,Street,,,,,,,,,,,,,90039.0,,Los Angeles,Los Angeles,,,,,LA City,{B7320F59-4FC3-4B21-95D5-E3893891258A},0,,B7320F59-4FC3-4B21-95D5-E3893891258A,Unknown,,W,,,St,W Baxter St,2024/05/12 21:05:27+00,2228 1/2 W Baxter St Los Angeles 90039,B7320F59-4FC3-4B21-95D5-E3893891258A_2228_1/2_W_Baxter_St_Los_Angeles_90039,Baxter,2228 1/2 W Baxter Street St Los Angeles 90039,,,,
758969,1409224,,5422016017.0,,2228.0,,,West,,,Baxter,Street,,,,,,,,,,,,,90039.0,,Los Angeles,Los Angeles,,,,,LA City,{5CEAC62A-1828-4D1C-965C-E04203619182},0,,5CEAC62A-1828-4D1C-965C-E04203619182,Unknown,,W,,,St,W Baxter St,2024/05/12 21:05:27+00,2228 W Baxter St Los Angeles 90039,5CEAC62A-1828-4D1C-965C-E04203619182_2228_W_Baxter_St_Los_Angeles_90039,Baxter,2228 W Baxter Street St Los Angeles 90039,,,,
758970,1409225,,5422016018.0,,2038.0,,,North,,,Glendale,Boulevard,,,,,,,,,,,,,90039.0,,Los Angeles,Los Angeles,,,,,LA City,{FCA88EE8-BEC6-4137-B87D-5AB94C84A206},0,,FCA88EE8-BEC6-4137-B87D-5AB94C84A206,Unknown,,N,,,Blvd,N Glendale Blvd,2023/09/12 23:03:18+00,2038 N Glendale Blvd Los Angeles 90039,FCA88EE8-BEC6-4137-B87D-5AB94C84A206_2038_N_Glendale_Blvd_Los_Angeles_90039,Glendale,2038 N Glendale Boulevard Blvd Los Angeles 90039,,,,
758971,1409226,,5422016026.0,,2251.0,,,West,,,Fargo,Street,,,,,,,,,,,,,90039.0,,Los Angeles,Los Angeles,,,,,LA City,{D48CD7D7-489D-4B5C-A360-0DE9A32EF7E9},0,,D48CD7D7-489D-4B5C-A360-0DE9A32EF7E9,Unknown,,W,,,St,W Fargo St,2023/09/12 23:03:18+00,2251 W Fargo St Los Angeles 90039,D48CD7D7-489D-4B5C-A360-0DE9A32EF7E9_2251_W_Fargo_St_Los_Angeles_90039,Fargo,2251 W Fargo Street St Los Angeles 90039,,,,
758972,1409227,,5422016026.0,,2257.0,,,West,,,Fargo,Street,,,,,,,,,,,,,90039.0,,Los Angeles,Los Angeles,,,,,LA City,{31429549-BB8F-4F83-AAA5-0599803A1C42},0,,31429549-BB8F-4F83-AAA5-0599803A1C42,Unknown,,W,,,St,W Fargo St,2023/09/12 23:03:18+00,2257 W Fargo St Los Angeles 90039,31429549-BB8F-4F83-AAA5-0599803A1C42_2257_W_Fargo_St_Los_Angeles_90039,Fargo,2257 W Fargo Street St Los Angeles 90039,,,,
758973,1409228,,5422016029.0,,2004.0,,,North,,,Apex,Avenue,,,,,,,,,,,,1-18,90039.0,,Los Angeles,Los Angeles,,,,,LA City,{960DBCEA-7F73-4DBF-81B9-72F209F4E523},0,,960DBCEA-7F73-4DBF-81B9-72F209F4E523,Unknown,,N,,,Ave,N Apex Ave,2023/09/12 23:03:18+00,2004 N Apex Ave 1-18 Los Angeles 90039,960DBCEA-7F73-4DBF-81B9-72F209F4E523_2004_N_Apex_Ave_1-18_Los_Angeles_90039,Apex,2004 N Apex Avenue Ave 1-18 Los Angeles 90039,,,,
758974,1409229,,5422016030.0,,2223.0,,,West,,,Fargo,Street,,,,,,,,,,,,,90039.0,,Los Angeles,Los Angeles,,,,,LA City,{85A47274-F687-4921-B370-09685E980DA3},0,,85A47274-F687-4921-B370-09685E980DA3,Unknown,,W,,,St,W Fargo St,2023/09/12 23:03:18+00,2223 W Fargo St Los Angeles 90039,85A47274-F687-4921-B370-09685E980DA3_2223_W_Fargo_St_Los_Angeles_90039,Fargo,2223 W Fargo Street St Los Angeles 90039,,,,
758975,1409230,,5422016032.0,,2030.0,,,North,,,Glendale,Boulevard,,,,,,,,,,,,,90039.0,,Los Angeles,Los Angeles,,,,,LA City,{12EFED05-38B3-4EA1-9937-E248C7B85DB1},0,,12EFED05-38B3-4EA1-9937-E248C7B85DB1,Unknown,,N,,,Blvd,N Glendale Blvd,2023/09/12 23:03:18+00,2030 N Glendale Blvd Los Angeles 90039,12EFED05-38B3-4EA1-9937-E248C7B85DB1_2030_N_Glendale_Blvd_Los_Angeles_90039,Glendale,2030 N Glendale Boulevard Blvd Los Angeles 90039,,,,
758976,1409231,,5422016032.0,,2220.0,,,West,,,Baxter,Street,,,,,,,,,,,,,90039.0,,Los Angeles,Los Angeles,,,,,LA City,{BA2A82D8-3C69-45E2-A111-0B00BDE703C0},0,,BA2A82D8-3C69-45E2-A111-0B00BDE703C0,Unknown,,W,,,St,W Baxter St,2023/09/12 23:03:18+00,2220 W Baxter St Los Angeles 90039,BA2A82D8-3C69-45E2-A111-0B00BDE703C0_2220_W_Baxter_St_Los_Angeles_90039,Baxter,2220 W Baxter Street St Los Angeles 90039,,,,
758977,1409232,,5422016032.0,,2216.0,,,West,,,Baxter,Street,,,,,,,,,,,,,90039.0,,Los Angeles,Los Angeles,,,,,LA City,{24F63A50-2C58-4AC7-8D3B-40950D9A448E},0,,24F63A50-2C58-4AC7-8D3B-40950D9A448E,Unknown,,W,,,St,W Baxter St,2023/09/12 23:03:18+00,2216 W Baxter St Los Angeles 90039,24F63A50-2C58-4AC7-8D3B-40950D9A448E_2216_W_Baxter_St_Los_Angeles_90039,Baxter,2216 W Baxter Street St Los Angeles 90039,,,,
758978,1409233,,5422016033.0,,2026.0,,,North,,,Glendale,Boulevard,,,,,,,,,,,,,90039.0,,Los Angeles,Los Angeles,,,,,LA City,{1AD79F9B-1520-4996-9BEB-EE8A3C9D10DF},0,,1AD79F9B-1520-4996-9BEB-EE8A3C9D10DF,Unknown,,N,,,Blvd,N Glendale Blvd,2023/09/12 23:03:18+00,2026 N Glendale Blvd Los Angeles 90039,1AD79F9B-1520-4996-9BEB-EE8A3C9D10DF_2026_N_Glendale_Blvd_Los_Angeles_90039,Glendale,2026 N Glendale Boulevard Blvd Los Angeles 90039,,,,
758979,1409234,,5422016034.0,,2023.0,,,North,,,Glendale,Boulevard,,,,,,,,,,,,,90039.0,,Los Angeles,Los Angeles,,,,,LA City,{1B19D12A-11EB-4F92-8BCB-BDC83E6563DB},0,,1B19D12A-11EB-4F92-8BCB-BDC83E6563DB,Unknown,,N,,,Blvd,N Glendale Blvd,2023/09/12 23:03:18+00,2023 N Glendale Blvd Los Angeles 90039,1B19D12A-11EB-4F92-8BCB-BDC83E6563DB_2023_N_Glendale_Blvd_Los_Angeles_90039,Glendale,2023 N Glendale Boulevard Blvd Los Angeles 90039,,,,
758980,1409235,,5422016034.0,,2017.0,,,North,,,Glendale,Boulevard,,,,,,,,,,,,,90039.0,,Los Angeles,Los Angeles,,,,,LA City,{93EC510E-8587-4601-B9F2-4AE132C0B32E},0,,93EC510E-8587-4601-B9F2-4AE132C0B32E,Unknown,,N,,,Blvd,N Glendale Blvd,2023/09/12 23:03:18+00,2017 N Glendale Blvd Los Angeles 90039,93EC510E-8587-4601-B9F2-4AE132C0B32E_2017_N_Glendale_Blvd_Los_Angeles_90039,Glendale,2017 N Glendale Boulevard Blvd Los Angeles 90039,,,,
758981,1409236,,5422016034.0,,2039.0,,,North,,,Glendale,Boulevard,,,,,,,,,,,,,90039.0,,Los Angeles,Los Angeles,,,,,LA City,{7365F34F-3E48-41DF-B5D7-6C660FAA5BE1},0,,7365F34F-3E48-41DF-B5D7-6C660FAA5BE1,Unknown,,N,,,Blvd,N Glendale Blvd,2023/09/12 23:03:18+00,2039 N Glendale Blvd Los Angeles 90039,7365F34F-3E48-41DF-B5D7-6C660FAA5BE1_2039_N_Glendale_Blvd_Los_Angeles_90039,Glendale,2039 N Glendale Boulevard Blvd Los Angeles 90039,,,,
758982,1409237,,5422016034.0,,2215.0,,,West,,,Fargo,Street,,,,,,,,,,,,,90039.0,,Los Angeles,Los Angeles,,,,,LA City,{9A2064EB-56F2-409C-965F-4E4B9CB63065},0,,9A2064EB-56F2-409C-965F-4E4B9CB63065,Unknown,,W,,,St,W Fargo St,2023/09/12 23:03:18+00,2215 W Fargo St Los Angeles 90039,9A2064EB-56F2-409C-965F-4E4B9CB63065_2215_W_Fargo_St_Los_Angeles_90039,Fargo,2215 W Fargo Street St Los Angeles 90039,,,,
758983,1409238,,5422016034.0,,2031.0,1/2,,North,,,Glendale,Boulevard,,,,,,,,,,,,,90039.0,,Los Angeles,Los Angeles,,,,,LA City,{37BA69E1-0D6D-4744-99D8-A78E40CADB04},0,,37BA69E1-0D6D-4744-99D8-A78E40CADB04,Unknown,,N,,,Blvd,N Glendale Blvd,2024/05/12 21:05:27+00,2031 1/2 N Glendale Blvd Los Angeles 90039,37BA69E1-0D6D-4744-99D8-A78E40CADB04_2031_1/2_N_Glendale_Blvd_Los_Angeles_90039,Glendale,2031 1/2 N Glendale Boulevard Blvd Los Angeles 90039,,,,
758984,1409239,,5422016034.0,,2031.0,,,North,,,Glendale,Boulevard,,,,,,,,,,,,,90039.0,,Los Angeles,Los Angeles,,,,,LA City,{0E08A44B-2080-4B1F-AB44-880C8A6EA61A},0,,0E08A44B-2080-4B1F-AB44-880C8A6EA61A,Unknown,,N,,,Blvd,N Glendale Blvd,2024/05/12 21:05:27+00,2031 N Glendale Blvd Los Angeles 90039,0E08A44B-2080-4B1F-AB44-880C8A6EA61A_2031_N_Glendale_Blvd_Los_Angeles_90039,Glendale,2031 N Glendale Boulevard Blvd Los Angeles 90039,,,,
758985,1409240,,5422017001.0,,1948.0,,,North,,,Apex,Avenue,,,,,,,,,,,,,90039.0,,Los Angeles,Los Angeles,,,,,LA City,{96E78FDD-5E1C-4ECD-ABF5-CA8A9868BD64},0,,96E78FDD-5E1C-4ECD-ABF5-CA8A9868BD64,Unknown,,N,,,Ave,N Apex Ave,2023/09/12 23:03:18+00,1948 N Apex Ave Los Angeles 90039,96E78FDD-5E1C-4ECD-ABF5-CA8A9868BD64_1948_N_Apex_Ave_Los_Angeles_90039,Apex,1948 N Apex Avenue Ave Los Angeles 90039,,,,
758986,1409241,,5422017001.0,,1944.0,,,North,,,Apex,Avenue,,,,,,,,,,,,,90039.0,,Los Angeles,Los Angeles,,,,,LA City,{F181AC21-809E-41B4-9D72-5CA224C238D0},0,,F181AC21-809E-41B4-9D72-5CA224C238D0,Unknown,,N,,,Ave,N Apex Ave,2023/09/12 23:03:18+00,1944 N Apex Ave Los Angeles 90039,F181AC21-809E-41B4-9D72-5CA224C238D0_1944_N_Apex_Ave_Los_Angeles_90039,Apex,1944 N Apex Avenue Ave Los Angeles 90039,,,,
758987,1409242,,5422017002.0,,1956.0,,,North,,,Apex,Avenue,,,,,,,,,,,,1-4,90039.0,,Los Angeles,Los Angeles,,,,,LA City,{7422CD58-A029-4946-9E15-DEA21C3F2707},0,,7422CD58-A029-4946-9E15-DEA21C3F2707,Unknown,,N,,,Ave,N Apex Ave,2023/09/12 23:03:18+00,1956 N Apex Ave 1-4 Los Angeles 90039,7422CD58-A029-4946-9E15-DEA21C3F2707_1956_N_Apex_Ave_1-4_Los_Angeles_90039,Apex,1956 N Apex Avenue Ave 1-4 Los Angeles 90039,,,,
758988,1409243,,5422017002.0,,1958.0,,,North,,,Apex,Avenue,,,,,,,,,,,,5-8,90039.0,,Los Angeles,Los Angeles,,,,,LA City,{05586DBE-6177-414E-9133-5957F2556608},0,,05586DBE-6177-414E-9133-5957F2556608,Unknown,,N,,,Ave,N Apex Ave,2023/09/12 23:03:18+00,1958 N Apex Ave 5-8 Los Angeles 90039,05586DBE-6177-414E-9133-5957F2556608_1958_N_Apex_Ave_5-8_Los_Angeles_90039,Apex,1958 N Apex Avenue Ave 5-8 Los Angeles 90039,,,,
758989,1409244,,5422017002.0,,2268.0,,,West,,,Fargo,Street,,,,,,,,,,,,,90039.0,,Los Angeles,Los Angeles,,,,,LA City,{741FE7D4-8A43-47BB-A1E6-43F01B67D016},0,,741FE7D4-8A43-47BB-A1E6-43F01B67D016,Unknown,,W,,,St,W Fargo St,2023/09/12 23:03:18+00,2268 W Fargo St Los Angeles 90039,741FE7D4-8A43-47BB-A1E6-43F01B67D016_2268_W_Fargo_St_Los_Angeles_90039,Fargo,2268 W Fargo Street St Los Angeles 90039,,,,
758990,1409245,,5422017005.0,,2277.0,,,West,,,Ewing,Street,,,,,,,,,,,,,90039.0,,Los Angeles,Los Angeles,,,,,LA City,{54FB0884-55D5-418F-AB61-99A56D5F346A},0,,54FB0884-55D5-418F-AB61-99A56D5F346A,Unknown,,W,,,St,W Ewing St,2023/09/12 23:03:18+00,2277 W Ewing St Los Angeles 90039,54FB0884-55D5-418F-AB61-99A56D5F346A_2277_W_Ewing_St_Los_Angeles_90039,Ewing,2277 W Ewing Street St Los Angeles 90039,,,,
758991,1409246,,5422017006.0,,2271.0,,,West,,,Ewing,Street,,,,,,,,,,,,,90039.0,,Los Angeles,Los Angeles,,,,,LA City,{8564D7D2-291A-4D64-BADA-32892DCDB315},0,,8564D7D2-291A-4D64-BADA-32892DCDB315,Unknown,,W,,,St,W Ewing St,2023/09/12 23:03:18+00,2271 W Ewing St Los Angeles 90039,8564D7D2-291A-4D64-BADA-32892DCDB315_2271_W_Ewing_St_Los_Angeles_90039,Ewing,2271 W Ewing Street St Los Angeles 90039,,,,
758992,1409247,,5422017006.0,,2275.0,,,West,,,Ewing,Street,,,,,,,,,,,,,90039.0,,Los Angeles,Los Angeles,,,,,LA City,{F2932BD6-C049-48FA-9356-8A4075231328},0,,F2932BD6-C049-48FA-9356-8A4075231328,Unknown,,W,,,St,W Ewing St,2023/09/12 23:03:18+00,2275 W Ewing St Los Angeles 90039,F2932BD6-C049-48FA-9356-8A4075231328_2275_W_Ewing_St_Los_Angeles_90039,Ewing,2275 W Ewing Street St Los Angeles 90039,,,,
758993,1409248,,5422017007.0,,2256.0,,,West,,,Fargo,Street,,,,,,,,,,,,,90039.0,,Los Angeles,Los Angeles,,,,,LA City,{B6508795-A548-4559-9D30-A23A998E524C},0,,B6508795-A548-4559-9D30-A23A998E524C,Unknown,,W,,,St,W Fargo St,2023/09/12 23:03:18+00,2256 W Fargo St Los Angeles 90039,B6508795-A548-4559-9D30-A23A998E524C_2256_W_Fargo_St_Los_Angeles_90039,Fargo,2256 W Fargo Street St Los Angeles 90039,,,,
758994,1409249,,5422017007.0,,2258.0,,,West,,,Fargo,Street,,,,,,,,,,,,,90039.0,,Los Angeles,Los Angeles,,,,,LA City,{7FAADB3C-039B-4C8D-9844-26595DF678FE},0,,7FAADB3C-039B-4C8D-9844-26595DF678FE,Unknown,,W,,,St,W Fargo St,2023/09/12 23:03:18+00,2258 W Fargo St Los Angeles 90039,7FAADB3C-039B-4C8D-9844-26595DF678FE_2258_W_Fargo_St_Los_Angeles_90039,Fargo,2258 W Fargo Street St Los Angeles 90039,,,,
758995,1409250,,5422017008.0,,2254.0,,,West,,,Fargo,Street,,,,,,,,,,,,,90039.0,,Los Angeles,Los Angeles,,,,,LA City,{B0A8B3BB-F6BB-486F-86C4-CF7BFB5CB8F7},0,,B0A8B3BB-F6BB-486F-86C4-CF7BFB5CB8F7,Unknown,,W,,,St,W Fargo St,2024/05/12 21:05:27+00,2254 W Fargo St Los Angeles 90039,B0A8B3BB-F6BB-486F-86C4-CF7BFB5CB8F7_2254_W_Fargo_St_Los_Angeles_90039,Fargo,2254 W Fargo Street St Los Angeles 90039,,,,
758996,1409251,,5422017008.0,,2254.0,1/2,,West,,,Fargo,Street,,,,,,,,,,,,,90039.0,,Los Angeles,Los Angeles,,,,,LA City,{7B9AF947-7D26-4DF9-A819-ADF4AB9A1DD8},0,,7B9AF947-7D26-4DF9-A819-ADF4AB9A1DD8,Unknown,,W,,,St,W Fargo St,2024/05/12 21:05:27+00,2254 1/2 W Fargo St Los Angeles 90039,7B9AF947-7D26-4DF9-A819-ADF4AB9A1DD8_2254_1/2_W_Fargo_St_Los_Angeles_90039,Fargo,2254 1/2 W Fargo Street St Los Angeles 90039,,,,
758997,1409252,,5422017009.0,,2269.0,,,West,,,Ewing,Street,,,,,,,,,,,,,90039.0,,Los Angeles,Los Angeles,,,,,LA City,{91004BA8-1B02-41C8-B53B-4BACE8835B2C},0,,91004BA8-1B02-41C8-B53B-4BACE8835B2C,Unknown,,W,,,St,W Ewing St,2023/09/12 23:03:18+00,2269 W Ewing St Los Angeles 90039,91004BA8-1B02-41C8-B53B-4BACE8835B2C_2269_W_Ewing_St_Los_Angeles_90039,Ewing,2269 W Ewing Street St Los Angeles 90039,,,,
758998,1409253,,5422017009.0,,2267.0,,,West,,,Ewing,Street,,,,,,,,,,,,,90039.0,,Los Angeles,Los Angeles,,,,,LA City,{A96F43F9-BF7A-4F9D-AB2D-914B58521596},0,,A96F43F9-BF7A-4F9D-AB2D-914B58521596,Unknown,,W,,,St,W Ewing St,2023/09/12 23:03:18+00,2267 W Ewing St Los Angeles 90039,A96F43F9-BF7A-4F9D-AB2D-914B58521596_2267_W_Ewing_St_Los_Angeles_90039,Ewing,2267 W Ewing Street St Los Angeles 90039,,,,
758999,1409254,,5422017009.0,,2267.0,1/2,,,,,La Tijera,Boulevard,,,,,,,,,,,,,90039.0,,Los Angeles,Los Angeles,,,,,Assessor,{9EB7C068-46FD-4F2D-B648-F870BB8142BC},0,,9EB7C068-46FD-4F2D-B648-F870BB8142BC,Unknown,,,,,Blvd,La Tijera Blvd,2024/04/27 17:13:09+00,2267 1/2 La Tijera Blvd Los Angeles 90039,9EB7C068-46FD-4F2D-B648-F870BB8142BC_2267_1/2_La_Tijera_Blvd_Los_Angeles_90039,La Tijera,2267 1/2 La Tijera Boulevard Blvd Los Angeles 90039,,,,
759000,1409255,,5422017010.0,,2265.0,,,West,,,Ewing,Street,,,,,,,,,,,,,90039.0,,Los Angeles,Los Angeles,,,,,LA City,{BB08D31D-BCC5-4D57-ADB7-8FA5D7179B55},0,,BB08D31D-BCC5-4D57-ADB7-8FA5D7179B55,Unknown,,W,,,St,W Ewing St,2023/09/12 23:03:18+00,2265 W Ewing St Los Angeles 90039,BB08D31D-BCC5-4D57-ADB7-8FA5D7179B55_2265_W_Ewing_St_Los_Angeles_90039,Ewing,2265 W Ewing Street St Los Angeles 90039,,,,
759001,1409256,,5422017010.0,,2263.0,,,West,,,Ewing,Street,,,,,,,,,,,,,90039.0,,Los Angeles,Los Angeles,,,,,LA City,{52663B66-4EBC-4DB2-BFEC-34612EA5F145},0,,52663B66-4EBC-4DB2-BFEC-34612EA5F145,Unknown,,W,,,St,W Ewing St,2024/05/12 21:05:27+00,2263 W Ewing St Los Angeles 90039,52663B66-4EBC-4DB2-BFEC-34612EA5F145_2263_W_Ewing_St_Los_Angeles_90039,Ewing,2263 W Ewing Street St Los Angeles 90039,,,,
759002,1409257,,5422017010.0,,2261.0,,,West,,,Ewing,Street,,,,,,,,,,,,,90039.0,,Los Angeles,Los Angeles,,,,,LA City,{14A14B21-49A8-4D48-83E7-3FB0A55D5615},0,,14A14B21-49A8-4D48-83E7-3FB0A55D5615,Unknown,,W,,,St,W Ewing St,2024/05/12 21:05:27+00,2261 W Ewing St Los Angeles 90039,14A14B21-49A8-4D48-83E7-3FB0A55D5615_2261_W_Ewing_St_Los_Angeles_90039,Ewing,2261 W Ewing Street St Los Angeles 90039,,,,
759003,1409258,,5422017010.0,,2263.0,1/2,,West,,,Ewing,Street,,,,,,,,,,,,,90039.0,,Los Angeles,Los Angeles,,,,,LA City,{58D8BA07-314F-4F21-B7CE-51A1E438AB47},0,,58D8BA07-314F-4F21-B7CE-51A1E438AB47,Unknown,,W,,,St,W Ewing St,2024/05/12 21:05:27+00,2263 1/2 W Ewing St Los Angeles 90039,58D8BA07-314F-4F21-B7CE-51A1E438AB47_2263_1/2_W_Ewing_St_Los_Angeles_90039,Ewing,2263 1/2 W Ewing Street St Los Angeles 90039,,,,
759004,1409259,,5422017010.0,,2261.0,1/2,,West,,,Ewing,Street,,,,,,,,,,,,,90039.0,,Los Angeles,Los Angeles,,,,,LA City,{3293CFA1-1AD1-4973-9173-5DB0A6975985},0,,3293CFA1-1AD1-4973-9173-5DB0A6975985,Unknown,,W,,,St,W Ewing St,2024/05/12 21:05:27+00,2261 1/2 W Ewing St Los Angeles 90039,3293CFA1-1AD1-4973-9173-5DB0A6975985_2261_1/2_W_Ewing_St_Los_Angeles_90039,Ewing,2261 1/2 W Ewing Street St Los Angeles 90039,,,,
759005,1409260,,5422017011.0,,2248.0,,,West,,,Fargo,Street,,,,,,,,,,,,,90039.0,,Los Angeles,Los Angeles,,,,,LA City,{421D6B24-BB1A-4DD6-84E1-0B5715E35774},0,,421D6B24-BB1A-4DD6-84E1-0B5715E35774,Unknown,,W,,,St,W Fargo St,2023/09/12 23:03:18+00,2248 W Fargo St Los Angeles 90039,421D6B24-BB1A-4DD6-84E1-0B5715E35774_2248_W_Fargo_St_Los_Angeles_90039,Fargo,2248 W Fargo Street St Los Angeles 90039,,,,
759006,1409261,,5422017011.0,,2250.0,,,West,,,Fargo,Street,,,,,,,,,,,,,90039.0,,Los Angeles,Los Angeles,,,,,LA City,{C04FDCD8-BA28-4159-A3D1-88FFD6932042},0,,C04FDCD8-BA28-4159-A3D1-88FFD6932042,Unknown,,W,,,St,W Fargo St,2023/09/12 23:03:18+00,2250 W Fargo St Los Angeles 90039,C04FDCD8-BA28-4159-A3D1-88FFD6932042_2250_W_Fargo_St_Los_Angeles_90039,Fargo,2250 W Fargo Street St Los Angeles 90039,,,,
759007,1409262,,5422017012.0,,2244.0,,,West,,,Fargo,Street,,,,,,,,,,,,,90039.0,,Los Angeles,Los Angeles,,,,,LA City,{4624BC73-00BB-4DF3-BF0F-DB8943131DFA},0,,4624BC73-00BB-4DF3-BF0F-DB8943131DFA,Unknown,,W,,,St,W Fargo St,2023/09/12 23:03:18+00,2244 W Fargo St Los Angeles 90039,4624BC73-00BB-4DF3-BF0F-DB8943131DFA_2244_W_Fargo_St_Los_Angeles_90039,Fargo,2244 W Fargo Street St Los Angeles 90039,,,,
759008,1409263,,5422017012.0,,2246.0,,,West,,,Fargo,Street,,,,,,,,,,,,,90039.0,,Los Angeles,Los Angeles,,,,,LA City,{FCDCF47D-A7AD-477A-87B3-52A4D2A9A43A},0,,FCDCF47D-A7AD-477A-87B3-52A4D2A9A43A,Unknown,,W,,,St,W Fargo St,2024/05/12 21:05:27+00,2246 W Fargo St Los Angeles 90039,FCDCF47D-A7AD-477A-87B3-52A4D2A9A43A_2246_W_Fargo_St_Los_Angeles_90039,Fargo,2246 W Fargo Street St Los Angeles 90039,,,,
759009,1409264,,5422017012.0,,2246.0,1/2,,West,,,Fargo,Street,,,,,,,,,,,,,90039.0,,Los Angeles,Los Angeles,,,,,LA City,{3C58AB28-257D-4E8B-A089-25249A6EB131},0,,3C58AB28-257D-4E8B-A089-25249A6EB131,Unknown,,W,,,St,W Fargo St,2024/05/12 21:05:27+00,2246 1/2 W Fargo St Los Angeles 90039,3C58AB28-257D-4E8B-A089-25249A6EB131_2246_1/2_W_Fargo_St_Los_Angeles_90039,Fargo,2246 1/2 W Fargo Street St Los Angeles 90039,,,,
759010,1409265,,5422017013.0,,2257.0,,,West,,,Ewing,Street,,,,,,,,,,,,1-7,90039.0,,Los Angeles,Los Angeles,,,,,LA City,{1BC9A5AC-F919-45EA-8227-51F176A48505},0,,1BC9A5AC-F919-45EA-8227-51F176A48505,Unknown,,W,,,St,W Ewing St,2023/09/12 23:03:18+00,2257 W Ewing St 1-7 Los Angeles 90039,1BC9A5AC-F919-45EA-8227-51F176A48505_2257_W_Ewing_St_1-7_Los_Angeles_90039,Ewing,2257 W Ewing Street St 1-7 Los Angeles 90039,,,,
759011,1409266,,5422017014.0,,2249.0,,,West,,,Ewing,Street,,,,,,,,,,,,,90039.0,,Los Angeles,Los Angeles,,,,,LA City,{E0C0BDF2-7F7B-4FCA-AEC0-C37EF2AD7EB0},0,,E0C0BDF2-7F7B-4FCA-AEC0-C37EF2AD7EB0,Unknown,,W,,,St,W Ewing St,2023/09/12 23:03:18+00,2249 W Ewing St Los Angeles 90039,E0C0BDF2-7F7B-4FCA-AEC0-C37EF2AD7EB0_2249_W_Ewing_St_Los_Angeles_90039,Ewing,2249 W Ewing Street St Los Angeles 90039,,,,
759012,1409267,,5422017014.0,,2247.0,1/2,,West,,,Ewing,Street,,,,,,,,,,,,,90039.0,,Los Angeles,Los Angeles,,,,,LA City,{BBE63491-F8DA-413C-8436-E9DF41A152A7},0,,BBE63491-F8DA-413C-8436-E9DF41A152A7,Unknown,,W,,,St,W Ewing St,2024/05/12 21:05:27+00,2247 1/2 W Ewing St Los Angeles 90039,BBE63491-F8DA-413C-8436-E9DF41A152A7_2247_1/2_W_Ewing_St_Los_Angeles_90039,Ewing,2247 1/2 W Ewing Street St Los Angeles 90039,,,,
759013,1409268,,5422017014.0,,2247.0,,,West,,,Ewing,Street,,,,,,,,,,,,,90039.0,,Los Angeles,Los Angeles,,,,,LA City,{115F2A1A-DBE1-4600-BEDB-28FDD648A8FD},0,,115F2A1A-DBE1-4600-BEDB-28FDD648A8FD,Unknown,,W,,,St,W Ewing St,2024/05/12 21:05:27+00,2247 W Ewing St Los Angeles 90039,115F2A1A-DBE1-4600-BEDB-28FDD648A8FD_2247_W_Ewing_St_Los_Angeles_90039,Ewing,2247 W Ewing Street St Los Angeles 90039,,,,
759014,1409269,,5422017016.0,,2234.0,,,West,,,Fargo,Street,,,,,,,,,,,,,90039.0,,Los Angeles,Los Angeles,,,,,LA City,{29476024-E410-47F4-B519-20BE1A6672CA},0,,29476024-E410-47F4-B519-20BE1A6672CA,Unknown,,W,,,St,W Fargo St,2024/05/12 21:05:27+00,2234 W Fargo St Los Angeles 90039,29476024-E410-47F4-B519-20BE1A6672CA_2234_W_Fargo_St_Los_Angeles_90039,Fargo,2234 W Fargo Street St Los Angeles 90039,,,,
759015,1409270,,5422017016.0,,2234.0,1/2,,West,,,Fargo,Street,,,,,,,,,,,,,90039.0,,Los Angeles,Los Angeles,,,,,LA City,{DB22BC48-5DBD-4662-94B9-4326BB13A155},0,,DB22BC48-5DBD-4662-94B9-4326BB13A155,Unknown,,W,,,St,W Fargo St,2024/05/12 21:05:27+00,2234 1/2 W Fargo St Los Angeles 90039,DB22BC48-5DBD-4662-94B9-4326BB13A155_2234_1/2_W_Fargo_St_Los_Angeles_90039,Fargo,2234 1/2 W Fargo Street St Los Angeles 90039,,,,
759016,1409271,,5422017017.0,,2245.0,,,West,,,Ewing,Street,,,,,,,,,,,,,90039.0,,Los Angeles,Los Angeles,,,,,LA City,{81399762-2D5B-4A9E-8A3A-1606E40DE9A2},0,,81399762-2D5B-4A9E-8A3A-1606E40DE9A2,Unknown,,W,,,St,W Ewing St,2023/09/12 23:03:18+00,2245 W Ewing St Los Angeles 90039,81399762-2D5B-4A9E-8A3A-1606E40DE9A2_2245_W_Ewing_St_Los_Angeles_90039,Ewing,2245 W Ewing Street St Los Angeles 90039,,,,
759017,1409272,,5422017017.0,,2243.0,,,West,,,Ewing,Street,,,,,,,,,,,,,90039.0,,Los Angeles,Los Angeles,,,,,LA City,{56CC2C4D-DC16-4289-AD4B-067E02F86F5E},0,,56CC2C4D-DC16-4289-AD4B-067E02F86F5E,Unknown,,W,,,St,W Ewing St,2023/09/12 23:03:18+00,2243 W Ewing St Los Angeles 90039,56CC2C4D-DC16-4289-AD4B-067E02F86F5E_2243_W_Ewing_St_Los_Angeles_90039,Ewing,2243 W Ewing Street St Los Angeles 90039,,,,
759018,1409273,,5422017018.0,,2241.0,,,West,,,Ewing,Street,,,,,,,,,,,,1-4,90039.0,,Los Angeles,Los Angeles,,,,,LA City,{56CB236A-CB16-42DC-8269-CB7073E4908A},0,,56CB236A-CB16-42DC-8269-CB7073E4908A,Unknown,,W,,,St,W Ewing St,2023/09/12 23:03:18+00,2241 W Ewing St 1-4 Los Angeles 90039,56CB236A-CB16-42DC-8269-CB7073E4908A_2241_W_Ewing_St_1-4_Los_Angeles_90039,Ewing,2241 W Ewing Street St 1-4 Los Angeles 90039,,,,
759019,1409274,,5422017019.0,,2230.0,,,West,,,Fargo,Street,,,,,,,,,,,,,90039.0,,Los Angeles,Los Angeles,,,,,LA City,{01690CA5-F82C-4FCF-8EE7-C61B782727FB},0,,01690CA5-F82C-4FCF-8EE7-C61B782727FB,Unknown,,W,,,St,W Fargo St,2024/05/12 21:05:27+00,2230 W Fargo St Los Angeles 90039,01690CA5-F82C-4FCF-8EE7-C61B782727FB_2230_W_Fargo_St_Los_Angeles_90039,Fargo,2230 W Fargo Street St Los Angeles 90039,,,,
759020,1409275,,5422017019.0,,2230.0,1/2,,West,,,Fargo,Street,,,,,,,,,,,,,90039.0,,Los Angeles,Los Angeles,,,,,LA City,{C2804354-34A3-483A-B6E6-014C866AA13A},0,,C2804354-34A3-483A-B6E6-014C866AA13A,Unknown,,W,,,St,W Fargo St,2024/05/12 21:05:27+00,2230 1/2 W Fargo St Los Angeles 90039,C2804354-34A3-483A-B6E6-014C866AA13A_2230_1/2_W_Fargo_St_Los_Angeles_90039,Fargo,2230 1/2 W Fargo Street St Los Angeles 90039,,,,
759021,1409276,,5422017022.0,,2237.0,,,West,,,Ewing,Street,,,,,,,,,,,,,90039.0,,Los Angeles,Los Angeles,,,,,LA City,{853690C8-D4D2-4546-A4E5-524FCFEF0F00},0,,853690C8-D4D2-4546-A4E5-524FCFEF0F00,Unknown,,W,,,St,W Ewing St,2023/09/12 23:03:18+00,2237 W Ewing St Los Angeles 90039,853690C8-D4D2-4546-A4E5-524FCFEF0F00_2237_W_Ewing_St_Los_Angeles_90039,Ewing,2237 W Ewing Street St Los Angeles 90039,,,,
759022,1409277,,5422017022.0,,2239.0,,,West,,,Ewing,Street,,,,,,,,,,,,,90039.0,,Los Angeles,Los Angeles,,,,,LA City,{F5AFE61A-7354-4C2B-B5DE-816875A775F2},0,,F5AFE61A-7354-4C2B-B5DE-816875A775F2,Unknown,,W,,,St,W Ewing St,2023/09/12 23:03:18+00,2239 W Ewing St Los Angeles 90039,F5AFE61A-7354-4C2B-B5DE-816875A775F2_2239_W_Ewing_St_Los_Angeles_90039,Ewing,2239 W Ewing Street St Los Angeles 90039,,,,
759023,1409278,,5422017022.0,,2235.0,,,West,,,Ewing,Street,,,,,,,,,,,,,90039.0,,Los Angeles,Los Angeles,,,,,LA City,{602BBCE4-FCBA-4632-9B89-18F1044077D9},0,,602BBCE4-FCBA-4632-9B89-18F1044077D9,Unknown,,W,,,St,W Ewing St,2024/05/12 21:05:27+00,2235 W Ewing St Los Angeles 90039,602BBCE4-FCBA-4632-9B89-18F1044077D9_2235_W_Ewing_St_Los_Angeles_90039,Ewing,2235 W Ewing Street St Los Angeles 90039,,,,
759024,1409279,,5422017022.0,,2235.0,1/2,,West,,,Ewing,Street,,,,,,,,,,,,,90039.0,,Los Angeles,Los Angeles,,,,,LA City,{67F10CBA-20C7-4D5E-9A17-611B71731D6C},0,,67F10CBA-20C7-4D5E-9A17-611B71731D6C,Unknown,,W,,,St,W Ewing St,2024/05/12 21:05:27+00,2235 1/2 W Ewing St Los Angeles 90039,67F10CBA-20C7-4D5E-9A17-611B71731D6C_2235_1/2_W_Ewing_St_Los_Angeles_90039,Ewing,2235 1/2 W Ewing Street St Los Angeles 90039,,,,
759025,1409280,,5422017023.0,,2223.0,,,West,,,Ewing,Street,,,,,,,,,,,,,90039.0,,Los Angeles,Los Angeles,,,,,LA City,{BC0DBC71-6003-4920-BEFD-E804D4852288},0,,BC0DBC71-6003-4920-BEFD-E804D4852288,Unknown,,W,,,St,W Ewing St,2023/09/12 23:03:18+00,2223 W Ewing St Los Angeles 90039,BC0DBC71-6003-4920-BEFD-E804D4852288_2223_W_Ewing_St_Los_Angeles_90039,Ewing,2223 W Ewing Street St Los Angeles 90039,,,,
759026,1409281,,5422017023.0,,2233.0,,,,,,Ewing,Street,,,,,,,,,,,,,90039.0,,Los Angeles,Los Angeles,,,,,Assessor,{9D14C329-A636-469D-BEEC-D79C5A1D6080},0,,9D14C329-A636-469D-BEEC-D79C5A1D6080,Unknown,,,,,St,Ewing St,2024/04/27 17:13:09+00,2233 Ewing St Los Angeles 90039,9D14C329-A636-469D-BEEC-D79C5A1D6080_2233_Ewing_St_Los_Angeles_90039,Ewing,2233 Ewing Street St Los Angeles 90039,,,,
759027,1409282,,5422017031.0,,2227.0,,,West,,,Ewing,Street,,,,,,,,,,,,,90039.0,,Los Angeles,Los Angeles,,,,,LA City,{EC2974A2-1A83-4641-BB2B-AAA0069A6ED0},0,,EC2974A2-1A83-4641-BB2B-AAA0069A6ED0,Unknown,,W,,,St,W Ewing St,2023/09/12 23:03:18+00,2227 W Ewing St Los Angeles 90039,EC2974A2-1A83-4641-BB2B-AAA0069A6ED0_2227_W_Ewing_St_Los_Angeles_90039,Ewing,2227 W Ewing Street St Los Angeles 90039,,,,
759028,1409283,,5422017031.0,,2229.0,,,West,,,Ewing,Street,,,,,,,,,,,,,90039.0,,Los Angeles,Los Angeles,,,,,LA City,{B20D7C05-F537-4BE4-A787-1FD424522B1B},0,,B20D7C05-F537-4BE4-A787-1FD424522B1B,Unknown,,W,,,St,W Ewing St,2023/09/12 23:03:18+00,2229 W Ewing St Los Angeles 90039,B20D7C05-F537-4BE4-A787-1FD424522B1B_2229_W_Ewing_St_Los_Angeles_90039,Ewing,2229 W Ewing Street St Los Angeles 90039,,,,
759029,1409284,,5422017034.0,,2216.0,,,West,,,Fargo,Street,,,,,,,,,,,,,90039.0,,Los Angeles,Los Angeles,,,,,LA City,{3976045A-9D48-4AB1-88AA-DCA16CCAA5F2},0,,3976045A-9D48-4AB1-88AA-DCA16CCAA5F2,Unknown,,W,,,St,W Fargo St,2023/09/12 23:03:18+00,2216 W Fargo St Los Angeles 90039,3976045A-9D48-4AB1-88AA-DCA16CCAA5F2_2216_W_Fargo_St_Los_Angeles_90039,Fargo,2216 W Fargo Street St Los Angeles 90039,,,,
759030,1409285,,5422017035.0,,2264.0,,,West,,,Fargo,Street,,,,,,,,,,,,,90039.0,,Los Angeles,Los Angeles,,,,,LA City,{12EB12BB-8561-429D-A115-C534092C2336},0,,12EB12BB-8561-429D-A115-C534092C2336,Unknown,,W,,,St,W Fargo St,2023/09/12 23:03:18+00,2264 W Fargo St Los Angeles 90039,12EB12BB-8561-429D-A115-C534092C2336_2264_W_Fargo_St_Los_Angeles_90039,Fargo,2264 W Fargo Street St Los Angeles 90039,,,,
759031,1409286,,5422017035.0,,2266.0,,,West,,,Fargo,Street,,,,,,,,,,,,,90039.0,,Los Angeles,Los Angeles,,,,,LA City,{8B67EAEB-ECE5-414E-8C69-3580E1FC11C0},0,,8B67EAEB-ECE5-414E-8C69-3580E1FC11C0,Unknown,,W,,,St,W Fargo St,2023/09/12 23:03:18+00,2266 W Fargo St Los Angeles 90039,8B67EAEB-ECE5-414E-8C69-3580E1FC11C0_2266_W_Fargo_St_Los_Angeles_90039,Fargo,2266 W Fargo Street St Los Angeles 90039,,,,
759032,1409287,,5422017035.0,,2262.0,1/2,,West,,,Fargo,Street,,,,,,,,,,,,,90039.0,,Los Angeles,Los Angeles,,,,,LA City,{04618F8F-EA9E-448A-A9DA-12384718ED37},0,,04618F8F-EA9E-448A-A9DA-12384718ED37,Unknown,,W,,,St,W Fargo St,2024/05/12 21:05:27+00,2262 1/2 W Fargo St Los Angeles 90039,04618F8F-EA9E-448A-A9DA-12384718ED37_2262_1/2_W_Fargo_St_Los_Angeles_90039,Fargo,2262 1/2 W Fargo Street St Los Angeles 90039,,,,
759033,1409288,,5422017035.0,,2262.0,,,West,,,Fargo,Street,,,,,,,,,,,,,90039.0,,Los Angeles,Los Angeles,,,,,LA City,{AADC398E-306F-4B0A-8A98-A70AD25DAC5A},0,,AADC398E-306F-4B0A-8A98-A70AD25DAC5A,Unknown,,W,,,St,W Fargo St,2024/05/12 21:05:27+00,2262 W Fargo St Los Angeles 90039,AADC398E-306F-4B0A-8A98-A70AD25DAC5A_2262_W_Fargo_St_Los_Angeles_90039,Fargo,2262 W Fargo Street St Los Angeles 90039,,,,
759034,1409289,,5422017036.0,,2210.0,,,West,,,Fargo,Street,,,,,,,,,,,,,90039.0,,Los Angeles,Los Angeles,,,,,LA City,{C2E273E8-6032-42C0-827F-A3D10EAF2AF2},0,,C2E273E8-6032-42C0-827F-A3D10EAF2AF2,Unknown,,W,,,St,W Fargo St,2023/09/12 23:03:18+00,2210 W Fargo St Los Angeles 90039,C2E273E8-6032-42C0-827F-A3D10EAF2AF2_2210_W_Fargo_St_Los_Angeles_90039,Fargo,2210 W Fargo Street St Los Angeles 90039,,,,
759035,1409290,,5422017037.0,,2220.0,,,West,,,Fargo,Street,,,,,,,,,,,,,90039.0,,Los Angeles,Los Angeles,,,,,LA City,{7E1B0F76-ED59-492B-8E23-98807893E67E},0,,7E1B0F76-ED59-492B-8E23-98807893E67E,Unknown,,W,,,St,W Fargo St,2023/09/12 23:03:18+00,2220 W Fargo St Los Angeles 90039,7E1B0F76-ED59-492B-8E23-98807893E67E_2220_W_Fargo_St_Los_Angeles_90039,Fargo,2220 W Fargo Street St Los Angeles 90039,,,,
759036,1409291,,5422017038.0,,2240.0,,,West,,,Fargo,Street,,,,,,,,,,,,,90039.0,,Los Angeles,Los Angeles,,,,,LA City,{6CD3C868-4581-4E65-B18D-6342025FF7E8},0,,6CD3C868-4581-4E65-B18D-6342025FF7E8,Unknown,,W,,,St,W Fargo St,2023/09/12 23:03:18+00,2240 W Fargo St Los Angeles 90039,6CD3C868-4581-4E65-B18D-6342025FF7E8_2240_W_Fargo_St_Los_Angeles_90039,Fargo,2240 W Fargo Street St Los Angeles 90039,,,,
759037,1409292,,5422017039.0,,2242.0,,,West,,,Fargo,Street,,,,,,,,,,,,,90039.0,,Los Angeles,Los Angeles,,,,,LA City,{AF9998D6-1781-46D3-A54E-17E4819411CF},0,,AF9998D6-1781-46D3-A54E-17E4819411CF,Unknown,,W,,,St,W Fargo St,2023/09/12 23:03:18+00,2242 W Fargo St Los Angeles 90039,AF9998D6-1781-46D3-A54E-17E4819411CF_2242_W_Fargo_St_Los_Angeles_90039,Fargo,2242 W Fargo Street St Los Angeles 90039,,,,
759038,1409293,,5422018001.0,,2287.0,,,West,,,Duane,Street,,,,,,,,,,,,,90039.0,,Los Angeles,Los Angeles,,,,,LA City,{3E945390-0D20-4390-A843-99E7E3202BE8},0,,3E945390-0D20-4390-A843-99E7E3202BE8,Unknown,,W,,,St,W Duane St,2023/09/12 23:03:18+00,2287 W Duane St Los Angeles 90039,3E945390-0D20-4390-A843-99E7E3202BE8_2287_W_Duane_St_Los_Angeles_90039,Duane,2287 W Duane Street St Los Angeles 90039,,,,
759039,1409294,,5422018001.0,,2285.0,,,West,,,Duane,Street,,,,,,,,,,,,,90039.0,,Los Angeles,Los Angeles,,,,,LA City,{940E197A-0250-488D-BCE5-9CA1BB23B5A9},0,,940E197A-0250-488D-BCE5-9CA1BB23B5A9,Unknown,,W,,,St,W Duane St,2023/09/12 23:03:18+00,2285 W Duane St Los Angeles 90039,940E197A-0250-488D-BCE5-9CA1BB23B5A9_2285_W_Duane_St_Los_Angeles_90039,Duane,2285 W Duane Street St Los Angeles 90039,,,,
759040,1409295,,5422018001.0,,2289.0,,,West,,,Duane,Street,,,,,,,,,,,,,90039.0,,Los Angeles,Los Angeles,,,,,LA City,{CC9BCD53-F093-4E1A-9F78-89655F4438D7},0,,CC9BCD53-F093-4E1A-9F78-89655F4438D7,Unknown,,W,,,St,W Duane St,2023/09/12 23:03:18+00,2289 W Duane St Los Angeles 90039,CC9BCD53-F093-4E1A-9F78-89655F4438D7_2289_W_Duane_St_Los_Angeles_90039,Duane,2289 W Duane Street St Los Angeles 90039,,,,
759041,1409296,,5422018002.0,,1906.0,,,North,,,Apex,Avenue,,,,,,,,,,,,,90039.0,,Los Angeles,Los Angeles,,,,,LA City,{B4AB38B9-2C9A-405C-AC72-E6032369537E},0,,B4AB38B9-2C9A-405C-AC72-E6032369537E,Unknown,,N,,,Ave,N Apex Ave,2023/09/12 23:03:18+00,1906 N Apex Ave Los Angeles 90039,B4AB38B9-2C9A-405C-AC72-E6032369537E_1906_N_Apex_Ave_Los_Angeles_90039,Apex,1906 N Apex Avenue Ave Los Angeles 90039,,,,
759042,1409297,,5422018003.0,,1910.0,,,North,,,Apex,Avenue,,,,,,,,,,,,,90039.0,,Los Angeles,Los Angeles,,,,,LA City,{E9EF556F-F1F6-4DAB-B05D-99FA381F232B},0,,E9EF556F-F1F6-4DAB-B05D-99FA381F232B,Unknown,,N,,,Ave,N Apex Ave,2023/09/12 23:03:18+00,1910 N Apex Ave Los Angeles 90039,E9EF556F-F1F6-4DAB-B05D-99FA381F232B_1910_N_Apex_Ave_Los_Angeles_90039,Apex,1910 N Apex Avenue Ave Los Angeles 90039,,,,
759043,1409298,,5422018004.0,,1916.0,,,North,,,Apex,Avenue,,,,,,,,,,,,,90039.0,,Los Angeles,Los Angeles,,,,,LA City,{04D52832-656F-4B98-A114-94CD8E82AF21},0,,04D52832-656F-4B98-A114-94CD8E82AF21,Unknown,,N,,,Ave,N Apex Ave,2023/09/12 23:03:18+00,1916 N Apex Ave Los Angeles 90039,04D52832-656F-4B98-A114-94CD8E82AF21_1916_N_Apex_Ave_Los_Angeles_90039,Apex,1916 N Apex Avenue Ave Los Angeles 90039,,,,
759044,1409299,,5422018005.0,,2276.0,1/2,,West,,,Ewing,Street,,,,,,,,,,,,,90039.0,,Los Angeles,Los Angeles,,,,,LA City,{686581B3-7E2A-4B33-A1D6-3EC0FC74637E},0,,686581B3-7E2A-4B33-A1D6-3EC0FC74637E,Unknown,,W,,,St,W Ewing St,2024/05/12 21:05:27+00,2276 1/2 W Ewing St Los Angeles 90039,686581B3-7E2A-4B33-A1D6-3EC0FC74637E_2276_1/2_W_Ewing_St_Los_Angeles_90039,Ewing,2276 1/2 W Ewing Street St Los Angeles 90039,,,,
759045,1409300,,5422018005.0,,2276.0,3/4,,West,,,Ewing,Street,,,,,,,,,,,,,90039.0,,Los Angeles,Los Angeles,,,,,LA City,{25013218-7AA1-4291-B2E6-38AF81B9D85D},0,,25013218-7AA1-4291-B2E6-38AF81B9D85D,Unknown,,W,,,St,W Ewing St,2024/05/12 21:05:27+00,2276 3/4 W Ewing St Los Angeles 90039,25013218-7AA1-4291-B2E6-38AF81B9D85D_2276_3/4_W_Ewing_St_Los_Angeles_90039,Ewing,2276 3/4 W Ewing Street St Los Angeles 90039,,,,
759046,1409301,,5422018005.0,,2276.0,,,West,,,Ewing,Street,,,,,,,,,,,,,90039.0,,Los Angeles,Los Angeles,,,,,LA City,{45186889-64FC-4CF6-B48B-D77EA1B3804C},0,,45186889-64FC-4CF6-B48B-D77EA1B3804C,Unknown,,W,,,St,W Ewing St,2024/05/12 21:05:27+00,2276 W Ewing St Los Angeles 90039,45186889-64FC-4CF6-B48B-D77EA1B3804C_2276_W_Ewing_St_Los_Angeles_90039,Ewing,2276 W Ewing Street St Los Angeles 90039,,,,
759047,1409302,,5422018006.0,,2275.0,,,West,,,Duane,Street,,,,,,,,,,,,,90039.0,,Los Angeles,Los Angeles,,,,,LA City,{128F4E94-D11A-41A3-902D-97F46731DFDD},0,,128F4E94-D11A-41A3-902D-97F46731DFDD,Unknown,,W,,,St,W Duane St,2023/09/12 23:03:18+00,2275 W Duane St Los Angeles 90039,128F4E94-D11A-41A3-902D-97F46731DFDD_2275_W_Duane_St_Los_Angeles_90039,Duane,2275 W Duane Street St Los Angeles 90039,,,,
759048,1409303,,5422018009.0,,2266.0,,,West,,,Ewing,Street,,,,,,,,,,,,,90039.0,,Los Angeles,Los Angeles,,,,,LA City,{EC82FCAD-C3C2-4385-A3FF-B4E37EBA00D3},0,,EC82FCAD-C3C2-4385-A3FF-B4E37EBA00D3,Unknown,,W,,,St,W Ewing St,2023/09/12 23:03:18+00,2266 W Ewing St Los Angeles 90039,EC82FCAD-C3C2-4385-A3FF-B4E37EBA00D3_2266_W_Ewing_St_Los_Angeles_90039,Ewing,2266 W Ewing Street St Los Angeles 90039,,,,
759049,1409304,,5422018009.0,,2264.0,,,West,,,Ewing,Street,,,,,,,,,,,,,90039.0,,Los Angeles,Los Angeles,,,,,LA City,{5FC26ECB-C526-4048-8DDE-ECA4A95EE6F6},0,,5FC26ECB-C526-4048-8DDE-ECA4A95EE6F6,Unknown,,W,,,St,W Ewing St,2023/09/12 23:03:18+00,2264 W Ewing St Los Angeles 90039,5FC26ECB-C526-4048-8DDE-ECA4A95EE6F6_2264_W_Ewing_St_Los_Angeles_90039,Ewing,2264 W Ewing Street St Los Angeles 90039,,,,
759050,1409305,,5422018011.0,,2261.0,,,West,,,Duane,Street,,,,,,,,,,,,,90039.0,,Los Angeles,Los Angeles,,,,,LA City,{4E5E73C8-C259-48F4-B6E9-2E1A2990901A},0,,4E5E73C8-C259-48F4-B6E9-2E1A2990901A,Unknown,,W,,,St,W Duane St,2023/09/12 23:03:18+00,2261 W Duane St Los Angeles 90039,4E5E73C8-C259-48F4-B6E9-2E1A2990901A_2261_W_Duane_St_Los_Angeles_90039,Duane,2261 W Duane Street St Los Angeles 90039,,,,
759051,1409306,,5422018012.0,,2260.0,1/2,,West,,,Ewing,Street,,,,,,,,,,,,,90039.0,,Los Angeles,Los Angeles,,,,,LA City,{E158FFC2-A1D2-4AF4-A24E-E023B6E757A0},0,,E158FFC2-A1D2-4AF4-A24E-E023B6E757A0,Unknown,,W,,,St,W Ewing St,2024/05/12 21:05:27+00,2260 1/2 W Ewing St Los Angeles 90039,E158FFC2-A1D2-4AF4-A24E-E023B6E757A0_2260_1/2_W_Ewing_St_Los_Angeles_90039,Ewing,2260 1/2 W Ewing Street St Los Angeles 90039,,,,
759052,1409307,,5422018012.0,,2260.0,,,West,,,Ewing,Street,,,,,,,,,,,,,90039.0,,Los Angeles,Los Angeles,,,,,LA City,{8DB5896A-09BE-41ED-9042-76782A1010FE},0,,8DB5896A-09BE-41ED-9042-76782A1010FE,Unknown,,W,,,St,W Ewing St,2024/05/12 21:05:27+00,2260 W Ewing St Los Angeles 90039,8DB5896A-09BE-41ED-9042-76782A1010FE_2260_W_Ewing_St_Los_Angeles_90039,Ewing,2260 W Ewing Street St Los Angeles 90039,,,,
759053,1409308,,5422018013.0,,2256.0,,,West,,,Ewing,Street,,,,,,,,,,,,,90039.0,,Los Angeles,Los Angeles,,,,,LA City,{DAF823B7-D2E3-47E4-8E29-95C396C1E9E6},0,,DAF823B7-D2E3-47E4-8E29-95C396C1E9E6,Unknown,,W,,,St,W Ewing St,2023/09/12 23:03:18+00,2256 W Ewing St Los Angeles 90039,DAF823B7-D2E3-47E4-8E29-95C396C1E9E6_2256_W_Ewing_St_Los_Angeles_90039,Ewing,2256 W Ewing Street St Los Angeles 90039,,,,
759054,1409309,,5422018015.0,,2250.0,,,West,,,Ewing,Street,,,,,,,,,,,,,90039.0,,Los Angeles,Los Angeles,,,,,LA City,{5B75397D-4EB0-4226-A017-E62C337518D6},0,,5B75397D-4EB0-4226-A017-E62C337518D6,Unknown,,W,,,St,W Ewing St,2023/09/12 23:03:18+00,2250 W Ewing St Los Angeles 90039,5B75397D-4EB0-4226-A017-E62C337518D6_2250_W_Ewing_St_Los_Angeles_90039,Ewing,2250 W Ewing Street St Los Angeles 90039,,,,
759055,1409310,,5422018015.0,,2252.0,,,West,,,Ewing,Street,,,,,,,,,,,,,90039.0,,Los Angeles,Los Angeles,,,,,LA City,{6952FEF1-FA04-4E5D-8CCC-44D920FDF52B},0,,6952FEF1-FA04-4E5D-8CCC-44D920FDF52B,Unknown,,W,,,St,W Ewing St,2023/09/12 23:03:18+00,2252 W Ewing St Los Angeles 90039,6952FEF1-FA04-4E5D-8CCC-44D920FDF52B_2252_W_Ewing_St_Los_Angeles_90039,Ewing,2252 W Ewing Street St Los Angeles 90039,,,,
759056,1409311,,5422018016.0,,2246.0,,,West,,,Ewing,Street,,,,,,,,,,,,1-3,90039.0,,Los Angeles,Los Angeles,,,,,LA City,{49C930EA-D99B-4B56-9CEA-DA1CB8AF5316},0,,49C930EA-D99B-4B56-9CEA-DA1CB8AF5316,Unknown,,W,,,St,W Ewing St,2023/09/12 23:03:18+00,2246 W Ewing St 1-3 Los Angeles 90039,49C930EA-D99B-4B56-9CEA-DA1CB8AF5316_2246_W_Ewing_St_1-3_Los_Angeles_90039,Ewing,2246 W Ewing Street St 1-3 Los Angeles 90039,,,,
759057,1409312,,5422018017.0,,2249.0,,,West,,,Duane,Street,,,,,,,,,,,,,90039.0,,Los Angeles,Los Angeles,,,,,LA City,{871DD833-BFA1-4C9F-9885-493D1E3C37B9},0,,871DD833-BFA1-4C9F-9885-493D1E3C37B9,Unknown,,W,,,St,W Duane St,2023/09/12 23:03:18+00,2249 W Duane St Los Angeles 90039,871DD833-BFA1-4C9F-9885-493D1E3C37B9_2249_W_Duane_St_Los_Angeles_90039,Duane,2249 W Duane Street St Los Angeles 90039,,,,
759058,1409313,,5422018018.0,,2247.0,,,West,,,Duane,Street,,,,,,,,,,,,,90039.0,,Los Angeles,Los Angeles,,,,,LA City,{CCBE9192-5738-4B5C-8E88-F4A1F93E829C},0,,CCBE9192-5738-4B5C-8E88-F4A1F93E829C,Unknown,,W,,,St,W Duane St,2023/09/12 23:03:18+00,2247 W Duane St Los Angeles 90039,CCBE9192-5738-4B5C-8E88-F4A1F93E829C_2247_W_Duane_St_Los_Angeles_90039,Duane,2247 W Duane Street St Los Angeles 90039,,,,
759059,1409314,,5422018019.0,,2243.0,,,West,,,Duane,Street,,,,,,,,,,,,,90039.0,,Los Angeles,Los Angeles,,,,,LA City,{94116D16-8FDD-4EA4-8C24-61D349FBB118},0,,94116D16-8FDD-4EA4-8C24-61D349FBB118,Unknown,,W,,,St,W Duane St,2023/09/12 23:03:18+00,2243 W Duane St Los Angeles 90039,94116D16-8FDD-4EA4-8C24-61D349FBB118_2243_W_Duane_St_Los_Angeles_90039,Duane,2243 W Duane Street St Los Angeles 90039,,,,
759060,1409315,,5422018020.0,,2240.0,1/2,,West,,,Ewing,Street,,,,,,,,,,,,,90039.0,,Los Angeles,Los Angeles,,,,,LA City,{3FD6FA0C-9839-41BD-A223-7AE7CE5A4B86},0,,3FD6FA0C-9839-41BD-A223-7AE7CE5A4B86,Unknown,,W,,,St,W Ewing St,2024/05/12 21:05:27+00,2240 1/2 W Ewing St Los Angeles 90039,3FD6FA0C-9839-41BD-A223-7AE7CE5A4B86_2240_1/2_W_Ewing_St_Los_Angeles_90039,Ewing,2240 1/2 W Ewing Street St Los Angeles 90039,,,,
759061,1409316,,5422018020.0,,2240.0,,,West,,,Ewing,Street,,,,,,,,,,,,,90039.0,,Los Angeles,Los Angeles,,,,,LA City,{7B0E835F-49E1-4EF2-A1D7-01CA51FBD0FB},0,,7B0E835F-49E1-4EF2-A1D7-01CA51FBD0FB,Unknown,,W,,,St,W Ewing St,2024/05/12 21:05:27+00,2240 W Ewing St Los Angeles 90039,7B0E835F-49E1-4EF2-A1D7-01CA51FBD0FB_2240_W_Ewing_St_Los_Angeles_90039,Ewing,2240 W Ewing Street St Los Angeles 90039,,,,
759062,1409317,,5422018021.0,,2236.0,,,West,,,Ewing,Street,,,,,,,,,,,,,90039.0,,Los Angeles,Los Angeles,,,,,LA City,{CE37DD2D-C745-4953-BAAD-144C52ED90A3},0,,CE37DD2D-C745-4953-BAAD-144C52ED90A3,Unknown,,W,,,St,W Ewing St,2023/09/12 23:03:18+00,2236 W Ewing St Los Angeles 90039,CE37DD2D-C745-4953-BAAD-144C52ED90A3_2236_W_Ewing_St_Los_Angeles_90039,Ewing,2236 W Ewing Street St Los Angeles 90039,,,,
759063,1409318,,5422018021.0,,2234.0,,,West,,,Ewing,Street,,,,,,,,,,,,,90039.0,,Los Angeles,Los Angeles,,,,,LA City,{C6078CFE-C3CC-4A12-B074-87F8BE1F1A40},0,,C6078CFE-C3CC-4A12-B074-87F8BE1F1A40,Unknown,,W,,,St,W Ewing St,2023/09/12 23:03:18+00,2234 W Ewing St Los Angeles 90039,C6078CFE-C3CC-4A12-B074-87F8BE1F1A40_2234_W_Ewing_St_Los_Angeles_90039,Ewing,2234 W Ewing Street St Los Angeles 90039,,,,
759064,1409319,,5422018032.0,,2228.0,,,West,,,Ewing,Street,,,,,,,,,,,,,90039.0,,Los Angeles,Los Angeles,,,,,LA City,{D6C463AC-C1C9-4D15-AC76-61114F81F4A2},0,,D6C463AC-C1C9-4D15-AC76-61114F81F4A2,Unknown,,W,,,St,W Ewing St,2023/09/12 23:03:18+00,2228 W Ewing St Los Angeles 90039,D6C463AC-C1C9-4D15-AC76-61114F81F4A2_2228_W_Ewing_St_Los_Angeles_90039,Ewing,2228 W Ewing Street St Los Angeles 90039,,,,
759065,1409320,,5422018033.0,,1925.0,,,North,,,Waterloo,Street,,,,,,,,,,,,,90039.0,,Los Angeles,Los Angeles,,,,,LA City,{D37E862D-C257-4BFC-AD72-1EA74EB927C9},0,,D37E862D-C257-4BFC-AD72-1EA74EB927C9,Unknown,,N,,,St,N Waterloo St,2023/09/12 23:03:18+00,1925 N Waterloo St Los Angeles 90039,D37E862D-C257-4BFC-AD72-1EA74EB927C9_1925_N_Waterloo_St_Los_Angeles_90039,Waterloo,1925 N Waterloo Street St Los Angeles 90039,,,,
759066,1409321,,5422018033.0,,2239.0,,,West,,,Duane,Street,,,,,,,,,,,,,90039.0,,Los Angeles,Los Angeles,,,,,LA City,{9107F70C-19BB-4784-A1F9-C14983C7B174},0,,9107F70C-19BB-4784-A1F9-C14983C7B174,Unknown,,W,,,St,W Duane St,2023/09/12 23:03:18+00,2239 W Duane St Los Angeles 90039,9107F70C-19BB-4784-A1F9-C14983C7B174_2239_W_Duane_St_Los_Angeles_90039,Duane,2239 W Duane Street St Los Angeles 90039,,,,
759067,1409322,,5422018034.0,,2271.0,,,West,,,Duane,Street,,,,,,,,,,,,,90039.0,,Los Angeles,Los Angeles,,,,,LA City,{E9CAFFDA-E6F9-453D-ACBF-5D3A099A1DAE},0,,E9CAFFDA-E6F9-453D-ACBF-5D3A099A1DAE,Unknown,,W,,,St,W Duane St,2023/09/12 23:03:18+00,2271 W Duane St Los Angeles 90039,E9CAFFDA-E6F9-453D-ACBF-5D3A099A1DAE_2271_W_Duane_St_Los_Angeles_90039,Duane,2271 W Duane Street St Los Angeles 90039,,,,
759068,1409323,,5422018034.0,,2270.0,,,West,,,Ewing,Street,,,,,,,,,,,,,90039.0,,Los Angeles,Los Angeles,,,,,LA City,{BB6FE03E-8369-4FC2-8BE8-610371A97830},0,,BB6FE03E-8369-4FC2-8BE8-610371A97830,Unknown,,W,,,St,W Ewing St,2023/09/12 23:03:18+00,2270 W Ewing St Los Angeles 90039,BB6FE03E-8369-4FC2-8BE8-610371A97830_2270_W_Ewing_St_Los_Angeles_90039,Ewing,2270 W Ewing Street St Los Angeles 90039,,,,
759069,1409324,,5422018034.0,,2272.0,,,West,,,Ewing,Street,,,,,,,,,,,,,90039.0,,Los Angeles,Los Angeles,,,,,LA City,{DA26ABC5-63B7-4D98-903B-619AA199B9B5},0,,DA26ABC5-63B7-4D98-903B-619AA199B9B5,Unknown,,W,,,St,W Ewing St,2023/09/12 23:03:18+00,2272 W Ewing St Los Angeles 90039,DA26ABC5-63B7-4D98-903B-619AA199B9B5_2272_W_Ewing_St_Los_Angeles_90039,Ewing,2272 W Ewing Street St Los Angeles 90039,,,,
759070,1409325,,5422018036.0,,2267.0,,,West,,,Duane,Street,,,,,,,,,,,,1-3,90039.0,,Los Angeles,Los Angeles,,,,,LA City,{E43147F1-82D5-4B78-A32F-8FCB2F75A5F5},0,,E43147F1-82D5-4B78-A32F-8FCB2F75A5F5,Unknown,,W,,,St,W Duane St,2023/09/12 23:03:18+00,2267 W Duane St 1-3 Los Angeles 90039,E43147F1-82D5-4B78-A32F-8FCB2F75A5F5_2267_W_Duane_St_1-3_Los_Angeles_90039,Duane,2267 W Duane Street St 1-3 Los Angeles 90039,,,,
759071,1409326,,5422019001.0,,2116.0,,,West,,,Ewing,Street,,,,,,,,,,,,,90039.0,,Los Angeles,Los Angeles,,,,,LA City,{DBB70CB4-E936-4D63-80B4-91537B543A59},0,,DBB70CB4-E936-4D63-80B4-91537B543A59,Unknown,,W,,,St,W Ewing St,2023/09/12 23:03:18+00,2116 W Ewing St Los Angeles 90039,DBB70CB4-E936-4D63-80B4-91537B543A59_2116_W_Ewing_St_Los_Angeles_90039,Ewing,2116 W Ewing Street St Los Angeles 90039,,,,
759072,1409327,,5422019002.0,,2122.0,,,West,,,Ewing,Street,,,,,,,,,,,,,90039.0,,Los Angeles,Los Angeles,,,,,LA City,{5A5FD328-4561-436F-9790-4EBA307EBEB9},0,,5A5FD328-4561-436F-9790-4EBA307EBEB9,Unknown,,W,,,St,W Ewing St,2023/09/12 23:03:18+00,2122 W Ewing St Los Angeles 90039,5A5FD328-4561-436F-9790-4EBA307EBEB9_2122_W_Ewing_St_Los_Angeles_90039,Ewing,2122 W Ewing Street St Los Angeles 90039,,,,
759073,1409328,,5422019003.0,,2126.0,,,West,,,Ewing,Street,,,,,,,,,,,,,90039.0,,Los Angeles,Los Angeles,,,,,LA City,{ECE8E32C-FC6A-4FB7-AC2E-B42FA780350C},0,,ECE8E32C-FC6A-4FB7-AC2E-B42FA780350C,Unknown,,W,,,St,W Ewing St,2023/09/12 23:03:18+00,2126 W Ewing St Los Angeles 90039,ECE8E32C-FC6A-4FB7-AC2E-B42FA780350C_2126_W_Ewing_St_Los_Angeles_90039,Ewing,2126 W Ewing Street St Los Angeles 90039,,,,
759074,1409329,,5422019004.0,,2115.0,,,West,,,Duane,Street,,,,,,,,,,,,,90039.0,,Los Angeles,Los Angeles,,,,,LA City,{7DA498A9-7A9A-4FF0-994D-CF90B33CB0A4},0,,7DA498A9-7A9A-4FF0-994D-CF90B33CB0A4,Unknown,,W,,,St,W Duane St,2024/05/12 21:05:27+00,2115 W Duane St Los Angeles 90039,7DA498A9-7A9A-4FF0-994D-CF90B33CB0A4_2115_W_Duane_St_Los_Angeles_90039,Duane,2115 W Duane Street St Los Angeles 90039,,,,
759075,1409330,,5422019004.0,,2113.0,,,West,,,Duane,Street,,,,,,,,,,,,,90039.0,,Los Angeles,Los Angeles,,,,,LA City,{00B304CD-E3A8-42C1-9EBA-FBA71F2573A6},0,,00B304CD-E3A8-42C1-9EBA-FBA71F2573A6,Unknown,,W,,,St,W Duane St,2024/05/12 21:05:27+00,2113 W Duane St Los Angeles 90039,00B304CD-E3A8-42C1-9EBA-FBA71F2573A6_2113_W_Duane_St_Los_Angeles_90039,Duane,2113 W Duane Street St Los Angeles 90039,,,,
759076,1409331,,5422019004.0,,2115.0,1/2,,West,,,Duane,Street,,,,,,,,,,,,,90039.0,,Los Angeles,Los Angeles,,,,,LA City,{D6692FAD-62E6-44FF-95F1-CE926914A2E6},0,,D6692FAD-62E6-44FF-95F1-CE926914A2E6,Unknown,,W,,,St,W Duane St,2024/05/12 21:05:27+00,2115 1/2 W Duane St Los Angeles 90039,D6692FAD-62E6-44FF-95F1-CE926914A2E6_2115_1/2_W_Duane_St_Los_Angeles_90039,Duane,2115 1/2 W Duane Street St Los Angeles 90039,,,,
759077,1409332,,5422019004.0,,2113.0,1/2,,West,,,Duane,Street,,,,,,,,,,,,,90039.0,,Los Angeles,Los Angeles,,,,,LA City,{B6587AF9-33B1-4E33-93BF-42BEC5E4E1A9},0,,B6587AF9-33B1-4E33-93BF-42BEC5E4E1A9,Unknown,,W,,,St,W Duane St,2024/05/12 21:05:27+00,2113 1/2 W Duane St Los Angeles 90039,B6587AF9-33B1-4E33-93BF-42BEC5E4E1A9_2113_1/2_W_Duane_St_Los_Angeles_90039,Duane,2113 1/2 W Duane Street St Los Angeles 90039,,,,
759078,1409333,,5422019005.0,,2107.0,,,West,,,Duane,Street,,,,,,,,,,,,,90039.0,,Los Angeles,Los Angeles,,,,,LA City,{9C0EC63B-A1EF-4807-94D8-C22040D1A482},0,,9C0EC63B-A1EF-4807-94D8-C22040D1A482,Unknown,,W,,,St,W Duane St,2023/09/12 23:03:18+00,2107 W Duane St Los Angeles 90039,9C0EC63B-A1EF-4807-94D8-C22040D1A482_2107_W_Duane_St_Los_Angeles_90039,Duane,2107 W Duane Street St Los Angeles 90039,,,,
759079,1409334,,5422019005.0,,2109.0,,,West,,,Duane,Street,,,,,,,,,,,,,90039.0,,Los Angeles,Los Angeles,,,,,LA City,{16F616C4-EBE7-45AC-AE22-0D095291E6A6},0,,16F616C4-EBE7-45AC-AE22-0D095291E6A6,Unknown,,W,,,St,W Duane St,2023/09/12 23:03:18+00,2109 W Duane St Los Angeles 90039,16F616C4-EBE7-45AC-AE22-0D095291E6A6_2109_W_Duane_St_Los_Angeles_90039,Duane,2109 W Duane Street St Los Angeles 90039,,,,
759080,1409335,,5422019006.0,,1925.0,,,North,,,Alvarado,Street,,,,,,,,,,,,,90039.0,,Los Angeles,Los Angeles,,,,,LA City,{C55C350F-70F8-42C3-81EB-9E105445425F},0,,C55C350F-70F8-42C3-81EB-9E105445425F,Unknown,,N,,,St,N Alvarado St,2023/09/12 23:03:18+00,1925 N Alvarado St Los Angeles 90039,C55C350F-70F8-42C3-81EB-9E105445425F_1925_N_Alvarado_St_Los_Angeles_90039,Alvarado,1925 N Alvarado Street St Los Angeles 90039,,,,
759081,1409336,,5422019007.0,,1937.0,,,North,,,Alvarado,Street,,,,,,,,,,,,,90039.0,,Los Angeles,Los Angeles,,,,,LA City,{F531D4EC-35D7-4236-A34B-4F756F2D2BA4},0,,F531D4EC-35D7-4236-A34B-4F756F2D2BA4,Unknown,,N,,,St,N Alvarado St,2023/09/12 23:03:18+00,1937 N Alvarado St Los Angeles 90039,F531D4EC-35D7-4236-A34B-4F756F2D2BA4_1937_N_Alvarado_St_Los_Angeles_90039,Alvarado,1937 N Alvarado Street St Los Angeles 90039,,,,
759082,1409337,,5422019007.0,,1931.0,,,North,,,Alvarado,Street,,,,,,,,,,,,,90039.0,,Los Angeles,Los Angeles,,,,,LA City,{D1E7F5D9-D265-45A1-AA13-600A0C45C6DF},0,,D1E7F5D9-D265-45A1-AA13-600A0C45C6DF,Unknown,,N,,,St,N Alvarado St,2023/09/12 23:03:18+00,1931 N Alvarado St Los Angeles 90039,D1E7F5D9-D265-45A1-AA13-600A0C45C6DF_1931_N_Alvarado_St_Los_Angeles_90039,Alvarado,1931 N Alvarado Street St Los Angeles 90039,,,,
759083,1409338,,5422019010.0,,2106.0,,,West,,,Ewing,Street,,,,,,,,,,,,,90039.0,,Los Angeles,Los Angeles,,,,,LA City,{DAD08945-C6B4-48C1-8593-6093E287F722},0,,DAD08945-C6B4-48C1-8593-6093E287F722,Unknown,,W,,,St,W Ewing St,2023/09/12 23:03:18+00,2106 W Ewing St Los Angeles 90039,DAD08945-C6B4-48C1-8593-6093E287F722_2106_W_Ewing_St_Los_Angeles_90039,Ewing,2106 W Ewing Street St Los Angeles 90039,,,,
759084,1409339,,5422019010.0,,1953.0,,,North,,,Alvarado,Street,,,,,,,,,,,,,90039.0,,Los Angeles,Los Angeles,,,,,LA City,{17002268-85A7-4E8A-BE73-D931EA8B1498},0,,17002268-85A7-4E8A-BE73-D931EA8B1498,Unknown,,N,,,St,N Alvarado St,2023/09/12 23:03:18+00,1953 N Alvarado St Los Angeles 90039,17002268-85A7-4E8A-BE73-D931EA8B1498_1953_N_Alvarado_St_Los_Angeles_90039,Alvarado,1953 N Alvarado Street St Los Angeles 90039,,,,
759085,1409340,,5422019011.0,,2110.0,,,West,,,Ewing,Street,,,,,,,,,,,,,90039.0,,Los Angeles,Los Angeles,,,,,LA City,{74A7CC91-2393-498C-9A69-E6391034E7D7},0,,74A7CC91-2393-498C-9A69-E6391034E7D7,Unknown,,W,,,St,W Ewing St,2023/09/12 23:03:18+00,2110 W Ewing St Los Angeles 90039,74A7CC91-2393-498C-9A69-E6391034E7D7_2110_W_Ewing_St_Los_Angeles_90039,Ewing,2110 W Ewing Street St Los Angeles 90039,,,,
759086,1409341,,5422019011.0,,2112.0,,,West,,,Ewing,Street,,,,,,,,,,,,,90039.0,,Los Angeles,Los Angeles,,,,,LA City,{6EA044A4-147A-471B-B7B5-8902846B3A97},0,,6EA044A4-147A-471B-B7B5-8902846B3A97,Unknown,,W,,,St,W Ewing St,2023/09/12 23:03:18+00,2112 W Ewing St Los Angeles 90039,6EA044A4-147A-471B-B7B5-8902846B3A97_2112_W_Ewing_St_Los_Angeles_90039,Ewing,2112 W Ewing Street St Los Angeles 90039,,,,
759087,1409342,,5422019018.0,,2158.0,,,West,,,Ewing,Street,,,,,,,,,,,,,90039.0,,Los Angeles,Los Angeles,,,,,LA City,{4ACA2B5C-CB5F-4B6A-9A78-DF7085D93552},0,,4ACA2B5C-CB5F-4B6A-9A78-DF7085D93552,Unknown,,W,,,St,W Ewing St,2024/05/12 21:05:27+00,2158 W Ewing St Los Angeles 90039,4ACA2B5C-CB5F-4B6A-9A78-DF7085D93552_2158_W_Ewing_St_Los_Angeles_90039,Ewing,2158 W Ewing Street St Los Angeles 90039,,,,
759088,1409343,,5422019018.0,,2156.0,,,West,,,Ewing,Street,,,,,,,,,,,,,90039.0,,Los Angeles,Los Angeles,,,,,LA City,{BA956361-6385-4B33-AFDF-6B011025CABA},0,,BA956361-6385-4B33-AFDF-6B011025CABA,Unknown,,W,,,St,W Ewing St,2024/05/12 21:05:27+00,2156 W Ewing St Los Angeles 90039,BA956361-6385-4B33-AFDF-6B011025CABA_2156_W_Ewing_St_Los_Angeles_90039,Ewing,2156 W Ewing Street St Los Angeles 90039,,,,
759089,1409344,,5422019018.0,,2156.0,1/2,,West,,,Ewing,Street,,,,,,,,,,,,,90039.0,,Los Angeles,Los Angeles,,,,,LA City,{66B7F477-9BCE-4B96-83F4-5A200B948209},0,,66B7F477-9BCE-4B96-83F4-5A200B948209,Unknown,,W,,,St,W Ewing St,2024/05/12 21:05:27+00,2156 1/2 W Ewing St Los Angeles 90039,66B7F477-9BCE-4B96-83F4-5A200B948209_2156_1/2_W_Ewing_St_Los_Angeles_90039,Ewing,2156 1/2 W Ewing Street St Los Angeles 90039,,,,
759090,1409345,,5422019018.0,,2158.0,1/2,,West,,,Ewing,Street,,,,,,,,,,,,,90039.0,,Los Angeles,Los Angeles,,,,,LA City,{2E5C0012-7E2C-4D9E-9300-DA4441A52E10},0,,2E5C0012-7E2C-4D9E-9300-DA4441A52E10,Unknown,,W,,,St,W Ewing St,2024/05/12 21:05:27+00,2158 1/2 W Ewing St Los Angeles 90039,2E5C0012-7E2C-4D9E-9300-DA4441A52E10_2158_1/2_W_Ewing_St_Los_Angeles_90039,Ewing,2158 1/2 W Ewing Street St Los Angeles 90039,,,,
759091,1409346,,5422019020.0,,2151.0,,,West,,,Duane,Street,,,,,,,,,,,,,90039.0,,Los Angeles,Los Angeles,,,,,LA City,{34B986DA-66A2-4D2B-8DDE-C647659048D2},0,,34B986DA-66A2-4D2B-8DDE-C647659048D2,Unknown,,W,,,St,W Duane St,2023/09/12 23:03:18+00,2151 W Duane St Los Angeles 90039,34B986DA-66A2-4D2B-8DDE-C647659048D2_2151_W_Duane_St_Los_Angeles_90039,Duane,2151 W Duane Street St Los Angeles 90039,,,,
759092,1409347,,5422019021.0,,2152.0,,,West,,,Ewing,Street,,,,,,,,,,,,,90039.0,,Los Angeles,Los Angeles,,,,,LA City,{F73C428C-68C8-4B75-BDD2-FA1056E70DF0},0,,F73C428C-68C8-4B75-BDD2-FA1056E70DF0,Unknown,,W,,,St,W Ewing St,2023/09/12 23:03:18+00,2152 W Ewing St Los Angeles 90039,F73C428C-68C8-4B75-BDD2-FA1056E70DF0_2152_W_Ewing_St_Los_Angeles_90039,Ewing,2152 W Ewing Street St Los Angeles 90039,,,,
759093,1409348,,5422019022.0,,2146.0,,,West,,,Ewing,Street,,,,,,,,,,,,,90039.0,,Los Angeles,Los Angeles,,,,,LA City,{5059CFAE-334A-4BF9-ACA9-F7FCE05EDBA2},0,,5059CFAE-334A-4BF9-ACA9-F7FCE05EDBA2,Unknown,,W,,,St,W Ewing St,2023/09/12 23:03:18+00,2146 W Ewing St Los Angeles 90039,5059CFAE-334A-4BF9-ACA9-F7FCE05EDBA2_2146_W_Ewing_St_Los_Angeles_90039,Ewing,2146 W Ewing Street St Los Angeles 90039,,,,
759094,1409349,,5422019022.0,,2148.0,,,West,,,Ewing,Street,,,,,,,,,,,,,90039.0,,Los Angeles,Los Angeles,,,,,LA City,{A2DF92BA-136F-4A95-9EC6-C03306869E0B},0,,A2DF92BA-136F-4A95-9EC6-C03306869E0B,Unknown,,W,,,St,W Ewing St,2023/09/12 23:03:18+00,2148 W Ewing St Los Angeles 90039,A2DF92BA-136F-4A95-9EC6-C03306869E0B_2148_W_Ewing_St_Los_Angeles_90039,Ewing,2148 W Ewing Street St Los Angeles 90039,,,,
759095,1409350,,5422019023.0,,2147.0,,,West,,,Duane,Street,,,,,,,,,,,,,90039.0,,Los Angeles,Los Angeles,,,,,LA City,{1741589C-807F-4FD0-8F75-5791E7337E98},0,,1741589C-807F-4FD0-8F75-5791E7337E98,Unknown,,W,,,St,W Duane St,2023/09/12 23:03:18+00,2147 W Duane St Los Angeles 90039,1741589C-807F-4FD0-8F75-5791E7337E98_2147_W_Duane_St_Los_Angeles_90039,Duane,2147 W Duane Street St Los Angeles 90039,,,,
759096,1409351,,5422019024.0,,2143.0,,,West,,,Duane,Street,,,,,,,,,,,,,90039.0,,Los Angeles,Los Angeles,,,,,LA City,{94E71022-865D-4243-8132-8A20A77E75C6},0,,94E71022-865D-4243-8132-8A20A77E75C6,Unknown,,W,,,St,W Duane St,2023/09/12 23:03:18+00,2143 W Duane St Los Angeles 90039,94E71022-865D-4243-8132-8A20A77E75C6_2143_W_Duane_St_Los_Angeles_90039,Duane,2143 W Duane Street St Los Angeles 90039,,,,
759097,1409352,,5422019027.0,,2139.0,,,West,,,Duane,Street,,,,,,,,,,,,,90039.0,,Los Angeles,Los Angeles,,,,,LA City,{F47AFB5C-01D4-4691-AF90-8DE68B2B9263},0,,F47AFB5C-01D4-4691-AF90-8DE68B2B9263,Unknown,,W,,,St,W Duane St,2023/09/12 23:03:18+00,2139 W Duane St Los Angeles 90039,F47AFB5C-01D4-4691-AF90-8DE68B2B9263_2139_W_Duane_St_Los_Angeles_90039,Duane,2139 W Duane Street St Los Angeles 90039,,,,
759098,1409353,,5422019027.0,,2141.0,,,West,,,Duane,Street,,,,,,,,,,,,,90039.0,,Los Angeles,Los Angeles,,,,,LA City,{2F4DEA71-626B-4D57-913E-B1211500098A},0,,2F4DEA71-626B-4D57-913E-B1211500098A,Unknown,,W,,,St,W Duane St,2023/09/12 23:03:18+00,2141 W Duane St Los Angeles 90039,2F4DEA71-626B-4D57-913E-B1211500098A_2141_W_Duane_St_Los_Angeles_90039,Duane,2141 W Duane Street St Los Angeles 90039,,,,
759099,1409354,,5422019028.0,,2133.0,,,West,,,Duane,Street,,,,,,,,,,,,,90039.0,,Los Angeles,Los Angeles,,,,,LA City,{9B89B572-6712-4ABE-97A5-0161627C7144},0,,9B89B572-6712-4ABE-97A5-0161627C7144,Unknown,,W,,,St,W Duane St,2023/09/12 23:03:18+00,2133 W Duane St Los Angeles 90039,9B89B572-6712-4ABE-97A5-0161627C7144_2133_W_Duane_St_Los_Angeles_90039,Duane,2133 W Duane Street St Los Angeles 90039,,,,
759100,1409355,,5422019028.0,,2131.0,,,West,,,Duane,Street,,,,,,,,,,,,,90039.0,,Los Angeles,Los Angeles,,,,,LA City,{0AE4A32C-AD28-4012-8881-BE504CD8D239},0,,0AE4A32C-AD28-4012-8881-BE504CD8D239,Unknown,,W,,,St,W Duane St,2023/09/12 23:03:18+00,2131 W Duane St Los Angeles 90039,0AE4A32C-AD28-4012-8881-BE504CD8D239_2131_W_Duane_St_Los_Angeles_90039,Duane,2131 W Duane Street St Los Angeles 90039,,,,
759101,1409356,,5422019029.0,,2132.0,,,West,,,Ewing,Street,,,,,,,,,,,,,90039.0,,Los Angeles,Los Angeles,,,,,LA City,{7F1A6243-2BB5-4611-A6AE-1974F332BE73},0,,7F1A6243-2BB5-4611-A6AE-1974F332BE73,Unknown,,W,,,St,W Ewing St,2023/09/12 23:03:18+00,2132 W Ewing St Los Angeles 90039,7F1A6243-2BB5-4611-A6AE-1974F332BE73_2132_W_Ewing_St_Los_Angeles_90039,Ewing,2132 W Ewing Street St Los Angeles 90039,,,,
759102,1409357,,5422019030.0,,2123.0,,,West,,,Duane,Street,,,,,,,,,,,,,90039.0,,Los Angeles,Los Angeles,,,,,LA City,{C2F2375C-331C-4669-A9A2-C43BE1786405},0,,C2F2375C-331C-4669-A9A2-C43BE1786405,Unknown,,W,,,St,W Duane St,2023/09/12 23:03:18+00,2123 W Duane St Los Angeles 90039,C2F2375C-331C-4669-A9A2-C43BE1786405_2123_W_Duane_St_Los_Angeles_90039,Duane,2123 W Duane Street St Los Angeles 90039,,,,
759103,1409358,,5422019030.0,,2125.0,,,West,,,Duane,Street,,,,,,,,,,,,,90039.0,,Los Angeles,Los Angeles,,,,,LA City,{5029FA02-9208-4E9B-80BE-426E3149E392},0,,5029FA02-9208-4E9B-80BE-426E3149E392,Unknown,,W,,,St,W Duane St,2023/09/12 23:03:18+00,2125 W Duane St Los Angeles 90039,5029FA02-9208-4E9B-80BE-426E3149E392_2125_W_Duane_St_Los_Angeles_90039,Duane,2125 W Duane Street St Los Angeles 90039,,,,
759104,1409359,,5422019031.0,,2117.0,,,West,,,Duane,Street,,,,,,,,,,,,,90039.0,,Los Angeles,Los Angeles,,,,,LA City,{657A0E82-8119-4990-AC79-856A38E9163D},0,,657A0E82-8119-4990-AC79-856A38E9163D,Unknown,,W,,,St,W Duane St,2023/09/12 23:03:18+00,2117 W Duane St Los Angeles 90039,657A0E82-8119-4990-AC79-856A38E9163D_2117_W_Duane_St_Los_Angeles_90039,Duane,2117 W Duane Street St Los Angeles 90039,,,,
759105,1409360,,5422019031.0,,2119.0,,,West,,,Duane,Street,,,,,,,,,,,,,90039.0,,Los Angeles,Los Angeles,,,,,LA City,{9BDD931F-EF2C-416B-A1D2-61D391EB7AC7},0,,9BDD931F-EF2C-416B-A1D2-61D391EB7AC7,Unknown,,W,,,St,W Duane St,2023/09/12 23:03:18+00,2119 W Duane St Los Angeles 90039,9BDD931F-EF2C-416B-A1D2-61D391EB7AC7_2119_W_Duane_St_Los_Angeles_90039,Duane,2119 W Duane Street St Los Angeles 90039,,,,
759106,1409361,,5422019032.0,,2160.0,1/2,,West,,,Ewing,Street,,,,,,,,,,,,,90039.0,,Los Angeles,Los Angeles,,,,,LA City,{FAFDB6D9-E6E2-4633-8908-8B7C815D696A},0,,FAFDB6D9-E6E2-4633-8908-8B7C815D696A,Unknown,,W,,,St,W Ewing St,2024/05/12 21:05:27+00,2160 1/2 W Ewing St Los Angeles 90039,FAFDB6D9-E6E2-4633-8908-8B7C815D696A_2160_1/2_W_Ewing_St_Los_Angeles_90039,Ewing,2160 1/2 W Ewing Street St Los Angeles 90039,,,,
759107,1409362,,5422019032.0,,2160.0,,,West,,,Ewing,Street,,,,,,,,,,,,,90039.0,,Los Angeles,Los Angeles,,,,,LA City,{22DA2CC0-D48F-40BF-8395-F84F02115819},0,,22DA2CC0-D48F-40BF-8395-F84F02115819,Unknown,,W,,,St,W Ewing St,2024/05/12 21:05:27+00,2160 W Ewing St Los Angeles 90039,22DA2CC0-D48F-40BF-8395-F84F02115819_2160_W_Ewing_St_Los_Angeles_90039,Ewing,2160 W Ewing Street St Los Angeles 90039,,,,
759108,1409363,,5422019034.0,,1920.0,,,North,,,Allesandro,Street,,,,,,,,,,,,,90039.0,,Los Angeles,Los Angeles,,,,,LA City,{C54F0A17-851F-4290-B6C0-D21A823CE03A},0,,C54F0A17-851F-4290-B6C0-D21A823CE03A,Unknown,,N,,,St,N Allesandro St,2023/09/12 23:03:18+00,1920 N Allesandro St Los Angeles 90039,C54F0A17-851F-4290-B6C0-D21A823CE03A_1920_N_Allesandro_St_Los_Angeles_90039,Allesandro,1920 N Allesandro Street St Los Angeles 90039,,,,
759109,1409364,,5422019035.0,,2140.0,,,West,,,Ewing,Street,,,,,,,,,,,,,90039.0,,Los Angeles,Los Angeles,,,,,LA City,{14FF0630-8343-4FF1-B014-14D672F21FF6},0,,14FF0630-8343-4FF1-B014-14D672F21FF6,Unknown,,W,,,St,W Ewing St,2023/09/12 23:03:18+00,2140 W Ewing St Los Angeles 90039,14FF0630-8343-4FF1-B014-14D672F21FF6_2140_W_Ewing_St_Los_Angeles_90039,Ewing,2140 W Ewing Street St Los Angeles 90039,,,,
759110,1409365,,5422019035.0,,2142.0,,,West,,,Ewing,Street,,,,,,,,,,,,,90039.0,,Los Angeles,Los Angeles,,,,,LA City,{453D779D-F22E-43D2-961D-1D1EA4A696E2},0,,453D779D-F22E-43D2-961D-1D1EA4A696E2,Unknown,,W,,,St,W Ewing St,2023/09/12 23:03:18+00,2142 W Ewing St Los Angeles 90039,453D779D-F22E-43D2-961D-1D1EA4A696E2_2142_W_Ewing_St_Los_Angeles_90039,Ewing,2142 W Ewing Street St Los Angeles 90039,,,,
759111,1409366,,5422019036.0,,2136.0,,,West,,,Ewing,Street,,,,,,,,,,,,,90039.0,,Los Angeles,Los Angeles,,,,,LA City,{13EAEBDB-EFAA-4C4B-9487-35463C959048},0,,13EAEBDB-EFAA-4C4B-9487-35463C959048,Unknown,,W,,,St,W Ewing St,2023/09/12 23:03:18+00,2136 W Ewing St Los Angeles 90039,13EAEBDB-EFAA-4C4B-9487-35463C959048_2136_W_Ewing_St_Los_Angeles_90039,Ewing,2136 W Ewing Street St Los Angeles 90039,,,,
759112,1409367,,5422019037.0,,1943.0,,,North,,,Alvarado,Street,,,,,,,,,,,,,90039.0,,Los Angeles,Los Angeles,,,,,LA City,{1B1B467A-C840-4ABD-9F42-C9A45E34F9EC},0,,1B1B467A-C840-4ABD-9F42-C9A45E34F9EC,Unknown,,N,,,St,N Alvarado St,2023/09/12 23:03:18+00,1943 N Alvarado St Los Angeles 90039,1B1B467A-C840-4ABD-9F42-C9A45E34F9EC_1943_N_Alvarado_St_Los_Angeles_90039,Alvarado,1943 N Alvarado Street St Los Angeles 90039,,,,
759113,1409368,,5422020003.0,,2159.0,,,West,,,Ewing,Street,,,,,,,,,,,,,90039.0,,Los Angeles,Los Angeles,,,,,LA City,{F50F5612-5725-4D22-88DB-434873B3A1EE},0,,F50F5612-5725-4D22-88DB-434873B3A1EE,Unknown,,W,,,St,W Ewing St,2023/09/12 23:03:18+00,2159 W Ewing St Los Angeles 90039,F50F5612-5725-4D22-88DB-434873B3A1EE_2159_W_Ewing_St_Los_Angeles_90039,Ewing,2159 W Ewing Street St Los Angeles 90039,,,,
759114,1409369,,5422020004.0,,2156.0,,,West,,,Fargo,Street,,,,,,,,,,,,,90039.0,,Los Angeles,Los Angeles,,,,,LA City,{2ABB8C64-68AF-4379-9650-8BAB176BEA40},0,,2ABB8C64-68AF-4379-9650-8BAB176BEA40,Unknown,,W,,,St,W Fargo St,2023/09/12 23:03:18+00,2156 W Fargo St Los Angeles 90039,2ABB8C64-68AF-4379-9650-8BAB176BEA40_2156_W_Fargo_St_Los_Angeles_90039,Fargo,2156 W Fargo Street St Los Angeles 90039,,,,
759115,1409370,,5422020005.0,,2152.0,,,West,,,Fargo,Street,,,,,,,,,,,,,90039.0,,Los Angeles,Los Angeles,,,,,LA City,{AA373208-8891-4103-82F5-E3FA0019A685},0,,AA373208-8891-4103-82F5-E3FA0019A685,Unknown,,W,,,St,W Fargo St,2023/09/12 23:03:18+00,2152 W Fargo St Los Angeles 90039,AA373208-8891-4103-82F5-E3FA0019A685_2152_W_Fargo_St_Los_Angeles_90039,Fargo,2152 W Fargo Street St Los Angeles 90039,,,,
759116,1409371,,5422020006.0,,2154.0,,,West,,,Fargo,Street,,,,,,,,,,,,,90039.0,,Los Angeles,Los Angeles,,,,,LA City,{7F4DE6BE-2032-495A-B70A-FCFF3A142812},0,,7F4DE6BE-2032-495A-B70A-FCFF3A142812,Unknown,,W,,,St,W Fargo St,2024/05/12 21:05:27+00,2154 W Fargo St Los Angeles 90039,7F4DE6BE-2032-495A-B70A-FCFF3A142812_2154_W_Fargo_St_Los_Angeles_90039,Fargo,2154 W Fargo Street St Los Angeles 90039,,,,
759117,1409372,,5422020006.0,,2154.0,1/2,,West,,,Fargo,Street,,,,,,,,,,,,,90039.0,,Los Angeles,Los Angeles,,,,,LA City,{D278F11A-3792-464E-AE75-B09A13888685},0,,D278F11A-3792-464E-AE75-B09A13888685,Unknown,,W,,,St,W Fargo St,2024/05/12 21:05:27+00,2154 1/2 W Fargo St Los Angeles 90039,D278F11A-3792-464E-AE75-B09A13888685_2154_1/2_W_Fargo_St_Los_Angeles_90039,Fargo,2154 1/2 W Fargo Street St Los Angeles 90039,,,,
759118,1409373,,5422020007.0,,2153.0,,,West,,,Ewing,Street,,,,,,,,,,,,,90039.0,,Los Angeles,Los Angeles,,,,,LA City,{F0654E9C-277A-426D-AC9E-4A85FFC92AC2},0,,F0654E9C-277A-426D-AC9E-4A85FFC92AC2,Unknown,,W,,,St,W Ewing St,2023/09/12 23:03:18+00,2153 W Ewing St Los Angeles 90039,F0654E9C-277A-426D-AC9E-4A85FFC92AC2_2153_W_Ewing_St_Los_Angeles_90039,Ewing,2153 W Ewing Street St Los Angeles 90039,,,,
759119,1409374,,5422020008.0,,2147.0,,,West,,,Ewing,Street,,,,,,,,,,,,,90039.0,,Los Angeles,Los Angeles,,,,,LA City,{9D77CAA9-DF68-4DDE-A2D8-655A6DE9E5AE},0,,9D77CAA9-DF68-4DDE-A2D8-655A6DE9E5AE,Unknown,,W,,,St,W Ewing St,2024/05/12 21:05:27+00,2147 W Ewing St Los Angeles 90039,9D77CAA9-DF68-4DDE-A2D8-655A6DE9E5AE_2147_W_Ewing_St_Los_Angeles_90039,Ewing,2147 W Ewing Street St Los Angeles 90039,,,,
759120,1409375,,5422020008.0,,2147.0,1/2,,West,,,Ewing,Street,,,,,,,,,,,,,90039.0,,Los Angeles,Los Angeles,,,,,LA City,{C5AC2509-10E4-4F40-ACDD-38C7973694BA},0,,C5AC2509-10E4-4F40-ACDD-38C7973694BA,Unknown,,W,,,St,W Ewing St,2024/05/12 21:05:27+00,2147 1/2 W Ewing St Los Angeles 90039,C5AC2509-10E4-4F40-ACDD-38C7973694BA_2147_1/2_W_Ewing_St_Los_Angeles_90039,Ewing,2147 1/2 W Ewing Street St Los Angeles 90039,,,,
759121,1409376,,5422020009.0,,2146.0,1/2,,West,,,Fargo,Street,,,,,,,,,,,,,90039.0,,Los Angeles,Los Angeles,,,,,LA City,{62A3710E-506A-4569-95F6-16AE1E685B3D},0,,62A3710E-506A-4569-95F6-16AE1E685B3D,Unknown,,W,,,St,W Fargo St,2024/05/12 21:05:27+00,2146 1/2 W Fargo St Los Angeles 90039,62A3710E-506A-4569-95F6-16AE1E685B3D_2146_1/2_W_Fargo_St_Los_Angeles_90039,Fargo,2146 1/2 W Fargo Street St Los Angeles 90039,,,,
759122,1409377,,5422020009.0,,2146.0,,,West,,,Fargo,Street,,,,,,,,,,,,,90039.0,,Los Angeles,Los Angeles,,,,,LA City,{2339757E-0DDD-4515-B283-38B7A6FB0A89},0,,2339757E-0DDD-4515-B283-38B7A6FB0A89,Unknown,,W,,,St,W Fargo St,2024/05/12 21:05:27+00,2146 W Fargo St Los Angeles 90039,2339757E-0DDD-4515-B283-38B7A6FB0A89_2146_W_Fargo_St_Los_Angeles_90039,Fargo,2146 W Fargo Street St Los Angeles 90039,,,,
759123,1409378,,5422020010.0,,2142.0,,,West,,,Fargo,Street,,,,,,,,,,,,,90039.0,,Los Angeles,Los Angeles,,,,,LA City,{0647DA7A-422E-45E0-BB64-025E184896C1},0,,0647DA7A-422E-45E0-BB64-025E184896C1,Unknown,,W,,,St,W Fargo St,2023/09/12 23:03:18+00,2142 W Fargo St Los Angeles 90039,0647DA7A-422E-45E0-BB64-025E184896C1_2142_W_Fargo_St_Los_Angeles_90039,Fargo,2142 W Fargo Street St Los Angeles 90039,,,,
759124,1409379,,5422020010.0,,2144.0,,,West,,,Fargo,Street,,,,,,,,,,,,,90039.0,,Los Angeles,Los Angeles,,,,,LA City,{8EE29E70-DA74-484F-B603-5002A9F33B65},0,,8EE29E70-DA74-484F-B603-5002A9F33B65,Unknown,,W,,,St,W Fargo St,2023/09/12 23:03:18+00,2144 W Fargo St Los Angeles 90039,8EE29E70-DA74-484F-B603-5002A9F33B65_2144_W_Fargo_St_Los_Angeles_90039,Fargo,2144 W Fargo Street St Los Angeles 90039,,,,
759125,1409380,,5422020011.0,,2143.0,,,West,,,Ewing,Street,,,,,,,,,,,,,90039.0,,Los Angeles,Los Angeles,,,,,LA City,{0E3A980C-0EAF-4D6F-AAB2-AC67C2A0DD69},0,,0E3A980C-0EAF-4D6F-AAB2-AC67C2A0DD69,Unknown,,W,,,St,W Ewing St,2023/09/12 23:03:18+00,2143 W Ewing St Los Angeles 90039,0E3A980C-0EAF-4D6F-AAB2-AC67C2A0DD69_2143_W_Ewing_St_Los_Angeles_90039,Ewing,2143 W Ewing Street St Los Angeles 90039,,,,
759126,1409381,,5422020012.0,,2139.0,,,West,,,Ewing,Street,,,,,,,,,,,,,90039.0,,Los Angeles,Los Angeles,,,,,LA City,{AFE0933A-1260-40FE-8A2D-5750EEB017EC},0,,AFE0933A-1260-40FE-8A2D-5750EEB017EC,Unknown,,W,,,St,W Ewing St,2023/09/12 23:03:18+00,2139 W Ewing St Los Angeles 90039,AFE0933A-1260-40FE-8A2D-5750EEB017EC_2139_W_Ewing_St_Los_Angeles_90039,Ewing,2139 W Ewing Street St Los Angeles 90039,,,,
759127,1409382,,5422020012.0,,2137.0,,,West,,,Ewing,Street,,,,,,,,,,,,,90039.0,,Los Angeles,Los Angeles,,,,,LA City,{F270E8E4-1A27-4CE8-B917-D11E31F2417E},0,,F270E8E4-1A27-4CE8-B917-D11E31F2417E,Unknown,,W,,,St,W Ewing St,2023/09/12 23:03:18+00,2137 W Ewing St Los Angeles 90039,F270E8E4-1A27-4CE8-B917-D11E31F2417E_2137_W_Ewing_St_Los_Angeles_90039,Ewing,2137 W Ewing Street St Los Angeles 90039,,,,
759128,1409383,,5422020013.0,,2136.0,,,West,,,Fargo,Street,,,,,,,,,,,,,90039.0,,Los Angeles,Los Angeles,,,,,LA City,{503B565F-3418-4AD8-8D3C-B0DB656374E3},0,,503B565F-3418-4AD8-8D3C-B0DB656374E3,Unknown,,W,,,St,W Fargo St,2023/09/12 23:03:18+00,2136 W Fargo St Los Angeles 90039,503B565F-3418-4AD8-8D3C-B0DB656374E3_2136_W_Fargo_St_Los_Angeles_90039,Fargo,2136 W Fargo Street St Los Angeles 90039,,,,
759129,1409384,,5422020013.0,,2138.0,,,West,,,Fargo,Street,,,,,,,,,,,,,90039.0,,Los Angeles,Los Angeles,,,,,LA City,{673DF6E6-99EC-47C1-9A0C-B2BDED2697A2},0,,673DF6E6-99EC-47C1-9A0C-B2BDED2697A2,Unknown,,W,,,St,W Fargo St,2023/09/12 23:03:18+00,2138 W Fargo St Los Angeles 90039,673DF6E6-99EC-47C1-9A0C-B2BDED2697A2_2138_W_Fargo_St_Los_Angeles_90039,Fargo,2138 W Fargo Street St Los Angeles 90039,,,,
759130,1409385,,5422020014.0,,2132.0,,,West,,,Fargo,Street,,,,,,,,,,,,,90039.0,,Los Angeles,Los Angeles,,,,,LA City,{51BFD2DE-A56E-428D-B560-2874337B687D},0,,51BFD2DE-A56E-428D-B560-2874337B687D,Unknown,,W,,,St,W Fargo St,2023/09/12 23:03:18+00,2132 W Fargo St Los Angeles 90039,51BFD2DE-A56E-428D-B560-2874337B687D_2132_W_Fargo_St_Los_Angeles_90039,Fargo,2132 W Fargo Street St Los Angeles 90039,,,,
759131,1409386,,5422020014.0,,2134.0,,,West,,,Fargo,Street,,,,,,,,,,,,,90039.0,,Los Angeles,Los Angeles,,,,,LA City,{79059B39-98C2-45EB-AD47-9E2CB270BE08},0,,79059B39-98C2-45EB-AD47-9E2CB270BE08,Unknown,,W,,,St,W Fargo St,2023/09/12 23:03:18+00,2134 W Fargo St Los Angeles 90039,79059B39-98C2-45EB-AD47-9E2CB270BE08_2134_W_Fargo_St_Los_Angeles_90039,Fargo,2134 W Fargo Street St Los Angeles 90039,,,,
759132,1409387,,5422020015.0,,2135.0,,,West,,,Ewing,Street,,,,,,,,,,,,,90039.0,,Los Angeles,Los Angeles,,,,,LA City,{C7CBD9B4-DF76-4C97-BA04-CA18D09944E4},0,,C7CBD9B4-DF76-4C97-BA04-CA18D09944E4,Unknown,,W,,,St,W Ewing St,2023/09/12 23:03:18+00,2135 W Ewing St Los Angeles 90039,C7CBD9B4-DF76-4C97-BA04-CA18D09944E4_2135_W_Ewing_St_Los_Angeles_90039,Ewing,2135 W Ewing Street St Los Angeles 90039,,,,
759133,1409388,,5422020015.0,,2133.0,,,West,,,Ewing,Street,,,,,,,,,,,,,90039.0,,Los Angeles,Los Angeles,,,,,LA City,{5883231E-AE10-44E4-9C3B-C4F853D0AD46},0,,5883231E-AE10-44E4-9C3B-C4F853D0AD46,Unknown,,W,,,St,W Ewing St,2023/09/12 23:03:18+00,2133 W Ewing St Los Angeles 90039,5883231E-AE10-44E4-9C3B-C4F853D0AD46_2133_W_Ewing_St_Los_Angeles_90039,Ewing,2133 W Ewing Street St Los Angeles 90039,,,,
759134,1409389,,5422020016.0,,2124.0,,,West,,,Fargo,Street,,,,,,,,,,,,,90039.0,,Los Angeles,Los Angeles,,,,,LA City,{F6F6D214-CA53-4BC7-9D7D-18DBEAD91FE9},0,,F6F6D214-CA53-4BC7-9D7D-18DBEAD91FE9,Unknown,,W,,,St,W Fargo St,2023/09/12 23:03:18+00,2124 W Fargo St Los Angeles 90039,F6F6D214-CA53-4BC7-9D7D-18DBEAD91FE9_2124_W_Fargo_St_Los_Angeles_90039,Fargo,2124 W Fargo Street St Los Angeles 90039,,,,
759135,1409390,,5422020016.0,,2130.0,,,,,,Fargo,Street,,,,,,,,,,,,,90039.0,,Los Angeles,Los Angeles,,,,,Assessor,{D077A12D-6E49-43B6-94C8-F19AADD73052},0,,D077A12D-6E49-43B6-94C8-F19AADD73052,Unknown,,,,,St,Fargo St,2024/04/27 17:13:09+00,2130 Fargo St Los Angeles 90039,D077A12D-6E49-43B6-94C8-F19AADD73052_2130_Fargo_St_Los_Angeles_90039,Fargo,2130 Fargo Street St Los Angeles 90039,,,,
759136,1409391,,5422020017.0,,2116.0,,,West,,,Fargo,Street,,,,,,,,,,,,,90039.0,,Los Angeles,Los Angeles,,,,,LA City,{06131700-981C-4DF6-942B-A832372165FD},0,,06131700-981C-4DF6-942B-A832372165FD,Unknown,,W,,,St,W Fargo St,2023/09/12 23:03:18+00,2116 W Fargo St Los Angeles 90039,06131700-981C-4DF6-942B-A832372165FD_2116_W_Fargo_St_Los_Angeles_90039,Fargo,2116 W Fargo Street St Los Angeles 90039,,,,
759137,1409392,,5422020019.0,,2127.0,,,West,,,Ewing,Street,,,,,,,,,,,,,90039.0,,Los Angeles,Los Angeles,,,,,LA City,{B9D9CC77-BACC-4ABE-A800-E05A7393757F},0,,B9D9CC77-BACC-4ABE-A800-E05A7393757F,Unknown,,W,,,St,W Ewing St,2023/09/12 23:03:18+00,2127 W Ewing St Los Angeles 90039,B9D9CC77-BACC-4ABE-A800-E05A7393757F_2127_W_Ewing_St_Los_Angeles_90039,Ewing,2127 W Ewing Street St Los Angeles 90039,,,,
759138,1409393,,5422020023.0,,2011.0,,,North,,,Alvarado,Street,,,,,,,,,,,,,90039.0,,Los Angeles,Los Angeles,,,,,LA City,{BA62F006-FB7F-42D9-8AF2-73E00428558B},0,,BA62F006-FB7F-42D9-8AF2-73E00428558B,Unknown,,N,,,St,N Alvarado St,2023/09/12 23:03:18+00,2011 N Alvarado St Los Angeles 90039,BA62F006-FB7F-42D9-8AF2-73E00428558B_2011_N_Alvarado_St_Los_Angeles_90039,Alvarado,2011 N Alvarado Street St Los Angeles 90039,,,,
759139,1409394,,5422020024.0,,2003.0,,,North,,,Alvarado,Street,,,,,,,,,,,,,90039.0,,Los Angeles,Los Angeles,,,,,LA City,{E9CD3288-37E5-47CF-B38D-3FF7C076C0B1},0,,E9CD3288-37E5-47CF-B38D-3FF7C076C0B1,Unknown,,N,,,St,N Alvarado St,2023/09/12 23:03:18+00,2003 N Alvarado St Los Angeles 90039,E9CD3288-37E5-47CF-B38D-3FF7C076C0B1_2003_N_Alvarado_St_Los_Angeles_90039,Alvarado,2003 N Alvarado Street St Los Angeles 90039,,,,
759140,1409395,,5422020024.0,,2001.0,1/2,,North,,,Alvarado,Street,,,,,,,,,,,,,90039.0,,Los Angeles,Los Angeles,,,,,LA City,{1AB2953C-0401-4654-BABF-D574E47F2CB2},0,,1AB2953C-0401-4654-BABF-D574E47F2CB2,Unknown,,N,,,St,N Alvarado St,2024/05/12 21:05:27+00,2001 1/2 N Alvarado St Los Angeles 90039,1AB2953C-0401-4654-BABF-D574E47F2CB2_2001_1/2_N_Alvarado_St_Los_Angeles_90039,Alvarado,2001 1/2 N Alvarado Street St Los Angeles 90039,,,,
759141,1409396,,5422020024.0,,2001.0,,,North,,,Alvarado,Street,,,,,,,,,,,,,90039.0,,Los Angeles,Los Angeles,,,,,LA City,{729F7698-254C-4BBD-8AA8-4AF8809C9F4E},0,,729F7698-254C-4BBD-8AA8-4AF8809C9F4E,Unknown,,N,,,St,N Alvarado St,2024/05/12 21:05:27+00,2001 N Alvarado St Los Angeles 90039,729F7698-254C-4BBD-8AA8-4AF8809C9F4E_2001_N_Alvarado_St_Los_Angeles_90039,Alvarado,2001 N Alvarado Street St Los Angeles 90039,,,,
759142,1409397,,5422020025.0,,2005.0,,,North,,,Alvarado,Street,,,,,,,,,,,,,90039.0,,Los Angeles,Los Angeles,,,,,LA City,{202514F7-0019-4A4A-BE2E-15301513B435},0,,202514F7-0019-4A4A-BE2E-15301513B435,Unknown,,N,,,St,N Alvarado St,2023/09/12 23:03:18+00,2005 N Alvarado St Los Angeles 90039,202514F7-0019-4A4A-BE2E-15301513B435_2005_N_Alvarado_St_Los_Angeles_90039,Alvarado,2005 N Alvarado Street St Los Angeles 90039,,,,
759143,1409398,,5422020025.0,,2007.0,,,North,,,Alvarado,Street,,,,,,,,,,,,,90039.0,,Los Angeles,Los Angeles,,,,,LA City,{B9A4FE46-B431-4F78-BE81-7FAEF67841A0},0,,B9A4FE46-B431-4F78-BE81-7FAEF67841A0,Unknown,,N,,,St,N Alvarado St,2023/09/12 23:03:18+00,2007 N Alvarado St Los Angeles 90039,B9A4FE46-B431-4F78-BE81-7FAEF67841A0_2007_N_Alvarado_St_Los_Angeles_90039,Alvarado,2007 N Alvarado Street St Los Angeles 90039,,,,
759144,1409399,,5422020026.0,,2009.0,,,North,,,Alvarado,Street,,,,,,,,,,,,,90039.0,,Los Angeles,Los Angeles,,,,,LA City,{47C06381-794A-4D01-9450-ABB9ECC91558},0,,47C06381-794A-4D01-9450-ABB9ECC91558,Unknown,,N,,,St,N Alvarado St,2023/09/12 23:03:18+00,2009 N Alvarado St Los Angeles 90039,47C06381-794A-4D01-9450-ABB9ECC91558_2009_N_Alvarado_St_Los_Angeles_90039,Alvarado,2009 N Alvarado Street St Los Angeles 90039,,,,
759145,1409400,,5422020031.0,,1934.0,,,North,,,Allesandro,Street,,,,,,,,,,,,,90039.0,,Los Angeles,Los Angeles,,,,,LA City,{BAC0D581-40D4-48C3-B8EB-8DEE970F3BD9},0,,BAC0D581-40D4-48C3-B8EB-8DEE970F3BD9,Unknown,,N,,,St,N Allesandro St,2023/09/12 23:03:18+00,1934 N Allesandro St Los Angeles 90039,BAC0D581-40D4-48C3-B8EB-8DEE970F3BD9_1934_N_Allesandro_St_Los_Angeles_90039,Allesandro,1934 N Allesandro Street St Los Angeles 90039,,,,
759146,1409401,,5422020031.0,,2162.0,,,West,,,Fargo,Street,,,,,,,,,,,,,90039.0,,Los Angeles,Los Angeles,,,,,LA City,{468279FA-15B8-406A-A9C9-B7129CAC1DF7},0,,468279FA-15B8-406A-A9C9-B7129CAC1DF7,Unknown,,W,,,St,W Fargo St,2023/09/12 23:03:18+00,2162 W Fargo St Los Angeles 90039,468279FA-15B8-406A-A9C9-B7129CAC1DF7_2162_W_Fargo_St_Los_Angeles_90039,Fargo,2162 W Fargo Street St Los Angeles 90039,,,,
759147,1409402,,5422020031.0,,1940.0,,,North,,,Allesandro,Street,,,,,,,,,,,,,90039.0,,Los Angeles,Los Angeles,,,,,LA City,{51D16252-5C9D-467C-9C77-E2336F4AA122},0,,51D16252-5C9D-467C-9C77-E2336F4AA122,Unknown,,N,,,St,N Allesandro St,2023/09/12 23:03:18+00,1940 N Allesandro St Los Angeles 90039,51D16252-5C9D-467C-9C77-E2336F4AA122_1940_N_Allesandro_St_Los_Angeles_90039,Allesandro,1940 N Allesandro Street St Los Angeles 90039,,,,
759148,1409403,,5422020032.0,,2163.0,,,West,,,Ewing,Street,,,,,,,,,,,,,90039.0,,Los Angeles,Los Angeles,,,,,LA City,{DD8C9FDD-9BCA-4661-A6DE-50FAA8AEDECE},0,,DD8C9FDD-9BCA-4661-A6DE-50FAA8AEDECE,Unknown,,W,,,St,W Ewing St,2023/09/12 23:03:18+00,2163 W Ewing St Los Angeles 90039,DD8C9FDD-9BCA-4661-A6DE-50FAA8AEDECE_2163_W_Ewing_St_Los_Angeles_90039,Ewing,2163 W Ewing Street St Los Angeles 90039,,,,
759149,1409404,,5422020032.0,,2161.0,,,West,,,Ewing,Street,,,,,,,,,,,,,90039.0,,Los Angeles,Los Angeles,,,,,LA City,{863A7943-75CA-4E4D-8F26-25E7216A96FF},0,,863A7943-75CA-4E4D-8F26-25E7216A96FF,Unknown,,W,,,St,W Ewing St,2023/09/12 23:03:18+00,2161 W Ewing St Los Angeles 90039,863A7943-75CA-4E4D-8F26-25E7216A96FF_2161_W_Ewing_St_Los_Angeles_90039,Ewing,2161 W Ewing Street St Los Angeles 90039,,,,
759150,1409405,,5422020032.0,,2165.0,,,West,,,Ewing,Street,,,,,,,,,,,,,90039.0,,Los Angeles,Los Angeles,,,,,LA City,{7F5201FB-8C37-485E-9317-AC6CF531A248},0,,7F5201FB-8C37-485E-9317-AC6CF531A248,Unknown,,W,,,St,W Ewing St,2023/09/12 23:03:18+00,2165 W Ewing St Los Angeles 90039,7F5201FB-8C37-485E-9317-AC6CF531A248_2165_W_Ewing_St_Los_Angeles_90039,Ewing,2165 W Ewing Street St Los Angeles 90039,,,,
759151,1409406,,5422020034.0,,2119.0,,,West,,,Ewing,Street,,,,,,,,,,,,,90039.0,,Los Angeles,Los Angeles,,,,,LA City,{96509958-DD1D-4330-AEDD-81AFCED53A7F},0,,96509958-DD1D-4330-AEDD-81AFCED53A7F,Unknown,,W,,,St,W Ewing St,2023/09/12 23:03:18+00,2119 W Ewing St Los Angeles 90039,96509958-DD1D-4330-AEDD-81AFCED53A7F_2119_W_Ewing_St_Los_Angeles_90039,Ewing,2119 W Ewing Street St Los Angeles 90039,,,,
759152,1409407,,5422020035.0,,2125.0,,,West,,,Ewing,Street,,,,,,,,,,,,,90039.0,,Los Angeles,Los Angeles,,,,,LA City,{ABF45896-24D1-415B-88E8-090DD4192A28},0,,ABF45896-24D1-415B-88E8-090DD4192A28,Unknown,,W,,,St,W Ewing St,2023/09/12 23:03:18+00,2125 W Ewing St Los Angeles 90039,ABF45896-24D1-415B-88E8-090DD4192A28_2125_W_Ewing_St_Los_Angeles_90039,Ewing,2125 W Ewing Street St Los Angeles 90039,,,,
759153,1409408,,5422020039.0,,2100.0,,,,,,Fargo,Street,,,,,,,,,,,,,90039.0,,Los Angeles,Los Angeles,,,,,Assessor,{5E0E7677-E891-4816-AB61-5A3D7A0DA7D5},0,,5E0E7677-E891-4816-AB61-5A3D7A0DA7D5,Unknown,,,,,St,Fargo St,2024/04/27 17:13:09+00,2100 Fargo St Los Angeles 90039,5E0E7677-E891-4816-AB61-5A3D7A0DA7D5_2100_Fargo_St_Los_Angeles_90039,Fargo,2100 Fargo Street St Los Angeles 90039,,,,
759154,1409409,,5422021008.0,,2148.0,,,West,,,Baxter,Street,,,,,,,,,,,,,90039.0,,Los Angeles,Los Angeles,,,,,LA City,{89D11C63-82B2-4DC6-8A34-0ADED60765C1},0,,89D11C63-82B2-4DC6-8A34-0ADED60765C1,Unknown,,W,,,St,W Baxter St,2024/05/12 21:05:27+00,2148 W Baxter St Los Angeles 90039,89D11C63-82B2-4DC6-8A34-0ADED60765C1_2148_W_Baxter_St_Los_Angeles_90039,Baxter,2148 W Baxter Street St Los Angeles 90039,,,,
759155,1409410,,5422021008.0,,2148.0,1/2,,West,,,Baxter,Street,,,,,,,,,,,,,90039.0,,Los Angeles,Los Angeles,,,,,LA City,{DE4595E8-47C3-4137-8775-C9D289957065},0,,DE4595E8-47C3-4137-8775-C9D289957065,Unknown,,W,,,St,W Baxter St,2024/05/12 21:05:27+00,2148 1/2 W Baxter St Los Angeles 90039,DE4595E8-47C3-4137-8775-C9D289957065_2148_1/2_W_Baxter_St_Los_Angeles_90039,Baxter,2148 1/2 W Baxter Street St Los Angeles 90039,,,,
759156,1409411,,5422021008.0,,2146.0,1/2,,West,,,Baxter,Street,,,,,,,,,,,,,90039.0,,Los Angeles,Los Angeles,,,,,LA City,{2928EA0E-6147-40A3-9082-34DE9828B1E8},0,,2928EA0E-6147-40A3-9082-34DE9828B1E8,Unknown,,W,,,St,W Baxter St,2024/05/12 21:05:27+00,2146 1/2 W Baxter St Los Angeles 90039,2928EA0E-6147-40A3-9082-34DE9828B1E8_2146_1/2_W_Baxter_St_Los_Angeles_90039,Baxter,2146 1/2 W Baxter Street St Los Angeles 90039,,,,
759157,1409412,,5422021008.0,,2146.0,,,West,,,Baxter,Street,,,,,,,,,,,,,90039.0,,Los Angeles,Los Angeles,,,,,LA City,{23AD533B-ED51-421F-AFB3-F57AB96FEA14},0,,23AD533B-ED51-421F-AFB3-F57AB96FEA14,Unknown,,W,,,St,W Baxter St,2024/05/12 21:05:27+00,2146 W Baxter St Los Angeles 90039,23AD533B-ED51-421F-AFB3-F57AB96FEA14_2146_W_Baxter_St_Los_Angeles_90039,Baxter,2146 W Baxter Street St Los Angeles 90039,,,,
759158,1409413,,5422021009.0,,2149.0,,,West,,,Fargo,Street,,,,,,,,,,,,,90039.0,,Los Angeles,Los Angeles,,,,,LA City,{449FBBE2-87B3-4A91-8F2E-76A981E6B360},0,,449FBBE2-87B3-4A91-8F2E-76A981E6B360,Unknown,,W,,,St,W Fargo St,2023/09/12 23:03:18+00,2149 W Fargo St Los Angeles 90039,449FBBE2-87B3-4A91-8F2E-76A981E6B360_2149_W_Fargo_St_Los_Angeles_90039,Fargo,2149 W Fargo Street St Los Angeles 90039,,,,
759159,1409414,,5422021010.0,,2143.0,,,West,,,Fargo,Street,,,,,,,,,,,,,90039.0,,Los Angeles,Los Angeles,,,,,LA City,{7F176787-25FF-4F59-AC18-81284C7EFC27},0,,7F176787-25FF-4F59-AC18-81284C7EFC27,Unknown,,W,,,St,W Fargo St,2023/09/12 23:03:18+00,2143 W Fargo St Los Angeles 90039,7F176787-25FF-4F59-AC18-81284C7EFC27_2143_W_Fargo_St_Los_Angeles_90039,Fargo,2143 W Fargo Street St Los Angeles 90039,,,,
759160,1409415,,5422021011.0,,2142.0,,,West,,,Baxter,Street,,,,,,,,,,,,,90039.0,,Los Angeles,Los Angeles,,,,,LA City,{E990A163-DD77-43D0-92CE-08B76BA6C070},0,,E990A163-DD77-43D0-92CE-08B76BA6C070,Unknown,,W,,,St,W Baxter St,2024/05/12 21:05:27+00,2142 W Baxter St Los Angeles 90039,E990A163-DD77-43D0-92CE-08B76BA6C070_2142_W_Baxter_St_Los_Angeles_90039,Baxter,2142 W Baxter Street St Los Angeles 90039,,,,
759161,1409416,,5422021011.0,,2142.0,1/2,,West,,,Baxter,Street,,,,,,,,,,,,,90039.0,,Los Angeles,Los Angeles,,,,,LA City,{0794C8A2-0A98-4D27-BC3F-E3E56CBFBED5},0,,0794C8A2-0A98-4D27-BC3F-E3E56CBFBED5,Unknown,,W,,,St,W Baxter St,2024/05/12 21:05:27+00,2142 1/2 W Baxter St Los Angeles 90039,0794C8A2-0A98-4D27-BC3F-E3E56CBFBED5_2142_1/2_W_Baxter_St_Los_Angeles_90039,Baxter,2142 1/2 W Baxter Street St Los Angeles 90039,,,,
759162,1409417,,5422021012.0,,2138.0,,,West,,,Baxter,Street,,,,,,,,,,,,,90039.0,,Los Angeles,Los Angeles,,,,,LA City,{C9048354-5638-49F1-A23E-995E55F66D15},0,,C9048354-5638-49F1-A23E-995E55F66D15,Unknown,,W,,,St,W Baxter St,2023/09/12 23:03:18+00,2138 W Baxter St Los Angeles 90039,C9048354-5638-49F1-A23E-995E55F66D15_2138_W_Baxter_St_Los_Angeles_90039,Baxter,2138 W Baxter Street St Los Angeles 90039,,,,
759163,1409418,,5422021012.0,,2140.0,,,West,,,Baxter,Street,,,,,,,,,,,,,90039.0,,Los Angeles,Los Angeles,,,,,LA City,{25FF6978-92A8-4080-BB0C-7892A02DEE01},0,,25FF6978-92A8-4080-BB0C-7892A02DEE01,Unknown,,W,,,St,W Baxter St,2023/09/12 23:03:18+00,2140 W Baxter St Los Angeles 90039,25FF6978-92A8-4080-BB0C-7892A02DEE01_2140_W_Baxter_St_Los_Angeles_90039,Baxter,2140 W Baxter Street St Los Angeles 90039,,,,
759164,1409419,,5422021013.0,,2137.0,,,West,,,Fargo,Street,,,,,,,,,,,,,90039.0,,Los Angeles,Los Angeles,,,,,LA City,{22847CA6-84E3-4254-B034-EFC00DADB52A},0,,22847CA6-84E3-4254-B034-EFC00DADB52A,Unknown,,W,,,St,W Fargo St,2023/09/12 23:03:18+00,2137 W Fargo St Los Angeles 90039,22847CA6-84E3-4254-B034-EFC00DADB52A_2137_W_Fargo_St_Los_Angeles_90039,Fargo,2137 W Fargo Street St Los Angeles 90039,,,,
759165,1409420,,5422021014.0,,2133.0,,,West,,,Fargo,Street,,,,,,,,,,,,,90039.0,,Los Angeles,Los Angeles,,,,,LA City,{6C3285B9-BEF7-475A-A6B7-B9BC9C572CC1},0,,6C3285B9-BEF7-475A-A6B7-B9BC9C572CC1,Unknown,,W,,,St,W Fargo St,2023/09/12 23:03:18+00,2133 W Fargo St Los Angeles 90039,6C3285B9-BEF7-475A-A6B7-B9BC9C572CC1_2133_W_Fargo_St_Los_Angeles_90039,Fargo,2133 W Fargo Street St Los Angeles 90039,,,,
759166,1409421,,5422021015.0,,2132.0,,,West,,,Baxter,Street,,,,,,,,,,,,,90039.0,,Los Angeles,Los Angeles,,,,,LA City,{7F195750-87D0-4B48-9F96-811F3957F6BE},0,,7F195750-87D0-4B48-9F96-811F3957F6BE,Unknown,,W,,,St,W Baxter St,2023/09/12 23:03:18+00,2132 W Baxter St Los Angeles 90039,7F195750-87D0-4B48-9F96-811F3957F6BE_2132_W_Baxter_St_Los_Angeles_90039,Baxter,2132 W Baxter Street St Los Angeles 90039,,,,
759167,1409422,,5422021016.0,,2126.0,,,West,,,Baxter,Street,,,,,,,,,,,,,90039.0,,Los Angeles,Los Angeles,,,,,LA City,{88832EFF-C4C1-4325-B05E-FD6CE258EEBD},0,,88832EFF-C4C1-4325-B05E-FD6CE258EEBD,Unknown,,W,,,St,W Baxter St,2023/09/12 23:03:18+00,2126 W Baxter St Los Angeles 90039,88832EFF-C4C1-4325-B05E-FD6CE258EEBD_2126_W_Baxter_St_Los_Angeles_90039,Baxter,2126 W Baxter Street St Los Angeles 90039,,,,
759168,1409423,,5422021017.0,,2124.0,,,West,,,Baxter,Street,,,,,,,,,,,,,90039.0,,Los Angeles,Los Angeles,,,,,LA City,{F02E1719-3B13-4658-B571-6A585C5874EA},0,,F02E1719-3B13-4658-B571-6A585C5874EA,Unknown,,W,,,St,W Baxter St,2023/09/12 23:03:18+00,2124 W Baxter St Los Angeles 90039,F02E1719-3B13-4658-B571-6A585C5874EA_2124_W_Baxter_St_Los_Angeles_90039,Baxter,2124 W Baxter Street St Los Angeles 90039,,,,
759169,1409424,,5422021018.0,,2122.0,,,West,,,Baxter,Street,,,,,,,,,,,,,90039.0,,Los Angeles,Los Angeles,,,,,LA City,{7E30F263-93E7-42A6-A9A5-6EDCB293D148},0,,7E30F263-93E7-42A6-A9A5-6EDCB293D148,Unknown,,W,,,St,W Baxter St,2023/09/12 23:03:18+00,2122 W Baxter St Los Angeles 90039,7E30F263-93E7-42A6-A9A5-6EDCB293D148_2122_W_Baxter_St_Los_Angeles_90039,Baxter,2122 W Baxter Street St Los Angeles 90039,,,,
759170,1409425,,5422021020.0,,2115.0,,,West,,,Fargo,Street,,,,,,,,,,,,,90039.0,,Los Angeles,Los Angeles,,,,,LA City,{EC212390-28D9-49BE-A2E7-0E1976B9C058},0,,EC212390-28D9-49BE-A2E7-0E1976B9C058,Unknown,,W,,,St,W Fargo St,2023/09/12 23:03:18+00,2115 W Fargo St Los Angeles 90039,EC212390-28D9-49BE-A2E7-0E1976B9C058_2115_W_Fargo_St_Los_Angeles_90039,Fargo,2115 W Fargo Street St Los Angeles 90039,,,,
759171,1409426,,5422021023.0,,2041.0,,,North,,,Alvarado,Street,,,,,,,,,,,,,90039.0,,Los Angeles,Los Angeles,,,,,LA City,{734CF424-B367-43BE-A1B2-F8DB225A8DF1},0,,734CF424-B367-43BE-A1B2-F8DB225A8DF1,Unknown,,N,,,St,N Alvarado St,2023/09/12 23:03:18+00,2041 N Alvarado St Los Angeles 90039,734CF424-B367-43BE-A1B2-F8DB225A8DF1_2041_N_Alvarado_St_Los_Angeles_90039,Alvarado,2041 N Alvarado Street St Los Angeles 90039,,,,
759172,1409427,,5422021023.0,,2045.0,,,North,,,Alvarado,Street,,,,,,,,,,,,,90039.0,,Los Angeles,Los Angeles,,,,,LA City,{2F580C8C-989A-4640-9CEF-BA5ED9BA7BE9},0,,2F580C8C-989A-4640-9CEF-BA5ED9BA7BE9,Unknown,,N,,,St,N Alvarado St,2023/09/12 23:03:18+00,2045 N Alvarado St Los Angeles 90039,2F580C8C-989A-4640-9CEF-BA5ED9BA7BE9_2045_N_Alvarado_St_Los_Angeles_90039,Alvarado,2045 N Alvarado Street St Los Angeles 90039,,,,
759173,1409428,,5422021024.0,,2055.0,,,North,,,Alvarado,Street,,,,,,,,,,,,,90039.0,,Los Angeles,Los Angeles,,,,,LA City,{B1817390-AAE4-49D9-B3E8-8E4B27CBD56C},0,,B1817390-AAE4-49D9-B3E8-8E4B27CBD56C,Unknown,,N,,,St,N Alvarado St,2023/09/12 23:03:18+00,2055 N Alvarado St Los Angeles 90039,B1817390-AAE4-49D9-B3E8-8E4B27CBD56C_2055_N_Alvarado_St_Los_Angeles_90039,Alvarado,2055 N Alvarado Street St Los Angeles 90039,,,,
759174,1409429,,5422021032.0,,2004.0,,,North,,,Allesandro,Street,,,,,,,,,,,,,90039.0,,Los Angeles,Los Angeles,,,,,LA City,{BBB832BC-BE36-4B9C-B047-C623AE163A24},0,,BBB832BC-BE36-4B9C-B047-C623AE163A24,Unknown,,N,,,St,N Allesandro St,2023/09/12 23:03:18+00,2004 N Allesandro St Los Angeles 90039,BBB832BC-BE36-4B9C-B047-C623AE163A24_2004_N_Allesandro_St_Los_Angeles_90039,Allesandro,2004 N Allesandro Street St Los Angeles 90039,,,,
759175,1409430,,5422021037.0,,2024.0,,,North,,,Allesandro,Street,,,,,,,,,,,,,90039.0,,Los Angeles,Los Angeles,,,,,LA City,{EA969DB7-3AE3-47D5-8467-EE78E3C05230},0,,EA969DB7-3AE3-47D5-8467-EE78E3C05230,Unknown,,N,,,St,N Allesandro St,2023/09/12 23:03:18+00,2024 N Allesandro St Los Angeles 90039,EA969DB7-3AE3-47D5-8467-EE78E3C05230_2024_N_Allesandro_St_Los_Angeles_90039,Allesandro,2024 N Allesandro Street St Los Angeles 90039,,,,
759176,1409431,,5422021037.0,,2022.0,,,North,,,Allesandro,Street,,,,,,,,,,,,,90039.0,,Los Angeles,Los Angeles,,,,,LA City,{6E3AB8C6-C578-4F5F-BD06-61AC00E2707B},0,,6E3AB8C6-C578-4F5F-BD06-61AC00E2707B,Unknown,,N,,,St,N Allesandro St,2023/09/12 23:03:18+00,2022 N Allesandro St Los Angeles 90039,6E3AB8C6-C578-4F5F-BD06-61AC00E2707B_2022_N_Allesandro_St_Los_Angeles_90039,Allesandro,2022 N Allesandro Street St Los Angeles 90039,,,,
759177,1409432,,5422022001.0,,2116.0,,,West,,,Cove,Avenue,,,,,,,,,,,,,90039.0,,Los Angeles,Los Angeles,,,,,LA City,{C7559F57-51C0-43CA-AC5B-986DC169AA7F},0,,C7559F57-51C0-43CA-AC5B-986DC169AA7F,Unknown,,W,,,Ave,W Cove Ave,2023/09/12 23:03:18+00,2116 W Cove Ave Los Angeles 90039,C7559F57-51C0-43CA-AC5B-986DC169AA7F_2116_W_Cove_Ave_Los_Angeles_90039,Cove,2116 W Cove Avenue Ave Los Angeles 90039,,,,
759178,1409433,,5422022002.0,,2108.0,,,West,,,Cove,Avenue,,,,,,,,,,,,,90039.0,,Los Angeles,Los Angeles,,,,,LA City,{8E9429CB-B46D-413F-B61A-C4EEB8732A84},0,,8E9429CB-B46D-413F-B61A-C4EEB8732A84,Unknown,,W,,,Ave,W Cove Ave,2023/09/12 23:03:18+00,2108 W Cove Ave Los Angeles 90039,8E9429CB-B46D-413F-B61A-C4EEB8732A84_2108_W_Cove_Ave_Los_Angeles_90039,Cove,2108 W Cove Avenue Ave Los Angeles 90039,,,,
759179,1409434,,5422022003.0,,2106.0,,,West,,,Cove,Avenue,,,,,,,,,,,,,90039.0,,Los Angeles,Los Angeles,,,,,LA City,{8061F9B3-013F-4E25-BD1D-E26CFB43E228},0,,8061F9B3-013F-4E25-BD1D-E26CFB43E228,Unknown,,W,,,Ave,W Cove Ave,2023/09/12 23:03:18+00,2106 W Cove Ave Los Angeles 90039,8061F9B3-013F-4E25-BD1D-E26CFB43E228_2106_W_Cove_Ave_Los_Angeles_90039,Cove,2106 W Cove Avenue Ave Los Angeles 90039,,,,
759180,1409435,,5422022004.0,,2104.0,,,West,,,Cove,Avenue,,,,,,,,,,,,,90039.0,,Los Angeles,Los Angeles,,,,,LA City,{185321D7-8C73-42EB-BCFA-89A194DB7F7A},0,,185321D7-8C73-42EB-BCFA-89A194DB7F7A,Unknown,,W,,,Ave,W Cove Ave,2023/09/12 23:03:18+00,2104 W Cove Ave Los Angeles 90039,185321D7-8C73-42EB-BCFA-89A194DB7F7A_2104_W_Cove_Ave_Los_Angeles_90039,Cove,2104 W Cove Avenue Ave Los Angeles 90039,,,,
759181,1409436,,5422022004.0,,2100.0,,,,,,Cove,Avenue,,,,,,,,,,,,,90039.0,,Los Angeles,Los Angeles,,,,,Assessor,{9AEB9002-D9F7-4EC5-B154-1BF641645359},0,,9AEB9002-D9F7-4EC5-B154-1BF641645359,Unknown,,,,,Ave,Cove Ave,2024/04/27 17:13:09+00,2100 Cove Ave Los Angeles 90039,9AEB9002-D9F7-4EC5-B154-1BF641645359_2100_Cove_Ave_Los_Angeles_90039,Cove,2100 Cove Avenue Ave Los Angeles 90039,,,,
759182,1409437,,5422022011.0,,2139.0,,,West,,,Baxter,Street,,,,,,,,,,,,,90039.0,,Los Angeles,Los Angeles,,,,,LA City,{47CB1603-DF97-4526-82F0-F3B086831346},0,,47CB1603-DF97-4526-82F0-F3B086831346,Unknown,,W,,,St,W Baxter St,2023/09/12 23:03:18+00,2139 W Baxter St Los Angeles 90039,47CB1603-DF97-4526-82F0-F3B086831346_2139_W_Baxter_St_Los_Angeles_90039,Baxter,2139 W Baxter Street St Los Angeles 90039,,,,
759183,1409438,,5422022012.0,,2141.0,,,West,,,Baxter,Street,,,,,,,,,,,,,90039.0,,Los Angeles,Los Angeles,,,,,LA City,{EBE00167-6AF1-432E-AEB7-39526D1007EC},0,,EBE00167-6AF1-432E-AEB7-39526D1007EC,Unknown,,W,,,St,W Baxter St,2023/09/12 23:03:18+00,2141 W Baxter St Los Angeles 90039,EBE00167-6AF1-432E-AEB7-39526D1007EC_2141_W_Baxter_St_Los_Angeles_90039,Baxter,2141 W Baxter Street St Los Angeles 90039,,,,
759184,1409439,,5422022020.0,,2130.0,,,West,,,Cove,Avenue,,,,,,,,,,,,,90039.0,,Los Angeles,Los Angeles,,,,,LA City,{4673DF9B-0765-43B0-8206-312394CFFC0E},0,,4673DF9B-0765-43B0-8206-312394CFFC0E,Unknown,,W,,,Ave,W Cove Ave,2023/09/12 23:03:18+00,2130 W Cove Ave Los Angeles 90039,4673DF9B-0765-43B0-8206-312394CFFC0E_2130_W_Cove_Ave_Los_Angeles_90039,Cove,2130 W Cove Avenue Ave Los Angeles 90039,,,,
759185,1409440,,5422022021.0,,2128.0,1/2,,West,,,Cove,Avenue,,,,,,,,,,,,,90039.0,,Los Angeles,Los Angeles,,,,,LA City,{E109D8D9-C1E1-4818-BF43-17CF7875C4B0},0,,E109D8D9-C1E1-4818-BF43-17CF7875C4B0,Unknown,,W,,,Ave,W Cove Ave,2024/05/12 21:05:27+00,2128 1/2 W Cove Ave Los Angeles 90039,E109D8D9-C1E1-4818-BF43-17CF7875C4B0_2128_1/2_W_Cove_Ave_Los_Angeles_90039,Cove,2128 1/2 W Cove Avenue Ave Los Angeles 90039,,,,
759186,1409441,,5422022021.0,,2128.0,,,West,,,Cove,Avenue,,,,,,,,,,,,,90039.0,,Los Angeles,Los Angeles,,,,,LA City,{29C7172B-6BA4-4782-B103-811AB76AF27C},0,,29C7172B-6BA4-4782-B103-811AB76AF27C,Unknown,,W,,,Ave,W Cove Ave,2024/05/12 21:05:27+00,2128 W Cove Ave Los Angeles 90039,29C7172B-6BA4-4782-B103-811AB76AF27C_2128_W_Cove_Ave_Los_Angeles_90039,Cove,2128 W Cove Avenue Ave Los Angeles 90039,,,,
759187,1409442,,5422022022.0,,2126.0,,,West,,,Cove,Avenue,,,,,,,,,,,,,90039.0,,Los Angeles,Los Angeles,,,,,LA City,{9B55B75C-146F-425B-864C-5DB367123170},0,,9B55B75C-146F-425B-864C-5DB367123170,Unknown,,W,,,Ave,W Cove Ave,2023/09/12 23:03:18+00,2126 W Cove Ave Los Angeles 90039,9B55B75C-146F-425B-864C-5DB367123170_2126_W_Cove_Ave_Los_Angeles_90039,Cove,2126 W Cove Avenue Ave Los Angeles 90039,,,,
759188,1409443,,5422022023.0,,2120.0,,,West,,,Cove,Avenue,,,,,,,,,,,,,90039.0,,Los Angeles,Los Angeles,,,,,LA City,{365894CA-DCAB-4343-A11F-29BC0092DAD2},0,,365894CA-DCAB-4343-A11F-29BC0092DAD2,Unknown,,W,,,Ave,W Cove Ave,2023/09/12 23:03:18+00,2120 W Cove Ave Los Angeles 90039,365894CA-DCAB-4343-A11F-29BC0092DAD2_2120_W_Cove_Ave_Los_Angeles_90039,Cove,2120 W Cove Avenue Ave Los Angeles 90039,,,,
759189,1409444,,5422022024.0,,2117.0,,,West,,,Baxter,Street,,,,,,,,,,,,,90039.0,,Los Angeles,Los Angeles,,,,,LA City,{CF1DF83E-B134-41CD-B204-653AB1835D3E},0,,CF1DF83E-B134-41CD-B204-653AB1835D3E,Unknown,,W,,,St,W Baxter St,2023/09/12 23:03:18+00,2117 W Baxter St Los Angeles 90039,CF1DF83E-B134-41CD-B204-653AB1835D3E_2117_W_Baxter_St_Los_Angeles_90039,Baxter,2117 W Baxter Street St Los Angeles 90039,,,,
759190,1409445,,5422022027.0,,2131.0,,,West,,,Baxter,Street,,,,,,,,,,,,,90039.0,,Los Angeles,Los Angeles,,,,,LA City,{0107FE2A-3BA8-453D-B85F-1AEA7DEADB1F},0,,0107FE2A-3BA8-453D-B85F-1AEA7DEADB1F,Unknown,,W,,,St,W Baxter St,2023/09/12 23:03:18+00,2131 W Baxter St Los Angeles 90039,0107FE2A-3BA8-453D-B85F-1AEA7DEADB1F_2131_W_Baxter_St_Los_Angeles_90039,Baxter,2131 W Baxter Street St Los Angeles 90039,,,,
759191,1409446,,5422022027.0,,2133.0,,,West,,,Baxter,Street,,,,,,,,,,,,,90039.0,,Los Angeles,Los Angeles,,,,,LA City,{651852B1-72EA-4AF8-A4D9-E51F32624781},0,,651852B1-72EA-4AF8-A4D9-E51F32624781,Unknown,,W,,,St,W Baxter St,2023/09/12 23:03:18+00,2133 W Baxter St Los Angeles 90039,651852B1-72EA-4AF8-A4D9-E51F32624781_2133_W_Baxter_St_Los_Angeles_90039,Baxter,2133 W Baxter Street St Los Angeles 90039,,,,
759192,1409447,,5422022028.0,,2125.0,,,West,,,Baxter,Street,,,,,,,,,,,,,90039.0,,Los Angeles,Los Angeles,,,,,LA City,{8168B697-BACE-4326-8417-B80A1C38A36B},0,,8168B697-BACE-4326-8417-B80A1C38A36B,Unknown,,W,,,St,W Baxter St,2023/09/12 23:03:18+00,2125 W Baxter St Los Angeles 90039,8168B697-BACE-4326-8417-B80A1C38A36B_2125_W_Baxter_St_Los_Angeles_90039,Baxter,2125 W Baxter Street St Los Angeles 90039,,,,
759193,1409448,,5422022029.0,,2132.0,,,West,,,Cove,Avenue,,,,,,,,,,,,,90039.0,,Los Angeles,Los Angeles,,,,,LA City,{9A849A62-6B43-412A-8D4C-76910310794A},0,,9A849A62-6B43-412A-8D4C-76910310794A,Unknown,,W,,,Ave,W Cove Ave,2023/09/12 23:03:18+00,2132 W Cove Ave Los Angeles 90039,9A849A62-6B43-412A-8D4C-76910310794A_2132_W_Cove_Ave_Los_Angeles_90039,Cove,2132 W Cove Avenue Ave Los Angeles 90039,,,,
759194,1409449,,5422022029.0,,2134.0,,,West,,,Cove,Avenue,,,,,,,,,,,,,90039.0,,Los Angeles,Los Angeles,,,,,LA City,{14DF59F9-69E3-4B79-BC44-DFC37BA5FD88},0,,14DF59F9-69E3-4B79-BC44-DFC37BA5FD88,Unknown,,W,,,Ave,W Cove Ave,2023/09/12 23:03:18+00,2134 W Cove Ave Los Angeles 90039,14DF59F9-69E3-4B79-BC44-DFC37BA5FD88_2134_W_Cove_Ave_Los_Angeles_90039,Cove,2134 W Cove Avenue Ave Los Angeles 90039,,,,
759195,1409450,,5422022030.0,,2104.0,,,North,,,Allesandro,Street,,,,,,,,,,,,,90039.0,,Los Angeles,Los Angeles,,,,,LA City,{2F88913A-D798-4D60-95CC-391425371269},0,,2F88913A-D798-4D60-95CC-391425371269,Unknown,,N,,,St,N Allesandro St,2023/09/12 23:03:18+00,2104 N Allesandro St Los Angeles 90039,2F88913A-D798-4D60-95CC-391425371269_2104_N_Allesandro_St_Los_Angeles_90039,Allesandro,2104 N Allesandro Street St Los Angeles 90039,,,,
759196,1409451,,5422022030.0,,2102.0,,,North,,,Allesandro,Street,,,,,,,,,,,,,90039.0,,Los Angeles,Los Angeles,,,,,LA City,{9B8C65E5-51A4-4742-A856-8CD45C071051},0,,9B8C65E5-51A4-4742-A856-8CD45C071051,Unknown,,N,,,St,N Allesandro St,2023/09/12 23:03:18+00,2102 N Allesandro St Los Angeles 90039,9B8C65E5-51A4-4742-A856-8CD45C071051_2102_N_Allesandro_St_Los_Angeles_90039,Allesandro,2102 N Allesandro Street St Los Angeles 90039,,,,
759197,1409452,,5422022030.0,,2110.0,,,North,,,Allesandro,Street,,,,,,,,,,,,,90039.0,,Los Angeles,Los Angeles,,,,,LA City,{744524BF-E865-471B-A0DE-D0A6506E4D27},0,,744524BF-E865-471B-A0DE-D0A6506E4D27,Unknown,,N,,,St,N Allesandro St,2023/09/12 23:03:18+00,2110 N Allesandro St Los Angeles 90039,744524BF-E865-471B-A0DE-D0A6506E4D27_2110_N_Allesandro_St_Los_Angeles_90039,Allesandro,2110 N Allesandro Street St Los Angeles 90039,,,,
759198,1409453,,5422022030.0,,2147.0,,,West,,,Baxter,Street,,,,,,,,,,,,,90039.0,,Los Angeles,Los Angeles,,,,,LA City,{24895951-A11E-45C7-8347-EFD6CAE07DE5},0,,24895951-A11E-45C7-8347-EFD6CAE07DE5,Unknown,,W,,,St,W Baxter St,2023/09/12 23:03:18+00,2147 W Baxter St Los Angeles 90039,24895951-A11E-45C7-8347-EFD6CAE07DE5_2147_W_Baxter_St_Los_Angeles_90039,Baxter,2147 W Baxter Street St Los Angeles 90039,,,,
759199,1409454,,5422022030.0,,2143.0,,,West,,,Baxter,Street,,,,,,,,,,,,,90039.0,,Los Angeles,Los Angeles,,,,,LA City,{97260D6E-5C8A-4D37-BE5F-25FF192DE911},0,,97260D6E-5C8A-4D37-BE5F-25FF192DE911,Unknown,,W,,,St,W Baxter St,2023/09/12 23:03:18+00,2143 W Baxter St Los Angeles 90039,97260D6E-5C8A-4D37-BE5F-25FF192DE911_2143_W_Baxter_St_Los_Angeles_90039,Baxter,2143 W Baxter Street St Los Angeles 90039,,,,
759200,1409455,,5422022030.0,,2149.0,,,West,,,Baxter,Street,,,,,,,,,,,,,90039.0,,Los Angeles,Los Angeles,,,,,LA City,{58229ABF-D45A-4E7F-96F5-CCBDA5AB76EA},0,,58229ABF-D45A-4E7F-96F5-CCBDA5AB76EA,Unknown,,W,,,St,W Baxter St,2023/09/12 23:03:18+00,2149 W Baxter St Los Angeles 90039,58229ABF-D45A-4E7F-96F5-CCBDA5AB76EA_2149_W_Baxter_St_Los_Angeles_90039,Baxter,2149 W Baxter Street St Los Angeles 90039,,,,
759201,1409456,,5422022030.0,,2145.0,,,West,,,Baxter,Street,,,,,,,,,,,,1-9,90039.0,,Los Angeles,Los Angeles,,,,,LA City,{2F31B2A5-5878-463D-A125-3932F62DD922},0,,2F31B2A5-5878-463D-A125-3932F62DD922,Unknown,,W,,,St,W Baxter St,2023/09/12 23:03:18+00,2145 W Baxter St 1-9 Los Angeles 90039,2F31B2A5-5878-463D-A125-3932F62DD922_2145_W_Baxter_St_1-9_Los_Angeles_90039,Baxter,2145 W Baxter Street St 1-9 Los Angeles 90039,,,,
759202,1409457,,5422022035.0,,2107.0,,,North,,,Alvarado,Street,,,,,,,,,,,,,90039.0,,Los Angeles,Los Angeles,,,,,LA City,{88355017-6064-4E83-AF7F-0E0A1A25B093},0,,88355017-6064-4E83-AF7F-0E0A1A25B093,Unknown,,N,,,St,N Alvarado St,2023/09/12 23:03:18+00,2107 N Alvarado St Los Angeles 90039,88355017-6064-4E83-AF7F-0E0A1A25B093_2107_N_Alvarado_St_Los_Angeles_90039,Alvarado,2107 N Alvarado Street St Los Angeles 90039,,,,
759203,1409458,,5422023002.0,,2126.0,,,West,,,Oak Glen,Place,,,,,,,,,,,,,90039.0,,Los Angeles,Los Angeles,,,,,LA City,{BE699B98-4964-4169-BD6A-668C554777F6},0,,BE699B98-4964-4169-BD6A-668C554777F6,Unknown,,W,,,Pl,W Oak Glen Pl,2023/09/12 23:03:18+00,2126 W Oak Glen Pl Los Angeles 90039,BE699B98-4964-4169-BD6A-668C554777F6_2126_W_Oak_Glen_Pl_Los_Angeles_90039,Oak Glen,2126 W Oak Glen Place Pl Los Angeles 90039,,,,
759204,1409459,,5422023003.0,,2120.0,,,West,,,Oak Glen,Place,,,,,,,,,,,,,90039.0,,Los Angeles,Los Angeles,,,,,LA City,{E83FD82C-0983-4904-B0BC-C6A9A0E01992},0,,E83FD82C-0983-4904-B0BC-C6A9A0E01992,Unknown,,W,,,Pl,W Oak Glen Pl,2023/09/12 23:03:18+00,2120 W Oak Glen Pl Los Angeles 90039,E83FD82C-0983-4904-B0BC-C6A9A0E01992_2120_W_Oak_Glen_Pl_Los_Angeles_90039,Oak Glen,2120 W Oak Glen Place Pl Los Angeles 90039,,,,
759205,1409460,,5422023003.0,,2124.0,,,West,,,Oak Glen,Place,,,,,,,,,,,,,90039.0,,Los Angeles,Los Angeles,,,,,LA City,{E94BB139-28F2-4713-9CCC-44B63CAC76B6},0,,E94BB139-28F2-4713-9CCC-44B63CAC76B6,Unknown,,W,,,Pl,W Oak Glen Pl,2023/09/12 23:03:18+00,2124 W Oak Glen Pl Los Angeles 90039,E94BB139-28F2-4713-9CCC-44B63CAC76B6_2124_W_Oak_Glen_Pl_Los_Angeles_90039,Oak Glen,2124 W Oak Glen Place Pl Los Angeles 90039,,,,
759206,1409461,,5422023003.0,,2122.0,,,West,,,Oak Glen,Place,,,,,,,,,,,,,90039.0,,Los Angeles,Los Angeles,,,,,LA City,{63E32991-566E-403D-A99D-135BB6824684},0,,63E32991-566E-403D-A99D-135BB6824684,Unknown,,W,,,Pl,W Oak Glen Pl,2023/09/12 23:03:18+00,2122 W Oak Glen Pl Los Angeles 90039,63E32991-566E-403D-A99D-135BB6824684_2122_W_Oak_Glen_Pl_Los_Angeles_90039,Oak Glen,2122 W Oak Glen Place Pl Los Angeles 90039,,,,
759207,1409462,,5422023004.0,,2116.0,,,West,,,Oak Glen,Place,,,,,,,,,,,,,90039.0,,Los Angeles,Los Angeles,,,,,LA City,{2AE7E9B6-6AAE-4C26-B229-EEA8D2CD9829},0,,2AE7E9B6-6AAE-4C26-B229-EEA8D2CD9829,Unknown,,W,,,Pl,W Oak Glen Pl,2023/09/12 23:03:18+00,2116 W Oak Glen Pl Los Angeles 90039,2AE7E9B6-6AAE-4C26-B229-EEA8D2CD9829_2116_W_Oak_Glen_Pl_Los_Angeles_90039,Oak Glen,2116 W Oak Glen Place Pl Los Angeles 90039,,,,
759208,1409463,,5422023005.0,,2112.0,,,West,,,Oak Glen,Place,,,,,,,,,,,,,90039.0,,Los Angeles,Los Angeles,,,,,LA City,{9C6EA75C-377B-420F-BBEC-D540E76C316D},0,,9C6EA75C-377B-420F-BBEC-D540E76C316D,Unknown,,W,,,Pl,W Oak Glen Pl,2023/09/12 23:03:18+00,2112 W Oak Glen Pl Los Angeles 90039,9C6EA75C-377B-420F-BBEC-D540E76C316D_2112_W_Oak_Glen_Pl_Los_Angeles_90039,Oak Glen,2112 W Oak Glen Place Pl Los Angeles 90039,,,,
759209,1409464,,5422023006.0,,2108.0,,,West,,,Oak Glen,Place,,,,,,,,,,,,,90039.0,,Los Angeles,Los Angeles,,,,,LA City,{8FE98350-FAE0-41B5-8D3D-61A2C679C31A},0,,8FE98350-FAE0-41B5-8D3D-61A2C679C31A,Unknown,,W,,,Pl,W Oak Glen Pl,2023/09/12 23:03:18+00,2108 W Oak Glen Pl Los Angeles 90039,8FE98350-FAE0-41B5-8D3D-61A2C679C31A_2108_W_Oak_Glen_Pl_Los_Angeles_90039,Oak Glen,2108 W Oak Glen Place Pl Los Angeles 90039,,,,
759210,1409465,,5422023006.0,,2106.0,,,West,,,Oak Glen,Place,,,,,,,,,,,,,90039.0,,Los Angeles,Los Angeles,,,,,LA City,{E8F45933-4477-4BEB-BC5D-276CD6650ED2},0,,E8F45933-4477-4BEB-BC5D-276CD6650ED2,Unknown,,W,,,Pl,W Oak Glen Pl,2023/09/12 23:03:18+00,2106 W Oak Glen Pl Los Angeles 90039,E8F45933-4477-4BEB-BC5D-276CD6650ED2_2106_W_Oak_Glen_Pl_Los_Angeles_90039,Oak Glen,2106 W Oak Glen Place Pl Los Angeles 90039,,,,
759211,1409466,,5422023008.0,,2101.0,,,West,,,Cove,Avenue,,,,,,,,,,,,,90039.0,,Los Angeles,Los Angeles,,,,,LA City,{4F65766C-8CB5-4531-B4E2-CDC3A56B4043},0,,4F65766C-8CB5-4531-B4E2-CDC3A56B4043,Unknown,,W,,,Ave,W Cove Ave,2023/09/12 23:03:18+00,2101 W Cove Ave Los Angeles 90039,4F65766C-8CB5-4531-B4E2-CDC3A56B4043_2101_W_Cove_Ave_Los_Angeles_90039,Cove,2101 W Cove Avenue Ave Los Angeles 90039,,,,
759212,1409467,,5422023012.0,,2117.0,,,West,,,Cove,Avenue,,,,,,,,,,,,,90039.0,,Los Angeles,Los Angeles,,,,,LA City,{233E6EAD-2A4A-4B4C-AFBC-C92F46122588},0,,233E6EAD-2A4A-4B4C-AFBC-C92F46122588,Unknown,,W,,,Ave,W Cove Ave,2023/09/12 23:03:18+00,2117 W Cove Ave Los Angeles 90039,233E6EAD-2A4A-4B4C-AFBC-C92F46122588_2117_W_Cove_Ave_Los_Angeles_90039,Cove,2117 W Cove Avenue Ave Los Angeles 90039,,,,
759213,1409468,,5422023013.0,,2113.0,,,West,,,Cove,Avenue,,,,,,,,,,,,,90039.0,,Los Angeles,Los Angeles,,,,,LA City,{E18510CD-44C3-47AF-A895-8B9CA021D041},0,,E18510CD-44C3-47AF-A895-8B9CA021D041,Unknown,,W,,,Ave,W Cove Ave,2023/09/12 23:03:18+00,2113 W Cove Ave Los Angeles 90039,E18510CD-44C3-47AF-A895-8B9CA021D041_2113_W_Cove_Ave_Los_Angeles_90039,Cove,2113 W Cove Avenue Ave Los Angeles 90039,,,,
759214,1409469,,5422023014.0,,2119.0,,,West,,,Cove,Avenue,,,,,,,,,,,,,90039.0,,Los Angeles,Los Angeles,,,,,LA City,{74921095-B86F-4F16-ABDC-FF62FA8A5D05},0,,74921095-B86F-4F16-ABDC-FF62FA8A5D05,Unknown,,W,,,Ave,W Cove Ave,2023/09/12 23:03:18+00,2119 W Cove Ave Los Angeles 90039,74921095-B86F-4F16-ABDC-FF62FA8A5D05_2119_W_Cove_Ave_Los_Angeles_90039,Cove,2119 W Cove Avenue Ave Los Angeles 90039,,,,
759215,1409470,,5422023015.0,,2125.0,,,West,,,Cove,Avenue,,,,,,,,,,,,,90039.0,,Los Angeles,Los Angeles,,,,,LA City,{28FC5618-D3B4-481E-AB03-3AC37881D963},0,,28FC5618-D3B4-481E-AB03-3AC37881D963,Unknown,,W,,,Ave,W Cove Ave,2023/09/12 23:03:18+00,2125 W Cove Ave Los Angeles 90039,28FC5618-D3B4-481E-AB03-3AC37881D963_2125_W_Cove_Ave_Los_Angeles_90039,Cove,2125 W Cove Avenue Ave Los Angeles 90039,,,,
759216,1409471,,5422023016.0,,2129.0,,,West,,,Cove,Avenue,,,,,,,,,,,,,90039.0,,Los Angeles,Los Angeles,,,,,LA City,{FCBCD20F-9D31-4F5F-8360-48026D9A53A4},0,,FCBCD20F-9D31-4F5F-8360-48026D9A53A4,Unknown,,W,,,Ave,W Cove Ave,2023/09/12 23:03:18+00,2129 W Cove Ave Los Angeles 90039,FCBCD20F-9D31-4F5F-8360-48026D9A53A4_2129_W_Cove_Ave_Los_Angeles_90039,Cove,2129 W Cove Avenue Ave Los Angeles 90039,,,,
759217,1409472,,5422023023.0,,2168.0,,,North,,,Allesandro,Street,,,,,,,,,,,,,90039.0,,Los Angeles,Los Angeles,,,,,LA City,{575319BD-AFD5-4BED-B09F-FB2AEE81CEDD},0,,575319BD-AFD5-4BED-B09F-FB2AEE81CEDD,Unknown,,N,,,St,N Allesandro St,2023/09/12 23:03:18+00,2168 N Allesandro St Los Angeles 90039,575319BD-AFD5-4BED-B09F-FB2AEE81CEDD_2168_N_Allesandro_St_Los_Angeles_90039,Allesandro,2168 N Allesandro Street St Los Angeles 90039,,,,
759218,1409473,,5422023023.0,,2130.0,,,West,,,Oak Glen,Place,,,,,,,,,,,,,90039.0,,Los Angeles,Los Angeles,,,,,LA City,{3C05037D-A11C-41A7-82B4-08742928F004},0,,3C05037D-A11C-41A7-82B4-08742928F004,Unknown,,W,,,Pl,W Oak Glen Pl,2023/09/12 23:03:18+00,2130 W Oak Glen Pl Los Angeles 90039,3C05037D-A11C-41A7-82B4-08742928F004_2130_W_Oak_Glen_Pl_Los_Angeles_90039,Oak Glen,2130 W Oak Glen Place Pl Los Angeles 90039,,,,
759219,1409474,,5422023024.0,,2133.0,1/2,,West,,,Cove,Avenue,,,,,,,,,,,,,90039.0,,Los Angeles,Los Angeles,,,,,LA City,{65B3152B-BE45-4C1B-8355-0B9318EA9241},0,,65B3152B-BE45-4C1B-8355-0B9318EA9241,Unknown,,W,,,Ave,W Cove Ave,2024/05/12 21:05:27+00,2133 1/2 W Cove Ave Los Angeles 90039,65B3152B-BE45-4C1B-8355-0B9318EA9241_2133_1/2_W_Cove_Ave_Los_Angeles_90039,Cove,2133 1/2 W Cove Avenue Ave Los Angeles 90039,,,,
759220,1409475,,5422023024.0,,2133.0,,,West,,,Cove,Avenue,,,,,,,,,,,,,90039.0,,Los Angeles,Los Angeles,,,,,LA City,{AEC292D8-1539-4D16-843B-93629421B012},0,,AEC292D8-1539-4D16-843B-93629421B012,Unknown,,W,,,Ave,W Cove Ave,2024/05/12 21:05:27+00,2133 W Cove Ave Los Angeles 90039,AEC292D8-1539-4D16-843B-93629421B012_2133_W_Cove_Ave_Los_Angeles_90039,Cove,2133 W Cove Avenue Ave Los Angeles 90039,,,,
759221,1409476,,5422024001.0,,2104.0,,,West,,,Loma Vista,Place,,,,,,,,,,,,,90039.0,,Los Angeles,Los Angeles,,,,,LA City,{53CBEFBD-672E-405E-BFE0-15E807E171E5},0,,53CBEFBD-672E-405E-BFE0-15E807E171E5,Unknown,,W,,,Pl,W Loma Vista Pl,2023/09/12 23:03:18+00,2104 W Loma Vista Pl Los Angeles 90039,53CBEFBD-672E-405E-BFE0-15E807E171E5_2104_W_Loma_Vista_Pl_Los_Angeles_90039,Loma Vista,2104 W Loma Vista Place Pl Los Angeles 90039,,,,
759222,1409477,,5422024002.0,,2108.0,,,West,,,Loma Vista,Place,,,,,,,,,,,,,90039.0,,Los Angeles,Los Angeles,,,,,LA City,{CAE450A1-3D7E-46E9-A00F-BE2863A32C21},0,,CAE450A1-3D7E-46E9-A00F-BE2863A32C21,Unknown,,W,,,Pl,W Loma Vista Pl,2023/09/12 23:03:18+00,2108 W Loma Vista Pl Los Angeles 90039,CAE450A1-3D7E-46E9-A00F-BE2863A32C21_2108_W_Loma_Vista_Pl_Los_Angeles_90039,Loma Vista,2108 W Loma Vista Place Pl Los Angeles 90039,,,,
759223,1409478,,5422024003.0,,2112.0,,,West,,,Loma Vista,Place,,,,,,,,,,,,,90039.0,,Los Angeles,Los Angeles,,,,,LA City,{DD39055A-8260-4364-BDE3-34B728CE1F97},0,,DD39055A-8260-4364-BDE3-34B728CE1F97,Unknown,,W,,,Pl,W Loma Vista Pl,2023/09/12 23:03:18+00,2112 W Loma Vista Pl Los Angeles 90039,DD39055A-8260-4364-BDE3-34B728CE1F97_2112_W_Loma_Vista_Pl_Los_Angeles_90039,Loma Vista,2112 W Loma Vista Place Pl Los Angeles 90039,,,,
759224,1409479,,5422024004.0,,2116.0,,,West,,,Loma Vista,Place,,,,,,,,,,,,,90039.0,,Los Angeles,Los Angeles,,,,,LA City,{5CCBD761-6CC0-4E39-A93D-3E2E244FE9ED},0,,5CCBD761-6CC0-4E39-A93D-3E2E244FE9ED,Unknown,,W,,,Pl,W Loma Vista Pl,2023/09/12 23:03:18+00,2116 W Loma Vista Pl Los Angeles 90039,5CCBD761-6CC0-4E39-A93D-3E2E244FE9ED_2116_W_Loma_Vista_Pl_Los_Angeles_90039,Loma Vista,2116 W Loma Vista Place Pl Los Angeles 90039,,,,
759225,1409480,,5422024008.0,,2100.0,,,West,,,Loma Vista,Place,,,,,,,,,,,,,90039.0,,Los Angeles,Los Angeles,,,,,LA City,{D830FFA6-AE4D-42B6-B0ED-DE3B23C13F79},0,,D830FFA6-AE4D-42B6-B0ED-DE3B23C13F79,Unknown,,W,,,Pl,W Loma Vista Pl,2023/09/12 23:03:18+00,2100 W Loma Vista Pl Los Angeles 90039,D830FFA6-AE4D-42B6-B0ED-DE3B23C13F79_2100_W_Loma_Vista_Pl_Los_Angeles_90039,Loma Vista,2100 W Loma Vista Place Pl Los Angeles 90039,,,,
759226,1409481,,5422024010.0,,2111.0,,,West,,,Oak Glen,Place,,,,,,,,,,,,,90039.0,,Los Angeles,Los Angeles,,,,,LA City,{CE62459A-2F88-4ECB-8293-06FE49059E53},0,,CE62459A-2F88-4ECB-8293-06FE49059E53,Unknown,,W,,,Pl,W Oak Glen Pl,2023/09/12 23:03:18+00,2111 W Oak Glen Pl Los Angeles 90039,CE62459A-2F88-4ECB-8293-06FE49059E53_2111_W_Oak_Glen_Pl_Los_Angeles_90039,Oak Glen,2111 W Oak Glen Place Pl Los Angeles 90039,,,,
759227,1409482,,5422024011.0,,2115.0,,,West,,,Oak Glen,Place,,,,,,,,,,,,,90039.0,,Los Angeles,Los Angeles,,,,,LA City,{B698A09C-4C07-4817-9049-70C1F5E9A311},0,,B698A09C-4C07-4817-9049-70C1F5E9A311,Unknown,,W,,,Pl,W Oak Glen Pl,2023/09/12 23:03:18+00,2115 W Oak Glen Pl Los Angeles 90039,B698A09C-4C07-4817-9049-70C1F5E9A311_2115_W_Oak_Glen_Pl_Los_Angeles_90039,Oak Glen,2115 W Oak Glen Place Pl Los Angeles 90039,,,,
759228,1409483,,5422024013.0,,2125.0,1/2,,West,,,Oak Glen,Place,,,,,,,,,,,,,90039.0,,Los Angeles,Los Angeles,,,,,LA City,{B8616CA8-3BBE-44A1-815A-D268718D5F72},0,,B8616CA8-3BBE-44A1-815A-D268718D5F72,Unknown,,W,,,Pl,W Oak Glen Pl,2024/05/12 21:05:27+00,2125 1/2 W Oak Glen Pl Los Angeles 90039,B8616CA8-3BBE-44A1-815A-D268718D5F72_2125_1/2_W_Oak_Glen_Pl_Los_Angeles_90039,Oak Glen,2125 1/2 W Oak Glen Place Pl Los Angeles 90039,,,,
759229,1409484,,5422024013.0,,2125.0,,,West,,,Oak Glen,Place,,,,,,,,,,,,,90039.0,,Los Angeles,Los Angeles,,,,,LA City,{A3FCC708-55C8-4BE1-A522-0B1EA9FB0A68},0,,A3FCC708-55C8-4BE1-A522-0B1EA9FB0A68,Unknown,,W,,,Pl,W Oak Glen Pl,2024/05/12 21:05:27+00,2125 W Oak Glen Pl Los Angeles 90039,A3FCC708-55C8-4BE1-A522-0B1EA9FB0A68_2125_W_Oak_Glen_Pl_Los_Angeles_90039,Oak Glen,2125 W Oak Glen Place Pl Los Angeles 90039,,,,
759230,1409485,,5422024014.0,,2127.0,,,,,,Oak Glen,Place,,,,,,,,,,,,,90039.0,,Los Angeles,Los Angeles,,,,,Assessor,{E5446804-349C-4F3F-9362-CEEC197D06F7},0,,E5446804-349C-4F3F-9362-CEEC197D06F7,Unknown,,,,,Pl,Oak Glen Pl,2024/04/27 17:13:09+00,2127 Oak Glen Pl Los Angeles 90039,E5446804-349C-4F3F-9362-CEEC197D06F7_2127_Oak_Glen_Pl_Los_Angeles_90039,Oak Glen,2127 Oak Glen Place Pl Los Angeles 90039,,,,
759231,1409486,,5422024019.0,,2107.0,,,West,,,Oak Glen,Place,,,,,,,,,,,,,90039.0,,Los Angeles,Los Angeles,,,,,LA City,{EEED6CA6-8B1F-4505-A245-9DBD7FE3F03A},0,,EEED6CA6-8B1F-4505-A245-9DBD7FE3F03A,Unknown,,W,,,Pl,W Oak Glen Pl,2023/09/12 23:03:18+00,2107 W Oak Glen Pl Los Angeles 90039,EEED6CA6-8B1F-4505-A245-9DBD7FE3F03A_2107_W_Oak_Glen_Pl_Los_Angeles_90039,Oak Glen,2107 W Oak Glen Place Pl Los Angeles 90039,,,,
759232,1409487,,5422024019.0,,2101.0,,,West,,,Oak Glen,Place,,,,,,,,,,,,,90039.0,,Los Angeles,Los Angeles,,,,,LA City,{788AE449-788C-405E-AB81-D83E44C841C6},0,,788AE449-788C-405E-AB81-D83E44C841C6,Unknown,,W,,,Pl,W Oak Glen Pl,2024/05/12 21:05:27+00,2101 W Oak Glen Pl Los Angeles 90039,788AE449-788C-405E-AB81-D83E44C841C6_2101_W_Oak_Glen_Pl_Los_Angeles_90039,Oak Glen,2101 W Oak Glen Place Pl Los Angeles 90039,,,,
759233,1409488,,5422024019.0,,2101.0,3/4,,West,,,Oak Glen,Place,,,,,,,,,,,,,90039.0,,Los Angeles,Los Angeles,,,,,LA City,{96CEC6E7-E09A-4C57-9480-7A35733306CC},0,,96CEC6E7-E09A-4C57-9480-7A35733306CC,Unknown,,W,,,Pl,W Oak Glen Pl,2024/05/12 21:05:27+00,2101 3/4 W Oak Glen Pl Los Angeles 90039,96CEC6E7-E09A-4C57-9480-7A35733306CC_2101_3/4_W_Oak_Glen_Pl_Los_Angeles_90039,Oak Glen,2101 3/4 W Oak Glen Place Pl Los Angeles 90039,,,,
759234,1409489,,5422024019.0,,2101.0,1/2,,West,,,Oak Glen,Place,,,,,,,,,,,,,90039.0,,Los Angeles,Los Angeles,,,,,LA City,{B049A30C-73E7-4B60-A960-3087328B736E},0,,B049A30C-73E7-4B60-A960-3087328B736E,Unknown,,W,,,Pl,W Oak Glen Pl,2024/05/12 21:05:27+00,2101 1/2 W Oak Glen Pl Los Angeles 90039,B049A30C-73E7-4B60-A960-3087328B736E_2101_1/2_W_Oak_Glen_Pl_Los_Angeles_90039,Oak Glen,2101 1/2 W Oak Glen Place Pl Los Angeles 90039,,,,
759235,1409490,,5422024021.0,,2107.0,1/2,,West,,,Oak Glen,Place,,,,,,,,,,,,,90039.0,,Los Angeles,Los Angeles,,,,,LA City,{367A7DC1-EA21-4C2C-9F5D-C8C5261D5181},0,,367A7DC1-EA21-4C2C-9F5D-C8C5261D5181,Unknown,,W,,,Pl,W Oak Glen Pl,2023/09/12 23:03:18+00,2107 1/2 W Oak Glen Pl Los Angeles 90039,367A7DC1-EA21-4C2C-9F5D-C8C5261D5181_2107_1/2_W_Oak_Glen_Pl_Los_Angeles_90039,Oak Glen,2107 1/2 W Oak Glen Place Pl Los Angeles 90039,,,,
759236,1409491,,5422024021.0,,2103.0,,,West,,,Oak Glen,Place,,,,,,,,,,,,,90039.0,,Los Angeles,Los Angeles,,,,,LA City,{CA37E853-FB56-4CF2-9AAC-DF99D133CBD2},0,,CA37E853-FB56-4CF2-9AAC-DF99D133CBD2,Unknown,,W,,,Pl,W Oak Glen Pl,2023/09/12 23:03:18+00,2103 W Oak Glen Pl Los Angeles 90039,CA37E853-FB56-4CF2-9AAC-DF99D133CBD2_2103_W_Oak_Glen_Pl_Los_Angeles_90039,Oak Glen,2103 W Oak Glen Place Pl Los Angeles 90039,,,,
759237,1409492,,5422024021.0,,2105.0,,,West,,,Oak Glen,Place,,,,,,,,,,,,,90039.0,,Los Angeles,Los Angeles,,,,,LA City,{6494A96B-822A-4E0F-B2DF-66A0A667E678},0,,6494A96B-822A-4E0F-B2DF-66A0A667E678,Unknown,,W,,,Pl,W Oak Glen Pl,2023/09/12 23:03:18+00,2105 W Oak Glen Pl Los Angeles 90039,6494A96B-822A-4E0F-B2DF-66A0A667E678_2105_W_Oak_Glen_Pl_Los_Angeles_90039,Oak Glen,2105 W Oak Glen Place Pl Los Angeles 90039,,,,
759238,1409493,,5422024023.0,,2120.0,,,West,,,Loma Vista,Place,,,,,,,,,,,,,90039.0,,Los Angeles,Los Angeles,,,,,LA City,{EFD9F469-E6D9-4DD6-BD0F-CEC30563337E},0,,EFD9F469-E6D9-4DD6-BD0F-CEC30563337E,Unknown,,W,,,Pl,W Loma Vista Pl,2023/09/12 23:03:18+00,2120 W Loma Vista Pl Los Angeles 90039,EFD9F469-E6D9-4DD6-BD0F-CEC30563337E_2120_W_Loma_Vista_Pl_Los_Angeles_90039,Loma Vista,2120 W Loma Vista Place Pl Los Angeles 90039,,,,
759239,1409494,,5422024024.0,,2220.0,,,North,,,Allesandro,Street,,,,,,,,,,,,,90039.0,,Los Angeles,Los Angeles,,,,,LA City,{F0921AC9-5C7C-4E8E-905D-A317BC5BFB17},0,,F0921AC9-5C7C-4E8E-905D-A317BC5BFB17,Unknown,,N,,,St,N Allesandro St,2023/09/12 23:03:18+00,2220 N Allesandro St Los Angeles 90039,F0921AC9-5C7C-4E8E-905D-A317BC5BFB17_2220_N_Allesandro_St_Los_Angeles_90039,Allesandro,2220 N Allesandro Street St Los Angeles 90039,,,,
759240,1409495,,5422024025.0,,2206.0,,,North,,,Allesandro,Street,,,,,,,,,,,,1-13,90039.0,,Los Angeles,Los Angeles,,,,,LA City,{909EE1BE-8A3C-4D46-AB9D-B262F77F39E8},0,,909EE1BE-8A3C-4D46-AB9D-B262F77F39E8,Unknown,,N,,,St,N Allesandro St,2023/09/12 23:03:18+00,2206 N Allesandro St 1-13 Los Angeles 90039,909EE1BE-8A3C-4D46-AB9D-B262F77F39E8_2206_N_Allesandro_St_1-13_Los_Angeles_90039,Allesandro,2206 N Allesandro Street St 1-13 Los Angeles 90039,,,,
759241,1409496,,5422025002.0,,2268.0,,,North,,,Allesandro,Street,,,,,,,,,,,,,90039.0,,Los Angeles,Los Angeles,,,,,LA City,{7EB1139C-91DA-472C-B4E8-52AC520CE6B1},0,,7EB1139C-91DA-472C-B4E8-52AC520CE6B1,Unknown,,N,,,St,N Allesandro St,2023/09/12 23:03:18+00,2268 N Allesandro St Los Angeles 90039,7EB1139C-91DA-472C-B4E8-52AC520CE6B1_2268_N_Allesandro_St_Los_Angeles_90039,Allesandro,2268 N Allesandro Street St Los Angeles 90039,,,,
759242,1409497,,5422025002.0,,2270.0,,,North,,,Allesandro,Street,,,,,,,,,,,,,90039.0,,Los Angeles,Los Angeles,,,,,LA City,{B39F7294-F24B-49BB-B7D2-97C9035900E6},0,,B39F7294-F24B-49BB-B7D2-97C9035900E6,Unknown,,N,,,St,N Allesandro St,2023/09/12 23:03:18+00,2270 N Allesandro St Los Angeles 90039,B39F7294-F24B-49BB-B7D2-97C9035900E6_2270_N_Allesandro_St_Los_Angeles_90039,Allesandro,2270 N Allesandro Street St Los Angeles 90039,,,,
759243,1409498,,5422025003.0,,2266.0,,,North,,,Allesandro,Street,,,,,,,,,,,,1-2,90039.0,,Los Angeles,Los Angeles,,,,,LA City,{779BAD7A-C08F-4966-9966-579A0A28B882},0,,779BAD7A-C08F-4966-9966-579A0A28B882,Unknown,,N,,,St,N Allesandro St,2023/09/12 23:03:18+00,2266 N Allesandro St 1-2 Los Angeles 90039,779BAD7A-C08F-4966-9966-579A0A28B882_2266_N_Allesandro_St_1-2_Los_Angeles_90039,Allesandro,2266 N Allesandro Street St 1-2 Los Angeles 90039,,,,
759244,1409499,,5422025003.0,,2259.0,,,North,,,Alvarado,Street,,,,,,,,,,,,,90039.0,,Los Angeles,Los Angeles,,,,,LA City,{28CBEC00-7B72-42C6-BDB4-E305997E1963},0,,28CBEC00-7B72-42C6-BDB4-E305997E1963,Unknown,,N,,,St,N Alvarado St,2023/09/12 23:03:18+00,2259 N Alvarado St Los Angeles 90039,28CBEC00-7B72-42C6-BDB4-E305997E1963_2259_N_Alvarado_St_Los_Angeles_90039,Alvarado,2259 N Alvarado Street St Los Angeles 90039,,,,
759245,1409500,,5422025004.0,,2264.0,,,North,,,Allesandro,Street,,,,,,,,,,,,,90039.0,,Los Angeles,Los Angeles,,,,,LA City,{53CB690B-D6FE-4AA2-B3DB-3A81653A36A8},0,,53CB690B-D6FE-4AA2-B3DB-3A81653A36A8,Unknown,,N,,,St,N Allesandro St,2023/09/12 23:03:18+00,2264 N Allesandro St Los Angeles 90039,53CB690B-D6FE-4AA2-B3DB-3A81653A36A8_2264_N_Allesandro_St_Los_Angeles_90039,Allesandro,2264 N Allesandro Street St Los Angeles 90039,,,,
759246,1409501,,5422025005.0,,2260.0,,,North,,,Allesandro,Street,,,,,,,,,,,,,90039.0,,Los Angeles,Los Angeles,,,,,LA City,{129045BC-614F-42DF-AC2B-064EF1163417},0,,129045BC-614F-42DF-AC2B-064EF1163417,Unknown,,N,,,St,N Allesandro St,2023/09/12 23:03:18+00,2260 N Allesandro St Los Angeles 90039,129045BC-614F-42DF-AC2B-064EF1163417_2260_N_Allesandro_St_Los_Angeles_90039,Allesandro,2260 N Allesandro Street St Los Angeles 90039,,,,
759247,1409502,,5422025005.0,,2262.0,,,North,,,Allesandro,Street,,,,,,,,,,,,,90039.0,,Los Angeles,Los Angeles,,,,,LA City,{76D20BE7-A683-45D4-946E-0C306390F00F},0,,76D20BE7-A683-45D4-946E-0C306390F00F,Unknown,,N,,,St,N Allesandro St,2023/09/12 23:03:18+00,2262 N Allesandro St Los Angeles 90039,76D20BE7-A683-45D4-946E-0C306390F00F_2262_N_Allesandro_St_Los_Angeles_90039,Allesandro,2262 N Allesandro Street St Los Angeles 90039,,,,
759248,1409503,,5422025006.0,,2256.0,,,North,,,Allesandro,Street,,,,,,,,,,,,,90039.0,,Los Angeles,Los Angeles,,,,,LA City,{276C6510-CD06-45AF-9870-09106040F5F4},0,,276C6510-CD06-45AF-9870-09106040F5F4,Unknown,,N,,,St,N Allesandro St,2023/09/12 23:03:18+00,2256 N Allesandro St Los Angeles 90039,276C6510-CD06-45AF-9870-09106040F5F4_2256_N_Allesandro_St_Los_Angeles_90039,Allesandro,2256 N Allesandro Street St Los Angeles 90039,,,,
759249,1409504,,5422025009.0,,2248.0,,,North,,,Allesandro,Street,,,,,,,,,,,,,90039.0,,Los Angeles,Los Angeles,,,,,LA City,{25EBC772-DF0F-4F8F-A21C-369AB14A6746},0,,25EBC772-DF0F-4F8F-A21C-369AB14A6746,Unknown,,N,,,St,N Allesandro St,2024/05/12 21:05:27+00,2248 N Allesandro St Los Angeles 90039,25EBC772-DF0F-4F8F-A21C-369AB14A6746_2248_N_Allesandro_St_Los_Angeles_90039,Allesandro,2248 N Allesandro Street St Los Angeles 90039,,,,
759250,1409505,,5422025009.0,,2248.0,1/2,,North,,,Allesandro,Street,,,,,,,,,,,,,90039.0,,Los Angeles,Los Angeles,,,,,LA City,{2C0E1882-4230-4D0F-AAD1-16B7A202CA5B},0,,2C0E1882-4230-4D0F-AAD1-16B7A202CA5B,Unknown,,N,,,St,N Allesandro St,2024/05/12 21:05:27+00,2248 1/2 N Allesandro St Los Angeles 90039,2C0E1882-4230-4D0F-AAD1-16B7A202CA5B_2248_1/2_N_Allesandro_St_Los_Angeles_90039,Allesandro,2248 1/2 N Allesandro Street St Los Angeles 90039,,,,
759251,1409506,,5422025010.0,,2242.0,,,North,,,Allesandro,Street,,,,,,,,,,,,,90039.0,,Los Angeles,Los Angeles,,,,,LA City,{BA567473-B37D-4E6F-A737-B58C5BB561DE},0,,BA567473-B37D-4E6F-A737-B58C5BB561DE,Unknown,,N,,,St,N Allesandro St,2023/09/12 23:03:18+00,2242 N Allesandro St Los Angeles 90039,BA567473-B37D-4E6F-A737-B58C5BB561DE_2242_N_Allesandro_St_Los_Angeles_90039,Allesandro,2242 N Allesandro Street St Los Angeles 90039,,,,
759252,1409507,,5422025010.0,,2240.0,,,North,,,Allesandro,Street,,,,,,,,,,,,,90039.0,,Los Angeles,Los Angeles,,,,,LA City,{27F540D8-A426-42FA-8DAF-7141B9437532},0,,27F540D8-A426-42FA-8DAF-7141B9437532,Unknown,,N,,,St,N Allesandro St,2023/09/12 23:03:18+00,2240 N Allesandro St Los Angeles 90039,27F540D8-A426-42FA-8DAF-7141B9437532_2240_N_Allesandro_St_Los_Angeles_90039,Allesandro,2240 N Allesandro Street St Los Angeles 90039,,,,
759253,1409508,,5422025013.0,,2101.0,,,West,,,Loma Vista,Place,,,,,,,,,,,,,90039.0,,Los Angeles,Los Angeles,,,,,LA City,{0194B1E1-F811-4A8C-8B90-71C7A9736871},0,,0194B1E1-F811-4A8C-8B90-71C7A9736871,Unknown,,W,,,Pl,W Loma Vista Pl,2023/09/12 23:03:18+00,2101 W Loma Vista Pl Los Angeles 90039,0194B1E1-F811-4A8C-8B90-71C7A9736871_2101_W_Loma_Vista_Pl_Los_Angeles_90039,Loma Vista,2101 W Loma Vista Place Pl Los Angeles 90039,,,,
759254,1409509,,5422025015.0,,2105.0,,,West,,,Loma Vista,Place,,,,,,,,,,,,,90039.0,,Los Angeles,Los Angeles,,,,,LA City,{B9C40DF5-2270-4A05-8D0A-709448ED65F5},0,,B9C40DF5-2270-4A05-8D0A-709448ED65F5,Unknown,,W,,,Pl,W Loma Vista Pl,2023/09/12 23:03:18+00,2105 W Loma Vista Pl Los Angeles 90039,B9C40DF5-2270-4A05-8D0A-709448ED65F5_2105_W_Loma_Vista_Pl_Los_Angeles_90039,Loma Vista,2105 W Loma Vista Place Pl Los Angeles 90039,,,,
759255,1409510,,5422025016.0,,2109.0,,,West,,,Loma Vista,Place,,,,,,,,,,,,,90039.0,,Los Angeles,Los Angeles,,,,,LA City,{3991E4FC-F566-4760-B7FB-BDC3C9C41F89},0,,3991E4FC-F566-4760-B7FB-BDC3C9C41F89,Unknown,,W,,,Pl,W Loma Vista Pl,2023/09/12 23:03:18+00,2109 W Loma Vista Pl Los Angeles 90039,3991E4FC-F566-4760-B7FB-BDC3C9C41F89_2109_W_Loma_Vista_Pl_Los_Angeles_90039,Loma Vista,2109 W Loma Vista Place Pl Los Angeles 90039,,,,
759256,1409511,,5422025017.0,,2113.0,,,West,,,Loma Vista,Place,,,,,,,,,,,,,90039.0,,Los Angeles,Los Angeles,,,,,LA City,{F7F371FE-6F2B-414E-9DE6-D4CE7500F8F1},0,,F7F371FE-6F2B-414E-9DE6-D4CE7500F8F1,Unknown,,W,,,Pl,W Loma Vista Pl,2023/09/12 23:03:18+00,2113 W Loma Vista Pl Los Angeles 90039,F7F371FE-6F2B-414E-9DE6-D4CE7500F8F1_2113_W_Loma_Vista_Pl_Los_Angeles_90039,Loma Vista,2113 W Loma Vista Place Pl Los Angeles 90039,,,,
759257,1409512,,5422025018.0,,2117.0,,,West,,,Loma Vista,Place,,,,,,,,,,,,,90039.0,,Los Angeles,Los Angeles,,,,,LA City,{936366DE-41D2-4F53-B4E2-8B3BFBF9C511},0,,936366DE-41D2-4F53-B4E2-8B3BFBF9C511,Unknown,,W,,,Pl,W Loma Vista Pl,2023/09/12 23:03:18+00,2117 W Loma Vista Pl Los Angeles 90039,936366DE-41D2-4F53-B4E2-8B3BFBF9C511_2117_W_Loma_Vista_Pl_Los_Angeles_90039,Loma Vista,2117 W Loma Vista Place Pl Los Angeles 90039,,,,
759258,1409513,,5422025019.0,,2236.0,,,North,,,Allesandro,Street,,,,,,,,,,,,,90039.0,,Los Angeles,Los Angeles,,,,,LA City,{5F54FA9E-1FB4-4F65-A8AE-6672AACF4F02},0,,5F54FA9E-1FB4-4F65-A8AE-6672AACF4F02,Unknown,,N,,,St,N Allesandro St,2023/09/12 23:03:18+00,2236 N Allesandro St Los Angeles 90039,5F54FA9E-1FB4-4F65-A8AE-6672AACF4F02_2236_N_Allesandro_St_Los_Angeles_90039,Allesandro,2236 N Allesandro Street St Los Angeles 90039,,,,
759259,1409514,,5422025019.0,,2234.0,,,North,,,Allesandro,Street,,,,,,,,,,,,,90039.0,,Los Angeles,Los Angeles,,,,,LA City,{FBCD5A96-43A8-4D2F-BA99-72B165F77532},0,,FBCD5A96-43A8-4D2F-BA99-72B165F77532,Unknown,,N,,,St,N Allesandro St,2023/09/12 23:03:18+00,2234 N Allesandro St Los Angeles 90039,FBCD5A96-43A8-4D2F-BA99-72B165F77532_2234_N_Allesandro_St_Los_Angeles_90039,Allesandro,2234 N Allesandro Street St Los Angeles 90039,,,,
759260,1409515,,5422025020.0,,2232.0,,,North,,,Allesandro,Street,,,,,,,,,,,,,90039.0,,Los Angeles,Los Angeles,,,,,LA City,{1F9CAC1D-6293-47BE-AD30-1F031BE5F5FD},0,,1F9CAC1D-6293-47BE-AD30-1F031BE5F5FD,Unknown,,N,,,St,N Allesandro St,2023/09/12 23:03:18+00,2232 N Allesandro St Los Angeles 90039,1F9CAC1D-6293-47BE-AD30-1F031BE5F5FD_2232_N_Allesandro_St_Los_Angeles_90039,Allesandro,2232 N Allesandro Street St Los Angeles 90039,,,,
759261,1409516,,5422025021.0,,2100.0,,,,,,Whitmore,Avenue,,,,,,,,,,,,,90039.0,,Los Angeles,Los Angeles,,,,,Assessor,{DD2CF2E1-99B6-4835-B272-8919EA54FD7D},0,,DD2CF2E1-99B6-4835-B272-8919EA54FD7D,Unknown,,,,,Ave,Whitmore Ave,2024/04/27 17:13:09+00,2100 Whitmore Ave Los Angeles 90039,DD2CF2E1-99B6-4835-B272-8919EA54FD7D_2100_Whitmore_Ave_Los_Angeles_90039,Whitmore,2100 Whitmore Avenue Ave Los Angeles 90039,,,,
759262,1409517,,5422025026.0,,2274.0,,,North,,,Allesandro,Street,,,,,,,,,,,,,90039.0,,Los Angeles,Los Angeles,,,,,LA City,{875D3EEE-B957-4EC6-B307-8BC91F207D2E},0,,875D3EEE-B957-4EC6-B307-8BC91F207D2E,Unknown,,N,,,St,N Allesandro St,2023/09/12 23:03:18+00,2274 N Allesandro St Los Angeles 90039,875D3EEE-B957-4EC6-B307-8BC91F207D2E_2274_N_Allesandro_St_Los_Angeles_90039,Allesandro,2274 N Allesandro Street St Los Angeles 90039,,,,
759263,1409518,,5422025028.0,,2278.0,,,North,,,Allesandro,Street,,,,,,,,,,,,,90039.0,,Los Angeles,Los Angeles,,,,,LA City,{A36CA1E8-E0B7-4695-A61F-A26FDAC07664},0,,A36CA1E8-E0B7-4695-A61F-A26FDAC07664,Unknown,,N,,,St,N Allesandro St,2023/09/12 23:03:18+00,2278 N Allesandro St Los Angeles 90039,A36CA1E8-E0B7-4695-A61F-A26FDAC07664_2278_N_Allesandro_St_Los_Angeles_90039,Allesandro,2278 N Allesandro Street St Los Angeles 90039,,,,
759264,1409519,,5422025028.0,,2280.0,,,North,,,Allesandro,Street,,,,,,,,,,,,,90039.0,,Los Angeles,Los Angeles,,,,,LA City,{D5E1A492-D5F1-4EAD-AE4B-528DA50DC098},0,,D5E1A492-D5F1-4EAD-AE4B-528DA50DC098,Unknown,,N,,,St,N Allesandro St,2024/05/12 21:05:27+00,2280 N Allesandro St Los Angeles 90039,D5E1A492-D5F1-4EAD-AE4B-528DA50DC098_2280_N_Allesandro_St_Los_Angeles_90039,Allesandro,2280 N Allesandro Street St Los Angeles 90039,,,,
759265,1409520,,5422025028.0,,2280.0,1/4,,North,,,Allesandro,Street,,,,,,,,,,,,,90039.0,,Los Angeles,Los Angeles,,,,,LA City,{95FC26CB-E66E-4CDE-8E04-33AF635E7701},0,,95FC26CB-E66E-4CDE-8E04-33AF635E7701,Unknown,,N,,,St,N Allesandro St,2024/05/12 21:05:27+00,2280 1/4 N Allesandro St Los Angeles 90039,95FC26CB-E66E-4CDE-8E04-33AF635E7701_2280_1/4_N_Allesandro_St_Los_Angeles_90039,Allesandro,2280 1/4 N Allesandro Street St Los Angeles 90039,,,,
759266,1409521,,5422025029.0,,2252.0,,,North,,,Allesandro,Street,,,,,,,,,,,,,90039.0,,Los Angeles,Los Angeles,,,,,LA City,{29909F6C-86EF-4854-9777-6F2B0C03A72C},0,,29909F6C-86EF-4854-9777-6F2B0C03A72C,Unknown,,N,,,St,N Allesandro St,2023/09/12 23:03:18+00,2252 N Allesandro St Los Angeles 90039,29909F6C-86EF-4854-9777-6F2B0C03A72C_2252_N_Allesandro_St_Los_Angeles_90039,Allesandro,2252 N Allesandro Street St Los Angeles 90039,,,,
759267,1409522,,5422025029.0,,2250.0,,,North,,,Allesandro,Street,,,,,,,,,,,,,90039.0,,Los Angeles,Los Angeles,,,,,LA City,{1B7E0314-FC4D-423B-9BD8-A036C63971E0},0,,1B7E0314-FC4D-423B-9BD8-A036C63971E0,Unknown,,N,,,St,N Allesandro St,2023/09/12 23:03:18+00,2250 N Allesandro St Los Angeles 90039,1B7E0314-FC4D-423B-9BD8-A036C63971E0_2250_N_Allesandro_St_Los_Angeles_90039,Allesandro,2250 N Allesandro Street St Los Angeles 90039,,,,
759268,1409523,,5422025029.0,,2254.0,,,,,,Allesandro,Street,,,,,,,,,,,,,90039.0,,Los Angeles,Los Angeles,,,,,Assessor,{AB7D4D54-F7DB-41FC-9986-300F280CD28B},0,,AB7D4D54-F7DB-41FC-9986-300F280CD28B,Unknown,,,,,St,Allesandro St,2024/04/27 17:13:09+00,2254 Allesandro St Los Angeles 90039,AB7D4D54-F7DB-41FC-9986-300F280CD28B_2254_Allesandro_St_Los_Angeles_90039,Allesandro,2254 Allesandro Street St Los Angeles 90039,,,,
759269,1409524,,5422025030.0,,2249.0,,,North,,,Alvarado,Street,,,,,,,,,,,,,90039.0,,Los Angeles,Los Angeles,,,,,LA City,{5C492706-17FB-49D3-9674-C658B806C368},0,,5C492706-17FB-49D3-9674-C658B806C368,Unknown,,N,,,St,N Alvarado St,2023/09/12 23:03:18+00,2249 N Alvarado St Los Angeles 90039,5C492706-17FB-49D3-9674-C658B806C368_2249_N_Alvarado_St_Los_Angeles_90039,Alvarado,2249 N Alvarado Street St Los Angeles 90039,,,,
759270,1409525,,5422025031.0,,2241.0,,,North,,,Alvarado,Street,,,,,,,,,,,,,90039.0,,Los Angeles,Los Angeles,,,,,LA City,{B532CAEF-E99A-4B32-8EBD-73405F1B1F3C},0,,B532CAEF-E99A-4B32-8EBD-73405F1B1F3C,Unknown,,N,,,St,N Alvarado St,2023/09/12 23:03:18+00,2241 N Alvarado St Los Angeles 90039,B532CAEF-E99A-4B32-8EBD-73405F1B1F3C_2241_N_Alvarado_St_Los_Angeles_90039,Alvarado,2241 N Alvarado Street St Los Angeles 90039,,,,
759278,1409533,,5423001007.0,,2122.0,,,West,,,Duane,Street,,,,,,,,,,,,,90039.0,,Los Angeles,Los Angeles,,,,,LA City,{F72A5621-904E-4DFC-84A6-B1B82E9F0B41},0,,F72A5621-904E-4DFC-84A6-B1B82E9F0B41,Unknown,,W,,,St,W Duane St,2024/05/12 21:05:27+00,2122 W Duane St Los Angeles 90039,F72A5621-904E-4DFC-84A6-B1B82E9F0B41_2122_W_Duane_St_Los_Angeles_90039,Duane,2122 W Duane Street St Los Angeles 90039,,,,
759279,1409534,,5423001007.0,,2122.0,1/2,,West,,,Duane,Street,,,,,,,,,,,,,90039.0,,Los Angeles,Los Angeles,,,,,LA City,{48A8B566-F681-4B3F-9867-35A560599032},0,,48A8B566-F681-4B3F-9867-35A560599032,Unknown,,W,,,St,W Duane St,2024/05/12 21:05:27+00,2122 1/2 W Duane St Los Angeles 90039,48A8B566-F681-4B3F-9867-35A560599032_2122_1/2_W_Duane_St_Los_Angeles_90039,Duane,2122 1/2 W Duane Street St Los Angeles 90039,,,,
759280,1409535,,5423001008.0,,2118.0,,,West,,,Duane,Street,,,,,,,,,,,,,90039.0,,Los Angeles,Los Angeles,,,,,LA City,{A0B2F688-FFA0-43F1-8380-15CC76129A70},0,,A0B2F688-FFA0-43F1-8380-15CC76129A70,Unknown,,W,,,St,W Duane St,2023/09/12 23:03:18+00,2118 W Duane St Los Angeles 90039,A0B2F688-FFA0-43F1-8380-15CC76129A70_2118_W_Duane_St_Los_Angeles_90039,Duane,2118 W Duane Street St Los Angeles 90039,,,,
759288,1409543,,5423001015.0,,1901.0,,,North,,,Alvarado,Street,,,,,,,,,,,,,90039.0,,Los Angeles,Los Angeles,,,,,LA City,{A73DABCD-E25F-495F-824A-B1417E8EC259},0,,A73DABCD-E25F-495F-824A-B1417E8EC259,Unknown,,N,,,St,N Alvarado St,2023/09/12 23:03:18+00,1901 N Alvarado St Los Angeles 90039,A73DABCD-E25F-495F-824A-B1417E8EC259_1901_N_Alvarado_St_Los_Angeles_90039,Alvarado,1901 N Alvarado Street St Los Angeles 90039,,,,
759289,1409544,,5423001016.0,,1907.0,,,North,,,Alvarado,Street,,,,,,,,,,,,,90039.0,,Los Angeles,Los Angeles,,,,,LA City,{763EF588-5CF1-4E5E-84C6-43DB827726A4},0,,763EF588-5CF1-4E5E-84C6-43DB827726A4,Unknown,,N,,,St,N Alvarado St,2023/09/12 23:03:18+00,1907 N Alvarado St Los Angeles 90039,763EF588-5CF1-4E5E-84C6-43DB827726A4_1907_N_Alvarado_St_Los_Angeles_90039,Alvarado,1907 N Alvarado Street St Los Angeles 90039,,,,
759290,1409545,,5423001017.0,,1915.0,,,North,,,Alvarado,Street,,,,,,,,,,,,,90039.0,,Los Angeles,Los Angeles,,,,,LA City,{64B8CE70-645B-4D85-9F2D-D7FC9E268280},0,,64B8CE70-645B-4D85-9F2D-D7FC9E268280,Unknown,,N,,,St,N Alvarado St,2023/09/12 23:03:18+00,1915 N Alvarado St Los Angeles 90039,64B8CE70-645B-4D85-9F2D-D7FC9E268280_1915_N_Alvarado_St_Los_Angeles_90039,Alvarado,1915 N Alvarado Street St Los Angeles 90039,,,,
759291,1409546,,5423001017.0,,2108.0,,,West,,,Duane,Street,,,,,,,,,,,,,90039.0,,Los Angeles,Los Angeles,,,,,LA City,{68050177-810D-4342-B451-B12A7BE0B8CE},0,,68050177-810D-4342-B451-B12A7BE0B8CE,Unknown,,W,,,St,W Duane St,2023/09/12 23:03:18+00,2108 W Duane St Los Angeles 90039,68050177-810D-4342-B451-B12A7BE0B8CE_2108_W_Duane_St_Los_Angeles_90039,Duane,2108 W Duane Street St Los Angeles 90039,,,,
759292,1409547,,5423001018.0,,2110.0,,,West,,,Duane,Street,,,,,,,,,,,,,90039.0,,Los Angeles,Los Angeles,,,,,LA City,{30FB112D-DF67-4A66-B75D-7D577FD24E3E},0,,30FB112D-DF67-4A66-B75D-7D577FD24E3E,Unknown,,W,,,St,W Duane St,2023/09/12 23:03:18+00,2110 W Duane St Los Angeles 90039,30FB112D-DF67-4A66-B75D-7D577FD24E3E_2110_W_Duane_St_Los_Angeles_90039,Duane,2110 W Duane Street St Los Angeles 90039,,,,
759302,1409557,,5423001900.0,,2150.0,,,West,,,Duane,Street,,,,,,,,,,,,,90039.0,,Los Angeles,Los Angeles,,,,,LA City,{93FD7B60-4218-4953-9815-A77950963393},0,,93FD7B60-4218-4953-9815-A77950963393,Unknown,,W,,,St,W Duane St,2023/09/12 23:03:18+00,2150 W Duane St Los Angeles 90039,93FD7B60-4218-4953-9815-A77950963393_2150_W_Duane_St_Los_Angeles_90039,Duane,2150 W Duane Street St Los Angeles 90039,,,,
759304,1409559,,5423002027.0,,2236.0,1/2,,West,,,Duane,Street,,,,,,,,,,,,,90039.0,,Los Angeles,Los Angeles,,,,,LA City,{1C25D234-F11D-4C95-89CB-F6DE7A01C9A8},0,,1C25D234-F11D-4C95-89CB-F6DE7A01C9A8,Unknown,,W,,,St,W Duane St,2023/09/12 23:03:18+00,2236 1/2 W Duane St Los Angeles 90039,1C25D234-F11D-4C95-89CB-F6DE7A01C9A8_2236_1/2_W_Duane_St_Los_Angeles_90039,Duane,2236 1/2 W Duane Street St Los Angeles 90039,,,,
759305,1409560,,5423002027.0,,2236.0,,,West,,,Duane,Street,,,,,,,,,,,,,90039.0,,Los Angeles,Los Angeles,,,,,LA City,{D57FFD86-C34C-4CBE-B6AF-493016082F22},0,,D57FFD86-C34C-4CBE-B6AF-493016082F22,Unknown,,W,,,St,W Duane St,2023/09/12 23:03:18+00,2236 W Duane St Los Angeles 90039,D57FFD86-C34C-4CBE-B6AF-493016082F22_2236_W_Duane_St_Los_Angeles_90039,Duane,2236 W Duane Street St Los Angeles 90039,,,,
759306,1409561,,5423002027.0,,2238.0,,,West,,,Duane,Street,,,,,,,,,,,,,90039.0,,Los Angeles,Los Angeles,,,,,LA City,{F92687FB-0AC1-47A4-B6B2-8BB660158BB9},0,,F92687FB-0AC1-47A4-B6B2-8BB660158BB9,Unknown,,W,,,St,W Duane St,2023/09/12 23:03:18+00,2238 W Duane St Los Angeles 90039,F92687FB-0AC1-47A4-B6B2-8BB660158BB9_2238_W_Duane_St_Los_Angeles_90039,Duane,2238 W Duane Street St Los Angeles 90039,,,,
759310,1409565,,5423002039.0,,2230.0,,,West,,,Duane,Street,,,,,,,,,,,,1-6,90039.0,,Los Angeles,Los Angeles,,,,,LA City,{879FA0D2-048E-429C-A3A2-BE46A6AC16B1},0,,879FA0D2-048E-429C-A3A2-BE46A6AC16B1,Unknown,,W,,,St,W Duane St,2023/09/12 23:03:18+00,2230 W Duane St 1-6 Los Angeles 90039,879FA0D2-048E-429C-A3A2-BE46A6AC16B1_2230_W_Duane_St_1-6_Los_Angeles_90039,Duane,2230 W Duane Street St 1-6 Los Angeles 90039,,,,
759311,1409566,,5423002039.0,,2224.0,,,West,,,Duane,Street,,,,,,,,,,,,1-5,90039.0,,Los Angeles,Los Angeles,,,,,LA City,{271926C8-FD9D-4E61-B4EF-AEA4683A4138},0,,271926C8-FD9D-4E61-B4EF-AEA4683A4138,Unknown,,W,,,St,W Duane St,2023/09/12 23:03:18+00,2224 W Duane St 1-5 Los Angeles 90039,271926C8-FD9D-4E61-B4EF-AEA4683A4138_2224_W_Duane_St_1-5_Los_Angeles_90039,Duane,2224 W Duane Street St 1-5 Los Angeles 90039,,,,
759312,1409567,,5423002039.0,,2222.0,,,West,,,Duane,Street,,,,,,,,,,,,1-5,90039.0,,Los Angeles,Los Angeles,,,,,LA City,{4317C244-4400-4F79-94E5-4678AC924867},0,,4317C244-4400-4F79-94E5-4678AC924867,Unknown,,W,,,St,W Duane St,2023/09/12 23:03:18+00,2222 W Duane St 1-5 Los Angeles 90039,4317C244-4400-4F79-94E5-4678AC924867_2222_W_Duane_St_1-5_Los_Angeles_90039,Duane,2222 W Duane Street St 1-5 Los Angeles 90039,,,,
759797,1410052,,5423015004.0,,2240.0,,,West,,,Duane,Street,,,,,,,,,,,,,90039.0,,Los Angeles,Los Angeles,,,,,LA City,{7573252A-C4E9-4CCC-B74D-DD4D331CC6BE},0,,7573252A-C4E9-4CCC-B74D-DD4D331CC6BE,Unknown,,W,,,St,W Duane St,2023/09/12 23:03:18+00,2240 W Duane St Los Angeles 90039,7573252A-C4E9-4CCC-B74D-DD4D331CC6BE_2240_W_Duane_St_Los_Angeles_90039,Duane,2240 W Duane Street St Los Angeles 90039,,,,
759798,1410053,,5423015004.0,,2242.0,,,West,,,Duane,Street,,,,,,,,,,,,,90039.0,,Los Angeles,Los Angeles,,,,,LA City,{75A337F6-B172-4773-B2BB-4D736FDC3260},0,,75A337F6-B172-4773-B2BB-4D736FDC3260,Unknown,,W,,,St,W Duane St,2023/09/12 23:03:18+00,2242 W Duane St Los Angeles 90039,75A337F6-B172-4773-B2BB-4D736FDC3260_2242_W_Duane_St_Los_Angeles_90039,Duane,2242 W Duane Street St Los Angeles 90039,,,,
759799,1410054,,5423015004.0,,2244.0,,,West,,,Duane,Street,,,,,,,,,,,,,90039.0,,Los Angeles,Los Angeles,,,,,LA City,{7C0E06B6-E40D-46D4-9072-AA1B1075C871},0,,7C0E06B6-E40D-46D4-9072-AA1B1075C871,Unknown,,W,,,St,W Duane St,2023/09/12 23:03:18+00,2244 W Duane St Los Angeles 90039,7C0E06B6-E40D-46D4-9072-AA1B1075C871_2244_W_Duane_St_Los_Angeles_90039,Duane,2244 W Duane Street St Los Angeles 90039,,,,
760066,1410321,,5423025008.0,,2356.0,,,West,,,Duane,Street,,,,,,,,,,,,,90039.0,,Los Angeles,Los Angeles,,,,,LA City,{63896DC6-9D13-43B7-BB6F-58A28AD32880},0,,63896DC6-9D13-43B7-BB6F-58A28AD32880,Unknown,,W,,,St,W Duane St,2023/09/12 23:03:18+00,2356 W Duane St Los Angeles 90039,63896DC6-9D13-43B7-BB6F-58A28AD32880_2356_W_Duane_St_Los_Angeles_90039,Duane,2356 W Duane Street St Los Angeles 90039,,,,
760067,1410322,,5423025009.0,,2352.0,,,West,,,Duane,Street,,,,,,,,,,,,,90039.0,,Los Angeles,Los Angeles,,,,,LA City,{D6413E98-0197-415B-8473-B5F9B9FC40AA},0,,D6413E98-0197-415B-8473-B5F9B9FC40AA,Unknown,,W,,,St,W Duane St,2023/09/12 23:03:18+00,2352 W Duane St Los Angeles 90039,D6413E98-0197-415B-8473-B5F9B9FC40AA_2352_W_Duane_St_Los_Angeles_90039,Duane,2352 W Duane Street St Los Angeles 90039,,,,
760068,1410323,,5423025010.0,,2348.0,,,West,,,Duane,Street,,,,,,,,,,,,,90039.0,,Los Angeles,Los Angeles,,,,,LA City,{232A006F-A384-424F-9760-6B52458B606B},0,,232A006F-A384-424F-9760-6B52458B606B,Unknown,,W,,,St,W Duane St,2023/09/12 23:03:18+00,2348 W Duane St Los Angeles 90039,232A006F-A384-424F-9760-6B52458B606B_2348_W_Duane_St_Los_Angeles_90039,Duane,2348 W Duane Street St Los Angeles 90039,,,,
760069,1410324,,5423025010.0,,2346.0,1/2,,West,,,Duane,Street,,,,,,,,,,,,,90039.0,,Los Angeles,Los Angeles,,,,,LA City,{DE89BB92-5B2D-4F89-8C99-BF4F153B5EB2},0,,DE89BB92-5B2D-4F89-8C99-BF4F153B5EB2,Unknown,,W,,,St,W Duane St,2024/05/12 21:05:27+00,2346 1/2 W Duane St Los Angeles 90039,DE89BB92-5B2D-4F89-8C99-BF4F153B5EB2_2346_1/2_W_Duane_St_Los_Angeles_90039,Duane,2346 1/2 W Duane Street St Los Angeles 90039,,,,
760070,1410325,,5423025010.0,,2346.0,,,West,,,Duane,Street,,,,,,,,,,,,,90039.0,,Los Angeles,Los Angeles,,,,,LA City,{14210995-69C7-4A9D-8BBA-A9B6EF7C818A},0,,14210995-69C7-4A9D-8BBA-A9B6EF7C818A,Unknown,,W,,,St,W Duane St,2024/05/12 21:05:27+00,2346 W Duane St Los Angeles 90039,14210995-69C7-4A9D-8BBA-A9B6EF7C818A_2346_W_Duane_St_Los_Angeles_90039,Duane,2346 W Duane Street St Los Angeles 90039,,,,
760071,1410326,,5423025011.0,,2340.0,,,West,,,Duane,Street,,,,,,,,,,,,,90039.0,,Los Angeles,Los Angeles,,,,,LA City,{533CA891-B1CD-43E9-9452-7708652F3701},0,,533CA891-B1CD-43E9-9452-7708652F3701,Unknown,,W,,,St,W Duane St,2023/09/12 23:03:18+00,2340 W Duane St Los Angeles 90039,533CA891-B1CD-43E9-9452-7708652F3701_2340_W_Duane_St_Los_Angeles_90039,Duane,2340 W Duane Street St Los Angeles 90039,,,,
760072,1410327,,5423025011.0,,2342.0,,,West,,,Duane,Street,,,,,,,,,,,,,90039.0,,Los Angeles,Los Angeles,,,,,LA City,{8DC4F022-C361-4220-99C1-C9E91A611D2A},0,,8DC4F022-C361-4220-99C1-C9E91A611D2A,Unknown,,W,,,St,W Duane St,2023/09/12 23:03:18+00,2342 W Duane St Los Angeles 90039,8DC4F022-C361-4220-99C1-C9E91A611D2A_2342_W_Duane_St_Los_Angeles_90039,Duane,2342 W Duane Street St Los Angeles 90039,,,,
760073,1410328,,5423025011.0,,2344.0,1/2,,West,,,Duane,Street,,,,,,,,,,,,,90039.0,,Los Angeles,Los Angeles,,,,,LA City,{AFDC6FB8-609D-4598-A070-B32B1682F634},0,,AFDC6FB8-609D-4598-A070-B32B1682F634,Unknown,,W,,,St,W Duane St,2024/05/12 21:05:27+00,2344 1/2 W Duane St Los Angeles 90039,AFDC6FB8-609D-4598-A070-B32B1682F634_2344_1/2_W_Duane_St_Los_Angeles_90039,Duane,2344 1/2 W Duane Street St Los Angeles 90039,,,,
760074,1410329,,5423025011.0,,2344.0,,,West,,,Duane,Street,,,,,,,,,,,,,90039.0,,Los Angeles,Los Angeles,,,,,LA City,{6582B8D8-5D60-4DE9-9177-F9521A9CD6DA},0,,6582B8D8-5D60-4DE9-9177-F9521A9CD6DA,Unknown,,W,,,St,W Duane St,2024/05/12 21:05:27+00,2344 W Duane St Los Angeles 90039,6582B8D8-5D60-4DE9-9177-F9521A9CD6DA_2344_W_Duane_St_Los_Angeles_90039,Duane,2344 W Duane Street St Los Angeles 90039,,,,
760075,1410330,,5423025017.0,,2310.0,,,West,,,Duane,Street,,,,,,,,,,,,,90039.0,,Los Angeles,Los Angeles,,,,,LA City,{AA8733FF-1CE8-47BE-80E8-12364A669852},0,,AA8733FF-1CE8-47BE-80E8-12364A669852,Unknown,,W,,,St,W Duane St,2023/09/12 23:03:18+00,2310 W Duane St Los Angeles 90039,AA8733FF-1CE8-47BE-80E8-12364A669852_2310_W_Duane_St_Los_Angeles_90039,Duane,2310 W Duane Street St Los Angeles 90039,,,,
760076,1410331,,5423025017.0,,2312.0,,,West,,,Duane,Street,,,,,,,,,,,,,90039.0,,Los Angeles,Los Angeles,,,,,LA City,{DD29BF11-CFA4-42CC-B46C-51E185C7CD20},0,,DD29BF11-CFA4-42CC-B46C-51E185C7CD20,Unknown,,W,,,St,W Duane St,2023/09/12 23:03:18+00,2312 W Duane St Los Angeles 90039,DD29BF11-CFA4-42CC-B46C-51E185C7CD20_2312_W_Duane_St_Los_Angeles_90039,Duane,2312 W Duane Street St Los Angeles 90039,,,,
760077,1410332,,5423025017.0,,2314.0,,,West,,,Duane,Street,,,,,,,,,,,,,90039.0,,Los Angeles,Los Angeles,,,,,LA City,{83924B0D-C5FF-4354-8D94-459E70F2F266},0,,83924B0D-C5FF-4354-8D94-459E70F2F266,Unknown,,W,,,St,W Duane St,2023/09/12 23:03:18+00,2314 W Duane St Los Angeles 90039,83924B0D-C5FF-4354-8D94-459E70F2F266_2314_W_Duane_St_Los_Angeles_90039,Duane,2314 W Duane Street St Los Angeles 90039,,,,
760078,1410333,,5423025018.0,,2308.0,,,West,,,Duane,Street,,,,,,,,,,,,,90039.0,,Los Angeles,Los Angeles,,,,,LA City,{E834E426-5565-415D-B424-2BDDF70A248D},0,,E834E426-5565-415D-B424-2BDDF70A248D,Unknown,,W,,,St,W Duane St,2024/05/12 21:05:27+00,2308 W Duane St Los Angeles 90039,E834E426-5565-415D-B424-2BDDF70A248D_2308_W_Duane_St_Los_Angeles_90039,Duane,2308 W Duane Street St Los Angeles 90039,,,,
760079,1410334,,5423025018.0,,2306.0,1/4,,West,,,Duane,Street,,,,,,,,,,,,,90039.0,,Los Angeles,Los Angeles,,,,,LA City,{5BCAF599-9213-48C6-BECC-27E5BEB19481},0,,5BCAF599-9213-48C6-BECC-27E5BEB19481,Unknown,,W,,,St,W Duane St,2024/05/12 21:05:27+00,2306 1/4 W Duane St Los Angeles 90039,5BCAF599-9213-48C6-BECC-27E5BEB19481_2306_1/4_W_Duane_St_Los_Angeles_90039,Duane,2306 1/4 W Duane Street St Los Angeles 90039,,,,
760080,1410335,,5423025018.0,,2306.0,1/2,,West,,,Duane,Street,,,,,,,,,,,,,90039.0,,Los Angeles,Los Angeles,,,,,LA City,{08386D78-3FF1-4B46-98AC-3A6FD4B6847F},0,,08386D78-3FF1-4B46-98AC-3A6FD4B6847F,Unknown,,W,,,St,W Duane St,2024/05/12 21:05:27+00,2306 1/2 W Duane St Los Angeles 90039,08386D78-3FF1-4B46-98AC-3A6FD4B6847F_2306_1/2_W_Duane_St_Los_Angeles_90039,Duane,2306 1/2 W Duane Street St Los Angeles 90039,,,,
760081,1410336,,5423025018.0,,2306.0,,,West,,,Duane,Street,,,,,,,,,,,,,90039.0,,Los Angeles,Los Angeles,,,,,LA City,{812C932A-496B-4792-A3EF-0E20499CCAF4},0,,812C932A-496B-4792-A3EF-0E20499CCAF4,Unknown,,W,,,St,W Duane St,2024/05/12 21:05:27+00,2306 W Duane St Los Angeles 90039,812C932A-496B-4792-A3EF-0E20499CCAF4_2306_W_Duane_St_Los_Angeles_90039,Duane,2306 W Duane Street St Los Angeles 90039,,,,
760082,1410337,,5423025018.0,,2306.0,3/4,,West,,,Duane,Street,,,,,,,,,,,,,90039.0,,Los Angeles,Los Angeles,,,,,LA City,{7E5A99A5-1CCA-4A48-9367-FDFF26E6CE72},0,,7E5A99A5-1CCA-4A48-9367-FDFF26E6CE72,Unknown,,W,,,St,W Duane St,2024/05/12 21:05:27+00,2306 3/4 W Duane St Los Angeles 90039,7E5A99A5-1CCA-4A48-9367-FDFF26E6CE72_2306_3/4_W_Duane_St_Los_Angeles_90039,Duane,2306 3/4 W Duane Street St Los Angeles 90039,,,,
760083,1410338,,5423025018.0,,2308.0,1/2,,West,,,Duane,Street,,,,,,,,,,,,,90039.0,,Los Angeles,Los Angeles,,,,,LA City,{AC4F72FC-AB92-4527-B035-909BA9140092},0,,AC4F72FC-AB92-4527-B035-909BA9140092,Unknown,,W,,,St,W Duane St,2024/05/12 21:05:27+00,2308 1/2 W Duane St Los Angeles 90039,AC4F72FC-AB92-4527-B035-909BA9140092_2308_1/2_W_Duane_St_Los_Angeles_90039,Duane,2308 1/2 W Duane Street St Los Angeles 90039,,,,
760084,1410339,,5423025020.0,,2318.0,,,West,,,Duane,Street,,,,,,,,,,,,1-12,90039.0,,Los Angeles,Los Angeles,,,,,LA City,{55ADE64C-8040-43C7-93C5-6A497C0FC08C},0,,55ADE64C-8040-43C7-93C5-6A497C0FC08C,Unknown,,W,,,St,W Duane St,2023/09/12 23:03:18+00,2318 W Duane St 1-12 Los Angeles 90039,55ADE64C-8040-43C7-93C5-6A497C0FC08C_2318_W_Duane_St_1-12_Los_Angeles_90039,Duane,2318 W Duane Street St 1-12 Los Angeles 90039,,,,
760085,1410340,,5423025024.0,,2300.0,,,West,,,Duane,Street,,,,,,,,,,,,,90039.0,,Los Angeles,Los Angeles,,,,,LA City,{38A67647-B02C-4964-B9BE-1C7599499504},0,,38A67647-B02C-4964-B9BE-1C7599499504,Unknown,,W,,,St,W Duane St,2023/09/12 23:03:18+00,2300 W Duane St Los Angeles 90039,38A67647-B02C-4964-B9BE-1C7599499504_2300_W_Duane_St_Los_Angeles_90039,Duane,2300 W Duane Street St Los Angeles 90039,,,,
760086,1410341,,5423025034.0,,2330.0,,,,,,Duane,Street,,,,,,,,,,,Number,101,90039.0,,Los Angeles,Los Angeles,,,,,Assessor,{F004E396-0FAC-49ED-84EA-E097A228DF9E},0,,F004E396-0FAC-49ED-84EA-E097A228DF9E,Unknown,,,,,St,Duane St,2024/05/12 21:05:27+00,2330 Duane St Number 101 Los Angeles 90039,F004E396-0FAC-49ED-84EA-E097A228DF9E_2330_Duane_St_Number_101_Los_Angeles_90039,Duane,2330 Duane Street St Number 101 Los Angeles 90039,,,,
760087,1410342,,5423025035.0,,2330.0,,,,,,Duane,Street,,,,,,,,,,,Number,102,90039.0,,Los Angeles,Los Angeles,,,,,Assessor,{55AE72B3-98FB-451D-8C27-71A7DD1F52CB},0,,55AE72B3-98FB-451D-8C27-71A7DD1F52CB,Unknown,,,,,St,Duane St,2024/05/12 21:05:27+00,2330 Duane St Number 102 Los Angeles 90039,55AE72B3-98FB-451D-8C27-71A7DD1F52CB_2330_Duane_St_Number_102_Los_Angeles_90039,Duane,2330 Duane Street St Number 102 Los Angeles 90039,,,,
760088,1410343,,5423025036.0,,2330.0,,,,,,Duane,Street,,,,,,,,,,,Number,103,90039.0,,Los Angeles,Los Angeles,,,,,Assessor,{69BAD67A-E46A-4E10-B97B-C41319FFAAEB},0,,69BAD67A-E46A-4E10-B97B-C41319FFAAEB,Unknown,,,,,St,Duane St,2024/05/12 21:05:27+00,2330 Duane St Number 103 Los Angeles 90039,69BAD67A-E46A-4E10-B97B-C41319FFAAEB_2330_Duane_St_Number_103_Los_Angeles_90039,Duane,2330 Duane Street St Number 103 Los Angeles 90039,,,,
760089,1410344,,5423025037.0,,2330.0,,,,,,Duane,Street,,,,,,,,,,,Number,104,90039.0,,Los Angeles,Los Angeles,,,,,Assessor,{B6DB5AD4-AF3C-41BD-9A56-A117DE0B916C},0,,B6DB5AD4-AF3C-41BD-9A56-A117DE0B916C,Unknown,,,,,St,Duane St,2024/05/12 21:05:27+00,2330 Duane St Number 104 Los Angeles 90039,B6DB5AD4-AF3C-41BD-9A56-A117DE0B916C_2330_Duane_St_Number_104_Los_Angeles_90039,Duane,2330 Duane Street St Number 104 Los Angeles 90039,,,,
760090,1410345,,5423025038.0,,2330.0,,,,,,Duane,Street,,,,,,,,,,,Number,105,90039.0,,Los Angeles,Los Angeles,,,,,Assessor,{D56616F0-978F-446A-9381-0112203AE9C5},0,,D56616F0-978F-446A-9381-0112203AE9C5,Unknown,,,,,St,Duane St,2024/05/12 21:05:27+00,2330 Duane St Number 105 Los Angeles 90039,D56616F0-978F-446A-9381-0112203AE9C5_2330_Duane_St_Number_105_Los_Angeles_90039,Duane,2330 Duane Street St Number 105 Los Angeles 90039,,,,
760091,1410346,,5423025039.0,,2330.0,,,,,,Duane,Street,,,,,,,,,,,Number,106,90039.0,,Los Angeles,Los Angeles,,,,,Assessor,{C8A5B1B4-3A05-409A-8105-833CDF8CA13A},0,,C8A5B1B4-3A05-409A-8105-833CDF8CA13A,Unknown,,,,,St,Duane St,2024/05/12 21:05:27+00,2330 Duane St Number 106 Los Angeles 90039,C8A5B1B4-3A05-409A-8105-833CDF8CA13A_2330_Duane_St_Number_106_Los_Angeles_90039,Duane,2330 Duane Street St Number 106 Los Angeles 90039,,,,
760092,1410347,,5423025040.0,,2330.0,,,,,,Duane,Street,,,,,,,,,,,Number,201,90039.0,,Los Angeles,Los Angeles,,,,,Assessor,{72D66D0B-C411-4CFC-AE19-6A4B362DFDA4},0,,72D66D0B-C411-4CFC-AE19-6A4B362DFDA4,Unknown,,,,,St,Duane St,2024/05/12 21:05:27+00,2330 Duane St Number 201 Los Angeles 90039,72D66D0B-C411-4CFC-AE19-6A4B362DFDA4_2330_Duane_St_Number_201_Los_Angeles_90039,Duane,2330 Duane Street St Number 201 Los Angeles 90039,,,,
760093,1410348,,5423025041.0,,2330.0,,,,,,Duane,Street,,,,,,,,,,,Number,202,90039.0,,Los Angeles,Los Angeles,,,,,Assessor,{95159D02-84A3-4E45-A6C6-93513528125A},0,,95159D02-84A3-4E45-A6C6-93513528125A,Unknown,,,,,St,Duane St,2024/05/12 21:05:27+00,2330 Duane St Number 202 Los Angeles 90039,95159D02-84A3-4E45-A6C6-93513528125A_2330_Duane_St_Number_202_Los_Angeles_90039,Duane,2330 Duane Street St Number 202 Los Angeles 90039,,,,
760094,1410349,,5423025042.0,,2330.0,,,,,,Duane,Street,,,,,,,,,,,Number,203,90039.0,,Los Angeles,Los Angeles,,,,,Assessor,{8EEADBAA-BA01-4EFB-B745-69A144B30A82},0,,8EEADBAA-BA01-4EFB-B745-69A144B30A82,Unknown,,,,,St,Duane St,2024/05/12 21:05:27+00,2330 Duane St Number 203 Los Angeles 90039,8EEADBAA-BA01-4EFB-B745-69A144B30A82_2330_Duane_St_Number_203_Los_Angeles_90039,Duane,2330 Duane Street St Number 203 Los Angeles 90039,,,,
760095,1410350,,5423025043.0,,2330.0,,,,,,Duane,Street,,,,,,,,,,,Number,204,90039.0,,Los Angeles,Los Angeles,,,,,Assessor,{ACD9FA75-F72B-4354-A0B6-C864F2B11B3E},0,,ACD9FA75-F72B-4354-A0B6-C864F2B11B3E,Unknown,,,,,St,Duane St,2024/05/12 21:05:27+00,2330 Duane St Number 204 Los Angeles 90039,ACD9FA75-F72B-4354-A0B6-C864F2B11B3E_2330_Duane_St_Number_204_Los_Angeles_90039,Duane,2330 Duane Street St Number 204 Los Angeles 90039,,,,
760096,1410351,,5423025044.0,,2330.0,,,,,,Duane,Street,,,,,,,,,,,Number,205,90039.0,,Los Angeles,Los Angeles,,,,,Assessor,{93DC7449-CBA7-4465-A5DD-FD5B992CB749},0,,93DC7449-CBA7-4465-A5DD-FD5B992CB749,Unknown,,,,,St,Duane St,2024/05/12 21:05:27+00,2330 Duane St Number 205 Los Angeles 90039,93DC7449-CBA7-4465-A5DD-FD5B992CB749_2330_Duane_St_Number_205_Los_Angeles_90039,Duane,2330 Duane Street St Number 205 Los Angeles 90039,,,,
760097,1410352,,5423025045.0,,2330.0,,,,,,Duane,Street,,,,,,,,,,,Number,206,90039.0,,Los Angeles,Los Angeles,,,,,Assessor,{F820F7AB-D407-416A-BCF0-4D7712BABFCD},0,,F820F7AB-D407-416A-BCF0-4D7712BABFCD,Unknown,,,,,St,Duane St,2024/05/12 21:05:27+00,2330 Duane St Number 206 Los Angeles 90039,F820F7AB-D407-416A-BCF0-4D7712BABFCD_2330_Duane_St_Number_206_Los_Angeles_90039,Duane,2330 Duane Street St Number 206 Los Angeles 90039,,,,
760098,1410353,,5423025046.0,,2364.0,,,West,,,Duane,Street,,,,,,,,,,,,,90039.0,,Los Angeles,Los Angeles,,,,,LA City,{387339F8-C82F-484C-B076-B675239B1F42},0,,387339F8-C82F-484C-B076-B675239B1F42,Unknown,,W,,,St,W Duane St,2023/09/12 23:03:18+00,2364 W Duane St Los Angeles 90039,387339F8-C82F-484C-B076-B675239B1F42_2364_W_Duane_St_Los_Angeles_90039,Duane,2364 W Duane Street St Los Angeles 90039,,,,
760140,1410395,,5423028001.0,,2282.0,1/2,,West,,,Duane,Street,,,,,,,,,,,,,90039.0,,Los Angeles,Los Angeles,,,,,LA City,{5C591FF7-ECD2-4756-8736-D53018750F4E},0,,5C591FF7-ECD2-4756-8736-D53018750F4E,Unknown,,W,,,St,W Duane St,2024/05/12 21:05:27+00,2282 1/2 W Duane St Los Angeles 90039,5C591FF7-ECD2-4756-8736-D53018750F4E_2282_1/2_W_Duane_St_Los_Angeles_90039,Duane,2282 1/2 W Duane Street St Los Angeles 90039,,,,
760141,1410396,,5423028001.0,,2282.0,,,West,,,Duane,Street,,,,,,,,,,,,,90039.0,,Los Angeles,Los Angeles,,,,,LA City,{B716A452-07EC-4E03-BCAA-7B6B7F678694},0,,B716A452-07EC-4E03-BCAA-7B6B7F678694,Unknown,,W,,,St,W Duane St,2024/05/12 21:05:27+00,2282 W Duane St Los Angeles 90039,B716A452-07EC-4E03-BCAA-7B6B7F678694_2282_W_Duane_St_Los_Angeles_90039,Duane,2282 W Duane Street St Los Angeles 90039,,,,
760142,1410397,,5423028002.0,,2276.0,,,West,,,Duane,Street,,,,,,,,,,,,,90039.0,,Los Angeles,Los Angeles,,,,,LA City,{02102A17-7944-4CBC-A570-9E3FE4540DDD},0,,02102A17-7944-4CBC-A570-9E3FE4540DDD,Unknown,,W,,,St,W Duane St,2023/09/12 23:03:18+00,2276 W Duane St Los Angeles 90039,02102A17-7944-4CBC-A570-9E3FE4540DDD_2276_W_Duane_St_Los_Angeles_90039,Duane,2276 W Duane Street St Los Angeles 90039,,,,
760143,1410398,,5423028003.0,,2272.0,,,West,,,Duane,Street,,,,,,,,,,,,,90039.0,,Los Angeles,Los Angeles,,,,,LA City,{55CDC782-A521-49F2-8641-56878C6F4574},0,,55CDC782-A521-49F2-8641-56878C6F4574,Unknown,,W,,,St,W Duane St,2023/09/12 23:03:18+00,2272 W Duane St Los Angeles 90039,55CDC782-A521-49F2-8641-56878C6F4574_2272_W_Duane_St_Los_Angeles_90039,Duane,2272 W Duane Street St Los Angeles 90039,,,,
760144,1410399,,5423028004.0,,2266.0,,,West,,,Duane,Street,,,,,,,,,,,,,90039.0,,Los Angeles,Los Angeles,,,,,LA City,{54AFE68B-EA7E-408F-B91D-985DDD2FC75C},0,,54AFE68B-EA7E-408F-B91D-985DDD2FC75C,Unknown,,W,,,St,W Duane St,2024/05/12 21:05:27+00,2266 W Duane St Los Angeles 90039,54AFE68B-EA7E-408F-B91D-985DDD2FC75C_2266_W_Duane_St_Los_Angeles_90039,Duane,2266 W Duane Street St Los Angeles 90039,,,,
760145,1410400,,5423028004.0,,2266.0,1/2,,West,,,Duane,Street,,,,,,,,,,,,,90039.0,,Los Angeles,Los Angeles,,,,,LA City,{9A255931-CDDB-45D5-99F3-D7C606092703},0,,9A255931-CDDB-45D5-99F3-D7C606092703,Unknown,,W,,,St,W Duane St,2024/05/12 21:05:27+00,2266 1/2 W Duane St Los Angeles 90039,9A255931-CDDB-45D5-99F3-D7C606092703_2266_1/2_W_Duane_St_Los_Angeles_90039,Duane,2266 1/2 W Duane Street St Los Angeles 90039,,,,
760146,1410401,,5423028004.0,,2266.0,3/4,,West,,,Duane,Street,,,,,,,,,,,,,90039.0,,Los Angeles,Los Angeles,,,,,LA City,{BCBA09ED-FD7A-4D43-9035-A9335D91066B},0,,BCBA09ED-FD7A-4D43-9035-A9335D91066B,Unknown,,W,,,St,W Duane St,2024/05/12 21:05:27+00,2266 3/4 W Duane St Los Angeles 90039,BCBA09ED-FD7A-4D43-9035-A9335D91066B_2266_3/4_W_Duane_St_Los_Angeles_90039,Duane,2266 3/4 W Duane Street St Los Angeles 90039,,,,
760147,1410402,,5423028004.0,,2264.0,1/2,,West,,,Duane,Street,,,,,,,,,,,,,90039.0,,Los Angeles,Los Angeles,,,,,LA City,{83E45F23-C6E1-4A69-8749-2C81573D34F4},0,,83E45F23-C6E1-4A69-8749-2C81573D34F4,Unknown,,W,,,St,W Duane St,2024/05/12 21:05:27+00,2264 1/2 W Duane St Los Angeles 90039,83E45F23-C6E1-4A69-8749-2C81573D34F4_2264_1/2_W_Duane_St_Los_Angeles_90039,Duane,2264 1/2 W Duane Street St Los Angeles 90039,,,,
760148,1410403,,5423028004.0,,2264.0,,,West,,,Duane,Street,,,,,,,,,,,,,90039.0,,Los Angeles,Los Angeles,,,,,LA City,{6CB6A902-5875-4053-8AB2-A507A430EC60},0,,6CB6A902-5875-4053-8AB2-A507A430EC60,Unknown,,W,,,St,W Duane St,2024/05/12 21:05:27+00,2264 W Duane St Los Angeles 90039,6CB6A902-5875-4053-8AB2-A507A430EC60_2264_W_Duane_St_Los_Angeles_90039,Duane,2264 W Duane Street St Los Angeles 90039,,,,
760149,1410404,,5423028005.0,,2262.0,,,West,,,Duane,Street,,,,,,,,,,,,,90039.0,,Los Angeles,Los Angeles,,,,,LA City,{75F6012F-370B-408E-BA04-74D7ABFB5591},0,,75F6012F-370B-408E-BA04-74D7ABFB5591,Unknown,,W,,,St,W Duane St,2024/05/12 21:05:27+00,2262 W Duane St Los Angeles 90039,75F6012F-370B-408E-BA04-74D7ABFB5591_2262_W_Duane_St_Los_Angeles_90039,Duane,2262 W Duane Street St Los Angeles 90039,,,,
760150,1410405,,5423028005.0,,2262.0,1/2,,West,,,Duane,Street,,,,,,,,,,,,,90039.0,,Los Angeles,Los Angeles,,,,,LA City,{54649B58-63FB-4084-B9CC-55270F390611},0,,54649B58-63FB-4084-B9CC-55270F390611,Unknown,,W,,,St,W Duane St,2024/05/12 21:05:27+00,2262 1/2 W Duane St Los Angeles 90039,54649B58-63FB-4084-B9CC-55270F390611_2262_1/2_W_Duane_St_Los_Angeles_90039,Duane,2262 1/2 W Duane Street St Los Angeles 90039,,,,
760151,1410406,,5423028006.0,,2258.0,,,West,,,Duane,Street,,,,,,,,,,,,,90039.0,,Los Angeles,Los Angeles,,,,,LA City,{18F2EDE8-CB73-46DE-9064-C6AE7BE9BB58},0,,18F2EDE8-CB73-46DE-9064-C6AE7BE9BB58,Unknown,,W,,,St,W Duane St,2023/09/12 23:03:18+00,2258 W Duane St Los Angeles 90039,18F2EDE8-CB73-46DE-9064-C6AE7BE9BB58_2258_W_Duane_St_Los_Angeles_90039,Duane,2258 W Duane Street St Los Angeles 90039,,,,
760152,1410407,,5423028006.0,,2260.0,1/2,,West,,,Duane,Street,,,,,,,,,,,,,90039.0,,Los Angeles,Los Angeles,,,,,LA City,{CD4855B6-E573-422E-AD6E-20787FF2615B},0,,CD4855B6-E573-422E-AD6E-20787FF2615B,Unknown,,W,,,St,W Duane St,2024/05/12 21:05:27+00,2260 1/2 W Duane St Los Angeles 90039,CD4855B6-E573-422E-AD6E-20787FF2615B_2260_1/2_W_Duane_St_Los_Angeles_90039,Duane,2260 1/2 W Duane Street St Los Angeles 90039,,,,
760153,1410408,,5423028006.0,,2260.0,,,West,,,Duane,Street,,,,,,,,,,,,,90039.0,,Los Angeles,Los Angeles,,,,,LA City,{1FAE771C-B406-4708-B46A-47004FD7F0A5},0,,1FAE771C-B406-4708-B46A-47004FD7F0A5,Unknown,,W,,,St,W Duane St,2024/05/12 21:05:27+00,2260 W Duane St Los Angeles 90039,1FAE771C-B406-4708-B46A-47004FD7F0A5_2260_W_Duane_St_Los_Angeles_90039,Duane,2260 W Duane Street St Los Angeles 90039,,,,
760154,1410409,,5423028007.0,,2250.0,3/4,,West,,,Duane,Street,,,,,,,,,,,,,90039.0,,Los Angeles,Los Angeles,,,,,LA City,{9FFE9894-1C3C-4153-BB48-0055EB294DF5},0,,9FFE9894-1C3C-4153-BB48-0055EB294DF5,Unknown,,W,,,St,W Duane St,2024/05/12 21:05:27+00,2250 3/4 W Duane St Los Angeles 90039,9FFE9894-1C3C-4153-BB48-0055EB294DF5_2250_3/4_W_Duane_St_Los_Angeles_90039,Duane,2250 3/4 W Duane Street St Los Angeles 90039,,,,
760155,1410410,,5423028007.0,,2250.0,,,West,,,Duane,Street,,,,,,,,,,,,,90039.0,,Los Angeles,Los Angeles,,,,,LA City,{AB9318B0-31B7-4ABD-8B88-A2E14FA8381A},0,,AB9318B0-31B7-4ABD-8B88-A2E14FA8381A,Unknown,,W,,,St,W Duane St,2024/05/12 21:05:27+00,2250 W Duane St Los Angeles 90039,AB9318B0-31B7-4ABD-8B88-A2E14FA8381A_2250_W_Duane_St_Los_Angeles_90039,Duane,2250 W Duane Street St Los Angeles 90039,,,,
760156,1410411,,5423028007.0,,2250.0,1/2,,West,,,Duane,Street,,,,,,,,,,,,,90039.0,,Los Angeles,Los Angeles,,,,,LA City,{01FBB00E-4AC8-49EC-A6FF-8AB77EDE8BEE},0,,01FBB00E-4AC8-49EC-A6FF-8AB77EDE8BEE,Unknown,,W,,,St,W Duane St,2024/05/12 21:05:27+00,2250 1/2 W Duane St Los Angeles 90039,01FBB00E-4AC8-49EC-A6FF-8AB77EDE8BEE_2250_1/2_W_Duane_St_Los_Angeles_90039,Duane,2250 1/2 W Duane Street St Los Angeles 90039,,,,
