fid,OBJECTID,OBJIDstr,AIN,NumPrefix,Number,NumSuffix,PreMod,PreDir,PreType,StArticle,StreetName,PostType,PostDir,PostMod,BldgID,BldgSource,BldgTypePl,BldgType,BldgName,FlrTypePl,FlrType,FlrName,UnitType,UnitName,ZipCode,Zip4,LegalComm,PostComm1,PostComm2,PostComm3,OtherComm1,OtherComm2,Source,SourceID,MADRank,AROIDstr,OIDstr,PropType,ObjID,PreDirAbbr,PostDirAbbr,PreTypeAbbr,PostTypeAbbr,FullName,UpdateDate,FullAddress,UniqueID,StName_EnerGov,FullAddress_EnerGov,MSAG_City,ESN,lon,lat
13850,54260,,,,3840.0,,,South,,,Overland,Avenue,,,,,,,,,,,,1-5,90232.0,,Los Angeles,Culver City,,,,,LA City,{B10C9EEC-DF7B-4AA2-B05F-8EB11BB15662},0,,B10C9EEC-DF7B-4AA2-B05F-8EB11BB15662,Unknown,,S,,,Ave,S Overland Ave,2023/09/12 23:03:18+00,3840 S Overland Ave 1-5 Culver City 90232,B10C9EEC-DF7B-4AA2-B05F-8EB11BB15662_3840_S_Overland_Ave_1-5_Culver_City_90232,Overland,3840 S Overland Avenue Ave 1-5 Los Angeles 90232,,,,
404327,925299,,4204005902.0,,6001.0,,,West,,,Jefferson,Boulevard,,,,,,,,,,,,,90232.0,,Los Angeles,Culver City,,,,,LA City,{C8A3AC1A-CB91-4D94-9EFC-75E624A38E27},0,,C8A3AC1A-CB91-4D94-9EFC-75E624A38E27,Unknown,,W,,,Blvd,W Jefferson Blvd,2023/09/12 23:03:18+00,6001 W Jefferson Blvd Culver City 90232,C8A3AC1A-CB91-4D94-9EFC-75E624A38E27_6001_W_Jefferson_Blvd_Culver_City_90232,Jefferson,6001 W Jefferson Boulevard Blvd Los Angeles 90232,,,,
404349,925354,,4204008032.0,,3801.0,,,South,,,Lenawee,Avenue,,,,,,,,,,,,,90232.0,,Los Angeles,Culver City,,,,,LA City,{71C63F7F-7D49-41DE-8750-D807792C0629},0,,71C63F7F-7D49-41DE-8750-D807792C0629,Unknown,,S,,,Ave,S Lenawee Ave,2023/09/12 23:03:18+00,3801 S Lenawee Ave Culver City 90232,71C63F7F-7D49-41DE-8750-D807792C0629_3801_S_Lenawee_Ave_Culver_City_90232,Lenawee,3801 S Lenawee Avenue Ave Los Angeles 90232,,,,
404503,926323,,4205022013.0,,3515.0,,,,,,Eastham,Drive,,,,,,,,,,,,,90232.0,,Culver City,Culver City,,,,,Culver GIS,{BC050352-24ED-4ADF-8C0C-789A30B9DD64},0,,BC050352-24ED-4ADF-8C0C-789A30B9DD64,Unknown,,,,,Dr,Eastham Dr,2015/03/24 20:45:14+00,3515 Eastham Dr Culver City 90232,BC050352-24ED-4ADF-8C0C-789A30B9DD64_3515_Eastham_Dr_Culver_City_90232,Eastham,3515 Eastham Drive Dr Culver City 90232,,,,
404504,926329,,4205022018.0,,3582.0,,,,,,Eastham,Drive,,,,,,,,,,,,,90232.0,,Culver City,Culver City,,,,,Culver GIS,{0E3B0444-5B83-4354-BDF4-CE3FDBF5D766},0,,0E3B0444-5B83-4354-BDF4-CE3FDBF5D766,Unknown,,,,,Dr,Eastham Dr,2015/03/24 20:45:14+00,3582 Eastham Dr Culver City 90232,0E3B0444-5B83-4354-BDF4-CE3FDBF5D766_3582_Eastham_Dr_Culver_City_90232,Eastham,3582 Eastham Drive Dr Culver City 90232,,,,
404505,926330,,4205022018.0,,3582.0,,,,,,Eastham,Drive,,,,,,,,,,,Unit,A,90232.0,,Culver City,Culver City,,,,,Culver GIS,{66D5ACF3-0E97-4000-AECB-277EC2AE1EB9},0,,66D5ACF3-0E97-4000-AECB-277EC2AE1EB9,Unknown,,,,,Dr,Eastham Dr,2015/03/24 20:45:14+00,3582 Eastham Dr Unit A Culver City 90232,66D5ACF3-0E97-4000-AECB-277EC2AE1EB9_3582_Eastham_Dr_Unit_A_Culver_City_90232,Eastham,3582 Eastham Drive Dr Unit A Culver City 90232,,,,
404605,927600,,4206028001.0,,3809.0,,,South,,,Bagley,Avenue,,,,,,,,,,,,,90232.0,,Los Angeles,Culver City,,,,,LA City,{431AF28E-41CE-416C-AC52-E8D90ACC22E0},0,,431AF28E-41CE-416C-AC52-E8D90ACC22E0,Unknown,,S,,,Ave,S Bagley Ave,2023/09/12 23:03:18+00,3809 S Bagley Ave Culver City 90232,431AF28E-41CE-416C-AC52-E8D90ACC22E0_3809_S_Bagley_Ave_Culver_City_90232,Bagley,3809 S Bagley Avenue Ave Los Angeles 90232,,,,
404606,927602,,4206028002.0,,3815.0,,,,,,Main,Street,,,,,,,,,,,,,90232.0,,Los Angeles,Culver City,,,,,Assessor,{96718B97-3D55-48C0-9A00-BFB5997E4D60},0,,96718B97-3D55-48C0-9A00-BFB5997E4D60,Unknown,,,,,St,Main St,2024/04/27 17:13:09+00,3815 Main St Culver City 90232,96718B97-3D55-48C0-9A00-BFB5997E4D60_3815_Main_St_Culver_City_90232,Main,3815 Main Street St Los Angeles 90232,,,,
404607,927623,,4206028019.0,,9418.0,,,West,,,Venice,Boulevard,,,,,,,,,,,,,90232.0,,Los Angeles,Culver City,,,,,LA City,{F47EAC8E-17DE-4498-9A25-A077076DE4D7},0,,F47EAC8E-17DE-4498-9A25-A077076DE4D7,Unknown,,W,,,Blvd,W Venice Blvd,2023/09/12 23:03:18+00,9418 W Venice Blvd Culver City 90232,F47EAC8E-17DE-4498-9A25-A077076DE4D7_9418_W_Venice_Blvd_Culver_City_90232,Venice,9418 W Venice Boulevard Blvd Los Angeles 90232,,,,
404608,927624,,4206028019.0,,9416.0,,,West,,,Venice,Boulevard,,,,,,,,,,,,,90232.0,,Los Angeles,Culver City,,,,,LA City,{F2D41CBC-D129-4B7F-B07B-15EDDF0983B7},0,,F2D41CBC-D129-4B7F-B07B-15EDDF0983B7,Unknown,,W,,,Blvd,W Venice Blvd,2023/09/12 23:03:18+00,9416 W Venice Blvd Culver City 90232,F2D41CBC-D129-4B7F-B07B-15EDDF0983B7_9416_W_Venice_Blvd_Culver_City_90232,Venice,9416 W Venice Boulevard Blvd Los Angeles 90232,,,,
404609,927625,,4206028019.0,,9414.0,,,West,,,Venice,Boulevard,,,,,,,,,,,,1-6,90232.0,,Los Angeles,Culver City,,,,,LA City,{21270061-9838-40E8-B7A1-9CC8CF659842},0,,21270061-9838-40E8-B7A1-9CC8CF659842,Unknown,,W,,,Blvd,W Venice Blvd,2023/09/12 23:03:18+00,9414 W Venice Blvd 1-6 Culver City 90232,21270061-9838-40E8-B7A1-9CC8CF659842_9414_W_Venice_Blvd_1-6_Culver_City_90232,Venice,9414 W Venice Boulevard Blvd 1-6 Los Angeles 90232,,,,
404610,927626,,4206028020.0,,9432.0,,,West,,,Venice,Boulevard,,,,,,,,,,,,,90232.0,,Los Angeles,Culver City,,,,,LA City,{5B16751D-E431-4F6A-A46B-782EDD599F95},0,,5B16751D-E431-4F6A-A46B-782EDD599F95,Unknown,,W,,,Blvd,W Venice Blvd,2023/09/12 23:03:18+00,9432 W Venice Blvd Culver City 90232,5B16751D-E431-4F6A-A46B-782EDD599F95_9432_W_Venice_Blvd_Culver_City_90232,Venice,9432 W Venice Boulevard Blvd Los Angeles 90232,,,,
404611,927636,,4206030002.0,,3806.0,,,South,,,Bagley,Avenue,,,,,,,,,,,,,90232.0,,Los Angeles,Culver City,,,,,LA City,{26B3F616-72AB-47BE-8DD6-738B1CDABDBB},0,,26B3F616-72AB-47BE-8DD6-738B1CDABDBB,Unknown,,S,,,Ave,S Bagley Ave,2023/09/12 23:03:18+00,3806 S Bagley Ave Culver City 90232,26B3F616-72AB-47BE-8DD6-738B1CDABDBB_3806_S_Bagley_Ave_Culver_City_90232,Bagley,3806 S Bagley Avenue Ave Los Angeles 90232,,,,
404612,927637,,4206030002.0,,3806.0,,,,,,Main,Street,,,,,,,,,,,,,90232.0,,Los Angeles,Culver City,,,,,Assessor,{A44E86BA-313D-4254-821E-FFDFB6FDA5BE},0,,A44E86BA-313D-4254-821E-FFDFB6FDA5BE,Unknown,,,,,St,Main St,2024/04/27 17:13:09+00,3806 Main St Culver City 90232,A44E86BA-313D-4254-821E-FFDFB6FDA5BE_3806_Main_St_Culver_City_90232,Main,3806 Main Street St Los Angeles 90232,,,,
404613,927638,,4206030003.0,,3808.0,,,South,,,Bagley,Avenue,,,,,,,,,,,,,90232.0,,Los Angeles,Culver City,,,,,LA City,{21287E08-269D-4400-A6F7-22957F5CD056},0,,21287E08-269D-4400-A6F7-22957F5CD056,Unknown,,S,,,Ave,S Bagley Ave,2023/09/12 23:03:18+00,3808 S Bagley Ave Culver City 90232,21287E08-269D-4400-A6F7-22957F5CD056_3808_S_Bagley_Ave_Culver_City_90232,Bagley,3808 S Bagley Avenue Ave Los Angeles 90232,,,,
404614,927659,,4206030022.0,,9352.0,,,West,,,Venice,Boulevard,,,,,,,,,,,,,90232.0,,Los Angeles,Culver City,,,,,LA City,{21E6E034-7819-4C8B-84A7-D5449DE6119F},0,,21E6E034-7819-4C8B-84A7-D5449DE6119F,Unknown,,W,,,Blvd,W Venice Blvd,2023/09/12 23:03:18+00,9352 W Venice Blvd Culver City 90232,21E6E034-7819-4C8B-84A7-D5449DE6119F_9352_W_Venice_Blvd_Culver_City_90232,Venice,9352 W Venice Boulevard Blvd Los Angeles 90232,,,,
404615,927660,,4206030024.0,,9314.0,,,West,,,Venice,Boulevard,,,,,,,,,,,,,90232.0,,Los Angeles,Culver City,,,,,LA City,{8C14AA07-910C-4719-9D03-EB5FC636D7DB},0,,8C14AA07-910C-4719-9D03-EB5FC636D7DB,Unknown,,W,,,Blvd,W Venice Blvd,2023/09/12 23:03:18+00,9314 W Venice Blvd Culver City 90232,8C14AA07-910C-4719-9D03-EB5FC636D7DB_9314_W_Venice_Blvd_Culver_City_90232,Venice,9314 W Venice Boulevard Blvd Los Angeles 90232,,,,
404616,927661,,4206030026.0,,9300.0,,,West,,,Venice,Boulevard,,,,,,,,,,,,,90232.0,,Los Angeles,Culver City,,,,,LA City,{533935A7-C027-49DF-8E78-1731D5FAE650},0,,533935A7-C027-49DF-8E78-1731D5FAE650,Unknown,,W,,,Blvd,W Venice Blvd,2023/09/12 23:03:18+00,9300 W Venice Blvd Culver City 90232,533935A7-C027-49DF-8E78-1731D5FAE650_9300_W_Venice_Blvd_Culver_City_90232,Venice,9300 W Venice Boulevard Blvd Los Angeles 90232,,,,
404617,927662,,4206032046.0,,9036.0,,,West,,,Venice,Boulevard,,,,,,,,,,,,,90232.0,,Los Angeles,Culver City,,,,,LA City,{25A7866D-119D-4863-98D1-9EDE0D1F13A7},0,,25A7866D-119D-4863-98D1-9EDE0D1F13A7,Unknown,,W,,,Blvd,W Venice Blvd,2023/09/12 23:03:18+00,9036 W Venice Blvd Culver City 90232,25A7866D-119D-4863-98D1-9EDE0D1F13A7_9036_W_Venice_Blvd_Culver_City_90232,Venice,9036 W Venice Boulevard Blvd Los Angeles 90232,,,,
404618,927700,,4206033077.0,,3707.0,,,South,,,Robertson,Boulevard,,,,,,,,,,,,,90232.0,,Los Angeles,Culver City,,,,,LA City,{036403EC-D6DD-471F-AD7C-28F724AE9155},0,,036403EC-D6DD-471F-AD7C-28F724AE9155,Unknown,,S,,,Blvd,S Robertson Blvd,2023/09/12 23:03:18+00,3707 S Robertson Blvd Culver City 90232,036403EC-D6DD-471F-AD7C-28F724AE9155_3707_S_Robertson_Blvd_Culver_City_90232,Robertson,3707 S Robertson Boulevard Blvd Los Angeles 90232,,,,
404619,927701,,4206033077.0,,3711.0,,,South,,,Robertson,Boulevard,,,,,,,,,,,,,90232.0,,Los Angeles,Culver City,,,,,LA City,{EE61A45F-3D89-446E-80D3-B06FB629529B},0,,EE61A45F-3D89-446E-80D3-B06FB629529B,Unknown,,S,,,Blvd,S Robertson Blvd,2023/09/12 23:03:18+00,3711 S Robertson Blvd Culver City 90232,EE61A45F-3D89-446E-80D3-B06FB629529B_3711_S_Robertson_Blvd_Culver_City_90232,Robertson,3711 S Robertson Boulevard Blvd Los Angeles 90232,,,,
404620,927702,,4206033077.0,,8982.0,,,West,,,Venice,Boulevard,,,,,,,,,,,,,90232.0,,Los Angeles,Culver City,,,,,LA City,{06FD9AF5-4D39-4F73-B9E3-C33FBACF984E},0,,06FD9AF5-4D39-4F73-B9E3-C33FBACF984E,Unknown,,W,,,Blvd,W Venice Blvd,2023/09/12 23:03:18+00,8982 W Venice Blvd Culver City 90232,06FD9AF5-4D39-4F73-B9E3-C33FBACF984E_8982_W_Venice_Blvd_Culver_City_90232,Venice,8982 W Venice Boulevard Blvd Los Angeles 90232,,,,
404622,927704,,4206033077.0,,8988.0,,,West,,,Venice,Boulevard,,,,,,,,,,,,,90232.0,,Los Angeles,Culver City,,,,,LA City,{806D8987-7882-4F2E-871C-7F516D91E3BF},0,,806D8987-7882-4F2E-871C-7F516D91E3BF,Unknown,,W,,,Blvd,W Venice Blvd,2023/09/12 23:03:18+00,8988 W Venice Blvd Culver City 90232,806D8987-7882-4F2E-871C-7F516D91E3BF_8988_W_Venice_Blvd_Culver_City_90232,Venice,8988 W Venice Boulevard Blvd Los Angeles 90232,,,,
404623,927707,,4206034906.0,,9070.0,,,West,,,Venice,Boulevard,,,,,,,,,,,,,90232.0,,Los Angeles,Culver City,,,,,LA City,{B173D8CA-1715-4C88-8677-001C8B822C71},0,,B173D8CA-1715-4C88-8677-001C8B822C71,Unknown,,W,,,Blvd,W Venice Blvd,2023/09/12 23:03:18+00,9070 W Venice Blvd Culver City 90232,B173D8CA-1715-4C88-8677-001C8B822C71_9070_W_Venice_Blvd_Culver_City_90232,Venice,9070 W Venice Boulevard Blvd Los Angeles 90232,,,,
404624,927763,,4207001001.0,,9602.0,,,West,,,Venice,Boulevard,,,,,,,,,,,,,90232.0,,Los Angeles,Culver City,,,,,LA City,{4379498D-E2C8-4346-BE52-DC8E4568F87A},0,,4379498D-E2C8-4346-BE52-DC8E4568F87A,Unknown,,W,,,Blvd,W Venice Blvd,2023/09/12 23:03:18+00,9602 W Venice Blvd Culver City 90232,4379498D-E2C8-4346-BE52-DC8E4568F87A_9602_W_Venice_Blvd_Culver_City_90232,Venice,9602 W Venice Boulevard Blvd Los Angeles 90232,,,,
404625,927764,,4207001002.0,,9608.0,,,West,,,Venice,Boulevard,,,,,,,,,,,,,90232.0,,Los Angeles,Culver City,,,,,LA City,{9CD99C50-6AEE-443D-8D01-DF4C2942E319},0,,9CD99C50-6AEE-443D-8D01-DF4C2942E319,Unknown,,W,,,Blvd,W Venice Blvd,2023/09/12 23:03:18+00,9608 W Venice Blvd Culver City 90232,9CD99C50-6AEE-443D-8D01-DF4C2942E319_9608_W_Venice_Blvd_Culver_City_90232,Venice,9608 W Venice Boulevard Blvd Los Angeles 90232,,,,
404626,927765,,4207001004.0,,9622.0,,,West,,,Venice,Boulevard,,,,,,,,,,,,,90232.0,,Los Angeles,Culver City,,,,,LA City,{A183EDF8-8722-47CE-BAF0-084C223C28DC},0,,A183EDF8-8722-47CE-BAF0-084C223C28DC,Unknown,,W,,,Blvd,W Venice Blvd,2023/09/12 23:03:18+00,9622 W Venice Blvd Culver City 90232,A183EDF8-8722-47CE-BAF0-084C223C28DC_9622_W_Venice_Blvd_Culver_City_90232,Venice,9622 W Venice Boulevard Blvd Los Angeles 90232,,,,
404627,927766,,4207001006.0,,9636.0,,,West,,,Venice,Boulevard,,,,,,,,,,,,,90232.0,,Los Angeles,Culver City,,,,,LA City,{003F3C6E-995A-4EAF-99C2-4AC0B63C7D81},0,,003F3C6E-995A-4EAF-99C2-4AC0B63C7D81,Unknown,,W,,,Blvd,W Venice Blvd,2023/09/12 23:03:18+00,9636 W Venice Blvd Culver City 90232,003F3C6E-995A-4EAF-99C2-4AC0B63C7D81_9636_W_Venice_Blvd_Culver_City_90232,Venice,9636 W Venice Boulevard Blvd Los Angeles 90232,,,,
404628,927767,,4207001007.0,,9640.0,,,West,,,Venice,Boulevard,,,,,,,,,,,,,90232.0,,Los Angeles,Culver City,,,,,LA City,{7194BAA4-BDC8-480A-B004-F688EFC45C39},0,,7194BAA4-BDC8-480A-B004-F688EFC45C39,Unknown,,W,,,Blvd,W Venice Blvd,2023/09/12 23:03:18+00,9640 W Venice Blvd Culver City 90232,7194BAA4-BDC8-480A-B004-F688EFC45C39_9640_W_Venice_Blvd_Culver_City_90232,Venice,9640 W Venice Boulevard Blvd Los Angeles 90232,,,,
404629,927796,,4207001039.0,,9620.0,,,West,,,Venice,Boulevard,,,,,,,,,,,,,90232.0,,Los Angeles,Culver City,,,,,LA City,{917702C7-5928-442E-A666-DBDBC08C04C8},0,,917702C7-5928-442E-A666-DBDBC08C04C8,Unknown,,W,,,Blvd,W Venice Blvd,2023/09/12 23:03:18+00,9620 W Venice Blvd Culver City 90232,917702C7-5928-442E-A666-DBDBC08C04C8_9620_W_Venice_Blvd_Culver_City_90232,Venice,9620 W Venice Boulevard Blvd Los Angeles 90232,,,,
404630,927801,,4207002001.0,,9700.0,,,West,,,Venice,Boulevard,,,,,,,,,,,,,90232.0,,Los Angeles,Culver City,,,,,LA City,{8382CA9B-E29F-4434-B113-7255A1B8A1AA},0,,8382CA9B-E29F-4434-B113-7255A1B8A1AA,Unknown,,W,,,Blvd,W Venice Blvd,2023/09/12 23:03:18+00,9700 W Venice Blvd Culver City 90232,8382CA9B-E29F-4434-B113-7255A1B8A1AA_9700_W_Venice_Blvd_Culver_City_90232,Venice,9700 W Venice Boulevard Blvd Los Angeles 90232,,,,
404631,927802,,4207002002.0,,9702.0,,,West,,,Venice,Boulevard,,,,,,,,,,,,,90232.0,,Los Angeles,Culver City,,,,,LA City,{2BF58B77-E393-4552-A4D8-F06ACFF81719},0,,2BF58B77-E393-4552-A4D8-F06ACFF81719,Unknown,,W,,,Blvd,W Venice Blvd,2023/09/12 23:03:18+00,9702 W Venice Blvd Culver City 90232,2BF58B77-E393-4552-A4D8-F06ACFF81719_9702_W_Venice_Blvd_Culver_City_90232,Venice,9702 W Venice Boulevard Blvd Los Angeles 90232,,,,
404632,927803,,4207002003.0,,9708.0,,,West,,,Venice,Boulevard,,,,,,,,,,,,,90232.0,,Los Angeles,Culver City,,,,,LA City,{CD08F368-5E7F-4AA7-B70F-FC217497050E},0,,CD08F368-5E7F-4AA7-B70F-FC217497050E,Unknown,,W,,,Blvd,W Venice Blvd,2023/09/12 23:03:18+00,9708 W Venice Blvd Culver City 90232,CD08F368-5E7F-4AA7-B70F-FC217497050E_9708_W_Venice_Blvd_Culver_City_90232,Venice,9708 W Venice Boulevard Blvd Los Angeles 90232,,,,
404633,927804,,4207002006.0,,9726.0,,,West,,,Venice,Boulevard,,,,,,,,,,,,,90232.0,,Los Angeles,Culver City,,,,,LA City,{04935969-85BD-4575-B34F-47AE0664D08C},0,,04935969-85BD-4575-B34F-47AE0664D08C,Unknown,,W,,,Blvd,W Venice Blvd,2023/09/12 23:03:18+00,9726 W Venice Blvd Culver City 90232,04935969-85BD-4575-B34F-47AE0664D08C_9726_W_Venice_Blvd_Culver_City_90232,Venice,9726 W Venice Boulevard Blvd Los Angeles 90232,,,,
404634,927805,,4207002007.0,,9736.0,,,West,,,Venice,Boulevard,,,,,,,,,,,,,90232.0,,Los Angeles,Culver City,,,,,LA City,{017972C5-4F55-422B-8308-B8EB79D87D92},0,,017972C5-4F55-422B-8308-B8EB79D87D92,Unknown,,W,,,Blvd,W Venice Blvd,2023/09/12 23:03:18+00,9736 W Venice Blvd Culver City 90232,017972C5-4F55-422B-8308-B8EB79D87D92_9736_W_Venice_Blvd_Culver_City_90232,Venice,9736 W Venice Boulevard Blvd Los Angeles 90232,,,,
404635,927834,,4207003005.0,,9832.0,,,West,,,Venice,Boulevard,,,,,,,,,,,,,90232.0,,Los Angeles,Culver City,,,,,LA City,{BAEE696F-5A73-4BB7-978F-080F8C9F4CEF},0,,BAEE696F-5A73-4BB7-978F-080F8C9F4CEF,Unknown,,W,,,Blvd,W Venice Blvd,2023/09/12 23:03:18+00,9832 W Venice Blvd Culver City 90232,BAEE696F-5A73-4BB7-978F-080F8C9F4CEF_9832_W_Venice_Blvd_Culver_City_90232,Venice,9832 W Venice Boulevard Blvd Los Angeles 90232,,,,
404636,927842,,4207003016.0,,9808.0,,,West,,,Venice,Boulevard,,,,,,,,,,,,,90232.0,,Los Angeles,Culver City,,,,,LA City,{CE97E337-6C9B-4875-AAA4-5D13B846EDE1},0,,CE97E337-6C9B-4875-AAA4-5D13B846EDE1,Unknown,,W,,,Blvd,W Venice Blvd,2023/09/12 23:03:18+00,9808 W Venice Blvd Culver City 90232,CE97E337-6C9B-4875-AAA4-5D13B846EDE1_9808_W_Venice_Blvd_Culver_City_90232,Venice,9808 W Venice Boulevard Blvd Los Angeles 90232,,,,
404637,927843,,4207004024.0,,3831.0,,,South,,,Hughes,Avenue,,,,,,,,,,,,,90232.0,,Los Angeles,Culver City,,,,,LA City,{8742EEE8-9C09-4B6D-8359-183D5746BEC0},0,,8742EEE8-9C09-4B6D-8359-183D5746BEC0,Unknown,,S,,,Ave,S Hughes Ave,2023/09/12 23:03:18+00,3831 S Hughes Ave Culver City 90232,8742EEE8-9C09-4B6D-8359-183D5746BEC0_3831_S_Hughes_Ave_Culver_City_90232,Hughes,3831 S Hughes Avenue Ave Los Angeles 90232,,,,
404638,927844,,4207004033.0,,3819.0,,,South,,,Hughes,Avenue,,,,,,,,,,,,,90232.0,,Los Angeles,Culver City,,,,,LA City,{1170DE80-F64D-43EE-88AA-F555A2872028},0,,1170DE80-F64D-43EE-88AA-F555A2872028,Unknown,,S,,,Ave,S Hughes Ave,2023/09/12 23:03:18+00,3819 S Hughes Ave Culver City 90232,1170DE80-F64D-43EE-88AA-F555A2872028_3819_S_Hughes_Ave_Culver_City_90232,Hughes,3819 S Hughes Avenue Ave Los Angeles 90232,,,,
404639,927845,,4207004033.0,,3815.0,,,South,,,Hughes,Avenue,,,,,,,,,,,,,90232.0,,Los Angeles,Culver City,,,,,LA City,{2F100207-4546-4249-920C-663E0A4C5ECA},0,,2F100207-4546-4249-920C-663E0A4C5ECA,Unknown,,S,,,Ave,S Hughes Ave,2023/09/12 23:03:18+00,3815 S Hughes Ave Culver City 90232,2F100207-4546-4249-920C-663E0A4C5ECA_3815_S_Hughes_Ave_Culver_City_90232,Hughes,3815 S Hughes Avenue Ave Los Angeles 90232,,,,
404640,927846,,4207004034.0,,9901.0,,,West,,,Washington,Boulevard,,,,,,,,,,,,1-132,90232.0,,Los Angeles,Culver City,,,,,LA City,{36C57925-ADC6-45DF-BC56-653E16044BC7},0,,36C57925-ADC6-45DF-BC56-653E16044BC7,Unknown,,W,,,Blvd,W Washington Blvd,2023/09/12 23:03:18+00,9901 W Washington Blvd 1-132 Culver City 90232,36C57925-ADC6-45DF-BC56-653E16044BC7_9901_W_Washington_Blvd_1-132_Culver_City_90232,Washington,9901 W Washington Boulevard Blvd 1-132 Los Angeles 90232,,,,
404641,927847,,4207004037.0,,3812.0,,,South,,,Dunn,Drive,,,,,,,,,,,,1-2,90232.0,,Los Angeles,Culver City,,,,,LA City,{49FBCB5B-0B5A-489B-8B3B-2EB4B778DC69},0,,49FBCB5B-0B5A-489B-8B3B-2EB4B778DC69,Unknown,,S,,,Dr,S Dunn Dr,2023/09/12 23:03:18+00,3812 S Dunn Dr 1-2 Culver City 90232,49FBCB5B-0B5A-489B-8B3B-2EB4B778DC69_3812_S_Dunn_Dr_1-2_Culver_City_90232,Dunn,3812 S Dunn Drive Dr 1-2 Los Angeles 90232,,,,
404642,927848,,4207004037.0,,3818.0,,,South,,,Dunn,Drive,,,,,,,,,,,,,90232.0,,Los Angeles,Culver City,,,,,LA City,{15E194BC-B483-417E-957D-5EC3CE888436},0,,15E194BC-B483-417E-957D-5EC3CE888436,Unknown,,S,,,Dr,S Dunn Dr,2023/09/12 23:03:18+00,3818 S Dunn Dr Culver City 90232,15E194BC-B483-417E-957D-5EC3CE888436_3818_S_Dunn_Dr_Culver_City_90232,Dunn,3818 S Dunn Drive Dr Los Angeles 90232,,,,
404643,927849,,4207004037.0,,3838.0,,,South,,,Dunn,Drive,,,,,,,,,,,,1-128,90232.0,,Los Angeles,Culver City,,,,,LA City,{9C4C53F4-C6D3-4F77-BAFA-FC743E9E35EF},0,,9C4C53F4-C6D3-4F77-BAFA-FC743E9E35EF,Unknown,,S,,,Dr,S Dunn Dr,2023/09/12 23:03:18+00,3838 S Dunn Dr 1-128 Culver City 90232,9C4C53F4-C6D3-4F77-BAFA-FC743E9E35EF_3838_S_Dunn_Dr_1-128_Culver_City_90232,Dunn,3838 S Dunn Drive Dr 1-128 Los Angeles 90232,,,,
404644,927850,,4207004038.0,,9914.0,,,West,,,Venice,Boulevard,,,,,,,,,,,,,90232.0,,Los Angeles,Culver City,,,,,LA City,{0D04E1D3-F560-412D-BE90-B78894B1C259},0,,0D04E1D3-F560-412D-BE90-B78894B1C259,Unknown,,W,,,Blvd,W Venice Blvd,2023/09/12 23:03:18+00,9914 W Venice Blvd Culver City 90232,0D04E1D3-F560-412D-BE90-B78894B1C259_9914_W_Venice_Blvd_Culver_City_90232,Venice,9914 W Venice Boulevard Blvd Los Angeles 90232,,,,
404645,927851,,4207004038.0,,3813.0,,,South,,,Hughes,Avenue,,,,,,,,,,,,,90232.0,,Los Angeles,Culver City,,,,,LA City,{0BAF7395-EAC1-4B1D-8F94-6A5A108CBE78},0,,0BAF7395-EAC1-4B1D-8F94-6A5A108CBE78,Unknown,,S,,,Ave,S Hughes Ave,2023/09/12 23:03:18+00,3813 S Hughes Ave Culver City 90232,0BAF7395-EAC1-4B1D-8F94-6A5A108CBE78_3813_S_Hughes_Ave_Culver_City_90232,Hughes,3813 S Hughes Avenue Ave Los Angeles 90232,,,,
404646,927852,,4207004038.0,,9900.0,,,West,,,Venice,Boulevard,,,,,,,,,,,,1-54,90232.0,,Los Angeles,Culver City,,,,,LA City,{550964BD-709D-41F4-8DE6-894CC0BE2A21},0,,550964BD-709D-41F4-8DE6-894CC0BE2A21,Unknown,,W,,,Blvd,W Venice Blvd,2023/09/12 23:03:18+00,9900 W Venice Blvd 1-54 Culver City 90232,550964BD-709D-41F4-8DE6-894CC0BE2A21_9900_W_Venice_Blvd_1-54_Culver_City_90232,Venice,9900 W Venice Boulevard Blvd 1-54 Los Angeles 90232,,,,
404647,927853,,4207005003.0,,10000.0,,,West,,,Venice,Boulevard,,,,,,,,,,,,,90232.0,,Los Angeles,Culver City,,,,,LA City,{6EB30844-260B-4665-8762-9A2CFBC745E4},0,,6EB30844-260B-4665-8762-9A2CFBC745E4,Unknown,,W,,,Blvd,W Venice Blvd,2023/09/12 23:03:18+00,10000 W Venice Blvd Culver City 90232,6EB30844-260B-4665-8762-9A2CFBC745E4_10000_W_Venice_Blvd_Culver_City_90232,Venice,10000 W Venice Boulevard Blvd Los Angeles 90232,,,,
404648,927854,,4207005004.0,,3815.0,,,South,,,Dunn,Drive,,,,,,,,,,,,,90232.0,,Los Angeles,Culver City,,,,,LA City,{588EC4BB-FC85-4F5B-86B4-C12358958CF0},0,,588EC4BB-FC85-4F5B-86B4-C12358958CF0,Unknown,,S,,,Dr,S Dunn Dr,2023/09/12 23:03:18+00,3815 S Dunn Dr Culver City 90232,588EC4BB-FC85-4F5B-86B4-C12358958CF0_3815_S_Dunn_Dr_Culver_City_90232,Dunn,3815 S Dunn Drive Dr Los Angeles 90232,,,,
404649,927855,,4207005005.0,,3819.0,,,South,,,Dunn,Drive,,,,,,,,,,,,,90232.0,,Los Angeles,Culver City,,,,,LA City,{F7EFBEE5-D073-4735-B42A-81A9EE017B65},0,,F7EFBEE5-D073-4735-B42A-81A9EE017B65,Unknown,,S,,,Dr,S Dunn Dr,2023/09/12 23:03:18+00,3819 S Dunn Dr Culver City 90232,F7EFBEE5-D073-4735-B42A-81A9EE017B65_3819_S_Dunn_Dr_Culver_City_90232,Dunn,3819 S Dunn Drive Dr Los Angeles 90232,,,,
404650,927856,,4207005006.0,,3825.0,,,South,,,Dunn,Drive,,,,,,,,,,,,1-3,90232.0,,Los Angeles,Culver City,,,,,LA City,{428F9D6E-5672-4C7F-8A0E-08E12B790AA4},0,,428F9D6E-5672-4C7F-8A0E-08E12B790AA4,Unknown,,S,,,Dr,S Dunn Dr,2023/09/12 23:03:18+00,3825 S Dunn Dr 1-3 Culver City 90232,428F9D6E-5672-4C7F-8A0E-08E12B790AA4_3825_S_Dunn_Dr_1-3_Culver_City_90232,Dunn,3825 S Dunn Drive Dr 1-3 Los Angeles 90232,,,,
404651,927857,,4207005011.0,,3841.0,,,South,,,Dunn,Drive,,,,,,,,,,,,,90232.0,,Los Angeles,Culver City,,,,,LA City,{FC3DD32A-6742-45C6-BA49-680156A744D2},0,,FC3DD32A-6742-45C6-BA49-680156A744D2,Unknown,,S,,,Dr,S Dunn Dr,2023/09/12 23:03:18+00,3841 S Dunn Dr Culver City 90232,FC3DD32A-6742-45C6-BA49-680156A744D2_3841_S_Dunn_Dr_Culver_City_90232,Dunn,3841 S Dunn Drive Dr Los Angeles 90232,,,,
404652,927858,,4207005012.0,,3847.0,,,South,,,Dunn,Drive,,,,,,,,,,,,,90232.0,,Los Angeles,Culver City,,,,,LA City,{F1ACA86E-99EC-4503-9D2F-57C8B18C148E},0,,F1ACA86E-99EC-4503-9D2F-57C8B18C148E,Unknown,,S,,,Dr,S Dunn Dr,2023/09/12 23:03:18+00,3847 S Dunn Dr Culver City 90232,F1ACA86E-99EC-4503-9D2F-57C8B18C148E_3847_S_Dunn_Dr_Culver_City_90232,Dunn,3847 S Dunn Drive Dr Los Angeles 90232,,,,
404653,927859,,4207005013.0,,3853.0,,,South,,,Dunn,Drive,,,,,,,,,,,,,90232.0,,Los Angeles,Culver City,,,,,LA City,{6B237F42-2A98-4777-B8C8-DC3604A8A1AE},0,,6B237F42-2A98-4777-B8C8-DC3604A8A1AE,Unknown,,S,,,Dr,S Dunn Dr,2023/09/12 23:03:18+00,3853 S Dunn Dr Culver City 90232,6B237F42-2A98-4777-B8C8-DC3604A8A1AE_3853_S_Dunn_Dr_Culver_City_90232,Dunn,3853 S Dunn Drive Dr Los Angeles 90232,,,,
404654,927860,,4207005014.0,,10003.0,,,West,,,Washington,Boulevard,,,,,,,,,,,,,90232.0,,Los Angeles,Culver City,,,,,LA City,{B641EB2B-B564-422E-AC22-17399ADD1C8E},0,,B641EB2B-B564-422E-AC22-17399ADD1C8E,Unknown,,W,,,Blvd,W Washington Blvd,2023/09/12 23:03:18+00,10003 W Washington Blvd Culver City 90232,B641EB2B-B564-422E-AC22-17399ADD1C8E_10003_W_Washington_Blvd_Culver_City_90232,Washington,10003 W Washington Boulevard Blvd Los Angeles 90232,,,,
404655,927861,,4207005019.0,,3846.0,,,South,,,Clarington,Avenue,,,,,,,,,,,,,90232.0,,Los Angeles,Culver City,,,,,LA City,{8FCDE199-BAE7-4DA6-A4EE-32EF6ABDE687},0,,8FCDE199-BAE7-4DA6-A4EE-32EF6ABDE687,Unknown,,S,,,Ave,S Clarington Ave,2023/09/12 23:03:18+00,3846 S Clarington Ave Culver City 90232,8FCDE199-BAE7-4DA6-A4EE-32EF6ABDE687_3846_S_Clarington_Ave_Culver_City_90232,Clarington,3846 S Clarington Avenue Ave Los Angeles 90232,,,,
404656,927862,,4207005020.0,,3842.0,,,South,,,Clarington,Avenue,,,,,,,,,,,,,90232.0,,Los Angeles,Culver City,,,,,LA City,{442491F2-2D18-449E-805B-D9729D503F5A},0,,442491F2-2D18-449E-805B-D9729D503F5A,Unknown,,S,,,Ave,S Clarington Ave,2023/09/12 23:03:18+00,3842 S Clarington Ave Culver City 90232,442491F2-2D18-449E-805B-D9729D503F5A_3842_S_Clarington_Ave_Culver_City_90232,Clarington,3842 S Clarington Avenue Ave Los Angeles 90232,,,,
404657,927863,,4207005021.0,,3838.0,,,South,,,Clarington,Avenue,,,,,,,,,,,,,90232.0,,Los Angeles,Culver City,,,,,LA City,{3B9DA512-0DAB-47EE-8130-A388442BDC4B},0,,3B9DA512-0DAB-47EE-8130-A388442BDC4B,Unknown,,S,,,Ave,S Clarington Ave,2023/09/12 23:03:18+00,3838 S Clarington Ave Culver City 90232,3B9DA512-0DAB-47EE-8130-A388442BDC4B_3838_S_Clarington_Ave_Culver_City_90232,Clarington,3838 S Clarington Avenue Ave Los Angeles 90232,,,,
404658,927864,,4207005022.0,,3830.0,,,South,,,Clarington,Avenue,,,,,,,,,,,,,90232.0,,Los Angeles,Culver City,,,,,LA City,{46889D75-A6D1-4FEF-B63B-ED3729DA0C32},0,,46889D75-A6D1-4FEF-B63B-ED3729DA0C32,Unknown,,S,,,Ave,S Clarington Ave,2023/09/12 23:03:18+00,3830 S Clarington Ave Culver City 90232,46889D75-A6D1-4FEF-B63B-ED3729DA0C32_3830_S_Clarington_Ave_Culver_City_90232,Clarington,3830 S Clarington Avenue Ave Los Angeles 90232,,,,
404659,927865,,4207005023.0,,3828.0,,,South,,,Clarington,Avenue,,,,,,,,,,,,,90232.0,,Los Angeles,Culver City,,,,,LA City,{720DF78A-7374-48A2-B8C2-30174C3340AE},0,,720DF78A-7374-48A2-B8C2-30174C3340AE,Unknown,,S,,,Ave,S Clarington Ave,2023/09/12 23:03:18+00,3828 S Clarington Ave Culver City 90232,720DF78A-7374-48A2-B8C2-30174C3340AE_3828_S_Clarington_Ave_Culver_City_90232,Clarington,3828 S Clarington Avenue Ave Los Angeles 90232,,,,
404660,927866,,4207005024.0,,3822.0,,,South,,,Clarington,Avenue,,,,,,,,,,,,,90232.0,,Los Angeles,Culver City,,,,,LA City,{BDB27AB5-FB52-4B0B-A837-F499C47140DA},0,,BDB27AB5-FB52-4B0B-A837-F499C47140DA,Unknown,,S,,,Ave,S Clarington Ave,2023/09/12 23:03:18+00,3822 S Clarington Ave Culver City 90232,BDB27AB5-FB52-4B0B-A837-F499C47140DA_3822_S_Clarington_Ave_Culver_City_90232,Clarington,3822 S Clarington Avenue Ave Los Angeles 90232,,,,
404661,927867,,4207005033.0,,10011.0,,,West,,,Washington,Boulevard,,,,,,,,,,,,,90232.0,,Los Angeles,Culver City,,,,,LA City,{8ECFA742-D7E6-4E63-AADB-8421CFC78A88},0,,8ECFA742-D7E6-4E63-AADB-8421CFC78A88,Unknown,,W,,,Blvd,W Washington Blvd,2023/09/12 23:03:18+00,10011 W Washington Blvd Culver City 90232,8ECFA742-D7E6-4E63-AADB-8421CFC78A88_10011_W_Washington_Blvd_Culver_City_90232,Washington,10011 W Washington Boulevard Blvd Los Angeles 90232,,,,
404662,927868,,4207005033.0,,10015.0,,,West,,,Washington,Boulevard,,,,,,,,,,,,,90232.0,,Los Angeles,Culver City,,,,,LA City,{FF9EB071-0A6B-4863-8827-6BA255CED6BA},0,,FF9EB071-0A6B-4863-8827-6BA255CED6BA,Unknown,,W,,,Blvd,W Washington Blvd,2023/09/12 23:03:18+00,10015 W Washington Blvd Culver City 90232,FF9EB071-0A6B-4863-8827-6BA255CED6BA_10015_W_Washington_Blvd_Culver_City_90232,Washington,10015 W Washington Boulevard Blvd Los Angeles 90232,,,,
404663,927869,,4207005035.0,,10036.0,,,West,,,Venice,Boulevard,,,,,,,,,,,,,90232.0,,Los Angeles,Culver City,,,,,LA City,{D42CF6CB-7126-4962-8CEA-29AC1634BBC0},0,,D42CF6CB-7126-4962-8CEA-29AC1634BBC0,Unknown,,W,,,Blvd,W Venice Blvd,2023/09/12 23:03:18+00,10036 W Venice Blvd Culver City 90232,D42CF6CB-7126-4962-8CEA-29AC1634BBC0_10036_W_Venice_Blvd_Culver_City_90232,Venice,10036 W Venice Boulevard Blvd Los Angeles 90232,,,,
404664,927870,,4207005035.0,,3812.0,,,South,,,Clarington,Avenue,,,,,,,,,,,,,90232.0,,Los Angeles,Culver City,,,,,LA City,{D157B24F-25E7-46F0-90A6-BB2F71DE0576},0,,D157B24F-25E7-46F0-90A6-BB2F71DE0576,Unknown,,S,,,Ave,S Clarington Ave,2023/09/12 23:03:18+00,3812 S Clarington Ave Culver City 90232,D157B24F-25E7-46F0-90A6-BB2F71DE0576_3812_S_Clarington_Ave_Culver_City_90232,Clarington,3812 S Clarington Avenue Ave Los Angeles 90232,,,,
404665,927871,,4207005035.0,,10020.0,,,West,,,Venice,Boulevard,,,,,,,,,,,,,90232.0,,Los Angeles,Culver City,,,,,LA City,{829C0239-8281-465B-BD70-4B8363207635},0,,829C0239-8281-465B-BD70-4B8363207635,Unknown,,W,,,Blvd,W Venice Blvd,2023/09/12 23:03:18+00,10020 W Venice Blvd Culver City 90232,829C0239-8281-465B-BD70-4B8363207635_10020_W_Venice_Blvd_Culver_City_90232,Venice,10020 W Venice Boulevard Blvd Los Angeles 90232,,,,
404666,927872,,4207005037.0,,3829.0,,,South,,,Dunn,Drive,,,,,,,,,,,,,90232.0,,Los Angeles,Culver City,,,,,LA City,{D545C057-FF65-49C3-8824-F9D053AC1A2D},0,,D545C057-FF65-49C3-8824-F9D053AC1A2D,Unknown,,S,,,Dr,S Dunn Dr,2023/09/12 23:03:18+00,3829 S Dunn Dr Culver City 90232,D545C057-FF65-49C3-8824-F9D053AC1A2D_3829_S_Dunn_Dr_Culver_City_90232,Dunn,3829 S Dunn Drive Dr Los Angeles 90232,,,,
404667,927873,,4207005037.0,,3833.0,,,South,,,Dunn,Drive,,,,,,,,,,,,1-40,90232.0,,Los Angeles,Culver City,,,,,LA City,{C46119A2-DDE4-40F7-A7A3-9F9E18F0B3CE},0,,C46119A2-DDE4-40F7-A7A3-9F9E18F0B3CE,Unknown,,S,,,Dr,S Dunn Dr,2023/09/12 23:03:18+00,3833 S Dunn Dr 1-40 Culver City 90232,C46119A2-DDE4-40F7-A7A3-9F9E18F0B3CE_3833_S_Dunn_Dr_1-40_Culver_City_90232,Dunn,3833 S Dunn Drive Dr 1-40 Los Angeles 90232,,,,
404668,927874,,4207005037.0,,3837.0,,,South,,,Dunn,Drive,,,,,,,,,,,,,90232.0,,Los Angeles,Culver City,,,,,LA City,{A9BE497C-BAFF-4E89-B265-57D7A1261A35},0,,A9BE497C-BAFF-4E89-B265-57D7A1261A35,Unknown,,S,,,Dr,S Dunn Dr,2023/09/12 23:03:18+00,3837 S Dunn Dr Culver City 90232,A9BE497C-BAFF-4E89-B265-57D7A1261A35_3837_S_Dunn_Dr_Culver_City_90232,Dunn,3837 S Dunn Drive Dr Los Angeles 90232,,,,
404669,929404,,4208002002.0,,3819.0,,,South,,,Clarington,Avenue,,,,,,,,,,,,,90232.0,,Los Angeles,Culver City,,,,,LA City,{D80DFDEE-436D-4E27-B2AC-A4D7A9B240AF},0,,D80DFDEE-436D-4E27-B2AC-A4D7A9B240AF,Unknown,,S,,,Ave,S Clarington Ave,2023/09/12 23:03:18+00,3819 S Clarington Ave Culver City 90232,D80DFDEE-436D-4E27-B2AC-A4D7A9B240AF_3819_S_Clarington_Ave_Culver_City_90232,Clarington,3819 S Clarington Avenue Ave Los Angeles 90232,,,,
404670,929419,,4208002018.0,,3835.0,,,South,,,Clarington,Avenue,,,,,,,,,,,,,90232.0,,Los Angeles,Culver City,,,,,LA City,{F27DD226-6489-49FB-BEE2-9D4CD00B94E4},0,,F27DD226-6489-49FB-BEE2-9D4CD00B94E4,Unknown,,S,,,Ave,S Clarington Ave,2023/09/12 23:03:18+00,3835 S Clarington Ave Culver City 90232,F27DD226-6489-49FB-BEE2-9D4CD00B94E4_3835_S_Clarington_Ave_Culver_City_90232,Clarington,3835 S Clarington Avenue Ave Los Angeles 90232,,,,
404671,929420,,4208002019.0,,10100.0,,,West,,,Venice,Boulevard,,,,,,,,,,,,,90232.0,,Los Angeles,Culver City,,,,,LA City,{35BF0048-5DE2-454B-ABB4-D2C0BC470032},0,,35BF0048-5DE2-454B-ABB4-D2C0BC470032,Unknown,,W,,,Blvd,W Venice Blvd,2023/09/12 23:03:18+00,10100 W Venice Blvd Culver City 90232,35BF0048-5DE2-454B-ABB4-D2C0BC470032_10100_W_Venice_Blvd_Culver_City_90232,Venice,10100 W Venice Boulevard Blvd Los Angeles 90232,,,,
404672,929425,,4208003009.0,,3820.0,,,South,,,Jasmine,Avenue,,,,,,,,,,,,,90232.0,,Los Angeles,Culver City,,,,,LA City,{CF1B2302-04F1-4115-9E63-7BEF6E90FA51},0,,CF1B2302-04F1-4115-9E63-7BEF6E90FA51,Unknown,,S,,,Ave,S Jasmine Ave,2023/09/12 23:03:18+00,3820 S Jasmine Ave Culver City 90232,CF1B2302-04F1-4115-9E63-7BEF6E90FA51_3820_S_Jasmine_Ave_Culver_City_90232,Jasmine,3820 S Jasmine Avenue Ave Los Angeles 90232,,,,
404673,929429,,4208003025.0,,10150.0,,,West,,,Venice,Boulevard,,,,,,,,,,,,,90232.0,,Los Angeles,Culver City,,,,,LA City,{385EC05C-71CE-452A-8AFC-CDE55F7C8F1D},0,,385EC05C-71CE-452A-8AFC-CDE55F7C8F1D,Unknown,,W,,,Blvd,W Venice Blvd,2023/09/12 23:03:18+00,10150 W Venice Blvd Culver City 90232,385EC05C-71CE-452A-8AFC-CDE55F7C8F1D_10150_W_Venice_Blvd_Culver_City_90232,Venice,10150 W Venice Boulevard Blvd Los Angeles 90232,,,,
404674,929430,,4208004004.0,,3848.0,,,South,,,Vinton,Avenue,,,,,,,,,,,,1-4,90232.0,,Los Angeles,Culver City,,,,,LA City,{FE8F7904-2B8E-4BD2-BB2A-248CC66E6685},0,,FE8F7904-2B8E-4BD2-BB2A-248CC66E6685,Unknown,,S,,,Ave,S Vinton Ave,2023/09/12 23:03:18+00,3848 S Vinton Ave 1-4 Culver City 90232,FE8F7904-2B8E-4BD2-BB2A-248CC66E6685_3848_S_Vinton_Ave_1-4_Culver_City_90232,Vinton,3848 S Vinton Avenue Ave 1-4 Los Angeles 90232,,,,
404675,929431,,4208004005.0,,3852.0,,,South,,,Vinton,Avenue,,,,,,,,,,,,,90232.0,,Los Angeles,Culver City,,,,,LA City,{23D32D03-BB3D-4274-88CC-A25E70B1A115},0,,23D32D03-BB3D-4274-88CC-A25E70B1A115,Unknown,,S,,,Ave,S Vinton Ave,2023/09/12 23:03:18+00,3852 S Vinton Ave Culver City 90232,23D32D03-BB3D-4274-88CC-A25E70B1A115_3852_S_Vinton_Ave_Culver_City_90232,Vinton,3852 S Vinton Avenue Ave Los Angeles 90232,,,,
404676,929432,,4208004010.0,,10201.0,,,West,,,Washington,Boulevard,,,,,,,,,,,,,90232.0,,Los Angeles,Culver City,,,,,LA City,{A952DA74-38BF-4A68-9306-1A2075A0B4E8},0,,A952DA74-38BF-4A68-9306-1A2075A0B4E8,Unknown,,W,,,Blvd,W Washington Blvd,2023/09/12 23:03:18+00,10201 W Washington Blvd Culver City 90232,A952DA74-38BF-4A68-9306-1A2075A0B4E8_10201_W_Washington_Blvd_Culver_City_90232,Washington,10201 W Washington Boulevard Blvd Los Angeles 90232,,,,
404677,929433,,4208004011.0,,3861.0,,,South,,,Jasmine,Avenue,,,,,,,,,,,,,90232.0,,Los Angeles,Culver City,,,,,LA City,{6F47670A-E679-4C30-8732-0F21C0E6D83A},0,,6F47670A-E679-4C30-8732-0F21C0E6D83A,Unknown,,S,,,Ave,S Jasmine Ave,2023/09/12 23:03:18+00,3861 S Jasmine Ave Culver City 90232,6F47670A-E679-4C30-8732-0F21C0E6D83A_3861_S_Jasmine_Ave_Culver_City_90232,Jasmine,3861 S Jasmine Avenue Ave Los Angeles 90232,,,,
404678,929434,,4208004012.0,,3855.0,,,South,,,Jasmine,Avenue,,,,,,,,,,,,,90232.0,,Los Angeles,Culver City,,,,,LA City,{1C8AC913-2771-45A5-98F3-7C2E70A7AFAB},0,,1C8AC913-2771-45A5-98F3-7C2E70A7AFAB,Unknown,,S,,,Ave,S Jasmine Ave,2023/09/12 23:03:18+00,3855 S Jasmine Ave Culver City 90232,1C8AC913-2771-45A5-98F3-7C2E70A7AFAB_3855_S_Jasmine_Ave_Culver_City_90232,Jasmine,3855 S Jasmine Avenue Ave Los Angeles 90232,,,,
404679,929435,,4208004014.0,,3845.0,,,South,,,Jasmine,Avenue,,,,,,,,,,,,,90232.0,,Los Angeles,Culver City,,,,,LA City,{10D33F82-C198-4E35-9E18-8763F212CA0F},0,,10D33F82-C198-4E35-9E18-8763F212CA0F,Unknown,,S,,,Ave,S Jasmine Ave,2023/09/12 23:03:18+00,3845 S Jasmine Ave Culver City 90232,10D33F82-C198-4E35-9E18-8763F212CA0F_3845_S_Jasmine_Ave_Culver_City_90232,Jasmine,3845 S Jasmine Avenue Ave Los Angeles 90232,,,,
404680,929436,,4208004021.0,,3835.0,,,South,,,Jasmine,Avenue,,,,,,,,,,,,,90232.0,,Los Angeles,Culver City,,,,,LA City,{0294DAEB-ED8C-4463-A14A-05CA3CF5AD8F},0,,0294DAEB-ED8C-4463-A14A-05CA3CF5AD8F,Unknown,,S,,,Ave,S Jasmine Ave,2023/09/12 23:03:18+00,3835 S Jasmine Ave Culver City 90232,0294DAEB-ED8C-4463-A14A-05CA3CF5AD8F_3835_S_Jasmine_Ave_Culver_City_90232,Jasmine,3835 S Jasmine Avenue Ave Los Angeles 90232,,,,
404681,929437,,4208004021.0,,3837.0,,,South,,,Jasmine,Avenue,,,,,,,,,,,,,90232.0,,Los Angeles,Culver City,,,,,LA City,{08A7DACF-5BBA-4578-96FE-77A060B8ABCC},0,,08A7DACF-5BBA-4578-96FE-77A060B8ABCC,Unknown,,S,,,Ave,S Jasmine Ave,2023/09/12 23:03:18+00,3837 S Jasmine Ave Culver City 90232,08A7DACF-5BBA-4578-96FE-77A060B8ABCC_3837_S_Jasmine_Ave_Culver_City_90232,Jasmine,3837 S Jasmine Avenue Ave Los Angeles 90232,,,,
404682,929438,,4208004022.0,,3822.0,,,South,,,Vinton,Avenue,,,,,,,,,,,,,90232.0,,Los Angeles,Culver City,,,,,LA City,{5DD9E940-3A63-4FA8-95B4-1EB8B105B7AD},0,,5DD9E940-3A63-4FA8-95B4-1EB8B105B7AD,Unknown,,S,,,Ave,S Vinton Ave,2024/05/12 21:05:27+00,3822 S Vinton Ave Culver City 90232,5DD9E940-3A63-4FA8-95B4-1EB8B105B7AD_3822_S_Vinton_Ave_Culver_City_90232,Vinton,3822 S Vinton Avenue Ave Los Angeles 90232,,,,
404683,929439,,4208004022.0,,3822.0,1/2,,South,,,Vinton,Avenue,,,,,,,,,,,,,90232.0,,Los Angeles,Culver City,,,,,LA City,{6DDDDBBA-FD1B-47BB-B3F0-BF374F079DE1},0,,6DDDDBBA-FD1B-47BB-B3F0-BF374F079DE1,Unknown,,S,,,Ave,S Vinton Ave,2024/05/12 21:05:27+00,3822 1/2 S Vinton Ave Culver City 90232,6DDDDBBA-FD1B-47BB-B3F0-BF374F079DE1_3822_1/2_S_Vinton_Ave_Culver_City_90232,Vinton,3822 1/2 S Vinton Avenue Ave Los Angeles 90232,,,,
404684,929440,,4208004027.0,,3830.0,,,South,,,Vinton,Avenue,,,,,,,,,,,,1-44,90232.0,,Los Angeles,Culver City,,,,,LA City,{3E0A6F2C-FDA8-47E6-9B86-3E75BBF0422B},0,,3E0A6F2C-FDA8-47E6-9B86-3E75BBF0422B,Unknown,,S,,,Ave,S Vinton Ave,2023/09/12 23:03:18+00,3830 S Vinton Ave 1-44 Culver City 90232,3E0A6F2C-FDA8-47E6-9B86-3E75BBF0422B_3830_S_Vinton_Ave_1-44_Culver_City_90232,Vinton,3830 S Vinton Avenue Ave 1-44 Los Angeles 90232,,,,
404685,929441,,4208004028.0,,10223.0,,,West,,,Washington,Boulevard,,,,,,,,,,,,,90232.0,,Los Angeles,Culver City,,,,,LA City,{22C2ED33-4F4B-42A0-A8CC-C9A3E356064A},0,,22C2ED33-4F4B-42A0-A8CC-C9A3E356064A,Unknown,,W,,,Blvd,W Washington Blvd,2023/09/12 23:03:18+00,10223 W Washington Blvd Culver City 90232,22C2ED33-4F4B-42A0-A8CC-C9A3E356064A_10223_W_Washington_Blvd_Culver_City_90232,Washington,10223 W Washington Boulevard Blvd Los Angeles 90232,,,,
404686,929442,,4208004028.0,,10210.0,,,,,,Washington,Boulevard,,,,,,,,,,,,,90232.0,,Los Angeles,Culver City,,,,,Assessor,{78B36A83-1869-4156-B724-936BF8F2C6C1},0,,78B36A83-1869-4156-B724-936BF8F2C6C1,Unknown,,,,,Blvd,Washington Blvd,2024/04/27 17:13:09+00,10210 Washington Blvd Culver City 90232,78B36A83-1869-4156-B724-936BF8F2C6C1_10210_Washington_Blvd_Culver_City_90232,Washington,10210 Washington Boulevard Blvd Los Angeles 90232,,,,
404687,929443,,4208004033.0,,10226.0,,,West,,,Venice,Boulevard,,,,,,,,,,,,,90232.0,,Los Angeles,Culver City,,,,,LA City,{DD30FAA5-9D79-41B2-AA93-4C0C112A6A50},0,,DD30FAA5-9D79-41B2-AA93-4C0C112A6A50,Unknown,,W,,,Blvd,W Venice Blvd,2023/09/12 23:03:18+00,10226 W Venice Blvd Culver City 90232,DD30FAA5-9D79-41B2-AA93-4C0C112A6A50_10226_W_Venice_Blvd_Culver_City_90232,Venice,10226 W Venice Boulevard Blvd Los Angeles 90232,,,,
404688,929444,,4208004033.0,,10200.0,,,West,,,Venice,Boulevard,,,,,,,,,,,,,90232.0,,Los Angeles,Culver City,,,,,LA City,{2B4D2A45-C105-4B17-B0D2-A9F72DF33A75},0,,2B4D2A45-C105-4B17-B0D2-A9F72DF33A75,Unknown,,W,,,Blvd,W Venice Blvd,2023/09/12 23:03:18+00,10200 W Venice Blvd Culver City 90232,2B4D2A45-C105-4B17-B0D2-A9F72DF33A75_10200_W_Venice_Blvd_Culver_City_90232,Venice,10200 W Venice Boulevard Blvd Los Angeles 90232,,,,
404689,929445,,4208004034.0,,3838.0,,,South,,,Vinton,Avenue,,,,,,,,,,,,1-39,90232.0,,Los Angeles,Culver City,,,,,LA City,{41D6E0A2-7553-4D06-9336-4D4203497284},0,,41D6E0A2-7553-4D06-9336-4D4203497284,Unknown,,S,,,Ave,S Vinton Ave,2023/09/12 23:03:18+00,3838 S Vinton Ave 1-39 Culver City 90232,41D6E0A2-7553-4D06-9336-4D4203497284_3838_S_Vinton_Ave_1-39_Culver_City_90232,Vinton,3838 S Vinton Avenue Ave 1-39 Los Angeles 90232,,,,
404690,929446,,4208005001.0,,3840.0,,,South,,,Goldwyn,Terrace,,,,,,,,,,,,,90232.0,,Los Angeles,Culver City,,,,,LA City,{51F9291A-FEE3-4D55-AC56-F8A9D64E4673},0,,51F9291A-FEE3-4D55-AC56-F8A9D64E4673,Unknown,,S,,,Ter,S Goldwyn Ter,2023/09/12 23:03:18+00,3840 S Goldwyn Ter Culver City 90232,51F9291A-FEE3-4D55-AC56-F8A9D64E4673_3840_S_Goldwyn_Ter_Culver_City_90232,Goldwyn,3840 S Goldwyn Terrace Ter Los Angeles 90232,,,,
404691,929447,,4208005002.0,,3844.0,,,South,,,Goldwyn,Terrace,,,,,,,,,,,,,90232.0,,Los Angeles,Culver City,,,,,LA City,{BA54E8F9-9243-4F3C-8CB4-5F677AC14E7A},0,,BA54E8F9-9243-4F3C-8CB4-5F677AC14E7A,Unknown,,S,,,Ter,S Goldwyn Ter,2023/09/12 23:03:18+00,3844 S Goldwyn Ter Culver City 90232,BA54E8F9-9243-4F3C-8CB4-5F677AC14E7A_3844_S_Goldwyn_Ter_Culver_City_90232,Goldwyn,3844 S Goldwyn Terrace Ter Los Angeles 90232,,,,
404692,929448,,4208005003.0,,3848.0,,,South,,,Goldwyn,Terrace,,,,,,,,,,,,,90232.0,,Los Angeles,Culver City,,,,,LA City,{CC69B4E3-BA2D-4563-B88C-696A7F7E4177},0,,CC69B4E3-BA2D-4563-B88C-696A7F7E4177,Unknown,,S,,,Ter,S Goldwyn Ter,2023/09/12 23:03:18+00,3848 S Goldwyn Ter Culver City 90232,CC69B4E3-BA2D-4563-B88C-696A7F7E4177_3848_S_Goldwyn_Ter_Culver_City_90232,Goldwyn,3848 S Goldwyn Terrace Ter Los Angeles 90232,,,,
404693,929449,,4208005004.0,,3852.0,,,South,,,Goldwyn,Terrace,,,,,,,,,,,,,90232.0,,Los Angeles,Culver City,,,,,LA City,{9D417A29-F793-479E-BB45-9F7C56A8D38E},0,,9D417A29-F793-479E-BB45-9F7C56A8D38E,Unknown,,S,,,Ter,S Goldwyn Ter,2023/09/12 23:03:18+00,3852 S Goldwyn Ter Culver City 90232,9D417A29-F793-479E-BB45-9F7C56A8D38E_3852_S_Goldwyn_Ter_Culver_City_90232,Goldwyn,3852 S Goldwyn Terrace Ter Los Angeles 90232,,,,
404694,929450,,4208005005.0,,3854.0,,,South,,,Goldwyn,Terrace,,,,,,,,,,,,,90232.0,,Los Angeles,Culver City,,,,,LA City,{94CDA3CB-B779-4D1F-9405-0570D8B74D7B},0,,94CDA3CB-B779-4D1F-9405-0570D8B74D7B,Unknown,,S,,,Ter,S Goldwyn Ter,2023/09/12 23:03:18+00,3854 S Goldwyn Ter Culver City 90232,94CDA3CB-B779-4D1F-9405-0570D8B74D7B_3854_S_Goldwyn_Ter_Culver_City_90232,Goldwyn,3854 S Goldwyn Terrace Ter Los Angeles 90232,,,,
404695,929451,,4208005006.0,,3858.0,,,South,,,Goldwyn,Terrace,,,,,,,,,,,,,90232.0,,Los Angeles,Culver City,,,,,LA City,{686F3ED0-200B-4418-AF82-3E17989558A7},0,,686F3ED0-200B-4418-AF82-3E17989558A7,Unknown,,S,,,Ter,S Goldwyn Ter,2023/09/12 23:03:18+00,3858 S Goldwyn Ter Culver City 90232,686F3ED0-200B-4418-AF82-3E17989558A7_3858_S_Goldwyn_Ter_Culver_City_90232,Goldwyn,3858 S Goldwyn Terrace Ter Los Angeles 90232,,,,
404696,929452,,4208005007.0,,3860.0,,,South,,,Goldwyn,Terrace,,,,,,,,,,,,,90232.0,,Los Angeles,Culver City,,,,,LA City,{820F0F50-D605-4161-A03F-7AB23A657F3F},0,,820F0F50-D605-4161-A03F-7AB23A657F3F,Unknown,,S,,,Ter,S Goldwyn Ter,2023/09/12 23:03:18+00,3860 S Goldwyn Ter Culver City 90232,820F0F50-D605-4161-A03F-7AB23A657F3F_3860_S_Goldwyn_Ter_Culver_City_90232,Goldwyn,3860 S Goldwyn Terrace Ter Los Angeles 90232,,,,
404697,929453,,4208005011.0,,10315.0,,,West,,,Washington,Boulevard,,,,,,,,,,,,,90232.0,,Los Angeles,Culver City,,,,,LA City,{66532324-E7B5-4534-8607-DADAD15E21A9},0,,66532324-E7B5-4534-8607-DADAD15E21A9,Unknown,,W,,,Blvd,W Washington Blvd,2023/09/12 23:03:18+00,10315 W Washington Blvd Culver City 90232,66532324-E7B5-4534-8607-DADAD15E21A9_10315_W_Washington_Blvd_Culver_City_90232,Washington,10315 W Washington Boulevard Blvd Los Angeles 90232,,,,
404698,929454,,4208005012.0,,10309.0,,,West,,,Washington,Boulevard,,,,,,,,,,,,,90232.0,,Los Angeles,Culver City,,,,,LA City,{DB9A4AF1-692A-403E-94AB-1F7B2378063C},0,,DB9A4AF1-692A-403E-94AB-1F7B2378063C,Unknown,,W,,,Blvd,W Washington Blvd,2023/09/12 23:03:18+00,10309 W Washington Blvd Culver City 90232,DB9A4AF1-692A-403E-94AB-1F7B2378063C_10309_W_Washington_Blvd_Culver_City_90232,Washington,10309 W Washington Boulevard Blvd Los Angeles 90232,,,,
404699,929455,,4208005013.0,,10301.0,,,West,,,Washington,Boulevard,,,,,,,,,,,,,90232.0,,Los Angeles,Culver City,,,,,LA City,{2404D9E7-D7EC-45A1-A831-70FCD69B9002},0,,2404D9E7-D7EC-45A1-A831-70FCD69B9002,Unknown,,W,,,Blvd,W Washington Blvd,2023/09/12 23:03:18+00,10301 W Washington Blvd Culver City 90232,2404D9E7-D7EC-45A1-A831-70FCD69B9002_10301_W_Washington_Blvd_Culver_City_90232,Washington,10301 W Washington Boulevard Blvd Los Angeles 90232,,,,
404700,929456,,4208005016.0,,3853.0,,,South,,,Vinton,Avenue,,,,,,,,,,,,1-2,90232.0,,Los Angeles,Culver City,,,,,LA City,{93CB44A3-14DF-49E3-BF01-A8D5E9DF0F02},0,,93CB44A3-14DF-49E3-BF01-A8D5E9DF0F02,Unknown,,S,,,Ave,S Vinton Ave,2023/09/12 23:03:18+00,3853 S Vinton Ave 1-2 Culver City 90232,93CB44A3-14DF-49E3-BF01-A8D5E9DF0F02_3853_S_Vinton_Ave_1-2_Culver_City_90232,Vinton,3853 S Vinton Avenue Ave 1-2 Los Angeles 90232,,,,
404701,929457,,4208005017.0,,3849.0,,,South,,,Vinton,Avenue,,,,,,,,,,,,,90232.0,,Los Angeles,Culver City,,,,,LA City,{C54DC19B-C056-4228-BE5D-D42E22BB58DA},0,,C54DC19B-C056-4228-BE5D-D42E22BB58DA,Unknown,,S,,,Ave,S Vinton Ave,2023/09/12 23:03:18+00,3849 S Vinton Ave Culver City 90232,C54DC19B-C056-4228-BE5D-D42E22BB58DA_3849_S_Vinton_Ave_Culver_City_90232,Vinton,3849 S Vinton Avenue Ave Los Angeles 90232,,,,
404702,929458,,4208005017.0,,3851.0,,,,,,Vinton,Avenue,,,,,,,,,,,UNIT,1,90232.0,,Los Angeles,Culver City,,,,,Assessor,{A638F299-621B-4E6B-9C65-E51A9DD53633},0,,A638F299-621B-4E6B-9C65-E51A9DD53633,Unknown,,,,,Ave,Vinton Ave,2024/04/27 17:13:09+00,3851 Vinton Ave UNIT 1 Culver City 90232,A638F299-621B-4E6B-9C65-E51A9DD53633_3851_Vinton_Ave_UNIT_1_Culver_City_90232,Vinton,3851 Vinton Avenue Ave UNIT 1 Los Angeles 90232,,,,
404703,929459,,4208005018.0,,3845.0,,,South,,,Vinton,Avenue,,,,,,,,,,,,,90232.0,,Los Angeles,Culver City,,,,,LA City,{3014265B-BFCC-4152-B844-A585550D2056},0,,3014265B-BFCC-4152-B844-A585550D2056,Unknown,,S,,,Ave,S Vinton Ave,2023/09/12 23:03:18+00,3845 S Vinton Ave Culver City 90232,3014265B-BFCC-4152-B844-A585550D2056_3845_S_Vinton_Ave_Culver_City_90232,Vinton,3845 S Vinton Avenue Ave Los Angeles 90232,,,,
404704,929460,,4208005019.0,,3841.0,,,South,,,Vinton,Avenue,,,,,,,,,,,,,90232.0,,Los Angeles,Culver City,,,,,LA City,{14A9A042-5960-4861-A1A7-263D7164C5BB},0,,14A9A042-5960-4861-A1A7-263D7164C5BB,Unknown,,S,,,Ave,S Vinton Ave,2023/09/12 23:03:18+00,3841 S Vinton Ave Culver City 90232,14A9A042-5960-4861-A1A7-263D7164C5BB_3841_S_Vinton_Ave_Culver_City_90232,Vinton,3841 S Vinton Avenue Ave Los Angeles 90232,,,,
404705,929461,,4208005022.0,,3813.0,,,South,,,Vinton,Avenue,,,,,,,,,,,,1-4,90232.0,,Los Angeles,Culver City,,,,,LA City,{F4A2A4B3-BF7E-409D-9150-1D40BCACC2FE},0,,F4A2A4B3-BF7E-409D-9150-1D40BCACC2FE,Unknown,,S,,,Ave,S Vinton Ave,2023/09/12 23:03:18+00,3813 S Vinton Ave 1-4 Culver City 90232,F4A2A4B3-BF7E-409D-9150-1D40BCACC2FE_3813_S_Vinton_Ave_1-4_Culver_City_90232,Vinton,3813 S Vinton Avenue Ave 1-4 Los Angeles 90232,,,,
404706,929462,,4208005023.0,,3817.0,,,South,,,Vinton,Avenue,,,,,,,,,,,,,90232.0,,Los Angeles,Culver City,,,,,LA City,{CA080C32-5475-46DE-9FB7-7D9950B582AB},0,,CA080C32-5475-46DE-9FB7-7D9950B582AB,Unknown,,S,,,Ave,S Vinton Ave,2023/09/12 23:03:18+00,3817 S Vinton Ave Culver City 90232,CA080C32-5475-46DE-9FB7-7D9950B582AB_3817_S_Vinton_Ave_Culver_City_90232,Vinton,3817 S Vinton Avenue Ave Los Angeles 90232,,,,
404707,929463,,4208005024.0,,3816.0,,,South,,,Goldwyn,Terrace,,,,,,,,,,,,,90232.0,,Los Angeles,Culver City,,,,,LA City,{638E114C-2439-4218-AD10-FA42ABFE71CE},0,,638E114C-2439-4218-AD10-FA42ABFE71CE,Unknown,,S,,,Ter,S Goldwyn Ter,2023/09/12 23:03:18+00,3816 S Goldwyn Ter Culver City 90232,638E114C-2439-4218-AD10-FA42ABFE71CE_3816_S_Goldwyn_Ter_Culver_City_90232,Goldwyn,3816 S Goldwyn Terrace Ter Los Angeles 90232,,,,
404708,929464,,4208005025.0,,3821.0,,,South,,,Vinton,Avenue,,,,,,,,,,,,1-2,90232.0,,Los Angeles,Culver City,,,,,LA City,{06616936-E0F0-4578-B123-425CB4630429},0,,06616936-E0F0-4578-B123-425CB4630429,Unknown,,S,,,Ave,S Vinton Ave,2023/09/12 23:03:18+00,3821 S Vinton Ave 1-2 Culver City 90232,06616936-E0F0-4578-B123-425CB4630429_3821_S_Vinton_Ave_1-2_Culver_City_90232,Vinton,3821 S Vinton Avenue Ave 1-2 Los Angeles 90232,,,,
404709,929465,,4208005026.0,,3825.0,,,South,,,Vinton,Avenue,,,,,,,,,,,,,90232.0,,Los Angeles,Culver City,,,,,LA City,{96D8896F-DFF0-45E2-8D3A-E9A6F84134C6},0,,96D8896F-DFF0-45E2-8D3A-E9A6F84134C6,Unknown,,S,,,Ave,S Vinton Ave,2023/09/12 23:03:18+00,3825 S Vinton Ave Culver City 90232,96D8896F-DFF0-45E2-8D3A-E9A6F84134C6_3825_S_Vinton_Ave_Culver_City_90232,Vinton,3825 S Vinton Avenue Ave Los Angeles 90232,,,,
404710,929466,,4208005027.0,,3829.0,,,South,,,Vinton,Avenue,,,,,,,,,,,,1-6,90232.0,,Los Angeles,Culver City,,,,,LA City,{84004BC4-EF9C-40ED-A561-A65DD91DAFD1},0,,84004BC4-EF9C-40ED-A561-A65DD91DAFD1,Unknown,,S,,,Ave,S Vinton Ave,2023/09/12 23:03:18+00,3829 S Vinton Ave 1-6 Culver City 90232,84004BC4-EF9C-40ED-A561-A65DD91DAFD1_3829_S_Vinton_Ave_1-6_Culver_City_90232,Vinton,3829 S Vinton Avenue Ave 1-6 Los Angeles 90232,,,,
404711,929467,,4208005028.0,,3833.0,,,South,,,Vinton,Avenue,,,,,,,,,,,,,90232.0,,Los Angeles,Culver City,,,,,LA City,{BF1E4685-C493-4362-B614-2C84214A7BB6},0,,BF1E4685-C493-4362-B614-2C84214A7BB6,Unknown,,S,,,Ave,S Vinton Ave,2023/09/12 23:03:18+00,3833 S Vinton Ave Culver City 90232,BF1E4685-C493-4362-B614-2C84214A7BB6_3833_S_Vinton_Ave_Culver_City_90232,Vinton,3833 S Vinton Avenue Ave Los Angeles 90232,,,,
404712,929468,,4208005029.0,,3837.0,,,South,,,Vinton,Avenue,,,,,,,,,,,,,90232.0,,Los Angeles,Culver City,,,,,LA City,{8E043657-262E-4DC1-A1C3-E905FE5A8AFF},0,,8E043657-262E-4DC1-A1C3-E905FE5A8AFF,Unknown,,S,,,Ave,S Vinton Ave,2023/09/12 23:03:18+00,3837 S Vinton Ave Culver City 90232,8E043657-262E-4DC1-A1C3-E905FE5A8AFF_3837_S_Vinton_Ave_Culver_City_90232,Vinton,3837 S Vinton Avenue Ave Los Angeles 90232,,,,
404713,929469,,4208005030.0,,3820.0,,,South,,,Goldwyn,Terrace,,,,,,,,,,,,,90232.0,,Los Angeles,Culver City,,,,,LA City,{69AA9CDC-E66F-40EF-8255-90256A4C4B14},0,,69AA9CDC-E66F-40EF-8255-90256A4C4B14,Unknown,,S,,,Ter,S Goldwyn Ter,2023/09/12 23:03:18+00,3820 S Goldwyn Ter Culver City 90232,69AA9CDC-E66F-40EF-8255-90256A4C4B14_3820_S_Goldwyn_Ter_Culver_City_90232,Goldwyn,3820 S Goldwyn Terrace Ter Los Angeles 90232,,,,
404714,929470,,4208005031.0,,3824.0,,,South,,,Goldwyn,Terrace,,,,,,,,,,,,,90232.0,,Los Angeles,Culver City,,,,,LA City,{77D0E6E1-5AB4-434C-AC56-B833815BF618},0,,77D0E6E1-5AB4-434C-AC56-B833815BF618,Unknown,,S,,,Ter,S Goldwyn Ter,2023/09/12 23:03:18+00,3824 S Goldwyn Ter Culver City 90232,77D0E6E1-5AB4-434C-AC56-B833815BF618_3824_S_Goldwyn_Ter_Culver_City_90232,Goldwyn,3824 S Goldwyn Terrace Ter Los Angeles 90232,,,,
404715,929471,,4208005032.0,,3828.0,,,South,,,Goldwyn,Terrace,,,,,,,,,,,,,90232.0,,Los Angeles,Culver City,,,,,LA City,{F1EE615A-15D9-47FB-B5B0-27D5F02D2AC4},0,,F1EE615A-15D9-47FB-B5B0-27D5F02D2AC4,Unknown,,S,,,Ter,S Goldwyn Ter,2023/09/12 23:03:18+00,3828 S Goldwyn Ter Culver City 90232,F1EE615A-15D9-47FB-B5B0-27D5F02D2AC4_3828_S_Goldwyn_Ter_Culver_City_90232,Goldwyn,3828 S Goldwyn Terrace Ter Los Angeles 90232,,,,
404716,929472,,4208005033.0,,3832.0,,,South,,,Goldwyn,Terrace,,,,,,,,,,,,,90232.0,,Los Angeles,Culver City,,,,,LA City,{5EC1F49A-DE27-4822-9F31-77195A8E63A4},0,,5EC1F49A-DE27-4822-9F31-77195A8E63A4,Unknown,,S,,,Ter,S Goldwyn Ter,2023/09/12 23:03:18+00,3832 S Goldwyn Ter Culver City 90232,5EC1F49A-DE27-4822-9F31-77195A8E63A4_3832_S_Goldwyn_Ter_Culver_City_90232,Goldwyn,3832 S Goldwyn Terrace Ter Los Angeles 90232,,,,
404717,929473,,4208005034.0,,3836.0,,,South,,,Goldwyn,Terrace,,,,,,,,,,,,,90232.0,,Los Angeles,Culver City,,,,,LA City,{E3650386-44AE-4391-B504-164BC47704C4},0,,E3650386-44AE-4391-B504-164BC47704C4,Unknown,,S,,,Ter,S Goldwyn Ter,2023/09/12 23:03:18+00,3836 S Goldwyn Ter Culver City 90232,E3650386-44AE-4391-B504-164BC47704C4_3836_S_Goldwyn_Ter_Culver_City_90232,Goldwyn,3836 S Goldwyn Terrace Ter Los Angeles 90232,,,,
404718,929474,,4208005035.0,,10317.0,,,West,,,Washington,Boulevard,,,,,,,,,,,,,90232.0,,Los Angeles,Culver City,,,,,LA City,{1FC6C2DB-B863-4CD7-8155-65D8BB10D680},0,,1FC6C2DB-B863-4CD7-8155-65D8BB10D680,Unknown,,W,,,Blvd,W Washington Blvd,2023/09/12 23:03:18+00,10317 W Washington Blvd Culver City 90232,1FC6C2DB-B863-4CD7-8155-65D8BB10D680_10317_W_Washington_Blvd_Culver_City_90232,Washington,10317 W Washington Boulevard Blvd Los Angeles 90232,,,,
404719,929475,,4208005036.0,,3861.0,,,South,,,Vinton,Avenue,,,,,,,,,,,,1-26,90232.0,,Los Angeles,Culver City,,,,,LA City,{FA019AD8-B097-43EF-8C23-835E0F06D1E1},0,,FA019AD8-B097-43EF-8C23-835E0F06D1E1,Unknown,,S,,,Ave,S Vinton Ave,2023/09/12 23:03:18+00,3861 S Vinton Ave 1-26 Culver City 90232,FA019AD8-B097-43EF-8C23-835E0F06D1E1_3861_S_Vinton_Ave_1-26_Culver_City_90232,Vinton,3861 S Vinton Avenue Ave 1-26 Los Angeles 90232,,,,
404720,929476,,4208005038.0,,3812.0,,,South,,,Goldwyn,Terrace,,,,,,,,,,,,,90232.0,,Los Angeles,Culver City,,,,,LA City,{865FA78D-7B1D-438A-A5D4-8D85C087D683},0,,865FA78D-7B1D-438A-A5D4-8D85C087D683,Unknown,,S,,,Ter,S Goldwyn Ter,2023/09/12 23:03:18+00,3812 S Goldwyn Ter Culver City 90232,865FA78D-7B1D-438A-A5D4-8D85C087D683_3812_S_Goldwyn_Ter_Culver_City_90232,Goldwyn,3812 S Goldwyn Terrace Ter Los Angeles 90232,,,,
404721,929477,,4208005038.0,,10300.0,,,West,,,Venice,Boulevard,,,,,,,,,,,,1-6,90232.0,,Los Angeles,Culver City,,,,,LA City,{3C35BE7B-FFB8-47EF-A90B-986D99076B16},0,,3C35BE7B-FFB8-47EF-A90B-986D99076B16,Unknown,,W,,,Blvd,W Venice Blvd,2023/09/12 23:03:18+00,10300 W Venice Blvd 1-6 Culver City 90232,3C35BE7B-FFB8-47EF-A90B-986D99076B16_10300_W_Venice_Blvd_1-6_Culver_City_90232,Venice,10300 W Venice Boulevard Blvd 1-6 Los Angeles 90232,,,,
404722,929478,,4208006001.0,,10320.0,,,West,,,Venice,Boulevard,,,,,,,,,,,,,90232.0,,Los Angeles,Culver City,,,,,LA City,{B3EEE7B0-0294-407B-A480-0AD386ED9710},0,,B3EEE7B0-0294-407B-A480-0AD386ED9710,Unknown,,W,,,Blvd,W Venice Blvd,2023/09/12 23:03:18+00,10320 W Venice Blvd Culver City 90232,B3EEE7B0-0294-407B-A480-0AD386ED9710_10320_W_Venice_Blvd_Culver_City_90232,Venice,10320 W Venice Boulevard Blvd Los Angeles 90232,,,,
404723,929479,,4208006002.0,,3811.0,,,South,,,Goldwyn,Terrace,,,,,,,,,,,,,90232.0,,Los Angeles,Culver City,,,,,LA City,{61E8150C-354A-4319-8B38-6C5C479A7EBC},0,,61E8150C-354A-4319-8B38-6C5C479A7EBC,Unknown,,S,,,Ter,S Goldwyn Ter,2023/09/12 23:03:18+00,3811 S Goldwyn Ter Culver City 90232,61E8150C-354A-4319-8B38-6C5C479A7EBC_3811_S_Goldwyn_Ter_Culver_City_90232,Goldwyn,3811 S Goldwyn Terrace Ter Los Angeles 90232,,,,
404724,929480,,4208006003.0,,3815.0,,,South,,,Goldwyn,Terrace,,,,,,,,,,,,,90232.0,,Los Angeles,Culver City,,,,,LA City,{8FE3C897-2BEB-43C1-A594-D896734CE45B},0,,8FE3C897-2BEB-43C1-A594-D896734CE45B,Unknown,,S,,,Ter,S Goldwyn Ter,2023/09/12 23:03:18+00,3815 S Goldwyn Ter Culver City 90232,8FE3C897-2BEB-43C1-A594-D896734CE45B_3815_S_Goldwyn_Ter_Culver_City_90232,Goldwyn,3815 S Goldwyn Terrace Ter Los Angeles 90232,,,,
404725,929481,,4208006004.0,,3819.0,,,South,,,Goldwyn,Terrace,,,,,,,,,,,,,90232.0,,Los Angeles,Culver City,,,,,LA City,{0801A874-BCDE-4EB2-B689-AB33C9FC64A1},0,,0801A874-BCDE-4EB2-B689-AB33C9FC64A1,Unknown,,S,,,Ter,S Goldwyn Ter,2023/09/12 23:03:18+00,3819 S Goldwyn Ter Culver City 90232,0801A874-BCDE-4EB2-B689-AB33C9FC64A1_3819_S_Goldwyn_Ter_Culver_City_90232,Goldwyn,3819 S Goldwyn Terrace Ter Los Angeles 90232,,,,
404726,929482,,4208006005.0,,3823.0,,,South,,,Goldwyn,Terrace,,,,,,,,,,,,,90232.0,,Los Angeles,Culver City,,,,,LA City,{4525C58F-42DB-4508-A32F-A319B9CDDB35},0,,4525C58F-42DB-4508-A32F-A319B9CDDB35,Unknown,,S,,,Ter,S Goldwyn Ter,2023/09/12 23:03:18+00,3823 S Goldwyn Ter Culver City 90232,4525C58F-42DB-4508-A32F-A319B9CDDB35_3823_S_Goldwyn_Ter_Culver_City_90232,Goldwyn,3823 S Goldwyn Terrace Ter Los Angeles 90232,,,,
404727,929483,,4208006006.0,,3827.0,,,South,,,Goldwyn,Terrace,,,,,,,,,,,,,90232.0,,Los Angeles,Culver City,,,,,LA City,{BA2724A9-7588-4A88-93DF-545AFFE1BF44},0,,BA2724A9-7588-4A88-93DF-545AFFE1BF44,Unknown,,S,,,Ter,S Goldwyn Ter,2023/09/12 23:03:18+00,3827 S Goldwyn Ter Culver City 90232,BA2724A9-7588-4A88-93DF-545AFFE1BF44_3827_S_Goldwyn_Ter_Culver_City_90232,Goldwyn,3827 S Goldwyn Terrace Ter Los Angeles 90232,,,,
404728,929484,,4208006007.0,,3833.0,,,South,,,Goldwyn,Terrace,,,,,,,,,,,,,90232.0,,Los Angeles,Culver City,,,,,LA City,{46A90422-15BF-4EE6-96B2-DDE6F7262A62},0,,46A90422-15BF-4EE6-96B2-DDE6F7262A62,Unknown,,S,,,Ter,S Goldwyn Ter,2023/09/12 23:03:18+00,3833 S Goldwyn Ter Culver City 90232,46A90422-15BF-4EE6-96B2-DDE6F7262A62_3833_S_Goldwyn_Ter_Culver_City_90232,Goldwyn,3833 S Goldwyn Terrace Ter Los Angeles 90232,,,,
404729,929485,,4208006008.0,,3835.0,,,South,,,Goldwyn,Terrace,,,,,,,,,,,,,90232.0,,Los Angeles,Culver City,,,,,LA City,{2A18985D-A56B-42EF-81AC-297FD4AD00D5},0,,2A18985D-A56B-42EF-81AC-297FD4AD00D5,Unknown,,S,,,Ter,S Goldwyn Ter,2023/09/12 23:03:18+00,3835 S Goldwyn Ter Culver City 90232,2A18985D-A56B-42EF-81AC-297FD4AD00D5_3835_S_Goldwyn_Ter_Culver_City_90232,Goldwyn,3835 S Goldwyn Terrace Ter Los Angeles 90232,,,,
404730,929486,,4208006008.0,,3837.0,,,South,,,Goldwyn,Terrace,,,,,,,,,,,,,90232.0,,Los Angeles,Culver City,,,,,LA City,{1A1F30D2-7022-4B1D-A664-FA3DE34BD538},0,,1A1F30D2-7022-4B1D-A664-FA3DE34BD538,Unknown,,S,,,Ter,S Goldwyn Ter,2023/09/12 23:03:18+00,3837 S Goldwyn Ter Culver City 90232,1A1F30D2-7022-4B1D-A664-FA3DE34BD538_3837_S_Goldwyn_Ter_Culver_City_90232,Goldwyn,3837 S Goldwyn Terrace Ter Los Angeles 90232,,,,
404731,929487,,4208006010.0,,3839.0,,,South,,,Goldwyn,Terrace,,,,,,,,,,,,,90232.0,,Los Angeles,Culver City,,,,,LA City,{2C50F603-A5B3-4F06-9E62-BE201CA1AACD},0,,2C50F603-A5B3-4F06-9E62-BE201CA1AACD,Unknown,,S,,,Ter,S Goldwyn Ter,2023/09/12 23:03:18+00,3839 S Goldwyn Ter Culver City 90232,2C50F603-A5B3-4F06-9E62-BE201CA1AACD_3839_S_Goldwyn_Ter_Culver_City_90232,Goldwyn,3839 S Goldwyn Terrace Ter Los Angeles 90232,,,,
404732,929488,,4208006011.0,,3841.0,,,South,,,Goldwyn,Terrace,,,,,,,,,,,,,90232.0,,Los Angeles,Culver City,,,,,LA City,{D1EF3BEE-3544-4E7F-A54D-C7B4A9AA22E7},0,,D1EF3BEE-3544-4E7F-A54D-C7B4A9AA22E7,Unknown,,S,,,Ter,S Goldwyn Ter,2023/09/12 23:03:18+00,3841 S Goldwyn Ter Culver City 90232,D1EF3BEE-3544-4E7F-A54D-C7B4A9AA22E7_3841_S_Goldwyn_Ter_Culver_City_90232,Goldwyn,3841 S Goldwyn Terrace Ter Los Angeles 90232,,,,
404733,929489,,4208006012.0,,3843.0,,,South,,,Goldwyn,Terrace,,,,,,,,,,,,,90232.0,,Los Angeles,Culver City,,,,,LA City,{B060A523-FC08-459B-A13F-95104088D970},0,,B060A523-FC08-459B-A13F-95104088D970,Unknown,,S,,,Ter,S Goldwyn Ter,2023/09/12 23:03:18+00,3843 S Goldwyn Ter Culver City 90232,B060A523-FC08-459B-A13F-95104088D970_3843_S_Goldwyn_Ter_Culver_City_90232,Goldwyn,3843 S Goldwyn Terrace Ter Los Angeles 90232,,,,
404734,929490,,4208006013.0,,3847.0,,,South,,,Goldwyn,Terrace,,,,,,,,,,,,,90232.0,,Los Angeles,Culver City,,,,,LA City,{E135E038-5AF6-4E10-81F8-55966792D7D3},0,,E135E038-5AF6-4E10-81F8-55966792D7D3,Unknown,,S,,,Ter,S Goldwyn Ter,2023/09/12 23:03:18+00,3847 S Goldwyn Ter Culver City 90232,E135E038-5AF6-4E10-81F8-55966792D7D3_3847_S_Goldwyn_Ter_Culver_City_90232,Goldwyn,3847 S Goldwyn Terrace Ter Los Angeles 90232,,,,
404735,929491,,4208006014.0,,3855.0,,,South,,,Goldwyn,Terrace,,,,,,,,,,,,,90232.0,,Los Angeles,Culver City,,,,,LA City,{E4EEA6FF-F497-43C5-A29A-F79E34C1315E},0,,E4EEA6FF-F497-43C5-A29A-F79E34C1315E,Unknown,,S,,,Ter,S Goldwyn Ter,2023/09/12 23:03:18+00,3855 S Goldwyn Ter Culver City 90232,E4EEA6FF-F497-43C5-A29A-F79E34C1315E_3855_S_Goldwyn_Ter_Culver_City_90232,Goldwyn,3855 S Goldwyn Terrace Ter Los Angeles 90232,,,,
404736,929492,,4208006015.0,,3857.0,,,South,,,Goldwyn,Terrace,,,,,,,,,,,,,90232.0,,Los Angeles,Culver City,,,,,LA City,{FB48B3EB-CE1E-4AA1-B83F-ECB0371E4845},0,,FB48B3EB-CE1E-4AA1-B83F-ECB0371E4845,Unknown,,S,,,Ter,S Goldwyn Ter,2023/09/12 23:03:18+00,3857 S Goldwyn Ter Culver City 90232,FB48B3EB-CE1E-4AA1-B83F-ECB0371E4845_3857_S_Goldwyn_Ter_Culver_City_90232,Goldwyn,3857 S Goldwyn Terrace Ter Los Angeles 90232,,,,
404737,929493,,4208006016.0,,3859.0,,,South,,,Goldwyn,Terrace,,,,,,,,,,,,,90232.0,,Los Angeles,Culver City,,,,,LA City,{968D2479-90EE-4001-9657-AFD7FD18BD41},0,,968D2479-90EE-4001-9657-AFD7FD18BD41,Unknown,,S,,,Ter,S Goldwyn Ter,2023/09/12 23:03:18+00,3859 S Goldwyn Ter Culver City 90232,968D2479-90EE-4001-9657-AFD7FD18BD41_3859_S_Goldwyn_Ter_Culver_City_90232,Goldwyn,3859 S Goldwyn Terrace Ter Los Angeles 90232,,,,
404738,929494,,4208006017.0,,10351.0,,,West,,,Washington,Boulevard,,,,,,,,,,,,,90232.0,,Los Angeles,Culver City,,,,,LA City,{B7039993-D0DF-4F92-A16C-0BD2F9A5C7F0},0,,B7039993-D0DF-4F92-A16C-0BD2F9A5C7F0,Unknown,,W,,,Blvd,W Washington Blvd,2023/09/12 23:03:18+00,10351 W Washington Blvd Culver City 90232,B7039993-D0DF-4F92-A16C-0BD2F9A5C7F0_10351_W_Washington_Blvd_Culver_City_90232,Washington,10351 W Washington Boulevard Blvd Los Angeles 90232,,,,
404739,929495,,4208006025.0,,3844.0,,,South,,,Motor,Avenue,,,,,,,,,,,,1-5,90232.0,,Los Angeles,Culver City,,,,,LA City,{71C0628A-08EE-447B-A0D6-D3A4B44BC404},0,,71C0628A-08EE-447B-A0D6-D3A4B44BC404,Unknown,,S,,,Ave,S Motor Ave,2023/09/12 23:03:18+00,3844 S Motor Ave 1-5 Culver City 90232,71C0628A-08EE-447B-A0D6-D3A4B44BC404_3844_S_Motor_Ave_1-5_Culver_City_90232,Motor,3844 S Motor Avenue Ave 1-5 Los Angeles 90232,,,,
404740,929496,,4208006026.0,,10375.0,,,West,,,Washington,Boulevard,,,,,,,,,,,,1-139,90232.0,,Los Angeles,Culver City,,,,,LA City,{B9F995D5-2695-4417-AF11-874A1F37E329},0,,B9F995D5-2695-4417-AF11-874A1F37E329,Unknown,,W,,,Blvd,W Washington Blvd,2023/09/12 23:03:18+00,10375 W Washington Blvd 1-139 Culver City 90232,B9F995D5-2695-4417-AF11-874A1F37E329_10375_W_Washington_Blvd_1-139_Culver_City_90232,Washington,10375 W Washington Boulevard Blvd 1-139 Los Angeles 90232,,,,
404741,929497,,4208006027.0,,3840.0,,,South,,,Motor,Avenue,,,,,,,,,,,,1-19,90232.0,,Los Angeles,Culver City,,,,,LA City,{B6FE0A78-B518-4D97-8E42-3F3079555E77},0,,B6FE0A78-B518-4D97-8E42-3F3079555E77,Unknown,,S,,,Ave,S Motor Ave,2023/09/12 23:03:18+00,3840 S Motor Ave 1-19 Culver City 90232,B6FE0A78-B518-4D97-8E42-3F3079555E77_3840_S_Motor_Ave_1-19_Culver_City_90232,Motor,3840 S Motor Avenue Ave 1-19 Los Angeles 90232,,,,
404742,929498,,4208006028.0,,10352.0,,,West,,,Venice,Boulevard,,,,,,,,,,,,,90232.0,,Los Angeles,Culver City,,,,,LA City,{C2BC1AE0-253D-4BC0-9692-99B25F26CD99},0,,C2BC1AE0-253D-4BC0-9692-99B25F26CD99,Unknown,,W,,,Blvd,W Venice Blvd,2023/09/12 23:03:18+00,10352 W Venice Blvd Culver City 90232,C2BC1AE0-253D-4BC0-9692-99B25F26CD99_10352_W_Venice_Blvd_Culver_City_90232,Venice,10352 W Venice Boulevard Blvd Los Angeles 90232,,,,
404743,929499,,4208006028.0,,10330.0,,,West,,,Venice,Boulevard,,,,,,,,,,,,,90232.0,,Los Angeles,Culver City,,,,,LA City,{1423571D-E01E-478F-BDE0-9EA9952FD2C4},0,,1423571D-E01E-478F-BDE0-9EA9952FD2C4,Unknown,,W,,,Blvd,W Venice Blvd,2023/09/12 23:03:18+00,10330 W Venice Blvd Culver City 90232,1423571D-E01E-478F-BDE0-9EA9952FD2C4_10330_W_Venice_Blvd_Culver_City_90232,Venice,10330 W Venice Boulevard Blvd Los Angeles 90232,,,,
404744,929500,,4208006028.0,,10356.0,,,West,,,Venice,Boulevard,,,,,,,,,,,,,90232.0,,Los Angeles,Culver City,,,,,LA City,{54040845-062A-43E9-87B0-39EB8012625A},0,,54040845-062A-43E9-87B0-39EB8012625A,Unknown,,W,,,Blvd,W Venice Blvd,2023/09/12 23:03:18+00,10356 W Venice Blvd Culver City 90232,54040845-062A-43E9-87B0-39EB8012625A_10356_W_Venice_Blvd_Culver_City_90232,Venice,10356 W Venice Boulevard Blvd Los Angeles 90232,,,,
404745,929501,,4208006029.0,,3824.0,,,South,,,Motor,Avenue,,,,,,,,,,,,1-55,90232.0,,Los Angeles,Culver City,,,,,LA City,{8684D0A1-F756-4B2E-96D9-E6A1E8DD92F9},0,,8684D0A1-F756-4B2E-96D9-E6A1E8DD92F9,Unknown,,S,,,Ave,S Motor Ave,2023/09/12 23:03:18+00,3824 S Motor Ave 1-55 Culver City 90232,8684D0A1-F756-4B2E-96D9-E6A1E8DD92F9_3824_S_Motor_Ave_1-55_Culver_City_90232,Motor,3824 S Motor Avenue Ave 1-55 Los Angeles 90232,,,,
404746,929502,,4208007004.0,,3820.0,,,South,,,Mentone,Avenue,,,,,,,,,,,,1-10,90232.0,,Los Angeles,Culver City,,,,,LA City,{F7B30164-E377-4084-9C6D-CDC830F34118},0,,F7B30164-E377-4084-9C6D-CDC830F34118,Unknown,,S,,,Ave,S Mentone Ave,2023/09/12 23:03:18+00,3820 S Mentone Ave 1-10 Culver City 90232,F7B30164-E377-4084-9C6D-CDC830F34118_3820_S_Mentone_Ave_1-10_Culver_City_90232,Mentone,3820 S Mentone Avenue Ave 1-10 Los Angeles 90232,,,,
404747,929503,,4208007005.0,,3826.0,,,South,,,Mentone,Avenue,,,,,,,,,,,,1-9,90232.0,,Los Angeles,Culver City,,,,,LA City,{1F2B2A89-BE3E-4F01-94EE-950BD5F8DAE1},0,,1F2B2A89-BE3E-4F01-94EE-950BD5F8DAE1,Unknown,,S,,,Ave,S Mentone Ave,2023/09/12 23:03:18+00,3826 S Mentone Ave 1-9 Culver City 90232,1F2B2A89-BE3E-4F01-94EE-950BD5F8DAE1_3826_S_Mentone_Ave_1-9_Culver_City_90232,Mentone,3826 S Mentone Avenue Ave 1-9 Los Angeles 90232,,,,
404748,929504,,4208007006.0,,3832.0,,,South,,,Mentone,Avenue,,,,,,,,,,,,,90232.0,,Los Angeles,Culver City,,,,,LA City,{ABA1FB3A-ECB8-4AE7-91BB-0D0738A18203},0,,ABA1FB3A-ECB8-4AE7-91BB-0D0738A18203,Unknown,,S,,,Ave,S Mentone Ave,2023/09/12 23:03:18+00,3832 S Mentone Ave Culver City 90232,ABA1FB3A-ECB8-4AE7-91BB-0D0738A18203_3832_S_Mentone_Ave_Culver_City_90232,Mentone,3832 S Mentone Avenue Ave Los Angeles 90232,,,,
404749,929505,,4208007006.0,,3830.0,,,South,,,Mentone,Avenue,,,,,,,,,,,,,90232.0,,Los Angeles,Culver City,,,,,LA City,{53715F62-FFD0-4AA4-BF6D-447E35B3DC2A},0,,53715F62-FFD0-4AA4-BF6D-447E35B3DC2A,Unknown,,S,,,Ave,S Mentone Ave,2023/09/12 23:03:18+00,3830 S Mentone Ave Culver City 90232,53715F62-FFD0-4AA4-BF6D-447E35B3DC2A_3830_S_Mentone_Ave_Culver_City_90232,Mentone,3830 S Mentone Avenue Ave Los Angeles 90232,,,,
404750,929506,,4208007007.0,,3836.0,,,South,,,Mentone,Avenue,,,,,,,,,,,,1-8,90232.0,,Los Angeles,Culver City,,,,,LA City,{62BCD119-CE4D-4DFB-9BF5-BBDC507C761C},0,,62BCD119-CE4D-4DFB-9BF5-BBDC507C761C,Unknown,,S,,,Ave,S Mentone Ave,2023/09/12 23:03:18+00,3836 S Mentone Ave 1-8 Culver City 90232,62BCD119-CE4D-4DFB-9BF5-BBDC507C761C_3836_S_Mentone_Ave_1-8_Culver_City_90232,Mentone,3836 S Mentone Avenue Ave 1-8 Los Angeles 90232,,,,
404751,929507,,4208007010.0,,3854.0,,,South,,,Mentone,Avenue,,,,,,,,,,,,1-16,90232.0,,Los Angeles,Culver City,,,,,LA City,{B41C0526-A817-47C9-98B4-1FE4C630DA7D},0,,B41C0526-A817-47C9-98B4-1FE4C630DA7D,Unknown,,S,,,Ave,S Mentone Ave,2023/09/12 23:03:18+00,3854 S Mentone Ave 1-16 Culver City 90232,B41C0526-A817-47C9-98B4-1FE4C630DA7D_3854_S_Mentone_Ave_1-16_Culver_City_90232,Mentone,3854 S Mentone Avenue Ave 1-16 Los Angeles 90232,,,,
404752,929508,,4208007011.0,,3860.0,,,South,,,Mentone,Avenue,,,,,,,,,,,,1-11,90232.0,,Los Angeles,Culver City,,,,,LA City,{3E63074E-420A-468C-B45D-C03DD83941ED},0,,3E63074E-420A-468C-B45D-C03DD83941ED,Unknown,,S,,,Ave,S Mentone Ave,2023/09/12 23:03:18+00,3860 S Mentone Ave 1-11 Culver City 90232,3E63074E-420A-468C-B45D-C03DD83941ED_3860_S_Mentone_Ave_1-11_Culver_City_90232,Mentone,3860 S Mentone Avenue Ave 1-11 Los Angeles 90232,,,,
404753,929509,,4208007013.0,,10429.0,,,West,,,Washington,Boulevard,,,,,,,,,,,,,90232.0,,Los Angeles,Culver City,,,,,LA City,{D2940367-C945-401B-B00C-68A06999EB69},0,,D2940367-C945-401B-B00C-68A06999EB69,Unknown,,W,,,Blvd,W Washington Blvd,2023/09/12 23:03:18+00,10429 W Washington Blvd Culver City 90232,D2940367-C945-401B-B00C-68A06999EB69_10429_W_Washington_Blvd_Culver_City_90232,Washington,10429 W Washington Boulevard Blvd Los Angeles 90232,,,,
404754,929510,,4208007014.0,,10451.0,,,West,,,Washington,Boulevard,,,,,,,,,,,,,90232.0,,Los Angeles,Culver City,,,,,LA City,{B0CA7FA6-F352-447F-B1EF-2C2B0823A225},0,,B0CA7FA6-F352-447F-B1EF-2C2B0823A225,Unknown,,W,,,Blvd,W Washington Blvd,2023/09/12 23:03:18+00,10451 W Washington Blvd Culver City 90232,B0CA7FA6-F352-447F-B1EF-2C2B0823A225_10451_W_Washington_Blvd_Culver_City_90232,Washington,10451 W Washington Boulevard Blvd Los Angeles 90232,,,,
404755,929511,,4208007018.0,,3851.0,,,South,,,Motor,Avenue,,,,,,,,,,,,1-7,90232.0,,Los Angeles,Culver City,,,,,LA City,{FBB4A94C-A478-437E-BE02-0CA190DF1F89},0,,FBB4A94C-A478-437E-BE02-0CA190DF1F89,Unknown,,S,,,Ave,S Motor Ave,2023/09/12 23:03:18+00,3851 S Motor Ave 1-7 Culver City 90232,FBB4A94C-A478-437E-BE02-0CA190DF1F89_3851_S_Motor_Ave_1-7_Culver_City_90232,Motor,3851 S Motor Avenue Ave 1-7 Los Angeles 90232,,,,
404756,929512,,4208007023.0,,3831.0,,,South,,,Motor,Avenue,,,,,,,,,,,,1-13,90232.0,,Los Angeles,Culver City,,,,,LA City,{49ED6624-328A-4282-9A79-1355F24F7FCC},0,,49ED6624-328A-4282-9A79-1355F24F7FCC,Unknown,,S,,,Ave,S Motor Ave,2023/09/12 23:03:18+00,3831 S Motor Ave 1-13 Culver City 90232,49ED6624-328A-4282-9A79-1355F24F7FCC_3831_S_Motor_Ave_1-13_Culver_City_90232,Motor,3831 S Motor Avenue Ave 1-13 Los Angeles 90232,,,,
404757,929513,,4208007029.0,,3845.0,,,South,,,Motor,Avenue,,,,,,,,,,,,1-8,90232.0,,Los Angeles,Culver City,,,,,LA City,{813FE96D-E788-4579-8175-DD5DD35DFF43},0,,813FE96D-E788-4579-8175-DD5DD35DFF43,Unknown,,S,,,Ave,S Motor Ave,2023/09/12 23:03:18+00,3845 S Motor Ave 1-8 Culver City 90232,813FE96D-E788-4579-8175-DD5DD35DFF43_3845_S_Motor_Ave_1-8_Culver_City_90232,Motor,3845 S Motor Avenue Ave 1-8 Los Angeles 90232,,,,
404758,929514,,4208007030.0,,10408.0,,,West,,,Venice,Boulevard,,,,,,,,,,,,,90232.0,,Los Angeles,Culver City,,,,,LA City,{68B9E1A6-A8E8-407C-A321-8538BD1950DC},0,,68B9E1A6-A8E8-407C-A321-8538BD1950DC,Unknown,,W,,,Blvd,W Venice Blvd,2023/09/12 23:03:18+00,10408 W Venice Blvd Culver City 90232,68B9E1A6-A8E8-407C-A321-8538BD1950DC_10408_W_Venice_Blvd_Culver_City_90232,Venice,10408 W Venice Boulevard Blvd Los Angeles 90232,,,,
404759,929515,,4208007030.0,,10400.0,,,West,,,Venice,Boulevard,,,,,,,,,,,,,90232.0,,Los Angeles,Culver City,,,,,LA City,{387B6F4B-6DAE-47B0-9E1F-84A77CC36910},0,,387B6F4B-6DAE-47B0-9E1F-84A77CC36910,Unknown,,W,,,Blvd,W Venice Blvd,2023/09/12 23:03:18+00,10400 W Venice Blvd Culver City 90232,387B6F4B-6DAE-47B0-9E1F-84A77CC36910_10400_W_Venice_Blvd_Culver_City_90232,Venice,10400 W Venice Boulevard Blvd Los Angeles 90232,,,,
404760,929516,,4208007030.0,,10404.0,,,West,,,Venice,Boulevard,,,,,,,,,,,,,90232.0,,Los Angeles,Culver City,,,,,LA City,{AE30BB77-0852-4374-AE9D-E3AD153A4CD8},0,,AE30BB77-0852-4374-AE9D-E3AD153A4CD8,Unknown,,W,,,Blvd,W Venice Blvd,2023/09/12 23:03:18+00,10404 W Venice Blvd Culver City 90232,AE30BB77-0852-4374-AE9D-E3AD153A4CD8_10404_W_Venice_Blvd_Culver_City_90232,Venice,10404 W Venice Boulevard Blvd Los Angeles 90232,,,,
404761,929517,,4208007032.0,,3848.0,,,South,,,Mentone,Avenue,,,,,,,,,,,,1-40,90232.0,,Los Angeles,Culver City,,,,,LA City,{8EC99BA0-7EB6-4382-9106-B9DA3DC1F10F},0,,8EC99BA0-7EB6-4382-9106-B9DA3DC1F10F,Unknown,,S,,,Ave,S Mentone Ave,2023/09/12 23:03:18+00,3848 S Mentone Ave 1-40 Culver City 90232,8EC99BA0-7EB6-4382-9106-B9DA3DC1F10F_3848_S_Mentone_Ave_1-40_Culver_City_90232,Mentone,3848 S Mentone Avenue Ave 1-40 Los Angeles 90232,,,,
404762,929518,,4208007038.0,,3835.0,,,South,,,Motor,Avenue,,,,,,,,,,,,1-8,90232.0,,Los Angeles,Culver City,,,,,LA City,{7695BBBB-AA82-4A2F-8004-53BF812E766D},0,,7695BBBB-AA82-4A2F-8004-53BF812E766D,Unknown,,S,,,Ave,S Motor Ave,2023/09/12 23:03:18+00,3835 S Motor Ave 1-8 Culver City 90232,7695BBBB-AA82-4A2F-8004-53BF812E766D_3835_S_Motor_Ave_1-8_Culver_City_90232,Motor,3835 S Motor Avenue Ave 1-8 Los Angeles 90232,,,,
404763,929519,,4208007038.0,,3841.0,,,South,,,Motor,Avenue,,,,,,,,,,,,1-19,90232.0,,Los Angeles,Culver City,,,,,LA City,{1F94F8AF-A107-4743-A88D-60FBEFD0A6C2},0,,1F94F8AF-A107-4743-A88D-60FBEFD0A6C2,Unknown,,S,,,Ave,S Motor Ave,2023/09/12 23:03:18+00,3841 S Motor Ave 1-19 Culver City 90232,1F94F8AF-A107-4743-A88D-60FBEFD0A6C2_3841_S_Motor_Ave_1-19_Culver_City_90232,Motor,3841 S Motor Avenue Ave 1-19 Los Angeles 90232,,,,
404764,929520,,4208007038.0,,3839.0,,,,,,Motor,Avenue,,,,,,,,,,,,,90232.0,,Los Angeles,Culver City,,,,,Assessor,{C6FDD8C6-0CEF-4EA1-8882-DC718229103F},0,,C6FDD8C6-0CEF-4EA1-8882-DC718229103F,Unknown,,,,,Ave,Motor Ave,2024/04/27 17:13:09+00,3839 Motor Ave Culver City 90232,C6FDD8C6-0CEF-4EA1-8882-DC718229103F_3839_Motor_Ave_Culver_City_90232,Motor,3839 Motor Avenue Ave Los Angeles 90232,,,,
404765,929521,,4208007039.0,,3800.0,,,South,,,Mentone,Avenue,,,,,,,,,,,,1-81,90232.0,,Los Angeles,Culver City,,,,,LA City,{F3E281E5-CAEF-4A0F-BCE4-DCE3DAF67593},0,,F3E281E5-CAEF-4A0F-BCE4-DCE3DAF67593,Unknown,,S,,,Ave,S Mentone Ave,2023/09/12 23:03:18+00,3800 S Mentone Ave 1-81 Culver City 90232,F3E281E5-CAEF-4A0F-BCE4-DCE3DAF67593_3800_S_Mentone_Ave_1-81_Culver_City_90232,Mentone,3800 S Mentone Avenue Ave 1-81 Los Angeles 90232,,,,
404766,929522,,4208007039.0,,10424.0,,,West,,,Venice,Boulevard,,,,,,,,,,,,,90232.0,,Los Angeles,Culver City,,,,,LA City,{CFAF813D-69C4-4CDE-9223-14BD9C664854},0,,CFAF813D-69C4-4CDE-9223-14BD9C664854,Unknown,,W,,,Blvd,W Venice Blvd,2023/09/12 23:03:18+00,10424 W Venice Blvd Culver City 90232,CFAF813D-69C4-4CDE-9223-14BD9C664854_10424_W_Venice_Blvd_Culver_City_90232,Venice,10424 W Venice Boulevard Blvd Los Angeles 90232,,,,
404767,929523,,4208007039.0,,10416.0,,,West,,,Venice,Boulevard,,,,,,,,,,,,,90232.0,,Los Angeles,Culver City,,,,,LA City,{E7B642B8-34D0-4509-9A92-8A7A30413212},0,,E7B642B8-34D0-4509-9A92-8A7A30413212,Unknown,,W,,,Blvd,W Venice Blvd,2023/09/12 23:03:18+00,10416 W Venice Blvd Culver City 90232,E7B642B8-34D0-4509-9A92-8A7A30413212_10416_W_Venice_Blvd_Culver_City_90232,Venice,10416 W Venice Boulevard Blvd Los Angeles 90232,,,,
404768,929524,,4208007040.0,,3819.0,,,South,,,Motor,Avenue,,,,,,,,,,,,,90232.0,,Los Angeles,Culver City,,,,,LA City,{D82123A5-733E-4580-8CCA-B156CFA0AE0F},0,,D82123A5-733E-4580-8CCA-B156CFA0AE0F,Unknown,,S,,,Ave,S Motor Ave,2023/09/12 23:03:18+00,3819 S Motor Ave Culver City 90232,D82123A5-733E-4580-8CCA-B156CFA0AE0F_3819_S_Motor_Ave_Culver_City_90232,Motor,3819 S Motor Avenue Ave Los Angeles 90232,,,,
404769,929525,,4208007041.0,,10409.0,,,West,,,Washington,Boulevard,,,,,,,,,,,,,90232.0,,Los Angeles,Culver City,,,,,LA City,{555FED69-DDA5-40E7-A6D0-41CB44D86EE2},0,,555FED69-DDA5-40E7-A6D0-41CB44D86EE2,Unknown,,W,,,Blvd,W Washington Blvd,2023/09/12 23:03:18+00,10409 W Washington Blvd Culver City 90232,555FED69-DDA5-40E7-A6D0-41CB44D86EE2_10409_W_Washington_Blvd_Culver_City_90232,Washington,10409 W Washington Boulevard Blvd Los Angeles 90232,,,,
404770,929526,,4208007041.0,,3855.0,,,South,,,Motor,Avenue,,,,,,,,,,,,1-33,90232.0,,Los Angeles,Culver City,,,,,LA City,{9DCB46C7-0EC2-444A-AC8D-816BF0F12381},0,,9DCB46C7-0EC2-444A-AC8D-816BF0F12381,Unknown,,S,,,Ave,S Motor Ave,2023/09/12 23:03:18+00,3855 S Motor Ave 1-33 Culver City 90232,9DCB46C7-0EC2-444A-AC8D-816BF0F12381_3855_S_Motor_Ave_1-33_Culver_City_90232,Motor,3855 S Motor Avenue Ave 1-33 Los Angeles 90232,,,,
404771,929527,,4208007041.0,,10401.0,,,West,,,Washington,Boulevard,,,,,,,,,,,,,90232.0,,Los Angeles,Culver City,,,,,LA City,{14C886C0-5252-4F91-9C6E-5AD8855D1ADD},0,,14C886C0-5252-4F91-9C6E-5AD8855D1ADD,Unknown,,W,,,Blvd,W Washington Blvd,2023/09/12 23:03:18+00,10401 W Washington Blvd Culver City 90232,14C886C0-5252-4F91-9C6E-5AD8855D1ADD_10401_W_Washington_Blvd_Culver_City_90232,Washington,10401 W Washington Boulevard Blvd Los Angeles 90232,,,,
404772,929528,,4208007041.0,,10417.0,,,West,,,Washington,Boulevard,,,,,,,,,,,,,90232.0,,Los Angeles,Culver City,,,,,LA City,{62DC0517-020C-440B-B2B6-B664220DCEF6},0,,62DC0517-020C-440B-B2B6-B664220DCEF6,Unknown,,W,,,Blvd,W Washington Blvd,2023/09/12 23:03:18+00,10417 W Washington Blvd Culver City 90232,62DC0517-020C-440B-B2B6-B664220DCEF6_10417_W_Washington_Blvd_Culver_City_90232,Washington,10417 W Washington Boulevard Blvd Los Angeles 90232,,,,
404773,929529,,4208007041.0,,3859.0,1/2,,South,,,Motor,Avenue,,,,,,,,,,,,,90232.0,,Los Angeles,Culver City,,,,,LA City,{24BB737A-5783-43AB-A18F-5AA5B9AA1B1E},0,,24BB737A-5783-43AB-A18F-5AA5B9AA1B1E,Unknown,,S,,,Ave,S Motor Ave,2024/05/12 21:05:27+00,3859 1/2 S Motor Ave Culver City 90232,24BB737A-5783-43AB-A18F-5AA5B9AA1B1E_3859_1/2_S_Motor_Ave_Culver_City_90232,Motor,3859 1/2 S Motor Avenue Ave Los Angeles 90232,,,,
404774,929530,,4208007041.0,,3859.0,,,South,,,Motor,Avenue,,,,,,,,,,,,,90232.0,,Los Angeles,Culver City,,,,,LA City,{D5D3D887-971E-4229-820C-EB9A456D8BD3},0,,D5D3D887-971E-4229-820C-EB9A456D8BD3,Unknown,,S,,,Ave,S Motor Ave,2024/05/12 21:05:27+00,3859 S Motor Ave Culver City 90232,D5D3D887-971E-4229-820C-EB9A456D8BD3_3859_S_Motor_Ave_Culver_City_90232,Motor,3859 S Motor Avenue Ave Los Angeles 90232,,,,
404775,929531,,4208008004.0,,10520.0,,,West,,,Venice,Boulevard,,,,,,,,,,,,,90232.0,,Los Angeles,Culver City,,,,,LA City,{81B56EB4-F5C1-4AF9-AC05-EF1B19D06F15},0,,81B56EB4-F5C1-4AF9-AC05-EF1B19D06F15,Unknown,,W,,,Blvd,W Venice Blvd,2023/09/12 23:03:18+00,10520 W Venice Blvd Culver City 90232,81B56EB4-F5C1-4AF9-AC05-EF1B19D06F15_10520_W_Venice_Blvd_Culver_City_90232,Venice,10520 W Venice Boulevard Blvd Los Angeles 90232,,,,
404776,929532,,4208008005.0,,10522.0,,,West,,,Venice,Boulevard,,,,,,,,,,,,,90232.0,,Los Angeles,Culver City,,,,,LA City,{CCE909AC-86BD-4DB6-BEE8-2A5EC94562DF},0,,CCE909AC-86BD-4DB6-BEE8-2A5EC94562DF,Unknown,,W,,,Blvd,W Venice Blvd,2023/09/12 23:03:18+00,10522 W Venice Blvd Culver City 90232,CCE909AC-86BD-4DB6-BEE8-2A5EC94562DF_10522_W_Venice_Blvd_Culver_City_90232,Venice,10522 W Venice Boulevard Blvd Los Angeles 90232,,,,
404777,929533,,4208008006.0,,10526.0,,,West,,,Venice,Boulevard,,,,,,,,,,,,,90232.0,,Los Angeles,Culver City,,,,,LA City,{C5E21FF4-641B-421F-BDCE-1D23B7FE7075},0,,C5E21FF4-641B-421F-BDCE-1D23B7FE7075,Unknown,,W,,,Blvd,W Venice Blvd,2023/09/12 23:03:18+00,10526 W Venice Blvd Culver City 90232,C5E21FF4-641B-421F-BDCE-1D23B7FE7075_10526_W_Venice_Blvd_Culver_City_90232,Venice,10526 W Venice Boulevard Blvd Los Angeles 90232,,,,
404778,929534,,4208008007.0,,10530.0,,,West,,,Venice,Boulevard,,,,,,,,,,,,,90232.0,,Los Angeles,Culver City,,,,,LA City,{5601EF7D-5653-4DB7-847D-DB2921F27B1F},0,,5601EF7D-5653-4DB7-847D-DB2921F27B1F,Unknown,,W,,,Blvd,W Venice Blvd,2023/09/12 23:03:18+00,10530 W Venice Blvd Culver City 90232,5601EF7D-5653-4DB7-847D-DB2921F27B1F_10530_W_Venice_Blvd_Culver_City_90232,Venice,10530 W Venice Boulevard Blvd Los Angeles 90232,,,,
404779,929535,,4208008008.0,,10538.0,,,West,,,Venice,Boulevard,,,,,,,,,,,,,90232.0,,Los Angeles,Culver City,,,,,LA City,{0541955A-061C-464C-92F2-073B075B9BD3},0,,0541955A-061C-464C-92F2-073B075B9BD3,Unknown,,W,,,Blvd,W Venice Blvd,2023/09/12 23:03:18+00,10538 W Venice Blvd Culver City 90232,0541955A-061C-464C-92F2-073B075B9BD3_10538_W_Venice_Blvd_Culver_City_90232,Venice,10538 W Venice Boulevard Blvd Los Angeles 90232,,,,
404780,929536,,4208008008.0,,10550.0,,,West,,,Venice,Boulevard,,,,,,,,,,,,,90232.0,,Los Angeles,Culver City,,,,,LA City,{3186A8ED-F7BB-495B-BE4E-D60FB5241A65},0,,3186A8ED-F7BB-495B-BE4E-D60FB5241A65,Unknown,,W,,,Blvd,W Venice Blvd,2023/09/12 23:03:18+00,10550 W Venice Blvd Culver City 90232,3186A8ED-F7BB-495B-BE4E-D60FB5241A65_10550_W_Venice_Blvd_Culver_City_90232,Venice,10550 W Venice Boulevard Blvd Los Angeles 90232,,,,
404781,929537,,4208008009.0,,3820.0,,,South,,,Keystone,Avenue,,,,,,,,,,,,,90232.0,,Los Angeles,Culver City,,,,,LA City,{4BAC64F5-8853-4D9E-8D33-4200E8C943A1},0,,4BAC64F5-8853-4D9E-8D33-4200E8C943A1,Unknown,,S,,,Ave,S Keystone Ave,2023/09/12 23:03:18+00,3820 S Keystone Ave Culver City 90232,4BAC64F5-8853-4D9E-8D33-4200E8C943A1_3820_S_Keystone_Ave_Culver_City_90232,Keystone,3820 S Keystone Avenue Ave Los Angeles 90232,,,,
404782,929538,,4208008010.0,,3824.0,,,South,,,Keystone,Avenue,,,,,,,,,,,,1-8,90232.0,,Los Angeles,Culver City,,,,,LA City,{F2BB7873-E953-4F2B-BDAC-5CE8E80C0497},0,,F2BB7873-E953-4F2B-BDAC-5CE8E80C0497,Unknown,,S,,,Ave,S Keystone Ave,2023/09/12 23:03:18+00,3824 S Keystone Ave 1-8 Culver City 90232,F2BB7873-E953-4F2B-BDAC-5CE8E80C0497_3824_S_Keystone_Ave_1-8_Culver_City_90232,Keystone,3824 S Keystone Avenue Ave 1-8 Los Angeles 90232,,,,
404783,929539,,4208008011.0,,3828.0,,,South,,,Keystone,Avenue,,,,,,,,,,,,,90232.0,,Los Angeles,Culver City,,,,,LA City,{BD64135F-386B-4E0E-9159-A9F4A3F488B2},0,,BD64135F-386B-4E0E-9159-A9F4A3F488B2,Unknown,,S,,,Ave,S Keystone Ave,2023/09/12 23:03:18+00,3828 S Keystone Ave Culver City 90232,BD64135F-386B-4E0E-9159-A9F4A3F488B2_3828_S_Keystone_Ave_Culver_City_90232,Keystone,3828 S Keystone Avenue Ave Los Angeles 90232,,,,
404784,929540,,4208008012.0,,3836.0,,,South,,,Keystone,Avenue,,,,,,,,,,,,1-7,90232.0,,Los Angeles,Culver City,,,,,LA City,{5583217C-BD5D-42C2-85F0-5C3A1E1BE4E3},0,,5583217C-BD5D-42C2-85F0-5C3A1E1BE4E3,Unknown,,S,,,Ave,S Keystone Ave,2023/09/12 23:03:18+00,3836 S Keystone Ave 1-7 Culver City 90232,5583217C-BD5D-42C2-85F0-5C3A1E1BE4E3_3836_S_Keystone_Ave_1-7_Culver_City_90232,Keystone,3836 S Keystone Avenue Ave 1-7 Los Angeles 90232,,,,
404785,929541,,4208008015.0,,3846.0,,,South,,,Keystone,Avenue,,,,,,,,,,,,1-6,90232.0,,Los Angeles,Culver City,,,,,LA City,{D6A0B31D-D8FA-4154-8F87-C7FDB11B5078},0,,D6A0B31D-D8FA-4154-8F87-C7FDB11B5078,Unknown,,S,,,Ave,S Keystone Ave,2023/09/12 23:03:18+00,3846 S Keystone Ave 1-6 Culver City 90232,D6A0B31D-D8FA-4154-8F87-C7FDB11B5078_3846_S_Keystone_Ave_1-6_Culver_City_90232,Keystone,3846 S Keystone Avenue Ave 1-6 Los Angeles 90232,,,,
404786,929542,,4208008016.0,,3850.0,,,South,,,Keystone,Avenue,,,,,,,,,,,,1-6,90232.0,,Los Angeles,Culver City,,,,,LA City,{F822E4AD-6381-4A51-9CC8-1643D8C1D341},0,,F822E4AD-6381-4A51-9CC8-1643D8C1D341,Unknown,,S,,,Ave,S Keystone Ave,2023/09/12 23:03:18+00,3850 S Keystone Ave 1-6 Culver City 90232,F822E4AD-6381-4A51-9CC8-1643D8C1D341_3850_S_Keystone_Ave_1-6_Culver_City_90232,Keystone,3850 S Keystone Avenue Ave 1-6 Los Angeles 90232,,,,
404787,929543,,4208008017.0,,3856.0,,,South,,,Keystone,Avenue,,,,,,,,,,,,,90232.0,,Los Angeles,Culver City,,,,,LA City,{A17BAA36-AF67-4F16-B0FD-F0B9BBF6E6B1},0,,A17BAA36-AF67-4F16-B0FD-F0B9BBF6E6B1,Unknown,,S,,,Ave,S Keystone Ave,2023/09/12 23:03:18+00,3856 S Keystone Ave Culver City 90232,A17BAA36-AF67-4F16-B0FD-F0B9BBF6E6B1_3856_S_Keystone_Ave_Culver_City_90232,Keystone,3856 S Keystone Avenue Ave Los Angeles 90232,,,,
404788,929544,,4208008017.0,,3858.0,,,South,,,Keystone,Avenue,,,,,,,,,,,,,90232.0,,Los Angeles,Culver City,,,,,LA City,{011F419D-2757-432C-A61C-65EEB32FF1C5},0,,011F419D-2757-432C-A61C-65EEB32FF1C5,Unknown,,S,,,Ave,S Keystone Ave,2023/09/12 23:03:18+00,3858 S Keystone Ave Culver City 90232,011F419D-2757-432C-A61C-65EEB32FF1C5_3858_S_Keystone_Ave_Culver_City_90232,Keystone,3858 S Keystone Avenue Ave Los Angeles 90232,,,,
404789,929545,,4208008018.0,,3821.0,,,South,,,Mentone,Avenue,,,,,,,,,,,,,90232.0,,Los Angeles,Culver City,,,,,LA City,{59BB44D0-7544-4138-B7FA-95240E8201A8},0,,59BB44D0-7544-4138-B7FA-95240E8201A8,Unknown,,S,,,Ave,S Mentone Ave,2023/09/12 23:03:18+00,3821 S Mentone Ave Culver City 90232,59BB44D0-7544-4138-B7FA-95240E8201A8_3821_S_Mentone_Ave_Culver_City_90232,Mentone,3821 S Mentone Avenue Ave Los Angeles 90232,,,,
404790,929546,,4208008019.0,,3827.0,,,South,,,Mentone,Avenue,,,,,,,,,,,,1-9,90232.0,,Los Angeles,Culver City,,,,,LA City,{073CCEAB-1EAC-4587-84B0-A4DCC2DB4379},0,,073CCEAB-1EAC-4587-84B0-A4DCC2DB4379,Unknown,,S,,,Ave,S Mentone Ave,2023/09/12 23:03:18+00,3827 S Mentone Ave 1-9 Culver City 90232,073CCEAB-1EAC-4587-84B0-A4DCC2DB4379_3827_S_Mentone_Ave_1-9_Culver_City_90232,Mentone,3827 S Mentone Avenue Ave 1-9 Los Angeles 90232,,,,
404791,929547,,4208008020.0,,3833.0,,,South,,,Mentone,Avenue,,,,,,,,,,,,1-9,90232.0,,Los Angeles,Culver City,,,,,LA City,{AD71F7E5-D3D5-43BA-B979-2C1F702534F2},0,,AD71F7E5-D3D5-43BA-B979-2C1F702534F2,Unknown,,S,,,Ave,S Mentone Ave,2023/09/12 23:03:18+00,3833 S Mentone Ave 1-9 Culver City 90232,AD71F7E5-D3D5-43BA-B979-2C1F702534F2_3833_S_Mentone_Ave_1-9_Culver_City_90232,Mentone,3833 S Mentone Avenue Ave 1-9 Los Angeles 90232,,,,
404792,929548,,4208008031.0,,10533.0,,,West,,,Washington,Boulevard,,,,,,,,,,,,,90232.0,,Los Angeles,Culver City,,,,,LA City,{519B9157-77DB-434D-909C-3E09611EC88F},0,,519B9157-77DB-434D-909C-3E09611EC88F,Unknown,,W,,,Blvd,W Washington Blvd,2023/09/12 23:03:18+00,10533 W Washington Blvd Culver City 90232,519B9157-77DB-434D-909C-3E09611EC88F_10533_W_Washington_Blvd_Culver_City_90232,Washington,10533 W Washington Boulevard Blvd Los Angeles 90232,,,,
404793,929549,,4208008032.0,,10500.0,,,West,,,Venice,Boulevard,,,,,,,,,,,,,90232.0,,Los Angeles,Culver City,,,,,LA City,{160B36C9-2C57-468E-9725-6BDA6190D121},0,,160B36C9-2C57-468E-9725-6BDA6190D121,Unknown,,W,,,Blvd,W Venice Blvd,2023/09/12 23:03:18+00,10500 W Venice Blvd Culver City 90232,160B36C9-2C57-468E-9725-6BDA6190D121_10500_W_Venice_Blvd_Culver_City_90232,Venice,10500 W Venice Boulevard Blvd Los Angeles 90232,,,,
404794,929550,,4208008033.0,,3861.0,,,South,,,Mentone,Avenue,,,,,,,,,,,,1-90,90232.0,,Los Angeles,Culver City,,,,,LA City,{45C04ACD-4DF0-4006-8848-4F6B75D60DA2},0,,45C04ACD-4DF0-4006-8848-4F6B75D60DA2,Unknown,,S,,,Ave,S Mentone Ave,2023/09/12 23:03:18+00,3861 S Mentone Ave 1-90 Culver City 90232,45C04ACD-4DF0-4006-8848-4F6B75D60DA2_3861_S_Mentone_Ave_1-90_Culver_City_90232,Mentone,3861 S Mentone Avenue Ave 1-90 Los Angeles 90232,,,,
404795,929551,,4208008033.0,,3841.0,,,South,,,Mentone,Avenue,,,,,,,,,,,,,90232.0,,Los Angeles,Culver City,,,,,LA City,{FC288FA0-E4C6-41CE-B82C-9A3C16440FB6},0,,FC288FA0-E4C6-41CE-B82C-9A3C16440FB6,Unknown,,S,,,Ave,S Mentone Ave,2023/09/12 23:03:18+00,3841 S Mentone Ave Culver City 90232,FC288FA0-E4C6-41CE-B82C-9A3C16440FB6_3841_S_Mentone_Ave_Culver_City_90232,Mentone,3841 S Mentone Avenue Ave Los Angeles 90232,,,,
404796,929552,,4208008034.0,,10525.0,,,West,,,Washington,Boulevard,,,,,,,,,,,,,90232.0,,Los Angeles,Culver City,,,,,LA City,{DB893BEB-C1E2-454A-A8F6-E604F9035104},0,,DB893BEB-C1E2-454A-A8F6-E604F9035104,Unknown,,W,,,Blvd,W Washington Blvd,2023/09/12 23:03:18+00,10525 W Washington Blvd Culver City 90232,DB893BEB-C1E2-454A-A8F6-E604F9035104_10525_W_Washington_Blvd_Culver_City_90232,Washington,10525 W Washington Boulevard Blvd Los Angeles 90232,,,,
404797,929553,,4208008035.0,,10527.0,,,West,,,Washington,Boulevard,,,,,,,,,,,,,90232.0,,Los Angeles,Culver City,,,,,LA City,{177F61B0-E92E-41C9-A91A-D4C72B38C2AC},0,,177F61B0-E92E-41C9-A91A-D4C72B38C2AC,Unknown,,W,,,Blvd,W Washington Blvd,2023/09/12 23:03:18+00,10527 W Washington Blvd Culver City 90232,177F61B0-E92E-41C9-A91A-D4C72B38C2AC_10527_W_Washington_Blvd_Culver_City_90232,Washington,10527 W Washington Boulevard Blvd Los Angeles 90232,,,,
404798,929554,,4208008036.0,,10501.0,,,West,,,Washington,Boulevard,,,,,,,,,,,,,90232.0,,Los Angeles,Culver City,,,,,LA City,{16B39365-D2DA-42E0-9AFA-2D0F798AE805},0,,16B39365-D2DA-42E0-9AFA-2D0F798AE805,Unknown,,W,,,Blvd,W Washington Blvd,2023/09/12 23:03:18+00,10501 W Washington Blvd Culver City 90232,16B39365-D2DA-42E0-9AFA-2D0F798AE805_10501_W_Washington_Blvd_Culver_City_90232,Washington,10501 W Washington Boulevard Blvd Los Angeles 90232,,,,
404799,929555,,4208008037.0,,10509.0,,,West,,,Washington,Boulevard,,,,,,,,,,,,,90232.0,,Los Angeles,Culver City,,,,,LA City,{C2C71CBE-EDA3-412B-9CBC-D7811AD57F87},0,,C2C71CBE-EDA3-412B-9CBC-D7811AD57F87,Unknown,,W,,,Blvd,W Washington Blvd,2023/09/12 23:03:18+00,10509 W Washington Blvd Culver City 90232,C2C71CBE-EDA3-412B-9CBC-D7811AD57F87_10509_W_Washington_Blvd_Culver_City_90232,Washington,10509 W Washington Boulevard Blvd Los Angeles 90232,,,,
404800,929556,,4208008038.0,,3838.0,,,South,,,Keystone,Avenue,,,,,,,,,,,,1-17,90232.0,,Los Angeles,Culver City,,,,,LA City,{F7942176-A7B6-4B72-A9EB-DDA3BA11E901},0,,F7942176-A7B6-4B72-A9EB-DDA3BA11E901,Unknown,,S,,,Ave,S Keystone Ave,2023/09/12 23:03:18+00,3838 S Keystone Ave 1-17 Culver City 90232,F7942176-A7B6-4B72-A9EB-DDA3BA11E901_3838_S_Keystone_Ave_1-17_Culver_City_90232,Keystone,3838 S Keystone Avenue Ave 1-17 Los Angeles 90232,,,,
404801,929557,,4208008038.0,,3842.0,,,South,,,Keystone,Avenue,,,,,,,,,,,,,90232.0,,Los Angeles,Culver City,,,,,LA City,{F8E13596-7B0F-45D9-ACA3-482102C2BFC9},0,,F8E13596-7B0F-45D9-ACA3-482102C2BFC9,Unknown,,S,,,Ave,S Keystone Ave,2023/09/12 23:03:18+00,3842 S Keystone Ave Culver City 90232,F8E13596-7B0F-45D9-ACA3-482102C2BFC9_3842_S_Keystone_Ave_Culver_City_90232,Keystone,3842 S Keystone Avenue Ave Los Angeles 90232,,,,
404802,929558,,4208008039.0,,10515.0,,,West,,,Washington,Boulevard,,,,,,,,,,,,,90232.0,,Los Angeles,Culver City,,,,,LA City,{7BB524BB-8586-41E7-9257-4CEAF0660C8F},0,,7BB524BB-8586-41E7-9257-4CEAF0660C8F,Unknown,,W,,,Blvd,W Washington Blvd,2023/09/12 23:03:18+00,10515 W Washington Blvd Culver City 90232,7BB524BB-8586-41E7-9257-4CEAF0660C8F_10515_W_Washington_Blvd_Culver_City_90232,Washington,10515 W Washington Boulevard Blvd Los Angeles 90232,,,,
404803,929559,,4208009003.0,,10606.0,,,West,,,Venice,Boulevard,,,,,,,,,,,,1-2,90232.0,,Los Angeles,Culver City,,,,,LA City,{8D7F97C3-4369-4CB3-9304-BBB9B6062BF9},0,,8D7F97C3-4369-4CB3-9304-BBB9B6062BF9,Unknown,,W,,,Blvd,W Venice Blvd,2023/09/12 23:03:18+00,10606 W Venice Blvd 1-2 Culver City 90232,8D7F97C3-4369-4CB3-9304-BBB9B6062BF9_10606_W_Venice_Blvd_1-2_Culver_City_90232,Venice,10606 W Venice Boulevard Blvd 1-2 Los Angeles 90232,,,,
404804,929560,,4208009004.0,,10610.0,,,West,,,Venice,Boulevard,,,,,,,,,,,,1-4,90232.0,,Los Angeles,Culver City,,,,,LA City,{8E6EA782-B00E-4E30-BDBF-AB1382FF9863},0,,8E6EA782-B00E-4E30-BDBF-AB1382FF9863,Unknown,,W,,,Blvd,W Venice Blvd,2023/09/12 23:03:18+00,10610 W Venice Blvd 1-4 Culver City 90232,8E6EA782-B00E-4E30-BDBF-AB1382FF9863_10610_W_Venice_Blvd_1-4_Culver_City_90232,Venice,10610 W Venice Boulevard Blvd 1-4 Los Angeles 90232,,,,
404805,929561,,4208009006.0,,10622.0,,,West,,,Venice,Boulevard,,,,,,,,,,,,,90232.0,,Los Angeles,Culver City,,,,,LA City,{375E4486-BD60-4AEF-93B0-51192A7C253D},0,,375E4486-BD60-4AEF-93B0-51192A7C253D,Unknown,,W,,,Blvd,W Venice Blvd,2023/09/12 23:03:18+00,10622 W Venice Blvd Culver City 90232,375E4486-BD60-4AEF-93B0-51192A7C253D_10622_W_Venice_Blvd_Culver_City_90232,Venice,10622 W Venice Boulevard Blvd Los Angeles 90232,,,,
404806,929562,,4208009007.0,,10626.0,,,West,,,Venice,Boulevard,,,,,,,,,,,,1-2,90232.0,,Los Angeles,Culver City,,,,,LA City,{C9E19293-41A8-4750-9DF6-D6AC7392DE7D},0,,C9E19293-41A8-4750-9DF6-D6AC7392DE7D,Unknown,,W,,,Blvd,W Venice Blvd,2023/09/12 23:03:18+00,10626 W Venice Blvd 1-2 Culver City 90232,C9E19293-41A8-4750-9DF6-D6AC7392DE7D_10626_W_Venice_Blvd_1-2_Culver_City_90232,Venice,10626 W Venice Boulevard Blvd 1-2 Los Angeles 90232,,,,
404807,929563,,4208009024.0,,3821.0,,,South,,,Keystone,Avenue,,,,,,,,,,,,,90232.0,,Los Angeles,Culver City,,,,,LA City,{56B079EA-97A1-44F6-919D-CD824F0A9B89},0,,56B079EA-97A1-44F6-919D-CD824F0A9B89,Unknown,,S,,,Ave,S Keystone Ave,2023/09/12 23:03:18+00,3821 S Keystone Ave Culver City 90232,56B079EA-97A1-44F6-919D-CD824F0A9B89_3821_S_Keystone_Ave_Culver_City_90232,Keystone,3821 S Keystone Avenue Ave Los Angeles 90232,,,,
404808,929564,,4208009025.0,,3825.0,,,South,,,Keystone,Avenue,,,,,,,,,,,,1-7,90232.0,,Los Angeles,Culver City,,,,,LA City,{DBAE2381-600F-4638-A045-8926E2D0CE87},0,,DBAE2381-600F-4638-A045-8926E2D0CE87,Unknown,,S,,,Ave,S Keystone Ave,2023/09/12 23:03:18+00,3825 S Keystone Ave 1-7 Culver City 90232,DBAE2381-600F-4638-A045-8926E2D0CE87_3825_S_Keystone_Ave_1-7_Culver_City_90232,Keystone,3825 S Keystone Avenue Ave 1-7 Los Angeles 90232,,,,
404809,929565,,4208009026.0,,3829.0,,,South,,,Keystone,Avenue,,,,,,,,,,,,1-11,90232.0,,Los Angeles,Culver City,,,,,LA City,{28F7860E-7B07-4FB2-9EA6-C2E661395ED7},0,,28F7860E-7B07-4FB2-9EA6-C2E661395ED7,Unknown,,S,,,Ave,S Keystone Ave,2023/09/12 23:03:18+00,3829 S Keystone Ave 1-11 Culver City 90232,28F7860E-7B07-4FB2-9EA6-C2E661395ED7_3829_S_Keystone_Ave_1-11_Culver_City_90232,Keystone,3829 S Keystone Avenue Ave 1-11 Los Angeles 90232,,,,
404810,929566,,4208009027.0,,3833.0,,,South,,,Keystone,Avenue,,,,,,,,,,,,1-5,90232.0,,Los Angeles,Culver City,,,,,LA City,{3D57B02A-1BAB-49AF-8AA9-05A18630C995},0,,3D57B02A-1BAB-49AF-8AA9-05A18630C995,Unknown,,S,,,Ave,S Keystone Ave,2023/09/12 23:03:18+00,3833 S Keystone Ave 1-5 Culver City 90232,3D57B02A-1BAB-49AF-8AA9-05A18630C995_3833_S_Keystone_Ave_1-5_Culver_City_90232,Keystone,3833 S Keystone Avenue Ave 1-5 Los Angeles 90232,,,,
404811,929567,,4208009028.0,,3837.0,,,South,,,Keystone,Avenue,,,,,,,,,,,,1-5,90232.0,,Los Angeles,Culver City,,,,,LA City,{193FF4B3-34C9-4163-BB4C-55091FF0A21D},0,,193FF4B3-34C9-4163-BB4C-55091FF0A21D,Unknown,,S,,,Ave,S Keystone Ave,2023/09/12 23:03:18+00,3837 S Keystone Ave 1-5 Culver City 90232,193FF4B3-34C9-4163-BB4C-55091FF0A21D_3837_S_Keystone_Ave_1-5_Culver_City_90232,Keystone,3837 S Keystone Avenue Ave 1-5 Los Angeles 90232,,,,
404812,929568,,4208009029.0,,3843.0,,,South,,,Keystone,Avenue,,,,,,,,,,,,1-7,90232.0,,Los Angeles,Culver City,,,,,LA City,{74D8B329-3D47-4C2F-8A3E-4D83E337F1E0},0,,74D8B329-3D47-4C2F-8A3E-4D83E337F1E0,Unknown,,S,,,Ave,S Keystone Ave,2023/09/12 23:03:18+00,3843 S Keystone Ave 1-7 Culver City 90232,74D8B329-3D47-4C2F-8A3E-4D83E337F1E0_3843_S_Keystone_Ave_1-7_Culver_City_90232,Keystone,3843 S Keystone Avenue Ave 1-7 Los Angeles 90232,,,,
404813,929569,,4208009030.0,,3851.0,,,South,,,Keystone,Avenue,,,,,,,,,,,,1-24,90232.0,,Los Angeles,Culver City,,,,,LA City,{9447E866-7BC3-4042-83E9-8A92AA1147D2},0,,9447E866-7BC3-4042-83E9-8A92AA1147D2,Unknown,,S,,,Ave,S Keystone Ave,2023/09/12 23:03:18+00,3851 S Keystone Ave 1-24 Culver City 90232,9447E866-7BC3-4042-83E9-8A92AA1147D2_3851_S_Keystone_Ave_1-24_Culver_City_90232,Keystone,3851 S Keystone Avenue Ave 1-24 Los Angeles 90232,,,,
404814,929570,,4208009045.0,,10602.0,,,West,,,Venice,Boulevard,,,,,,,,,,,,,90232.0,,Los Angeles,Culver City,,,,,LA City,{468F3A6F-B9CF-4AE7-A77F-3C9179A03621},0,,468F3A6F-B9CF-4AE7-A77F-3C9179A03621,Unknown,,W,,,Blvd,W Venice Blvd,2023/09/12 23:03:18+00,10602 W Venice Blvd Culver City 90232,468F3A6F-B9CF-4AE7-A77F-3C9179A03621_10602_W_Venice_Blvd_Culver_City_90232,Venice,10602 W Venice Boulevard Blvd Los Angeles 90232,,,,
404815,929571,,4208009048.0,,10628.0,,,West,,,Venice,Boulevard,,,,,,,,,,,,,90232.0,,Los Angeles,Culver City,,,,,LA City,{21DC815E-2419-4E76-BC8B-D3BBA59EF67F},0,,21DC815E-2419-4E76-BC8B-D3BBA59EF67F,Unknown,,W,,,Blvd,W Venice Blvd,2023/09/12 23:03:18+00,10628 W Venice Blvd Culver City 90232,21DC815E-2419-4E76-BC8B-D3BBA59EF67F_10628_W_Venice_Blvd_Culver_City_90232,Venice,10628 W Venice Boulevard Blvd Los Angeles 90232,,,,
404816,929572,,4208009049.0,,3870.0,,,South,,,Overland,Avenue,,,,,,,,,,,,,90232.0,,Los Angeles,Culver City,,,,,LA City,{EF586766-1E6C-4F23-A3FA-63D2ABBE9F49},0,,EF586766-1E6C-4F23-A3FA-63D2ABBE9F49,Unknown,,S,,,Ave,S Overland Ave,2023/09/12 23:03:18+00,3870 S Overland Ave Culver City 90232,EF586766-1E6C-4F23-A3FA-63D2ABBE9F49_3870_S_Overland_Ave_Culver_City_90232,Overland,3870 S Overland Avenue Ave Los Angeles 90232,,,,
404817,929573,,4208009049.0,,10601.0,,,West,,,Washington,Boulevard,,,,,,,,,,,,,90232.0,,Los Angeles,Culver City,,,,,LA City,{4A39F960-764D-45DF-BD41-DB112CE3EDD2},0,,4A39F960-764D-45DF-BD41-DB112CE3EDD2,Unknown,,W,,,Blvd,W Washington Blvd,2023/09/12 23:03:18+00,10601 W Washington Blvd Culver City 90232,4A39F960-764D-45DF-BD41-DB112CE3EDD2_10601_W_Washington_Blvd_Culver_City_90232,Washington,10601 W Washington Boulevard Blvd Los Angeles 90232,,,,
404818,929574,,4208009050.0,,10646.0,,,West,,,Venice,Boulevard,,,,,,,,,,,,,90232.0,,Los Angeles,Culver City,,,,,LA City,{D49183A5-C383-4A65-BFFA-AC6196CCC5C7},0,,D49183A5-C383-4A65-BFFA-AC6196CCC5C7,Unknown,,W,,,Blvd,W Venice Blvd,2023/09/12 23:03:18+00,10646 W Venice Blvd Culver City 90232,D49183A5-C383-4A65-BFFA-AC6196CCC5C7_10646_W_Venice_Blvd_Culver_City_90232,Venice,10646 W Venice Boulevard Blvd Los Angeles 90232,,,,
404819,929575,,4208009052.0,,3832.0,,,South,,,Overland,Avenue,,,,,,,,,,,,1-4,90232.0,,Los Angeles,Culver City,,,,,LA City,{942E8056-0DA5-4CCC-BD04-2476808A7202},0,,942E8056-0DA5-4CCC-BD04-2476808A7202,Unknown,,S,,,Ave,S Overland Ave,2023/09/12 23:03:18+00,3832 S Overland Ave 1-4 Culver City 90232,942E8056-0DA5-4CCC-BD04-2476808A7202_3832_S_Overland_Ave_1-4_Culver_City_90232,Overland,3832 S Overland Avenue Ave 1-4 Los Angeles 90232,,,,
404820,929576,,4208009060.0,,3852.0,,,South,,,Overland,Avenue,,,,,,,,,,,,1-100,90232.0,,Los Angeles,Culver City,,,,,LA City,{437308C8-67F1-4D08-BD1B-CA3F5D152D39},0,,437308C8-67F1-4D08-BD1B-CA3F5D152D39,Unknown,,S,,,Ave,S Overland Ave,2023/09/12 23:03:18+00,3852 S Overland Ave 1-100 Culver City 90232,437308C8-67F1-4D08-BD1B-CA3F5D152D39_3852_S_Overland_Ave_1-100_Culver_City_90232,Overland,3852 S Overland Avenue Ave 1-100 Los Angeles 90232,,,,
404821,929577,,4208009061.0,,3820.0,,,South,,,Overland,Avenue,,,,,,,,,,,,1-12,90232.0,,Los Angeles,Culver City,,,,,LA City,{CD0F17E9-9108-4C46-8515-C5A0F98EF39D},0,,CD0F17E9-9108-4C46-8515-C5A0F98EF39D,Unknown,,S,,,Ave,S Overland Ave,2023/09/12 23:03:18+00,3820 S Overland Ave 1-12 Culver City 90232,CD0F17E9-9108-4C46-8515-C5A0F98EF39D_3820_S_Overland_Ave_1-12_Culver_City_90232,Overland,3820 S Overland Avenue Ave 1-12 Los Angeles 90232,,,,
404822,929578,,4208009062.0,,3824.0,,,South,,,Overland,Avenue,,,,,,,,,,,,1-12,90232.0,,Los Angeles,Culver City,,,,,LA City,{11FA0ED3-6347-49EA-93CD-6FA6425D525B},0,,11FA0ED3-6347-49EA-93CD-6FA6425D525B,Unknown,,S,,,Ave,S Overland Ave,2023/09/12 23:03:18+00,3824 S Overland Ave 1-12 Culver City 90232,11FA0ED3-6347-49EA-93CD-6FA6425D525B_3824_S_Overland_Ave_1-12_Culver_City_90232,Overland,3824 S Overland Avenue Ave 1-12 Los Angeles 90232,,,,
404823,929579,,4208009063.0,,3828.0,,,South,,,Overland,Avenue,,,,,,,,,,,,,90232.0,,Los Angeles,Culver City,,,,,LA City,{5EC09A44-A0FB-4A49-8261-3F620D55D4C8},0,,5EC09A44-A0FB-4A49-8261-3F620D55D4C8,Unknown,,S,,,Ave,S Overland Ave,2023/09/12 23:03:18+00,3828 S Overland Ave Culver City 90232,5EC09A44-A0FB-4A49-8261-3F620D55D4C8_3828_S_Overland_Ave_Culver_City_90232,Overland,3828 S Overland Avenue Ave Los Angeles 90232,,,,
404824,929580,,4208009064.0,,3836.0,,,South,,,Overland,Avenue,,,,,,,,,,,,,90232.0,,Los Angeles,Culver City,,,,,LA City,{8A32AAB5-614F-4738-B94D-F15C60B58560},0,,8A32AAB5-614F-4738-B94D-F15C60B58560,Unknown,,S,,,Ave,S Overland Ave,2023/09/12 23:03:18+00,3836 S Overland Ave Culver City 90232,8A32AAB5-614F-4738-B94D-F15C60B58560_3836_S_Overland_Ave_Culver_City_90232,Overland,3836 S Overland Avenue Ave Los Angeles 90232,,,,
459964,1008462,,4312014102.0,,8900.0,,,West,,,Venice,Boulevard,,,,,,,,,,,,,90232.0,,Los Angeles,Culver City,,,,,LA City,{A1FD43E6-9A3E-437C-A7C2-A0A39AE991A6},0,,A1FD43E6-9A3E-437C-A7C2-A0A39AE991A6,Unknown,,W,,,Blvd,W Venice Blvd,2023/09/12 23:03:18+00,8900 W Venice Blvd Culver City 90232,A1FD43E6-9A3E-437C-A7C2-A0A39AE991A6_8900_W_Venice_Blvd_Culver_City_90232,Venice,8900 W Venice Boulevard Blvd Los Angeles 90232,,,,
459970,1008481,,4312015015.0,,3233.0,,,,,,Helms,Avenue,,,,,,,,,,,,,90232.0,,Culver City,Culver City,,,,,Culver GIS,{8E31500E-4161-4398-99DA-B826A91DB16C},0,,8E31500E-4161-4398-99DA-B826A91DB16C,Unknown,,,,,Ave,Helms Ave,2015/05/11 22:21:36+00,3233 Helms Ave Culver City 90232,8E31500E-4161-4398-99DA-B826A91DB16C_3233_Helms_Ave_Culver_City_90232,Helms,3233 Helms Avenue Ave Culver City 90232,,,,
459971,1008506,,4312016035.0,,3250.0,,,,,,Helms,Avenue,,,,,,,,,,,,,90232.0,,Culver City,Culver City,,,,,Culver GIS,{85834A06-140D-4DEA-885F-707FE1495AE3},0,,85834A06-140D-4DEA-885F-707FE1495AE3,Unknown,,,,,Ave,Helms Ave,2015/05/11 22:21:36+00,3250 Helms Ave Culver City 90232,85834A06-140D-4DEA-885F-707FE1495AE3_3250_Helms_Ave_Culver_City_90232,Helms,3250 Helms Avenue Ave Culver City 90232,,,,
459990,1008533,,4312017007.0,,3250.0,,,,,,Hutchison,Avenue,,,,,,,,,,,,,90232.0,,Culver City,Culver City,,,,,Culver GIS,{718E126D-286F-4EC6-839C-AFBA55E0D504},0,,718E126D-286F-4EC6-839C-AFBA55E0D504,Unknown,,,,,Ave,Hutchison Ave,2015/05/11 22:21:36+00,3250 Hutchison Ave Culver City 90232,718E126D-286F-4EC6-839C-AFBA55E0D504_3250_Hutchison_Ave_Culver_City_90232,Hutchison,3250 Hutchison Avenue Ave Culver City 90232,,,,
460003,1008546,,4312017017.0,,3257.0,,,South,,,Sherbourne,Drive,,,,,,,,,,,,,90232.0,,Culver City,Culver City,,,,,Culver GIS,{C8B41019-F868-4BD2-BE51-24C45071A9ED},0,,C8B41019-F868-4BD2-BE51-24C45071A9ED,Unknown,,S,,,Dr,S Sherbourne Dr,2015/05/11 22:21:36+00,3257 S Sherbourne Dr Culver City 90232,C8B41019-F868-4BD2-BE51-24C45071A9ED_3257_S_Sherbourne_Dr_Culver_City_90232,Sherbourne,3257 S Sherbourne Drive Dr Culver City 90232,,,,
460045,1008591,,4312018015.0,,3256.0,,,South,,,Sherbourne,Drive,,,,,,,,,,,,,90232.0,,Culver City,Culver City,,,,,Culver GIS,{F5BDBD2E-40A4-4978-928F-343FD11BE2D9},0,,F5BDBD2E-40A4-4978-928F-343FD11BE2D9,Unknown,,S,,,Dr,S Sherbourne Dr,2015/05/11 22:21:36+00,3256 S Sherbourne Dr Culver City 90232,F5BDBD2E-40A4-4978-928F-343FD11BE2D9_3256_S_Sherbourne_Dr_Culver_City_90232,Sherbourne,3256 S Sherbourne Drive Dr Culver City 90232,,,,
460046,1008592,,4312018016.0,,3272.0,,,South,,,Sherbourne,Drive,,,,,,,,,,,,,90232.0,,Culver City,Culver City,,,,,Culver GIS,{F10487B4-B92E-4DA2-AB0A-EF9BD5D60D08},0,,F10487B4-B92E-4DA2-AB0A-EF9BD5D60D08,Unknown,,S,,,Dr,S Sherbourne Dr,2015/05/11 20:02:20+00,3272 S Sherbourne Dr Culver City 90232,F10487B4-B92E-4DA2-AB0A-EF9BD5D60D08_3272_S_Sherbourne_Dr_Culver_City_90232,Sherbourne,3272 S Sherbourne Drive Dr Culver City 90232,,,,
460047,1008593,,4312018023.0,,3267.0,,,,,,Cattaraugus,Avenue,,,,,,,,,,,,,90232.0,,Culver City,Culver City,,,,,Culver GIS,{986331CC-1F3D-4E1F-8A18-531DB27C1055},0,,986331CC-1F3D-4E1F-8A18-531DB27C1055,Unknown,,,,,Ave,Cattaraugus Ave,2015/05/11 20:02:20+00,3267 Cattaraugus Ave Culver City 90232,986331CC-1F3D-4E1F-8A18-531DB27C1055_3267_Cattaraugus_Ave_Culver_City_90232,Cattaraugus,3267 Cattaraugus Avenue Ave Culver City 90232,,,,
460105,1008665,,4312020010.0,,3266.0,,,,,,Cattaraugus,Avenue,,,,,,,,,,,,,90232.0,,Culver City,Culver City,,,,,Culver GIS,{4622476D-DC65-4075-BAA9-3ACF99BA0F91},0,,4622476D-DC65-4075-BAA9-3ACF99BA0F91,Unknown,,,,,Ave,Cattaraugus Ave,2015/05/11 20:02:20+00,3266 Cattaraugus Ave Culver City 90232,4622476D-DC65-4075-BAA9-3ACF99BA0F91_3266_Cattaraugus_Ave_Culver_City_90232,Cattaraugus,3266 Cattaraugus Avenue Ave Culver City 90232,,,,
460106,1008671,,4312020016.0,,3273.0,,,,,,Fay,Avenue,,,,,,,,,,,,,90232.0,,Culver City,Culver City,,,,,Culver GIS,{D8412AAD-5CA8-47A2-8FEA-24F393F4143C},0,,D8412AAD-5CA8-47A2-8FEA-24F393F4143C,Unknown,,,,,Ave,Fay Ave,2015/05/11 20:02:20+00,3273 Fay Ave Culver City 90232,D8412AAD-5CA8-47A2-8FEA-24F393F4143C_3273_Fay_Ave_Culver_City_90232,Fay,3273 Fay Avenue Ave Culver City 90232,,,,
460107,1008672,,4312020017.0,,3269.0,,,,,,Fay,Avenue,,,,,,,,,,,,,90232.0,,Culver City,Culver City,,,,,Culver GIS,{6B40697E-0439-4AB1-9440-E4B725ADB95F},0,,6B40697E-0439-4AB1-9440-E4B725ADB95F,Unknown,,,,,Ave,Fay Ave,2015/05/11 22:21:36+00,3269 Fay Ave Culver City 90232,6B40697E-0439-4AB1-9440-E4B725ADB95F_3269_Fay_Ave_Culver_City_90232,Fay,3269 Fay Avenue Ave Culver City 90232,,,,
460132,1008697,,4312021019.0,,3268.0,,,,,,Fay,Avenue,,,,,,,,,,,,,90232.0,,Culver City,Culver City,,,,,Culver GIS,{CFC2C1F4-4B1A-4FE5-B84B-0B0B13AA667D},0,,CFC2C1F4-4B1A-4FE5-B84B-0B0B13AA667D,Unknown,,,,,Ave,Fay Ave,2015/05/11 22:21:36+00,3268 Fay Ave Culver City 90232,CFC2C1F4-4B1A-4FE5-B84B-0B0B13AA667D_3268_Fay_Ave_Culver_City_90232,Fay,3268 Fay Avenue Ave Culver City 90232,,,,
460133,1008700,,4312021020.0,,3272.0,,,,,,Fay,Avenue,,,,,,,,,,,,,90232.0,,Culver City,Culver City,,,,,Culver GIS,{84997CC9-11B5-457D-88F5-F29F3CB4B664},0,,84997CC9-11B5-457D-88F5-F29F3CB4B664,Unknown,,,,,Ave,Fay Ave,2015/05/11 20:02:20+00,3272 Fay Ave Culver City 90232,84997CC9-11B5-457D-88F5-F29F3CB4B664_3272_Fay_Ave_Culver_City_90232,Fay,3272 Fay Avenue Ave Culver City 90232,,,,
460134,1008708,,4312021028.0,,3243.0,,,,,,McManus,Avenue,,,,,,,,,,,,,90232.0,,Culver City,Culver City,,,,,Culver GIS,{15E30B72-517E-4AA2-A8FB-2614E4A83C31},0,,15E30B72-517E-4AA2-A8FB-2614E4A83C31,Unknown,,,,,Ave,McManus Ave,2018/02/14 16:02:24+00,3243 McManus Ave Culver City 90232,15E30B72-517E-4AA2-A8FB-2614E4A83C31_3243_McManus_Ave_Culver_City_90232,McManus,3243 McManus Avenue Ave Culver City 90232,,,,
460152,1008727,,4312022001.0,,3207.0,,,South,,,La Cienega,Avenue,,,,,,,,,,,,,90232.0,,Los Angeles,Culver City,,,,,LA City,{94E30CC9-FDF9-4431-8EC5-B08C221B9014},0,,94E30CC9-FDF9-4431-8EC5-B08C221B9014,Unknown,,S,,,Ave,S La Cienega Ave,2023/09/12 23:03:18+00,3207 S La Cienega Ave Culver City 90232,94E30CC9-FDF9-4431-8EC5-B08C221B9014_3207_S_La_Cienega_Ave_Culver_City_90232,La Cienega,3207 S La Cienega Avenue Ave Los Angeles 90232,,,,
460153,1008728,,4312022001.0,,3203.0,,,South,,,La Cienega,Avenue,,,,,,,,,,,,,90232.0,,Los Angeles,Culver City,,,,,LA City,{4AAFF283-37A5-49B3-A196-CE780FFB36DC},0,,4AAFF283-37A5-49B3-A196-CE780FFB36DC,Unknown,,S,,,Ave,S La Cienega Ave,2023/09/12 23:03:18+00,3203 S La Cienega Ave Culver City 90232,4AAFF283-37A5-49B3-A196-CE780FFB36DC_3203_S_La_Cienega_Ave_Culver_City_90232,La Cienega,3203 S La Cienega Avenue Ave Los Angeles 90232,,,,
460154,1008729,,4312022001.0,,3201.0,,,South,,,La Cienega,Avenue,,,,,,,,,,,,,90232.0,,Los Angeles,Culver City,,,,,LA City,{808A3F93-95E3-4280-8187-255682EC7815},0,,808A3F93-95E3-4280-8187-255682EC7815,Unknown,,S,,,Ave,S La Cienega Ave,2023/09/12 23:03:18+00,3201 S La Cienega Ave Culver City 90232,808A3F93-95E3-4280-8187-255682EC7815_3201_S_La_Cienega_Ave_Culver_City_90232,La Cienega,3201 S La Cienega Avenue Ave Los Angeles 90232,,,,
460155,1008730,,4312022001.0,,3205.0,,,South,,,La Cienega,Avenue,,,,,,,,,,,,,90232.0,,Los Angeles,Culver City,,,,,LA City,{148AB83A-F4F6-489D-818A-C9B4438ABF2D},0,,148AB83A-F4F6-489D-818A-C9B4438ABF2D,Unknown,,S,,,Ave,S La Cienega Ave,2023/09/12 23:03:18+00,3205 S La Cienega Ave Culver City 90232,148AB83A-F4F6-489D-818A-C9B4438ABF2D_3205_S_La_Cienega_Ave_Culver_City_90232,La Cienega,3205 S La Cienega Avenue Ave Los Angeles 90232,,,,
460156,1008731,,4312022002.0,,3209.0,,,South,,,La Cienega,Avenue,,,,,,,,,,,,,90232.0,,Los Angeles,Culver City,,,,,LA City,{4833E7E6-910B-4A4E-BADB-351E14201858},0,,4833E7E6-910B-4A4E-BADB-351E14201858,Unknown,,S,,,Ave,S La Cienega Ave,2023/09/12 23:03:18+00,3209 S La Cienega Ave Culver City 90232,4833E7E6-910B-4A4E-BADB-351E14201858_3209_S_La_Cienega_Ave_Culver_City_90232,La Cienega,3209 S La Cienega Avenue Ave Los Angeles 90232,,,,
460157,1008732,,4312022002.0,,3211.0,,,South,,,La Cienega,Avenue,,,,,,,,,,,,,90232.0,,Los Angeles,Culver City,,,,,LA City,{4B6DADF8-8AEA-44C4-8403-C4B60991F1DA},0,,4B6DADF8-8AEA-44C4-8403-C4B60991F1DA,Unknown,,S,,,Ave,S La Cienega Ave,2023/09/12 23:03:18+00,3211 S La Cienega Ave Culver City 90232,4B6DADF8-8AEA-44C4-8403-C4B60991F1DA_3211_S_La_Cienega_Ave_Culver_City_90232,La Cienega,3211 S La Cienega Avenue Ave Los Angeles 90232,,,,
460171,1008746,,4312022015.0,,3244.0,,,,,,McManus,Avenue,,,,,,,,,,,,,90232.0,,Culver City,Culver City,,,,,Culver GIS,{3F825780-8A48-48E3-BA79-2A5D220132D8},0,,3F825780-8A48-48E3-BA79-2A5D220132D8,Unknown,,,,,Ave,McManus Ave,2024/05/12 21:05:27+00,3244 McManus Ave Culver City 90232,3F825780-8A48-48E3-BA79-2A5D220132D8_3244_McManus_Ave_Culver_City_90232,McManus,3244 McManus Avenue Ave Culver City 90232,,,,
460172,1008747,,4312022023.0,,3219.0,,,South,,,La Cienega,Avenue,,,,,,,,,,,,,90232.0,,Los Angeles,Culver City,,,,,LA City,{62E86EB8-72D7-42AB-9D9B-CF0C55C59E3F},0,,62E86EB8-72D7-42AB-9D9B-CF0C55C59E3F,Unknown,,S,,,Ave,S La Cienega Ave,2023/09/12 23:03:18+00,3219 S La Cienega Ave Culver City 90232,62E86EB8-72D7-42AB-9D9B-CF0C55C59E3F_3219_S_La_Cienega_Ave_Culver_City_90232,La Cienega,3219 S La Cienega Avenue Ave Los Angeles 90232,,,,
460173,1008748,,4312022024.0,,3215.0,,,South,,,La Cienega,Avenue,,,,,,,,,,,,,90232.0,,Los Angeles,Culver City,,,,,LA City,{28588E11-7D8B-48DB-AC71-72B3AEAFB651},0,,28588E11-7D8B-48DB-AC71-72B3AEAFB651,Unknown,,S,,,Ave,S La Cienega Ave,2023/09/12 23:03:18+00,3215 S La Cienega Ave Culver City 90232,28588E11-7D8B-48DB-AC71-72B3AEAFB651_3215_S_La_Cienega_Ave_Culver_City_90232,La Cienega,3215 S La Cienega Avenue Ave Los Angeles 90232,,,,
460174,1008749,,4312022028.0,,3223.0,,,,,La,Cienega,Avenue,,,,,,,,,,,,,90232.0,,Culver City,Culver City,,,,,Culver GIS,{D988CA9B-CEE0-46C3-90A4-2D9EA0D91EB4},0,,D988CA9B-CEE0-46C3-90A4-2D9EA0D91EB4,Unknown,,,,,Ave,La Cienega Ave,2015/05/11 20:02:20+00,3223 La Cienega Ave Culver City 90232,D988CA9B-CEE0-46C3-90A4-2D9EA0D91EB4_3223_La_Cienega_Ave_Culver_City_90232,La Cienega,3223 La Cienega Avenue Ave Culver City 90232,,,,
460175,1008750,,4312022028.0,,3223.0,,,,,La,Cienega,Avenue,,,,,,,,,,,Unit,A,90232.0,,Culver City,Culver City,,,,,Culver GIS,{234E63A3-870F-471A-89D8-F18DDC8CFD55},0,,234E63A3-870F-471A-89D8-F18DDC8CFD55,Unknown,,,,,Ave,La Cienega Ave,2015/05/11 22:21:36+00,3223 La Cienega Ave Unit A Culver City 90232,234E63A3-870F-471A-89D8-F18DDC8CFD55_3223_La_Cienega_Ave_Unit_A_Culver_City_90232,La Cienega,3223 La Cienega Avenue Ave Unit A Culver City 90232,,,,
460176,1008751,,4312022029.0,,3223.0,,,South,,,La Cienega,Avenue,,,,,,,,,,,,,90232.0,,Los Angeles,Culver City,,,,,LA City,{54587BB5-B1EC-4154-9A72-1888FFE494FD},0,,54587BB5-B1EC-4154-9A72-1888FFE494FD,Unknown,,S,,,Ave,S La Cienega Ave,2023/09/12 23:03:18+00,3223 S La Cienega Ave Culver City 90232,54587BB5-B1EC-4154-9A72-1888FFE494FD_3223_S_La_Cienega_Ave_Culver_City_90232,La Cienega,3223 S La Cienega Avenue Ave Los Angeles 90232,,,,
460177,1008761,,4312023002.0,,3222.0,,,,,La,Cienega,Avenue,,,,,,,,,,,,,90232.0,,Culver City,Culver City,,,,,Culver GIS,{E8FBBFF9-2520-4A17-99B1-6C6F40377178},0,,E8FBBFF9-2520-4A17-99B1-6C6F40377178,Unknown,,,,,Ave,La Cienega Ave,2015/05/11 20:02:20+00,3222 La Cienega Ave Culver City 90232,E8FBBFF9-2520-4A17-99B1-6C6F40377178_3222_La_Cienega_Ave_Culver_City_90232,La Cienega,3222 La Cienega Avenue Ave Culver City 90232,,,,
460178,1008762,,4312023002.0,,3222.0,,,,,La,Cienega,Avenue,,,,,,,,,,,Unit,101 A,90232.0,,Culver City,Culver City,,,,,Culver GIS,{8B9D11BB-7322-4B54-9B17-1AD75C6E0105},0,,8B9D11BB-7322-4B54-9B17-1AD75C6E0105,Unknown,,,,,Ave,La Cienega Ave,2015/05/11 20:02:20+00,3222 La Cienega Ave Unit 101 A Culver City 90232,8B9D11BB-7322-4B54-9B17-1AD75C6E0105_3222_La_Cienega_Ave_Unit_101_A_Culver_City_90232,La Cienega,3222 La Cienega Avenue Ave Unit 101 A Culver City 90232,,,,
460182,1008779,,4312023009.0,,6124.0,,,,,,Melvil,Street,,,,,,,,,,,,,90232.0,,Culver City,Culver City,,,,,Assessor,{D4ACFE28-8E85-4FDD-8E08-2D55DC4A929F},0,,D4ACFE28-8E85-4FDD-8E08-2D55DC4A929F,Unknown,,,,,St,Melvil St,2024/04/27 17:13:09+00,6124 Melvil St Culver City 90232,D4ACFE28-8E85-4FDD-8E08-2D55DC4A929F_6124_Melvil_St_Culver_City_90232,Melvil,6124 Melvil Street St Culver City 90232,,,,
460187,1008784,,4312023011.0,,3212.0,,,South,,,La Cienega,Avenue,,,,,,,,,,,,,90232.0,,Los Angeles,Culver City,,,,,LA City,{32C71459-A8DD-4378-8192-0C6F00A40A48},0,,32C71459-A8DD-4378-8192-0C6F00A40A48,Unknown,,S,,,Ave,S La Cienega Ave,2023/09/12 23:03:18+00,3212 S La Cienega Ave Culver City 90232,32C71459-A8DD-4378-8192-0C6F00A40A48_3212_S_La_Cienega_Ave_Culver_City_90232,La Cienega,3212 S La Cienega Avenue Ave Los Angeles 90232,,,,
460673,1009555,,4313016014.0,,9641.0,,,West,,,Venice,Boulevard,,,,,,,,,,,,,90232.0,,Los Angeles,Culver City,,,,,LA City,{7B44F7D8-839C-46C9-8246-A1D665F3FF7E},0,,7B44F7D8-839C-46C9-8246-A1D665F3FF7E,Unknown,,W,,,Blvd,W Venice Blvd,2023/09/12 23:03:18+00,9641 W Venice Blvd Culver City 90232,7B44F7D8-839C-46C9-8246-A1D665F3FF7E_9641_W_Venice_Blvd_Culver_City_90232,Venice,9641 W Venice Boulevard Blvd Los Angeles 90232,,,,
460674,1009556,,4313016015.0,,9631.0,,,West,,,Venice,Boulevard,,,,,,,,,,,,,90232.0,,Los Angeles,Culver City,,,,,LA City,{86494976-7B0E-4184-83C6-3C596A07FF8E},0,,86494976-7B0E-4184-83C6-3C596A07FF8E,Unknown,,W,,,Blvd,W Venice Blvd,2023/09/12 23:03:18+00,9631 W Venice Blvd Culver City 90232,86494976-7B0E-4184-83C6-3C596A07FF8E_9631_W_Venice_Blvd_Culver_City_90232,Venice,9631 W Venice Boulevard Blvd Los Angeles 90232,,,,
460675,1009557,,4313016015.0,,9635.0,,,West,,,Venice,Boulevard,,,,,,,,,,,,,90232.0,,Los Angeles,Culver City,,,,,LA City,{FB8C0294-7275-4933-96D6-8DE7A84F6A18},0,,FB8C0294-7275-4933-96D6-8DE7A84F6A18,Unknown,,W,,,Blvd,W Venice Blvd,2023/09/12 23:03:18+00,9635 W Venice Blvd Culver City 90232,FB8C0294-7275-4933-96D6-8DE7A84F6A18_9635_W_Venice_Blvd_Culver_City_90232,Venice,9635 W Venice Boulevard Blvd Los Angeles 90232,,,,
460676,1009558,,4313016018.0,,9617.0,,,West,,,Venice,Boulevard,,,,,,,,,,,,,90232.0,,Los Angeles,Culver City,,,,,LA City,{2625096A-F77B-4220-AC66-A76679091E6F},0,,2625096A-F77B-4220-AC66-A76679091E6F,Unknown,,W,,,Blvd,W Venice Blvd,2023/09/12 23:03:18+00,9617 W Venice Blvd Culver City 90232,2625096A-F77B-4220-AC66-A76679091E6F_9617_W_Venice_Blvd_Culver_City_90232,Venice,9617 W Venice Boulevard Blvd Los Angeles 90232,,,,
460680,1009562,,4313016037.0,,9607.0,,,West,,,Venice,Boulevard,,,,,,,,,,,,,90232.0,,Los Angeles,Culver City,,,,,LA City,{A388C620-F23E-478D-AF01-A8E950EDA4E5},0,,A388C620-F23E-478D-AF01-A8E950EDA4E5,Unknown,,W,,,Blvd,W Venice Blvd,2023/09/12 23:03:18+00,9607 W Venice Blvd Culver City 90232,A388C620-F23E-478D-AF01-A8E950EDA4E5_9607_W_Venice_Blvd_Culver_City_90232,Venice,9607 W Venice Boulevard Blvd Los Angeles 90232,,,,
460681,1009563,,4313016037.0,,9609.0,,,West,,,Venice,Boulevard,,,,,,,,,,,,,90232.0,,Los Angeles,Culver City,,,,,LA City,{652E511F-11D3-4220-8F49-218FC2069CD7},0,,652E511F-11D3-4220-8F49-218FC2069CD7,Unknown,,W,,,Blvd,W Venice Blvd,2023/09/12 23:03:18+00,9609 W Venice Blvd Culver City 90232,652E511F-11D3-4220-8F49-218FC2069CD7_9609_W_Venice_Blvd_Culver_City_90232,Venice,9609 W Venice Boulevard Blvd Los Angeles 90232,,,,
460682,1009564,,4313016037.0,,9603.0,,,West,,,Venice,Boulevard,,,,,,,,,,,,,90232.0,,Los Angeles,Culver City,,,,,LA City,{56C00F75-7378-42A3-BCA5-2C8813457404},0,,56C00F75-7378-42A3-BCA5-2C8813457404,Unknown,,W,,,Blvd,W Venice Blvd,2023/09/12 23:03:18+00,9603 W Venice Blvd Culver City 90232,56C00F75-7378-42A3-BCA5-2C8813457404_9603_W_Venice_Blvd_Culver_City_90232,Venice,9603 W Venice Boulevard Blvd Los Angeles 90232,,,,
460683,1009565,,4313016037.0,,9613.0,,,West,,,Venice,Boulevard,,,,,,,,,,,,,90232.0,,Los Angeles,Culver City,,,,,LA City,{E422EBB2-01CC-48C4-B857-9AC69A022511},0,,E422EBB2-01CC-48C4-B857-9AC69A022511,Unknown,,W,,,Blvd,W Venice Blvd,2023/09/12 23:03:18+00,9613 W Venice Blvd Culver City 90232,E422EBB2-01CC-48C4-B857-9AC69A022511_9613_W_Venice_Blvd_Culver_City_90232,Venice,9613 W Venice Boulevard Blvd Los Angeles 90232,,,,
460684,1009566,,4313016037.0,,9601.0,,,West,,,Venice,Boulevard,,,,,,,,,,,,,90232.0,,Los Angeles,Culver City,,,,,LA City,{ED34BF44-FF57-454C-A202-2B521470BD14},0,,ED34BF44-FF57-454C-A202-2B521470BD14,Unknown,,W,,,Blvd,W Venice Blvd,2023/09/12 23:03:18+00,9601 W Venice Blvd Culver City 90232,ED34BF44-FF57-454C-A202-2B521470BD14_9601_W_Venice_Blvd_Culver_City_90232,Venice,9601 W Venice Boulevard Blvd Los Angeles 90232,,,,
460685,1009567,,4313016037.0,,9611.0,,,West,,,Venice,Boulevard,,,,,,,,,,,,,90232.0,,Los Angeles,Culver City,,,,,LA City,{7B86A6FA-CB27-4B50-B2AF-110CB47DECF5},0,,7B86A6FA-CB27-4B50-B2AF-110CB47DECF5,Unknown,,W,,,Blvd,W Venice Blvd,2023/09/12 23:03:18+00,9611 W Venice Blvd Culver City 90232,7B86A6FA-CB27-4B50-B2AF-110CB47DECF5_9611_W_Venice_Blvd_Culver_City_90232,Venice,9611 W Venice Boulevard Blvd Los Angeles 90232,,,,
460688,1009570,,4313016040.0,,9623.0,,,West,,,Venice,Boulevard,,,,,,,,,,,,,90232.0,,Los Angeles,Culver City,,,,,LA City,{ED825C8E-B4D7-4345-800B-0AB74432C5E4},0,,ED825C8E-B4D7-4345-800B-0AB74432C5E4,Unknown,,W,,,Blvd,W Venice Blvd,2023/09/12 23:03:18+00,9623 W Venice Blvd Culver City 90232,ED825C8E-B4D7-4345-800B-0AB74432C5E4_9623_W_Venice_Blvd_Culver_City_90232,Venice,9623 W Venice Boulevard Blvd Los Angeles 90232,,,,
460738,1009620,,4313019024.0,,9409.0,,,West,,,Venice,Boulevard,,,,,,,,,,,,,90232.0,,Los Angeles,Culver City,,,,,LA City,{A7C0D72E-378B-4F2D-AB17-45BC5EA94D9E},0,,A7C0D72E-378B-4F2D-AB17-45BC5EA94D9E,Unknown,,W,,,Blvd,W Venice Blvd,2023/09/12 23:03:18+00,9409 W Venice Blvd Culver City 90232,A7C0D72E-378B-4F2D-AB17-45BC5EA94D9E_9409_W_Venice_Blvd_Culver_City_90232,Venice,9409 W Venice Boulevard Blvd Los Angeles 90232,,,,
460739,1009621,,4313019025.0,,9403.0,,,West,,,Venice,Boulevard,,,,,,,,,,,,,90232.0,,Los Angeles,Culver City,,,,,LA City,{E1F4570E-BDCF-4EE2-8249-BF06DA6C9DFA},0,,E1F4570E-BDCF-4EE2-8249-BF06DA6C9DFA,Unknown,,W,,,Blvd,W Venice Blvd,2023/09/12 23:03:18+00,9403 W Venice Blvd Culver City 90232,E1F4570E-BDCF-4EE2-8249-BF06DA6C9DFA_9403_W_Venice_Blvd_Culver_City_90232,Venice,9403 W Venice Boulevard Blvd Los Angeles 90232,,,,
460740,1009622,,4313019025.0,,9401.0,,,West,,,Venice,Boulevard,,,,,,,,,,,,,90232.0,,Los Angeles,Culver City,,,,,LA City,{E4AC06FE-7167-41E9-9632-27E0BC31A7D4},0,,E4AC06FE-7167-41E9-9632-27E0BC31A7D4,Unknown,,W,,,Blvd,W Venice Blvd,2023/09/12 23:03:18+00,9401 W Venice Blvd Culver City 90232,E4AC06FE-7167-41E9-9632-27E0BC31A7D4_9401_W_Venice_Blvd_Culver_City_90232,Venice,9401 W Venice Boulevard Blvd Los Angeles 90232,,,,
460750,1009632,,4313019047.0,,9439.0,,,West,,,Venice,Boulevard,,,,,,,,,,,,,90232.0,,Los Angeles,Culver City,,,,,LA City,{20A0D084-9BE4-4948-9DAD-1935712CD422},0,,20A0D084-9BE4-4948-9DAD-1935712CD422,Unknown,,W,,,Blvd,W Venice Blvd,2023/09/12 23:03:18+00,9439 W Venice Blvd Culver City 90232,20A0D084-9BE4-4948-9DAD-1935712CD422_9439_W_Venice_Blvd_Culver_City_90232,Venice,9439 W Venice Boulevard Blvd Los Angeles 90232,,,,
460752,1009634,,4313019047.0,,9431.0,,,West,,,Venice,Boulevard,,,,,,,,,,,,,90232.0,,Los Angeles,Culver City,,,,,LA City,{372830E7-B8E7-4E69-88B8-138366B07D70},0,,372830E7-B8E7-4E69-88B8-138366B07D70,Unknown,,W,,,Blvd,W Venice Blvd,2023/09/12 23:03:18+00,9431 W Venice Blvd Culver City 90232,372830E7-B8E7-4E69-88B8-138366B07D70_9431_W_Venice_Blvd_Culver_City_90232,Venice,9431 W Venice Boulevard Blvd Los Angeles 90232,,,,
460763,1009645,,4313020021.0,,9345.0,,,West,,,Venice,Boulevard,,,,,,,,,,,,1-5,90232.0,,Los Angeles,Culver City,,,,,LA City,{8AAD7234-1E72-4720-BA6A-A9D0DE643B5B},0,,8AAD7234-1E72-4720-BA6A-A9D0DE643B5B,Unknown,,W,,,Blvd,W Venice Blvd,2023/09/12 23:03:18+00,9345 W Venice Blvd 1-5 Culver City 90232,8AAD7234-1E72-4720-BA6A-A9D0DE643B5B_9345_W_Venice_Blvd_1-5_Culver_City_90232,Venice,9345 W Venice Boulevard Blvd 1-5 Los Angeles 90232,,,,
460764,1009646,,4313020022.0,,9343.0,,,West,,,Venice,Boulevard,,,,,,,,,,,,,90232.0,,Los Angeles,Culver City,,,,,LA City,{4F307900-EC74-4ED5-BEDF-9093E79B6222},0,,4F307900-EC74-4ED5-BEDF-9093E79B6222,Unknown,,W,,,Blvd,W Venice Blvd,2023/09/12 23:03:18+00,9343 W Venice Blvd Culver City 90232,4F307900-EC74-4ED5-BEDF-9093E79B6222_9343_W_Venice_Blvd_Culver_City_90232,Venice,9343 W Venice Boulevard Blvd Los Angeles 90232,,,,
460765,1009647,,4313020027.0,,9315.0,,,West,,,Venice,Boulevard,,,,,,,,,,,,,90232.0,,Los Angeles,Culver City,,,,,LA City,{34ADCC3D-8B81-426D-B959-F7C5D60369B3},0,,34ADCC3D-8B81-426D-B959-F7C5D60369B3,Unknown,,W,,,Blvd,W Venice Blvd,2023/09/12 23:03:18+00,9315 W Venice Blvd Culver City 90232,34ADCC3D-8B81-426D-B959-F7C5D60369B3_9315_W_Venice_Blvd_Culver_City_90232,Venice,9315 W Venice Boulevard Blvd Los Angeles 90232,,,,
460778,1009660,,4313020058.0,,9301.0,,,West,,,Venice,Boulevard,,,,,,,,,,,,,90232.0,,Los Angeles,Culver City,,,,,LA City,{D6F37327-2C92-49A3-8411-C07E010A3502},0,,D6F37327-2C92-49A3-8411-C07E010A3502,Unknown,,W,,,Blvd,W Venice Blvd,2023/09/12 23:03:18+00,9301 W Venice Blvd Culver City 90232,D6F37327-2C92-49A3-8411-C07E010A3502_9301_W_Venice_Blvd_Culver_City_90232,Venice,9301 W Venice Boulevard Blvd Los Angeles 90232,,,,
460779,1009661,,4313020059.0,,9325.0,,,West,,,Venice,Boulevard,,,,,,,,,,,,,90232.0,,Los Angeles,Culver City,,,,,LA City,{1FA825EC-88E6-4416-B6DA-F8DEC3753FF4},0,,1FA825EC-88E6-4416-B6DA-F8DEC3753FF4,Unknown,,W,,,Blvd,W Venice Blvd,2023/09/12 23:03:18+00,9325 W Venice Blvd Culver City 90232,1FA825EC-88E6-4416-B6DA-F8DEC3753FF4_9325_W_Venice_Blvd_Culver_City_90232,Venice,9325 W Venice Boulevard Blvd Los Angeles 90232,,,,
460885,1009767,,4314002900.0,,10525.0,,,West,,,Venice,Boulevard,,,,,,,,,,,,1-60,90232.0,,Los Angeles,Culver City,,,,,LA City,{7E2F5442-900F-4864-9A30-5BCBA93CB222},0,,7E2F5442-900F-4864-9A30-5BCBA93CB222,Unknown,,W,,,Blvd,W Venice Blvd,2023/09/12 23:03:18+00,10525 W Venice Blvd 1-60 Culver City 90232,7E2F5442-900F-4864-9A30-5BCBA93CB222_10525_W_Venice_Blvd_1-60_Culver_City_90232,Venice,10525 W Venice Boulevard Blvd 1-60 Los Angeles 90232,,,,
