fid,OBJECTID,OBJIDstr,AIN,NumPrefix,Number,NumSuffix,PreMod,PreDir,PreType,StArticle,StreetName,PostType,PostDir,PostMod,BldgID,BldgSource,BldgTypePl,BldgType,BldgName,FlrTypePl,FlrType,FlrName,UnitType,UnitName,ZipCode,Zip4,LegalComm,PostComm1,PostComm2,PostComm3,OtherComm1,OtherComm2,Source,SourceID,MADRank,AROIDstr,OIDstr,PropType,ObjID,PreDirAbbr,PostDirAbbr,PreTypeAbbr,PostTypeAbbr,FullName,UpdateDate,FullAddress,UniqueID,StName_EnerGov,FullAddress_EnerGov,MSAG_City,ESN,lon,lat
39,61,,,,1752.0,,,,,,257th,,,,,,,,,,,,,,90717.0,,Lomita,Lomita,,,,,CAMS,{921417EF-C5F7-4238-BFCE-751B1AE149AC},0,,921417EF-C5F7-4238-BFCE-751B1AE149AC,Unknown,,,,,,257th,2015/03/28 03:05:39+00,1752 257th Lomita 90717,921417EF-C5F7-4238-BFCE-751B1AE149AC_1752_257th_Lomita_90717,257th,1752 257th Lomita 90717,,,,
173,267,,,,25430.0,U,,,,,Oak,Street,,,,,,,,,,,,,90717.0,,Lomita,Lomita,,,,,CAMS,{3FAC93D2-9E62-4132-8471-E7488CAF46CD},0,,3FAC93D2-9E62-4132-8471-E7488CAF46CD,Unknown,,,,,St,Oak St,2024/07/17 18:16:05+00,25430 U Oak St Lomita 90717,3FAC93D2-9E62-4132-8471-E7488CAF46CD_25430_U_Oak_St_Lomita_90717,Oak,25430 U Oak Street St Lomita 90717,,,,
177,273,,,,25313.0,U,,,,,Eshelman,Avenue,,,,,,,,,,,,,90717.0,,Lomita,Lomita,,,,,CAMS,{2A906B56-6626-4324-B37E-676C80BA0E4C},0,,2A906B56-6626-4324-B37E-676C80BA0E4C,Utility,,,,,Ave,Eshelman Ave,2024/07/17 18:16:05+00,25313 U Eshelman Ave Lomita 90717,2A906B56-6626-4324-B37E-676C80BA0E4C_25313_U_Eshelman_Ave_Lomita_90717,Eshelman,25313 U Eshelman Avenue Ave Lomita 90717,,,,
399,628,,,,2255.0,,,,,,Blue Rose,Court,,,,,,,,,,,,,90717.0,,Lomita,Lomita,,,,,CAMS,{80EFF318-18B0-4461-BE64-264F845C5B7A},0,,80EFF318-18B0-4461-BE64-264F845C5B7A,Unknown,,,,,Ct,Blue Rose Ct,2015/03/28 02:40:14+00,2255 Blue Rose Ct Lomita 90717,80EFF318-18B0-4461-BE64-264F845C5B7A_2255_Blue_Rose_Ct_Lomita_90717,Blue Rose,2255 Blue Rose Court Ct Lomita 90717,,,,
531,845,,,,2256.0,,,,,,Blue Rose,Court,,,,,,,,,,,,,90717.0,,Lomita,Lomita,,,,,CAMS,{8DCA438E-B84B-4A7E-BE97-6D78246AB5DE},0,,8DCA438E-B84B-4A7E-BE97-6D78246AB5DE,Unknown,,,,,Ct,Blue Rose Ct,2015/03/28 02:25:51+00,2256 Blue Rose Ct Lomita 90717,8DCA438E-B84B-4A7E-BE97-6D78246AB5DE_2256_Blue_Rose_Ct_Lomita_90717,Blue Rose,2256 Blue Rose Court Ct Lomita 90717,,,,
564,889,,,,2271.0,,,,,,Blue Rose,Court,,,,,,,,,,,,,90717.0,,Lomita,Lomita,,,,,CAMS,{DC0631B9-16BD-496B-B198-9FF60B5ACA85},0,,DC0631B9-16BD-496B-B198-9FF60B5ACA85,Unknown,,,,,Ct,Blue Rose Ct,2015/03/28 02:32:11+00,2271 Blue Rose Ct Lomita 90717,DC0631B9-16BD-496B-B198-9FF60B5ACA85_2271_Blue_Rose_Ct_Lomita_90717,Blue Rose,2271 Blue Rose Court Ct Lomita 90717,,,,
672,1076,,,,25338.0,U,,,,,Oak,Street,,,,,,,,,,,,,90717.0,,Lomita,Lomita,,,,,CAMS,{B7A3B16C-BA70-4377-9681-505E4751A765},0,,B7A3B16C-BA70-4377-9681-505E4751A765,Unknown,,,,,St,Oak St,2024/07/17 18:16:05+00,25338 U Oak St Lomita 90717,B7A3B16C-BA70-4377-9681-505E4751A765_25338_U_Oak_St_Lomita_90717,Oak,25338 U Oak Street St Lomita 90717,,,,
909,1464,,,,2262.0,,,,,,Blue Rose,Court,,,,,,,,,,,,,90717.0,,Lomita,Lomita,,,,,CAMS,{12F81FAD-915B-4A05-945F-86E0D437D097},0,,12F81FAD-915B-4A05-945F-86E0D437D097,Unknown,,,,,Ct,Blue Rose Ct,2015/03/28 02:48:34+00,2262 Blue Rose Ct Lomita 90717,12F81FAD-915B-4A05-945F-86E0D437D097_2262_Blue_Rose_Ct_Lomita_90717,Blue Rose,2262 Blue Rose Court Ct Lomita 90717,,,,
1062,1707,,,,2361.0,U,,,,,255th,Street,,,,,,,,,,,,,90717.0,,Lomita,Lomita,,,,,CAMS,{01187748-48D3-4E0E-B1E4-E163E4E2A8D3},0,,01187748-48D3-4E0E-B1E4-E163E4E2A8D3,Utility,,,,,St,255th St,2024/07/17 18:16:05+00,2361 U 255th St Lomita 90717,01187748-48D3-4E0E-B1E4-E163E4E2A8D3_2361_U_255th_St_Lomita_90717,255th,2361 U 255th Street St Lomita 90717,,,,
1287,2088,,,,1750.0,,,,,,257th,,,,,,,,,,,,,,90717.0,,Lomita,Lomita,,,,,CAMS,{7F411CEB-D9F6-42E9-AC05-C3DB1A99B748},0,,7F411CEB-D9F6-42E9-AC05-C3DB1A99B748,Unknown,,,,,,257th,2015/03/28 03:05:39+00,1750 257th Lomita 90717,7F411CEB-D9F6-42E9-AC05-C3DB1A99B748_1750_257th_Lomita_90717,257th,1750 257th Lomita 90717,,,,
1547,2520,,,,1758.0,,,,,,257th,,,,,,,,,,,,,,90717.0,,Lomita,Lomita,,,,,CAMS,{F3A57C2C-30C1-4911-8979-ED3D4F0E2153},0,,F3A57C2C-30C1-4911-8979-ED3D4F0E2153,Unknown,,,,,,257th,2015/03/28 03:05:39+00,1758 257th Lomita 90717,F3A57C2C-30C1-4911-8979-ED3D4F0E2153_1758_257th_Lomita_90717,257th,1758 257th Lomita 90717,,,,
2380,3905,,,,2270.0,,,,,,Blue Rose,Court,,,,,,,,,,,,,90717.0,,Lomita,Lomita,,,,,CAMS,{B284491C-6DE3-45A6-BE64-8455B2B88726},0,,B284491C-6DE3-45A6-BE64-8455B2B88726,Unknown,,,,,Ct,Blue Rose Ct,2015/03/28 02:46:29+00,2270 Blue Rose Ct Lomita 90717,B284491C-6DE3-45A6-BE64-8455B2B88726_2270_Blue_Rose_Ct_Lomita_90717,Blue Rose,2270 Blue Rose Court Ct Lomita 90717,,,,
2655,4381,,,,2011.0,U,,,,,Pacific Coast,Highway,,,,,,,,,,,,,90717.0,,Lomita,Lomita,,,,,CAMS,{A5036823-280B-4043-8591-B49074A2B8B1},0,,A5036823-280B-4043-8591-B49074A2B8B1,Unknown,,,,,Hwy,Pacific Coast Hwy,2024/07/17 18:16:05+00,2011 U Pacific Coast Hwy Lomita 90717,A5036823-280B-4043-8591-B49074A2B8B1_2011_U_Pacific_Coast_Hwy_Lomita_90717,Pacific Coast,2011 U Pacific Coast Highway Hwy Lomita 90717,,,,
3258,5363,,,,25438.0,U,,,,,Narbonne,Avenue,,,,,,,,,,,,,90717.0,,Lomita,Lomita,,,,,CAMS,{0B777B8D-99DB-4062-BBDA-B347B57FE4A7},0,,0B777B8D-99DB-4062-BBDA-B347B57FE4A7,Unknown,,,,,Ave,Narbonne Ave,2024/07/17 18:16:05+00,25438 U Narbonne Ave Lomita 90717,0B777B8D-99DB-4062-BBDA-B347B57FE4A7_25438_U_Narbonne_Ave_Lomita_90717,Narbonne,25438 U Narbonne Avenue Ave Lomita 90717,,,,
3538,5832,,,,26844.0,U,,,,,Rolling Vista,Drive,,,,,,,,,,,,,90717.0,,Lomita,Lomita,,,,,CAMS,{F2736420-2E03-4D2D-B5F8-0774AC028F1D},0,,F2736420-2E03-4D2D-B5F8-0774AC028F1D,Utility,,,,,Dr,Rolling Vista Dr,2024/07/17 18:16:05+00,26844 U Rolling Vista Dr Lomita 90717,F2736420-2E03-4D2D-B5F8-0774AC028F1D_26844_U_Rolling_Vista_Dr_Lomita_90717,Rolling Vista,26844 U Rolling Vista Drive Dr Lomita 90717,,,,
4011,6608,,,,25820.0,U,,,,,Oak,Street,,,,,,,,,,,,,90717.0,,Lomita,Lomita,,,,,CAMS,{AA2FC333-164B-47CB-8072-2D4AB464585D},0,,AA2FC333-164B-47CB-8072-2D4AB464585D,Unknown,,,,,St,Oak St,2024/07/17 18:16:05+00,25820 U Oak St Lomita 90717,AA2FC333-164B-47CB-8072-2D4AB464585D_25820_U_Oak_St_Lomita_90717,Oak,25820 U Oak Street St Lomita 90717,,,,
4396,7240,,,,1756.0,,,,,,257th,,,,,,,,,,,,,,90717.0,,Lomita,Lomita,,,,,CAMS,{A0AD0B2D-5D46-42DD-9031-491EC04869AD},0,,A0AD0B2D-5D46-42DD-9031-491EC04869AD,Unknown,,,,,,257th,2015/03/28 03:05:39+00,1756 257th Lomita 90717,A0AD0B2D-5D46-42DD-9031-491EC04869AD_1756_257th_Lomita_90717,257th,1756 257th Lomita 90717,,,,
4398,7249,,,,24111.0,,,,,,Alliene,Avenue,,,,,,,,,,,,,90717.0,,Lomita,Lomita,,,,,LACO DPW House Numbering Map,{F19643FA-FA3A-48C3-A91C-6426DBDDB430},0,,F19643FA-FA3A-48C3-A91C-6426DBDDB430,Unknown,,,,,Ave,Alliene Ave,2018/11/08 11:09:58+00,24111 Alliene Ave Lomita 90717,F19643FA-FA3A-48C3-A91C-6426DBDDB430_24111_Alliene_Ave_Lomita_90717,Alliene,24111 Alliene Avenue Ave Lomita 90717,,,,
4537,7457,,,,2020.0,U,,,,,Lomita,Boulevard,,,,,,,,,,,,,90717.0,,Lomita,Lomita,,,,,CAMS,{5F22FC27-AE9B-4202-93CF-688626D81727},0,,5F22FC27-AE9B-4202-93CF-688626D81727,Unknown,,,,,Blvd,Lomita Blvd,2024/07/17 18:16:05+00,2020 U Lomita Blvd Lomita 90717,5F22FC27-AE9B-4202-93CF-688626D81727_2020_U_Lomita_Blvd_Lomita_90717,Lomita,2020 U Lomita Boulevard Blvd Lomita 90717,,,,
4683,7693,,,,25810.0,U,,,,,Narbonne,Avenue,,,,,,,,,,,,,90717.0,,Lomita,Lomita,,,,,CAMS,{CD9ABF10-A8F7-4B42-B6A0-90A8D2F43882},0,,CD9ABF10-A8F7-4B42-B6A0-90A8D2F43882,Unknown,,,,,Ave,Narbonne Ave,2024/07/17 18:16:05+00,25810 U Narbonne Ave Lomita 90717,CD9ABF10-A8F7-4B42-B6A0-90A8D2F43882_25810_U_Narbonne_Ave_Lomita_90717,Narbonne,25810 U Narbonne Avenue Ave Lomita 90717,,,,
4717,7746,,,,1754.0,,,,,,257th,,,,,,,,,,,,,,90717.0,,Lomita,Lomita,,,,,Office of Assessor,{3EB21042-5AA1-4064-A734-81E424B27A68},0,,3EB21042-5AA1-4064-A734-81E424B27A68,Unknown,,,,,,257th,2015/03/28 02:21:37+00,1754 257th Lomita 90717,3EB21042-5AA1-4064-A734-81E424B27A68_1754_257th_Lomita_90717,257th,1754 257th Lomita 90717,,,,
4799,7893,,,,25825.0,U,,,,,Narbonne,Avenue,,,,,,,,,,,,,90717.0,,Lomita,Lomita,,,,,CAMS,{FE1558DD-0292-45D4-B7ED-4B18830EFA20},0,,FE1558DD-0292-45D4-B7ED-4B18830EFA20,Unknown,,,,,Ave,Narbonne Ave,2024/07/17 18:16:05+00,25825 U Narbonne Ave Lomita 90717,FE1558DD-0292-45D4-B7ED-4B18830EFA20_25825_U_Narbonne_Ave_Lomita_90717,Narbonne,25825 U Narbonne Avenue Ave Lomita 90717,,,,
5040,8263,,,,25444.0,U,,,,,Cypress,Street,,,,,,,,,,,,,90717.0,,Lomita,Lomita,,,,,LACO DPW Add,{88969225-9398-459E-9FE4-D9DE29AE2491},0,,88969225-9398-459E-9FE4-D9DE29AE2491,Utility,,,,,St,Cypress St,2024/07/17 18:16:05+00,25444 U Cypress St Lomita 90717,88969225-9398-459E-9FE4-D9DE29AE2491_25444_U_Cypress_St_Lomita_90717,Cypress,25444 U Cypress Street St Lomita 90717,,,,
5089,8357,,,,26301.0,U,,,,,Western,Avenue,,,,,,,,,,,,,90717.0,,Lomita,Lomita,,,,,CAMS,{F091D7F2-A009-4CB1-960C-E1158F3FC3AA},0,,F091D7F2-A009-4CB1-960C-E1158F3FC3AA,Unknown,,,,,Ave,Western Ave,2024/07/17 18:16:05+00,26301 U Western Ave Lomita 90717,F091D7F2-A009-4CB1-960C-E1158F3FC3AA_26301_U_Western_Ave_Lomita_90717,Western,26301 U Western Avenue Ave Lomita 90717,,,,
5450,8937,,,,24321.0,U,,,,,Narbonne,Avenue,,,,,,,,,,,,,90717.0,,Lomita,Lomita,,,,,CAMS,{65BA15BE-C2B2-4446-9646-E86695979870},0,,65BA15BE-C2B2-4446-9646-E86695979870,Unknown,,,,,Ave,Narbonne Ave,2024/07/17 18:16:05+00,24321 U Narbonne Ave Lomita 90717,65BA15BE-C2B2-4446-9646-E86695979870_24321_U_Narbonne_Ave_Lomita_90717,Narbonne,24321 U Narbonne Avenue Ave Lomita 90717,,,,
5803,9515,,,,24109.0,,,,,,Alliene,Avenue,,,,,,,,,,,,,90717.0,,Lomita,Lomita,,,,,LACO DPW House Numbering Map,{E997540E-21E0-49BC-BC09-2E0C5E51933C},0,,E997540E-21E0-49BC-BC09-2E0C5E51933C,Unknown,,,,,Ave,Alliene Ave,2018/11/08 11:09:58+00,24109 Alliene Ave Lomita 90717,E997540E-21E0-49BC-BC09-2E0C5E51933C_24109_Alliene_Ave_Lomita_90717,Alliene,24109 Alliene Avenue Ave Lomita 90717,,,,
6686,10963,,,,2263.0,,,,,,Blue Rose,Court,,,,,,,,,,,,,90717.0,,Lomita,Lomita,,,,,CAMS,{8F4F4CBB-87BD-44F8-9B6E-8251C335CD39},0,,8F4F4CBB-87BD-44F8-9B6E-8251C335CD39,Unknown,,,,,Ct,Blue Rose Ct,2015/03/28 02:30:02+00,2263 Blue Rose Ct Lomita 90717,8F4F4CBB-87BD-44F8-9B6E-8251C335CD39_2263_Blue_Rose_Ct_Lomita_90717,Blue Rose,2263 Blue Rose Court Ct Lomita 90717,,,,
6726,11024,,,,25010.0,U,,,,,Ebony,Lane,,,,,,,,,,,,,90717.0,,Lomita,Lomita,,,,,LACO DPW Add,{9E197C9B-1396-4202-A3DB-E9B48077DB97},0,,9E197C9B-1396-4202-A3DB-E9B48077DB97,Utility,,,,,Ln,Ebony Ln,2024/07/17 18:16:05+00,25010 U Ebony Ln Lomita 90717,9E197C9B-1396-4202-A3DB-E9B48077DB97_25010_U_Ebony_Ln_Lomita_90717,Ebony,25010 U Ebony Lane Ln Lomita 90717,,,,
7083,11592,,,,24663.0,U,,,,,Pennsylvania,Avenue,,,,,,,,,,,,,90717.0,,Lomita,Lomita,,,,,CAMS,{8506AFFE-94A2-43F6-A34F-28F60804BD13},0,,8506AFFE-94A2-43F6-A34F-28F60804BD13,Unknown,,,,,Ave,Pennsylvania Ave,2024/07/17 18:16:05+00,24663 U Pennsylvania Ave Lomita 90717,8506AFFE-94A2-43F6-A34F-28F60804BD13_24663_U_Pennsylvania_Ave_Lomita_90717,Pennsylvania,24663 U Pennsylvania Avenue Ave Lomita 90717,,,,
7405,12098,,,,24401.0,U,,,,,Eshelman,Avenue,,,,,,,,,,,,,90717.0,,Lomita,Lomita,,,,,LACO DPW Add,{8819A6CC-4A16-40EB-AA75-CDBCC2D2C917},0,,8819A6CC-4A16-40EB-AA75-CDBCC2D2C917,Utility,,,,,Ave,Eshelman Ave,2024/07/17 18:16:05+00,24401 U Eshelman Ave Lomita 90717,8819A6CC-4A16-40EB-AA75-CDBCC2D2C917_24401_U_Eshelman_Ave_Lomita_90717,Eshelman,24401 U Eshelman Avenue Ave Lomita 90717,,,,
7543,12309,,,,2120.0,U,,,,,Palos Verdes,Drive,North,,,,,,,,,,,,90717.0,,Lomita,Lomita,,,,,LACO DPW Add,{CC02EFC2-11A3-4AF6-92C6-B7DB94345C3D},0,,CC02EFC2-11A3-4AF6-92C6-B7DB94345C3D,Unknown,,,N,,Dr,Palos Verdes Dr N,2024/07/17 18:16:05+00,2120 U Palos Verdes Dr N Lomita 90717,CC02EFC2-11A3-4AF6-92C6-B7DB94345C3D_2120_U_Palos_Verdes_Dr_N_Lomita_90717,Palos Verdes,2120 U Palos Verdes Drive Dr N Lomita 90717,,,,
8241,13489,,,,1748.0,U,,,,,257th,,,,,,,,,,,,,,90717.0,,Lomita,Lomita,,,,,CAMS,{199CAF79-6C3B-4E7D-89EE-C4C4DCD0F374},0,,199CAF79-6C3B-4E7D-89EE-C4C4DCD0F374,Utility,,,,,,257th,2024/07/17 18:16:05+00,1748 U 257th Lomita 90717,199CAF79-6C3B-4E7D-89EE-C4C4DCD0F374_1748_U_257th_Lomita_90717,257th,1748 U 257th Lomita 90717,,,,
8388,13716,,,,25803.0,U,,,,,Lucille,Avenue,,,,,,,,,,,,,90717.0,,Lomita,Lomita,,,,,CAMS,{500D137E-CCB1-4010-90F2-8E81ADEFD9A2},0,,500D137E-CCB1-4010-90F2-8E81ADEFD9A2,Unknown,,,,,Ave,Lucille Ave,2024/07/17 18:16:05+00,25803 U Lucille Ave Lomita 90717,500D137E-CCB1-4010-90F2-8E81ADEFD9A2_25803_U_Lucille_Ave_Lomita_90717,Lucille,25803 U Lucille Avenue Ave Lomita 90717,,,,
9581,16256,,,,1801.0,U,,,,,262nd,Street,,,,,,,,,,,,,90717.0,,Lomita,Lomita,,,,,LACO DPW Add,{D7127F76-2CFA-4039-A86D-0DBD337A3523},0,,D7127F76-2CFA-4039-A86D-0DBD337A3523,Utility,,,,,St,262nd St,2024/07/17 18:16:05+00,1801 U 262nd St Lomita 90717,D7127F76-2CFA-4039-A86D-0DBD337A3523_1801_U_262nd_St_Lomita_90717,262nd,1801 U 262nd Street St Lomita 90717,,,,
9594,16284,,,,26130.0,,,,,,Narbonne,Avenue,,,,,,,,,,,Unit,126,90717.0,,Lomita,Lomita,,,,,Office of Assessor,{363143F6-6CFD-4544-9B90-7C40106FC011},0,,363143F6-6CFD-4544-9B90-7C40106FC011,Unknown,,,,,Ave,Narbonne Ave,2024/05/12 21:11:39+00,26130 Narbonne Ave Unit 126 Lomita 90717,363143F6-6CFD-4544-9B90-7C40106FC011_26130_Narbonne_Ave_Unit_126_Lomita_90717,Narbonne,26130 Narbonne Avenue Ave Unit 126 Lomita 90717,,,,
9597,16294,,,,25930.0,,,,,,Narbonne,Avenue,,,,,,,,,,,Unit,145,90717.0,,Lomita,Lomita,,,,,Office of Assessor,{12B8FDBE-71DC-4924-81A1-88EF552D7D87},0,,12B8FDBE-71DC-4924-81A1-88EF552D7D87,Unknown,,,,,Ave,Narbonne Ave,2024/05/12 21:11:39+00,25930 Narbonne Ave Unit 145 Lomita 90717,12B8FDBE-71DC-4924-81A1-88EF552D7D87_25930_Narbonne_Ave_Unit_145_Lomita_90717,Narbonne,25930 Narbonne Avenue Ave Unit 145 Lomita 90717,,,,
9598,16295,,,,25925.0,,,,,,Oak,Street,,,,,,,,,,,Unit,121,90717.0,,Lomita,Lomita,,,,,Office of Assessor,{019CECA1-0A1A-4810-BDAA-25ABD4A9834C},0,,019CECA1-0A1A-4810-BDAA-25ABD4A9834C,Unknown,,,,,St,Oak St,2024/05/12 21:11:39+00,25925 Oak St Unit 121 Lomita 90717,019CECA1-0A1A-4810-BDAA-25ABD4A9834C_25925_Oak_St_Unit_121_Lomita_90717,Oak,25925 Oak Street St Unit 121 Lomita 90717,,,,
9601,16299,,,,2346.0,,,,,,241st,Street,,,,,,,,,,,,,90717.0,,Lomita,Lomita,,,,,Office of Assessor,{E5CF0D87-3C9B-40FD-A122-B092166A559D},0,,E5CF0D87-3C9B-40FD-A122-B092166A559D,Unknown,,,,,St,241st St,2024/05/12 21:11:39+00,2346 241st St Lomita 90717,E5CF0D87-3C9B-40FD-A122-B092166A559D_2346_241st_St_Lomita_90717,241st,2346 241st Street St Lomita 90717,,,,
9605,16306,,,,26004.0,,,,,,Pennsylvania,Avenue,,,,,,,,,,,Unit,6,90717.0,,Lomita,Lomita,,,,,Office of Assessor,{EA828E5B-591B-450D-84FD-3DB1AA201568},0,,EA828E5B-591B-450D-84FD-3DB1AA201568,Unknown,,,,,Ave,Pennsylvania Ave,2024/05/12 21:11:39+00,26004 Pennsylvania Ave Unit 6 Lomita 90717,EA828E5B-591B-450D-84FD-3DB1AA201568_26004_Pennsylvania_Ave_Unit_6_Lomita_90717,Pennsylvania,26004 Pennsylvania Avenue Ave Unit 6 Lomita 90717,,,,
9606,16311,,,,2326.0,,,,,,241st,Street,,,,,,,,,,,,,90717.0,,Lomita,Lomita,,,,,Office of Assessor,{721FE52A-C715-4BDF-AA29-605C4BC3FEA6},0,,721FE52A-C715-4BDF-AA29-605C4BC3FEA6,Unknown,,,,,St,241st St,2024/05/12 21:11:39+00,2326 241st St Lomita 90717,721FE52A-C715-4BDF-AA29-605C4BC3FEA6_2326_241st_St_Lomita_90717,241st,2326 241st Street St Lomita 90717,,,,
9607,16312,,,,25930.0,,,,,,Narbonne,Avenue,,,,,,,,,,,Unit,141,90717.0,,Lomita,Lomita,,,,,Office of Assessor,{51A2D906-BC0F-41E5-AD9B-40FEF43EDB38},0,,51A2D906-BC0F-41E5-AD9B-40FEF43EDB38,Unknown,,,,,Ave,Narbonne Ave,2024/05/12 21:11:39+00,25930 Narbonne Ave Unit 141 Lomita 90717,51A2D906-BC0F-41E5-AD9B-40FEF43EDB38_25930_Narbonne_Ave_Unit_141_Lomita_90717,Narbonne,25930 Narbonne Avenue Ave Unit 141 Lomita 90717,,,,
9609,16314,,,,25925.0,,,,,,Narbonne,Avenue,,,,,,,,,,,Unit,30,90717.0,,Lomita,Lomita,,,,,Office of Assessor,{05A144F7-8750-4F2F-A708-96AF61CD3F3F},0,,05A144F7-8750-4F2F-A708-96AF61CD3F3F,Unknown,,,,,Ave,Narbonne Ave,2024/05/12 21:11:39+00,25925 Narbonne Ave Unit 30 Lomita 90717,05A144F7-8750-4F2F-A708-96AF61CD3F3F_25925_Narbonne_Ave_Unit_30_Lomita_90717,Narbonne,25925 Narbonne Avenue Ave Unit 30 Lomita 90717,,,,
9610,16316,,,,25837.0,,,,,,Oak,Street,,,,,,,,,,,Unit,109,90717.0,,Lomita,Lomita,,,,,Office of Assessor,{C5486315-A6A0-4F4F-B4F7-249A04931DEF},0,,C5486315-A6A0-4F4F-B4F7-249A04931DEF,Unknown,,,,,St,Oak St,2024/05/12 21:11:39+00,25837 Oak St Unit 109 Lomita 90717,C5486315-A6A0-4F4F-B4F7-249A04931DEF_25837_Oak_St_Unit_109_Lomita_90717,Oak,25837 Oak Street St Unit 109 Lomita 90717,,,,
9613,16326,,,,25568.0,,,,,,Oak,Street,,,,,,,,,,,,,90717.0,,Lomita,Lomita,,,,,Office of Assessor,{5561DAF0-2890-4DCB-8B5E-6B4240A55C93},0,,5561DAF0-2890-4DCB-8B5E-6B4240A55C93,Unknown,,,,,St,Oak St,2024/05/12 21:11:39+00,25568 Oak St Lomita 90717,5561DAF0-2890-4DCB-8B5E-6B4240A55C93_25568_Oak_St_Lomita_90717,Oak,25568 Oak Street St Lomita 90717,,,,
9614,16331,,,,2338.0,,,,,,241st,Street,,,,,,,,,,,,,90717.0,,Lomita,Lomita,,,,,Office of Assessor,{10DFAB66-2A43-47EE-B7EF-8E7FEAC664BD},0,,10DFAB66-2A43-47EE-B7EF-8E7FEAC664BD,Unknown,,,,,St,241st St,2024/05/12 21:11:39+00,2338 241st St Lomita 90717,10DFAB66-2A43-47EE-B7EF-8E7FEAC664BD_2338_241st_St_Lomita_90717,241st,2338 241st Street St Lomita 90717,,,,
9617,16344,,,,2110.0,,,,,,Palos Verdes,Drive,North,,,,,,,,,,Unit,105,90717.0,,Lomita,Lomita,,,,,Office of Assessor,{0B87BFAF-46A0-4DA6-BC8B-B98A549B513F},0,,0B87BFAF-46A0-4DA6-BC8B-B98A549B513F,Unknown,,,N,,Dr,Palos Verdes Dr N,2024/05/12 21:11:39+00,2110 Palos Verdes Dr N Unit 105 Lomita 90717,0B87BFAF-46A0-4DA6-BC8B-B98A549B513F_2110_Palos_Verdes_Dr_N_Unit_105_Lomita_90717,Palos Verdes,2110 Palos Verdes Drive Dr N Unit 105 Lomita 90717,,,,
9620,16355,,,,25834.0,,,,,,Pennsylvania,Avenue,,,,,,,,,,,Unit,8,90717.0,,Lomita,Lomita,,,,,Office of Assessor,{78517DC6-281D-489D-8153-21BC1CCE2EB2},0,,78517DC6-281D-489D-8153-21BC1CCE2EB2,Unknown,,,,,Ave,Pennsylvania Ave,2024/05/12 21:11:39+00,25834 Pennsylvania Ave Unit 8 Lomita 90717,78517DC6-281D-489D-8153-21BC1CCE2EB2_25834_Pennsylvania_Ave_Unit_8_Lomita_90717,Pennsylvania,25834 Pennsylvania Avenue Ave Unit 8 Lomita 90717,,,,
9621,16359,,,,25846.0,,,,,,Viana,Avenue,,,,,,,,,,,Unit,F,90717.0,,Lomita,Lomita,,,,,Office of Assessor,{36904893-8A50-4BDC-A3BF-05972099A772},0,,36904893-8A50-4BDC-A3BF-05972099A772,Unknown,,,,,Ave,Viana Ave,2024/05/12 21:11:39+00,25846 Viana Ave Unit F Lomita 90717,36904893-8A50-4BDC-A3BF-05972099A772_25846_Viana_Ave_Unit_F_Lomita_90717,Viana,25846 Viana Avenue Ave Unit F Lomita 90717,,,,
9625,16369,,,,2305.0,,,,,,241st,Street,,,,,,,,,,,Unit,1,90717.0,,Lomita,Lomita,,,,,Office of Assessor,{CFA66651-5C75-4C31-8449-84915E458372},0,,CFA66651-5C75-4C31-8449-84915E458372,Unknown,,,,,St,241st St,2024/05/12 21:11:39+00,2305 241st St Unit 1 Lomita 90717,CFA66651-5C75-4C31-8449-84915E458372_2305_241st_St_Unit_1_Lomita_90717,241st,2305 241st Street St Unit 1 Lomita 90717,,,,
9626,16370,,,,25925.0,,,,,,Narbonne,Avenue,,,,,,,,,,,Unit,37,90717.0,,Lomita,Lomita,,,,,Office of Assessor,{B19CE150-EFF1-4BE8-B92B-936E68EB4A7D},0,,B19CE150-EFF1-4BE8-B92B-936E68EB4A7D,Unknown,,,,,Ave,Narbonne Ave,2024/05/12 21:11:39+00,25925 Narbonne Ave Unit 37 Lomita 90717,B19CE150-EFF1-4BE8-B92B-936E68EB4A7D_25925_Narbonne_Ave_Unit_37_Lomita_90717,Narbonne,25925 Narbonne Avenue Ave Unit 37 Lomita 90717,,,,
9627,16371,,,,26120.0,,,,,,Narbonne,Avenue,,,,,,,,,,,Unit,L,90717.0,,Lomita,Lomita,,,,,Office of Assessor,{B807B2AE-DCFA-4930-8B1A-E643884439C7},0,,B807B2AE-DCFA-4930-8B1A-E643884439C7,Unknown,,,,,Ave,Narbonne Ave,2024/05/12 21:11:39+00,26120 Narbonne Ave Unit L Lomita 90717,B807B2AE-DCFA-4930-8B1A-E643884439C7_26120_Narbonne_Ave_Unit_L_Lomita_90717,Narbonne,26120 Narbonne Avenue Ave Unit L Lomita 90717,,,,
9628,16372,,,,25904.0,,,,,,Pennsylvania,Avenue,,,,,,,,,,,Unit,A,90717.0,,Lomita,Lomita,,,,,Office of Assessor,{13922902-69F4-4333-BEA2-74E8925093DD},0,,13922902-69F4-4333-BEA2-74E8925093DD,Unknown,,,,,Ave,Pennsylvania Ave,2024/05/12 21:11:39+00,25904 Pennsylvania Ave Unit A Lomita 90717,13922902-69F4-4333-BEA2-74E8925093DD_25904_Pennsylvania_Ave_Unit_A_Lomita_90717,Pennsylvania,25904 Pennsylvania Avenue Ave Unit A Lomita 90717,,,,
9630,16377,,,,25900.0,,,,,,Oak,Street,,,,,,,,,,,Unit,113,90717.0,,Lomita,Lomita,,,,,Office of Assessor,{9D92D743-C362-41B4-BFE6-647D6898F343},0,,9D92D743-C362-41B4-BFE6-647D6898F343,Unknown,,,,,St,Oak St,2024/05/12 21:11:39+00,25900 Oak St Unit 113 Lomita 90717,9D92D743-C362-41B4-BFE6-647D6898F343_25900_Oak_St_Unit_113_Lomita_90717,Oak,25900 Oak Street St Unit 113 Lomita 90717,,,,
9633,16383,,,,2333.0,,,,,,241st,Street,,,,,,,,,,,Unit,30,90717.0,,Lomita,Lomita,,,,,Office of Assessor,{6E9065C0-30E8-4099-A57F-D1D0CFCBECFB},0,,6E9065C0-30E8-4099-A57F-D1D0CFCBECFB,Unknown,,,,,St,241st St,2024/05/12 21:11:39+00,2333 241st St Unit 30 Lomita 90717,6E9065C0-30E8-4099-A57F-D1D0CFCBECFB_2333_241st_St_Unit_30_Lomita_90717,241st,2333 241st Street St Unit 30 Lomita 90717,,,,
9642,16417,,,,25930.0,,,,,,Narbonne,Avenue,,,,,,,,,,,Unit,120,90717.0,,Lomita,Lomita,,,,,Office of Assessor,{873AD736-DEDF-429E-BF0B-D3D6F3C809E7},0,,873AD736-DEDF-429E-BF0B-D3D6F3C809E7,Unknown,,,,,Ave,Narbonne Ave,2024/05/12 21:11:39+00,25930 Narbonne Ave Unit 120 Lomita 90717,873AD736-DEDF-429E-BF0B-D3D6F3C809E7_25930_Narbonne_Ave_Unit_120_Lomita_90717,Narbonne,25930 Narbonne Avenue Ave Unit 120 Lomita 90717,,,,
9643,16419,,,,25837.0,,,,,,Oak,Street,,,,,,,,,,,Unit,105,90717.0,,Lomita,Lomita,,,,,Office of Assessor,{EA4EF8F9-09AD-4C45-9433-92E89C4EEE5E},0,,EA4EF8F9-09AD-4C45-9433-92E89C4EEE5E,Unknown,,,,,St,Oak St,2024/05/12 21:11:39+00,25837 Oak St Unit 105 Lomita 90717,EA4EF8F9-09AD-4C45-9433-92E89C4EEE5E_25837_Oak_St_Unit_105_Lomita_90717,Oak,25837 Oak Street St Unit 105 Lomita 90717,,,,
9644,16420,,,,25925.0,,,,,,Narbonne,Avenue,,,,,,,,,,,Apartment,38,90717.0,,Lomita,Lomita,,,,,Office of Assessor,{20D1C85A-1034-4740-980F-230E8A290BC0},0,,20D1C85A-1034-4740-980F-230E8A290BC0,Unknown,,,,,Ave,Narbonne Ave,2024/05/12 21:11:39+00,25925 Narbonne Ave Apartment 38 Lomita 90717,20D1C85A-1034-4740-980F-230E8A290BC0_25925_Narbonne_Ave_Apartment_38_Lomita_90717,Narbonne,25925 Narbonne Avenue Ave Apartment 38 Lomita 90717,,,,
9645,16421,,,,25900.0,,,,,,Oak,Street,,,,,,,,,,,Apartment,111,90717.0,,Lomita,Lomita,,,,,Office of Assessor,{4B03E2C8-1921-4F0F-80DE-848FC0D660AC},0,,4B03E2C8-1921-4F0F-80DE-848FC0D660AC,Unknown,,,,,St,Oak St,2024/05/12 21:11:39+00,25900 Oak St Apartment 111 Lomita 90717,4B03E2C8-1921-4F0F-80DE-848FC0D660AC_25900_Oak_St_Apartment_111_Lomita_90717,Oak,25900 Oak Street St Apartment 111 Lomita 90717,,,,
9646,16424,,,,25835.0,,,,,,Cypress,Street,,,,,,,,,,,,,90717.0,,Lomita,Lomita,,,,,Office of Assessor,{E26730F5-8295-4082-BCDD-030FECB1BE61},0,,E26730F5-8295-4082-BCDD-030FECB1BE61,Unknown,,,,,St,Cypress St,2024/05/12 21:11:39+00,25835 Cypress St Lomita 90717,E26730F5-8295-4082-BCDD-030FECB1BE61_25835_Cypress_St_Lomita_90717,Cypress,25835 Cypress Street St Lomita 90717,,,,
9650,16440,,,,25846.0,,,,,,Viana,Avenue,,,,,,,,,,,Unit,D,90717.0,,Lomita,Lomita,,,,,Office of Assessor,{253E705B-FD45-43B4-87FB-0E17B0E16F91},0,,253E705B-FD45-43B4-87FB-0E17B0E16F91,Unknown,,,,,Ave,Viana Ave,2024/05/12 21:11:39+00,25846 Viana Ave Unit D Lomita 90717,253E705B-FD45-43B4-87FB-0E17B0E16F91_25846_Viana_Ave_Unit_D_Lomita_90717,Viana,25846 Viana Avenue Ave Unit D Lomita 90717,,,,
9653,16443,,,,26015.0,,,,,,Narbonne,Avenue,,,,,,,,,,,Unit,21,90717.0,,Lomita,Lomita,,,,,Office of Assessor,{932C5DB7-C01D-4551-9559-7D9C1B13A891},0,,932C5DB7-C01D-4551-9559-7D9C1B13A891,Unknown,,,,,Ave,Narbonne Ave,2024/05/12 21:11:39+00,26015 Narbonne Ave Unit 21 Lomita 90717,932C5DB7-C01D-4551-9559-7D9C1B13A891_26015_Narbonne_Ave_Unit_21_Lomita_90717,Narbonne,26015 Narbonne Avenue Ave Unit 21 Lomita 90717,,,,
9655,16452,,,,25930.0,,,,,,Narbonne,Avenue,,,,,,,,,,,Unit,126,90717.0,,Lomita,Lomita,,,,,Office of Assessor,{F3B7CE2F-B0DD-4D07-9F6A-1861C5189314},0,,F3B7CE2F-B0DD-4D07-9F6A-1861C5189314,Unknown,,,,,Ave,Narbonne Ave,2024/05/12 21:11:39+00,25930 Narbonne Ave Unit 126 Lomita 90717,F3B7CE2F-B0DD-4D07-9F6A-1861C5189314_25930_Narbonne_Ave_Unit_126_Lomita_90717,Narbonne,25930 Narbonne Avenue Ave Unit 126 Lomita 90717,,,,
9657,16456,,,,25925.0,,,,,,Oak,Street,,,,,,,,,,,Unit,112,90717.0,,Lomita,Lomita,,,,,Office of Assessor,{A14EA190-E0C5-4AFF-8ECA-59F9FA064031},0,,A14EA190-E0C5-4AFF-8ECA-59F9FA064031,Unknown,,,,,St,Oak St,2024/05/12 21:11:39+00,25925 Oak St Unit 112 Lomita 90717,A14EA190-E0C5-4AFF-8ECA-59F9FA064031_25925_Oak_St_Unit_112_Lomita_90717,Oak,25925 Oak Street St Unit 112 Lomita 90717,,,,
9659,16467,,,,2333.0,,,,,,241st,Street,,,,,,,,,,,Unit,22,90717.0,,Lomita,Lomita,,,,,Office of Assessor,{AAFBC30A-6B0B-4055-B332-B2C38B45534C},0,,AAFBC30A-6B0B-4055-B332-B2C38B45534C,Unknown,,,,,St,241st St,2024/05/12 21:11:39+00,2333 241st St Unit 22 Lomita 90717,AAFBC30A-6B0B-4055-B332-B2C38B45534C_2333_241st_St_Unit_22_Lomita_90717,241st,2333 241st Street St Unit 22 Lomita 90717,,,,
9660,16468,,,,25930.0,,,,,,Narbonne,Avenue,,,,,,,,,,,Unit,128,90717.0,,Lomita,Lomita,,,,,Office of Assessor,{21433BC9-F16A-431C-B1FB-B470592A2ADC},0,,21433BC9-F16A-431C-B1FB-B470592A2ADC,Unknown,,,,,Ave,Narbonne Ave,2024/05/12 21:11:39+00,25930 Narbonne Ave Unit 128 Lomita 90717,21433BC9-F16A-431C-B1FB-B470592A2ADC_25930_Narbonne_Ave_Unit_128_Lomita_90717,Narbonne,25930 Narbonne Avenue Ave Unit 128 Lomita 90717,,,,
9661,16470,,,,2333.0,,,,,,241st,Street,,,,,,,,,,,Unit,4,90717.0,,Lomita,Lomita,,,,,Office of Assessor,{4387FA9F-3A1D-4E07-811F-6857ACEB0308},0,,4387FA9F-3A1D-4E07-811F-6857ACEB0308,Unknown,,,,,St,241st St,2024/05/12 21:11:39+00,2333 241st St Unit 4 Lomita 90717,4387FA9F-3A1D-4E07-811F-6857ACEB0308_2333_241st_St_Unit_4_Lomita_90717,241st,2333 241st Street St Unit 4 Lomita 90717,,,,
9662,16471,,,,25925.0,,,,,,Narbonne,Avenue,,,,,,,,,,,Apartment,45,90717.0,,Lomita,Lomita,,,,,Office of Assessor,{AB35E34C-B3C4-4615-98D2-194D19446855},0,,AB35E34C-B3C4-4615-98D2-194D19446855,Unknown,,,,,Ave,Narbonne Ave,2024/05/12 21:11:39+00,25925 Narbonne Ave Apartment 45 Lomita 90717,AB35E34C-B3C4-4615-98D2-194D19446855_25925_Narbonne_Ave_Apartment_45_Lomita_90717,Narbonne,25925 Narbonne Avenue Ave Apartment 45 Lomita 90717,,,,
9665,16475,,,,25905.0,,,,,,Narbonne,Avenue,,,,,,,,,,,Unit,14,90717.0,,Lomita,Lomita,,,,,Office of Assessor,{FA92A814-2BE9-49ED-AEBB-DA8EE9AB8FF3},0,,FA92A814-2BE9-49ED-AEBB-DA8EE9AB8FF3,Unknown,,,,,Ave,Narbonne Ave,2024/05/12 21:11:39+00,25905 Narbonne Ave Unit 14 Lomita 90717,FA92A814-2BE9-49ED-AEBB-DA8EE9AB8FF3_25905_Narbonne_Ave_Unit_14_Lomita_90717,Narbonne,25905 Narbonne Avenue Ave Unit 14 Lomita 90717,,,,
9666,16484,,,,24422.0,,,,,,Alliene,Avenue,,,,,,,,,,,,,90717.0,,Lomita,Lomita,,,,,Office of Assessor,{B078FB06-FAAD-4B3B-BAE4-FEF0ED1FAB02},0,,B078FB06-FAAD-4B3B-BAE4-FEF0ED1FAB02,Unknown,,,,,Ave,Alliene Ave,2024/05/12 21:11:39+00,24422 Alliene Ave Lomita 90717,B078FB06-FAAD-4B3B-BAE4-FEF0ED1FAB02_24422_Alliene_Ave_Lomita_90717,Alliene,24422 Alliene Avenue Ave Lomita 90717,,,,
9667,16486,,,,25900.0,,,,,,Oak,Street,,,,,,,,,,,Unit,105,90717.0,,Lomita,Lomita,,,,,Office of Assessor,{5CB3CA1A-2C56-4640-A916-68F4EC6F5967},0,,5CB3CA1A-2C56-4640-A916-68F4EC6F5967,Unknown,,,,,St,Oak St,2024/05/12 21:11:39+00,25900 Oak St Unit 105 Lomita 90717,5CB3CA1A-2C56-4640-A916-68F4EC6F5967_25900_Oak_St_Unit_105_Lomita_90717,Oak,25900 Oak Street St Unit 105 Lomita 90717,,,,
9670,16497,,,,25921.0,,,,,,Oak,Street,,,,,,,,,,,Unit,101,90717.0,,Lomita,Lomita,,,,,Office of Assessor,{C32CE6F9-FE97-4E89-8EDF-AC2FEEC46AD1},0,,C32CE6F9-FE97-4E89-8EDF-AC2FEEC46AD1,Unknown,,,,,St,Oak St,2024/05/12 21:11:39+00,25921 Oak St Unit 101 Lomita 90717,C32CE6F9-FE97-4E89-8EDF-AC2FEEC46AD1_25921_Oak_St_Unit_101_Lomita_90717,Oak,25921 Oak Street St Unit 101 Lomita 90717,,,,
9671,16498,,,,26015.0,,,,,,Narbonne,Avenue,,,,,,,,,,,Apartment,5,90717.0,,Lomita,Lomita,,,,,Office of Assessor,{D0B53018-E0FA-4E8A-A5A8-72FE1B74FA75},0,,D0B53018-E0FA-4E8A-A5A8-72FE1B74FA75,Unknown,,,,,Ave,Narbonne Ave,2024/05/12 21:11:39+00,26015 Narbonne Ave Apartment 5 Lomita 90717,D0B53018-E0FA-4E8A-A5A8-72FE1B74FA75_26015_Narbonne_Ave_Apartment_5_Lomita_90717,Narbonne,26015 Narbonne Avenue Ave Apartment 5 Lomita 90717,,,,
9678,16523,,,,2081.0,,,,,,262nd,Street,,,,,,,,,,,,,90717.0,,Lomita,Lomita,,,,,Office of Assessor,{925C7842-F3C0-49DD-9897-46A57C5E5747},0,,925C7842-F3C0-49DD-9897-46A57C5E5747,Unknown,,,,,St,262nd St,2024/05/12 21:11:39+00,2081 262nd St Lomita 90717,925C7842-F3C0-49DD-9897-46A57C5E5747_2081_262nd_St_Lomita_90717,262nd,2081 262nd Street St Lomita 90717,,,,
9679,16540,,,,2235.0,,,,,,241st,Street,,,,,,,,,,,Unit,10,90717.0,,Lomita,Lomita,,,,,Office of Assessor,{CF42079B-CFB5-4A43-A2F9-56AE6245EA0F},0,,CF42079B-CFB5-4A43-A2F9-56AE6245EA0F,Unknown,,,,,St,241st St,2024/05/12 21:11:39+00,2235 241st St Unit 10 Lomita 90717,CF42079B-CFB5-4A43-A2F9-56AE6245EA0F_2235_241st_St_Unit_10_Lomita_90717,241st,2235 241st Street St Unit 10 Lomita 90717,,,,
9682,16543,,,,26130.0,,,,,,Narbonne,Avenue,,,,,,,,,,,Unit,109,90717.0,,Lomita,Lomita,,,,,Office of Assessor,{1DA9B49C-7FEC-441B-B4D7-B74F09F7EE46},0,,1DA9B49C-7FEC-441B-B4D7-B74F09F7EE46,Unknown,,,,,Ave,Narbonne Ave,2024/05/12 21:11:39+00,26130 Narbonne Ave Unit 109 Lomita 90717,1DA9B49C-7FEC-441B-B4D7-B74F09F7EE46_26130_Narbonne_Ave_Unit_109_Lomita_90717,Narbonne,26130 Narbonne Avenue Ave Unit 109 Lomita 90717,,,,
9683,16558,,,,25925.0,,,,,,Oak,Street,,,,,,,,,,,Unit,114,90717.0,,Lomita,Lomita,,,,,Office of Assessor,{20DEDF46-143D-45D8-88CF-DE19A9C332CC},0,,20DEDF46-143D-45D8-88CF-DE19A9C332CC,Unknown,,,,,St,Oak St,2024/05/12 21:11:39+00,25925 Oak St Unit 114 Lomita 90717,20DEDF46-143D-45D8-88CF-DE19A9C332CC_25925_Oak_St_Unit_114_Lomita_90717,Oak,25925 Oak Street St Unit 114 Lomita 90717,,,,
9687,16567,,,,26130.0,,,,,,Narbonne,Avenue,,,,,,,,,,,Unit,130,90717.0,,Lomita,Lomita,,,,,Office of Assessor,{43945B09-7B8C-471F-8A8D-0903198DF8A7},0,,43945B09-7B8C-471F-8A8D-0903198DF8A7,Unknown,,,,,Ave,Narbonne Ave,2024/05/12 21:11:39+00,26130 Narbonne Ave Unit 130 Lomita 90717,43945B09-7B8C-471F-8A8D-0903198DF8A7_26130_Narbonne_Ave_Unit_130_Lomita_90717,Narbonne,26130 Narbonne Avenue Ave Unit 130 Lomita 90717,,,,
9689,16580,,,,25921.0,,,,,,Oak,Street,,,,,,,,,,,Unit,203,90717.0,,Lomita,Lomita,,,,,Office of Assessor,{D917AD0D-7A5B-4F1B-ACEC-F28282CCCBA4},0,,D917AD0D-7A5B-4F1B-ACEC-F28282CCCBA4,Unknown,,,,,St,Oak St,2024/05/12 21:11:39+00,25921 Oak St Unit 203 Lomita 90717,D917AD0D-7A5B-4F1B-ACEC-F28282CCCBA4_25921_Oak_St_Unit_203_Lomita_90717,Oak,25921 Oak Street St Unit 203 Lomita 90717,,,,
9691,16585,,,,26116.0,,,,,,Narbonne,Avenue,,,,,,,,,,,Unit,G,90717.0,,Lomita,Lomita,,,,,Office of Assessor,{F5FFC369-1D29-4ED7-BF2C-E3ACDFB16616},0,,F5FFC369-1D29-4ED7-BF2C-E3ACDFB16616,Unknown,,,,,Ave,Narbonne Ave,2024/05/12 21:11:39+00,26116 Narbonne Ave Unit G Lomita 90717,F5FFC369-1D29-4ED7-BF2C-E3ACDFB16616_26116_Narbonne_Ave_Unit_G_Lomita_90717,Narbonne,26116 Narbonne Avenue Ave Unit G Lomita 90717,,,,
9693,16593,,,,2110.0,,,,,,Palos Verdes,Drive,North,,,,,,,,,,Unit,110,90717.0,,Lomita,Lomita,,,,,Office of Assessor,{B0E16C6D-6C85-4BAB-A055-59107BB19E63},0,,B0E16C6D-6C85-4BAB-A055-59107BB19E63,Unknown,,,N,,Dr,Palos Verdes Dr N,2024/05/12 21:11:39+00,2110 Palos Verdes Dr N Unit 110 Lomita 90717,B0E16C6D-6C85-4BAB-A055-59107BB19E63_2110_Palos_Verdes_Dr_N_Unit_110_Lomita_90717,Palos Verdes,2110 Palos Verdes Drive Dr N Unit 110 Lomita 90717,,,,
9696,16600,,,,25900.0,,,,,,Oak,Street,,,,,,,,,,,Unit,123,90717.0,,Lomita,Lomita,,,,,Office of Assessor,{04994E07-9616-423A-8AFE-04BD3C24B9C5},0,,04994E07-9616-423A-8AFE-04BD3C24B9C5,Unknown,,,,,St,Oak St,2024/05/12 21:11:39+00,25900 Oak St Unit 123 Lomita 90717,04994E07-9616-423A-8AFE-04BD3C24B9C5_25900_Oak_St_Unit_123_Lomita_90717,Oak,25900 Oak Street St Unit 123 Lomita 90717,,,,
9697,16601,,,,25837.0,,,,,,Oak,Street,,,,,,,,,,,Unit,119,90717.0,,Lomita,Lomita,,,,,Office of Assessor,{845727DC-7037-47AD-A385-334B01152761},0,,845727DC-7037-47AD-A385-334B01152761,Unknown,,,,,St,Oak St,2024/05/12 21:11:39+00,25837 Oak St Unit 119 Lomita 90717,845727DC-7037-47AD-A385-334B01152761_25837_Oak_St_Unit_119_Lomita_90717,Oak,25837 Oak Street St Unit 119 Lomita 90717,,,,
9704,16618,,,,25837.0,,,,,,Oak,Street,,,,,,,,,,,Unit,115,90717.0,,Lomita,Lomita,,,,,Office of Assessor,{3BAA0BB1-BEB7-4FE7-B561-FB50A60D3987},0,,3BAA0BB1-BEB7-4FE7-B561-FB50A60D3987,Unknown,,,,,St,Oak St,2024/05/12 21:11:39+00,25837 Oak St Unit 115 Lomita 90717,3BAA0BB1-BEB7-4FE7-B561-FB50A60D3987_25837_Oak_St_Unit_115_Lomita_90717,Oak,25837 Oak Street St Unit 115 Lomita 90717,,,,
9705,16621,,,,25925.0,,,,,,Narbonne,Avenue,,,,,,,,,,,Unit,33,90717.0,,Lomita,Lomita,,,,,Office of Assessor,{594A6C5E-BD92-443C-BF61-BD32C9AB7A7D},0,,594A6C5E-BD92-443C-BF61-BD32C9AB7A7D,Unknown,,,,,Ave,Narbonne Ave,2024/05/12 21:11:39+00,25925 Narbonne Ave Unit 33 Lomita 90717,594A6C5E-BD92-443C-BF61-BD32C9AB7A7D_25925_Narbonne_Ave_Unit_33_Lomita_90717,Narbonne,25925 Narbonne Avenue Ave Unit 33 Lomita 90717,,,,
9706,16622,,,,2354.0,,,,,,241st,Street,,,,,,,,,,,,,90717.0,,Lomita,Lomita,,,,,Office of Assessor,{B7C387B6-8071-4A84-A914-B98120034AD9},0,,B7C387B6-8071-4A84-A914-B98120034AD9,Unknown,,,,,St,241st St,2024/05/12 21:11:39+00,2354 241st St Lomita 90717,B7C387B6-8071-4A84-A914-B98120034AD9_2354_241st_St_Lomita_90717,241st,2354 241st Street St Lomita 90717,,,,
9707,16628,,,,2342.0,,,,,,241st,Street,,,,,,,,,,,,,90717.0,,Lomita,Lomita,,,,,Office of Assessor,{68873F83-E6AC-46C3-907B-60DCA4FEC617},0,,68873F83-E6AC-46C3-907B-60DCA4FEC617,Unknown,,,,,St,241st St,2024/05/12 21:11:39+00,2342 241st St Lomita 90717,68873F83-E6AC-46C3-907B-60DCA4FEC617_2342_241st_St_Lomita_90717,241st,2342 241st Street St Lomita 90717,,,,
9709,16633,,,,2270.0,,,,,,241st,Street,,,,,,,,,,,Unit,3A,90717.0,,Lomita,Lomita,,,,,Office of Assessor,{AF331870-B313-44AB-91B3-7C07948A5370},0,,AF331870-B313-44AB-91B3-7C07948A5370,Unknown,,,,,St,241st St,2024/05/12 21:11:39+00,2270 241st St Unit 3A Lomita 90717,AF331870-B313-44AB-91B3-7C07948A5370_2270_241st_St_Unit_3A_Lomita_90717,241st,2270 241st Street St Unit 3A Lomita 90717,,,,
9712,16645,,,,2305.0,,,,,,241st,Street,,,,,,,,,,,Unit,4,90717.0,,Lomita,Lomita,,,,,Office of Assessor,{45219950-4FFA-4AF1-9CAD-EB4D4448FDC0},0,,45219950-4FFA-4AF1-9CAD-EB4D4448FDC0,Unknown,,,,,St,241st St,2024/05/12 21:11:39+00,2305 241st St Unit 4 Lomita 90717,45219950-4FFA-4AF1-9CAD-EB4D4448FDC0_2305_241st_St_Unit_4_Lomita_90717,241st,2305 241st Street St Unit 4 Lomita 90717,,,,
9713,16649,,,,25930.0,,,,,,Narbonne,Avenue,,,,,,,,,,,Unit,113,90717.0,,Lomita,Lomita,,,,,Office of Assessor,{78C852B1-EC7C-42FD-AAA3-528035A18EBE},0,,78C852B1-EC7C-42FD-AAA3-528035A18EBE,Unknown,,,,,Ave,Narbonne Ave,2024/05/12 21:11:39+00,25930 Narbonne Ave Unit 113 Lomita 90717,78C852B1-EC7C-42FD-AAA3-528035A18EBE_25930_Narbonne_Ave_Unit_113_Lomita_90717,Narbonne,25930 Narbonne Avenue Ave Unit 113 Lomita 90717,,,,
9715,16658,,,,25905.0,,,,,,Narbonne,Avenue,,,,,,,,,,,Unit,16,90717.0,,Lomita,Lomita,,,,,Office of Assessor,{AF7ACB26-9859-45C6-8596-86012CE91407},0,,AF7ACB26-9859-45C6-8596-86012CE91407,Unknown,,,,,Ave,Narbonne Ave,2024/05/12 21:11:39+00,25905 Narbonne Ave Unit 16 Lomita 90717,AF7ACB26-9859-45C6-8596-86012CE91407_25905_Narbonne_Ave_Unit_16_Lomita_90717,Narbonne,25905 Narbonne Avenue Ave Unit 16 Lomita 90717,,,,
9716,16660,,,,2110.0,,,,,,Palos Verdes,Drive,North,,,,,,,,,,Unit,206,90717.0,,Lomita,Lomita,,,,,Office of Assessor,{7795F5FB-0D32-4FFA-BC82-E0F996113000},0,,7795F5FB-0D32-4FFA-BC82-E0F996113000,Unknown,,,N,,Dr,Palos Verdes Dr N,2024/05/12 21:11:39+00,2110 Palos Verdes Dr N Unit 206 Lomita 90717,7795F5FB-0D32-4FFA-BC82-E0F996113000_2110_Palos_Verdes_Dr_N_Unit_206_Lomita_90717,Palos Verdes,2110 Palos Verdes Drive Dr N Unit 206 Lomita 90717,,,,
9719,16676,,,,25964.0,,,,,,Eshelman,Avenue,,,,,,,,,,,,,90717.0,,Lomita,Lomita,,,,,Office of Assessor,{2BAEC437-C022-4DD6-805D-9EB18EFF5529},0,,2BAEC437-C022-4DD6-805D-9EB18EFF5529,Unknown,,,,,Ave,Eshelman Ave,2024/05/12 21:11:39+00,25964 Eshelman Ave Lomita 90717,2BAEC437-C022-4DD6-805D-9EB18EFF5529_25964_Eshelman_Ave_Lomita_90717,Eshelman,25964 Eshelman Avenue Ave Lomita 90717,,,,
9720,16678,,,,25925.0,,,,,,Oak,Street,,,,,,,,,,,Unit,108,90717.0,,Lomita,Lomita,,,,,Office of Assessor,{37B46B77-DA00-45A9-9AFD-53CBC2CCA6BB},0,,37B46B77-DA00-45A9-9AFD-53CBC2CCA6BB,Unknown,,,,,St,Oak St,2024/05/12 21:11:39+00,25925 Oak St Unit 108 Lomita 90717,37B46B77-DA00-45A9-9AFD-53CBC2CCA6BB_25925_Oak_St_Unit_108_Lomita_90717,Oak,25925 Oak Street St Unit 108 Lomita 90717,,,,
9723,16687,,,,25834.0,,,,,,Pennsylvania,Avenue,,,,,,,,,,,Unit,6,90717.0,,Lomita,Lomita,,,,,Office of Assessor,{7B921E5C-64AD-4F4D-851A-62F73E5412AC},0,,7B921E5C-64AD-4F4D-851A-62F73E5412AC,Unknown,,,,,Ave,Pennsylvania Ave,2024/05/12 21:11:39+00,25834 Pennsylvania Ave Unit 6 Lomita 90717,7B921E5C-64AD-4F4D-851A-62F73E5412AC_25834_Pennsylvania_Ave_Unit_6_Lomita_90717,Pennsylvania,25834 Pennsylvania Avenue Ave Unit 6 Lomita 90717,,,,
9726,16705,,,,25925.0,,,,,,Narbonne,Avenue,,,,,,,,,,,Unit,27,90717.0,,Lomita,Lomita,,,,,Office of Assessor,{B8CF7A9C-170C-4D51-8DED-40838F386DC0},0,,B8CF7A9C-170C-4D51-8DED-40838F386DC0,Unknown,,,,,Ave,Narbonne Ave,2024/05/12 21:11:39+00,25925 Narbonne Ave Unit 27 Lomita 90717,B8CF7A9C-170C-4D51-8DED-40838F386DC0_25925_Narbonne_Ave_Unit_27_Lomita_90717,Narbonne,25925 Narbonne Avenue Ave Unit 27 Lomita 90717,,,,
9727,16707,,,,25918.0,,,,,,Pennsylvania,Avenue,,,,,,,,,,,Unit,A,90717.0,,Lomita,Lomita,,,,,Office of Assessor,{50240D62-A5F3-448C-9CDB-6FED6635E073},0,,50240D62-A5F3-448C-9CDB-6FED6635E073,Unknown,,,,,Ave,Pennsylvania Ave,2024/05/12 21:11:39+00,25918 Pennsylvania Ave Unit A Lomita 90717,50240D62-A5F3-448C-9CDB-6FED6635E073_25918_Pennsylvania_Ave_Unit_A_Lomita_90717,Pennsylvania,25918 Pennsylvania Avenue Ave Unit A Lomita 90717,,,,
9730,16716,,,,26121.0,,,,,,Oak,Street,,,,,,,,,,,Unit,D,90717.0,,Lomita,Lomita,,,,,Office of Assessor,{8B7EC5E4-FE42-47EC-A8F7-7C7F6F759829},0,,8B7EC5E4-FE42-47EC-A8F7-7C7F6F759829,Unknown,,,,,St,Oak St,2024/05/12 21:11:39+00,26121 Oak St Unit D Lomita 90717,8B7EC5E4-FE42-47EC-A8F7-7C7F6F759829_26121_Oak_St_Unit_D_Lomita_90717,Oak,26121 Oak Street St Unit D Lomita 90717,,,,
9738,16737,,,,25900.0,,,,,,Oak,Street,,,,,,,,,,,Unit,104,90717.0,,Lomita,Lomita,,,,,Office of Assessor,{BB4F05F2-DFBC-4FAF-8E61-A2C7804EB4F7},0,,BB4F05F2-DFBC-4FAF-8E61-A2C7804EB4F7,Unknown,,,,,St,Oak St,2024/05/12 21:11:39+00,25900 Oak St Unit 104 Lomita 90717,BB4F05F2-DFBC-4FAF-8E61-A2C7804EB4F7_25900_Oak_St_Unit_104_Lomita_90717,Oak,25900 Oak Street St Unit 104 Lomita 90717,,,,
9741,16743,,,,25925.0,,,,,,Narbonne,Avenue,,,,,,,,,,,Unit,6,90717.0,,Lomita,Lomita,,,,,Office of Assessor,{16DC97F6-84F8-4DA7-8916-70F0CEA9C329},0,,16DC97F6-84F8-4DA7-8916-70F0CEA9C329,Unknown,,,,,Ave,Narbonne Ave,2024/05/12 21:11:39+00,25925 Narbonne Ave Unit 6 Lomita 90717,16DC97F6-84F8-4DA7-8916-70F0CEA9C329_25925_Narbonne_Ave_Unit_6_Lomita_90717,Narbonne,25925 Narbonne Avenue Ave Unit 6 Lomita 90717,,,,
9742,16745,,,,2351.0,,,,,,Austinbrook,Court,,,,,,,,,,,,,90717.0,,Lomita,Lomita,,,,,Office of Assessor,{23D7E50C-45CD-43D8-9881-6E1178139A4B},0,,23D7E50C-45CD-43D8-9881-6E1178139A4B,Unknown,,,,,Ct,Austinbrook Ct,2024/05/12 21:11:39+00,2351 Austinbrook Ct Lomita 90717,23D7E50C-45CD-43D8-9881-6E1178139A4B_2351_Austinbrook_Ct_Lomita_90717,Austinbrook,2351 Austinbrook Court Ct Lomita 90717,,,,
9746,16763,,,,25837.0,,,,,,Oak,Street,,,,,,,,,,,Unit,209,90717.0,,Lomita,Lomita,,,,,Office of Assessor,{B3E17011-CB3C-402F-BADB-AB2828B42007},0,,B3E17011-CB3C-402F-BADB-AB2828B42007,Unknown,,,,,St,Oak St,2024/05/12 21:11:39+00,25837 Oak St Unit 209 Lomita 90717,B3E17011-CB3C-402F-BADB-AB2828B42007_25837_Oak_St_Unit_209_Lomita_90717,Oak,25837 Oak Street St Unit 209 Lomita 90717,,,,
9747,16765,,,,25830.0,,,,,,Oak,Street,,,,,,,,,,,Unit,4,90717.0,,Lomita,Lomita,,,,,Office of Assessor,{CA6F607A-F3C1-4333-AC22-A9C1F31820F4},0,,CA6F607A-F3C1-4333-AC22-A9C1F31820F4,Unknown,,,,,St,Oak St,2024/05/12 21:11:39+00,25830 Oak St Unit 4 Lomita 90717,CA6F607A-F3C1-4333-AC22-A9C1F31820F4_25830_Oak_St_Unit_4_Lomita_90717,Oak,25830 Oak Street St Unit 4 Lomita 90717,,,,
9749,16768,,,,2333.0,,,,,,241st,Street,,,,,,,,,,,Unit,7,90717.0,,Lomita,Lomita,,,,,Office of Assessor,{64340605-6A27-4C59-AE9D-111D42B5DAFA},0,,64340605-6A27-4C59-AE9D-111D42B5DAFA,Unknown,,,,,St,241st St,2024/05/12 21:11:39+00,2333 241st St Unit 7 Lomita 90717,64340605-6A27-4C59-AE9D-111D42B5DAFA_2333_241st_St_Unit_7_Lomita_90717,241st,2333 241st Street St Unit 7 Lomita 90717,,,,
9750,16769,,,,25840.0,,,,,,Viana,Avenue,,,,,,,,,,,Unit,B,90717.0,,Lomita,Lomita,,,,,Office of Assessor,{832A9841-C31D-4ED5-9A94-DC8BF1CA98D3},0,,832A9841-C31D-4ED5-9A94-DC8BF1CA98D3,Unknown,,,,,Ave,Viana Ave,2024/05/12 21:11:39+00,25840 Viana Ave Unit B Lomita 90717,832A9841-C31D-4ED5-9A94-DC8BF1CA98D3_25840_Viana_Ave_Unit_B_Lomita_90717,Viana,25840 Viana Avenue Ave Unit B Lomita 90717,,,,
9752,16777,,,,25921.0,,,,,,Oak,Street,,,,,,,,,,,Unit,107,90717.0,,Lomita,Lomita,,,,,Office of Assessor,{A1278DBB-15C4-4632-80E0-9FA9D5FD9467},0,,A1278DBB-15C4-4632-80E0-9FA9D5FD9467,Unknown,,,,,St,Oak St,2024/05/12 21:11:39+00,25921 Oak St Unit 107 Lomita 90717,A1278DBB-15C4-4632-80E0-9FA9D5FD9467_25921_Oak_St_Unit_107_Lomita_90717,Oak,25921 Oak Street St Unit 107 Lomita 90717,,,,
9754,16786,,,,25925.0,,,,,,Oak,Street,,,,,,,,,,,Unit,119,90717.0,,Lomita,Lomita,,,,,Office of Assessor,{805D1D1A-FEFD-4989-B99A-37FBA5D06933},0,,805D1D1A-FEFD-4989-B99A-37FBA5D06933,Unknown,,,,,St,Oak St,2024/05/12 21:11:39+00,25925 Oak St Unit 119 Lomita 90717,805D1D1A-FEFD-4989-B99A-37FBA5D06933_25925_Oak_St_Unit_119_Lomita_90717,Oak,25925 Oak Street St Unit 119 Lomita 90717,,,,
9755,16788,,,,25921.0,,,,,,Oak,Street,,,,,,,,,,,Unit,201,90717.0,,Lomita,Lomita,,,,,Office of Assessor,{A3533F0F-334C-4EE9-BE0F-18778B0D2D35},0,,A3533F0F-334C-4EE9-BE0F-18778B0D2D35,Unknown,,,,,St,Oak St,2024/05/12 21:11:39+00,25921 Oak St Unit 201 Lomita 90717,A3533F0F-334C-4EE9-BE0F-18778B0D2D35_25921_Oak_St_Unit_201_Lomita_90717,Oak,25921 Oak Street St Unit 201 Lomita 90717,,,,
9756,16797,,,,26120.0,,,,,,Narbonne,Avenue,,,,,,,,,,,Unit,H,90717.0,,Lomita,Lomita,,,,,Office of Assessor,{E64EF6CD-5131-443B-9261-4E4F8C1C34C0},0,,E64EF6CD-5131-443B-9261-4E4F8C1C34C0,Unknown,,,,,Ave,Narbonne Ave,2024/05/12 21:11:39+00,26120 Narbonne Ave Unit H Lomita 90717,E64EF6CD-5131-443B-9261-4E4F8C1C34C0_26120_Narbonne_Ave_Unit_H_Lomita_90717,Narbonne,26120 Narbonne Avenue Ave Unit H Lomita 90717,,,,
9759,16800,,,,25930.0,,,,,,Narbonne,Avenue,,,,,,,,,,,Unit,121,90717.0,,Lomita,Lomita,,,,,Office of Assessor,{84975564-8198-4B87-AD68-A3F24F719EDE},0,,84975564-8198-4B87-AD68-A3F24F719EDE,Unknown,,,,,Ave,Narbonne Ave,2024/05/12 21:11:39+00,25930 Narbonne Ave Unit 121 Lomita 90717,84975564-8198-4B87-AD68-A3F24F719EDE_25930_Narbonne_Ave_Unit_121_Lomita_90717,Narbonne,25930 Narbonne Avenue Ave Unit 121 Lomita 90717,,,,
9761,16811,,,,25930.0,,,,,,Narbonne,Avenue,,,,,,,,,,,Unit,139,90717.0,,Lomita,Lomita,,,,,Office of Assessor,{872665FA-533A-420E-B1F7-760D7E69C4F5},0,,872665FA-533A-420E-B1F7-760D7E69C4F5,Unknown,,,,,Ave,Narbonne Ave,2024/05/12 21:11:39+00,25930 Narbonne Ave Unit 139 Lomita 90717,872665FA-533A-420E-B1F7-760D7E69C4F5_25930_Narbonne_Ave_Unit_139_Lomita_90717,Narbonne,25930 Narbonne Avenue Ave Unit 139 Lomita 90717,,,,
9763,16815,,,,25930.0,,,,,,Narbonne,Avenue,,,,,,,,,,,Unit,105,90717.0,,Lomita,Lomita,,,,,Office of Assessor,{601EF3B3-8186-4BF6-9D7C-14363788E791},0,,601EF3B3-8186-4BF6-9D7C-14363788E791,Unknown,,,,,Ave,Narbonne Ave,2024/05/12 21:11:39+00,25930 Narbonne Ave Unit 105 Lomita 90717,601EF3B3-8186-4BF6-9D7C-14363788E791_25930_Narbonne_Ave_Unit_105_Lomita_90717,Narbonne,25930 Narbonne Avenue Ave Unit 105 Lomita 90717,,,,
9765,16818,,,,24420.0,,,,,,Alliene,Avenue,,,,,,,,,,,Unit,3,90717.0,,Lomita,Lomita,,,,,Office of Assessor,{6D426EC5-637D-4F93-B1A5-921E47AFD774},0,,6D426EC5-637D-4F93-B1A5-921E47AFD774,Unknown,,,,,Ave,Alliene Ave,2024/05/12 21:11:39+00,24420 Alliene Ave Unit 3 Lomita 90717,6D426EC5-637D-4F93-B1A5-921E47AFD774_24420_Alliene_Ave_Unit_3_Lomita_90717,Alliene,24420 Alliene Avenue Ave Unit 3 Lomita 90717,,,,
9771,16848,,,,25925.0,,,,,,Narbonne,Avenue,,,,,,,,,,,Unit,18,90717.0,,Lomita,Lomita,,,,,Office of Assessor,{4EF58E01-3403-48EF-9B87-440C5AA18445},0,,4EF58E01-3403-48EF-9B87-440C5AA18445,Unknown,,,,,Ave,Narbonne Ave,2024/05/12 21:11:39+00,25925 Narbonne Ave Unit 18 Lomita 90717,4EF58E01-3403-48EF-9B87-440C5AA18445_25925_Narbonne_Ave_Unit_18_Lomita_90717,Narbonne,25925 Narbonne Avenue Ave Unit 18 Lomita 90717,,,,
9772,16849,,,,26130.0,,,,,,Narbonne,Avenue,,,,,,,,,,,Unit,131,90717.0,,Lomita,Lomita,,,,,Office of Assessor,{F1848D9B-A478-46F9-BB4E-990F9632A45A},0,,F1848D9B-A478-46F9-BB4E-990F9632A45A,Unknown,,,,,Ave,Narbonne Ave,2024/05/12 21:11:39+00,26130 Narbonne Ave Unit 131 Lomita 90717,F1848D9B-A478-46F9-BB4E-990F9632A45A_26130_Narbonne_Ave_Unit_131_Lomita_90717,Narbonne,26130 Narbonne Avenue Ave Unit 131 Lomita 90717,,,,
9774,16860,,,,25845.0,,,,,,Cypress,Street,,,,,,,,,,,Unit,A,90717.0,,Lomita,Lomita,,,,,Office of Assessor,{E2FB2B32-77F9-4AD8-B081-78154BA8E791},0,,E2FB2B32-77F9-4AD8-B081-78154BA8E791,Unknown,,,,,St,Cypress St,2024/05/12 21:11:39+00,25845 Cypress St Unit A Lomita 90717,E2FB2B32-77F9-4AD8-B081-78154BA8E791_25845_Cypress_St_Unit_A_Lomita_90717,Cypress,25845 Cypress Street St Unit A Lomita 90717,,,,
9775,16868,,,,2344.0,,,,,,241st,Street,,,,,,,,,,,,,90717.0,,Lomita,Lomita,,,,,Office of Assessor,{FC697F03-8743-4B53-B025-441556097E37},0,,FC697F03-8743-4B53-B025-441556097E37,Unknown,,,,,St,241st St,2024/05/12 21:11:39+00,2344 241st St Lomita 90717,FC697F03-8743-4B53-B025-441556097E37_2344_241st_St_Lomita_90717,241st,2344 241st Street St Lomita 90717,,,,
9780,16882,,,,25900.0,,,,,,Oak,Street,,,,,,,,,,,Unit,120,90717.0,,Lomita,Lomita,,,,,Office of Assessor,{5D00A117-EC81-47D4-95A0-4340A044DAE8},0,,5D00A117-EC81-47D4-95A0-4340A044DAE8,Unknown,,,,,St,Oak St,2024/05/12 21:11:39+00,25900 Oak St Unit 120 Lomita 90717,5D00A117-EC81-47D4-95A0-4340A044DAE8_25900_Oak_St_Unit_120_Lomita_90717,Oak,25900 Oak Street St Unit 120 Lomita 90717,,,,
9781,16884,,,,25925.0,,,,,,Narbonne,Avenue,,,,,,,,,,,Unit,34,90717.0,,Lomita,Lomita,,,,,Office of Assessor,{D4981977-210D-4134-8D8D-F17B236109DB},0,,D4981977-210D-4134-8D8D-F17B236109DB,Unknown,,,,,Ave,Narbonne Ave,2024/05/12 21:11:39+00,25925 Narbonne Ave Unit 34 Lomita 90717,D4981977-210D-4134-8D8D-F17B236109DB_25925_Narbonne_Ave_Unit_34_Lomita_90717,Narbonne,25925 Narbonne Avenue Ave Unit 34 Lomita 90717,,,,
9786,16901,,,,25900.0,,,,,,Oak,Street,,,,,,,,,,,Unit,121,90717.0,,Lomita,Lomita,,,,,Office of Assessor,{AE8819AA-E49D-456A-B136-2D55ABAFEFE7},0,,AE8819AA-E49D-456A-B136-2D55ABAFEFE7,Unknown,,,,,St,Oak St,2024/05/12 21:11:39+00,25900 Oak St Unit 121 Lomita 90717,AE8819AA-E49D-456A-B136-2D55ABAFEFE7_25900_Oak_St_Unit_121_Lomita_90717,Oak,25900 Oak Street St Unit 121 Lomita 90717,,,,
9787,16903,,,,26116.0,,,,,,Narbonne,Avenue,,,,,,,,,,,Unit,B,90717.0,,Lomita,Lomita,,,,,Office of Assessor,{5AA326E3-B67D-44C4-994B-757DA1A74CD5},0,,5AA326E3-B67D-44C4-994B-757DA1A74CD5,Unknown,,,,,Ave,Narbonne Ave,2024/05/12 21:11:39+00,26116 Narbonne Ave Unit B Lomita 90717,5AA326E3-B67D-44C4-994B-757DA1A74CD5_26116_Narbonne_Ave_Unit_B_Lomita_90717,Narbonne,26116 Narbonne Avenue Ave Unit B Lomita 90717,,,,
9792,16926,,,,25905.0,,,,,,Narbonne,Avenue,,,,,,,,,,,Unit,2,90717.0,,Lomita,Lomita,,,,,Office of Assessor,{D489AD66-5463-4014-BA0E-E94932A31D44},0,,D489AD66-5463-4014-BA0E-E94932A31D44,Unknown,,,,,Ave,Narbonne Ave,2024/05/12 21:11:39+00,25905 Narbonne Ave Unit 2 Lomita 90717,D489AD66-5463-4014-BA0E-E94932A31D44_25905_Narbonne_Ave_Unit_2_Lomita_90717,Narbonne,25905 Narbonne Avenue Ave Unit 2 Lomita 90717,,,,
9793,16929,,,,25834.0,,,,,,Pennsylvania,Avenue,,,,,,,,,,,Unit,4,90717.0,,Lomita,Lomita,,,,,Office of Assessor,{7B6D5856-1D33-4DF3-B71D-DFE7CDB6239A},0,,7B6D5856-1D33-4DF3-B71D-DFE7CDB6239A,Unknown,,,,,Ave,Pennsylvania Ave,2024/05/12 21:11:39+00,25834 Pennsylvania Ave Unit 4 Lomita 90717,7B6D5856-1D33-4DF3-B71D-DFE7CDB6239A_25834_Pennsylvania_Ave_Unit_4_Lomita_90717,Pennsylvania,25834 Pennsylvania Avenue Ave Unit 4 Lomita 90717,,,,
9794,16930,,,,25905.0,,,,,,Narbonne,Avenue,,,,,,,,,,,Unit,11,90717.0,,Lomita,Lomita,,,,,Office of Assessor,{D617EC1F-612F-451A-AD39-067DC1FEC36D},0,,D617EC1F-612F-451A-AD39-067DC1FEC36D,Unknown,,,,,Ave,Narbonne Ave,2024/05/12 21:11:39+00,25905 Narbonne Ave Unit 11 Lomita 90717,D617EC1F-612F-451A-AD39-067DC1FEC36D_25905_Narbonne_Ave_Unit_11_Lomita_90717,Narbonne,25905 Narbonne Avenue Ave Unit 11 Lomita 90717,,,,
9795,16937,,,,2310.0,,,,,,241st,Street,,,,,,,,,,,,,90717.0,,Lomita,Lomita,,,,,Office of Assessor,{80FEB005-B9A2-4D5E-93AB-68D2DCC65783},0,,80FEB005-B9A2-4D5E-93AB-68D2DCC65783,Unknown,,,,,St,241st St,2024/05/12 21:11:39+00,2310 241st St Lomita 90717,80FEB005-B9A2-4D5E-93AB-68D2DCC65783_2310_241st_St_Lomita_90717,241st,2310 241st Street St Lomita 90717,,,,
9797,16945,,,,26120.0,,,,,,Narbonne,Avenue,,,,,,,,,,,Unit,D,90717.0,,Lomita,Lomita,,,,,Office of Assessor,{A045E0F5-8A45-4878-A2EB-2E14A9E8469E},0,,A045E0F5-8A45-4878-A2EB-2E14A9E8469E,Unknown,,,,,Ave,Narbonne Ave,2024/05/12 21:11:39+00,26120 Narbonne Ave Unit D Lomita 90717,A045E0F5-8A45-4878-A2EB-2E14A9E8469E_26120_Narbonne_Ave_Unit_D_Lomita_90717,Narbonne,26120 Narbonne Avenue Ave Unit D Lomita 90717,,,,
9798,16947,,,,2330.0,,,,,,241st,Street,,,,,,,,,,,,,90717.0,,Lomita,Lomita,,,,,Office of Assessor,{AB68AA90-A74B-4887-AD74-0FA621C441A9},0,,AB68AA90-A74B-4887-AD74-0FA621C441A9,Unknown,,,,,St,241st St,2024/05/12 21:11:39+00,2330 241st St Lomita 90717,AB68AA90-A74B-4887-AD74-0FA621C441A9_2330_241st_St_Lomita_90717,241st,2330 241st Street St Lomita 90717,,,,
9800,16950,,,,25905.0,,,,,,Narbonne,Avenue,,,,,,,,,,,Unit,5,90717.0,,Lomita,Lomita,,,,,Office of Assessor,{73DBBB8F-133B-48DE-B520-DCE43367C2BC},0,,73DBBB8F-133B-48DE-B520-DCE43367C2BC,Unknown,,,,,Ave,Narbonne Ave,2024/05/12 21:11:39+00,25905 Narbonne Ave Unit 5 Lomita 90717,73DBBB8F-133B-48DE-B520-DCE43367C2BC_25905_Narbonne_Ave_Unit_5_Lomita_90717,Narbonne,25905 Narbonne Avenue Ave Unit 5 Lomita 90717,,,,
9806,16978,,,,25827.0,,,,,,Cypress,Street,,,,,,,,,,,,,90717.0,,Lomita,Lomita,,,,,Office of Assessor,{9631F0E7-088D-4E7C-994A-984FA55769C2},0,,9631F0E7-088D-4E7C-994A-984FA55769C2,Unknown,,,,,St,Cypress St,2024/05/12 21:11:39+00,25827 Cypress St Lomita 90717,9631F0E7-088D-4E7C-994A-984FA55769C2_25827_Cypress_St_Lomita_90717,Cypress,25827 Cypress Street St Lomita 90717,,,,
9811,16987,,,,26130.0,,,,,,Narbonne,Avenue,,,,,,,,,,,Unit,112,90717.0,,Lomita,Lomita,,,,,Office of Assessor,{8446A081-579C-4B46-BA6A-F1B33AA90C87},0,,8446A081-579C-4B46-BA6A-F1B33AA90C87,Unknown,,,,,Ave,Narbonne Ave,2024/05/12 21:11:39+00,26130 Narbonne Ave Unit 112 Lomita 90717,8446A081-579C-4B46-BA6A-F1B33AA90C87_26130_Narbonne_Ave_Unit_112_Lomita_90717,Narbonne,26130 Narbonne Avenue Ave Unit 112 Lomita 90717,,,,
9812,16988,,,,25837.0,,,,,,Oak,Street,,,,,,,,,,,Unit,225,90717.0,,Lomita,Lomita,,,,,Office of Assessor,{D45AD417-7C7F-4B1D-8766-F65477DA9C8E},0,,D45AD417-7C7F-4B1D-8766-F65477DA9C8E,Unknown,,,,,St,Oak St,2024/05/12 21:11:39+00,25837 Oak St Unit 225 Lomita 90717,D45AD417-7C7F-4B1D-8766-F65477DA9C8E_25837_Oak_St_Unit_225_Lomita_90717,Oak,25837 Oak Street St Unit 225 Lomita 90717,,,,
9815,17008,,,,25930.0,,,,,,Narbonne,Avenue,,,,,,,,,,,Unit,144,90717.0,,Lomita,Lomita,,,,,Office of Assessor,{3C88F15C-A689-434B-B508-BB5CBE0DB1AF},0,,3C88F15C-A689-434B-B508-BB5CBE0DB1AF,Unknown,,,,,Ave,Narbonne Ave,2024/05/12 21:11:39+00,25930 Narbonne Ave Unit 144 Lomita 90717,3C88F15C-A689-434B-B508-BB5CBE0DB1AF_25930_Narbonne_Ave_Unit_144_Lomita_90717,Narbonne,25930 Narbonne Avenue Ave Unit 144 Lomita 90717,,,,
9818,17021,,,,26111.0,,,,,,Oak,Street,,,,,,,,,,,Unit,B,90717.0,,Lomita,Lomita,,,,,Office of Assessor,{957B7129-37C1-49F9-A071-DE187185FFA6},0,,957B7129-37C1-49F9-A071-DE187185FFA6,Unknown,,,,,St,Oak St,2024/05/12 21:11:39+00,26111 Oak St Unit B Lomita 90717,957B7129-37C1-49F9-A071-DE187185FFA6_26111_Oak_St_Unit_B_Lomita_90717,Oak,26111 Oak Street St Unit B Lomita 90717,,,,
9822,17032,,,,25837.0,,,,,,Oak,Street,,,,,,,,,,,Unit,123,90717.0,,Lomita,Lomita,,,,,Office of Assessor,{F7A30F8A-55F6-4D40-967B-627D9D7F7D2A},0,,F7A30F8A-55F6-4D40-967B-627D9D7F7D2A,Unknown,,,,,St,Oak St,2024/05/12 21:11:39+00,25837 Oak St Unit 123 Lomita 90717,F7A30F8A-55F6-4D40-967B-627D9D7F7D2A_25837_Oak_St_Unit_123_Lomita_90717,Oak,25837 Oak Street St Unit 123 Lomita 90717,,,,
9823,17038,,,,2356.0,,,,,,241st,Street,,,,,,,,,,,,,90717.0,,Lomita,Lomita,,,,,Office of Assessor,{54C5BCDE-C8FC-4D32-8F68-7F9F325B0372},0,,54C5BCDE-C8FC-4D32-8F68-7F9F325B0372,Unknown,,,,,St,241st St,2024/05/12 21:11:39+00,2356 241st St Lomita 90717,54C5BCDE-C8FC-4D32-8F68-7F9F325B0372_2356_241st_St_Lomita_90717,241st,2356 241st Street St Lomita 90717,,,,
9828,17059,,,,25900.0,,,,,,Oak,Street,,,,,,,,,,,Unit,116,90717.0,,Lomita,Lomita,,,,,Office of Assessor,{165BFF62-A94E-4AC0-A89A-0DDD0EB5D4A5},0,,165BFF62-A94E-4AC0-A89A-0DDD0EB5D4A5,Unknown,,,,,St,Oak St,2024/05/12 21:11:39+00,25900 Oak St Unit 116 Lomita 90717,165BFF62-A94E-4AC0-A89A-0DDD0EB5D4A5_25900_Oak_St_Unit_116_Lomita_90717,Oak,25900 Oak Street St Unit 116 Lomita 90717,,,,
9829,17060,,,,26015.0,,,,,,Narbonne,Avenue,,,,,,,,,,,Apartment,16,90717.0,,Lomita,Lomita,,,,,Office of Assessor,{2FBDCB4C-51CF-4796-8949-E214C0EC6E93},0,,2FBDCB4C-51CF-4796-8949-E214C0EC6E93,Unknown,,,,,Ave,Narbonne Ave,2024/05/12 21:11:39+00,26015 Narbonne Ave Apartment 16 Lomita 90717,2FBDCB4C-51CF-4796-8949-E214C0EC6E93_26015_Narbonne_Ave_Apartment_16_Lomita_90717,Narbonne,26015 Narbonne Avenue Ave Apartment 16 Lomita 90717,,,,
9833,17085,,,,2305.0,,,,,,241st,Street,,,,,,,,,,,Unit,2,90717.0,,Lomita,Lomita,,,,,Office of Assessor,{CECC5D25-AE31-4FAF-A249-FD2FBF7F14EA},0,,CECC5D25-AE31-4FAF-A249-FD2FBF7F14EA,Unknown,,,,,St,241st St,2024/05/12 21:11:39+00,2305 241st St Unit 2 Lomita 90717,CECC5D25-AE31-4FAF-A249-FD2FBF7F14EA_2305_241st_St_Unit_2_Lomita_90717,241st,2305 241st Street St Unit 2 Lomita 90717,,,,
9837,17101,,,,2110.0,,,,,,Palos Verdes,Drive,North,,,,,,,,,,Unit,205,90717.0,,Lomita,Lomita,,,,,Office of Assessor,{5357C8B8-69B4-4ABC-BF02-7B0C26922DD7},0,,5357C8B8-69B4-4ABC-BF02-7B0C26922DD7,Unknown,,,N,,Dr,Palos Verdes Dr N,2024/05/12 21:11:39+00,2110 Palos Verdes Dr N Unit 205 Lomita 90717,5357C8B8-69B4-4ABC-BF02-7B0C26922DD7_2110_Palos_Verdes_Dr_N_Unit_205_Lomita_90717,Palos Verdes,2110 Palos Verdes Drive Dr N Unit 205 Lomita 90717,,,,
9838,17103,,,,25930.0,,,,,,Narbonne,Avenue,,,,,,,,,,,Unit,112,90717.0,,Lomita,Lomita,,,,,Office of Assessor,{C7178419-4E53-4F61-88E9-0487FAA502F2},0,,C7178419-4E53-4F61-88E9-0487FAA502F2,Unknown,,,,,Ave,Narbonne Ave,2024/05/12 21:11:39+00,25930 Narbonne Ave Unit 112 Lomita 90717,C7178419-4E53-4F61-88E9-0487FAA502F2_25930_Narbonne_Ave_Unit_112_Lomita_90717,Narbonne,25930 Narbonne Avenue Ave Unit 112 Lomita 90717,,,,
9839,17104,,,,2235.0,,,,,,241st,Street,,,,,,,,,,,Unit,3,90717.0,,Lomita,Lomita,,,,,Office of Assessor,{38E68D40-D41D-4FF0-A6AA-8A062A8AA8EA},0,,38E68D40-D41D-4FF0-A6AA-8A062A8AA8EA,Unknown,,,,,St,241st St,2024/05/12 21:11:39+00,2235 241st St Unit 3 Lomita 90717,38E68D40-D41D-4FF0-A6AA-8A062A8AA8EA_2235_241st_St_Unit_3_Lomita_90717,241st,2235 241st Street St Unit 3 Lomita 90717,,,,
9848,17116,,,,25576.0,,,,,,Oak,Street,,,,,,,,,,,,,90717.0,,Lomita,Lomita,,,,,Office of Assessor,{C22C8489-156C-4E3B-BA10-EF925F949FF1},0,,C22C8489-156C-4E3B-BA10-EF925F949FF1,Unknown,,,,,St,Oak St,2024/05/12 21:11:39+00,25576 Oak St Lomita 90717,C22C8489-156C-4E3B-BA10-EF925F949FF1_25576_Oak_St_Lomita_90717,Oak,25576 Oak Street St Lomita 90717,,,,
9850,17119,,,,26015.0,,,,,,Narbonne,Avenue,,,,,,,,,,,Unit,24,90717.0,,Lomita,Lomita,,,,,Office of Assessor,{403B88E6-021C-4BCA-A25E-9A2598163F39},0,,403B88E6-021C-4BCA-A25E-9A2598163F39,Unknown,,,,,Ave,Narbonne Ave,2024/05/12 21:11:39+00,26015 Narbonne Ave Unit 24 Lomita 90717,403B88E6-021C-4BCA-A25E-9A2598163F39_26015_Narbonne_Ave_Unit_24_Lomita_90717,Narbonne,26015 Narbonne Avenue Ave Unit 24 Lomita 90717,,,,
9852,17123,,,,1852.0,,,,,,Lomita,Boulevard,,,,,,,,,,,Unit,100,90717.0,,Lomita,Lomita,,,,,Office of Assessor,{4458984B-75B9-4907-B24B-CA685979A3F7},0,,4458984B-75B9-4907-B24B-CA685979A3F7,Unknown,,,,,Blvd,Lomita Blvd,2024/05/12 21:11:39+00,1852 Lomita Blvd Unit 100 Lomita 90717,4458984B-75B9-4907-B24B-CA685979A3F7_1852_Lomita_Blvd_Unit_100_Lomita_90717,Lomita,1852 Lomita Boulevard Blvd Unit 100 Lomita 90717,,,,
9853,17132,,,,2348.0,,,,,,241st,Street,,,,,,,,,,,,,90717.0,,Lomita,Lomita,,,,,Office of Assessor,{4D0545B3-7F27-46B1-85CB-74732F18DF67},0,,4D0545B3-7F27-46B1-85CB-74732F18DF67,Unknown,,,,,St,241st St,2024/05/12 21:11:39+00,2348 241st St Lomita 90717,4D0545B3-7F27-46B1-85CB-74732F18DF67_2348_241st_St_Lomita_90717,241st,2348 241st Street St Lomita 90717,,,,
9854,17138,,,,25834.0,,,,,,Pennsylvania,Avenue,,,,,,,,,,,Unit,2,90717.0,,Lomita,Lomita,,,,,Office of Assessor,{06BE434B-2EF5-4446-B279-B7058828C956},0,,06BE434B-2EF5-4446-B279-B7058828C956,Unknown,,,,,Ave,Pennsylvania Ave,2024/05/12 21:11:39+00,25834 Pennsylvania Ave Unit 2 Lomita 90717,06BE434B-2EF5-4446-B279-B7058828C956_25834_Pennsylvania_Ave_Unit_2_Lomita_90717,Pennsylvania,25834 Pennsylvania Avenue Ave Unit 2 Lomita 90717,,,,
9855,17141,,,,26130.0,,,,,,Narbonne,Avenue,,,,,,,,,,,Unit,124,90717.0,,Lomita,Lomita,,,,,Office of Assessor,{4C85CFDD-C7AF-4084-B4B1-8A293D454406},0,,4C85CFDD-C7AF-4084-B4B1-8A293D454406,Unknown,,,,,Ave,Narbonne Ave,2024/05/12 21:11:39+00,26130 Narbonne Ave Unit 124 Lomita 90717,4C85CFDD-C7AF-4084-B4B1-8A293D454406_26130_Narbonne_Ave_Unit_124_Lomita_90717,Narbonne,26130 Narbonne Avenue Ave Unit 124 Lomita 90717,,,,
9856,17144,,,,26015.0,,,,,,Narbonne,Avenue,,,,,,,,,,,Unit,8,90717.0,,Lomita,Lomita,,,,,Office of Assessor,{3933B1E8-3B5A-452D-866A-78D52101FB92},0,,3933B1E8-3B5A-452D-866A-78D52101FB92,Unknown,,,,,Ave,Narbonne Ave,2024/05/12 21:11:39+00,26015 Narbonne Ave Unit 8 Lomita 90717,3933B1E8-3B5A-452D-866A-78D52101FB92_26015_Narbonne_Ave_Unit_8_Lomita_90717,Narbonne,26015 Narbonne Avenue Ave Unit 8 Lomita 90717,,,,
9857,17148,,,,25829.0,,,,,,Cypress,Street,,,,,,,,,,,,,90717.0,,Lomita,Lomita,,,,,Office of Assessor,{C4053E5A-8012-4D3C-BDFD-31C54D371390},0,,C4053E5A-8012-4D3C-BDFD-31C54D371390,Unknown,,,,,St,Cypress St,2024/05/12 21:11:39+00,25829 Cypress St Lomita 90717,C4053E5A-8012-4D3C-BDFD-31C54D371390_25829_Cypress_St_Lomita_90717,Cypress,25829 Cypress Street St Lomita 90717,,,,
9858,17162,,,,25930.0,,,,,,Narbonne,Avenue,,,,,,,,,,,Unit,130,90717.0,,Lomita,Lomita,,,,,Office of Assessor,{7CF7BF12-C4BB-4064-AC2E-EE64356513F4},0,,7CF7BF12-C4BB-4064-AC2E-EE64356513F4,Unknown,,,,,Ave,Narbonne Ave,2024/05/12 21:11:39+00,25930 Narbonne Ave Unit 130 Lomita 90717,7CF7BF12-C4BB-4064-AC2E-EE64356513F4_25930_Narbonne_Ave_Unit_130_Lomita_90717,Narbonne,25930 Narbonne Avenue Ave Unit 130 Lomita 90717,,,,
9859,17166,,,,2235.0,,,,,,241st,Street,,,,,,,,,,,Unit,7,90717.0,,Lomita,Lomita,,,,,Office of Assessor,{A3EDEE3E-AF31-475C-B4D2-7B5C851B232B},0,,A3EDEE3E-AF31-475C-B4D2-7B5C851B232B,Unknown,,,,,St,241st St,2024/05/12 21:11:39+00,2235 241st St Unit 7 Lomita 90717,A3EDEE3E-AF31-475C-B4D2-7B5C851B232B_2235_241st_St_Unit_7_Lomita_90717,241st,2235 241st Street St Unit 7 Lomita 90717,,,,
9861,17174,,,,25834.0,,,,,,Pennsylvania,Avenue,,,,,,,,,,,Unit,7,90717.0,,Lomita,Lomita,,,,,Office of Assessor,{78688A9A-EF42-43DE-BAEF-B7A4C4850C1C},0,,78688A9A-EF42-43DE-BAEF-B7A4C4850C1C,Unknown,,,,,Ave,Pennsylvania Ave,2024/05/12 21:11:39+00,25834 Pennsylvania Ave Unit 7 Lomita 90717,78688A9A-EF42-43DE-BAEF-B7A4C4850C1C_25834_Pennsylvania_Ave_Unit_7_Lomita_90717,Pennsylvania,25834 Pennsylvania Avenue Ave Unit 7 Lomita 90717,,,,
9862,17175,,,,25558.0,,,,,,Oak,Street,,,,,,,,,,,,,90717.0,,Lomita,Lomita,,,,,Office of Assessor,{EE3D0BF8-4F36-482A-BA11-9247FA0CDDDB},0,,EE3D0BF8-4F36-482A-BA11-9247FA0CDDDB,Unknown,,,,,St,Oak St,2024/05/12 21:11:39+00,25558 Oak St Lomita 90717,EE3D0BF8-4F36-482A-BA11-9247FA0CDDDB_25558_Oak_St_Lomita_90717,Oak,25558 Oak Street St Lomita 90717,,,,
9863,17186,,,,25917.0,,,,,,Avocado,Street,,,,,,,,,,,Unit,B,90717.0,,Lomita,Lomita,,,,,Office of Assessor,{E33E9F56-378B-4110-8577-E1DF643A3655},0,,E33E9F56-378B-4110-8577-E1DF643A3655,Unknown,,,,,St,Avocado St,2024/05/12 21:11:39+00,25917 Avocado St Unit B Lomita 90717,E33E9F56-378B-4110-8577-E1DF643A3655_25917_Avocado_St_Unit_B_Lomita_90717,Avocado,25917 Avocado Street St Unit B Lomita 90717,,,,
9864,17189,,,,26130.0,,,,,,Narbonne,Avenue,,,,,,,,,,,Unit,101,90717.0,,Lomita,Lomita,,,,,Office of Assessor,{F4A3CFD8-7D5F-41B4-AA26-047AD5B4AD8A},0,,F4A3CFD8-7D5F-41B4-AA26-047AD5B4AD8A,Unknown,,,,,Ave,Narbonne Ave,2024/05/12 21:11:39+00,26130 Narbonne Ave Unit 101 Lomita 90717,F4A3CFD8-7D5F-41B4-AA26-047AD5B4AD8A_26130_Narbonne_Ave_Unit_101_Lomita_90717,Narbonne,26130 Narbonne Avenue Ave Unit 101 Lomita 90717,,,,
9865,17192,,,,25921.0,,,,,,Oak,Street,,,,,,,,,,,Unit,105,90717.0,,Lomita,Lomita,,,,,Office of Assessor,{586357D9-6F25-427D-B4E8-6FFAC246AB4D},0,,586357D9-6F25-427D-B4E8-6FFAC246AB4D,Unknown,,,,,St,Oak St,2024/05/12 21:11:39+00,25921 Oak St Unit 105 Lomita 90717,586357D9-6F25-427D-B4E8-6FFAC246AB4D_25921_Oak_St_Unit_105_Lomita_90717,Oak,25921 Oak Street St Unit 105 Lomita 90717,,,,
9866,17193,,,,25930.0,,,,,,Narbonne,Avenue,,,,,,,,,,,Unit,122,90717.0,,Lomita,Lomita,,,,,Office of Assessor,{F32BF8DB-0997-4DD6-AF10-9120BA789DA4},0,,F32BF8DB-0997-4DD6-AF10-9120BA789DA4,Unknown,,,,,Ave,Narbonne Ave,2024/05/12 21:11:39+00,25930 Narbonne Ave Unit 122 Lomita 90717,F32BF8DB-0997-4DD6-AF10-9120BA789DA4_25930_Narbonne_Ave_Unit_122_Lomita_90717,Narbonne,25930 Narbonne Avenue Ave Unit 122 Lomita 90717,,,,
9871,17216,,,,25925.0,,,,,,Narbonne,Avenue,,,,,,,,,,,Unit,42,90717.0,,Lomita,Lomita,,,,,Office of Assessor,{D7DE4099-C9A9-404E-84CE-B317EB1270FC},0,,D7DE4099-C9A9-404E-84CE-B317EB1270FC,Unknown,,,,,Ave,Narbonne Ave,2024/05/12 21:11:39+00,25925 Narbonne Ave Unit 42 Lomita 90717,D7DE4099-C9A9-404E-84CE-B317EB1270FC_25925_Narbonne_Ave_Unit_42_Lomita_90717,Narbonne,25925 Narbonne Avenue Ave Unit 42 Lomita 90717,,,,
9872,17217,,,,25837.0,,,,,,Oak,Street,,,,,,,,,,,Unit,103,90717.0,,Lomita,Lomita,,,,,Office of Assessor,{C45FC364-B4E0-4297-98AC-3921D6757A0E},0,,C45FC364-B4E0-4297-98AC-3921D6757A0E,Unknown,,,,,St,Oak St,2024/05/12 21:11:39+00,25837 Oak St Unit 103 Lomita 90717,C45FC364-B4E0-4297-98AC-3921D6757A0E_25837_Oak_St_Unit_103_Lomita_90717,Oak,25837 Oak Street St Unit 103 Lomita 90717,,,,
9873,17218,,,,2372.0,,,,,,241st,Street,,,,,,,,,,,,,90717.0,,Lomita,Lomita,,,,,Office of Assessor,{5A51E5C3-E0B5-47F4-8768-5939F6EB4AD3},0,,5A51E5C3-E0B5-47F4-8768-5939F6EB4AD3,Unknown,,,,,St,241st St,2024/05/12 21:11:39+00,2372 241st St Lomita 90717,5A51E5C3-E0B5-47F4-8768-5939F6EB4AD3_2372_241st_St_Lomita_90717,241st,2372 241st Street St Lomita 90717,,,,
9875,17224,,,,25905.0,,,,,,Narbonne,Avenue,,,,,,,,,,,Unit,20,90717.0,,Lomita,Lomita,,,,,Office of Assessor,{EA2788A2-C3BF-448B-8709-CBC2541E2DD4},0,,EA2788A2-C3BF-448B-8709-CBC2541E2DD4,Unknown,,,,,Ave,Narbonne Ave,2024/05/12 21:11:39+00,25905 Narbonne Ave Unit 20 Lomita 90717,EA2788A2-C3BF-448B-8709-CBC2541E2DD4_25905_Narbonne_Ave_Unit_20_Lomita_90717,Narbonne,25905 Narbonne Avenue Ave Unit 20 Lomita 90717,,,,
9877,17230,,,,25936.0,,,,,,Pennsylvania,Avenue,,,,,,,,,,,Unit,4,90717.0,,Lomita,Lomita,,,,,Office of Assessor,{2C2F44BA-EEF6-4F97-AE0C-BA9D0A628D45},0,,2C2F44BA-EEF6-4F97-AE0C-BA9D0A628D45,Unknown,,,,,Ave,Pennsylvania Ave,2024/05/12 21:11:39+00,25936 Pennsylvania Ave Unit 4 Lomita 90717,2C2F44BA-EEF6-4F97-AE0C-BA9D0A628D45_25936_Pennsylvania_Ave_Unit_4_Lomita_90717,Pennsylvania,25936 Pennsylvania Avenue Ave Unit 4 Lomita 90717,,,,
9879,17240,,,,25900.0,,,,,,Oak,Street,,,,,,,,,,,Unit,110,90717.0,,Lomita,Lomita,,,,,Office of Assessor,{AAFCC2AB-F561-4CF2-9003-95EA1600F979},0,,AAFCC2AB-F561-4CF2-9003-95EA1600F979,Unknown,,,,,St,Oak St,2024/05/12 21:11:39+00,25900 Oak St Unit 110 Lomita 90717,AAFCC2AB-F561-4CF2-9003-95EA1600F979_25900_Oak_St_Unit_110_Lomita_90717,Oak,25900 Oak Street St Unit 110 Lomita 90717,,,,
9880,17242,,,,2235.0,,,,,,241st,Street,,,,,,,,,,,Unit,6,90717.0,,Lomita,Lomita,,,,,Office of Assessor,{47E13BE9-2911-4C28-A11E-DEB7F5E62955},0,,47E13BE9-2911-4C28-A11E-DEB7F5E62955,Unknown,,,,,St,241st St,2024/05/12 21:11:39+00,2235 241st St Unit 6 Lomita 90717,47E13BE9-2911-4C28-A11E-DEB7F5E62955_2235_241st_St_Unit_6_Lomita_90717,241st,2235 241st Street St Unit 6 Lomita 90717,,,,
9883,17254,,,,1852.0,,,,,,Lomita,Boulevard,,,,,,,,,,,Unit,210,90717.0,,Lomita,Lomita,,,,,Office of Assessor,{5E784A0C-7095-4A7B-8CF8-B1D0DD5CF7CC},0,,5E784A0C-7095-4A7B-8CF8-B1D0DD5CF7CC,Unknown,,,,,Blvd,Lomita Blvd,2024/05/12 21:11:39+00,1852 Lomita Blvd Unit 210 Lomita 90717,5E784A0C-7095-4A7B-8CF8-B1D0DD5CF7CC_1852_Lomita_Blvd_Unit_210_Lomita_90717,Lomita,1852 Lomita Boulevard Blvd Unit 210 Lomita 90717,,,,
9884,17255,,,,2333.0,,,,,,241st,Street,,,,,,,,,,,Unit,28,90717.0,,Lomita,Lomita,,,,,Office of Assessor,{4C4E7BF7-F033-491E-97FC-F9AD589AC6EC},0,,4C4E7BF7-F033-491E-97FC-F9AD589AC6EC,Unknown,,,,,St,241st St,2024/05/12 21:11:39+00,2333 241st St Unit 28 Lomita 90717,4C4E7BF7-F033-491E-97FC-F9AD589AC6EC_2333_241st_St_Unit_28_Lomita_90717,241st,2333 241st Street St Unit 28 Lomita 90717,,,,
9885,17256,,,,25837.0,,,,,,Oak,Street,,,,,,,,,,,Unit,102,90717.0,,Lomita,Lomita,,,,,Office of Assessor,{FD32C59F-8321-4F0A-9CA9-A6592C46E9F6},0,,FD32C59F-8321-4F0A-9CA9-A6592C46E9F6,Unknown,,,,,St,Oak St,2024/05/12 21:11:39+00,25837 Oak St Unit 102 Lomita 90717,FD32C59F-8321-4F0A-9CA9-A6592C46E9F6_25837_Oak_St_Unit_102_Lomita_90717,Oak,25837 Oak Street St Unit 102 Lomita 90717,,,,
9887,17266,,,,25925.0,,,,,,Narbonne,Avenue,,,,,,,,,,,Unit,28,90717.0,,Lomita,Lomita,,,,,Office of Assessor,{6C4F5EE1-3464-4CF3-B23B-9779A9D2DE8D},0,,6C4F5EE1-3464-4CF3-B23B-9779A9D2DE8D,Unknown,,,,,Ave,Narbonne Ave,2024/05/12 21:11:39+00,25925 Narbonne Ave Unit 28 Lomita 90717,6C4F5EE1-3464-4CF3-B23B-9779A9D2DE8D_25925_Narbonne_Ave_Unit_28_Lomita_90717,Narbonne,25925 Narbonne Avenue Ave Unit 28 Lomita 90717,,,,
9898,17301,,,,26015.0,,,,,,Narbonne,Avenue,,,,,,,,,,,Apartment,9,90717.0,,Lomita,Lomita,,,,,Office of Assessor,{3FE7E386-BC0C-4C80-B88D-C2E3552169E7},0,,3FE7E386-BC0C-4C80-B88D-C2E3552169E7,Unknown,,,,,Ave,Narbonne Ave,2024/05/12 21:11:39+00,26015 Narbonne Ave Apartment 9 Lomita 90717,3FE7E386-BC0C-4C80-B88D-C2E3552169E7_26015_Narbonne_Ave_Apartment_9_Lomita_90717,Narbonne,26015 Narbonne Avenue Ave Apartment 9 Lomita 90717,,,,
9900,17306,,,,25900.0,,,,,,Oak,Street,,,,,,,,,,,Unit,108,90717.0,,Lomita,Lomita,,,,,Office of Assessor,{09A35A64-65A6-4916-9F1D-D04EC88B56E9},0,,09A35A64-65A6-4916-9F1D-D04EC88B56E9,Unknown,,,,,St,Oak St,2024/05/12 21:11:39+00,25900 Oak St Unit 108 Lomita 90717,09A35A64-65A6-4916-9F1D-D04EC88B56E9_25900_Oak_St_Unit_108_Lomita_90717,Oak,25900 Oak Street St Unit 108 Lomita 90717,,,,
9901,17318,,,,26116.0,,,,,,Narbonne,Avenue,,,,,,,,,,,Unit,H,90717.0,,Lomita,Lomita,,,,,Office of Assessor,{2BC992FB-E7A6-43E8-AF72-B0350162123E},0,,2BC992FB-E7A6-43E8-AF72-B0350162123E,Unknown,,,,,Ave,Narbonne Ave,2024/05/12 21:11:39+00,26116 Narbonne Ave Unit H Lomita 90717,2BC992FB-E7A6-43E8-AF72-B0350162123E_26116_Narbonne_Ave_Unit_H_Lomita_90717,Narbonne,26116 Narbonne Avenue Ave Unit H Lomita 90717,,,,
9906,17335,,,,25925.0,,,,,,Narbonne,Avenue,,,,,,,,,,,Unit,41,90717.0,,Lomita,Lomita,,,,,Office of Assessor,{F2133083-1232-4C98-97AA-8FA6F26DD536},0,,F2133083-1232-4C98-97AA-8FA6F26DD536,Unknown,,,,,Ave,Narbonne Ave,2024/05/12 21:11:39+00,25925 Narbonne Ave Unit 41 Lomita 90717,F2133083-1232-4C98-97AA-8FA6F26DD536_25925_Narbonne_Ave_Unit_41_Lomita_90717,Narbonne,25925 Narbonne Avenue Ave Unit 41 Lomita 90717,,,,
9908,17341,,,,25914.0,,,,,,Pennsylvania,Avenue,,,,,,,,,,,Unit,3,90717.0,,Lomita,Lomita,,,,,Office of Assessor,{C3B10145-1C9D-4E1D-8626-06EEF7E0EF03},0,,C3B10145-1C9D-4E1D-8626-06EEF7E0EF03,Unknown,,,,,Ave,Pennsylvania Ave,2024/05/12 21:11:39+00,25914 Pennsylvania Ave Unit 3 Lomita 90717,C3B10145-1C9D-4E1D-8626-06EEF7E0EF03_25914_Pennsylvania_Ave_Unit_3_Lomita_90717,Pennsylvania,25914 Pennsylvania Avenue Ave Unit 3 Lomita 90717,,,,
9913,17358,,,,25846.0,,,,,,Viana,Avenue,,,,,,,,,,,Unit,E,90717.0,,Lomita,Lomita,,,,,Office of Assessor,{2997EBAC-AAA3-4241-A771-CF8A808492A3},0,,2997EBAC-AAA3-4241-A771-CF8A808492A3,Unknown,,,,,Ave,Viana Ave,2024/05/12 21:11:39+00,25846 Viana Ave Unit E Lomita 90717,2997EBAC-AAA3-4241-A771-CF8A808492A3_25846_Viana_Ave_Unit_E_Lomita_90717,Viana,25846 Viana Avenue Ave Unit E Lomita 90717,,,,
9916,17361,,,,2110.0,,,,,,Palos Verdes,Drive,North,,,,,,,,,,Unit,109,90717.0,,Lomita,Lomita,,,,,Office of Assessor,{A1E47951-89F4-486A-96FE-3DEE6DA65C97},0,,A1E47951-89F4-486A-96FE-3DEE6DA65C97,Unknown,,,N,,Dr,Palos Verdes Dr N,2024/05/12 21:11:39+00,2110 Palos Verdes Dr N Unit 109 Lomita 90717,A1E47951-89F4-486A-96FE-3DEE6DA65C97_2110_Palos_Verdes_Dr_N_Unit_109_Lomita_90717,Palos Verdes,2110 Palos Verdes Drive Dr N Unit 109 Lomita 90717,,,,
9917,17362,,,,2333.0,,,,,,241st,Street,,,,,,,,,,,Unit,27,90717.0,,Lomita,Lomita,,,,,Office of Assessor,{20D6709E-53AF-4C80-B323-31E04D17C734},0,,20D6709E-53AF-4C80-B323-31E04D17C734,Unknown,,,,,St,241st St,2024/05/12 21:11:39+00,2333 241st St Unit 27 Lomita 90717,20D6709E-53AF-4C80-B323-31E04D17C734_2333_241st_St_Unit_27_Lomita_90717,241st,2333 241st Street St Unit 27 Lomita 90717,,,,
9920,17365,,,,26015.0,,,,,,Narbonne,Avenue,,,,,,,,,,,Apartment,22,90717.0,,Lomita,Lomita,,,,,Office of Assessor,{7C6824A5-2364-4C56-9B7E-4A68A533609E},0,,7C6824A5-2364-4C56-9B7E-4A68A533609E,Unknown,,,,,Ave,Narbonne Ave,2024/05/12 21:11:39+00,26015 Narbonne Ave Apartment 22 Lomita 90717,7C6824A5-2364-4C56-9B7E-4A68A533609E_26015_Narbonne_Ave_Apartment_22_Lomita_90717,Narbonne,26015 Narbonne Avenue Ave Apartment 22 Lomita 90717,,,,
9922,17368,,,,2075.0,,,,,,262nd,Street,,,,,,,,,,,,,90717.0,,Lomita,Lomita,,,,,Office of Assessor,{C67B4520-8EBB-4A11-8E0B-7DE041908F09},0,,C67B4520-8EBB-4A11-8E0B-7DE041908F09,Unknown,,,,,St,262nd St,2024/05/12 21:11:39+00,2075 262nd St Lomita 90717,C67B4520-8EBB-4A11-8E0B-7DE041908F09_2075_262nd_St_Lomita_90717,262nd,2075 262nd Street St Lomita 90717,,,,
9928,17394,,,,25837.0,,,,,,Oak,Street,,,,,,,,,,,Unit,118,90717.0,,Lomita,Lomita,,,,,Office of Assessor,{FB6557E8-8E47-41F9-8ECF-2F269DB5A4F6},0,,FB6557E8-8E47-41F9-8ECF-2F269DB5A4F6,Unknown,,,,,St,Oak St,2024/05/12 21:11:39+00,25837 Oak St Unit 118 Lomita 90717,FB6557E8-8E47-41F9-8ECF-2F269DB5A4F6_25837_Oak_St_Unit_118_Lomita_90717,Oak,25837 Oak Street St Unit 118 Lomita 90717,,,,
9937,17423,,,,1866.0,,,,,,257th,Street,,,,,,,,,,,,,90717.0,,Lomita,Lomita,,,,,Office of Assessor,{66EE2E4C-68D5-46E9-9EE1-2D11C7C04676},0,,66EE2E4C-68D5-46E9-9EE1-2D11C7C04676,Unknown,,,,,St,257th St,2024/05/12 21:11:39+00,1866 257th St Lomita 90717,66EE2E4C-68D5-46E9-9EE1-2D11C7C04676_1866_257th_St_Lomita_90717,257th,1866 257th Street St Lomita 90717,,,,
9943,17455,,,,26130.0,,,,,,Narbonne,Avenue,,,,,,,,,,,Unit,111,90717.0,,Lomita,Lomita,,,,,Office of Assessor,{A1537EE1-D34D-425A-A481-77395B8D366C},0,,A1537EE1-D34D-425A-A481-77395B8D366C,Unknown,,,,,Ave,Narbonne Ave,2024/05/12 21:11:39+00,26130 Narbonne Ave Unit 111 Lomita 90717,A1537EE1-D34D-425A-A481-77395B8D366C_26130_Narbonne_Ave_Unit_111_Lomita_90717,Narbonne,26130 Narbonne Avenue Ave Unit 111 Lomita 90717,,,,
9946,17458,,,,25837.0,,,,,,Oak,Street,,,,,,,,,,,Unit,207,90717.0,,Lomita,Lomita,,,,,Office of Assessor,{96C6D60B-AB0E-43F6-B402-066B22AF45E9},0,,96C6D60B-AB0E-43F6-B402-066B22AF45E9,Unknown,,,,,St,Oak St,2024/05/12 21:11:39+00,25837 Oak St Unit 207 Lomita 90717,96C6D60B-AB0E-43F6-B402-066B22AF45E9_25837_Oak_St_Unit_207_Lomita_90717,Oak,25837 Oak Street St Unit 207 Lomita 90717,,,,
9947,17461,,,,25905.0,,,,,,Narbonne,Avenue,,,,,,,,,,,Unit,23,90717.0,,Lomita,Lomita,,,,,Office of Assessor,{F222C39D-67F3-4BEA-A6FC-2B39ED11051F},0,,F222C39D-67F3-4BEA-A6FC-2B39ED11051F,Unknown,,,,,Ave,Narbonne Ave,2024/05/12 21:11:39+00,25905 Narbonne Ave Unit 23 Lomita 90717,F222C39D-67F3-4BEA-A6FC-2B39ED11051F_25905_Narbonne_Ave_Unit_23_Lomita_90717,Narbonne,25905 Narbonne Avenue Ave Unit 23 Lomita 90717,,,,
9949,17465,,,,25542.0,,,,,,Oak,Street,,,,,,,,,,,,,90717.0,,Lomita,Lomita,,,,,Office of Assessor,{C27FDF0E-9BC9-4070-9221-C891B8F08B4D},0,,C27FDF0E-9BC9-4070-9221-C891B8F08B4D,Unknown,,,,,St,Oak St,2024/05/12 21:11:39+00,25542 Oak St Lomita 90717,C27FDF0E-9BC9-4070-9221-C891B8F08B4D_25542_Oak_St_Lomita_90717,Oak,25542 Oak Street St Lomita 90717,,,,
9951,17471,,,,25900.0,,,,,,Oak,Street,,,,,,,,,,,Unit,101,90717.0,,Lomita,Lomita,,,,,Office of Assessor,{12060EC0-C3D3-4319-87C6-4BBE77A8E807},0,,12060EC0-C3D3-4319-87C6-4BBE77A8E807,Unknown,,,,,St,Oak St,2024/05/12 21:11:39+00,25900 Oak St Unit 101 Lomita 90717,12060EC0-C3D3-4319-87C6-4BBE77A8E807_25900_Oak_St_Unit_101_Lomita_90717,Oak,25900 Oak Street St Unit 101 Lomita 90717,,,,
9953,17473,,,,26130.0,,,,,,Narbonne,Avenue,,,,,,,,,,,Unit,114,90717.0,,Lomita,Lomita,,,,,Office of Assessor,{F5B72872-81E1-4229-B52D-AF3BA8C8B50E},0,,F5B72872-81E1-4229-B52D-AF3BA8C8B50E,Unknown,,,,,Ave,Narbonne Ave,2024/05/12 21:11:39+00,26130 Narbonne Ave Unit 114 Lomita 90717,F5B72872-81E1-4229-B52D-AF3BA8C8B50E_26130_Narbonne_Ave_Unit_114_Lomita_90717,Narbonne,26130 Narbonne Avenue Ave Unit 114 Lomita 90717,,,,
9955,17478,,,,2333.0,,,,,,241st,Street,,,,,,,,,,,,,90717.0,,Lomita,Lomita,,,,,Office of Assessor,{82A2409A-4232-496D-98F6-35F92C9662D0},0,,82A2409A-4232-496D-98F6-35F92C9662D0,Unknown,,,,,St,241st St,2024/05/12 21:11:39+00,2333 241st St Lomita 90717,82A2409A-4232-496D-98F6-35F92C9662D0_2333_241st_St_Lomita_90717,241st,2333 241st Street St Lomita 90717,,,,
9957,17492,,,,25921.0,,,,,,Oak,Street,,,,,,,,,,,Unit,212,90717.0,,Lomita,Lomita,,,,,Office of Assessor,{D08FE644-30C1-4C40-ACAD-F15DD3889D59},0,,D08FE644-30C1-4C40-ACAD-F15DD3889D59,Unknown,,,,,St,Oak St,2024/05/12 21:11:39+00,25921 Oak St Unit 212 Lomita 90717,D08FE644-30C1-4C40-ACAD-F15DD3889D59_25921_Oak_St_Unit_212_Lomita_90717,Oak,25921 Oak Street St Unit 212 Lomita 90717,,,,
9961,17500,,,,25930.0,,,,,,Narbonne,Avenue,,,,,,,,,,,Unit,108,90717.0,,Lomita,Lomita,,,,,Office of Assessor,{FA35BC16-AFE1-4116-8CF2-1B13A2EA572F},0,,FA35BC16-AFE1-4116-8CF2-1B13A2EA572F,Unknown,,,,,Ave,Narbonne Ave,2024/05/12 21:11:39+00,25930 Narbonne Ave Unit 108 Lomita 90717,FA35BC16-AFE1-4116-8CF2-1B13A2EA572F_25930_Narbonne_Ave_Unit_108_Lomita_90717,Narbonne,25930 Narbonne Avenue Ave Unit 108 Lomita 90717,,,,
9963,17505,,,,25921.0,,,,,,Oak,Street,,,,,,,,,,,Unit,205,90717.0,,Lomita,Lomita,,,,,Office of Assessor,{F87360DD-71F9-4E7A-8856-84DDC204B84E},0,,F87360DD-71F9-4E7A-8856-84DDC204B84E,Unknown,,,,,St,Oak St,2024/05/12 21:11:39+00,25921 Oak St Unit 205 Lomita 90717,F87360DD-71F9-4E7A-8856-84DDC204B84E_25921_Oak_St_Unit_205_Lomita_90717,Oak,25921 Oak Street St Unit 205 Lomita 90717,,,,
9966,17521,,,,26116.0,,,,,,Narbonne,Avenue,,,,,,,,,,,Unit,I,90717.0,,Lomita,Lomita,,,,,Office of Assessor,{92A45265-84B5-4652-B2AD-B38DC8C88FC5},0,,92A45265-84B5-4652-B2AD-B38DC8C88FC5,Unknown,,,,,Ave,Narbonne Ave,2024/05/12 21:11:39+00,26116 Narbonne Ave Unit I Lomita 90717,92A45265-84B5-4652-B2AD-B38DC8C88FC5_26116_Narbonne_Ave_Unit_I_Lomita_90717,Narbonne,26116 Narbonne Avenue Ave Unit I Lomita 90717,,,,
9967,17522,,,,25837.0,,,,,,Oak,Street,,,,,,,,,,,Unit,128,90717.0,,Lomita,Lomita,,,,,Office of Assessor,{ABECA768-1ED7-4BCF-8CB3-32C35AF4BA65},0,,ABECA768-1ED7-4BCF-8CB3-32C35AF4BA65,Unknown,,,,,St,Oak St,2024/05/12 21:11:39+00,25837 Oak St Unit 128 Lomita 90717,ABECA768-1ED7-4BCF-8CB3-32C35AF4BA65_25837_Oak_St_Unit_128_Lomita_90717,Oak,25837 Oak Street St Unit 128 Lomita 90717,,,,
9969,17526,,,,2110.0,,,,,,Palos Verdes,Drive,North,,,,,,,,,,Unit,211,90717.0,,Lomita,Lomita,,,,,Office of Assessor,{9FDF9BA8-6B7B-4833-BA68-3D2C7E2A43AB},0,,9FDF9BA8-6B7B-4833-BA68-3D2C7E2A43AB,Unknown,,,N,,Dr,Palos Verdes Dr N,2024/05/12 21:11:39+00,2110 Palos Verdes Dr N Unit 211 Lomita 90717,9FDF9BA8-6B7B-4833-BA68-3D2C7E2A43AB_2110_Palos_Verdes_Dr_N_Unit_211_Lomita_90717,Palos Verdes,2110 Palos Verdes Drive Dr N Unit 211 Lomita 90717,,,,
9971,17541,,,,25932.0,,,,,,Pennsylvania,Avenue,,,,,,,,,,,Unit,1,90717.0,,Lomita,Lomita,,,,,Office of Assessor,{54827AA7-B7A1-46BF-96D0-C81A59C15AAE},0,,54827AA7-B7A1-46BF-96D0-C81A59C15AAE,Unknown,,,,,Ave,Pennsylvania Ave,2024/05/12 21:11:39+00,25932 Pennsylvania Ave Unit 1 Lomita 90717,54827AA7-B7A1-46BF-96D0-C81A59C15AAE_25932_Pennsylvania_Ave_Unit_1_Lomita_90717,Pennsylvania,25932 Pennsylvania Avenue Ave Unit 1 Lomita 90717,,,,
9974,17555,,,,2235.0,,,,,,241st,Street,,,,,,,,,,,Unit,5,90717.0,,Lomita,Lomita,,,,,Office of Assessor,{91393B68-A203-451D-AFC0-93E19087FAE6},0,,91393B68-A203-451D-AFC0-93E19087FAE6,Unknown,,,,,St,241st St,2024/05/12 21:11:39+00,2235 241st St Unit 5 Lomita 90717,91393B68-A203-451D-AFC0-93E19087FAE6_2235_241st_St_Unit_5_Lomita_90717,241st,2235 241st Street St Unit 5 Lomita 90717,,,,
9977,17561,,,,2110.0,,,,,,Palos Verdes,Drive,North,,,,,,,,,,Unit,114,90717.0,,Lomita,Lomita,,,,,Office of Assessor,{DB299E2D-09DA-4C7C-8731-C53B4DAE5797},0,,DB299E2D-09DA-4C7C-8731-C53B4DAE5797,Unknown,,,N,,Dr,Palos Verdes Dr N,2024/05/12 21:11:39+00,2110 Palos Verdes Dr N Unit 114 Lomita 90717,DB299E2D-09DA-4C7C-8731-C53B4DAE5797_2110_Palos_Verdes_Dr_N_Unit_114_Lomita_90717,Palos Verdes,2110 Palos Verdes Drive Dr N Unit 114 Lomita 90717,,,,
9978,17565,,,,25921.0,,,,,,Oak,Street,,,,,,,,,,,Unit,104,90717.0,,Lomita,Lomita,,,,,Office of Assessor,{A8DEEF02-33C8-4B3D-986B-26D9EF9DA775},0,,A8DEEF02-33C8-4B3D-986B-26D9EF9DA775,Unknown,,,,,St,Oak St,2024/05/12 21:11:39+00,25921 Oak St Unit 104 Lomita 90717,A8DEEF02-33C8-4B3D-986B-26D9EF9DA775_25921_Oak_St_Unit_104_Lomita_90717,Oak,25921 Oak Street St Unit 104 Lomita 90717,,,,
9979,17566,,,,25928.0,,,,,,Oak,Street,,,,,,,,,,,Unit,C,90717.0,,Lomita,Lomita,,,,,Office of Assessor,{A31798A0-AFA3-4B13-9F0D-A19C2F296B8D},0,,A31798A0-AFA3-4B13-9F0D-A19C2F296B8D,Unknown,,,,,St,Oak St,2024/05/12 21:11:39+00,25928 Oak St Unit C Lomita 90717,A31798A0-AFA3-4B13-9F0D-A19C2F296B8D_25928_Oak_St_Unit_C_Lomita_90717,Oak,25928 Oak Street St Unit C Lomita 90717,,,,
9981,17580,,,,25905.0,,,,,,Narbonne,Avenue,,,,,,,,,,,Unit,18,90717.0,,Lomita,Lomita,,,,,Office of Assessor,{D20702C8-025F-48C6-A2FC-5923A6DE4217},0,,D20702C8-025F-48C6-A2FC-5923A6DE4217,Unknown,,,,,Ave,Narbonne Ave,2024/05/12 21:11:39+00,25905 Narbonne Ave Unit 18 Lomita 90717,D20702C8-025F-48C6-A2FC-5923A6DE4217_25905_Narbonne_Ave_Unit_18_Lomita_90717,Narbonne,25905 Narbonne Avenue Ave Unit 18 Lomita 90717,,,,
9982,17581,,,,25837.0,,,,,,Oak,Street,,,,,,,,,,,Unit,224,90717.0,,Lomita,Lomita,,,,,Office of Assessor,{CAE9A427-B7A3-409D-B003-5F0B66D75018},0,,CAE9A427-B7A3-409D-B003-5F0B66D75018,Unknown,,,,,St,Oak St,2024/05/12 21:11:39+00,25837 Oak St Unit 224 Lomita 90717,CAE9A427-B7A3-409D-B003-5F0B66D75018_25837_Oak_St_Unit_224_Lomita_90717,Oak,25837 Oak Street St Unit 224 Lomita 90717,,,,
9983,17587,,,,2270.0,,,,,,241st,Street,,,,,,,,,,,Unit,9,90717.0,,Lomita,Lomita,,,,,Office of Assessor,{AB3E6E94-87E0-4DCA-BDE0-4515363797D8},0,,AB3E6E94-87E0-4DCA-BDE0-4515363797D8,Unknown,,,,,St,241st St,2024/05/12 21:11:39+00,2270 241st St Unit 9 Lomita 90717,AB3E6E94-87E0-4DCA-BDE0-4515363797D8_2270_241st_St_Unit_9_Lomita_90717,241st,2270 241st Street St Unit 9 Lomita 90717,,,,
9985,17592,,,,24010.0,,,,,,Hillview,Lane,,,,,,,,,,,,,90717.0,,Lomita,Lomita,,,,,Office of Assessor,{04EDD46C-9AA0-4E22-8B42-03C744888554},0,,04EDD46C-9AA0-4E22-8B42-03C744888554,Unknown,,,,,Ln,Hillview Ln,2024/05/12 21:11:39+00,24010 Hillview Ln Lomita 90717,04EDD46C-9AA0-4E22-8B42-03C744888554_24010_Hillview_Ln_Lomita_90717,Hillview,24010 Hillview Lane Ln Lomita 90717,,,,
9986,17593,,,,25921.0,,,,,,Oak,Street,,,,,,,,,,,Unit,110,90717.0,,Lomita,Lomita,,,,,Office of Assessor,{86110887-E1DA-4219-9325-A3ED3720103E},0,,86110887-E1DA-4219-9325-A3ED3720103E,Unknown,,,,,St,Oak St,2024/05/12 21:11:39+00,25921 Oak St Unit 110 Lomita 90717,86110887-E1DA-4219-9325-A3ED3720103E_25921_Oak_St_Unit_110_Lomita_90717,Oak,25921 Oak Street St Unit 110 Lomita 90717,,,,
9987,17596,,,,26130.0,,,,,,Narbonne,Avenue,,,,,,,,,,,Unit,116,90717.0,,Lomita,Lomita,,,,,Office of Assessor,{C090CCD2-E2F6-4420-8E70-2DD07FCDAE19},0,,C090CCD2-E2F6-4420-8E70-2DD07FCDAE19,Unknown,,,,,Ave,Narbonne Ave,2024/05/12 21:11:39+00,26130 Narbonne Ave Unit 116 Lomita 90717,C090CCD2-E2F6-4420-8E70-2DD07FCDAE19_26130_Narbonne_Ave_Unit_116_Lomita_90717,Narbonne,26130 Narbonne Avenue Ave Unit 116 Lomita 90717,,,,
9988,17599,,,,26111.0,,,,,,Oak,Street,,,,,,,,,,,Unit,A,90717.0,,Lomita,Lomita,,,,,Office of Assessor,{9681EDFD-9095-4ADD-A3BC-5889129DB95F},0,,9681EDFD-9095-4ADD-A3BC-5889129DB95F,Unknown,,,,,St,Oak St,2024/05/12 21:11:39+00,26111 Oak St Unit A Lomita 90717,9681EDFD-9095-4ADD-A3BC-5889129DB95F_26111_Oak_St_Unit_A_Lomita_90717,Oak,26111 Oak Street St Unit A Lomita 90717,,,,
9991,17630,,,,25900.0,,,,,,Oak,Street,,,,,,,,,,,Unit,115,90717.0,,Lomita,Lomita,,,,,Office of Assessor,{C877C8AD-5655-4DC3-95A2-27858C64E09F},0,,C877C8AD-5655-4DC3-95A2-27858C64E09F,Unknown,,,,,St,Oak St,2024/05/12 21:11:39+00,25900 Oak St Unit 115 Lomita 90717,C877C8AD-5655-4DC3-95A2-27858C64E09F_25900_Oak_St_Unit_115_Lomita_90717,Oak,25900 Oak Street St Unit 115 Lomita 90717,,,,
9992,17631,,,,25925.0,,,,,,Narbonne,Avenue,,,,,,,,,,,Unit,24,90717.0,,Lomita,Lomita,,,,,Office of Assessor,{8410C3B7-7E34-4F31-AA9C-47DF51163B9D},0,,8410C3B7-7E34-4F31-AA9C-47DF51163B9D,Unknown,,,,,Ave,Narbonne Ave,2024/05/12 21:11:39+00,25925 Narbonne Ave Unit 24 Lomita 90717,8410C3B7-7E34-4F31-AA9C-47DF51163B9D_25925_Narbonne_Ave_Unit_24_Lomita_90717,Narbonne,25925 Narbonne Avenue Ave Unit 24 Lomita 90717,,,,
9993,17632,,,,2360.0,,,,,,241st,Street,,,,,,,,,,,,,90717.0,,Lomita,Lomita,,,,,Office of Assessor,{0314C941-9F73-4A07-9E04-2631F99C7A02},0,,0314C941-9F73-4A07-9E04-2631F99C7A02,Unknown,,,,,St,241st St,2024/05/12 21:11:39+00,2360 241st St Lomita 90717,0314C941-9F73-4A07-9E04-2631F99C7A02_2360_241st_St_Lomita_90717,241st,2360 241st Street St Lomita 90717,,,,
9995,17637,,,,2110.0,,,,,,Palos Verdes,Drive,North,,,,,,,,,,Unit,106,90717.0,,Lomita,Lomita,,,,,Office of Assessor,{DC699D9D-ABC8-43F4-8CBD-66D379DE5B2E},0,,DC699D9D-ABC8-43F4-8CBD-66D379DE5B2E,Unknown,,,N,,Dr,Palos Verdes Dr N,2024/05/12 21:11:39+00,2110 Palos Verdes Dr N Unit 106 Lomita 90717,DC699D9D-ABC8-43F4-8CBD-66D379DE5B2E_2110_Palos_Verdes_Dr_N_Unit_106_Lomita_90717,Palos Verdes,2110 Palos Verdes Drive Dr N Unit 106 Lomita 90717,,,,
9996,17646,,,,2333.0,,,,,,241st,Street,,,,,,,,,,,Unit,15,90717.0,,Lomita,Lomita,,,,,Office of Assessor,{BDC97C12-55A9-41D8-BD2F-DB3D2E31D5EE},0,,BDC97C12-55A9-41D8-BD2F-DB3D2E31D5EE,Unknown,,,,,St,241st St,2024/05/12 21:11:39+00,2333 241st St Unit 15 Lomita 90717,BDC97C12-55A9-41D8-BD2F-DB3D2E31D5EE_2333_241st_St_Unit_15_Lomita_90717,241st,2333 241st Street St Unit 15 Lomita 90717,,,,
9997,17651,,,,25930.0,,,,,,Narbonne,Avenue,,,,,,,,,,,Unit,115,90717.0,,Lomita,Lomita,,,,,Office of Assessor,{E70583F4-7837-454F-9CCD-3F6CB492F8C5},0,,E70583F4-7837-454F-9CCD-3F6CB492F8C5,Unknown,,,,,Ave,Narbonne Ave,2024/05/12 21:11:39+00,25930 Narbonne Ave Unit 115 Lomita 90717,E70583F4-7837-454F-9CCD-3F6CB492F8C5_25930_Narbonne_Ave_Unit_115_Lomita_90717,Narbonne,25930 Narbonne Avenue Ave Unit 115 Lomita 90717,,,,
9998,17653,,,,2320.0,,,,,,241st,Street,,,,,,,,,,,,,90717.0,,Lomita,Lomita,,,,,Office of Assessor,{2283AA10-CF18-4DC3-A6BF-7D4351F212A9},0,,2283AA10-CF18-4DC3-A6BF-7D4351F212A9,Unknown,,,,,St,241st St,2024/05/12 21:11:39+00,2320 241st St Lomita 90717,2283AA10-CF18-4DC3-A6BF-7D4351F212A9_2320_241st_St_Lomita_90717,241st,2320 241st Street St Lomita 90717,,,,
9999,17656,,,,2110.0,,,,,,Palos Verdes,Drive,North,,,,,,,,,,Unit,104,90717.0,,Lomita,Lomita,,,,,Office of Assessor,{7BF49516-20CB-4BE3-BA8F-9DCC4E661D14},0,,7BF49516-20CB-4BE3-BA8F-9DCC4E661D14,Unknown,,,N,,Dr,Palos Verdes Dr N,2024/05/12 21:11:39+00,2110 Palos Verdes Dr N Unit 104 Lomita 90717,7BF49516-20CB-4BE3-BA8F-9DCC4E661D14_2110_Palos_Verdes_Dr_N_Unit_104_Lomita_90717,Palos Verdes,2110 Palos Verdes Drive Dr N Unit 104 Lomita 90717,,,,
10000,17657,,,,25917.0,,,,,,Avocado,Street,,,,,,,,,,,Unit,A,90717.0,,Lomita,Lomita,,,,,Office of Assessor,{9E027CE3-89FE-48A7-ABFA-3B953717BBE0},0,,9E027CE3-89FE-48A7-ABFA-3B953717BBE0,Unknown,,,,,St,Avocado St,2024/05/12 21:11:39+00,25917 Avocado St Unit A Lomita 90717,9E027CE3-89FE-48A7-ABFA-3B953717BBE0_25917_Avocado_St_Unit_A_Lomita_90717,Avocado,25917 Avocado Street St Unit A Lomita 90717,,,,
10003,17664,,,,25600.0,,,,,,Oak,Street,,,,,,,,,,,,,90717.0,,Lomita,Lomita,,,,,Office of Assessor,{CDC94E33-E019-4FB8-B2A8-D005AA3FCD8C},0,,CDC94E33-E019-4FB8-B2A8-D005AA3FCD8C,Unknown,,,,,St,Oak St,2024/05/12 21:11:39+00,25600 Oak St Lomita 90717,CDC94E33-E019-4FB8-B2A8-D005AA3FCD8C_25600_Oak_St_Lomita_90717,Oak,25600 Oak Street St Lomita 90717,,,,
10007,17685,,,,25837.0,,,,,,Oak,Street,,,,,,,,,,,Unit,227,90717.0,,Lomita,Lomita,,,,,Office of Assessor,{E3AFFFC4-92B0-440C-BA56-B95661860575},0,,E3AFFFC4-92B0-440C-BA56-B95661860575,Unknown,,,,,St,Oak St,2024/05/12 21:11:39+00,25837 Oak St Unit 227 Lomita 90717,E3AFFFC4-92B0-440C-BA56-B95661860575_25837_Oak_St_Unit_227_Lomita_90717,Oak,25837 Oak Street St Unit 227 Lomita 90717,,,,
10008,17691,,,,25840.0,,,,,,Viana,Avenue,,,,,,,,,,,Unit,F,90717.0,,Lomita,Lomita,,,,,Office of Assessor,{5D6CE307-BF7C-4439-9457-B831002B9562},0,,5D6CE307-BF7C-4439-9457-B831002B9562,Unknown,,,,,Ave,Viana Ave,2024/05/12 21:11:39+00,25840 Viana Ave Unit F Lomita 90717,5D6CE307-BF7C-4439-9457-B831002B9562_25840_Viana_Ave_Unit_F_Lomita_90717,Viana,25840 Viana Avenue Ave Unit F Lomita 90717,,,,
10010,17694,,,,26130.0,,,,,,Narbonne,Avenue,,,,,,,,,,,Unit,107,90717.0,,Lomita,Lomita,,,,,Office of Assessor,{D26CEF43-C80A-4108-8BBE-DD84A1D5B54F},0,,D26CEF43-C80A-4108-8BBE-DD84A1D5B54F,Unknown,,,,,Ave,Narbonne Ave,2024/05/12 21:11:39+00,26130 Narbonne Ave Unit 107 Lomita 90717,D26CEF43-C80A-4108-8BBE-DD84A1D5B54F_26130_Narbonne_Ave_Unit_107_Lomita_90717,Narbonne,26130 Narbonne Avenue Ave Unit 107 Lomita 90717,,,,
10011,17699,,,,25840.0,,,,,,Viana,Avenue,,,,,,,,,,,Unit,D,90717.0,,Lomita,Lomita,,,,,Office of Assessor,{30AD1BDC-0FEF-4AC8-8E59-6D3AF8E9D5B3},0,,30AD1BDC-0FEF-4AC8-8E59-6D3AF8E9D5B3,Unknown,,,,,Ave,Viana Ave,2024/05/12 21:11:39+00,25840 Viana Ave Unit D Lomita 90717,30AD1BDC-0FEF-4AC8-8E59-6D3AF8E9D5B3_25840_Viana_Ave_Unit_D_Lomita_90717,Viana,25840 Viana Avenue Ave Unit D Lomita 90717,,,,
10012,17705,,,,2371.0,,,,,,Austinbrook,Court,,,,,,,,,,,,,90717.0,,Lomita,Lomita,,,,,Office of Assessor,{89A6234E-5EE3-4013-9D41-7A44D38F4EDE},0,,89A6234E-5EE3-4013-9D41-7A44D38F4EDE,Unknown,,,,,Ct,Austinbrook Ct,2024/05/12 21:11:39+00,2371 Austinbrook Ct Lomita 90717,89A6234E-5EE3-4013-9D41-7A44D38F4EDE_2371_Austinbrook_Ct_Lomita_90717,Austinbrook,2371 Austinbrook Court Ct Lomita 90717,,,,
10016,17711,,,,2110.0,,,,,,Palos Verdes,Drive,North,,,,,,,,,,Unit,202,90717.0,,Lomita,Lomita,,,,,Office of Assessor,{9F564D9A-31A4-47F8-BB64-093E831336F5},0,,9F564D9A-31A4-47F8-BB64-093E831336F5,Unknown,,,N,,Dr,Palos Verdes Dr N,2024/05/12 21:11:39+00,2110 Palos Verdes Dr N Unit 202 Lomita 90717,9F564D9A-31A4-47F8-BB64-093E831336F5_2110_Palos_Verdes_Dr_N_Unit_202_Lomita_90717,Palos Verdes,2110 Palos Verdes Drive Dr N Unit 202 Lomita 90717,,,,
10025,17737,,,,26015.0,,,,,,Narbonne,Avenue,,,,,,,,,,,Unit,20,90717.0,,Lomita,Lomita,,,,,Office of Assessor,{ACEFC58B-12EB-48E9-98CC-7116B937ADA4},0,,ACEFC58B-12EB-48E9-98CC-7116B937ADA4,Unknown,,,,,Ave,Narbonne Ave,2024/05/12 21:11:39+00,26015 Narbonne Ave Unit 20 Lomita 90717,ACEFC58B-12EB-48E9-98CC-7116B937ADA4_26015_Narbonne_Ave_Unit_20_Lomita_90717,Narbonne,26015 Narbonne Avenue Ave Unit 20 Lomita 90717,,,,
10026,17744,,,,25904.0,,,,,,Pennsylvania,Avenue,,,,,,,,,,,Unit,E,90717.0,,Lomita,Lomita,,,,,Office of Assessor,{827BE1E6-C006-487B-B268-DCA19B805EBF},0,,827BE1E6-C006-487B-B268-DCA19B805EBF,Unknown,,,,,Ave,Pennsylvania Ave,2024/05/12 21:11:39+00,25904 Pennsylvania Ave Unit E Lomita 90717,827BE1E6-C006-487B-B268-DCA19B805EBF_25904_Pennsylvania_Ave_Unit_E_Lomita_90717,Pennsylvania,25904 Pennsylvania Avenue Ave Unit E Lomita 90717,,,,
10029,17760,,,,25915.0,,,,,,Avocado,Street,,,,,,,,,,,Unit,C,90717.0,,Lomita,Lomita,,,,,Office of Assessor,{9ED2B8D4-387F-4977-B443-3E11580D7F02},0,,9ED2B8D4-387F-4977-B443-3E11580D7F02,Unknown,,,,,St,Avocado St,2024/05/12 21:11:39+00,25915 Avocado St Unit C Lomita 90717,9ED2B8D4-387F-4977-B443-3E11580D7F02_25915_Avocado_St_Unit_C_Lomita_90717,Avocado,25915 Avocado Street St Unit C Lomita 90717,,,,
10033,17770,,,,26130.0,,,,,,Narbonne,Avenue,,,,,,,,,,,Unit,125,90717.0,,Lomita,Lomita,,,,,Office of Assessor,{54B908D5-805F-46C5-B194-F4CF5D22FE55},0,,54B908D5-805F-46C5-B194-F4CF5D22FE55,Unknown,,,,,Ave,Narbonne Ave,2024/05/12 21:11:39+00,26130 Narbonne Ave Unit 125 Lomita 90717,54B908D5-805F-46C5-B194-F4CF5D22FE55_26130_Narbonne_Ave_Unit_125_Lomita_90717,Narbonne,26130 Narbonne Avenue Ave Unit 125 Lomita 90717,,,,
10034,17772,,,,25900.0,,,,,,Oak,Street,,,,,,,,,,,Unit,109,90717.0,,Lomita,Lomita,,,,,Office of Assessor,{9F22E056-D77B-4F5B-BCB9-AAD1883219C8},0,,9F22E056-D77B-4F5B-BCB9-AAD1883219C8,Unknown,,,,,St,Oak St,2024/05/12 21:11:39+00,25900 Oak St Unit 109 Lomita 90717,9F22E056-D77B-4F5B-BCB9-AAD1883219C8_25900_Oak_St_Unit_109_Lomita_90717,Oak,25900 Oak Street St Unit 109 Lomita 90717,,,,
10039,17783,,,,25837.0,,,,,,Oak,Street,,,,,,,,,,,Unit,220,90717.0,,Lomita,Lomita,,,,,Office of Assessor,{279D4E60-9BA4-49CF-9845-EDF7D4F827D4},0,,279D4E60-9BA4-49CF-9845-EDF7D4F827D4,Unknown,,,,,St,Oak St,2024/05/12 21:11:39+00,25837 Oak St Unit 220 Lomita 90717,279D4E60-9BA4-49CF-9845-EDF7D4F827D4_25837_Oak_St_Unit_220_Lomita_90717,Oak,25837 Oak Street St Unit 220 Lomita 90717,,,,
10040,17784,,,,26120.0,,,,,,Narbonne,Avenue,,,,,,,,,,,Unit,B,90717.0,,Lomita,Lomita,,,,,Office of Assessor,{938F696F-85C8-46F3-9D82-EA0A6BCF834A},0,,938F696F-85C8-46F3-9D82-EA0A6BCF834A,Unknown,,,,,Ave,Narbonne Ave,2024/05/12 21:11:39+00,26120 Narbonne Ave Unit B Lomita 90717,938F696F-85C8-46F3-9D82-EA0A6BCF834A_26120_Narbonne_Ave_Unit_B_Lomita_90717,Narbonne,26120 Narbonne Avenue Ave Unit B Lomita 90717,,,,
10041,17785,,,,25837.0,,,,,,Oak,Street,,,,,,,,,,,Unit,106,90717.0,,Lomita,Lomita,,,,,Office of Assessor,{AC61BB00-8EB8-404F-8E6D-C014DDC9CA72},0,,AC61BB00-8EB8-404F-8E6D-C014DDC9CA72,Unknown,,,,,St,Oak St,2024/05/12 21:11:39+00,25837 Oak St Unit 106 Lomita 90717,AC61BB00-8EB8-404F-8E6D-C014DDC9CA72_25837_Oak_St_Unit_106_Lomita_90717,Oak,25837 Oak Street St Unit 106 Lomita 90717,,,,
10042,17786,,,,25930.0,,,,,,Narbonne,Avenue,,,,,,,,,,,Unit,137,90717.0,,Lomita,Lomita,,,,,Office of Assessor,{016F7F92-2F80-4970-B624-80A4A066AE24},0,,016F7F92-2F80-4970-B624-80A4A066AE24,Unknown,,,,,Ave,Narbonne Ave,2024/05/12 21:11:39+00,25930 Narbonne Ave Unit 137 Lomita 90717,016F7F92-2F80-4970-B624-80A4A066AE24_25930_Narbonne_Ave_Unit_137_Lomita_90717,Narbonne,25930 Narbonne Avenue Ave Unit 137 Lomita 90717,,,,
10043,17791,,,,2235.0,,,,,,241st,Street,,,,,,,,,,,Unit,4,90717.0,,Lomita,Lomita,,,,,Office of Assessor,{CDBB6B6B-1A30-4505-94E4-7BF6BCB3AE67},0,,CDBB6B6B-1A30-4505-94E4-7BF6BCB3AE67,Unknown,,,,,St,241st St,2024/05/12 21:11:39+00,2235 241st St Unit 4 Lomita 90717,CDBB6B6B-1A30-4505-94E4-7BF6BCB3AE67_2235_241st_St_Unit_4_Lomita_90717,241st,2235 241st Street St Unit 4 Lomita 90717,,,,
10044,17798,,,,26130.0,,,,,,Narbonne,Avenue,,,,,,,,,,,,,90717.0,,Lomita,Lomita,,,,,Office of Assessor,{8962EB26-8504-43D7-B5BA-349B84B9850E},0,,8962EB26-8504-43D7-B5BA-349B84B9850E,Unknown,,,,,Ave,Narbonne Ave,2024/05/12 21:11:39+00,26130 Narbonne Ave Lomita 90717,8962EB26-8504-43D7-B5BA-349B84B9850E_26130_Narbonne_Ave_Lomita_90717,Narbonne,26130 Narbonne Avenue Ave Lomita 90717,,,,
10045,17800,,,,26107.0,,,,,,Oak,Street,,,,,,,,,,,Unit,A,90717.0,,Lomita,Lomita,,,,,Office of Assessor,{DD49E24F-89C2-4DE0-B30E-3D48657B952F},0,,DD49E24F-89C2-4DE0-B30E-3D48657B952F,Unknown,,,,,St,Oak St,2024/05/12 21:11:39+00,26107 Oak St Unit A Lomita 90717,DD49E24F-89C2-4DE0-B30E-3D48657B952F_26107_Oak_St_Unit_A_Lomita_90717,Oak,26107 Oak Street St Unit A Lomita 90717,,,,
10052,17823,,,,24118.0,,,,,,Alliene,Avenue,,,,,,,,,,,Unit,3,90717.0,,Lomita,Lomita,,,,,Office of Assessor,{93A6A980-BF85-4443-934B-CB721F569581},0,,93A6A980-BF85-4443-934B-CB721F569581,Unknown,,,,,Ave,Alliene Ave,2024/05/12 21:11:39+00,24118 Alliene Ave Unit 3 Lomita 90717,93A6A980-BF85-4443-934B-CB721F569581_24118_Alliene_Ave_Unit_3_Lomita_90717,Alliene,24118 Alliene Avenue Ave Unit 3 Lomita 90717,,,,
10054,17829,,,,25925.0,,,,,,Narbonne,Avenue,,,,,,,,,,,Unit,9,90717.0,,Lomita,Lomita,,,,,Office of Assessor,{70A7E055-1C92-44D9-9AC2-7F9B67CAFF4A},0,,70A7E055-1C92-44D9-9AC2-7F9B67CAFF4A,Unknown,,,,,Ave,Narbonne Ave,2024/05/12 21:11:39+00,25925 Narbonne Ave Unit 9 Lomita 90717,70A7E055-1C92-44D9-9AC2-7F9B67CAFF4A_25925_Narbonne_Ave_Unit_9_Lomita_90717,Narbonne,25925 Narbonne Avenue Ave Unit 9 Lomita 90717,,,,
10057,17838,,,,2302.0,,,,,,241st,Street,,,,,,,,,,,,,90717.0,,Lomita,Lomita,,,,,Office of Assessor,{4602FDAA-C696-4EA8-96DE-44E4A1D5C69C},0,,4602FDAA-C696-4EA8-96DE-44E4A1D5C69C,Unknown,,,,,St,241st St,2024/05/12 21:11:39+00,2302 241st St Lomita 90717,4602FDAA-C696-4EA8-96DE-44E4A1D5C69C_2302_241st_St_Lomita_90717,241st,2302 241st Street St Lomita 90717,,,,
10060,17844,,,,25921.0,,,,,,Oak,Street,,,,,,,,,,,Unit,103,90717.0,,Lomita,Lomita,,,,,Office of Assessor,{FD789EEE-67FF-4048-9DE0-CB5F3CBEF5AA},0,,FD789EEE-67FF-4048-9DE0-CB5F3CBEF5AA,Unknown,,,,,St,Oak St,2024/05/12 21:11:39+00,25921 Oak St Unit 103 Lomita 90717,FD789EEE-67FF-4048-9DE0-CB5F3CBEF5AA_25921_Oak_St_Unit_103_Lomita_90717,Oak,25921 Oak Street St Unit 103 Lomita 90717,,,,
10061,17845,,,,26015.0,,,,,,Narbonne,Avenue,,,,,,,,,,,Apartment,14,90717.0,,Lomita,Lomita,,,,,Office of Assessor,{722C49AE-62D1-4854-9214-934DEBCEEB83},0,,722C49AE-62D1-4854-9214-934DEBCEEB83,Unknown,,,,,Ave,Narbonne Ave,2024/05/12 21:11:39+00,26015 Narbonne Ave Apartment 14 Lomita 90717,722C49AE-62D1-4854-9214-934DEBCEEB83_26015_Narbonne_Ave_Apartment_14_Lomita_90717,Narbonne,26015 Narbonne Avenue Ave Apartment 14 Lomita 90717,,,,
10065,17852,,,,25925.0,,,,,,Oak,Street,,,,,,,,,,,Unit,101,90717.0,,Lomita,Lomita,,,,,Office of Assessor,{EB0DA034-F6F0-4F11-9594-0AA27157D06C},0,,EB0DA034-F6F0-4F11-9594-0AA27157D06C,Unknown,,,,,St,Oak St,2024/05/12 21:11:39+00,25925 Oak St Unit 101 Lomita 90717,EB0DA034-F6F0-4F11-9594-0AA27157D06C_25925_Oak_St_Unit_101_Lomita_90717,Oak,25925 Oak Street St Unit 101 Lomita 90717,,,,
10066,17855,,,,25930.0,,,,,,Narbonne,Avenue,,,,,,,,,,,Unit,138,90717.0,,Lomita,Lomita,,,,,Office of Assessor,{1962B4C3-0914-4232-B6C9-02FFC949301A},0,,1962B4C3-0914-4232-B6C9-02FFC949301A,Unknown,,,,,Ave,Narbonne Ave,2024/05/12 21:11:39+00,25930 Narbonne Ave Unit 138 Lomita 90717,1962B4C3-0914-4232-B6C9-02FFC949301A_25930_Narbonne_Ave_Unit_138_Lomita_90717,Narbonne,25930 Narbonne Avenue Ave Unit 138 Lomita 90717,,,,
10067,17857,,,,25925.0,,,,,,Narbonne,Avenue,,,,,,,,,,,Unit,40,90717.0,,Lomita,Lomita,,,,,Office of Assessor,{FC28B4FA-148E-41B0-A81C-2693AFEA9382},0,,FC28B4FA-148E-41B0-A81C-2693AFEA9382,Unknown,,,,,Ave,Narbonne Ave,2024/05/12 21:11:39+00,25925 Narbonne Ave Unit 40 Lomita 90717,FC28B4FA-148E-41B0-A81C-2693AFEA9382_25925_Narbonne_Ave_Unit_40_Lomita_90717,Narbonne,25925 Narbonne Avenue Ave Unit 40 Lomita 90717,,,,
10069,17860,,,,24110.0,,,,,,Alliene,Avenue,,,,,,,,,,,Unit,1,90717.0,,Lomita,Lomita,,,,,Office of Assessor,{B6BEBD2A-6273-45F9-A2AF-883431BE46F4},0,,B6BEBD2A-6273-45F9-A2AF-883431BE46F4,Unknown,,,,,Ave,Alliene Ave,2024/05/12 21:11:39+00,24110 Alliene Ave Unit 1 Lomita 90717,B6BEBD2A-6273-45F9-A2AF-883431BE46F4_24110_Alliene_Ave_Unit_1_Lomita_90717,Alliene,24110 Alliene Avenue Ave Unit 1 Lomita 90717,,,,
10071,17864,,,,26130.0,,,,,,Narbonne,Avenue,,,,,,,,,,,Unit,123,90717.0,,Lomita,Lomita,,,,,Office of Assessor,{83CB8D1D-3B06-451E-A76B-458841C68573},0,,83CB8D1D-3B06-451E-A76B-458841C68573,Unknown,,,,,Ave,Narbonne Ave,2024/05/12 21:11:39+00,26130 Narbonne Ave Unit 123 Lomita 90717,83CB8D1D-3B06-451E-A76B-458841C68573_26130_Narbonne_Ave_Unit_123_Lomita_90717,Narbonne,26130 Narbonne Avenue Ave Unit 123 Lomita 90717,,,,
10072,17866,,,,2270.0,,,,,,241st,Street,,,,,,,,,,,Unit,4A,90717.0,,Lomita,Lomita,,,,,Office of Assessor,{236AE522-3F75-45A0-A826-62C5ED75ABA0},0,,236AE522-3F75-45A0-A826-62C5ED75ABA0,Unknown,,,,,St,241st St,2024/05/12 21:11:39+00,2270 241st St Unit 4A Lomita 90717,236AE522-3F75-45A0-A826-62C5ED75ABA0_2270_241st_St_Unit_4A_Lomita_90717,241st,2270 241st Street St Unit 4A Lomita 90717,,,,
10077,17880,,,,25921.0,,,,,,Oak,Street,,,,,,,,,,,Unit,102,90717.0,,Lomita,Lomita,,,,,Office of Assessor,{BA06FAF6-6D64-4B12-9808-A590CE908597},0,,BA06FAF6-6D64-4B12-9808-A590CE908597,Unknown,,,,,St,Oak St,2024/05/12 21:11:39+00,25921 Oak St Unit 102 Lomita 90717,BA06FAF6-6D64-4B12-9808-A590CE908597_25921_Oak_St_Unit_102_Lomita_90717,Oak,25921 Oak Street St Unit 102 Lomita 90717,,,,
10080,17897,,,,2110.0,,,,,,Palos Verdes,Drive,North,,,,,,,,,,Unit,108,90717.0,,Lomita,Lomita,,,,,Office of Assessor,{62674869-3DEB-414D-A2DB-E4359896811F},0,,62674869-3DEB-414D-A2DB-E4359896811F,Unknown,,,N,,Dr,Palos Verdes Dr N,2024/05/12 21:11:39+00,2110 Palos Verdes Dr N Unit 108 Lomita 90717,62674869-3DEB-414D-A2DB-E4359896811F_2110_Palos_Verdes_Dr_N_Unit_108_Lomita_90717,Palos Verdes,2110 Palos Verdes Drive Dr N Unit 108 Lomita 90717,,,,
10081,17907,,,,26015.0,,,,,,Narbonne,Avenue,,,,,,,,,,,Unit,4,90717.0,,Lomita,Lomita,,,,,Office of Assessor,{9CB504B4-B549-40DF-81E9-F6609369A76A},0,,9CB504B4-B549-40DF-81E9-F6609369A76A,Unknown,,,,,Ave,Narbonne Ave,2024/05/12 21:11:39+00,26015 Narbonne Ave Unit 4 Lomita 90717,9CB504B4-B549-40DF-81E9-F6609369A76A_26015_Narbonne_Ave_Unit_4_Lomita_90717,Narbonne,26015 Narbonne Avenue Ave Unit 4 Lomita 90717,,,,
10084,17921,,,,25925.0,,,,,,Oak,Street,,,,,,,,,,,Unit,113,90717.0,,Lomita,Lomita,,,,,Office of Assessor,{97EEA68D-EC81-40FE-B651-428BE695B80B},0,,97EEA68D-EC81-40FE-B651-428BE695B80B,Unknown,,,,,St,Oak St,2024/05/12 21:11:39+00,25925 Oak St Unit 113 Lomita 90717,97EEA68D-EC81-40FE-B651-428BE695B80B_25925_Oak_St_Unit_113_Lomita_90717,Oak,25925 Oak Street St Unit 113 Lomita 90717,,,,
10088,17938,,,,26116.0,,,,,,Narbonne,Avenue,,,,,,,,,,,Unit,K,90717.0,,Lomita,Lomita,,,,,Office of Assessor,{D1951238-38B1-4EFB-96C3-014E087924FE},0,,D1951238-38B1-4EFB-96C3-014E087924FE,Unknown,,,,,Ave,Narbonne Ave,2024/05/12 21:11:39+00,26116 Narbonne Ave Unit K Lomita 90717,D1951238-38B1-4EFB-96C3-014E087924FE_26116_Narbonne_Ave_Unit_K_Lomita_90717,Narbonne,26116 Narbonne Avenue Ave Unit K Lomita 90717,,,,
10091,17948,,,,26119.0,,,,,,Oak,Street,,,,,,,,,,,Unit,B,90717.0,,Lomita,Lomita,,,,,Office of Assessor,{5032EF37-5288-4CC5-805E-A6CA70476A34},0,,5032EF37-5288-4CC5-805E-A6CA70476A34,Unknown,,,,,St,Oak St,2024/05/12 21:11:39+00,26119 Oak St Unit B Lomita 90717,5032EF37-5288-4CC5-805E-A6CA70476A34_26119_Oak_St_Unit_B_Lomita_90717,Oak,26119 Oak Street St Unit B Lomita 90717,,,,
10092,17954,,,,25930.0,,,,,,Narbonne,Avenue,,,,,,,,,,,Unit,134,90717.0,,Lomita,Lomita,,,,,Office of Assessor,{0BFB9EDA-1D01-4EB8-8519-7167B9F6E607},0,,0BFB9EDA-1D01-4EB8-8519-7167B9F6E607,Unknown,,,,,Ave,Narbonne Ave,2024/05/12 21:11:39+00,25930 Narbonne Ave Unit 134 Lomita 90717,0BFB9EDA-1D01-4EB8-8519-7167B9F6E607_25930_Narbonne_Ave_Unit_134_Lomita_90717,Narbonne,25930 Narbonne Avenue Ave Unit 134 Lomita 90717,,,,
10093,17955,,,,25900.0,,,,,,Oak,Street,,,,,,,,,,,Unit,117,90717.0,,Lomita,Lomita,,,,,Office of Assessor,{7319CA6F-62E8-4F69-953B-81552A0F1108},0,,7319CA6F-62E8-4F69-953B-81552A0F1108,Unknown,,,,,St,Oak St,2024/05/12 21:11:39+00,25900 Oak St Unit 117 Lomita 90717,7319CA6F-62E8-4F69-953B-81552A0F1108_25900_Oak_St_Unit_117_Lomita_90717,Oak,25900 Oak Street St Unit 117 Lomita 90717,,,,
10094,17957,,,,26116.0,,,,,,Narbonne,Avenue,,,,,,,,,,,Unit,C,90717.0,,Lomita,Lomita,,,,,Office of Assessor,{B8BC30EF-54C6-4BF6-8688-BB7BEBEBFBF2},0,,B8BC30EF-54C6-4BF6-8688-BB7BEBEBFBF2,Unknown,,,,,Ave,Narbonne Ave,2024/05/12 21:11:39+00,26116 Narbonne Ave Unit C Lomita 90717,B8BC30EF-54C6-4BF6-8688-BB7BEBEBFBF2_26116_Narbonne_Ave_Unit_C_Lomita_90717,Narbonne,26116 Narbonne Avenue Ave Unit C Lomita 90717,,,,
10096,17966,,,,2333.0,,,,,,241st,Street,,,,,,,,,,,Unit,16,90717.0,,Lomita,Lomita,,,,,Office of Assessor,{7062C7FA-5FEA-4CD9-A9AC-BEA8EE34B580},0,,7062C7FA-5FEA-4CD9-A9AC-BEA8EE34B580,Unknown,,,,,St,241st St,2024/05/12 21:11:39+00,2333 241st St Unit 16 Lomita 90717,7062C7FA-5FEA-4CD9-A9AC-BEA8EE34B580_2333_241st_St_Unit_16_Lomita_90717,241st,2333 241st Street St Unit 16 Lomita 90717,,,,
10097,17975,,,,26120.0,,,,,,Narbonne,Avenue,,,,,,,,,,,Unit,C,90717.0,,Lomita,Lomita,,,,,Office of Assessor,{A55E8C9F-1E17-4D3B-8449-9B1DA7FF9D9B},0,,A55E8C9F-1E17-4D3B-8449-9B1DA7FF9D9B,Unknown,,,,,Ave,Narbonne Ave,2024/05/12 21:11:39+00,26120 Narbonne Ave Unit C Lomita 90717,A55E8C9F-1E17-4D3B-8449-9B1DA7FF9D9B_26120_Narbonne_Ave_Unit_C_Lomita_90717,Narbonne,26120 Narbonne Avenue Ave Unit C Lomita 90717,,,,
10099,17982,,,,25837.0,,,,,,Oak,Street,,,,,,,,,,,Unit,108,90717.0,,Lomita,Lomita,,,,,Office of Assessor,{7343C9AC-E69E-4F55-80CA-3D14148F2C56},0,,7343C9AC-E69E-4F55-80CA-3D14148F2C56,Unknown,,,,,St,Oak St,2024/05/12 21:11:39+00,25837 Oak St Unit 108 Lomita 90717,7343C9AC-E69E-4F55-80CA-3D14148F2C56_25837_Oak_St_Unit_108_Lomita_90717,Oak,25837 Oak Street St Unit 108 Lomita 90717,,,,
10103,17996,,,,25837.0,,,,,,Oak,Street,,,,,,,,,,,Unit,208,90717.0,,Lomita,Lomita,,,,,Office of Assessor,{F1044625-FD65-44F5-8C86-ACFF024C5562},0,,F1044625-FD65-44F5-8C86-ACFF024C5562,Unknown,,,,,St,Oak St,2024/05/12 21:11:39+00,25837 Oak St Unit 208 Lomita 90717,F1044625-FD65-44F5-8C86-ACFF024C5562_25837_Oak_St_Unit_208_Lomita_90717,Oak,25837 Oak Street St Unit 208 Lomita 90717,,,,
10104,17999,,,,25915.0,,,,,,Avocado,Street,,,,,,,,,,,Unit,B,90717.0,,Lomita,Lomita,,,,,Office of Assessor,{D29F4520-AA71-43B1-8E58-BDD3DD750525},0,,D29F4520-AA71-43B1-8E58-BDD3DD750525,Unknown,,,,,St,Avocado St,2024/05/12 21:11:39+00,25915 Avocado St Unit B Lomita 90717,D29F4520-AA71-43B1-8E58-BDD3DD750525_25915_Avocado_St_Unit_B_Lomita_90717,Avocado,25915 Avocado Street St Unit B Lomita 90717,,,,
10105,18002,,,,25925.0,,,,,,Narbonne,Avenue,,,,,,,,,,,Unit,16,90717.0,,Lomita,Lomita,,,,,Office of Assessor,{C5E0DBA0-D966-4B01-9F38-88CB565F856E},0,,C5E0DBA0-D966-4B01-9F38-88CB565F856E,Unknown,,,,,Ave,Narbonne Ave,2024/05/12 21:11:39+00,25925 Narbonne Ave Unit 16 Lomita 90717,C5E0DBA0-D966-4B01-9F38-88CB565F856E_25925_Narbonne_Ave_Unit_16_Lomita_90717,Narbonne,25925 Narbonne Avenue Ave Unit 16 Lomita 90717,,,,
10106,18004,,,,25930.0,,,,,,Narbonne,Avenue,,,,,,,,,,,Unit,133,90717.0,,Lomita,Lomita,,,,,Office of Assessor,{CBCE6D98-3383-4CDE-9CAF-E5BB7BC95A5D},0,,CBCE6D98-3383-4CDE-9CAF-E5BB7BC95A5D,Unknown,,,,,Ave,Narbonne Ave,2024/05/12 21:11:39+00,25930 Narbonne Ave Unit 133 Lomita 90717,CBCE6D98-3383-4CDE-9CAF-E5BB7BC95A5D_25930_Narbonne_Ave_Unit_133_Lomita_90717,Narbonne,25930 Narbonne Avenue Ave Unit 133 Lomita 90717,,,,
10109,18014,,,,25925.0,,,,,,Narbonne,Avenue,,,,,,,,,,,Unit,13,90717.0,,Lomita,Lomita,,,,,Office of Assessor,{B8B9171A-A242-41BE-9A87-51E15537A27A},0,,B8B9171A-A242-41BE-9A87-51E15537A27A,Unknown,,,,,Ave,Narbonne Ave,2024/05/12 21:11:39+00,25925 Narbonne Ave Unit 13 Lomita 90717,B8B9171A-A242-41BE-9A87-51E15537A27A_25925_Narbonne_Ave_Unit_13_Lomita_90717,Narbonne,25925 Narbonne Avenue Ave Unit 13 Lomita 90717,,,,
10111,18020,,,,25837.0,,,,,,Oak,Street,,,,,,,,,,,Unit,107,90717.0,,Lomita,Lomita,,,,,Office of Assessor,{0F9918D8-3A3F-4057-9675-36DC70A9AA0C},0,,0F9918D8-3A3F-4057-9675-36DC70A9AA0C,Unknown,,,,,St,Oak St,2024/05/12 21:11:39+00,25837 Oak St Unit 107 Lomita 90717,0F9918D8-3A3F-4057-9675-36DC70A9AA0C_25837_Oak_St_Unit_107_Lomita_90717,Oak,25837 Oak Street St Unit 107 Lomita 90717,,,,
10112,18023,,,,25925.0,,,,,,Narbonne,Avenue,,,,,,,,,,,Unit,31,90717.0,,Lomita,Lomita,,,,,Office of Assessor,{FF566DE4-7826-4DA4-8FC5-4D8F3401318C},0,,FF566DE4-7826-4DA4-8FC5-4D8F3401318C,Unknown,,,,,Ave,Narbonne Ave,2024/05/12 21:11:39+00,25925 Narbonne Ave Unit 31 Lomita 90717,FF566DE4-7826-4DA4-8FC5-4D8F3401318C_25925_Narbonne_Ave_Unit_31_Lomita_90717,Narbonne,25925 Narbonne Avenue Ave Unit 31 Lomita 90717,,,,
10113,18025,,,,2333.0,,,,,,241st,Street,,,,,,,,,,,Unit,18,90717.0,,Lomita,Lomita,,,,,Office of Assessor,{EAC03E9E-32AB-4BA9-9AE6-5F201A71BC33},0,,EAC03E9E-32AB-4BA9-9AE6-5F201A71BC33,Unknown,,,,,St,241st St,2024/05/12 21:11:39+00,2333 241st St Unit 18 Lomita 90717,EAC03E9E-32AB-4BA9-9AE6-5F201A71BC33_2333_241st_St_Unit_18_Lomita_90717,241st,2333 241st Street St Unit 18 Lomita 90717,,,,
10116,18045,,,,25900.0,,,,,,Oak,Street,,,,,,,,,,,Unit,119,90717.0,,Lomita,Lomita,,,,,Office of Assessor,{5926530B-D1CD-4917-817A-3392FD9A46C7},0,,5926530B-D1CD-4917-817A-3392FD9A46C7,Unknown,,,,,St,Oak St,2024/05/12 21:11:39+00,25900 Oak St Unit 119 Lomita 90717,5926530B-D1CD-4917-817A-3392FD9A46C7_25900_Oak_St_Unit_119_Lomita_90717,Oak,25900 Oak Street St Unit 119 Lomita 90717,,,,
10117,18054,,,,25905.0,,,,,,Narbonne,Avenue,,,,,,,,,,,,,90717.0,,Lomita,Lomita,,,,,Office of Assessor,{607C2F90-D788-408B-AFC6-64E8180C179E},0,,607C2F90-D788-408B-AFC6-64E8180C179E,Unknown,,,,,Ave,Narbonne Ave,2024/05/12 21:11:39+00,25905 Narbonne Ave Lomita 90717,607C2F90-D788-408B-AFC6-64E8180C179E_25905_Narbonne_Ave_Lomita_90717,Narbonne,25905 Narbonne Avenue Ave Lomita 90717,,,,
10120,18063,,,,25837.0,,,,,,Oak,Street,,,,,,,,,,,Unit,101,90717.0,,Lomita,Lomita,,,,,Office of Assessor,{9F34C7C6-2930-41B9-B13D-1EEB373D856C},0,,9F34C7C6-2930-41B9-B13D-1EEB373D856C,Unknown,,,,,St,Oak St,2024/05/12 21:11:39+00,25837 Oak St Unit 101 Lomita 90717,9F34C7C6-2930-41B9-B13D-1EEB373D856C_25837_Oak_St_Unit_101_Lomita_90717,Oak,25837 Oak Street St Unit 101 Lomita 90717,,,,
10121,18064,,,,26116.0,,,,,,Narbonne,Avenue,,,,,,,,,,,Unit,A,90717.0,,Lomita,Lomita,,,,,Office of Assessor,{F7C953CA-36E8-4927-AE30-E870C4009849},0,,F7C953CA-36E8-4927-AE30-E870C4009849,Unknown,,,,,Ave,Narbonne Ave,2024/05/12 21:11:39+00,26116 Narbonne Ave Unit A Lomita 90717,F7C953CA-36E8-4927-AE30-E870C4009849_26116_Narbonne_Ave_Unit_A_Lomita_90717,Narbonne,26116 Narbonne Avenue Ave Unit A Lomita 90717,,,,
10124,18075,,,,25960.0,,,,,,Eshelman,Avenue,,,,,,,,,,,,,90717.0,,Lomita,Lomita,,,,,Office of Assessor,{D6812000-147B-4739-8929-88258CB1F920},0,,D6812000-147B-4739-8929-88258CB1F920,Unknown,,,,,Ave,Eshelman Ave,2024/05/12 21:11:39+00,25960 Eshelman Ave Lomita 90717,D6812000-147B-4739-8929-88258CB1F920_25960_Eshelman_Ave_Lomita_90717,Eshelman,25960 Eshelman Avenue Ave Lomita 90717,,,,
10125,18076,,,,25917.0,,,,,,Cypress,Street,,,,,,,,,,,,,90717.0,,Lomita,Lomita,,,,,Office of Assessor,{F1EFB69E-118F-4E22-8394-E997AC83CCE1},0,,F1EFB69E-118F-4E22-8394-E997AC83CCE1,Unknown,,,,,St,Cypress St,2024/05/12 21:11:39+00,25917 Cypress St Lomita 90717,F1EFB69E-118F-4E22-8394-E997AC83CCE1_25917_Cypress_St_Lomita_90717,Cypress,25917 Cypress Street St Lomita 90717,,,,
10128,18080,,,,25930.0,,,,,,Narbonne,Avenue,,,,,,,,,,,Unit,142,90717.0,,Lomita,Lomita,,,,,Office of Assessor,{DF0B239A-A3FB-4622-B4BE-801E988E2941},0,,DF0B239A-A3FB-4622-B4BE-801E988E2941,Unknown,,,,,Ave,Narbonne Ave,2024/05/12 21:11:39+00,25930 Narbonne Ave Unit 142 Lomita 90717,DF0B239A-A3FB-4622-B4BE-801E988E2941_25930_Narbonne_Ave_Unit_142_Lomita_90717,Narbonne,25930 Narbonne Avenue Ave Unit 142 Lomita 90717,,,,
10129,18081,,,,26120.0,,,,,,Narbonne,Avenue,,,,,,,,,,,Unit,I,90717.0,,Lomita,Lomita,,,,,Office of Assessor,{D4D9D436-0278-4CC2-B209-64E51A56DDFC},0,,D4D9D436-0278-4CC2-B209-64E51A56DDFC,Unknown,,,,,Ave,Narbonne Ave,2024/05/12 21:11:39+00,26120 Narbonne Ave Unit I Lomita 90717,D4D9D436-0278-4CC2-B209-64E51A56DDFC_26120_Narbonne_Ave_Unit_I_Lomita_90717,Narbonne,26120 Narbonne Avenue Ave Unit I Lomita 90717,,,,
10144,18136,,,,26120.0,,,,,,Narbonne,Avenue,,,,,,,,,,,Unit,A,90717.0,,Lomita,Lomita,,,,,Office of Assessor,{C24B84FF-D54C-45AD-B22D-4680FD53C141},0,,C24B84FF-D54C-45AD-B22D-4680FD53C141,Unknown,,,,,Ave,Narbonne Ave,2024/05/12 21:11:39+00,26120 Narbonne Ave Unit A Lomita 90717,C24B84FF-D54C-45AD-B22D-4680FD53C141_26120_Narbonne_Ave_Unit_A_Lomita_90717,Narbonne,26120 Narbonne Avenue Ave Unit A Lomita 90717,,,,
10145,18137,,,,25921.0,,,,,,Oak,Street,,,,,,,,,,,Unit,209,90717.0,,Lomita,Lomita,,,,,Office of Assessor,{42B447CE-D437-4638-9338-B05BED4B34B5},0,,42B447CE-D437-4638-9338-B05BED4B34B5,Unknown,,,,,St,Oak St,2024/05/12 21:11:39+00,25921 Oak St Unit 209 Lomita 90717,42B447CE-D437-4638-9338-B05BED4B34B5_25921_Oak_St_Unit_209_Lomita_90717,Oak,25921 Oak Street St Unit 209 Lomita 90717,,,,
10147,18147,,,,2333.0,,,,,,241st,Street,,,,,,,,,,,Unit,21,90717.0,,Lomita,Lomita,,,,,Office of Assessor,{72ADE6EB-5E9B-4D3C-93B2-37FCF44EE069},0,,72ADE6EB-5E9B-4D3C-93B2-37FCF44EE069,Unknown,,,,,St,241st St,2024/05/12 21:11:39+00,2333 241st St Unit 21 Lomita 90717,72ADE6EB-5E9B-4D3C-93B2-37FCF44EE069_2333_241st_St_Unit_21_Lomita_90717,241st,2333 241st Street St Unit 21 Lomita 90717,,,,
10151,18153,,,,26015.0,,,,,,Narbonne,Avenue,,,,,,,,,,,Apartment,15,90717.0,,Lomita,Lomita,,,,,Office of Assessor,{750F365D-A526-41E3-A509-946A279E00B7},0,,750F365D-A526-41E3-A509-946A279E00B7,Unknown,,,,,Ave,Narbonne Ave,2024/05/12 21:11:39+00,26015 Narbonne Ave Apartment 15 Lomita 90717,750F365D-A526-41E3-A509-946A279E00B7_26015_Narbonne_Ave_Apartment_15_Lomita_90717,Narbonne,26015 Narbonne Avenue Ave Apartment 15 Lomita 90717,,,,
10152,18161,,,,2333.0,,,,,,241st,Street,,,,,,,,,,,Unit,2,90717.0,,Lomita,Lomita,,,,,Office of Assessor,{A83A9670-9F4A-4FE9-BA8A-3A17A86DD63E},0,,A83A9670-9F4A-4FE9-BA8A-3A17A86DD63E,Unknown,,,,,St,241st St,2024/05/12 21:11:39+00,2333 241st St Unit 2 Lomita 90717,A83A9670-9F4A-4FE9-BA8A-3A17A86DD63E_2333_241st_St_Unit_2_Lomita_90717,241st,2333 241st Street St Unit 2 Lomita 90717,,,,
10154,18167,,,,1852.0,,,,,,Lomita,Boulevard,,,,,,,,,,,Unit,202,90717.0,,Lomita,Lomita,,,,,Office of Assessor,{4DED7465-7F4A-4B0B-82F7-AA907D2B90BA},0,,4DED7465-7F4A-4B0B-82F7-AA907D2B90BA,Unknown,,,,,Blvd,Lomita Blvd,2024/05/12 21:11:39+00,1852 Lomita Blvd Unit 202 Lomita 90717,4DED7465-7F4A-4B0B-82F7-AA907D2B90BA_1852_Lomita_Blvd_Unit_202_Lomita_90717,Lomita,1852 Lomita Boulevard Blvd Unit 202 Lomita 90717,,,,
10156,18169,,,,25837.0,,,,,,Oak,Street,,,,,,,,,,,Unit,124,90717.0,,Lomita,Lomita,,,,,Office of Assessor,{5551EE99-1599-45ED-BF36-D469290CF196},0,,5551EE99-1599-45ED-BF36-D469290CF196,Unknown,,,,,St,Oak St,2024/05/12 21:11:39+00,25837 Oak St Unit 124 Lomita 90717,5551EE99-1599-45ED-BF36-D469290CF196_25837_Oak_St_Unit_124_Lomita_90717,Oak,25837 Oak Street St Unit 124 Lomita 90717,,,,
10157,18170,,,,25925.0,,,,,,Oak,Street,,,,,,,,,,,Unit,116,90717.0,,Lomita,Lomita,,,,,Office of Assessor,{1FD29077-8877-42F9-82C8-6D1410EBC0D6},0,,1FD29077-8877-42F9-82C8-6D1410EBC0D6,Unknown,,,,,St,Oak St,2024/05/12 21:11:39+00,25925 Oak St Unit 116 Lomita 90717,1FD29077-8877-42F9-82C8-6D1410EBC0D6_25925_Oak_St_Unit_116_Lomita_90717,Oak,25925 Oak Street St Unit 116 Lomita 90717,,,,
10158,18172,,,,25921.0,,,,,,Oak,Street,,,,,,,,,,,Unit,207,90717.0,,Lomita,Lomita,,,,,Office of Assessor,{0668DB34-8AB3-4562-BCE7-2D700B6A121E},0,,0668DB34-8AB3-4562-BCE7-2D700B6A121E,Unknown,,,,,St,Oak St,2024/05/12 21:11:39+00,25921 Oak St Unit 207 Lomita 90717,0668DB34-8AB3-4562-BCE7-2D700B6A121E_25921_Oak_St_Unit_207_Lomita_90717,Oak,25921 Oak Street St Unit 207 Lomita 90717,,,,
10159,18173,,,,25830.0,,,,,,Oak,Street,,,,,,,,,,,Unit,6,90717.0,,Lomita,Lomita,,,,,Office of Assessor,{DAF25F30-7046-47B1-9F0F-A203CCB12C15},0,,DAF25F30-7046-47B1-9F0F-A203CCB12C15,Unknown,,,,,St,Oak St,2024/05/12 21:11:39+00,25830 Oak St Unit 6 Lomita 90717,DAF25F30-7046-47B1-9F0F-A203CCB12C15_25830_Oak_St_Unit_6_Lomita_90717,Oak,25830 Oak Street St Unit 6 Lomita 90717,,,,
10162,18178,,,,25839.0,,,,,,Cypress,Street,,,,,,,,,,,Unit,B,90717.0,,Lomita,Lomita,,,,,Office of Assessor,{A2296C3E-F297-4C25-A781-135FF500F3EA},0,,A2296C3E-F297-4C25-A781-135FF500F3EA,Unknown,,,,,St,Cypress St,2024/05/12 21:11:39+00,25839 Cypress St Unit B Lomita 90717,A2296C3E-F297-4C25-A781-135FF500F3EA_25839_Cypress_St_Unit_B_Lomita_90717,Cypress,25839 Cypress Street St Unit B Lomita 90717,,,,
10163,18181,,,,25925.0,,,,,,Narbonne,Avenue,,,,,,,,,,,Unit,15,90717.0,,Lomita,Lomita,,,,,Office of Assessor,{066A46C8-A45E-44CB-9573-DE06165C38BD},0,,066A46C8-A45E-44CB-9573-DE06165C38BD,Unknown,,,,,Ave,Narbonne Ave,2024/05/12 21:11:39+00,25925 Narbonne Ave Unit 15 Lomita 90717,066A46C8-A45E-44CB-9573-DE06165C38BD_25925_Narbonne_Ave_Unit_15_Lomita_90717,Narbonne,25925 Narbonne Avenue Ave Unit 15 Lomita 90717,,,,
10164,18182,,,,25925.0,,,,,,Narbonne,Avenue,,,,,,,,,,,Unit,29,90717.0,,Lomita,Lomita,,,,,Office of Assessor,{95A1DB4A-B0F6-49A3-B67F-51446F120D83},0,,95A1DB4A-B0F6-49A3-B67F-51446F120D83,Unknown,,,,,Ave,Narbonne Ave,2024/05/12 21:11:39+00,25925 Narbonne Ave Unit 29 Lomita 90717,95A1DB4A-B0F6-49A3-B67F-51446F120D83_25925_Narbonne_Ave_Unit_29_Lomita_90717,Narbonne,25925 Narbonne Avenue Ave Unit 29 Lomita 90717,,,,
10165,18186,,,,25925.0,,,,,,Narbonne,Avenue,,,,,,,,,,,Unit,4,90717.0,,Lomita,Lomita,,,,,Office of Assessor,{2F5B4141-5373-4CC4-973F-2F2E306F338E},0,,2F5B4141-5373-4CC4-973F-2F2E306F338E,Unknown,,,,,Ave,Narbonne Ave,2024/05/12 21:11:39+00,25925 Narbonne Ave Unit 4 Lomita 90717,2F5B4141-5373-4CC4-973F-2F2E306F338E_25925_Narbonne_Ave_Unit_4_Lomita_90717,Narbonne,25925 Narbonne Avenue Ave Unit 4 Lomita 90717,,,,
10167,18192,,,,25925.0,,,,,,Narbonne,Avenue,,,,,,,,,,,Apartment,3,90717.0,,Lomita,Lomita,,,,,Office of Assessor,{AD42076C-8521-4D87-9480-BF280722ED83},0,,AD42076C-8521-4D87-9480-BF280722ED83,Unknown,,,,,Ave,Narbonne Ave,2024/05/12 21:11:39+00,25925 Narbonne Ave Apartment 3 Lomita 90717,AD42076C-8521-4D87-9480-BF280722ED83_25925_Narbonne_Ave_Apartment_3_Lomita_90717,Narbonne,25925 Narbonne Avenue Ave Apartment 3 Lomita 90717,,,,
10174,18215,,,,25972.0,,,,,,Eshelman,Avenue,,,,,,,,,,,,,90717.0,,Lomita,Lomita,,,,,Office of Assessor,{CE1D9064-4C0C-4032-9CAF-C8F604C981B0},0,,CE1D9064-4C0C-4032-9CAF-C8F604C981B0,Unknown,,,,,Ave,Eshelman Ave,2024/05/12 21:11:39+00,25972 Eshelman Ave Lomita 90717,CE1D9064-4C0C-4032-9CAF-C8F604C981B0_25972_Eshelman_Ave_Lomita_90717,Eshelman,25972 Eshelman Avenue Ave Lomita 90717,,,,
10178,18220,,,,25830.0,,,,,,Oak,Street,,,,,,,,,,,Unit,2,90717.0,,Lomita,Lomita,,,,,Office of Assessor,{C20E2464-F6B7-47A1-8561-3B583C0BAEAC},0,,C20E2464-F6B7-47A1-8561-3B583C0BAEAC,Unknown,,,,,St,Oak St,2024/05/12 21:11:39+00,25830 Oak St Unit 2 Lomita 90717,C20E2464-F6B7-47A1-8561-3B583C0BAEAC_25830_Oak_St_Unit_2_Lomita_90717,Oak,25830 Oak Street St Unit 2 Lomita 90717,,,,
10181,18231,,,,25900.0,,,,,,Oak,Street,,,,,,,,,,,Unit,106,90717.0,,Lomita,Lomita,,,,,Office of Assessor,{3E63B7E3-545C-4267-8EE1-40F9CEC0C83C},0,,3E63B7E3-545C-4267-8EE1-40F9CEC0C83C,Unknown,,,,,St,Oak St,2024/05/12 21:11:39+00,25900 Oak St Unit 106 Lomita 90717,3E63B7E3-545C-4267-8EE1-40F9CEC0C83C_25900_Oak_St_Unit_106_Lomita_90717,Oak,25900 Oak Street St Unit 106 Lomita 90717,,,,
10183,18239,,,,24112.0,,,,,,Alliene,Avenue,,,,,,,,,,,,,90717.0,,Lomita,Lomita,,,,,Office of Assessor,{DEA957C4-0CAD-4D4A-9E2E-55A7A743E17B},0,,DEA957C4-0CAD-4D4A-9E2E-55A7A743E17B,Unknown,,,,,Ave,Alliene Ave,2024/05/12 21:11:39+00,24112 Alliene Ave Lomita 90717,DEA957C4-0CAD-4D4A-9E2E-55A7A743E17B_24112_Alliene_Ave_Lomita_90717,Alliene,24112 Alliene Avenue Ave Lomita 90717,,,,
10184,18242,,,,25900.0,,,,,,Oak,Street,,,,,,,,,,,Unit,107,90717.0,,Lomita,Lomita,,,,,Office of Assessor,{1A9D3375-446A-454D-8CF9-47E92748DF71},0,,1A9D3375-446A-454D-8CF9-47E92748DF71,Unknown,,,,,St,Oak St,2024/05/12 21:11:39+00,25900 Oak St Unit 107 Lomita 90717,1A9D3375-446A-454D-8CF9-47E92748DF71_25900_Oak_St_Unit_107_Lomita_90717,Oak,25900 Oak Street St Unit 107 Lomita 90717,,,,
10185,18244,,,,25930.0,,,,,,Narbonne,Avenue,,,,,,,,,,,Unit,127,90717.0,,Lomita,Lomita,,,,,Office of Assessor,{C74A2C33-627B-488B-866F-7E17FC779878},0,,C74A2C33-627B-488B-866F-7E17FC779878,Unknown,,,,,Ave,Narbonne Ave,2024/05/12 21:11:39+00,25930 Narbonne Ave Unit 127 Lomita 90717,C74A2C33-627B-488B-866F-7E17FC779878_25930_Narbonne_Ave_Unit_127_Lomita_90717,Narbonne,25930 Narbonne Avenue Ave Unit 127 Lomita 90717,,,,
10187,18247,,,,2333.0,,,,,,241st,Street,,,,,,,,,,,Unit,3,90717.0,,Lomita,Lomita,,,,,Office of Assessor,{FEFB13D3-8DD0-41D5-9D8E-8C191D04BD97},0,,FEFB13D3-8DD0-41D5-9D8E-8C191D04BD97,Unknown,,,,,St,241st St,2024/05/12 21:11:39+00,2333 241st St Unit 3 Lomita 90717,FEFB13D3-8DD0-41D5-9D8E-8C191D04BD97_2333_241st_St_Unit_3_Lomita_90717,241st,2333 241st Street St Unit 3 Lomita 90717,,,,
10188,18248,,,,25970.0,,,,,,Eshelman,Avenue,,,,,,,,,,,,,90717.0,,Lomita,Lomita,,,,,Office of Assessor,{6531CFDC-BE28-4795-BEAE-EE9627948BB7},0,,6531CFDC-BE28-4795-BEAE-EE9627948BB7,Unknown,,,,,Ave,Eshelman Ave,2024/05/12 21:11:39+00,25970 Eshelman Ave Lomita 90717,6531CFDC-BE28-4795-BEAE-EE9627948BB7_25970_Eshelman_Ave_Lomita_90717,Eshelman,25970 Eshelman Avenue Ave Lomita 90717,,,,
10189,18251,,,,25830.0,,,,,,Oak,Street,,,,,,,,,,,Unit,1,90717.0,,Lomita,Lomita,,,,,Office of Assessor,{52D77CEC-79CD-4564-AC19-D57D6EFA68FC},0,,52D77CEC-79CD-4564-AC19-D57D6EFA68FC,Unknown,,,,,St,Oak St,2024/05/12 21:11:39+00,25830 Oak St Unit 1 Lomita 90717,52D77CEC-79CD-4564-AC19-D57D6EFA68FC_25830_Oak_St_Unit_1_Lomita_90717,Oak,25830 Oak Street St Unit 1 Lomita 90717,,,,
10190,18253,,,,25930.0,,,,,,Narbonne,Avenue,,,,,,,,,,,Unit,104,90717.0,,Lomita,Lomita,,,,,Office of Assessor,{BDD44DEC-CECA-4D7F-9DF6-0DEBDA70DAC3},0,,BDD44DEC-CECA-4D7F-9DF6-0DEBDA70DAC3,Unknown,,,,,Ave,Narbonne Ave,2024/05/12 21:11:39+00,25930 Narbonne Ave Unit 104 Lomita 90717,BDD44DEC-CECA-4D7F-9DF6-0DEBDA70DAC3_25930_Narbonne_Ave_Unit_104_Lomita_90717,Narbonne,25930 Narbonne Avenue Ave Unit 104 Lomita 90717,,,,
10191,18255,,,,25905.0,,,,,,Narbonne,Avenue,,,,,,,,,,,Unit,15,90717.0,,Lomita,Lomita,,,,,Office of Assessor,{F500B343-740E-4A69-90AE-6B57CC190D76},0,,F500B343-740E-4A69-90AE-6B57CC190D76,Unknown,,,,,Ave,Narbonne Ave,2024/05/12 21:11:39+00,25905 Narbonne Ave Unit 15 Lomita 90717,F500B343-740E-4A69-90AE-6B57CC190D76_25905_Narbonne_Ave_Unit_15_Lomita_90717,Narbonne,25905 Narbonne Avenue Ave Unit 15 Lomita 90717,,,,
10199,18286,,,,26130.0,,,,,,Narbonne,Avenue,,,,,,,,,,,Unit,118,90717.0,,Lomita,Lomita,,,,,Office of Assessor,{9C89E182-EBF9-426C-80F9-E1F81C184F6E},0,,9C89E182-EBF9-426C-80F9-E1F81C184F6E,Unknown,,,,,Ave,Narbonne Ave,2024/05/12 21:11:39+00,26130 Narbonne Ave Unit 118 Lomita 90717,9C89E182-EBF9-426C-80F9-E1F81C184F6E_26130_Narbonne_Ave_Unit_118_Lomita_90717,Narbonne,26130 Narbonne Avenue Ave Unit 118 Lomita 90717,,,,
10201,18289,,,,25837.0,,,,,,Oak,Street,,,,,,,,,,,Unit,110,90717.0,,Lomita,Lomita,,,,,Office of Assessor,{D493632A-483A-4CC9-B8D8-B827B7D49D8F},0,,D493632A-483A-4CC9-B8D8-B827B7D49D8F,Unknown,,,,,St,Oak St,2024/05/12 21:11:39+00,25837 Oak St Unit 110 Lomita 90717,D493632A-483A-4CC9-B8D8-B827B7D49D8F_25837_Oak_St_Unit_110_Lomita_90717,Oak,25837 Oak Street St Unit 110 Lomita 90717,,,,
10202,18290,,,,2110.0,,,,,,Palos Verdes,Drive,North,,,,,,,,,,Unit,107,90717.0,,Lomita,Lomita,,,,,Office of Assessor,{F1904863-0F27-4EF9-BDD4-478D781A2FAC},0,,F1904863-0F27-4EF9-BDD4-478D781A2FAC,Unknown,,,N,,Dr,Palos Verdes Dr N,2024/05/12 21:11:39+00,2110 Palos Verdes Dr N Unit 107 Lomita 90717,F1904863-0F27-4EF9-BDD4-478D781A2FAC_2110_Palos_Verdes_Dr_N_Unit_107_Lomita_90717,Palos Verdes,2110 Palos Verdes Drive Dr N Unit 107 Lomita 90717,,,,
10205,18296,,,,26130.0,,,,,,Narbonne,Avenue,,,,,,,,,,,Unit,132,90717.0,,Lomita,Lomita,,,,,Office of Assessor,{123C0929-235F-40F9-89BA-4735B0CBD59D},0,,123C0929-235F-40F9-89BA-4735B0CBD59D,Unknown,,,,,Ave,Narbonne Ave,2024/05/12 21:11:39+00,26130 Narbonne Ave Unit 132 Lomita 90717,123C0929-235F-40F9-89BA-4735B0CBD59D_26130_Narbonne_Ave_Unit_132_Lomita_90717,Narbonne,26130 Narbonne Avenue Ave Unit 132 Lomita 90717,,,,
10210,18305,,,,25925.0,,,,,,Narbonne,Avenue,,,,,,,,,,,Unit,5,90717.0,,Lomita,Lomita,,,,,Office of Assessor,{74BFFA42-035E-40A9-8714-DB4C06854A23},0,,74BFFA42-035E-40A9-8714-DB4C06854A23,Unknown,,,,,Ave,Narbonne Ave,2024/05/12 21:11:39+00,25925 Narbonne Ave Unit 5 Lomita 90717,74BFFA42-035E-40A9-8714-DB4C06854A23_25925_Narbonne_Ave_Unit_5_Lomita_90717,Narbonne,25925 Narbonne Avenue Ave Unit 5 Lomita 90717,,,,
10220,18347,,,,26130.0,,,,,,Narbonne,Avenue,,,,,,,,,,,Unit,110,90717.0,,Lomita,Lomita,,,,,Office of Assessor,{DAE21DBE-A53D-4A72-991D-FAE7ABE06286},0,,DAE21DBE-A53D-4A72-991D-FAE7ABE06286,Unknown,,,,,Ave,Narbonne Ave,2024/05/12 21:11:39+00,26130 Narbonne Ave Unit 110 Lomita 90717,DAE21DBE-A53D-4A72-991D-FAE7ABE06286_26130_Narbonne_Ave_Unit_110_Lomita_90717,Narbonne,26130 Narbonne Avenue Ave Unit 110 Lomita 90717,,,,
10221,18349,,,,24122.0,,,,,,Alliene,Avenue,,,,,,,,,,,Unit,1,90717.0,,Lomita,Lomita,,,,,Office of Assessor,{01BFFCB6-9BA3-458F-8DB9-E85ACECCA115},0,,01BFFCB6-9BA3-458F-8DB9-E85ACECCA115,Unknown,,,,,Ave,Alliene Ave,2024/05/12 21:11:39+00,24122 Alliene Ave Unit 1 Lomita 90717,01BFFCB6-9BA3-458F-8DB9-E85ACECCA115_24122_Alliene_Ave_Unit_1_Lomita_90717,Alliene,24122 Alliene Avenue Ave Unit 1 Lomita 90717,,,,
10222,18351,,,,25837.0,,,,,,Oak,Street,,,,,,,,,,,Unit,222,90717.0,,Lomita,Lomita,,,,,Office of Assessor,{08946FC0-F788-4029-B156-02E71A9AD0A3},0,,08946FC0-F788-4029-B156-02E71A9AD0A3,Unknown,,,,,St,Oak St,2024/05/12 21:11:39+00,25837 Oak St Unit 222 Lomita 90717,08946FC0-F788-4029-B156-02E71A9AD0A3_25837_Oak_St_Unit_222_Lomita_90717,Oak,25837 Oak Street St Unit 222 Lomita 90717,,,,
10224,18356,,,,25925.0,,,,,,Oak,Street,,,,,,,,,,,Unit,123,90717.0,,Lomita,Lomita,,,,,Office of Assessor,{B1DE041C-69A7-4E94-AB7B-DF186D7A28CF},0,,B1DE041C-69A7-4E94-AB7B-DF186D7A28CF,Unknown,,,,,St,Oak St,2024/05/12 21:11:39+00,25925 Oak St Unit 123 Lomita 90717,B1DE041C-69A7-4E94-AB7B-DF186D7A28CF_25925_Oak_St_Unit_123_Lomita_90717,Oak,25925 Oak Street St Unit 123 Lomita 90717,,,,
10225,18357,,,,26130.0,,,,,,Narbonne,Avenue,,,,,,,,,,,Unit,108,90717.0,,Lomita,Lomita,,,,,Office of Assessor,{FE394CCA-30F6-4495-988D-D78A5C29EB44},0,,FE394CCA-30F6-4495-988D-D78A5C29EB44,Unknown,,,,,Ave,Narbonne Ave,2024/05/12 21:11:39+00,26130 Narbonne Ave Unit 108 Lomita 90717,FE394CCA-30F6-4495-988D-D78A5C29EB44_26130_Narbonne_Ave_Unit_108_Lomita_90717,Narbonne,26130 Narbonne Avenue Ave Unit 108 Lomita 90717,,,,
10226,18359,,,,25837.0,,,,,,Oak,Street,,,,,,,,,,,Unit,121,90717.0,,Lomita,Lomita,,,,,Office of Assessor,{1B9FD661-3C72-4C74-9B17-B6138EE8FBAD},0,,1B9FD661-3C72-4C74-9B17-B6138EE8FBAD,Unknown,,,,,St,Oak St,2024/05/12 21:11:39+00,25837 Oak St Unit 121 Lomita 90717,1B9FD661-3C72-4C74-9B17-B6138EE8FBAD_25837_Oak_St_Unit_121_Lomita_90717,Oak,25837 Oak Street St Unit 121 Lomita 90717,,,,
10231,18374,,,,25837.0,,,,,,Oak,Street,,,,,,,,,,,Unit,104,90717.0,,Lomita,Lomita,,,,,Office of Assessor,{8D7F958C-8193-4F41-999B-E369CBED1E5D},0,,8D7F958C-8193-4F41-999B-E369CBED1E5D,Unknown,,,,,St,Oak St,2024/05/12 21:11:39+00,25837 Oak St Unit 104 Lomita 90717,8D7F958C-8193-4F41-999B-E369CBED1E5D_25837_Oak_St_Unit_104_Lomita_90717,Oak,25837 Oak Street St Unit 104 Lomita 90717,,,,
10233,18376,,,,2362.0,,,,,,241st,Street,,,,,,,,,,,,,90717.0,,Lomita,Lomita,,,,,Office of Assessor,{582CB5AA-3EE7-450D-9E65-DB36DF4AB6BA},0,,582CB5AA-3EE7-450D-9E65-DB36DF4AB6BA,Unknown,,,,,St,241st St,2024/05/12 21:11:39+00,2362 241st St Lomita 90717,582CB5AA-3EE7-450D-9E65-DB36DF4AB6BA_2362_241st_St_Lomita_90717,241st,2362 241st Street St Lomita 90717,,,,
10236,18382,,,,26105.0,,,,,,Oak,Street,,,,,,,,,,,Unit,B,90717.0,,Lomita,Lomita,,,,,Office of Assessor,{EE872283-6205-4F43-8587-74CB1FD7B570},0,,EE872283-6205-4F43-8587-74CB1FD7B570,Unknown,,,,,St,Oak St,2024/05/12 21:11:39+00,26105 Oak St Unit B Lomita 90717,EE872283-6205-4F43-8587-74CB1FD7B570_26105_Oak_St_Unit_B_Lomita_90717,Oak,26105 Oak Street St Unit B Lomita 90717,,,,
10237,18383,,,,2318.0,,,,,,241st,Street,,,,,,,,,,,,,90717.0,,Lomita,Lomita,,,,,Office of Assessor,{C0278FDA-A6D5-46EE-A747-FEFA54E61711},0,,C0278FDA-A6D5-46EE-A747-FEFA54E61711,Unknown,,,,,St,241st St,2024/05/12 21:11:39+00,2318 241st St Lomita 90717,C0278FDA-A6D5-46EE-A747-FEFA54E61711_2318_241st_St_Lomita_90717,241st,2318 241st Street St Lomita 90717,,,,
10238,18384,,,,25584.0,,,,,,Oak,Street,,,,,,,,,,,,,90717.0,,Lomita,Lomita,,,,,Office of Assessor,{5A3E5923-C907-4968-8FE7-7438D81DFDC4},0,,5A3E5923-C907-4968-8FE7-7438D81DFDC4,Unknown,,,,,St,Oak St,2024/05/12 21:11:39+00,25584 Oak St Lomita 90717,5A3E5923-C907-4968-8FE7-7438D81DFDC4_25584_Oak_St_Lomita_90717,Oak,25584 Oak Street St Lomita 90717,,,,
10240,18386,,,,2333.0,,,,,,241st,Street,,,,,,,,,,,Unit,20,90717.0,,Lomita,Lomita,,,,,Office of Assessor,{76372FB9-F3B7-4FBB-BFE0-DBC79C465E11},0,,76372FB9-F3B7-4FBB-BFE0-DBC79C465E11,Unknown,,,,,St,241st St,2024/05/12 21:11:39+00,2333 241st St Unit 20 Lomita 90717,76372FB9-F3B7-4FBB-BFE0-DBC79C465E11_2333_241st_St_Unit_20_Lomita_90717,241st,2333 241st Street St Unit 20 Lomita 90717,,,,
10243,18389,,,,2333.0,,,,,,241st,Street,,,,,,,,,,,Unit,24,90717.0,,Lomita,Lomita,,,,,Office of Assessor,{C9FEED7E-4630-4D0E-A643-6DE3530592B5},0,,C9FEED7E-4630-4D0E-A643-6DE3530592B5,Unknown,,,,,St,241st St,2024/05/12 21:11:39+00,2333 241st St Unit 24 Lomita 90717,C9FEED7E-4630-4D0E-A643-6DE3530592B5_2333_241st_St_Unit_24_Lomita_90717,241st,2333 241st Street St Unit 24 Lomita 90717,,,,
10245,18400,,,,25930.0,,,,,,Narbonne,Avenue,,,,,,,,,,,Unit,110,90717.0,,Lomita,Lomita,,,,,Office of Assessor,{D2DCD1F9-917D-4D38-8104-44503E5A0988},0,,D2DCD1F9-917D-4D38-8104-44503E5A0988,Unknown,,,,,Ave,Narbonne Ave,2024/05/12 21:11:39+00,25930 Narbonne Ave Unit 110 Lomita 90717,D2DCD1F9-917D-4D38-8104-44503E5A0988_25930_Narbonne_Ave_Unit_110_Lomita_90717,Narbonne,25930 Narbonne Avenue Ave Unit 110 Lomita 90717,,,,
10246,18403,,,,2333.0,,,,,,241st,Street,,,,,,,,,,,Unit,12,90717.0,,Lomita,Lomita,,,,,Office of Assessor,{9F7771FA-14F7-4EA7-823B-2EF54A114EB3},0,,9F7771FA-14F7-4EA7-823B-2EF54A114EB3,Unknown,,,,,St,241st St,2024/05/12 21:11:39+00,2333 241st St Unit 12 Lomita 90717,9F7771FA-14F7-4EA7-823B-2EF54A114EB3_2333_241st_St_Unit_12_Lomita_90717,241st,2333 241st Street St Unit 12 Lomita 90717,,,,
10247,18407,,,,25913.0,,,,,,Cypress,Street,,,,,,,,,,,,,90717.0,,Lomita,Lomita,,,,,Office of Assessor,{6F8B1B99-69B1-4CB4-A7DF-AD7331D9BCCE},0,,6F8B1B99-69B1-4CB4-A7DF-AD7331D9BCCE,Unknown,,,,,St,Cypress St,2024/05/12 21:11:39+00,25913 Cypress St Lomita 90717,6F8B1B99-69B1-4CB4-A7DF-AD7331D9BCCE_25913_Cypress_St_Lomita_90717,Cypress,25913 Cypress Street St Lomita 90717,,,,
10250,18411,,,,2379.0,,,,,,Austinbrook,Court,,,,,,,,,,,,,90717.0,,Lomita,Lomita,,,,,Office of Assessor,{54A519B2-1C10-4C14-9F25-83DAFECFBE2F},0,,54A519B2-1C10-4C14-9F25-83DAFECFBE2F,Unknown,,,,,Ct,Austinbrook Ct,2024/05/12 21:11:39+00,2379 Austinbrook Ct Lomita 90717,54A519B2-1C10-4C14-9F25-83DAFECFBE2F_2379_Austinbrook_Ct_Lomita_90717,Austinbrook,2379 Austinbrook Court Ct Lomita 90717,,,,
10251,18412,,,,26120.0,,,,,,Narbonne,Avenue,,,,,,,,,,,Unit,G,90717.0,,Lomita,Lomita,,,,,Office of Assessor,{6E7E3A5E-5774-4896-8A2D-12E352B12719},0,,6E7E3A5E-5774-4896-8A2D-12E352B12719,Unknown,,,,,Ave,Narbonne Ave,2024/05/12 21:11:39+00,26120 Narbonne Ave Unit G Lomita 90717,6E7E3A5E-5774-4896-8A2D-12E352B12719_26120_Narbonne_Ave_Unit_G_Lomita_90717,Narbonne,26120 Narbonne Avenue Ave Unit G Lomita 90717,,,,
10256,18426,,,,25572.0,,,,,,Oak,Street,,,,,,,,,,,,,90717.0,,Lomita,Lomita,,,,,Office of Assessor,{CCE0F4CA-F527-4F5C-B7B5-BB0D13BAFF06},0,,CCE0F4CA-F527-4F5C-B7B5-BB0D13BAFF06,Unknown,,,,,St,Oak St,2024/05/12 21:11:39+00,25572 Oak St Lomita 90717,CCE0F4CA-F527-4F5C-B7B5-BB0D13BAFF06_25572_Oak_St_Lomita_90717,Oak,25572 Oak Street St Lomita 90717,,,,
10259,18433,,,,26113.0,,,,,,Oak,Street,,,,,,,,,,,Unit,B,90717.0,,Lomita,Lomita,,,,,Office of Assessor,{D21D1D2C-5322-4BE1-B5F0-75488B6D3E64},0,,D21D1D2C-5322-4BE1-B5F0-75488B6D3E64,Unknown,,,,,St,Oak St,2024/05/12 21:11:39+00,26113 Oak St Unit B Lomita 90717,D21D1D2C-5322-4BE1-B5F0-75488B6D3E64_26113_Oak_St_Unit_B_Lomita_90717,Oak,26113 Oak Street St Unit B Lomita 90717,,,,
10260,18435,,,,25930.0,,,,,,Narbonne,Avenue,,,,,,,,,,,Unit,132,90717.0,,Lomita,Lomita,,,,,Office of Assessor,{B95B7618-8ADC-4D9C-AD63-1F85A6640AEF},0,,B95B7618-8ADC-4D9C-AD63-1F85A6640AEF,Unknown,,,,,Ave,Narbonne Ave,2024/05/12 21:11:39+00,25930 Narbonne Ave Unit 132 Lomita 90717,B95B7618-8ADC-4D9C-AD63-1F85A6640AEF_25930_Narbonne_Ave_Unit_132_Lomita_90717,Narbonne,25930 Narbonne Avenue Ave Unit 132 Lomita 90717,,,,
10262,18437,,,,26107.0,,,,,,Oak,Street,,,,,,,,,,,Unit,C,90717.0,,Lomita,Lomita,,,,,Office of Assessor,{67D943E0-BBE1-4824-BB7A-252F356E0D41},0,,67D943E0-BBE1-4824-BB7A-252F356E0D41,Unknown,,,,,St,Oak St,2024/05/12 21:11:39+00,26107 Oak St Unit C Lomita 90717,67D943E0-BBE1-4824-BB7A-252F356E0D41_26107_Oak_St_Unit_C_Lomita_90717,Oak,26107 Oak Street St Unit C Lomita 90717,,,,
10263,18439,,,,25928.0,,,,,,Oak,Street,,,,,,,,,,,Unit,A,90717.0,,Lomita,Lomita,,,,,Office of Assessor,{12EA3F92-EC10-4E10-B6B7-274C1F88847D},0,,12EA3F92-EC10-4E10-B6B7-274C1F88847D,Unknown,,,,,St,Oak St,2024/05/12 21:11:39+00,25928 Oak St Unit A Lomita 90717,12EA3F92-EC10-4E10-B6B7-274C1F88847D_25928_Oak_St_Unit_A_Lomita_90717,Oak,25928 Oak Street St Unit A Lomita 90717,,,,
10268,18463,,,,25905.0,,,,,,Narbonne,Avenue,,,,,,,,,,,Unit,10,90717.0,,Lomita,Lomita,,,,,Office of Assessor,{971CA687-3432-4661-9A67-82730672BE03},0,,971CA687-3432-4661-9A67-82730672BE03,Unknown,,,,,Ave,Narbonne Ave,2024/05/12 21:11:39+00,25905 Narbonne Ave Unit 10 Lomita 90717,971CA687-3432-4661-9A67-82730672BE03_25905_Narbonne_Ave_Unit_10_Lomita_90717,Narbonne,25905 Narbonne Avenue Ave Unit 10 Lomita 90717,,,,
10269,18465,,,,2110.0,,,,,,Palos Verdes,Drive,North,,,,,,,,,,Unit,212,90717.0,,Lomita,Lomita,,,,,Office of Assessor,{2A33D90B-994D-44EB-A944-B6F78B99F3A6},0,,2A33D90B-994D-44EB-A944-B6F78B99F3A6,Unknown,,,N,,Dr,Palos Verdes Dr N,2024/05/12 21:11:39+00,2110 Palos Verdes Dr N Unit 212 Lomita 90717,2A33D90B-994D-44EB-A944-B6F78B99F3A6_2110_Palos_Verdes_Dr_N_Unit_212_Lomita_90717,Palos Verdes,2110 Palos Verdes Drive Dr N Unit 212 Lomita 90717,,,,
10272,18470,,,,25914.0,,,,,,Pennsylvania,Avenue,,,,,,,,,,,Unit,2,90717.0,,Lomita,Lomita,,,,,Office of Assessor,{B3D00E6E-C465-49A6-8413-AE884D9907DB},0,,B3D00E6E-C465-49A6-8413-AE884D9907DB,Unknown,,,,,Ave,Pennsylvania Ave,2024/05/12 21:11:39+00,25914 Pennsylvania Ave Unit 2 Lomita 90717,B3D00E6E-C465-49A6-8413-AE884D9907DB_25914_Pennsylvania_Ave_Unit_2_Lomita_90717,Pennsylvania,25914 Pennsylvania Avenue Ave Unit 2 Lomita 90717,,,,
10278,18495,,,,1862.0,,,,,,257th,Street,,,,,,,,,,,,,90717.0,,Lomita,Lomita,,,,,Office of Assessor,{454F68FB-27AB-4491-9BAB-173AFCC3E8CA},0,,454F68FB-27AB-4491-9BAB-173AFCC3E8CA,Unknown,,,,,St,257th St,2024/05/12 21:11:39+00,1862 257th St Lomita 90717,454F68FB-27AB-4491-9BAB-173AFCC3E8CA_1862_257th_St_Lomita_90717,257th,1862 257th Street St Lomita 90717,,,,
10279,18496,,,,25925.0,,,,,,Oak,Street,,,,,,,,,,,Unit,102,90717.0,,Lomita,Lomita,,,,,Office of Assessor,{0D945909-40F4-4EDC-947B-7DBD38D7B5B7},0,,0D945909-40F4-4EDC-947B-7DBD38D7B5B7,Unknown,,,,,St,Oak St,2024/05/12 21:11:39+00,25925 Oak St Unit 102 Lomita 90717,0D945909-40F4-4EDC-947B-7DBD38D7B5B7_25925_Oak_St_Unit_102_Lomita_90717,Oak,25925 Oak Street St Unit 102 Lomita 90717,,,,
10280,18502,,,,2322.0,,,,,,241st,Street,,,,,,,,,,,,,90717.0,,Lomita,Lomita,,,,,Office of Assessor,{E021875A-ECB4-41C9-A153-9E30256C2D58},0,,E021875A-ECB4-41C9-A153-9E30256C2D58,Unknown,,,,,St,241st St,2024/05/12 21:11:39+00,2322 241st St Lomita 90717,E021875A-ECB4-41C9-A153-9E30256C2D58_2322_241st_St_Lomita_90717,241st,2322 241st Street St Lomita 90717,,,,
10282,18504,,,,2333.0,,,,,,241st,Street,,,,,,,,,,,Unit,10,90717.0,,Lomita,Lomita,,,,,Office of Assessor,{4CABFCD6-D628-41EE-9235-DC9BFC6C7D86},0,,4CABFCD6-D628-41EE-9235-DC9BFC6C7D86,Unknown,,,,,St,241st St,2024/05/12 21:11:39+00,2333 241st St Unit 10 Lomita 90717,4CABFCD6-D628-41EE-9235-DC9BFC6C7D86_2333_241st_St_Unit_10_Lomita_90717,241st,2333 241st Street St Unit 10 Lomita 90717,,,,
10285,18515,,,,25846.0,,,,,,Viana,Avenue,,,,,,,,,,,Unit,A,90717.0,,Lomita,Lomita,,,,,Office of Assessor,{167A1CF0-6F0C-46F8-AE03-D4355C141515},0,,167A1CF0-6F0C-46F8-AE03-D4355C141515,Unknown,,,,,Ave,Viana Ave,2024/05/12 21:11:39+00,25846 Viana Ave Unit A Lomita 90717,167A1CF0-6F0C-46F8-AE03-D4355C141515_25846_Viana_Ave_Unit_A_Lomita_90717,Viana,25846 Viana Avenue Ave Unit A Lomita 90717,,,,
10286,18524,,,,26015.0,,,,,,Narbonne,Avenue,,,,,,,,,,,Apartment,13,90717.0,,Lomita,Lomita,,,,,Office of Assessor,{FBCA61E8-691E-46BD-B080-CC7989214E3E},0,,FBCA61E8-691E-46BD-B080-CC7989214E3E,Unknown,,,,,Ave,Narbonne Ave,2024/05/12 21:11:39+00,26015 Narbonne Ave Apartment 13 Lomita 90717,FBCA61E8-691E-46BD-B080-CC7989214E3E_26015_Narbonne_Ave_Apartment_13_Lomita_90717,Narbonne,26015 Narbonne Avenue Ave Apartment 13 Lomita 90717,,,,
10287,18526,,,,25930.0,,,,,,Narbonne,Avenue,,,,,,,,,,,Unit,102,90717.0,,Lomita,Lomita,,,,,Office of Assessor,{5A258C0D-40B3-4FCC-BAF3-4B717412371E},0,,5A258C0D-40B3-4FCC-BAF3-4B717412371E,Unknown,,,,,Ave,Narbonne Ave,2024/05/12 21:11:39+00,25930 Narbonne Ave Unit 102 Lomita 90717,5A258C0D-40B3-4FCC-BAF3-4B717412371E_25930_Narbonne_Ave_Unit_102_Lomita_90717,Narbonne,25930 Narbonne Avenue Ave Unit 102 Lomita 90717,,,,
10288,18527,,,,25562.0,,,,,,Oak,Street,,,,,,,,,,,,,90717.0,,Lomita,Lomita,,,,,Office of Assessor,{A6437B69-3141-41CD-A652-ED9841B85D32},0,,A6437B69-3141-41CD-A652-ED9841B85D32,Unknown,,,,,St,Oak St,2024/05/12 21:11:39+00,25562 Oak St Lomita 90717,A6437B69-3141-41CD-A652-ED9841B85D32_25562_Oak_St_Lomita_90717,Oak,25562 Oak Street St Lomita 90717,,,,
10289,18529,,,,2374.0,,,,,,241st,Street,,,,,,,,,,,,,90717.0,,Lomita,Lomita,,,,,Office of Assessor,{B0F2AA5B-BAAD-426E-AE82-2EE1547018F1},0,,B0F2AA5B-BAAD-426E-AE82-2EE1547018F1,Unknown,,,,,St,241st St,2024/05/12 21:11:39+00,2374 241st St Lomita 90717,B0F2AA5B-BAAD-426E-AE82-2EE1547018F1_2374_241st_St_Lomita_90717,241st,2374 241st Street St Lomita 90717,,,,
10291,18531,,,,2305.0,,,,,,241st,Street,,,,,,,,,,,Unit,5,90717.0,,Lomita,Lomita,,,,,Office of Assessor,{54F69F95-E12E-408D-8CED-E6D6AA7C3346},0,,54F69F95-E12E-408D-8CED-E6D6AA7C3346,Unknown,,,,,St,241st St,2024/05/12 21:11:39+00,2305 241st St Unit 5 Lomita 90717,54F69F95-E12E-408D-8CED-E6D6AA7C3346_2305_241st_St_Unit_5_Lomita_90717,241st,2305 241st Street St Unit 5 Lomita 90717,,,,
10292,18535,,,,24006.0,,,,,,Hillview,Lane,,,,,,,,,,,,,90717.0,,Lomita,Lomita,,,,,Office of Assessor,{F4300E0C-41E4-4942-A7F6-9D0BE88A46AC},0,,F4300E0C-41E4-4942-A7F6-9D0BE88A46AC,Unknown,,,,,Ln,Hillview Ln,2024/05/12 21:11:39+00,24006 Hillview Ln Lomita 90717,F4300E0C-41E4-4942-A7F6-9D0BE88A46AC_24006_Hillview_Ln_Lomita_90717,Hillview,24006 Hillview Lane Ln Lomita 90717,,,,
10293,18537,,,,2270.0,,,,,,241st,Street,,,,,,,,,,,Unit,8A,90717.0,,Lomita,Lomita,,,,,Office of Assessor,{FC828238-C39E-49A8-972C-59AD73BA0D7C},0,,FC828238-C39E-49A8-972C-59AD73BA0D7C,Unknown,,,,,St,241st St,2024/05/12 21:11:39+00,2270 241st St Unit 8A Lomita 90717,FC828238-C39E-49A8-972C-59AD73BA0D7C_2270_241st_St_Unit_8A_Lomita_90717,241st,2270 241st Street St Unit 8A Lomita 90717,,,,
10295,18549,,,,2316.0,,,,,,241st,Street,,,,,,,,,,,,,90717.0,,Lomita,Lomita,,,,,Office of Assessor,{BD18CB87-F6E9-47EC-B573-A76E92C5C715},0,,BD18CB87-F6E9-47EC-B573-A76E92C5C715,Unknown,,,,,St,241st St,2024/05/12 21:11:39+00,2316 241st St Lomita 90717,BD18CB87-F6E9-47EC-B573-A76E92C5C715_2316_241st_St_Lomita_90717,241st,2316 241st Street St Lomita 90717,,,,
10300,18569,,,,2079.0,,,,,,262nd,Street,,,,,,,,,,,Unit,4,90717.0,,Lomita,Lomita,,,,,Office of Assessor,{91D40B15-2DB8-49AB-AE0F-8C30E86EAFEF},0,,91D40B15-2DB8-49AB-AE0F-8C30E86EAFEF,Unknown,,,,,St,262nd St,2024/05/12 21:11:39+00,2079 262nd St Unit 4 Lomita 90717,91D40B15-2DB8-49AB-AE0F-8C30E86EAFEF_2079_262nd_St_Unit_4_Lomita_90717,262nd,2079 262nd Street St Unit 4 Lomita 90717,,,,
10301,18574,,,,1868.0,,,,,,257th,Street,,,,,,,,,,,,,90717.0,,Lomita,Lomita,,,,,Office of Assessor,{245DBEEF-C2A4-493C-9BBB-D574E667B451},0,,245DBEEF-C2A4-493C-9BBB-D574E667B451,Unknown,,,,,St,257th St,2024/05/12 21:11:39+00,1868 257th St Lomita 90717,245DBEEF-C2A4-493C-9BBB-D574E667B451_1868_257th_St_Lomita_90717,257th,1868 257th Street St Lomita 90717,,,,
10302,18576,,,,25918.0,,,,,,Pennsylvania,Avenue,,,,,,,,,,,Unit,B,90717.0,,Lomita,Lomita,,,,,Office of Assessor,{0CF2ACCE-74B7-498F-933D-B46275B78446},0,,0CF2ACCE-74B7-498F-933D-B46275B78446,Unknown,,,,,Ave,Pennsylvania Ave,2024/05/12 21:11:39+00,25918 Pennsylvania Ave Unit B Lomita 90717,0CF2ACCE-74B7-498F-933D-B46275B78446_25918_Pennsylvania_Ave_Unit_B_Lomita_90717,Pennsylvania,25918 Pennsylvania Avenue Ave Unit B Lomita 90717,,,,
10303,18589,,,,26120.0,,,,,,Narbonne,Avenue,,,,,,,,,,,Unit,E,90717.0,,Lomita,Lomita,,,,,Office of Assessor,{71957D84-0285-4E43-9931-4E6C7F3C4C76},0,,71957D84-0285-4E43-9931-4E6C7F3C4C76,Unknown,,,,,Ave,Narbonne Ave,2024/05/12 21:11:39+00,26120 Narbonne Ave Unit E Lomita 90717,71957D84-0285-4E43-9931-4E6C7F3C4C76_26120_Narbonne_Ave_Unit_E_Lomita_90717,Narbonne,26120 Narbonne Avenue Ave Unit E Lomita 90717,,,,
10306,18592,,,,25905.0,,,,,,Narbonne,Avenue,,,,,,,,,,,Unit,9,90717.0,,Lomita,Lomita,,,,,Office of Assessor,{42F5F08A-A808-4F35-ACF4-2C381944DA22},0,,42F5F08A-A808-4F35-ACF4-2C381944DA22,Unknown,,,,,Ave,Narbonne Ave,2024/05/12 21:11:39+00,25905 Narbonne Ave Unit 9 Lomita 90717,42F5F08A-A808-4F35-ACF4-2C381944DA22_25905_Narbonne_Ave_Unit_9_Lomita_90717,Narbonne,25905 Narbonne Avenue Ave Unit 9 Lomita 90717,,,,
10307,18595,,,,2324.0,,,,,,241st,Street,,,,,,,,,,,,,90717.0,,Lomita,Lomita,,,,,Office of Assessor,{00341E90-17C4-439F-9F8F-E1FE48A4E3BD},0,,00341E90-17C4-439F-9F8F-E1FE48A4E3BD,Unknown,,,,,St,241st St,2024/05/12 21:11:39+00,2324 241st St Lomita 90717,00341E90-17C4-439F-9F8F-E1FE48A4E3BD_2324_241st_St_Lomita_90717,241st,2324 241st Street St Lomita 90717,,,,
10311,18605,,,,25905.0,,,,,,Narbonne,Avenue,,,,,,,,,,,Unit,21,90717.0,,Lomita,Lomita,,,,,Office of Assessor,{BD70BC82-FB24-484B-A2EA-34E548F81D3A},0,,BD70BC82-FB24-484B-A2EA-34E548F81D3A,Unknown,,,,,Ave,Narbonne Ave,2024/05/12 21:11:39+00,25905 Narbonne Ave Unit 21 Lomita 90717,BD70BC82-FB24-484B-A2EA-34E548F81D3A_25905_Narbonne_Ave_Unit_21_Lomita_90717,Narbonne,25905 Narbonne Avenue Ave Unit 21 Lomita 90717,,,,
10312,18607,,,,2333.0,,,,,,241st,Street,,,,,,,,,,,Unit,9,90717.0,,Lomita,Lomita,,,,,Office of Assessor,{B09C9DA8-820A-436F-AB90-1A7AA4ECF579},0,,B09C9DA8-820A-436F-AB90-1A7AA4ECF579,Unknown,,,,,St,241st St,2024/05/12 21:11:39+00,2333 241st St Unit 9 Lomita 90717,B09C9DA8-820A-436F-AB90-1A7AA4ECF579_2333_241st_St_Unit_9_Lomita_90717,241st,2333 241st Street St Unit 9 Lomita 90717,,,,
10318,18621,,,,26015.0,,,,,,Narbonne,Avenue,,,,,,,,,,,Apartment,10,90717.0,,Lomita,Lomita,,,,,Office of Assessor,{A95CAF97-B0BD-47C5-97E6-D438D1C5F20D},0,,A95CAF97-B0BD-47C5-97E6-D438D1C5F20D,Unknown,,,,,Ave,Narbonne Ave,2024/05/12 21:11:39+00,26015 Narbonne Ave Apartment 10 Lomita 90717,A95CAF97-B0BD-47C5-97E6-D438D1C5F20D_26015_Narbonne_Ave_Apartment_10_Lomita_90717,Narbonne,26015 Narbonne Avenue Ave Apartment 10 Lomita 90717,,,,
10324,18634,,,,2333.0,,,,,,241st,Street,,,,,,,,,,,Unit,35,90717.0,,Lomita,Lomita,,,,,Office of Assessor,{F25F0567-4D7E-4315-BD93-18A33E5B7125},0,,F25F0567-4D7E-4315-BD93-18A33E5B7125,Unknown,,,,,St,241st St,2024/05/12 21:11:39+00,2333 241st St Unit 35 Lomita 90717,F25F0567-4D7E-4315-BD93-18A33E5B7125_2333_241st_St_Unit_35_Lomita_90717,241st,2333 241st Street St Unit 35 Lomita 90717,,,,
10325,18637,,,,25930.0,,,,,,Narbonne,Avenue,,,,,,,,,,,Unit,101,90717.0,,Lomita,Lomita,,,,,Office of Assessor,{6D7848A8-0C67-47B5-907F-7B2BBFB5D0D2},0,,6D7848A8-0C67-47B5-907F-7B2BBFB5D0D2,Unknown,,,,,Ave,Narbonne Ave,2024/05/12 21:11:39+00,25930 Narbonne Ave Unit 101 Lomita 90717,6D7848A8-0C67-47B5-907F-7B2BBFB5D0D2_25930_Narbonne_Ave_Unit_101_Lomita_90717,Narbonne,25930 Narbonne Avenue Ave Unit 101 Lomita 90717,,,,
10328,18646,,,,26130.0,,,,,,Narbonne,Avenue,,,,,,,,,,,Unit,106,90717.0,,Lomita,Lomita,,,,,Office of Assessor,{C982520D-D42C-40F0-9845-88D0394374DC},0,,C982520D-D42C-40F0-9845-88D0394374DC,Unknown,,,,,Ave,Narbonne Ave,2024/05/12 21:11:39+00,26130 Narbonne Ave Unit 106 Lomita 90717,C982520D-D42C-40F0-9845-88D0394374DC_26130_Narbonne_Ave_Unit_106_Lomita_90717,Narbonne,26130 Narbonne Avenue Ave Unit 106 Lomita 90717,,,,
10331,18653,,,,2340.0,,,,,,241st,Street,,,,,,,,,,,,,90717.0,,Lomita,Lomita,,,,,Office of Assessor,{038D911E-1A1F-412A-96EB-3259CD721337},0,,038D911E-1A1F-412A-96EB-3259CD721337,Unknown,,,,,St,241st St,2024/05/12 21:11:39+00,2340 241st St Lomita 90717,038D911E-1A1F-412A-96EB-3259CD721337_2340_241st_St_Lomita_90717,241st,2340 241st Street St Lomita 90717,,,,
10335,18668,,,,25925.0,,,,,,Narbonne,Avenue,,,,,,,,,,,Unit,26,90717.0,,Lomita,Lomita,,,,,Office of Assessor,{095E20CD-ADC8-41AC-AB76-2CE8F0DF0FB8},0,,095E20CD-ADC8-41AC-AB76-2CE8F0DF0FB8,Unknown,,,,,Ave,Narbonne Ave,2024/05/12 21:11:39+00,25925 Narbonne Ave Unit 26 Lomita 90717,095E20CD-ADC8-41AC-AB76-2CE8F0DF0FB8_25925_Narbonne_Ave_Unit_26_Lomita_90717,Narbonne,25925 Narbonne Avenue Ave Unit 26 Lomita 90717,,,,
10339,18679,,,,25900.0,,,,,,Oak,Street,,,,,,,,,,,Unit,118,90717.0,,Lomita,Lomita,,,,,Office of Assessor,{2141894B-AA9C-4E20-9A08-8486859C23E2},0,,2141894B-AA9C-4E20-9A08-8486859C23E2,Unknown,,,,,St,Oak St,2024/05/12 21:11:39+00,25900 Oak St Unit 118 Lomita 90717,2141894B-AA9C-4E20-9A08-8486859C23E2_25900_Oak_St_Unit_118_Lomita_90717,Oak,25900 Oak Street St Unit 118 Lomita 90717,,,,
10340,18686,,,,26116.0,,,,,,Narbonne,Avenue,,,,,,,,,,,Unit,E,90717.0,,Lomita,Lomita,,,,,Office of Assessor,{0BE3D35E-05A2-4AA6-A678-BAFD21A15370},0,,0BE3D35E-05A2-4AA6-A678-BAFD21A15370,Unknown,,,,,Ave,Narbonne Ave,2024/05/12 21:11:39+00,26116 Narbonne Ave Unit E Lomita 90717,0BE3D35E-05A2-4AA6-A678-BAFD21A15370_26116_Narbonne_Ave_Unit_E_Lomita_90717,Narbonne,26116 Narbonne Avenue Ave Unit E Lomita 90717,,,,
10341,18687,,,,25900.0,,,,,,Oak,Street,,,,,,,,,,,Unit,122,90717.0,,Lomita,Lomita,,,,,Office of Assessor,{29B4CE49-7EE4-43F7-AC15-4399A32DD7DD},0,,29B4CE49-7EE4-43F7-AC15-4399A32DD7DD,Unknown,,,,,St,Oak St,2024/05/12 21:11:39+00,25900 Oak St Unit 122 Lomita 90717,29B4CE49-7EE4-43F7-AC15-4399A32DD7DD_25900_Oak_St_Unit_122_Lomita_90717,Oak,25900 Oak Street St Unit 122 Lomita 90717,,,,
10343,18690,,,,2333.0,,,,,,241st,Street,,,,,,,,,,,Unit,6,90717.0,,Lomita,Lomita,,,,,Office of Assessor,{F658138D-89A3-4C79-AFE0-657AFD7C3AAB},0,,F658138D-89A3-4C79-AFE0-657AFD7C3AAB,Unknown,,,,,St,241st St,2024/05/12 21:11:39+00,2333 241st St Unit 6 Lomita 90717,F658138D-89A3-4C79-AFE0-657AFD7C3AAB_2333_241st_St_Unit_6_Lomita_90717,241st,2333 241st Street St Unit 6 Lomita 90717,,,,
10344,18693,,,,25837.0,,,,,,Oak,Street,,,,,,,,,,,Unit,221,90717.0,,Lomita,Lomita,,,,,Office of Assessor,{D530B502-E92C-4C64-9B66-430C16B19048},0,,D530B502-E92C-4C64-9B66-430C16B19048,Unknown,,,,,St,Oak St,2024/05/12 21:11:39+00,25837 Oak St Unit 221 Lomita 90717,D530B502-E92C-4C64-9B66-430C16B19048_25837_Oak_St_Unit_221_Lomita_90717,Oak,25837 Oak Street St Unit 221 Lomita 90717,,,,
10345,18698,,,,26130.0,,,,,,Narbonne,Avenue,,,,,,,,,,,Unit,134,90717.0,,Lomita,Lomita,,,,,Office of Assessor,{8F3FD5CA-011A-403A-BEBF-24E5FFDB85EF},0,,8F3FD5CA-011A-403A-BEBF-24E5FFDB85EF,Unknown,,,,,Ave,Narbonne Ave,2024/05/12 21:11:39+00,26130 Narbonne Ave Unit 134 Lomita 90717,8F3FD5CA-011A-403A-BEBF-24E5FFDB85EF_26130_Narbonne_Ave_Unit_134_Lomita_90717,Narbonne,26130 Narbonne Avenue Ave Unit 134 Lomita 90717,,,,
10346,18699,,,,26130.0,,,,,,Narbonne,Avenue,,,,,,,,,,,Unit,117,90717.0,,Lomita,Lomita,,,,,Office of Assessor,{3F9A63EE-97C9-4308-95C2-189195F3955A},0,,3F9A63EE-97C9-4308-95C2-189195F3955A,Unknown,,,,,Ave,Narbonne Ave,2024/05/12 21:11:39+00,26130 Narbonne Ave Unit 117 Lomita 90717,3F9A63EE-97C9-4308-95C2-189195F3955A_26130_Narbonne_Ave_Unit_117_Lomita_90717,Narbonne,26130 Narbonne Avenue Ave Unit 117 Lomita 90717,,,,
10348,18701,,,,26113.0,,,,,,Oak,Street,,,,,,,,,,,Unit,C,90717.0,,Lomita,Lomita,,,,,Office of Assessor,{3AB0F2F4-57B6-4942-9E89-3DE4F1898431},0,,3AB0F2F4-57B6-4942-9E89-3DE4F1898431,Unknown,,,,,St,Oak St,2024/05/12 21:11:39+00,26113 Oak St Unit C Lomita 90717,3AB0F2F4-57B6-4942-9E89-3DE4F1898431_26113_Oak_St_Unit_C_Lomita_90717,Oak,26113 Oak Street St Unit C Lomita 90717,,,,
10349,18702,,,,25904.0,,,,,,Pennsylvania,Avenue,,,,,,,,,,,Unit,B,90717.0,,Lomita,Lomita,,,,,Office of Assessor,{3F5F0375-90D2-4671-9DF9-D439F8AABD61},0,,3F5F0375-90D2-4671-9DF9-D439F8AABD61,Unknown,,,,,Ave,Pennsylvania Ave,2024/05/12 21:11:39+00,25904 Pennsylvania Ave Unit B Lomita 90717,3F5F0375-90D2-4671-9DF9-D439F8AABD61_25904_Pennsylvania_Ave_Unit_B_Lomita_90717,Pennsylvania,25904 Pennsylvania Avenue Ave Unit B Lomita 90717,,,,
10352,18725,,,,2358.0,,,,,,241st,Street,,,,,,,,,,,,,90717.0,,Lomita,Lomita,,,,,Office of Assessor,{8580EEF9-330E-40AF-87A1-17C6BDC20DFC},0,,8580EEF9-330E-40AF-87A1-17C6BDC20DFC,Unknown,,,,,St,241st St,2024/05/12 21:11:39+00,2358 241st St Lomita 90717,8580EEF9-330E-40AF-87A1-17C6BDC20DFC_2358_241st_St_Lomita_90717,241st,2358 241st Street St Lomita 90717,,,,
10354,18731,,,,25925.0,,,,,,Oak,Street,,,,,,,,,,,Unit,104,90717.0,,Lomita,Lomita,,,,,Office of Assessor,{05F72F7D-C410-4616-B80D-ABD0D762FF6A},0,,05F72F7D-C410-4616-B80D-ABD0D762FF6A,Unknown,,,,,St,Oak St,2024/05/12 21:11:39+00,25925 Oak St Unit 104 Lomita 90717,05F72F7D-C410-4616-B80D-ABD0D762FF6A_25925_Oak_St_Unit_104_Lomita_90717,Oak,25925 Oak Street St Unit 104 Lomita 90717,,,,
10356,18737,,,,25925.0,,,,,,Narbonne,Avenue,,,,,,,,,,,Unit,39,90717.0,,Lomita,Lomita,,,,,Office of Assessor,{63017A19-9E2A-4EC6-95F0-E6E5FE2A9FBB},0,,63017A19-9E2A-4EC6-95F0-E6E5FE2A9FBB,Unknown,,,,,Ave,Narbonne Ave,2024/05/12 21:11:39+00,25925 Narbonne Ave Unit 39 Lomita 90717,63017A19-9E2A-4EC6-95F0-E6E5FE2A9FBB_25925_Narbonne_Ave_Unit_39_Lomita_90717,Narbonne,25925 Narbonne Avenue Ave Unit 39 Lomita 90717,,,,
10360,18753,,,,25834.0,,,,,,Pennsylvania,Avenue,,,,,,,,,,,Unit,9,90717.0,,Lomita,Lomita,,,,,Office of Assessor,{D8519A73-F02D-4C1B-96A0-3E45F747C155},0,,D8519A73-F02D-4C1B-96A0-3E45F747C155,Unknown,,,,,Ave,Pennsylvania Ave,2024/05/12 21:11:39+00,25834 Pennsylvania Ave Unit 9 Lomita 90717,D8519A73-F02D-4C1B-96A0-3E45F747C155_25834_Pennsylvania_Ave_Unit_9_Lomita_90717,Pennsylvania,25834 Pennsylvania Avenue Ave Unit 9 Lomita 90717,,,,
10364,18771,,,,25338.0,,,,,,Cypress,Street,,,,,,,,,,,,,90717.0,,Lomita,Lomita,,,,,Office of Assessor,{0AD3EE69-53A3-4484-9EB4-BC7DBCA8C5E1},0,,0AD3EE69-53A3-4484-9EB4-BC7DBCA8C5E1,Unknown,,,,,St,Cypress St,2024/05/12 21:11:39+00,25338 Cypress St Lomita 90717,0AD3EE69-53A3-4484-9EB4-BC7DBCA8C5E1_25338_Cypress_St_Lomita_90717,Cypress,25338 Cypress Street St Lomita 90717,,,,
10366,18779,,,,25917.0,,,,,,Avocado,Street,,,,,,,,,,,Unit,C,90717.0,,Lomita,Lomita,,,,,Office of Assessor,{DF964B53-E5E0-4F40-90FB-D8BDD417D9B6},0,,DF964B53-E5E0-4F40-90FB-D8BDD417D9B6,Unknown,,,,,St,Avocado St,2024/05/12 21:11:39+00,25917 Avocado St Unit C Lomita 90717,DF964B53-E5E0-4F40-90FB-D8BDD417D9B6_25917_Avocado_St_Unit_C_Lomita_90717,Avocado,25917 Avocado Street St Unit C Lomita 90717,,,,
10369,18783,,,,25837.0,,,,,,Oak,Street,,,,,,,,,,,Unit,120,90717.0,,Lomita,Lomita,,,,,Office of Assessor,{935C7220-B110-4EB2-B8F0-19C7EA9D0DB0},0,,935C7220-B110-4EB2-B8F0-19C7EA9D0DB0,Unknown,,,,,St,Oak St,2024/05/12 21:11:39+00,25837 Oak St Unit 120 Lomita 90717,935C7220-B110-4EB2-B8F0-19C7EA9D0DB0_25837_Oak_St_Unit_120_Lomita_90717,Oak,25837 Oak Street St Unit 120 Lomita 90717,,,,
10370,18797,,,,2336.0,,,,,,241st,Street,,,,,,,,,,,,,90717.0,,Lomita,Lomita,,,,,Office of Assessor,{E970CD1A-1077-480A-B240-7CAB9FAC27D4},0,,E970CD1A-1077-480A-B240-7CAB9FAC27D4,Unknown,,,,,St,241st St,2024/05/12 21:11:39+00,2336 241st St Lomita 90717,E970CD1A-1077-480A-B240-7CAB9FAC27D4_2336_241st_St_Lomita_90717,241st,2336 241st Street St Lomita 90717,,,,
10372,18802,,,,2333.0,,,,,,241st,Street,,,,,,,,,,,Unit,25,90717.0,,Lomita,Lomita,,,,,Office of Assessor,{79FAB9CB-5A7B-4C43-91D2-19464AF3C82A},0,,79FAB9CB-5A7B-4C43-91D2-19464AF3C82A,Unknown,,,,,St,241st St,2024/05/12 21:11:39+00,2333 241st St Unit 25 Lomita 90717,79FAB9CB-5A7B-4C43-91D2-19464AF3C82A_2333_241st_St_Unit_25_Lomita_90717,241st,2333 241st Street St Unit 25 Lomita 90717,,,,
10378,18831,,,,25925.0,,,,,,Narbonne,Avenue,,,,,,,,,,,Unit,19,90717.0,,Lomita,Lomita,,,,,Office of Assessor,{B1C06193-5AC5-45E8-80AF-F1FBB9E6568A},0,,B1C06193-5AC5-45E8-80AF-F1FBB9E6568A,Unknown,,,,,Ave,Narbonne Ave,2024/05/12 21:11:39+00,25925 Narbonne Ave Unit 19 Lomita 90717,B1C06193-5AC5-45E8-80AF-F1FBB9E6568A_25925_Narbonne_Ave_Unit_19_Lomita_90717,Narbonne,25925 Narbonne Avenue Ave Unit 19 Lomita 90717,,,,
10382,18840,,,,26130.0,,,,,,Narbonne,Avenue,,,,,,,,,,,Unit,105,90717.0,,Lomita,Lomita,,,,,Office of Assessor,{D059D93D-8413-4969-B02F-DCB0EA6E540C},0,,D059D93D-8413-4969-B02F-DCB0EA6E540C,Unknown,,,,,Ave,Narbonne Ave,2024/05/12 21:11:39+00,26130 Narbonne Ave Unit 105 Lomita 90717,D059D93D-8413-4969-B02F-DCB0EA6E540C_26130_Narbonne_Ave_Unit_105_Lomita_90717,Narbonne,26130 Narbonne Avenue Ave Unit 105 Lomita 90717,,,,
10383,18849,,,,25928.0,,,,,,Oak,Street,,,,,,,,,,,Unit,B,90717.0,,Lomita,Lomita,,,,,Office of Assessor,{9C72A010-873D-4585-85E9-BADC2080858E},0,,9C72A010-873D-4585-85E9-BADC2080858E,Unknown,,,,,St,Oak St,2024/05/12 21:11:39+00,25928 Oak St Unit B Lomita 90717,9C72A010-873D-4585-85E9-BADC2080858E_25928_Oak_St_Unit_B_Lomita_90717,Oak,25928 Oak Street St Unit B Lomita 90717,,,,
10384,18850,,,,25905.0,,,,,,Narbonne,Avenue,,,,,,,,,,,Unit,1,90717.0,,Lomita,Lomita,,,,,Office of Assessor,{CCF0F865-A33E-4819-B9D3-E7F363862571},0,,CCF0F865-A33E-4819-B9D3-E7F363862571,Unknown,,,,,Ave,Narbonne Ave,2024/05/12 21:11:39+00,25905 Narbonne Ave Unit 1 Lomita 90717,CCF0F865-A33E-4819-B9D3-E7F363862571_25905_Narbonne_Ave_Unit_1_Lomita_90717,Narbonne,25905 Narbonne Avenue Ave Unit 1 Lomita 90717,,,,
10385,18851,,,,25905.0,,,,,,Narbonne,Avenue,,,,,,,,,,,Unit,12,90717.0,,Lomita,Lomita,,,,,Office of Assessor,{8353C9BD-75B9-4D6D-B6C4-EA923D2068BF},0,,8353C9BD-75B9-4D6D-B6C4-EA923D2068BF,Unknown,,,,,Ave,Narbonne Ave,2024/05/12 21:11:39+00,25905 Narbonne Ave Unit 12 Lomita 90717,8353C9BD-75B9-4D6D-B6C4-EA923D2068BF_25905_Narbonne_Ave_Unit_12_Lomita_90717,Narbonne,25905 Narbonne Avenue Ave Unit 12 Lomita 90717,,,,
10388,18862,,,,25594.0,,,,,,Oak,Street,,,,,,,,,,,,,90717.0,,Lomita,Lomita,,,,,Office of Assessor,{F6FC6AB7-1701-4E1C-8F90-624C2CA46790},0,,F6FC6AB7-1701-4E1C-8F90-624C2CA46790,Unknown,,,,,St,Oak St,2024/05/12 21:11:39+00,25594 Oak St Lomita 90717,F6FC6AB7-1701-4E1C-8F90-624C2CA46790_25594_Oak_St_Lomita_90717,Oak,25594 Oak Street St Lomita 90717,,,,
10389,18863,,,,26130.0,,,,,,Narbonne,Avenue,,,,,,,,,,,Unit,115,90717.0,,Lomita,Lomita,,,,,Office of Assessor,{38D8624A-1AC1-4636-8A0A-4FDB7A9579D9},0,,38D8624A-1AC1-4636-8A0A-4FDB7A9579D9,Unknown,,,,,Ave,Narbonne Ave,2024/05/12 21:11:39+00,26130 Narbonne Ave Unit 115 Lomita 90717,38D8624A-1AC1-4636-8A0A-4FDB7A9579D9_26130_Narbonne_Ave_Unit_115_Lomita_90717,Narbonne,26130 Narbonne Avenue Ave Unit 115 Lomita 90717,,,,
10390,18866,,,,25834.0,,,,,,Pennsylvania,Avenue,,,,,,,,,,,Unit,5,90717.0,,Lomita,Lomita,,,,,Office of Assessor,{10C88FCC-331D-44E5-A59B-1110EEA2CC62},0,,10C88FCC-331D-44E5-A59B-1110EEA2CC62,Unknown,,,,,Ave,Pennsylvania Ave,2024/05/12 21:11:39+00,25834 Pennsylvania Ave Unit 5 Lomita 90717,10C88FCC-331D-44E5-A59B-1110EEA2CC62_25834_Pennsylvania_Ave_Unit_5_Lomita_90717,Pennsylvania,25834 Pennsylvania Avenue Ave Unit 5 Lomita 90717,,,,
10391,18867,,,,25837.0,,,,,,Oak,Street,,,,,,,,,,,Unit,112,90717.0,,Lomita,Lomita,,,,,Office of Assessor,{F00CCD7F-AF02-4168-A7C9-5917C0F6F08A},0,,F00CCD7F-AF02-4168-A7C9-5917C0F6F08A,Unknown,,,,,St,Oak St,2024/05/12 21:11:39+00,25837 Oak St Unit 112 Lomita 90717,F00CCD7F-AF02-4168-A7C9-5917C0F6F08A_25837_Oak_St_Unit_112_Lomita_90717,Oak,25837 Oak Street St Unit 112 Lomita 90717,,,,
10394,18875,,,,26121.0,,,,,,Oak,Street,,,,,,,,,,,Unit,A,90717.0,,Lomita,Lomita,,,,,Office of Assessor,{19582F76-54AD-49F2-A2F8-F8D29AA2D148},0,,19582F76-54AD-49F2-A2F8-F8D29AA2D148,Unknown,,,,,St,Oak St,2024/05/12 21:11:39+00,26121 Oak St Unit A Lomita 90717,19582F76-54AD-49F2-A2F8-F8D29AA2D148_26121_Oak_St_Unit_A_Lomita_90717,Oak,26121 Oak Street St Unit A Lomita 90717,,,,
10395,18876,,,,25921.0,,,,,,Oak,Street,,,,,,,,,,,Unit,206,90717.0,,Lomita,Lomita,,,,,Office of Assessor,{0F82DABF-6EE1-4AE8-85FE-B1C6000D1200},0,,0F82DABF-6EE1-4AE8-85FE-B1C6000D1200,Unknown,,,,,St,Oak St,2024/05/12 21:11:39+00,25921 Oak St Unit 206 Lomita 90717,0F82DABF-6EE1-4AE8-85FE-B1C6000D1200_25921_Oak_St_Unit_206_Lomita_90717,Oak,25921 Oak Street St Unit 206 Lomita 90717,,,,
10396,18879,,,,25925.0,,,,,,Narbonne,Avenue,,,,,,,,,,,Unit,35,90717.0,,Lomita,Lomita,,,,,Office of Assessor,{6C095CF9-BFCD-4504-97B8-24BD19AA623C},0,,6C095CF9-BFCD-4504-97B8-24BD19AA623C,Unknown,,,,,Ave,Narbonne Ave,2024/05/12 21:11:39+00,25925 Narbonne Ave Unit 35 Lomita 90717,6C095CF9-BFCD-4504-97B8-24BD19AA623C_25925_Narbonne_Ave_Unit_35_Lomita_90717,Narbonne,25925 Narbonne Avenue Ave Unit 35 Lomita 90717,,,,
10400,18890,,,,25846.0,,,,,,Viana,Avenue,,,,,,,,,,,Unit,C,90717.0,,Lomita,Lomita,,,,,Office of Assessor,{97CEB0F2-EFAB-47E2-9186-71716A222E3A},0,,97CEB0F2-EFAB-47E2-9186-71716A222E3A,Unknown,,,,,Ave,Viana Ave,2024/05/12 21:11:39+00,25846 Viana Ave Unit C Lomita 90717,97CEB0F2-EFAB-47E2-9186-71716A222E3A_25846_Viana_Ave_Unit_C_Lomita_90717,Viana,25846 Viana Avenue Ave Unit C Lomita 90717,,,,
10404,18918,,,,26130.0,,,,,,Narbonne,Avenue,,,,,,,,,,,Unit,104,90717.0,,Lomita,Lomita,,,,,Office of Assessor,{18FB76C2-C56B-46AC-A50B-2F7ACD8FFF96},0,,18FB76C2-C56B-46AC-A50B-2F7ACD8FFF96,Unknown,,,,,Ave,Narbonne Ave,2024/05/12 21:11:39+00,26130 Narbonne Ave Unit 104 Lomita 90717,18FB76C2-C56B-46AC-A50B-2F7ACD8FFF96_26130_Narbonne_Ave_Unit_104_Lomita_90717,Narbonne,26130 Narbonne Avenue Ave Unit 104 Lomita 90717,,,,
10405,18919,,,,25925.0,,,,,,Narbonne,Avenue,,,,,,,,,,,Unit,36,90717.0,,Lomita,Lomita,,,,,Office of Assessor,{425F4384-9928-4C3D-80B5-686768B3A8DB},0,,425F4384-9928-4C3D-80B5-686768B3A8DB,Unknown,,,,,Ave,Narbonne Ave,2024/05/12 21:11:39+00,25925 Narbonne Ave Unit 36 Lomita 90717,425F4384-9928-4C3D-80B5-686768B3A8DB_25925_Narbonne_Ave_Unit_36_Lomita_90717,Narbonne,25925 Narbonne Avenue Ave Unit 36 Lomita 90717,,,,
10407,18926,,,,26015.0,,,,,,Narbonne,Avenue,,,,,,,,,,,Apartment,7,90717.0,,Lomita,Lomita,,,,,Office of Assessor,{9D9F9079-26C0-4302-B64B-1D23C736B4A5},0,,9D9F9079-26C0-4302-B64B-1D23C736B4A5,Unknown,,,,,Ave,Narbonne Ave,2024/05/12 21:11:39+00,26015 Narbonne Ave Apartment 7 Lomita 90717,9D9F9079-26C0-4302-B64B-1D23C736B4A5_26015_Narbonne_Ave_Apartment_7_Lomita_90717,Narbonne,26015 Narbonne Avenue Ave Apartment 7 Lomita 90717,,,,
10410,18931,,,,25837.0,,,,,,Oak,Street,,,,,,,,,,,Unit,125,90717.0,,Lomita,Lomita,,,,,Office of Assessor,{752DE262-5D1F-4FB4-8CF4-BBF6BE26EF6C},0,,752DE262-5D1F-4FB4-8CF4-BBF6BE26EF6C,Unknown,,,,,St,Oak St,2024/05/12 21:11:39+00,25837 Oak St Unit 125 Lomita 90717,752DE262-5D1F-4FB4-8CF4-BBF6BE26EF6C_25837_Oak_St_Unit_125_Lomita_90717,Oak,25837 Oak Street St Unit 125 Lomita 90717,,,,
10412,18938,,,,25925.0,,,,,,Oak,Street,,,,,,,,,,,Unit,118,90717.0,,Lomita,Lomita,,,,,Office of Assessor,{441DE6F6-DDE8-4B4E-87BF-D70E9CDC532C},0,,441DE6F6-DDE8-4B4E-87BF-D70E9CDC532C,Unknown,,,,,St,Oak St,2024/05/12 21:11:39+00,25925 Oak St Unit 118 Lomita 90717,441DE6F6-DDE8-4B4E-87BF-D70E9CDC532C_25925_Oak_St_Unit_118_Lomita_90717,Oak,25925 Oak Street St Unit 118 Lomita 90717,,,,
10413,18940,,,,25930.0,,,,,,Narbonne,Avenue,,,,,,,,,,,Unit,129,90717.0,,Lomita,Lomita,,,,,Office of Assessor,{8654CE6F-E0C4-4D93-9D97-E155C6885971},0,,8654CE6F-E0C4-4D93-9D97-E155C6885971,Unknown,,,,,Ave,Narbonne Ave,2024/05/12 21:11:39+00,25930 Narbonne Ave Unit 129 Lomita 90717,8654CE6F-E0C4-4D93-9D97-E155C6885971_25930_Narbonne_Ave_Unit_129_Lomita_90717,Narbonne,25930 Narbonne Avenue Ave Unit 129 Lomita 90717,,,,
10414,18942,,,,26116.0,,,,,,Narbonne,Avenue,,,,,,,,,,,Unit,J,90717.0,,Lomita,Lomita,,,,,Office of Assessor,{FC84F4A9-D7DA-4E38-989F-0EC25C1B79D0},0,,FC84F4A9-D7DA-4E38-989F-0EC25C1B79D0,Unknown,,,,,Ave,Narbonne Ave,2024/05/12 21:11:39+00,26116 Narbonne Ave Unit J Lomita 90717,FC84F4A9-D7DA-4E38-989F-0EC25C1B79D0_26116_Narbonne_Ave_Unit_J_Lomita_90717,Narbonne,26116 Narbonne Avenue Ave Unit J Lomita 90717,,,,
10415,18943,,,,25921.0,,,,,,Oak,Street,,,,,,,,,,,Unit,208,90717.0,,Lomita,Lomita,,,,,Office of Assessor,{0263C0CB-1A7F-4C6D-BFC5-B33825217858},0,,0263C0CB-1A7F-4C6D-BFC5-B33825217858,Unknown,,,,,St,Oak St,2024/05/12 21:11:39+00,25921 Oak St Unit 208 Lomita 90717,0263C0CB-1A7F-4C6D-BFC5-B33825217858_25921_Oak_St_Unit_208_Lomita_90717,Oak,25921 Oak Street St Unit 208 Lomita 90717,,,,
10421,18963,,,,25928.0,,,,,,Oak,Street,,,,,,,,,,,Unit,D,90717.0,,Lomita,Lomita,,,,,Office of Assessor,{3A7F39FA-1C03-4134-98B2-AD29157B2442},0,,3A7F39FA-1C03-4134-98B2-AD29157B2442,Unknown,,,,,St,Oak St,2024/05/12 21:11:39+00,25928 Oak St Unit D Lomita 90717,3A7F39FA-1C03-4134-98B2-AD29157B2442_25928_Oak_St_Unit_D_Lomita_90717,Oak,25928 Oak Street St Unit D Lomita 90717,,,,
10423,18968,,,,25837.0,,,,,,Oak,Street,,,,,,,,,,,Unit,113,90717.0,,Lomita,Lomita,,,,,Office of Assessor,{3B3E5CB3-D513-4694-8905-19781C0A894D},0,,3B3E5CB3-D513-4694-8905-19781C0A894D,Unknown,,,,,St,Oak St,2024/05/12 21:11:39+00,25837 Oak St Unit 113 Lomita 90717,3B3E5CB3-D513-4694-8905-19781C0A894D_25837_Oak_St_Unit_113_Lomita_90717,Oak,25837 Oak Street St Unit 113 Lomita 90717,,,,
10425,18980,,,,25900.0,,,,,,Oak,Street,,,,,,,,,,,Unit,112,90717.0,,Lomita,Lomita,,,,,Office of Assessor,{CC0AE4D0-FE0D-4721-A3F5-C1EAD8268936},0,,CC0AE4D0-FE0D-4721-A3F5-C1EAD8268936,Unknown,,,,,St,Oak St,2024/05/12 21:11:39+00,25900 Oak St Unit 112 Lomita 90717,CC0AE4D0-FE0D-4721-A3F5-C1EAD8268936_25900_Oak_St_Unit_112_Lomita_90717,Oak,25900 Oak Street St Unit 112 Lomita 90717,,,,
10427,18982,,,,26002.0,,,,,,Pennsylvania,Avenue,,,,,,,,,,,Unit,7,90717.0,,Lomita,Lomita,,,,,Office of Assessor,{84D7CE1C-9DFC-46C0-9036-6121B5E96BF6},0,,84D7CE1C-9DFC-46C0-9036-6121B5E96BF6,Unknown,,,,,Ave,Pennsylvania Ave,2024/05/12 21:11:39+00,26002 Pennsylvania Ave Unit 7 Lomita 90717,84D7CE1C-9DFC-46C0-9036-6121B5E96BF6_26002_Pennsylvania_Ave_Unit_7_Lomita_90717,Pennsylvania,26002 Pennsylvania Avenue Ave Unit 7 Lomita 90717,,,,
10428,18988,,,,25546.0,,,,,,Oak,Street,,,,,,,,,,,,,90717.0,,Lomita,Lomita,,,,,Office of Assessor,{6EADC3FA-66E6-4B5C-A341-3B4D584CCF7D},0,,6EADC3FA-66E6-4B5C-A341-3B4D584CCF7D,Unknown,,,,,St,Oak St,2024/05/12 21:11:39+00,25546 Oak St Lomita 90717,6EADC3FA-66E6-4B5C-A341-3B4D584CCF7D_25546_Oak_St_Lomita_90717,Oak,25546 Oak Street St Lomita 90717,,,,
10430,18995,,,,26130.0,,,,,,Narbonne,Avenue,,,,,,,,,,,Unit,136,90717.0,,Lomita,Lomita,,,,,Office of Assessor,{A537E814-CA1D-4172-AC37-48FD058CC1BE},0,,A537E814-CA1D-4172-AC37-48FD058CC1BE,Unknown,,,,,Ave,Narbonne Ave,2024/05/12 21:11:39+00,26130 Narbonne Ave Unit 136 Lomita 90717,A537E814-CA1D-4172-AC37-48FD058CC1BE_26130_Narbonne_Ave_Unit_136_Lomita_90717,Narbonne,26130 Narbonne Avenue Ave Unit 136 Lomita 90717,,,,
10432,19000,,,,26015.0,,,,,,Narbonne,Avenue,,,,,,,,,,,Apartment,23,90717.0,,Lomita,Lomita,,,,,Office of Assessor,{92DDD9BD-967F-4A79-A652-F20F7ED6288A},0,,92DDD9BD-967F-4A79-A652-F20F7ED6288A,Unknown,,,,,Ave,Narbonne Ave,2024/05/12 21:11:39+00,26015 Narbonne Ave Apartment 23 Lomita 90717,92DDD9BD-967F-4A79-A652-F20F7ED6288A_26015_Narbonne_Ave_Apartment_23_Lomita_90717,Narbonne,26015 Narbonne Avenue Ave Apartment 23 Lomita 90717,,,,
10436,19011,,,,25921.0,,,,,,Oak,Street,,,,,,,,,,,Unit,211,90717.0,,Lomita,Lomita,,,,,Office of Assessor,{36C679CD-F61C-4F87-A3AA-1F9D6951A5D8},0,,36C679CD-F61C-4F87-A3AA-1F9D6951A5D8,Unknown,,,,,St,Oak St,2024/05/12 21:11:39+00,25921 Oak St Unit 211 Lomita 90717,36C679CD-F61C-4F87-A3AA-1F9D6951A5D8_25921_Oak_St_Unit_211_Lomita_90717,Oak,25921 Oak Street St Unit 211 Lomita 90717,,,,
10438,19014,,,,25930.0,,,,,,Narbonne,Avenue,,,,,,,,,,,Unit,118,90717.0,,Lomita,Lomita,,,,,Office of Assessor,{D32428A6-7555-4CCB-A5E9-C20877ECBE46},0,,D32428A6-7555-4CCB-A5E9-C20877ECBE46,Unknown,,,,,Ave,Narbonne Ave,2024/05/12 21:11:39+00,25930 Narbonne Ave Unit 118 Lomita 90717,D32428A6-7555-4CCB-A5E9-C20877ECBE46_25930_Narbonne_Ave_Unit_118_Lomita_90717,Narbonne,25930 Narbonne Avenue Ave Unit 118 Lomita 90717,,,,
10439,19029,,,,2333.0,,,,,,241st,Street,,,,,,,,,,,Unit,17,90717.0,,Lomita,Lomita,,,,,Office of Assessor,{8ADCA844-D7C9-46C4-9363-6962CD365815},0,,8ADCA844-D7C9-46C4-9363-6962CD365815,Unknown,,,,,St,241st St,2024/05/12 21:11:39+00,2333 241st St Unit 17 Lomita 90717,8ADCA844-D7C9-46C4-9363-6962CD365815_2333_241st_St_Unit_17_Lomita_90717,241st,2333 241st Street St Unit 17 Lomita 90717,,,,
10441,19032,,,,25925.0,,,,,,Narbonne,Avenue,,,,,,,,,,,Apartment,23,90717.0,,Lomita,Lomita,,,,,Office of Assessor,{E9573167-6209-4A49-BF90-D7665D777A18},0,,E9573167-6209-4A49-BF90-D7665D777A18,Unknown,,,,,Ave,Narbonne Ave,2024/05/12 21:11:39+00,25925 Narbonne Ave Apartment 23 Lomita 90717,E9573167-6209-4A49-BF90-D7665D777A18_25925_Narbonne_Ave_Apartment_23_Lomita_90717,Narbonne,25925 Narbonne Avenue Ave Apartment 23 Lomita 90717,,,,
10444,19035,,,,26120.0,,,,,,Narbonne,Avenue,,,,,,,,,,,Unit,K,90717.0,,Lomita,Lomita,,,,,Office of Assessor,{0FE66CB3-73A4-49A9-8C5B-EF37769B4BFF},0,,0FE66CB3-73A4-49A9-8C5B-EF37769B4BFF,Unknown,,,,,Ave,Narbonne Ave,2024/05/12 21:11:39+00,26120 Narbonne Ave Unit K Lomita 90717,0FE66CB3-73A4-49A9-8C5B-EF37769B4BFF_26120_Narbonne_Ave_Unit_K_Lomita_90717,Narbonne,26120 Narbonne Avenue Ave Unit K Lomita 90717,,,,
10446,19047,,,,26116.0,,,,,,Narbonne,Avenue,,,,,,,,,,,Unit,L,90717.0,,Lomita,Lomita,,,,,Office of Assessor,{895573F2-7690-48B4-B8E5-DFD5464FE828},0,,895573F2-7690-48B4-B8E5-DFD5464FE828,Unknown,,,,,Ave,Narbonne Ave,2024/05/12 21:11:39+00,26116 Narbonne Ave Unit L Lomita 90717,895573F2-7690-48B4-B8E5-DFD5464FE828_26116_Narbonne_Ave_Unit_L_Lomita_90717,Narbonne,26116 Narbonne Avenue Ave Unit L Lomita 90717,,,,
10447,19053,,,,2368.0,,,,,,241st,Street,,,,,,,,,,,,,90717.0,,Lomita,Lomita,,,,,Office of Assessor,{479A3FBE-BCBE-43A4-81DB-DAB068209940},0,,479A3FBE-BCBE-43A4-81DB-DAB068209940,Unknown,,,,,St,241st St,2024/05/12 21:11:39+00,2368 241st St Lomita 90717,479A3FBE-BCBE-43A4-81DB-DAB068209940_2368_241st_St_Lomita_90717,241st,2368 241st Street St Lomita 90717,,,,
10448,19060,,,,26120.0,,,,,,Narbonne,Avenue,,,,,,,,,,,Unit,J,90717.0,,Lomita,Lomita,,,,,Office of Assessor,{A19AF600-EEEC-4A28-BED5-D3C5CD2B0323},0,,A19AF600-EEEC-4A28-BED5-D3C5CD2B0323,Unknown,,,,,Ave,Narbonne Ave,2024/05/12 21:11:39+00,26120 Narbonne Ave Unit J Lomita 90717,A19AF600-EEEC-4A28-BED5-D3C5CD2B0323_26120_Narbonne_Ave_Unit_J_Lomita_90717,Narbonne,26120 Narbonne Avenue Ave Unit J Lomita 90717,,,,
10451,19073,,,,26130.0,,,,,,Narbonne,Avenue,,,,,,,,,,,Unit,138,90717.0,,Lomita,Lomita,,,,,Office of Assessor,{776F452E-C302-4C2B-9424-A8BF5D451832},0,,776F452E-C302-4C2B-9424-A8BF5D451832,Unknown,,,,,Ave,Narbonne Ave,2024/05/12 21:11:39+00,26130 Narbonne Ave Unit 138 Lomita 90717,776F452E-C302-4C2B-9424-A8BF5D451832_26130_Narbonne_Ave_Unit_138_Lomita_90717,Narbonne,26130 Narbonne Avenue Ave Unit 138 Lomita 90717,,,,
10454,19079,,,,2355.0,,,,,,Austinbrook,Court,,,,,,,,,,,,,90717.0,,Lomita,Lomita,,,,,Office of Assessor,{4DD623B8-D499-4DA8-8C6D-40AEEADEA418},0,,4DD623B8-D499-4DA8-8C6D-40AEEADEA418,Unknown,,,,,Ct,Austinbrook Ct,2024/05/12 21:11:39+00,2355 Austinbrook Ct Lomita 90717,4DD623B8-D499-4DA8-8C6D-40AEEADEA418_2355_Austinbrook_Ct_Lomita_90717,Austinbrook,2355 Austinbrook Court Ct Lomita 90717,,,,
10458,19086,,,,2333.0,,,,,,241st,Street,,,,,,,,,,,Unit,29,90717.0,,Lomita,Lomita,,,,,Office of Assessor,{6CE9358E-8CBD-4B73-AAB5-5F2809B8C3BA},0,,6CE9358E-8CBD-4B73-AAB5-5F2809B8C3BA,Unknown,,,,,St,241st St,2024/05/12 21:11:39+00,2333 241st St Unit 29 Lomita 90717,6CE9358E-8CBD-4B73-AAB5-5F2809B8C3BA_2333_241st_St_Unit_29_Lomita_90717,241st,2333 241st Street St Unit 29 Lomita 90717,,,,
10460,19093,,,,25925.0,,,,,,Narbonne,Avenue,,,,,,,,,,,Unit,43,90717.0,,Lomita,Lomita,,,,,Office of Assessor,{C990271D-ADC0-4BDF-84F9-6E9A18AA824A},0,,C990271D-ADC0-4BDF-84F9-6E9A18AA824A,Unknown,,,,,Ave,Narbonne Ave,2024/05/12 21:11:39+00,25925 Narbonne Ave Unit 43 Lomita 90717,C990271D-ADC0-4BDF-84F9-6E9A18AA824A_25925_Narbonne_Ave_Unit_43_Lomita_90717,Narbonne,25925 Narbonne Avenue Ave Unit 43 Lomita 90717,,,,
10461,19094,,,,25905.0,,,,,,Narbonne,Avenue,,,,,,,,,,,Unit,25,90717.0,,Lomita,Lomita,,,,,Office of Assessor,{8B5089C3-93D3-4588-8CE9-682944CC199C},0,,8B5089C3-93D3-4588-8CE9-682944CC199C,Unknown,,,,,Ave,Narbonne Ave,2024/05/12 21:11:39+00,25905 Narbonne Ave Unit 25 Lomita 90717,8B5089C3-93D3-4588-8CE9-682944CC199C_25905_Narbonne_Ave_Unit_25_Lomita_90717,Narbonne,25905 Narbonne Avenue Ave Unit 25 Lomita 90717,,,,
10462,19099,,,,2235.0,,,,,,241st,Street,,,,,,,,,,,Unit,9,90717.0,,Lomita,Lomita,,,,,Office of Assessor,{EF56BD3E-0285-45DC-9D02-2450F532F114},0,,EF56BD3E-0285-45DC-9D02-2450F532F114,Unknown,,,,,St,241st St,2024/05/12 21:11:39+00,2235 241st St Unit 9 Lomita 90717,EF56BD3E-0285-45DC-9D02-2450F532F114_2235_241st_St_Unit_9_Lomita_90717,241st,2235 241st Street St Unit 9 Lomita 90717,,,,
10463,19100,,,,25905.0,,,,,,Narbonne,Avenue,,,,,,,,,,,Unit,3,90717.0,,Lomita,Lomita,,,,,Office of Assessor,{02AD99B2-E21B-4827-A02A-2A2D90E2FBC8},0,,02AD99B2-E21B-4827-A02A-2A2D90E2FBC8,Unknown,,,,,Ave,Narbonne Ave,2024/05/12 21:11:39+00,25905 Narbonne Ave Unit 3 Lomita 90717,02AD99B2-E21B-4827-A02A-2A2D90E2FBC8_25905_Narbonne_Ave_Unit_3_Lomita_90717,Narbonne,25905 Narbonne Avenue Ave Unit 3 Lomita 90717,,,,
10467,19109,,,,2332.0,,,,,,241st,Street,,,,,,,,,,,,,90717.0,,Lomita,Lomita,,,,,Office of Assessor,{A1891C13-232D-4B46-89DA-31D6480CFDF8},0,,A1891C13-232D-4B46-89DA-31D6480CFDF8,Unknown,,,,,St,241st St,2024/05/12 21:11:39+00,2332 241st St Lomita 90717,A1891C13-232D-4B46-89DA-31D6480CFDF8_2332_241st_St_Lomita_90717,241st,2332 241st Street St Lomita 90717,,,,
10468,19112,,,,2110.0,,,,,,Palos Verdes,Drive,North,,,,,,,,,,Unit,102,90717.0,,Lomita,Lomita,,,,,Office of Assessor,{98C59186-1FFD-4717-95BB-A3876BC8D583},0,,98C59186-1FFD-4717-95BB-A3876BC8D583,Unknown,,,N,,Dr,Palos Verdes Dr N,2024/05/12 21:11:39+00,2110 Palos Verdes Dr N Unit 102 Lomita 90717,98C59186-1FFD-4717-95BB-A3876BC8D583_2110_Palos_Verdes_Dr_N_Unit_102_Lomita_90717,Palos Verdes,2110 Palos Verdes Drive Dr N Unit 102 Lomita 90717,,,,
10469,19117,,,,2333.0,,,,,,241st,Street,,,,,,,,,,,Unit,19,90717.0,,Lomita,Lomita,,,,,Office of Assessor,{66CC7247-AA0F-478A-B3BA-0016E5DD9C0D},0,,66CC7247-AA0F-478A-B3BA-0016E5DD9C0D,Unknown,,,,,St,241st St,2024/05/12 21:11:39+00,2333 241st St Unit 19 Lomita 90717,66CC7247-AA0F-478A-B3BA-0016E5DD9C0D_2333_241st_St_Unit_19_Lomita_90717,241st,2333 241st Street St Unit 19 Lomita 90717,,,,
10470,19125,,,,25925.0,,,,,,Oak,Street,,,,,,,,,,,Unit,120,90717.0,,Lomita,Lomita,,,,,Office of Assessor,{AA1B1441-719D-4502-BB6A-226D615FA47B},0,,AA1B1441-719D-4502-BB6A-226D615FA47B,Unknown,,,,,St,Oak St,2024/05/12 21:11:39+00,25925 Oak St Unit 120 Lomita 90717,AA1B1441-719D-4502-BB6A-226D615FA47B_25925_Oak_St_Unit_120_Lomita_90717,Oak,25925 Oak Street St Unit 120 Lomita 90717,,,,
10473,19131,,,,25905.0,,,,,,Narbonne,Avenue,,,,,,,,,,,Unit,19,90717.0,,Lomita,Lomita,,,,,Office of Assessor,{A0D90EEA-5789-4406-9E47-7B01F4574325},0,,A0D90EEA-5789-4406-9E47-7B01F4574325,Unknown,,,,,Ave,Narbonne Ave,2024/05/12 21:11:39+00,25905 Narbonne Ave Unit 19 Lomita 90717,A0D90EEA-5789-4406-9E47-7B01F4574325_25905_Narbonne_Ave_Unit_19_Lomita_90717,Narbonne,25905 Narbonne Avenue Ave Unit 19 Lomita 90717,,,,
10475,19136,,,,25925.0,,,,,,Oak,Street,,,,,,,,,,,Unit,106,90717.0,,Lomita,Lomita,,,,,Office of Assessor,{0C434DF0-40D1-477F-8A2E-80F939C2568A},0,,0C434DF0-40D1-477F-8A2E-80F939C2568A,Unknown,,,,,St,Oak St,2024/05/12 21:11:39+00,25925 Oak St Unit 106 Lomita 90717,0C434DF0-40D1-477F-8A2E-80F939C2568A_25925_Oak_St_Unit_106_Lomita_90717,Oak,25925 Oak Street St Unit 106 Lomita 90717,,,,
10482,19147,,,,25925.0,,,,,,Narbonne,Avenue,,,,,,,,,,,Unit,22,90717.0,,Lomita,Lomita,,,,,Office of Assessor,{9A9AC9B4-E540-4103-86BC-C3997561DA40},0,,9A9AC9B4-E540-4103-86BC-C3997561DA40,Unknown,,,,,Ave,Narbonne Ave,2024/05/12 21:11:39+00,25925 Narbonne Ave Unit 22 Lomita 90717,9A9AC9B4-E540-4103-86BC-C3997561DA40_25925_Narbonne_Ave_Unit_22_Lomita_90717,Narbonne,25925 Narbonne Avenue Ave Unit 22 Lomita 90717,,,,
10483,19153,,,,25930.0,,,,,,Narbonne,Avenue,,,,,,,,,,,Unit,136,90717.0,,Lomita,Lomita,,,,,Office of Assessor,{42BFE2CC-5AFA-4788-A265-D1BA0FAA634C},0,,42BFE2CC-5AFA-4788-A265-D1BA0FAA634C,Unknown,,,,,Ave,Narbonne Ave,2024/05/12 21:11:39+00,25930 Narbonne Ave Unit 136 Lomita 90717,42BFE2CC-5AFA-4788-A265-D1BA0FAA634C_25930_Narbonne_Ave_Unit_136_Lomita_90717,Narbonne,25930 Narbonne Avenue Ave Unit 136 Lomita 90717,,,,
10487,19159,,,,26121.0,,,,,,Oak,Street,,,,,,,,,,,,,90717.0,,Lomita,Lomita,,,,,Office of Assessor,{42345698-D7F0-4449-9B02-7C1BA3EABEA3},0,,42345698-D7F0-4449-9B02-7C1BA3EABEA3,Unknown,,,,,St,Oak St,2024/05/12 21:11:39+00,26121 Oak St Lomita 90717,42345698-D7F0-4449-9B02-7C1BA3EABEA3_26121_Oak_St_Lomita_90717,Oak,26121 Oak Street St Lomita 90717,,,,
10490,19169,,,,25918.0,,,,,,Pennsylvania,Avenue,,,,,,,,,,,Unit,D,90717.0,,Lomita,Lomita,,,,,Office of Assessor,{E9EF244A-1959-4FFD-A0D0-6E88DAE80C70},0,,E9EF244A-1959-4FFD-A0D0-6E88DAE80C70,Unknown,,,,,Ave,Pennsylvania Ave,2024/05/12 21:11:39+00,25918 Pennsylvania Ave Unit D Lomita 90717,E9EF244A-1959-4FFD-A0D0-6E88DAE80C70_25918_Pennsylvania_Ave_Unit_D_Lomita_90717,Pennsylvania,25918 Pennsylvania Avenue Ave Unit D Lomita 90717,,,,
10491,19171,,,,26130.0,,,,,,Narbonne,Avenue,,,,,,,,,,,Unit,137,90717.0,,Lomita,Lomita,,,,,Office of Assessor,{20AFB754-C736-4BC0-AE1F-1A12B4683381},0,,20AFB754-C736-4BC0-AE1F-1A12B4683381,Unknown,,,,,Ave,Narbonne Ave,2024/05/12 21:11:39+00,26130 Narbonne Ave Unit 137 Lomita 90717,20AFB754-C736-4BC0-AE1F-1A12B4683381_26130_Narbonne_Ave_Unit_137_Lomita_90717,Narbonne,26130 Narbonne Avenue Ave Unit 137 Lomita 90717,,,,
10492,19180,,,,26105.0,,,,,,Oak,Street,,,,,,,,,,,Unit,C,90717.0,,Lomita,Lomita,,,,,Office of Assessor,{BEFDDF35-9DE6-43BD-A9A1-E4E615464EC0},0,,BEFDDF35-9DE6-43BD-A9A1-E4E615464EC0,Unknown,,,,,St,Oak St,2024/05/12 21:11:39+00,26105 Oak St Unit C Lomita 90717,BEFDDF35-9DE6-43BD-A9A1-E4E615464EC0_26105_Oak_St_Unit_C_Lomita_90717,Oak,26105 Oak Street St Unit C Lomita 90717,,,,
10494,19182,,,,2110.0,,,,,,Palos Verdes,Drive,North,,,,,,,,,,Unit,207,90717.0,,Lomita,Lomita,,,,,Office of Assessor,{ED55E06A-B8FB-414D-91FB-B63E29DA15C5},0,,ED55E06A-B8FB-414D-91FB-B63E29DA15C5,Unknown,,,N,,Dr,Palos Verdes Dr N,2024/05/12 21:11:39+00,2110 Palos Verdes Dr N Unit 207 Lomita 90717,ED55E06A-B8FB-414D-91FB-B63E29DA15C5_2110_Palos_Verdes_Dr_N_Unit_207_Lomita_90717,Palos Verdes,2110 Palos Verdes Drive Dr N Unit 207 Lomita 90717,,,,
10497,19187,,,,2110.0,,,,,,Palos Verdes,Drive,North,,,,,,,,,,Unit,103,90717.0,,Lomita,Lomita,,,,,Office of Assessor,{48BD2334-9134-480F-8396-8125308DB8FB},0,,48BD2334-9134-480F-8396-8125308DB8FB,Unknown,,,N,,Dr,Palos Verdes Dr N,2024/05/12 21:11:39+00,2110 Palos Verdes Dr N Unit 103 Lomita 90717,48BD2334-9134-480F-8396-8125308DB8FB_2110_Palos_Verdes_Dr_N_Unit_103_Lomita_90717,Palos Verdes,2110 Palos Verdes Drive Dr N Unit 103 Lomita 90717,,,,
10498,19188,,,,2270.0,,,,,,241st,Street,,,,,,,,,,,Unit,1A,90717.0,,Lomita,Lomita,,,,,Office of Assessor,{CC791322-68DE-4AE5-9DDC-D524CE4B9B90},0,,CC791322-68DE-4AE5-9DDC-D524CE4B9B90,Unknown,,,,,St,241st St,2024/05/12 21:11:39+00,2270 241st St Unit 1A Lomita 90717,CC791322-68DE-4AE5-9DDC-D524CE4B9B90_2270_241st_St_Unit_1A_Lomita_90717,241st,2270 241st Street St Unit 1A Lomita 90717,,,,
10499,19189,,,,25925.0,,,,,,Narbonne,Avenue,,,,,,,,,,,Unit,32,90717.0,,Lomita,Lomita,,,,,Office of Assessor,{6CBBDB7F-CC49-4D2E-BC8A-55D0BA188209},0,,6CBBDB7F-CC49-4D2E-BC8A-55D0BA188209,Unknown,,,,,Ave,Narbonne Ave,2024/05/12 21:11:39+00,25925 Narbonne Ave Unit 32 Lomita 90717,6CBBDB7F-CC49-4D2E-BC8A-55D0BA188209_25925_Narbonne_Ave_Unit_32_Lomita_90717,Narbonne,25925 Narbonne Avenue Ave Unit 32 Lomita 90717,,,,
10500,19199,,,,26130.0,,,,,,Narbonne,Avenue,,,,,,,,,,,Unit,129,90717.0,,Lomita,Lomita,,,,,Office of Assessor,{91B48A3A-1E3E-440B-AF6D-45D84FADF9D4},0,,91B48A3A-1E3E-440B-AF6D-45D84FADF9D4,Unknown,,,,,Ave,Narbonne Ave,2024/05/12 21:11:39+00,26130 Narbonne Ave Unit 129 Lomita 90717,91B48A3A-1E3E-440B-AF6D-45D84FADF9D4_26130_Narbonne_Ave_Unit_129_Lomita_90717,Narbonne,26130 Narbonne Avenue Ave Unit 129 Lomita 90717,,,,
10503,19204,,,,25974.0,,,,,,Eshelman,Avenue,,,,,,,,,,,,,90717.0,,Lomita,Lomita,,,,,Office of Assessor,{EB6709F7-BB62-4609-B8CE-DC01E3D64A92},0,,EB6709F7-BB62-4609-B8CE-DC01E3D64A92,Unknown,,,,,Ave,Eshelman Ave,2024/05/12 21:11:39+00,25974 Eshelman Ave Lomita 90717,EB6709F7-BB62-4609-B8CE-DC01E3D64A92_25974_Eshelman_Ave_Lomita_90717,Eshelman,25974 Eshelman Avenue Ave Lomita 90717,,,,
10505,19209,,,,25845.0,,,,,,Cypress,Street,,,,,,,,,,,Unit,B,90717.0,,Lomita,Lomita,,,,,Office of Assessor,{EF0D2090-7F3B-4D29-B2A4-EFD1FD3733F9},0,,EF0D2090-7F3B-4D29-B2A4-EFD1FD3733F9,Unknown,,,,,St,Cypress St,2024/05/12 21:11:39+00,25845 Cypress St Unit B Lomita 90717,EF0D2090-7F3B-4D29-B2A4-EFD1FD3733F9_25845_Cypress_St_Unit_B_Lomita_90717,Cypress,25845 Cypress Street St Unit B Lomita 90717,,,,
10506,19211,,,,25837.0,,,,,,Oak,Street,,,,,,,,,,,Unit,223,90717.0,,Lomita,Lomita,,,,,Office of Assessor,{6C26C638-69FB-40EE-BFA4-57461482C3D4},0,,6C26C638-69FB-40EE-BFA4-57461482C3D4,Unknown,,,,,St,Oak St,2024/05/12 21:11:39+00,25837 Oak St Unit 223 Lomita 90717,6C26C638-69FB-40EE-BFA4-57461482C3D4_25837_Oak_St_Unit_223_Lomita_90717,Oak,25837 Oak Street St Unit 223 Lomita 90717,,,,
10507,19212,,,,25839.0,,,,,,Cypress,Street,,,,,,,,,,,Unit,A,90717.0,,Lomita,Lomita,,,,,Office of Assessor,{C3A227D7-B7DE-438B-9C79-F4E4EBC9FB05},0,,C3A227D7-B7DE-438B-9C79-F4E4EBC9FB05,Unknown,,,,,St,Cypress St,2024/05/12 21:11:39+00,25839 Cypress St Unit A Lomita 90717,C3A227D7-B7DE-438B-9C79-F4E4EBC9FB05_25839_Cypress_St_Unit_A_Lomita_90717,Cypress,25839 Cypress Street St Unit A Lomita 90717,,,,
10509,19214,,,,2333.0,,,,,,241st,Street,,,,,,,,,,,Unit,31,90717.0,,Lomita,Lomita,,,,,Office of Assessor,{149C110B-CCA0-4B81-A11B-DEA268174B47},0,,149C110B-CCA0-4B81-A11B-DEA268174B47,Unknown,,,,,St,241st St,2024/05/12 21:11:39+00,2333 241st St Unit 31 Lomita 90717,149C110B-CCA0-4B81-A11B-DEA268174B47_2333_241st_St_Unit_31_Lomita_90717,241st,2333 241st Street St Unit 31 Lomita 90717,,,,
10512,19232,,,,26105.0,,,,,,Oak,Street,,,,,,,,,,,Unit,D,90717.0,,Lomita,Lomita,,,,,Office of Assessor,{DC11217E-BA62-4F8C-B1C5-021983E84372},0,,DC11217E-BA62-4F8C-B1C5-021983E84372,Unknown,,,,,St,Oak St,2024/05/12 21:11:39+00,26105 Oak St Unit D Lomita 90717,DC11217E-BA62-4F8C-B1C5-021983E84372_26105_Oak_St_Unit_D_Lomita_90717,Oak,26105 Oak Street St Unit D Lomita 90717,,,,
10513,19237,,,,25905.0,,,,,,Narbonne,Avenue,,,,,,,,,,,Unit,4,90717.0,,Lomita,Lomita,,,,,Office of Assessor,{B6F4EF3D-2B0E-434E-98D2-3D10C0167EA4},0,,B6F4EF3D-2B0E-434E-98D2-3D10C0167EA4,Unknown,,,,,Ave,Narbonne Ave,2024/05/12 21:11:39+00,25905 Narbonne Ave Unit 4 Lomita 90717,B6F4EF3D-2B0E-434E-98D2-3D10C0167EA4_25905_Narbonne_Ave_Unit_4_Lomita_90717,Narbonne,25905 Narbonne Avenue Ave Unit 4 Lomita 90717,,,,
10515,19241,,,,25921.0,,,,,,Oak,Street,,,,,,,,,,,Unit,210,90717.0,,Lomita,Lomita,,,,,Office of Assessor,{34471366-987E-40FF-96BA-E116964A7C78},0,,34471366-987E-40FF-96BA-E116964A7C78,Unknown,,,,,St,Oak St,2024/05/12 21:11:39+00,25921 Oak St Unit 210 Lomita 90717,34471366-987E-40FF-96BA-E116964A7C78_25921_Oak_St_Unit_210_Lomita_90717,Oak,25921 Oak Street St Unit 210 Lomita 90717,,,,
10516,19243,,,,2367.0,,,,,,Austinbrook,Court,,,,,,,,,,,,,90717.0,,Lomita,Lomita,,,,,Office of Assessor,{B1974048-57EC-492E-B5E7-CD3546142E0E},0,,B1974048-57EC-492E-B5E7-CD3546142E0E,Unknown,,,,,Ct,Austinbrook Ct,2024/05/12 21:11:39+00,2367 Austinbrook Ct Lomita 90717,B1974048-57EC-492E-B5E7-CD3546142E0E_2367_Austinbrook_Ct_Lomita_90717,Austinbrook,2367 Austinbrook Court Ct Lomita 90717,,,,
10521,19254,,,,2352.0,,,,,,241st,Street,,,,,,,,,,,,,90717.0,,Lomita,Lomita,,,,,Office of Assessor,{DB619C65-22DA-47EF-903D-63A82FD99ADF},0,,DB619C65-22DA-47EF-903D-63A82FD99ADF,Unknown,,,,,St,241st St,2024/05/12 21:11:39+00,2352 241st St Lomita 90717,DB619C65-22DA-47EF-903D-63A82FD99ADF_2352_241st_St_Lomita_90717,241st,2352 241st Street St Lomita 90717,,,,
10522,19256,,,,25840.0,,,,,,Viana,Avenue,,,,,,,,,,,Unit,E,90717.0,,Lomita,Lomita,,,,,Office of Assessor,{C4D78637-8CE5-4925-B162-4E535D13E3D3},0,,C4D78637-8CE5-4925-B162-4E535D13E3D3,Unknown,,,,,Ave,Viana Ave,2024/05/12 21:11:39+00,25840 Viana Ave Unit E Lomita 90717,C4D78637-8CE5-4925-B162-4E535D13E3D3_25840_Viana_Ave_Unit_E_Lomita_90717,Viana,25840 Viana Avenue Ave Unit E Lomita 90717,,,,
10524,19260,,,,25930.0,,,,,,Narbonne,Avenue,,,,,,,,,,,Unit,116,90717.0,,Lomita,Lomita,,,,,Office of Assessor,{79001063-3FA2-4165-BD8B-D6E49675ED13},0,,79001063-3FA2-4165-BD8B-D6E49675ED13,Unknown,,,,,Ave,Narbonne Ave,2024/05/12 21:11:39+00,25930 Narbonne Ave Unit 116 Lomita 90717,79001063-3FA2-4165-BD8B-D6E49675ED13_25930_Narbonne_Ave_Unit_116_Lomita_90717,Narbonne,25930 Narbonne Avenue Ave Unit 116 Lomita 90717,,,,
10528,19268,,,,25925.0,,,,,,Oak,Street,,,,,,,,,,,Unit,111,90717.0,,Lomita,Lomita,,,,,Office of Assessor,{23C3DC08-FA07-4C12-9326-15C4C3D7EE38},0,,23C3DC08-FA07-4C12-9326-15C4C3D7EE38,Unknown,,,,,St,Oak St,2024/05/12 21:11:39+00,25925 Oak St Unit 111 Lomita 90717,23C3DC08-FA07-4C12-9326-15C4C3D7EE38_25925_Oak_St_Unit_111_Lomita_90717,Oak,25925 Oak Street St Unit 111 Lomita 90717,,,,
10531,19275,,,,25966.0,,,,,,Eshelman,Avenue,,,,,,,,,,,,,90717.0,,Lomita,Lomita,,,,,Office of Assessor,{02E1299F-9801-4F9F-B93F-65661F26FC0D},0,,02E1299F-9801-4F9F-B93F-65661F26FC0D,Unknown,,,,,Ave,Eshelman Ave,2024/05/12 21:11:39+00,25966 Eshelman Ave Lomita 90717,02E1299F-9801-4F9F-B93F-65661F26FC0D_25966_Eshelman_Ave_Lomita_90717,Eshelman,25966 Eshelman Avenue Ave Lomita 90717,,,,
10532,19277,,,,25921.0,,,,,,Oak,Street,,,,,,,,,,,Unit,202,90717.0,,Lomita,Lomita,,,,,Office of Assessor,{6266C43C-9B48-46B1-B6B6-CDC952FFDD79},0,,6266C43C-9B48-46B1-B6B6-CDC952FFDD79,Unknown,,,,,St,Oak St,2024/05/12 21:11:39+00,25921 Oak St Unit 202 Lomita 90717,6266C43C-9B48-46B1-B6B6-CDC952FFDD79_25921_Oak_St_Unit_202_Lomita_90717,Oak,25921 Oak Street St Unit 202 Lomita 90717,,,,
10534,19283,,,,25925.0,,,,,,Narbonne,Avenue,,,,,,,,,,,Unit,8,90717.0,,Lomita,Lomita,,,,,Office of Assessor,{EB0FBE2C-3D2D-4BD7-974C-F83ADE4E2C3C},0,,EB0FBE2C-3D2D-4BD7-974C-F83ADE4E2C3C,Unknown,,,,,Ave,Narbonne Ave,2024/05/12 21:11:39+00,25925 Narbonne Ave Unit 8 Lomita 90717,EB0FBE2C-3D2D-4BD7-974C-F83ADE4E2C3C_25925_Narbonne_Ave_Unit_8_Lomita_90717,Narbonne,25925 Narbonne Avenue Ave Unit 8 Lomita 90717,,,,
10535,19291,,,,25588.0,,,,,,Oak,Street,,,,,,,,,,,,,90717.0,,Lomita,Lomita,,,,,Office of Assessor,{5C88807D-CFD9-474E-B590-AA84ACCFA9DE},0,,5C88807D-CFD9-474E-B590-AA84ACCFA9DE,Unknown,,,,,St,Oak St,2024/05/12 21:11:39+00,25588 Oak St Lomita 90717,5C88807D-CFD9-474E-B590-AA84ACCFA9DE_25588_Oak_St_Lomita_90717,Oak,25588 Oak Street St Lomita 90717,,,,
10536,19293,,,,25930.0,,,,,,Narbonne,Avenue,,,,,,,,,,,Unit,114,90717.0,,Lomita,Lomita,,,,,Office of Assessor,{0BB065D1-D724-47F1-B750-BED3D8120AE6},0,,0BB065D1-D724-47F1-B750-BED3D8120AE6,Unknown,,,,,Ave,Narbonne Ave,2024/05/12 21:11:39+00,25930 Narbonne Ave Unit 114 Lomita 90717,0BB065D1-D724-47F1-B750-BED3D8120AE6_25930_Narbonne_Ave_Unit_114_Lomita_90717,Narbonne,25930 Narbonne Avenue Ave Unit 114 Lomita 90717,,,,
10537,19294,,,,25938.0,,,,,,Pennsylvania,Avenue,,,,,,,,,,,Unit,3,90717.0,,Lomita,Lomita,,,,,Office of Assessor,{5C1416DA-780C-482F-AB0B-AA673A6CEDE9},0,,5C1416DA-780C-482F-AB0B-AA673A6CEDE9,Unknown,,,,,Ave,Pennsylvania Ave,2024/05/12 21:11:39+00,25938 Pennsylvania Ave Unit 3 Lomita 90717,5C1416DA-780C-482F-AB0B-AA673A6CEDE9_25938_Pennsylvania_Ave_Unit_3_Lomita_90717,Pennsylvania,25938 Pennsylvania Avenue Ave Unit 3 Lomita 90717,,,,
10546,19335,,,,25830.0,,,,,,Oak,Street,,,,,,,,,,,Unit,3,90717.0,,Lomita,Lomita,,,,,Office of Assessor,{4EEB61A3-A4F4-4542-B838-046E1C600398},0,,4EEB61A3-A4F4-4542-B838-046E1C600398,Unknown,,,,,St,Oak St,2024/05/12 21:11:39+00,25830 Oak St Unit 3 Lomita 90717,4EEB61A3-A4F4-4542-B838-046E1C600398_25830_Oak_St_Unit_3_Lomita_90717,Oak,25830 Oak Street St Unit 3 Lomita 90717,,,,
10551,19348,,,,26130.0,,,,,,Narbonne,Avenue,,,,,,,,,,,Unit,122,90717.0,,Lomita,Lomita,,,,,Office of Assessor,{F308A965-14E5-46F3-BCC8-90565027242C},0,,F308A965-14E5-46F3-BCC8-90565027242C,Unknown,,,,,Ave,Narbonne Ave,2024/05/12 21:11:39+00,26130 Narbonne Ave Unit 122 Lomita 90717,F308A965-14E5-46F3-BCC8-90565027242C_26130_Narbonne_Ave_Unit_122_Lomita_90717,Narbonne,26130 Narbonne Avenue Ave Unit 122 Lomita 90717,,,,
10552,19349,,,,2305.0,,,,,,241st,Street,,,,,,,,,,,Unit,6,90717.0,,Lomita,Lomita,,,,,Office of Assessor,{0381B568-7CA2-4A83-ABB9-35791FAC4E6A},0,,0381B568-7CA2-4A83-ABB9-35791FAC4E6A,Unknown,,,,,St,241st St,2024/05/12 21:11:39+00,2305 241st St Unit 6 Lomita 90717,0381B568-7CA2-4A83-ABB9-35791FAC4E6A_2305_241st_St_Unit_6_Lomita_90717,241st,2305 241st Street St Unit 6 Lomita 90717,,,,
10553,19355,,,,24008.0,,,,,,Hillview,Lane,,,,,,,,,,,,,90717.0,,Lomita,Lomita,,,,,Office of Assessor,{E0F88983-158E-4BB1-A917-0E3A348B65D2},0,,E0F88983-158E-4BB1-A917-0E3A348B65D2,Unknown,,,,,Ln,Hillview Ln,2024/05/12 21:11:39+00,24008 Hillview Ln Lomita 90717,E0F88983-158E-4BB1-A917-0E3A348B65D2_24008_Hillview_Ln_Lomita_90717,Hillview,24008 Hillview Lane Ln Lomita 90717,,,,
10554,19358,,,,26015.0,,,,,,Narbonne,Avenue,,,,,,,,,,,Unit,2,90717.0,,Lomita,Lomita,,,,,Office of Assessor,{CFF6E58A-CEAE-42CD-98E4-4874AAAC9CEF},0,,CFF6E58A-CEAE-42CD-98E4-4874AAAC9CEF,Unknown,,,,,Ave,Narbonne Ave,2024/05/12 21:11:39+00,26015 Narbonne Ave Unit 2 Lomita 90717,CFF6E58A-CEAE-42CD-98E4-4874AAAC9CEF_26015_Narbonne_Ave_Unit_2_Lomita_90717,Narbonne,26015 Narbonne Avenue Ave Unit 2 Lomita 90717,,,,
10556,19368,,,,25914.0,,,,,,Pennsylvania,Avenue,,,,,,,,,,,Unit,1,90717.0,,Lomita,Lomita,,,,,Office of Assessor,{F777E12C-8519-480F-8345-1C144A3486BB},0,,F777E12C-8519-480F-8345-1C144A3486BB,Unknown,,,,,Ave,Pennsylvania Ave,2024/05/12 21:11:39+00,25914 Pennsylvania Ave Unit 1 Lomita 90717,F777E12C-8519-480F-8345-1C144A3486BB_25914_Pennsylvania_Ave_Unit_1_Lomita_90717,Pennsylvania,25914 Pennsylvania Avenue Ave Unit 1 Lomita 90717,,,,
10557,19369,,,,25925.0,,,,,,Oak,Street,,,,,,,,,,,Unit,124,90717.0,,Lomita,Lomita,,,,,Office of Assessor,{7F8732A2-EC31-4DAD-9F93-90CC8A262734},0,,7F8732A2-EC31-4DAD-9F93-90CC8A262734,Unknown,,,,,St,Oak St,2024/05/12 21:11:39+00,25925 Oak St Unit 124 Lomita 90717,7F8732A2-EC31-4DAD-9F93-90CC8A262734_25925_Oak_St_Unit_124_Lomita_90717,Oak,25925 Oak Street St Unit 124 Lomita 90717,,,,
10560,19389,,,,25915.0,,,,,,Cypress,Street,,,,,,,,,,,,,90717.0,,Lomita,Lomita,,,,,Office of Assessor,{C168AA97-C4BB-4154-BC9A-4836779FB070},0,,C168AA97-C4BB-4154-BC9A-4836779FB070,Unknown,,,,,St,Cypress St,2024/05/12 21:11:39+00,25915 Cypress St Lomita 90717,C168AA97-C4BB-4154-BC9A-4836779FB070_25915_Cypress_St_Lomita_90717,Cypress,25915 Cypress Street St Lomita 90717,,,,
10562,19398,,,,25925.0,,,,,,Oak,Street,,,,,,,,,,,Unit,103,90717.0,,Lomita,Lomita,,,,,Office of Assessor,{985E7E27-1AC6-4669-B957-DAD4BC0435B0},0,,985E7E27-1AC6-4669-B957-DAD4BC0435B0,Unknown,,,,,St,Oak St,2024/05/12 21:11:39+00,25925 Oak St Unit 103 Lomita 90717,985E7E27-1AC6-4669-B957-DAD4BC0435B0_25925_Oak_St_Unit_103_Lomita_90717,Oak,25925 Oak Street St Unit 103 Lomita 90717,,,,
10563,19413,,,,25840.0,,,,,,Viana,Avenue,,,,,,,,,,,Unit,G,90717.0,,Lomita,Lomita,,,,,Office of Assessor,{2283B39F-70DA-4F10-82FD-15A0AEB49AFA},0,,2283B39F-70DA-4F10-82FD-15A0AEB49AFA,Unknown,,,,,Ave,Viana Ave,2024/05/12 21:11:39+00,25840 Viana Ave Unit G Lomita 90717,2283B39F-70DA-4F10-82FD-15A0AEB49AFA_25840_Viana_Ave_Unit_G_Lomita_90717,Viana,25840 Viana Avenue Ave Unit G Lomita 90717,,,,
10565,19418,,,,24120.0,,,,,,Alliene,Avenue,,,,,,,,,,,Unit,2,90717.0,,Lomita,Lomita,,,,,Office of Assessor,{8606B670-5F3B-49BD-B655-8E43B87BDC91},0,,8606B670-5F3B-49BD-B655-8E43B87BDC91,Unknown,,,,,Ave,Alliene Ave,2024/05/12 21:11:39+00,24120 Alliene Ave Unit 2 Lomita 90717,8606B670-5F3B-49BD-B655-8E43B87BDC91_24120_Alliene_Ave_Unit_2_Lomita_90717,Alliene,24120 Alliene Avenue Ave Unit 2 Lomita 90717,,,,
10568,19421,,,,2333.0,,,,,,241st,Street,,,,,,,,,,,Unit,26,90717.0,,Lomita,Lomita,,,,,Office of Assessor,{A9140A02-C35C-44A4-BF1D-E51BDB1AF650},0,,A9140A02-C35C-44A4-BF1D-E51BDB1AF650,Unknown,,,,,St,241st St,2024/05/12 21:11:39+00,2333 241st St Unit 26 Lomita 90717,A9140A02-C35C-44A4-BF1D-E51BDB1AF650_2333_241st_St_Unit_26_Lomita_90717,241st,2333 241st Street St Unit 26 Lomita 90717,,,,
10570,19425,,,,2110.0,,,,,,Palos Verdes,Drive,North,,,,,,,,,,Unit,203,90717.0,,Lomita,Lomita,,,,,Office of Assessor,{F734B03A-9AE2-445E-8A14-7E4AF32A43B2},0,,F734B03A-9AE2-445E-8A14-7E4AF32A43B2,Unknown,,,N,,Dr,Palos Verdes Dr N,2024/05/12 21:11:39+00,2110 Palos Verdes Dr N Unit 203 Lomita 90717,F734B03A-9AE2-445E-8A14-7E4AF32A43B2_2110_Palos_Verdes_Dr_N_Unit_203_Lomita_90717,Palos Verdes,2110 Palos Verdes Drive Dr N Unit 203 Lomita 90717,,,,
10573,19436,,,,26107.0,,,,,,Oak,Street,,,,,,,,,,,Unit,B,90717.0,,Lomita,Lomita,,,,,Office of Assessor,{976D8603-FF52-4F7B-B4D9-D2797C8FB762},0,,976D8603-FF52-4F7B-B4D9-D2797C8FB762,Unknown,,,,,St,Oak St,2024/05/12 21:11:39+00,26107 Oak St Unit B Lomita 90717,976D8603-FF52-4F7B-B4D9-D2797C8FB762_26107_Oak_St_Unit_B_Lomita_90717,Oak,26107 Oak Street St Unit B Lomita 90717,,,,
10576,19453,,,,25837.0,,,,,,Oak,Street,,,,,,,,,,,Unit,228,90717.0,,Lomita,Lomita,,,,,Office of Assessor,{DA10A3C0-9E0B-4A06-BF24-4AF46D73F8D9},0,,DA10A3C0-9E0B-4A06-BF24-4AF46D73F8D9,Unknown,,,,,St,Oak St,2024/05/12 21:11:39+00,25837 Oak St Unit 228 Lomita 90717,DA10A3C0-9E0B-4A06-BF24-4AF46D73F8D9_25837_Oak_St_Unit_228_Lomita_90717,Oak,25837 Oak Street St Unit 228 Lomita 90717,,,,
10577,19454,,,,25837.0,,,,,,Oak,Street,,,,,,,,,,,Unit,126,90717.0,,Lomita,Lomita,,,,,Office of Assessor,{49816D79-3370-42FC-B7E6-37F679D75669},0,,49816D79-3370-42FC-B7E6-37F679D75669,Unknown,,,,,St,Oak St,2024/05/12 21:11:39+00,25837 Oak St Unit 126 Lomita 90717,49816D79-3370-42FC-B7E6-37F679D75669_25837_Oak_St_Unit_126_Lomita_90717,Oak,25837 Oak Street St Unit 126 Lomita 90717,,,,
10579,19461,,,,2333.0,,,,,,241st,Street,,,,,,,,,,,Unit,23,90717.0,,Lomita,Lomita,,,,,Office of Assessor,{F9AD8AAD-AD9C-4D50-8A8E-3264474D5FF2},0,,F9AD8AAD-AD9C-4D50-8A8E-3264474D5FF2,Unknown,,,,,St,241st St,2024/05/12 21:11:39+00,2333 241st St Unit 23 Lomita 90717,F9AD8AAD-AD9C-4D50-8A8E-3264474D5FF2_2333_241st_St_Unit_23_Lomita_90717,241st,2333 241st Street St Unit 23 Lomita 90717,,,,
10580,19468,,,,25925.0,,,,,,Narbonne,Avenue,,,,,,,,,,,Unit,2,90717.0,,Lomita,Lomita,,,,,Office of Assessor,{BC2C19DA-A810-4C44-8D19-CE9AC854D553},0,,BC2C19DA-A810-4C44-8D19-CE9AC854D553,Unknown,,,,,Ave,Narbonne Ave,2024/05/12 21:11:39+00,25925 Narbonne Ave Unit 2 Lomita 90717,BC2C19DA-A810-4C44-8D19-CE9AC854D553_25925_Narbonne_Ave_Unit_2_Lomita_90717,Narbonne,25925 Narbonne Avenue Ave Unit 2 Lomita 90717,,,,
10583,19474,,,,25837.0,,,,,,Oak,Street,,,,,,,,,,,Unit,226,90717.0,,Lomita,Lomita,,,,,Office of Assessor,{3C45737D-524C-49D4-A021-37EC65CF0654},0,,3C45737D-524C-49D4-A021-37EC65CF0654,Unknown,,,,,St,Oak St,2024/05/12 21:11:39+00,25837 Oak St Unit 226 Lomita 90717,3C45737D-524C-49D4-A021-37EC65CF0654_25837_Oak_St_Unit_226_Lomita_90717,Oak,25837 Oak Street St Unit 226 Lomita 90717,,,,
10586,19488,,,,25925.0,,,,,,Narbonne,Avenue,,,,,,,,,,,Unit,12,90717.0,,Lomita,Lomita,,,,,Office of Assessor,{C914A706-AD7C-4379-9536-485CAFEBFC04},0,,C914A706-AD7C-4379-9536-485CAFEBFC04,Unknown,,,,,Ave,Narbonne Ave,2024/05/12 21:11:39+00,25925 Narbonne Ave Unit 12 Lomita 90717,C914A706-AD7C-4379-9536-485CAFEBFC04_25925_Narbonne_Ave_Unit_12_Lomita_90717,Narbonne,25925 Narbonne Avenue Ave Unit 12 Lomita 90717,,,,
10588,19491,,,,25930.0,,,,,,Narbonne,Avenue,,,,,,,,,,,Unit,107,90717.0,,Lomita,Lomita,,,,,Office of Assessor,{EAC81D9D-89A5-4CCE-B6AF-30632BDDC7BA},0,,EAC81D9D-89A5-4CCE-B6AF-30632BDDC7BA,Unknown,,,,,Ave,Narbonne Ave,2024/05/12 21:11:39+00,25930 Narbonne Ave Unit 107 Lomita 90717,EAC81D9D-89A5-4CCE-B6AF-30632BDDC7BA_25930_Narbonne_Ave_Unit_107_Lomita_90717,Narbonne,25930 Narbonne Avenue Ave Unit 107 Lomita 90717,,,,
10589,19494,,,,25930.0,,,,,,Narbonne,Avenue,,,,,,,,,,,Unit,146,90717.0,,Lomita,Lomita,,,,,Office of Assessor,{CDB36C05-B335-4FB6-B92A-F6DFA1D76CDD},0,,CDB36C05-B335-4FB6-B92A-F6DFA1D76CDD,Unknown,,,,,Ave,Narbonne Ave,2024/05/12 21:11:39+00,25930 Narbonne Ave Unit 146 Lomita 90717,CDB36C05-B335-4FB6-B92A-F6DFA1D76CDD_25930_Narbonne_Ave_Unit_146_Lomita_90717,Narbonne,25930 Narbonne Avenue Ave Unit 146 Lomita 90717,,,,
10590,19497,,,,25968.0,,,,,,Eshelman,Avenue,,,,,,,,,,,,,90717.0,,Lomita,Lomita,,,,,Office of Assessor,{CFBDB864-7D7E-4C73-A9A9-F83151D156A5},0,,CFBDB864-7D7E-4C73-A9A9-F83151D156A5,Unknown,,,,,Ave,Eshelman Ave,2024/05/12 21:11:39+00,25968 Eshelman Ave Lomita 90717,CFBDB864-7D7E-4C73-A9A9-F83151D156A5_25968_Eshelman_Ave_Lomita_90717,Eshelman,25968 Eshelman Avenue Ave Lomita 90717,,,,
10592,19504,,,,26015.0,,,,,,Narbonne,Avenue,,,,,,,,,,,Unit,11,90717.0,,Lomita,Lomita,,,,,Office of Assessor,{68F1097F-2666-4365-BBD9-C55E6310A970},0,,68F1097F-2666-4365-BBD9-C55E6310A970,Unknown,,,,,Ave,Narbonne Ave,2024/05/12 21:11:39+00,26015 Narbonne Ave Unit 11 Lomita 90717,68F1097F-2666-4365-BBD9-C55E6310A970_26015_Narbonne_Ave_Unit_11_Lomita_90717,Narbonne,26015 Narbonne Avenue Ave Unit 11 Lomita 90717,,,,
10595,19511,,,,26119.0,1/2,,,,,Oak,Street,,,,,,,,,,,,,90717.0,,Lomita,Lomita,,,,,Office of Assessor,{D59BF426-997B-4600-80BE-CAA457409BCC},0,,D59BF426-997B-4600-80BE-CAA457409BCC,Unknown,,,,,St,Oak St,2024/05/12 21:11:39+00,26119 1/2 Oak St Lomita 90717,D59BF426-997B-4600-80BE-CAA457409BCC_26119_1/2_Oak_St_Lomita_90717,Oak,26119 1/2 Oak Street St Lomita 90717,,,,
10599,19519,,,,25837.0,,,,,,Oak,Street,,,,,,,,,,,Unit,111,90717.0,,Lomita,Lomita,,,,,Office of Assessor,{5F98AF0C-81C9-4F96-9709-EEE829A9EF2B},0,,5F98AF0C-81C9-4F96-9709-EEE829A9EF2B,Unknown,,,,,St,Oak St,2024/05/12 21:11:39+00,25837 Oak St Unit 111 Lomita 90717,5F98AF0C-81C9-4F96-9709-EEE829A9EF2B_25837_Oak_St_Unit_111_Lomita_90717,Oak,25837 Oak Street St Unit 111 Lomita 90717,,,,
10600,19520,,,,26107.0,,,,,,Oak,Street,,,,,,,,,,,Unit,D,90717.0,,Lomita,Lomita,,,,,Office of Assessor,{9C0B8F88-F195-42C2-9C25-9189ED79EBE5},0,,9C0B8F88-F195-42C2-9C25-9189ED79EBE5,Unknown,,,,,St,Oak St,2024/05/12 21:11:39+00,26107 Oak St Unit D Lomita 90717,9C0B8F88-F195-42C2-9C25-9189ED79EBE5_26107_Oak_St_Unit_D_Lomita_90717,Oak,26107 Oak Street St Unit D Lomita 90717,,,,
10601,19524,,,,25845.0,,,,,,Cypress,Street,,,,,,,,,,,Unit,C,90717.0,,Lomita,Lomita,,,,,Office of Assessor,{C160A659-873D-4C06-93F8-BBD558F83394},0,,C160A659-873D-4C06-93F8-BBD558F83394,Unknown,,,,,St,Cypress St,2024/05/12 21:11:39+00,25845 Cypress St Unit C Lomita 90717,C160A659-873D-4C06-93F8-BBD558F83394_25845_Cypress_St_Unit_C_Lomita_90717,Cypress,25845 Cypress Street St Unit C Lomita 90717,,,,
10602,19535,,,,2334.0,,,,,,241st,Street,,,,,,,,,,,,,90717.0,,Lomita,Lomita,,,,,Office of Assessor,{02CB22FA-5D1A-44B1-9D49-8C5E94FCBCE3},0,,02CB22FA-5D1A-44B1-9D49-8C5E94FCBCE3,Unknown,,,,,St,241st St,2024/05/12 21:11:39+00,2334 241st St Lomita 90717,02CB22FA-5D1A-44B1-9D49-8C5E94FCBCE3_2334_241st_St_Lomita_90717,241st,2334 241st Street St Lomita 90717,,,,
10603,19541,,,,2110.0,,,,,,Palos Verdes,Drive,North,,,,,,,,,,Unit,112,90717.0,,Lomita,Lomita,,,,,Office of Assessor,{9CA318F4-4EA6-4E57-AD64-9C29D0380171},0,,9CA318F4-4EA6-4E57-AD64-9C29D0380171,Unknown,,,N,,Dr,Palos Verdes Dr N,2024/05/12 21:11:39+00,2110 Palos Verdes Dr N Unit 112 Lomita 90717,9CA318F4-4EA6-4E57-AD64-9C29D0380171_2110_Palos_Verdes_Dr_N_Unit_112_Lomita_90717,Palos Verdes,2110 Palos Verdes Drive Dr N Unit 112 Lomita 90717,,,,
10604,19548,,,,25925.0,,,,,,Narbonne,Avenue,,,,,,,,,,,Unit,1,90717.0,,Lomita,Lomita,,,,,Office of Assessor,{72CE7490-9C8B-42E0-A7DD-B082145BA3BA},0,,72CE7490-9C8B-42E0-A7DD-B082145BA3BA,Unknown,,,,,Ave,Narbonne Ave,2024/05/12 21:11:39+00,25925 Narbonne Ave Unit 1 Lomita 90717,72CE7490-9C8B-42E0-A7DD-B082145BA3BA_25925_Narbonne_Ave_Unit_1_Lomita_90717,Narbonne,25925 Narbonne Avenue Ave Unit 1 Lomita 90717,,,,
10605,19550,,,,25918.0,,,,,,Pennsylvania,Avenue,,,,,,,,,,,Unit,C,90717.0,,Lomita,Lomita,,,,,Office of Assessor,{AB03DC2C-B202-4F57-B4C8-299A712E7188},0,,AB03DC2C-B202-4F57-B4C8-299A712E7188,Unknown,,,,,Ave,Pennsylvania Ave,2024/05/12 21:11:39+00,25918 Pennsylvania Ave Unit C Lomita 90717,AB03DC2C-B202-4F57-B4C8-299A712E7188_25918_Pennsylvania_Ave_Unit_C_Lomita_90717,Pennsylvania,25918 Pennsylvania Avenue Ave Unit C Lomita 90717,,,,
10607,19553,,,,1852.0,,,,,,Lomita,Boulevard,,,,,,,,,,,Unit,206,90717.0,,Lomita,Lomita,,,,,Office of Assessor,{5C2EDFE0-3ECC-4FA8-B278-A26041AE19BB},0,,5C2EDFE0-3ECC-4FA8-B278-A26041AE19BB,Unknown,,,,,Blvd,Lomita Blvd,2024/05/12 21:11:39+00,1852 Lomita Blvd Unit 206 Lomita 90717,5C2EDFE0-3ECC-4FA8-B278-A26041AE19BB_1852_Lomita_Blvd_Unit_206_Lomita_90717,Lomita,1852 Lomita Boulevard Blvd Unit 206 Lomita 90717,,,,
10608,19564,,,,25940.0,,,,,,Pennsylvania,Avenue,,,,,,,,,,,Unit,5,90717.0,,Lomita,Lomita,,,,,Office of Assessor,{3A45606D-D629-4659-9D6A-EC519A254876},0,,3A45606D-D629-4659-9D6A-EC519A254876,Unknown,,,,,Ave,Pennsylvania Ave,2024/05/12 21:11:39+00,25940 Pennsylvania Ave Unit 5 Lomita 90717,3A45606D-D629-4659-9D6A-EC519A254876_25940_Pennsylvania_Ave_Unit_5_Lomita_90717,Pennsylvania,25940 Pennsylvania Avenue Ave Unit 5 Lomita 90717,,,,
10609,19566,,,,25925.0,,,,,,Narbonne,Avenue,,,,,,,,,,,Unit,44,90717.0,,Lomita,Lomita,,,,,Office of Assessor,{E82D6FE2-D40C-40D6-B5CF-BED74D62F7DF},0,,E82D6FE2-D40C-40D6-B5CF-BED74D62F7DF,Unknown,,,,,Ave,Narbonne Ave,2024/05/12 21:11:39+00,25925 Narbonne Ave Unit 44 Lomita 90717,E82D6FE2-D40C-40D6-B5CF-BED74D62F7DF_25925_Narbonne_Ave_Unit_44_Lomita_90717,Narbonne,25925 Narbonne Avenue Ave Unit 44 Lomita 90717,,,,
10611,19585,,,,25930.0,,,,,,Narbonne,Avenue,,,,,,,,,,,Unit,103,90717.0,,Lomita,Lomita,,,,,Office of Assessor,{C40D7370-362C-411E-877D-0CF7B0E18D84},0,,C40D7370-362C-411E-877D-0CF7B0E18D84,Unknown,,,,,Ave,Narbonne Ave,2024/05/12 21:11:39+00,25930 Narbonne Ave Unit 103 Lomita 90717,C40D7370-362C-411E-877D-0CF7B0E18D84_25930_Narbonne_Ave_Unit_103_Lomita_90717,Narbonne,25930 Narbonne Avenue Ave Unit 103 Lomita 90717,,,,
10613,19590,,,,2308.0,,,,,,241st,Street,,,,,,,,,,,,,90717.0,,Lomita,Lomita,,,,,Office of Assessor,{E21F4ABD-0C66-4F64-A56A-5B0639F7AFE1},0,,E21F4ABD-0C66-4F64-A56A-5B0639F7AFE1,Unknown,,,,,St,241st St,2024/05/12 21:11:39+00,2308 241st St Lomita 90717,E21F4ABD-0C66-4F64-A56A-5B0639F7AFE1_2308_241st_St_Lomita_90717,241st,2308 241st Street St Lomita 90717,,,,
10615,19595,,,,25925.0,,,,,,Oak,Street,,,,,,,,,,,Unit,107,90717.0,,Lomita,Lomita,,,,,Office of Assessor,{0F3577F6-8F88-469B-8BB1-8A6E92D154E1},0,,0F3577F6-8F88-469B-8BB1-8A6E92D154E1,Unknown,,,,,St,Oak St,2024/05/12 21:11:39+00,25925 Oak St Unit 107 Lomita 90717,0F3577F6-8F88-469B-8BB1-8A6E92D154E1_25925_Oak_St_Unit_107_Lomita_90717,Oak,25925 Oak Street St Unit 107 Lomita 90717,,,,
10617,19599,,,,25925.0,,,,,,Narbonne,Avenue,,,,,,,,,,,Unit,17,90717.0,,Lomita,Lomita,,,,,Office of Assessor,{956ED71F-BE2B-4902-8642-8285195F82E9},0,,956ED71F-BE2B-4902-8642-8285195F82E9,Unknown,,,,,Ave,Narbonne Ave,2024/05/12 21:11:39+00,25925 Narbonne Ave Unit 17 Lomita 90717,956ED71F-BE2B-4902-8642-8285195F82E9_25925_Narbonne_Ave_Unit_17_Lomita_90717,Narbonne,25925 Narbonne Avenue Ave Unit 17 Lomita 90717,,,,
10620,19609,,,,25925.0,,,,,,Narbonne,Avenue,,,,,,,,,,,Unit,21,90717.0,,Lomita,Lomita,,,,,Office of Assessor,{6FD315AF-9413-4CE3-A597-52B23E8F243A},0,,6FD315AF-9413-4CE3-A597-52B23E8F243A,Unknown,,,,,Ave,Narbonne Ave,2024/05/12 21:11:39+00,25925 Narbonne Ave Unit 21 Lomita 90717,6FD315AF-9413-4CE3-A597-52B23E8F243A_25925_Narbonne_Ave_Unit_21_Lomita_90717,Narbonne,25925 Narbonne Avenue Ave Unit 21 Lomita 90717,,,,
10621,19617,,,,24424.0,,,,,,Alliene,Avenue,,,,,,,,,,,,,90717.0,,Lomita,Lomita,,,,,Office of Assessor,{47ABF8E8-AEE7-4802-902F-FDD204C35424},0,,47ABF8E8-AEE7-4802-902F-FDD204C35424,Unknown,,,,,Ave,Alliene Ave,2024/05/12 21:11:39+00,24424 Alliene Ave Lomita 90717,47ABF8E8-AEE7-4802-902F-FDD204C35424_24424_Alliene_Ave_Lomita_90717,Alliene,24424 Alliene Avenue Ave Lomita 90717,,,,
10625,19632,,,,25930.0,,,,,,Narbonne,Avenue,,,,,,,,,,,Unit,109,90717.0,,Lomita,Lomita,,,,,Office of Assessor,{926058FE-AEC4-4444-857A-4F509E61FB17},0,,926058FE-AEC4-4444-857A-4F509E61FB17,Unknown,,,,,Ave,Narbonne Ave,2024/05/12 21:11:39+00,25930 Narbonne Ave Unit 109 Lomita 90717,926058FE-AEC4-4444-857A-4F509E61FB17_25930_Narbonne_Ave_Unit_109_Lomita_90717,Narbonne,25930 Narbonne Avenue Ave Unit 109 Lomita 90717,,,,
10626,19635,,,,1864.0,,,,,,257th,Street,,,,,,,,,,,,,90717.0,,Lomita,Lomita,,,,,Office of Assessor,{60D9F340-4BDC-4972-BEF5-F10375CD6FB7},0,,60D9F340-4BDC-4972-BEF5-F10375CD6FB7,Unknown,,,,,St,257th St,2024/05/12 21:11:39+00,1864 257th St Lomita 90717,60D9F340-4BDC-4972-BEF5-F10375CD6FB7_1864_257th_St_Lomita_90717,257th,1864 257th Street St Lomita 90717,,,,
10627,19636,,,,25837.0,,,,,,Oak,Street,,,,,,,,,,,Unit,122,90717.0,,Lomita,Lomita,,,,,Office of Assessor,{7D5E8A53-3FCA-41FF-9263-2F8421796D80},0,,7D5E8A53-3FCA-41FF-9263-2F8421796D80,Unknown,,,,,St,Oak St,2024/05/12 21:11:39+00,25837 Oak St Unit 122 Lomita 90717,7D5E8A53-3FCA-41FF-9263-2F8421796D80_25837_Oak_St_Unit_122_Lomita_90717,Oak,25837 Oak Street St Unit 122 Lomita 90717,,,,
10628,19637,,,,2333.0,,,,,,241st,Street,,,,,,,,,,,Unit,8,90717.0,,Lomita,Lomita,,,,,Office of Assessor,{54CEFC3C-1A4B-46BB-8773-B8EDFF93A1B7},0,,54CEFC3C-1A4B-46BB-8773-B8EDFF93A1B7,Unknown,,,,,St,241st St,2024/05/12 21:11:39+00,2333 241st St Unit 8 Lomita 90717,54CEFC3C-1A4B-46BB-8773-B8EDFF93A1B7_2333_241st_St_Unit_8_Lomita_90717,241st,2333 241st Street St Unit 8 Lomita 90717,,,,
10630,19656,,,,25930.0,,,,,,Narbonne,Avenue,,,,,,,,,,,Unit,106,90717.0,,Lomita,Lomita,,,,,Office of Assessor,{64C7D0E0-CD68-4DB9-BA60-8B639E669ECE},0,,64C7D0E0-CD68-4DB9-BA60-8B639E669ECE,Unknown,,,,,Ave,Narbonne Ave,2024/05/12 21:11:39+00,25930 Narbonne Ave Unit 106 Lomita 90717,64C7D0E0-CD68-4DB9-BA60-8B639E669ECE_25930_Narbonne_Ave_Unit_106_Lomita_90717,Narbonne,25930 Narbonne Avenue Ave Unit 106 Lomita 90717,,,,
10631,19657,,,,25925.0,,,,,,Narbonne,Avenue,,,,,,,,,,,Apartment,10,90717.0,,Lomita,Lomita,,,,,Office of Assessor,{4E6ABC39-189A-461B-84C1-61EDD0F4B791},0,,4E6ABC39-189A-461B-84C1-61EDD0F4B791,Unknown,,,,,Ave,Narbonne Ave,2024/05/12 21:11:39+00,25925 Narbonne Ave Apartment 10 Lomita 90717,4E6ABC39-189A-461B-84C1-61EDD0F4B791_25925_Narbonne_Ave_Apartment_10_Lomita_90717,Narbonne,25925 Narbonne Avenue Ave Apartment 10 Lomita 90717,,,,
10633,19659,,,,26120.0,,,,,,Narbonne,Avenue,,,,,,,,,,,Unit,M,90717.0,,Lomita,Lomita,,,,,Office of Assessor,{9DD6C978-1176-498F-8947-C217EF4FCC4C},0,,9DD6C978-1176-498F-8947-C217EF4FCC4C,Unknown,,,,,Ave,Narbonne Ave,2024/05/12 21:11:39+00,26120 Narbonne Ave Unit M Lomita 90717,9DD6C978-1176-498F-8947-C217EF4FCC4C_26120_Narbonne_Ave_Unit_M_Lomita_90717,Narbonne,26120 Narbonne Avenue Ave Unit M Lomita 90717,,,,
10634,19662,,,,2333.0,,,,,,241st,Street,,,,,,,,,,,Unit,36,90717.0,,Lomita,Lomita,,,,,Office of Assessor,{ABA92E96-1F02-454F-A0C0-34665C9EBD52},0,,ABA92E96-1F02-454F-A0C0-34665C9EBD52,Unknown,,,,,St,241st St,2024/05/12 21:11:39+00,2333 241st St Unit 36 Lomita 90717,ABA92E96-1F02-454F-A0C0-34665C9EBD52_2333_241st_St_Unit_36_Lomita_90717,241st,2333 241st Street St Unit 36 Lomita 90717,,,,
10635,19663,,,,25930.0,,,,,,Narbonne,Avenue,,,,,,,,,,,Unit,143,90717.0,,Lomita,Lomita,,,,,Office of Assessor,{8093A4DE-2410-45C9-89E9-DB0DC4B54B58},0,,8093A4DE-2410-45C9-89E9-DB0DC4B54B58,Unknown,,,,,Ave,Narbonne Ave,2024/05/12 21:11:39+00,25930 Narbonne Ave Unit 143 Lomita 90717,8093A4DE-2410-45C9-89E9-DB0DC4B54B58_25930_Narbonne_Ave_Unit_143_Lomita_90717,Narbonne,25930 Narbonne Avenue Ave Unit 143 Lomita 90717,,,,
10636,19669,,,,26130.0,,,,,,Narbonne,Avenue,,,,,,,,,,,Unit,135,90717.0,,Lomita,Lomita,,,,,Office of Assessor,{FC234095-E615-4BC3-8458-5BC03AD9D3B1},0,,FC234095-E615-4BC3-8458-5BC03AD9D3B1,Unknown,,,,,Ave,Narbonne Ave,2024/05/12 21:11:39+00,26130 Narbonne Ave Unit 135 Lomita 90717,FC234095-E615-4BC3-8458-5BC03AD9D3B1_26130_Narbonne_Ave_Unit_135_Lomita_90717,Narbonne,26130 Narbonne Avenue Ave Unit 135 Lomita 90717,,,,
10638,19677,,,,2110.0,,,,,,Palos Verdes,Drive,North,,,,,,,,,,Unit,201,90717.0,,Lomita,Lomita,,,,,Office of Assessor,{B57CFD1D-E36E-4B9D-BEBE-915595628578},0,,B57CFD1D-E36E-4B9D-BEBE-915595628578,Unknown,,,N,,Dr,Palos Verdes Dr N,2024/05/12 21:11:39+00,2110 Palos Verdes Dr N Unit 201 Lomita 90717,B57CFD1D-E36E-4B9D-BEBE-915595628578_2110_Palos_Verdes_Dr_N_Unit_201_Lomita_90717,Palos Verdes,2110 Palos Verdes Drive Dr N Unit 201 Lomita 90717,,,,
10642,19682,,,,25925.0,,,,,,Oak,Street,,,,,,,,,,,Unit,115,90717.0,,Lomita,Lomita,,,,,Office of Assessor,{50CBAEC1-2103-45F8-A003-DD56A91D4433},0,,50CBAEC1-2103-45F8-A003-DD56A91D4433,Unknown,,,,,St,Oak St,2024/05/12 21:11:39+00,25925 Oak St Unit 115 Lomita 90717,50CBAEC1-2103-45F8-A003-DD56A91D4433_25925_Oak_St_Unit_115_Lomita_90717,Oak,25925 Oak Street St Unit 115 Lomita 90717,,,,
10644,19688,,,,26116.0,,,,,,Narbonne,Avenue,,,,,,,,,,,Unit,F,90717.0,,Lomita,Lomita,,,,,Office of Assessor,{26DC41C5-F3EE-49A5-977D-E1B56A5194A3},0,,26DC41C5-F3EE-49A5-977D-E1B56A5194A3,Unknown,,,,,Ave,Narbonne Ave,2024/05/12 21:11:39+00,26116 Narbonne Ave Unit F Lomita 90717,26DC41C5-F3EE-49A5-977D-E1B56A5194A3_26116_Narbonne_Ave_Unit_F_Lomita_90717,Narbonne,26116 Narbonne Avenue Ave Unit F Lomita 90717,,,,
10650,19701,,,,2364.0,,,,,,241st,Street,,,,,,,,,,,,,90717.0,,Lomita,Lomita,,,,,Office of Assessor,{512B501A-D3A3-4A6C-97C6-247270DC3D12},0,,512B501A-D3A3-4A6C-97C6-247270DC3D12,Unknown,,,,,St,241st St,2024/05/12 21:11:39+00,2364 241st St Lomita 90717,512B501A-D3A3-4A6C-97C6-247270DC3D12_2364_241st_St_Lomita_90717,241st,2364 241st Street St Lomita 90717,,,,
10653,19717,,,,26130.0,,,,,,Narbonne,Avenue,,,,,,,,,,,Unit,120,90717.0,,Lomita,Lomita,,,,,Office of Assessor,{C75A4834-FDE9-429B-B77E-04339144F5F6},0,,C75A4834-FDE9-429B-B77E-04339144F5F6,Unknown,,,,,Ave,Narbonne Ave,2024/05/12 21:11:39+00,26130 Narbonne Ave Unit 120 Lomita 90717,C75A4834-FDE9-429B-B77E-04339144F5F6_26130_Narbonne_Ave_Unit_120_Lomita_90717,Narbonne,26130 Narbonne Avenue Ave Unit 120 Lomita 90717,,,,
10654,19721,,,,25837.0,,,,,,Oak,Street,,,,,,,,,,,Unit,127,90717.0,,Lomita,Lomita,,,,,Office of Assessor,{03D8D541-14AF-40F6-99A5-CB6C8A31FC7C},0,,03D8D541-14AF-40F6-99A5-CB6C8A31FC7C,Unknown,,,,,St,Oak St,2024/05/12 21:11:39+00,25837 Oak St Unit 127 Lomita 90717,03D8D541-14AF-40F6-99A5-CB6C8A31FC7C_25837_Oak_St_Unit_127_Lomita_90717,Oak,25837 Oak Street St Unit 127 Lomita 90717,,,,
10655,19729,,,,2270.0,,,,,,241st,Street,,,,,,,,,,,Unit,2A,90717.0,,Lomita,Lomita,,,,,Office of Assessor,{BCF95EDA-AFB9-428C-932F-A02B20FE885D},0,,BCF95EDA-AFB9-428C-932F-A02B20FE885D,Unknown,,,,,St,241st St,2024/05/12 21:11:39+00,2270 241st St Unit 2A Lomita 90717,BCF95EDA-AFB9-428C-932F-A02B20FE885D_2270_241st_St_Unit_2A_Lomita_90717,241st,2270 241st Street St Unit 2A Lomita 90717,,,,
10661,19738,,,,25900.0,,,,,,Oak,Street,,,,,,,,,,,Unit,114,90717.0,,Lomita,Lomita,,,,,Office of Assessor,{58C79C7F-A57B-415B-B59E-AD2D28D772D8},0,,58C79C7F-A57B-415B-B59E-AD2D28D772D8,Unknown,,,,,St,Oak St,2024/05/12 21:11:39+00,25900 Oak St Unit 114 Lomita 90717,58C79C7F-A57B-415B-B59E-AD2D28D772D8_25900_Oak_St_Unit_114_Lomita_90717,Oak,25900 Oak Street St Unit 114 Lomita 90717,,,,
10663,19743,,,,2333.0,,,,,,241st,Street,,,,,,,,,,,Unit,32,90717.0,,Lomita,Lomita,,,,,Office of Assessor,{D5ECA1D6-2324-4DA5-A1C4-C16DCC63C39C},0,,D5ECA1D6-2324-4DA5-A1C4-C16DCC63C39C,Unknown,,,,,St,241st St,2024/05/12 21:11:39+00,2333 241st St Unit 32 Lomita 90717,D5ECA1D6-2324-4DA5-A1C4-C16DCC63C39C_2333_241st_St_Unit_32_Lomita_90717,241st,2333 241st Street St Unit 32 Lomita 90717,,,,
10665,19745,,,,24116.0,,,,,,Alliene,Avenue,,,,,,,,,,,,,90717.0,,Lomita,Lomita,,,,,Office of Assessor,{9BBB58D8-C258-4C0E-8B46-8237FE339DD5},0,,9BBB58D8-C258-4C0E-8B46-8237FE339DD5,Unknown,,,,,Ave,Alliene Ave,2024/05/12 21:11:39+00,24116 Alliene Ave Lomita 90717,9BBB58D8-C258-4C0E-8B46-8237FE339DD5_24116_Alliene_Ave_Lomita_90717,Alliene,24116 Alliene Avenue Ave Lomita 90717,,,,
10667,19749,,,,25930.0,,,,,,Narbonne,Avenue,,,,,,,,,,,Unit,124,90717.0,,Lomita,Lomita,,,,,Office of Assessor,{7BFA1720-B51E-4692-9A6A-220BB6B3691E},0,,7BFA1720-B51E-4692-9A6A-220BB6B3691E,Unknown,,,,,Ave,Narbonne Ave,2024/05/12 21:11:39+00,25930 Narbonne Ave Unit 124 Lomita 90717,7BFA1720-B51E-4692-9A6A-220BB6B3691E_25930_Narbonne_Ave_Unit_124_Lomita_90717,Narbonne,25930 Narbonne Avenue Ave Unit 124 Lomita 90717,,,,
10672,19773,,,,25905.0,,,,,,Narbonne,Avenue,,,,,,,,,,,Unit,8,90717.0,,Lomita,Lomita,,,,,Office of Assessor,{C264EE04-EBAC-4334-A6E9-57D29E3DBCEB},0,,C264EE04-EBAC-4334-A6E9-57D29E3DBCEB,Unknown,,,,,Ave,Narbonne Ave,2024/05/12 21:11:39+00,25905 Narbonne Ave Unit 8 Lomita 90717,C264EE04-EBAC-4334-A6E9-57D29E3DBCEB_25905_Narbonne_Ave_Unit_8_Lomita_90717,Narbonne,25905 Narbonne Avenue Ave Unit 8 Lomita 90717,,,,
10673,19774,,,,2304.0,,,,,,241st,Street,,,,,,,,,,,,,90717.0,,Lomita,Lomita,,,,,Office of Assessor,{22AC0A76-A25D-4B10-8F63-1F53910DF9EA},0,,22AC0A76-A25D-4B10-8F63-1F53910DF9EA,Unknown,,,,,St,241st St,2024/05/12 21:11:39+00,2304 241st St Lomita 90717,22AC0A76-A25D-4B10-8F63-1F53910DF9EA_2304_241st_St_Lomita_90717,241st,2304 241st Street St Lomita 90717,,,,
10674,19776,,,,1852.0,,,,,,Lomita,Boulevard,,,,,,,,,,,Unit,101,90717.0,,Lomita,Lomita,,,,,Office of Assessor,{DD85E029-A330-4BDD-B82D-B9E0821B6D22},0,,DD85E029-A330-4BDD-B82D-B9E0821B6D22,Unknown,,,,,Blvd,Lomita Blvd,2024/05/12 21:11:39+00,1852 Lomita Blvd Unit 101 Lomita 90717,DD85E029-A330-4BDD-B82D-B9E0821B6D22_1852_Lomita_Blvd_Unit_101_Lomita_90717,Lomita,1852 Lomita Boulevard Blvd Unit 101 Lomita 90717,,,,
10677,19788,,,,25846.0,,,,,,Viana,Avenue,,,,,,,,,,,Unit,G,90717.0,,Lomita,Lomita,,,,,Office of Assessor,{0A68DC6C-D499-4761-B2B5-18604117ED18},0,,0A68DC6C-D499-4761-B2B5-18604117ED18,Unknown,,,,,Ave,Viana Ave,2024/05/12 21:11:39+00,25846 Viana Ave Unit G Lomita 90717,0A68DC6C-D499-4761-B2B5-18604117ED18_25846_Viana_Ave_Unit_G_Lomita_90717,Viana,25846 Viana Avenue Ave Unit G Lomita 90717,,,,
10680,19797,,,,2350.0,,,,,,241st,Street,,,,,,,,,,,,,90717.0,,Lomita,Lomita,,,,,Office of Assessor,{4AAEE7CC-9D08-40A3-9E6C-54CEEEBE8E6B},0,,4AAEE7CC-9D08-40A3-9E6C-54CEEEBE8E6B,Unknown,,,,,St,241st St,2024/05/12 21:11:39+00,2350 241st St Lomita 90717,4AAEE7CC-9D08-40A3-9E6C-54CEEEBE8E6B_2350_241st_St_Lomita_90717,241st,2350 241st Street St Lomita 90717,,,,
10681,19808,,,,25830.0,,,,,,Oak,Street,,,,,,,,,,,Unit,5,90717.0,,Lomita,Lomita,,,,,Office of Assessor,{888858B1-28A8-41B8-B3D7-EEA9A7049CB3},0,,888858B1-28A8-41B8-B3D7-EEA9A7049CB3,Unknown,,,,,St,Oak St,2024/05/12 21:11:39+00,25830 Oak St Unit 5 Lomita 90717,888858B1-28A8-41B8-B3D7-EEA9A7049CB3_25830_Oak_St_Unit_5_Lomita_90717,Oak,25830 Oak Street St Unit 5 Lomita 90717,,,,
10682,19810,,,,26130.0,,,,,,Narbonne,Avenue,,,,,,,,,,,Unit,121,90717.0,,Lomita,Lomita,,,,,Office of Assessor,{031F4598-711A-449D-A2E8-1CC4D1EE5CA1},0,,031F4598-711A-449D-A2E8-1CC4D1EE5CA1,Unknown,,,,,Ave,Narbonne Ave,2024/05/12 21:11:39+00,26130 Narbonne Ave Unit 121 Lomita 90717,031F4598-711A-449D-A2E8-1CC4D1EE5CA1_26130_Narbonne_Ave_Unit_121_Lomita_90717,Narbonne,26130 Narbonne Avenue Ave Unit 121 Lomita 90717,,,,
10683,19811,,,,2333.0,,,,,,241st,Street,,,,,,,,,,,Unit,5,90717.0,,Lomita,Lomita,,,,,Office of Assessor,{EC23A58C-AB50-4EC3-86F4-4EF09615C290},0,,EC23A58C-AB50-4EC3-86F4-4EF09615C290,Unknown,,,,,St,241st St,2024/05/12 21:11:39+00,2333 241st St Unit 5 Lomita 90717,EC23A58C-AB50-4EC3-86F4-4EF09615C290_2333_241st_St_Unit_5_Lomita_90717,241st,2333 241st Street St Unit 5 Lomita 90717,,,,
10685,19823,,,,25840.0,,,,,,Viana,Avenue,,,,,,,,,,,Unit,C,90717.0,,Lomita,Lomita,,,,,Office of Assessor,{97ADA713-8CFB-4319-8DA1-02D486DA52F0},0,,97ADA713-8CFB-4319-8DA1-02D486DA52F0,Unknown,,,,,Ave,Viana Ave,2024/05/12 21:11:39+00,25840 Viana Ave Unit C Lomita 90717,97ADA713-8CFB-4319-8DA1-02D486DA52F0_25840_Viana_Ave_Unit_C_Lomita_90717,Viana,25840 Viana Avenue Ave Unit C Lomita 90717,,,,
10686,19825,,,,2306.0,,,,,,241st,Street,,,,,,,,,,,,,90717.0,,Lomita,Lomita,,,,,Office of Assessor,{BB258C83-92DF-4FE5-80E0-0324D18EF8E3},0,,BB258C83-92DF-4FE5-80E0-0324D18EF8E3,Unknown,,,,,St,241st St,2024/05/12 21:11:39+00,2306 241st St Lomita 90717,BB258C83-92DF-4FE5-80E0-0324D18EF8E3_2306_241st_St_Lomita_90717,241st,2306 241st Street St Lomita 90717,,,,
10690,19837,,,,25839.0,,,,,,Cypress,Street,,,,,,,,,,,Unit,C,90717.0,,Lomita,Lomita,,,,,Office of Assessor,{6FFB14D8-B701-464A-AA0F-7909CFC92D1D},0,,6FFB14D8-B701-464A-AA0F-7909CFC92D1D,Unknown,,,,,St,Cypress St,2024/05/12 21:11:39+00,25839 Cypress St Unit C Lomita 90717,6FFB14D8-B701-464A-AA0F-7909CFC92D1D_25839_Cypress_St_Unit_C_Lomita_90717,Cypress,25839 Cypress Street St Unit C Lomita 90717,,,,
10691,19839,,,,26015.0,,,,,,Narbonne,Avenue,,,,,,,,,,,Unit,12,90717.0,,Lomita,Lomita,,,,,Office of Assessor,{9800F860-3490-4996-8572-42F79538A9CD},0,,9800F860-3490-4996-8572-42F79538A9CD,Unknown,,,,,Ave,Narbonne Ave,2024/05/12 21:11:39+00,26015 Narbonne Ave Unit 12 Lomita 90717,9800F860-3490-4996-8572-42F79538A9CD_26015_Narbonne_Ave_Unit_12_Lomita_90717,Narbonne,26015 Narbonne Avenue Ave Unit 12 Lomita 90717,,,,
10693,19844,,,,26130.0,,,,,,Narbonne,Avenue,,,,,,,,,,,Unit,127,90717.0,,Lomita,Lomita,,,,,Office of Assessor,{19CA357E-A99C-41BB-B1E2-3EB37A69F686},0,,19CA357E-A99C-41BB-B1E2-3EB37A69F686,Unknown,,,,,Ave,Narbonne Ave,2024/05/12 21:11:39+00,26130 Narbonne Ave Unit 127 Lomita 90717,19CA357E-A99C-41BB-B1E2-3EB37A69F686_26130_Narbonne_Ave_Unit_127_Lomita_90717,Narbonne,26130 Narbonne Avenue Ave Unit 127 Lomita 90717,,,,
10694,19848,,,,25925.0,,,,,,Oak,Street,,,,,,,,,,,Unit,117,90717.0,,Lomita,Lomita,,,,,Office of Assessor,{F59B8783-DCAB-4E12-A047-D085483CFDB2},0,,F59B8783-DCAB-4E12-A047-D085483CFDB2,Unknown,,,,,St,Oak St,2024/05/12 21:11:39+00,25925 Oak St Unit 117 Lomita 90717,F59B8783-DCAB-4E12-A047-D085483CFDB2_25925_Oak_St_Unit_117_Lomita_90717,Oak,25925 Oak Street St Unit 117 Lomita 90717,,,,
10695,19851,,,,2270.0,,,,,,241st,Street,,,,,,,,,,,Unit,5A,90717.0,,Lomita,Lomita,,,,,Office of Assessor,{7D21922E-70E7-4E27-ABDE-3ACB6FCE2A8E},0,,7D21922E-70E7-4E27-ABDE-3ACB6FCE2A8E,Unknown,,,,,St,241st St,2024/05/12 21:11:39+00,2270 241st St Unit 5A Lomita 90717,7D21922E-70E7-4E27-ABDE-3ACB6FCE2A8E_2270_241st_St_Unit_5A_Lomita_90717,241st,2270 241st Street St Unit 5A Lomita 90717,,,,
10699,19878,,,,25930.0,,,,,,Narbonne,Avenue,,,,,,,,,,,Unit,111,90717.0,,Lomita,Lomita,,,,,Office of Assessor,{F11507E2-23BA-49D8-8E62-C79A726D59D2},0,,F11507E2-23BA-49D8-8E62-C79A726D59D2,Unknown,,,,,Ave,Narbonne Ave,2024/05/12 21:11:39+00,25930 Narbonne Ave Unit 111 Lomita 90717,F11507E2-23BA-49D8-8E62-C79A726D59D2_25930_Narbonne_Ave_Unit_111_Lomita_90717,Narbonne,25930 Narbonne Avenue Ave Unit 111 Lomita 90717,,,,
10700,19879,,,,25921.0,,,,,,Oak,Street,,,,,,,,,,,Unit,112,90717.0,,Lomita,Lomita,,,,,Office of Assessor,{680B8850-3964-4EEE-95C7-5B1A802706F2},0,,680B8850-3964-4EEE-95C7-5B1A802706F2,Unknown,,,,,St,Oak St,2024/05/12 21:11:39+00,25921 Oak St Unit 112 Lomita 90717,680B8850-3964-4EEE-95C7-5B1A802706F2_25921_Oak_St_Unit_112_Lomita_90717,Oak,25921 Oak Street St Unit 112 Lomita 90717,,,,
10701,19881,,,,25846.0,,,,,,Viana,Avenue,,,,,,,,,,,Unit,B,90717.0,,Lomita,Lomita,,,,,Office of Assessor,{A1273905-DFBA-4FD2-86E2-A9E504698FE9},0,,A1273905-DFBA-4FD2-86E2-A9E504698FE9,Unknown,,,,,Ave,Viana Ave,2024/05/12 21:11:39+00,25846 Viana Ave Unit B Lomita 90717,A1273905-DFBA-4FD2-86E2-A9E504698FE9_25846_Viana_Ave_Unit_B_Lomita_90717,Viana,25846 Viana Avenue Ave Unit B Lomita 90717,,,,
10707,19894,,,,25830.0,,,,,,Oak,Street,,,,,,,,,,,Unit,8,90717.0,,Lomita,Lomita,,,,,Office of Assessor,{B00E75AE-9E45-4DE0-8870-F34A7834E2DB},0,,B00E75AE-9E45-4DE0-8870-F34A7834E2DB,Unknown,,,,,St,Oak St,2024/05/12 21:11:39+00,25830 Oak St Unit 8 Lomita 90717,B00E75AE-9E45-4DE0-8870-F34A7834E2DB_25830_Oak_St_Unit_8_Lomita_90717,Oak,25830 Oak Street St Unit 8 Lomita 90717,,,,
10708,19895,,,,25925.0,,,,,,Oak,Street,,,,,,,,,,,Unit,122,90717.0,,Lomita,Lomita,,,,,Office of Assessor,{24A37A20-DE6A-4EE9-BDBB-3B20DC21DE5E},0,,24A37A20-DE6A-4EE9-BDBB-3B20DC21DE5E,Unknown,,,,,St,Oak St,2024/05/12 21:11:39+00,25925 Oak St Unit 122 Lomita 90717,24A37A20-DE6A-4EE9-BDBB-3B20DC21DE5E_25925_Oak_St_Unit_122_Lomita_90717,Oak,25925 Oak Street St Unit 122 Lomita 90717,,,,
10709,19896,,,,26121.0,,,,,,Oak,Street,,,,,,,,,,,Unit,B,90717.0,,Lomita,Lomita,,,,,Office of Assessor,{52204B3E-5FB4-46C5-8388-76A63B036C1F},0,,52204B3E-5FB4-46C5-8388-76A63B036C1F,Unknown,,,,,St,Oak St,2024/05/12 21:11:39+00,26121 Oak St Unit B Lomita 90717,52204B3E-5FB4-46C5-8388-76A63B036C1F_26121_Oak_St_Unit_B_Lomita_90717,Oak,26121 Oak Street St Unit B Lomita 90717,,,,
10712,19912,,,,2110.0,,,,,,Palos Verdes,Drive,North,,,,,,,,,,Unit,210,90717.0,,Lomita,Lomita,,,,,Office of Assessor,{A9333301-CDDD-4928-A720-234E8029E43B},0,,A9333301-CDDD-4928-A720-234E8029E43B,Unknown,,,N,,Dr,Palos Verdes Dr N,2024/05/12 21:11:39+00,2110 Palos Verdes Dr N Unit 210 Lomita 90717,A9333301-CDDD-4928-A720-234E8029E43B_2110_Palos_Verdes_Dr_N_Unit_210_Lomita_90717,Palos Verdes,2110 Palos Verdes Drive Dr N Unit 210 Lomita 90717,,,,
10713,19914,,,,2375.0,,,,,,Austinbrook,Court,,,,,,,,,,,,,90717.0,,Lomita,Lomita,,,,,Office of Assessor,{C7C073E5-6BFD-4F7D-AA2E-1A12140AFDE9},0,,C7C073E5-6BFD-4F7D-AA2E-1A12140AFDE9,Unknown,,,,,Ct,Austinbrook Ct,2024/05/12 21:11:39+00,2375 Austinbrook Ct Lomita 90717,C7C073E5-6BFD-4F7D-AA2E-1A12140AFDE9_2375_Austinbrook_Ct_Lomita_90717,Austinbrook,2375 Austinbrook Court Ct Lomita 90717,,,,
10714,19915,,,,25834.0,,,,,,Pennsylvania,Avenue,,,,,,,,,,,Unit,1,90717.0,,Lomita,Lomita,,,,,Office of Assessor,{35263862-2254-4F0F-9AEF-A4D3AFC721F9},0,,35263862-2254-4F0F-9AEF-A4D3AFC721F9,Unknown,,,,,Ave,Pennsylvania Ave,2024/05/12 21:11:39+00,25834 Pennsylvania Ave Unit 1 Lomita 90717,35263862-2254-4F0F-9AEF-A4D3AFC721F9_25834_Pennsylvania_Ave_Unit_1_Lomita_90717,Pennsylvania,25834 Pennsylvania Avenue Ave Unit 1 Lomita 90717,,,,
10718,19946,,,,25900.0,,,,,,Oak,Street,,,,,,,,,,,Unit,103,90717.0,,Lomita,Lomita,,,,,Office of Assessor,{6DB82EB7-7341-4316-A6C0-FDAA9F2BC5C1},0,,6DB82EB7-7341-4316-A6C0-FDAA9F2BC5C1,Unknown,,,,,St,Oak St,2024/05/12 21:11:39+00,25900 Oak St Unit 103 Lomita 90717,6DB82EB7-7341-4316-A6C0-FDAA9F2BC5C1_25900_Oak_St_Unit_103_Lomita_90717,Oak,25900 Oak Street St Unit 103 Lomita 90717,,,,
10720,19957,,,,25837.0,,,,,,Oak,Street,,,,,,,,,,,Unit,114,90717.0,,Lomita,Lomita,,,,,Office of Assessor,{6E2D18F9-C90E-4366-9F83-B3F576BE0C33},0,,6E2D18F9-C90E-4366-9F83-B3F576BE0C33,Unknown,,,,,St,Oak St,2024/05/12 21:11:39+00,25837 Oak St Unit 114 Lomita 90717,6E2D18F9-C90E-4366-9F83-B3F576BE0C33_25837_Oak_St_Unit_114_Lomita_90717,Oak,25837 Oak Street St Unit 114 Lomita 90717,,,,
10722,19969,,,,2312.0,,,,,,241st,Street,,,,,,,,,,,,,90717.0,,Lomita,Lomita,,,,,Office of Assessor,{71519F87-B78D-405A-9994-8323EC066D42},0,,71519F87-B78D-405A-9994-8323EC066D42,Unknown,,,,,St,241st St,2024/05/12 21:11:39+00,2312 241st St Lomita 90717,71519F87-B78D-405A-9994-8323EC066D42_2312_241st_St_Lomita_90717,241st,2312 241st Street St Lomita 90717,,,,
10725,19974,,,,2270.0,,,,,,241st,Street,,,,,,,,,,,Unit,6,90717.0,,Lomita,Lomita,,,,,Office of Assessor,{D5DB9278-36E7-49D4-ACE1-B38434C36493},0,,D5DB9278-36E7-49D4-ACE1-B38434C36493,Unknown,,,,,St,241st St,2024/05/12 21:11:39+00,2270 241st St Unit 6 Lomita 90717,D5DB9278-36E7-49D4-ACE1-B38434C36493_2270_241st_St_Unit_6_Lomita_90717,241st,2270 241st Street St Unit 6 Lomita 90717,,,,
10728,19982,,,,2333.0,,,,,,241st,Street,,,,,,,,,,,Unit,11,90717.0,,Lomita,Lomita,,,,,Office of Assessor,{8BE1EF0A-CEAB-4E40-AF34-54C65566CA1D},0,,8BE1EF0A-CEAB-4E40-AF34-54C65566CA1D,Unknown,,,,,St,241st St,2024/05/12 21:11:39+00,2333 241st St Unit 11 Lomita 90717,8BE1EF0A-CEAB-4E40-AF34-54C65566CA1D_2333_241st_St_Unit_11_Lomita_90717,241st,2333 241st Street St Unit 11 Lomita 90717,,,,
10729,19983,,,,2328.0,,,,,,241st,Street,,,,,,,,,,,,,90717.0,,Lomita,Lomita,,,,,Office of Assessor,{950548C2-A41D-46E3-AEF3-8570F4626ED1},0,,950548C2-A41D-46E3-AEF3-8570F4626ED1,Unknown,,,,,St,241st St,2024/05/12 21:11:39+00,2328 241st St Lomita 90717,950548C2-A41D-46E3-AEF3-8570F4626ED1_2328_241st_St_Lomita_90717,241st,2328 241st Street St Lomita 90717,,,,
10732,19989,,,,25930.0,,,,,,Narbonne,Avenue,,,,,,,,,,,Unit,117,90717.0,,Lomita,Lomita,,,,,Office of Assessor,{B4C9778A-CB71-451B-99A7-2F3240C0D2B2},0,,B4C9778A-CB71-451B-99A7-2F3240C0D2B2,Unknown,,,,,Ave,Narbonne Ave,2024/05/12 21:11:39+00,25930 Narbonne Ave Unit 117 Lomita 90717,B4C9778A-CB71-451B-99A7-2F3240C0D2B2_25930_Narbonne_Ave_Unit_117_Lomita_90717,Narbonne,25930 Narbonne Avenue Ave Unit 117 Lomita 90717,,,,
10733,19990,,,,2235.0,,,,,,241st,Street,,,,,,,,,,,Unit,2,90717.0,,Lomita,Lomita,,,,,Office of Assessor,{3E6CC5C5-5A20-4BD4-B881-49D99A15EE43},0,,3E6CC5C5-5A20-4BD4-B881-49D99A15EE43,Unknown,,,,,St,241st St,2024/05/12 21:11:39+00,2235 241st St Unit 2 Lomita 90717,3E6CC5C5-5A20-4BD4-B881-49D99A15EE43_2235_241st_St_Unit_2_Lomita_90717,241st,2235 241st Street St Unit 2 Lomita 90717,,,,
10734,19991,,,,25915.0,,,,,,Avocado,Street,,,,,,,,,,,Unit,A,90717.0,,Lomita,Lomita,,,,,Office of Assessor,{5A7BC18A-3D66-4FEB-9429-308201A4A4D8},0,,5A7BC18A-3D66-4FEB-9429-308201A4A4D8,Unknown,,,,,St,Avocado St,2024/05/12 21:11:39+00,25915 Avocado St Unit A Lomita 90717,5A7BC18A-3D66-4FEB-9429-308201A4A4D8_25915_Avocado_St_Unit_A_Lomita_90717,Avocado,25915 Avocado Street St Unit A Lomita 90717,,,,
10735,19996,,,,2333.0,,,,,,241st,Street,,,,,,,,,,,Unit,33,90717.0,,Lomita,Lomita,,,,,Office of Assessor,{297D58DC-FB51-4C55-AA6F-8A39D1D782C1},0,,297D58DC-FB51-4C55-AA6F-8A39D1D782C1,Unknown,,,,,St,241st St,2024/05/12 21:11:39+00,2333 241st St Unit 33 Lomita 90717,297D58DC-FB51-4C55-AA6F-8A39D1D782C1_2333_241st_St_Unit_33_Lomita_90717,241st,2333 241st Street St Unit 33 Lomita 90717,,,,
10737,19999,,,,25552.0,,,,,,Oak,Street,,,,,,,,,,,,,90717.0,,Lomita,Lomita,,,,,Office of Assessor,{08735B03-351B-4DD6-B939-A37A71E268C0},0,,08735B03-351B-4DD6-B939-A37A71E268C0,Unknown,,,,,St,Oak St,2024/05/12 21:11:39+00,25552 Oak St Lomita 90717,08735B03-351B-4DD6-B939-A37A71E268C0_25552_Oak_St_Lomita_90717,Oak,25552 Oak Street St Lomita 90717,,,,
10738,20002,,,,25837.0,,,,,,Oak,Street,,,,,,,,,,,Unit,116,90717.0,,Lomita,Lomita,,,,,Office of Assessor,{6BD1BCA3-AD6E-474A-BDE9-DB2E694DFE7B},0,,6BD1BCA3-AD6E-474A-BDE9-DB2E694DFE7B,Unknown,,,,,St,Oak St,2024/05/12 21:11:39+00,25837 Oak St Unit 116 Lomita 90717,6BD1BCA3-AD6E-474A-BDE9-DB2E694DFE7B_25837_Oak_St_Unit_116_Lomita_90717,Oak,25837 Oak Street St Unit 116 Lomita 90717,,,,
10741,20008,,,,26130.0,,,,,,Narbonne,Avenue,,,,,,,,,,,Unit,128,90717.0,,Lomita,Lomita,,,,,Office of Assessor,{F2409C14-9D48-4BCC-A781-D26274FA2F0B},0,,F2409C14-9D48-4BCC-A781-D26274FA2F0B,Unknown,,,,,Ave,Narbonne Ave,2024/05/12 21:11:39+00,26130 Narbonne Ave Unit 128 Lomita 90717,F2409C14-9D48-4BCC-A781-D26274FA2F0B_26130_Narbonne_Ave_Unit_128_Lomita_90717,Narbonne,26130 Narbonne Avenue Ave Unit 128 Lomita 90717,,,,
10742,20010,,,,25925.0,,,,,,Oak,Street,,,,,,,,,,,Unit,105,90717.0,,Lomita,Lomita,,,,,Office of Assessor,{959A0A36-BF29-439A-B8BF-EF22632D56A8},0,,959A0A36-BF29-439A-B8BF-EF22632D56A8,Unknown,,,,,St,Oak St,2024/05/12 21:11:39+00,25925 Oak St Unit 105 Lomita 90717,959A0A36-BF29-439A-B8BF-EF22632D56A8_25925_Oak_St_Unit_105_Lomita_90717,Oak,25925 Oak Street St Unit 105 Lomita 90717,,,,
10745,20013,,,,2366.0,,,,,,241st,Street,,,,,,,,,,,,,90717.0,,Lomita,Lomita,,,,,Office of Assessor,{C8686111-38BF-44F2-854F-88456097F0A0},0,,C8686111-38BF-44F2-854F-88456097F0A0,Unknown,,,,,St,241st St,2024/05/12 21:11:39+00,2366 241st St Lomita 90717,C8686111-38BF-44F2-854F-88456097F0A0_2366_241st_St_Lomita_90717,241st,2366 241st Street St Lomita 90717,,,,
10748,20019,,,,26116.0,,,,,,Narbonne,Avenue,,,,,,,,,,,Unit,D,90717.0,,Lomita,Lomita,,,,,Office of Assessor,{748DEDCC-7BC3-41F2-9127-A29B2BE542D7},0,,748DEDCC-7BC3-41F2-9127-A29B2BE542D7,Unknown,,,,,Ave,Narbonne Ave,2024/05/12 21:11:39+00,26116 Narbonne Ave Unit D Lomita 90717,748DEDCC-7BC3-41F2-9127-A29B2BE542D7_26116_Narbonne_Ave_Unit_D_Lomita_90717,Narbonne,26116 Narbonne Avenue Ave Unit D Lomita 90717,,,,
10751,20031,,,,25833.0,,,,,,Cypress,Street,,,,,,,,,,,,,90717.0,,Lomita,Lomita,,,,,Office of Assessor,{3DC26384-2A6A-40AB-8DA8-24D860AD7954},0,,3DC26384-2A6A-40AB-8DA8-24D860AD7954,Unknown,,,,,St,Cypress St,2024/05/12 21:11:39+00,25833 Cypress St Lomita 90717,3DC26384-2A6A-40AB-8DA8-24D860AD7954_25833_Cypress_St_Lomita_90717,Cypress,25833 Cypress Street St Lomita 90717,,,,
10752,20032,,,,24114.0,,,,,,Alliene,Avenue,,,,,,,,,,,,,90717.0,,Lomita,Lomita,,,,,Office of Assessor,{581D2895-2821-442D-B77F-B4EBDAA3043D},0,,581D2895-2821-442D-B77F-B4EBDAA3043D,Unknown,,,,,Ave,Alliene Ave,2024/05/12 21:11:39+00,24114 Alliene Ave Lomita 90717,581D2895-2821-442D-B77F-B4EBDAA3043D_24114_Alliene_Ave_Lomita_90717,Alliene,24114 Alliene Avenue Ave Lomita 90717,,,,
10754,20046,,,,26015.0,,,,,,Narbonne,Avenue,,,,,,,,,,,Unit,17,90717.0,,Lomita,Lomita,,,,,Office of Assessor,{33BBD69C-0470-4C06-B673-8E36A4C724B0},0,,33BBD69C-0470-4C06-B673-8E36A4C724B0,Unknown,,,,,Ave,Narbonne Ave,2024/05/12 21:11:39+00,26015 Narbonne Ave Unit 17 Lomita 90717,33BBD69C-0470-4C06-B673-8E36A4C724B0_26015_Narbonne_Ave_Unit_17_Lomita_90717,Narbonne,26015 Narbonne Avenue Ave Unit 17 Lomita 90717,,,,
10755,20049,,,,26120.0,,,,,,Narbonne,Avenue,,,,,,,,,,,Unit,F,90717.0,,Lomita,Lomita,,,,,Office of Assessor,{2987A133-91F7-4A6A-84CA-A05B0D98C947},0,,2987A133-91F7-4A6A-84CA-A05B0D98C947,Unknown,,,,,Ave,Narbonne Ave,2024/05/12 21:11:39+00,26120 Narbonne Ave Unit F Lomita 90717,2987A133-91F7-4A6A-84CA-A05B0D98C947_26120_Narbonne_Ave_Unit_F_Lomita_90717,Narbonne,26120 Narbonne Avenue Ave Unit F Lomita 90717,,,,
10756,20050,,,,26130.0,,,,,,Narbonne,Avenue,,,,,,,,,,,Unit,102,90717.0,,Lomita,Lomita,,,,,Office of Assessor,{A6755980-244D-4B3B-B9AE-A65450580048},0,,A6755980-244D-4B3B-B9AE-A65450580048,Unknown,,,,,Ave,Narbonne Ave,2024/05/12 21:11:39+00,26130 Narbonne Ave Unit 102 Lomita 90717,A6755980-244D-4B3B-B9AE-A65450580048_26130_Narbonne_Ave_Unit_102_Lomita_90717,Narbonne,26130 Narbonne Avenue Ave Unit 102 Lomita 90717,,,,
10758,20054,,,,25930.0,,,,,,Narbonne,Avenue,,,,,,,,,,,Unit,119,90717.0,,Lomita,Lomita,,,,,Office of Assessor,{DAB8AFEE-899F-4858-95A4-DF3D9A699FBD},0,,DAB8AFEE-899F-4858-95A4-DF3D9A699FBD,Unknown,,,,,Ave,Narbonne Ave,2024/05/12 21:11:39+00,25930 Narbonne Ave Unit 119 Lomita 90717,DAB8AFEE-899F-4858-95A4-DF3D9A699FBD_25930_Narbonne_Ave_Unit_119_Lomita_90717,Narbonne,25930 Narbonne Avenue Ave Unit 119 Lomita 90717,,,,
10762,20066,,,,26015.0,,,,,,Narbonne,Avenue,,,,,,,,,,,Unit,1,90717.0,,Lomita,Lomita,,,,,Office of Assessor,{BCD74F8E-9A57-4CD0-9BED-D60CA8EB6688},0,,BCD74F8E-9A57-4CD0-9BED-D60CA8EB6688,Unknown,,,,,Ave,Narbonne Ave,2024/05/12 21:11:39+00,26015 Narbonne Ave Unit 1 Lomita 90717,BCD74F8E-9A57-4CD0-9BED-D60CA8EB6688_26015_Narbonne_Ave_Unit_1_Lomita_90717,Narbonne,26015 Narbonne Avenue Ave Unit 1 Lomita 90717,,,,
10765,20077,,,,25830.0,,,,,,Oak,Street,,,,,,,,,,,Unit,7,90717.0,,Lomita,Lomita,,,,,Office of Assessor,{320A109D-3E37-435A-B2FF-850CD8A3409B},0,,320A109D-3E37-435A-B2FF-850CD8A3409B,Unknown,,,,,St,Oak St,2024/05/12 21:11:39+00,25830 Oak St Unit 7 Lomita 90717,320A109D-3E37-435A-B2FF-850CD8A3409B_25830_Oak_St_Unit_7_Lomita_90717,Oak,25830 Oak Street St Unit 7 Lomita 90717,,,,
10768,20086,,,,25904.0,,,,,,Pennsylvania,Avenue,,,,,,,,,,,Unit,D,90717.0,,Lomita,Lomita,,,,,Office of Assessor,{D5DC172E-EFA9-43C6-B958-FDA25F979F78},0,,D5DC172E-EFA9-43C6-B958-FDA25F979F78,Unknown,,,,,Ave,Pennsylvania Ave,2024/05/12 21:11:39+00,25904 Pennsylvania Ave Unit D Lomita 90717,D5DC172E-EFA9-43C6-B958-FDA25F979F78_25904_Pennsylvania_Ave_Unit_D_Lomita_90717,Pennsylvania,25904 Pennsylvania Avenue Ave Unit D Lomita 90717,,,,
10770,20090,,,,25930.0,,,,,,Narbonne,Avenue,,,,,,,,,,,Unit,123,90717.0,,Lomita,Lomita,,,,,Office of Assessor,{30733965-FB76-4C05-ACB2-8BFF6657FCB8},0,,30733965-FB76-4C05-ACB2-8BFF6657FCB8,Unknown,,,,,Ave,Narbonne Ave,2024/05/12 21:11:39+00,25930 Narbonne Ave Unit 123 Lomita 90717,30733965-FB76-4C05-ACB2-8BFF6657FCB8_25930_Narbonne_Ave_Unit_123_Lomita_90717,Narbonne,25930 Narbonne Avenue Ave Unit 123 Lomita 90717,,,,
10771,20093,,,,25925.0,,,,,,Narbonne,Avenue,,,,,,,,,,,Unit,25,90717.0,,Lomita,Lomita,,,,,Office of Assessor,{129273F8-E2C6-422E-829E-F4E935FAA997},0,,129273F8-E2C6-422E-829E-F4E935FAA997,Unknown,,,,,Ave,Narbonne Ave,2024/05/12 21:11:39+00,25925 Narbonne Ave Unit 25 Lomita 90717,129273F8-E2C6-422E-829E-F4E935FAA997_25925_Narbonne_Ave_Unit_25_Lomita_90717,Narbonne,25925 Narbonne Avenue Ave Unit 25 Lomita 90717,,,,
10776,20101,,,,26119.0,,,,,,Oak,Street,,,,,,,,,,,Unit,A,90717.0,,Lomita,Lomita,,,,,Office of Assessor,{98EC4299-5107-4252-A05C-43A1D7F52553},0,,98EC4299-5107-4252-A05C-43A1D7F52553,Unknown,,,,,St,Oak St,2024/05/12 21:11:39+00,26119 Oak St Unit A Lomita 90717,98EC4299-5107-4252-A05C-43A1D7F52553_26119_Oak_St_Unit_A_Lomita_90717,Oak,26119 Oak Street St Unit A Lomita 90717,,,,
10779,20112,,,,25914.0,,,,,,Pennsylvania,Avenue,,,,,,,,,,,Unit,4,90717.0,,Lomita,Lomita,,,,,Office of Assessor,{B001396B-1B84-45DF-B53E-69383F173224},0,,B001396B-1B84-45DF-B53E-69383F173224,Unknown,,,,,Ave,Pennsylvania Ave,2024/05/12 21:11:39+00,25914 Pennsylvania Ave Unit 4 Lomita 90717,B001396B-1B84-45DF-B53E-69383F173224_25914_Pennsylvania_Ave_Unit_4_Lomita_90717,Pennsylvania,25914 Pennsylvania Avenue Ave Unit 4 Lomita 90717,,,,
10780,20117,,,,25925.0,,,,,,Narbonne,Avenue,,,,,,,,,,,,,90717.0,,Lomita,Lomita,,,,,Office of Assessor,{72876878-CBB2-407E-A4C5-A805C67F0D33},0,,72876878-CBB2-407E-A4C5-A805C67F0D33,Unknown,,,,,Ave,Narbonne Ave,2024/05/12 21:11:39+00,25925 Narbonne Ave Lomita 90717,72876878-CBB2-407E-A4C5-A805C67F0D33_25925_Narbonne_Ave_Lomita_90717,Narbonne,25925 Narbonne Avenue Ave Lomita 90717,,,,
10781,20118,,,,2333.0,,,,,,241st,Street,,,,,,,,,,,Unit,37,90717.0,,Lomita,Lomita,,,,,Office of Assessor,{737DFA40-97DD-448A-B1A9-20F0D7E1129C},0,,737DFA40-97DD-448A-B1A9-20F0D7E1129C,Unknown,,,,,St,241st St,2024/05/12 21:11:39+00,2333 241st St Unit 37 Lomita 90717,737DFA40-97DD-448A-B1A9-20F0D7E1129C_2333_241st_St_Unit_37_Lomita_90717,241st,2333 241st Street St Unit 37 Lomita 90717,,,,
10783,20127,,,,25840.0,,,,,,Viana,Avenue,,,,,,,,,,,Unit,A,90717.0,,Lomita,Lomita,,,,,Office of Assessor,{A20261AC-DC27-420E-A222-696BF9E1AE26},0,,A20261AC-DC27-420E-A222-696BF9E1AE26,Unknown,,,,,Ave,Viana Ave,2024/05/12 21:11:39+00,25840 Viana Ave Unit A Lomita 90717,A20261AC-DC27-420E-A222-696BF9E1AE26_25840_Viana_Ave_Unit_A_Lomita_90717,Viana,25840 Viana Avenue Ave Unit A Lomita 90717,,,,
10784,20134,,,,2361.0,,,,,,Austinbrook,Court,,,,,,,,,,,,,90717.0,,Lomita,Lomita,,,,,Office of Assessor,{176231C0-C4F2-4B6D-A4A2-804302B71F79},0,,176231C0-C4F2-4B6D-A4A2-804302B71F79,Unknown,,,,,Ct,Austinbrook Ct,2024/05/12 21:11:39+00,2361 Austinbrook Ct Lomita 90717,176231C0-C4F2-4B6D-A4A2-804302B71F79_2361_Austinbrook_Ct_Lomita_90717,Austinbrook,2361 Austinbrook Court Ct Lomita 90717,,,,
10790,20152,,,,26130.0,,,,,,Narbonne,Avenue,,,,,,,,,,,Unit,113,90717.0,,Lomita,Lomita,,,,,Office of Assessor,{2E41E5EA-2EF2-41A6-A729-1DF5A023B6A6},0,,2E41E5EA-2EF2-41A6-A729-1DF5A023B6A6,Unknown,,,,,Ave,Narbonne Ave,2024/05/12 21:11:39+00,26130 Narbonne Ave Unit 113 Lomita 90717,2E41E5EA-2EF2-41A6-A729-1DF5A023B6A6_26130_Narbonne_Ave_Unit_113_Lomita_90717,Narbonne,26130 Narbonne Avenue Ave Unit 113 Lomita 90717,,,,
10793,20161,,,,25930.0,,,,,,Narbonne,Avenue,,,,,,,,,,,Unit,125,90717.0,,Lomita,Lomita,,,,,Office of Assessor,{9BC67A6D-D11F-4C51-A06D-C183EB2A20DB},0,,9BC67A6D-D11F-4C51-A06D-C183EB2A20DB,Unknown,,,,,Ave,Narbonne Ave,2024/05/12 21:11:39+00,25930 Narbonne Ave Unit 125 Lomita 90717,9BC67A6D-D11F-4C51-A06D-C183EB2A20DB_25930_Narbonne_Ave_Unit_125_Lomita_90717,Narbonne,25930 Narbonne Avenue Ave Unit 125 Lomita 90717,,,,
10795,20166,,,,2235.0,,,,,,241st,Street,,,,,,,,,,,Unit,1,90717.0,,Lomita,Lomita,,,,,Office of Assessor,{3505FB77-7DA0-462E-A22A-F572CED963AF},0,,3505FB77-7DA0-462E-A22A-F572CED963AF,Unknown,,,,,St,241st St,2024/05/12 21:11:39+00,2235 241st St Unit 1 Lomita 90717,3505FB77-7DA0-462E-A22A-F572CED963AF_2235_241st_St_Unit_1_Lomita_90717,241st,2235 241st Street St Unit 1 Lomita 90717,,,,
10800,20180,,,,25962.0,,,,,,Eshelman,Avenue,,,,,,,,,,,,,90717.0,,Lomita,Lomita,,,,,Office of Assessor,{D2292AB0-130B-46F2-99C9-D14E077D734E},0,,D2292AB0-130B-46F2-99C9-D14E077D734E,Unknown,,,,,Ave,Eshelman Ave,2024/05/12 21:11:39+00,25962 Eshelman Ave Lomita 90717,D2292AB0-130B-46F2-99C9-D14E077D734E_25962_Eshelman_Ave_Lomita_90717,Eshelman,25962 Eshelman Avenue Ave Lomita 90717,,,,
10804,20201,,,,25925.0,,,,,,Oak,Street,,,,,,,,,,,Unit,109,90717.0,,Lomita,Lomita,,,,,Office of Assessor,{10BCF286-C8E6-4E26-971F-CE804D3ECF7D},0,,10BCF286-C8E6-4E26-971F-CE804D3ECF7D,Unknown,,,,,St,Oak St,2024/05/12 21:11:39+00,25925 Oak St Unit 109 Lomita 90717,10BCF286-C8E6-4E26-971F-CE804D3ECF7D_25925_Oak_St_Unit_109_Lomita_90717,Oak,25925 Oak Street St Unit 109 Lomita 90717,,,,
10805,20202,,,,25925.0,,,,,,Narbonne,Avenue,,,,,,,,,,,Apartment,14,90717.0,,Lomita,Lomita,,,,,Office of Assessor,{210977B8-6CEC-47B2-99D0-DD0B3C515AD1},0,,210977B8-6CEC-47B2-99D0-DD0B3C515AD1,Unknown,,,,,Ave,Narbonne Ave,2024/05/12 21:11:39+00,25925 Narbonne Ave Apartment 14 Lomita 90717,210977B8-6CEC-47B2-99D0-DD0B3C515AD1_25925_Narbonne_Ave_Apartment_14_Lomita_90717,Narbonne,25925 Narbonne Avenue Ave Apartment 14 Lomita 90717,,,,
10806,20206,,,,25921.0,,,,,,Oak,Street,,,,,,,,,,,Unit,106,90717.0,,Lomita,Lomita,,,,,Office of Assessor,{5CDBE3C8-98A0-4B63-A97A-0C54A699EA11},0,,5CDBE3C8-98A0-4B63-A97A-0C54A699EA11,Unknown,,,,,St,Oak St,2024/05/12 21:11:39+00,25921 Oak St Unit 106 Lomita 90717,5CDBE3C8-98A0-4B63-A97A-0C54A699EA11_25921_Oak_St_Unit_106_Lomita_90717,Oak,25921 Oak Street St Unit 106 Lomita 90717,,,,
10807,20208,,,,2305.0,,,,,,241st,Street,,,,,,,,,,,,,90717.0,,Lomita,Lomita,,,,,Office of Assessor,{02FA2010-9928-4F52-A40D-9F9645166651},0,,02FA2010-9928-4F52-A40D-9F9645166651,Unknown,,,,,St,241st St,2024/05/12 21:11:39+00,2305 241st St Lomita 90717,02FA2010-9928-4F52-A40D-9F9645166651_2305_241st_St_Lomita_90717,241st,2305 241st Street St Lomita 90717,,,,
10809,20212,,,,25904.0,,,,,,Pennsylvania,Avenue,,,,,,,,,,,Unit,C,90717.0,,Lomita,Lomita,,,,,Office of Assessor,{4AB4D2A8-F9A5-4CE0-9921-8815948936BE},0,,4AB4D2A8-F9A5-4CE0-9921-8815948936BE,Unknown,,,,,Ave,Pennsylvania Ave,2024/05/12 21:11:39+00,25904 Pennsylvania Ave Unit C Lomita 90717,4AB4D2A8-F9A5-4CE0-9921-8815948936BE_25904_Pennsylvania_Ave_Unit_C_Lomita_90717,Pennsylvania,25904 Pennsylvania Avenue Ave Unit C Lomita 90717,,,,
10810,20214,,,,2110.0,,,,,,Palos Verdes,Drive,North,,,,,,,,,,Unit,209,90717.0,,Lomita,Lomita,,,,,Office of Assessor,{1D189510-61E0-4D4E-889B-C293A1240265},0,,1D189510-61E0-4D4E-889B-C293A1240265,Unknown,,,N,,Dr,Palos Verdes Dr N,2024/05/12 21:11:39+00,2110 Palos Verdes Dr N Unit 209 Lomita 90717,1D189510-61E0-4D4E-889B-C293A1240265_2110_Palos_Verdes_Dr_N_Unit_209_Lomita_90717,Palos Verdes,2110 Palos Verdes Drive Dr N Unit 209 Lomita 90717,,,,
10811,20216,,,,25921.0,,,,,,Oak,Street,,,,,,,,,,,Unit,204,90717.0,,Lomita,Lomita,,,,,Office of Assessor,{9AECB4EA-424D-4089-92BC-C3BB3D1058F5},0,,9AECB4EA-424D-4089-92BC-C3BB3D1058F5,Unknown,,,,,St,Oak St,2024/05/12 21:11:39+00,25921 Oak St Unit 204 Lomita 90717,9AECB4EA-424D-4089-92BC-C3BB3D1058F5_25921_Oak_St_Unit_204_Lomita_90717,Oak,25921 Oak Street St Unit 204 Lomita 90717,,,,
10813,20219,,,,2110.0,,,,,,Palos Verdes,Drive,North,,,,,,,,,,Unit,204,90717.0,,Lomita,Lomita,,,,,Office of Assessor,{5612CDCF-10F0-4070-94A3-145683EBF9D8},0,,5612CDCF-10F0-4070-94A3-145683EBF9D8,Unknown,,,N,,Dr,Palos Verdes Dr N,2024/05/12 21:11:39+00,2110 Palos Verdes Dr N Unit 204 Lomita 90717,5612CDCF-10F0-4070-94A3-145683EBF9D8_2110_Palos_Verdes_Dr_N_Unit_204_Lomita_90717,Palos Verdes,2110 Palos Verdes Drive Dr N Unit 204 Lomita 90717,,,,
10814,20222,,,,2270.0,,,,,,241st,Street,,,,,,,,,,,Unit,7A,90717.0,,Lomita,Lomita,,,,,Office of Assessor,{BED416DB-F652-469A-80C9-5E781A212D8E},0,,BED416DB-F652-469A-80C9-5E781A212D8E,Unknown,,,,,St,241st St,2024/05/12 21:11:39+00,2270 241st St Unit 7A Lomita 90717,BED416DB-F652-469A-80C9-5E781A212D8E_2270_241st_St_Unit_7A_Lomita_90717,241st,2270 241st Street St Unit 7A Lomita 90717,,,,
10817,20228,,,,2110.0,,,,,,Palos Verdes,Drive,North,,,,,,,,,,Unit,101,90717.0,,Lomita,Lomita,,,,,Office of Assessor,{A23A57E9-AF4E-45B0-85DA-39648AE3D017},0,,A23A57E9-AF4E-45B0-85DA-39648AE3D017,Unknown,,,N,,Dr,Palos Verdes Dr N,2024/05/12 21:11:39+00,2110 Palos Verdes Dr N Unit 101 Lomita 90717,A23A57E9-AF4E-45B0-85DA-39648AE3D017_2110_Palos_Verdes_Dr_N_Unit_101_Lomita_90717,Palos Verdes,2110 Palos Verdes Drive Dr N Unit 101 Lomita 90717,,,,
10820,20239,,,,25921.0,,,,,,Oak,Street,,,,,,,,,,,Unit,108,90717.0,,Lomita,Lomita,,,,,Office of Assessor,{F587287C-B4CB-4CE2-B76B-A9F59DF117A1},0,,F587287C-B4CB-4CE2-B76B-A9F59DF117A1,Unknown,,,,,St,Oak St,2024/05/12 21:11:39+00,25921 Oak St Unit 108 Lomita 90717,F587287C-B4CB-4CE2-B76B-A9F59DF117A1_25921_Oak_St_Unit_108_Lomita_90717,Oak,25921 Oak Street St Unit 108 Lomita 90717,,,,
10822,20247,,,,25905.0,,,,,,Narbonne,Avenue,,,,,,,,,,,Unit,17,90717.0,,Lomita,Lomita,,,,,Office of Assessor,{4AA648ED-26FA-42B2-BC1B-6C551EF16511},0,,4AA648ED-26FA-42B2-BC1B-6C551EF16511,Unknown,,,,,Ave,Narbonne Ave,2024/05/12 21:11:39+00,25905 Narbonne Ave Unit 17 Lomita 90717,4AA648ED-26FA-42B2-BC1B-6C551EF16511_25905_Narbonne_Ave_Unit_17_Lomita_90717,Narbonne,25905 Narbonne Avenue Ave Unit 17 Lomita 90717,,,,
10823,20250,,,,26015.0,,,,,,Narbonne,Avenue,,,,,,,,,,,Apartment,6,90717.0,,Lomita,Lomita,,,,,Office of Assessor,{42677B21-AE09-4AD9-96A7-C8CFF843AB95},0,,42677B21-AE09-4AD9-96A7-C8CFF843AB95,Unknown,,,,,Ave,Narbonne Ave,2024/05/12 21:11:39+00,26015 Narbonne Ave Apartment 6 Lomita 90717,42677B21-AE09-4AD9-96A7-C8CFF843AB95_26015_Narbonne_Ave_Apartment_6_Lomita_90717,Narbonne,26015 Narbonne Avenue Ave Apartment 6 Lomita 90717,,,,
10824,20251,,,,25905.0,,,,,,Narbonne,Avenue,,,,,,,,,,,Unit,7,90717.0,,Lomita,Lomita,,,,,Office of Assessor,{50B4BF52-091F-452E-A0FD-CEBBF8CD9484},0,,50B4BF52-091F-452E-A0FD-CEBBF8CD9484,Unknown,,,,,Ave,Narbonne Ave,2024/05/12 21:11:39+00,25905 Narbonne Ave Unit 7 Lomita 90717,50B4BF52-091F-452E-A0FD-CEBBF8CD9484_25905_Narbonne_Ave_Unit_7_Lomita_90717,Narbonne,25905 Narbonne Avenue Ave Unit 7 Lomita 90717,,,,
10825,20255,,,,2370.0,,,,,,241st,Street,,,,,,,,,,,,,90717.0,,Lomita,Lomita,,,,,Office of Assessor,{35C21637-B43D-47A7-9FC3-F7F9F65B48D5},0,,35C21637-B43D-47A7-9FC3-F7F9F65B48D5,Unknown,,,,,St,241st St,2024/05/12 21:11:39+00,2370 241st St Lomita 90717,35C21637-B43D-47A7-9FC3-F7F9F65B48D5_2370_241st_St_Lomita_90717,241st,2370 241st Street St Lomita 90717,,,,
10830,20273,,,,2314.0,,,,,,241st,Street,,,,,,,,,,,,,90717.0,,Lomita,Lomita,,,,,Office of Assessor,{AAAC2238-B4C1-4AAB-8640-65E398A98F87},0,,AAAC2238-B4C1-4AAB-8640-65E398A98F87,Unknown,,,,,St,241st St,2024/05/12 21:11:39+00,2314 241st St Lomita 90717,AAAC2238-B4C1-4AAB-8640-65E398A98F87_2314_241st_St_Lomita_90717,241st,2314 241st Street St Lomita 90717,,,,
10831,20275,,,,25930.0,,,,,,Narbonne,Avenue,,,,,,,,,,,Unit,135,90717.0,,Lomita,Lomita,,,,,Office of Assessor,{070606E2-6400-4490-8DBF-F6A34493E349},0,,070606E2-6400-4490-8DBF-F6A34493E349,Unknown,,,,,Ave,Narbonne Ave,2024/05/12 21:11:39+00,25930 Narbonne Ave Unit 135 Lomita 90717,070606E2-6400-4490-8DBF-F6A34493E349_25930_Narbonne_Ave_Unit_135_Lomita_90717,Narbonne,25930 Narbonne Avenue Ave Unit 135 Lomita 90717,,,,
10832,20278,,,,26111.0,,,,,,Oak,Street,,,,,,,,,,,Unit,C,90717.0,,Lomita,Lomita,,,,,Office of Assessor,{F1407D46-8AD4-4D35-817A-E41D8393222F},0,,F1407D46-8AD4-4D35-817A-E41D8393222F,Unknown,,,,,St,Oak St,2024/05/12 21:11:39+00,26111 Oak St Unit C Lomita 90717,F1407D46-8AD4-4D35-817A-E41D8393222F_26111_Oak_St_Unit_C_Lomita_90717,Oak,26111 Oak Street St Unit C Lomita 90717,,,,
10835,20294,,,,26117.0,,,,,,Oak,Street,,,,,,,,,,,Unit,A,90717.0,,Lomita,Lomita,,,,,Office of Assessor,{10D6DEE3-6D47-427D-94E7-CCB276A615ED},0,,10D6DEE3-6D47-427D-94E7-CCB276A615ED,Unknown,,,,,St,Oak St,2024/05/12 21:11:39+00,26117 Oak St Unit A Lomita 90717,10D6DEE3-6D47-427D-94E7-CCB276A615ED_26117_Oak_St_Unit_A_Lomita_90717,Oak,26117 Oak Street St Unit A Lomita 90717,,,,
10837,20301,,,,25925.0,,,,,,Oak,Street,,,,,,,,,,,Unit,110,90717.0,,Lomita,Lomita,,,,,Office of Assessor,{050A41FA-E3D7-4EC2-95D2-551BD694970F},0,,050A41FA-E3D7-4EC2-95D2-551BD694970F,Unknown,,,,,St,Oak St,2024/05/12 21:11:39+00,25925 Oak St Unit 110 Lomita 90717,050A41FA-E3D7-4EC2-95D2-551BD694970F_25925_Oak_St_Unit_110_Lomita_90717,Oak,25925 Oak Street St Unit 110 Lomita 90717,,,,
10839,20306,,,,25925.0,,,,,,Narbonne,Avenue,,,,,,,,,,,Unit,20,90717.0,,Lomita,Lomita,,,,,Office of Assessor,{82388BED-B8CB-479B-80AA-1147B2C65DDB},0,,82388BED-B8CB-479B-80AA-1147B2C65DDB,Unknown,,,,,Ave,Narbonne Ave,2024/05/12 21:11:39+00,25925 Narbonne Ave Unit 20 Lomita 90717,82388BED-B8CB-479B-80AA-1147B2C65DDB_25925_Narbonne_Ave_Unit_20_Lomita_90717,Narbonne,25925 Narbonne Avenue Ave Unit 20 Lomita 90717,,,,
10841,20315,,,,26121.0,,,,,,Oak,Street,,,,,,,,,,,Unit,C,90717.0,,Lomita,Lomita,,,,,Office of Assessor,{277FF16E-4789-4023-AFE7-08913314DF0E},0,,277FF16E-4789-4023-AFE7-08913314DF0E,Unknown,,,,,St,Oak St,2024/05/12 21:11:39+00,26121 Oak St Unit C Lomita 90717,277FF16E-4789-4023-AFE7-08913314DF0E_26121_Oak_St_Unit_C_Lomita_90717,Oak,26121 Oak Street St Unit C Lomita 90717,,,,
10846,20322,,,,25837.0,,,,,,Cypress,Street,,,,,,,,,,,,,90717.0,,Lomita,Lomita,,,,,Office of Assessor,{F194E1E9-A4F4-4456-808B-60BB324334F2},0,,F194E1E9-A4F4-4456-808B-60BB324334F2,Unknown,,,,,St,Cypress St,2024/05/12 21:11:39+00,25837 Cypress St Lomita 90717,F194E1E9-A4F4-4456-808B-60BB324334F2_25837_Cypress_St_Lomita_90717,Cypress,25837 Cypress Street St Lomita 90717,,,,
10848,20327,,,,25934.0,,,,,,Pennsylvania,Avenue,,,,,,,,,,,Unit,2,90717.0,,Lomita,Lomita,,,,,Office of Assessor,{453507AB-F835-4057-A09A-44AFF16A54DB},0,,453507AB-F835-4057-A09A-44AFF16A54DB,Unknown,,,,,Ave,Pennsylvania Ave,2024/05/12 21:11:39+00,25934 Pennsylvania Ave Unit 2 Lomita 90717,453507AB-F835-4057-A09A-44AFF16A54DB_25934_Pennsylvania_Ave_Unit_2_Lomita_90717,Pennsylvania,25934 Pennsylvania Avenue Ave Unit 2 Lomita 90717,,,,
10849,20329,,,,25340.0,,,,,,Cypress,Street,,,,,,,,,,,,,90717.0,,Lomita,Lomita,,,,,Office of Assessor,{0D9FC7E4-EA20-4C98-953E-8085356D4AF7},0,,0D9FC7E4-EA20-4C98-953E-8085356D4AF7,Unknown,,,,,St,Cypress St,2024/05/12 21:11:39+00,25340 Cypress St Lomita 90717,0D9FC7E4-EA20-4C98-953E-8085356D4AF7_25340_Cypress_St_Lomita_90717,Cypress,25340 Cypress Street St Lomita 90717,,,,
10852,20334,,,,2357.0,,,,,,Austinbrook,Court,,,,,,,,,,,,,90717.0,,Lomita,Lomita,,,,,Office of Assessor,{880F0963-720E-42AB-9D66-F507A13F92C8},0,,880F0963-720E-42AB-9D66-F507A13F92C8,Unknown,,,,,Ct,Austinbrook Ct,2024/05/12 21:11:39+00,2357 Austinbrook Ct Lomita 90717,880F0963-720E-42AB-9D66-F507A13F92C8_2357_Austinbrook_Ct_Lomita_90717,Austinbrook,2357 Austinbrook Court Ct Lomita 90717,,,,
10853,20337,,,,2235.0,,,,,,241st,Street,,,,,,,,,,,Unit,8,90717.0,,Lomita,Lomita,,,,,Office of Assessor,{D97BA68B-CE41-44F3-A3E0-F659BA076EAA},0,,D97BA68B-CE41-44F3-A3E0-F659BA076EAA,Unknown,,,,,St,241st St,2024/05/12 21:11:39+00,2235 241st St Unit 8 Lomita 90717,D97BA68B-CE41-44F3-A3E0-F659BA076EAA_2235_241st_St_Unit_8_Lomita_90717,241st,2235 241st Street St Unit 8 Lomita 90717,,,,
10860,20357,,,,2077.0,,,,,,262nd,Street,,,,,,,,,,,,,90717.0,,Lomita,Lomita,,,,,Office of Assessor,{39B28529-C68E-428C-8F5F-B460C4F1F53E},0,,39B28529-C68E-428C-8F5F-B460C4F1F53E,Unknown,,,,,St,262nd St,2024/05/12 21:11:39+00,2077 262nd St Lomita 90717,39B28529-C68E-428C-8F5F-B460C4F1F53E_2077_262nd_St_Lomita_90717,262nd,2077 262nd Street St Lomita 90717,,,,
10861,20359,,,,25921.0,,,,,,Oak,Street,,,,,,,,,,,Unit,111,90717.0,,Lomita,Lomita,,,,,Office of Assessor,{8FF1995D-8B76-4A76-B18B-1E326C25E3FF},0,,8FF1995D-8B76-4A76-B18B-1E326C25E3FF,Unknown,,,,,St,Oak St,2024/05/12 21:11:39+00,25921 Oak St Unit 111 Lomita 90717,8FF1995D-8B76-4A76-B18B-1E326C25E3FF_25921_Oak_St_Unit_111_Lomita_90717,Oak,25921 Oak Street St Unit 111 Lomita 90717,,,,
10862,20360,,,,26130.0,,,,,,Narbonne,Avenue,,,,,,,,,,,Unit,119,90717.0,,Lomita,Lomita,,,,,Office of Assessor,{3F5859A2-CF2F-4BF1-99CD-64F5FE930E0B},0,,3F5859A2-CF2F-4BF1-99CD-64F5FE930E0B,Unknown,,,,,Ave,Narbonne Ave,2024/05/12 21:11:39+00,26130 Narbonne Ave Unit 119 Lomita 90717,3F5859A2-CF2F-4BF1-99CD-64F5FE930E0B_26130_Narbonne_Ave_Unit_119_Lomita_90717,Narbonne,26130 Narbonne Avenue Ave Unit 119 Lomita 90717,,,,
10863,20361,,,,25921.0,,,,,,Oak,Street,,,,,,,,,,,Unit,109,90717.0,,Lomita,Lomita,,,,,Office of Assessor,{28AC80F7-B3AE-4719-A7C4-9A463915EBA2},0,,28AC80F7-B3AE-4719-A7C4-9A463915EBA2,Unknown,,,,,St,Oak St,2024/05/12 21:11:39+00,25921 Oak St Unit 109 Lomita 90717,28AC80F7-B3AE-4719-A7C4-9A463915EBA2_25921_Oak_St_Unit_109_Lomita_90717,Oak,25921 Oak Street St Unit 109 Lomita 90717,,,,
10864,20364,,,,2333.0,,,,,,241st,Street,,,,,,,,,,,Unit,13,90717.0,,Lomita,Lomita,,,,,Office of Assessor,{2619DFD2-4D70-4E29-98EC-C01E09824495},0,,2619DFD2-4D70-4E29-98EC-C01E09824495,Unknown,,,,,St,241st St,2024/05/12 21:11:39+00,2333 241st St Unit 13 Lomita 90717,2619DFD2-4D70-4E29-98EC-C01E09824495_2333_241st_St_Unit_13_Lomita_90717,241st,2333 241st Street St Unit 13 Lomita 90717,,,,
10865,20365,,,,26015.0,,,,,,Narbonne,Avenue,,,,,,,,,,,Unit,3,90717.0,,Lomita,Lomita,,,,,Office of Assessor,{FE68C5ED-9333-41B3-A383-442B7419679C},0,,FE68C5ED-9333-41B3-A383-442B7419679C,Unknown,,,,,Ave,Narbonne Ave,2024/05/12 21:11:39+00,26015 Narbonne Ave Unit 3 Lomita 90717,FE68C5ED-9333-41B3-A383-442B7419679C_26015_Narbonne_Ave_Unit_3_Lomita_90717,Narbonne,26015 Narbonne Avenue Ave Unit 3 Lomita 90717,,,,
10867,20377,,,,25831.0,,,,,,Cypress,Street,,,,,,,,,,,,,90717.0,,Lomita,Lomita,,,,,Office of Assessor,{8F0285D4-C423-4AA6-B042-BD09DF777A9A},0,,8F0285D4-C423-4AA6-B042-BD09DF777A9A,Unknown,,,,,St,Cypress St,2024/05/12 21:11:39+00,25831 Cypress St Lomita 90717,8F0285D4-C423-4AA6-B042-BD09DF777A9A_25831_Cypress_St_Lomita_90717,Cypress,25831 Cypress Street St Lomita 90717,,,,
10868,20379,,,,2333.0,,,,,,241st,Street,,,,,,,,,,,Unit,34,90717.0,,Lomita,Lomita,,,,,Office of Assessor,{FE1B9668-461F-4918-A400-0273C90FA73F},0,,FE1B9668-461F-4918-A400-0273C90FA73F,Unknown,,,,,St,241st St,2024/05/12 21:11:39+00,2333 241st St Unit 34 Lomita 90717,FE1B9668-461F-4918-A400-0273C90FA73F_2333_241st_St_Unit_34_Lomita_90717,241st,2333 241st Street St Unit 34 Lomita 90717,,,,
10872,20402,,,,2110.0,,,,,,Palos Verdes,Drive,North,,,,,,,,,,Unit,208,90717.0,,Lomita,Lomita,,,,,Office of Assessor,{2848F912-71B9-4941-80F6-86BE5DD8783C},0,,2848F912-71B9-4941-80F6-86BE5DD8783C,Unknown,,,N,,Dr,Palos Verdes Dr N,2024/05/12 21:11:39+00,2110 Palos Verdes Dr N Unit 208 Lomita 90717,2848F912-71B9-4941-80F6-86BE5DD8783C_2110_Palos_Verdes_Dr_N_Unit_208_Lomita_90717,Palos Verdes,2110 Palos Verdes Drive Dr N Unit 208 Lomita 90717,,,,
10873,20406,,,,26113.0,,,,,,Oak,Street,,,,,,,,,,,Unit,A,90717.0,,Lomita,Lomita,,,,,Office of Assessor,{6359EA1F-0135-4EC5-AA55-BFEE2B416F80},0,,6359EA1F-0135-4EC5-AA55-BFEE2B416F80,Unknown,,,,,St,Oak St,2024/05/12 21:11:39+00,26113 Oak St Unit A Lomita 90717,6359EA1F-0135-4EC5-AA55-BFEE2B416F80_26113_Oak_St_Unit_A_Lomita_90717,Oak,26113 Oak Street St Unit A Lomita 90717,,,,
10874,20413,,,,25834.0,,,,,,Pennsylvania,Avenue,,,,,,,,,,,Unit,3,90717.0,,Lomita,Lomita,,,,,Office of Assessor,{3E3AC189-4633-41BD-A144-1128ABDCF650},0,,3E3AC189-4633-41BD-A144-1128ABDCF650,Unknown,,,,,Ave,Pennsylvania Ave,2024/05/12 21:11:39+00,25834 Pennsylvania Ave Unit 3 Lomita 90717,3E3AC189-4633-41BD-A144-1128ABDCF650_25834_Pennsylvania_Ave_Unit_3_Lomita_90717,Pennsylvania,25834 Pennsylvania Avenue Ave Unit 3 Lomita 90717,,,,
10875,20414,,,,25900.0,,,,,,Oak,Street,,,,,,,,,,,Unit,102,90717.0,,Lomita,Lomita,,,,,Office of Assessor,{A8BD1A7F-83B4-4052-9C2E-890BAA4D2E78},0,,A8BD1A7F-83B4-4052-9C2E-890BAA4D2E78,Unknown,,,,,St,Oak St,2024/05/12 21:11:39+00,25900 Oak St Unit 102 Lomita 90717,A8BD1A7F-83B4-4052-9C2E-890BAA4D2E78_25900_Oak_St_Unit_102_Lomita_90717,Oak,25900 Oak Street St Unit 102 Lomita 90717,,,,
10876,20415,,,,2333.0,,,,,,241st,Street,,,,,,,,,,,Unit,14,90717.0,,Lomita,Lomita,,,,,Office of Assessor,{6756DF2D-BBCE-4E86-8862-D67CC5BEFCBC},0,,6756DF2D-BBCE-4E86-8862-D67CC5BEFCBC,Unknown,,,,,St,241st St,2024/05/12 21:11:39+00,2333 241st St Unit 14 Lomita 90717,6756DF2D-BBCE-4E86-8862-D67CC5BEFCBC_2333_241st_St_Unit_14_Lomita_90717,241st,2333 241st Street St Unit 14 Lomita 90717,,,,
10880,20423,,,,26105.0,,,,,,Oak,Street,,,,,,,,,,,Unit,A,90717.0,,Lomita,Lomita,,,,,Office of Assessor,{EA5AEC0D-75DD-4723-9C50-28BB68139813},0,,EA5AEC0D-75DD-4723-9C50-28BB68139813,Unknown,,,,,St,Oak St,2024/05/12 21:11:39+00,26105 Oak St Unit A Lomita 90717,EA5AEC0D-75DD-4723-9C50-28BB68139813_26105_Oak_St_Unit_A_Lomita_90717,Oak,26105 Oak Street St Unit A Lomita 90717,,,,
10881,20428,,,,26130.0,,,,,,Narbonne,Avenue,,,,,,,,,,,Unit,133,90717.0,,Lomita,Lomita,,,,,Office of Assessor,{D471A93B-8F1B-4FE3-B187-7AF497B6C374},0,,D471A93B-8F1B-4FE3-B187-7AF497B6C374,Unknown,,,,,Ave,Narbonne Ave,2024/05/12 21:11:39+00,26130 Narbonne Ave Unit 133 Lomita 90717,D471A93B-8F1B-4FE3-B187-7AF497B6C374_26130_Narbonne_Ave_Unit_133_Lomita_90717,Narbonne,26130 Narbonne Avenue Ave Unit 133 Lomita 90717,,,,
10882,20429,,,,2110.0,,,,,,Palos Verdes,Drive,North,,,,,,,,,,Unit,111,90717.0,,Lomita,Lomita,,,,,Office of Assessor,{718C5FC1-1C75-40DB-9179-D20E8C3436DD},0,,718C5FC1-1C75-40DB-9179-D20E8C3436DD,Unknown,,,N,,Dr,Palos Verdes Dr N,2024/05/12 21:11:39+00,2110 Palos Verdes Dr N Unit 111 Lomita 90717,718C5FC1-1C75-40DB-9179-D20E8C3436DD_2110_Palos_Verdes_Dr_N_Unit_111_Lomita_90717,Palos Verdes,2110 Palos Verdes Drive Dr N Unit 111 Lomita 90717,,,,
10883,20430,,,,25837.0,,,,,,Oak,Street,,,,,,,,,,,Unit,117,90717.0,,Lomita,Lomita,,,,,Office of Assessor,{0792AE99-E578-4F7B-B6EA-DFFA44242DCD},0,,0792AE99-E578-4F7B-B6EA-DFFA44242DCD,Unknown,,,,,St,Oak St,2024/05/12 21:11:39+00,25837 Oak St Unit 117 Lomita 90717,0792AE99-E578-4F7B-B6EA-DFFA44242DCD_25837_Oak_St_Unit_117_Lomita_90717,Oak,25837 Oak Street St Unit 117 Lomita 90717,,,,
10887,20440,,,,25930.0,,,,,,Narbonne,Avenue,,,,,,,,,,,Unit,131,90717.0,,Lomita,Lomita,,,,,Office of Assessor,{35CBD6D9-771A-4969-BD7C-1D06BB2F6DFE},0,,35CBD6D9-771A-4969-BD7C-1D06BB2F6DFE,Unknown,,,,,Ave,Narbonne Ave,2024/05/12 21:11:39+00,25930 Narbonne Ave Unit 131 Lomita 90717,35CBD6D9-771A-4969-BD7C-1D06BB2F6DFE_25930_Narbonne_Ave_Unit_131_Lomita_90717,Narbonne,25930 Narbonne Avenue Ave Unit 131 Lomita 90717,,,,
10888,20442,,,,25930.0,,,,,,Narbonne,Avenue,,,,,,,,,,,Unit,140,90717.0,,Lomita,Lomita,,,,,Office of Assessor,{32686F43-2496-4888-98F2-510F1CF82268},0,,32686F43-2496-4888-98F2-510F1CF82268,Unknown,,,,,Ave,Narbonne Ave,2024/05/12 21:11:39+00,25930 Narbonne Ave Unit 140 Lomita 90717,32686F43-2496-4888-98F2-510F1CF82268_25930_Narbonne_Ave_Unit_140_Lomita_90717,Narbonne,25930 Narbonne Avenue Ave Unit 140 Lomita 90717,,,,
10889,20443,,,,26015.0,,,,,,Narbonne,Avenue,,,,,,,,,,,Apartment,18,90717.0,,Lomita,Lomita,,,,,Office of Assessor,{ADB6CC5D-4677-4B5E-A3F1-5667EAB98A70},0,,ADB6CC5D-4677-4B5E-A3F1-5667EAB98A70,Unknown,,,,,Ave,Narbonne Ave,2024/05/12 21:11:39+00,26015 Narbonne Ave Apartment 18 Lomita 90717,ADB6CC5D-4677-4B5E-A3F1-5667EAB98A70_26015_Narbonne_Ave_Apartment_18_Lomita_90717,Narbonne,26015 Narbonne Avenue Ave Apartment 18 Lomita 90717,,,,
10891,20457,,,,26117.0,,,,,,Oak,Street,,,,,,,,,,,Unit,B,90717.0,,Lomita,Lomita,,,,,Office of Assessor,{C25626C6-D4D8-4186-99DD-34AF01FC0B7B},0,,C25626C6-D4D8-4186-99DD-34AF01FC0B7B,Unknown,,,,,St,Oak St,2024/05/12 21:11:39+00,26117 Oak St Unit B Lomita 90717,C25626C6-D4D8-4186-99DD-34AF01FC0B7B_26117_Oak_St_Unit_B_Lomita_90717,Oak,26117 Oak Street St Unit B Lomita 90717,,,,
10892,20458,,,,1852.0,,,,,,Lomita,Boulevard,,,,,,,,,,,Unit,204,90717.0,,Lomita,Lomita,,,,,Office of Assessor,{FC2F3E87-1858-43F0-BE85-66F31813AC31},0,,FC2F3E87-1858-43F0-BE85-66F31813AC31,Unknown,,,,,Blvd,Lomita Blvd,2024/05/12 21:11:39+00,1852 Lomita Blvd Unit 204 Lomita 90717,FC2F3E87-1858-43F0-BE85-66F31813AC31_1852_Lomita_Blvd_Unit_204_Lomita_90717,Lomita,1852 Lomita Boulevard Blvd Unit 204 Lomita 90717,,,,
10914,20524,,,,2352.0,,,,,,Austinbrook,Court,,,,,,,,,,,,,90717.0,,Lomita,Lomita,,,,,Office of Assessor,{06C46EB3-005B-4D70-B531-CC64F66E8C44},0,,06C46EB3-005B-4D70-B531-CC64F66E8C44,Unknown,,,,,Ct,Austinbrook Ct,2024/05/12 21:11:39+00,2352 Austinbrook Ct Lomita 90717,06C46EB3-005B-4D70-B531-CC64F66E8C44_2352_Austinbrook_Ct_Lomita_90717,Austinbrook,2352 Austinbrook Court Ct Lomita 90717,,,,
10918,20542,,,,23924.0,,,,,,Pennsylvania,Avenue,,,,,,,,,,,Unit,5,90717.0,,Lomita,Lomita,,,,,Office of Assessor,{389F75F6-DD4D-4847-9AD3-BA5963D8FA4D},0,,389F75F6-DD4D-4847-9AD3-BA5963D8FA4D,Unknown,,,,,Ave,Pennsylvania Ave,2024/05/12 21:11:39+00,23924 Pennsylvania Ave Unit 5 Lomita 90717,389F75F6-DD4D-4847-9AD3-BA5963D8FA4D_23924_Pennsylvania_Ave_Unit_5_Lomita_90717,Pennsylvania,23924 Pennsylvania Avenue Ave Unit 5 Lomita 90717,,,,
10933,20600,,,,23924.0,,,,,,Pennsylvania,Avenue,,,,,,,,,,,Unit,6,90717.0,,Lomita,Lomita,,,,,Office of Assessor,{0247080D-D03E-4324-A26F-F11641E7A2CC},0,,0247080D-D03E-4324-A26F-F11641E7A2CC,Unknown,,,,,Ave,Pennsylvania Ave,2024/05/12 21:11:39+00,23924 Pennsylvania Ave Unit 6 Lomita 90717,0247080D-D03E-4324-A26F-F11641E7A2CC_23924_Pennsylvania_Ave_Unit_6_Lomita_90717,Pennsylvania,23924 Pennsylvania Avenue Ave Unit 6 Lomita 90717,,,,
10949,20657,,,,24014.0,,,,,,Hillview,Lane,,,,,,,,,,,,,90717.0,,Lomita,Lomita,,,,,Office of Assessor,{598FE05B-79BD-41E8-A975-42BF9E1800CA},0,,598FE05B-79BD-41E8-A975-42BF9E1800CA,Unknown,,,,,Ln,Hillview Ln,2024/05/12 21:11:39+00,24014 Hillview Ln Lomita 90717,598FE05B-79BD-41E8-A975-42BF9E1800CA_24014_Hillview_Ln_Lomita_90717,Hillview,24014 Hillview Lane Ln Lomita 90717,,,,
10950,20658,,,,2362.0,,,,,,Austinbrook,Court,,,,,,,,,,,,,90717.0,,Lomita,Lomita,,,,,Office of Assessor,{151A58A2-083C-4761-8987-5DE509EBE69C},0,,151A58A2-083C-4761-8987-5DE509EBE69C,Unknown,,,,,Ct,Austinbrook Ct,2024/05/12 21:11:39+00,2362 Austinbrook Ct Lomita 90717,151A58A2-083C-4761-8987-5DE509EBE69C_2362_Austinbrook_Ct_Lomita_90717,Austinbrook,2362 Austinbrook Court Ct Lomita 90717,,,,
10965,20736,,,,2356.0,,,,,,Austinbrook,Court,,,,,,,,,,,,,90717.0,,Lomita,Lomita,,,,,Office of Assessor,{82B0A86A-5537-4B29-9D1D-A39E2079BDC1},0,,82B0A86A-5537-4B29-9D1D-A39E2079BDC1,Unknown,,,,,Ct,Austinbrook Ct,2024/05/12 21:11:39+00,2356 Austinbrook Ct Lomita 90717,82B0A86A-5537-4B29-9D1D-A39E2079BDC1_2356_Austinbrook_Ct_Lomita_90717,Austinbrook,2356 Austinbrook Court Ct Lomita 90717,,,,
10968,20747,,,,23924.0,,,,,,Pennsylvania,Avenue,,,,,,,,,,,Unit,1,90717.0,,Lomita,Lomita,,,,,Office of Assessor,{DF93628C-6E32-4885-86CC-1C602ADE6D45},0,,DF93628C-6E32-4885-86CC-1C602ADE6D45,Unknown,,,,,Ave,Pennsylvania Ave,2024/05/12 21:11:39+00,23924 Pennsylvania Ave Unit 1 Lomita 90717,DF93628C-6E32-4885-86CC-1C602ADE6D45_23924_Pennsylvania_Ave_Unit_1_Lomita_90717,Pennsylvania,23924 Pennsylvania Avenue Ave Unit 1 Lomita 90717,,,,
10975,20769,,,,2368.0,,,,,,Austinbrook,Court,,,,,,,,,,,,,90717.0,,Lomita,Lomita,,,,,Office of Assessor,{7F4FCC33-E210-4E03-B6E4-3F403C2CA94C},0,,7F4FCC33-E210-4E03-B6E4-3F403C2CA94C,Unknown,,,,,Ct,Austinbrook Ct,2024/05/12 21:11:39+00,2368 Austinbrook Ct Lomita 90717,7F4FCC33-E210-4E03-B6E4-3F403C2CA94C_2368_Austinbrook_Ct_Lomita_90717,Austinbrook,2368 Austinbrook Court Ct Lomita 90717,,,,
10979,20780,,,,23924.0,,,,,,Pennsylvania,Avenue,,,,,,,,,,,Unit,4,90717.0,,Lomita,Lomita,,,,,Office of Assessor,{B9161983-B593-4F01-8E9E-2032033EA9B7},0,,B9161983-B593-4F01-8E9E-2032033EA9B7,Unknown,,,,,Ave,Pennsylvania Ave,2024/05/12 21:11:39+00,23924 Pennsylvania Ave Unit 4 Lomita 90717,B9161983-B593-4F01-8E9E-2032033EA9B7_23924_Pennsylvania_Ave_Unit_4_Lomita_90717,Pennsylvania,23924 Pennsylvania Avenue Ave Unit 4 Lomita 90717,,,,
10982,20790,,,,23924.0,,,,,,Pennsylvania,Avenue,,,,,,,,,,,Unit,3,90717.0,,Lomita,Lomita,,,,,Office of Assessor,{C8E7170B-3CD7-45D8-9084-FD1277B5B86B},0,,C8E7170B-3CD7-45D8-9084-FD1277B5B86B,Unknown,,,,,Ave,Pennsylvania Ave,2024/05/12 21:11:39+00,23924 Pennsylvania Ave Unit 3 Lomita 90717,C8E7170B-3CD7-45D8-9084-FD1277B5B86B_23924_Pennsylvania_Ave_Unit_3_Lomita_90717,Pennsylvania,23924 Pennsylvania Avenue Ave Unit 3 Lomita 90717,,,,
10992,20839,,,,23924.0,,,,,,Pennsylvania,Avenue,,,,,,,,,,,Unit,2,90717.0,,Lomita,Lomita,,,,,Office of Assessor,{08CD8D5B-D4D6-4E28-86B9-9C327F97F29F},0,,08CD8D5B-D4D6-4E28-86B9-9C327F97F29F,Unknown,,,,,Ave,Pennsylvania Ave,2024/05/12 21:11:39+00,23924 Pennsylvania Ave Unit 2 Lomita 90717,08CD8D5B-D4D6-4E28-86B9-9C327F97F29F_23924_Pennsylvania_Ave_Unit_2_Lomita_90717,Pennsylvania,23924 Pennsylvania Avenue Ave Unit 2 Lomita 90717,,,,
11039,21028,,,,24012.0,,,,,,Hillview,Lane,,,,,,,,,,,,,90717.0,,Lomita,Lomita,,,,,Office of Assessor,{2029B54A-2C5D-4F22-88DB-64D2C26ACB9B},0,,2029B54A-2C5D-4F22-88DB-64D2C26ACB9B,Unknown,,,,,Ln,Hillview Ln,2024/05/12 21:11:39+00,24012 Hillview Ln Lomita 90717,2029B54A-2C5D-4F22-88DB-64D2C26ACB9B_24012_Hillview_Ln_Lomita_90717,Hillview,24012 Hillview Lane Ln Lomita 90717,,,,
11041,21039,,,,2358.0,,,,,,Austinbrook,Court,,,,,,,,,,,,,90717.0,,Lomita,Lomita,,,,,Office of Assessor,{07BFA287-1DBF-4C13-BB45-42C2C8EF91A7},0,,07BFA287-1DBF-4C13-BB45-42C2C8EF91A7,Unknown,,,,,Ct,Austinbrook Ct,2024/05/12 21:11:39+00,2358 Austinbrook Ct Lomita 90717,07BFA287-1DBF-4C13-BB45-42C2C8EF91A7_2358_Austinbrook_Ct_Lomita_90717,Austinbrook,2358 Austinbrook Court Ct Lomita 90717,,,,
11043,21045,,,,24016.0,,,,,,Hillview,Lane,,,,,,,,,,,,,90717.0,,Lomita,Lomita,,,,,Office of Assessor,{CFC24E0C-8654-4458-A0EF-22B111D61A66},0,,CFC24E0C-8654-4458-A0EF-22B111D61A66,Unknown,,,,,Ln,Hillview Ln,2024/05/12 21:11:39+00,24016 Hillview Ln Lomita 90717,CFC24E0C-8654-4458-A0EF-22B111D61A66_24016_Hillview_Ln_Lomita_90717,Hillview,24016 Hillview Lane Ln Lomita 90717,,,,
11506,22548,,,,1801.0,,,,,,263rd,Street,,,,,,,,,,,Unit,126,90717.0,,Lomita,Lomita,,,,,LACO DPW Add,{D9A0EDC8-0939-4EEE-8AE4-E0DA4AF1F018},0,,D9A0EDC8-0939-4EEE-8AE4-E0DA4AF1F018,Unknown,,,,,St,263rd St,2024/09/14 08:24:46+00,1801 263rd St Unit 126 Lomita 90717,D9A0EDC8-0939-4EEE-8AE4-E0DA4AF1F018_1801_263rd_St_Unit_126_Lomita_90717,263rd,1801 263rd Street St Unit 126 Lomita 90717,,,,
11513,22608,,,,1801.0,,,,,,263rd,Street,,,,,,,,,,,Unit,121,90717.0,,Lomita,Lomita,,,,,LACO DPW Add,{9CA4AC35-3C3F-47B4-90E4-1421E003DCE2},0,,9CA4AC35-3C3F-47B4-90E4-1421E003DCE2,Unknown,,,,,St,263rd St,2024/09/14 08:24:46+00,1801 263rd St Unit 121 Lomita 90717,9CA4AC35-3C3F-47B4-90E4-1421E003DCE2_1801_263rd_St_Unit_121_Lomita_90717,263rd,1801 263rd Street St Unit 121 Lomita 90717,,,,
11516,22664,,,,1951.0,,,,,,Rolling Vista,Drive,,,,,,,,,,,Unit,42,90717.0,,Lomita,Lomita,,,,,LACO DPW Add,{BDCADD4C-2C4D-454C-9A8D-9D8CA51E419A},0,,BDCADD4C-2C4D-454C-9A8D-9D8CA51E419A,Unknown,,,,,Dr,Rolling Vista Dr,2024/09/14 08:24:46+00,1951 Rolling Vista Dr Unit 42 Lomita 90717,BDCADD4C-2C4D-454C-9A8D-9D8CA51E419A_1951_Rolling_Vista_Dr_Unit_42_Lomita_90717,Rolling Vista,1951 Rolling Vista Drive Dr Unit 42 Lomita 90717,,,,
11517,22670,,,,1801.0,,,,,,263rd,Street,,,,,,,,,,,Unit,141,90717.0,,Lomita,Lomita,,,,,LACO DPW Add,{9A595F69-F755-40CF-9F97-820A529624FB},0,,9A595F69-F755-40CF-9F97-820A529624FB,Unknown,,,,,St,263rd St,2024/09/14 08:24:46+00,1801 263rd St Unit 141 Lomita 90717,9A595F69-F755-40CF-9F97-820A529624FB_1801_263rd_St_Unit_141_Lomita_90717,263rd,1801 263rd Street St Unit 141 Lomita 90717,,,,
11519,22707,,,,1967.0,,,,,,Rolling Vista,Drive,,,,,,,,,,,Unit,58,90717.0,,Lomita,Lomita,,,,,LACO DPW Add,{8345DF02-3B1F-473B-9D1C-12D6E2B4DAC7},0,,8345DF02-3B1F-473B-9D1C-12D6E2B4DAC7,Unknown,,,,,Dr,Rolling Vista Dr,2024/09/14 08:24:46+00,1967 Rolling Vista Dr Unit 58 Lomita 90717,8345DF02-3B1F-473B-9D1C-12D6E2B4DAC7_1967_Rolling_Vista_Dr_Unit_58_Lomita_90717,Rolling Vista,1967 Rolling Vista Drive Dr Unit 58 Lomita 90717,,,,
11522,22719,,,,1801.0,,,,,,263rd,Street,,,,,,,,,,,Unit,138,90717.0,,Lomita,Lomita,,,,,LACO DPW Add,{888494B8-4F6A-476F-96DA-A722AFB807A0},0,,888494B8-4F6A-476F-96DA-A722AFB807A0,Unknown,,,,,St,263rd St,2024/09/14 08:24:46+00,1801 263rd St Unit 138 Lomita 90717,888494B8-4F6A-476F-96DA-A722AFB807A0_1801_263rd_St_Unit_138_Lomita_90717,263rd,1801 263rd Street St Unit 138 Lomita 90717,,,,
11527,22785,,,,1951.0,,,,,,Rolling Vista,Drive,,,,,,,,,,,Unit,46,90717.0,,Lomita,Lomita,,,,,LACO DPW Add,{136589DA-8B0B-4B7A-8E3E-9AC79690053C},0,,136589DA-8B0B-4B7A-8E3E-9AC79690053C,Unknown,,,,,Dr,Rolling Vista Dr,2024/09/14 08:24:46+00,1951 Rolling Vista Dr Unit 46 Lomita 90717,136589DA-8B0B-4B7A-8E3E-9AC79690053C_1951_Rolling_Vista_Dr_Unit_46_Lomita_90717,Rolling Vista,1951 Rolling Vista Drive Dr Unit 46 Lomita 90717,,,,
11528,22801,,,,1801.0,,,,,,263rd,Street,,,,,,,,,,,Unit,132,90717.0,,Lomita,Lomita,,,,,LACO DPW Add,{B93F3D1F-086E-450C-9113-82EAAA1C5F8E},0,,B93F3D1F-086E-450C-9113-82EAAA1C5F8E,Unknown,,,,,St,263rd St,2024/09/14 08:24:46+00,1801 263rd St Unit 132 Lomita 90717,B93F3D1F-086E-450C-9113-82EAAA1C5F8E_1801_263rd_St_Unit_132_Lomita_90717,263rd,1801 263rd Street St Unit 132 Lomita 90717,,,,
11530,22829,,,,1801.0,,,,,,263rd,Street,,,,,,,,,,,Unit,124,90717.0,,Lomita,Lomita,,,,,LACO DPW Add,{C90A0856-DA23-4825-9562-A472712201B5},0,,C90A0856-DA23-4825-9562-A472712201B5,Unknown,,,,,St,263rd St,2024/09/14 08:24:46+00,1801 263rd St Unit 124 Lomita 90717,C90A0856-DA23-4825-9562-A472712201B5_1801_263rd_St_Unit_124_Lomita_90717,263rd,1801 263rd Street St Unit 124 Lomita 90717,,,,
11532,22843,,,,1949.0,,,,,,Rolling Vista,Drive,,,,,,,,,,,Unit,60,90717.0,,Lomita,Lomita,,,,,LACO DPW Add,{FEB7687B-C642-4C76-B5FC-4AADDBC7C56C},0,,FEB7687B-C642-4C76-B5FC-4AADDBC7C56C,Unknown,,,,,Dr,Rolling Vista Dr,2024/09/14 08:24:46+00,1949 Rolling Vista Dr Unit 60 Lomita 90717,FEB7687B-C642-4C76-B5FC-4AADDBC7C56C_1949_Rolling_Vista_Dr_Unit_60_Lomita_90717,Rolling Vista,1949 Rolling Vista Drive Dr Unit 60 Lomita 90717,,,,
11542,23009,,,,1801.0,,,,,,263rd,Street,,,,,,,,,,,Unit,119,90717.0,,Lomita,Lomita,,,,,LACO DPW Add,{8F5CFA62-5697-4371-B377-AFFFE93E65DE},0,,8F5CFA62-5697-4371-B377-AFFFE93E65DE,Unknown,,,,,St,263rd St,2024/09/14 08:24:46+00,1801 263rd St Unit 119 Lomita 90717,8F5CFA62-5697-4371-B377-AFFFE93E65DE_1801_263rd_St_Unit_119_Lomita_90717,263rd,1801 263rd Street St Unit 119 Lomita 90717,,,,
11543,23026,,,,1801.0,,,,,,263rd,Street,,,,,,,,,,,Unit,137,90717.0,,Lomita,Lomita,,,,,LACO DPW Add,{EF66E827-B6C1-4530-AA99-03B545629E2C},0,,EF66E827-B6C1-4530-AA99-03B545629E2C,Unknown,,,,,St,263rd St,2024/09/14 08:24:46+00,1801 263rd St Unit 137 Lomita 90717,EF66E827-B6C1-4530-AA99-03B545629E2C_1801_263rd_St_Unit_137_Lomita_90717,263rd,1801 263rd Street St Unit 137 Lomita 90717,,,,
11547,23063,,,,1801.0,,,,,,263rd,Street,,,,,,,,,,,Unit,142,90717.0,,Lomita,Lomita,,,,,LACO DPW Add,{074C77DD-C9A4-4F44-89B0-56EA9549FC4D},0,,074C77DD-C9A4-4F44-89B0-56EA9549FC4D,Unknown,,,,,St,263rd St,2024/09/14 08:24:46+00,1801 263rd St Unit 142 Lomita 90717,074C77DD-C9A4-4F44-89B0-56EA9549FC4D_1801_263rd_St_Unit_142_Lomita_90717,263rd,1801 263rd Street St Unit 142 Lomita 90717,,,,
11549,23079,,,,1801.0,,,,,,263rd,Street,,,,,,,,,,,Unit,104,90717.0,,Lomita,Lomita,,,,,LACO DPW Add,{6959DEF9-1A01-435D-82ED-335481FE254C},0,,6959DEF9-1A01-435D-82ED-335481FE254C,Unknown,,,,,St,263rd St,2024/09/14 08:24:46+00,1801 263rd St Unit 104 Lomita 90717,6959DEF9-1A01-435D-82ED-335481FE254C_1801_263rd_St_Unit_104_Lomita_90717,263rd,1801 263rd Street St Unit 104 Lomita 90717,,,,
11553,23102,,,,1949.0,,,,,,Rolling Vista,Drive,,,,,,,,,,,Unit,62,90717.0,,Lomita,Lomita,,,,,LACO DPW Add,{9EA69168-E6CB-4511-ACFB-439296DC57B0},0,,9EA69168-E6CB-4511-ACFB-439296DC57B0,Unknown,,,,,Dr,Rolling Vista Dr,2024/09/14 08:24:46+00,1949 Rolling Vista Dr Unit 62 Lomita 90717,9EA69168-E6CB-4511-ACFB-439296DC57B0_1949_Rolling_Vista_Dr_Unit_62_Lomita_90717,Rolling Vista,1949 Rolling Vista Drive Dr Unit 62 Lomita 90717,,,,
11556,23112,,,,1801.0,,,,,,263rd,Street,,,,,,,,,,,Unit,106,90717.0,,Lomita,Lomita,,,,,LACO DPW Add,{746F5D91-7DAB-46A3-91E6-449EBE948F4B},0,,746F5D91-7DAB-46A3-91E6-449EBE948F4B,Unknown,,,,,St,263rd St,2024/09/14 08:24:46+00,1801 263rd St Unit 106 Lomita 90717,746F5D91-7DAB-46A3-91E6-449EBE948F4B_1801_263rd_St_Unit_106_Lomita_90717,263rd,1801 263rd Street St Unit 106 Lomita 90717,,,,
11558,23164,,,,1801.0,,,,,,263rd,Street,,,,,,,,,,,Unit,122,90717.0,,Lomita,Lomita,,,,,LACO DPW Add,{C767DCDB-9959-4656-BF91-E583EBA22CF4},0,,C767DCDB-9959-4656-BF91-E583EBA22CF4,Unknown,,,,,St,263rd St,2024/09/14 08:24:46+00,1801 263rd St Unit 122 Lomita 90717,C767DCDB-9959-4656-BF91-E583EBA22CF4_1801_263rd_St_Unit_122_Lomita_90717,263rd,1801 263rd Street St Unit 122 Lomita 90717,,,,
11562,23191,,,,1802.0,,,,,,262nd,Street,,,,,,,,,,,Unit,145,90717.0,,Lomita,Lomita,,,,,LACO DPW Add,{B39B45E1-D85B-4443-B572-4055D9C7C3B4},0,,B39B45E1-D85B-4443-B572-4055D9C7C3B4,Unknown,,,,,St,262nd St,2024/09/14 08:24:46+00,1802 262nd St Unit 145 Lomita 90717,B39B45E1-D85B-4443-B572-4055D9C7C3B4_1802_262nd_St_Unit_145_Lomita_90717,262nd,1802 262nd Street St Unit 145 Lomita 90717,,,,
11563,23194,,,,1801.0,,,,,,263rd,Street,,,,,,,,,,,Unit,107,90717.0,,Lomita,Lomita,,,,,LACO DPW Add,{D4696DD5-6CF0-45C7-9112-2123431ED2B5},0,,D4696DD5-6CF0-45C7-9112-2123431ED2B5,Unknown,,,,,St,263rd St,2024/09/14 08:24:46+00,1801 263rd St Unit 107 Lomita 90717,D4696DD5-6CF0-45C7-9112-2123431ED2B5_1801_263rd_St_Unit_107_Lomita_90717,263rd,1801 263rd Street St Unit 107 Lomita 90717,,,,
11571,23240,,,,1801.0,,,,,,263rd,Street,,,,,,,,,,,Unit,134,90717.0,,Lomita,Lomita,,,,,LACO DPW Add,{D92A6413-535B-4C39-84BF-6C042FC0A834},0,,D92A6413-535B-4C39-84BF-6C042FC0A834,Unknown,,,,,St,263rd St,2024/09/14 08:24:46+00,1801 263rd St Unit 134 Lomita 90717,D92A6413-535B-4C39-84BF-6C042FC0A834_1801_263rd_St_Unit_134_Lomita_90717,263rd,1801 263rd Street St Unit 134 Lomita 90717,,,,
11573,23267,,,,1801.0,,,,,,263rd,Street,,,,,,,,,,,Unit,110,90717.0,,Lomita,Lomita,,,,,LACO DPW Add,{82F42954-28E8-4424-AB43-287291E3B65C},0,,82F42954-28E8-4424-AB43-287291E3B65C,Unknown,,,,,St,263rd St,2024/09/14 08:24:46+00,1801 263rd St Unit 110 Lomita 90717,82F42954-28E8-4424-AB43-287291E3B65C_1801_263rd_St_Unit_110_Lomita_90717,263rd,1801 263rd Street St Unit 110 Lomita 90717,,,,
11580,23325,,,,1802.0,,,,,,262nd,Street,,,,,,,,,,,Unit,150,90717.0,,Lomita,Lomita,,,,,LACO DPW Add,{27CAD7BE-CFE2-4D22-BE5F-E46C8E71F1DF},0,,27CAD7BE-CFE2-4D22-BE5F-E46C8E71F1DF,Unknown,,,,,St,262nd St,2024/09/14 08:24:46+00,1802 262nd St Unit 150 Lomita 90717,27CAD7BE-CFE2-4D22-BE5F-E46C8E71F1DF_1802_262nd_St_Unit_150_Lomita_90717,262nd,1802 262nd Street St Unit 150 Lomita 90717,,,,
11594,23488,,,,1801.0,,,,,,263rd,Street,,,,,,,,,,,Unit,102,90717.0,,Lomita,Lomita,,,,,LACO DPW Add,{BF10BC24-BD50-4E5F-9F4A-81378D5A3557},0,,BF10BC24-BD50-4E5F-9F4A-81378D5A3557,Unknown,,,,,St,263rd St,2024/09/14 08:24:46+00,1801 263rd St Unit 102 Lomita 90717,BF10BC24-BD50-4E5F-9F4A-81378D5A3557_1801_263rd_St_Unit_102_Lomita_90717,263rd,1801 263rd Street St Unit 102 Lomita 90717,,,,
11598,23539,,,,1801.0,,,,,,263rd,Street,,,,,,,,,,,Unit,101,90717.0,,Lomita,Lomita,,,,,LACO DPW Add,{6785054C-C761-4C20-A007-9D1F1289C843},0,,6785054C-C761-4C20-A007-9D1F1289C843,Unknown,,,,,St,263rd St,2024/09/14 08:24:46+00,1801 263rd St Unit 101 Lomita 90717,6785054C-C761-4C20-A007-9D1F1289C843_1801_263rd_St_Unit_101_Lomita_90717,263rd,1801 263rd Street St Unit 101 Lomita 90717,,,,
11605,23658,,,,1967.0,,,,,,Rolling Vista,Drive,,,,,,,,,,,Unit,57,90717.0,,Lomita,Lomita,,,,,LACO DPW Add,{D9E10AC7-437F-45FA-B991-F9D14AE0AC1E},0,,D9E10AC7-437F-45FA-B991-F9D14AE0AC1E,Unknown,,,,,Dr,Rolling Vista Dr,2024/09/14 08:24:46+00,1967 Rolling Vista Dr Unit 57 Lomita 90717,D9E10AC7-437F-45FA-B991-F9D14AE0AC1E_1967_Rolling_Vista_Dr_Unit_57_Lomita_90717,Rolling Vista,1967 Rolling Vista Drive Dr Unit 57 Lomita 90717,,,,
11614,23743,,,,1801.0,,,,,,263rd,Street,,,,,,,,,,,Unit,130,90717.0,,Lomita,Lomita,,,,,LACO DPW Add,{EC43CFE3-E83F-4E83-A6D9-C90BAE7928BC},0,,EC43CFE3-E83F-4E83-A6D9-C90BAE7928BC,Unknown,,,,,St,263rd St,2024/09/14 08:24:46+00,1801 263rd St Unit 130 Lomita 90717,EC43CFE3-E83F-4E83-A6D9-C90BAE7928BC_1801_263rd_St_Unit_130_Lomita_90717,263rd,1801 263rd Street St Unit 130 Lomita 90717,,,,
11633,23970,,,,1801.0,,,,,,263rd,Street,,,,,,,,,,,Unit,128,90717.0,,Lomita,Lomita,,,,,LACO DPW Add,{2DC72F71-E576-45A3-B10D-D0E9E9042714},0,,2DC72F71-E576-45A3-B10D-D0E9E9042714,Unknown,,,,,St,263rd St,2024/09/14 08:24:46+00,1801 263rd St Unit 128 Lomita 90717,2DC72F71-E576-45A3-B10D-D0E9E9042714_1801_263rd_St_Unit_128_Lomita_90717,263rd,1801 263rd Street St Unit 128 Lomita 90717,,,,
11637,23983,,,,1801.0,,,,,,263rd,Street,,,,,,,,,,,Unit,117,90717.0,,Lomita,Lomita,,,,,LACO DPW Add,{B586A572-E210-4E07-A985-F09019675C0A},0,,B586A572-E210-4E07-A985-F09019675C0A,Unknown,,,,,St,263rd St,2024/09/14 08:24:46+00,1801 263rd St Unit 117 Lomita 90717,B586A572-E210-4E07-A985-F09019675C0A_1801_263rd_St_Unit_117_Lomita_90717,263rd,1801 263rd Street St Unit 117 Lomita 90717,,,,
11641,24023,,,,1985.0,,,,,,Rolling Vista,Drive,,,,,,,,,,,Unit,52,90717.0,,Lomita,Lomita,,,,,LACO DPW Add,{D9EDAAC4-94A6-4143-9BB2-DACD301EE072},0,,D9EDAAC4-94A6-4143-9BB2-DACD301EE072,Unknown,,,,,Dr,Rolling Vista Dr,2024/09/14 08:24:46+00,1985 Rolling Vista Dr Unit 52 Lomita 90717,D9EDAAC4-94A6-4143-9BB2-DACD301EE072_1985_Rolling_Vista_Dr_Unit_52_Lomita_90717,Rolling Vista,1985 Rolling Vista Drive Dr Unit 52 Lomita 90717,,,,
11644,24063,,,,1801.0,,,,,,263rd,Street,,,,,,,,,,,Unit,120,90717.0,,Lomita,Lomita,,,,,LACO DPW Add,{DE93536D-8190-4884-AD4E-AC166495937A},0,,DE93536D-8190-4884-AD4E-AC166495937A,Unknown,,,,,St,263rd St,2024/09/14 08:24:46+00,1801 263rd St Unit 120 Lomita 90717,DE93536D-8190-4884-AD4E-AC166495937A_1801_263rd_St_Unit_120_Lomita_90717,263rd,1801 263rd Street St Unit 120 Lomita 90717,,,,
11650,24103,,,,1801.0,,,,,,263rd,Street,,,,,,,,,,,Unit,115,90717.0,,Lomita,Lomita,,,,,LACO DPW Add,{536E3B07-79F9-41BC-A309-F234AC572EE9},0,,536E3B07-79F9-41BC-A309-F234AC572EE9,Unknown,,,,,St,263rd St,2024/09/14 08:24:46+00,1801 263rd St Unit 115 Lomita 90717,536E3B07-79F9-41BC-A309-F234AC572EE9_1801_263rd_St_Unit_115_Lomita_90717,263rd,1801 263rd Street St Unit 115 Lomita 90717,,,,
11651,24110,,,,1801.0,,,,,,263rd,Street,,,,,,,,,,,Unit,112,90717.0,,Lomita,Lomita,,,,,LACO DPW Add,{B1335B03-7359-4F15-BEF6-C4685721B93E},0,,B1335B03-7359-4F15-BEF6-C4685721B93E,Unknown,,,,,St,263rd St,2024/09/14 08:24:46+00,1801 263rd St Unit 112 Lomita 90717,B1335B03-7359-4F15-BEF6-C4685721B93E_1801_263rd_St_Unit_112_Lomita_90717,263rd,1801 263rd Street St Unit 112 Lomita 90717,,,,
11652,24141,,,,1801.0,,,,,,263rd,Street,,,,,,,,,,,Unit,133,90717.0,,Lomita,Lomita,,,,,LACO DPW Add,{7AE203AB-12C3-43BA-BF7B-08564E1EE0E5},0,,7AE203AB-12C3-43BA-BF7B-08564E1EE0E5,Unknown,,,,,St,263rd St,2024/09/14 08:24:46+00,1801 263rd St Unit 133 Lomita 90717,7AE203AB-12C3-43BA-BF7B-08564E1EE0E5_1801_263rd_St_Unit_133_Lomita_90717,263rd,1801 263rd Street St Unit 133 Lomita 90717,,,,
11654,24151,,,,1951.0,,,,,,Rolling Vista,Drive,,,,,,,,,,,Unit,44,90717.0,,Lomita,Lomita,,,,,LACO DPW Add,{D575E8DF-E125-4871-B8D2-E19C1181F793},0,,D575E8DF-E125-4871-B8D2-E19C1181F793,Unknown,,,,,Dr,Rolling Vista Dr,2024/09/14 08:24:46+00,1951 Rolling Vista Dr Unit 44 Lomita 90717,D575E8DF-E125-4871-B8D2-E19C1181F793_1951_Rolling_Vista_Dr_Unit_44_Lomita_90717,Rolling Vista,1951 Rolling Vista Drive Dr Unit 44 Lomita 90717,,,,
11664,24229,,,,1949.0,,,,,,Rolling Vista,Drive,,,,,,,,,,,Unit,63,90717.0,,Lomita,Lomita,,,,,LACO DPW Add,{CE4E48CF-F9E0-4614-AEC8-8574971A0DFE},0,,CE4E48CF-F9E0-4614-AEC8-8574971A0DFE,Unknown,,,,,Dr,Rolling Vista Dr,2024/09/14 08:24:46+00,1949 Rolling Vista Dr Unit 63 Lomita 90717,CE4E48CF-F9E0-4614-AEC8-8574971A0DFE_1949_Rolling_Vista_Dr_Unit_63_Lomita_90717,Rolling Vista,1949 Rolling Vista Drive Dr Unit 63 Lomita 90717,,,,
11667,24276,,,,1802.0,,,,,,262nd,Street,,,,,,,,,,,Unit,149,90717.0,,Lomita,Lomita,,,,,LACO DPW Add,{956035D8-174F-4089-8843-59459AE6B400},0,,956035D8-174F-4089-8843-59459AE6B400,Unknown,,,,,St,262nd St,2024/09/14 08:24:46+00,1802 262nd St Unit 149 Lomita 90717,956035D8-174F-4089-8843-59459AE6B400_1802_262nd_St_Unit_149_Lomita_90717,262nd,1802 262nd Street St Unit 149 Lomita 90717,,,,
11670,24340,,,,1985.0,,,,,,Rolling Vista,Drive,,,,,,,,,,,Unit,55,90717.0,,Lomita,Lomita,,,,,LACO DPW Add,{A8034A9D-CA72-4D43-971B-720F815FCF56},0,,A8034A9D-CA72-4D43-971B-720F815FCF56,Unknown,,,,,Dr,Rolling Vista Dr,2024/09/14 08:24:46+00,1985 Rolling Vista Dr Unit 55 Lomita 90717,A8034A9D-CA72-4D43-971B-720F815FCF56_1985_Rolling_Vista_Dr_Unit_55_Lomita_90717,Rolling Vista,1985 Rolling Vista Drive Dr Unit 55 Lomita 90717,,,,
11676,24438,,,,1801.0,,,,,,263rd,Street,,,,,,,,,,,Unit,111,90717.0,,Lomita,Lomita,,,,,LACO DPW Add,{1FBB8DE0-598D-4E0D-B09D-A8178EF1F01A},0,,1FBB8DE0-598D-4E0D-B09D-A8178EF1F01A,Unknown,,,,,St,263rd St,2024/09/14 08:24:46+00,1801 263rd St Unit 111 Lomita 90717,1FBB8DE0-598D-4E0D-B09D-A8178EF1F01A_1801_263rd_St_Unit_111_Lomita_90717,263rd,1801 263rd Street St Unit 111 Lomita 90717,,,,
11678,24448,,,,1969.0,,,,,,Rolling Vista,Drive,,,,,,,,,,,Unit,49,90717.0,,Lomita,Lomita,,,,,LACO DPW Add,{15A6096A-8864-4671-B225-96F9162B379D},0,,15A6096A-8864-4671-B225-96F9162B379D,Unknown,,,,,Dr,Rolling Vista Dr,2024/09/14 08:24:46+00,1969 Rolling Vista Dr Unit 49 Lomita 90717,15A6096A-8864-4671-B225-96F9162B379D_1969_Rolling_Vista_Dr_Unit_49_Lomita_90717,Rolling Vista,1969 Rolling Vista Drive Dr Unit 49 Lomita 90717,,,,
11687,24558,,,,1969.0,,,,,,Rolling Vista,Drive,,,,,,,,,,,Unit,50,90717.0,,Lomita,Lomita,,,,,LACO DPW Add,{4F55BC5B-0F83-4B9B-8EAA-7576E19B1A37},0,,4F55BC5B-0F83-4B9B-8EAA-7576E19B1A37,Unknown,,,,,Dr,Rolling Vista Dr,2024/09/14 08:24:46+00,1969 Rolling Vista Dr Unit 50 Lomita 90717,4F55BC5B-0F83-4B9B-8EAA-7576E19B1A37_1969_Rolling_Vista_Dr_Unit_50_Lomita_90717,Rolling Vista,1969 Rolling Vista Drive Dr Unit 50 Lomita 90717,,,,
11688,24560,,,,1801.0,,,,,,263rd,Street,,,,,,,,,,,Unit,108,90717.0,,Lomita,Lomita,,,,,LACO DPW Add,{AD77C339-5BDE-4557-A7A0-F0CB66ED1183},0,,AD77C339-5BDE-4557-A7A0-F0CB66ED1183,Unknown,,,,,St,263rd St,2024/09/14 08:24:46+00,1801 263rd St Unit 108 Lomita 90717,AD77C339-5BDE-4557-A7A0-F0CB66ED1183_1801_263rd_St_Unit_108_Lomita_90717,263rd,1801 263rd Street St Unit 108 Lomita 90717,,,,
11700,24687,,,,1801.0,,,,,,263rd,Street,,,,,,,,,,,Unit,125,90717.0,,Lomita,Lomita,,,,,LACO DPW Add,{0C87366F-D7F2-4F6F-9C2C-58ED1C07BF65},0,,0C87366F-D7F2-4F6F-9C2C-58ED1C07BF65,Unknown,,,,,St,263rd St,2024/09/14 08:24:46+00,1801 263rd St Unit 125 Lomita 90717,0C87366F-D7F2-4F6F-9C2C-58ED1C07BF65_1801_263rd_St_Unit_125_Lomita_90717,263rd,1801 263rd Street St Unit 125 Lomita 90717,,,,
11703,24705,,,,1951.0,,,,,,Rolling Vista,Drive,,,,,,,,,,,Unit,43,90717.0,,Lomita,Lomita,,,,,LACO DPW Add,{94400EDF-A79E-49DD-A68D-5A9C964199FF},0,,94400EDF-A79E-49DD-A68D-5A9C964199FF,Unknown,,,,,Dr,Rolling Vista Dr,2024/09/14 08:24:46+00,1951 Rolling Vista Dr Unit 43 Lomita 90717,94400EDF-A79E-49DD-A68D-5A9C964199FF_1951_Rolling_Vista_Dr_Unit_43_Lomita_90717,Rolling Vista,1951 Rolling Vista Drive Dr Unit 43 Lomita 90717,,,,
11710,24814,,,,1802.0,,,,,,262nd,Street,,,,,,,,,,,Unit,146,90717.0,,Lomita,Lomita,,,,,LACO DPW Add,{0CF6C91F-82FB-426E-92D5-A486629B830C},0,,0CF6C91F-82FB-426E-92D5-A486629B830C,Unknown,,,,,St,262nd St,2024/09/14 08:24:46+00,1802 262nd St Unit 146 Lomita 90717,0CF6C91F-82FB-426E-92D5-A486629B830C_1802_262nd_St_Unit_146_Lomita_90717,262nd,1802 262nd Street St Unit 146 Lomita 90717,,,,
11715,24845,,,,1802.0,,,,,,262nd,Street,,,,,,,,,,,Unit,148,90717.0,,Lomita,Lomita,,,,,LACO DPW Add,{F2DA3961-7426-4512-A599-2C6963D10C18},0,,F2DA3961-7426-4512-A599-2C6963D10C18,Unknown,,,,,St,262nd St,2024/09/14 08:24:46+00,1802 262nd St Unit 148 Lomita 90717,F2DA3961-7426-4512-A599-2C6963D10C18_1802_262nd_St_Unit_148_Lomita_90717,262nd,1802 262nd Street St Unit 148 Lomita 90717,,,,
11720,24902,,,,1949.0,,,,,,Rolling Vista,Drive,,,,,,,,,,,Unit,61,90717.0,,Lomita,Lomita,,,,,LACO DPW Add,{952B623B-BEAE-4F23-B8C0-7259A5F884E5},0,,952B623B-BEAE-4F23-B8C0-7259A5F884E5,Unknown,,,,,Dr,Rolling Vista Dr,2024/09/14 08:24:46+00,1949 Rolling Vista Dr Unit 61 Lomita 90717,952B623B-BEAE-4F23-B8C0-7259A5F884E5_1949_Rolling_Vista_Dr_Unit_61_Lomita_90717,Rolling Vista,1949 Rolling Vista Drive Dr Unit 61 Lomita 90717,,,,
11722,24927,,,,1967.0,,,,,,Rolling Vista,Drive,,,,,,,,,,,Unit,56,90717.0,,Lomita,Lomita,,,,,LACO DPW Add,{7BCDC664-D6FB-4998-815A-BC7F9277F7E5},0,,7BCDC664-D6FB-4998-815A-BC7F9277F7E5,Unknown,,,,,Dr,Rolling Vista Dr,2024/09/14 08:24:46+00,1967 Rolling Vista Dr Unit 56 Lomita 90717,7BCDC664-D6FB-4998-815A-BC7F9277F7E5_1967_Rolling_Vista_Dr_Unit_56_Lomita_90717,Rolling Vista,1967 Rolling Vista Drive Dr Unit 56 Lomita 90717,,,,
11724,24966,,,,1951.0,,,,,,Rolling Vista,Drive,,,,,,,,,,,Unit,45,90717.0,,Lomita,Lomita,,,,,LACO DPW Add,{9846846B-DA15-4968-AA66-8D5868470402},0,,9846846B-DA15-4968-AA66-8D5868470402,Unknown,,,,,Dr,Rolling Vista Dr,2024/09/14 08:24:46+00,1951 Rolling Vista Dr Unit 45 Lomita 90717,9846846B-DA15-4968-AA66-8D5868470402_1951_Rolling_Vista_Dr_Unit_45_Lomita_90717,Rolling Vista,1951 Rolling Vista Drive Dr Unit 45 Lomita 90717,,,,
11728,25005,,,,1969.0,,,,,,Rolling Vista,Drive,,,,,,,,,,,Unit,47,90717.0,,Lomita,Lomita,,,,,LACO DPW Add,{66A54405-44A1-40DF-83FE-84609994BE87},0,,66A54405-44A1-40DF-83FE-84609994BE87,Unknown,,,,,Dr,Rolling Vista Dr,2024/09/14 08:24:46+00,1969 Rolling Vista Dr Unit 47 Lomita 90717,66A54405-44A1-40DF-83FE-84609994BE87_1969_Rolling_Vista_Dr_Unit_47_Lomita_90717,Rolling Vista,1969 Rolling Vista Drive Dr Unit 47 Lomita 90717,,,,
11730,25013,,,,1801.0,,,,,,263rd,Street,,,,,,,,,,,Unit,123,90717.0,,Lomita,Lomita,,,,,LACO DPW Add,{BE188D72-42B7-4CEA-B976-07CBF5478D28},0,,BE188D72-42B7-4CEA-B976-07CBF5478D28,Unknown,,,,,St,263rd St,2024/09/14 08:24:46+00,1801 263rd St Unit 123 Lomita 90717,BE188D72-42B7-4CEA-B976-07CBF5478D28_1801_263rd_St_Unit_123_Lomita_90717,263rd,1801 263rd Street St Unit 123 Lomita 90717,,,,
11734,25039,,,,1801.0,,,,,,263rd,Street,,,,,,,,,,,Unit,109,90717.0,,Lomita,Lomita,,,,,LACO DPW Add,{F5D73609-5F60-49D4-8665-CF8F6BE4ADCE},0,,F5D73609-5F60-49D4-8665-CF8F6BE4ADCE,Unknown,,,,,St,263rd St,2024/09/14 08:24:46+00,1801 263rd St Unit 109 Lomita 90717,F5D73609-5F60-49D4-8665-CF8F6BE4ADCE_1801_263rd_St_Unit_109_Lomita_90717,263rd,1801 263rd Street St Unit 109 Lomita 90717,,,,
11735,25047,,,,1801.0,,,,,,263rd,Street,,,,,,,,,,,Unit,136,90717.0,,Lomita,Lomita,,,,,LACO DPW Add,{36524798-6733-447E-BD1F-D839A6F372CE},0,,36524798-6733-447E-BD1F-D839A6F372CE,Unknown,,,,,St,263rd St,2024/09/14 08:24:46+00,1801 263rd St Unit 136 Lomita 90717,36524798-6733-447E-BD1F-D839A6F372CE_1801_263rd_St_Unit_136_Lomita_90717,263rd,1801 263rd Street St Unit 136 Lomita 90717,,,,
11738,25119,,,,1801.0,,,,,,263rd,Street,,,,,,,,,,,Unit,105,90717.0,,Lomita,Lomita,,,,,LACO DPW Add,{47FD5E8B-6474-4BD1-B583-CFA98ECD3634},0,,47FD5E8B-6474-4BD1-B583-CFA98ECD3634,Unknown,,,,,St,263rd St,2024/09/14 08:24:46+00,1801 263rd St Unit 105 Lomita 90717,47FD5E8B-6474-4BD1-B583-CFA98ECD3634_1801_263rd_St_Unit_105_Lomita_90717,263rd,1801 263rd Street St Unit 105 Lomita 90717,,,,
11739,25127,,,,1801.0,,,,,,263rd,Street,,,,,,,,,,,Unit,144,90717.0,,Lomita,Lomita,,,,,LACO DPW Add,{9344BF33-E32D-4C04-92C3-12D9A0D712E8},0,,9344BF33-E32D-4C04-92C3-12D9A0D712E8,Unknown,,,,,St,263rd St,2024/09/14 08:24:46+00,1801 263rd St Unit 144 Lomita 90717,9344BF33-E32D-4C04-92C3-12D9A0D712E8_1801_263rd_St_Unit_144_Lomita_90717,263rd,1801 263rd Street St Unit 144 Lomita 90717,,,,
11740,25136,,,,1801.0,,,,,,263rd,Street,,,,,,,,,,,Unit,103,90717.0,,Lomita,Lomita,,,,,LACO DPW Add,{C463D7EF-FA5F-42F0-AC2B-D5E03191922A},0,,C463D7EF-FA5F-42F0-AC2B-D5E03191922A,Unknown,,,,,St,263rd St,2024/09/14 08:24:46+00,1801 263rd St Unit 103 Lomita 90717,C463D7EF-FA5F-42F0-AC2B-D5E03191922A_1801_263rd_St_Unit_103_Lomita_90717,263rd,1801 263rd Street St Unit 103 Lomita 90717,,,,
11744,25170,,,,1969.0,,,,,,Rolling Vista,Drive,,,,,,,,,,,Unit,51,90717.0,,Lomita,Lomita,,,,,LACO DPW Add,{39B42738-F218-457C-B55C-B166BC7CD2BD},0,,39B42738-F218-457C-B55C-B166BC7CD2BD,Unknown,,,,,Dr,Rolling Vista Dr,2024/09/14 08:24:46+00,1969 Rolling Vista Dr Unit 51 Lomita 90717,39B42738-F218-457C-B55C-B166BC7CD2BD_1969_Rolling_Vista_Dr_Unit_51_Lomita_90717,Rolling Vista,1969 Rolling Vista Drive Dr Unit 51 Lomita 90717,,,,
11745,25176,,,,1801.0,,,,,,263rd,Street,,,,,,,,,,,Unit,139,90717.0,,Lomita,Lomita,,,,,LACO DPW Add,{2A81035A-F053-4F42-8074-056FEC08CF5A},0,,2A81035A-F053-4F42-8074-056FEC08CF5A,Unknown,,,,,St,263rd St,2024/09/14 08:24:46+00,1801 263rd St Unit 139 Lomita 90717,2A81035A-F053-4F42-8074-056FEC08CF5A_1801_263rd_St_Unit_139_Lomita_90717,263rd,1801 263rd Street St Unit 139 Lomita 90717,,,,
11749,25205,,,,1802.0,,,,,,262nd,Street,,,,,,,,,,,Unit,147,90717.0,,Lomita,Lomita,,,,,LACO DPW Add,{E22DD39C-10F3-4F48-8DED-63D0FD770943},0,,E22DD39C-10F3-4F48-8DED-63D0FD770943,Unknown,,,,,St,262nd St,2024/09/14 08:24:46+00,1802 262nd St Unit 147 Lomita 90717,E22DD39C-10F3-4F48-8DED-63D0FD770943_1802_262nd_St_Unit_147_Lomita_90717,262nd,1802 262nd Street St Unit 147 Lomita 90717,,,,
11752,25259,,,,1985.0,,,,,,Rolling Vista,Drive,,,,,,,,,,,Unit,54,90717.0,,Lomita,Lomita,,,,,LACO DPW Add,{C6FDE04F-4364-464A-A828-0872C53F47DE},0,,C6FDE04F-4364-464A-A828-0872C53F47DE,Unknown,,,,,Dr,Rolling Vista Dr,2024/09/14 08:24:46+00,1985 Rolling Vista Dr Unit 54 Lomita 90717,C6FDE04F-4364-464A-A828-0872C53F47DE_1985_Rolling_Vista_Dr_Unit_54_Lomita_90717,Rolling Vista,1985 Rolling Vista Drive Dr Unit 54 Lomita 90717,,,,
11761,25315,,,,1985.0,,,,,,Rolling Vista,Drive,,,,,,,,,,,Unit,53,90717.0,,Lomita,Lomita,,,,,LACO DPW Add,{D23DACCF-AA06-45EC-8B67-9BF7FB2ED143},0,,D23DACCF-AA06-45EC-8B67-9BF7FB2ED143,Unknown,,,,,Dr,Rolling Vista Dr,2024/09/14 08:24:46+00,1985 Rolling Vista Dr Unit 53 Lomita 90717,D23DACCF-AA06-45EC-8B67-9BF7FB2ED143_1985_Rolling_Vista_Dr_Unit_53_Lomita_90717,Rolling Vista,1985 Rolling Vista Drive Dr Unit 53 Lomita 90717,,,,
11772,25410,,,,1801.0,,,,,,263rd,Street,,,,,,,,,,,Unit,129,90717.0,,Lomita,Lomita,,,,,LACO DPW Add,{7F8745F3-EE0F-4F00-A801-BD4296E2CF77},0,,7F8745F3-EE0F-4F00-A801-BD4296E2CF77,Unknown,,,,,St,263rd St,2024/09/14 08:24:46+00,1801 263rd St Unit 129 Lomita 90717,7F8745F3-EE0F-4F00-A801-BD4296E2CF77_1801_263rd_St_Unit_129_Lomita_90717,263rd,1801 263rd Street St Unit 129 Lomita 90717,,,,
11774,25419,,,,1801.0,,,,,,263rd,Street,,,,,,,,,,,Unit,113,90717.0,,Lomita,Lomita,,,,,LACO DPW Add,{8B0C4FBE-8B84-4DE0-AF69-08994EEEC3CF},0,,8B0C4FBE-8B84-4DE0-AF69-08994EEEC3CF,Unknown,,,,,St,263rd St,2024/09/14 08:24:46+00,1801 263rd St Unit 113 Lomita 90717,8B0C4FBE-8B84-4DE0-AF69-08994EEEC3CF_1801_263rd_St_Unit_113_Lomita_90717,263rd,1801 263rd Street St Unit 113 Lomita 90717,,,,
11778,25463,,,,1801.0,,,,,,263rd,Street,,,,,,,,,,,Unit,116,90717.0,,Lomita,Lomita,,,,,LACO DPW Add,{3E5E18BF-A89D-4805-AB90-04BA89E75192},0,,3E5E18BF-A89D-4805-AB90-04BA89E75192,Unknown,,,,,St,263rd St,2024/09/14 08:24:46+00,1801 263rd St Unit 116 Lomita 90717,3E5E18BF-A89D-4805-AB90-04BA89E75192_1801_263rd_St_Unit_116_Lomita_90717,263rd,1801 263rd Street St Unit 116 Lomita 90717,,,,
11779,25495,,,,1801.0,,,,,,263rd,Street,,,,,,,,,,,Unit,135,90717.0,,Lomita,Lomita,,,,,LACO DPW Add,{44FCFF52-9240-4EC9-9D8E-3CAB3506F60F},0,,44FCFF52-9240-4EC9-9D8E-3CAB3506F60F,Unknown,,,,,St,263rd St,2024/09/14 08:24:46+00,1801 263rd St Unit 135 Lomita 90717,44FCFF52-9240-4EC9-9D8E-3CAB3506F60F_1801_263rd_St_Unit_135_Lomita_90717,263rd,1801 263rd Street St Unit 135 Lomita 90717,,,,
11787,25519,,,,1969.0,,,,,,Rolling Vista,Drive,,,,,,,,,,,Unit,48,90717.0,,Lomita,Lomita,,,,,LACO DPW Add,{C9C4DBA5-FCCF-4F6A-8240-C66A40285264},0,,C9C4DBA5-FCCF-4F6A-8240-C66A40285264,Unknown,,,,,Dr,Rolling Vista Dr,2024/09/14 08:24:46+00,1969 Rolling Vista Dr Unit 48 Lomita 90717,C9C4DBA5-FCCF-4F6A-8240-C66A40285264_1969_Rolling_Vista_Dr_Unit_48_Lomita_90717,Rolling Vista,1969 Rolling Vista Drive Dr Unit 48 Lomita 90717,,,,
11794,25590,,,,1801.0,,,,,,263rd,Street,,,,,,,,,,,Unit,140,90717.0,,Lomita,Lomita,,,,,LACO DPW Add,{DCFEF2C3-3E61-4904-A9FE-404FDFF319E6},0,,DCFEF2C3-3E61-4904-A9FE-404FDFF319E6,Unknown,,,,,St,263rd St,2024/09/14 08:24:46+00,1801 263rd St Unit 140 Lomita 90717,DCFEF2C3-3E61-4904-A9FE-404FDFF319E6_1801_263rd_St_Unit_140_Lomita_90717,263rd,1801 263rd Street St Unit 140 Lomita 90717,,,,
11798,25649,,,,1801.0,,,,,,263rd,Street,,,,,,,,,,,Unit,114,90717.0,,Lomita,Lomita,,,,,LACO DPW Add,{E1C8671F-8521-4306-8491-5ED5429031F6},0,,E1C8671F-8521-4306-8491-5ED5429031F6,Unknown,,,,,St,263rd St,2024/09/14 08:24:46+00,1801 263rd St Unit 114 Lomita 90717,E1C8671F-8521-4306-8491-5ED5429031F6_1801_263rd_St_Unit_114_Lomita_90717,263rd,1801 263rd Street St Unit 114 Lomita 90717,,,,
11799,25653,,,,1967.0,,,,,,Rolling Vista,Drive,,,,,,,,,,,Unit,59,90717.0,,Lomita,Lomita,,,,,LACO DPW Add,{544E011F-64D9-4C17-8129-969886330CF7},0,,544E011F-64D9-4C17-8129-969886330CF7,Unknown,,,,,Dr,Rolling Vista Dr,2024/09/14 08:24:46+00,1967 Rolling Vista Dr Unit 59 Lomita 90717,544E011F-64D9-4C17-8129-969886330CF7_1967_Rolling_Vista_Dr_Unit_59_Lomita_90717,Rolling Vista,1967 Rolling Vista Drive Dr Unit 59 Lomita 90717,,,,
11800,25666,,,,1801.0,,,,,,263rd,Street,,,,,,,,,,,Unit,143,90717.0,,Lomita,Lomita,,,,,LACO DPW Add,{7D91D9F6-637B-4D77-A58D-8EB1FC428FDE},0,,7D91D9F6-637B-4D77-A58D-8EB1FC428FDE,Unknown,,,,,St,263rd St,2024/09/14 08:24:46+00,1801 263rd St Unit 143 Lomita 90717,7D91D9F6-637B-4D77-A58D-8EB1FC428FDE_1801_263rd_St_Unit_143_Lomita_90717,263rd,1801 263rd Street St Unit 143 Lomita 90717,,,,
11809,25731,,,,1988.0,,,,,,Rolling Vista,Drive,,,,,,,,,,,Unit,20,90717.0,,Lomita,Lomita,,,,,LACO DPW Add,{5CA8C432-6FE5-4ED6-9081-FA2B9A78917C},0,,5CA8C432-6FE5-4ED6-9081-FA2B9A78917C,Unknown,,,,,Dr,Rolling Vista Dr,2024/09/14 08:24:46+00,1988 Rolling Vista Dr Unit 20 Lomita 90717,5CA8C432-6FE5-4ED6-9081-FA2B9A78917C_1988_Rolling_Vista_Dr_Unit_20_Lomita_90717,Rolling Vista,1988 Rolling Vista Drive Dr Unit 20 Lomita 90717,,,,
11810,25732,,,,1992.0,,,,,,Rolling Vista,Drive,,,,,,,,,,,Unit,14,90717.0,,Lomita,Lomita,,,,,LACO DPW Add,{DC359C84-8ACC-4EB2-B07D-40F67DD5C6C0},0,,DC359C84-8ACC-4EB2-B07D-40F67DD5C6C0,Unknown,,,,,Dr,Rolling Vista Dr,2024/09/14 08:24:46+00,1992 Rolling Vista Dr Unit 14 Lomita 90717,DC359C84-8ACC-4EB2-B07D-40F67DD5C6C0_1992_Rolling_Vista_Dr_Unit_14_Lomita_90717,Rolling Vista,1992 Rolling Vista Drive Dr Unit 14 Lomita 90717,,,,
11814,25767,,,,1988.0,,,,,,Rolling Vista,Drive,,,,,,,,,,,Unit,24,90717.0,,Lomita,Lomita,,,,,LACO DPW Add,{E8D4207C-1767-4DA0-805F-EE9D52EDFB5F},0,,E8D4207C-1767-4DA0-805F-EE9D52EDFB5F,Unknown,,,,,Dr,Rolling Vista Dr,2024/09/14 08:24:46+00,1988 Rolling Vista Dr Unit 24 Lomita 90717,E8D4207C-1767-4DA0-805F-EE9D52EDFB5F_1988_Rolling_Vista_Dr_Unit_24_Lomita_90717,Rolling Vista,1988 Rolling Vista Drive Dr Unit 24 Lomita 90717,,,,
11819,25792,,,,1801.0,,,,,,263rd,Street,,,,,,,,,,,Unit,131,90717.0,,Lomita,Lomita,,,,,LACO DPW Add,{F9FDB9EF-2008-4889-A721-57BDEE960F8B},0,,F9FDB9EF-2008-4889-A721-57BDEE960F8B,Unknown,,,,,St,263rd St,2024/09/14 08:24:46+00,1801 263rd St Unit 131 Lomita 90717,F9FDB9EF-2008-4889-A721-57BDEE960F8B_1801_263rd_St_Unit_131_Lomita_90717,263rd,1801 263rd Street St Unit 131 Lomita 90717,,,,
11821,25806,,,,1801.0,,,,,,263rd,Street,,,,,,,,,,,Unit,118,90717.0,,Lomita,Lomita,,,,,LACO DPW Add,{78230383-4D9B-49C1-8A0B-850A9E1C8F88},0,,78230383-4D9B-49C1-8A0B-850A9E1C8F88,Unknown,,,,,St,263rd St,2024/09/14 08:24:46+00,1801 263rd St Unit 118 Lomita 90717,78230383-4D9B-49C1-8A0B-850A9E1C8F88_1801_263rd_St_Unit_118_Lomita_90717,263rd,1801 263rd Street St Unit 118 Lomita 90717,,,,
11822,25809,,,,1801.0,,,,,,263rd,Street,,,,,,,,,,,Unit,127,90717.0,,Lomita,Lomita,,,,,LACO DPW Add,{3FDF8DB3-A39F-41E8-8F8C-E9E30545ECC3},0,,3FDF8DB3-A39F-41E8-8F8C-E9E30545ECC3,Unknown,,,,,St,263rd St,2024/09/14 08:24:46+00,1801 263rd St Unit 127 Lomita 90717,3FDF8DB3-A39F-41E8-8F8C-E9E30545ECC3_1801_263rd_St_Unit_127_Lomita_90717,263rd,1801 263rd Street St Unit 127 Lomita 90717,,,,
11825,25820,,,,1958.0,,,,,,Rolling Vista,Drive,,,,,,,,,,,Unit,35,90717.0,,Lomita,Lomita,,,,,LACO DPW Add,{F4D8859D-1691-4428-A445-DCBE3750D26C},0,,F4D8859D-1691-4428-A445-DCBE3750D26C,Unknown,,,,,Dr,Rolling Vista Dr,2024/09/14 08:24:46+00,1958 Rolling Vista Dr Unit 35 Lomita 90717,F4D8859D-1691-4428-A445-DCBE3750D26C_1958_Rolling_Vista_Dr_Unit_35_Lomita_90717,Rolling Vista,1958 Rolling Vista Drive Dr Unit 35 Lomita 90717,,,,
11863,25949,,,,1982.0,,,,,,Rolling Vista,Drive,,,,,,,,,,,Unit,2,90717.0,,Lomita,Lomita,,,,,LACO DPW Add,{F65CAFF2-BD2D-4CF3-8612-7AD61C0856EE},0,,F65CAFF2-BD2D-4CF3-8612-7AD61C0856EE,Unknown,,,,,Dr,Rolling Vista Dr,2024/09/14 08:24:46+00,1982 Rolling Vista Dr Unit 2 Lomita 90717,F65CAFF2-BD2D-4CF3-8612-7AD61C0856EE_1982_Rolling_Vista_Dr_Unit_2_Lomita_90717,Rolling Vista,1982 Rolling Vista Drive Dr Unit 2 Lomita 90717,,,,
11874,25981,,,,1958.0,,,,,,Rolling Vista,Drive,,,,,,,,,,,Unit,32,90717.0,,Lomita,Lomita,,,,,LACO DPW Add,{FFC234F5-05C6-4262-A261-7F6DB049B672},0,,FFC234F5-05C6-4262-A261-7F6DB049B672,Unknown,,,,,Dr,Rolling Vista Dr,2024/09/14 08:24:46+00,1958 Rolling Vista Dr Unit 32 Lomita 90717,FFC234F5-05C6-4262-A261-7F6DB049B672_1958_Rolling_Vista_Dr_Unit_32_Lomita_90717,Rolling Vista,1958 Rolling Vista Drive Dr Unit 32 Lomita 90717,,,,
11904,26086,,,,1978.0,,,,,,Rolling Vista,Drive,,,,,,,,,,,Unit,31,90717.0,,Lomita,Lomita,,,,,LACO DPW Add,{807F687D-DFA1-4D8F-98C0-A0A939EF6C4A},0,,807F687D-DFA1-4D8F-98C0-A0A939EF6C4A,Unknown,,,,,Dr,Rolling Vista Dr,2024/09/14 08:24:46+00,1978 Rolling Vista Dr Unit 31 Lomita 90717,807F687D-DFA1-4D8F-98C0-A0A939EF6C4A_1978_Rolling_Vista_Dr_Unit_31_Lomita_90717,Rolling Vista,1978 Rolling Vista Drive Dr Unit 31 Lomita 90717,,,,
11905,26087,,,,1978.0,,,,,,Rolling Vista,Drive,,,,,,,,,,,Unit,30,90717.0,,Lomita,Lomita,,,,,LACO DPW Add,{6608D0E3-C57A-4C77-9202-B38273D493EC},0,,6608D0E3-C57A-4C77-9202-B38273D493EC,Unknown,,,,,Dr,Rolling Vista Dr,2024/09/14 08:24:46+00,1978 Rolling Vista Dr Unit 30 Lomita 90717,6608D0E3-C57A-4C77-9202-B38273D493EC_1978_Rolling_Vista_Dr_Unit_30_Lomita_90717,Rolling Vista,1978 Rolling Vista Drive Dr Unit 30 Lomita 90717,,,,
11913,26135,,,,1988.0,,,,,,Rolling Vista,Drive,,,,,,,,,,,Unit,17,90717.0,,Lomita,Lomita,,,,,LACO DPW Add,{B337222B-C35D-493C-9D20-83EAA9A9A7FF},0,,B337222B-C35D-493C-9D20-83EAA9A9A7FF,Unknown,,,,,Dr,Rolling Vista Dr,2024/09/14 08:24:46+00,1988 Rolling Vista Dr Unit 17 Lomita 90717,B337222B-C35D-493C-9D20-83EAA9A9A7FF_1988_Rolling_Vista_Dr_Unit_17_Lomita_90717,Rolling Vista,1988 Rolling Vista Drive Dr Unit 17 Lomita 90717,,,,
11928,26186,,,,1988.0,,,,,,Rolling Vista,Drive,,,,,,,,,,,Unit,22,90717.0,,Lomita,Lomita,,,,,LACO DPW Add,{88B110E3-08B4-4542-B218-C17538492D2A},0,,88B110E3-08B4-4542-B218-C17538492D2A,Unknown,,,,,Dr,Rolling Vista Dr,2024/09/14 08:24:46+00,1988 Rolling Vista Dr Unit 22 Lomita 90717,88B110E3-08B4-4542-B218-C17538492D2A_1988_Rolling_Vista_Dr_Unit_22_Lomita_90717,Rolling Vista,1988 Rolling Vista Drive Dr Unit 22 Lomita 90717,,,,
11937,26220,,,,1988.0,,,,,,Rolling Vista,Drive,,,,,,,,,,,Unit,25,90717.0,,Lomita,Lomita,,,,,LACO DPW Add,{19815418-E19E-4FA9-9A80-E5E3942EB16F},0,,19815418-E19E-4FA9-9A80-E5E3942EB16F,Unknown,,,,,Dr,Rolling Vista Dr,2024/09/14 08:24:46+00,1988 Rolling Vista Dr Unit 25 Lomita 90717,19815418-E19E-4FA9-9A80-E5E3942EB16F_1988_Rolling_Vista_Dr_Unit_25_Lomita_90717,Rolling Vista,1988 Rolling Vista Drive Dr Unit 25 Lomita 90717,,,,
11956,26281,,,,1984.0,,,,,,Rolling Vista,Drive,,,,,,,,,,,Unit,7,90717.0,,Lomita,Lomita,,,,,LACO DPW Add,{0C2AB014-4171-4DBB-82D2-6642F31C6C1C},0,,0C2AB014-4171-4DBB-82D2-6642F31C6C1C,Unknown,,,,,Dr,Rolling Vista Dr,2024/09/14 08:24:46+00,1984 Rolling Vista Dr Unit 7 Lomita 90717,0C2AB014-4171-4DBB-82D2-6642F31C6C1C_1984_Rolling_Vista_Dr_Unit_7_Lomita_90717,Rolling Vista,1984 Rolling Vista Drive Dr Unit 7 Lomita 90717,,,,
11995,26402,,,,1984.0,,,,,,Rolling Vista,Drive,,,,,,,,,,,Unit,9,90717.0,,Lomita,Lomita,,,,,LACO DPW Add,{E46A644A-52D3-4E4F-8743-BCAA16504A0B},0,,E46A644A-52D3-4E4F-8743-BCAA16504A0B,Unknown,,,,,Dr,Rolling Vista Dr,2024/09/14 08:24:46+00,1984 Rolling Vista Dr Unit 9 Lomita 90717,E46A644A-52D3-4E4F-8743-BCAA16504A0B_1984_Rolling_Vista_Dr_Unit_9_Lomita_90717,Rolling Vista,1984 Rolling Vista Drive Dr Unit 9 Lomita 90717,,,,
12012,26461,,,,1984.0,,,,,,Rolling Vista,Drive,,,,,,,,,,,Unit,8,90717.0,,Lomita,Lomita,,,,,LACO DPW Add,{7BFDAC3B-271E-427D-BC47-B70BCB90AA53},0,,7BFDAC3B-271E-427D-BC47-B70BCB90AA53,Unknown,,,,,Dr,Rolling Vista Dr,2024/09/14 08:24:46+00,1984 Rolling Vista Dr Unit 8 Lomita 90717,7BFDAC3B-271E-427D-BC47-B70BCB90AA53_1984_Rolling_Vista_Dr_Unit_8_Lomita_90717,Rolling Vista,1984 Rolling Vista Drive Dr Unit 8 Lomita 90717,,,,
12035,26534,,,,1982.0,,,,,,Rolling Vista,Drive,,,,,,,,,,,Unit,4,90717.0,,Lomita,Lomita,,,,,LACO DPW Add,{F30F3CB9-5212-4BF5-B917-9327A35506DE},0,,F30F3CB9-5212-4BF5-B917-9327A35506DE,Unknown,,,,,Dr,Rolling Vista Dr,2024/09/14 08:24:46+00,1982 Rolling Vista Dr Unit 4 Lomita 90717,F30F3CB9-5212-4BF5-B917-9327A35506DE_1982_Rolling_Vista_Dr_Unit_4_Lomita_90717,Rolling Vista,1982 Rolling Vista Drive Dr Unit 4 Lomita 90717,,,,
12050,26586,,,,1988.0,,,,,,Rolling Vista,Drive,,,,,,,,,,,Unit,19,90717.0,,Lomita,Lomita,,,,,LACO DPW Add,{AC260BF7-0224-42B1-84EB-80E44481E2F5},0,,AC260BF7-0224-42B1-84EB-80E44481E2F5,Unknown,,,,,Dr,Rolling Vista Dr,2024/09/14 08:24:46+00,1988 Rolling Vista Dr Unit 19 Lomita 90717,AC260BF7-0224-42B1-84EB-80E44481E2F5_1988_Rolling_Vista_Dr_Unit_19_Lomita_90717,Rolling Vista,1988 Rolling Vista Drive Dr Unit 19 Lomita 90717,,,,
12059,26611,,,,1992.0,,,,,,Rolling Vista,Drive,,,,,,,,,,,Unit,15,90717.0,,Lomita,Lomita,,,,,LACO DPW Add,{55A87834-57CF-4628-ACE8-13B3AE9CFF95},0,,55A87834-57CF-4628-ACE8-13B3AE9CFF95,Unknown,,,,,Dr,Rolling Vista Dr,2024/09/14 08:24:46+00,1992 Rolling Vista Dr Unit 15 Lomita 90717,55A87834-57CF-4628-ACE8-13B3AE9CFF95_1992_Rolling_Vista_Dr_Unit_15_Lomita_90717,Rolling Vista,1992 Rolling Vista Drive Dr Unit 15 Lomita 90717,,,,
12060,26612,,,,1986.0,,,,,,Rolling Vista,Drive,,,,,,,,,,,Unit,11,90717.0,,Lomita,Lomita,,,,,LACO DPW Add,{8598B0AD-4A25-4514-9102-F0EC62B903C6},0,,8598B0AD-4A25-4514-9102-F0EC62B903C6,Unknown,,,,,Dr,Rolling Vista Dr,2024/09/14 08:24:46+00,1986 Rolling Vista Dr Unit 11 Lomita 90717,8598B0AD-4A25-4514-9102-F0EC62B903C6_1986_Rolling_Vista_Dr_Unit_11_Lomita_90717,Rolling Vista,1986 Rolling Vista Drive Dr Unit 11 Lomita 90717,,,,
12063,26631,,,,1988.0,,,,,,Rolling Vista,Drive,,,,,,,,,,,Unit,23,90717.0,,Lomita,Lomita,,,,,LACO DPW Add,{A165F4BC-6537-4B6B-9D28-10F8E6DC5F2B},0,,A165F4BC-6537-4B6B-9D28-10F8E6DC5F2B,Unknown,,,,,Dr,Rolling Vista Dr,2024/09/14 08:24:46+00,1988 Rolling Vista Dr Unit 23 Lomita 90717,A165F4BC-6537-4B6B-9D28-10F8E6DC5F2B_1988_Rolling_Vista_Dr_Unit_23_Lomita_90717,Rolling Vista,1988 Rolling Vista Drive Dr Unit 23 Lomita 90717,,,,
12114,26772,,,,1978.0,,,,,,Rolling Vista,Drive,,,,,,,,,,,Unit,26,90717.0,,Lomita,Lomita,,,,,LACO DPW Add,{FC661E39-8F24-4AA9-9337-4A2943B93D27},0,,FC661E39-8F24-4AA9-9337-4A2943B93D27,Unknown,,,,,Dr,Rolling Vista Dr,2024/09/14 08:24:46+00,1978 Rolling Vista Dr Unit 26 Lomita 90717,FC661E39-8F24-4AA9-9337-4A2943B93D27_1978_Rolling_Vista_Dr_Unit_26_Lomita_90717,Rolling Vista,1978 Rolling Vista Drive Dr Unit 26 Lomita 90717,,,,
12167,26940,,,,1984.0,,,,,,Rolling Vista,Drive,,,,,,,,,,,Unit,5,90717.0,,Lomita,Lomita,,,,,LACO DPW Add,{748AEFC3-5F01-4FC8-9578-85ED8F712077},0,,748AEFC3-5F01-4FC8-9578-85ED8F712077,Unknown,,,,,Dr,Rolling Vista Dr,2024/09/14 08:24:46+00,1984 Rolling Vista Dr Unit 5 Lomita 90717,748AEFC3-5F01-4FC8-9578-85ED8F712077_1984_Rolling_Vista_Dr_Unit_5_Lomita_90717,Rolling Vista,1984 Rolling Vista Drive Dr Unit 5 Lomita 90717,,,,
12177,26968,,,,1958.0,,,,,,Rolling Vista,Drive,,,,,,,,,,,Unit,33,90717.0,,Lomita,Lomita,,,,,LACO DPW Add,{A0FEAE2D-2C26-4BBF-A27C-4F0C41B75D31},0,,A0FEAE2D-2C26-4BBF-A27C-4F0C41B75D31,Unknown,,,,,Dr,Rolling Vista Dr,2024/09/14 08:24:46+00,1958 Rolling Vista Dr Unit 33 Lomita 90717,A0FEAE2D-2C26-4BBF-A27C-4F0C41B75D31_1958_Rolling_Vista_Dr_Unit_33_Lomita_90717,Rolling Vista,1958 Rolling Vista Drive Dr Unit 33 Lomita 90717,,,,
12192,27008,,,,1958.0,,,,,,Rolling Vista,Drive,,,,,,,,,,,Unit,37,90717.0,,Lomita,Lomita,,,,,LACO DPW Add,{D218BF1B-8C08-4508-8129-2FC22BBEFB6C},0,,D218BF1B-8C08-4508-8129-2FC22BBEFB6C,Unknown,,,,,Dr,Rolling Vista Dr,2024/09/14 08:24:46+00,1958 Rolling Vista Dr Unit 37 Lomita 90717,D218BF1B-8C08-4508-8129-2FC22BBEFB6C_1958_Rolling_Vista_Dr_Unit_37_Lomita_90717,Rolling Vista,1958 Rolling Vista Drive Dr Unit 37 Lomita 90717,,,,
12193,27009,,,,1978.0,,,,,,Rolling Vista,Drive,,,,,,,,,,,Unit,27,90717.0,,Lomita,Lomita,,,,,LACO DPW Add,{394680D2-95EE-408D-9FAA-10CC4BF5EE43},0,,394680D2-95EE-408D-9FAA-10CC4BF5EE43,Unknown,,,,,Dr,Rolling Vista Dr,2024/09/14 08:24:46+00,1978 Rolling Vista Dr Unit 27 Lomita 90717,394680D2-95EE-408D-9FAA-10CC4BF5EE43_1978_Rolling_Vista_Dr_Unit_27_Lomita_90717,Rolling Vista,1978 Rolling Vista Drive Dr Unit 27 Lomita 90717,,,,
12202,27028,,,,1948.0,,,,,,Rolling Vista,Drive,,,,,,,,,,,Unit,41,90717.0,,Lomita,Lomita,,,,,LACO DPW Add,{906FABE2-7805-405E-9A57-D452F98C6B03},0,,906FABE2-7805-405E-9A57-D452F98C6B03,Unknown,,,,,Dr,Rolling Vista Dr,2024/09/14 08:24:46+00,1948 Rolling Vista Dr Unit 41 Lomita 90717,906FABE2-7805-405E-9A57-D452F98C6B03_1948_Rolling_Vista_Dr_Unit_41_Lomita_90717,Rolling Vista,1948 Rolling Vista Drive Dr Unit 41 Lomita 90717,,,,
12219,27093,,,,1988.0,,,,,,Rolling Vista,Drive,,,,,,,,,,,Unit,18,90717.0,,Lomita,Lomita,,,,,LACO DPW Add,{E0DFD2AC-DE87-43D5-85CE-066D714B87C1},0,,E0DFD2AC-DE87-43D5-85CE-066D714B87C1,Unknown,,,,,Dr,Rolling Vista Dr,2024/09/14 08:24:46+00,1988 Rolling Vista Dr Unit 18 Lomita 90717,E0DFD2AC-DE87-43D5-85CE-066D714B87C1_1988_Rolling_Vista_Dr_Unit_18_Lomita_90717,Rolling Vista,1988 Rolling Vista Drive Dr Unit 18 Lomita 90717,,,,
12220,27094,,,,1992.0,,,,,,Rolling Vista,Drive,,,,,,,,,,,Unit,16,90717.0,,Lomita,Lomita,,,,,LACO DPW Add,{D022152A-C593-467C-9B2F-8B33F448F369},0,,D022152A-C593-467C-9B2F-8B33F448F369,Unknown,,,,,Dr,Rolling Vista Dr,2024/09/14 08:24:46+00,1992 Rolling Vista Dr Unit 16 Lomita 90717,D022152A-C593-467C-9B2F-8B33F448F369_1992_Rolling_Vista_Dr_Unit_16_Lomita_90717,Rolling Vista,1992 Rolling Vista Drive Dr Unit 16 Lomita 90717,,,,
12235,27149,,,,1986.0,,,,,,Rolling Vista,Drive,,,,,,,,,,,Unit,10,90717.0,,Lomita,Lomita,,,,,LACO DPW Add,{E160DA7A-9BE4-4D00-8A07-7E002A2C44AC},0,,E160DA7A-9BE4-4D00-8A07-7E002A2C44AC,Unknown,,,,,Dr,Rolling Vista Dr,2024/09/14 08:24:46+00,1986 Rolling Vista Dr Unit 10 Lomita 90717,E160DA7A-9BE4-4D00-8A07-7E002A2C44AC_1986_Rolling_Vista_Dr_Unit_10_Lomita_90717,Rolling Vista,1986 Rolling Vista Drive Dr Unit 10 Lomita 90717,,,,
12264,27266,,,,1958.0,,,,,,Rolling Vista,Drive,,,,,,,,,,,Unit,36,90717.0,,Lomita,Lomita,,,,,LACO DPW Add,{4695D47B-9900-43D5-8376-4D4DC2D14C4D},0,,4695D47B-9900-43D5-8376-4D4DC2D14C4D,Unknown,,,,,Dr,Rolling Vista Dr,2024/09/14 08:24:46+00,1958 Rolling Vista Dr Unit 36 Lomita 90717,4695D47B-9900-43D5-8376-4D4DC2D14C4D_1958_Rolling_Vista_Dr_Unit_36_Lomita_90717,Rolling Vista,1958 Rolling Vista Drive Dr Unit 36 Lomita 90717,,,,
12265,27267,,,,1948.0,,,,,,Rolling Vista,Drive,,,,,,,,,,,Unit,40,90717.0,,Lomita,Lomita,,,,,LACO DPW Add,{F85FDD2C-8B99-4D8D-91F6-CD6C243FEF7F},0,,F85FDD2C-8B99-4D8D-91F6-CD6C243FEF7F,Unknown,,,,,Dr,Rolling Vista Dr,2024/09/14 08:24:46+00,1948 Rolling Vista Dr Unit 40 Lomita 90717,F85FDD2C-8B99-4D8D-91F6-CD6C243FEF7F_1948_Rolling_Vista_Dr_Unit_40_Lomita_90717,Rolling Vista,1948 Rolling Vista Drive Dr Unit 40 Lomita 90717,,,,
12332,27503,,,,1958.0,,,,,,Rolling Vista,Drive,,,,,,,,,,,Unit,34,90717.0,,Lomita,Lomita,,,,,LACO DPW Add,{F397CF8D-9D33-462E-A606-4BD9E75C8267},0,,F397CF8D-9D33-462E-A606-4BD9E75C8267,Unknown,,,,,Dr,Rolling Vista Dr,2024/09/14 08:24:46+00,1958 Rolling Vista Dr Unit 34 Lomita 90717,F397CF8D-9D33-462E-A606-4BD9E75C8267_1958_Rolling_Vista_Dr_Unit_34_Lomita_90717,Rolling Vista,1958 Rolling Vista Drive Dr Unit 34 Lomita 90717,,,,
12342,27556,,,,1986.0,,,,,,Rolling Vista,Drive,,,,,,,,,,,Unit,13,90717.0,,Lomita,Lomita,,,,,LACO DPW Add,{4EA92150-21F4-4BFC-BFF3-31D224F809F2},0,,4EA92150-21F4-4BFC-BFF3-31D224F809F2,Unknown,,,,,Dr,Rolling Vista Dr,2024/09/14 08:24:46+00,1986 Rolling Vista Dr Unit 13 Lomita 90717,4EA92150-21F4-4BFC-BFF3-31D224F809F2_1986_Rolling_Vista_Dr_Unit_13_Lomita_90717,Rolling Vista,1986 Rolling Vista Drive Dr Unit 13 Lomita 90717,,,,
12344,27558,,,,1988.0,,,,,,Rolling Vista,Drive,,,,,,,,,,,Unit,21,90717.0,,Lomita,Lomita,,,,,LACO DPW Add,{62CA3F13-5406-427A-B53A-F0F179C2606B},0,,62CA3F13-5406-427A-B53A-F0F179C2606B,Unknown,,,,,Dr,Rolling Vista Dr,2024/09/14 08:24:46+00,1988 Rolling Vista Dr Unit 21 Lomita 90717,62CA3F13-5406-427A-B53A-F0F179C2606B_1988_Rolling_Vista_Dr_Unit_21_Lomita_90717,Rolling Vista,1988 Rolling Vista Drive Dr Unit 21 Lomita 90717,,,,
12346,27584,,,,1986.0,,,,,,Rolling Vista,Drive,,,,,,,,,,,Unit,12,90717.0,,Lomita,Lomita,,,,,LACO DPW Add,{7E4524D1-0DE0-423D-9D9F-EED8C63EBB05},0,,7E4524D1-0DE0-423D-9D9F-EED8C63EBB05,Unknown,,,,,Dr,Rolling Vista Dr,2024/09/14 08:24:46+00,1986 Rolling Vista Dr Unit 12 Lomita 90717,7E4524D1-0DE0-423D-9D9F-EED8C63EBB05_1986_Rolling_Vista_Dr_Unit_12_Lomita_90717,Rolling Vista,1986 Rolling Vista Drive Dr Unit 12 Lomita 90717,,,,
12369,27660,,,,1948.0,,,,,,Rolling Vista,Drive,,,,,,,,,,,Unit,39,90717.0,,Lomita,Lomita,,,,,LACO DPW Add,{F42B9CC4-D8E1-4000-91EC-AA7F43914079},0,,F42B9CC4-D8E1-4000-91EC-AA7F43914079,Unknown,,,,,Dr,Rolling Vista Dr,2024/09/14 08:24:46+00,1948 Rolling Vista Dr Unit 39 Lomita 90717,F42B9CC4-D8E1-4000-91EC-AA7F43914079_1948_Rolling_Vista_Dr_Unit_39_Lomita_90717,Rolling Vista,1948 Rolling Vista Drive Dr Unit 39 Lomita 90717,,,,
12372,27663,,,,1978.0,,,,,,Rolling Vista,Drive,,,,,,,,,,,Unit,28,90717.0,,Lomita,Lomita,,,,,LACO DPW Add,{C8718344-C0FB-4A76-AF76-8962300D3D15},0,,C8718344-C0FB-4A76-AF76-8962300D3D15,Unknown,,,,,Dr,Rolling Vista Dr,2024/09/14 08:24:46+00,1978 Rolling Vista Dr Unit 28 Lomita 90717,C8718344-C0FB-4A76-AF76-8962300D3D15_1978_Rolling_Vista_Dr_Unit_28_Lomita_90717,Rolling Vista,1978 Rolling Vista Drive Dr Unit 28 Lomita 90717,,,,
12401,27747,,,,1982.0,,,,,,Rolling Vista,Drive,,,,,,,,,,,Unit,3,90717.0,,Lomita,Lomita,,,,,LACO DPW Add,{57334881-F6B3-4F52-A8B4-FC7E17CF475A},0,,57334881-F6B3-4F52-A8B4-FC7E17CF475A,Unknown,,,,,Dr,Rolling Vista Dr,2024/09/14 08:24:46+00,1982 Rolling Vista Dr Unit 3 Lomita 90717,57334881-F6B3-4F52-A8B4-FC7E17CF475A_1982_Rolling_Vista_Dr_Unit_3_Lomita_90717,Rolling Vista,1982 Rolling Vista Drive Dr Unit 3 Lomita 90717,,,,
12421,27828,,,,1948.0,,,,,,Rolling Vista,Drive,,,,,,,,,,,Unit,38,90717.0,,Lomita,Lomita,,,,,LACO DPW Add,{8375675E-F9FA-495E-952B-5B1C383E6062},0,,8375675E-F9FA-495E-952B-5B1C383E6062,Unknown,,,,,Dr,Rolling Vista Dr,2024/09/14 08:24:46+00,1948 Rolling Vista Dr Unit 38 Lomita 90717,8375675E-F9FA-495E-952B-5B1C383E6062_1948_Rolling_Vista_Dr_Unit_38_Lomita_90717,Rolling Vista,1948 Rolling Vista Drive Dr Unit 38 Lomita 90717,,,,
12440,27934,,,,1984.0,,,,,,Rolling Vista,Drive,,,,,,,,,,,Unit,6,90717.0,,Lomita,Lomita,,,,,LACO DPW Add,{5DAEF47E-9D88-4573-B9B2-5CD0E0DD5F66},0,,5DAEF47E-9D88-4573-B9B2-5CD0E0DD5F66,Unknown,,,,,Dr,Rolling Vista Dr,2024/09/14 08:24:46+00,1984 Rolling Vista Dr Unit 6 Lomita 90717,5DAEF47E-9D88-4573-B9B2-5CD0E0DD5F66_1984_Rolling_Vista_Dr_Unit_6_Lomita_90717,Rolling Vista,1984 Rolling Vista Drive Dr Unit 6 Lomita 90717,,,,
12474,28086,,,,1978.0,,,,,,Rolling Vista,Drive,,,,,,,,,,,Unit,29,90717.0,,Lomita,Lomita,,,,,LACO DPW Add,{9DB72997-A860-447C-B888-7F1A5637ADE8},0,,9DB72997-A860-447C-B888-7F1A5637ADE8,Unknown,,,,,Dr,Rolling Vista Dr,2024/09/14 08:24:46+00,1978 Rolling Vista Dr Unit 29 Lomita 90717,9DB72997-A860-447C-B888-7F1A5637ADE8_1978_Rolling_Vista_Dr_Unit_29_Lomita_90717,Rolling Vista,1978 Rolling Vista Drive Dr Unit 29 Lomita 90717,,,,
12544,28212,,,,25222.0,,,,,,Oak,Street,,,,,,,,,,,,,90717.0,,Lomita,Lomita,,,,,LACO DPW Add,{E1CFDA7F-9664-4641-8456-1D34788C92DB},0,,E1CFDA7F-9664-4641-8456-1D34788C92DB,Unknown,,,,,St,Oak St,2024/10/24 22:28:30+00,25222 Oak St Lomita 90717,E1CFDA7F-9664-4641-8456-1D34788C92DB_25222_Oak_St_Lomita_90717,Oak,25222 Oak Street St Lomita 90717,,,,
12553,28246,,,,24670.0,,,,,,Woodward,Avenue,,,,,,,,,,,,,90717.0,,Lomita,Lomita,,,,,LACO DPW Add,{0005A131-7033-4D2A-9D05-EE0717F11F18},0,,0005A131-7033-4D2A-9D05-EE0717F11F18,Unknown,,,,,Ave,Woodward Ave,2024/10/30 20:58:57+00,24670 Woodward Ave Lomita 90717,0005A131-7033-4D2A-9D05-EE0717F11F18_24670_Woodward_Ave_Lomita_90717,Woodward,24670 Woodward Avenue Ave Lomita 90717,,,,
12561,28300,,,,25837.0,,,,,,Hillworth,Avenue,,,,,,,,,,,Unit,A,90717.0,,Lomita,Lomita,,,,,LACO DPW Add,{1C65D723-0687-4AB5-A7E7-B6B3F9684AD5},0,,1C65D723-0687-4AB5-A7E7-B6B3F9684AD5,Unknown,,,,,Ave,Hillworth Ave,2024/11/08 00:46:36+00,25837 Hillworth Ave Unit A Lomita 90717,1C65D723-0687-4AB5-A7E7-B6B3F9684AD5_25837_Hillworth_Ave_Unit_A_Lomita_90717,Hillworth,25837 Hillworth Avenue Ave Unit A Lomita 90717,,,,
13774,54167,,,,1729.0,,,West,,,254Th,Street,,,,,,,,,,,,,90717.0,,Los Angeles,Lomita,,,,,LA City,{BD63A5E1-DBD7-4BAB-845F-687F2C71FC0C},0,,BD63A5E1-DBD7-4BAB-845F-687F2C71FC0C,Unknown,,W,,,St,W 254Th St,2023/09/12 23:03:18+00,1729 W 254Th St Lomita 90717,BD63A5E1-DBD7-4BAB-845F-687F2C71FC0C_1729_W_254Th_St_Lomita_90717,254Th,1729 W 254Th Street St Los Angeles 90717,,,,
13835,54240,,,,1721.0,,,West,,,254Th,Street,,,,,,,,,,,,,90717.0,,Los Angeles,Lomita,,,,,LA City,{81E5D394-7DDC-4595-AD2F-D6377A365E5E},0,,81E5D394-7DDC-4595-AD2F-D6377A365E5E,Unknown,,W,,,St,W 254Th St,2023/09/12 23:03:18+00,1721 W 254Th St Lomita 90717,81E5D394-7DDC-4595-AD2F-D6377A365E5E_1721_W_254Th_St_Lomita_90717,254Th,1721 W 254Th Street St Los Angeles 90717,,,,
