fid,OBJECTID,OBJIDstr,AIN,NumPrefix,Number,NumSuffix,PreMod,PreDir,PreType,StArticle,StreetName,PostType,PostDir,PostMod,BldgID,BldgSource,BldgTypePl,BldgType,BldgName,FlrTypePl,FlrType,FlrName,UnitType,UnitName,ZipCode,Zip4,LegalComm,PostComm1,PostComm2,PostComm3,OtherComm1,OtherComm2,Source,SourceID,MADRank,AROIDstr,OIDstr,PropType,ObjID,PreDirAbbr,PostDirAbbr,PreTypeAbbr,PostTypeAbbr,FullName,UpdateDate,FullAddress,UniqueID,StName_EnerGov,FullAddress_EnerGov,MSAG_City,ESN,lon,lat
2,3,,,,20108.0,,,East,,,Pricetown,Avenue,,,,,,,,,,,,,90746.0,,Carson,Carson,,,,,Carson GIS,{0B28B9D8-8DD7-4746-9CCB-6A42BAAFD5C3},0,,0B28B9D8-8DD7-4746-9CCB-6A42BAAFD5C3,Unknown,,E,,,Ave,E Pricetown Ave,2015/03/24 09:32:55+00,20108 E Pricetown Ave Carson 90746,0B28B9D8-8DD7-4746-9CCB-6A42BAAFD5C3_20108_E_Pricetown_Ave_Carson_90746,Pricetown,20108 E Pricetown Avenue Ave Carson 90746,,,,
4,7,,,,20307.0,,,South,,,Gomero,Circle,,,,,,,,,,,,,90746.0,,Carson,Carson,,,,,Carson GIS,{E412A1BF-EBAB-49B2-AC6E-A7C4C823BEC2},0,,E412A1BF-EBAB-49B2-AC6E-A7C4C823BEC2,Unknown,,S,,,Cir,S Gomero Cir,2015/03/24 09:32:55+00,20307 S Gomero Cir Carson 90746,E412A1BF-EBAB-49B2-AC6E-A7C4C823BEC2_20307_S_Gomero_Cir_Carson_90746,Gomero,20307 S Gomero Circle Cir Carson 90746,,,,
11,19,,,,342.0,,,East,,,181st,Street,,,,,,,,,,,,,90746.0,,Carson,Carson,,,,,Carson GIS,{FA229FC8-3131-4EF8-8CE7-0ADA40F1DB35},0,,FA229FC8-3131-4EF8-8CE7-0ADA40F1DB35,Unknown,,E,,,St,E 181st St,2015/03/24 09:32:55+00,342 E 181st St Carson 90746,FA229FC8-3131-4EF8-8CE7-0ADA40F1DB35_342_E_181st_St_Carson_90746,181st,342 E 181st Street St Carson 90746,,,,
12,20,,,,903.0,,,East,,,Helmick,Street,,,,,,,,,,,,,90746.0,,Carson,Carson,,,,,Carson GIS,{B2A657AB-B010-4A2F-9241-19942FE38125},0,,B2A657AB-B010-4A2F-9241-19942FE38125,Unknown,,E,,,St,E Helmick St,2015/03/24 09:32:55+00,903 E Helmick St Carson 90746,B2A657AB-B010-4A2F-9241-19942FE38125_903_E_Helmick_St_Carson_90746,Helmick,903 E Helmick Street St Carson 90746,,,,
26,42,,,,1871.0,,,East,,,Kramer,Drive,,,,,,,,,,,,,90746.0,,Carson,Carson,,,,,Carson GIS,{7D53983A-230C-4927-8EBA-08A9659BE047},0,,7D53983A-230C-4927-8EBA-08A9659BE047,Unknown,,E,,,Dr,E Kramer Dr,2015/03/24 09:32:55+00,1871 E Kramer Dr Carson 90746,7D53983A-230C-4927-8EBA-08A9659BE047_1871_E_Kramer_Dr_Carson_90746,Kramer,1871 E Kramer Drive Dr Carson 90746,,,,
30,50,,,,18003.0,,,South,,,Cairo,Avenue,,,,,,,,,,,,,90746.0,,Carson,Carson,,,,,Carson GIS,{A4EFDD60-55BD-4C10-B371-1F0C102DE4CC},0,,A4EFDD60-55BD-4C10-B371-1F0C102DE4CC,Unknown,,S,,,Ave,S Cairo Ave,2015/03/24 09:32:55+00,18003 S Cairo Ave Carson 90746,A4EFDD60-55BD-4C10-B371-1F0C102DE4CC_18003_S_Cairo_Ave_Carson_90746,Cairo,18003 S Cairo Avenue Ave Carson 90746,,,,
32,53,,,,18624.0,,,South,,,Coltman,Avenue,,,,,,,,,,,,,90746.0,,Carson,Carson,,,,,Carson GIS,{7AAC29FE-CA46-459C-8B69-EF7CC51CDFB1},0,,7AAC29FE-CA46-459C-8B69-EF7CC51CDFB1,Unknown,,S,,,Ave,S Coltman Ave,2015/03/24 09:32:55+00,18624 S Coltman Ave Carson 90746,7AAC29FE-CA46-459C-8B69-EF7CC51CDFB1_18624_S_Coltman_Ave_Carson_90746,Coltman,18624 S Coltman Avenue Ave Carson 90746,,,,
60,92,,,,20017.0,,,East,,,Earlie,Avenue,,,,,,,,,,,,,90746.0,,Carson,Carson,,,,,Carson GIS,{6EFD8F33-45EF-46E8-A19A-BDF98AC4C095},0,,6EFD8F33-45EF-46E8-A19A-BDF98AC4C095,Unknown,,E,,,Ave,E Earlie Ave,2015/03/24 09:32:55+00,20017 E Earlie Ave Carson 90746,6EFD8F33-45EF-46E8-A19A-BDF98AC4C095_20017_E_Earlie_Ave_Carson_90746,Earlie,20017 E Earlie Avenue Ave Carson 90746,,,,
78,115,,,,20009.0,,,South,,,Tajauta,Avenue,,,,,,,,,,,,,90746.0,,Carson,Carson,,,,,Carson GIS,{BF7E893E-F0C0-490C-B62A-30E1A610A5A6},0,,BF7E893E-F0C0-490C-B62A-30E1A610A5A6,Unknown,,S,,,Ave,S Tajauta Ave,2015/03/24 09:32:55+00,20009 S Tajauta Ave Carson 90746,BF7E893E-F0C0-490C-B62A-30E1A610A5A6_20009_S_Tajauta_Ave_Carson_90746,Tajauta,20009 S Tajauta Avenue Ave Carson 90746,,,,
79,116,,,,502.0,,,East,,,184th,Street,,,,,,,,,,,,,90746.0,,Carson,Carson,,,,,Carson GIS,{78741F33-8759-41B5-8214-C47E18307D1F},0,,78741F33-8759-41B5-8214-C47E18307D1F,Unknown,,E,,,St,E 184th St,2015/03/24 09:32:55+00,502 E 184th St Carson 90746,78741F33-8759-41B5-8214-C47E18307D1F_502_E_184th_St_Carson_90746,184th,502 E 184th Street St Carson 90746,,,,
81,119,,,,20307.0,,,South,,,Caron,Circle,,,,,,,,,,,,,90746.0,,Carson,Carson,,,,,Carson GIS,{7F2FE7AE-BCFF-42BC-93BD-27486DBF9A5B},0,,7F2FE7AE-BCFF-42BC-93BD-27486DBF9A5B,Unknown,,S,,,Cir,S Caron Cir,2015/03/24 09:32:55+00,20307 S Caron Cir Carson 90746,7F2FE7AE-BCFF-42BC-93BD-27486DBF9A5B_20307_S_Caron_Cir_Carson_90746,Caron,20307 S Caron Circle Cir Carson 90746,,,,
94,140,,,,18515.0,,,South,,,Avalon,Boulevard,,,,,,,,,,,,,90746.0,,Carson,Carson,,,,,Carson GIS,{864B854D-B879-48FB-99F7-AC0071D0533E},0,,864B854D-B879-48FB-99F7-AC0071D0533E,Unknown,,S,,,Blvd,S Avalon Blvd,2015/03/24 09:32:55+00,18515 S Avalon Blvd Carson 90746,864B854D-B879-48FB-99F7-AC0071D0533E_18515_S_Avalon_Blvd_Carson_90746,Avalon,18515 S Avalon Boulevard Blvd Carson 90746,,,,
105,154,,,,1843.0,,,East,,,Helmick,Street,,,,,,,,,,,,,90746.0,,Carson,Carson,,,,,Carson GIS,{9A77F2D9-C9ED-413D-B609-13AC24CD5576},0,,9A77F2D9-C9ED-413D-B609-13AC24CD5576,Unknown,,E,,,St,E Helmick St,2015/03/24 09:32:55+00,1843 E Helmick St Carson 90746,9A77F2D9-C9ED-413D-B609-13AC24CD5576_1843_E_Helmick_St_Carson_90746,Helmick,1843 E Helmick Street St Carson 90746,,,,
108,159,,,,18704.0,,,South,,,Cairo,Avenue,,,,,,,,,,,,,90746.0,,Carson,Carson,,,,,Carson GIS,{77778012-A0E3-4B6C-8E7F-535586FAFC13},0,,77778012-A0E3-4B6C-8E7F-535586FAFC13,Unknown,,S,,,Ave,S Cairo Ave,2015/03/24 09:32:55+00,18704 S Cairo Ave Carson 90746,77778012-A0E3-4B6C-8E7F-535586FAFC13_18704_S_Cairo_Ave_Carson_90746,Cairo,18704 S Cairo Avenue Ave Carson 90746,,,,
109,161,,,,18518.0,,,South,,,Coltman,Avenue,,,,,,,,,,,,,90746.0,,Carson,Carson,,,,,Carson GIS,{94AF649E-051D-48C3-AAFC-AF6BF2B34225},0,,94AF649E-051D-48C3-AAFC-AF6BF2B34225,Unknown,,S,,,Ave,S Coltman Ave,2015/03/24 09:32:55+00,18518 S Coltman Ave Carson 90746,94AF649E-051D-48C3-AAFC-AF6BF2B34225_18518_S_Coltman_Ave_Carson_90746,Coltman,18518 S Coltman Avenue Ave Carson 90746,,,,
110,162,,,,948.0,,,East,,,Denwall,Drive,,,,,,,,,,,,,90746.0,,Carson,Carson,,,,,Carson GIS,{1114F4E1-D51E-4822-8880-199D7C76E065},0,,1114F4E1-D51E-4822-8880-199D7C76E065,Unknown,,E,,,Dr,E Denwall Dr,2015/03/24 09:32:55+00,948 E Denwall Dr Carson 90746,1114F4E1-D51E-4822-8880-199D7C76E065_948_E_Denwall_Dr_Carson_90746,Denwall,948 E Denwall Drive Dr Carson 90746,,,,
113,170,,,,18812.0,,,South,,,Towne,Avenue,,,,,,,,,,,,,90746.0,,Carson,Carson,,,,,Carson GIS,{D9E97A04-8E9C-418C-93DA-D86794AAC962},0,,D9E97A04-8E9C-418C-93DA-D86794AAC962,Unknown,,S,,,Ave,S Towne Ave,2015/03/24 09:32:55+00,18812 S Towne Ave Carson 90746,D9E97A04-8E9C-418C-93DA-D86794AAC962_18812_S_Towne_Ave_Carson_90746,Towne,18812 S Towne Avenue Ave Carson 90746,,,,
114,171,,,,1713.0,,,East,,,Helmick,Street,,,,,,,,,,,,,90746.0,,Carson,Carson,,,,,Carson GIS,{01BC5845-CD29-4D72-9765-ECA3B5376D17},0,,01BC5845-CD29-4D72-9765-ECA3B5376D17,Unknown,,E,,,St,E Helmick St,2015/03/24 09:32:55+00,1713 E Helmick St Carson 90746,01BC5845-CD29-4D72-9765-ECA3B5376D17_1713_E_Helmick_St_Carson_90746,Helmick,1713 E Helmick Street St Carson 90746,,,,
125,195,,,,903.0,,,East,,,Denwall,Drive,,,,,,,,,,,,,90746.0,,Carson,Carson,,,,,Carson GIS,{CBACE75B-5AE3-478A-98B5-834AE2081448},0,,CBACE75B-5AE3-478A-98B5-834AE2081448,Unknown,,E,,,Dr,E Denwall Dr,2015/03/24 09:32:55+00,903 E Denwall Dr Carson 90746,CBACE75B-5AE3-478A-98B5-834AE2081448_903_E_Denwall_Dr_Carson_90746,Denwall,903 E Denwall Drive Dr Carson 90746,,,,
126,196,,,,438.0,,,East,,,182nd,Street,,,,,,,,,,,,,90746.0,,Carson,Carson,,,,,Carson GIS,{1FA8C83C-9FD7-4C3B-8601-CEE1DD6C6EEB},0,,1FA8C83C-9FD7-4C3B-8601-CEE1DD6C6EEB,Unknown,,E,,,St,E 182nd St,2015/03/24 09:32:55+00,438 E 182nd St Carson 90746,1FA8C83C-9FD7-4C3B-8601-CEE1DD6C6EEB_438_E_182nd_St_Carson_90746,182nd,438 E 182nd Street St Carson 90746,,,,
127,197,,,,20340.0,,,South,,,Gomero,Circle,,,,,,,,,,,,,90746.0,,Carson,Carson,,,,,Carson GIS,{AA36022E-E79A-48D1-8BCE-4584EB94D99E},0,,AA36022E-E79A-48D1-8BCE-4584EB94D99E,Unknown,,S,,,Cir,S Gomero Cir,2015/03/24 09:32:55+00,20340 S Gomero Cir Carson 90746,AA36022E-E79A-48D1-8BCE-4584EB94D99E_20340_S_Gomero_Cir_Carson_90746,Gomero,20340 S Gomero Circle Cir Carson 90746,,,,
128,198,,,,20108.0,,,South,,,Hillford,Avenue,,,,,,,,,,,,,90746.0,,Carson,Carson,,,,,Carson GIS,{4D8A39B7-AE3B-49CF-BC4F-F4AF2A058410},0,,4D8A39B7-AE3B-49CF-BC4F-F4AF2A058410,Unknown,,S,,,Ave,S Hillford Ave,2015/03/24 09:32:55+00,20108 S Hillford Ave Carson 90746,4D8A39B7-AE3B-49CF-BC4F-F4AF2A058410_20108_S_Hillford_Ave_Carson_90746,Hillford,20108 S Hillford Avenue Ave Carson 90746,,,,
129,201,,,,1210.0,,,East,,,Turmont,Street,,,,,,,,,,,,,90746.0,,Carson,Carson,,,,,Carson GIS,{04EBD4D9-0997-48CB-8B97-1C60FDDAA1B3},0,,04EBD4D9-0997-48CB-8B97-1C60FDDAA1B3,Unknown,,E,,,St,E Turmont St,2015/03/24 09:32:55+00,1210 E Turmont St Carson 90746,04EBD4D9-0997-48CB-8B97-1C60FDDAA1B3_1210_E_Turmont_St_Carson_90746,Turmont,1210 E Turmont Street St Carson 90746,,,,
140,215,,,,1608.0,,,East,,,Gladwick,Street,,,,,,,,,,,,,90746.0,,Carson,Carson,,,,,Carson GIS,{50B3FC8D-F540-45EA-9E2F-2050075F5902},0,,50B3FC8D-F540-45EA-9E2F-2050075F5902,Unknown,,E,,,St,E Gladwick St,2015/03/24 09:32:55+00,1608 E Gladwick St Carson 90746,50B3FC8D-F540-45EA-9E2F-2050075F5902_1608_E_Gladwick_St_Carson_90746,Gladwick,1608 E Gladwick Street St Carson 90746,,,,
142,219,,,,18325.0,,,South,,,Bonham,Avenue,,,,,,,,,,,,,90746.0,,Carson,Carson,,,,,Carson GIS,{531B5ABD-BC06-4117-8B41-984E676A2D1E},0,,531B5ABD-BC06-4117-8B41-984E676A2D1E,Unknown,,S,,,Ave,S Bonham Ave,2015/03/24 09:32:55+00,18325 S Bonham Ave Carson 90746,531B5ABD-BC06-4117-8B41-984E676A2D1E_18325_S_Bonham_Ave_Carson_90746,Bonham,18325 S Bonham Avenue Ave Carson 90746,,,,
149,234,,,,918.0,,,East,,,Denwall,Drive,,,,,,,,,,,,,90746.0,,Carson,Carson,,,,,Carson GIS,{F20C68CE-3AEA-4F90-A834-92E9A053380F},0,,F20C68CE-3AEA-4F90-A834-92E9A053380F,Unknown,,E,,,Dr,E Denwall Dr,2015/03/24 09:32:55+00,918 E Denwall Dr Carson 90746,F20C68CE-3AEA-4F90-A834-92E9A053380F_918_E_Denwall_Dr_Carson_90746,Denwall,918 E Denwall Drive Dr Carson 90746,,,,
169,259,,,,1870.0,,,East,,,Cyrene,Drive,,,,,,,,,,,,,90746.0,,Carson,Carson,,,,,Carson GIS,{BE6405E6-4DE5-4191-9133-7084AB386D7C},0,,BE6405E6-4DE5-4191-9133-7084AB386D7C,Unknown,,E,,,Dr,E Cyrene Dr,2015/03/24 09:32:55+00,1870 E Cyrene Dr Carson 90746,BE6405E6-4DE5-4191-9133-7084AB386D7C_1870_E_Cyrene_Dr_Carson_90746,Cyrene,1870 E Cyrene Drive Dr Carson 90746,,,,
175,271,,,,419.0,,,East,,,186th,Street,,,,,,,,,,,,,90746.0,,Carson,Carson,,,,,Carson GIS,{3D8F94B0-9040-4A65-A194-720642F9AC40},0,,3D8F94B0-9040-4A65-A194-720642F9AC40,Unknown,,E,,,St,E 186th St,2015/03/24 09:32:55+00,419 E 186th St Carson 90746,3D8F94B0-9040-4A65-A194-720642F9AC40_419_E_186th_St_Carson_90746,186th,419 E 186th Street St Carson 90746,,,,
178,276,,,,1158.0,,,East,,,Turmont,Street,,,,,,,,,,,,,90746.0,,Carson,Carson,,,,,Carson GIS,{66BAC92B-9598-4F71-BB3C-9A4A662C1E85},0,,66BAC92B-9598-4F71-BB3C-9A4A662C1E85,Unknown,,E,,,St,E Turmont St,2015/03/24 09:32:55+00,1158 E Turmont St Carson 90746,66BAC92B-9598-4F71-BB3C-9A4A662C1E85_1158_E_Turmont_St_Carson_90746,Turmont,1158 E Turmont Street St Carson 90746,,,,
214,327,,,,19103.0,,,South,,,Andmark,Avenue,,,,,,,,,,,,,90746.0,,Carson,Carson,,,,,Carson GIS,{6BF66280-1021-44F2-8AB8-47769A324405},0,,6BF66280-1021-44F2-8AB8-47769A324405,Unknown,,S,,,Ave,S Andmark Ave,2015/03/24 09:32:55+00,19103 S Andmark Ave Carson 90746,6BF66280-1021-44F2-8AB8-47769A324405_19103_S_Andmark_Ave_Carson_90746,Andmark,19103 S Andmark Avenue Ave Carson 90746,,,,
221,336,,,,1355.0,,,East,,,Helmick,Street,,,,,,,,,,,,,90746.0,,Carson,Carson,,,,,Carson GIS,{D344F274-2713-4893-8383-995FD4133C35},0,,D344F274-2713-4893-8383-995FD4133C35,Unknown,,E,,,St,E Helmick St,2015/03/24 09:32:55+00,1355 E Helmick St Carson 90746,D344F274-2713-4893-8383-995FD4133C35_1355_E_Helmick_St_Carson_90746,Helmick,1355 E Helmick Street St Carson 90746,,,,
222,339,,,,18702.0,,,South,,,Ambler,Avenue,,,,,,,,,,,,,90746.0,,Carson,Carson,,,,,Carson GIS,{45FB1A66-8163-4BA5-AAAF-23F4CC0DC3CA},0,,45FB1A66-8163-4BA5-AAAF-23F4CC0DC3CA,Unknown,,S,,,Ave,S Ambler Ave,2015/03/24 09:32:55+00,18702 S Ambler Ave Carson 90746,45FB1A66-8163-4BA5-AAAF-23F4CC0DC3CA_18702_S_Ambler_Ave_Carson_90746,Ambler,18702 S Ambler Avenue Ave Carson 90746,,,,
249,382,,,,1358.0,,,East,,,Turmont,Street,,,,,,,,,,,,,90746.0,,Carson,Carson,,,,,Carson GIS,{9A43B8CE-EF7F-4EDE-ADC8-C544D4A88B69},0,,9A43B8CE-EF7F-4EDE-ADC8-C544D4A88B69,Unknown,,E,,,St,E Turmont St,2015/03/24 09:32:55+00,1358 E Turmont St Carson 90746,9A43B8CE-EF7F-4EDE-ADC8-C544D4A88B69_1358_E_Turmont_St_Carson_90746,Turmont,1358 E Turmont Street St Carson 90746,,,,
250,383,,,,813.0,,,East,,,Cyrene,Street,,,,,,,,,,,,,90746.0,,Carson,Carson,,,,,Carson GIS,{6141C115-6086-4E4A-B781-F3D3F624AEA1},0,,6141C115-6086-4E4A-B781-F3D3F624AEA1,Unknown,,E,,,St,E Cyrene St,2015/03/24 09:32:55+00,813 E Cyrene St Carson 90746,6141C115-6086-4E4A-B781-F3D3F624AEA1_813_E_Cyrene_St_Carson_90746,Cyrene,813 E Cyrene Street St Carson 90746,,,,
251,384,,,,18517.0,,,South,,,Milmore,Avenue,,,,,,,,,,,,,90746.0,,Carson,Carson,,,,,Carson GIS,{322F209C-685F-4336-9510-4CB75944C60B},0,,322F209C-685F-4336-9510-4CB75944C60B,Unknown,,S,,,Ave,S Milmore Ave,2015/03/24 09:32:55+00,18517 S Milmore Ave Carson 90746,322F209C-685F-4336-9510-4CB75944C60B_18517_S_Milmore_Ave_Carson_90746,Milmore,18517 S Milmore Avenue Ave Carson 90746,,,,
254,389,,,,20126.0,,,South,,,Galway,Avenue,,,,,,,,,,,,,90746.0,,Carson,Carson,,,,,Carson GIS,{4810B08C-1C9A-4500-BE71-A690F4C89873},0,,4810B08C-1C9A-4500-BE71-A690F4C89873,Unknown,,S,,,Ave,S Galway Ave,2015/03/24 09:32:55+00,20126 S Galway Ave Carson 90746,4810B08C-1C9A-4500-BE71-A690F4C89873_20126_S_Galway_Ave_Carson_90746,Galway,20126 S Galway Avenue Ave Carson 90746,,,,
256,392,,,,19408.0,,,South,,,Tajauta,Avenue,,,,,,,,,,,,,90746.0,,Carson,Carson,,,,,Carson GIS,{C8D9955F-1DC6-476B-A989-6588756614DA},0,,C8D9955F-1DC6-476B-A989-6588756614DA,Unknown,,S,,,Ave,S Tajauta Ave,2015/03/24 09:32:55+00,19408 S Tajauta Ave Carson 90746,C8D9955F-1DC6-476B-A989-6588756614DA_19408_S_Tajauta_Ave_Carson_90746,Tajauta,19408 S Tajauta Avenue Ave Carson 90746,,,,
259,398,,,,20202.0,,,South,,,Dalfsen,Avenue,,,,,,,,,,,,,90746.0,,Carson,Carson,,,,,Carson GIS,{81E3125E-82EF-40F3-B4BC-1E2D27C56590},0,,81E3125E-82EF-40F3-B4BC-1E2D27C56590,Unknown,,S,,,Ave,S Dalfsen Ave,2015/03/24 09:32:55+00,20202 S Dalfsen Ave Carson 90746,81E3125E-82EF-40F3-B4BC-1E2D27C56590_20202_S_Dalfsen_Ave_Carson_90746,Dalfsen,20202 S Dalfsen Avenue Ave Carson 90746,,,,
262,403,,,,319.0,,,East,,,Centerview,Drive,,,,,,,,,,,,,90746.0,,Carson,Carson,,,,,Carson GIS,{F96C2FA9-67D6-4C92-9A26-D0085B080F44},0,,F96C2FA9-67D6-4C92-9A26-D0085B080F44,Unknown,,E,,,Dr,E Centerview Dr,2015/03/24 09:32:55+00,319 E Centerview Dr Carson 90746,F96C2FA9-67D6-4C92-9A26-D0085B080F44_319_E_Centerview_Dr_Carson_90746,Centerview,319 E Centerview Drive Dr Carson 90746,,,,
264,406,,,,1738.0,,,East,,,Turmont,Street,,,,,,,,,,,,,90746.0,,Carson,Carson,,,,,Carson GIS,{8906AA03-6B97-4DA8-AE77-93536410AF47},0,,8906AA03-6B97-4DA8-AE77-93536410AF47,Unknown,,E,,,St,E Turmont St,2015/03/24 09:32:55+00,1738 E Turmont St Carson 90746,8906AA03-6B97-4DA8-AE77-93536410AF47_1738_E_Turmont_St_Carson_90746,Turmont,1738 E Turmont Street St Carson 90746,,,,
268,413,,,,18819.0,,,South,,,Cairo,Avenue,,,,,,,,,,,,,90746.0,,Carson,Carson,,,,,Carson GIS,{6A335EAB-46FC-429D-8E96-F8E0603121A7},0,,6A335EAB-46FC-429D-8E96-F8E0603121A7,Unknown,,S,,,Ave,S Cairo Ave,2015/03/24 09:32:55+00,18819 S Cairo Ave Carson 90746,6A335EAB-46FC-429D-8E96-F8E0603121A7_18819_S_Cairo_Ave_Carson_90746,Cairo,18819 S Cairo Avenue Ave Carson 90746,,,,
301,472,,,,547.0,,,East,,,Cassidy,Street,,,,,,,,,,,,,90746.0,,Carson,Carson,,,,,Carson GIS,{0377E15D-9610-4BE1-AC18-FCECCC22C37E},0,,0377E15D-9610-4BE1-AC18-FCECCC22C37E,Unknown,,E,,,St,E Cassidy St,2015/03/24 09:32:55+00,547 E Cassidy St Carson 90746,0377E15D-9610-4BE1-AC18-FCECCC22C37E_547_E_Cassidy_St_Carson_90746,Cassidy,547 E Cassidy Street St Carson 90746,,,,
302,473,,,,20202.0,,,South,,,Radlett,Avenue,,,,,,,,,,,,,90746.0,,Carson,Carson,,,,,Carson GIS,{3693BB8A-72A5-4C66-9D9F-59BCE8FD6D95},0,,3693BB8A-72A5-4C66-9D9F-59BCE8FD6D95,Unknown,,S,,,Ave,S Radlett Ave,2015/03/24 09:32:55+00,20202 S Radlett Ave Carson 90746,3693BB8A-72A5-4C66-9D9F-59BCE8FD6D95_20202_S_Radlett_Ave_Carson_90746,Radlett,20202 S Radlett Avenue Ave Carson 90746,,,,
304,476,,,,501.0,,,East,,,Albertoni,Street,,,,,,,,,,,Number,B3,90746.0,,Carson,Carson,,,,,Carson GIS,{17A78C45-BBE9-4D76-8FC2-C7F91BB8D8C5},0,,17A78C45-BBE9-4D76-8FC2-C7F91BB8D8C5,Unknown,,E,,,St,E Albertoni St,2018/04/04 16:54:53+00,501 E Albertoni St Number B3 Carson 90746,17A78C45-BBE9-4D76-8FC2-C7F91BB8D8C5_501_E_Albertoni_St_Number_B3_Carson_90746,Albertoni,501 E Albertoni Street St Number B3 Carson 90746,,,,
308,482,,,,403.0,,,East,,,Cassidy,Street,,,,,,,,,,,,,90746.0,,Carson,Carson,,,,,Carson GIS,{BA302CC7-7FA6-44D7-AE91-62A3AF5D70EA},0,,BA302CC7-7FA6-44D7-AE91-62A3AF5D70EA,Unknown,,E,,,St,E Cassidy St,2015/03/24 09:32:55+00,403 E Cassidy St Carson 90746,BA302CC7-7FA6-44D7-AE91-62A3AF5D70EA_403_E_Cassidy_St_Carson_90746,Cassidy,403 E Cassidy Street St Carson 90746,,,,
312,489,,,,524.0,,,East,,,189th,Street,,,,,,,,,,,,,90746.0,,Carson,Carson,,,,,Carson GIS,{561F1B46-928B-4460-9A04-87147B7BA06F},0,,561F1B46-928B-4460-9A04-87147B7BA06F,Unknown,,E,,,St,E 189th St,2015/03/24 09:32:55+00,524 E 189th St Carson 90746,561F1B46-928B-4460-9A04-87147B7BA06F_524_E_189th_St_Carson_90746,189th,524 E 189th Street St Carson 90746,,,,
324,510,,,,237.0,,,East,,,189th,Street,,,,,,,,,,,,,90746.0,,Carson,Carson,,,,,Carson GIS,{BE981087-B575-4DF7-BA87-6C94C4764D78},0,,BE981087-B575-4DF7-BA87-6C94C4764D78,Unknown,,E,,,St,E 189th St,2015/03/24 09:32:55+00,237 E 189th St Carson 90746,BE981087-B575-4DF7-BA87-6C94C4764D78_237_E_189th_St_Carson_90746,189th,237 E 189th Street St Carson 90746,,,,
326,512,,,,515.0,,,East,,,Collamer,Drive,,,,,,,,,,,,,90746.0,,Carson,Carson,,,,,Carson GIS,{550E66D8-CE31-4E4C-8024-08930CD6648A},0,,550E66D8-CE31-4E4C-8024-08930CD6648A,Unknown,,E,,,Dr,E Collamer Dr,2015/03/24 09:32:55+00,515 E Collamer Dr Carson 90746,550E66D8-CE31-4E4C-8024-08930CD6648A_515_E_Collamer_Dr_Carson_90746,Collamer,515 E Collamer Drive Dr Carson 90746,,,,
327,513,,,,1831.0,,,East,,,Gladwick,Street,,,,,,,,,,,,,90746.0,,Carson,Carson,,,,,Carson GIS,{91C2BBD2-98E9-4987-8417-36F44C0B12F1},0,,91C2BBD2-98E9-4987-8417-36F44C0B12F1,Unknown,,E,,,St,E Gladwick St,2015/03/24 09:32:55+00,1831 E Gladwick St Carson 90746,91C2BBD2-98E9-4987-8417-36F44C0B12F1_1831_E_Gladwick_St_Carson_90746,Gladwick,1831 E Gladwick Street St Carson 90746,,,,
330,517,,,,1068.0,,,East,,,Denwall,Drive,,,,,,,,,,,,,90746.0,,Carson,Carson,,,,,Carson GIS,{0AD0DA07-A6F8-481A-BE86-E550C39050E4},0,,0AD0DA07-A6F8-481A-BE86-E550C39050E4,Unknown,,E,,,Dr,E Denwall Dr,2015/03/24 09:32:55+00,1068 E Denwall Dr Carson 90746,0AD0DA07-A6F8-481A-BE86-E550C39050E4_1068_E_Denwall_Dr_Carson_90746,Denwall,1068 E Denwall Drive Dr Carson 90746,,,,
339,529,,,,18403.0,,,South,,,Billings,Avenue,,,,,,,,,,,,,90746.0,,Carson,Carson,,,,,Carson GIS,{FB22843F-DE1F-4596-8257-32B66A584EA0},0,,FB22843F-DE1F-4596-8257-32B66A584EA0,Unknown,,S,,,Ave,S Billings Ave,2015/03/24 09:32:55+00,18403 S Billings Ave Carson 90746,FB22843F-DE1F-4596-8257-32B66A584EA0_18403_S_Billings_Ave_Carson_90746,Billings,18403 S Billings Avenue Ave Carson 90746,,,,
351,543,,,,20022.0,,,South,,,Midtown,Avenue,,,,,,,,,,,,,90746.0,,Carson,Carson,,,,,Carson GIS,{BE7D129B-6979-45C8-9BFC-ED0605FD50C2},0,,BE7D129B-6979-45C8-9BFC-ED0605FD50C2,Unknown,,S,,,Ave,S Midtown Ave,2015/03/24 09:32:55+00,20022 S Midtown Ave Carson 90746,BE7D129B-6979-45C8-9BFC-ED0605FD50C2_20022_S_Midtown_Ave_Carson_90746,Midtown,20022 S Midtown Avenue Ave Carson 90746,,,,
356,552,,,,202.0,,,East,,,185th,Street,,,,,,,,,,,,,90746.0,,Carson,Carson,,,,,Carson GIS,{E1ADA00C-7463-46F8-AE7C-7AF63ACCF2C9},0,,E1ADA00C-7463-46F8-AE7C-7AF63ACCF2C9,Unknown,,E,,,St,E 185th St,2015/03/24 09:32:55+00,202 E 185th St Carson 90746,E1ADA00C-7463-46F8-AE7C-7AF63ACCF2C9_202_E_185th_St_Carson_90746,185th,202 E 185th Street St Carson 90746,,,,
370,575,,,,19003.0,,,South,,,Andmark,Avenue,,,,,,,,,,,,,90746.0,,Carson,Carson,,,,,Carson GIS,{ECC96A7A-FEC0-431D-96A4-8E84979E9AB0},0,,ECC96A7A-FEC0-431D-96A4-8E84979E9AB0,Unknown,,S,,,Ave,S Andmark Ave,2015/03/24 09:32:55+00,19003 S Andmark Ave Carson 90746,ECC96A7A-FEC0-431D-96A4-8E84979E9AB0_19003_S_Andmark_Ave_Carson_90746,Andmark,19003 S Andmark Avenue Ave Carson 90746,,,,
373,580,,,,18819.0,,,South,,,Bonham,Avenue,,,,,,,,,,,,,90746.0,,Carson,Carson,,,,,Carson GIS,{28596942-2782-4A3D-9845-2F55572F50C8},0,,28596942-2782-4A3D-9845-2F55572F50C8,Unknown,,S,,,Ave,S Bonham Ave,2015/03/24 09:32:55+00,18819 S Bonham Ave Carson 90746,28596942-2782-4A3D-9845-2F55572F50C8_18819_S_Bonham_Ave_Carson_90746,Bonham,18819 S Bonham Avenue Ave Carson 90746,,,,
374,581,,,,20106.0,,,South,,,Dalfsen,Avenue,,,,,,,,,,,,,90746.0,,Carson,Carson,,,,,Carson GIS,{20AFB34B-B044-45F7-8370-E4CFC692D5CA},0,,20AFB34B-B044-45F7-8370-E4CFC692D5CA,Unknown,,S,,,Ave,S Dalfsen Ave,2015/03/24 09:32:55+00,20106 S Dalfsen Ave Carson 90746,20AFB34B-B044-45F7-8370-E4CFC692D5CA_20106_S_Dalfsen_Ave_Carson_90746,Dalfsen,20106 S Dalfsen Avenue Ave Carson 90746,,,,
375,582,,,,1472.0,,,East,,,Gladwick,Street,,,,,,,,,,,,,90746.0,,Carson,Carson,,,,,Carson GIS,{52DEF247-8A63-49DF-9B7A-55C491738065},0,,52DEF247-8A63-49DF-9B7A-55C491738065,Unknown,,E,,,St,E Gladwick St,2015/03/24 09:32:55+00,1472 E Gladwick St Carson 90746,52DEF247-8A63-49DF-9B7A-55C491738065_1472_E_Gladwick_St_Carson_90746,Gladwick,1472 E Gladwick Street St Carson 90746,,,,
384,599,,,,1416.0,,,East,,,Turmont,Street,,,,,,,,,,,,,90746.0,,Carson,Carson,,,,,Carson GIS,{1BAEE096-59E2-4D5D-89F2-E56F3B87665E},0,,1BAEE096-59E2-4D5D-89F2-E56F3B87665E,Unknown,,E,,,St,E Turmont St,2015/03/24 09:32:55+00,1416 E Turmont St Carson 90746,1BAEE096-59E2-4D5D-89F2-E56F3B87665E_1416_E_Turmont_St_Carson_90746,Turmont,1416 E Turmont Street St Carson 90746,,,,
401,633,,,,315.0,,,East,,,Cassidy,Street,,,,,,,,,,,,,90746.0,,Carson,Carson,,,,,Carson GIS,{33029CAB-C085-425A-813B-5995E4CE839F},0,,33029CAB-C085-425A-813B-5995E4CE839F,Unknown,,E,,,St,E Cassidy St,2015/03/24 09:32:55+00,315 E Cassidy St Carson 90746,33029CAB-C085-425A-813B-5995E4CE839F_315_E_Cassidy_St_Carson_90746,Cassidy,315 E Cassidy Street St Carson 90746,,,,
402,634,,,,1465.0,,,East,,,Helmick,Street,,,,,,,,,,,,,90746.0,,Carson,Carson,,,,,Carson GIS,{609104F6-0C3C-475A-8C96-EA650D759A44},0,,609104F6-0C3C-475A-8C96-EA650D759A44,Unknown,,E,,,St,E Helmick St,2015/03/24 09:32:55+00,1465 E Helmick St Carson 90746,609104F6-0C3C-475A-8C96-EA650D759A44_1465_E_Helmick_St_Carson_90746,Helmick,1465 E Helmick Street St Carson 90746,,,,
404,636,,,,19322.0,,,South,,,Andmark,Avenue,,,,,,,,,,,,,90746.0,,Carson,Carson,,,,,Carson GIS,{67B5350A-31A0-46CA-A137-F8C84F912BB4},0,,67B5350A-31A0-46CA-A137-F8C84F912BB4,Unknown,,S,,,Ave,S Andmark Ave,2015/03/24 09:32:55+00,19322 S Andmark Ave Carson 90746,67B5350A-31A0-46CA-A137-F8C84F912BB4_19322_S_Andmark_Ave_Carson_90746,Andmark,19322 S Andmark Avenue Ave Carson 90746,,,,
419,661,,,,18433.0,,,South,,,Cairo,Avenue,,,,,,,,,,,,,90746.0,,Carson,Carson,,,,,Carson GIS,{CBCFA3F3-B316-4446-8252-F2911446FA55},0,,CBCFA3F3-B316-4446-8252-F2911446FA55,Unknown,,S,,,Ave,S Cairo Ave,2015/03/24 09:32:55+00,18433 S Cairo Ave Carson 90746,CBCFA3F3-B316-4446-8252-F2911446FA55_18433_S_Cairo_Ave_Carson_90746,Cairo,18433 S Cairo Avenue Ave Carson 90746,,,,
428,674,,,,18329.0,,,South,,,Towne,Avenue,,,,,,,,,,,,,90746.0,,Carson,Carson,,,,,Carson GIS,{92A3BA52-A26B-4C32-A105-64C1F35E9E34},0,,92A3BA52-A26B-4C32-A105-64C1F35E9E34,Unknown,,S,,,Ave,S Towne Ave,2015/03/24 09:32:55+00,18329 S Towne Ave Carson 90746,92A3BA52-A26B-4C32-A105-64C1F35E9E34_18329_S_Towne_Ave_Carson_90746,Towne,18329 S Towne Avenue Ave Carson 90746,,,,
447,702,,,,17328.0,,,South,,,Towne,Court,,,,,,,,,,,,,90746.0,,Carson,Carson,,,,,Carson GIS,{C009C788-6E6B-4288-9FAD-9AA0746862D2},0,,C009C788-6E6B-4288-9FAD-9AA0746862D2,Unknown,,S,,,Ct,S Towne Ct,2015/03/24 09:32:55+00,17328 S Towne Ct Carson 90746,C009C788-6E6B-4288-9FAD-9AA0746862D2_17328_S_Towne_Ct_Carson_90746,Towne,17328 S Towne Court Ct Carson 90746,,,,
454,717,,,,18228.0,,,South,,,Ambler,Avenue,,,,,,,,,,,,,90746.0,,Carson,Carson,,,,,Carson GIS,{71C7A4FC-4B48-42E2-AC9B-A957778FDC48},0,,71C7A4FC-4B48-42E2-AC9B-A957778FDC48,Unknown,,S,,,Ave,S Ambler Ave,2015/03/24 09:32:55+00,18228 S Ambler Ave Carson 90746,71C7A4FC-4B48-42E2-AC9B-A957778FDC48_18228_S_Ambler_Ave_Carson_90746,Ambler,18228 S Ambler Avenue Ave Carson 90746,,,,
461,724,,,,1613.0,,,East,,,Gladwick,Street,,,,,,,,,,,,,90746.0,,Carson,Carson,,,,,Carson GIS,{EA2ED108-F354-40E9-9E36-1B6E8F1FF84C},0,,EA2ED108-F354-40E9-9E36-1B6E8F1FF84C,Unknown,,E,,,St,E Gladwick St,2015/03/24 09:32:55+00,1613 E Gladwick St Carson 90746,EA2ED108-F354-40E9-9E36-1B6E8F1FF84C_1613_E_Gladwick_St_Carson_90746,Gladwick,1613 E Gladwick Street St Carson 90746,,,,
462,725,,,,1441.0,,,East,,,Abbottson,Street,,,,,,,,,,,,,90746.0,,Carson,Carson,,,,,Carson GIS,{C78BFA31-73ED-4734-8970-AC7AE9EF5107},0,,C78BFA31-73ED-4734-8970-AC7AE9EF5107,Unknown,,E,,,St,E Abbottson St,2015/03/24 09:32:55+00,1441 E Abbottson St Carson 90746,C78BFA31-73ED-4734-8970-AC7AE9EF5107_1441_E_Abbottson_St_Carson_90746,Abbottson,1441 E Abbottson Street St Carson 90746,,,,
464,730,,,,18727.0,,,South,,,Milmore,Avenue,,,,,,,,,,,,,90746.0,,Carson,Carson,,,,,Carson GIS,{6F51E1F2-2D01-42E4-9D41-D7999608A9A1},0,,6F51E1F2-2D01-42E4-9D41-D7999608A9A1,Unknown,,S,,,Ave,S Milmore Ave,2015/03/24 09:32:55+00,18727 S Milmore Ave Carson 90746,6F51E1F2-2D01-42E4-9D41-D7999608A9A1_18727_S_Milmore_Ave_Carson_90746,Milmore,18727 S Milmore Avenue Ave Carson 90746,,,,
486,780,,,,156.0,,,East,,,189th,Street,,,,,,,,,,,,,90746.0,,Carson,Carson,,,,,Carson GIS,{97BD4F8D-790C-452D-8965-495C43B3B55B},0,,97BD4F8D-790C-452D-8965-495C43B3B55B,Unknown,,E,,,St,E 189th St,2015/03/24 09:32:55+00,156 E 189th St Carson 90746,97BD4F8D-790C-452D-8965-495C43B3B55B_156_E_189th_St_Carson_90746,189th,156 E 189th Street St Carson 90746,,,,
495,791,,,,1874.0,,,East,,,Dimondale,Drive,,,,,,,,,,,,,90746.0,,Carson,Carson,,,,,Carson GIS,{33AFFCB2-DB86-4700-A7E8-9D1DECE8BF0D},0,,33AFFCB2-DB86-4700-A7E8-9D1DECE8BF0D,Unknown,,E,,,Dr,E Dimondale Dr,2015/03/24 09:32:55+00,1874 E Dimondale Dr Carson 90746,33AFFCB2-DB86-4700-A7E8-9D1DECE8BF0D_1874_E_Dimondale_Dr_Carson_90746,Dimondale,1874 E Dimondale Drive Dr Carson 90746,,,,
496,793,,,,18209.0,,,South,,,Ambler,Avenue,,,,,,,,,,,,,90746.0,,Carson,Carson,,,,,Carson GIS,{62CB2913-1102-4DBF-8C7E-29C83E29325E},0,,62CB2913-1102-4DBF-8C7E-29C83E29325E,Unknown,,S,,,Ave,S Ambler Ave,2015/03/24 09:32:55+00,18209 S Ambler Ave Carson 90746,62CB2913-1102-4DBF-8C7E-29C83E29325E_18209_S_Ambler_Ave_Carson_90746,Ambler,18209 S Ambler Avenue Ave Carson 90746,,,,
499,796,,,,327.0,,,East,,,Cassidy,Street,,,,,,,,,,,,,90746.0,,Carson,Carson,,,,,Carson GIS,{B8B82991-1931-4B9A-BBAE-94AB57A4F438},0,,B8B82991-1931-4B9A-BBAE-94AB57A4F438,Unknown,,E,,,St,E Cassidy St,2015/03/24 09:32:55+00,327 E Cassidy St Carson 90746,B8B82991-1931-4B9A-BBAE-94AB57A4F438_327_E_Cassidy_St_Carson_90746,Cassidy,327 E Cassidy Street St Carson 90746,,,,
512,815,,,,18303.0,,,South,,,Crocker,Avenue,,,,,,,,,,,,,90746.0,,Carson,Carson,,,,,Carson GIS,{7054DC64-BEA7-4CE2-AB19-08082F1F8B83},0,,7054DC64-BEA7-4CE2-AB19-08082F1F8B83,Unknown,,S,,,Ave,S Crocker Ave,2015/03/24 09:32:55+00,18303 S Crocker Ave Carson 90746,7054DC64-BEA7-4CE2-AB19-08082F1F8B83_18303_S_Crocker_Ave_Carson_90746,Crocker,18303 S Crocker Avenue Ave Carson 90746,,,,
513,816,,,,18612.0,,,South,,,Coltman,Avenue,,,,,,,,,,,,,90746.0,,Carson,Carson,,,,,Carson GIS,{7DF82F56-B90E-4585-BEBD-515EB9B28876},0,,7DF82F56-B90E-4585-BEBD-515EB9B28876,Unknown,,S,,,Ave,S Coltman Ave,2015/03/24 09:32:55+00,18612 S Coltman Ave Carson 90746,7DF82F56-B90E-4585-BEBD-515EB9B28876_18612_S_Coltman_Ave_Carson_90746,Coltman,18612 S Coltman Avenue Ave Carson 90746,,,,
515,820,,,,409.0,,,East,,,Cassidy,Street,,,,,,,,,,,,,90746.0,,Carson,Carson,,,,,Carson GIS,{6BFF3680-E09A-4FA8-8190-74D90DC7F3D1},0,,6BFF3680-E09A-4FA8-8190-74D90DC7F3D1,Unknown,,E,,,St,E Cassidy St,2015/03/24 09:32:55+00,409 E Cassidy St Carson 90746,6BFF3680-E09A-4FA8-8190-74D90DC7F3D1_409_E_Cassidy_St_Carson_90746,Cassidy,409 E Cassidy Street St Carson 90746,,,,
516,821,,,,18719.0,,,South,,,Avalon,Boulevard,,,,,,,,,,,,,90746.0,,Carson,Carson,,,,,Carson GIS,{B2D0799A-E357-4BBB-A6F1-6E8929DD1D88},0,,B2D0799A-E357-4BBB-A6F1-6E8929DD1D88,Unknown,,S,,,Blvd,S Avalon Blvd,2015/03/24 09:32:55+00,18719 S Avalon Blvd Carson 90746,B2D0799A-E357-4BBB-A6F1-6E8929DD1D88_18719_S_Avalon_Blvd_Carson_90746,Avalon,18719 S Avalon Boulevard Blvd Carson 90746,,,,
519,825,,,,18211.0,,,South,,,Wall,Street,,,,,,,,,,,,,90746.0,,Carson,Carson,,,,,Carson GIS,{E8A57475-FD9C-4FD2-AD55-2F0E15D92B0E},0,,E8A57475-FD9C-4FD2-AD55-2F0E15D92B0E,Unknown,,S,,,St,S Wall St,2015/03/24 09:32:55+00,18211 S Wall St Carson 90746,E8A57475-FD9C-4FD2-AD55-2F0E15D92B0E_18211_S_Wall_St_Carson_90746,Wall,18211 S Wall Street St Carson 90746,,,,
541,858,,,,20103.0,,,South,,,Eddington,Drive,,,,,,,,,,,,,90746.0,,Carson,Carson,,,,,Carson GIS,{F86555F5-ABC0-414C-A55C-D11ADCEC1626},0,,F86555F5-ABC0-414C-A55C-D11ADCEC1626,Unknown,,S,,,Dr,S Eddington Dr,2015/03/24 09:32:55+00,20103 S Eddington Dr Carson 90746,F86555F5-ABC0-414C-A55C-D11ADCEC1626_20103_S_Eddington_Dr_Carson_90746,Eddington,20103 S Eddington Drive Dr Carson 90746,,,,
543,862,,,,20118.0,,,South,,,Belshaw,Avenue,,,,,,,,,,,,,90746.0,,Carson,Carson,,,,,Carson GIS,{B478B979-21BA-44E0-A838-576CA8D740D6},0,,B478B979-21BA-44E0-A838-576CA8D740D6,Unknown,,S,,,Ave,S Belshaw Ave,2015/03/24 09:32:55+00,20118 S Belshaw Ave Carson 90746,B478B979-21BA-44E0-A838-576CA8D740D6_20118_S_Belshaw_Ave_Carson_90746,Belshaw,20118 S Belshaw Avenue Ave Carson 90746,,,,
547,866,,,,1887.0,,,East,,,Kamm,Street,,,,,,,,,,,,,90746.0,,Carson,Carson,,,,,Carson GIS,{DC9BF048-5410-404A-98C1-EDE80579301C},0,,DC9BF048-5410-404A-98C1-EDE80579301C,Unknown,,E,,,St,E Kamm St,2015/03/24 09:32:55+00,1887 E Kamm St Carson 90746,DC9BF048-5410-404A-98C1-EDE80579301C_1887_E_Kamm_St_Carson_90746,Kamm,1887 E Kamm Street St Carson 90746,,,,
551,872,,,,221.0,,,East,,,Star Of India,Lane,,,,,,,,,,,,,90746.0,,Carson,Carson,,,,,Carson GIS,{76B2D006-191B-44AF-9CEC-8A2CC7265404},0,,76B2D006-191B-44AF-9CEC-8A2CC7265404,Unknown,,E,,,Ln,E Star Of India Ln,2015/03/24 09:32:55+00,221 E Star Of India Ln Carson 90746,76B2D006-191B-44AF-9CEC-8A2CC7265404_221_E_Star_Of_India_Ln_Carson_90746,Star Of India,221 E Star Of India Lane Ln Carson 90746,,,,
558,883,,,,19447.0,,,South,,,Craigjon,Avenue,,,,,,,,,,,,,90746.0,,Carson,Carson,,,,,Carson GIS,{11AFB8EA-83E1-4452-92C1-A0F056043A9D},0,,11AFB8EA-83E1-4452-92C1-A0F056043A9D,Unknown,,S,,,Ave,S Craigjon Ave,2015/03/24 09:32:55+00,19447 S Craigjon Ave Carson 90746,11AFB8EA-83E1-4452-92C1-A0F056043A9D_19447_S_Craigjon_Ave_Carson_90746,Craigjon,19447 S Craigjon Avenue Ave Carson 90746,,,,
563,888,,,,19106.0,,,South,,,Nestor,Avenue,,,,,,,,,,,,,90746.0,,Carson,Carson,,,,,Carson GIS,{23427F27-DA87-4F59-8B62-F846C2E49A5B},0,,23427F27-DA87-4F59-8B62-F846C2E49A5B,Unknown,,S,,,Ave,S Nestor Ave,2015/03/24 09:32:55+00,19106 S Nestor Ave Carson 90746,23427F27-DA87-4F59-8B62-F846C2E49A5B_19106_S_Nestor_Ave_Carson_90746,Nestor,19106 S Nestor Avenue Ave Carson 90746,,,,
566,893,,,,18809.0,,,South,,,Billings,Avenue,,,,,,,,,,,,,90746.0,,Carson,Carson,,,,,Carson GIS,{3A55EF64-3139-4E0F-9EE4-9E1A0C62D3FA},0,,3A55EF64-3139-4E0F-9EE4-9E1A0C62D3FA,Unknown,,S,,,Ave,S Billings Ave,2015/03/24 09:32:55+00,18809 S Billings Ave Carson 90746,3A55EF64-3139-4E0F-9EE4-9E1A0C62D3FA_18809_S_Billings_Ave_Carson_90746,Billings,18809 S Billings Avenue Ave Carson 90746,,,,
567,894,,,,1847.0,,,East,,,Abbottson,Street,,,,,,,,,,,,,90746.0,,Carson,Carson,,,,,Carson GIS,{63DDC6D9-CA58-4AD4-A241-69027BB9ADB9},0,,63DDC6D9-CA58-4AD4-A241-69027BB9ADB9,Unknown,,E,,,St,E Abbottson St,2015/03/24 09:32:55+00,1847 E Abbottson St Carson 90746,63DDC6D9-CA58-4AD4-A241-69027BB9ADB9_1847_E_Abbottson_St_Carson_90746,Abbottson,1847 E Abbottson Street St Carson 90746,,,,
571,901,,,,1854.0,,,East,,,Cashdan,Street,,,,,,,,,,,,,90746.0,,Carson,Carson,,,,,Carson GIS,{199BFA57-D7A5-4077-B1C2-BA9601D0C4A4},0,,199BFA57-D7A5-4077-B1C2-BA9601D0C4A4,Unknown,,E,,,St,E Cashdan St,2015/03/24 09:32:55+00,1854 E Cashdan St Carson 90746,199BFA57-D7A5-4077-B1C2-BA9601D0C4A4_1854_E_Cashdan_St_Carson_90746,Cashdan,1854 E Cashdan Street St Carson 90746,,,,
581,916,,,,17211.0,,,South,,,Wall,Street,,,,,,,,,,,,,90746.0,,Carson,Carson,,,,,Carson GIS,{B185A966-E523-4298-BCA3-A3DA7A67823F},0,,B185A966-E523-4298-BCA3-A3DA7A67823F,Unknown,,S,,,St,S Wall St,2015/03/24 09:32:55+00,17211 S Wall St Carson 90746,B185A966-E523-4298-BCA3-A3DA7A67823F_17211_S_Wall_St_Carson_90746,Wall,17211 S Wall Street St Carson 90746,,,,
582,919,,,,213.0,,,East,,,186th,Street,,,,,,,,,,,,,90746.0,,Carson,Carson,,,,,Carson GIS,{767B4BF3-1020-4072-8975-AEDDDBFB6F1C},0,,767B4BF3-1020-4072-8975-AEDDDBFB6F1C,Unknown,,E,,,St,E 186th St,2015/03/24 09:32:55+00,213 E 186th St Carson 90746,767B4BF3-1020-4072-8975-AEDDDBFB6F1C_213_E_186th_St_Carson_90746,186th,213 E 186th Street St Carson 90746,,,,
592,940,,,,1532.0,,,East,,,Cyrene,Drive,,,,,,,,,,,,,90746.0,,Carson,Carson,,,,,Carson GIS,{94247CEA-BAC7-4761-9B90-DFB79DACC220},0,,94247CEA-BAC7-4761-9B90-DFB79DACC220,Unknown,,E,,,Dr,E Cyrene Dr,2015/03/24 09:32:55+00,1532 E Cyrene Dr Carson 90746,94247CEA-BAC7-4761-9B90-DFB79DACC220_1532_E_Cyrene_Dr_Carson_90746,Cyrene,1532 E Cyrene Drive Dr Carson 90746,,,,
602,962,,,,19207.0,,,South,,,Broadacres,Avenue,,,,,,,,,,,,,90746.0,,Carson,Carson,,,,,Carson GIS,{5A8FDE09-C814-4D00-A15D-717A0B78ED30},0,,5A8FDE09-C814-4D00-A15D-717A0B78ED30,Unknown,,S,,,Ave,S Broadacres Ave,2015/03/24 09:32:55+00,19207 S Broadacres Ave Carson 90746,5A8FDE09-C814-4D00-A15D-717A0B78ED30_19207_S_Broadacres_Ave_Carson_90746,Broadacres,19207 S Broadacres Avenue Ave Carson 90746,,,,
604,964,,,,18315.0,,,South,,,Cairo,Avenue,,,,,,,,,,,,,90746.0,,Carson,Carson,,,,,Carson GIS,{532BAD82-3A2B-47AE-8CAF-0F29EC9D2864},0,,532BAD82-3A2B-47AE-8CAF-0F29EC9D2864,Unknown,,S,,,Ave,S Cairo Ave,2015/03/24 09:32:55+00,18315 S Cairo Ave Carson 90746,532BAD82-3A2B-47AE-8CAF-0F29EC9D2864_18315_S_Cairo_Ave_Carson_90746,Cairo,18315 S Cairo Avenue Ave Carson 90746,,,,
634,1020,,,,321.0,,,East,,,Cassidy,Street,,,,,,,,,,,,,90746.0,,Carson,Carson,,,,,Carson GIS,{CE2F12EB-B1DB-4429-ADC6-A2CDE5077FA1},0,,CE2F12EB-B1DB-4429-ADC6-A2CDE5077FA1,Unknown,,E,,,St,E Cassidy St,2015/03/24 09:32:55+00,321 E Cassidy St Carson 90746,CE2F12EB-B1DB-4429-ADC6-A2CDE5077FA1_321_E_Cassidy_St_Carson_90746,Cassidy,321 E Cassidy Street St Carson 90746,,,,
647,1040,,,,17342.0,,,South,,,Billings,Drive,,,,,,,,,,,,,90746.0,,Carson,Carson,,,,,Carson GIS,{D1E4A70E-FBDF-4E32-82B9-075D895AE731},0,,D1E4A70E-FBDF-4E32-82B9-075D895AE731,Unknown,,S,,,Dr,S Billings Dr,2015/03/24 09:32:55+00,17342 S Billings Dr Carson 90746,D1E4A70E-FBDF-4E32-82B9-075D895AE731_17342_S_Billings_Dr_Carson_90746,Billings,17342 S Billings Drive Dr Carson 90746,,,,
649,1042,,,,17205.0,,,South,,,Crocker,Avenue,,,,,,,,,,,,,90746.0,,Carson,Carson,,,,,Carson GIS,{C05920F6-BBB4-4CDA-BC01-9A3BE91F400B},0,,C05920F6-BBB4-4CDA-BC01-9A3BE91F400B,Unknown,,S,,,Ave,S Crocker Ave,2015/03/24 09:32:55+00,17205 S Crocker Ave Carson 90746,C05920F6-BBB4-4CDA-BC01-9A3BE91F400B_17205_S_Crocker_Ave_Carson_90746,Crocker,17205 S Crocker Avenue Ave Carson 90746,,,,
650,1043,,,,19107.0,,,South,,,Harlan,Avenue,,,,,,,,,,,,,90746.0,,Carson,Carson,,,,,Carson GIS,{75B3BE81-25B6-4E9D-8D9A-5F130D51DD37},0,,75B3BE81-25B6-4E9D-8D9A-5F130D51DD37,Unknown,,S,,,Ave,S Harlan Ave,2015/03/24 09:32:55+00,19107 S Harlan Ave Carson 90746,75B3BE81-25B6-4E9D-8D9A-5F130D51DD37_19107_S_Harlan_Ave_Carson_90746,Harlan,19107 S Harlan Avenue Ave Carson 90746,,,,
651,1044,,,,18212.0,,,South,,,Mettler,Avenue,,,,,,,,,,,,,90746.0,,Carson,Carson,,,,,Carson GIS,{C0370F50-B6D9-4355-84F6-E90D19A24B9F},0,,C0370F50-B6D9-4355-84F6-E90D19A24B9F,Unknown,,S,,,Ave,S Mettler Ave,2015/03/24 09:32:55+00,18212 S Mettler Ave Carson 90746,C0370F50-B6D9-4355-84F6-E90D19A24B9F_18212_S_Mettler_Ave_Carson_90746,Mettler,18212 S Mettler Avenue Ave Carson 90746,,,,
654,1048,,,,1517.0,,,East,,,Helmick,Street,,,,,,,,,,,,,90746.0,,Carson,Carson,,,,,Carson GIS,{898FFFB9-7665-49D6-8222-627D9A6285B0},0,,898FFFB9-7665-49D6-8222-627D9A6285B0,Unknown,,E,,,St,E Helmick St,2015/03/24 09:32:55+00,1517 E Helmick St Carson 90746,898FFFB9-7665-49D6-8222-627D9A6285B0_1517_E_Helmick_St_Carson_90746,Helmick,1517 E Helmick Street St Carson 90746,,,,
656,1053,,,,18330.0,,,South,,,Milmore,Avenue,,,,,,,,,,,,,90746.0,,Carson,Carson,,,,,Carson GIS,{8B031B11-44C9-4C0E-8E9A-D133C0EDA617},0,,8B031B11-44C9-4C0E-8E9A-D133C0EDA617,Unknown,,S,,,Ave,S Milmore Ave,2015/03/24 09:32:55+00,18330 S Milmore Ave Carson 90746,8B031B11-44C9-4C0E-8E9A-D133C0EDA617_18330_S_Milmore_Ave_Carson_90746,Milmore,18330 S Milmore Avenue Ave Carson 90746,,,,
701,1118,,,,818.0,,,East,,,Turmont,Street,,,,,,,,,,,,,90746.0,,Carson,Carson,,,,,Carson GIS,{592E4D81-E88B-473F-AC04-0E40DDED1C6C},0,,592E4D81-E88B-473F-AC04-0E40DDED1C6C,Unknown,,E,,,St,E Turmont St,2015/03/24 09:32:55+00,818 E Turmont St Carson 90746,592E4D81-E88B-473F-AC04-0E40DDED1C6C_818_E_Turmont_St_Carson_90746,Turmont,818 E Turmont Street St Carson 90746,,,,
705,1124,,,,19019.0,,,South,,,Gunlock,Avenue,,,,,,,,,,,,,90746.0,,Carson,Carson,,,,,Carson GIS,{BFA0236A-650D-4038-978A-904F1DD2D613},0,,BFA0236A-650D-4038-978A-904F1DD2D613,Unknown,,S,,,Ave,S Gunlock Ave,2015/03/24 09:32:55+00,19019 S Gunlock Ave Carson 90746,BFA0236A-650D-4038-978A-904F1DD2D613_19019_S_Gunlock_Ave_Carson_90746,Gunlock,19019 S Gunlock Avenue Ave Carson 90746,,,,
711,1141,,,,18103.0,,,South,,,Mettler,Avenue,,,,,,,,,,,,,90746.0,,Carson,Carson,,,,,Carson GIS,{37E85051-3FC5-465E-BCD8-FB864E0FC500},0,,37E85051-3FC5-465E-BCD8-FB864E0FC500,Unknown,,S,,,Ave,S Mettler Ave,2015/03/24 09:32:55+00,18103 S Mettler Ave Carson 90746,37E85051-3FC5-465E-BCD8-FB864E0FC500_18103_S_Mettler_Ave_Carson_90746,Mettler,18103 S Mettler Avenue Ave Carson 90746,,,,
720,1159,,,,18021.0,,,South,,,Cairo,Avenue,,,,,,,,,,,,,90746.0,,Carson,Carson,,,,,Carson GIS,{45FFB3C7-10D6-4310-AB07-75E485BBA3E8},0,,45FFB3C7-10D6-4310-AB07-75E485BBA3E8,Unknown,,S,,,Ave,S Cairo Ave,2015/03/24 09:32:55+00,18021 S Cairo Ave Carson 90746,45FFB3C7-10D6-4310-AB07-75E485BBA3E8_18021_S_Cairo_Ave_Carson_90746,Cairo,18021 S Cairo Avenue Ave Carson 90746,,,,
722,1162,,,,1435.0,,,East,,,Helmick,Street,,,,,,,,,,,,,90746.0,,Carson,Carson,,,,,Carson GIS,{C67F9773-15F7-487B-9F59-0AECC2324EE9},0,,C67F9773-15F7-487B-9F59-0AECC2324EE9,Unknown,,E,,,St,E Helmick St,2015/03/24 09:32:55+00,1435 E Helmick St Carson 90746,C67F9773-15F7-487B-9F59-0AECC2324EE9_1435_E_Helmick_St_Carson_90746,Helmick,1435 E Helmick Street St Carson 90746,,,,
723,1163,,,,18713.0,,,South,,,Bonham,Avenue,,,,,,,,,,,,,90746.0,,Carson,Carson,,,,,Carson GIS,{02148230-4835-4725-8BF9-6B9EBC32DEFF},0,,02148230-4835-4725-8BF9-6B9EBC32DEFF,Unknown,,S,,,Ave,S Bonham Ave,2015/03/24 09:32:55+00,18713 S Bonham Ave Carson 90746,02148230-4835-4725-8BF9-6B9EBC32DEFF_18713_S_Bonham_Ave_Carson_90746,Bonham,18713 S Bonham Avenue Ave Carson 90746,,,,
724,1165,,,,20015.0,,,South,,,Hillford,Avenue,,,,,,,,,,,,,90746.0,,Carson,Carson,,,,,Carson GIS,{8A08F24E-0421-4C9F-9E12-9B9DA0CB04D6},0,,8A08F24E-0421-4C9F-9E12-9B9DA0CB04D6,Unknown,,S,,,Ave,S Hillford Ave,2015/03/24 09:32:55+00,20015 S Hillford Ave Carson 90746,8A08F24E-0421-4C9F-9E12-9B9DA0CB04D6_20015_S_Hillford_Ave_Carson_90746,Hillford,20015 S Hillford Avenue Ave Carson 90746,,,,
725,1166,,,,119.0,,,East,,,Star Of India,Lane,,,,,,,,,,,,,90746.0,,Carson,Carson,,,,,Carson GIS,{9C3C08E6-4034-4035-ADDF-D9553EB44B3A},0,,9C3C08E6-4034-4035-ADDF-D9553EB44B3A,Unknown,,E,,,Ln,E Star Of India Ln,2015/03/24 09:32:55+00,119 E Star Of India Ln Carson 90746,9C3C08E6-4034-4035-ADDF-D9553EB44B3A_119_E_Star_Of_India_Ln_Carson_90746,Star Of India,119 E Star Of India Lane Ln Carson 90746,,,,
732,1183,,,,202.0,,,East,,,189th,Street,,,,,,,,,,,,,90746.0,,Carson,Carson,,,,,Carson GIS,{74000166-3FF4-41CE-8915-75D11020171A},0,,74000166-3FF4-41CE-8915-75D11020171A,Unknown,,E,,,St,E 189th St,2015/03/24 09:32:55+00,202 E 189th St Carson 90746,74000166-3FF4-41CE-8915-75D11020171A_202_E_189th_St_Carson_90746,189th,202 E 189th Street St Carson 90746,,,,
736,1189,,,,620.0,,,East,,,Turmont,Street,,,,,,,,,,,,,90746.0,,Carson,Carson,,,,,Carson GIS,{40D36DA0-AFB9-4AED-BB32-498C6A44D227},0,,40D36DA0-AFB9-4AED-BB32-498C6A44D227,Unknown,,E,,,St,E Turmont St,2015/03/24 09:32:55+00,620 E Turmont St Carson 90746,40D36DA0-AFB9-4AED-BB32-498C6A44D227_620_E_Turmont_St_Carson_90746,Turmont,620 E Turmont Street St Carson 90746,,,,
738,1192,,,,18302.0,,,South,,,Mettler,Avenue,,,,,,,,,,,,,90746.0,,Carson,Carson,,,,,Carson GIS,{EE414D75-9498-4BAC-9CAE-9F8D181ABC06},0,,EE414D75-9498-4BAC-9CAE-9F8D181ABC06,Unknown,,S,,,Ave,S Mettler Ave,2015/03/24 09:32:55+00,18302 S Mettler Ave Carson 90746,EE414D75-9498-4BAC-9CAE-9F8D181ABC06_18302_S_Mettler_Ave_Carson_90746,Mettler,18302 S Mettler Avenue Ave Carson 90746,,,,
739,1193,,,,526.0,,,East,,,Cassidy,Street,,,,,,,,,,,,,90746.0,,Carson,Carson,,,,,Carson GIS,{F11DEFDE-AA1F-4F9B-A2CE-A75D2C8695CA},0,,F11DEFDE-AA1F-4F9B-A2CE-A75D2C8695CA,Unknown,,E,,,St,E Cassidy St,2015/03/24 09:32:55+00,526 E Cassidy St Carson 90746,F11DEFDE-AA1F-4F9B-A2CE-A75D2C8695CA_526_E_Cassidy_St_Carson_90746,Cassidy,526 E Cassidy Street St Carson 90746,,,,
740,1194,,,,19437.0,,,South,,,Broadacres,Avenue,,,,,,,,,,,,,90746.0,,Carson,Carson,,,,,Carson GIS,{E09C44C3-43B5-4E26-AF16-8832F8B396C1},0,,E09C44C3-43B5-4E26-AF16-8832F8B396C1,Unknown,,S,,,Ave,S Broadacres Ave,2015/03/24 09:32:55+00,19437 S Broadacres Ave Carson 90746,E09C44C3-43B5-4E26-AF16-8832F8B396C1_19437_S_Broadacres_Ave_Carson_90746,Broadacres,19437 S Broadacres Avenue Ave Carson 90746,,,,
768,1236,,,,20208.0,,,South,,,Hillford,Avenue,,,,,,,,,,,,,90746.0,,Carson,Carson,,,,,Carson GIS,{28002B3A-1886-4C1C-A68D-D833EBB88F1C},0,,28002B3A-1886-4C1C-A68D-D833EBB88F1C,Unknown,,S,,,Ave,S Hillford Ave,2015/03/24 09:32:55+00,20208 S Hillford Ave Carson 90746,28002B3A-1886-4C1C-A68D-D833EBB88F1C_20208_S_Hillford_Ave_Carson_90746,Hillford,20208 S Hillford Avenue Ave Carson 90746,,,,
770,1242,,,,18313.0,,,South,,,Towne,Avenue,,,,,,,,,,,,,90746.0,,Carson,Carson,,,,,Carson GIS,{ACE671D5-47CB-41BA-81DA-A9CF7E8E33B7},0,,ACE671D5-47CB-41BA-81DA-A9CF7E8E33B7,Unknown,,S,,,Ave,S Towne Ave,2015/03/24 09:32:55+00,18313 S Towne Ave Carson 90746,ACE671D5-47CB-41BA-81DA-A9CF7E8E33B7_18313_S_Towne_Ave_Carson_90746,Towne,18313 S Towne Avenue Ave Carson 90746,,,,
775,1249,,,,1024.0,,,East,,Del,Amo,Boulevard,,,,,,,,,,,,,90746.0,,Carson,Carson,,,,,Carson GIS,{F7C97B59-1787-402D-9BE8-56D7B6AFC084},0,,F7C97B59-1787-402D-9BE8-56D7B6AFC084,Unknown,,E,,,Blvd,E Del Amo Blvd,2015/03/24 09:32:55+00,1024 E Del Amo Blvd Carson 90746,F7C97B59-1787-402D-9BE8-56D7B6AFC084_1024_E_Del_Amo_Blvd_Carson_90746,Del Amo,1024 E Del Amo Boulevard Blvd Carson 90746,,,,
788,1266,,,,1210.0,U,,East,,,Elsmere,Drive,,,,,,,,,,,,,90746.0,,Carson,Carson,,,,,LACO DPW Add,{EEA63E50-7847-4F9C-90AD-0366161BDE1A},0,,EEA63E50-7847-4F9C-90AD-0366161BDE1A,Utility,,E,,,Dr,E Elsmere Dr,2024/07/17 18:16:05+00,1210 U E Elsmere Dr Carson 90746,EEA63E50-7847-4F9C-90AD-0366161BDE1A_1210_U_E_Elsmere_Dr_Carson_90746,Elsmere,1210 U E Elsmere Drive Dr Carson 90746,,,,
805,1296,,,,18720.0,,,South,,,Coltman,Avenue,,,,,,,,,,,,,90746.0,,Carson,Carson,,,,,Carson GIS,{D69265F5-1A4C-4F02-B0D5-F238F9FBEDC3},0,,D69265F5-1A4C-4F02-B0D5-F238F9FBEDC3,Unknown,,S,,,Ave,S Coltman Ave,2015/03/24 09:32:55+00,18720 S Coltman Ave Carson 90746,D69265F5-1A4C-4F02-B0D5-F238F9FBEDC3_18720_S_Coltman_Ave_Carson_90746,Coltman,18720 S Coltman Avenue Ave Carson 90746,,,,
806,1298,,,,1243.0,,,East,,,Gladwick,Street,,,,,,,,,,,,,90746.0,,Carson,Carson,,,,,Carson GIS,{DA3D9CD3-E7F9-46E8-88D0-2CFB70371720},0,,DA3D9CD3-E7F9-46E8-88D0-2CFB70371720,Unknown,,E,,,St,E Gladwick St,2015/03/24 09:32:55+00,1243 E Gladwick St Carson 90746,DA3D9CD3-E7F9-46E8-88D0-2CFB70371720_1243_E_Gladwick_St_Carson_90746,Gladwick,1243 E Gladwick Street St Carson 90746,,,,
807,1302,,,,19912.0,,,South,,,Scobey,Avenue,,,,,,,,,,,,,90746.0,,Carson,Carson,,,,,Carson GIS,{CD6B5265-6BFB-4626-B380-A1EC2A22A5BE},0,,CD6B5265-6BFB-4626-B380-A1EC2A22A5BE,Unknown,,S,,,Ave,S Scobey Ave,2015/03/24 09:32:55+00,19912 S Scobey Ave Carson 90746,CD6B5265-6BFB-4626-B380-A1EC2A22A5BE_19912_S_Scobey_Ave_Carson_90746,Scobey,19912 S Scobey Avenue Ave Carson 90746,,,,
815,1313,,,,18503.0,,,South,,,Towne,Avenue,,,,,,,,,,,,,90746.0,,Carson,Carson,,,,,Carson GIS,{276B916A-83E8-4979-8750-8BC62F025E71},0,,276B916A-83E8-4979-8750-8BC62F025E71,Unknown,,S,,,Ave,S Towne Ave,2015/03/24 09:32:55+00,18503 S Towne Ave Carson 90746,276B916A-83E8-4979-8750-8BC62F025E71_18503_S_Towne_Ave_Carson_90746,Towne,18503 S Towne Avenue Ave Carson 90746,,,,
840,1356,,,,1860.0,,,East,,,Cashdan,Street,,,,,,,,,,,,,90746.0,,Carson,Carson,,,,,Carson GIS,{A0AE348C-0C58-4BA7-B644-307AD4098A5F},0,,A0AE348C-0C58-4BA7-B644-307AD4098A5F,Unknown,,E,,,St,E Cashdan St,2015/03/24 09:32:55+00,1860 E Cashdan St Carson 90746,A0AE348C-0C58-4BA7-B644-307AD4098A5F_1860_E_Cashdan_St_Carson_90746,Cashdan,1860 E Cashdan Street St Carson 90746,,,,
846,1369,,,,923.0,,,East,,,Gladwick,Street,,,,,,,,,,,,,90746.0,,Carson,Carson,,,,,Carson GIS,{59FC7626-F0A6-483A-A751-185E2FD5833F},0,,59FC7626-F0A6-483A-A751-185E2FD5833F,Unknown,,E,,,St,E Gladwick St,2015/03/24 09:32:55+00,923 E Gladwick St Carson 90746,59FC7626-F0A6-483A-A751-185E2FD5833F_923_E_Gladwick_St_Carson_90746,Gladwick,923 E Gladwick Street St Carson 90746,,,,
852,1387,,,,19202.0,,,South,,,Tajauta,Avenue,,,,,,,,,,,,,90746.0,,Carson,Carson,,,,,Carson GIS,{5EE3A582-9E4E-45D9-9397-5964BECF7EBD},0,,5EE3A582-9E4E-45D9-9397-5964BECF7EBD,Unknown,,S,,,Ave,S Tajauta Ave,2015/03/24 09:32:55+00,19202 S Tajauta Ave Carson 90746,5EE3A582-9E4E-45D9-9397-5964BECF7EBD_19202_S_Tajauta_Ave_Carson_90746,Tajauta,19202 S Tajauta Avenue Ave Carson 90746,,,,
884,1432,,,,129.0,,,East,,,Selandia,Lane,,,,,,,,,,,,,90746.0,,Carson,Carson,,,,,Carson GIS,{D3FCF898-F4B5-4449-8BD3-D73947E556BA},0,,D3FCF898-F4B5-4449-8BD3-D73947E556BA,Unknown,,E,,,Ln,E Selandia Ln,2015/03/24 09:32:55+00,129 E Selandia Ln Carson 90746,D3FCF898-F4B5-4449-8BD3-D73947E556BA_129_E_Selandia_Ln_Carson_90746,Selandia,129 E Selandia Lane Ln Carson 90746,,,,
896,1446,,,,1631.0,,,East,,,Fernrock,Street,,,,,,,,,,,,,90746.0,,Carson,Carson,,,,,Carson GIS,{BB893595-2D51-4604-9552-4A7CE9F84398},0,,BB893595-2D51-4604-9552-4A7CE9F84398,Unknown,,E,,,St,E Fernrock St,2015/03/24 09:32:55+00,1631 E Fernrock St Carson 90746,BB893595-2D51-4604-9552-4A7CE9F84398_1631_E_Fernrock_St_Carson_90746,Fernrock,1631 E Fernrock Street St Carson 90746,,,,
916,1477,,,,404.0,,,East,,,181st,Street,,,,,,,,,,,,,90746.0,,Carson,Carson,,,,,Carson GIS,{83AE2706-EBBD-4B4F-9C83-174D3827D969},0,,83AE2706-EBBD-4B4F-9C83-174D3827D969,Unknown,,E,,,St,E 181st St,2015/03/24 09:32:55+00,404 E 181st St Carson 90746,83AE2706-EBBD-4B4F-9C83-174D3827D969_404_E_181st_St_Carson_90746,181st,404 E 181st Street St Carson 90746,,,,
917,1478,,,,20031.0,,,South,,,Tajauta,Avenue,,,,,,,,,,,,,90746.0,,Carson,Carson,,,,,Carson GIS,{C9D4C721-D763-47B8-A3A5-0B0C47531259},0,,C9D4C721-D763-47B8-A3A5-0B0C47531259,Unknown,,S,,,Ave,S Tajauta Ave,2015/03/24 09:32:55+00,20031 S Tajauta Ave Carson 90746,C9D4C721-D763-47B8-A3A5-0B0C47531259_20031_S_Tajauta_Ave_Carson_90746,Tajauta,20031 S Tajauta Avenue Ave Carson 90746,,,,
918,1479,,,,20228.0,,,South,,,Scobey,Avenue,,,,,,,,,,,,,90746.0,,Carson,Carson,,,,,Carson GIS,{C8EB14D1-4EF2-47D7-89E5-FF17734E8170},0,,C8EB14D1-4EF2-47D7-89E5-FF17734E8170,Unknown,,S,,,Ave,S Scobey Ave,2015/03/24 09:32:55+00,20228 S Scobey Ave Carson 90746,C8EB14D1-4EF2-47D7-89E5-FF17734E8170_20228_S_Scobey_Ave_Carson_90746,Scobey,20228 S Scobey Avenue Ave Carson 90746,,,,
931,1497,,,,19326.0,,,South,,,Tajauta,Avenue,,,,,,,,,,,,,90746.0,,Carson,Carson,,,,,Carson GIS,{65AF1CE0-8E7F-44EF-9D96-0C235BFB4225},0,,65AF1CE0-8E7F-44EF-9D96-0C235BFB4225,Unknown,,S,,,Ave,S Tajauta Ave,2015/03/24 09:32:55+00,19326 S Tajauta Ave Carson 90746,65AF1CE0-8E7F-44EF-9D96-0C235BFB4225_19326_S_Tajauta_Ave_Carson_90746,Tajauta,19326 S Tajauta Avenue Ave Carson 90746,,,,
942,1514,,,,18218.0,,,South,,,Wall,Street,,,,,,,,,,,,,90746.0,,Carson,Carson,,,,,Carson GIS,{63FF3024-CF78-4825-A9ED-BC7853AB380A},0,,63FF3024-CF78-4825-A9ED-BC7853AB380A,Unknown,,S,,,St,S Wall St,2015/03/24 09:32:55+00,18218 S Wall St Carson 90746,63FF3024-CF78-4825-A9ED-BC7853AB380A_18218_S_Wall_St_Carson_90746,Wall,18218 S Wall Street St Carson 90746,,,,
966,1553,,,,20132.0,,,South,,,Galway,Avenue,,,,,,,,,,,,,90746.0,,Carson,Carson,,,,,Carson GIS,{32A0E2FF-6B84-42CE-B4CC-629C69A4C08C},0,,32A0E2FF-6B84-42CE-B4CC-629C69A4C08C,Unknown,,S,,,Ave,S Galway Ave,2015/03/24 09:32:55+00,20132 S Galway Ave Carson 90746,32A0E2FF-6B84-42CE-B4CC-629C69A4C08C_20132_S_Galway_Ave_Carson_90746,Galway,20132 S Galway Avenue Ave Carson 90746,,,,
977,1568,,,,18513.0,,,South,,,Avalon,Boulevard,,,,,,,,,,,,,90746.0,,Carson,Carson,,,,,Carson GIS,{CA5C5944-6592-46A0-ABF7-8A4E3541519A},0,,CA5C5944-6592-46A0-ABF7-8A4E3541519A,Unknown,,S,,,Blvd,S Avalon Blvd,2015/03/24 09:32:55+00,18513 S Avalon Blvd Carson 90746,CA5C5944-6592-46A0-ABF7-8A4E3541519A_18513_S_Avalon_Blvd_Carson_90746,Avalon,18513 S Avalon Boulevard Blvd Carson 90746,,,,
979,1571,,,,18809.0,,,South,,,Crocker,Avenue,,,,,,,,,,,,,90746.0,,Carson,Carson,,,,,Carson GIS,{50302AC6-FC83-4B02-AEF2-E6215D383C40},0,,50302AC6-FC83-4B02-AEF2-E6215D383C40,Unknown,,S,,,Ave,S Crocker Ave,2015/03/24 09:32:55+00,18809 S Crocker Ave Carson 90746,50302AC6-FC83-4B02-AEF2-E6215D383C40_18809_S_Crocker_Ave_Carson_90746,Crocker,18809 S Crocker Avenue Ave Carson 90746,,,,
980,1572,,,,549.0,,,East,,,Collamer,Drive,,,,,,,,,,,,,90746.0,,Carson,Carson,,,,,Carson GIS,{3D7F808D-CC14-4A41-BF61-3371FB2A0206},0,,3D7F808D-CC14-4A41-BF61-3371FB2A0206,Unknown,,E,,,Dr,E Collamer Dr,2015/03/24 09:32:55+00,549 E Collamer Dr Carson 90746,3D7F808D-CC14-4A41-BF61-3371FB2A0206_549_E_Collamer_Dr_Carson_90746,Collamer,549 E Collamer Drive Dr Carson 90746,,,,
989,1582,,,,18964.0,,,South,,,Milmore,Avenue,,,,,,,,,,,,,90746.0,,Carson,Carson,,,,,Carson GIS,{E70DF62C-5B99-4B73-AFEE-7228F2185D9C},0,,E70DF62C-5B99-4B73-AFEE-7228F2185D9C,Unknown,,S,,,Ave,S Milmore Ave,2015/03/24 09:32:55+00,18964 S Milmore Ave Carson 90746,E70DF62C-5B99-4B73-AFEE-7228F2185D9C_18964_S_Milmore_Ave_Carson_90746,Milmore,18964 S Milmore Avenue Ave Carson 90746,,,,
1003,1608,,,,1126.0,,,East,,,Turmont,Street,,,,,,,,,,,,,90746.0,,Carson,Carson,,,,,Carson GIS,{2E33328B-E9E0-4767-BB60-6879A076B65D},0,,2E33328B-E9E0-4767-BB60-6879A076B65D,Unknown,,E,,,St,E Turmont St,2015/03/24 09:32:55+00,1126 E Turmont St Carson 90746,2E33328B-E9E0-4767-BB60-6879A076B65D_1126_E_Turmont_St_Carson_90746,Turmont,1126 E Turmont Street St Carson 90746,,,,
1026,1646,,,,19806.0,,,South,,,Harlan,Avenue,,,,,,,,,,,,,90746.0,,Carson,Carson,,,,,Carson GIS,{0E0A17F2-FC31-4954-B14C-42DEAC998671},0,,0E0A17F2-FC31-4954-B14C-42DEAC998671,Unknown,,S,,,Ave,S Harlan Ave,2015/03/24 09:32:55+00,19806 S Harlan Ave Carson 90746,0E0A17F2-FC31-4954-B14C-42DEAC998671_19806_S_Harlan_Ave_Carson_90746,Harlan,19806 S Harlan Avenue Ave Carson 90746,,,,
1032,1654,,,,19019.0,,,South,,,Grandee,Avenue,,,,,,,,,,,,,90746.0,,Carson,Carson,,,,,Carson GIS,{21AD942E-823C-461E-A2BF-82AED9F34FBD},0,,21AD942E-823C-461E-A2BF-82AED9F34FBD,Unknown,,S,,,Ave,S Grandee Ave,2015/03/24 09:32:55+00,19019 S Grandee Ave Carson 90746,21AD942E-823C-461E-A2BF-82AED9F34FBD_19019_S_Grandee_Ave_Carson_90746,Grandee,19019 S Grandee Avenue Ave Carson 90746,,,,
1039,1664,,,,303.0,,,East,,,Cassidy,Street,,,,,,,,,,,,,90746.0,,Carson,Carson,,,,,Carson GIS,{8288C7F6-7357-445D-9338-A86A9497B1D1},0,,8288C7F6-7357-445D-9338-A86A9497B1D1,Unknown,,E,,,St,E Cassidy St,2015/03/24 09:32:55+00,303 E Cassidy St Carson 90746,8288C7F6-7357-445D-9338-A86A9497B1D1_303_E_Cassidy_St_Carson_90746,Cassidy,303 E Cassidy Street St Carson 90746,,,,
1040,1669,,,,18319.0,,,South,,,Cairo,Avenue,,,,,,,,,,,,,90746.0,,Carson,Carson,,,,,Carson GIS,{F4DB50D0-5B15-45CF-AF33-F514AC408957},0,,F4DB50D0-5B15-45CF-AF33-F514AC408957,Unknown,,S,,,Ave,S Cairo Ave,2015/03/24 09:32:55+00,18319 S Cairo Ave Carson 90746,F4DB50D0-5B15-45CF-AF33-F514AC408957_18319_S_Cairo_Ave_Carson_90746,Cairo,18319 S Cairo Avenue Ave Carson 90746,,,,
1042,1671,,,,17222.0,,,South,,,Wall,Street,,,,,,,,,,,,,90746.0,,Carson,Carson,,,,,Carson GIS,{D0685154-EBFE-455B-91E9-EC0C0C7CA488},0,,D0685154-EBFE-455B-91E9-EC0C0C7CA488,Unknown,,S,,,St,S Wall St,2015/03/24 09:32:55+00,17222 S Wall St Carson 90746,D0685154-EBFE-455B-91E9-EC0C0C7CA488_17222_S_Wall_St_Carson_90746,Wall,17222 S Wall Street St Carson 90746,,,,
1045,1678,,,,20135.0,,,South,,,Galway,Avenue,,,,,,,,,,,,,90746.0,,Carson,Carson,,,,,Carson GIS,{2D84C2A4-C875-477C-BCA9-295DCA443806},0,,2D84C2A4-C875-477C-BCA9-295DCA443806,Unknown,,S,,,Ave,S Galway Ave,2015/03/24 09:32:55+00,20135 S Galway Ave Carson 90746,2D84C2A4-C875-477C-BCA9-295DCA443806_20135_S_Galway_Ave_Carson_90746,Galway,20135 S Galway Avenue Ave Carson 90746,,,,
1046,1681,,,,1860.0,,,East,,,Fernrock,Street,,,,,,,,,,,,,90746.0,,Carson,Carson,,,,,Carson GIS,{E19E22E6-C792-4F0B-93CD-C3BAA95939B6},0,,E19E22E6-C792-4F0B-93CD-C3BAA95939B6,Unknown,,E,,,St,E Fernrock St,2015/03/24 09:32:55+00,1860 E Fernrock St Carson 90746,E19E22E6-C792-4F0B-93CD-C3BAA95939B6_1860_E_Fernrock_St_Carson_90746,Fernrock,1860 E Fernrock Street St Carson 90746,,,,
1051,1689,,,,427.0,,,East,,,189th,Street,,,,,,,,,,,,,90746.0,,Carson,Carson,,,,,Carson GIS,{0A41DD85-5E70-4AF9-8D6C-300CC5688EBF},0,,0A41DD85-5E70-4AF9-8D6C-300CC5688EBF,Unknown,,E,,,St,E 189th St,2015/03/24 09:32:55+00,427 E 189th St Carson 90746,0A41DD85-5E70-4AF9-8D6C-300CC5688EBF_427_E_189th_St_Carson_90746,189th,427 E 189th Street St Carson 90746,,,,
1056,1699,,,,1315.0,,,East,,,Gladwick,Street,,,,,,,,,,,,,90746.0,,Carson,Carson,,,,,Carson GIS,{61241D23-E451-48CC-8443-6652B267CB91},0,,61241D23-E451-48CC-8443-6652B267CB91,Unknown,,E,,,St,E Gladwick St,2015/03/24 09:32:55+00,1315 E Gladwick St Carson 90746,61241D23-E451-48CC-8443-6652B267CB91_1315_E_Gladwick_St_Carson_90746,Gladwick,1315 E Gladwick Street St Carson 90746,,,,
1084,1739,,,,20124.0,,,South,,,Nestor,Avenue,,,,,,,,,,,,,90746.0,,Carson,Carson,,,,,Carson GIS,{C401DCEF-FFE5-4E17-A759-6BC817FAE1AF},0,,C401DCEF-FFE5-4E17-A759-6BC817FAE1AF,Unknown,,S,,,Ave,S Nestor Ave,2015/03/24 09:32:55+00,20124 S Nestor Ave Carson 90746,C401DCEF-FFE5-4E17-A759-6BC817FAE1AF_20124_S_Nestor_Ave_Carson_90746,Nestor,20124 S Nestor Avenue Ave Carson 90746,,,,
1092,1753,,,,18601.0,,,South,,,Cairo,Avenue,,,,,,,,,,,,,90746.0,,Carson,Carson,,,,,Carson GIS,{30FF43A6-8EDB-4FDA-906A-8DE3DB555D55},0,,30FF43A6-8EDB-4FDA-906A-8DE3DB555D55,Unknown,,S,,,Ave,S Cairo Ave,2015/03/24 09:32:55+00,18601 S Cairo Ave Carson 90746,30FF43A6-8EDB-4FDA-906A-8DE3DB555D55_18601_S_Cairo_Ave_Carson_90746,Cairo,18601 S Cairo Avenue Ave Carson 90746,,,,
1098,1761,,,,17401.0,,,South,,,Avalon,Boulevard,,,,,,,,,,,Number,D4,90746.0,,Carson,Carson,,,,,Carson GIS,{2EE86EC8-ADC5-48AB-AF7A-89AEC66C2744},0,,2EE86EC8-ADC5-48AB-AF7A-89AEC66C2744,Unknown,,S,,,Blvd,S Avalon Blvd,2018/04/04 16:54:53+00,17401 S Avalon Blvd Number D4 Carson 90746,2EE86EC8-ADC5-48AB-AF7A-89AEC66C2744_17401_S_Avalon_Blvd_Number_D4_Carson_90746,Avalon,17401 S Avalon Boulevard Blvd Number D4 Carson 90746,,,,
1099,1762,,,,307.0,,,East,,,181st,Street,,,,,,,,,,,,,90746.0,,Carson,Carson,,,,,Carson GIS,{842A48B9-1321-4CA5-9F42-B91EDD293058},0,,842A48B9-1321-4CA5-9F42-B91EDD293058,Unknown,,E,,,St,E 181st St,2015/03/24 09:32:55+00,307 E 181st St Carson 90746,842A48B9-1321-4CA5-9F42-B91EDD293058_307_E_181st_St_Carson_90746,181st,307 E 181st Street St Carson 90746,,,,
1103,1768,,,,342.0,,,East,,,189th,Street,,,,,,,,,,,,,90746.0,,Carson,Carson,,,,,Carson GIS,{34E613D4-49B9-4E28-804B-B7DAFA85C7BC},0,,34E613D4-49B9-4E28-804B-B7DAFA85C7BC,Unknown,,E,,,St,E 189th St,2015/03/24 09:32:55+00,342 E 189th St Carson 90746,34E613D4-49B9-4E28-804B-B7DAFA85C7BC_342_E_189th_St_Carson_90746,189th,342 E 189th Street St Carson 90746,,,,
1104,1769,,,,1838.0,,,East,,,Cyrene,Drive,,,,,,,,,,,,,90746.0,,Carson,Carson,,,,,Carson GIS,{98AA26A4-DDEF-41CB-9DD6-6388C555B691},0,,98AA26A4-DDEF-41CB-9DD6-6388C555B691,Unknown,,E,,,Dr,E Cyrene Dr,2015/03/24 09:32:55+00,1838 E Cyrene Dr Carson 90746,98AA26A4-DDEF-41CB-9DD6-6388C555B691_1838_E_Cyrene_Dr_Carson_90746,Cyrene,1838 E Cyrene Drive Dr Carson 90746,,,,
1113,1785,,,,1360.0,,,East,,,Gladwick,Street,,,,,,,,,,,,,90746.0,,Carson,Carson,,,,,Carson GIS,{6F4D2096-897A-4403-BA61-CBDC8EE38F91},0,,6F4D2096-897A-4403-BA61-CBDC8EE38F91,Unknown,,E,,,St,E Gladwick St,2015/03/24 09:32:55+00,1360 E Gladwick St Carson 90746,6F4D2096-897A-4403-BA61-CBDC8EE38F91_1360_E_Gladwick_St_Carson_90746,Gladwick,1360 E Gladwick Street St Carson 90746,,,,
1146,1835,,,,18212.0,,,South,,,Cairo,Avenue,,,,,,,,,,,,,90746.0,,Carson,Carson,,,,,Carson GIS,{E2B00E1D-3E5A-40CE-A363-5164683DE0AE},0,,E2B00E1D-3E5A-40CE-A363-5164683DE0AE,Unknown,,S,,,Ave,S Cairo Ave,2015/03/24 09:32:55+00,18212 S Cairo Ave Carson 90746,E2B00E1D-3E5A-40CE-A363-5164683DE0AE_18212_S_Cairo_Ave_Carson_90746,Cairo,18212 S Cairo Avenue Ave Carson 90746,,,,
1154,1850,,,,1849.0,,,East,,,Helmick,Street,,,,,,,,,,,,,90746.0,,Carson,Carson,,,,,Carson GIS,{34582B24-F32C-4CAE-AD30-ECA0E4889CC2},0,,34582B24-F32C-4CAE-AD30-ECA0E4889CC2,Unknown,,E,,,St,E Helmick St,2015/03/24 09:32:55+00,1849 E Helmick St Carson 90746,34582B24-F32C-4CAE-AD30-ECA0E4889CC2_1849_E_Helmick_St_Carson_90746,Helmick,1849 E Helmick Street St Carson 90746,,,,
1159,1859,,,,1402.0,,,East,,,Gladwick,Street,,,,,,,,,,,,,90746.0,,Carson,Carson,,,,,Carson GIS,{C596F1DB-F33A-4A3C-99B8-EA2335BF551C},0,,C596F1DB-F33A-4A3C-99B8-EA2335BF551C,Unknown,,E,,,St,E Gladwick St,2015/03/24 09:32:55+00,1402 E Gladwick St Carson 90746,C596F1DB-F33A-4A3C-99B8-EA2335BF551C_1402_E_Gladwick_St_Carson_90746,Gladwick,1402 E Gladwick Street St Carson 90746,,,,
1173,1890,,,,18521.0,,,South,,,Coltman,Avenue,,,,,,,,,,,,,90746.0,,Carson,Carson,,,,,Carson GIS,{EF46B70F-AB71-40FF-8A49-7F78B1F15CE2},0,,EF46B70F-AB71-40FF-8A49-7F78B1F15CE2,Unknown,,S,,,Ave,S Coltman Ave,2015/03/24 09:32:55+00,18521 S Coltman Ave Carson 90746,EF46B70F-AB71-40FF-8A49-7F78B1F15CE2_18521_S_Coltman_Ave_Carson_90746,Coltman,18521 S Coltman Avenue Ave Carson 90746,,,,
1176,1894,,,,1864.0,,,East,,,Denwall,Drive,,,,,,,,,,,,,90746.0,,Carson,Carson,,,,,Carson GIS,{EEAA9E48-2D5E-4894-BED2-D092DC13F23E},0,,EEAA9E48-2D5E-4894-BED2-D092DC13F23E,Unknown,,E,,,Dr,E Denwall Dr,2015/03/24 09:32:55+00,1864 E Denwall Dr Carson 90746,EEAA9E48-2D5E-4894-BED2-D092DC13F23E_1864_E_Denwall_Dr_Carson_90746,Denwall,1864 E Denwall Drive Dr Carson 90746,,,,
1177,1896,,,,17115.0,,,South,,,Billings,Drive,,,,,,,,,,,,,90746.0,,Carson,Carson,,,,,Carson GIS,{62057ECA-6B6E-4983-B8EB-7A16B2AC27A2},0,,62057ECA-6B6E-4983-B8EB-7A16B2AC27A2,Unknown,,S,,,Dr,S Billings Dr,2015/03/24 09:32:55+00,17115 S Billings Dr Carson 90746,62057ECA-6B6E-4983-B8EB-7A16B2AC27A2_17115_S_Billings_Dr_Carson_90746,Billings,17115 S Billings Drive Dr Carson 90746,,,,
1182,1913,,,,19708.0,,,South,,,Dalfsen,Avenue,,,,,,,,,,,,,90746.0,,Carson,Carson,,,,,Carson GIS,{0CEB5E88-D0E9-4EDA-8DCF-BB30D813B40D},0,,0CEB5E88-D0E9-4EDA-8DCF-BB30D813B40D,Unknown,,S,,,Ave,S Dalfsen Ave,2015/03/24 09:32:55+00,19708 S Dalfsen Ave Carson 90746,0CEB5E88-D0E9-4EDA-8DCF-BB30D813B40D_19708_S_Dalfsen_Ave_Carson_90746,Dalfsen,19708 S Dalfsen Avenue Ave Carson 90746,,,,
1192,1942,,,,20212.0,,,South,,,Hillford,Avenue,,,,,,,,,,,,,90746.0,,Carson,Carson,,,,,Carson GIS,{276F1720-C883-4E7C-8DB5-6BE2C33161AD},0,,276F1720-C883-4E7C-8DB5-6BE2C33161AD,Unknown,,S,,,Ave,S Hillford Ave,2015/03/24 09:32:55+00,20212 S Hillford Ave Carson 90746,276F1720-C883-4E7C-8DB5-6BE2C33161AD_20212_S_Hillford_Ave_Carson_90746,Hillford,20212 S Hillford Avenue Ave Carson 90746,,,,
1206,1966,,,,1443.0,,,East,,,Gladwick,Street,,,,,,,,,,,,,90746.0,,Carson,Carson,,,,,Carson GIS,{2BD0F93E-C74F-4EC1-9B97-C49575F05A43},0,,2BD0F93E-C74F-4EC1-9B97-C49575F05A43,Unknown,,E,,,St,E Gladwick St,2015/03/24 09:32:55+00,1443 E Gladwick St Carson 90746,2BD0F93E-C74F-4EC1-9B97-C49575F05A43_1443_E_Gladwick_St_Carson_90746,Gladwick,1443 E Gladwick Street St Carson 90746,,,,
1207,1968,,,,1851.0,,,East,,,Gladwick,Street,,,,,,,,,,,,,90746.0,,Carson,Carson,,,,,Carson GIS,{36B6F581-0FC6-43DB-A566-16FB9336380E},0,,36B6F581-0FC6-43DB-A566-16FB9336380E,Unknown,,E,,,St,E Gladwick St,2015/03/24 09:32:55+00,1851 E Gladwick St Carson 90746,36B6F581-0FC6-43DB-A566-16FB9336380E_1851_E_Gladwick_St_Carson_90746,Gladwick,1851 E Gladwick Street St Carson 90746,,,,
1215,1987,,,,543.0,,,East,,,Kenbridge,Drive,,,,,,,,,,,,,90746.0,,Carson,Carson,,,,,Carson GIS,{0D49FD59-03C8-4CD9-A5B0-77B01AF5CA34},0,,0D49FD59-03C8-4CD9-A5B0-77B01AF5CA34,Unknown,,E,,,Dr,E Kenbridge Dr,2015/03/24 09:32:55+00,543 E Kenbridge Dr Carson 90746,0D49FD59-03C8-4CD9-A5B0-77B01AF5CA34_543_E_Kenbridge_Dr_Carson_90746,Kenbridge,543 E Kenbridge Drive Dr Carson 90746,,,,
1234,2016,,,,1233.0,,,East,,,Gladwick,Street,,,,,,,,,,,,,90746.0,,Carson,Carson,,,,,Carson GIS,{5AE2555F-16E1-4DC6-8AD8-8B3FFC42C27E},0,,5AE2555F-16E1-4DC6-8AD8-8B3FFC42C27E,Unknown,,E,,,St,E Gladwick St,2015/03/24 09:32:55+00,1233 E Gladwick St Carson 90746,5AE2555F-16E1-4DC6-8AD8-8B3FFC42C27E_1233_E_Gladwick_St_Carson_90746,Gladwick,1233 E Gladwick Street St Carson 90746,,,,
1235,2018,,,,20239.0,,,South,,,Wadley,Avenue,,,,,,,,,,,,,90746.0,,Carson,Carson,,,,,Carson GIS,{E41389C3-9A59-426E-8F8A-505E866706AD},0,,E41389C3-9A59-426E-8F8A-505E866706AD,Unknown,,S,,,Ave,S Wadley Ave,2015/03/24 09:32:55+00,20239 S Wadley Ave Carson 90746,E41389C3-9A59-426E-8F8A-505E866706AD_20239_S_Wadley_Ave_Carson_90746,Wadley,20239 S Wadley Avenue Ave Carson 90746,,,,
1309,2125,,,,1728.0,,,East,,,Turmont,Street,,,,,,,,,,,,,90746.0,,Carson,Carson,,,,,Carson GIS,{D19886BD-6D78-457C-885E-E34764FE8583},0,,D19886BD-6D78-457C-885E-E34764FE8583,Unknown,,E,,,St,E Turmont St,2015/03/24 09:32:55+00,1728 E Turmont St Carson 90746,D19886BD-6D78-457C-885E-E34764FE8583_1728_E_Turmont_St_Carson_90746,Turmont,1728 E Turmont Street St Carson 90746,,,,
1331,2164,,,,902.0,,,East,,,Turmont,Street,,,,,,,,,,,,,90746.0,,Carson,Carson,,,,,Carson GIS,{186FFE6E-6B47-4A69-8B15-B7C4090EA291},0,,186FFE6E-6B47-4A69-8B15-B7C4090EA291,Unknown,,E,,,St,E Turmont St,2015/03/24 09:32:55+00,902 E Turmont St Carson 90746,186FFE6E-6B47-4A69-8B15-B7C4090EA291_902_E_Turmont_St_Carson_90746,Turmont,902 E Turmont Street St Carson 90746,,,,
1359,2199,,,,1455.0,,,East,,,Helmick,Street,,,,,,,,,,,,,90746.0,,Carson,Carson,,,,,Carson GIS,{480288C8-04EE-48B3-8689-8EF3CE735494},0,,480288C8-04EE-48B3-8689-8EF3CE735494,Unknown,,E,,,St,E Helmick St,2015/03/24 09:32:55+00,1455 E Helmick St Carson 90746,480288C8-04EE-48B3-8689-8EF3CE735494_1455_E_Helmick_St_Carson_90746,Helmick,1455 E Helmick Street St Carson 90746,,,,
1360,2204,,,,20320.0,,,South,,,Kaiser,Circle,,,,,,,,,,,,,90746.0,,Carson,Carson,,,,,Carson GIS,{41354FD4-8D0B-4014-9A70-67B2E3C2D43C},0,,41354FD4-8D0B-4014-9A70-67B2E3C2D43C,Unknown,,S,,,Cir,S Kaiser Cir,2015/03/24 09:32:55+00,20320 S Kaiser Cir Carson 90746,41354FD4-8D0B-4014-9A70-67B2E3C2D43C_20320_S_Kaiser_Cir_Carson_90746,Kaiser,20320 S Kaiser Circle Cir Carson 90746,,,,
1373,2225,,,,17327.0,,,South,,,Billings,Drive,,,,,,,,,,,,,90746.0,,Carson,Carson,,,,,Carson GIS,{90AFF6C0-1EF4-46E3-A2CC-BF557C64E2B6},0,,90AFF6C0-1EF4-46E3-A2CC-BF557C64E2B6,Unknown,,S,,,Dr,S Billings Dr,2015/03/24 09:32:55+00,17327 S Billings Dr Carson 90746,90AFF6C0-1EF4-46E3-A2CC-BF557C64E2B6_17327_S_Billings_Dr_Carson_90746,Billings,17327 S Billings Drive Dr Carson 90746,,,,
1376,2232,,,,18319.0,,,South,,,Mettler,Avenue,,,,,,,,,,,,,90746.0,,Carson,Carson,,,,,Carson GIS,{C97426CB-CCA6-4613-AAF8-F3BCD932CBE9},0,,C97426CB-CCA6-4613-AAF8-F3BCD932CBE9,Unknown,,S,,,Ave,S Mettler Ave,2015/03/24 09:32:55+00,18319 S Mettler Ave Carson 90746,C97426CB-CCA6-4613-AAF8-F3BCD932CBE9_18319_S_Mettler_Ave_Carson_90746,Mettler,18319 S Mettler Avenue Ave Carson 90746,,,,
1407,2289,,,,19432.0,,,South,,,Tajauta,Avenue,,,,,,,,,,,,,90746.0,,Carson,Carson,,,,,Carson GIS,{406ADB07-1F73-46FF-9B62-495D43A91FF8},0,,406ADB07-1F73-46FF-9B62-495D43A91FF8,Unknown,,S,,,Ave,S Tajauta Ave,2015/03/24 09:32:55+00,19432 S Tajauta Ave Carson 90746,406ADB07-1F73-46FF-9B62-495D43A91FF8_19432_S_Tajauta_Ave_Carson_90746,Tajauta,19432 S Tajauta Avenue Ave Carson 90746,,,,
1408,2290,,,,20024.0,,,South,,,Cliveden,Avenue,,,,,,,,,,,,,90746.0,,Carson,Carson,,,,,Carson GIS,{A6F25D1E-E22E-45D0-BC66-C95DE76629C7},0,,A6F25D1E-E22E-45D0-BC66-C95DE76629C7,Unknown,,S,,,Ave,S Cliveden Ave,2015/03/24 09:32:55+00,20024 S Cliveden Ave Carson 90746,A6F25D1E-E22E-45D0-BC66-C95DE76629C7_20024_S_Cliveden_Ave_Carson_90746,Cliveden,20024 S Cliveden Avenue Ave Carson 90746,,,,
1419,2303,,,,19014.0,,,South,,,Harlan,Avenue,,,,,,,,,,,,,90746.0,,Carson,Carson,,,,,Carson GIS,{41CDE6B4-2171-44BF-84D9-F0635EFDC30E},0,,41CDE6B4-2171-44BF-84D9-F0635EFDC30E,Unknown,,S,,,Ave,S Harlan Ave,2015/03/24 09:32:55+00,19014 S Harlan Ave Carson 90746,41CDE6B4-2171-44BF-84D9-F0635EFDC30E_19014_S_Harlan_Ave_Carson_90746,Harlan,19014 S Harlan Avenue Ave Carson 90746,,,,
1424,2312,,,,19106.0,,,South,,,Andmark,Avenue,,,,,,,,,,,,,90746.0,,Carson,Carson,,,,,Carson GIS,{C7BBA752-28E1-4734-B7EF-1089B94DC250},0,,C7BBA752-28E1-4734-B7EF-1089B94DC250,Unknown,,S,,,Ave,S Andmark Ave,2015/03/24 09:32:55+00,19106 S Andmark Ave Carson 90746,C7BBA752-28E1-4734-B7EF-1089B94DC250_19106_S_Andmark_Ave_Carson_90746,Andmark,19106 S Andmark Avenue Ave Carson 90746,,,,
1426,2316,,,,20103.0,,,South,,,Radlett,Avenue,,,,,,,,,,,,,90746.0,,Carson,Carson,,,,,Carson GIS,{86F0FCF0-D60D-42DC-9CA7-8A1C63F64FAA},0,,86F0FCF0-D60D-42DC-9CA7-8A1C63F64FAA,Unknown,,S,,,Ave,S Radlett Ave,2015/03/24 09:32:55+00,20103 S Radlett Ave Carson 90746,86F0FCF0-D60D-42DC-9CA7-8A1C63F64FAA_20103_S_Radlett_Ave_Carson_90746,Radlett,20103 S Radlett Avenue Ave Carson 90746,,,,
1443,2342,,,,1540.0,,,East,,,Gladwick,Street,,,,,,,,,,,,,90746.0,,Carson,Carson,,,,,Carson GIS,{924AAB12-0FDC-40E5-87A7-88B034E97774},0,,924AAB12-0FDC-40E5-87A7-88B034E97774,Unknown,,E,,,St,E Gladwick St,2015/03/24 09:32:55+00,1540 E Gladwick St Carson 90746,924AAB12-0FDC-40E5-87A7-88B034E97774_1540_E_Gladwick_St_Carson_90746,Gladwick,1540 E Gladwick Street St Carson 90746,,,,
1471,2385,,,,20212.0,,,South,,,Nestor,Avenue,,,,,,,,,,,,,90746.0,,Carson,Carson,,,,,Carson GIS,{B5B72BB3-E6D7-4186-8155-9604020E94B7},0,,B5B72BB3-E6D7-4186-8155-9604020E94B7,Unknown,,S,,,Ave,S Nestor Ave,2015/03/24 09:32:55+00,20212 S Nestor Ave Carson 90746,B5B72BB3-E6D7-4186-8155-9604020E94B7_20212_S_Nestor_Ave_Carson_90746,Nestor,20212 S Nestor Avenue Ave Carson 90746,,,,
1475,2394,,,,18902.0,,,South,,,Towne,Avenue,,,,,,,,,,,,,90746.0,,Carson,Carson,,,,,Carson GIS,{15E2D7FE-CE94-4E23-B199-B055685BEF3B},0,,15E2D7FE-CE94-4E23-B199-B055685BEF3B,Unknown,,S,,,Ave,S Towne Ave,2015/03/24 09:32:55+00,18902 S Towne Ave Carson 90746,15E2D7FE-CE94-4E23-B199-B055685BEF3B_18902_S_Towne_Ave_Carson_90746,Towne,18902 S Towne Avenue Ave Carson 90746,,,,
1479,2398,,,,208.0,,,East,,,Roblin,Street,,,,,,,,,,,,,90746.0,,Carson,Carson,,,,,Carson GIS,{F0C52A9A-E5BB-4D71-96FD-0397A63B544D},0,,F0C52A9A-E5BB-4D71-96FD-0397A63B544D,Unknown,,E,,,St,E Roblin St,2015/03/24 09:32:55+00,208 E Roblin St Carson 90746,F0C52A9A-E5BB-4D71-96FD-0397A63B544D_208_E_Roblin_St_Carson_90746,Roblin,208 E Roblin Street St Carson 90746,,,,
1500,2425,,,,1139.0,,,East,,,Helmick,Street,,,,,,,,,,,,,90746.0,,Carson,Carson,,,,,Carson GIS,{C5F750FB-37AF-464B-ADD5-3710AB59E2E3},0,,C5F750FB-37AF-464B-ADD5-3710AB59E2E3,Unknown,,E,,,St,E Helmick St,2015/03/24 09:32:55+00,1139 E Helmick St Carson 90746,C5F750FB-37AF-464B-ADD5-3710AB59E2E3_1139_E_Helmick_St_Carson_90746,Helmick,1139 E Helmick Street St Carson 90746,,,,
1506,2437,,,,1143.0,,,East,,,Helmick,Street,,,,,,,,,,,,,90746.0,,Carson,Carson,,,,,Carson GIS,{A8952C01-C6C0-4D72-94C7-7666C3FE6E28},0,,A8952C01-C6C0-4D72-94C7-7666C3FE6E28,Unknown,,E,,,St,E Helmick St,2015/03/24 09:32:55+00,1143 E Helmick St Carson 90746,A8952C01-C6C0-4D72-94C7-7666C3FE6E28_1143_E_Helmick_St_Carson_90746,Helmick,1143 E Helmick Street St Carson 90746,,,,
1509,2443,,,,1818.0,,,East,,,Denwall,Drive,,,,,,,,,,,,,90746.0,,Carson,Carson,,,,,Carson GIS,{276CC26F-F310-4DA0-B29C-7BFA4E221FCC},0,,276CC26F-F310-4DA0-B29C-7BFA4E221FCC,Unknown,,E,,,Dr,E Denwall Dr,2015/03/24 09:32:55+00,1818 E Denwall Dr Carson 90746,276CC26F-F310-4DA0-B29C-7BFA4E221FCC_1818_E_Denwall_Dr_Carson_90746,Denwall,1818 E Denwall Drive Dr Carson 90746,,,,
1520,2467,,,,19903.0,,,South,,,Belshaw,Avenue,,,,,,,,,,,,,90746.0,,Carson,Carson,,,,,Carson GIS,{AD2DFBAD-B585-4CEA-976F-6B6B7715A61F},0,,AD2DFBAD-B585-4CEA-976F-6B6B7715A61F,Unknown,,S,,,Ave,S Belshaw Ave,2015/03/24 09:32:55+00,19903 S Belshaw Ave Carson 90746,AD2DFBAD-B585-4CEA-976F-6B6B7715A61F_19903_S_Belshaw_Ave_Carson_90746,Belshaw,19903 S Belshaw Avenue Ave Carson 90746,,,,
1521,2469,,,,20312.0,,,South,,,Gomero,Circle,,,,,,,,,,,,,90746.0,,Carson,Carson,,,,,Carson GIS,{750B1E90-FB3E-43FE-8B12-4554624DA47C},0,,750B1E90-FB3E-43FE-8B12-4554624DA47C,Unknown,,S,,,Cir,S Gomero Cir,2015/03/24 09:32:55+00,20312 S Gomero Cir Carson 90746,750B1E90-FB3E-43FE-8B12-4554624DA47C_20312_S_Gomero_Cir_Carson_90746,Gomero,20312 S Gomero Circle Cir Carson 90746,,,,
1526,2480,,,,19206.0,,,South,,,Tajauta,Avenue,,,,,,,,,,,,,90746.0,,Carson,Carson,,,,,Carson GIS,{49C1B785-0059-4C79-B8E7-DA22FB9B145B},0,,49C1B785-0059-4C79-B8E7-DA22FB9B145B,Unknown,,S,,,Ave,S Tajauta Ave,2015/03/24 09:32:55+00,19206 S Tajauta Ave Carson 90746,49C1B785-0059-4C79-B8E7-DA22FB9B145B_19206_S_Tajauta_Ave_Carson_90746,Tajauta,19206 S Tajauta Avenue Ave Carson 90746,,,,
1527,2482,,,,1536.0,,,East,,,Cyrene,Drive,,,,,,,,,,,,,90746.0,,Carson,Carson,,,,,Carson GIS,{71382A6C-3A45-4036-AB33-292C055A1FA8},0,,71382A6C-3A45-4036-AB33-292C055A1FA8,Unknown,,E,,,Dr,E Cyrene Dr,2015/03/24 09:32:55+00,1536 E Cyrene Dr Carson 90746,71382A6C-3A45-4036-AB33-292C055A1FA8_1536_E_Cyrene_Dr_Carson_90746,Cyrene,1536 E Cyrene Drive Dr Carson 90746,,,,
1535,2490,,,,913.0,,,East,,,Gladwick,Street,,,,,,,,,,,,,90746.0,,Carson,Carson,,,,,Carson GIS,{47DFB142-73D9-4975-83EC-B8BDB463DF7C},0,,47DFB142-73D9-4975-83EC-B8BDB463DF7C,Unknown,,E,,,St,E Gladwick St,2015/03/24 09:32:55+00,913 E Gladwick St Carson 90746,47DFB142-73D9-4975-83EC-B8BDB463DF7C_913_E_Gladwick_St_Carson_90746,Gladwick,913 E Gladwick Street St Carson 90746,,,,
1536,2500,,,,20206.0,,,South,,,Dalfsen,Avenue,,,,,,,,,,,,,90746.0,,Carson,Carson,,,,,Carson GIS,{4729181C-B0B6-4130-8F12-9B7DF9A8F1B5},0,,4729181C-B0B6-4130-8F12-9B7DF9A8F1B5,Unknown,,S,,,Ave,S Dalfsen Ave,2015/03/24 09:32:55+00,20206 S Dalfsen Ave Carson 90746,4729181C-B0B6-4130-8F12-9B7DF9A8F1B5_20206_S_Dalfsen_Ave_Carson_90746,Dalfsen,20206 S Dalfsen Avenue Ave Carson 90746,,,,
1537,2501,,,,939.0,,,East,,,Helmick,Street,,,,,,,,,,,,,90746.0,,Carson,Carson,,,,,Carson GIS,{D63FEB52-47B2-4F89-BAC3-23CE32D516F1},0,,D63FEB52-47B2-4F89-BAC3-23CE32D516F1,Unknown,,E,,,St,E Helmick St,2015/03/24 09:32:55+00,939 E Helmick St Carson 90746,D63FEB52-47B2-4F89-BAC3-23CE32D516F1_939_E_Helmick_St_Carson_90746,Helmick,939 E Helmick Street St Carson 90746,,,,
1538,2503,,,,17217.0,,,South,,,Wall,Street,,,,,,,,,,,,,90746.0,,Carson,Carson,,,,,Carson GIS,{1DA0418C-DAEC-43F0-8ADD-C0DA9A08CE7C},0,,1DA0418C-DAEC-43F0-8ADD-C0DA9A08CE7C,Unknown,,S,,,St,S Wall St,2015/03/24 09:32:55+00,17217 S Wall St Carson 90746,1DA0418C-DAEC-43F0-8ADD-C0DA9A08CE7C_17217_S_Wall_St_Carson_90746,Wall,17217 S Wall Street St Carson 90746,,,,
1559,2538,,,,19303.0,,,South,,,Kemp,Avenue,,,,,,,,,,,,,90746.0,,Carson,Carson,,,,,Carson GIS,{B703A3DB-9049-4BEC-B1BB-7F623B8006DE},0,,B703A3DB-9049-4BEC-B1BB-7F623B8006DE,Unknown,,S,,,Ave,S Kemp Ave,2015/03/24 09:32:55+00,19303 S Kemp Ave Carson 90746,B703A3DB-9049-4BEC-B1BB-7F623B8006DE_19303_S_Kemp_Ave_Carson_90746,Kemp,19303 S Kemp Avenue Ave Carson 90746,,,,
1564,2545,,,,18302.0,,,South,,,Crocker,Avenue,,,,,,,,,,,,,90746.0,,Carson,Carson,,,,,Carson GIS,{E62028CF-6D0E-4348-9991-981242D22B2E},0,,E62028CF-6D0E-4348-9991-981242D22B2E,Unknown,,S,,,Ave,S Crocker Ave,2015/03/24 09:32:55+00,18302 S Crocker Ave Carson 90746,E62028CF-6D0E-4348-9991-981242D22B2E_18302_S_Crocker_Ave_Carson_90746,Crocker,18302 S Crocker Avenue Ave Carson 90746,,,,
1566,2548,,,,18005.0,,,South,,,Savarona,Way,,,,,,,,,,,,,90746.0,,Carson,Carson,,,,,Carson GIS,{F7088793-C816-4C20-A685-9DAA5E0AB96D},0,,F7088793-C816-4C20-A685-9DAA5E0AB96D,Unknown,,S,,,Wy,S Savarona Wy,2015/03/24 09:32:55+00,18005 S Savarona Wy Carson 90746,F7088793-C816-4C20-A685-9DAA5E0AB96D_18005_S_Savarona_Wy_Carson_90746,Savarona,18005 S Savarona Way Wy Carson 90746,,,,
1577,2563,,,,20118.0,,,South,,,Tillman,Avenue,,,,,,,,,,,,,90746.0,,Carson,Carson,,,,,Carson GIS,{92A27BC1-6704-4FEA-8ACB-1A73D47686DA},0,,92A27BC1-6704-4FEA-8ACB-1A73D47686DA,Unknown,,S,,,Ave,S Tillman Ave,2015/03/24 09:32:55+00,20118 S Tillman Ave Carson 90746,92A27BC1-6704-4FEA-8ACB-1A73D47686DA_20118_S_Tillman_Ave_Carson_90746,Tillman,20118 S Tillman Avenue Ave Carson 90746,,,,
1578,2564,,,,16909.0,,,South,,,Belforest,Drive,,,,,,,,,,,,,90746.0,,Carson,Carson,,,,,Carson GIS,{14DF42D2-81B1-445E-84A4-B4FA1D0C0CA3},0,,14DF42D2-81B1-445E-84A4-B4FA1D0C0CA3,Unknown,,S,,,Dr,S Belforest Dr,2015/03/24 09:32:55+00,16909 S Belforest Dr Carson 90746,14DF42D2-81B1-445E-84A4-B4FA1D0C0CA3_16909_S_Belforest_Dr_Carson_90746,Belforest,16909 S Belforest Drive Dr Carson 90746,,,,
1583,2571,,,,742.0,,,East,,,Turmont,Street,,,,,,,,,,,,,90746.0,,Carson,Carson,,,,,Carson GIS,{075A2B8C-E1B9-4FEF-B5BF-0C5DD9F479DB},0,,075A2B8C-E1B9-4FEF-B5BF-0C5DD9F479DB,Unknown,,E,,,St,E Turmont St,2015/03/24 09:32:55+00,742 E Turmont St Carson 90746,075A2B8C-E1B9-4FEF-B5BF-0C5DD9F479DB_742_E_Turmont_St_Carson_90746,Turmont,742 E Turmont Street St Carson 90746,,,,
1590,2581,,,,1032.0,,,East,,,Denwall,Drive,,,,,,,,,,,,,90746.0,,Carson,Carson,,,,,Carson GIS,{4DF5390D-AFC0-4149-BDA5-D9C5B375B4B1},0,,4DF5390D-AFC0-4149-BDA5-D9C5B375B4B1,Unknown,,E,,,Dr,E Denwall Dr,2015/03/24 09:32:55+00,1032 E Denwall Dr Carson 90746,4DF5390D-AFC0-4149-BDA5-D9C5B375B4B1_1032_E_Denwall_Dr_Carson_90746,Denwall,1032 E Denwall Drive Dr Carson 90746,,,,
1595,2587,,,,218.0,,,East,,,Freeden,Street,,,,,,,,,,,,,90746.0,,Carson,Carson,,,,,Carson GIS,{D12E6723-EA16-4BE3-8106-AD4070421252},0,,D12E6723-EA16-4BE3-8106-AD4070421252,Unknown,,E,,,St,E Freeden St,2015/03/24 09:32:55+00,218 E Freeden St Carson 90746,D12E6723-EA16-4BE3-8106-AD4070421252_218_E_Freeden_St_Carson_90746,Freeden,218 E Freeden Street St Carson 90746,,,,
1601,2598,,,,855.0,,,East,,,Denwall,Drive,,,,,,,,,,,,,90746.0,,Carson,Carson,,,,,Carson GIS,{B2DC56FF-6332-4EFA-BAC3-60FA867AF218},0,,B2DC56FF-6332-4EFA-BAC3-60FA867AF218,Unknown,,E,,,Dr,E Denwall Dr,2015/03/24 09:32:55+00,855 E Denwall Dr Carson 90746,B2DC56FF-6332-4EFA-BAC3-60FA867AF218_855_E_Denwall_Dr_Carson_90746,Denwall,855 E Denwall Drive Dr Carson 90746,,,,
1602,2600,,,,17339.0,,,South,,,Bonham,Avenue,,,,,,,,,,,,,90746.0,,Carson,Carson,,,,,Carson GIS,{E6B5FA33-6DE4-4575-BE26-42D6F3C4918A},0,,E6B5FA33-6DE4-4575-BE26-42D6F3C4918A,Unknown,,S,,,Ave,S Bonham Ave,2015/03/24 09:32:55+00,17339 S Bonham Ave Carson 90746,E6B5FA33-6DE4-4575-BE26-42D6F3C4918A_17339_S_Bonham_Ave_Carson_90746,Bonham,17339 S Bonham Avenue Ave Carson 90746,,,,
1603,2601,,,,307.0,,,East,,,182nd,Street,,,,,,,,,,,,,90746.0,,Carson,Carson,,,,,Carson GIS,{23A60722-2A84-4BB2-901F-D2D37C1BF9E1},0,,23A60722-2A84-4BB2-901F-D2D37C1BF9E1,Unknown,,E,,,St,E 182nd St,2015/03/24 09:32:55+00,307 E 182nd St Carson 90746,23A60722-2A84-4BB2-901F-D2D37C1BF9E1_307_E_182nd_St_Carson_90746,182nd,307 E 182nd Street St Carson 90746,,,,
1612,2615,,,,19425.0,,,South,,,Kemp,Avenue,,,,,,,,,,,,,90746.0,,Carson,Carson,,,,,Carson GIS,{415AC72D-720C-41BB-B6EF-90257BD63879},0,,415AC72D-720C-41BB-B6EF-90257BD63879,Unknown,,S,,,Ave,S Kemp Ave,2015/03/24 09:32:55+00,19425 S Kemp Ave Carson 90746,415AC72D-720C-41BB-B6EF-90257BD63879_19425_S_Kemp_Ave_Carson_90746,Kemp,19425 S Kemp Avenue Ave Carson 90746,,,,
1613,2616,,,,20223.0,,,South,,,Avalon,Boulevard,,,,,,,,,,,,,90746.0,,Carson,Carson,,,,,Carson GIS,{DE6F347E-CC35-4DFD-AA01-B6EB5DC76263},0,,DE6F347E-CC35-4DFD-AA01-B6EB5DC76263,Unknown,,S,,,Blvd,S Avalon Blvd,2015/03/24 09:32:55+00,20223 S Avalon Blvd Carson 90746,DE6F347E-CC35-4DFD-AA01-B6EB5DC76263_20223_S_Avalon_Blvd_Carson_90746,Avalon,20223 S Avalon Boulevard Blvd Carson 90746,,,,
1621,2636,,,,886.0,,,East,,,Turmont,Street,,,,,,,,,,,,,90746.0,,Carson,Carson,,,,,Carson GIS,{A59631E9-8921-4908-AB60-84145977C7BC},0,,A59631E9-8921-4908-AB60-84145977C7BC,Unknown,,E,,,St,E Turmont St,2015/03/24 09:32:55+00,886 E Turmont St Carson 90746,A59631E9-8921-4908-AB60-84145977C7BC_886_E_Turmont_St_Carson_90746,Turmont,886 E Turmont Street St Carson 90746,,,,
1633,2651,,,,837.0,,,East,,,Cyrene,Street,,,,,,,,,,,,,90746.0,,Carson,Carson,,,,,Carson GIS,{742F4DF0-25AC-4164-A6BF-6DA6A2FA876F},0,,742F4DF0-25AC-4164-A6BF-6DA6A2FA876F,Unknown,,E,,,St,E Cyrene St,2015/03/24 09:32:55+00,837 E Cyrene St Carson 90746,742F4DF0-25AC-4164-A6BF-6DA6A2FA876F_837_E_Cyrene_St_Carson_90746,Cyrene,837 E Cyrene Street St Carson 90746,,,,
1634,2660,,,,19708.0,,,South,,,Tillman,Avenue,,,,,,,,,,,,,90746.0,,Carson,Carson,,,,,Carson GIS,{F55A3C7E-E43E-4F4E-8D65-1C4889355F47},0,,F55A3C7E-E43E-4F4E-8D65-1C4889355F47,Unknown,,S,,,Ave,S Tillman Ave,2015/03/24 09:32:55+00,19708 S Tillman Ave Carson 90746,F55A3C7E-E43E-4F4E-8D65-1C4889355F47_19708_S_Tillman_Ave_Carson_90746,Tillman,19708 S Tillman Avenue Ave Carson 90746,,,,
1642,2671,,,,1421.0,,,East,,,Abbottson,Street,,,,,,,,,,,,,90746.0,,Carson,Carson,,,,,Carson GIS,{F782D338-57E4-4E29-8F92-97543FDEF448},0,,F782D338-57E4-4E29-8F92-97543FDEF448,Unknown,,E,,,St,E Abbottson St,2015/03/24 09:32:55+00,1421 E Abbottson St Carson 90746,F782D338-57E4-4E29-8F92-97543FDEF448_1421_E_Abbottson_St_Carson_90746,Abbottson,1421 E Abbottson Street St Carson 90746,,,,
1660,2703,,,,353.0,,,East,,,Centerview,Drive,,,,,,,,,,,,,90746.0,,Carson,Carson,,,,,Carson GIS,{644D39B4-63A7-4E5F-9D1D-6B3F7A6A9AC4},0,,644D39B4-63A7-4E5F-9D1D-6B3F7A6A9AC4,Unknown,,E,,,Dr,E Centerview Dr,2015/03/24 09:32:55+00,353 E Centerview Dr Carson 90746,644D39B4-63A7-4E5F-9D1D-6B3F7A6A9AC4_353_E_Centerview_Dr_Carson_90746,Centerview,353 E Centerview Drive Dr Carson 90746,,,,
1668,2713,,,,18739.0,,,South,,,Milmore,Avenue,,,,,,,,,,,,,90746.0,,Carson,Carson,,,,,Carson GIS,{48AFAFE8-718C-4AC2-961C-521185AD7DCA},0,,48AFAFE8-718C-4AC2-961C-521185AD7DCA,Unknown,,S,,,Ave,S Milmore Ave,2015/03/24 09:32:55+00,18739 S Milmore Ave Carson 90746,48AFAFE8-718C-4AC2-961C-521185AD7DCA_18739_S_Milmore_Ave_Carson_90746,Milmore,18739 S Milmore Avenue Ave Carson 90746,,,,
1674,2720,,,,1303.0,,,East,,,Gladwick,Street,,,,,,,,,,,,,90746.0,,Carson,Carson,,,,,Carson GIS,{0DBBF715-B6EC-4B7E-BC5A-C8DF002C52A8},0,,0DBBF715-B6EC-4B7E-BC5A-C8DF002C52A8,Unknown,,E,,,St,E Gladwick St,2015/03/24 09:32:55+00,1303 E Gladwick St Carson 90746,0DBBF715-B6EC-4B7E-BC5A-C8DF002C52A8_1303_E_Gladwick_St_Carson_90746,Gladwick,1303 E Gladwick Street St Carson 90746,,,,
1675,2723,,,,20012.0,,,South,,,Scobey,Avenue,,,,,,,,,,,,,90746.0,,Carson,Carson,,,,,Carson GIS,{B9F1A4CF-BF45-4F46-B693-443E61BF764D},0,,B9F1A4CF-BF45-4F46-B693-443E61BF764D,Unknown,,S,,,Ave,S Scobey Ave,2015/03/24 09:32:55+00,20012 S Scobey Ave Carson 90746,B9F1A4CF-BF45-4F46-B693-443E61BF764D_20012_S_Scobey_Ave_Carson_90746,Scobey,20012 S Scobey Avenue Ave Carson 90746,,,,
1679,2728,,,,18618.0,,,South,,,Crocker,Avenue,,,,,,,,,,,,,90746.0,,Carson,Carson,,,,,Carson GIS,{3F238DC2-456C-4D87-87CB-8591925DD9D8},0,,3F238DC2-456C-4D87-87CB-8591925DD9D8,Unknown,,S,,,Ave,S Crocker Ave,2015/03/24 09:32:55+00,18618 S Crocker Ave Carson 90746,3F238DC2-456C-4D87-87CB-8591925DD9D8_18618_S_Crocker_Ave_Carson_90746,Crocker,18618 S Crocker Avenue Ave Carson 90746,,,,
1680,2729,,,,20019.0,,,South,,,Tillman,Avenue,,,,,,,,,,,,,90746.0,,Carson,Carson,,,,,Carson GIS,{54584F78-295D-48B7-BEA3-26D0F0ECF268},0,,54584F78-295D-48B7-BEA3-26D0F0ECF268,Unknown,,S,,,Ave,S Tillman Ave,2015/03/24 09:32:55+00,20019 S Tillman Ave Carson 90746,54584F78-295D-48B7-BEA3-26D0F0ECF268_20019_S_Tillman_Ave_Carson_90746,Tillman,20019 S Tillman Avenue Ave Carson 90746,,,,
1694,2756,,,,942.0,,,East,,,Gladwick,Street,,,,,,,,,,,,,90746.0,,Carson,Carson,,,,,Carson GIS,{A491538E-CA55-4DD0-81FE-A22F83E420F5},0,,A491538E-CA55-4DD0-81FE-A22F83E420F5,Unknown,,E,,,St,E Gladwick St,2015/03/24 09:32:55+00,942 E Gladwick St Carson 90746,A491538E-CA55-4DD0-81FE-A22F83E420F5_942_E_Gladwick_St_Carson_90746,Gladwick,942 E Gladwick Street St Carson 90746,,,,
1702,2769,,,,20228.0,,,South,,,Campaign,Drive,,,,,,,,,,,,,90746.0,,Carson,Carson,,,,,Carson GIS,{1E7DB426-4369-4CF4-86B6-995822CEA5C4},0,,1E7DB426-4369-4CF4-86B6-995822CEA5C4,Unknown,,S,,,Dr,S Campaign Dr,2015/03/24 09:32:55+00,20228 S Campaign Dr Carson 90746,1E7DB426-4369-4CF4-86B6-995822CEA5C4_20228_S_Campaign_Dr_Carson_90746,Campaign,20228 S Campaign Drive Dr Carson 90746,,,,
1703,2770,,,,19327.0,,,South,,,Cliveden,Avenue,,,,,,,,,,,,,90746.0,,Carson,Carson,,,,,Carson GIS,{809172CE-261D-4B45-9DAB-3A58F5FC2DE3},0,,809172CE-261D-4B45-9DAB-3A58F5FC2DE3,Unknown,,S,,,Ave,S Cliveden Ave,2015/03/24 09:32:55+00,19327 S Cliveden Ave Carson 90746,809172CE-261D-4B45-9DAB-3A58F5FC2DE3_19327_S_Cliveden_Ave_Carson_90746,Cliveden,19327 S Cliveden Avenue Ave Carson 90746,,,,
1704,2771,,,,332.0,,,East,,,181st,Street,,,,,,,,,,,,,90746.0,,Carson,Carson,,,,,Carson GIS,{B108A2D7-7A82-4CFB-9C1E-1799D14F1115},0,,B108A2D7-7A82-4CFB-9C1E-1799D14F1115,Unknown,,E,,,St,E 181st St,2015/03/24 09:32:55+00,332 E 181st St Carson 90746,B108A2D7-7A82-4CFB-9C1E-1799D14F1115_332_E_181st_St_Carson_90746,181st,332 E 181st Street St Carson 90746,,,,
1706,2778,,,,1449.0,,,East,,,Helmick,Street,,,,,,,,,,,,,90746.0,,Carson,Carson,,,,,Carson GIS,{F8F5A12E-14D0-4950-92F1-7FD861408390},0,,F8F5A12E-14D0-4950-92F1-7FD861408390,Unknown,,E,,,St,E Helmick St,2015/03/24 09:32:55+00,1449 E Helmick St Carson 90746,F8F5A12E-14D0-4950-92F1-7FD861408390_1449_E_Helmick_St_Carson_90746,Helmick,1449 E Helmick Street St Carson 90746,,,,
1707,2780,,,,18325.0,,,South,,,Mettler,Avenue,,,,,,,,,,,,,90746.0,,Carson,Carson,,,,,Carson GIS,{A4BFC7AC-CE0C-4737-9CDF-12DA4E11C627},0,,A4BFC7AC-CE0C-4737-9CDF-12DA4E11C627,Unknown,,S,,,Ave,S Mettler Ave,2015/03/24 09:32:55+00,18325 S Mettler Ave Carson 90746,A4BFC7AC-CE0C-4737-9CDF-12DA4E11C627_18325_S_Mettler_Ave_Carson_90746,Mettler,18325 S Mettler Avenue Ave Carson 90746,,,,
1723,2803,,,,315.0,,,East,,,186th,Street,,,,,,,,,,,,,90746.0,,Carson,Carson,,,,,Carson GIS,{F247777A-63DF-49AD-B61E-1ACB104997B8},0,,F247777A-63DF-49AD-B61E-1ACB104997B8,Unknown,,E,,,St,E 186th St,2015/03/24 09:32:55+00,315 E 186th St Carson 90746,F247777A-63DF-49AD-B61E-1ACB104997B8_315_E_186th_St_Carson_90746,186th,315 E 186th Street St Carson 90746,,,,
1724,2804,,,,334.0,,,East,,,184th,Street,,,,,,,,,,,,,90746.0,,Carson,Carson,,,,,Carson GIS,{BE03226F-418D-4BCD-9C01-5C45720B9A61},0,,BE03226F-418D-4BCD-9C01-5C45720B9A61,Unknown,,E,,,St,E 184th St,2015/03/24 09:32:55+00,334 E 184th St Carson 90746,BE03226F-418D-4BCD-9C01-5C45720B9A61_334_E_184th_St_Carson_90746,184th,334 E 184th Street St Carson 90746,,,,
1727,2812,,,,309.0,,,East,,,Cassidy,Street,,,,,,,,,,,,,90746.0,,Carson,Carson,,,,,Carson GIS,{CB0016DF-51F3-4864-8FCC-F49A9D433B7F},0,,CB0016DF-51F3-4864-8FCC-F49A9D433B7F,Unknown,,E,,,St,E Cassidy St,2015/03/24 09:32:55+00,309 E Cassidy St Carson 90746,CB0016DF-51F3-4864-8FCC-F49A9D433B7F_309_E_Cassidy_St_Carson_90746,Cassidy,309 E Cassidy Street St Carson 90746,,,,
1741,2844,,,,1343.0,,,East,,,Fernrock,Street,,,,,,,,,,,,,90746.0,,Carson,Carson,,,,,Carson GIS,{EFB79814-BD4A-4870-B1CA-3955CD095601},0,,EFB79814-BD4A-4870-B1CA-3955CD095601,Unknown,,E,,,St,E Fernrock St,2015/03/24 09:32:55+00,1343 E Fernrock St Carson 90746,EFB79814-BD4A-4870-B1CA-3955CD095601_1343_E_Fernrock_St_Carson_90746,Fernrock,1343 E Fernrock Street St Carson 90746,,,,
1745,2848,,,,335.0,,,East,,,185th,Street,,,,,,,,,,,,,90746.0,,Carson,Carson,,,,,Carson GIS,{A5223CA4-2D54-47C8-99A4-E64027FFFE28},0,,A5223CA4-2D54-47C8-99A4-E64027FFFE28,Unknown,,E,,,St,E 185th St,2015/03/24 09:32:55+00,335 E 185th St Carson 90746,A5223CA4-2D54-47C8-99A4-E64027FFFE28_335_E_185th_St_Carson_90746,185th,335 E 185th Street St Carson 90746,,,,
1746,2850,,,,18202.0,,,South,,,Cairo,Avenue,,,,,,,,,,,,,90746.0,,Carson,Carson,,,,,Carson GIS,{6AC7BA89-4AF5-482F-88B2-E980F29CF5CE},0,,6AC7BA89-4AF5-482F-88B2-E980F29CF5CE,Unknown,,S,,,Ave,S Cairo Ave,2015/03/24 09:32:55+00,18202 S Cairo Ave Carson 90746,6AC7BA89-4AF5-482F-88B2-E980F29CF5CE_18202_S_Cairo_Ave_Carson_90746,Cairo,18202 S Cairo Avenue Ave Carson 90746,,,,
1778,2905,,,,1874.0,,,East,,,Cyrene,Drive,,,,,,,,,,,,,90746.0,,Carson,Carson,,,,,Carson GIS,{D6FE3558-C0EF-4FAA-836A-DB642533E249},0,,D6FE3558-C0EF-4FAA-836A-DB642533E249,Unknown,,E,,,Dr,E Cyrene Dr,2015/03/24 09:32:55+00,1874 E Cyrene Dr Carson 90746,D6FE3558-C0EF-4FAA-836A-DB642533E249_1874_E_Cyrene_Dr_Carson_90746,Cyrene,1874 E Cyrene Drive Dr Carson 90746,,,,
1791,2923,,,,20021.0,,,East,,,Earlie,Avenue,,,,,,,,,,,,,90746.0,,Carson,Carson,,,,,Carson GIS,{4A6C5F18-D852-47AB-B822-CEF1C541823C},0,,4A6C5F18-D852-47AB-B822-CEF1C541823C,Unknown,,E,,,Ave,E Earlie Ave,2015/03/24 09:32:55+00,20021 E Earlie Ave Carson 90746,4A6C5F18-D852-47AB-B822-CEF1C541823C_20021_E_Earlie_Ave_Carson_90746,Earlie,20021 E Earlie Avenue Ave Carson 90746,,,,
1804,2940,,,,1854.0,,,East,,,Fernrock,Street,,,,,,,,,,,,,90746.0,,Carson,Carson,,,,,Carson GIS,{50315CD0-C542-4E49-A192-0AC4598D1D44},0,,50315CD0-C542-4E49-A192-0AC4598D1D44,Unknown,,E,,,St,E Fernrock St,2015/03/24 09:32:55+00,1854 E Fernrock St Carson 90746,50315CD0-C542-4E49-A192-0AC4598D1D44_1854_E_Fernrock_St_Carson_90746,Fernrock,1854 E Fernrock Street St Carson 90746,,,,
1814,2954,,,,20119.0,,,South,,,Quixley,Street,,,,,,,,,,,,,90746.0,,Carson,Carson,,,,,Carson GIS,{BEBD5B57-B630-4EAF-8496-169C131B1871},0,,BEBD5B57-B630-4EAF-8496-169C131B1871,Unknown,,S,,,St,S Quixley St,2015/03/24 09:32:55+00,20119 S Quixley St Carson 90746,BEBD5B57-B630-4EAF-8496-169C131B1871_20119_S_Quixley_St_Carson_90746,Quixley,20119 S Quixley Street St Carson 90746,,,,
1815,2957,,,,503.0,,,East,,,189th,Street,,,,,,,,,,,,,90746.0,,Carson,Carson,,,,,Carson GIS,{11F8AB2C-D1A7-4858-B266-5314CB1A9EAE},0,,11F8AB2C-D1A7-4858-B266-5314CB1A9EAE,Unknown,,E,,,St,E 189th St,2015/03/24 09:32:55+00,503 E 189th St Carson 90746,11F8AB2C-D1A7-4858-B266-5314CB1A9EAE_503_E_189th_St_Carson_90746,189th,503 E 189th Street St Carson 90746,,,,
1834,2991,,,,1841.0,,,East,,,Gladwick,Street,,,,,,,,,,,,,90746.0,,Carson,Carson,,,,,Carson GIS,{E49B8381-60EB-48AD-BB5A-D2A1FE53E0A4},0,,E49B8381-60EB-48AD-BB5A-D2A1FE53E0A4,Unknown,,E,,,St,E Gladwick St,2015/03/24 09:32:55+00,1841 E Gladwick St Carson 90746,E49B8381-60EB-48AD-BB5A-D2A1FE53E0A4_1841_E_Gladwick_St_Carson_90746,Gladwick,1841 E Gladwick Street St Carson 90746,,,,
1847,3008,,,,18014.0,,,South,,,Cairo,Avenue,,,,,,,,,,,,,90746.0,,Carson,Carson,,,,,Carson GIS,{0E48996E-F625-43BC-BC94-8C0A5BF8196F},0,,0E48996E-F625-43BC-BC94-8C0A5BF8196F,Unknown,,S,,,Ave,S Cairo Ave,2015/03/24 09:32:55+00,18014 S Cairo Ave Carson 90746,0E48996E-F625-43BC-BC94-8C0A5BF8196F_18014_S_Cairo_Ave_Carson_90746,Cairo,18014 S Cairo Avenue Ave Carson 90746,,,,
1850,3016,,,,853.0,,,East,,,Helmick,Street,,,,,,,,,,,,,90746.0,,Carson,Carson,,,,,Carson GIS,{BAD5E0B9-8DAE-4372-B86D-C1267C323E54},0,,BAD5E0B9-8DAE-4372-B86D-C1267C323E54,Unknown,,E,,,St,E Helmick St,2015/03/24 09:32:55+00,853 E Helmick St Carson 90746,BAD5E0B9-8DAE-4372-B86D-C1267C323E54_853_E_Helmick_St_Carson_90746,Helmick,853 E Helmick Street St Carson 90746,,,,
1851,3017,,,,16917.0,,,South,,,Belforest,Drive,,,,,,,,,,,,,90746.0,,Carson,Carson,,,,,Carson GIS,{A8863307-560F-46BD-A71E-B91FFF103CA8},0,,A8863307-560F-46BD-A71E-B91FFF103CA8,Unknown,,S,,,Dr,S Belforest Dr,2015/03/24 09:32:55+00,16917 S Belforest Dr Carson 90746,A8863307-560F-46BD-A71E-B91FFF103CA8_16917_S_Belforest_Dr_Carson_90746,Belforest,16917 S Belforest Drive Dr Carson 90746,,,,
1852,3018,,,,1472.0,,,East,,,Turmont,Street,,,,,,,,,,,,,90746.0,,Carson,Carson,,,,,Carson GIS,{D8703BE1-681C-4DE1-8334-9517ED00A3C3},0,,D8703BE1-681C-4DE1-8334-9517ED00A3C3,Unknown,,E,,,St,E Turmont St,2015/03/24 09:32:55+00,1472 E Turmont St Carson 90746,D8703BE1-681C-4DE1-8334-9517ED00A3C3_1472_E_Turmont_St_Carson_90746,Turmont,1472 E Turmont Street St Carson 90746,,,,
1856,3022,,,,823.0,,,East,,,Gladwick,Street,,,,,,,,,,,,,90746.0,,Carson,Carson,,,,,Carson GIS,{3AA834D3-B5C6-4B7A-95B5-4E85D6AD53FB},0,,3AA834D3-B5C6-4B7A-95B5-4E85D6AD53FB,Unknown,,E,,,St,E Gladwick St,2015/03/24 09:32:55+00,823 E Gladwick St Carson 90746,3AA834D3-B5C6-4B7A-95B5-4E85D6AD53FB_823_E_Gladwick_St_Carson_90746,Gladwick,823 E Gladwick Street St Carson 90746,,,,
1859,3028,,,,17338.0,,,South,,,Billings,Drive,,,,,,,,,,,,,90746.0,,Carson,Carson,,,,,Carson GIS,{CD017AAD-05FE-4177-9C6D-5625820BFA94},0,,CD017AAD-05FE-4177-9C6D-5625820BFA94,Unknown,,S,,,Dr,S Billings Dr,2015/03/24 09:32:55+00,17338 S Billings Dr Carson 90746,CD017AAD-05FE-4177-9C6D-5625820BFA94_17338_S_Billings_Dr_Carson_90746,Billings,17338 S Billings Drive Dr Carson 90746,,,,
1867,3041,,,,519.0,,,East,,,Cassidy,Street,,,,,,,,,,,,,90746.0,,Carson,Carson,,,,,Carson GIS,{B483C4DC-C936-46F6-B265-33FA28407EB4},0,,B483C4DC-C936-46F6-B265-33FA28407EB4,Unknown,,E,,,St,E Cassidy St,2015/03/24 09:32:55+00,519 E Cassidy St Carson 90746,B483C4DC-C936-46F6-B265-33FA28407EB4_519_E_Cassidy_St_Carson_90746,Cassidy,519 E Cassidy Street St Carson 90746,,,,
1868,3043,,,,528.0,,,East,,,189th,Street,,,,,,,,,,,,,90746.0,,Carson,Carson,,,,,Carson GIS,{E4BF7883-2018-49C8-BD50-06EC6BAEF28A},0,,E4BF7883-2018-49C8-BD50-06EC6BAEF28A,Unknown,,E,,,St,E 189th St,2015/03/24 09:32:55+00,528 E 189th St Carson 90746,E4BF7883-2018-49C8-BD50-06EC6BAEF28A_528_E_189th_St_Carson_90746,189th,528 E 189th Street St Carson 90746,,,,
1869,3044,,,,428.0,,,East,,,185th,Street,,,,,,,,,,,,,90746.0,,Carson,Carson,,,,,Carson GIS,{D11F6090-C223-43BF-B031-72002B09C082},0,,D11F6090-C223-43BF-B031-72002B09C082,Unknown,,E,,,St,E 185th St,2015/03/24 09:32:55+00,428 E 185th St Carson 90746,D11F6090-C223-43BF-B031-72002B09C082_428_E_185th_St_Carson_90746,185th,428 E 185th Street St Carson 90746,,,,
1872,3049,,,,832.0,,,East,,,Helmick,Street,,,,,,,,,,,,,90746.0,,Carson,Carson,,,,,Carson GIS,{EE234C75-A3FB-4DE7-A70A-FEC30E7E5F39},0,,EE234C75-A3FB-4DE7-A70A-FEC30E7E5F39,Unknown,,E,,,St,E Helmick St,2015/03/24 09:32:55+00,832 E Helmick St Carson 90746,EE234C75-A3FB-4DE7-A70A-FEC30E7E5F39_832_E_Helmick_St_Carson_90746,Helmick,832 E Helmick Street St Carson 90746,,,,
1880,3071,,,,19223.0,,,South,,,Tajauta,Avenue,,,,,,,,,,,,,90746.0,,Carson,Carson,,,,,Carson GIS,{DF324806-014D-48E2-9CA9-DD861F11C9E2},0,,DF324806-014D-48E2-9CA9-DD861F11C9E2,Unknown,,S,,,Ave,S Tajauta Ave,2015/03/24 09:32:55+00,19223 S Tajauta Ave Carson 90746,DF324806-014D-48E2-9CA9-DD861F11C9E2_19223_S_Tajauta_Ave_Carson_90746,Tajauta,19223 S Tajauta Avenue Ave Carson 90746,,,,
1887,3082,,,,1880.0,,,East,,,Gladwick,Street,,,,,,,,,,,,,90746.0,,Carson,Carson,,,,,Carson GIS,{C044C741-BB40-4300-86D4-03193A228CAB},0,,C044C741-BB40-4300-86D4-03193A228CAB,Unknown,,E,,,St,E Gladwick St,2015/03/24 09:32:55+00,1880 E Gladwick St Carson 90746,C044C741-BB40-4300-86D4-03193A228CAB_1880_E_Gladwick_St_Carson_90746,Gladwick,1880 E Gladwick Street St Carson 90746,,,,
1894,3094,,,,1828.0,,,East,,,Calstock,Street,,,,,,,,,,,,,90746.0,,Carson,Carson,,,,,Carson GIS,{51074D35-7D04-4BC8-AAB0-70F9DB1739FA},0,,51074D35-7D04-4BC8-AAB0-70F9DB1739FA,Unknown,,E,,,St,E Calstock St,2015/03/24 09:32:55+00,1828 E Calstock St Carson 90746,51074D35-7D04-4BC8-AAB0-70F9DB1739FA_1828_E_Calstock_St_Carson_90746,Calstock,1828 E Calstock Street St Carson 90746,,,,
1895,3097,,,,20018.0,,,South,,,Campaign,Drive,,,,,,,,,,,,,90746.0,,Carson,Carson,,,,,Carson GIS,{53F65095-46A1-4E37-A893-5843F144A82C},0,,53F65095-46A1-4E37-A893-5843F144A82C,Unknown,,S,,,Dr,S Campaign Dr,2015/03/24 09:32:55+00,20018 S Campaign Dr Carson 90746,53F65095-46A1-4E37-A893-5843F144A82C_20018_S_Campaign_Dr_Carson_90746,Campaign,20018 S Campaign Drive Dr Carson 90746,,,,
1899,3109,,,,20535.0,,,South,,,Belshaw,Avenue,,,,,,,,,,,,,90746.0,,Carson,Carson,,,,,Carson GIS,{7495C7BC-D343-4F1A-B64C-A722FF7EB2A1},0,,7495C7BC-D343-4F1A-B64C-A722FF7EB2A1,Unknown,,S,,,Ave,S Belshaw Ave,2015/03/24 09:32:55+00,20535 S Belshaw Ave Carson 90746,7495C7BC-D343-4F1A-B64C-A722FF7EB2A1_20535_S_Belshaw_Ave_Carson_90746,Belshaw,20535 S Belshaw Avenue Ave Carson 90746,,,,
1929,3156,,,,712.0,,,East,,,Turmont,Street,,,,,,,,,,,,,90746.0,,Carson,Carson,,,,,Carson GIS,{29E96DC1-77F9-4FF5-BF31-06BFE27CA251},0,,29E96DC1-77F9-4FF5-BF31-06BFE27CA251,Unknown,,E,,,St,E Turmont St,2015/03/24 09:32:55+00,712 E Turmont St Carson 90746,29E96DC1-77F9-4FF5-BF31-06BFE27CA251_712_E_Turmont_St_Carson_90746,Turmont,712 E Turmont Street St Carson 90746,,,,
1930,3157,,,,20240.0,,,South,,,Enslow,Drive,,,,,,,,,,,,,90746.0,,Carson,Carson,,,,,Carson GIS,{761DACCA-7E1B-4D51-9D34-F205F5BD4CE9},0,,761DACCA-7E1B-4D51-9D34-F205F5BD4CE9,Unknown,,S,,,Dr,S Enslow Dr,2015/03/24 09:32:55+00,20240 S Enslow Dr Carson 90746,761DACCA-7E1B-4D51-9D34-F205F5BD4CE9_20240_S_Enslow_Dr_Carson_90746,Enslow,20240 S Enslow Drive Dr Carson 90746,,,,
1933,3160,,,,407.0,,,East,,,182nd,Street,,,,,,,,,,,,,90746.0,,Carson,Carson,,,,,Carson GIS,{01028847-E006-4022-973F-54CA64CDEC6A},0,,01028847-E006-4022-973F-54CA64CDEC6A,Unknown,,E,,,St,E 182nd St,2015/03/24 09:32:55+00,407 E 182nd St Carson 90746,01028847-E006-4022-973F-54CA64CDEC6A_407_E_182nd_St_Carson_90746,182nd,407 E 182nd Street St Carson 90746,,,,
1935,3165,,,,1356.0,,,East,,,Gladwick,Street,,,,,,,,,,,,,90746.0,,Carson,Carson,,,,,Carson GIS,{EEF7543A-E9F8-4FC7-8C4F-7F49836ACD3F},0,,EEF7543A-E9F8-4FC7-8C4F-7F49836ACD3F,Unknown,,E,,,St,E Gladwick St,2015/03/24 09:32:55+00,1356 E Gladwick St Carson 90746,EEF7543A-E9F8-4FC7-8C4F-7F49836ACD3F_1356_E_Gladwick_St_Carson_90746,Gladwick,1356 E Gladwick Street St Carson 90746,,,,
1956,3202,,,,20102.0,,,South,,,Eddington,Drive,,,,,,,,,,,,,90746.0,,Carson,Carson,,,,,Carson GIS,{5F276A63-B7D7-482B-B3EB-8E6134904C93},0,,5F276A63-B7D7-482B-B3EB-8E6134904C93,Unknown,,S,,,Dr,S Eddington Dr,2015/03/24 09:32:55+00,20102 S Eddington Dr Carson 90746,5F276A63-B7D7-482B-B3EB-8E6134904C93_20102_S_Eddington_Dr_Carson_90746,Eddington,20102 S Eddington Drive Dr Carson 90746,,,,
1957,3207,,,,918.0,,,East,,,Turmont,Street,,,,,,,,,,,,,90746.0,,Carson,Carson,,,,,Carson GIS,{6170B633-7911-422C-B10F-31D8E35649A6},0,,6170B633-7911-422C-B10F-31D8E35649A6,Unknown,,E,,,St,E Turmont St,2015/03/24 09:32:55+00,918 E Turmont St Carson 90746,6170B633-7911-422C-B10F-31D8E35649A6_918_E_Turmont_St_Carson_90746,Turmont,918 E Turmont Street St Carson 90746,,,,
1969,3230,,,,540.0,,,East,,,182nd,Street,,,,,,,,,,,,,90746.0,,Carson,Carson,,,,,Carson GIS,{9FBF1853-E214-4EDF-A221-39DB04C0B1F9},0,,9FBF1853-E214-4EDF-A221-39DB04C0B1F9,Unknown,,E,,,St,E 182nd St,2015/03/24 09:32:55+00,540 E 182nd St Carson 90746,9FBF1853-E214-4EDF-A221-39DB04C0B1F9_540_E_182nd_St_Carson_90746,182nd,540 E 182nd Street St Carson 90746,,,,
1989,3268,,,,18218.0,,,South,,,Bonham,Avenue,,,,,,,,,,,,,90746.0,,Carson,Carson,,,,,Carson GIS,{77AF1C60-96FD-4979-80DE-96EF124854CB},0,,77AF1C60-96FD-4979-80DE-96EF124854CB,Unknown,,S,,,Ave,S Bonham Ave,2015/03/24 09:32:55+00,18218 S Bonham Ave Carson 90746,77AF1C60-96FD-4979-80DE-96EF124854CB_18218_S_Bonham_Ave_Carson_90746,Bonham,18218 S Bonham Avenue Ave Carson 90746,,,,
1996,3280,,,,19443.0,,,South,,,Tajauta,Avenue,,,,,,,,,,,,,90746.0,,Carson,Carson,,,,,Carson GIS,{09D43D6F-AABB-4E31-BCAB-601851ADCF75},0,,09D43D6F-AABB-4E31-BCAB-601851ADCF75,Unknown,,S,,,Ave,S Tajauta Ave,2015/03/24 09:32:55+00,19443 S Tajauta Ave Carson 90746,09D43D6F-AABB-4E31-BCAB-601851ADCF75_19443_S_Tajauta_Ave_Carson_90746,Tajauta,19443 S Tajauta Avenue Ave Carson 90746,,,,
2010,3303,,,,18212.0,,,South,,,Bonham,Avenue,,,,,,,,,,,,,90746.0,,Carson,Carson,,,,,Carson GIS,{A4AC8FE4-BD6D-4DB6-966D-CD7D3B764308},0,,A4AC8FE4-BD6D-4DB6-966D-CD7D3B764308,Unknown,,S,,,Ave,S Bonham Ave,2015/03/24 09:32:55+00,18212 S Bonham Ave Carson 90746,A4AC8FE4-BD6D-4DB6-966D-CD7D3B764308_18212_S_Bonham_Ave_Carson_90746,Bonham,18212 S Bonham Avenue Ave Carson 90746,,,,
2011,3304,,,,810.0,,,East,,,Denwall,Drive,,,,,,,,,,,,,90746.0,,Carson,Carson,,,,,Carson GIS,{5AB7BD5E-F490-4BB1-943E-5FAE9EF37739},0,,5AB7BD5E-F490-4BB1-943E-5FAE9EF37739,Unknown,,E,,,Dr,E Denwall Dr,2015/03/24 09:32:55+00,810 E Denwall Dr Carson 90746,5AB7BD5E-F490-4BB1-943E-5FAE9EF37739_810_E_Denwall_Dr_Carson_90746,Denwall,810 E Denwall Drive Dr Carson 90746,,,,
2029,3326,,,,1652.0,,,East,,,Abbottson,Street,,,,,,,,,,,,,90746.0,,Carson,Carson,,,,,Carson GIS,{9D8D44AB-62A5-49AC-B82C-8D9C885DEA27},0,,9D8D44AB-62A5-49AC-B82C-8D9C885DEA27,Unknown,,E,,,St,E Abbottson St,2015/03/24 09:32:55+00,1652 E Abbottson St Carson 90746,9D8D44AB-62A5-49AC-B82C-8D9C885DEA27_1652_E_Abbottson_St_Carson_90746,Abbottson,1652 E Abbottson Street St Carson 90746,,,,
2030,3327,,,,20310.0,,,South,,,Caron,Circle,,,,,,,,,,,,,90746.0,,Carson,Carson,,,,,Carson GIS,{6DF80185-4BB6-4A62-831A-9B3CAC79C8F0},0,,6DF80185-4BB6-4A62-831A-9B3CAC79C8F0,Unknown,,S,,,Cir,S Caron Cir,2015/03/24 09:32:55+00,20310 S Caron Cir Carson 90746,6DF80185-4BB6-4A62-831A-9B3CAC79C8F0_20310_S_Caron_Cir_Carson_90746,Caron,20310 S Caron Circle Cir Carson 90746,,,,
2045,3364,,,,19206.0,,,South,,,Harlan,Avenue,,,,,,,,,,,,,90746.0,,Carson,Carson,,,,,Carson GIS,{9DCE5E3A-0595-4266-AD17-97C5F40A373C},0,,9DCE5E3A-0595-4266-AD17-97C5F40A373C,Unknown,,S,,,Ave,S Harlan Ave,2015/03/24 09:32:55+00,19206 S Harlan Ave Carson 90746,9DCE5E3A-0595-4266-AD17-97C5F40A373C_19206_S_Harlan_Ave_Carson_90746,Harlan,19206 S Harlan Avenue Ave Carson 90746,,,,
2047,3367,,,,18627.0,,,South,,,Coltman,Avenue,,,,,,,,,,,,,90746.0,,Carson,Carson,,,,,Carson GIS,{0881537F-4C33-49CE-A777-C7DBB51B6589},0,,0881537F-4C33-49CE-A777-C7DBB51B6589,Unknown,,S,,,Ave,S Coltman Ave,2015/03/24 09:32:55+00,18627 S Coltman Ave Carson 90746,0881537F-4C33-49CE-A777-C7DBB51B6589_18627_S_Coltman_Ave_Carson_90746,Coltman,18627 S Coltman Avenue Ave Carson 90746,,,,
2048,3368,,,,1864.0,,,East,,,Calstock,Street,,,,,,,,,,,,,90746.0,,Carson,Carson,,,,,Carson GIS,{B2200135-DBED-4613-85AC-C92CC16679AF},0,,B2200135-DBED-4613-85AC-C92CC16679AF,Unknown,,E,,,St,E Calstock St,2015/03/24 09:32:55+00,1864 E Calstock St Carson 90746,B2200135-DBED-4613-85AC-C92CC16679AF_1864_E_Calstock_St_Carson_90746,Calstock,1864 E Calstock Street St Carson 90746,,,,
2062,3394,,,,18235.0,,,South,,,Crocker,Avenue,,,,,,,,,,,,,90746.0,,Carson,Carson,,,,,Carson GIS,{A1A80EB8-80DF-4DC1-8172-B71A59317900},0,,A1A80EB8-80DF-4DC1-8172-B71A59317900,Unknown,,S,,,Ave,S Crocker Ave,2015/03/24 09:32:55+00,18235 S Crocker Ave Carson 90746,A1A80EB8-80DF-4DC1-8172-B71A59317900_18235_S_Crocker_Ave_Carson_90746,Crocker,18235 S Crocker Avenue Ave Carson 90746,,,,
2063,3395,,,,832.0,,,East,,,Turmont,Street,,,,,,,,,,,,,90746.0,,Carson,Carson,,,,,Carson GIS,{4270FEE3-14D4-4A77-865A-9B5ACE994589},0,,4270FEE3-14D4-4A77-865A-9B5ACE994589,Unknown,,E,,,St,E Turmont St,2015/03/24 09:32:55+00,832 E Turmont St Carson 90746,4270FEE3-14D4-4A77-865A-9B5ACE994589_832_E_Turmont_St_Carson_90746,Turmont,832 E Turmont Street St Carson 90746,,,,
2065,3397,,,,993.0,,,East,,,Gladwick,Street,,,,,,,,,,,,,90746.0,,Carson,Carson,,,,,Carson GIS,{365CECDB-17B7-4311-A227-9E82A5119F79},0,,365CECDB-17B7-4311-A227-9E82A5119F79,Unknown,,E,,,St,E Gladwick St,2015/03/24 09:32:55+00,993 E Gladwick St Carson 90746,365CECDB-17B7-4311-A227-9E82A5119F79_993_E_Gladwick_St_Carson_90746,Gladwick,993 E Gladwick Street St Carson 90746,,,,
2067,3399,,,,18419.0,,,South,,,Avalon,Boulevard,,,,,,,,,,,,,90746.0,,Carson,Carson,,,,,Carson GIS,{287E69F0-9184-4E68-B87A-026660ECA655},0,,287E69F0-9184-4E68-B87A-026660ECA655,Unknown,,S,,,Blvd,S Avalon Blvd,2015/03/24 09:32:55+00,18419 S Avalon Blvd Carson 90746,287E69F0-9184-4E68-B87A-026660ECA655_18419_S_Avalon_Blvd_Carson_90746,Avalon,18419 S Avalon Boulevard Blvd Carson 90746,,,,
2068,3400,,,,20215.0,,,South,,,Tajauta,Avenue,,,,,,,,,,,,,90746.0,,Carson,Carson,,,,,Carson GIS,{679F76D8-2805-4E43-82B3-69C8FE6D6D5D},0,,679F76D8-2805-4E43-82B3-69C8FE6D6D5D,Unknown,,S,,,Ave,S Tajauta Ave,2015/03/24 09:32:55+00,20215 S Tajauta Ave Carson 90746,679F76D8-2805-4E43-82B3-69C8FE6D6D5D_20215_S_Tajauta_Ave_Carson_90746,Tajauta,20215 S Tajauta Avenue Ave Carson 90746,,,,
2087,3428,,,,524.0,,,East,,,Collamer,Drive,,,,,,,,,,,,,90746.0,,Carson,Carson,,,,,Carson GIS,{8711F756-AB03-4C5D-91A6-91EEAFD93FF4},0,,8711F756-AB03-4C5D-91A6-91EEAFD93FF4,Unknown,,E,,,Dr,E Collamer Dr,2015/03/24 09:32:55+00,524 E Collamer Dr Carson 90746,8711F756-AB03-4C5D-91A6-91EEAFD93FF4_524_E_Collamer_Dr_Carson_90746,Collamer,524 E Collamer Drive Dr Carson 90746,,,,
2088,3429,,,,850.0,,,East,,,Gladwick,Street,,,,,,,,,,,,,90746.0,,Carson,Carson,,,,,Carson GIS,{D43994C8-4418-425E-99CB-72865ED989B9},0,,D43994C8-4418-425E-99CB-72865ED989B9,Unknown,,E,,,St,E Gladwick St,2015/03/24 09:32:55+00,850 E Gladwick St Carson 90746,D43994C8-4418-425E-99CB-72865ED989B9_850_E_Gladwick_St_Carson_90746,Gladwick,850 E Gladwick Street St Carson 90746,,,,
2089,3430,,,,337.0,,,East,,,Cassidy,Street,,,,,,,,,,,,,90746.0,,Carson,Carson,,,,,Carson GIS,{1D946FFC-7A59-48FB-A930-CF0031D7AC09},0,,1D946FFC-7A59-48FB-A930-CF0031D7AC09,Unknown,,E,,,St,E Cassidy St,2015/03/24 09:32:55+00,337 E Cassidy St Carson 90746,1D946FFC-7A59-48FB-A930-CF0031D7AC09_337_E_Cassidy_St_Carson_90746,Cassidy,337 E Cassidy Street St Carson 90746,,,,
2090,3431,,,,1816.0,,,East,,,Gladwick,Street,,,,,,,,,,,,,90746.0,,Carson,Carson,,,,,Carson GIS,{94F018BB-6FF5-4E39-8EF2-B7CB77EF1CEC},0,,94F018BB-6FF5-4E39-8EF2-B7CB77EF1CEC,Unknown,,E,,,St,E Gladwick St,2015/03/24 09:32:55+00,1816 E Gladwick St Carson 90746,94F018BB-6FF5-4E39-8EF2-B7CB77EF1CEC_1816_E_Gladwick_St_Carson_90746,Gladwick,1816 E Gladwick Street St Carson 90746,,,,
2091,3432,,,,1880.0,,,East,,,Kramer,Drive,,,,,,,,,,,,,90746.0,,Carson,Carson,,,,,Carson GIS,{168E5C1C-D5C2-4091-9C99-886C10CCE556},0,,168E5C1C-D5C2-4091-9C99-886C10CCE556,Unknown,,E,,,Dr,E Kramer Dr,2015/03/24 09:32:55+00,1880 E Kramer Dr Carson 90746,168E5C1C-D5C2-4091-9C99-886C10CCE556_1880_E_Kramer_Dr_Carson_90746,Kramer,1880 E Kramer Drive Dr Carson 90746,,,,
2092,3433,,,,19322.0,,,South,,,Harlan,Avenue,,,,,,,,,,,,,90746.0,,Carson,Carson,,,,,Carson GIS,{4417A22B-6813-4264-BCC5-44EF10DF5303},0,,4417A22B-6813-4264-BCC5-44EF10DF5303,Unknown,,S,,,Ave,S Harlan Ave,2015/03/24 09:32:55+00,19322 S Harlan Ave Carson 90746,4417A22B-6813-4264-BCC5-44EF10DF5303_19322_S_Harlan_Ave_Carson_90746,Harlan,19322 S Harlan Avenue Ave Carson 90746,,,,
2093,3434,,,,19112.0,,,South,,,Andmark,Avenue,,,,,,,,,,,,,90746.0,,Carson,Carson,,,,,Carson GIS,{792F67C4-8603-4248-9BE7-474F9F01636D},0,,792F67C4-8603-4248-9BE7-474F9F01636D,Unknown,,S,,,Ave,S Andmark Ave,2015/03/24 09:32:55+00,19112 S Andmark Ave Carson 90746,792F67C4-8603-4248-9BE7-474F9F01636D_19112_S_Andmark_Ave_Carson_90746,Andmark,19112 S Andmark Avenue Ave Carson 90746,,,,
2100,3450,,,,308.0,,,East,,,Victoria,Street,,,,,,,,,,,,,90746.0,,Carson,Carson,,,,,Carson GIS,{0CBE93AB-E65D-4495-98CB-88E991E8F03F},0,,0CBE93AB-E65D-4495-98CB-88E991E8F03F,Unknown,,E,,,St,E Victoria St,2015/03/24 09:32:55+00,308 E Victoria St Carson 90746,0CBE93AB-E65D-4495-98CB-88E991E8F03F_308_E_Victoria_St_Carson_90746,Victoria,308 E Victoria Street St Carson 90746,,,,
2101,3452,,,,1637.0,,,East,,,Fernrock,Street,,,,,,,,,,,,,90746.0,,Carson,Carson,,,,,Carson GIS,{3F175B1E-794E-40A3-B093-135F367123DB},0,,3F175B1E-794E-40A3-B093-135F367123DB,Unknown,,E,,,St,E Fernrock St,2015/03/24 09:32:55+00,1637 E Fernrock St Carson 90746,3F175B1E-794E-40A3-B093-135F367123DB_1637_E_Fernrock_St_Carson_90746,Fernrock,1637 E Fernrock Street St Carson 90746,,,,
2105,3459,,,,18709.0,,,South,,,Wall,Street,,,,,,,,,,,,,90746.0,,Carson,Carson,,,,,Carson GIS,{0B74399A-DF1B-4101-8C34-67FFD80C94E2},0,,0B74399A-DF1B-4101-8C34-67FFD80C94E2,Unknown,,S,,,St,S Wall St,2015/03/24 09:32:55+00,18709 S Wall St Carson 90746,0B74399A-DF1B-4101-8C34-67FFD80C94E2_18709_S_Wall_St_Carson_90746,Wall,18709 S Wall Street St Carson 90746,,,,
2107,3462,,,,1355.0,,,East,,,Gladwick,Street,,,,,,,,,,,,,90746.0,,Carson,Carson,,,,,Carson GIS,{2B440EFC-8B1C-4618-9BD7-3EC6C0DBF518},0,,2B440EFC-8B1C-4618-9BD7-3EC6C0DBF518,Unknown,,E,,,St,E Gladwick St,2015/03/24 09:32:55+00,1355 E Gladwick St Carson 90746,2B440EFC-8B1C-4618-9BD7-3EC6C0DBF518_1355_E_Gladwick_St_Carson_90746,Gladwick,1355 E Gladwick Street St Carson 90746,,,,
2112,3469,,,,18809.0,,,South,,,Mettler,Avenue,,,,,,,,,,,,,90746.0,,Carson,Carson,,,,,Carson GIS,{7656C8E7-4BAA-4098-9819-B55868C370AC},0,,7656C8E7-4BAA-4098-9819-B55868C370AC,Unknown,,S,,,Ave,S Mettler Ave,2015/03/24 09:32:55+00,18809 S Mettler Ave Carson 90746,7656C8E7-4BAA-4098-9819-B55868C370AC_18809_S_Mettler_Ave_Carson_90746,Mettler,18809 S Mettler Avenue Ave Carson 90746,,,,
2121,3492,,,,17343.0,,,South,,,Bonham,Avenue,,,,,,,,,,,,,90746.0,,Carson,Carson,,,,,Carson GIS,{909ECB4E-1B0B-4D2A-A295-294E0B7994BC},0,,909ECB4E-1B0B-4D2A-A295-294E0B7994BC,Unknown,,S,,,Ave,S Bonham Ave,2015/03/24 09:32:55+00,17343 S Bonham Ave Carson 90746,909ECB4E-1B0B-4D2A-A295-294E0B7994BC_17343_S_Bonham_Ave_Carson_90746,Bonham,17343 S Bonham Avenue Ave Carson 90746,,,,
2127,3498,,,,20021.0,,,South,,,Campaign,Drive,,,,,,,,,,,,,90746.0,,Carson,Carson,,,,,Carson GIS,{7A537943-8277-43B6-ABCD-4D8733E98CED},0,,7A537943-8277-43B6-ABCD-4D8733E98CED,Unknown,,S,,,Dr,S Campaign Dr,2015/03/24 09:32:55+00,20021 S Campaign Dr Carson 90746,7A537943-8277-43B6-ABCD-4D8733E98CED_20021_S_Campaign_Dr_Carson_90746,Campaign,20021 S Campaign Drive Dr Carson 90746,,,,
2130,3505,,,,1237.0,,,East,,,McKool,Circle,,,,,,,,,,,,,90746.0,,Carson,Carson,,,,,Carson GIS,{92731A51-C807-4358-9D36-3240CDA4F456},0,,92731A51-C807-4358-9D36-3240CDA4F456,Unknown,,E,,,Cir,E McKool Cir,2015/03/24 09:32:55+00,1237 E McKool Cir Carson 90746,92731A51-C807-4358-9D36-3240CDA4F456_1237_E_McKool_Cir_Carson_90746,McKool,1237 E McKool Circle Cir Carson 90746,,,,
2141,3520,,,,1540.0,,,East,,,Cyrene,Drive,,,,,,,,,,,,,90746.0,,Carson,Carson,,,,,Carson GIS,{1ECD5FE5-3D98-4074-B7C2-CE35B64E159F},0,,1ECD5FE5-3D98-4074-B7C2-CE35B64E159F,Unknown,,E,,,Dr,E Cyrene Dr,2015/03/24 09:32:55+00,1540 E Cyrene Dr Carson 90746,1ECD5FE5-3D98-4074-B7C2-CE35B64E159F_1540_E_Cyrene_Dr_Carson_90746,Cyrene,1540 E Cyrene Drive Dr Carson 90746,,,,
2148,3529,,,,16921.0,,,South,,,Belforest,Drive,,,,,,,,,,,,,90746.0,,Carson,Carson,,,,,Carson GIS,{671D3CBF-6303-4083-99A4-6DA28286C02C},0,,671D3CBF-6303-4083-99A4-6DA28286C02C,Unknown,,S,,,Dr,S Belforest Dr,2015/03/24 09:32:55+00,16921 S Belforest Dr Carson 90746,671D3CBF-6303-4083-99A4-6DA28286C02C_16921_S_Belforest_Dr_Carson_90746,Belforest,16921 S Belforest Drive Dr Carson 90746,,,,
2164,3560,,,,19009.0,,,South,,,Andmark,Avenue,,,,,,,,,,,,,90746.0,,Carson,Carson,,,,,Carson GIS,{01D2308C-CAF8-4135-93B1-32FF3CE178AD},0,,01D2308C-CAF8-4135-93B1-32FF3CE178AD,Unknown,,S,,,Ave,S Andmark Ave,2015/03/24 09:32:55+00,19009 S Andmark Ave Carson 90746,01D2308C-CAF8-4135-93B1-32FF3CE178AD_19009_S_Andmark_Ave_Carson_90746,Andmark,19009 S Andmark Avenue Ave Carson 90746,,,,
2165,3562,,,,163.0,,,East,,,Selandia,Lane,,,,,,,,,,,,,90746.0,,Carson,Carson,,,,,Carson GIS,{6066101A-D87F-4B3B-9ED5-7042A36C61E0},0,,6066101A-D87F-4B3B-9ED5-7042A36C61E0,Unknown,,E,,,Ln,E Selandia Ln,2015/03/24 09:32:55+00,163 E Selandia Ln Carson 90746,6066101A-D87F-4B3B-9ED5-7042A36C61E0_163_E_Selandia_Ln_Carson_90746,Selandia,163 E Selandia Lane Ln Carson 90746,,,,
2167,3566,,,,1881.0,,,East,,,Turmont,Street,,,,,,,,,,,,,90746.0,,Carson,Carson,,,,,Carson GIS,{CDF4F501-7273-4480-BF93-931810FD4E33},0,,CDF4F501-7273-4480-BF93-931810FD4E33,Unknown,,E,,,St,E Turmont St,2015/03/24 09:32:55+00,1881 E Turmont St Carson 90746,CDF4F501-7273-4480-BF93-931810FD4E33_1881_E_Turmont_St_Carson_90746,Turmont,1881 E Turmont Street St Carson 90746,,,,
2175,3578,,,,19307.0,,,South,,,Harlan,Avenue,,,,,,,,,,,,,90746.0,,Carson,Carson,,,,,Carson GIS,{29072092-C5B9-4CC6-AD35-75F8AA63E0EE},0,,29072092-C5B9-4CC6-AD35-75F8AA63E0EE,Unknown,,S,,,Ave,S Harlan Ave,2015/03/24 09:32:55+00,19307 S Harlan Ave Carson 90746,29072092-C5B9-4CC6-AD35-75F8AA63E0EE_19307_S_Harlan_Ave_Carson_90746,Harlan,19307 S Harlan Avenue Ave Carson 90746,,,,
2183,3592,,,,18412.0,,,South,,,Coltman,Avenue,,,,,,,,,,,,,90746.0,,Carson,Carson,,,,,Carson GIS,{7159FDDA-C9C2-40C3-A7FE-0FFDC5659B70},0,,7159FDDA-C9C2-40C3-A7FE-0FFDC5659B70,Unknown,,S,,,Ave,S Coltman Ave,2015/03/24 09:32:55+00,18412 S Coltman Ave Carson 90746,7159FDDA-C9C2-40C3-A7FE-0FFDC5659B70_18412_S_Coltman_Ave_Carson_90746,Coltman,18412 S Coltman Avenue Ave Carson 90746,,,,
2187,3598,,,,20639.0,,,South,,,Belshaw,Avenue,,,,,,,,,,,,,90746.0,,Carson,Carson,,,,,Carson GIS,{D64CF6CD-EEEE-4E1A-9A8B-9EE46F08C3D1},0,,D64CF6CD-EEEE-4E1A-9A8B-9EE46F08C3D1,Unknown,,S,,,Ave,S Belshaw Ave,2015/03/24 09:32:55+00,20639 S Belshaw Ave Carson 90746,D64CF6CD-EEEE-4E1A-9A8B-9EE46F08C3D1_20639_S_Belshaw_Ave_Carson_90746,Belshaw,20639 S Belshaw Avenue Ave Carson 90746,,,,
2188,3599,,,,1050.0,,,East,,,Helmick,Street,,,,,,,,,,,,,90746.0,,Carson,Carson,,,,,Carson GIS,{AB0F0D3C-D1F0-4F2E-A102-6DD2F68F6031},0,,AB0F0D3C-D1F0-4F2E-A102-6DD2F68F6031,Unknown,,E,,,St,E Helmick St,2015/03/24 09:32:55+00,1050 E Helmick St Carson 90746,AB0F0D3C-D1F0-4F2E-A102-6DD2F68F6031_1050_E_Helmick_St_Carson_90746,Helmick,1050 E Helmick Street St Carson 90746,,,,
2213,3633,,,,402.0,,,East,,,189th,Street,,,,,,,,,,,,,90746.0,,Carson,Carson,,,,,Carson GIS,{890E853D-B8A2-426A-8E82-7CE1EE11BD2C},0,,890E853D-B8A2-426A-8E82-7CE1EE11BD2C,Unknown,,E,,,St,E 189th St,2015/03/24 09:32:55+00,402 E 189th St Carson 90746,890E853D-B8A2-426A-8E82-7CE1EE11BD2C_402_E_189th_St_Carson_90746,189th,402 E 189th Street St Carson 90746,,,,
2225,3647,,,,18709.0,,,South,,,Crocker,Avenue,,,,,,,,,,,,,90746.0,,Carson,Carson,,,,,Carson GIS,{270D5258-921F-4263-8FC1-CA95ADFC7B55},0,,270D5258-921F-4263-8FC1-CA95ADFC7B55,Unknown,,S,,,Ave,S Crocker Ave,2015/03/24 09:32:55+00,18709 S Crocker Ave Carson 90746,270D5258-921F-4263-8FC1-CA95ADFC7B55_18709_S_Crocker_Ave_Carson_90746,Crocker,18709 S Crocker Avenue Ave Carson 90746,,,,
2229,3653,,,,20321.0,,,South,,,Amantha,Avenue,,,,,,,,,,,,,90746.0,,Carson,Carson,,,,,Carson GIS,{8BA15AE2-7A31-4D7C-AAAB-F06EFB739725},0,,8BA15AE2-7A31-4D7C-AAAB-F06EFB739725,Unknown,,S,,,Ave,S Amantha Ave,2015/03/24 09:32:55+00,20321 S Amantha Ave Carson 90746,8BA15AE2-7A31-4D7C-AAAB-F06EFB739725_20321_S_Amantha_Ave_Carson_90746,Amantha,20321 S Amantha Avenue Ave Carson 90746,,,,
2231,3655,,,,18427.0,,,South,,,Coltman,Avenue,,,,,,,,,,,,,90746.0,,Carson,Carson,,,,,Carson GIS,{28280A52-41F5-4F78-92E3-D7B08D9C178B},0,,28280A52-41F5-4F78-92E3-D7B08D9C178B,Unknown,,S,,,Ave,S Coltman Ave,2015/03/24 09:32:55+00,18427 S Coltman Ave Carson 90746,28280A52-41F5-4F78-92E3-D7B08D9C178B_18427_S_Coltman_Ave_Carson_90746,Coltman,18427 S Coltman Avenue Ave Carson 90746,,,,
2234,3659,,,,17221.0,,,South,,,Ambler,Avenue,,,,,,,,,,,,,90746.0,,Carson,Carson,,,,,Carson GIS,{DE33ECC8-D243-4B51-9E0B-50F6615BD691},0,,DE33ECC8-D243-4B51-9E0B-50F6615BD691,Unknown,,S,,,Ave,S Ambler Ave,2015/03/24 09:32:55+00,17221 S Ambler Ave Carson 90746,DE33ECC8-D243-4B51-9E0B-50F6615BD691_17221_S_Ambler_Ave_Carson_90746,Ambler,17221 S Ambler Avenue Ave Carson 90746,,,,
2247,3681,,,,412.0,,,East,,,Cassidy,Street,,,,,,,,,,,,,90746.0,,Carson,Carson,,,,,Carson GIS,{52D4B356-E5E1-416D-A79D-767682F635DE},0,,52D4B356-E5E1-416D-A79D-767682F635DE,Unknown,,E,,,St,E Cassidy St,2015/03/24 09:32:55+00,412 E Cassidy St Carson 90746,52D4B356-E5E1-416D-A79D-767682F635DE_412_E_Cassidy_St_Carson_90746,Cassidy,412 E Cassidy Street St Carson 90746,,,,
2248,3682,,,,525.0,,,East,,,Cassidy,Street,,,,,,,,,,,,,90746.0,,Carson,Carson,,,,,Carson GIS,{C6FEC3D2-346D-44C0-9401-61B2FCFDAEA2},0,,C6FEC3D2-346D-44C0-9401-61B2FCFDAEA2,Unknown,,E,,,St,E Cassidy St,2015/03/24 09:32:55+00,525 E Cassidy St Carson 90746,C6FEC3D2-346D-44C0-9401-61B2FCFDAEA2_525_E_Cassidy_St_Carson_90746,Cassidy,525 E Cassidy Street St Carson 90746,,,,
2270,3713,,,,18110.0,,,South,,,Mettler,Avenue,,,,,,,,,,,,,90746.0,,Carson,Carson,,,,,Carson GIS,{70E2A8C2-D514-41D6-A111-5CD050F81BFF},0,,70E2A8C2-D514-41D6-A111-5CD050F81BFF,Unknown,,S,,,Ave,S Mettler Ave,2015/03/24 09:32:55+00,18110 S Mettler Ave Carson 90746,70E2A8C2-D514-41D6-A111-5CD050F81BFF_18110_S_Mettler_Ave_Carson_90746,Mettler,18110 S Mettler Avenue Ave Carson 90746,,,,
2271,3714,,,,19826.0,,,South,,,Dalfsen,Avenue,,,,,,,,,,,,,90746.0,,Carson,Carson,,,,,Carson GIS,{000441B2-738F-4661-9F0A-65B894C93001},0,,000441B2-738F-4661-9F0A-65B894C93001,Unknown,,S,,,Ave,S Dalfsen Ave,2015/03/24 09:32:55+00,19826 S Dalfsen Ave Carson 90746,000441B2-738F-4661-9F0A-65B894C93001_19826_S_Dalfsen_Ave_Carson_90746,Dalfsen,19826 S Dalfsen Avenue Ave Carson 90746,,,,
2286,3739,,,,19312.0,,,South,,,Northwood,Avenue,,,,,,,,,,,,,90746.0,,Carson,Carson,,,,,Carson GIS,{BA150A04-CFA9-406C-B689-9378AF4FD87E},0,,BA150A04-CFA9-406C-B689-9378AF4FD87E,Unknown,,S,,,Ave,S Northwood Ave,2015/03/24 09:32:55+00,19312 S Northwood Ave Carson 90746,BA150A04-CFA9-406C-B689-9378AF4FD87E_19312_S_Northwood_Ave_Carson_90746,Northwood,19312 S Northwood Avenue Ave Carson 90746,,,,
2289,3744,,,,531.0,,,East,,,Cassidy,Street,,,,,,,,,,,,,90746.0,,Carson,Carson,,,,,Carson GIS,{9D68322C-38C5-4070-AE00-C247556883A2},0,,9D68322C-38C5-4070-AE00-C247556883A2,Unknown,,E,,,St,E Cassidy St,2015/03/24 09:32:55+00,531 E Cassidy St Carson 90746,9D68322C-38C5-4070-AE00-C247556883A2_531_E_Cassidy_St_Carson_90746,Cassidy,531 E Cassidy Street St Carson 90746,,,,
2290,3745,,,,554.0,,,East,,,Cassidy,Street,,,,,,,,,,,,,90746.0,,Carson,Carson,,,,,Carson GIS,{ECDE25ED-EBCC-42D6-8AE7-E0DA12FB70FF},0,,ECDE25ED-EBCC-42D6-8AE7-E0DA12FB70FF,Unknown,,E,,,St,E Cassidy St,2015/03/24 09:32:55+00,554 E Cassidy St Carson 90746,ECDE25ED-EBCC-42D6-8AE7-E0DA12FB70FF_554_E_Cassidy_St_Carson_90746,Cassidy,554 E Cassidy Street St Carson 90746,,,,
2292,3748,,,,1828.0,,,East,,,Fernrock,Street,,,,,,,,,,,,,90746.0,,Carson,Carson,,,,,Carson GIS,{DD5C434B-B92E-4C44-BE56-435F3CE1525E},0,,DD5C434B-B92E-4C44-BE56-435F3CE1525E,Unknown,,E,,,St,E Fernrock St,2015/03/24 09:32:55+00,1828 E Fernrock St Carson 90746,DD5C434B-B92E-4C44-BE56-435F3CE1525E_1828_E_Fernrock_St_Carson_90746,Fernrock,1828 E Fernrock Street St Carson 90746,,,,
2303,3762,,,,18209.0,,,South,,,Cairo,Avenue,,,,,,,,,,,,,90746.0,,Carson,Carson,,,,,Carson GIS,{02A8C770-56E1-4852-B1F3-0D2EC06E1C0E},0,,02A8C770-56E1-4852-B1F3-0D2EC06E1C0E,Unknown,,S,,,Ave,S Cairo Ave,2015/03/24 09:32:55+00,18209 S Cairo Ave Carson 90746,02A8C770-56E1-4852-B1F3-0D2EC06E1C0E_18209_S_Cairo_Ave_Carson_90746,Cairo,18209 S Cairo Avenue Ave Carson 90746,,,,
2304,3763,,,,402.0,,,East,,,Victoria,Street,,,,,,,,,,,,,90746.0,,Carson,Carson,,,,,Carson GIS,{E4CE5BD6-219F-43AD-A6AD-3445BEE005F2},0,,E4CE5BD6-219F-43AD-A6AD-3445BEE005F2,Unknown,,E,,,St,E Victoria St,2015/03/24 09:32:55+00,402 E Victoria St Carson 90746,E4CE5BD6-219F-43AD-A6AD-3445BEE005F2_402_E_Victoria_St_Carson_90746,Victoria,402 E Victoria Street St Carson 90746,,,,
2305,3764,,,,350.0,,,East,,,Centerview,Drive,,,,,,,,,,,,,90746.0,,Carson,Carson,,,,,Carson GIS,{ACA0243C-977F-4100-958E-CBC7519C324D},0,,ACA0243C-977F-4100-958E-CBC7519C324D,Unknown,,E,,,Dr,E Centerview Dr,2015/03/24 09:32:55+00,350 E Centerview Dr Carson 90746,ACA0243C-977F-4100-958E-CBC7519C324D_350_E_Centerview_Dr_Carson_90746,Centerview,350 E Centerview Drive Dr Carson 90746,,,,
2321,3802,,,,19019.0,,,South,,,Andmark,Avenue,,,,,,,,,,,,,90746.0,,Carson,Carson,,,,,Carson GIS,{F2850351-0DB9-4821-922E-7FEAEED53690},0,,F2850351-0DB9-4821-922E-7FEAEED53690,Unknown,,S,,,Ave,S Andmark Ave,2015/03/24 09:32:55+00,19019 S Andmark Ave Carson 90746,F2850351-0DB9-4821-922E-7FEAEED53690_19019_S_Andmark_Ave_Carson_90746,Andmark,19019 S Andmark Avenue Ave Carson 90746,,,,
2322,3803,,,,1459.0,,,East,,,Helmick,Street,,,,,,,,,,,,,90746.0,,Carson,Carson,,,,,Carson GIS,{DE894F6F-83CA-4513-92CC-1B8226B59F76},0,,DE894F6F-83CA-4513-92CC-1B8226B59F76,Unknown,,E,,,St,E Helmick St,2015/03/24 09:32:55+00,1459 E Helmick St Carson 90746,DE894F6F-83CA-4513-92CC-1B8226B59F76_1459_E_Helmick_St_Carson_90746,Helmick,1459 E Helmick Street St Carson 90746,,,,
2324,3808,,,,20312.0,,,South,,,Annalee,Avenue,,,,,,,,,,,,,90746.0,,Carson,Carson,,,,,Carson GIS,{C0FDD75E-80EF-4E45-BFB3-04C8017A52EA},0,,C0FDD75E-80EF-4E45-BFB3-04C8017A52EA,Unknown,,S,,,Ave,S Annalee Ave,2015/03/24 09:32:55+00,20312 S Annalee Ave Carson 90746,C0FDD75E-80EF-4E45-BFB3-04C8017A52EA_20312_S_Annalee_Ave_Carson_90746,Annalee,20312 S Annalee Avenue Ave Carson 90746,,,,
2325,3810,,,,356.0,,,East,,,Victoria,Street,,,,,,,,,,,,,90746.0,,Carson,Carson,,,,,Carson GIS,{3F4AB4BA-6C68-48F3-BDD1-0E80A5863B47},0,,3F4AB4BA-6C68-48F3-BDD1-0E80A5863B47,Unknown,,E,,,St,E Victoria St,2015/03/24 09:32:55+00,356 E Victoria St Carson 90746,3F4AB4BA-6C68-48F3-BDD1-0E80A5863B47_356_E_Victoria_St_Carson_90746,Victoria,356 E Victoria Street St Carson 90746,,,,
2328,3818,,,,501.0,,,East,,,Albertoni,Street,,,,,,,,,,,Number,A,90746.0,,Carson,Carson,,,,,Carson GIS,{A2D45A23-9153-4FC9-80A9-64C5A132AF57},0,,A2D45A23-9153-4FC9-80A9-64C5A132AF57,Unknown,,E,,,St,E Albertoni St,2018/04/04 16:54:53+00,501 E Albertoni St Number A Carson 90746,A2D45A23-9153-4FC9-80A9-64C5A132AF57_501_E_Albertoni_St_Number_A_Carson_90746,Albertoni,501 E Albertoni Street St Number A Carson 90746,,,,
2341,3845,,,,17211.0,,,South,,,Ambler,Avenue,,,,,,,,,,,,,90746.0,,Carson,Carson,,,,,Carson GIS,{237D95C2-162A-4980-8A1E-2A59EEEE4FA2},0,,237D95C2-162A-4980-8A1E-2A59EEEE4FA2,Unknown,,S,,,Ave,S Ambler Ave,2015/03/24 09:32:55+00,17211 S Ambler Ave Carson 90746,237D95C2-162A-4980-8A1E-2A59EEEE4FA2_17211_S_Ambler_Ave_Carson_90746,Ambler,17211 S Ambler Avenue Ave Carson 90746,,,,
2350,3864,,,,430.0,,,East,,,184th,Street,,,,,,,,,,,,,90746.0,,Carson,Carson,,,,,Carson GIS,{31243A68-19FD-47BA-A098-9E466D121674},0,,31243A68-19FD-47BA-A098-9E466D121674,Unknown,,E,,,St,E 184th St,2015/03/24 09:32:55+00,430 E 184th St Carson 90746,31243A68-19FD-47BA-A098-9E466D121674_430_E_184th_St_Carson_90746,184th,430 E 184th Street St Carson 90746,,,,
2370,3892,,,,20028.0,,,South,,,Cliveden,Avenue,,,,,,,,,,,,,90746.0,,Carson,Carson,,,,,Carson GIS,{1A184541-0C03-41E4-95FA-E0DEED213333},0,,1A184541-0C03-41E4-95FA-E0DEED213333,Unknown,,S,,,Ave,S Cliveden Ave,2015/03/24 09:32:55+00,20028 S Cliveden Ave Carson 90746,1A184541-0C03-41E4-95FA-E0DEED213333_20028_S_Cliveden_Ave_Carson_90746,Cliveden,20028 S Cliveden Avenue Ave Carson 90746,,,,
2383,3911,,,,20008.0,,,South,,,Midtown,Avenue,,,,,,,,,,,,,90746.0,,Carson,Carson,,,,,Carson GIS,{FCCE5E83-AD9B-4999-BB44-A2AC99DB8E8E},0,,FCCE5E83-AD9B-4999-BB44-A2AC99DB8E8E,Unknown,,S,,,Ave,S Midtown Ave,2015/03/24 09:32:55+00,20008 S Midtown Ave Carson 90746,FCCE5E83-AD9B-4999-BB44-A2AC99DB8E8E_20008_S_Midtown_Ave_Carson_90746,Midtown,20008 S Midtown Avenue Ave Carson 90746,,,,
2384,3912,,,,18213.0,,,South,,,Towne,Avenue,,,,,,,,,,,,,90746.0,,Carson,Carson,,,,,Carson GIS,{01D5AFBE-8350-45CA-BBDD-60A7B3A8E66C},0,,01D5AFBE-8350-45CA-BBDD-60A7B3A8E66C,Unknown,,S,,,Ave,S Towne Ave,2015/03/24 09:32:55+00,18213 S Towne Ave Carson 90746,01D5AFBE-8350-45CA-BBDD-60A7B3A8E66C_18213_S_Towne_Ave_Carson_90746,Towne,18213 S Towne Avenue Ave Carson 90746,,,,
2394,3933,,,,870.0,,,East,,,Gladwick,Street,,,,,,,,,,,,,90746.0,,Carson,Carson,,,,,Carson GIS,{8BB69DD1-8110-4DF9-8CB3-6099CD9F382A},0,,8BB69DD1-8110-4DF9-8CB3-6099CD9F382A,Unknown,,E,,,St,E Gladwick St,2015/03/24 09:32:55+00,870 E Gladwick St Carson 90746,8BB69DD1-8110-4DF9-8CB3-6099CD9F382A_870_E_Gladwick_St_Carson_90746,Gladwick,870 E Gladwick Street St Carson 90746,,,,
2395,3940,,,,19402.0,,,South,,,Northwood,Avenue,,,,,,,,,,,,,90746.0,,Carson,Carson,,,,,Carson GIS,{1661A3A1-BAB0-436F-8FB8-8A1481F87A6D},0,,1661A3A1-BAB0-436F-8FB8-8A1481F87A6D,Unknown,,S,,,Ave,S Northwood Ave,2015/03/24 09:32:55+00,19402 S Northwood Ave Carson 90746,1661A3A1-BAB0-436F-8FB8-8A1481F87A6D_19402_S_Northwood_Ave_Carson_90746,Northwood,19402 S Northwood Avenue Ave Carson 90746,,,,
2397,3942,,,,1439.0,,,East,,,Gladwick,Street,,,,,,,,,,,,,90746.0,,Carson,Carson,,,,,Carson GIS,{9B39640A-B851-4937-9409-9A0274BF1CD1},0,,9B39640A-B851-4937-9409-9A0274BF1CD1,Unknown,,E,,,St,E Gladwick St,2015/03/24 09:32:55+00,1439 E Gladwick St Carson 90746,9B39640A-B851-4937-9409-9A0274BF1CD1_1439_E_Gladwick_St_Carson_90746,Gladwick,1439 E Gladwick Street St Carson 90746,,,,
2398,3943,,,,912.0,,,East,,,Denwall,Drive,,,,,,,,,,,,,90746.0,,Carson,Carson,,,,,Carson GIS,{5B19A840-B663-4C32-9E7F-1DA893AA1E9D},0,,5B19A840-B663-4C32-9E7F-1DA893AA1E9D,Unknown,,E,,,Dr,E Denwall Dr,2015/03/24 09:32:55+00,912 E Denwall Dr Carson 90746,5B19A840-B663-4C32-9E7F-1DA893AA1E9D_912_E_Denwall_Dr_Carson_90746,Denwall,912 E Denwall Drive Dr Carson 90746,,,,
2400,3945,,,,18812.0,,,South,,,Ambler,Avenue,,,,,,,,,,,,,90746.0,,Carson,Carson,,,,,Carson GIS,{C2912998-050B-48E7-8018-0FBEF7901CE5},0,,C2912998-050B-48E7-8018-0FBEF7901CE5,Unknown,,S,,,Ave,S Ambler Ave,2015/03/24 09:32:55+00,18812 S Ambler Ave Carson 90746,C2912998-050B-48E7-8018-0FBEF7901CE5_18812_S_Ambler_Ave_Carson_90746,Ambler,18812 S Ambler Avenue Ave Carson 90746,,,,
2404,3951,,,,137.0,,,East,,,Savarona,Way,,,,,,,,,,,,,90746.0,,Carson,Carson,,,,,Carson GIS,{5A926954-266D-46D9-AACC-37E7FDD31448},0,,5A926954-266D-46D9-AACC-37E7FDD31448,Unknown,,E,,,Wy,E Savarona Wy,2015/03/24 09:32:55+00,137 E Savarona Wy Carson 90746,5A926954-266D-46D9-AACC-37E7FDD31448_137_E_Savarona_Wy_Carson_90746,Savarona,137 E Savarona Way Wy Carson 90746,,,,
2414,3975,,,,19703.0,,,South,,,Annalee,Avenue,,,,,,,,,,,,,90746.0,,Carson,Carson,,,,,Carson GIS,{4074BADF-8B0E-43DD-93CD-72598C3FA695},0,,4074BADF-8B0E-43DD-93CD-72598C3FA695,Unknown,,S,,,Ave,S Annalee Ave,2015/03/24 09:32:55+00,19703 S Annalee Ave Carson 90746,4074BADF-8B0E-43DD-93CD-72598C3FA695_19703_S_Annalee_Ave_Carson_90746,Annalee,19703 S Annalee Avenue Ave Carson 90746,,,,
2416,3977,,,,1890.0,,,East,,,Denwall,Drive,,,,,,,,,,,,,90746.0,,Carson,Carson,,,,,Carson GIS,{8B25C187-271B-4233-B1F8-914CE5B13A52},0,,8B25C187-271B-4233-B1F8-914CE5B13A52,Unknown,,E,,,Dr,E Denwall Dr,2015/03/24 09:32:55+00,1890 E Denwall Dr Carson 90746,8B25C187-271B-4233-B1F8-914CE5B13A52_1890_E_Denwall_Dr_Carson_90746,Denwall,1890 E Denwall Drive Dr Carson 90746,,,,
2427,3991,,,,20203.0,,,South,,,Campaign,Drive,,,,,,,,,,,,,90746.0,,Carson,Carson,,,,,Carson GIS,{17FC3983-5B0E-4A35-B632-BAF010377DA8},0,,17FC3983-5B0E-4A35-B632-BAF010377DA8,Unknown,,S,,,Dr,S Campaign Dr,2015/03/24 09:32:55+00,20203 S Campaign Dr Carson 90746,17FC3983-5B0E-4A35-B632-BAF010377DA8_20203_S_Campaign_Dr_Carson_90746,Campaign,20203 S Campaign Drive Dr Carson 90746,,,,
2428,3996,,,,973.0,,,East,,,Gladwick,Street,,,,,,,,,,,,,90746.0,,Carson,Carson,,,,,Carson GIS,{0322AB3D-0A19-4CAF-A015-CF9CF9A8DC91},0,,0322AB3D-0A19-4CAF-A015-CF9CF9A8DC91,Unknown,,E,,,St,E Gladwick St,2015/03/24 09:32:55+00,973 E Gladwick St Carson 90746,0322AB3D-0A19-4CAF-A015-CF9CF9A8DC91_973_E_Gladwick_St_Carson_90746,Gladwick,973 E Gladwick Street St Carson 90746,,,,
2438,4016,,,,1047.0,,,East,,,Gladwick,Street,,,,,,,,,,,,,90746.0,,Carson,Carson,,,,,Carson GIS,{A89D9A65-CA0E-49C5-9E83-ADCC68A9706C},0,,A89D9A65-CA0E-49C5-9E83-ADCC68A9706C,Unknown,,E,,,St,E Gladwick St,2015/03/24 09:32:55+00,1047 E Gladwick St Carson 90746,A89D9A65-CA0E-49C5-9E83-ADCC68A9706C_1047_E_Gladwick_St_Carson_90746,Gladwick,1047 E Gladwick Street St Carson 90746,,,,
2455,4043,,,,18635.0,,,South,,,Milmore,Avenue,,,,,,,,,,,,,90746.0,,Carson,Carson,,,,,Carson GIS,{03FAFD6A-8658-464E-88BD-7C50A42C5349},0,,03FAFD6A-8658-464E-88BD-7C50A42C5349,Unknown,,S,,,Ave,S Milmore Ave,2015/03/24 09:32:55+00,18635 S Milmore Ave Carson 90746,03FAFD6A-8658-464E-88BD-7C50A42C5349_18635_S_Milmore_Ave_Carson_90746,Milmore,18635 S Milmore Avenue Ave Carson 90746,,,,
2457,4048,,,,434.0,,,East,,,185th,Street,,,,,,,,,,,,,90746.0,,Carson,Carson,,,,,Carson GIS,{09827715-05A1-4AA8-A477-1779979C19A5},0,,09827715-05A1-4AA8-A477-1779979C19A5,Unknown,,E,,,St,E 185th St,2015/03/24 09:32:55+00,434 E 185th St Carson 90746,09827715-05A1-4AA8-A477-1779979C19A5_434_E_185th_St_Carson_90746,185th,434 E 185th Street St Carson 90746,,,,
2460,4055,,,,1318.0,,,East,,,Helmick,Street,,,,,,,,,,,,,90746.0,,Carson,Carson,,,,,Carson GIS,{54630435-F053-4D9F-B512-306403BA30AB},0,,54630435-F053-4D9F-B512-306403BA30AB,Unknown,,E,,,St,E Helmick St,2015/03/24 09:32:55+00,1318 E Helmick St Carson 90746,54630435-F053-4D9F-B512-306403BA30AB_1318_E_Helmick_St_Carson_90746,Helmick,1318 E Helmick Street St Carson 90746,,,,
2474,4074,,,,1884.0,,,East,,,Cyrene,Drive,,,,,,,,,,,,,90746.0,,Carson,Carson,,,,,Carson GIS,{5AA10842-B1CF-4445-8C94-15A7511A0B0A},0,,5AA10842-B1CF-4445-8C94-15A7511A0B0A,Unknown,,E,,,Dr,E Cyrene Dr,2015/03/24 09:32:55+00,1884 E Cyrene Dr Carson 90746,5AA10842-B1CF-4445-8C94-15A7511A0B0A_1884_E_Cyrene_Dr_Carson_90746,Cyrene,1884 E Cyrene Drive Dr Carson 90746,,,,
2481,4082,,,,18315.0,,,South,,,Wall,Street,,,,,,,,,,,,,90746.0,,Carson,Carson,,,,,Carson GIS,{005C01D9-FB3D-4366-B827-C66DB5D232BC},0,,005C01D9-FB3D-4366-B827-C66DB5D232BC,Unknown,,S,,,St,S Wall St,2015/03/24 09:32:55+00,18315 S Wall St Carson 90746,005C01D9-FB3D-4366-B827-C66DB5D232BC_18315_S_Wall_St_Carson_90746,Wall,18315 S Wall Street St Carson 90746,,,,
2497,4110,,,,843.0,,,East,,,Gladwick,Street,,,,,,,,,,,,,90746.0,,Carson,Carson,,,,,Carson GIS,{EDE8D07F-002D-4046-B00E-E08FF5F63303},0,,EDE8D07F-002D-4046-B00E-E08FF5F63303,Unknown,,E,,,St,E Gladwick St,2015/03/24 09:32:55+00,843 E Gladwick St Carson 90746,EDE8D07F-002D-4046-B00E-E08FF5F63303_843_E_Gladwick_St_Carson_90746,Gladwick,843 E Gladwick Street St Carson 90746,,,,
2503,4121,,,,1845.0,,,East,,,Cyrene,Drive,,,,,,,,,,,,,90746.0,,Carson,Carson,,,,,Carson GIS,{84D8CE2B-E8FB-4B0A-81CC-FAC660226003},0,,84D8CE2B-E8FB-4B0A-81CC-FAC660226003,Unknown,,E,,,Dr,E Cyrene Dr,2015/03/24 09:32:55+00,1845 E Cyrene Dr Carson 90746,84D8CE2B-E8FB-4B0A-81CC-FAC660226003_1845_E_Cyrene_Dr_Carson_90746,Cyrene,1845 E Cyrene Drive Dr Carson 90746,,,,
2507,4127,,,,20308.0,,,South,,,Amantha,Avenue,,,,,,,,,,,,,90746.0,,Carson,Carson,,,,,Carson GIS,{60A89FD4-D08D-40FD-A23A-B0E1A1056777},0,,60A89FD4-D08D-40FD-A23A-B0E1A1056777,Unknown,,S,,,Ave,S Amantha Ave,2015/03/24 09:32:55+00,20308 S Amantha Ave Carson 90746,60A89FD4-D08D-40FD-A23A-B0E1A1056777_20308_S_Amantha_Ave_Carson_90746,Amantha,20308 S Amantha Avenue Ave Carson 90746,,,,
2508,4128,,,,1540.0,,,East,,,Turmont,Street,,,,,,,,,,,,,90746.0,,Carson,Carson,,,,,Carson GIS,{E3595610-1615-42F3-8DC3-EE684A0A4B89},0,,E3595610-1615-42F3-8DC3-EE684A0A4B89,Unknown,,E,,,St,E Turmont St,2015/03/24 09:32:55+00,1540 E Turmont St Carson 90746,E3595610-1615-42F3-8DC3-EE684A0A4B89_1540_E_Turmont_St_Carson_90746,Turmont,1540 E Turmont Street St Carson 90746,,,,
2515,4138,,,,18509.0,,,South,,,Avalon,Boulevard,,,,,,,,,,,,,90746.0,,Carson,Carson,,,,,Carson GIS,{A3FA6D93-0424-4745-8BE1-47081D118F5B},0,,A3FA6D93-0424-4745-8BE1-47081D118F5B,Unknown,,S,,,Blvd,S Avalon Blvd,2015/03/24 09:32:55+00,18509 S Avalon Blvd Carson 90746,A3FA6D93-0424-4745-8BE1-47081D118F5B_18509_S_Avalon_Blvd_Carson_90746,Avalon,18509 S Avalon Boulevard Blvd Carson 90746,,,,
2516,4139,,,,1402.0,,,East,,,Helmick,Street,,,,,,,,,,,,,90746.0,,Carson,Carson,,,,,Carson GIS,{35DB84A1-31BF-4372-9C47-DBE12192829C},0,,35DB84A1-31BF-4372-9C47-DBE12192829C,Unknown,,E,,,St,E Helmick St,2015/03/24 09:32:55+00,1402 E Helmick St Carson 90746,35DB84A1-31BF-4372-9C47-DBE12192829C_1402_E_Helmick_St_Carson_90746,Helmick,1402 E Helmick Street St Carson 90746,,,,
2519,4146,,,,19919.0,,,South,,,Enslow,Drive,,,,,,,,,,,,,90746.0,,Carson,Carson,,,,,Carson GIS,{08EF04D5-FDD3-4B56-9515-1AA6745AEF8A},0,,08EF04D5-FDD3-4B56-9515-1AA6745AEF8A,Unknown,,S,,,Dr,S Enslow Dr,2015/03/24 09:32:55+00,19919 S Enslow Dr Carson 90746,08EF04D5-FDD3-4B56-9515-1AA6745AEF8A_19919_S_Enslow_Dr_Carson_90746,Enslow,19919 S Enslow Drive Dr Carson 90746,,,,
2520,4148,,,,959.0,,,East,,,Helmick,Street,,,,,,,,,,,,,90746.0,,Carson,Carson,,,,,Carson GIS,{B7C60A1D-AED4-48B4-8267-58B6297C9CDE},0,,B7C60A1D-AED4-48B4-8267-58B6297C9CDE,Unknown,,E,,,St,E Helmick St,2015/03/24 09:32:55+00,959 E Helmick St Carson 90746,B7C60A1D-AED4-48B4-8267-58B6297C9CDE_959_E_Helmick_St_Carson_90746,Helmick,959 E Helmick Street St Carson 90746,,,,
2524,4153,,,,264.0,,,East,,,189th,Street,,,,,,,,,,,,,90746.0,,Carson,Carson,,,,,Carson GIS,{4B70F0D2-7A1E-40D5-8062-8CD9794E12D5},0,,4B70F0D2-7A1E-40D5-8062-8CD9794E12D5,Unknown,,E,,,St,E 189th St,2015/03/24 09:32:55+00,264 E 189th St Carson 90746,4B70F0D2-7A1E-40D5-8062-8CD9794E12D5_264_E_189th_St_Carson_90746,189th,264 E 189th Street St Carson 90746,,,,
2529,4167,,,,303.0,,,East,,,189th,Street,,,,,,,,,,,,,90746.0,,Carson,Carson,,,,,Carson GIS,{AF7CB954-31A0-458D-B4B9-4F5A91938536},0,,AF7CB954-31A0-458D-B4B9-4F5A91938536,Unknown,,E,,,St,E 189th St,2015/03/24 09:32:55+00,303 E 189th St Carson 90746,AF7CB954-31A0-458D-B4B9-4F5A91938536_303_E_189th_St_Carson_90746,189th,303 E 189th Street St Carson 90746,,,,
2530,4168,,,,1042.0,,,East,,,Denwall,Drive,,,,,,,,,,,,,90746.0,,Carson,Carson,,,,,Carson GIS,{2EF0C75D-B034-4B2D-9B5D-95B735F25803},0,,2EF0C75D-B034-4B2D-9B5D-95B735F25803,Unknown,,E,,,Dr,E Denwall Dr,2015/03/24 09:32:55+00,1042 E Denwall Dr Carson 90746,2EF0C75D-B034-4B2D-9B5D-95B735F25803_1042_E_Denwall_Dr_Carson_90746,Denwall,1042 E Denwall Drive Dr Carson 90746,,,,
2535,4181,,,,17929.0,,,South,,,Adria Maru,Lane,,,,,,,,,,,,,90746.0,,Carson,Carson,,,,,Carson GIS,{DF1BFEC8-3E84-413F-B3AE-8B152F4240F9},0,,DF1BFEC8-3E84-413F-B3AE-8B152F4240F9,Unknown,,S,,,Ln,S Adria Maru Ln,2015/03/24 09:32:55+00,17929 S Adria Maru Ln Carson 90746,DF1BFEC8-3E84-413F-B3AE-8B152F4240F9_17929_S_Adria_Maru_Ln_Carson_90746,Adria Maru,17929 S Adria Maru Lane Ln Carson 90746,,,,
2536,4183,,,,19313.0,,,South,,,Grandee,Avenue,,,,,,,,,,,,,90746.0,,Carson,Carson,,,,,Carson GIS,{FFFECDD8-CD6E-499A-9CFE-6BC477CB864A},0,,FFFECDD8-CD6E-499A-9CFE-6BC477CB864A,Unknown,,S,,,Ave,S Grandee Ave,2015/03/24 09:32:55+00,19313 S Grandee Ave Carson 90746,FFFECDD8-CD6E-499A-9CFE-6BC477CB864A_19313_S_Grandee_Ave_Carson_90746,Grandee,19313 S Grandee Avenue Ave Carson 90746,,,,
2538,4186,,,,508.0,,,East,,,189th,Street,,,,,,,,,,,,,90746.0,,Carson,Carson,,,,,Carson GIS,{279AA033-8C05-4E4B-84E7-6470112FE374},0,,279AA033-8C05-4E4B-84E7-6470112FE374,Unknown,,E,,,St,E 189th St,2015/03/24 09:32:55+00,508 E 189th St Carson 90746,279AA033-8C05-4E4B-84E7-6470112FE374_508_E_189th_St_Carson_90746,189th,508 E 189th Street St Carson 90746,,,,
2539,4188,,,,18403.0,,,South,,,Cairo,Avenue,,,,,,,,,,,,,90746.0,,Carson,Carson,,,,,Carson GIS,{68622B02-F115-4B57-A41E-30D967C22D87},0,,68622B02-F115-4B57-A41E-30D967C22D87,Unknown,,S,,,Ave,S Cairo Ave,2015/03/24 09:32:55+00,18403 S Cairo Ave Carson 90746,68622B02-F115-4B57-A41E-30D967C22D87_18403_S_Cairo_Ave_Carson_90746,Cairo,18403 S Cairo Avenue Ave Carson 90746,,,,
2541,4190,,,,20009.0,,,South,,,Midtown,Avenue,,,,,,,,,,,,,90746.0,,Carson,Carson,,,,,Carson GIS,{7E89D395-DB4C-4E80-9A90-DB51BD427F3D},0,,7E89D395-DB4C-4E80-9A90-DB51BD427F3D,Unknown,,S,,,Ave,S Midtown Ave,2015/03/24 09:32:55+00,20009 S Midtown Ave Carson 90746,7E89D395-DB4C-4E80-9A90-DB51BD427F3D_20009_S_Midtown_Ave_Carson_90746,Midtown,20009 S Midtown Avenue Ave Carson 90746,,,,
2542,4191,,,,17340.0,,,South,,,Wall,Street,,,,,,,,,,,,,90746.0,,Carson,Carson,,,,,Carson GIS,{C77C03F7-A9E5-4040-AA65-29F3DD010AE9},0,,C77C03F7-A9E5-4040-AA65-29F3DD010AE9,Unknown,,S,,,St,S Wall St,2015/03/24 09:32:55+00,17340 S Wall St Carson 90746,C77C03F7-A9E5-4040-AA65-29F3DD010AE9_17340_S_Wall_St_Carson_90746,Wall,17340 S Wall Street St Carson 90746,,,,
2550,4206,,,,18115.0,,,South,,,Mettler,Avenue,,,,,,,,,,,,,90746.0,,Carson,Carson,,,,,Carson GIS,{6801BA78-A964-4304-81AE-FF2AFF8D3BEA},0,,6801BA78-A964-4304-81AE-FF2AFF8D3BEA,Unknown,,S,,,Ave,S Mettler Ave,2015/03/24 09:32:55+00,18115 S Mettler Ave Carson 90746,6801BA78-A964-4304-81AE-FF2AFF8D3BEA_18115_S_Mettler_Ave_Carson_90746,Mettler,18115 S Mettler Avenue Ave Carson 90746,,,,
2559,4221,,,,1222.0,,,East,,,Turmont,Street,,,,,,,,,,,,,90746.0,,Carson,Carson,,,,,Carson GIS,{9A11DDFA-9413-4A44-B1A7-2836ACE70835},0,,9A11DDFA-9413-4A44-B1A7-2836ACE70835,Unknown,,E,,,St,E Turmont St,2015/03/24 09:32:55+00,1222 E Turmont St Carson 90746,9A11DDFA-9413-4A44-B1A7-2836ACE70835_1222_E_Turmont_St_Carson_90746,Turmont,1222 E Turmont Street St Carson 90746,,,,
2560,4222,,,,205.0,,,East,,,184th,Street,,,,,,,,,,,,,90746.0,,Carson,Carson,,,,,Carson GIS,{DF045E8C-863A-4814-8B0B-8479B5B1241A},0,,DF045E8C-863A-4814-8B0B-8479B5B1241A,Unknown,,E,,,St,E 184th St,2015/03/24 09:32:55+00,205 E 184th St Carson 90746,DF045E8C-863A-4814-8B0B-8479B5B1241A_205_E_184th_St_Carson_90746,184th,205 E 184th Street St Carson 90746,,,,
2565,4231,,,,19323.0,,,South,,,Andmark,Avenue,,,,,,,,,,,,,90746.0,,Carson,Carson,,,,,Carson GIS,{3F2B8A48-97DE-48E7-9775-83EF82ED63DA},0,,3F2B8A48-97DE-48E7-9775-83EF82ED63DA,Unknown,,S,,,Ave,S Andmark Ave,2015/03/24 09:32:55+00,19323 S Andmark Ave Carson 90746,3F2B8A48-97DE-48E7-9775-83EF82ED63DA_19323_S_Andmark_Ave_Carson_90746,Andmark,19323 S Andmark Avenue Ave Carson 90746,,,,
2572,4242,,,,18219.0,,,South,,,Towne,Avenue,,,,,,,,,,,,,90746.0,,Carson,Carson,,,,,Carson GIS,{A05A8498-5E7A-44A6-AF68-5F71CA91932F},0,,A05A8498-5E7A-44A6-AF68-5F71CA91932F,Unknown,,S,,,Ave,S Towne Ave,2015/03/24 09:32:55+00,18219 S Towne Ave Carson 90746,A05A8498-5E7A-44A6-AF68-5F71CA91932F_18219_S_Towne_Ave_Carson_90746,Towne,18219 S Towne Avenue Ave Carson 90746,,,,
2583,4262,,,,1825.0,,,East,,,Gladwick,Street,,,,,,,,,,,,,90746.0,,Carson,Carson,,,,,Carson GIS,{2C1A0E28-6BEE-4F19-8570-0185BEC474CB},0,,2C1A0E28-6BEE-4F19-8570-0185BEC474CB,Unknown,,E,,,St,E Gladwick St,2015/03/24 09:32:55+00,1825 E Gladwick St Carson 90746,2C1A0E28-6BEE-4F19-8570-0185BEC474CB_1825_E_Gladwick_St_Carson_90746,Gladwick,1825 E Gladwick Street St Carson 90746,,,,
2592,4277,,,,20337.0,,,South,,,Caron,Circle,,,,,,,,,,,,,90746.0,,Carson,Carson,,,,,Carson GIS,{B962A600-0E22-465B-B982-E4D40ECD718B},0,,B962A600-0E22-465B-B982-E4D40ECD718B,Unknown,,S,,,Cir,S Caron Cir,2015/03/24 09:32:55+00,20337 S Caron Cir Carson 90746,B962A600-0E22-465B-B982-E4D40ECD718B_20337_S_Caron_Cir_Carson_90746,Caron,20337 S Caron Circle Cir Carson 90746,,,,
2601,4291,,,,1872.0,,,East,,,Turmont,Street,,,,,,,,,,,,,90746.0,,Carson,Carson,,,,,Carson GIS,{20D8B27D-78E0-4E1E-B5E2-CF4D6D94DA2D},0,,20D8B27D-78E0-4E1E-B5E2-CF4D6D94DA2D,Unknown,,E,,,St,E Turmont St,2015/03/24 09:32:55+00,1872 E Turmont St Carson 90746,20D8B27D-78E0-4E1E-B5E2-CF4D6D94DA2D_1872_E_Turmont_St_Carson_90746,Turmont,1872 E Turmont Street St Carson 90746,,,,
2618,4324,,,,214.0,,,East,,,Freeden,Street,,,,,,,,,,,,,90746.0,,Carson,Carson,,,,,Carson GIS,{957EFCA8-C5C9-450A-B9D0-861C7C4F2035},0,,957EFCA8-C5C9-450A-B9D0-861C7C4F2035,Unknown,,E,,,St,E Freeden St,2015/03/24 09:32:55+00,214 E Freeden St Carson 90746,957EFCA8-C5C9-450A-B9D0-861C7C4F2035_214_E_Freeden_St_Carson_90746,Freeden,214 E Freeden Street St Carson 90746,,,,
2619,4331,,,,18312.0,,,South,,,Crocker,Avenue,,,,,,,,,,,,,90746.0,,Carson,Carson,,,,,Carson GIS,{A8B9AB37-F49D-4F0E-AEBD-F211C38354E5},0,,A8B9AB37-F49D-4F0E-AEBD-F211C38354E5,Unknown,,S,,,Ave,S Crocker Ave,2015/03/24 09:32:55+00,18312 S Crocker Ave Carson 90746,A8B9AB37-F49D-4F0E-AEBD-F211C38354E5_18312_S_Crocker_Ave_Carson_90746,Crocker,18312 S Crocker Avenue Ave Carson 90746,,,,
2620,4332,,,,20020.0,,,South,,,Enslow,Drive,,,,,,,,,,,,,90746.0,,Carson,Carson,,,,,Carson GIS,{5325C889-055B-4223-AD6A-F383A85C9971},0,,5325C889-055B-4223-AD6A-F383A85C9971,Unknown,,S,,,Dr,S Enslow Dr,2015/03/24 09:32:55+00,20020 S Enslow Dr Carson 90746,5325C889-055B-4223-AD6A-F383A85C9971_20020_S_Enslow_Dr_Carson_90746,Enslow,20020 S Enslow Drive Dr Carson 90746,,,,
2624,4339,,,,18602.0,,,South,,,Coltman,Avenue,,,,,,,,,,,,,90746.0,,Carson,Carson,,,,,Carson GIS,{CE07A1C1-C776-4F97-9DAA-F5F7C3A51CF4},0,,CE07A1C1-C776-4F97-9DAA-F5F7C3A51CF4,Unknown,,S,,,Ave,S Coltman Ave,2015/03/24 09:32:55+00,18602 S Coltman Ave Carson 90746,CE07A1C1-C776-4F97-9DAA-F5F7C3A51CF4_18602_S_Coltman_Ave_Carson_90746,Coltman,18602 S Coltman Avenue Ave Carson 90746,,,,
2656,4387,,,,1022.0,,,East,,,Gladwick,Street,,,,,,,,,,,,,90746.0,,Carson,Carson,,,,,Carson GIS,{133AB958-321B-4D8C-A6C6-8252A5B448B8},0,,133AB958-321B-4D8C-A6C6-8252A5B448B8,Unknown,,E,,,St,E Gladwick St,2015/03/24 09:32:55+00,1022 E Gladwick St Carson 90746,133AB958-321B-4D8C-A6C6-8252A5B448B8_1022_E_Gladwick_St_Carson_90746,Gladwick,1022 E Gladwick Street St Carson 90746,,,,
2657,4389,,,,702.0,,,East,,,Turmont,Street,,,,,,,,,,,,,90746.0,,Carson,Carson,,,,,Carson GIS,{77183919-72B7-4BC0-B2BF-1903CC4DE7D1},0,,77183919-72B7-4BC0-B2BF-1903CC4DE7D1,Unknown,,E,,,St,E Turmont St,2015/03/24 09:32:55+00,702 E Turmont St Carson 90746,77183919-72B7-4BC0-B2BF-1903CC4DE7D1_702_E_Turmont_St_Carson_90746,Turmont,702 E Turmont Street St Carson 90746,,,,
2675,4426,,,,19107.0,,,South,,,Northwood,Avenue,,,,,,,,,,,,,90746.0,,Carson,Carson,,,,,Carson GIS,{800CC23D-E271-4C1F-915B-6C449A0D96C8},0,,800CC23D-E271-4C1F-915B-6C449A0D96C8,Unknown,,S,,,Ave,S Northwood Ave,2015/03/24 09:32:55+00,19107 S Northwood Ave Carson 90746,800CC23D-E271-4C1F-915B-6C449A0D96C8_19107_S_Northwood_Ave_Carson_90746,Northwood,19107 S Northwood Avenue Ave Carson 90746,,,,
2676,4429,,,,20119.0,,,South,,,Midtown,Avenue,,,,,,,,,,,,,90746.0,,Carson,Carson,,,,,Carson GIS,{11BEC638-B2E3-4C68-8B2D-33A71F48D3F4},0,,11BEC638-B2E3-4C68-8B2D-33A71F48D3F4,Unknown,,S,,,Ave,S Midtown Ave,2015/03/24 09:32:55+00,20119 S Midtown Ave Carson 90746,11BEC638-B2E3-4C68-8B2D-33A71F48D3F4_20119_S_Midtown_Ave_Carson_90746,Midtown,20119 S Midtown Avenue Ave Carson 90746,,,,
2692,4460,,,,1761.0,,,East,,,Helmick,Street,,,,,,,,,,,,,90746.0,,Carson,Carson,,,,,Carson GIS,{5FC2F78B-47D8-44FC-A394-C7C9CA93D70E},0,,5FC2F78B-47D8-44FC-A394-C7C9CA93D70E,Unknown,,E,,,St,E Helmick St,2015/03/24 09:32:55+00,1761 E Helmick St Carson 90746,5FC2F78B-47D8-44FC-A394-C7C9CA93D70E_1761_E_Helmick_St_Carson_90746,Helmick,1761 E Helmick Street St Carson 90746,,,,
2696,4464,,,,18321.0,,,South,,,Coltman,Avenue,,,,,,,,,,,,,90746.0,,Carson,Carson,,,,,Carson GIS,{020B20DC-97BA-420F-AC98-3CD32D3F56EE},0,,020B20DC-97BA-420F-AC98-3CD32D3F56EE,Unknown,,S,,,Ave,S Coltman Ave,2015/03/24 09:32:55+00,18321 S Coltman Ave Carson 90746,020B20DC-97BA-420F-AC98-3CD32D3F56EE_18321_S_Coltman_Ave_Carson_90746,Coltman,18321 S Coltman Avenue Ave Carson 90746,,,,
2697,4465,,,,19232.0,,,South,,,Andmark,Avenue,,,,,,,,,,,,,90746.0,,Carson,Carson,,,,,Carson GIS,{0B21021E-11DB-4D10-8F78-A2A828BE28AE},0,,0B21021E-11DB-4D10-8F78-A2A828BE28AE,Unknown,,S,,,Ave,S Andmark Ave,2015/03/24 09:32:55+00,19232 S Andmark Ave Carson 90746,0B21021E-11DB-4D10-8F78-A2A828BE28AE_19232_S_Andmark_Ave_Carson_90746,Andmark,19232 S Andmark Avenue Ave Carson 90746,,,,
2699,4467,,,,310.0,,,East,,,189th,Street,,,,,,,,,,,,,90746.0,,Carson,Carson,,,,,Carson GIS,{0D9335D4-6A2A-40A2-95EF-1B8B2048F319},0,,0D9335D4-6A2A-40A2-95EF-1B8B2048F319,Unknown,,E,,,St,E 189th St,2015/03/24 09:32:55+00,310 E 189th St Carson 90746,0D9335D4-6A2A-40A2-95EF-1B8B2048F319_310_E_189th_St_Carson_90746,189th,310 E 189th Street St Carson 90746,,,,
2713,4488,,,,419.0,,,East,,,185th,Street,,,,,,,,,,,,,90746.0,,Carson,Carson,,,,,Carson GIS,{A3F059B3-57F7-48E5-B7D6-D5D3E787C2AB},0,,A3F059B3-57F7-48E5-B7D6-D5D3E787C2AB,Unknown,,E,,,St,E 185th St,2015/03/24 09:32:55+00,419 E 185th St Carson 90746,A3F059B3-57F7-48E5-B7D6-D5D3E787C2AB_419_E_185th_St_Carson_90746,185th,419 E 185th Street St Carson 90746,,,,
2720,4498,,,,19232.0,,,South,,,Broadacres,Avenue,,,,,,,,,,,,,90746.0,,Carson,Carson,,,,,Carson GIS,{9DF1B24D-A707-470B-BCA9-422EF0D4ACE0},0,,9DF1B24D-A707-470B-BCA9-422EF0D4ACE0,Unknown,,S,,,Ave,S Broadacres Ave,2015/03/24 09:32:55+00,19232 S Broadacres Ave Carson 90746,9DF1B24D-A707-470B-BCA9-422EF0D4ACE0_19232_S_Broadacres_Ave_Carson_90746,Broadacres,19232 S Broadacres Avenue Ave Carson 90746,,,,
2724,4506,,,,402.0,,,East,,,Collamer,Drive,,,,,,,,,,,,,90746.0,,Carson,Carson,,,,,Carson GIS,{62FD5BF0-151B-4957-8B78-E3FD0EB13364},0,,62FD5BF0-151B-4957-8B78-E3FD0EB13364,Unknown,,E,,,Dr,E Collamer Dr,2015/03/24 09:32:55+00,402 E Collamer Dr Carson 90746,62FD5BF0-151B-4957-8B78-E3FD0EB13364_402_E_Collamer_Dr_Carson_90746,Collamer,402 E Collamer Drive Dr Carson 90746,,,,
2739,4534,,,,1886.0,,,East,,,Kramer,Drive,,,,,,,,,,,,,90746.0,,Carson,Carson,,,,,Carson GIS,{6D3AA3E7-8ECA-4758-824F-A28868736FDF},0,,6D3AA3E7-8ECA-4758-824F-A28868736FDF,Unknown,,E,,,Dr,E Kramer Dr,2015/03/24 09:32:55+00,1886 E Kramer Dr Carson 90746,6D3AA3E7-8ECA-4758-824F-A28868736FDF_1886_E_Kramer_Dr_Carson_90746,Kramer,1886 E Kramer Drive Dr Carson 90746,,,,
2741,4539,,,,18916.0,,,South,,,Milmore,Avenue,,,,,,,,,,,,,90746.0,,Carson,Carson,,,,,Carson GIS,{6C4BDC2E-F630-4487-84A8-B8CC5F016AA1},0,,6C4BDC2E-F630-4487-84A8-B8CC5F016AA1,Unknown,,S,,,Ave,S Milmore Ave,2015/03/24 09:32:55+00,18916 S Milmore Ave Carson 90746,6C4BDC2E-F630-4487-84A8-B8CC5F016AA1_18916_S_Milmore_Ave_Carson_90746,Milmore,18916 S Milmore Avenue Ave Carson 90746,,,,
2759,4567,,,,558.0,,,East,,,Cassidy,Street,,,,,,,,,,,,,90746.0,,Carson,Carson,,,,,Carson GIS,{ED2B5835-847B-42C5-82EE-3B44EB86BCB6},0,,ED2B5835-847B-42C5-82EE-3B44EB86BCB6,Unknown,,E,,,St,E Cassidy St,2015/03/24 09:32:55+00,558 E Cassidy St Carson 90746,ED2B5835-847B-42C5-82EE-3B44EB86BCB6_558_E_Cassidy_St_Carson_90746,Cassidy,558 E Cassidy Street St Carson 90746,,,,
2764,4580,,,,431.0,,,East,,,Sherman,Drive,,,,,,,,,,,,,90746.0,,Carson,Carson,,,,,Carson GIS,{7877BCBD-C0BB-436A-91D4-047B69C22EC4},0,,7877BCBD-C0BB-436A-91D4-047B69C22EC4,Unknown,,E,,,Dr,E Sherman Dr,2015/03/24 09:32:55+00,431 E Sherman Dr Carson 90746,7877BCBD-C0BB-436A-91D4-047B69C22EC4_431_E_Sherman_Dr_Carson_90746,Sherman,431 E Sherman Drive Dr Carson 90746,,,,
2767,4587,,,,20031.0,,,South,,,Radlett,Avenue,,,,,,,,,,,,,90746.0,,Carson,Carson,,,,,Carson GIS,{FAB32873-8365-4EB6-8EA7-B3EACD0A9B80},0,,FAB32873-8365-4EB6-8EA7-B3EACD0A9B80,Unknown,,S,,,Ave,S Radlett Ave,2015/03/24 09:32:55+00,20031 S Radlett Ave Carson 90746,FAB32873-8365-4EB6-8EA7-B3EACD0A9B80_20031_S_Radlett_Ave_Carson_90746,Radlett,20031 S Radlett Avenue Ave Carson 90746,,,,
2776,4608,,,,20760.0,,,South,,,Leapwood,Avenue,,,,,,,,,,,,,90746.0,,Carson,Carson,,,,,Carson GIS,{31196485-1494-4739-927B-AD78E1A4BBEA},0,,31196485-1494-4739-927B-AD78E1A4BBEA,Unknown,,S,,,Ave,S Leapwood Ave,2015/03/24 09:32:55+00,20760 S Leapwood Ave Carson 90746,31196485-1494-4739-927B-AD78E1A4BBEA_20760_S_Leapwood_Ave_Carson_90746,Leapwood,20760 S Leapwood Avenue Ave Carson 90746,,,,
2811,4658,,,,933.0,,,East,,,Helmick,Street,,,,,,,,,,,,,90746.0,,Carson,Carson,,,,,Carson GIS,{E79A69E7-93F3-496B-9C47-65DFF378B9FC},0,,E79A69E7-93F3-496B-9C47-65DFF378B9FC,Unknown,,E,,,St,E Helmick St,2015/03/24 09:32:55+00,933 E Helmick St Carson 90746,E79A69E7-93F3-496B-9C47-65DFF378B9FC_933_E_Helmick_St_Carson_90746,Helmick,933 E Helmick Street St Carson 90746,,,,
2814,4665,,,,516.0,,,East,,,Cassidy,Street,,,,,,,,,,,,,90746.0,,Carson,Carson,,,,,Carson GIS,{297F361E-21C7-43B9-8385-B0CA93A8F170},0,,297F361E-21C7-43B9-8385-B0CA93A8F170,Unknown,,E,,,St,E Cassidy St,2015/03/24 09:32:55+00,516 E Cassidy St Carson 90746,297F361E-21C7-43B9-8385-B0CA93A8F170_516_E_Cassidy_St_Carson_90746,Cassidy,516 E Cassidy Street St Carson 90746,,,,
2817,4671,,,,211.0,,,East,,,189th,Street,,,,,,,,,,,,,90746.0,,Carson,Carson,,,,,Carson GIS,{7A5AA290-4DB9-4BB5-A1E5-60012BA38CB2},0,,7A5AA290-4DB9-4BB5-A1E5-60012BA38CB2,Unknown,,E,,,St,E 189th St,2015/03/24 09:32:55+00,211 E 189th St Carson 90746,7A5AA290-4DB9-4BB5-A1E5-60012BA38CB2_211_E_189th_St_Carson_90746,189th,211 E 189th Street St Carson 90746,,,,
2824,4683,,,,19903.0,,,South,,,Enslow,Drive,,,,,,,,,,,,,90746.0,,Carson,Carson,,,,,Carson GIS,{21CC51E3-C0A0-4E59-8492-B4D2A9BFD07C},0,,21CC51E3-C0A0-4E59-8492-B4D2A9BFD07C,Unknown,,S,,,Dr,S Enslow Dr,2015/03/24 09:32:55+00,19903 S Enslow Dr Carson 90746,21CC51E3-C0A0-4E59-8492-B4D2A9BFD07C_19903_S_Enslow_Dr_Carson_90746,Enslow,19903 S Enslow Drive Dr Carson 90746,,,,
2827,4693,,,,1015.0,,,East,,,Fernrock,Street,,,,,,,,,,,,,90746.0,,Carson,Carson,,,,,Carson GIS,{C3CABE7E-F634-44B5-8DFF-AF8882728120},0,,C3CABE7E-F634-44B5-8DFF-AF8882728120,Unknown,,E,,,St,E Fernrock St,2015/03/24 09:32:55+00,1015 E Fernrock St Carson 90746,C3CABE7E-F634-44B5-8DFF-AF8882728120_1015_E_Fernrock_St_Carson_90746,Fernrock,1015 E Fernrock Street St Carson 90746,,,,
2831,4698,,,,19909.0,,,South,,,Campaign,Drive,,,,,,,,,,,,,90746.0,,Carson,Carson,,,,,Carson GIS,{0BC19BA5-F084-4B78-84A3-875FFC2A9AE1},0,,0BC19BA5-F084-4B78-84A3-875FFC2A9AE1,Unknown,,S,,,Dr,S Campaign Dr,2015/03/24 09:32:55+00,19909 S Campaign Dr Carson 90746,0BC19BA5-F084-4B78-84A3-875FFC2A9AE1_19909_S_Campaign_Dr_Carson_90746,Campaign,19909 S Campaign Drive Dr Carson 90746,,,,
2866,4750,,,,19420.0,,,South,,,Kemp,Avenue,,,,,,,,,,,,,90746.0,,Carson,Carson,,,,,Carson GIS,{04B12C64-86E0-4DBF-B58F-850177B03019},0,,04B12C64-86E0-4DBF-B58F-850177B03019,Unknown,,S,,,Ave,S Kemp Ave,2015/03/24 09:32:55+00,19420 S Kemp Ave Carson 90746,04B12C64-86E0-4DBF-B58F-850177B03019_19420_S_Kemp_Ave_Carson_90746,Kemp,19420 S Kemp Avenue Ave Carson 90746,,,,
2869,4754,,,,18431.0,,,South,,,Milmore,Avenue,,,,,,,,,,,,,90746.0,,Carson,Carson,,,,,Carson GIS,{0FB0609F-D8F4-4634-88D5-6095B8330B34},0,,0FB0609F-D8F4-4634-88D5-6095B8330B34,Unknown,,S,,,Ave,S Milmore Ave,2015/03/24 09:32:55+00,18431 S Milmore Ave Carson 90746,0FB0609F-D8F4-4634-88D5-6095B8330B34_18431_S_Milmore_Ave_Carson_90746,Milmore,18431 S Milmore Avenue Ave Carson 90746,,,,
2873,4760,,,,17337.0,,,South,,,Billings,Drive,,,,,,,,,,,,,90746.0,,Carson,Carson,,,,,Carson GIS,{8527C479-79A6-438A-A760-D53D251EDF64},0,,8527C479-79A6-438A-A760-D53D251EDF64,Unknown,,S,,,Dr,S Billings Dr,2015/03/24 09:32:55+00,17337 S Billings Dr Carson 90746,8527C479-79A6-438A-A760-D53D251EDF64_17337_S_Billings_Dr_Carson_90746,Billings,17337 S Billings Drive Dr Carson 90746,,,,
2874,4761,,,,406.0,,,East,,,Centerview,Drive,,,,,,,,,,,,,90746.0,,Carson,Carson,,,,,Carson GIS,{03FC0EE1-BA19-46E0-8FE2-AA92599D2265},0,,03FC0EE1-BA19-46E0-8FE2-AA92599D2265,Unknown,,E,,,Dr,E Centerview Dr,2015/03/24 09:32:55+00,406 E Centerview Dr Carson 90746,03FC0EE1-BA19-46E0-8FE2-AA92599D2265_406_E_Centerview_Dr_Carson_90746,Centerview,406 E Centerview Drive Dr Carson 90746,,,,
2877,4764,,,,18427.0,,,South,,,Avalon,Boulevard,,,,,,,,,,,,,90746.0,,Carson,Carson,,,,,Carson GIS,{6568126B-F8D8-4EAE-AA37-871D53FFA22C},0,,6568126B-F8D8-4EAE-AA37-871D53FFA22C,Unknown,,S,,,Blvd,S Avalon Blvd,2015/03/24 09:32:55+00,18427 S Avalon Blvd Carson 90746,6568126B-F8D8-4EAE-AA37-871D53FFA22C_18427_S_Avalon_Blvd_Carson_90746,Avalon,18427 S Avalon Boulevard Blvd Carson 90746,,,,
2883,4781,,,,257.0,,,East,,,186th,Street,,,,,,,,,,,,,90746.0,,Carson,Carson,,,,,Carson GIS,{9C23BCA2-9BE5-40C5-946A-A352DD227232},0,,9C23BCA2-9BE5-40C5-946A-A352DD227232,Unknown,,E,,,St,E 186th St,2015/03/24 09:32:55+00,257 E 186th St Carson 90746,9C23BCA2-9BE5-40C5-946A-A352DD227232_257_E_186th_St_Carson_90746,186th,257 E 186th Street St Carson 90746,,,,
2887,4786,,,,1458.0,,,East,,,Helmick,Street,,,,,,,,,,,,,90746.0,,Carson,Carson,,,,,Carson GIS,{4BC45BA4-F5E5-471A-BEEA-854C623BB4F8},0,,4BC45BA4-F5E5-471A-BEEA-854C623BB4F8,Unknown,,E,,,St,E Helmick St,2015/03/24 09:32:55+00,1458 E Helmick St Carson 90746,4BC45BA4-F5E5-471A-BEEA-854C623BB4F8_1458_E_Helmick_St_Carson_90746,Helmick,1458 E Helmick Street St Carson 90746,,,,
2891,4793,,,,20021.0,,,South,,,Wadley,Avenue,,,,,,,,,,,,,90746.0,,Carson,Carson,,,,,Carson GIS,{B125F1AD-4C2B-4367-B58A-87B229E8A972},0,,B125F1AD-4C2B-4367-B58A-87B229E8A972,Unknown,,S,,,Ave,S Wadley Ave,2015/03/24 09:32:55+00,20021 S Wadley Ave Carson 90746,B125F1AD-4C2B-4367-B58A-87B229E8A972_20021_S_Wadley_Ave_Carson_90746,Wadley,20021 S Wadley Avenue Ave Carson 90746,,,,
2906,4811,,,,153.0,,,East,,,Savarona,Way,,,,,,,,,,,,,90746.0,,Carson,Carson,,,,,Carson GIS,{4C383C51-174F-46AD-BA55-AAADD8052839},0,,4C383C51-174F-46AD-BA55-AAADD8052839,Unknown,,E,,,Wy,E Savarona Wy,2015/03/24 09:32:55+00,153 E Savarona Wy Carson 90746,4C383C51-174F-46AD-BA55-AAADD8052839_153_E_Savarona_Wy_Carson_90746,Savarona,153 E Savarona Way Wy Carson 90746,,,,
2915,4825,,,,1833.0,,,East,,,Abbottson,Street,,,,,,,,,,,,,90746.0,,Carson,Carson,,,,,Carson GIS,{C53529E6-6865-46EA-876E-C81D3BB2F600},0,,C53529E6-6865-46EA-876E-C81D3BB2F600,Unknown,,E,,,St,E Abbottson St,2015/03/24 09:32:55+00,1833 E Abbottson St Carson 90746,C53529E6-6865-46EA-876E-C81D3BB2F600_1833_E_Abbottson_St_Carson_90746,Abbottson,1833 E Abbottson Street St Carson 90746,,,,
2926,4839,,,,1833.0,,,East,,,Helmick,Street,,,,,,,,,,,,,90746.0,,Carson,Carson,,,,,Carson GIS,{260ED087-2D0A-4DED-897A-18A9C1713A36},0,,260ED087-2D0A-4DED-897A-18A9C1713A36,Unknown,,E,,,St,E Helmick St,2015/03/24 09:32:55+00,1833 E Helmick St Carson 90746,260ED087-2D0A-4DED-897A-18A9C1713A36_1833_E_Helmick_St_Carson_90746,Helmick,1833 E Helmick Street St Carson 90746,,,,
2928,4842,,,,1308.0,,,East,,,Gladwick,Street,,,,,,,,,,,,,90746.0,,Carson,Carson,,,,,Carson GIS,{4C42ECBA-E3F9-49DA-9A5B-78DE6455AA6F},0,,4C42ECBA-E3F9-49DA-9A5B-78DE6455AA6F,Unknown,,E,,,St,E Gladwick St,2015/03/24 09:32:55+00,1308 E Gladwick St Carson 90746,4C42ECBA-E3F9-49DA-9A5B-78DE6455AA6F_1308_E_Gladwick_St_Carson_90746,Gladwick,1308 E Gladwick Street St Carson 90746,,,,
2934,4850,,,,18803.0,,,South,,,Bonham,Avenue,,,,,,,,,,,,,90746.0,,Carson,Carson,,,,,Carson GIS,{FC34717C-C14D-4124-96B1-EC6617B9E440},0,,FC34717C-C14D-4124-96B1-EC6617B9E440,Unknown,,S,,,Ave,S Bonham Ave,2015/03/24 09:32:55+00,18803 S Bonham Ave Carson 90746,FC34717C-C14D-4124-96B1-EC6617B9E440_18803_S_Bonham_Ave_Carson_90746,Bonham,18803 S Bonham Avenue Ave Carson 90746,,,,
2943,4875,,,,270.0,,,East,,,189th,Street,,,,,,,,,,,,,90746.0,,Carson,Carson,,,,,Carson GIS,{DF0C9DCD-EF8F-4630-B1A4-689422F341F8},0,,DF0C9DCD-EF8F-4630-B1A4-689422F341F8,Unknown,,E,,,St,E 189th St,2015/03/24 09:32:55+00,270 E 189th St Carson 90746,DF0C9DCD-EF8F-4630-B1A4-689422F341F8_270_E_189th_St_Carson_90746,189th,270 E 189th Street St Carson 90746,,,,
2946,4881,,,,553.0,,,East,,,Cassidy,Street,,,,,,,,,,,,,90746.0,,Carson,Carson,,,,,Carson GIS,{FF360EF6-9501-4385-B584-4F38D8DC0E7B},0,,FF360EF6-9501-4385-B584-4F38D8DC0E7B,Unknown,,E,,,St,E Cassidy St,2015/03/24 09:32:55+00,553 E Cassidy St Carson 90746,FF360EF6-9501-4385-B584-4F38D8DC0E7B_553_E_Cassidy_St_Carson_90746,Cassidy,553 E Cassidy Street St Carson 90746,,,,
2947,4883,,,,19203.0,,,South,,,Tajauta,Avenue,,,,,,,,,,,,,90746.0,,Carson,Carson,,,,,Carson GIS,{D9B52723-2021-4F95-9594-3242035CBA40},0,,D9B52723-2021-4F95-9594-3242035CBA40,Unknown,,S,,,Ave,S Tajauta Ave,2015/03/24 09:32:55+00,19203 S Tajauta Ave Carson 90746,D9B52723-2021-4F95-9594-3242035CBA40_19203_S_Tajauta_Ave_Carson_90746,Tajauta,19203 S Tajauta Avenue Ave Carson 90746,,,,
2951,4887,,,,19317.0,,,South,,,Gunlock,Avenue,,,,,,,,,,,,,90746.0,,Carson,Carson,,,,,Carson GIS,{252F20B0-1D04-4B27-8597-22984DB6B1F9},0,,252F20B0-1D04-4B27-8597-22984DB6B1F9,Unknown,,S,,,Ave,S Gunlock Ave,2015/03/24 09:32:55+00,19317 S Gunlock Ave Carson 90746,252F20B0-1D04-4B27-8597-22984DB6B1F9_19317_S_Gunlock_Ave_Carson_90746,Gunlock,19317 S Gunlock Avenue Ave Carson 90746,,,,
2965,4905,,,,1327.0,,,East,,,Helmick,Street,,,,,,,,,,,,,90746.0,,Carson,Carson,,,,,Carson GIS,{96CBADEF-88A9-4639-9645-91C723B71B2F},0,,96CBADEF-88A9-4639-9645-91C723B71B2F,Unknown,,E,,,St,E Helmick St,2015/03/24 09:32:55+00,1327 E Helmick St Carson 90746,96CBADEF-88A9-4639-9645-91C723B71B2F_1327_E_Helmick_St_Carson_90746,Helmick,1327 E Helmick Street St Carson 90746,,,,
2969,4915,,,,236.0,,,East,,,Star Of India,Lane,,,,,,,,,,,,,90746.0,,Carson,Carson,,,,,Carson GIS,{0BC82689-18E6-458B-9195-8DFFC223B5BD},0,,0BC82689-18E6-458B-9195-8DFFC223B5BD,Unknown,,E,,,Ln,E Star Of India Ln,2015/03/24 09:32:55+00,236 E Star Of India Ln Carson 90746,0BC82689-18E6-458B-9195-8DFFC223B5BD_236_E_Star_Of_India_Ln_Carson_90746,Star Of India,236 E Star Of India Lane Ln Carson 90746,,,,
2989,4939,,,,18813.0,,,South,,,Mettler,Avenue,,,,,,,,,,,,,90746.0,,Carson,Carson,,,,,Carson GIS,{47250B46-5DC6-445F-B615-844EBC4851FB},0,,47250B46-5DC6-445F-B615-844EBC4851FB,Unknown,,S,,,Ave,S Mettler Ave,2015/03/24 09:32:55+00,18813 S Mettler Ave Carson 90746,47250B46-5DC6-445F-B615-844EBC4851FB_18813_S_Mettler_Ave_Carson_90746,Mettler,18813 S Mettler Avenue Ave Carson 90746,,,,
2990,4942,,,,1862.0,,,East,,,Denwall,Drive,,,,,,,,,,,,,90746.0,,Carson,Carson,,,,,Carson GIS,{30CAB998-3833-4694-8798-62D9422B4DE3},0,,30CAB998-3833-4694-8798-62D9422B4DE3,Unknown,,E,,,Dr,E Denwall Dr,2015/03/24 09:32:55+00,1862 E Denwall Dr Carson 90746,30CAB998-3833-4694-8798-62D9422B4DE3_1862_E_Denwall_Dr_Carson_90746,Denwall,1862 E Denwall Drive Dr Carson 90746,,,,
2996,4958,,,,18302.0,,,South,,,Milmore,Avenue,,,,,,,,,,,,,90746.0,,Carson,Carson,,,,,Carson GIS,{3D990B5D-F5C1-47A6-AEEF-AA3A0B9FBA21},0,,3D990B5D-F5C1-47A6-AEEF-AA3A0B9FBA21,Unknown,,S,,,Ave,S Milmore Ave,2015/03/24 09:32:55+00,18302 S Milmore Ave Carson 90746,3D990B5D-F5C1-47A6-AEEF-AA3A0B9FBA21_18302_S_Milmore_Ave_Carson_90746,Milmore,18302 S Milmore Avenue Ave Carson 90746,,,,
3006,4975,,,,20212.0,,,South,,,Tillman,Avenue,,,,,,,,,,,,,90746.0,,Carson,Carson,,,,,Carson GIS,{34F78F1D-00F8-4316-A758-FF0EF8133B15},0,,34F78F1D-00F8-4316-A758-FF0EF8133B15,Unknown,,S,,,Ave,S Tillman Ave,2015/03/24 09:32:55+00,20212 S Tillman Ave Carson 90746,34F78F1D-00F8-4316-A758-FF0EF8133B15_20212_S_Tillman_Ave_Carson_90746,Tillman,20212 S Tillman Avenue Ave Carson 90746,,,,
3010,4982,,,,1138.0,,,East,,,Dimondale,Drive,,,,,,,,,,,,,90746.0,,Carson,Carson,,,,,Carson GIS,{63BAC807-88C4-4784-9E36-7FDF0737FD0B},0,,63BAC807-88C4-4784-9E36-7FDF0737FD0B,Unknown,,E,,,Dr,E Dimondale Dr,2015/03/24 09:32:55+00,1138 E Dimondale Dr Carson 90746,63BAC807-88C4-4784-9E36-7FDF0737FD0B_1138_E_Dimondale_Dr_Carson_90746,Dimondale,1138 E Dimondale Drive Dr Carson 90746,,,,
3014,4990,,,,17904.0,,,South,,,Star Of India,Lane,,,,,,,,,,,,,90746.0,,Carson,Carson,,,,,Carson GIS,{ED45B7D2-1027-4AE8-9C5A-38503371E3E9},0,,ED45B7D2-1027-4AE8-9C5A-38503371E3E9,Unknown,,S,,,Ln,S Star Of India Ln,2015/03/24 09:32:55+00,17904 S Star Of India Ln Carson 90746,ED45B7D2-1027-4AE8-9C5A-38503371E3E9_17904_S_Star_Of_India_Ln_Carson_90746,Star Of India,17904 S Star Of India Lane Ln Carson 90746,,,,
3015,4991,,,,18612.0,,,South,,,Towne,Avenue,,,,,,,,,,,,,90746.0,,Carson,Carson,,,,,Carson GIS,{9A82D077-9127-4F74-ADA1-889A9D55F90B},0,,9A82D077-9127-4F74-ADA1-889A9D55F90B,Unknown,,S,,,Ave,S Towne Ave,2015/03/24 09:32:55+00,18612 S Towne Ave Carson 90746,9A82D077-9127-4F74-ADA1-889A9D55F90B_18612_S_Towne_Ave_Carson_90746,Towne,18612 S Towne Avenue Ave Carson 90746,,,,
3017,4993,,,,1322.0,,,East,,,Helmick,Street,,,,,,,,,,,,,90746.0,,Carson,Carson,,,,,Carson GIS,{C77D96B3-DFAD-4148-930D-76C12474F82D},0,,C77D96B3-DFAD-4148-930D-76C12474F82D,Unknown,,E,,,St,E Helmick St,2015/03/24 09:32:55+00,1322 E Helmick St Carson 90746,C77D96B3-DFAD-4148-930D-76C12474F82D_1322_E_Helmick_St_Carson_90746,Helmick,1322 E Helmick Street St Carson 90746,,,,
3019,4996,,,,343.0,,,East,,,182nd,Street,,,,,,,,,,,,,90746.0,,Carson,Carson,,,,,Carson GIS,{583DC75D-550F-49FD-A981-41101E497EFC},0,,583DC75D-550F-49FD-A981-41101E497EFC,Unknown,,E,,,St,E 182nd St,2015/03/24 09:32:55+00,343 E 182nd St Carson 90746,583DC75D-550F-49FD-A981-41101E497EFC_343_E_182nd_St_Carson_90746,182nd,343 E 182nd Street St Carson 90746,,,,
3031,5011,,,,20315.0,,,South,,,Gomero,Circle,,,,,,,,,,,,,90746.0,,Carson,Carson,,,,,Carson GIS,{47552DC1-98CD-40F5-BA2B-8C781292F20A},0,,47552DC1-98CD-40F5-BA2B-8C781292F20A,Unknown,,S,,,Cir,S Gomero Cir,2015/03/24 09:32:55+00,20315 S Gomero Cir Carson 90746,47552DC1-98CD-40F5-BA2B-8C781292F20A_20315_S_Gomero_Cir_Carson_90746,Gomero,20315 S Gomero Circle Cir Carson 90746,,,,
3032,5013,,,,18729.0,,,South,,,Mettler,Avenue,,,,,,,,,,,,,90746.0,,Carson,Carson,,,,,Carson GIS,{CC43000B-E4C8-4CD3-B0DC-6001865482D0},0,,CC43000B-E4C8-4CD3-B0DC-6001865482D0,Unknown,,S,,,Ave,S Mettler Ave,2015/03/24 09:32:55+00,18729 S Mettler Ave Carson 90746,CC43000B-E4C8-4CD3-B0DC-6001865482D0_18729_S_Mettler_Ave_Carson_90746,Mettler,18729 S Mettler Avenue Ave Carson 90746,,,,
3045,5030,,,,1848.0,,,East,,,Fernrock,Street,,,,,,,,,,,,,90746.0,,Carson,Carson,,,,,Carson GIS,{0B76D6F9-B7A0-411E-8A20-35E81C59F8AD},0,,0B76D6F9-B7A0-411E-8A20-35E81C59F8AD,Unknown,,E,,,St,E Fernrock St,2015/03/24 09:32:55+00,1848 E Fernrock St Carson 90746,0B76D6F9-B7A0-411E-8A20-35E81C59F8AD_1848_E_Fernrock_St_Carson_90746,Fernrock,1848 E Fernrock Street St Carson 90746,,,,
3084,5097,,,,19103.0,,,South,,,Tajauta,Avenue,,,,,,,,,,,,,90746.0,,Carson,Carson,,,,,Carson GIS,{33BB67F1-604B-46B0-AC5C-2A1A35CF3C33},0,,33BB67F1-604B-46B0-AC5C-2A1A35CF3C33,Unknown,,S,,,Ave,S Tajauta Ave,2015/03/24 09:32:55+00,19103 S Tajauta Ave Carson 90746,33BB67F1-604B-46B0-AC5C-2A1A35CF3C33_19103_S_Tajauta_Ave_Carson_90746,Tajauta,19103 S Tajauta Avenue Ave Carson 90746,,,,
3114,5145,,,,1425.0,,,East,,,Helmick,Street,,,,,,,,,,,,,90746.0,,Carson,Carson,,,,,Carson GIS,{9257FB3F-7414-4F18-A7D4-5E5D3491BA2E},0,,9257FB3F-7414-4F18-A7D4-5E5D3491BA2E,Unknown,,E,,,St,E Helmick St,2015/03/24 09:32:55+00,1425 E Helmick St Carson 90746,9257FB3F-7414-4F18-A7D4-5E5D3491BA2E_1425_E_Helmick_St_Carson_90746,Helmick,1425 E Helmick Street St Carson 90746,,,,
3139,5186,,,,424.0,,,East,,,Victoria,Street,,,,,,,,,,,,,90746.0,,Carson,Carson,,,,,Carson GIS,{2711BDA8-157B-4C64-8258-D3FBE87AEA85},0,,2711BDA8-157B-4C64-8258-D3FBE87AEA85,Unknown,,E,,,St,E Victoria St,2015/03/24 09:32:55+00,424 E Victoria St Carson 90746,2711BDA8-157B-4C64-8258-D3FBE87AEA85_424_E_Victoria_St_Carson_90746,Victoria,424 E Victoria Street St Carson 90746,,,,
3142,5191,,,,18715.0,,,South,,,Cairo,Avenue,,,,,,,,,,,,,90746.0,,Carson,Carson,,,,,Carson GIS,{C560C536-A10B-4CAA-96B3-0760C90D32E3},0,,C560C536-A10B-4CAA-96B3-0760C90D32E3,Unknown,,S,,,Ave,S Cairo Ave,2015/03/24 09:32:55+00,18715 S Cairo Ave Carson 90746,C560C536-A10B-4CAA-96B3-0760C90D32E3_18715_S_Cairo_Ave_Carson_90746,Cairo,18715 S Cairo Avenue Ave Carson 90746,,,,
3151,5203,,,,20229.0,,,South,,,Amantha,Avenue,,,,,,,,,,,,,90746.0,,Carson,Carson,,,,,Carson GIS,{1BBC9A04-48F9-4E6E-BB84-CB39B5B95B26},0,,1BBC9A04-48F9-4E6E-BB84-CB39B5B95B26,Unknown,,S,,,Ave,S Amantha Ave,2015/03/24 09:32:55+00,20229 S Amantha Ave Carson 90746,1BBC9A04-48F9-4E6E-BB84-CB39B5B95B26_20229_S_Amantha_Ave_Carson_90746,Amantha,20229 S Amantha Avenue Ave Carson 90746,,,,
3157,5210,,,,324.0,,,East,,,Centerview,Drive,,,,,,,,,,,,,90746.0,,Carson,Carson,,,,,Carson GIS,{77E93B67-9E78-4127-8734-6B5F09A5AE62},0,,77E93B67-9E78-4127-8734-6B5F09A5AE62,Unknown,,E,,,Dr,E Centerview Dr,2015/03/24 09:32:55+00,324 E Centerview Dr Carson 90746,77E93B67-9E78-4127-8734-6B5F09A5AE62_324_E_Centerview_Dr_Carson_90746,Centerview,324 E Centerview Drive Dr Carson 90746,,,,
3158,5211,,,,18222.0,,,South,,,Mettler,Avenue,,,,,,,,,,,,,90746.0,,Carson,Carson,,,,,Carson GIS,{5C855929-9B21-425A-A542-644E086AC147},0,,5C855929-9B21-425A-A542-644E086AC147,Unknown,,S,,,Ave,S Mettler Ave,2015/03/24 09:32:55+00,18222 S Mettler Ave Carson 90746,5C855929-9B21-425A-A542-644E086AC147_18222_S_Mettler_Ave_Carson_90746,Mettler,18222 S Mettler Avenue Ave Carson 90746,,,,
3168,5222,,,,19709.0,,,South,,,Annalee,Avenue,,,,,,,,,,,,,90746.0,,Carson,Carson,,,,,Carson GIS,{C6539062-33C4-44DB-A277-83B034F3E037},0,,C6539062-33C4-44DB-A277-83B034F3E037,Unknown,,S,,,Ave,S Annalee Ave,2015/03/24 09:32:55+00,19709 S Annalee Ave Carson 90746,C6539062-33C4-44DB-A277-83B034F3E037_19709_S_Annalee_Ave_Carson_90746,Annalee,19709 S Annalee Avenue Ave Carson 90746,,,,
3170,5227,,,,17339.0,,,South,,,Towne,Court,,,,,,,,,,,,,90746.0,,Carson,Carson,,,,,Carson GIS,{469F507A-D976-410B-92F2-6B7B6B95D8BB},0,,469F507A-D976-410B-92F2-6B7B6B95D8BB,Unknown,,S,,,Ct,S Towne Ct,2015/03/24 09:32:55+00,17339 S Towne Ct Carson 90746,469F507A-D976-410B-92F2-6B7B6B95D8BB_17339_S_Towne_Ct_Carson_90746,Towne,17339 S Towne Court Ct Carson 90746,,,,
3187,5248,,,,18317.0,,,South,,,Coltman,Avenue,,,,,,,,,,,,,90746.0,,Carson,Carson,,,,,Carson GIS,{F91E664F-6F0C-4A9E-9C7E-3C8D4434540B},0,,F91E664F-6F0C-4A9E-9C7E-3C8D4434540B,Unknown,,S,,,Ave,S Coltman Ave,2015/03/24 09:32:55+00,18317 S Coltman Ave Carson 90746,F91E664F-6F0C-4A9E-9C7E-3C8D4434540B_18317_S_Coltman_Ave_Carson_90746,Coltman,18317 S Coltman Avenue Ave Carson 90746,,,,
3190,5251,,,,19202.0,,,South,,,Northwood,Avenue,,,,,,,,,,,,,90746.0,,Carson,Carson,,,,,Carson GIS,{F83B7760-03F9-425C-9D27-C6AF4854159F},0,,F83B7760-03F9-425C-9D27-C6AF4854159F,Unknown,,S,,,Ave,S Northwood Ave,2015/03/24 09:32:55+00,19202 S Northwood Ave Carson 90746,F83B7760-03F9-425C-9D27-C6AF4854159F_19202_S_Northwood_Ave_Carson_90746,Northwood,19202 S Northwood Avenue Ave Carson 90746,,,,
3193,5259,,,,18503.0,,,South,,,Avalon,Boulevard,,,,,,,,,,,,,90746.0,,Carson,Carson,,,,,Carson GIS,{CA652E45-A647-4227-93C9-3FB276214BFE},0,,CA652E45-A647-4227-93C9-3FB276214BFE,Unknown,,S,,,Blvd,S Avalon Blvd,2015/03/24 09:32:55+00,18503 S Avalon Blvd Carson 90746,CA652E45-A647-4227-93C9-3FB276214BFE_18503_S_Avalon_Blvd_Carson_90746,Avalon,18503 S Avalon Boulevard Blvd Carson 90746,,,,
3200,5273,,,,18218.0,,,South,,,Ambler,Avenue,,,,,,,,,,,,,90746.0,,Carson,Carson,,,,,Carson GIS,{B552A25D-6404-402E-BFE2-95F57A72F0C8},0,,B552A25D-6404-402E-BFE2-95F57A72F0C8,Unknown,,S,,,Ave,S Ambler Ave,2015/03/24 09:32:55+00,18218 S Ambler Ave Carson 90746,B552A25D-6404-402E-BFE2-95F57A72F0C8_18218_S_Ambler_Ave_Carson_90746,Ambler,18218 S Ambler Avenue Ave Carson 90746,,,,
3202,5276,,,,958.0,,,East,,,Helmick,Street,,,,,,,,,,,,,90746.0,,Carson,Carson,,,,,Carson GIS,{F966AC8F-05BA-427D-A29A-848E6CD28CA6},0,,F966AC8F-05BA-427D-A29A-848E6CD28CA6,Unknown,,E,,,St,E Helmick St,2015/03/24 09:32:55+00,958 E Helmick St Carson 90746,F966AC8F-05BA-427D-A29A-848E6CD28CA6_958_E_Helmick_St_Carson_90746,Helmick,958 E Helmick Street St Carson 90746,,,,
3203,5278,,,,1873.0,,,East,,,Denwall,Drive,,,,,,,,,,,,,90746.0,,Carson,Carson,,,,,Carson GIS,{1995A7F0-410A-48E7-BE79-F363A28756CB},0,,1995A7F0-410A-48E7-BE79-F363A28756CB,Unknown,,E,,,Dr,E Denwall Dr,2015/03/24 09:32:55+00,1873 E Denwall Dr Carson 90746,1995A7F0-410A-48E7-BE79-F363A28756CB_1873_E_Denwall_Dr_Carson_90746,Denwall,1873 E Denwall Drive Dr Carson 90746,,,,
3204,5279,,,,1615.0,,,East,,,Fernrock,Street,,,,,,,,,,,,,90746.0,,Carson,Carson,,,,,Carson GIS,{B8B2F0D8-EBDD-4279-9DA3-1CA4C6D1BD22},0,,B8B2F0D8-EBDD-4279-9DA3-1CA4C6D1BD22,Unknown,,E,,,St,E Fernrock St,2015/03/24 09:32:55+00,1615 E Fernrock St Carson 90746,B8B2F0D8-EBDD-4279-9DA3-1CA4C6D1BD22_1615_E_Fernrock_St_Carson_90746,Fernrock,1615 E Fernrock Street St Carson 90746,,,,
3213,5291,,,,18959.0,,,South,,,Milmore,Avenue,,,,,,,,,,,,,90746.0,,Carson,Carson,,,,,Carson GIS,{7487DE11-0D1D-46A8-B4E0-030BDD243438},0,,7487DE11-0D1D-46A8-B4E0-030BDD243438,Unknown,,S,,,Ave,S Milmore Ave,2015/03/24 09:32:55+00,18959 S Milmore Ave Carson 90746,7487DE11-0D1D-46A8-B4E0-030BDD243438_18959_S_Milmore_Ave_Carson_90746,Milmore,18959 S Milmore Avenue Ave Carson 90746,,,,
3224,5310,,,,20243.0,,,South,,,Eddington,Drive,,,,,,,,,,,,,90746.0,,Carson,Carson,,,,,Carson GIS,{D26C3A29-2582-4BC7-B750-49711BEBBAB2},0,,D26C3A29-2582-4BC7-B750-49711BEBBAB2,Unknown,,S,,,Dr,S Eddington Dr,2015/03/24 09:32:55+00,20243 S Eddington Dr Carson 90746,D26C3A29-2582-4BC7-B750-49711BEBBAB2_20243_S_Eddington_Dr_Carson_90746,Eddington,20243 S Eddington Drive Dr Carson 90746,,,,
3228,5316,,,,19714.0,,,South,,,Tillman,Avenue,,,,,,,,,,,,,90746.0,,Carson,Carson,,,,,Carson GIS,{3D052D09-08D5-42BB-B1ED-39472F1BFF98},0,,3D052D09-08D5-42BB-B1ED-39472F1BFF98,Unknown,,S,,,Ave,S Tillman Ave,2015/03/24 09:32:55+00,19714 S Tillman Ave Carson 90746,3D052D09-08D5-42BB-B1ED-39472F1BFF98_19714_S_Tillman_Ave_Carson_90746,Tillman,19714 S Tillman Avenue Ave Carson 90746,,,,
3231,5319,,,,325.0,,,East,,,186th,Street,,,,,,,,,,,,,90746.0,,Carson,Carson,,,,,Carson GIS,{3019DA46-5188-408E-9F0C-C01CC0E73465},0,,3019DA46-5188-408E-9F0C-C01CC0E73465,Unknown,,E,,,St,E 186th St,2015/03/24 09:32:55+00,325 E 186th St Carson 90746,3019DA46-5188-408E-9F0C-C01CC0E73465_325_E_186th_St_Carson_90746,186th,325 E 186th Street St Carson 90746,,,,
3243,5340,,,,20018.0,,,South,,,Dalfsen,Avenue,,,,,,,,,,,,,90746.0,,Carson,Carson,,,,,Carson GIS,{75B522BC-6733-48AE-9DEF-6447E73F8AE7},0,,75B522BC-6733-48AE-9DEF-6447E73F8AE7,Unknown,,S,,,Ave,S Dalfsen Ave,2015/03/24 09:32:55+00,20018 S Dalfsen Ave Carson 90746,75B522BC-6733-48AE-9DEF-6447E73F8AE7_20018_S_Dalfsen_Ave_Carson_90746,Dalfsen,20018 S Dalfsen Avenue Ave Carson 90746,,,,
3245,5344,,,,16937.0,,,South,,,Belforest,Drive,,,,,,,,,,,,,90746.0,,Carson,Carson,,,,,Carson GIS,{13B8FDDE-5FBE-4606-B9BD-4842B343C26C},0,,13B8FDDE-5FBE-4606-B9BD-4842B343C26C,Unknown,,S,,,Dr,S Belforest Dr,2015/03/24 09:32:55+00,16937 S Belforest Dr Carson 90746,13B8FDDE-5FBE-4606-B9BD-4842B343C26C_16937_S_Belforest_Dr_Carson_90746,Belforest,16937 S Belforest Drive Dr Carson 90746,,,,
3254,5358,,,,19306.0,,,South,,,Grandee,Avenue,,,,,,,,,,,,,90746.0,,Carson,Carson,,,,,Carson GIS,{D9AF45EA-BE2F-43D1-B616-42F75A5C4A41},0,,D9AF45EA-BE2F-43D1-B616-42F75A5C4A41,Unknown,,S,,,Ave,S Grandee Ave,2015/03/24 09:32:55+00,19306 S Grandee Ave Carson 90746,D9AF45EA-BE2F-43D1-B616-42F75A5C4A41_19306_S_Grandee_Ave_Carson_90746,Grandee,19306 S Grandee Avenue Ave Carson 90746,,,,
3274,5386,,,,19706.0,,,South,,,Tajauta,Avenue,,,,,,,,,,,,,90746.0,,Carson,Carson,,,,,Carson GIS,{411C6421-4765-4465-B890-07926BDAE86E},0,,411C6421-4765-4465-B890-07926BDAE86E,Unknown,,S,,,Ave,S Tajauta Ave,2015/03/24 09:32:55+00,19706 S Tajauta Ave Carson 90746,411C6421-4765-4465-B890-07926BDAE86E_19706_S_Tajauta_Ave_Carson_90746,Tajauta,19706 S Tajauta Avenue Ave Carson 90746,,,,
3275,5389,,,,20310.0,,,South,,,Kaiser,Circle,,,,,,,,,,,,,90746.0,,Carson,Carson,,,,,Carson GIS,{A00D9F19-67AC-4783-B0C8-54A360D9668E},0,,A00D9F19-67AC-4783-B0C8-54A360D9668E,Unknown,,S,,,Cir,S Kaiser Cir,2015/03/24 09:32:55+00,20310 S Kaiser Cir Carson 90746,A00D9F19-67AC-4783-B0C8-54A360D9668E_20310_S_Kaiser_Cir_Carson_90746,Kaiser,20310 S Kaiser Circle Cir Carson 90746,,,,
3278,5394,,,,18306.0,,,South,,,Wall,Street,,,,,,,,,,,,,90746.0,,Carson,Carson,,,,,Carson GIS,{D7C88D72-51B8-4478-BF5B-0CBC0082438B},0,,D7C88D72-51B8-4478-BF5B-0CBC0082438B,Unknown,,S,,,St,S Wall St,2015/03/24 09:32:55+00,18306 S Wall St Carson 90746,D7C88D72-51B8-4478-BF5B-0CBC0082438B_18306_S_Wall_St_Carson_90746,Wall,18306 S Wall Street St Carson 90746,,,,
3287,5406,,,,19816.0,,,South,,,Dalfsen,Avenue,,,,,,,,,,,,,90746.0,,Carson,Carson,,,,,Carson GIS,{7CE9E310-9E92-4CB8-95F6-2246E13F9F32},0,,7CE9E310-9E92-4CB8-95F6-2246E13F9F32,Unknown,,S,,,Ave,S Dalfsen Ave,2015/03/24 09:32:55+00,19816 S Dalfsen Ave Carson 90746,7CE9E310-9E92-4CB8-95F6-2246E13F9F32_19816_S_Dalfsen_Ave_Carson_90746,Dalfsen,19816 S Dalfsen Avenue Ave Carson 90746,,,,
3306,5433,,,,20025.0,,,South,,,Hillford,Avenue,,,,,,,,,,,,,90746.0,,Carson,Carson,,,,,Carson GIS,{2DF67F6D-640C-4CA2-8668-0EC9D94525E3},0,,2DF67F6D-640C-4CA2-8668-0EC9D94525E3,Unknown,,S,,,Ave,S Hillford Ave,2015/03/24 09:32:55+00,20025 S Hillford Ave Carson 90746,2DF67F6D-640C-4CA2-8668-0EC9D94525E3_20025_S_Hillford_Ave_Carson_90746,Hillford,20025 S Hillford Avenue Ave Carson 90746,,,,
3313,5455,,,,20321.0,,,South,,,Caron,Circle,,,,,,,,,,,,,90746.0,,Carson,Carson,,,,,Carson GIS,{8ACF3001-E319-48FA-9ECA-8D88123AB84E},0,,8ACF3001-E319-48FA-9ECA-8D88123AB84E,Unknown,,S,,,Cir,S Caron Cir,2015/03/24 09:32:55+00,20321 S Caron Cir Carson 90746,8ACF3001-E319-48FA-9ECA-8D88123AB84E_20321_S_Caron_Cir_Carson_90746,Caron,20321 S Caron Circle Cir Carson 90746,,,,
3338,5491,,,,1774.0,,,East,,,Fernrock,Street,,,,,,,,,,,,,90746.0,,Carson,Carson,,,,,Carson GIS,{5306385A-E4CA-4DAB-AE29-516887C324D3},0,,5306385A-E4CA-4DAB-AE29-516887C324D3,Unknown,,E,,,St,E Fernrock St,2015/03/24 09:32:55+00,1774 E Fernrock St Carson 90746,5306385A-E4CA-4DAB-AE29-516887C324D3_1774_E_Fernrock_St_Carson_90746,Fernrock,1774 E Fernrock Street St Carson 90746,,,,
3349,5513,,,,180.0,,,East,,,Selandia,Lane,,,,,,,,,,,,,90746.0,,Carson,Carson,,,,,Carson GIS,{69C9CD5B-EFEB-43AC-BBBD-FAECBD79B8D3},0,,69C9CD5B-EFEB-43AC-BBBD-FAECBD79B8D3,Unknown,,E,,,Ln,E Selandia Ln,2015/03/24 09:32:55+00,180 E Selandia Ln Carson 90746,69C9CD5B-EFEB-43AC-BBBD-FAECBD79B8D3_180_E_Selandia_Ln_Carson_90746,Selandia,180 E Selandia Lane Ln Carson 90746,,,,
3367,5538,,,,17344.0,,,South,,,Billings,Drive,,,,,,,,,,,,,90746.0,,Carson,Carson,,,,,Carson GIS,{02E44477-7279-462E-ABC0-7A17303CF2A7},0,,02E44477-7279-462E-ABC0-7A17303CF2A7,Unknown,,S,,,Dr,S Billings Dr,2015/03/24 09:32:55+00,17344 S Billings Dr Carson 90746,02E44477-7279-462E-ABC0-7A17303CF2A7_17344_S_Billings_Dr_Carson_90746,Billings,17344 S Billings Drive Dr Carson 90746,,,,
3372,5544,,,,1614.0,,,East,,,Gladwick,Street,,,,,,,,,,,,,90746.0,,Carson,Carson,,,,,Carson GIS,{9FA2FFC3-2443-495C-8D9A-E7D2E81462A5},0,,9FA2FFC3-2443-495C-8D9A-E7D2E81462A5,Unknown,,E,,,St,E Gladwick St,2015/03/24 09:32:55+00,1614 E Gladwick St Carson 90746,9FA2FFC3-2443-495C-8D9A-E7D2E81462A5_1614_E_Gladwick_St_Carson_90746,Gladwick,1614 E Gladwick Street St Carson 90746,,,,
3373,5545,,,,1264.0,,,East,,,Dimondale,Drive,,,,,,,,,,,,,90746.0,,Carson,Carson,,,,,Carson GIS,{D9564BA1-937E-4857-92F4-673974B26D4B},0,,D9564BA1-937E-4857-92F4-673974B26D4B,Unknown,,E,,,Dr,E Dimondale Dr,2015/03/24 09:32:55+00,1264 E Dimondale Dr Carson 90746,D9564BA1-937E-4857-92F4-673974B26D4B_1264_E_Dimondale_Dr_Carson_90746,Dimondale,1264 E Dimondale Drive Dr Carson 90746,,,,
3381,5555,,,,19818.0,,,South,,,Midtown,Avenue,,,,,,,,,,,,,90746.0,,Carson,Carson,,,,,Carson GIS,{1E985E02-1844-4C5A-AE12-2832319FB577},0,,1E985E02-1844-4C5A-AE12-2832319FB577,Unknown,,S,,,Ave,S Midtown Ave,2015/03/24 09:32:55+00,19818 S Midtown Ave Carson 90746,1E985E02-1844-4C5A-AE12-2832319FB577_19818_S_Midtown_Ave_Carson_90746,Midtown,19818 S Midtown Avenue Ave Carson 90746,,,,
3386,5561,,,,1861.0,,,East,,,Denwall,Drive,,,,,,,,,,,,,90746.0,,Carson,Carson,,,,,Carson GIS,{0B81D56A-21F5-46E5-A762-EE69A4DDDF05},0,,0B81D56A-21F5-46E5-A762-EE69A4DDDF05,Unknown,,E,,,Dr,E Denwall Dr,2015/03/24 09:32:55+00,1861 E Denwall Dr Carson 90746,0B81D56A-21F5-46E5-A762-EE69A4DDDF05_1861_E_Denwall_Dr_Carson_90746,Denwall,1861 E Denwall Drive Dr Carson 90746,,,,
3388,5567,,,,1819.0,,,East,,,Helmick,Street,,,,,,,,,,,,,90746.0,,Carson,Carson,,,,,Carson GIS,{A76F9ED7-5ADC-4225-BDF6-F9F1AB708D5A},0,,A76F9ED7-5ADC-4225-BDF6-F9F1AB708D5A,Unknown,,E,,,St,E Helmick St,2015/03/24 09:32:55+00,1819 E Helmick St Carson 90746,A76F9ED7-5ADC-4225-BDF6-F9F1AB708D5A_1819_E_Helmick_St_Carson_90746,Helmick,1819 E Helmick Street St Carson 90746,,,,
3396,5585,,,,20019.0,,,South,,,Midtown,Avenue,,,,,,,,,,,,,90746.0,,Carson,Carson,,,,,Carson GIS,{A023C9C6-DD10-4145-ACB2-466BCAFE5927},0,,A023C9C6-DD10-4145-ACB2-466BCAFE5927,Unknown,,S,,,Ave,S Midtown Ave,2015/03/24 09:32:55+00,20019 S Midtown Ave Carson 90746,A023C9C6-DD10-4145-ACB2-466BCAFE5927_20019_S_Midtown_Ave_Carson_90746,Midtown,20019 S Midtown Avenue Ave Carson 90746,,,,
3400,5591,,,,20224.0,,,South,,,Galway,Avenue,,,,,,,,,,,,,90746.0,,Carson,Carson,,,,,Carson GIS,{E4DE8C70-6D1C-491A-B8B5-BBB505E79F60},0,,E4DE8C70-6D1C-491A-B8B5-BBB505E79F60,Unknown,,S,,,Ave,S Galway Ave,2015/03/24 09:32:55+00,20224 S Galway Ave Carson 90746,E4DE8C70-6D1C-491A-B8B5-BBB505E79F60_20224_S_Galway_Ave_Carson_90746,Galway,20224 S Galway Avenue Ave Carson 90746,,,,
3409,5605,,,,18208.0,,,South,,,Cairo,Avenue,,,,,,,,,,,,,90746.0,,Carson,Carson,,,,,Carson GIS,{73762053-08B0-4E3C-8C87-800D5A0B9142},0,,73762053-08B0-4E3C-8C87-800D5A0B9142,Unknown,,S,,,Ave,S Cairo Ave,2015/03/24 09:32:55+00,18208 S Cairo Ave Carson 90746,73762053-08B0-4E3C-8C87-800D5A0B9142_18208_S_Cairo_Ave_Carson_90746,Cairo,18208 S Cairo Avenue Ave Carson 90746,,,,
3433,5639,,,,18802.0,,,South,,,Towne,Avenue,,,,,,,,,,,,,90746.0,,Carson,Carson,,,,,Carson GIS,{835D7CCB-D205-4B07-A10C-6353AFD7E467},0,,835D7CCB-D205-4B07-A10C-6353AFD7E467,Unknown,,S,,,Ave,S Towne Ave,2015/03/24 09:32:55+00,18802 S Towne Ave Carson 90746,835D7CCB-D205-4B07-A10C-6353AFD7E467_18802_S_Towne_Ave_Carson_90746,Towne,18802 S Towne Avenue Ave Carson 90746,,,,
3434,5640,,,,414.0,,,East,,,182nd,Street,,,,,,,,,,,,,90746.0,,Carson,Carson,,,,,Carson GIS,{6DEB7CDB-52A7-4B45-A9B0-F5D9DEF6AD7F},0,,6DEB7CDB-52A7-4B45-A9B0-F5D9DEF6AD7F,Unknown,,E,,,St,E 182nd St,2015/03/24 09:32:55+00,414 E 182nd St Carson 90746,6DEB7CDB-52A7-4B45-A9B0-F5D9DEF6AD7F_414_E_182nd_St_Carson_90746,182nd,414 E 182nd Street St Carson 90746,,,,
3435,5641,,,,211.0,,,East,,,Roblin,Street,,,,,,,,,,,,,90746.0,,Carson,Carson,,,,,Carson GIS,{E023B1A2-D28B-4964-AE41-7444D1F65C0B},0,,E023B1A2-D28B-4964-AE41-7444D1F65C0B,Unknown,,E,,,St,E Roblin St,2015/03/24 09:32:55+00,211 E Roblin St Carson 90746,E023B1A2-D28B-4964-AE41-7444D1F65C0B_211_E_Roblin_St_Carson_90746,Roblin,211 E Roblin Street St Carson 90746,,,,
3441,5653,,,,1747.0,,,East,,,Gladwick,Street,,,,,,,,,,,,,90746.0,,Carson,Carson,,,,,Carson GIS,{1E5D0E42-1186-4C35-84A6-5154FCF88788},0,,1E5D0E42-1186-4C35-84A6-5154FCF88788,Unknown,,E,,,St,E Gladwick St,2015/03/24 09:32:55+00,1747 E Gladwick St Carson 90746,1E5D0E42-1186-4C35-84A6-5154FCF88788_1747_E_Gladwick_St_Carson_90746,Gladwick,1747 E Gladwick Street St Carson 90746,,,,
3444,5661,,,,1306.0,,,East,,,Turmont,Street,,,,,,,,,,,,,90746.0,,Carson,Carson,,,,,Carson GIS,{D4D776D2-1F43-47B2-84FE-9299C50E7B7F},0,,D4D776D2-1F43-47B2-84FE-9299C50E7B7F,Unknown,,E,,,St,E Turmont St,2015/03/24 09:32:55+00,1306 E Turmont St Carson 90746,D4D776D2-1F43-47B2-84FE-9299C50E7B7F_1306_E_Turmont_St_Carson_90746,Turmont,1306 E Turmont Street St Carson 90746,,,,
3448,5669,,,,19207.0,,,South,,,Tajauta,Avenue,,,,,,,,,,,,,90746.0,,Carson,Carson,,,,,Carson GIS,{C36B6FC0-3A2F-4F60-B1F5-084CF212DD56},0,,C36B6FC0-3A2F-4F60-B1F5-084CF212DD56,Unknown,,S,,,Ave,S Tajauta Ave,2015/03/24 09:32:55+00,19207 S Tajauta Ave Carson 90746,C36B6FC0-3A2F-4F60-B1F5-084CF212DD56_19207_S_Tajauta_Ave_Carson_90746,Tajauta,19207 S Tajauta Avenue Ave Carson 90746,,,,
3451,5676,,,,18606.0,,,South,,,Coltman,Avenue,,,,,,,,,,,,,90746.0,,Carson,Carson,,,,,Carson GIS,{8B449E59-C2D4-4207-BFFD-23D5DF361041},0,,8B449E59-C2D4-4207-BFFD-23D5DF361041,Unknown,,S,,,Ave,S Coltman Ave,2015/03/24 09:32:55+00,18606 S Coltman Ave Carson 90746,8B449E59-C2D4-4207-BFFD-23D5DF361041_18606_S_Coltman_Ave_Carson_90746,Coltman,18606 S Coltman Avenue Ave Carson 90746,,,,
3453,5679,,,,1612.0,,,East,,,Turmont,Street,,,,,,,,,,,,,90746.0,,Carson,Carson,,,,,Carson GIS,{76EBE740-CF29-4826-A912-92D271A5993D},0,,76EBE740-CF29-4826-A912-92D271A5993D,Unknown,,E,,,St,E Turmont St,2015/03/24 09:32:55+00,1612 E Turmont St Carson 90746,76EBE740-CF29-4826-A912-92D271A5993D_1612_E_Turmont_St_Carson_90746,Turmont,1612 E Turmont Street St Carson 90746,,,,
3455,5681,,,,234.0,,,East,,,184th,Street,,,,,,,,,,,,,90746.0,,Carson,Carson,,,,,Carson GIS,{250EFF41-D0FE-4DD1-97C8-5F9CF1361386},0,,250EFF41-D0FE-4DD1-97C8-5F9CF1361386,Unknown,,E,,,St,E 184th St,2015/03/24 09:32:55+00,234 E 184th St Carson 90746,250EFF41-D0FE-4DD1-97C8-5F9CF1361386_234_E_184th_St_Carson_90746,184th,234 E 184th Street St Carson 90746,,,,
3457,5687,,,,18016.0,,,South,,,Wall,Street,,,,,,,,,,,,,90746.0,,Carson,Carson,,,,,Carson GIS,{0C85D12B-2D5A-4A7F-8C10-B9B47DDE960C},0,,0C85D12B-2D5A-4A7F-8C10-B9B47DDE960C,Unknown,,S,,,St,S Wall St,2015/03/24 09:32:55+00,18016 S Wall St Carson 90746,0C85D12B-2D5A-4A7F-8C10-B9B47DDE960C_18016_S_Wall_St_Carson_90746,Wall,18016 S Wall Street St Carson 90746,,,,
3462,5699,,,,19014.0,,,South,,,Andmark,Avenue,,,,,,,,,,,,,90746.0,,Carson,Carson,,,,,Carson GIS,{8E36E68C-A019-4B9C-AD33-BD85A17BA3B5},0,,8E36E68C-A019-4B9C-AD33-BD85A17BA3B5,Unknown,,S,,,Ave,S Andmark Ave,2015/03/24 09:32:55+00,19014 S Andmark Ave Carson 90746,8E36E68C-A019-4B9C-AD33-BD85A17BA3B5_19014_S_Andmark_Ave_Carson_90746,Andmark,19014 S Andmark Avenue Ave Carson 90746,,,,
3491,5758,,,,20203.0,,,South,,,Wadley,Avenue,,,,,,,,,,,,,90746.0,,Carson,Carson,,,,,Carson GIS,{BC0EF97D-6087-461A-9331-A5D0107C0990},0,,BC0EF97D-6087-461A-9331-A5D0107C0990,Unknown,,S,,,Ave,S Wadley Ave,2015/03/24 09:32:55+00,20203 S Wadley Ave Carson 90746,BC0EF97D-6087-461A-9331-A5D0107C0990_20203_S_Wadley_Ave_Carson_90746,Wadley,20203 S Wadley Avenue Ave Carson 90746,,,,
3492,5759,,,,1364.0,,,East,,,Turmont,Street,,,,,,,,,,,,,90746.0,,Carson,Carson,,,,,Carson GIS,{CE28A7B3-1642-4F3A-A906-B5CE46DF4B4F},0,,CE28A7B3-1642-4F3A-A906-B5CE46DF4B4F,Unknown,,E,,,St,E Turmont St,2015/03/24 09:32:55+00,1364 E Turmont St Carson 90746,CE28A7B3-1642-4F3A-A906-B5CE46DF4B4F_1364_E_Turmont_St_Carson_90746,Turmont,1364 E Turmont Street St Carson 90746,,,,
3501,5771,,,,20008.0,,,South,,,Scobey,Avenue,,,,,,,,,,,,,90746.0,,Carson,Carson,,,,,Carson GIS,{0ECD479E-6E76-4F37-AC4A-4C3EC50A8D59},0,,0ECD479E-6E76-4F37-AC4A-4C3EC50A8D59,Unknown,,S,,,Ave,S Scobey Ave,2015/03/24 09:32:55+00,20008 S Scobey Ave Carson 90746,0ECD479E-6E76-4F37-AC4A-4C3EC50A8D59_20008_S_Scobey_Ave_Carson_90746,Scobey,20008 S Scobey Avenue Ave Carson 90746,,,,
3517,5794,,,,18423.0,,,South,,,Cairo,Avenue,,,,,,,,,,,,,90746.0,,Carson,Carson,,,,,Carson GIS,{E6E68411-ED2F-4E18-9CBF-8099D4E5FDAC},0,,E6E68411-ED2F-4E18-9CBF-8099D4E5FDAC,Unknown,,S,,,Ave,S Cairo Ave,2015/03/24 09:32:55+00,18423 S Cairo Ave Carson 90746,E6E68411-ED2F-4E18-9CBF-8099D4E5FDAC_18423_S_Cairo_Ave_Carson_90746,Cairo,18423 S Cairo Avenue Ave Carson 90746,,,,
3518,5796,,,,19102.0,,,South,,,Grandee,Avenue,,,,,,,,,,,,,90746.0,,Carson,Carson,,,,,Carson GIS,{FA6AC2AB-3468-4217-8BAB-9083BFAC1C75},0,,FA6AC2AB-3468-4217-8BAB-9083BFAC1C75,Unknown,,S,,,Ave,S Grandee Ave,2015/03/24 09:32:55+00,19102 S Grandee Ave Carson 90746,FA6AC2AB-3468-4217-8BAB-9083BFAC1C75_19102_S_Grandee_Ave_Carson_90746,Grandee,19102 S Grandee Avenue Ave Carson 90746,,,,
3519,5797,,,,1856.0,,,East,,,Cyrene,Drive,,,,,,,,,,,,,90746.0,,Carson,Carson,,,,,Carson GIS,{63B148FB-1034-444B-8546-5EF8FCDA207C},0,,63B148FB-1034-444B-8546-5EF8FCDA207C,Unknown,,E,,,Dr,E Cyrene Dr,2015/03/24 09:32:55+00,1856 E Cyrene Dr Carson 90746,63B148FB-1034-444B-8546-5EF8FCDA207C_1856_E_Cyrene_Dr_Carson_90746,Cyrene,1856 E Cyrene Drive Dr Carson 90746,,,,
3523,5801,,,,979.0,,,East,,,Gladwick,Street,,,,,,,,,,,,,90746.0,,Carson,Carson,,,,,Carson GIS,{BEA8B6B4-F843-40AA-B4B4-85BA9C0764CE},0,,BEA8B6B4-F843-40AA-B4B4-85BA9C0764CE,Unknown,,E,,,St,E Gladwick St,2015/03/24 09:32:55+00,979 E Gladwick St Carson 90746,BEA8B6B4-F843-40AA-B4B4-85BA9C0764CE_979_E_Gladwick_St_Carson_90746,Gladwick,979 E Gladwick Street St Carson 90746,,,,
3524,5804,,,,1148.0,,,East,,,Gladwick,Street,,,,,,,,,,,,,90746.0,,Carson,Carson,,,,,Carson GIS,{8EF0F45F-C1B4-4DCB-9173-DD7D942BA8F8},0,,8EF0F45F-C1B4-4DCB-9173-DD7D942BA8F8,Unknown,,E,,,St,E Gladwick St,2015/03/24 09:32:55+00,1148 E Gladwick St Carson 90746,8EF0F45F-C1B4-4DCB-9173-DD7D942BA8F8_1148_E_Gladwick_St_Carson_90746,Gladwick,1148 E Gladwick Street St Carson 90746,,,,
3526,5807,,,,20112.0,,,South,,,Tillman,Avenue,,,,,,,,,,,,,90746.0,,Carson,Carson,,,,,Carson GIS,{341EF5E6-3C55-4169-AE72-C6A8742301AA},0,,341EF5E6-3C55-4169-AE72-C6A8742301AA,Unknown,,S,,,Ave,S Tillman Ave,2015/03/24 09:32:55+00,20112 S Tillman Ave Carson 90746,341EF5E6-3C55-4169-AE72-C6A8742301AA_20112_S_Tillman_Ave_Carson_90746,Tillman,20112 S Tillman Avenue Ave Carson 90746,,,,
3527,5808,,,,19202.0,,,South,,,Grandee,Avenue,,,,,,,,,,,,,90746.0,,Carson,Carson,,,,,Carson GIS,{EAC1F434-0D6E-49FC-B56E-93C214779E93},0,,EAC1F434-0D6E-49FC-B56E-93C214779E93,Unknown,,S,,,Ave,S Grandee Ave,2015/03/24 09:32:55+00,19202 S Grandee Ave Carson 90746,EAC1F434-0D6E-49FC-B56E-93C214779E93_19202_S_Grandee_Ave_Carson_90746,Grandee,19202 S Grandee Avenue Ave Carson 90746,,,,
3531,5817,,,,1119.0,,,East,,,Helmick,Street,,,,,,,,,,,,,90746.0,,Carson,Carson,,,,,Carson GIS,{04A20BC3-2293-4687-BC49-D077FD3369F2},0,,04A20BC3-2293-4687-BC49-D077FD3369F2,Unknown,,E,,,St,E Helmick St,2015/03/24 09:32:55+00,1119 E Helmick St Carson 90746,04A20BC3-2293-4687-BC49-D077FD3369F2_1119_E_Helmick_St_Carson_90746,Helmick,1119 E Helmick Street St Carson 90746,,,,
3542,5836,,,,18325.0,,,South,,,Avalon,Boulevard,,,,,,,,,,,,,90746.0,,Carson,Carson,,,,,Carson GIS,{746E87E1-2571-4A7C-A5C8-EC365146F028},0,,746E87E1-2571-4A7C-A5C8-EC365146F028,Unknown,,S,,,Blvd,S Avalon Blvd,2015/03/24 09:32:55+00,18325 S Avalon Blvd Carson 90746,746E87E1-2571-4A7C-A5C8-EC365146F028_18325_S_Avalon_Blvd_Carson_90746,Avalon,18325 S Avalon Boulevard Blvd Carson 90746,,,,
3544,5838,,,,318.0,,,East,,,Victoria,Street,,,,,,,,,,,,,90746.0,,Carson,Carson,,,,,Carson GIS,{FF83E56E-851E-41D2-9093-4FDD4881DAA2},0,,FF83E56E-851E-41D2-9093-4FDD4881DAA2,Unknown,,E,,,St,E Victoria St,2015/03/24 09:32:55+00,318 E Victoria St Carson 90746,FF83E56E-851E-41D2-9093-4FDD4881DAA2_318_E_Victoria_St_Carson_90746,Victoria,318 E Victoria Street St Carson 90746,,,,
3545,5840,,,,18329.0,,,South,,,Cairo,Avenue,,,,,,,,,,,,,90746.0,,Carson,Carson,,,,,Carson GIS,{F5F7424E-34B3-4167-A408-7B1E6EAFA3A9},0,,F5F7424E-34B3-4167-A408-7B1E6EAFA3A9,Unknown,,S,,,Ave,S Cairo Ave,2015/03/24 09:32:55+00,18329 S Cairo Ave Carson 90746,F5F7424E-34B3-4167-A408-7B1E6EAFA3A9_18329_S_Cairo_Ave_Carson_90746,Cairo,18329 S Cairo Avenue Ave Carson 90746,,,,
3546,5841,,,,17341.0,,,South,,,Billings,Drive,,,,,,,,,,,,,90746.0,,Carson,Carson,,,,,Carson GIS,{34FFEA31-7E4E-401F-9186-B386A07CF7D2},0,,34FFEA31-7E4E-401F-9186-B386A07CF7D2,Unknown,,S,,,Dr,S Billings Dr,2015/03/24 09:32:55+00,17341 S Billings Dr Carson 90746,34FFEA31-7E4E-401F-9186-B386A07CF7D2_17341_S_Billings_Dr_Carson_90746,Billings,17341 S Billings Drive Dr Carson 90746,,,,
3554,5851,,,,587.0,,,East,,,Cheriton,Drive,,,,,,,,,,,,,90746.0,,Carson,Carson,,,,,Carson GIS,{011878D2-1747-4BEF-BE96-DCEDD98EA67D},0,,011878D2-1747-4BEF-BE96-DCEDD98EA67D,Unknown,,E,,,Dr,E Cheriton Dr,2015/03/24 09:32:55+00,587 E Cheriton Dr Carson 90746,011878D2-1747-4BEF-BE96-DCEDD98EA67D_587_E_Cheriton_Dr_Carson_90746,Cheriton,587 E Cheriton Drive Dr Carson 90746,,,,
3555,5852,,,,17321.0,,,South,,,Billings,Drive,,,,,,,,,,,,,90746.0,,Carson,Carson,,,,,Carson GIS,{EBA99075-14A4-46DA-A129-7532BC883572},0,,EBA99075-14A4-46DA-A129-7532BC883572,Unknown,,S,,,Dr,S Billings Dr,2015/03/24 09:32:55+00,17321 S Billings Dr Carson 90746,EBA99075-14A4-46DA-A129-7532BC883572_17321_S_Billings_Dr_Carson_90746,Billings,17321 S Billings Drive Dr Carson 90746,,,,
3574,5876,,,,17333.0,,,South,,,Towne,Court,,,,,,,,,,,,,90746.0,,Carson,Carson,,,,,Carson GIS,{D61FF57E-6B56-42AD-85D7-1DED12825B7D},0,,D61FF57E-6B56-42AD-85D7-1DED12825B7D,Unknown,,S,,,Ct,S Towne Ct,2015/03/24 09:32:55+00,17333 S Towne Ct Carson 90746,D61FF57E-6B56-42AD-85D7-1DED12825B7D_17333_S_Towne_Ct_Carson_90746,Towne,17333 S Towne Court Ct Carson 90746,,,,
3575,5877,,,,20430.0,,,South,,,Tillman,Avenue,,,,,,,,,,,,,90746.0,,Carson,Carson,,,,,Carson GIS,{D68F1DC3-BBE2-4081-93A1-7EA388C90332},0,,D68F1DC3-BBE2-4081-93A1-7EA388C90332,Unknown,,S,,,Ave,S Tillman Ave,2015/03/24 09:32:55+00,20430 S Tillman Ave Carson 90746,D68F1DC3-BBE2-4081-93A1-7EA388C90332_20430_S_Tillman_Ave_Carson_90746,Tillman,20430 S Tillman Avenue Ave Carson 90746,,,,
3584,5894,,,,20116.0,,,South,,,Galway,Avenue,,,,,,,,,,,,,90746.0,,Carson,Carson,,,,,Carson GIS,{C95DA8E7-883A-4997-9284-8957A15DFFA9},0,,C95DA8E7-883A-4997-9284-8957A15DFFA9,Unknown,,S,,,Ave,S Galway Ave,2015/03/24 09:32:55+00,20116 S Galway Ave Carson 90746,C95DA8E7-883A-4997-9284-8957A15DFFA9_20116_S_Galway_Ave_Carson_90746,Galway,20116 S Galway Avenue Ave Carson 90746,,,,
3586,5897,,,,18729.0,,,South,,,Ambler,Avenue,,,,,,,,,,,,,90746.0,,Carson,Carson,,,,,Carson GIS,{E953BA70-705F-4946-92C9-C6FC23F75DBD},0,,E953BA70-705F-4946-92C9-C6FC23F75DBD,Unknown,,S,,,Ave,S Ambler Ave,2015/03/24 09:32:55+00,18729 S Ambler Ave Carson 90746,E953BA70-705F-4946-92C9-C6FC23F75DBD_18729_S_Ambler_Ave_Carson_90746,Ambler,18729 S Ambler Avenue Ave Carson 90746,,,,
3587,5899,,,,1008.0,,,East,,,Denwall,Drive,,,,,,,,,,,,,90746.0,,Carson,Carson,,,,,Carson GIS,{5541415D-D2F8-42ED-9B31-E6797FFB9581},0,,5541415D-D2F8-42ED-9B31-E6797FFB9581,Unknown,,E,,,Dr,E Denwall Dr,2015/03/24 09:32:55+00,1008 E Denwall Dr Carson 90746,5541415D-D2F8-42ED-9B31-E6797FFB9581_1008_E_Denwall_Dr_Carson_90746,Denwall,1008 E Denwall Drive Dr Carson 90746,,,,
3600,5918,,,,565.0,,,East,,,Bradenhall,Drive,,,,,,,,,,,,,90746.0,,Carson,Carson,,,,,Carson GIS,{A51882DE-A039-43CD-B7AA-A247BB746565},0,,A51882DE-A039-43CD-B7AA-A247BB746565,Unknown,,E,,,Dr,E Bradenhall Dr,2015/03/24 09:32:55+00,565 E Bradenhall Dr Carson 90746,A51882DE-A039-43CD-B7AA-A247BB746565_565_E_Bradenhall_Dr_Carson_90746,Bradenhall,565 E Bradenhall Drive Dr Carson 90746,,,,
3610,5934,,,,17125.0,,,South,,,Billings,Drive,,,,,,,,,,,,,90746.0,,Carson,Carson,,,,,Carson GIS,{381317DA-E2D5-41B3-B30F-397C2D6E690E},0,,381317DA-E2D5-41B3-B30F-397C2D6E690E,Unknown,,S,,,Dr,S Billings Dr,2015/03/24 09:32:55+00,17125 S Billings Dr Carson 90746,381317DA-E2D5-41B3-B30F-397C2D6E690E_17125_S_Billings_Dr_Carson_90746,Billings,17125 S Billings Drive Dr Carson 90746,,,,
3611,5936,,,,20229.0,,,South,,,Campaign,Drive,,,,,,,,,,,,,90746.0,,Carson,Carson,,,,,Carson GIS,{D175DEB1-50CD-4603-B74F-492486032539},0,,D175DEB1-50CD-4603-B74F-492486032539,Unknown,,S,,,Dr,S Campaign Dr,2015/03/24 09:32:55+00,20229 S Campaign Dr Carson 90746,D175DEB1-50CD-4603-B74F-492486032539_20229_S_Campaign_Dr_Carson_90746,Campaign,20229 S Campaign Drive Dr Carson 90746,,,,
3613,5939,,,,17341.0,,,South,,,Towne,Court,,,,,,,,,,,,,90746.0,,Carson,Carson,,,,,Carson GIS,{C0DD5998-2515-4F80-96BA-C9CE34F85D30},0,,C0DD5998-2515-4F80-96BA-C9CE34F85D30,Unknown,,S,,,Ct,S Towne Ct,2015/03/24 09:32:55+00,17341 S Towne Ct Carson 90746,C0DD5998-2515-4F80-96BA-C9CE34F85D30_17341_S_Towne_Ct_Carson_90746,Towne,17341 S Towne Court Ct Carson 90746,,,,
3614,5941,,,,19942.0,,,South,,,Campaign,Drive,,,,,,,,,,,,,90746.0,,Carson,Carson,,,,,Carson GIS,{87E03AE5-75FF-4F39-9A2D-95FF15F698CD},0,,87E03AE5-75FF-4F39-9A2D-95FF15F698CD,Unknown,,S,,,Dr,S Campaign Dr,2015/03/24 09:32:55+00,19942 S Campaign Dr Carson 90746,87E03AE5-75FF-4F39-9A2D-95FF15F698CD_19942_S_Campaign_Dr_Carson_90746,Campaign,19942 S Campaign Drive Dr Carson 90746,,,,
3629,5971,,,,20237.0,,,South,,,Eddington,Drive,,,,,,,,,,,,,90746.0,,Carson,Carson,,,,,Carson GIS,{BB3A7134-C344-4B6E-947D-A433F90C0D52},0,,BB3A7134-C344-4B6E-947D-A433F90C0D52,Unknown,,S,,,Dr,S Eddington Dr,2015/03/24 09:32:55+00,20237 S Eddington Dr Carson 90746,BB3A7134-C344-4B6E-947D-A433F90C0D52_20237_S_Eddington_Dr_Carson_90746,Eddington,20237 S Eddington Drive Dr Carson 90746,,,,
3630,5972,,,,20119.0,,,South,,,Nestor,Avenue,,,,,,,,,,,,,90746.0,,Carson,Carson,,,,,Carson GIS,{E47A2B38-BB38-4EBC-954F-CF49EF4A0E24},0,,E47A2B38-BB38-4EBC-954F-CF49EF4A0E24,Unknown,,S,,,Ave,S Nestor Ave,2015/03/24 09:32:55+00,20119 S Nestor Ave Carson 90746,E47A2B38-BB38-4EBC-954F-CF49EF4A0E24_20119_S_Nestor_Ave_Carson_90746,Nestor,20119 S Nestor Avenue Ave Carson 90746,,,,
3635,5979,,,,18818.0,,,South,,,Ambler,Avenue,,,,,,,,,,,,,90746.0,,Carson,Carson,,,,,Carson GIS,{6AAA9DDA-22B0-41EA-8C1A-59DE1D2C6244},0,,6AAA9DDA-22B0-41EA-8C1A-59DE1D2C6244,Unknown,,S,,,Ave,S Ambler Ave,2015/03/24 09:32:55+00,18818 S Ambler Ave Carson 90746,6AAA9DDA-22B0-41EA-8C1A-59DE1D2C6244_18818_S_Ambler_Ave_Carson_90746,Ambler,18818 S Ambler Avenue Ave Carson 90746,,,,
3638,5982,,,,19222.0,,,South,,,Northwood,Avenue,,,,,,,,,,,,,90746.0,,Carson,Carson,,,,,Carson GIS,{4292C3CF-6453-44D7-88D2-DCCC351C628B},0,,4292C3CF-6453-44D7-88D2-DCCC351C628B,Unknown,,S,,,Ave,S Northwood Ave,2015/03/24 09:32:55+00,19222 S Northwood Ave Carson 90746,4292C3CF-6453-44D7-88D2-DCCC351C628B_19222_S_Northwood_Ave_Carson_90746,Northwood,19222 S Northwood Avenue Ave Carson 90746,,,,
3639,5983,,,,536.0,,,East,,,Cassidy,Street,,,,,,,,,,,,,90746.0,,Carson,Carson,,,,,Carson GIS,{BC9386CC-7CAD-4A66-8FF4-705D3C3123EB},0,,BC9386CC-7CAD-4A66-8FF4-705D3C3123EB,Unknown,,E,,,St,E Cassidy St,2015/03/24 09:32:55+00,536 E Cassidy St Carson 90746,BC9386CC-7CAD-4A66-8FF4-705D3C3123EB_536_E_Cassidy_St_Carson_90746,Cassidy,536 E Cassidy Street St Carson 90746,,,,
3653,6008,,,,18718.0,,,South,,,Billings,Avenue,,,,,,,,,,,,,90746.0,,Carson,Carson,,,,,Carson GIS,{9E2BA95E-86C1-4382-8B24-665EED6F67E8},0,,9E2BA95E-86C1-4382-8B24-665EED6F67E8,Unknown,,S,,,Ave,S Billings Ave,2015/03/24 09:32:55+00,18718 S Billings Ave Carson 90746,9E2BA95E-86C1-4382-8B24-665EED6F67E8_18718_S_Billings_Ave_Carson_90746,Billings,18718 S Billings Avenue Ave Carson 90746,,,,
3660,6019,,,,17928.0,,,South,,,Star Of India,Lane,,,,,,,,,,,,,90746.0,,Carson,Carson,,,,,Carson GIS,{56FFA016-AB74-4EB2-AE14-29DC9486881A},0,,56FFA016-AB74-4EB2-AE14-29DC9486881A,Unknown,,S,,,Ln,S Star Of India Ln,2015/03/24 09:32:55+00,17928 S Star Of India Ln Carson 90746,56FFA016-AB74-4EB2-AE14-29DC9486881A_17928_S_Star_Of_India_Ln_Carson_90746,Star Of India,17928 S Star Of India Lane Ln Carson 90746,,,,
3661,6021,,,,1451.0,,,East,,,Abbottson,Street,,,,,,,,,,,,,90746.0,,Carson,Carson,,,,,Carson GIS,{FEF7F605-72E6-4D4C-8ED2-725A85F112D8},0,,FEF7F605-72E6-4D4C-8ED2-725A85F112D8,Unknown,,E,,,St,E Abbottson St,2015/03/24 09:32:55+00,1451 E Abbottson St Carson 90746,FEF7F605-72E6-4D4C-8ED2-725A85F112D8_1451_E_Abbottson_St_Carson_90746,Abbottson,1451 E Abbottson Street St Carson 90746,,,,
3662,6022,,,,20242.0,,,South,,,Enslow,Drive,,,,,,,,,,,,,90746.0,,Carson,Carson,,,,,Carson GIS,{697BA501-8D3A-4996-872E-47FB612A1607},0,,697BA501-8D3A-4996-872E-47FB612A1607,Unknown,,S,,,Dr,S Enslow Dr,2015/03/24 09:32:55+00,20242 S Enslow Dr Carson 90746,697BA501-8D3A-4996-872E-47FB612A1607_20242_S_Enslow_Dr_Carson_90746,Enslow,20242 S Enslow Drive Dr Carson 90746,,,,
3666,6027,,,,18947.0,,,South,,,Milmore,Avenue,,,,,,,,,,,,,90746.0,,Carson,Carson,,,,,Carson GIS,{22ABCA02-377D-408E-9AA4-03F94FFE7CC3},0,,22ABCA02-377D-408E-9AA4-03F94FFE7CC3,Unknown,,S,,,Ave,S Milmore Ave,2015/03/24 09:32:55+00,18947 S Milmore Ave Carson 90746,22ABCA02-377D-408E-9AA4-03F94FFE7CC3_18947_S_Milmore_Ave_Carson_90746,Milmore,18947 S Milmore Avenue Ave Carson 90746,,,,
3671,6036,,,,18812.0,,,South,,,Wall,Street,,,,,,,,,,,,,90746.0,,Carson,Carson,,,,,Carson GIS,{D52D4CB3-8AF2-459C-B807-7AC903CA4AF9},0,,D52D4CB3-8AF2-459C-B807-7AC903CA4AF9,Unknown,,S,,,St,S Wall St,2015/03/24 09:32:55+00,18812 S Wall St Carson 90746,D52D4CB3-8AF2-459C-B807-7AC903CA4AF9_18812_S_Wall_St_Carson_90746,Wall,18812 S Wall Street St Carson 90746,,,,
3679,6052,,,,541.0,,,East,,,Cheriton,Drive,,,,,,,,,,,,,90746.0,,Carson,Carson,,,,,Carson GIS,{5BB062C2-653F-4B19-B44A-98BB458F10E6},0,,5BB062C2-653F-4B19-B44A-98BB458F10E6,Unknown,,E,,,Dr,E Cheriton Dr,2015/03/24 09:32:55+00,541 E Cheriton Dr Carson 90746,5BB062C2-653F-4B19-B44A-98BB458F10E6_541_E_Cheriton_Dr_Carson_90746,Cheriton,541 E Cheriton Drive Dr Carson 90746,,,,
3688,6068,,,,17334.0,,,South,,,Billings,Drive,,,,,,,,,,,,,90746.0,,Carson,Carson,,,,,Carson GIS,{E2B0AC63-62AF-436B-A3BC-7D6F1C3D0FF6},0,,E2B0AC63-62AF-436B-A3BC-7D6F1C3D0FF6,Unknown,,S,,,Dr,S Billings Dr,2015/03/24 09:32:55+00,17334 S Billings Dr Carson 90746,E2B0AC63-62AF-436B-A3BC-7D6F1C3D0FF6_17334_S_Billings_Dr_Carson_90746,Billings,17334 S Billings Drive Dr Carson 90746,,,,
3697,6080,,,,20225.0,,,South,,,Wadley,Avenue,,,,,,,,,,,,,90746.0,,Carson,Carson,,,,,Carson GIS,{23C8DAF6-0A07-4A94-8536-3D6F79D00384},0,,23C8DAF6-0A07-4A94-8536-3D6F79D00384,Unknown,,S,,,Ave,S Wadley Ave,2015/03/24 09:32:55+00,20225 S Wadley Ave Carson 90746,23C8DAF6-0A07-4A94-8536-3D6F79D00384_20225_S_Wadley_Ave_Carson_90746,Wadley,20225 S Wadley Avenue Ave Carson 90746,,,,
3709,6100,,,,403.0,,,East,,,186th,Street,,,,,,,,,,,,,90746.0,,Carson,Carson,,,,,Carson GIS,{4BDBE724-CE99-426F-BB27-53D07848085A},0,,4BDBE724-CE99-426F-BB27-53D07848085A,Unknown,,E,,,St,E 186th St,2015/03/24 09:32:55+00,403 E 186th St Carson 90746,4BDBE724-CE99-426F-BB27-53D07848085A_403_E_186th_St_Carson_90746,186th,403 E 186th Street St Carson 90746,,,,
3710,6102,,,,18234.0,,,South,,,Ambler,Avenue,,,,,,,,,,,,,90746.0,,Carson,Carson,,,,,Carson GIS,{8BAE0AE6-D27D-448B-819F-194D220CB35F},0,,8BAE0AE6-D27D-448B-819F-194D220CB35F,Unknown,,S,,,Ave,S Ambler Ave,2015/03/24 09:32:55+00,18234 S Ambler Ave Carson 90746,8BAE0AE6-D27D-448B-819F-194D220CB35F_18234_S_Ambler_Ave_Carson_90746,Ambler,18234 S Ambler Avenue Ave Carson 90746,,,,
3715,6112,,,,575.0,,,East,,,Cheriton,Drive,,,,,,,,,,,,,90746.0,,Carson,Carson,,,,,Carson GIS,{5A5926F8-0A24-4A25-B2F0-B5926BD51F85},0,,5A5926F8-0A24-4A25-B2F0-B5926BD51F85,Unknown,,E,,,Dr,E Cheriton Dr,2015/03/24 09:32:55+00,575 E Cheriton Dr Carson 90746,5A5926F8-0A24-4A25-B2F0-B5926BD51F85_575_E_Cheriton_Dr_Carson_90746,Cheriton,575 E Cheriton Drive Dr Carson 90746,,,,
3730,6142,,,,19219.0,,,South,,,Northwood,Avenue,,,,,,,,,,,,,90746.0,,Carson,Carson,,,,,Carson GIS,{627DD10C-9D92-4CFD-8501-E711F03E16F5},0,,627DD10C-9D92-4CFD-8501-E711F03E16F5,Unknown,,S,,,Ave,S Northwood Ave,2015/03/24 09:32:55+00,19219 S Northwood Ave Carson 90746,627DD10C-9D92-4CFD-8501-E711F03E16F5_19219_S_Northwood_Ave_Carson_90746,Northwood,19219 S Northwood Avenue Ave Carson 90746,,,,
3731,6143,,,,18219.0,,,South,,,Ambler,Avenue,,,,,,,,,,,,,90746.0,,Carson,Carson,,,,,Carson GIS,{77140263-EF7E-43D5-A197-10738F047405},0,,77140263-EF7E-43D5-A197-10738F047405,Unknown,,S,,,Ave,S Ambler Ave,2015/03/24 09:32:55+00,18219 S Ambler Ave Carson 90746,77140263-EF7E-43D5-A197-10738F047405_18219_S_Ambler_Ave_Carson_90746,Ambler,18219 S Ambler Avenue Ave Carson 90746,,,,
3741,6157,,,,210.0,,,East,,,189th,Street,,,,,,,,,,,,,90746.0,,Carson,Carson,,,,,Carson GIS,{0E085573-3644-4EDC-B7AD-A042113AA066},0,,0E085573-3644-4EDC-B7AD-A042113AA066,Unknown,,E,,,St,E 189th St,2015/03/24 09:32:55+00,210 E 189th St Carson 90746,0E085573-3644-4EDC-B7AD-A042113AA066_210_E_189th_St_Carson_90746,189th,210 E 189th Street St Carson 90746,,,,
3774,6203,,,,1864.0,,,East,,,Fernrock,Street,,,,,,,,,,,,,90746.0,,Carson,Carson,,,,,Carson GIS,{3E715CE3-3AEE-4076-AEEA-65872AE22C1E},0,,3E715CE3-3AEE-4076-AEEA-65872AE22C1E,Unknown,,E,,,St,E Fernrock St,2015/03/24 09:32:55+00,1864 E Fernrock St Carson 90746,3E715CE3-3AEE-4076-AEEA-65872AE22C1E_1864_E_Fernrock_St_Carson_90746,Fernrock,1864 E Fernrock Street St Carson 90746,,,,
3776,6206,,,,909.0,,,East,,,Denwall,Drive,,,,,,,,,,,,,90746.0,,Carson,Carson,,,,,Carson GIS,{73D58E3F-BD6A-4A70-AB46-B830DB878A64},0,,73D58E3F-BD6A-4A70-AB46-B830DB878A64,Unknown,,E,,,Dr,E Denwall Dr,2015/03/24 09:32:55+00,909 E Denwall Dr Carson 90746,73D58E3F-BD6A-4A70-AB46-B830DB878A64_909_E_Denwall_Dr_Carson_90746,Denwall,909 E Denwall Drive Dr Carson 90746,,,,
3800,6254,,,,18213.0,,,South,,,Bonham,Avenue,,,,,,,,,,,,,90746.0,,Carson,Carson,,,,,Carson GIS,{EC480A2A-77A6-406C-9C37-84CF552CCD71},0,,EC480A2A-77A6-406C-9C37-84CF552CCD71,Unknown,,S,,,Ave,S Bonham Ave,2015/03/24 09:32:55+00,18213 S Bonham Ave Carson 90746,EC480A2A-77A6-406C-9C37-84CF552CCD71_18213_S_Bonham_Ave_Carson_90746,Bonham,18213 S Bonham Avenue Ave Carson 90746,,,,
3805,6264,,,,19112.0,,,South,,,Grandee,Avenue,,,,,,,,,,,,,90746.0,,Carson,Carson,,,,,Carson GIS,{4CE439BD-587C-4294-8D19-257633CBB266},0,,4CE439BD-587C-4294-8D19-257633CBB266,Unknown,,S,,,Ave,S Grandee Ave,2015/03/24 09:32:55+00,19112 S Grandee Ave Carson 90746,4CE439BD-587C-4294-8D19-257633CBB266_19112_S_Grandee_Ave_Carson_90746,Grandee,19112 S Grandee Avenue Ave Carson 90746,,,,
3818,6291,,,,19322.0,,,South,,,Cliveden,Avenue,,,,,,,,,,,,,90746.0,,Carson,Carson,,,,,Carson GIS,{3909EFDE-0D31-4A14-915E-76677D0237FC},0,,3909EFDE-0D31-4A14-915E-76677D0237FC,Unknown,,S,,,Ave,S Cliveden Ave,2015/03/24 09:32:55+00,19322 S Cliveden Ave Carson 90746,3909EFDE-0D31-4A14-915E-76677D0237FC_19322_S_Cliveden_Ave_Carson_90746,Cliveden,19322 S Cliveden Avenue Ave Carson 90746,,,,
3819,6293,,,,1253.0,,,East,,,McKool,Circle,,,,,,,,,,,,,90746.0,,Carson,Carson,,,,,Carson GIS,{9589EA8F-AB43-4AF3-8BE4-2BAF0D4BE91F},0,,9589EA8F-AB43-4AF3-8BE4-2BAF0D4BE91F,Unknown,,E,,,Cir,E McKool Cir,2015/03/24 09:32:55+00,1253 E McKool Cir Carson 90746,9589EA8F-AB43-4AF3-8BE4-2BAF0D4BE91F_1253_E_McKool_Cir_Carson_90746,McKool,1253 E McKool Circle Cir Carson 90746,,,,
3821,6295,,,,324.0,,,East,,,184th,Street,,,,,,,,,,,,,90746.0,,Carson,Carson,,,,,Carson GIS,{6F410367-B4B4-48E5-950F-EF76E9B79CDF},0,,6F410367-B4B4-48E5-950F-EF76E9B79CDF,Unknown,,E,,,St,E 184th St,2015/03/24 09:32:55+00,324 E 184th St Carson 90746,6F410367-B4B4-48E5-950F-EF76E9B79CDF_324_E_184th_St_Carson_90746,184th,324 E 184th Street St Carson 90746,,,,
3865,6369,,,,19326.0,,,South,,,Cliveden,Avenue,,,,,,,,,,,,,90746.0,,Carson,Carson,,,,,Carson GIS,{D32E6A36-C918-4A30-9E3E-142263EBEE18},0,,D32E6A36-C918-4A30-9E3E-142263EBEE18,Unknown,,S,,,Ave,S Cliveden Ave,2015/03/24 09:32:55+00,19326 S Cliveden Ave Carson 90746,D32E6A36-C918-4A30-9E3E-142263EBEE18_19326_S_Cliveden_Ave_Carson_90746,Cliveden,19326 S Cliveden Avenue Ave Carson 90746,,,,
3866,6371,,,,19429.0,,,South,,,Broadacres,Avenue,,,,,,,,,,,,,90746.0,,Carson,Carson,,,,,Carson GIS,{0A54D10F-D570-4317-ABBA-79CFD74D1F88},0,,0A54D10F-D570-4317-ABBA-79CFD74D1F88,Unknown,,S,,,Ave,S Broadacres Ave,2015/03/24 09:32:55+00,19429 S Broadacres Ave Carson 90746,0A54D10F-D570-4317-ABBA-79CFD74D1F88_19429_S_Broadacres_Ave_Carson_90746,Broadacres,19429 S Broadacres Avenue Ave Carson 90746,,,,
3870,6379,,,,20009.0,,,South,,,Scobey,Avenue,,,,,,,,,,,,,90746.0,,Carson,Carson,,,,,Carson GIS,{AA0D6E11-0D2E-472F-AAAC-789E3852F8F8},0,,AA0D6E11-0D2E-472F-AAAC-789E3852F8F8,Unknown,,S,,,Ave,S Scobey Ave,2015/03/24 09:32:55+00,20009 S Scobey Ave Carson 90746,AA0D6E11-0D2E-472F-AAAC-789E3852F8F8_20009_S_Scobey_Ave_Carson_90746,Scobey,20009 S Scobey Avenue Ave Carson 90746,,,,
3891,6416,,,,19216.0,,,South,,,Andmark,Avenue,,,,,,,,,,,,,90746.0,,Carson,Carson,,,,,Carson GIS,{D6886D4E-373D-483C-B6F3-D5C34093D4CD},0,,D6886D4E-373D-483C-B6F3-D5C34093D4CD,Unknown,,S,,,Ave,S Andmark Ave,2015/03/24 09:32:55+00,19216 S Andmark Ave Carson 90746,D6886D4E-373D-483C-B6F3-D5C34093D4CD_19216_S_Andmark_Ave_Carson_90746,Andmark,19216 S Andmark Avenue Ave Carson 90746,,,,
3895,6421,,,,18719.0,,,South,,,Bonham,Avenue,,,,,,,,,,,,,90746.0,,Carson,Carson,,,,,Carson GIS,{9B1FE168-AD60-40F9-A4AC-231E0C9D433C},0,,9B1FE168-AD60-40F9-A4AC-231E0C9D433C,Unknown,,S,,,Ave,S Bonham Ave,2015/03/24 09:32:55+00,18719 S Bonham Ave Carson 90746,9B1FE168-AD60-40F9-A4AC-231E0C9D433C_18719_S_Bonham_Ave_Carson_90746,Bonham,18719 S Bonham Avenue Ave Carson 90746,,,,
3902,6432,,,,19332.0,,,South,,,Nestor,Avenue,,,,,,,,,,,,,90746.0,,Carson,Carson,,,,,Carson GIS,{C4A01A4B-0D97-4E8C-B740-FDF5188FA859},0,,C4A01A4B-0D97-4E8C-B740-FDF5188FA859,Unknown,,S,,,Ave,S Nestor Ave,2015/03/24 09:32:55+00,19332 S Nestor Ave Carson 90746,C4A01A4B-0D97-4E8C-B740-FDF5188FA859_19332_S_Nestor_Ave_Carson_90746,Nestor,19332 S Nestor Avenue Ave Carson 90746,,,,
3907,6437,,,,213.0,,,East,,,185th,Street,,,,,,,,,,,,,90746.0,,Carson,Carson,,,,,Carson GIS,{EE640D1E-38CF-44B3-AE1C-6CCFA3FC4E2E},0,,EE640D1E-38CF-44B3-AE1C-6CCFA3FC4E2E,Unknown,,E,,,St,E 185th St,2015/03/24 09:32:55+00,213 E 185th St Carson 90746,EE640D1E-38CF-44B3-AE1C-6CCFA3FC4E2E_213_E_185th_St_Carson_90746,185th,213 E 185th Street St Carson 90746,,,,
3908,6438,,,,20008.0,,,South,,,Dalfsen,Avenue,,,,,,,,,,,,,90746.0,,Carson,Carson,,,,,Carson GIS,{84B3ABDD-7B30-4A48-AE66-0B449CD558C2},0,,84B3ABDD-7B30-4A48-AE66-0B449CD558C2,Unknown,,S,,,Ave,S Dalfsen Ave,2015/03/24 09:32:55+00,20008 S Dalfsen Ave Carson 90746,84B3ABDD-7B30-4A48-AE66-0B449CD558C2_20008_S_Dalfsen_Ave_Carson_90746,Dalfsen,20008 S Dalfsen Avenue Ave Carson 90746,,,,
3917,6452,,,,982.0,,,East,,,Turmont,Street,,,,,,,,,,,,,90746.0,,Carson,Carson,,,,,Carson GIS,{5AF8E8D8-4522-45A6-A7FA-EA564D0BC18B},0,,5AF8E8D8-4522-45A6-A7FA-EA564D0BC18B,Unknown,,E,,,St,E Turmont St,2015/03/24 09:32:55+00,982 E Turmont St Carson 90746,5AF8E8D8-4522-45A6-A7FA-EA564D0BC18B_982_E_Turmont_St_Carson_90746,Turmont,982 E Turmont Street St Carson 90746,,,,
3924,6466,,,,18009.0,,,South,,,Adria Maru,Lane,,,,,,,,,,,,,90746.0,,Carson,Carson,,,,,Carson GIS,{353C090B-F3B3-4351-969A-57DEA5892ED0},0,,353C090B-F3B3-4351-969A-57DEA5892ED0,Unknown,,S,,,Ln,S Adria Maru Ln,2015/03/24 09:32:55+00,18009 S Adria Maru Ln Carson 90746,353C090B-F3B3-4351-969A-57DEA5892ED0_18009_S_Adria_Maru_Ln_Carson_90746,Adria Maru,18009 S Adria Maru Lane Ln Carson 90746,,,,
3926,6468,,,,440.0,,,East,,,Bradenhall,Drive,,,,,,,,,,,,,90746.0,,Carson,Carson,,,,,Carson GIS,{8635CA2D-6AC3-48BE-9019-B41413F8AB6E},0,,8635CA2D-6AC3-48BE-9019-B41413F8AB6E,Unknown,,E,,,Dr,E Bradenhall Dr,2015/03/24 09:32:55+00,440 E Bradenhall Dr Carson 90746,8635CA2D-6AC3-48BE-9019-B41413F8AB6E_440_E_Bradenhall_Dr_Carson_90746,Bradenhall,440 E Bradenhall Drive Dr Carson 90746,,,,
3946,6502,,,,17345.0,,,South,,,Billings,Drive,,,,,,,,,,,,,90746.0,,Carson,Carson,,,,,Carson GIS,{5EF92F0C-5777-44E6-9605-FADD2E1219FF},0,,5EF92F0C-5777-44E6-9605-FADD2E1219FF,Unknown,,S,,,Dr,S Billings Dr,2015/03/24 09:32:55+00,17345 S Billings Dr Carson 90746,5EF92F0C-5777-44E6-9605-FADD2E1219FF_17345_S_Billings_Dr_Carson_90746,Billings,17345 S Billings Drive Dr Carson 90746,,,,
3947,6506,,,,440.0,,,East,,,Victoria,Street,,,,,,,,,,,,,90746.0,,Carson,Carson,,,,,Carson GIS,{8E7A3AE2-B1F3-426D-9AE0-2B9C32ADAD27},0,,8E7A3AE2-B1F3-426D-9AE0-2B9C32ADAD27,Unknown,,E,,,St,E Victoria St,2015/03/24 09:32:55+00,440 E Victoria St Carson 90746,8E7A3AE2-B1F3-426D-9AE0-2B9C32ADAD27_440_E_Victoria_St_Carson_90746,Victoria,440 E Victoria Street St Carson 90746,,,,
3950,6510,,,,19106.0,,,South,,,Tajauta,Avenue,,,,,,,,,,,,,90746.0,,Carson,Carson,,,,,Carson GIS,{F23D352B-8992-4BE1-B8B0-1556039C0040},0,,F23D352B-8992-4BE1-B8B0-1556039C0040,Unknown,,S,,,Ave,S Tajauta Ave,2015/03/24 09:32:55+00,19106 S Tajauta Ave Carson 90746,F23D352B-8992-4BE1-B8B0-1556039C0040_19106_S_Tajauta_Ave_Carson_90746,Tajauta,19106 S Tajauta Avenue Ave Carson 90746,,,,
3952,6514,,,,1033.0,,,East,,,Fernrock,Street,,,,,,,,,,,,,90746.0,,Carson,Carson,,,,,Carson GIS,{ABED732A-0DDD-44EB-8231-FE5599495745},0,,ABED732A-0DDD-44EB-8231-FE5599495745,Unknown,,E,,,St,E Fernrock St,2015/03/24 09:32:55+00,1033 E Fernrock St Carson 90746,ABED732A-0DDD-44EB-8231-FE5599495745_1033_E_Fernrock_St_Carson_90746,Fernrock,1033 E Fernrock Street St Carson 90746,,,,
3963,6527,,,,116.0,,,East,,,189th,Street,,,,,,,,,,,,,90746.0,,Carson,Carson,,,,,Carson GIS,{D245B7E8-C10B-4DC0-A8E0-93AA501EA499},0,,D245B7E8-C10B-4DC0-A8E0-93AA501EA499,Unknown,,E,,,St,E 189th St,2015/03/24 09:32:55+00,116 E 189th St Carson 90746,D245B7E8-C10B-4DC0-A8E0-93AA501EA499_116_E_189th_St_Carson_90746,189th,116 E 189th Street St Carson 90746,,,,
3972,6540,,,,18229.0,,,South,,,Towne,Avenue,,,,,,,,,,,,,90746.0,,Carson,Carson,,,,,Carson GIS,{33DA8CEC-FB49-41BD-9FF0-026ED38D084F},0,,33DA8CEC-FB49-41BD-9FF0-026ED38D084F,Unknown,,S,,,Ave,S Towne Ave,2015/03/24 09:32:55+00,18229 S Towne Ave Carson 90746,33DA8CEC-FB49-41BD-9FF0-026ED38D084F_18229_S_Towne_Ave_Carson_90746,Towne,18229 S Towne Avenue Ave Carson 90746,,,,
3983,6555,,,,1453.0,,,East,,,Fernrock,Street,,,,,,,,,,,,,90746.0,,Carson,Carson,,,,,Carson GIS,{0F9E5E3C-7BBC-4EC4-A572-D3274019B90D},0,,0F9E5E3C-7BBC-4EC4-A572-D3274019B90D,Unknown,,E,,,St,E Fernrock St,2015/03/24 09:32:55+00,1453 E Fernrock St Carson 90746,0F9E5E3C-7BBC-4EC4-A572-D3274019B90D_1453_E_Fernrock_St_Carson_90746,Fernrock,1453 E Fernrock Street St Carson 90746,,,,
3984,6557,,,,1044.0,,,East,,Del,Amo,Boulevard,,,,,,,,,,,,,90746.0,,Carson,Carson,,,,,Carson GIS,{E339E1DE-15AC-4A2D-95E7-5903A6935ED3},0,,E339E1DE-15AC-4A2D-95E7-5903A6935ED3,Unknown,,E,,,Blvd,E Del Amo Blvd,2015/03/24 09:32:55+00,1044 E Del Amo Blvd Carson 90746,E339E1DE-15AC-4A2D-95E7-5903A6935ED3_1044_E_Del_Amo_Blvd_Carson_90746,Del Amo,1044 E Del Amo Boulevard Blvd Carson 90746,,,,
3985,6558,,,,19432.0,,,South,,,Northwood,Avenue,,,,,,,,,,,,,90746.0,,Carson,Carson,,,,,Carson GIS,{545009D5-057C-45BF-A275-2DF3B38AEABC},0,,545009D5-057C-45BF-A275-2DF3B38AEABC,Unknown,,S,,,Ave,S Northwood Ave,2015/03/24 09:32:55+00,19432 S Northwood Ave Carson 90746,545009D5-057C-45BF-A275-2DF3B38AEABC_19432_S_Northwood_Ave_Carson_90746,Northwood,19432 S Northwood Avenue Ave Carson 90746,,,,
3991,6576,,,,1469.0,,,East,,,Fernrock,Street,,,,,,,,,,,,,90746.0,,Carson,Carson,,,,,Carson GIS,{53B122D7-0652-4247-ABE6-1E351DADB050},0,,53B122D7-0652-4247-ABE6-1E351DADB050,Unknown,,E,,,St,E Fernrock St,2015/03/24 09:32:55+00,1469 E Fernrock St Carson 90746,53B122D7-0652-4247-ABE6-1E351DADB050_1469_E_Fernrock_St_Carson_90746,Fernrock,1469 E Fernrock Street St Carson 90746,,,,
3992,6578,,,,17401.0,,,South,,,Avalon,Boulevard,,,,,,,,,,,Number,D2,90746.0,,Carson,Carson,,,,,Carson GIS,{9B3D381F-1CD2-4F8A-B86C-B8DEA84A7569},0,,9B3D381F-1CD2-4F8A-B86C-B8DEA84A7569,Unknown,,S,,,Blvd,S Avalon Blvd,2018/04/04 16:54:53+00,17401 S Avalon Blvd Number D2 Carson 90746,9B3D381F-1CD2-4F8A-B86C-B8DEA84A7569_17401_S_Avalon_Blvd_Number_D2_Carson_90746,Avalon,17401 S Avalon Boulevard Blvd Number D2 Carson 90746,,,,
3999,6589,,,,813.0,,,East,,,Gladwick,Street,,,,,,,,,,,,,90746.0,,Carson,Carson,,,,,Carson GIS,{C7EBF616-63EF-4D69-AD0E-548891E1FFBC},0,,C7EBF616-63EF-4D69-AD0E-548891E1FFBC,Unknown,,E,,,St,E Gladwick St,2015/03/24 09:32:55+00,813 E Gladwick St Carson 90746,C7EBF616-63EF-4D69-AD0E-548891E1FFBC_813_E_Gladwick_St_Carson_90746,Gladwick,813 E Gladwick Street St Carson 90746,,,,
4002,6594,,,,18315.0,,,South,,,Milmore,Avenue,,,,,,,,,,,,,90746.0,,Carson,Carson,,,,,Carson GIS,{6C4E1EA6-C774-404C-B305-9D9FC6107F3E},0,,6C4E1EA6-C774-404C-B305-9D9FC6107F3E,Unknown,,S,,,Ave,S Milmore Ave,2015/03/24 09:32:55+00,18315 S Milmore Ave Carson 90746,6C4E1EA6-C774-404C-B305-9D9FC6107F3E_18315_S_Milmore_Ave_Carson_90746,Milmore,18315 S Milmore Avenue Ave Carson 90746,,,,
4009,6605,,,,18422.0,,,South,,,Towne,Avenue,,,,,,,,,,,,,90746.0,,Carson,Carson,,,,,Carson GIS,{616A0F0F-7B27-47CA-9377-6AE2DFA2C67D},0,,616A0F0F-7B27-47CA-9377-6AE2DFA2C67D,Unknown,,S,,,Ave,S Towne Ave,2015/03/24 09:32:55+00,18422 S Towne Ave Carson 90746,616A0F0F-7B27-47CA-9377-6AE2DFA2C67D_18422_S_Towne_Ave_Carson_90746,Towne,18422 S Towne Avenue Ave Carson 90746,,,,
4038,6649,,,,19232.0,,,South,,,Gunlock,Avenue,,,,,,,,,,,,,90746.0,,Carson,Carson,,,,,Carson GIS,{A26DEF07-7DFD-486F-BFC1-47A24BA89464},0,,A26DEF07-7DFD-486F-BFC1-47A24BA89464,Unknown,,S,,,Ave,S Gunlock Ave,2015/03/24 09:32:55+00,19232 S Gunlock Ave Carson 90746,A26DEF07-7DFD-486F-BFC1-47A24BA89464_19232_S_Gunlock_Ave_Carson_90746,Gunlock,19232 S Gunlock Avenue Ave Carson 90746,,,,
4039,6650,,,,515.0,,,East,,,186th,Street,,,,,,,,,,,,,90746.0,,Carson,Carson,,,,,Carson GIS,{F351A17E-490E-4001-B04E-6ED61BA180B4},0,,F351A17E-490E-4001-B04E-6ED61BA180B4,Unknown,,E,,,St,E 186th St,2015/03/24 09:32:55+00,515 E 186th St Carson 90746,F351A17E-490E-4001-B04E-6ED61BA180B4_515_E_186th_St_Carson_90746,186th,515 E 186th Street St Carson 90746,,,,
4040,6651,,,,445.0,,,East,,,182nd,Street,,,,,,,,,,,,,90746.0,,Carson,Carson,,,,,Carson GIS,{B352C6BC-84D9-4BAB-9641-540BC6A52BE1},0,,B352C6BC-84D9-4BAB-9641-540BC6A52BE1,Unknown,,E,,,St,E 182nd St,2015/03/24 09:32:55+00,445 E 182nd St Carson 90746,B352C6BC-84D9-4BAB-9641-540BC6A52BE1_445_E_182nd_St_Carson_90746,182nd,445 E 182nd Street St Carson 90746,,,,
4041,6653,,,,346.0,,,East,,,189th,Street,,,,,,,,,,,,,90746.0,,Carson,Carson,,,,,Carson GIS,{45E44A9E-94A2-45A6-9C66-6FCEEA91B3B3},0,,45E44A9E-94A2-45A6-9C66-6FCEEA91B3B3,Unknown,,E,,,St,E 189th St,2015/03/24 09:32:55+00,346 E 189th St Carson 90746,45E44A9E-94A2-45A6-9C66-6FCEEA91B3B3_346_E_189th_St_Carson_90746,189th,346 E 189th Street St Carson 90746,,,,
4052,6664,,,,17345.0,,,South,,,Wall,Street,,,,,,,,,,,,,90746.0,,Carson,Carson,,,,,Carson GIS,{83E80202-44A2-44ED-8665-980F8A1734A6},0,,83E80202-44A2-44ED-8665-980F8A1734A6,Unknown,,S,,,St,S Wall St,2015/03/24 09:32:55+00,17345 S Wall St Carson 90746,83E80202-44A2-44ED-8665-980F8A1734A6_17345_S_Wall_St_Carson_90746,Wall,17345 S Wall Street St Carson 90746,,,,
4053,6666,,,,20625.0,,,South,,,Belshaw,Avenue,,,,,,,,,,,,,90746.0,,Carson,Carson,,,,,Carson GIS,{09F07A39-AD3D-4B37-B9F4-0A20464A42FD},0,,09F07A39-AD3D-4B37-B9F4-0A20464A42FD,Unknown,,S,,,Ave,S Belshaw Ave,2015/03/24 09:32:55+00,20625 S Belshaw Ave Carson 90746,09F07A39-AD3D-4B37-B9F4-0A20464A42FD_20625_S_Belshaw_Ave_Carson_90746,Belshaw,20625 S Belshaw Avenue Ave Carson 90746,,,,
4068,6692,,,,1819.0,,,East,,,Dimondale,Drive,,,,,,,,,,,,,90746.0,,Carson,Carson,,,,,Carson GIS,{F1C72BB2-D070-4DC1-84AC-4892BBBAE3CA},0,,F1C72BB2-D070-4DC1-84AC-4892BBBAE3CA,Unknown,,E,,,Dr,E Dimondale Dr,2015/03/24 09:32:55+00,1819 E Dimondale Dr Carson 90746,F1C72BB2-D070-4DC1-84AC-4892BBBAE3CA_1819_E_Dimondale_Dr_Carson_90746,Dimondale,1819 E Dimondale Drive Dr Carson 90746,,,,
4076,6711,,,,20023.0,,,South,,,Annalee,Avenue,,,,,,,,,,,,,90746.0,,Carson,Carson,,,,,Carson GIS,{B74E58D7-95A5-4440-8F04-1077C35C5FC2},0,,B74E58D7-95A5-4440-8F04-1077C35C5FC2,Unknown,,S,,,Ave,S Annalee Ave,2015/03/24 09:32:55+00,20023 S Annalee Ave Carson 90746,B74E58D7-95A5-4440-8F04-1077C35C5FC2_20023_S_Annalee_Ave_Carson_90746,Annalee,20023 S Annalee Avenue Ave Carson 90746,,,,
4079,6716,,,,18502.0,,,South,,,Milmore,Avenue,,,,,,,,,,,,,90746.0,,Carson,Carson,,,,,Carson GIS,{5C5CA8CF-90D8-4A4D-B234-A67346271CF2},0,,5C5CA8CF-90D8-4A4D-B234-A67346271CF2,Unknown,,S,,,Ave,S Milmore Ave,2015/03/24 09:32:55+00,18502 S Milmore Ave Carson 90746,5C5CA8CF-90D8-4A4D-B234-A67346271CF2_18502_S_Milmore_Ave_Carson_90746,Milmore,18502 S Milmore Avenue Ave Carson 90746,,,,
4080,6717,,,,20232.0,,,South,,,Belshaw,Avenue,,,,,,,,,,,,,90746.0,,Carson,Carson,,,,,Carson GIS,{B44360AD-DA59-4262-A83C-D00C9C12829C},0,,B44360AD-DA59-4262-A83C-D00C9C12829C,Unknown,,S,,,Ave,S Belshaw Ave,2015/03/24 09:32:55+00,20232 S Belshaw Ave Carson 90746,B44360AD-DA59-4262-A83C-D00C9C12829C_20232_S_Belshaw_Ave_Carson_90746,Belshaw,20232 S Belshaw Avenue Ave Carson 90746,,,,
4081,6720,,,,424.0,,,East,,,Sherman,Drive,,,,,,,,,,,,,90746.0,,Carson,Carson,,,,,Carson GIS,{0DF39025-80FF-4ECA-87BF-028D71513A2F},0,,0DF39025-80FF-4ECA-87BF-028D71513A2F,Unknown,,E,,,Dr,E Sherman Dr,2015/03/24 09:32:55+00,424 E Sherman Dr Carson 90746,0DF39025-80FF-4ECA-87BF-028D71513A2F_424_E_Sherman_Dr_Carson_90746,Sherman,424 E Sherman Drive Dr Carson 90746,,,,
4082,6723,,,,1338.0,,,East,,,Helmick,Street,,,,,,,,,,,,,90746.0,,Carson,Carson,,,,,Carson GIS,{9DC49F56-F122-42FC-9401-26C637F45956},0,,9DC49F56-F122-42FC-9401-26C637F45956,Unknown,,E,,,St,E Helmick St,2015/03/24 09:32:55+00,1338 E Helmick St Carson 90746,9DC49F56-F122-42FC-9401-26C637F45956_1338_E_Helmick_St_Carson_90746,Helmick,1338 E Helmick Street St Carson 90746,,,,
4085,6728,,,,1318.0,,,East,,,Gladwick,Street,,,,,,,,,,,,,90746.0,,Carson,Carson,,,,,Carson GIS,{0E6F2511-9F28-4553-A7BE-CAEA3A74C72A},0,,0E6F2511-9F28-4553-A7BE-CAEA3A74C72A,Unknown,,E,,,St,E Gladwick St,2015/03/24 09:32:55+00,1318 E Gladwick St Carson 90746,0E6F2511-9F28-4553-A7BE-CAEA3A74C72A_1318_E_Gladwick_St_Carson_90746,Gladwick,1318 E Gladwick Street St Carson 90746,,,,
4090,6734,,,,18514.0,,,South,,,Milmore,Avenue,,,,,,,,,,,,,90746.0,,Carson,Carson,,,,,Carson GIS,{153A1B41-87B6-42C4-8694-1F7B506C0F41},0,,153A1B41-87B6-42C4-8694-1F7B506C0F41,Unknown,,S,,,Ave,S Milmore Ave,2015/03/24 09:32:55+00,18514 S Milmore Ave Carson 90746,153A1B41-87B6-42C4-8694-1F7B506C0F41_18514_S_Milmore_Ave_Carson_90746,Milmore,18514 S Milmore Avenue Ave Carson 90746,,,,
4091,6735,,,,20208.0,,,South,,,Tillman,Avenue,,,,,,,,,,,,,90746.0,,Carson,Carson,,,,,Carson GIS,{786E9120-4E2C-4FF8-8A9C-698AD6476CC2},0,,786E9120-4E2C-4FF8-8A9C-698AD6476CC2,Unknown,,S,,,Ave,S Tillman Ave,2015/03/24 09:32:55+00,20208 S Tillman Ave Carson 90746,786E9120-4E2C-4FF8-8A9C-698AD6476CC2_20208_S_Tillman_Ave_Carson_90746,Tillman,20208 S Tillman Avenue Ave Carson 90746,,,,
4102,6759,,,,20101.0,,,South,,,Kemp,Avenue,,,,,,,,,,,,,90746.0,,Carson,Carson,,,,,Carson GIS,{A865D9E6-9D15-4329-908C-E6A7D9D278C8},0,,A865D9E6-9D15-4329-908C-E6A7D9D278C8,Unknown,,S,,,Ave,S Kemp Ave,2015/03/24 09:32:55+00,20101 S Kemp Ave Carson 90746,A865D9E6-9D15-4329-908C-E6A7D9D278C8_20101_S_Kemp_Ave_Carson_90746,Kemp,20101 S Kemp Avenue Ave Carson 90746,,,,
4106,6768,,,,1060.0,,,East,,,Turmont,Street,,,,,,,,,,,,,90746.0,,Carson,Carson,,,,,Carson GIS,{FFCE6F8C-337E-410A-BA27-BF782464D0D5},0,,FFCE6F8C-337E-410A-BA27-BF782464D0D5,Unknown,,E,,,St,E Turmont St,2015/03/24 09:32:55+00,1060 E Turmont St Carson 90746,FFCE6F8C-337E-410A-BA27-BF782464D0D5_1060_E_Turmont_St_Carson_90746,Turmont,1060 E Turmont Street St Carson 90746,,,,
4129,6819,,,,17338.0,,,South,,,Bonham,Avenue,,,,,,,,,,,,,90746.0,,Carson,Carson,,,,,Carson GIS,{A87A7B4C-B3B8-4A48-867B-AB24649A221E},0,,A87A7B4C-B3B8-4A48-867B-AB24649A221E,Unknown,,S,,,Ave,S Bonham Ave,2015/03/24 09:32:55+00,17338 S Bonham Ave Carson 90746,A87A7B4C-B3B8-4A48-867B-AB24649A221E_17338_S_Bonham_Ave_Carson_90746,Bonham,17338 S Bonham Avenue Ave Carson 90746,,,,
4159,6863,,,,20003.0,,,South,,,Nestor,Avenue,,,,,,,,,,,,,90746.0,,Carson,Carson,,,,,Carson GIS,{8564395F-96B1-4B8C-A1B6-AFD9C008192A},0,,8564395F-96B1-4B8C-A1B6-AFD9C008192A,Unknown,,S,,,Ave,S Nestor Ave,2015/03/24 09:32:55+00,20003 S Nestor Ave Carson 90746,8564395F-96B1-4B8C-A1B6-AFD9C008192A_20003_S_Nestor_Ave_Carson_90746,Nestor,20003 S Nestor Avenue Ave Carson 90746,,,,
4181,6902,,,,19322.0,,,South,,,Broadacres,Avenue,,,,,,,,,,,,,90746.0,,Carson,Carson,,,,,Carson GIS,{49665572-AE35-43BA-B640-ED355BE655EA},0,,49665572-AE35-43BA-B640-ED355BE655EA,Unknown,,S,,,Ave,S Broadacres Ave,2015/03/24 09:32:55+00,19322 S Broadacres Ave Carson 90746,49665572-AE35-43BA-B640-ED355BE655EA_19322_S_Broadacres_Ave_Carson_90746,Broadacres,19322 S Broadacres Avenue Ave Carson 90746,,,,
4196,6919,,,,108.0,,,East,,,Star Of India,Lane,,,,,,,,,,,,,90746.0,,Carson,Carson,,,,,Carson GIS,{9BFDFC2C-A6D5-4FD4-88F5-8E77B09F8659},0,,9BFDFC2C-A6D5-4FD4-88F5-8E77B09F8659,Unknown,,E,,,Ln,E Star Of India Ln,2015/03/24 09:32:55+00,108 E Star Of India Ln Carson 90746,9BFDFC2C-A6D5-4FD4-88F5-8E77B09F8659_108_E_Star_Of_India_Ln_Carson_90746,Star Of India,108 E Star Of India Lane Ln Carson 90746,,,,
4204,6938,,,,20611.0,,,South,,,Belshaw,Avenue,,,,,,,,,,,,,90746.0,,Carson,Carson,,,,,Carson GIS,{1DFCF6EA-A460-4662-A1D3-C744ED069A38},0,,1DFCF6EA-A460-4662-A1D3-C744ED069A38,Unknown,,S,,,Ave,S Belshaw Ave,2015/03/24 09:32:55+00,20611 S Belshaw Ave Carson 90746,1DFCF6EA-A460-4662-A1D3-C744ED069A38_20611_S_Belshaw_Ave_Carson_90746,Belshaw,20611 S Belshaw Avenue Ave Carson 90746,,,,
4209,6946,,,,17351.0,,,South,,,Wall,Street,,,,,,,,,,,,,90746.0,,Carson,Carson,,,,,Carson GIS,{94E7D259-4120-47A8-92D7-F0ED615A621B},0,,94E7D259-4120-47A8-92D7-F0ED615A621B,Unknown,,S,,,St,S Wall St,2015/03/24 09:32:55+00,17351 S Wall St Carson 90746,94E7D259-4120-47A8-92D7-F0ED615A621B_17351_S_Wall_St_Carson_90746,Wall,17351 S Wall Street St Carson 90746,,,,
4211,6952,,,,20219.0,,,South,,,Belshaw,Avenue,,,,,,,,,,,,,90746.0,,Carson,Carson,,,,,Carson GIS,{68E29A15-C2F4-4582-BE08-90A38A86E886},0,,68E29A15-C2F4-4582-BE08-90A38A86E886,Unknown,,S,,,Ave,S Belshaw Ave,2015/03/24 09:32:55+00,20219 S Belshaw Ave Carson 90746,68E29A15-C2F4-4582-BE08-90A38A86E886_20219_S_Belshaw_Ave_Carson_90746,Belshaw,20219 S Belshaw Avenue Ave Carson 90746,,,,
4229,6977,,,,20232.0,,,South,,,Campaign,Drive,,,,,,,,,,,,,90746.0,,Carson,Carson,,,,,Carson GIS,{F8A0B453-FF8B-45D9-B89E-70B26CEC48AA},0,,F8A0B453-FF8B-45D9-B89E-70B26CEC48AA,Unknown,,S,,,Dr,S Campaign Dr,2015/03/24 09:32:55+00,20232 S Campaign Dr Carson 90746,F8A0B453-FF8B-45D9-B89E-70B26CEC48AA_20232_S_Campaign_Dr_Carson_90746,Campaign,20232 S Campaign Drive Dr Carson 90746,,,,
4236,6989,,,,18629.0,,,South,,,Ambler,Avenue,,,,,,,,,,,,,90746.0,,Carson,Carson,,,,,Carson GIS,{CF7EF7FE-8D28-4214-80FE-07ACB633DE07},0,,CF7EF7FE-8D28-4214-80FE-07ACB633DE07,Unknown,,S,,,Ave,S Ambler Ave,2015/03/24 09:32:55+00,18629 S Ambler Ave Carson 90746,CF7EF7FE-8D28-4214-80FE-07ACB633DE07_18629_S_Ambler_Ave_Carson_90746,Ambler,18629 S Ambler Avenue Ave Carson 90746,,,,
4237,6990,,,,20306.0,,,South,,,Kaiser,Circle,,,,,,,,,,,,,90746.0,,Carson,Carson,,,,,Carson GIS,{E0711073-A5C7-453B-BEE3-E22E82E41ED7},0,,E0711073-A5C7-453B-BEE3-E22E82E41ED7,Unknown,,S,,,Cir,S Kaiser Cir,2015/03/24 09:32:55+00,20306 S Kaiser Cir Carson 90746,E0711073-A5C7-453B-BEE3-E22E82E41ED7_20306_S_Kaiser_Cir_Carson_90746,Kaiser,20306 S Kaiser Circle Cir Carson 90746,,,,
4238,6991,,,,19232.0,,,South,,,Northwood,Avenue,,,,,,,,,,,,,90746.0,,Carson,Carson,,,,,Carson GIS,{E1702A0F-DE1C-4DD6-ABA0-015A1FB127A9},0,,E1702A0F-DE1C-4DD6-ABA0-015A1FB127A9,Unknown,,S,,,Ave,S Northwood Ave,2015/03/24 09:32:55+00,19232 S Northwood Ave Carson 90746,E1702A0F-DE1C-4DD6-ABA0-015A1FB127A9_19232_S_Northwood_Ave_Carson_90746,Northwood,19232 S Northwood Avenue Ave Carson 90746,,,,
4239,6993,,,,19203.0,,,South,,,Harlan,Avenue,,,,,,,,,,,,,90746.0,,Carson,Carson,,,,,Carson GIS,{0119BEB8-2416-42FC-B0B7-CAB1BB751D72},0,,0119BEB8-2416-42FC-B0B7-CAB1BB751D72,Unknown,,S,,,Ave,S Harlan Ave,2015/03/24 09:32:55+00,19203 S Harlan Ave Carson 90746,0119BEB8-2416-42FC-B0B7-CAB1BB751D72_19203_S_Harlan_Ave_Carson_90746,Harlan,19203 S Harlan Avenue Ave Carson 90746,,,,
4265,7034,,,,20013.0,,,East,,,Pricetown,Avenue,,,,,,,,,,,,,90746.0,,Carson,Carson,,,,,Carson GIS,{53963941-9B01-41F4-AD63-804D7645E07F},0,,53963941-9B01-41F4-AD63-804D7645E07F,Unknown,,E,,,Ave,E Pricetown Ave,2015/03/24 09:32:55+00,20013 E Pricetown Ave Carson 90746,53963941-9B01-41F4-AD63-804D7645E07F_20013_E_Pricetown_Ave_Carson_90746,Pricetown,20013 E Pricetown Avenue Ave Carson 90746,,,,
4284,7059,,,,1880.0,,,East,,,Fernrock,Street,,,,,,,,,,,,,90746.0,,Carson,Carson,,,,,Carson GIS,{807B7B66-2218-4A7B-A25A-E5C76B8757EC},0,,807B7B66-2218-4A7B-A25A-E5C76B8757EC,Unknown,,E,,,St,E Fernrock St,2015/03/24 09:32:55+00,1880 E Fernrock St Carson 90746,807B7B66-2218-4A7B-A25A-E5C76B8757EC_1880_E_Fernrock_St_Carson_90746,Fernrock,1880 E Fernrock Street St Carson 90746,,,,
4287,7067,,,,1758.0,,,East,,,Turmont,Street,,,,,,,,,,,,,90746.0,,Carson,Carson,,,,,Carson GIS,{89E5AA7E-D17E-4F21-9CFC-275BE7CCF4BF},0,,89E5AA7E-D17E-4F21-9CFC-275BE7CCF4BF,Unknown,,E,,,St,E Turmont St,2015/03/24 09:32:55+00,1758 E Turmont St Carson 90746,89E5AA7E-D17E-4F21-9CFC-275BE7CCF4BF_1758_E_Turmont_St_Carson_90746,Turmont,1758 E Turmont Street St Carson 90746,,,,
4292,7074,,,,403.0,,,East,,,181st,Street,,,,,,,,,,,,,90746.0,,Carson,Carson,,,,,Carson GIS,{506022EC-51B7-4ADF-81C0-3A990DACDEFB},0,,506022EC-51B7-4ADF-81C0-3A990DACDEFB,Unknown,,E,,,St,E 181st St,2015/03/24 09:32:55+00,403 E 181st St Carson 90746,506022EC-51B7-4ADF-81C0-3A990DACDEFB_403_E_181st_St_Carson_90746,181st,403 E 181st Street St Carson 90746,,,,
4293,7075,,,,1520.0,,,East,,,Cyrene,Drive,,,,,,,,,,,,,90746.0,,Carson,Carson,,,,,Carson GIS,{2FAD8E56-E096-466B-8C43-5077D827C122},0,,2FAD8E56-E096-466B-8C43-5077D827C122,Unknown,,E,,,Dr,E Cyrene Dr,2015/03/24 09:32:55+00,1520 E Cyrene Dr Carson 90746,2FAD8E56-E096-466B-8C43-5077D827C122_1520_E_Cyrene_Dr_Carson_90746,Cyrene,1520 E Cyrene Drive Dr Carson 90746,,,,
4314,7111,,,,19424.0,,,South,,,Kemp,Avenue,,,,,,,,,,,,,90746.0,,Carson,Carson,,,,,Carson GIS,{8FECC9B0-EEF2-4FE1-B149-0C4AAFC88B97},0,,8FECC9B0-EEF2-4FE1-B149-0C4AAFC88B97,Unknown,,S,,,Ave,S Kemp Ave,2015/03/24 09:32:55+00,19424 S Kemp Ave Carson 90746,8FECC9B0-EEF2-4FE1-B149-0C4AAFC88B97_19424_S_Kemp_Ave_Carson_90746,Kemp,19424 S Kemp Avenue Ave Carson 90746,,,,
4316,7114,,,,508.0,,,East,,,Collamer,Drive,,,,,,,,,,,,,90746.0,,Carson,Carson,,,,,Carson GIS,{B05ABE95-1830-4078-BFC8-862560E9B9B0},0,,B05ABE95-1830-4078-BFC8-862560E9B9B0,Unknown,,E,,,Dr,E Collamer Dr,2015/03/24 09:32:55+00,508 E Collamer Dr Carson 90746,B05ABE95-1830-4078-BFC8-862560E9B9B0_508_E_Collamer_Dr_Carson_90746,Collamer,508 E Collamer Drive Dr Carson 90746,,,,
4317,7115,,,,20003.0,,,South,,,Campaign,Drive,,,,,,,,,,,,,90746.0,,Carson,Carson,,,,,Carson GIS,{0969B300-E79B-412D-9F16-A21C7FEB1D93},0,,0969B300-E79B-412D-9F16-A21C7FEB1D93,Unknown,,S,,,Dr,S Campaign Dr,2015/03/24 09:32:55+00,20003 S Campaign Dr Carson 90746,0969B300-E79B-412D-9F16-A21C7FEB1D93_20003_S_Campaign_Dr_Carson_90746,Campaign,20003 S Campaign Drive Dr Carson 90746,,,,
4329,7131,,,,17348.0,,,South,,,Wall,Street,,,,,,,,,,,,,90746.0,,Carson,Carson,,,,,Carson GIS,{CB417B22-1171-44F2-8B43-2AD3944492EC},0,,CB417B22-1171-44F2-8B43-2AD3944492EC,Unknown,,S,,,St,S Wall St,2015/03/24 09:32:55+00,17348 S Wall St Carson 90746,CB417B22-1171-44F2-8B43-2AD3944492EC_17348_S_Wall_St_Carson_90746,Wall,17348 S Wall Street St Carson 90746,,,,
4333,7139,,,,1855.0,,,East,,,Helmick,Street,,,,,,,,,,,,,90746.0,,Carson,Carson,,,,,Carson GIS,{1F79CFC8-DCA4-4C4E-9976-691C836573A9},0,,1F79CFC8-DCA4-4C4E-9976-691C836573A9,Unknown,,E,,,St,E Helmick St,2015/03/24 09:32:55+00,1855 E Helmick St Carson 90746,1F79CFC8-DCA4-4C4E-9976-691C836573A9_1855_E_Helmick_St_Carson_90746,Helmick,1855 E Helmick Street St Carson 90746,,,,
4334,7140,,,,1248.0,,,East,,,McKool,Circle,,,,,,,,,,,,,90746.0,,Carson,Carson,,,,,Carson GIS,{7EF7FB92-1DC5-4155-B175-FE15FEEE0E36},0,,7EF7FB92-1DC5-4155-B175-FE15FEEE0E36,Unknown,,E,,,Cir,E McKool Cir,2015/03/24 09:32:55+00,1248 E McKool Cir Carson 90746,7EF7FB92-1DC5-4155-B175-FE15FEEE0E36_1248_E_McKool_Cir_Carson_90746,McKool,1248 E McKool Circle Cir Carson 90746,,,,
4356,7168,,,,330.0,,,East,,,182nd,Street,,,,,,,,,,,,,90746.0,,Carson,Carson,,,,,Carson GIS,{0A4F7A08-1C3E-49BC-93D8-B4DC13903981},0,,0A4F7A08-1C3E-49BC-93D8-B4DC13903981,Unknown,,E,,,St,E 182nd St,2015/03/24 09:32:55+00,330 E 182nd St Carson 90746,0A4F7A08-1C3E-49BC-93D8-B4DC13903981_330_E_182nd_St_Carson_90746,182nd,330 E 182nd Street St Carson 90746,,,,
4364,7184,,,,221.0,,,East,,,Selandia,Lane,,,,,,,,,,,,,90746.0,,Carson,Carson,,,,,Carson GIS,{0FF9968B-4E01-4AE3-95DD-DA9B542D6688},0,,0FF9968B-4E01-4AE3-95DD-DA9B542D6688,Unknown,,E,,,Ln,E Selandia Ln,2015/03/24 09:32:55+00,221 E Selandia Ln Carson 90746,0FF9968B-4E01-4AE3-95DD-DA9B542D6688_221_E_Selandia_Ln_Carson_90746,Selandia,221 E Selandia Lane Ln Carson 90746,,,,
4375,7198,,,,17214.0,,,South,,,Billings,Drive,,,,,,,,,,,,,90746.0,,Carson,Carson,,,,,Carson GIS,{DE081000-020E-4F56-81BC-623664F3D8B4},0,,DE081000-020E-4F56-81BC-623664F3D8B4,Unknown,,S,,,Dr,S Billings Dr,2015/03/24 09:32:55+00,17214 S Billings Dr Carson 90746,DE081000-020E-4F56-81BC-623664F3D8B4_17214_S_Billings_Dr_Carson_90746,Billings,17214 S Billings Drive Dr Carson 90746,,,,
4376,7199,,,,337.0,,,East,,,Bradenhall,Drive,,,,,,,,,,,,,90746.0,,Carson,Carson,,,,,Carson GIS,{85364091-AA20-417C-B6D1-BB0736472953},0,,85364091-AA20-417C-B6D1-BB0736472953,Unknown,,E,,,Dr,E Bradenhall Dr,2015/03/24 09:32:55+00,337 E Bradenhall Dr Carson 90746,85364091-AA20-417C-B6D1-BB0736472953_337_E_Bradenhall_Dr_Carson_90746,Bradenhall,337 E Bradenhall Drive Dr Carson 90746,,,,
4377,7200,,,,1603.0,,,East,,,Helmick,Street,,,,,,,,,,,,,90746.0,,Carson,Carson,,,,,Carson GIS,{6EF124EE-E73D-4AE8-8B98-E42203FF4D14},0,,6EF124EE-E73D-4AE8-8B98-E42203FF4D14,Unknown,,E,,,St,E Helmick St,2015/03/24 09:32:55+00,1603 E Helmick St Carson 90746,6EF124EE-E73D-4AE8-8B98-E42203FF4D14_1603_E_Helmick_St_Carson_90746,Helmick,1603 E Helmick Street St Carson 90746,,,,
4378,7201,,,,1822.0,,,East,,,Cyrene,Drive,,,,,,,,,,,,,90746.0,,Carson,Carson,,,,,Carson GIS,{1F140256-BD0F-4430-91E4-91A83F9793B5},0,,1F140256-BD0F-4430-91E4-91A83F9793B5,Unknown,,E,,,Dr,E Cyrene Dr,2015/03/24 09:32:55+00,1822 E Cyrene Dr Carson 90746,1F140256-BD0F-4430-91E4-91A83F9793B5_1822_E_Cyrene_Dr_Carson_90746,Cyrene,1822 E Cyrene Drive Dr Carson 90746,,,,
4390,7225,,,,206.0,,,East,,,Star Of India,Lane,,,,,,,,,,,,,90746.0,,Carson,Carson,,,,,Carson GIS,{CA1C4DCC-7B89-44AC-BBD5-80BE6E7891BE},0,,CA1C4DCC-7B89-44AC-BBD5-80BE6E7891BE,Unknown,,E,,,Ln,E Star Of India Ln,2015/03/24 09:32:55+00,206 E Star Of India Ln Carson 90746,CA1C4DCC-7B89-44AC-BBD5-80BE6E7891BE_206_E_Star_Of_India_Ln_Carson_90746,Star Of India,206 E Star Of India Lane Ln Carson 90746,,,,
4392,7229,,,,19322.0,,,South,,,Tajauta,Avenue,,,,,,,,,,,,,90746.0,,Carson,Carson,,,,,Carson GIS,{9BBBAF35-2F16-40AA-9B80-980E3D2E6573},0,,9BBBAF35-2F16-40AA-9B80-980E3D2E6573,Unknown,,S,,,Ave,S Tajauta Ave,2015/03/24 09:32:55+00,19322 S Tajauta Ave Carson 90746,9BBBAF35-2F16-40AA-9B80-980E3D2E6573_19322_S_Tajauta_Ave_Carson_90746,Tajauta,19322 S Tajauta Avenue Ave Carson 90746,,,,
4400,7251,,,,18729.0,,,South,,,Towne,Avenue,,,,,,,,,,,,,90746.0,,Carson,Carson,,,,,Carson GIS,{DA7B1737-515D-436D-B0F0-C673C019FEE9},0,,DA7B1737-515D-436D-B0F0-C673C019FEE9,Unknown,,S,,,Ave,S Towne Ave,2015/03/24 09:32:55+00,18729 S Towne Ave Carson 90746,DA7B1737-515D-436D-B0F0-C673C019FEE9_18729_S_Towne_Ave_Carson_90746,Towne,18729 S Towne Avenue Ave Carson 90746,,,,
4408,7261,,,,1727.0,,,East,,,Gladwick,Street,,,,,,,,,,,,,90746.0,,Carson,Carson,,,,,Carson GIS,{9C39E75F-5AC3-45D3-9293-7D3A760B266A},0,,9C39E75F-5AC3-45D3-9293-7D3A760B266A,Unknown,,E,,,St,E Gladwick St,2015/03/24 09:32:55+00,1727 E Gladwick St Carson 90746,9C39E75F-5AC3-45D3-9293-7D3A760B266A_1727_E_Gladwick_St_Carson_90746,Gladwick,1727 E Gladwick Street St Carson 90746,,,,
4412,7265,,,,1239.0,,,East,,,Helmick,Street,,,,,,,,,,,,,90746.0,,Carson,Carson,,,,,Carson GIS,{D7DBF61F-ACDF-4F72-921C-FC251C5F8C92},0,,D7DBF61F-ACDF-4F72-921C-FC251C5F8C92,Unknown,,E,,,St,E Helmick St,2015/03/24 09:32:55+00,1239 E Helmick St Carson 90746,D7DBF61F-ACDF-4F72-921C-FC251C5F8C92_1239_E_Helmick_St_Carson_90746,Helmick,1239 E Helmick Street St Carson 90746,,,,
4413,7266,,,,20019.0,,,South,,,Eddington,Drive,,,,,,,,,,,,,90746.0,,Carson,Carson,,,,,Carson GIS,{DE31C62A-0886-49F4-8288-4DC4EC0EAFAB},0,,DE31C62A-0886-49F4-8288-4DC4EC0EAFAB,Unknown,,S,,,Dr,S Eddington Dr,2015/03/24 09:32:55+00,20019 S Eddington Dr Carson 90746,DE31C62A-0886-49F4-8288-4DC4EC0EAFAB_20019_S_Eddington_Dr_Carson_90746,Eddington,20019 S Eddington Drive Dr Carson 90746,,,,
4425,7286,,,,201.0,,,East,,,185th,Street,,,,,,,,,,,,,90746.0,,Carson,Carson,,,,,Carson GIS,{CB80F49F-2C9A-48FB-8A18-8F8CFE5539D9},0,,CB80F49F-2C9A-48FB-8A18-8F8CFE5539D9,Unknown,,E,,,St,E 185th St,2015/03/24 09:32:55+00,201 E 185th St Carson 90746,CB80F49F-2C9A-48FB-8A18-8F8CFE5539D9_201_E_185th_St_Carson_90746,185th,201 E 185th Street St Carson 90746,,,,
4432,7293,,,,1312.0,,,East,,,Denwall,Drive,,,,,,,,,,,,,90746.0,,Carson,Carson,,,,,Carson GIS,{AAD6D61F-F01D-43AC-86C9-E94F90BECA79},0,,AAD6D61F-F01D-43AC-86C9-E94F90BECA79,Unknown,,E,,,Dr,E Denwall Dr,2015/03/24 09:32:55+00,1312 E Denwall Dr Carson 90746,AAD6D61F-F01D-43AC-86C9-E94F90BECA79_1312_E_Denwall_Dr_Carson_90746,Denwall,1312 E Denwall Drive Dr Carson 90746,,,,
4433,7294,,,,513.0,,,East,,,Cassidy,Street,,,,,,,,,,,,,90746.0,,Carson,Carson,,,,,Carson GIS,{029B49D1-22CB-4433-9FE8-485AEBD9267B},0,,029B49D1-22CB-4433-9FE8-485AEBD9267B,Unknown,,E,,,St,E Cassidy St,2015/03/24 09:32:55+00,513 E Cassidy St Carson 90746,029B49D1-22CB-4433-9FE8-485AEBD9267B_513_E_Cassidy_St_Carson_90746,Cassidy,513 E Cassidy Street St Carson 90746,,,,
4444,7311,,,,581.0,,,East,,,Cheriton,Drive,,,,,,,,,,,,,90746.0,,Carson,Carson,,,,,Carson GIS,{80401C4B-C18C-46B1-8400-7D1A61A14BFB},0,,80401C4B-C18C-46B1-8400-7D1A61A14BFB,Unknown,,E,,,Dr,E Cheriton Dr,2015/03/24 09:32:55+00,581 E Cheriton Dr Carson 90746,80401C4B-C18C-46B1-8400-7D1A61A14BFB_581_E_Cheriton_Dr_Carson_90746,Cheriton,581 E Cheriton Drive Dr Carson 90746,,,,
4459,7337,,,,442.0,,,East,,,181st,Street,,,,,,,,,,,,,90746.0,,Carson,Carson,,,,,Carson GIS,{045996B8-7950-4A40-AD59-0129ACC34B7F},0,,045996B8-7950-4A40-AD59-0129ACC34B7F,Unknown,,E,,,St,E 181st St,2015/03/24 09:32:55+00,442 E 181st St Carson 90746,045996B8-7950-4A40-AD59-0129ACC34B7F_442_E_181st_St_Carson_90746,181st,442 E 181st Street St Carson 90746,,,,
4460,7338,,,,17421.0,,,South,,,Avalon,Boulevard,,,,,,,,,,,,,90746.0,,Carson,Carson,,,,,Carson GIS,{03D9A0FA-082A-45FE-858D-6DB44F1D9BCF},0,,03D9A0FA-082A-45FE-858D-6DB44F1D9BCF,Unknown,,S,,,Blvd,S Avalon Blvd,2018/04/04 16:54:53+00,17421 S Avalon Blvd Carson 90746,03D9A0FA-082A-45FE-858D-6DB44F1D9BCF_17421_S_Avalon_Blvd_Carson_90746,Avalon,17421 S Avalon Boulevard Blvd Carson 90746,,,,
4463,7343,,,,1552.0,,,East,,,Turmont,Street,,,,,,,,,,,,,90746.0,,Carson,Carson,,,,,Carson GIS,{9D79242F-469F-4CD8-873A-F8C135DA65F4},0,,9D79242F-469F-4CD8-873A-F8C135DA65F4,Unknown,,E,,,St,E Turmont St,2015/03/24 09:32:55+00,1552 E Turmont St Carson 90746,9D79242F-469F-4CD8-873A-F8C135DA65F4_1552_E_Turmont_St_Carson_90746,Turmont,1552 E Turmont Street St Carson 90746,,,,
4470,7364,,,,1614.0,,,East,,,Helmick,Street,,,,,,,,,,,,,90746.0,,Carson,Carson,,,,,Carson GIS,{1BDEDD6C-E712-46AE-8026-3FFCD6E5E988},0,,1BDEDD6C-E712-46AE-8026-3FFCD6E5E988,Unknown,,E,,,St,E Helmick St,2015/03/24 09:32:55+00,1614 E Helmick St Carson 90746,1BDEDD6C-E712-46AE-8026-3FFCD6E5E988_1614_E_Helmick_St_Carson_90746,Helmick,1614 E Helmick Street St Carson 90746,,,,
4484,7383,,,,18812.0,,,South,,,Crocker,Avenue,,,,,,,,,,,,,90746.0,,Carson,Carson,,,,,Carson GIS,{E3549773-156B-4E54-A82B-3BC0B0BD33E5},0,,E3549773-156B-4E54-A82B-3BC0B0BD33E5,Unknown,,S,,,Ave,S Crocker Ave,2015/03/24 09:32:55+00,18812 S Crocker Ave Carson 90746,E3549773-156B-4E54-A82B-3BC0B0BD33E5_18812_S_Crocker_Ave_Carson_90746,Crocker,18812 S Crocker Avenue Ave Carson 90746,,,,
4485,7384,,,,18628.0,,,South,,,Ambler,Avenue,,,,,,,,,,,,,90746.0,,Carson,Carson,,,,,Carson GIS,{8F745446-3080-4C91-8B75-776E8D59E8FB},0,,8F745446-3080-4C91-8B75-776E8D59E8FB,Unknown,,S,,,Ave,S Ambler Ave,2015/03/24 09:32:55+00,18628 S Ambler Ave Carson 90746,8F745446-3080-4C91-8B75-776E8D59E8FB_18628_S_Ambler_Ave_Carson_90746,Ambler,18628 S Ambler Avenue Ave Carson 90746,,,,
4500,7405,,,,1159.0,,,East,,,Helmick,Street,,,,,,,,,,,,,90746.0,,Carson,Carson,,,,,Carson GIS,{89A48CDE-3A41-46D7-9C14-79DCD7F5E666},0,,89A48CDE-3A41-46D7-9C14-79DCD7F5E666,Unknown,,E,,,St,E Helmick St,2015/03/24 09:32:55+00,1159 E Helmick St Carson 90746,89A48CDE-3A41-46D7-9C14-79DCD7F5E666_1159_E_Helmick_St_Carson_90746,Helmick,1159 E Helmick Street St Carson 90746,,,,
4540,7463,,,,507.0,,,East,,,182nd,Street,,,,,,,,,,,,,90746.0,,Carson,Carson,,,,,Carson GIS,{AED3F69B-7514-4253-A0D5-B4D4F36F4A8F},0,,AED3F69B-7514-4253-A0D5-B4D4F36F4A8F,Unknown,,E,,,St,E 182nd St,2015/03/24 09:32:55+00,507 E 182nd St Carson 90746,AED3F69B-7514-4253-A0D5-B4D4F36F4A8F_507_E_182nd_St_Carson_90746,182nd,507 E 182nd Street St Carson 90746,,,,
4541,7464,,,,18719.0,,,South,,,Mettler,Avenue,,,,,,,,,,,,,90746.0,,Carson,Carson,,,,,Carson GIS,{1DF1AF7A-055C-4CC4-A80F-5883328F7479},0,,1DF1AF7A-055C-4CC4-A80F-5883328F7479,Unknown,,S,,,Ave,S Mettler Ave,2015/03/24 09:32:55+00,18719 S Mettler Ave Carson 90746,1DF1AF7A-055C-4CC4-A80F-5883328F7479_18719_S_Mettler_Ave_Carson_90746,Mettler,18719 S Mettler Avenue Ave Carson 90746,,,,
4550,7479,,,,19422.0,,,South,,,Tajauta,Avenue,,,,,,,,,,,,,90746.0,,Carson,Carson,,,,,Carson GIS,{31BCC3D6-75B5-4903-B39E-0F4C15EECED5},0,,31BCC3D6-75B5-4903-B39E-0F4C15EECED5,Unknown,,S,,,Ave,S Tajauta Ave,2015/03/24 09:32:55+00,19422 S Tajauta Ave Carson 90746,31BCC3D6-75B5-4903-B39E-0F4C15EECED5_19422_S_Tajauta_Ave_Carson_90746,Tajauta,19422 S Tajauta Avenue Ave Carson 90746,,,,
4553,7485,,,,414.0,,,East,,,Centerview,Drive,,,,,,,,,,,,,90746.0,,Carson,Carson,,,,,Carson GIS,{CD2926FD-F704-4A70-94BD-26CCCB872BDD},0,,CD2926FD-F704-4A70-94BD-26CCCB872BDD,Unknown,,E,,,Dr,E Centerview Dr,2015/03/24 09:32:55+00,414 E Centerview Dr Carson 90746,CD2926FD-F704-4A70-94BD-26CCCB872BDD_414_E_Centerview_Dr_Carson_90746,Centerview,414 E Centerview Drive Dr Carson 90746,,,,
4562,7504,,,,1411.0,,,East,,Del,Amo,Boulevard,,,,,,,,,,,,,90746.0,,Carson,Carson,,,,,Carson GIS,{D34FA21D-99CF-479C-BBA9-87DC0FA0D81D},0,,D34FA21D-99CF-479C-BBA9-87DC0FA0D81D,Unknown,,E,,,Blvd,E Del Amo Blvd,2015/03/24 09:32:55+00,1411 E Del Amo Blvd Carson 90746,D34FA21D-99CF-479C-BBA9-87DC0FA0D81D_1411_E_Del_Amo_Blvd_Carson_90746,Del Amo,1411 E Del Amo Boulevard Blvd Carson 90746,,,,
4563,7505,,,,589.0,,,East,,,Kenbridge,Drive,,,,,,,,,,,,,90746.0,,Carson,Carson,,,,,Carson GIS,{10E00115-6F7A-428E-B893-CE7BB31978FB},0,,10E00115-6F7A-428E-B893-CE7BB31978FB,Unknown,,E,,,Dr,E Kenbridge Dr,2015/03/24 09:32:55+00,589 E Kenbridge Dr Carson 90746,10E00115-6F7A-428E-B893-CE7BB31978FB_589_E_Kenbridge_Dr_Carson_90746,Kenbridge,589 E Kenbridge Drive Dr Carson 90746,,,,
4569,7513,,,,18719.0,,,South,,,Crocker,Avenue,,,,,,,,,,,,,90746.0,,Carson,Carson,,,,,Carson GIS,{FB633DC1-1822-4F83-A80B-84E2BB7440DE},0,,FB633DC1-1822-4F83-A80B-84E2BB7440DE,Unknown,,S,,,Ave,S Crocker Ave,2015/03/24 09:32:55+00,18719 S Crocker Ave Carson 90746,FB633DC1-1822-4F83-A80B-84E2BB7440DE_18719_S_Crocker_Ave_Carson_90746,Crocker,18719 S Crocker Avenue Ave Carson 90746,,,,
4572,7522,,,,18515.0,,,South,,,Coltman,Avenue,,,,,,,,,,,,,90746.0,,Carson,Carson,,,,,Carson GIS,{B087C032-3811-41CF-9DE9-4D70DB76C783},0,,B087C032-3811-41CF-9DE9-4D70DB76C783,Unknown,,S,,,Ave,S Coltman Ave,2015/03/24 09:32:55+00,18515 S Coltman Ave Carson 90746,B087C032-3811-41CF-9DE9-4D70DB76C783_18515_S_Coltman_Ave_Carson_90746,Coltman,18515 S Coltman Avenue Ave Carson 90746,,,,
4573,7523,,,,1522.0,,,East,,,Turmont,Street,,,,,,,,,,,,,90746.0,,Carson,Carson,,,,,Carson GIS,{908CD361-8B52-4C26-A64E-F32991E46102},0,,908CD361-8B52-4C26-A64E-F32991E46102,Unknown,,E,,,St,E Turmont St,2015/03/24 09:32:55+00,1522 E Turmont St Carson 90746,908CD361-8B52-4C26-A64E-F32991E46102_1522_E_Turmont_St_Carson_90746,Turmont,1522 E Turmont Street St Carson 90746,,,,
4582,7536,,,,537.0,,,East,,,Kenbridge,Drive,,,,,,,,,,,,,90746.0,,Carson,Carson,,,,,Carson GIS,{76293FAF-1B6F-48E5-BD81-AD5DC9637DED},0,,76293FAF-1B6F-48E5-BD81-AD5DC9637DED,Unknown,,E,,,Dr,E Kenbridge Dr,2015/03/24 09:32:55+00,537 E Kenbridge Dr Carson 90746,76293FAF-1B6F-48E5-BD81-AD5DC9637DED_537_E_Kenbridge_Dr_Carson_90746,Kenbridge,537 E Kenbridge Drive Dr Carson 90746,,,,
4586,7542,,,,539.0,,,East,,,Collamer,Drive,,,,,,,,,,,,,90746.0,,Carson,Carson,,,,,Carson GIS,{0989B9A9-442C-436E-AFDB-D84351903602},0,,0989B9A9-442C-436E-AFDB-D84351903602,Unknown,,E,,,Dr,E Collamer Dr,2015/03/24 09:32:55+00,539 E Collamer Dr Carson 90746,0989B9A9-442C-436E-AFDB-D84351903602_539_E_Collamer_Dr_Carson_90746,Collamer,539 E Collamer Drive Dr Carson 90746,,,,
4588,7547,,,,1228.0,,,East,,,Dimondale,Drive,,,,,,,,,,,,,90746.0,,Carson,Carson,,,,,Carson GIS,{C75C601F-0C04-4955-8073-306E329DDE5A},0,,C75C601F-0C04-4955-8073-306E329DDE5A,Unknown,,E,,,Dr,E Dimondale Dr,2015/03/24 09:32:55+00,1228 E Dimondale Dr Carson 90746,C75C601F-0C04-4955-8073-306E329DDE5A_1228_E_Dimondale_Dr_Carson_90746,Dimondale,1228 E Dimondale Drive Dr Carson 90746,,,,
4602,7566,,,,118.0,,,East,,,Bilson,Street,,,,,,,,,,,,,90746.0,,Carson,Carson,,,,,Carson GIS,{2E082E97-81EA-4C4F-8A7F-3A53641DF6EB},0,,2E082E97-81EA-4C4F-8A7F-3A53641DF6EB,Unknown,,E,,,St,E Bilson St,2015/03/24 09:32:55+00,118 E Bilson St Carson 90746,2E082E97-81EA-4C4F-8A7F-3A53641DF6EB_118_E_Bilson_St_Carson_90746,Bilson,118 E Bilson Street St Carson 90746,,,,
4613,7587,,,,20021.0,,,South,,,Northwood,Avenue,,,,,,,,,,,,,90746.0,,Carson,Carson,,,,,Carson GIS,{E2FC0C3D-9B21-4AE3-AA92-BB8A6547A69F},0,,E2FC0C3D-9B21-4AE3-AA92-BB8A6547A69F,Unknown,,S,,,Ave,S Northwood Ave,2015/03/24 09:32:55+00,20021 S Northwood Ave Carson 90746,E2FC0C3D-9B21-4AE3-AA92-BB8A6547A69F_20021_S_Northwood_Ave_Carson_90746,Northwood,20021 S Northwood Avenue Ave Carson 90746,,,,
4614,7588,,,,18015.0,,,South,,,Wall,Street,,,,,,,,,,,,,90746.0,,Carson,Carson,,,,,Carson GIS,{5890F0A4-3F59-453A-BA63-9C3CCFDB5F56},0,,5890F0A4-3F59-453A-BA63-9C3CCFDB5F56,Unknown,,S,,,St,S Wall St,2015/03/24 09:32:55+00,18015 S Wall St Carson 90746,5890F0A4-3F59-453A-BA63-9C3CCFDB5F56_18015_S_Wall_St_Carson_90746,Wall,18015 S Wall Street St Carson 90746,,,,
4617,7594,,,,19442.0,,,South,,,Cliveden,Avenue,,,,,,,,,,,,,90746.0,,Carson,Carson,,,,,Carson GIS,{E10C9175-7572-421A-9578-9ECCD1C6457A},0,,E10C9175-7572-421A-9578-9ECCD1C6457A,Unknown,,S,,,Ave,S Cliveden Ave,2015/03/24 09:32:55+00,19442 S Cliveden Ave Carson 90746,E10C9175-7572-421A-9578-9ECCD1C6457A_19442_S_Cliveden_Ave_Carson_90746,Cliveden,19442 S Cliveden Avenue Ave Carson 90746,,,,
4618,7595,,,,19443.0,,,South,,,Northwood,Avenue,,,,,,,,,,,,,90746.0,,Carson,Carson,,,,,Carson GIS,{A1A4192A-DD11-4580-848D-FD08B7DFA0C2},0,,A1A4192A-DD11-4580-848D-FD08B7DFA0C2,Unknown,,S,,,Ave,S Northwood Ave,2015/03/24 09:32:55+00,19443 S Northwood Ave Carson 90746,A1A4192A-DD11-4580-848D-FD08B7DFA0C2_19443_S_Northwood_Ave_Carson_90746,Northwood,19443 S Northwood Avenue Ave Carson 90746,,,,
4623,7606,,,,19907.0,,,South,,,Belshaw,Avenue,,,,,,,,,,,,,90746.0,,Carson,Carson,,,,,Carson GIS,{2BC5D98C-C0A0-4C5D-A89B-7DB03C1DC840},0,,2BC5D98C-C0A0-4C5D-A89B-7DB03C1DC840,Unknown,,S,,,Ave,S Belshaw Ave,2015/03/24 09:32:55+00,19907 S Belshaw Ave Carson 90746,2BC5D98C-C0A0-4C5D-A89B-7DB03C1DC840_19907_S_Belshaw_Ave_Carson_90746,Belshaw,19907 S Belshaw Avenue Ave Carson 90746,,,,
4624,7607,,,,1881.0,,,East,,,Kamm,Street,,,,,,,,,,,,,90746.0,,Carson,Carson,,,,,Carson GIS,{F16149DE-8BE5-42E0-AC71-694C560C6D7B},0,,F16149DE-8BE5-42E0-AC71-694C560C6D7B,Unknown,,E,,,St,E Kamm St,2015/03/24 09:32:55+00,1881 E Kamm St Carson 90746,F16149DE-8BE5-42E0-AC71-694C560C6D7B_1881_E_Kamm_St_Carson_90746,Kamm,1881 E Kamm Street St Carson 90746,,,,
4634,7624,,,,890.0,,,East,,,Turmont,Street,,,,,,,,,,,,,90746.0,,Carson,Carson,,,,,Carson GIS,{99B7AF3B-8174-412A-9AE0-AF1AA9A1B845},0,,99B7AF3B-8174-412A-9AE0-AF1AA9A1B845,Unknown,,E,,,St,E Turmont St,2015/03/24 09:32:55+00,890 E Turmont St Carson 90746,99B7AF3B-8174-412A-9AE0-AF1AA9A1B845_890_E_Turmont_St_Carson_90746,Turmont,890 E Turmont Street St Carson 90746,,,,
4657,7655,,,,1628.0,,,East,,,Turmont,Street,,,,,,,,,,,,,90746.0,,Carson,Carson,,,,,Carson GIS,{B1EBA315-830F-4FBD-A534-EA11ED03D736},0,,B1EBA315-830F-4FBD-A534-EA11ED03D736,Unknown,,E,,,St,E Turmont St,2015/03/24 09:32:55+00,1628 E Turmont St Carson 90746,B1EBA315-830F-4FBD-A534-EA11ED03D736_1628_E_Turmont_St_Carson_90746,Turmont,1628 E Turmont Street St Carson 90746,,,,
4658,7656,,,,1516.0,,,East,,,Gladwick,Street,,,,,,,,,,,,,90746.0,,Carson,Carson,,,,,Carson GIS,{03C36C08-23B0-43C6-B72A-400A26A08291},0,,03C36C08-23B0-43C6-B72A-400A26A08291,Unknown,,E,,,St,E Gladwick St,2015/03/24 09:32:55+00,1516 E Gladwick St Carson 90746,03C36C08-23B0-43C6-B72A-400A26A08291_1516_E_Gladwick_St_Carson_90746,Gladwick,1516 E Gladwick Street St Carson 90746,,,,
4659,7657,,,,1869.0,,,East,,,Cyrene,Drive,,,,,,,,,,,,,90746.0,,Carson,Carson,,,,,Carson GIS,{7887F2BD-9FAC-4EE9-B044-85DBFC121E76},0,,7887F2BD-9FAC-4EE9-B044-85DBFC121E76,Unknown,,E,,,Dr,E Cyrene Dr,2015/03/24 09:32:55+00,1869 E Cyrene Dr Carson 90746,7887F2BD-9FAC-4EE9-B044-85DBFC121E76_1869_E_Cyrene_Dr_Carson_90746,Cyrene,1869 E Cyrene Drive Dr Carson 90746,,,,
4663,7662,,,,20029.0,,,South,,,Broadacres,Avenue,,,,,,,,,,,,,90746.0,,Carson,Carson,,,,,Carson GIS,{AD617858-53B5-4087-8045-598B6FE426EE},0,,AD617858-53B5-4087-8045-598B6FE426EE,Unknown,,S,,,Ave,S Broadacres Ave,2015/03/24 09:32:55+00,20029 S Broadacres Ave Carson 90746,AD617858-53B5-4087-8045-598B6FE426EE_20029_S_Broadacres_Ave_Carson_90746,Broadacres,20029 S Broadacres Avenue Ave Carson 90746,,,,
4666,7669,,,,1839.0,,,East,,,Helmick,Street,,,,,,,,,,,,,90746.0,,Carson,Carson,,,,,Carson GIS,{593C45B4-2A56-482E-9637-2F3AD4846718},0,,593C45B4-2A56-482E-9637-2F3AD4846718,Unknown,,E,,,St,E Helmick St,2015/03/24 09:32:55+00,1839 E Helmick St Carson 90746,593C45B4-2A56-482E-9637-2F3AD4846718_1839_E_Helmick_St_Carson_90746,Helmick,1839 E Helmick Street St Carson 90746,,,,
4668,7673,,,,17401.0,,,South,,,Avalon,Boulevard,,,,,,,,,,,Number,D3,90746.0,,Carson,Carson,,,,,Carson GIS,{C5BF2279-0210-438C-8A9A-207A6226C686},0,,C5BF2279-0210-438C-8A9A-207A6226C686,Unknown,,S,,,Blvd,S Avalon Blvd,2018/04/04 16:54:53+00,17401 S Avalon Blvd Number D3 Carson 90746,C5BF2279-0210-438C-8A9A-207A6226C686_17401_S_Avalon_Blvd_Number_D3_Carson_90746,Avalon,17401 S Avalon Boulevard Blvd Number D3 Carson 90746,,,,
4685,7696,,,,18115.0,,,South,,,Cairo,Avenue,,,,,,,,,,,,,90746.0,,Carson,Carson,,,,,Carson GIS,{6C8313E3-F2DC-465C-8295-B639B77D4C9B},0,,6C8313E3-F2DC-465C-8295-B639B77D4C9B,Unknown,,S,,,Ave,S Cairo Ave,2015/03/24 09:32:55+00,18115 S Cairo Ave Carson 90746,6C8313E3-F2DC-465C-8295-B639B77D4C9B_18115_S_Cairo_Ave_Carson_90746,Cairo,18115 S Cairo Avenue Ave Carson 90746,,,,
4696,7710,,,,20221.0,,,South,,,Dalfsen,Avenue,,,,,,,,,,,,,90746.0,,Carson,Carson,,,,,Carson GIS,{736D1FD2-BE8E-43BF-92AA-862F03812842},0,,736D1FD2-BE8E-43BF-92AA-862F03812842,Unknown,,S,,,Ave,S Dalfsen Ave,2015/03/24 09:32:55+00,20221 S Dalfsen Ave Carson 90746,736D1FD2-BE8E-43BF-92AA-862F03812842_20221_S_Dalfsen_Ave_Carson_90746,Dalfsen,20221 S Dalfsen Avenue Ave Carson 90746,,,,
4711,7736,,,,18625.0,,,South,,,Crocker,Avenue,,,,,,,,,,,,,90746.0,,Carson,Carson,,,,,Carson GIS,{02C67602-F78E-447F-A8FC-6E91A77C89E4},0,,02C67602-F78E-447F-A8FC-6E91A77C89E4,Unknown,,S,,,Ave,S Crocker Ave,2015/03/24 09:32:55+00,18625 S Crocker Ave Carson 90746,02C67602-F78E-447F-A8FC-6E91A77C89E4_18625_S_Crocker_Ave_Carson_90746,Crocker,18625 S Crocker Avenue Ave Carson 90746,,,,
4715,7743,,,,18618.0,,,South,,,Wall,Street,,,,,,,,,,,,,90746.0,,Carson,Carson,,,,,Carson GIS,{6F70129A-8009-4B67-889E-F29E714721AF},0,,6F70129A-8009-4B67-889E-F29E714721AF,Unknown,,S,,,St,S Wall St,2015/03/24 09:32:55+00,18618 S Wall St Carson 90746,6F70129A-8009-4B67-889E-F29E714721AF_18618_S_Wall_St_Carson_90746,Wall,18618 S Wall Street St Carson 90746,,,,
4722,7758,,,,19423.0,,,South,,,Broadacres,Avenue,,,,,,,,,,,,,90746.0,,Carson,Carson,,,,,Carson GIS,{3657BEAC-E88C-46ED-B43B-38B6B06BC958},0,,3657BEAC-E88C-46ED-B43B-38B6B06BC958,Unknown,,S,,,Ave,S Broadacres Ave,2015/03/24 09:32:55+00,19423 S Broadacres Ave Carson 90746,3657BEAC-E88C-46ED-B43B-38B6B06BC958_19423_S_Broadacres_Ave_Carson_90746,Broadacres,19423 S Broadacres Avenue Ave Carson 90746,,,,
4726,7765,,,,1885.0,,,East,,,Kramer,Drive,,,,,,,,,,,,,90746.0,,Carson,Carson,,,,,Carson GIS,{2E46A639-C5F8-4C53-8402-97B0D69501C6},0,,2E46A639-C5F8-4C53-8402-97B0D69501C6,Unknown,,E,,,Dr,E Kramer Dr,2015/03/24 09:32:55+00,1885 E Kramer Dr Carson 90746,2E46A639-C5F8-4C53-8402-97B0D69501C6_1885_E_Kramer_Dr_Carson_90746,Kramer,1885 E Kramer Drive Dr Carson 90746,,,,
4734,7774,,,,20008.0,,,South,,,Wadley,Avenue,,,,,,,,,,,,,90746.0,,Carson,Carson,,,,,Carson GIS,{A5D39E38-E297-4CF1-8205-FA5DB5C466DA},0,,A5D39E38-E297-4CF1-8205-FA5DB5C466DA,Unknown,,S,,,Ave,S Wadley Ave,2015/03/24 09:32:55+00,20008 S Wadley Ave Carson 90746,A5D39E38-E297-4CF1-8205-FA5DB5C466DA_20008_S_Wadley_Ave_Carson_90746,Wadley,20008 S Wadley Avenue Ave Carson 90746,,,,
4741,7786,,,,342.0,,,East,,,Collamer,Drive,,,,,,,,,,,,,90746.0,,Carson,Carson,,,,,Carson GIS,{1BAF9000-57D6-4E80-93B6-B7ED2D71B171},0,,1BAF9000-57D6-4E80-93B6-B7ED2D71B171,Unknown,,E,,,Dr,E Collamer Dr,2015/03/24 09:32:55+00,342 E Collamer Dr Carson 90746,1BAF9000-57D6-4E80-93B6-B7ED2D71B171_342_E_Collamer_Dr_Carson_90746,Collamer,342 E Collamer Drive Dr Carson 90746,,,,
4748,7804,,,,20214.0,,,South,,,Dalfsen,Avenue,,,,,,,,,,,,,90746.0,,Carson,Carson,,,,,Carson GIS,{2C5C9716-9364-4328-888E-F89E7D392EE3},0,,2C5C9716-9364-4328-888E-F89E7D392EE3,Unknown,,S,,,Ave,S Dalfsen Ave,2015/03/24 09:32:55+00,20214 S Dalfsen Ave Carson 90746,2C5C9716-9364-4328-888E-F89E7D392EE3_20214_S_Dalfsen_Ave_Carson_90746,Dalfsen,20214 S Dalfsen Avenue Ave Carson 90746,,,,
4750,7812,,,,451.0,,,East,,,181st,Street,,,,,,,,,,,,,90746.0,,Carson,Carson,,,,,Carson GIS,{B6257B10-0189-4197-A6B6-A30028E69BF1},0,,B6257B10-0189-4197-A6B6-A30028E69BF1,Unknown,,E,,,St,E 181st St,2015/03/24 09:32:55+00,451 E 181st St Carson 90746,B6257B10-0189-4197-A6B6-A30028E69BF1_451_E_181st_St_Carson_90746,181st,451 E 181st Street St Carson 90746,,,,
4763,7831,,,,20232.0,,,South,,,Scobey,Avenue,,,,,,,,,,,,,90746.0,,Carson,Carson,,,,,Carson GIS,{E0A27E34-FE0E-4F7F-B990-BBEB8A49B89C},0,,E0A27E34-FE0E-4F7F-B990-BBEB8A49B89C,Unknown,,S,,,Ave,S Scobey Ave,2015/03/24 09:32:55+00,20232 S Scobey Ave Carson 90746,E0A27E34-FE0E-4F7F-B990-BBEB8A49B89C_20232_S_Scobey_Ave_Carson_90746,Scobey,20232 S Scobey Avenue Ave Carson 90746,,,,
4775,7855,,,,19223.0,,,South,,,Andmark,Avenue,,,,,,,,,,,,,90746.0,,Carson,Carson,,,,,Carson GIS,{40C2B3B2-A990-4C16-9A5C-AA76F0E9A24B},0,,40C2B3B2-A990-4C16-9A5C-AA76F0E9A24B,Unknown,,S,,,Ave,S Andmark Ave,2015/03/24 09:32:55+00,19223 S Andmark Ave Carson 90746,40C2B3B2-A990-4C16-9A5C-AA76F0E9A24B_19223_S_Andmark_Ave_Carson_90746,Andmark,19223 S Andmark Avenue Ave Carson 90746,,,,
4781,7866,,,,1607.0,,,East,,,Helmick,Street,,,,,,,,,,,,,90746.0,,Carson,Carson,,,,,Carson GIS,{2E25A828-F694-4281-B902-39F1F360351C},0,,2E25A828-F694-4281-B902-39F1F360351C,Unknown,,E,,,St,E Helmick St,2015/03/24 09:32:55+00,1607 E Helmick St Carson 90746,2E25A828-F694-4281-B902-39F1F360351C_1607_E_Helmick_St_Carson_90746,Helmick,1607 E Helmick Street St Carson 90746,,,,
4788,7877,,,,1057.0,,,East,,,Gladwick,Street,,,,,,,,,,,,,90746.0,,Carson,Carson,,,,,Carson GIS,{C2121C7B-6B43-4233-A699-FD6C99E361C5},0,,C2121C7B-6B43-4233-A699-FD6C99E361C5,Unknown,,E,,,St,E Gladwick St,2015/03/24 09:32:55+00,1057 E Gladwick St Carson 90746,C2121C7B-6B43-4233-A699-FD6C99E361C5_1057_E_Gladwick_St_Carson_90746,Gladwick,1057 E Gladwick Street St Carson 90746,,,,
4809,7905,,,,19920.0,,,South,,,Tillman,Avenue,,,,,,,,,,,,,90746.0,,Carson,Carson,,,,,Carson GIS,{FD754105-78FD-43EC-9A26-1AEE0B300189},0,,FD754105-78FD-43EC-9A26-1AEE0B300189,Unknown,,S,,,Ave,S Tillman Ave,2015/03/24 09:32:55+00,19920 S Tillman Ave Carson 90746,FD754105-78FD-43EC-9A26-1AEE0B300189_19920_S_Tillman_Ave_Carson_90746,Tillman,19920 S Tillman Avenue Ave Carson 90746,,,,
4816,7912,,,,19715.0,,,South,,,Annalee,Avenue,,,,,,,,,,,,,90746.0,,Carson,Carson,,,,,Carson GIS,{CE182611-A4DF-44E6-B52E-95A56C7D21F1},0,,CE182611-A4DF-44E6-B52E-95A56C7D21F1,Unknown,,S,,,Ave,S Annalee Ave,2015/03/24 09:32:55+00,19715 S Annalee Ave Carson 90746,CE182611-A4DF-44E6-B52E-95A56C7D21F1_19715_S_Annalee_Ave_Carson_90746,Annalee,19715 S Annalee Avenue Ave Carson 90746,,,,
4842,7945,,,,1069.0,,,East,,,Fernrock,Street,,,,,,,,,,,,,90746.0,,Carson,Carson,,,,,Carson GIS,{673BD21D-24D8-4D42-933C-F0C1C413B853},0,,673BD21D-24D8-4D42-933C-F0C1C413B853,Unknown,,E,,,St,E Fernrock St,2015/03/24 09:32:55+00,1069 E Fernrock St Carson 90746,673BD21D-24D8-4D42-933C-F0C1C413B853_1069_E_Fernrock_St_Carson_90746,Fernrock,1069 E Fernrock Street St Carson 90746,,,,
4843,7948,,,,303.0,,,East,,,185th,Street,,,,,,,,,,,,,90746.0,,Carson,Carson,,,,,Carson GIS,{1913160F-CA3F-4C20-8B48-9C9B19167371},0,,1913160F-CA3F-4C20-8B48-9C9B19167371,Unknown,,E,,,St,E 185th St,2015/03/24 09:32:55+00,303 E 185th St Carson 90746,1913160F-CA3F-4C20-8B48-9C9B19167371_303_E_185th_St_Carson_90746,185th,303 E 185th Street St Carson 90746,,,,
4846,7958,,,,1209.0,,,East,,,Gladwick,Street,,,,,,,,,,,,,90746.0,,Carson,Carson,,,,,Carson GIS,{C0F1DBF1-59C0-48F5-B08E-09D54CD4310F},0,,C0F1DBF1-59C0-48F5-B08E-09D54CD4310F,Unknown,,E,,,St,E Gladwick St,2015/03/24 09:32:55+00,1209 E Gladwick St Carson 90746,C0F1DBF1-59C0-48F5-B08E-09D54CD4310F_1209_E_Gladwick_St_Carson_90746,Gladwick,1209 E Gladwick Street St Carson 90746,,,,
4859,7975,,,,427.0,,,East,,,184th,Street,,,,,,,,,,,,,90746.0,,Carson,Carson,,,,,Carson GIS,{F7D14F80-2594-4684-BCA6-D03466F88D8B},0,,F7D14F80-2594-4684-BCA6-D03466F88D8B,Unknown,,E,,,St,E 184th St,2015/03/24 09:32:55+00,427 E 184th St Carson 90746,F7D14F80-2594-4684-BCA6-D03466F88D8B_427_E_184th_St_Carson_90746,184th,427 E 184th Street St Carson 90746,,,,
4865,7988,,,,20108.0,,,South,,,Belshaw,Avenue,,,,,,,,,,,,,90746.0,,Carson,Carson,,,,,Carson GIS,{C3461EA8-82E3-4195-B3A3-298CA5468D23},0,,C3461EA8-82E3-4195-B3A3-298CA5468D23,Unknown,,S,,,Ave,S Belshaw Ave,2015/03/24 09:32:55+00,20108 S Belshaw Ave Carson 90746,C3461EA8-82E3-4195-B3A3-298CA5468D23_20108_S_Belshaw_Ave_Carson_90746,Belshaw,20108 S Belshaw Avenue Ave Carson 90746,,,,
4868,7994,,,,19313.0,,,South,,,Cliveden,Avenue,,,,,,,,,,,,,90746.0,,Carson,Carson,,,,,Carson GIS,{0D1919B9-BB5B-45E5-ADF4-589327733DD5},0,,0D1919B9-BB5B-45E5-ADF4-589327733DD5,Unknown,,S,,,Ave,S Cliveden Ave,2015/03/24 09:32:55+00,19313 S Cliveden Ave Carson 90746,0D1919B9-BB5B-45E5-ADF4-589327733DD5_19313_S_Cliveden_Ave_Carson_90746,Cliveden,19313 S Cliveden Avenue Ave Carson 90746,,,,
4870,8002,,,,18719.0,,,South,,,Ambler,Avenue,,,,,,,,,,,,,90746.0,,Carson,Carson,,,,,Carson GIS,{B47BE3A8-31FF-46D4-A74B-7BD74A65ED83},0,,B47BE3A8-31FF-46D4-A74B-7BD74A65ED83,Unknown,,S,,,Ave,S Ambler Ave,2015/03/24 09:32:55+00,18719 S Ambler Ave Carson 90746,B47BE3A8-31FF-46D4-A74B-7BD74A65ED83_18719_S_Ambler_Ave_Carson_90746,Ambler,18719 S Ambler Avenue Ave Carson 90746,,,,
4871,8003,,,,519.0,,,East,,,Kenbridge,Drive,,,,,,,,,,,,,90746.0,,Carson,Carson,,,,,Carson GIS,{9E0320AE-170F-46F1-A60D-E19C81632DDB},0,,9E0320AE-170F-46F1-A60D-E19C81632DDB,Unknown,,E,,,Dr,E Kenbridge Dr,2015/03/24 09:32:55+00,519 E Kenbridge Dr Carson 90746,9E0320AE-170F-46F1-A60D-E19C81632DDB_519_E_Kenbridge_Dr_Carson_90746,Kenbridge,519 E Kenbridge Drive Dr Carson 90746,,,,
4872,8004,,,,20111.0,,,South,,,Quixley,Street,,,,,,,,,,,,,90746.0,,Carson,Carson,,,,,Carson GIS,{AD115A47-628A-4B37-A5EA-FA142A436B33},0,,AD115A47-628A-4B37-A5EA-FA142A436B33,Unknown,,S,,,St,S Quixley St,2015/03/24 09:32:55+00,20111 S Quixley St Carson 90746,AD115A47-628A-4B37-A5EA-FA142A436B33_20111_S_Quixley_St_Carson_90746,Quixley,20111 S Quixley Street St Carson 90746,,,,
4880,8015,,,,20222.0,,,South,,,Scobey,Avenue,,,,,,,,,,,,,90746.0,,Carson,Carson,,,,,Carson GIS,{F5B397F3-9867-4954-BD92-6EDE6D8CB9A9},0,,F5B397F3-9867-4954-BD92-6EDE6D8CB9A9,Unknown,,S,,,Ave,S Scobey Ave,2015/03/24 09:32:55+00,20222 S Scobey Ave Carson 90746,F5B397F3-9867-4954-BD92-6EDE6D8CB9A9_20222_S_Scobey_Ave_Carson_90746,Scobey,20222 S Scobey Avenue Ave Carson 90746,,,,
4896,8035,,,,349.0,,,East,,,Cassidy,Street,,,,,,,,,,,,,90746.0,,Carson,Carson,,,,,Carson GIS,{4A963EC8-F04D-41B8-B1E3-6006F4A578DF},0,,4A963EC8-F04D-41B8-B1E3-6006F4A578DF,Unknown,,E,,,St,E Cassidy St,2015/03/24 09:32:55+00,349 E Cassidy St Carson 90746,4A963EC8-F04D-41B8-B1E3-6006F4A578DF_349_E_Cassidy_St_Carson_90746,Cassidy,349 E Cassidy Street St Carson 90746,,,,
4909,8053,,,,20014.0,,,South,,,Hillford,Avenue,,,,,,,,,,,,,90746.0,,Carson,Carson,,,,,Carson GIS,{EFCBAFDA-D067-4ECB-87AB-04C3DF2C9F2C},0,,EFCBAFDA-D067-4ECB-87AB-04C3DF2C9F2C,Unknown,,S,,,Ave,S Hillford Ave,2015/03/24 09:32:55+00,20014 S Hillford Ave Carson 90746,EFCBAFDA-D067-4ECB-87AB-04C3DF2C9F2C_20014_S_Hillford_Ave_Carson_90746,Hillford,20014 S Hillford Avenue Ave Carson 90746,,,,
4923,8077,,,,17330.0,,,South,,,Bonham,Avenue,,,,,,,,,,,,,90746.0,,Carson,Carson,,,,,Carson GIS,{D0FB41F2-527A-4EA4-974C-61CD21908B8B},0,,D0FB41F2-527A-4EA4-974C-61CD21908B8B,Unknown,,S,,,Ave,S Bonham Ave,2015/03/24 09:32:55+00,17330 S Bonham Ave Carson 90746,D0FB41F2-527A-4EA4-974C-61CD21908B8B_17330_S_Bonham_Ave_Carson_90746,Bonham,17330 S Bonham Avenue Ave Carson 90746,,,,
4925,8080,,,,20007.0,,,South,,,Radlett,Avenue,,,,,,,,,,,,,90746.0,,Carson,Carson,,,,,Carson GIS,{90167D5A-236C-47A1-B61B-3EE2CEDE9F89},0,,90167D5A-236C-47A1-B61B-3EE2CEDE9F89,Unknown,,S,,,Ave,S Radlett Ave,2015/03/24 09:32:55+00,20007 S Radlett Ave Carson 90746,90167D5A-236C-47A1-B61B-3EE2CEDE9F89_20007_S_Radlett_Ave_Carson_90746,Radlett,20007 S Radlett Avenue Ave Carson 90746,,,,
4926,8081,,,,18625.0,,,South,,,Cairo,Avenue,,,,,,,,,,,,,90746.0,,Carson,Carson,,,,,Carson GIS,{72EE620F-5523-4EAA-9BB2-9AC2A6AA7F96},0,,72EE620F-5523-4EAA-9BB2-9AC2A6AA7F96,Unknown,,S,,,Ave,S Cairo Ave,2015/03/24 09:32:55+00,18625 S Cairo Ave Carson 90746,72EE620F-5523-4EAA-9BB2-9AC2A6AA7F96_18625_S_Cairo_Ave_Carson_90746,Cairo,18625 S Cairo Avenue Ave Carson 90746,,,,
4934,8093,,,,18702.0,,,South,,,Mettler,Avenue,,,,,,,,,,,,,90746.0,,Carson,Carson,,,,,Carson GIS,{13954E07-898A-4313-89A2-A6F6984297C8},0,,13954E07-898A-4313-89A2-A6F6984297C8,Unknown,,S,,,Ave,S Mettler Ave,2015/03/24 09:32:55+00,18702 S Mettler Ave Carson 90746,13954E07-898A-4313-89A2-A6F6984297C8_18702_S_Mettler_Ave_Carson_90746,Mettler,18702 S Mettler Avenue Ave Carson 90746,,,,
4936,8099,,,,333.0,,,East,,,182nd,Street,,,,,,,,,,,,,90746.0,,Carson,Carson,,,,,Carson GIS,{EA7B88A1-2E76-43E0-8F1C-E345D9E55BF3},0,,EA7B88A1-2E76-43E0-8F1C-E345D9E55BF3,Unknown,,E,,,St,E 182nd St,2015/03/24 09:32:55+00,333 E 182nd St Carson 90746,EA7B88A1-2E76-43E0-8F1C-E345D9E55BF3_333_E_182nd_St_Carson_90746,182nd,333 E 182nd Street St Carson 90746,,,,
4948,8117,,,,1806.0,,,East,,,Turmont,Street,,,,,,,,,,,,,90746.0,,Carson,Carson,,,,,Carson GIS,{730FABF8-78A8-4FDE-A728-8A121D78A116},0,,730FABF8-78A8-4FDE-A728-8A121D78A116,Unknown,,E,,,St,E Turmont St,2015/03/24 09:32:55+00,1806 E Turmont St Carson 90746,730FABF8-78A8-4FDE-A728-8A121D78A116_1806_E_Turmont_St_Carson_90746,Turmont,1806 E Turmont Street St Carson 90746,,,,
4961,8132,,,,19233.0,,,South,,,Tajauta,Avenue,,,,,,,,,,,,,90746.0,,Carson,Carson,,,,,Carson GIS,{196851ED-CC4E-41B6-A729-E1EFEA5116A3},0,,196851ED-CC4E-41B6-A729-E1EFEA5116A3,Unknown,,S,,,Ave,S Tajauta Ave,2015/03/24 09:32:55+00,19233 S Tajauta Ave Carson 90746,196851ED-CC4E-41B6-A729-E1EFEA5116A3_19233_S_Tajauta_Ave_Carson_90746,Tajauta,19233 S Tajauta Avenue Ave Carson 90746,,,,
4964,8136,,,,20444.0,,,South,,,Tillman,Avenue,,,,,,,,,,,,,90746.0,,Carson,Carson,,,,,Carson GIS,{C86AF7F4-BA17-44EA-B40D-9CDC46417FC7},0,,C86AF7F4-BA17-44EA-B40D-9CDC46417FC7,Unknown,,S,,,Ave,S Tillman Ave,2015/03/24 09:32:55+00,20444 S Tillman Ave Carson 90746,C86AF7F4-BA17-44EA-B40D-9CDC46417FC7_20444_S_Tillman_Ave_Carson_90746,Tillman,20444 S Tillman Avenue Ave Carson 90746,,,,
4965,8138,,,,18303.0,,,South,,,Cairo,Avenue,,,,,,,,,,,,,90746.0,,Carson,Carson,,,,,Carson GIS,{B53E9CE7-8F68-42FE-AC89-CBD3D14E8432},0,,B53E9CE7-8F68-42FE-AC89-CBD3D14E8432,Unknown,,S,,,Ave,S Cairo Ave,2015/03/24 09:32:55+00,18303 S Cairo Ave Carson 90746,B53E9CE7-8F68-42FE-AC89-CBD3D14E8432_18303_S_Cairo_Ave_Carson_90746,Cairo,18303 S Cairo Avenue Ave Carson 90746,,,,
4968,8145,,,,17208.0,,,South,,,Billings,Drive,,,,,,,,,,,,,90746.0,,Carson,Carson,,,,,Carson GIS,{AC6D1D2E-67B0-4F93-B7BB-915E3F726953},0,,AC6D1D2E-67B0-4F93-B7BB-915E3F726953,Unknown,,S,,,Dr,S Billings Dr,2015/03/24 09:32:55+00,17208 S Billings Dr Carson 90746,AC6D1D2E-67B0-4F93-B7BB-915E3F726953_17208_S_Billings_Dr_Carson_90746,Billings,17208 S Billings Drive Dr Carson 90746,,,,
4972,8152,,,,522.0,,,East,,,Cassidy,Street,,,,,,,,,,,,,90746.0,,Carson,Carson,,,,,Carson GIS,{CB5C0A91-A5D4-400C-8CE3-93923C623757},0,,CB5C0A91-A5D4-400C-8CE3-93923C623757,Unknown,,E,,,St,E Cassidy St,2015/03/24 09:32:55+00,522 E Cassidy St Carson 90746,CB5C0A91-A5D4-400C-8CE3-93923C623757_522_E_Cassidy_St_Carson_90746,Cassidy,522 E Cassidy Street St Carson 90746,,,,
4981,8167,,,,339.0,,,East,,,181st,Street,,,,,,,,,,,,,90746.0,,Carson,Carson,,,,,Carson GIS,{239B18E7-8DE5-4338-9E76-0B5DB3851227},0,,239B18E7-8DE5-4338-9E76-0B5DB3851227,Unknown,,E,,,St,E 181st St,2015/03/24 09:32:55+00,339 E 181st St Carson 90746,239B18E7-8DE5-4338-9E76-0B5DB3851227_339_E_181st_St_Carson_90746,181st,339 E 181st Street St Carson 90746,,,,
4983,8170,,,,962.0,,,East,,,Denwall,Drive,,,,,,,,,,,,,90746.0,,Carson,Carson,,,,,Carson GIS,{88714A2A-33F7-491A-9BB7-B25AA7B0217B},0,,88714A2A-33F7-491A-9BB7-B25AA7B0217B,Unknown,,E,,,Dr,E Denwall Dr,2015/03/24 09:32:55+00,962 E Denwall Dr Carson 90746,88714A2A-33F7-491A-9BB7-B25AA7B0217B_962_E_Denwall_Dr_Carson_90746,Denwall,962 E Denwall Drive Dr Carson 90746,,,,
4988,8182,,,,18719.0,,,South,,,Coltman,Avenue,,,,,,,,,,,,,90746.0,,Carson,Carson,,,,,Carson GIS,{D0637A8C-221F-42CE-9242-239F55FEF39D},0,,D0637A8C-221F-42CE-9242-239F55FEF39D,Unknown,,S,,,Ave,S Coltman Ave,2015/03/24 09:32:55+00,18719 S Coltman Ave Carson 90746,D0637A8C-221F-42CE-9242-239F55FEF39D_18719_S_Coltman_Ave_Carson_90746,Coltman,18719 S Coltman Avenue Ave Carson 90746,,,,
4994,8194,,,,425.0,,,East,,,Cassidy,Street,,,,,,,,,,,,,90746.0,,Carson,Carson,,,,,Carson GIS,{F92CD11F-3EA0-4EF6-B207-3BF66F42B0F2},0,,F92CD11F-3EA0-4EF6-B207-3BF66F42B0F2,Unknown,,E,,,St,E Cassidy St,2015/03/24 09:32:55+00,425 E Cassidy St Carson 90746,F92CD11F-3EA0-4EF6-B207-3BF66F42B0F2_425_E_Cassidy_St_Carson_90746,Cassidy,425 E Cassidy Street St Carson 90746,,,,
4996,8197,,,,1046.0,,,East,,,Helmick,Street,,,,,,,,,,,,,90746.0,,Carson,Carson,,,,,Carson GIS,{BEAAC745-EFD5-4CDD-810B-DDB222F85604},0,,BEAAC745-EFD5-4CDD-810B-DDB222F85604,Unknown,,E,,,St,E Helmick St,2015/03/24 09:32:55+00,1046 E Helmick St Carson 90746,BEAAC745-EFD5-4CDD-810B-DDB222F85604_1046_E_Helmick_St_Carson_90746,Helmick,1046 E Helmick Street St Carson 90746,,,,
4997,8198,,,,402.0,,,East,,,186th,Street,,,,,,,,,,,,,90746.0,,Carson,Carson,,,,,Carson GIS,{319BB56D-0321-4024-A8A2-0A200E0736F5},0,,319BB56D-0321-4024-A8A2-0A200E0736F5,Unknown,,E,,,St,E 186th St,2015/03/24 09:32:55+00,402 E 186th St Carson 90746,319BB56D-0321-4024-A8A2-0A200E0736F5_402_E_186th_St_Carson_90746,186th,402 E 186th Street St Carson 90746,,,,
5001,8203,,,,1038.0,,,East,,,Gladwick,Street,,,,,,,,,,,,,90746.0,,Carson,Carson,,,,,Carson GIS,{41221F5A-6071-4A8D-A278-2431B31FAF5B},0,,41221F5A-6071-4A8D-A278-2431B31FAF5B,Unknown,,E,,,St,E Gladwick St,2015/03/24 09:32:55+00,1038 E Gladwick St Carson 90746,41221F5A-6071-4A8D-A278-2431B31FAF5B_1038_E_Gladwick_St_Carson_90746,Gladwick,1038 E Gladwick Street St Carson 90746,,,,
5002,8204,,,,17313.0,,,South,,,Crocker,Avenue,,,,,,,,,,,,,90746.0,,Carson,Carson,,,,,Carson GIS,{F6286937-8E44-4423-8E40-7F523450D89E},0,,F6286937-8E44-4423-8E40-7F523450D89E,Unknown,,S,,,Ave,S Crocker Ave,2015/03/24 09:32:55+00,17313 S Crocker Ave Carson 90746,F6286937-8E44-4423-8E40-7F523450D89E_17313_S_Crocker_Ave_Carson_90746,Crocker,17313 S Crocker Avenue Ave Carson 90746,,,,
5007,8214,,,,19909.0,,,South,,,Enslow,Drive,,,,,,,,,,,,,90746.0,,Carson,Carson,,,,,Carson GIS,{E49EC481-3FE1-4C8C-9D7D-27737F6393AD},0,,E49EC481-3FE1-4C8C-9D7D-27737F6393AD,Unknown,,S,,,Dr,S Enslow Dr,2015/03/24 09:32:55+00,19909 S Enslow Dr Carson 90746,E49EC481-3FE1-4C8C-9D7D-27737F6393AD_19909_S_Enslow_Dr_Carson_90746,Enslow,19909 S Enslow Drive Dr Carson 90746,,,,
5060,8300,,,,18733.0,,,South,,,Milmore,Avenue,,,,,,,,,,,,,90746.0,,Carson,Carson,,,,,Carson GIS,{961FD022-759B-4DA5-834B-38B49E0B1F04},0,,961FD022-759B-4DA5-834B-38B49E0B1F04,Unknown,,S,,,Ave,S Milmore Ave,2015/03/24 09:32:55+00,18733 S Milmore Ave Carson 90746,961FD022-759B-4DA5-834B-38B49E0B1F04_18733_S_Milmore_Ave_Carson_90746,Milmore,18733 S Milmore Avenue Ave Carson 90746,,,,
5075,8325,,,,435.0,,,East,,,181st,Street,,,,,,,,,,,,,90746.0,,Carson,Carson,,,,,Carson GIS,{14414B45-574D-4351-82A7-C57DA0A8036C},0,,14414B45-574D-4351-82A7-C57DA0A8036C,Unknown,,E,,,St,E 181st St,2015/03/24 09:32:55+00,435 E 181st St Carson 90746,14414B45-574D-4351-82A7-C57DA0A8036C_435_E_181st_St_Carson_90746,181st,435 E 181st Street St Carson 90746,,,,
5078,8330,,,,19206.0,,,South,,,Andmark,Avenue,,,,,,,,,,,,,90746.0,,Carson,Carson,,,,,Carson GIS,{1E3817B4-7572-4360-A00A-A56C41FD07D2},0,,1E3817B4-7572-4360-A00A-A56C41FD07D2,Unknown,,S,,,Ave,S Andmark Ave,2015/03/24 09:32:55+00,19206 S Andmark Ave Carson 90746,1E3817B4-7572-4360-A00A-A56C41FD07D2_19206_S_Andmark_Ave_Carson_90746,Andmark,19206 S Andmark Avenue Ave Carson 90746,,,,
5079,8331,,,,19308.0,,,South,,,Nestor,Avenue,,,,,,,,,,,,,90746.0,,Carson,Carson,,,,,Carson GIS,{7599C338-D551-48B6-9BA9-F9982763DAA7},0,,7599C338-D551-48B6-9BA9-F9982763DAA7,Unknown,,S,,,Ave,S Nestor Ave,2015/03/24 09:32:55+00,19308 S Nestor Ave Carson 90746,7599C338-D551-48B6-9BA9-F9982763DAA7_19308_S_Nestor_Ave_Carson_90746,Nestor,19308 S Nestor Avenue Ave Carson 90746,,,,
5086,8345,,,,17401.0,,,South,,,Avalon,Boulevard,,,,,,,,,,,Number,D1,90746.0,,Carson,Carson,,,,,Carson GIS,{E25DE1AA-2E4A-4BF0-B18B-81143136EF4D},0,,E25DE1AA-2E4A-4BF0-B18B-81143136EF4D,Unknown,,S,,,Blvd,S Avalon Blvd,2018/04/04 16:54:53+00,17401 S Avalon Blvd Number D1 Carson 90746,E25DE1AA-2E4A-4BF0-B18B-81143136EF4D_17401_S_Avalon_Blvd_Number_D1_Carson_90746,Avalon,17401 S Avalon Boulevard Blvd Number D1 Carson 90746,,,,
5088,8354,,,,20302.0,,,South,,,Caron,Circle,,,,,,,,,,,,,90746.0,,Carson,Carson,,,,,Carson GIS,{A5272649-B680-4F52-8794-5C090D0EB890},0,,A5272649-B680-4F52-8794-5C090D0EB890,Unknown,,S,,,Cir,S Caron Cir,2015/03/24 09:32:55+00,20302 S Caron Cir Carson 90746,A5272649-B680-4F52-8794-5C090D0EB890_20302_S_Caron_Cir_Carson_90746,Caron,20302 S Caron Circle Cir Carson 90746,,,,
5091,8363,,,,516.0,,,East,,,186th,Street,,,,,,,,,,,,,90746.0,,Carson,Carson,,,,,Carson GIS,{526CB8BC-4B42-4675-A995-1DABF346C953},0,,526CB8BC-4B42-4675-A995-1DABF346C953,Unknown,,E,,,St,E 186th St,2015/03/24 09:32:55+00,516 E 186th St Carson 90746,526CB8BC-4B42-4675-A995-1DABF346C953_516_E_186th_St_Carson_90746,186th,516 E 186th Street St Carson 90746,,,,
5105,8395,,,,18617.0,,,South,,,Coltman,Avenue,,,,,,,,,,,,,90746.0,,Carson,Carson,,,,,Carson GIS,{62CF6055-115A-4E43-ADFA-51CFD560DD63},0,,62CF6055-115A-4E43-ADFA-51CFD560DD63,Unknown,,S,,,Ave,S Coltman Ave,2015/03/24 09:32:55+00,18617 S Coltman Ave Carson 90746,62CF6055-115A-4E43-ADFA-51CFD560DD63_18617_S_Coltman_Ave_Carson_90746,Coltman,18617 S Coltman Avenue Ave Carson 90746,,,,
5106,8400,,,,19312.0,,,South,,,Nestor,Avenue,,,,,,,,,,,,,90746.0,,Carson,Carson,,,,,Carson GIS,{4CBDC024-25CD-42FC-9B20-0632B70C731E},0,,4CBDC024-25CD-42FC-9B20-0632B70C731E,Unknown,,S,,,Ave,S Nestor Ave,2015/03/24 09:32:55+00,19312 S Nestor Ave Carson 90746,4CBDC024-25CD-42FC-9B20-0632B70C731E_19312_S_Nestor_Ave_Carson_90746,Nestor,19312 S Nestor Avenue Ave Carson 90746,,,,
5115,8410,,,,18425.0,,,South,,,Avalon,Boulevard,,,,,,,,,,,,,90746.0,,Carson,Carson,,,,,Carson GIS,{611642BF-9DC9-4A21-8EE1-A40C6D47DAAF},0,,611642BF-9DC9-4A21-8EE1-A40C6D47DAAF,Unknown,,S,,,Blvd,S Avalon Blvd,2015/03/24 09:32:55+00,18425 S Avalon Blvd Carson 90746,611642BF-9DC9-4A21-8EE1-A40C6D47DAAF_18425_S_Avalon_Blvd_Carson_90746,Avalon,18425 S Avalon Boulevard Blvd Carson 90746,,,,
5118,8413,,,,18712.0,,,South,,,Milmore,Avenue,,,,,,,,,,,,,90746.0,,Carson,Carson,,,,,Carson GIS,{2662C4F0-5453-481F-9EC9-5B4EEAAE3940},0,,2662C4F0-5453-481F-9EC9-5B4EEAAE3940,Unknown,,S,,,Ave,S Milmore Ave,2015/03/24 09:32:55+00,18712 S Milmore Ave Carson 90746,2662C4F0-5453-481F-9EC9-5B4EEAAE3940_18712_S_Milmore_Ave_Carson_90746,Milmore,18712 S Milmore Avenue Ave Carson 90746,,,,
5121,8417,,,,17317.0,,,South,,,Crocker,Avenue,,,,,,,,,,,,,90746.0,,Carson,Carson,,,,,Carson GIS,{CA6296E2-2511-453C-91A6-3731DD65A7CA},0,,CA6296E2-2511-453C-91A6-3731DD65A7CA,Unknown,,S,,,Ave,S Crocker Ave,2015/03/24 09:32:55+00,17317 S Crocker Ave Carson 90746,CA6296E2-2511-453C-91A6-3731DD65A7CA_17317_S_Crocker_Ave_Carson_90746,Crocker,17317 S Crocker Avenue Ave Carson 90746,,,,
5122,8418,,,,17342.0,,,South,,,Bonham,Avenue,,,,,,,,,,,,,90746.0,,Carson,Carson,,,,,Carson GIS,{EEDE9B99-2F7A-4D64-9670-13E5F014F55B},0,,EEDE9B99-2F7A-4D64-9670-13E5F014F55B,Unknown,,S,,,Ave,S Bonham Ave,2015/03/24 09:32:55+00,17342 S Bonham Ave Carson 90746,EEDE9B99-2F7A-4D64-9670-13E5F014F55B_17342_S_Bonham_Ave_Carson_90746,Bonham,17342 S Bonham Avenue Ave Carson 90746,,,,
5124,8421,,,,1468.0,,,East,,,Fernrock,Street,,,,,,,,,,,,,90746.0,,Carson,Carson,,,,,Carson GIS,{6BC40E25-5C56-450B-A3E2-3B1C7CAC536A},0,,6BC40E25-5C56-450B-A3E2-3B1C7CAC536A,Unknown,,E,,,St,E Fernrock St,2015/03/24 09:32:55+00,1468 E Fernrock St Carson 90746,6BC40E25-5C56-450B-A3E2-3B1C7CAC536A_1468_E_Fernrock_St_Carson_90746,Fernrock,1468 E Fernrock Street St Carson 90746,,,,
5125,8423,,,,19713.0,,,South,,,Harlan,Avenue,,,,,,,,,,,,,90746.0,,Carson,Carson,,,,,Carson GIS,{9FCEEF8E-163C-424F-AB41-DF87FF6D3C27},0,,9FCEEF8E-163C-424F-AB41-DF87FF6D3C27,Unknown,,S,,,Ave,S Harlan Ave,2015/03/24 09:32:55+00,19713 S Harlan Ave Carson 90746,9FCEEF8E-163C-424F-AB41-DF87FF6D3C27_19713_S_Harlan_Ave_Carson_90746,Harlan,19713 S Harlan Avenue Ave Carson 90746,,,,
5126,8425,,,,18702.0,,,South,,,Wall,Street,,,,,,,,,,,,,90746.0,,Carson,Carson,,,,,Carson GIS,{EEB4FD55-C8D7-4966-9271-2F477C0BD6C9},0,,EEB4FD55-C8D7-4966-9271-2F477C0BD6C9,Unknown,,S,,,St,S Wall St,2015/03/24 09:32:55+00,18702 S Wall St Carson 90746,EEB4FD55-C8D7-4966-9271-2F477C0BD6C9_18702_S_Wall_St_Carson_90746,Wall,18702 S Wall Street St Carson 90746,,,,
5128,8427,,,,18306.0,,,South,,,Crocker,Avenue,,,,,,,,,,,,,90746.0,,Carson,Carson,,,,,Carson GIS,{8A83A45A-AD8C-4934-9AB0-1DA494C5CB19},0,,8A83A45A-AD8C-4934-9AB0-1DA494C5CB19,Unknown,,S,,,Ave,S Crocker Ave,2015/03/24 09:32:55+00,18306 S Crocker Ave Carson 90746,8A83A45A-AD8C-4934-9AB0-1DA494C5CB19_18306_S_Crocker_Ave_Carson_90746,Crocker,18306 S Crocker Avenue Ave Carson 90746,,,,
5129,8428,,,,545.0,,,East,,,182nd,Street,,,,,,,,,,,,,90746.0,,Carson,Carson,,,,,Carson GIS,{E835A0DE-E98F-40B2-9690-850C821033E1},0,,E835A0DE-E98F-40B2-9690-850C821033E1,Unknown,,E,,,St,E 182nd St,2015/03/24 09:32:55+00,545 E 182nd St Carson 90746,E835A0DE-E98F-40B2-9690-850C821033E1_545_E_182nd_St_Carson_90746,182nd,545 E 182nd Street St Carson 90746,,,,
5130,8430,,,,415.0,,,East,,,186th,Street,,,,,,,,,,,,,90746.0,,Carson,Carson,,,,,Carson GIS,{5EE21A6C-171C-40B3-9104-7C6AD419E61A},0,,5EE21A6C-171C-40B3-9104-7C6AD419E61A,Unknown,,E,,,St,E 186th St,2015/03/24 09:32:55+00,415 E 186th St Carson 90746,5EE21A6C-171C-40B3-9104-7C6AD419E61A_415_E_186th_St_Carson_90746,186th,415 E 186th Street St Carson 90746,,,,
5132,8434,,,,18313.0,,,South,,,Bonham,Avenue,,,,,,,,,,,,,90746.0,,Carson,Carson,,,,,Carson GIS,{BB9023C6-2B3E-4506-BCA1-923F815432A4},0,,BB9023C6-2B3E-4506-BCA1-923F815432A4,Unknown,,S,,,Ave,S Bonham Ave,2015/03/24 09:32:55+00,18313 S Bonham Ave Carson 90746,BB9023C6-2B3E-4506-BCA1-923F815432A4_18313_S_Bonham_Ave_Carson_90746,Bonham,18313 S Bonham Avenue Ave Carson 90746,,,,
5135,8437,,,,343.0,,,East,,,Cassidy,Street,,,,,,,,,,,,,90746.0,,Carson,Carson,,,,,Carson GIS,{6A50D8BF-97C9-4B75-853C-239D9DAA00F5},0,,6A50D8BF-97C9-4B75-853C-239D9DAA00F5,Unknown,,E,,,St,E Cassidy St,2015/03/24 09:32:55+00,343 E Cassidy St Carson 90746,6A50D8BF-97C9-4B75-853C-239D9DAA00F5_343_E_Cassidy_St_Carson_90746,Cassidy,343 E Cassidy Street St Carson 90746,,,,
5138,8443,,,,224.0,,,East,,,186th,Street,,,,,,,,,,,,,90746.0,,Carson,Carson,,,,,Carson GIS,{7A503B08-C71D-4A08-ADBE-08A2E6605B09},0,,7A503B08-C71D-4A08-ADBE-08A2E6605B09,Unknown,,E,,,St,E 186th St,2015/03/24 09:32:55+00,224 E 186th St Carson 90746,7A503B08-C71D-4A08-ADBE-08A2E6605B09_224_E_186th_St_Carson_90746,186th,224 E 186th Street St Carson 90746,,,,
5139,8448,,,,17330.0,,,South,,,Wall,Street,,,,,,,,,,,,,90746.0,,Carson,Carson,,,,,Carson GIS,{3A4FD433-321A-4B15-BFC1-15A3F1901EB1},0,,3A4FD433-321A-4B15-BFC1-15A3F1901EB1,Unknown,,S,,,St,S Wall St,2015/03/24 09:32:55+00,17330 S Wall St Carson 90746,3A4FD433-321A-4B15-BFC1-15A3F1901EB1_17330_S_Wall_St_Carson_90746,Wall,17330 S Wall Street St Carson 90746,,,,
5143,8454,,,,20108.0,,,South,,,Campaign,Drive,,,,,,,,,,,,,90746.0,,Carson,Carson,,,,,Carson GIS,{55BD879F-88E3-4A49-BDD3-618D9729AE35},0,,55BD879F-88E3-4A49-BDD3-618D9729AE35,Unknown,,S,,,Dr,S Campaign Dr,2015/03/24 09:32:55+00,20108 S Campaign Dr Carson 90746,55BD879F-88E3-4A49-BDD3-618D9729AE35_20108_S_Campaign_Dr_Carson_90746,Campaign,20108 S Campaign Drive Dr Carson 90746,,,,
5167,8493,,,,18709.0,,,South,,,Milmore,Avenue,,,,,,,,,,,,,90746.0,,Carson,Carson,,,,,Carson GIS,{31DB41CB-6EC6-4621-A3EA-B0712DE95375},0,,31DB41CB-6EC6-4621-A3EA-B0712DE95375,Unknown,,S,,,Ave,S Milmore Ave,2015/03/24 09:32:55+00,18709 S Milmore Ave Carson 90746,31DB41CB-6EC6-4621-A3EA-B0712DE95375_18709_S_Milmore_Ave_Carson_90746,Milmore,18709 S Milmore Avenue Ave Carson 90746,,,,
5181,8517,,,,1246.0,,,East,,,Dimondale,Drive,,,,,,,,,,,,,90746.0,,Carson,Carson,,,,,Carson GIS,{3F3138B4-A144-422E-A3FD-83014FFE2376},0,,3F3138B4-A144-422E-A3FD-83014FFE2376,Unknown,,E,,,Dr,E Dimondale Dr,2015/03/24 09:32:55+00,1246 E Dimondale Dr Carson 90746,3F3138B4-A144-422E-A3FD-83014FFE2376_1246_E_Dimondale_Dr_Carson_90746,Dimondale,1246 E Dimondale Drive Dr Carson 90746,,,,
5217,8569,,,,403.0,,,East,,,184th,Street,,,,,,,,,,,,,90746.0,,Carson,Carson,,,,,Carson GIS,{57E85A97-6FF7-47BF-B588-B0F5AF8F6234},0,,57E85A97-6FF7-47BF-B588-B0F5AF8F6234,Unknown,,E,,,St,E 184th St,2015/03/24 09:32:55+00,403 E 184th St Carson 90746,57E85A97-6FF7-47BF-B588-B0F5AF8F6234_403_E_184th_St_Carson_90746,184th,403 E 184th Street St Carson 90746,,,,
5223,8580,,,,1869.0,,,East,,,Denwall,Drive,,,,,,,,,,,,,90746.0,,Carson,Carson,,,,,Carson GIS,{1CF3D758-882C-4741-890D-4FA4022FE5DE},0,,1CF3D758-882C-4741-890D-4FA4022FE5DE,Unknown,,E,,,Dr,E Denwall Dr,2015/03/24 09:32:55+00,1869 E Denwall Dr Carson 90746,1CF3D758-882C-4741-890D-4FA4022FE5DE_1869_E_Denwall_Dr_Carson_90746,Denwall,1869 E Denwall Drive Dr Carson 90746,,,,
5229,8592,,,,616.0,,,East,,,Turmont,Street,,,,,,,,,,,,,90746.0,,Carson,Carson,,,,,Carson GIS,{968A41D6-D62A-4BF5-8F7F-D634E6194CA4},0,,968A41D6-D62A-4BF5-8F7F-D634E6194CA4,Unknown,,E,,,St,E Turmont St,2015/03/24 09:32:55+00,616 E Turmont St Carson 90746,968A41D6-D62A-4BF5-8F7F-D634E6194CA4_616_E_Turmont_St_Carson_90746,Turmont,616 E Turmont Street St Carson 90746,,,,
5237,8603,,,,19307.0,,,South,,,Broadacres,Avenue,,,,,,,,,,,,,90746.0,,Carson,Carson,,,,,Carson GIS,{DE3EE1C9-73BF-4235-A6E0-C89DDC7D1DA5},0,,DE3EE1C9-73BF-4235-A6E0-C89DDC7D1DA5,Unknown,,S,,,Ave,S Broadacres Ave,2015/03/24 09:32:55+00,19307 S Broadacres Ave Carson 90746,DE3EE1C9-73BF-4235-A6E0-C89DDC7D1DA5_19307_S_Broadacres_Ave_Carson_90746,Broadacres,19307 S Broadacres Avenue Ave Carson 90746,,,,
5238,8604,,,,1822.0,,,East,,,Denwall,Drive,,,,,,,,,,,,,90746.0,,Carson,Carson,,,,,Carson GIS,{A6233F26-0691-476C-A840-575B43DBAE75},0,,A6233F26-0691-476C-A840-575B43DBAE75,Unknown,,E,,,Dr,E Denwall Dr,2015/03/24 09:32:55+00,1822 E Denwall Dr Carson 90746,A6233F26-0691-476C-A840-575B43DBAE75_1822_E_Denwall_Dr_Carson_90746,Denwall,1822 E Denwall Drive Dr Carson 90746,,,,
5253,8638,,,,445.0,,,East,,,Sherman,Drive,,,,,,,,,,,,,90746.0,,Carson,Carson,,,,,Carson GIS,{2C46AC0C-E65B-404F-8DFE-EC1C4DA45E1E},0,,2C46AC0C-E65B-404F-8DFE-EC1C4DA45E1E,Unknown,,E,,,Dr,E Sherman Dr,2015/03/24 09:32:55+00,445 E Sherman Dr Carson 90746,2C46AC0C-E65B-404F-8DFE-EC1C4DA45E1E_445_E_Sherman_Dr_Carson_90746,Sherman,445 E Sherman Drive Dr Carson 90746,,,,
5287,8681,,,,20204.0,,,South,,,Galway,Avenue,,,,,,,,,,,,,90746.0,,Carson,Carson,,,,,Carson GIS,{735B7441-1C41-4D7F-BAEA-86715CAD2EDB},0,,735B7441-1C41-4D7F-BAEA-86715CAD2EDB,Unknown,,S,,,Ave,S Galway Ave,2015/03/24 09:32:55+00,20204 S Galway Ave Carson 90746,735B7441-1C41-4D7F-BAEA-86715CAD2EDB_20204_S_Galway_Ave_Carson_90746,Galway,20204 S Galway Avenue Ave Carson 90746,,,,
5294,8698,,,,988.0,,,East,,,Gladwick,Street,,,,,,,,,,,,,90746.0,,Carson,Carson,,,,,Carson GIS,{79F3DA4A-3F11-4DC1-A26C-44DCB2A71FDA},0,,79F3DA4A-3F11-4DC1-A26C-44DCB2A71FDA,Unknown,,E,,,St,E Gladwick St,2015/03/24 09:32:55+00,988 E Gladwick St Carson 90746,79F3DA4A-3F11-4DC1-A26C-44DCB2A71FDA_988_E_Gladwick_St_Carson_90746,Gladwick,988 E Gladwick Street St Carson 90746,,,,
5295,8703,,,,1366.0,,,East,,,Gladwick,Street,,,,,,,,,,,,,90746.0,,Carson,Carson,,,,,Carson GIS,{6E6B5200-44D7-48CE-B124-2FCBEF80D79D},0,,6E6B5200-44D7-48CE-B124-2FCBEF80D79D,Unknown,,E,,,St,E Gladwick St,2015/03/24 09:32:55+00,1366 E Gladwick St Carson 90746,6E6B5200-44D7-48CE-B124-2FCBEF80D79D_1366_E_Gladwick_St_Carson_90746,Gladwick,1366 E Gladwick Street St Carson 90746,,,,
5296,8705,,,,118.0,,,East,,,Savarona,Way,,,,,,,,,,,,,90746.0,,Carson,Carson,,,,,Carson GIS,{C385ACA2-DEA1-428A-845D-F43083958E58},0,,C385ACA2-DEA1-428A-845D-F43083958E58,Unknown,,E,,,Wy,E Savarona Wy,2015/03/24 09:32:55+00,118 E Savarona Wy Carson 90746,C385ACA2-DEA1-428A-845D-F43083958E58_118_E_Savarona_Wy_Carson_90746,Savarona,118 E Savarona Way Wy Carson 90746,,,,
5299,8708,,,,20022.0,,,South,,,Tillman,Avenue,,,,,,,,,,,,,90746.0,,Carson,Carson,,,,,Carson GIS,{549A9F7E-1C78-4364-9E65-47F35A249A40},0,,549A9F7E-1C78-4364-9E65-47F35A249A40,Unknown,,S,,,Ave,S Tillman Ave,2015/03/24 09:32:55+00,20022 S Tillman Ave Carson 90746,549A9F7E-1C78-4364-9E65-47F35A249A40_20022_S_Tillman_Ave_Carson_90746,Tillman,20022 S Tillman Avenue Ave Carson 90746,,,,
5313,8725,,,,20209.0,,,South,,,Hillford,Avenue,,,,,,,,,,,,,90746.0,,Carson,Carson,,,,,Carson GIS,{F2274CD2-E028-4F7A-A648-C4D0C54070FD},0,,F2274CD2-E028-4F7A-A648-C4D0C54070FD,Unknown,,S,,,Ave,S Hillford Ave,2015/03/24 09:32:55+00,20209 S Hillford Ave Carson 90746,F2274CD2-E028-4F7A-A648-C4D0C54070FD_20209_S_Hillford_Ave_Carson_90746,Hillford,20209 S Hillford Avenue Ave Carson 90746,,,,
5327,8749,,,,1768.0,,,East,,,Turmont,Street,,,,,,,,,,,,,90746.0,,Carson,Carson,,,,,Carson GIS,{4DBFAE44-FD37-4584-B040-040214C8C855},0,,4DBFAE44-FD37-4584-B040-040214C8C855,Unknown,,E,,,St,E Turmont St,2015/03/24 09:32:55+00,1768 E Turmont St Carson 90746,4DBFAE44-FD37-4584-B040-040214C8C855_1768_E_Turmont_St_Carson_90746,Turmont,1768 E Turmont Street St Carson 90746,,,,
5335,8762,,,,1555.0,,,East,,Del,Amo,Boulevard,,,,,,,,,,,,,90746.0,,Carson,Carson,,,,,Carson GIS,{ABAD511F-D4D9-4632-8E79-670D0269BFC0},0,,ABAD511F-D4D9-4632-8E79-670D0269BFC0,Unknown,,E,,,Blvd,E Del Amo Blvd,2015/03/24 09:32:55+00,1555 E Del Amo Blvd Carson 90746,ABAD511F-D4D9-4632-8E79-670D0269BFC0_1555_E_Del_Amo_Blvd_Carson_90746,Del Amo,1555 E Del Amo Boulevard Blvd Carson 90746,,,,
5336,8763,,,,1324.0,,,East,,,Turmont,Street,,,,,,,,,,,,,90746.0,,Carson,Carson,,,,,Carson GIS,{9420AE0B-9109-4AEB-9CB2-F204846DEBD1},0,,9420AE0B-9109-4AEB-9CB2-F204846DEBD1,Unknown,,E,,,St,E Turmont St,2015/03/24 09:32:55+00,1324 E Turmont St Carson 90746,9420AE0B-9109-4AEB-9CB2-F204846DEBD1_1324_E_Turmont_St_Carson_90746,Turmont,1324 E Turmont Street St Carson 90746,,,,
5339,8769,,,,240.0,U,,East,,,186th,Street,,,,,,,,,,,,,90746.0,,Carson,Carson,,,,,CAMS,{56081891-2EB9-4F5C-9A39-721D4EA9D738},0,,56081891-2EB9-4F5C-9A39-721D4EA9D738,Utility,,E,,,St,E 186th St,2024/07/17 18:16:05+00,240 U E 186th St Carson 90746,56081891-2EB9-4F5C-9A39-721D4EA9D738_240_U_E_186th_St_Carson_90746,186th,240 U E 186th Street St Carson 90746,,,,
5347,8778,,,,20003.0,,,South,,,Tillman,Avenue,,,,,,,,,,,,,90746.0,,Carson,Carson,,,,,Carson GIS,{9100F218-70F1-4FF6-8C34-0372BFCA176A},0,,9100F218-70F1-4FF6-8C34-0372BFCA176A,Unknown,,S,,,Ave,S Tillman Ave,2015/03/24 09:32:55+00,20003 S Tillman Ave Carson 90746,9100F218-70F1-4FF6-8C34-0372BFCA176A_20003_S_Tillman_Ave_Carson_90746,Tillman,20003 S Tillman Avenue Ave Carson 90746,,,,
5367,8801,,,,1252.0,,,East,,,Denwall,Drive,,,,,,,,,,,,,90746.0,,Carson,Carson,,,,,Carson GIS,{8D54A5B1-99ED-4687-AA73-7168E6C7D567},0,,8D54A5B1-99ED-4687-AA73-7168E6C7D567,Unknown,,E,,,Dr,E Denwall Dr,2015/03/24 09:32:55+00,1252 E Denwall Dr Carson 90746,8D54A5B1-99ED-4687-AA73-7168E6C7D567_1252_E_Denwall_Dr_Carson_90746,Denwall,1252 E Denwall Drive Dr Carson 90746,,,,
5382,8825,,,,1777.0,,,East,,,Helmick,Street,,,,,,,,,,,,,90746.0,,Carson,Carson,,,,,Carson GIS,{EBAF8272-AC97-4FB2-AA39-E2D81F913755},0,,EBAF8272-AC97-4FB2-AA39-E2D81F913755,Unknown,,E,,,St,E Helmick St,2015/03/24 09:32:55+00,1777 E Helmick St Carson 90746,EBAF8272-AC97-4FB2-AA39-E2D81F913755_1777_E_Helmick_St_Carson_90746,Helmick,1777 E Helmick Street St Carson 90746,,,,
5384,8831,,,,18718.0,,,South,,,Ambler,Avenue,,,,,,,,,,,,,90746.0,,Carson,Carson,,,,,Carson GIS,{E1A77BDF-5D59-45A3-A328-D0DF07CF24B0},0,,E1A77BDF-5D59-45A3-A328-D0DF07CF24B0,Unknown,,S,,,Ave,S Ambler Ave,2015/03/24 09:32:55+00,18718 S Ambler Ave Carson 90746,E1A77BDF-5D59-45A3-A328-D0DF07CF24B0_18718_S_Ambler_Ave_Carson_90746,Ambler,18718 S Ambler Avenue Ave Carson 90746,,,,
5385,8832,,,,1876.0,,,East,,,Denwall,Drive,,,,,,,,,,,,,90746.0,,Carson,Carson,,,,,Carson GIS,{36FBD6BB-3226-4770-9C93-B94B441B9674},0,,36FBD6BB-3226-4770-9C93-B94B441B9674,Unknown,,E,,,Dr,E Denwall Dr,2015/03/24 09:32:55+00,1876 E Denwall Dr Carson 90746,36FBD6BB-3226-4770-9C93-B94B441B9674_1876_E_Denwall_Dr_Carson_90746,Denwall,1876 E Denwall Drive Dr Carson 90746,,,,
5386,8833,,,,20108.0,,,South,,,Eddington,Drive,,,,,,,,,,,,,90746.0,,Carson,Carson,,,,,Carson GIS,{7B26A647-D418-4550-8D3D-3BCF39E81C2C},0,,7B26A647-D418-4550-8D3D-3BCF39E81C2C,Unknown,,S,,,Dr,S Eddington Dr,2015/03/24 09:32:55+00,20108 S Eddington Dr Carson 90746,7B26A647-D418-4550-8D3D-3BCF39E81C2C_20108_S_Eddington_Dr_Carson_90746,Eddington,20108 S Eddington Drive Dr Carson 90746,,,,
5387,8834,,,,1528.0,,,East,,,Cyrene,Drive,,,,,,,,,,,,,90746.0,,Carson,Carson,,,,,Carson GIS,{E805EA6F-079D-4C39-A91B-1D20E2106FE6},0,,E805EA6F-079D-4C39-A91B-1D20E2106FE6,Unknown,,E,,,Dr,E Cyrene Dr,2015/03/24 09:32:55+00,1528 E Cyrene Dr Carson 90746,E805EA6F-079D-4C39-A91B-1D20E2106FE6_1528_E_Cyrene_Dr_Carson_90746,Cyrene,1528 E Cyrene Drive Dr Carson 90746,,,,
5394,8843,,,,1344.0,,,East,,,Helmick,Street,,,,,,,,,,,,,90746.0,,Carson,Carson,,,,,Carson GIS,{6BCDA05B-54F1-4D5E-B56B-64AFDBAE67E9},0,,6BCDA05B-54F1-4D5E-B56B-64AFDBAE67E9,Unknown,,E,,,St,E Helmick St,2015/03/24 09:32:55+00,1344 E Helmick St Carson 90746,6BCDA05B-54F1-4D5E-B56B-64AFDBAE67E9_1344_E_Helmick_St_Carson_90746,Helmick,1344 E Helmick Street St Carson 90746,,,,
5396,8847,,,,1232.0,,,East,,,Denwall,Drive,,,,,,,,,,,,,90746.0,,Carson,Carson,,,,,Carson GIS,{1FE0919A-5EDE-4C02-AAC7-22927F0FF385},0,,1FE0919A-5EDE-4C02-AAC7-22927F0FF385,Unknown,,E,,,Dr,E Denwall Dr,2015/03/24 09:32:55+00,1232 E Denwall Dr Carson 90746,1FE0919A-5EDE-4C02-AAC7-22927F0FF385_1232_E_Denwall_Dr_Carson_90746,Denwall,1232 E Denwall Drive Dr Carson 90746,,,,
5397,8851,,,,18228.0,,,South,,,Towne,Avenue,,,,,,,,,,,,,90746.0,,Carson,Carson,,,,,Carson GIS,{2B204F10-55E2-4FF6-B429-276FECCA778B},0,,2B204F10-55E2-4FF6-B429-276FECCA778B,Unknown,,S,,,Ave,S Towne Ave,2015/03/24 09:32:55+00,18228 S Towne Ave Carson 90746,2B204F10-55E2-4FF6-B429-276FECCA778B_18228_S_Towne_Ave_Carson_90746,Towne,18228 S Towne Avenue Ave Carson 90746,,,,
5400,8860,,,,18630.0,,,South,,,Coltman,Avenue,,,,,,,,,,,,,90746.0,,Carson,Carson,,,,,Carson GIS,{75116B01-E634-45BD-8E3F-E7585C84A7D3},0,,75116B01-E634-45BD-8E3F-E7585C84A7D3,Unknown,,S,,,Ave,S Coltman Ave,2015/03/24 09:32:55+00,18630 S Coltman Ave Carson 90746,75116B01-E634-45BD-8E3F-E7585C84A7D3_18630_S_Coltman_Ave_Carson_90746,Coltman,18630 S Coltman Avenue Ave Carson 90746,,,,
5404,8864,,,,17331.0,,,South,,,Wall,Street,,,,,,,,,,,,,90746.0,,Carson,Carson,,,,,Carson GIS,{AB16D00F-F6DD-489D-9698-9B372DCAA86F},0,,AB16D00F-F6DD-489D-9698-9B372DCAA86F,Unknown,,S,,,St,S Wall St,2015/03/24 09:32:55+00,17331 S Wall St Carson 90746,AB16D00F-F6DD-489D-9698-9B372DCAA86F_17331_S_Wall_St_Carson_90746,Wall,17331 S Wall Street St Carson 90746,,,,
5405,8868,,,,312.0,,,East,,,185th,Street,,,,,,,,,,,,,90746.0,,Carson,Carson,,,,,Carson GIS,{F9FE2B2D-D7E9-4441-A0E4-1FCD51FFC39D},0,,F9FE2B2D-D7E9-4441-A0E4-1FCD51FFC39D,Unknown,,E,,,St,E 185th St,2015/03/24 09:32:55+00,312 E 185th St Carson 90746,F9FE2B2D-D7E9-4441-A0E4-1FCD51FFC39D_312_E_185th_St_Carson_90746,185th,312 E 185th Street St Carson 90746,,,,
5406,8869,,,,20223.0,,,South,,,Eddington,Drive,,,,,,,,,,,,,90746.0,,Carson,Carson,,,,,Carson GIS,{0AC16F2B-7788-4FC8-9554-76CD7E1541CD},0,,0AC16F2B-7788-4FC8-9554-76CD7E1541CD,Unknown,,S,,,Dr,S Eddington Dr,2015/03/24 09:32:55+00,20223 S Eddington Dr Carson 90746,0AC16F2B-7788-4FC8-9554-76CD7E1541CD_20223_S_Eddington_Dr_Carson_90746,Eddington,20223 S Eddington Drive Dr Carson 90746,,,,
5407,8870,,,,18101.0,,,South,,,Savarona,Way,,,,,,,,,,,,,90746.0,,Carson,Carson,,,,,Carson GIS,{C1D9D306-907B-4978-947D-7C755A1B464D},0,,C1D9D306-907B-4978-947D-7C755A1B464D,Unknown,,S,,,Wy,S Savarona Wy,2015/03/24 09:32:55+00,18101 S Savarona Wy Carson 90746,C1D9D306-907B-4978-947D-7C755A1B464D_18101_S_Savarona_Wy_Carson_90746,Savarona,18101 S Savarona Way Wy Carson 90746,,,,
5412,8879,,,,1431.0,,,East,,,Abbottson,Street,,,,,,,,,,,,,90746.0,,Carson,Carson,,,,,Carson GIS,{04D775D6-468B-4680-BB96-C99E7D86165F},0,,04D775D6-468B-4680-BB96-C99E7D86165F,Unknown,,E,,,St,E Abbottson St,2015/03/24 09:32:55+00,1431 E Abbottson St Carson 90746,04D775D6-468B-4680-BB96-C99E7D86165F_1431_E_Abbottson_St_Carson_90746,Abbottson,1431 E Abbottson Street St Carson 90746,,,,
5414,8881,,,,19722.0,,,South,,,Tillman,Avenue,,,,,,,,,,,,,90746.0,,Carson,Carson,,,,,Carson GIS,{EAE4F379-7DAB-4095-A559-85958FBB55D6},0,,EAE4F379-7DAB-4095-A559-85958FBB55D6,Unknown,,S,,,Ave,S Tillman Ave,2015/03/24 09:32:55+00,19722 S Tillman Ave Carson 90746,EAE4F379-7DAB-4095-A559-85958FBB55D6_19722_S_Tillman_Ave_Carson_90746,Tillman,19722 S Tillman Avenue Ave Carson 90746,,,,
5416,8887,,,,20202.0,,,South,,,Nestor,Avenue,,,,,,,,,,,,,90746.0,,Carson,Carson,,,,,Carson GIS,{7EB24E8B-D6EA-4A93-BCB0-E04262806B68},0,,7EB24E8B-D6EA-4A93-BCB0-E04262806B68,Unknown,,S,,,Ave,S Nestor Ave,2015/03/24 09:32:55+00,20202 S Nestor Ave Carson 90746,7EB24E8B-D6EA-4A93-BCB0-E04262806B68_20202_S_Nestor_Ave_Carson_90746,Nestor,20202 S Nestor Avenue Ave Carson 90746,,,,
5425,8903,,,,115.0,,,East,,,Star Of India,Lane,,,,,,,,,,,,,90746.0,,Carson,Carson,,,,,Carson GIS,{2C6BDBCE-1406-402B-937D-20B33EDAE558},0,,2C6BDBCE-1406-402B-937D-20B33EDAE558,Unknown,,E,,,Ln,E Star Of India Ln,2015/03/24 09:32:55+00,115 E Star Of India Ln Carson 90746,2C6BDBCE-1406-402B-937D-20B33EDAE558_115_E_Star_Of_India_Ln_Carson_90746,Star Of India,115 E Star Of India Lane Ln Carson 90746,,,,
5433,8919,,,,606.0,,,East,,,Turmont,Street,,,,,,,,,,,,,90746.0,,Carson,Carson,,,,,Carson GIS,{4F5324A2-B3BC-475F-979A-EFEB315A2690},0,,4F5324A2-B3BC-475F-979A-EFEB315A2690,Unknown,,E,,,St,E Turmont St,2015/03/24 09:32:55+00,606 E Turmont St Carson 90746,4F5324A2-B3BC-475F-979A-EFEB315A2690_606_E_Turmont_St_Carson_90746,Turmont,606 E Turmont Street St Carson 90746,,,,
5436,8922,,,,334.0,,,East,,,Victoria,Street,,,,,,,,,,,,,90746.0,,Carson,Carson,,,,,Carson GIS,{1EF8241B-8DE5-472C-8EF6-29DEA980AAF0},0,,1EF8241B-8DE5-472C-8EF6-29DEA980AAF0,Unknown,,E,,,St,E Victoria St,2015/03/24 09:32:55+00,334 E Victoria St Carson 90746,1EF8241B-8DE5-472C-8EF6-29DEA980AAF0_334_E_Victoria_St_Carson_90746,Victoria,334 E Victoria Street St Carson 90746,,,,
5438,8924,,,,1449.0,,,East,,,Fernrock,Street,,,,,,,,,,,,,90746.0,,Carson,Carson,,,,,Carson GIS,{A966A2BD-B243-4D70-B911-383633B086EE},0,,A966A2BD-B243-4D70-B911-383633B086EE,Unknown,,E,,,St,E Fernrock St,2015/03/24 09:32:55+00,1449 E Fernrock St Carson 90746,A966A2BD-B243-4D70-B911-383633B086EE_1449_E_Fernrock_St_Carson_90746,Fernrock,1449 E Fernrock Street St Carson 90746,,,,
5439,8925,,,,1442.0,,,East,,,Fernrock,Street,,,,,,,,,,,,,90746.0,,Carson,Carson,,,,,Carson GIS,{07734422-AEA0-4F5F-AA38-7D0B3DD45B6A},0,,07734422-AEA0-4F5F-AA38-7D0B3DD45B6A,Unknown,,E,,,St,E Fernrock St,2015/03/24 09:32:55+00,1442 E Fernrock St Carson 90746,07734422-AEA0-4F5F-AA38-7D0B3DD45B6A_1442_E_Fernrock_St_Carson_90746,Fernrock,1442 E Fernrock Street St Carson 90746,,,,
5448,8935,,,,245.0,,,East,,,186th,Street,,,,,,,,,,,,,90746.0,,Carson,Carson,,,,,Carson GIS,{4A9AECBD-374D-441F-9EC1-C3B3764F4B1C},0,,4A9AECBD-374D-441F-9EC1-C3B3764F4B1C,Unknown,,E,,,St,E 186th St,2015/03/24 09:32:55+00,245 E 186th St Carson 90746,4A9AECBD-374D-441F-9EC1-C3B3764F4B1C_245_E_186th_St_Carson_90746,186th,245 E 186th Street St Carson 90746,,,,
5449,8936,,,,1899.0,,,East,,,Helmick,Street,,,,,,,,,,,,,90746.0,,Carson,Carson,,,,,Carson GIS,{9CCD2829-D8E5-46E8-9CD4-2EF3EE0F7906},0,,9CCD2829-D8E5-46E8-9CD4-2EF3EE0F7906,Unknown,,E,,,St,E Helmick St,2015/03/24 09:32:55+00,1899 E Helmick St Carson 90746,9CCD2829-D8E5-46E8-9CD4-2EF3EE0F7906_1899_E_Helmick_St_Carson_90746,Helmick,1899 E Helmick Street St Carson 90746,,,,
5467,8963,,,,441.0,,,East,,,184th,Street,,,,,,,,,,,,,90746.0,,Carson,Carson,,,,,Carson GIS,{C5F81321-0336-4A4A-8B13-D4C6B7A11DFD},0,,C5F81321-0336-4A4A-8B13-D4C6B7A11DFD,Unknown,,E,,,St,E 184th St,2015/03/24 09:32:55+00,441 E 184th St Carson 90746,C5F81321-0336-4A4A-8B13-D4C6B7A11DFD_441_E_184th_St_Carson_90746,184th,441 E 184th Street St Carson 90746,,,,
5473,8976,,,,20125.0,,,South,,,Tajauta,Avenue,,,,,,,,,,,,,90746.0,,Carson,Carson,,,,,Carson GIS,{39F00FAF-A49E-4BBE-B265-86609E2324A7},0,,39F00FAF-A49E-4BBE-B265-86609E2324A7,Unknown,,S,,,Ave,S Tajauta Ave,2015/03/24 09:32:55+00,20125 S Tajauta Ave Carson 90746,39F00FAF-A49E-4BBE-B265-86609E2324A7_20125_S_Tajauta_Ave_Carson_90746,Tajauta,20125 S Tajauta Avenue Ave Carson 90746,,,,
5476,8979,,,,20221.0,,,South,,,Galway,Avenue,,,,,,,,,,,,,90746.0,,Carson,Carson,,,,,Carson GIS,{60BD7CD7-E512-424B-950C-81BB445A6976},0,,60BD7CD7-E512-424B-950C-81BB445A6976,Unknown,,S,,,Ave,S Galway Ave,2015/03/24 09:32:55+00,20221 S Galway Ave Carson 90746,60BD7CD7-E512-424B-950C-81BB445A6976_20221_S_Galway_Ave_Carson_90746,Galway,20221 S Galway Avenue Ave Carson 90746,,,,
5480,8984,,,,1103.0,,,East,,,Helmick,Street,,,,,,,,,,,,,90746.0,,Carson,Carson,,,,,Carson GIS,{909E4392-0089-4744-9766-6AEE42A7461A},0,,909E4392-0089-4744-9766-6AEE42A7461A,Unknown,,E,,,St,E Helmick St,2015/03/24 09:32:55+00,1103 E Helmick St Carson 90746,909E4392-0089-4744-9766-6AEE42A7461A_1103_E_Helmick_St_Carson_90746,Helmick,1103 E Helmick Street St Carson 90746,,,,
5489,9006,,,,20122.0,,,South,,,Belshaw,Avenue,,,,,,,,,,,,,90746.0,,Carson,Carson,,,,,Carson GIS,{26BEDBB0-C871-4DFB-835F-F9A213541E7D},0,,26BEDBB0-C871-4DFB-835F-F9A213541E7D,Unknown,,S,,,Ave,S Belshaw Ave,2015/03/24 09:32:55+00,20122 S Belshaw Ave Carson 90746,26BEDBB0-C871-4DFB-835F-F9A213541E7D_20122_S_Belshaw_Ave_Carson_90746,Belshaw,20122 S Belshaw Avenue Ave Carson 90746,,,,
5499,9025,,,,17124.0,,,South,,,Saldee,Drive,,,,,,,,,,,,,90746.0,,Carson,Carson,,,,,Carson GIS,{8172C982-C80A-496F-8AEA-0C61AA3EE7C0},0,,8172C982-C80A-496F-8AEA-0C61AA3EE7C0,Unknown,,S,,,Dr,S Saldee Dr,2015/03/24 09:32:55+00,17124 S Saldee Dr Carson 90746,8172C982-C80A-496F-8AEA-0C61AA3EE7C0_17124_S_Saldee_Dr_Carson_90746,Saldee,17124 S Saldee Drive Dr Carson 90746,,,,
5500,9026,,,,20122.0,,,South,,,Eddington,Drive,,,,,,,,,,,,,90746.0,,Carson,Carson,,,,,Carson GIS,{644F3F1E-7E04-47C5-B7F5-085D5033EFA9},0,,644F3F1E-7E04-47C5-B7F5-085D5033EFA9,Unknown,,S,,,Dr,S Eddington Dr,2015/03/24 09:32:55+00,20122 S Eddington Dr Carson 90746,644F3F1E-7E04-47C5-B7F5-085D5033EFA9_20122_S_Eddington_Dr_Carson_90746,Eddington,20122 S Eddington Drive Dr Carson 90746,,,,
5504,9030,,,,309.0,,,East,,,186th,Street,,,,,,,,,,,,,90746.0,,Carson,Carson,,,,,Carson GIS,{BD5B2AE0-4888-41EA-8A05-1CE40C060D00},0,,BD5B2AE0-4888-41EA-8A05-1CE40C060D00,Unknown,,E,,,St,E 186th St,2015/03/24 09:32:55+00,309 E 186th St Carson 90746,BD5B2AE0-4888-41EA-8A05-1CE40C060D00_309_E_186th_St_Carson_90746,186th,309 E 186th Street St Carson 90746,,,,
5530,9068,,,,402.0,,,East,,,Centerview,Drive,,,,,,,,,,,,,90746.0,,Carson,Carson,,,,,Carson GIS,{075BFBD5-98C7-46AB-A590-3FB9F6A0FB3A},0,,075BFBD5-98C7-46AB-A590-3FB9F6A0FB3A,Unknown,,E,,,Dr,E Centerview Dr,2015/03/24 09:32:55+00,402 E Centerview Dr Carson 90746,075BFBD5-98C7-46AB-A590-3FB9F6A0FB3A_402_E_Centerview_Dr_Carson_90746,Centerview,402 E Centerview Drive Dr Carson 90746,,,,
5539,9082,,,,18025.0,,,South,,,Adria Maru,Lane,,,,,,,,,,,,,90746.0,,Carson,Carson,,,,,Carson GIS,{6EEE6FD7-ABE6-4352-BF21-D0FF947D644B},0,,6EEE6FD7-ABE6-4352-BF21-D0FF947D644B,Unknown,,S,,,Ln,S Adria Maru Ln,2015/03/24 09:32:55+00,18025 S Adria Maru Ln Carson 90746,6EEE6FD7-ABE6-4352-BF21-D0FF947D644B_18025_S_Adria_Maru_Ln_Carson_90746,Adria Maru,18025 S Adria Maru Lane Ln Carson 90746,,,,
5540,9085,,,,18624.0,,,South,,,Milmore,Avenue,,,,,,,,,,,,,90746.0,,Carson,Carson,,,,,Carson GIS,{A6E8D135-7E11-4EEA-894B-EE7F5009D467},0,,A6E8D135-7E11-4EEA-894B-EE7F5009D467,Unknown,,S,,,Ave,S Milmore Ave,2015/03/24 09:32:55+00,18624 S Milmore Ave Carson 90746,A6E8D135-7E11-4EEA-894B-EE7F5009D467_18624_S_Milmore_Ave_Carson_90746,Milmore,18624 S Milmore Avenue Ave Carson 90746,,,,
5553,9105,,,,1883.0,,,East,,,Denwall,Drive,,,,,,,,,,,,,90746.0,,Carson,Carson,,,,,Carson GIS,{4E9CB55D-D613-467B-913F-FD7370F7D980},0,,4E9CB55D-D613-467B-913F-FD7370F7D980,Unknown,,E,,,Dr,E Denwall Dr,2015/03/24 09:32:55+00,1883 E Denwall Dr Carson 90746,4E9CB55D-D613-467B-913F-FD7370F7D980_1883_E_Denwall_Dr_Carson_90746,Denwall,1883 E Denwall Drive Dr Carson 90746,,,,
5561,9120,,,,402.0,,,East,,,182nd,Street,,,,,,,,,,,,,90746.0,,Carson,Carson,,,,,Carson GIS,{2020C7CB-D869-44F4-A573-E8629F8C9E17},0,,2020C7CB-D869-44F4-A573-E8629F8C9E17,Unknown,,E,,,St,E 182nd St,2015/03/24 09:32:55+00,402 E 182nd St Carson 90746,2020C7CB-D869-44F4-A573-E8629F8C9E17_402_E_182nd_St_Carson_90746,182nd,402 E 182nd Street St Carson 90746,,,,
5565,9127,,,,1623.0,,,East,,,Gladwick,Street,,,,,,,,,,,,,90746.0,,Carson,Carson,,,,,Carson GIS,{8FB83A50-5DE5-4B82-B8C0-3AB3037D9618},0,,8FB83A50-5DE5-4B82-B8C0-3AB3037D9618,Unknown,,E,,,St,E Gladwick St,2015/03/24 09:32:55+00,1623 E Gladwick St Carson 90746,8FB83A50-5DE5-4B82-B8C0-3AB3037D9618_1623_E_Gladwick_St_Carson_90746,Gladwick,1623 E Gladwick Street St Carson 90746,,,,
5572,9136,,,,1419.0,,,East,,,Helmick,Street,,,,,,,,,,,,,90746.0,,Carson,Carson,,,,,Carson GIS,{CA2D8AC4-2F48-4313-A02D-C23CFF9F5814},0,,CA2D8AC4-2F48-4313-A02D-C23CFF9F5814,Unknown,,E,,,St,E Helmick St,2015/03/24 09:32:55+00,1419 E Helmick St Carson 90746,CA2D8AC4-2F48-4313-A02D-C23CFF9F5814_1419_E_Helmick_St_Carson_90746,Helmick,1419 E Helmick Street St Carson 90746,,,,
5577,9149,,,,155.0,,,East,,,Albertoni,Street,,,,,,,,,,,,,90746.0,,Carson,Carson,,,,,Carson GIS,{E8D33AFE-C547-4CF3-8AE8-B7EAACB2EB99},0,,E8D33AFE-C547-4CF3-8AE8-B7EAACB2EB99,Unknown,,E,,,St,E Albertoni St,2015/03/24 09:32:55+00,155 E Albertoni St Carson 90746,E8D33AFE-C547-4CF3-8AE8-B7EAACB2EB99_155_E_Albertoni_St_Carson_90746,Albertoni,155 E Albertoni Street St Carson 90746,,,,
5587,9167,,,,18702.0,,,South,,,Coltman,Avenue,,,,,,,,,,,,,90746.0,,Carson,Carson,,,,,Carson GIS,{286EEE08-3D32-4AB4-A943-999BBBA02032},0,,286EEE08-3D32-4AB4-A943-999BBBA02032,Unknown,,S,,,Ave,S Coltman Ave,2015/03/24 09:32:55+00,18702 S Coltman Ave Carson 90746,286EEE08-3D32-4AB4-A943-999BBBA02032_18702_S_Coltman_Ave_Carson_90746,Coltman,18702 S Coltman Avenue Ave Carson 90746,,,,
5591,9173,,,,808.0,,,East,,,Cyrene,Street,,,,,,,,,,,,,90746.0,,Carson,Carson,,,,,Carson GIS,{A81A2A49-8227-4CA6-930F-30288F44B840},0,,A81A2A49-8227-4CA6-930F-30288F44B840,Unknown,,E,,,St,E Cyrene St,2015/03/24 09:32:55+00,808 E Cyrene St Carson 90746,A81A2A49-8227-4CA6-930F-30288F44B840_808_E_Cyrene_St_Carson_90746,Cyrene,808 E Cyrene Street St Carson 90746,,,,
5593,9176,,,,20222.0,,,South,,,Enslow,Drive,,,,,,,,,,,,,90746.0,,Carson,Carson,,,,,Carson GIS,{3D4FAF04-1934-4F56-8545-4CCF82FB7870},0,,3D4FAF04-1934-4F56-8545-4CCF82FB7870,Unknown,,S,,,Dr,S Enslow Dr,2015/03/24 09:32:55+00,20222 S Enslow Dr Carson 90746,3D4FAF04-1934-4F56-8545-4CCF82FB7870_20222_S_Enslow_Dr_Carson_90746,Enslow,20222 S Enslow Drive Dr Carson 90746,,,,
5594,9177,,,,18401.0,,,South,,,Avalon,Boulevard,,,,,,,,,,,,,90746.0,,Carson,Carson,,,,,Carson GIS,{6FF2122B-6A5C-447E-BD77-E5C5EEB7BB9D},0,,6FF2122B-6A5C-447E-BD77-E5C5EEB7BB9D,Unknown,,S,,,Blvd,S Avalon Blvd,2015/03/24 09:32:55+00,18401 S Avalon Blvd Carson 90746,6FF2122B-6A5C-447E-BD77-E5C5EEB7BB9D_18401_S_Avalon_Blvd_Carson_90746,Avalon,18401 S Avalon Boulevard Blvd Carson 90746,,,,
5606,9194,,,,124.0,,,East,,,Bilson,Street,,,,,,,,,,,,,90746.0,,Carson,Carson,,,,,Carson GIS,{864E496D-B8C6-43A1-B202-E2348A8F0766},0,,864E496D-B8C6-43A1-B202-E2348A8F0766,Unknown,,E,,,St,E Bilson St,2015/03/24 09:32:55+00,124 E Bilson St Carson 90746,864E496D-B8C6-43A1-B202-E2348A8F0766_124_E_Bilson_St_Carson_90746,Bilson,124 E Bilson Street St Carson 90746,,,,
5616,9211,,,,19917.0,,,South,,,Tillman,Avenue,,,,,,,,,,,,,90746.0,,Carson,Carson,,,,,Carson GIS,{F8CE3119-2885-438F-82A6-1138B20FC453},0,,F8CE3119-2885-438F-82A6-1138B20FC453,Unknown,,S,,,Ave,S Tillman Ave,2015/03/24 09:32:55+00,19917 S Tillman Ave Carson 90746,F8CE3119-2885-438F-82A6-1138B20FC453_19917_S_Tillman_Ave_Carson_90746,Tillman,19917 S Tillman Avenue Ave Carson 90746,,,,
5638,9251,,,,18413.0,,,South,,,Avalon,Boulevard,,,,,,,,,,,,,90746.0,,Carson,Carson,,,,,Carson GIS,{98BAAEE6-D1B2-41B6-A6F9-A8CE3C813BD5},0,,98BAAEE6-D1B2-41B6-A6F9-A8CE3C813BD5,Unknown,,S,,,Blvd,S Avalon Blvd,2015/03/24 09:32:55+00,18413 S Avalon Blvd Carson 90746,98BAAEE6-D1B2-41B6-A6F9-A8CE3C813BD5_18413_S_Avalon_Blvd_Carson_90746,Avalon,18413 S Avalon Boulevard Blvd Carson 90746,,,,
5639,9252,,,,1878.0,,,East,,,Cashdan,Street,,,,,,,,,,,,,90746.0,,Carson,Carson,,,,,Carson GIS,{02DDB0C0-139C-477B-B1A8-4763C614EB41},0,,02DDB0C0-139C-477B-B1A8-4763C614EB41,Unknown,,E,,,St,E Cashdan St,2015/03/24 09:32:55+00,1878 E Cashdan St Carson 90746,02DDB0C0-139C-477B-B1A8-4763C614EB41_1878_E_Cashdan_St_Carson_90746,Cashdan,1878 E Cashdan Street St Carson 90746,,,,
5652,9271,,,,18511.0,,,South,,,Avalon,Boulevard,,,,,,,,,,,,,90746.0,,Carson,Carson,,,,,Carson GIS,{41224B1A-673A-4F50-AEEF-4B602EECB055},0,,41224B1A-673A-4F50-AEEF-4B602EECB055,Unknown,,S,,,Blvd,S Avalon Blvd,2015/03/24 09:32:55+00,18511 S Avalon Blvd Carson 90746,41224B1A-673A-4F50-AEEF-4B602EECB055_18511_S_Avalon_Blvd_Carson_90746,Avalon,18511 S Avalon Boulevard Blvd Carson 90746,,,,
5666,9292,,,,18803.0,,,South,,,Ambler,Avenue,,,,,,,,,,,,,90746.0,,Carson,Carson,,,,,Carson GIS,{A0D8A7D0-E3E3-488D-920E-FD39755F372F},0,,A0D8A7D0-E3E3-488D-920E-FD39755F372F,Unknown,,S,,,Ave,S Ambler Ave,2015/03/24 09:32:55+00,18803 S Ambler Ave Carson 90746,A0D8A7D0-E3E3-488D-920E-FD39755F372F_18803_S_Ambler_Ave_Carson_90746,Ambler,18803 S Ambler Avenue Ave Carson 90746,,,,
5672,9302,,,,418.0,,,East,,,184th,Street,,,,,,,,,,,,,90746.0,,Carson,Carson,,,,,Carson GIS,{04EE112D-05FF-4C49-8A25-8095E8C7A782},0,,04EE112D-05FF-4C49-8A25-8095E8C7A782,Unknown,,E,,,St,E 184th St,2015/03/24 09:32:55+00,418 E 184th St Carson 90746,04EE112D-05FF-4C49-8A25-8095E8C7A782_418_E_184th_St_Carson_90746,184th,418 E 184th Street St Carson 90746,,,,
5683,9320,,,,18718.0,,,South,,,Wall,Street,,,,,,,,,,,,,90746.0,,Carson,Carson,,,,,Carson GIS,{9492EB0C-15BE-4825-809C-7E1E0C344CF0},0,,9492EB0C-15BE-4825-809C-7E1E0C344CF0,Unknown,,S,,,St,S Wall St,2015/03/24 09:32:55+00,18718 S Wall St Carson 90746,9492EB0C-15BE-4825-809C-7E1E0C344CF0_18718_S_Wall_St_Carson_90746,Wall,18718 S Wall Street St Carson 90746,,,,
5684,9321,,,,18802.0,,,South,,,Bonham,Avenue,,,,,,,,,,,,,90746.0,,Carson,Carson,,,,,Carson GIS,{9F868F5B-C378-4E24-A6D7-821222B2F574},0,,9F868F5B-C378-4E24-A6D7-821222B2F574,Unknown,,S,,,Ave,S Bonham Ave,2015/03/24 09:32:55+00,18802 S Bonham Ave Carson 90746,9F868F5B-C378-4E24-A6D7-821222B2F574_18802_S_Bonham_Ave_Carson_90746,Bonham,18802 S Bonham Avenue Ave Carson 90746,,,,
5685,9322,,,,105.0,,,East,,,Roblin,Street,,,,,,,,,,,,,90746.0,,Carson,Carson,,,,,Carson GIS,{B8831403-8BAA-4AAC-A598-13694612DBF1},0,,B8831403-8BAA-4AAC-A598-13694612DBF1,Unknown,,E,,,St,E Roblin St,2015/03/24 09:32:55+00,105 E Roblin St Carson 90746,B8831403-8BAA-4AAC-A598-13694612DBF1_105_E_Roblin_St_Carson_90746,Roblin,105 E Roblin Street St Carson 90746,,,,
5690,9336,,,,212.0,,,East,,,Star Of India,Lane,,,,,,,,,,,,,90746.0,,Carson,Carson,,,,,Carson GIS,{E7A13BEB-C012-49CE-8139-B42D3BBB4E57},0,,E7A13BEB-C012-49CE-8139-B42D3BBB4E57,Unknown,,E,,,Ln,E Star Of India Ln,2015/03/24 09:32:55+00,212 E Star Of India Ln Carson 90746,E7A13BEB-C012-49CE-8139-B42D3BBB4E57_212_E_Star_Of_India_Ln_Carson_90746,Star Of India,212 E Star Of India Lane Ln Carson 90746,,,,
5691,9337,,,,17922.0,,,South,,,Star Of India,Lane,,,,,,,,,,,,,90746.0,,Carson,Carson,,,,,Carson GIS,{A0DEF3BA-9355-4AC0-925D-DD0643317C73},0,,A0DEF3BA-9355-4AC0-925D-DD0643317C73,Unknown,,S,,,Ln,S Star Of India Ln,2015/03/24 09:32:55+00,17922 S Star Of India Ln Carson 90746,A0DEF3BA-9355-4AC0-925D-DD0643317C73_17922_S_Star_Of_India_Ln_Carson_90746,Star Of India,17922 S Star Of India Lane Ln Carson 90746,,,,
5694,9341,,,,1238.0,,,East,,,Gladwick,Street,,,,,,,,,,,,,90746.0,,Carson,Carson,,,,,Carson GIS,{8D964209-6F6E-483E-8EBE-6BAF41A19321},0,,8D964209-6F6E-483E-8EBE-6BAF41A19321,Unknown,,E,,,St,E Gladwick St,2015/03/24 09:32:55+00,1238 E Gladwick St Carson 90746,8D964209-6F6E-483E-8EBE-6BAF41A19321_1238_E_Gladwick_St_Carson_90746,Gladwick,1238 E Gladwick Street St Carson 90746,,,,
5695,9342,,,,20112.0,,,East,,,Pricetown,Avenue,,,,,,,,,,,,,90746.0,,Carson,Carson,,,,,Carson GIS,{BAE9C2CF-F1A5-42ED-B8F5-8A8C526C9E66},0,,BAE9C2CF-F1A5-42ED-B8F5-8A8C526C9E66,Unknown,,E,,,Ave,E Pricetown Ave,2015/03/24 09:32:55+00,20112 E Pricetown Ave Carson 90746,BAE9C2CF-F1A5-42ED-B8F5-8A8C526C9E66_20112_E_Pricetown_Ave_Carson_90746,Pricetown,20112 E Pricetown Avenue Ave Carson 90746,,,,
5706,9359,,,,19430.0,,,South,,,Gunlock,Avenue,,,,,,,,,,,,,90746.0,,Carson,Carson,,,,,Carson GIS,{9A320593-2B57-41C6-AA95-D0AA74FC6508},0,,9A320593-2B57-41C6-AA95-D0AA74FC6508,Unknown,,S,,,Ave,S Gunlock Ave,2015/03/24 09:32:55+00,19430 S Gunlock Ave Carson 90746,9A320593-2B57-41C6-AA95-D0AA74FC6508_19430_S_Gunlock_Ave_Carson_90746,Gunlock,19430 S Gunlock Avenue Ave Carson 90746,,,,
5707,9360,,,,1707.0,,,East,,,Gladwick,Street,,,,,,,,,,,,,90746.0,,Carson,Carson,,,,,Carson GIS,{FA7C2450-E031-427D-AD37-B3EB7283E272},0,,FA7C2450-E031-427D-AD37-B3EB7283E272,Unknown,,E,,,St,E Gladwick St,2015/03/24 09:32:55+00,1707 E Gladwick St Carson 90746,FA7C2450-E031-427D-AD37-B3EB7283E272_1707_E_Gladwick_St_Carson_90746,Gladwick,1707 E Gladwick Street St Carson 90746,,,,
5715,9379,,,,412.0,,,East,,,Victoria,Street,,,,,,,,,,,,,90746.0,,Carson,Carson,,,,,Carson GIS,{1ED7A98C-F767-4B41-9920-6AC81171F055},0,,1ED7A98C-F767-4B41-9920-6AC81171F055,Unknown,,E,,,St,E Victoria St,2015/03/24 09:32:55+00,412 E Victoria St Carson 90746,1ED7A98C-F767-4B41-9920-6AC81171F055_412_E_Victoria_St_Carson_90746,Victoria,412 E Victoria Street St Carson 90746,,,,
5724,9390,,,,18228.0,,,South,,,Crocker,Avenue,,,,,,,,,,,,,90746.0,,Carson,Carson,,,,,Carson GIS,{F541D2BE-81AB-489A-98C7-E662FA53E86C},0,,F541D2BE-81AB-489A-98C7-E662FA53E86C,Unknown,,S,,,Ave,S Crocker Ave,2015/03/24 09:32:55+00,18228 S Crocker Ave Carson 90746,F541D2BE-81AB-489A-98C7-E662FA53E86C_18228_S_Crocker_Ave_Carson_90746,Crocker,18228 S Crocker Avenue Ave Carson 90746,,,,
5743,9422,,,,1827.0,,,East,,,Abbottson,Street,,,,,,,,,,,,,90746.0,,Carson,Carson,,,,,Carson GIS,{76F06446-43A6-485C-96CE-556F0BF2F89A},0,,76F06446-43A6-485C-96CE-556F0BF2F89A,Unknown,,E,,,St,E Abbottson St,2015/03/24 09:32:55+00,1827 E Abbottson St Carson 90746,76F06446-43A6-485C-96CE-556F0BF2F89A_1827_E_Abbottson_St_Carson_90746,Abbottson,1827 E Abbottson Street St Carson 90746,,,,
5749,9430,,,,18812.0,,,South,,,Billings,Avenue,,,,,,,,,,,,,90746.0,,Carson,Carson,,,,,Carson GIS,{876AD5EB-43FA-43B4-9810-465C74D3CCED},0,,876AD5EB-43FA-43B4-9810-465C74D3CCED,Unknown,,S,,,Ave,S Billings Ave,2015/03/24 09:32:55+00,18812 S Billings Ave Carson 90746,876AD5EB-43FA-43B4-9810-465C74D3CCED_18812_S_Billings_Ave_Carson_90746,Billings,18812 S Billings Avenue Ave Carson 90746,,,,
5785,9492,,,,138.0,,,East,,,Bilson,Street,,,,,,,,,,,,,90746.0,,Carson,Carson,,,,,Carson GIS,{E740787F-EB1C-4647-8412-B67D03FD1679},0,,E740787F-EB1C-4647-8412-B67D03FD1679,Unknown,,E,,,St,E Bilson St,2015/03/24 09:32:55+00,138 E Bilson St Carson 90746,E740787F-EB1C-4647-8412-B67D03FD1679_138_E_Bilson_St_Carson_90746,Bilson,138 E Bilson Street St Carson 90746,,,,
5810,9526,,,,1002.0,,,East,,,Helmick,Street,,,,,,,,,,,,,90746.0,,Carson,Carson,,,,,Carson GIS,{BA16DD68-E761-43E4-9AB1-3C5CB2560988},0,,BA16DD68-E761-43E4-9AB1-3C5CB2560988,Unknown,,E,,,St,E Helmick St,2015/03/24 09:32:55+00,1002 E Helmick St Carson 90746,BA16DD68-E761-43E4-9AB1-3C5CB2560988_1002_E_Helmick_St_Carson_90746,Helmick,1002 E Helmick Street St Carson 90746,,,,
5814,9534,,,,350.0,,,East,,,Victoria,Street,,,,,,,,,,,,,90746.0,,Carson,Carson,,,,,Carson GIS,{7D4153B3-D643-47C6-8961-2BFD3CEE41EC},0,,7D4153B3-D643-47C6-8961-2BFD3CEE41EC,Unknown,,E,,,St,E Victoria St,2015/03/24 09:32:55+00,350 E Victoria St Carson 90746,7D4153B3-D643-47C6-8961-2BFD3CEE41EC_350_E_Victoria_St_Carson_90746,Victoria,350 E Victoria Street St Carson 90746,,,,
5831,9555,,,,994.0,,,East,,,Gladwick,Street,,,,,,,,,,,,,90746.0,,Carson,Carson,,,,,Carson GIS,{D064081D-0EFF-48A6-9130-FCACF6890936},0,,D064081D-0EFF-48A6-9130-FCACF6890936,Unknown,,E,,,St,E Gladwick St,2015/03/24 09:32:55+00,994 E Gladwick St Carson 90746,D064081D-0EFF-48A6-9130-FCACF6890936_994_E_Gladwick_St_Carson_90746,Gladwick,994 E Gladwick Street St Carson 90746,,,,
5832,9556,,,,537.0,,,East,,,Cassidy,Street,,,,,,,,,,,,,90746.0,,Carson,Carson,,,,,Carson GIS,{C92CD8CB-8EFB-4274-903D-8E7F458E4B3F},0,,C92CD8CB-8EFB-4274-903D-8E7F458E4B3F,Unknown,,E,,,St,E Cassidy St,2015/03/24 09:32:55+00,537 E Cassidy St Carson 90746,C92CD8CB-8EFB-4274-903D-8E7F458E4B3F_537_E_Cassidy_St_Carson_90746,Cassidy,537 E Cassidy Street St Carson 90746,,,,
5833,9557,,,,19426.0,,,South,,,Harlan,Avenue,,,,,,,,,,,,,90746.0,,Carson,Carson,,,,,Carson GIS,{6B59C00A-7F56-4813-B5A4-5EAD0C854984},0,,6B59C00A-7F56-4813-B5A4-5EAD0C854984,Unknown,,S,,,Ave,S Harlan Ave,2015/03/24 09:32:55+00,19426 S Harlan Ave Carson 90746,6B59C00A-7F56-4813-B5A4-5EAD0C854984_19426_S_Harlan_Ave_Carson_90746,Harlan,19426 S Harlan Avenue Ave Carson 90746,,,,
5846,9583,,,,919.0,,,East,,,Helmick,Street,,,,,,,,,,,,,90746.0,,Carson,Carson,,,,,Carson GIS,{D6F1AF56-BBF9-47CF-9E46-E8E11AC1F6C6},0,,D6F1AF56-BBF9-47CF-9E46-E8E11AC1F6C6,Unknown,,E,,,St,E Helmick St,2015/03/24 09:32:55+00,919 E Helmick St Carson 90746,D6F1AF56-BBF9-47CF-9E46-E8E11AC1F6C6_919_E_Helmick_St_Carson_90746,Helmick,919 E Helmick Street St Carson 90746,,,,
5854,9601,,,,19212.0,,,South,,,Kemp,Avenue,,,,,,,,,,,,,90746.0,,Carson,Carson,,,,,Carson GIS,{6025BA98-4036-48AB-B421-2F9DC7BBC3CF},0,,6025BA98-4036-48AB-B421-2F9DC7BBC3CF,Unknown,,S,,,Ave,S Kemp Ave,2015/03/24 09:32:55+00,19212 S Kemp Ave Carson 90746,6025BA98-4036-48AB-B421-2F9DC7BBC3CF_19212_S_Kemp_Ave_Carson_90746,Kemp,19212 S Kemp Avenue Ave Carson 90746,,,,
5855,9602,,,,17231.0,,,South,,,Bonham,Avenue,,,,,,,,,,,,,90746.0,,Carson,Carson,,,,,Carson GIS,{167FC3F1-3810-49FA-9BEC-18C74CBEF38B},0,,167FC3F1-3810-49FA-9BEC-18C74CBEF38B,Unknown,,S,,,Ave,S Bonham Ave,2015/03/24 09:32:55+00,17231 S Bonham Ave Carson 90746,167FC3F1-3810-49FA-9BEC-18C74CBEF38B_17231_S_Bonham_Ave_Carson_90746,Bonham,17231 S Bonham Avenue Ave Carson 90746,,,,
5856,9603,,,,859.0,,,East,,,Gladwick,Street,,,,,,,,,,,,,90746.0,,Carson,Carson,,,,,Carson GIS,{751EC4D1-255E-409C-A10A-68959F5D41C3},0,,751EC4D1-255E-409C-A10A-68959F5D41C3,Unknown,,E,,,St,E Gladwick St,2015/03/24 09:32:55+00,859 E Gladwick St Carson 90746,751EC4D1-255E-409C-A10A-68959F5D41C3_859_E_Gladwick_St_Carson_90746,Gladwick,859 E Gladwick Street St Carson 90746,,,,
5857,9604,,,,17019.0,,,South,,,Billings,Drive,,,,,,,,,,,,,90746.0,,Carson,Carson,,,,,Carson GIS,{D1CEFBE4-B84E-4D26-8574-4484006C1C44},0,,D1CEFBE4-B84E-4D26-8574-4484006C1C44,Unknown,,S,,,Dr,S Billings Dr,2015/03/24 09:32:55+00,17019 S Billings Dr Carson 90746,D1CEFBE4-B84E-4D26-8574-4484006C1C44_17019_S_Billings_Dr_Carson_90746,Billings,17019 S Billings Drive Dr Carson 90746,,,,
5859,9607,,,,20815.0,,,South,,,Belshaw,Avenue,,,,,,,,,,,,,90746.0,,Carson,Carson,,,,,Carson GIS,{DF21972B-FE76-4301-BE11-8AAA25AAFD87},0,,DF21972B-FE76-4301-BE11-8AAA25AAFD87,Unknown,,S,,,Ave,S Belshaw Ave,2015/03/24 09:32:55+00,20815 S Belshaw Ave Carson 90746,DF21972B-FE76-4301-BE11-8AAA25AAFD87_20815_S_Belshaw_Ave_Carson_90746,Belshaw,20815 S Belshaw Avenue Ave Carson 90746,,,,
5866,9621,,,,532.0,,,East,,,Cassidy,Street,,,,,,,,,,,,,90746.0,,Carson,Carson,,,,,Carson GIS,{0044BDF8-B2E1-4AC9-AFE2-5FCD8E39F7D1},0,,0044BDF8-B2E1-4AC9-AFE2-5FCD8E39F7D1,Unknown,,E,,,St,E Cassidy St,2015/03/24 09:32:55+00,532 E Cassidy St Carson 90746,0044BDF8-B2E1-4AC9-AFE2-5FCD8E39F7D1_532_E_Cassidy_St_Carson_90746,Cassidy,532 E Cassidy Street St Carson 90746,,,,
5877,9642,,,,217.0,,,East,,,Star Of India,Lane,,,,,,,,,,,,,90746.0,,Carson,Carson,,,,,Carson GIS,{E7246A0C-C436-43BC-9493-EB9E8EAB8D5C},0,,E7246A0C-C436-43BC-9493-EB9E8EAB8D5C,Unknown,,E,,,Ln,E Star Of India Ln,2015/03/24 09:32:55+00,217 E Star Of India Ln Carson 90746,E7246A0C-C436-43BC-9493-EB9E8EAB8D5C_217_E_Star_Of_India_Ln_Carson_90746,Star Of India,217 E Star Of India Lane Ln Carson 90746,,,,
5878,9650,,,,1868.0,,,East,,,Turmont,Street,,,,,,,,,,,,,90746.0,,Carson,Carson,,,,,Carson GIS,{389DC608-C056-43A7-A754-7E7C09EEC81D},0,,389DC608-C056-43A7-A754-7E7C09EEC81D,Unknown,,E,,,St,E Turmont St,2015/03/24 09:32:55+00,1868 E Turmont St Carson 90746,389DC608-C056-43A7-A754-7E7C09EEC81D_1868_E_Turmont_St_Carson_90746,Turmont,1868 E Turmont Street St Carson 90746,,,,
5879,9652,,,,18409.0,,,South,,,Avalon,Boulevard,,,,,,,,,,,,,90746.0,,Carson,Carson,,,,,Carson GIS,{FBBDC54D-98AA-4C6F-B614-D6E6667F2C71},0,,FBBDC54D-98AA-4C6F-B614-D6E6667F2C71,Unknown,,S,,,Blvd,S Avalon Blvd,2015/03/24 09:32:55+00,18409 S Avalon Blvd Carson 90746,FBBDC54D-98AA-4C6F-B614-D6E6667F2C71_18409_S_Avalon_Blvd_Carson_90746,Avalon,18409 S Avalon Boulevard Blvd Carson 90746,,,,
5882,9658,,,,1436.0,,,East,,,Turmont,Street,,,,,,,,,,,,,90746.0,,Carson,Carson,,,,,Carson GIS,{06639E87-54FB-46E5-A17F-8B9E190FB554},0,,06639E87-54FB-46E5-A17F-8B9E190FB554,Unknown,,E,,,St,E Turmont St,2015/03/24 09:32:55+00,1436 E Turmont St Carson 90746,06639E87-54FB-46E5-A17F-8B9E190FB554_1436_E_Turmont_St_Carson_90746,Turmont,1436 E Turmont Street St Carson 90746,,,,
5896,9678,,,,20015.0,,,South,,,Tajauta,Avenue,,,,,,,,,,,,,90746.0,,Carson,Carson,,,,,Carson GIS,{42620A91-5D59-4CC6-B6FF-FAE286470E25},0,,42620A91-5D59-4CC6-B6FF-FAE286470E25,Unknown,,S,,,Ave,S Tajauta Ave,2015/03/24 09:32:55+00,20015 S Tajauta Ave Carson 90746,42620A91-5D59-4CC6-B6FF-FAE286470E25_20015_S_Tajauta_Ave_Carson_90746,Tajauta,20015 S Tajauta Avenue Ave Carson 90746,,,,
5922,9711,,,,20033.0,,,South,,,Eddington,Drive,,,,,,,,,,,,,90746.0,,Carson,Carson,,,,,Carson GIS,{ABD25899-1A43-43F9-921A-B3A466AF2E71},0,,ABD25899-1A43-43F9-921A-B3A466AF2E71,Unknown,,S,,,Dr,S Eddington Dr,2015/03/24 09:32:55+00,20033 S Eddington Dr Carson 90746,ABD25899-1A43-43F9-921A-B3A466AF2E71_20033_S_Eddington_Dr_Carson_90746,Eddington,20033 S Eddington Drive Dr Carson 90746,,,,
5928,9720,,,,18235.0,,,South,,,Ambler,Avenue,,,,,,,,,,,,,90746.0,,Carson,Carson,,,,,Carson GIS,{2C61F498-0AF0-4000-A8D2-70710E4CA9DB},0,,2C61F498-0AF0-4000-A8D2-70710E4CA9DB,Unknown,,S,,,Ave,S Ambler Ave,2015/03/24 09:32:55+00,18235 S Ambler Ave Carson 90746,2C61F498-0AF0-4000-A8D2-70710E4CA9DB_18235_S_Ambler_Ave_Carson_90746,Ambler,18235 S Ambler Avenue Ave Carson 90746,,,,
5929,9722,,,,20019.0,,,South,,,Nestor,Avenue,,,,,,,,,,,,,90746.0,,Carson,Carson,,,,,Carson GIS,{5438A611-2028-41CF-BCAC-5D150DF0F17E},0,,5438A611-2028-41CF-BCAC-5D150DF0F17E,Unknown,,S,,,Ave,S Nestor Ave,2015/03/24 09:32:55+00,20019 S Nestor Ave Carson 90746,5438A611-2028-41CF-BCAC-5D150DF0F17E_20019_S_Nestor_Ave_Carson_90746,Nestor,20019 S Nestor Avenue Ave Carson 90746,,,,
5936,9733,,,,885.0,,,East,,,Gladwick,Street,,,,,,,,,,,,,90746.0,,Carson,Carson,,,,,Carson GIS,{711573DD-AD5B-4DA4-9D88-36CF87C581E4},0,,711573DD-AD5B-4DA4-9D88-36CF87C581E4,Unknown,,E,,,St,E Gladwick St,2015/03/24 09:32:55+00,885 E Gladwick St Carson 90746,711573DD-AD5B-4DA4-9D88-36CF87C581E4_885_E_Gladwick_St_Carson_90746,Gladwick,885 E Gladwick Street St Carson 90746,,,,
5952,9755,,,,1123.0,,,East,,,Helmick,Street,,,,,,,,,,,,,90746.0,,Carson,Carson,,,,,Carson GIS,{EE8D7DED-F1F4-4F73-A637-FBBB91D245B7},0,,EE8D7DED-F1F4-4F73-A637-FBBB91D245B7,Unknown,,E,,,St,E Helmick St,2015/03/24 09:32:55+00,1123 E Helmick St Carson 90746,EE8D7DED-F1F4-4F73-A637-FBBB91D245B7_1123_E_Helmick_St_Carson_90746,Helmick,1123 E Helmick Street St Carson 90746,,,,
5953,9757,,,,1149.0,,,East,,,Gladwick,Street,,,,,,,,,,,,,90746.0,,Carson,Carson,,,,,Carson GIS,{7330DBAA-0206-4291-8999-12F1F90ACFED},0,,7330DBAA-0206-4291-8999-12F1F90ACFED,Unknown,,E,,,St,E Gladwick St,2015/03/24 09:32:55+00,1149 E Gladwick St Carson 90746,7330DBAA-0206-4291-8999-12F1F90ACFED_1149_E_Gladwick_St_Carson_90746,Gladwick,1149 E Gladwick Street St Carson 90746,,,,
5954,9758,,,,20211.0,,,South,,,Galway,Avenue,,,,,,,,,,,,,90746.0,,Carson,Carson,,,,,Carson GIS,{DA9328D6-A420-4373-8C06-05172C1AC045},0,,DA9328D6-A420-4373-8C06-05172C1AC045,Unknown,,S,,,Ave,S Galway Ave,2015/03/24 09:32:55+00,20211 S Galway Ave Carson 90746,DA9328D6-A420-4373-8C06-05172C1AC045_20211_S_Galway_Ave_Carson_90746,Galway,20211 S Galway Avenue Ave Carson 90746,,,,
5955,9759,,,,1544.0,,,East,,,Gladwick,Street,,,,,,,,,,,,,90746.0,,Carson,Carson,,,,,Carson GIS,{CDB49D8D-20E4-4E85-8940-E77CDA13E972},0,,CDB49D8D-20E4-4E85-8940-E77CDA13E972,Unknown,,E,,,St,E Gladwick St,2015/03/24 09:32:55+00,1544 E Gladwick St Carson 90746,CDB49D8D-20E4-4E85-8940-E77CDA13E972_1544_E_Gladwick_St_Carson_90746,Gladwick,1544 E Gladwick Street St Carson 90746,,,,
5985,9799,,,,20326.0,,,South,,,Gomero,Circle,,,,,,,,,,,,,90746.0,,Carson,Carson,,,,,Carson GIS,{5A999889-CE31-4303-9D1F-BCB4CF6D961E},0,,5A999889-CE31-4303-9D1F-BCB4CF6D961E,Unknown,,S,,,Cir,S Gomero Cir,2015/03/24 09:32:55+00,20326 S Gomero Cir Carson 90746,5A999889-CE31-4303-9D1F-BCB4CF6D961E_20326_S_Gomero_Cir_Carson_90746,Gomero,20326 S Gomero Circle Cir Carson 90746,,,,
5999,9822,,,,897.0,,,East,,,Gladwick,Street,,,,,,,,,,,,,90746.0,,Carson,Carson,,,,,Carson GIS,{5E691B6D-715F-4FCD-A7F9-36B2E3CF60DA},0,,5E691B6D-715F-4FCD-A7F9-36B2E3CF60DA,Unknown,,E,,,St,E Gladwick St,2015/03/24 09:32:55+00,897 E Gladwick St Carson 90746,5E691B6D-715F-4FCD-A7F9-36B2E3CF60DA_897_E_Gladwick_St_Carson_90746,Gladwick,897 E Gladwick Street St Carson 90746,,,,
6002,9825,,,,1432.0,,,East,,,Turmont,Street,,,,,,,,,,,,,90746.0,,Carson,Carson,,,,,Carson GIS,{2A039596-BCEA-41A4-ADFA-C17108454482},0,,2A039596-BCEA-41A4-ADFA-C17108454482,Unknown,,E,,,St,E Turmont St,2015/03/24 09:32:55+00,1432 E Turmont St Carson 90746,2A039596-BCEA-41A4-ADFA-C17108454482_1432_E_Turmont_St_Carson_90746,Turmont,1432 E Turmont Street St Carson 90746,,,,
6029,9866,,,,20320.0,,,South,,,Caron,Circle,,,,,,,,,,,,,90746.0,,Carson,Carson,,,,,Carson GIS,{10015B18-E2B9-4EF0-9C5F-1FB8717A3C62},0,,10015B18-E2B9-4EF0-9C5F-1FB8717A3C62,Unknown,,S,,,Cir,S Caron Cir,2015/03/24 09:32:55+00,20320 S Caron Cir Carson 90746,10015B18-E2B9-4EF0-9C5F-1FB8717A3C62_20320_S_Caron_Cir_Carson_90746,Caron,20320 S Caron Circle Cir Carson 90746,,,,
6040,9883,,,,832.0,,,East,,,Denwall,Drive,,,,,,,,,,,,,90746.0,,Carson,Carson,,,,,Carson GIS,{E55E71A9-EA0E-4A2F-A1B1-3262F8E5306D},0,,E55E71A9-EA0E-4A2F-A1B1-3262F8E5306D,Unknown,,E,,,Dr,E Denwall Dr,2015/03/24 09:32:55+00,832 E Denwall Dr Carson 90746,E55E71A9-EA0E-4A2F-A1B1-3262F8E5306D_832_E_Denwall_Dr_Carson_90746,Denwall,832 E Denwall Drive Dr Carson 90746,,,,
6043,9890,,,,963.0,,,East,,,Gladwick,Street,,,,,,,,,,,,,90746.0,,Carson,Carson,,,,,Carson GIS,{994F43EE-C298-466C-A22F-DF1790FCFEF3},0,,994F43EE-C298-466C-A22F-DF1790FCFEF3,Unknown,,E,,,St,E Gladwick St,2015/03/24 09:32:55+00,963 E Gladwick St Carson 90746,994F43EE-C298-466C-A22F-DF1790FCFEF3_963_E_Gladwick_St_Carson_90746,Gladwick,963 E Gladwick Street St Carson 90746,,,,
6052,9915,,,,20003.0,,,South,,,Scobey,Avenue,,,,,,,,,,,,,90746.0,,Carson,Carson,,,,,Carson GIS,{A430C27E-2A34-44DA-A930-D55679DAD81E},0,,A430C27E-2A34-44DA-A930-D55679DAD81E,Unknown,,S,,,Ave,S Scobey Ave,2015/03/24 09:32:55+00,20003 S Scobey Ave Carson 90746,A430C27E-2A34-44DA-A930-D55679DAD81E_20003_S_Scobey_Ave_Carson_90746,Scobey,20003 S Scobey Avenue Ave Carson 90746,,,,
6053,9918,,,,19102.0,,,South,,,Cliveden,Avenue,,,,,,,,,,,,,90746.0,,Carson,Carson,,,,,Carson GIS,{F372DDCD-BFB6-47C4-A58C-633491A2103C},0,,F372DDCD-BFB6-47C4-A58C-633491A2103C,Unknown,,S,,,Ave,S Cliveden Ave,2015/03/24 09:32:55+00,19102 S Cliveden Ave Carson 90746,F372DDCD-BFB6-47C4-A58C-633491A2103C_19102_S_Cliveden_Ave_Carson_90746,Cliveden,19102 S Cliveden Avenue Ave Carson 90746,,,,
6055,9923,,,,19720.0,,,South,,,Harlan,Avenue,,,,,,,,,,,,,90746.0,,Carson,Carson,,,,,Carson GIS,{76B6353F-F969-4164-85DC-B9EB1922379C},0,,76B6353F-F969-4164-85DC-B9EB1922379C,Unknown,,S,,,Ave,S Harlan Ave,2015/03/24 09:32:55+00,19720 S Harlan Ave Carson 90746,76B6353F-F969-4164-85DC-B9EB1922379C_19720_S_Harlan_Ave_Carson_90746,Harlan,19720 S Harlan Avenue Ave Carson 90746,,,,
6072,9949,,,,20008.0,,,East,,,Pricetown,Avenue,,,,,,,,,,,,,90746.0,,Carson,Carson,,,,,Carson GIS,{0E7B19EA-DD08-40E7-89A0-6FEB2B95AEF3},0,,0E7B19EA-DD08-40E7-89A0-6FEB2B95AEF3,Unknown,,E,,,Ave,E Pricetown Ave,2015/03/24 09:32:55+00,20008 E Pricetown Ave Carson 90746,0E7B19EA-DD08-40E7-89A0-6FEB2B95AEF3_20008_E_Pricetown_Ave_Carson_90746,Pricetown,20008 E Pricetown Avenue Ave Carson 90746,,,,
6074,9954,,,,17335.0,,,South,,,Wall,Street,,,,,,,,,,,,,90746.0,,Carson,Carson,,,,,Carson GIS,{79CD4EE9-88D7-488D-9327-20AA432E96B9},0,,79CD4EE9-88D7-488D-9327-20AA432E96B9,Unknown,,S,,,St,S Wall St,2015/03/24 09:32:55+00,17335 S Wall St Carson 90746,79CD4EE9-88D7-488D-9327-20AA432E96B9_17335_S_Wall_St_Carson_90746,Wall,17335 S Wall Street St Carson 90746,,,,
6084,9971,,,,18020.0,,,South,,,Cairo,Avenue,,,,,,,,,,,,,90746.0,,Carson,Carson,,,,,Carson GIS,{8C49C5EC-18B1-4C9F-B8A0-E7764B0AD6D3},0,,8C49C5EC-18B1-4C9F-B8A0-E7764B0AD6D3,Unknown,,S,,,Ave,S Cairo Ave,2015/03/24 09:32:55+00,18020 S Cairo Ave Carson 90746,8C49C5EC-18B1-4C9F-B8A0-E7764B0AD6D3_18020_S_Cairo_Ave_Carson_90746,Cairo,18020 S Cairo Avenue Ave Carson 90746,,,,
6085,9972,,,,444.0,,,East,,,Sherman,Drive,,,,,,,,,,,,,90746.0,,Carson,Carson,,,,,Carson GIS,{1570B56F-35E0-4720-9E36-421677444B1F},0,,1570B56F-35E0-4720-9E36-421677444B1F,Unknown,,E,,,Dr,E Sherman Dr,2015/03/24 09:32:55+00,444 E Sherman Dr Carson 90746,1570B56F-35E0-4720-9E36-421677444B1F_444_E_Sherman_Dr_Carson_90746,Sherman,444 E Sherman Drive Dr Carson 90746,,,,
6090,9981,,,,1858.0,,,East,,,Calstock,Street,,,,,,,,,,,,,90746.0,,Carson,Carson,,,,,Carson GIS,{D2B693AC-F4D2-4BA4-BD0F-66176FC7A314},0,,D2B693AC-F4D2-4BA4-BD0F-66176FC7A314,Unknown,,E,,,St,E Calstock St,2015/03/24 09:32:55+00,1858 E Calstock St Carson 90746,D2B693AC-F4D2-4BA4-BD0F-66176FC7A314_1858_E_Calstock_St_Carson_90746,Calstock,1858 E Calstock Street St Carson 90746,,,,
6091,9982,,,,18634.0,,,South,,,Coltman,Avenue,,,,,,,,,,,,,90746.0,,Carson,Carson,,,,,Carson GIS,{E28F4B06-32B7-49F0-BF16-BC03E7CBE21A},0,,E28F4B06-32B7-49F0-BF16-BC03E7CBE21A,Unknown,,S,,,Ave,S Coltman Ave,2015/03/24 09:32:55+00,18634 S Coltman Ave Carson 90746,E28F4B06-32B7-49F0-BF16-BC03E7CBE21A_18634_S_Coltman_Ave_Carson_90746,Coltman,18634 S Coltman Avenue Ave Carson 90746,,,,
6118,10033,,,,18429.0,,,South,,,Avalon,Boulevard,,,,,,,,,,,,,90746.0,,Carson,Carson,,,,,Carson GIS,{3D53281B-3AA8-4AAE-BA94-3AD5088C1BDA},0,,3D53281B-3AA8-4AAE-BA94-3AD5088C1BDA,Unknown,,S,,,Blvd,S Avalon Blvd,2015/03/24 09:32:55+00,18429 S Avalon Blvd Carson 90746,3D53281B-3AA8-4AAE-BA94-3AD5088C1BDA_18429_S_Avalon_Blvd_Carson_90746,Avalon,18429 S Avalon Boulevard Blvd Carson 90746,,,,
6123,10047,,,,19303.0,,,South,,,Gunlock,Avenue,,,,,,,,,,,,,90746.0,,Carson,Carson,,,,,Carson GIS,{411E403B-BF6B-4E1F-9923-A3C0D5DD4C49},0,,411E403B-BF6B-4E1F-9923-A3C0D5DD4C49,Unknown,,S,,,Ave,S Gunlock Ave,2015/03/24 09:32:55+00,19303 S Gunlock Ave Carson 90746,411E403B-BF6B-4E1F-9923-A3C0D5DD4C49_19303_S_Gunlock_Ave_Carson_90746,Gunlock,19303 S Gunlock Avenue Ave Carson 90746,,,,
6133,10061,,,,863.0,,,East,,,Gladwick,Street,,,,,,,,,,,,,90746.0,,Carson,Carson,,,,,Carson GIS,{A2F8B46B-BEDF-4A85-B948-43A994E2C66C},0,,A2F8B46B-BEDF-4A85-B948-43A994E2C66C,Unknown,,E,,,St,E Gladwick St,2015/03/24 09:32:55+00,863 E Gladwick St Carson 90746,A2F8B46B-BEDF-4A85-B948-43A994E2C66C_863_E_Gladwick_St_Carson_90746,Gladwick,863 E Gladwick Street St Carson 90746,,,,
6134,10062,,,,1024.0,,,East,,,Helmick,Street,,,,,,,,,,,,,90746.0,,Carson,Carson,,,,,Carson GIS,{AC3CD3F8-F4B9-46DE-9EF4-146D8FD99557},0,,AC3CD3F8-F4B9-46DE-9EF4-146D8FD99557,Unknown,,E,,,St,E Helmick St,2015/03/24 09:32:55+00,1024 E Helmick St Carson 90746,AC3CD3F8-F4B9-46DE-9EF4-146D8FD99557_1024_E_Helmick_St_Carson_90746,Helmick,1024 E Helmick Street St Carson 90746,,,,
6150,10096,,,,18718.0,,,South,,,Towne,Avenue,,,,,,,,,,,,,90746.0,,Carson,Carson,,,,,Carson GIS,{0B3A07A3-2557-4595-80C9-F92319790A22},0,,0B3A07A3-2557-4595-80C9-F92319790A22,Unknown,,S,,,Ave,S Towne Ave,2015/03/24 09:32:55+00,18718 S Towne Ave Carson 90746,0B3A07A3-2557-4595-80C9-F92319790A22_18718_S_Towne_Ave_Carson_90746,Towne,18718 S Towne Avenue Ave Carson 90746,,,,
6202,10170,,,,18718.0,,,South,,,Bonham,Avenue,,,,,,,,,,,,,90746.0,,Carson,Carson,,,,,Carson GIS,{57544469-834E-4E21-9B31-68CF5E2C953E},0,,57544469-834E-4E21-9B31-68CF5E2C953E,Unknown,,S,,,Ave,S Bonham Ave,2015/03/24 09:32:55+00,18718 S Bonham Ave Carson 90746,57544469-834E-4E21-9B31-68CF5E2C953E_18718_S_Bonham_Ave_Carson_90746,Bonham,18718 S Bonham Avenue Ave Carson 90746,,,,
6210,10184,,,,863.0,,,East,,,Helmick,Street,,,,,,,,,,,,,90746.0,,Carson,Carson,,,,,Carson GIS,{8396410F-E73A-40AC-BC26-4F95D3AED626},0,,8396410F-E73A-40AC-BC26-4F95D3AED626,Unknown,,E,,,St,E Helmick St,2015/03/24 09:32:55+00,863 E Helmick St Carson 90746,8396410F-E73A-40AC-BC26-4F95D3AED626_863_E_Helmick_St_Carson_90746,Helmick,863 E Helmick Street St Carson 90746,,,,
6211,10185,,,,18819.0,,,South,,,Crocker,Avenue,,,,,,,,,,,,,90746.0,,Carson,Carson,,,,,Carson GIS,{2BB828C9-DC80-442F-8AC0-7BCCB9034E8A},0,,2BB828C9-DC80-442F-8AC0-7BCCB9034E8A,Unknown,,S,,,Ave,S Crocker Ave,2015/03/24 09:32:55+00,18819 S Crocker Ave Carson 90746,2BB828C9-DC80-442F-8AC0-7BCCB9034E8A_18819_S_Crocker_Ave_Carson_90746,Crocker,18819 S Crocker Avenue Ave Carson 90746,,,,
6215,10190,,,,19412.0,,,South,,,Gunlock,Avenue,,,,,,,,,,,,,90746.0,,Carson,Carson,,,,,Carson GIS,{0E9921E8-82F6-435F-8F3F-0CE154B76BF5},0,,0E9921E8-82F6-435F-8F3F-0CE154B76BF5,Unknown,,S,,,Ave,S Gunlock Ave,2015/03/24 09:32:55+00,19412 S Gunlock Ave Carson 90746,0E9921E8-82F6-435F-8F3F-0CE154B76BF5_19412_S_Gunlock_Ave_Carson_90746,Gunlock,19412 S Gunlock Avenue Ave Carson 90746,,,,
6219,10199,,,,17230.0,,,South,,,Ambler,Avenue,,,,,,,,,,,,,90746.0,,Carson,Carson,,,,,Carson GIS,{5E9F8B83-7D2E-4551-B552-67048B505E72},0,,5E9F8B83-7D2E-4551-B552-67048B505E72,Unknown,,S,,,Ave,S Ambler Ave,2015/03/24 09:32:55+00,17230 S Ambler Ave Carson 90746,5E9F8B83-7D2E-4551-B552-67048B505E72_17230_S_Ambler_Ave_Carson_90746,Ambler,17230 S Ambler Avenue Ave Carson 90746,,,,
6227,10213,,,,20108.0,,,South,,,Tillman,Avenue,,,,,,,,,,,,,90746.0,,Carson,Carson,,,,,Carson GIS,{1A4431DB-8C6E-4C96-A519-CFFB2A41B4FF},0,,1A4431DB-8C6E-4C96-A519-CFFB2A41B4FF,Unknown,,S,,,Ave,S Tillman Ave,2015/03/24 09:32:55+00,20108 S Tillman Ave Carson 90746,1A4431DB-8C6E-4C96-A519-CFFB2A41B4FF_20108_S_Tillman_Ave_Carson_90746,Tillman,20108 S Tillman Avenue Ave Carson 90746,,,,
6228,10214,,,,19416.0,,,South,,,Kemp,Avenue,,,,,,,,,,,,,90746.0,,Carson,Carson,,,,,Carson GIS,{92BC3971-95F3-427A-8684-402057A101D6},0,,92BC3971-95F3-427A-8684-402057A101D6,Unknown,,S,,,Ave,S Kemp Ave,2015/03/24 09:32:55+00,19416 S Kemp Ave Carson 90746,92BC3971-95F3-427A-8684-402057A101D6_19416_S_Kemp_Ave_Carson_90746,Kemp,19416 S Kemp Avenue Ave Carson 90746,,,,
6233,10220,,,,17925.0,,,South,,,Adria Maru,Lane,,,,,,,,,,,,,90746.0,,Carson,Carson,,,,,Carson GIS,{72530558-CBE5-42CC-AD26-87D50CCD7448},0,,72530558-CBE5-42CC-AD26-87D50CCD7448,Unknown,,S,,,Ln,S Adria Maru Ln,2015/03/24 09:32:55+00,17925 S Adria Maru Ln Carson 90746,72530558-CBE5-42CC-AD26-87D50CCD7448_17925_S_Adria_Maru_Ln_Carson_90746,Adria Maru,17925 S Adria Maru Lane Ln Carson 90746,,,,
6236,10226,,,,1227.0,,,East,,,Denwall,Drive,,,,,,,,,,,,,90746.0,,Carson,Carson,,,,,Carson GIS,{D98526DC-8701-4F8A-B6FA-34A0B6AC9CDB},0,,D98526DC-8701-4F8A-B6FA-34A0B6AC9CDB,Unknown,,E,,,Dr,E Denwall Dr,2015/03/24 09:32:55+00,1227 E Denwall Dr Carson 90746,D98526DC-8701-4F8A-B6FA-34A0B6AC9CDB_1227_E_Denwall_Dr_Carson_90746,Denwall,1227 E Denwall Drive Dr Carson 90746,,,,
6240,10231,,,,19222.0,,,South,,,Broadacres,Avenue,,,,,,,,,,,,,90746.0,,Carson,Carson,,,,,Carson GIS,{68AF54BF-B384-46C4-9A91-E0D3F2FC732A},0,,68AF54BF-B384-46C4-9A91-E0D3F2FC732A,Unknown,,S,,,Ave,S Broadacres Ave,2015/03/24 09:32:55+00,19222 S Broadacres Ave Carson 90746,68AF54BF-B384-46C4-9A91-E0D3F2FC732A_19222_S_Broadacres_Ave_Carson_90746,Broadacres,19222 S Broadacres Avenue Ave Carson 90746,,,,
6243,10237,,,,314.0,,,East,,,189th,Street,,,,,,,,,,,,,90746.0,,Carson,Carson,,,,,Carson GIS,{EB819B36-8AF7-4516-874F-180D7F4DF2E7},0,,EB819B36-8AF7-4516-874F-180D7F4DF2E7,Unknown,,E,,,St,E 189th St,2015/03/24 09:32:55+00,314 E 189th St Carson 90746,EB819B36-8AF7-4516-874F-180D7F4DF2E7_314_E_189th_St_Carson_90746,189th,314 E 189th Street St Carson 90746,,,,
6244,10238,,,,1806.0,,,East,,,Gladwick,Street,,,,,,,,,,,,,90746.0,,Carson,Carson,,,,,Carson GIS,{00523D10-1CB1-4F74-B213-F39F08DF30F3},0,,00523D10-1CB1-4F74-B213-F39F08DF30F3,Unknown,,E,,,St,E Gladwick St,2015/03/24 09:32:55+00,1806 E Gladwick St Carson 90746,00523D10-1CB1-4F74-B213-F39F08DF30F3_1806_E_Gladwick_St_Carson_90746,Gladwick,1806 E Gladwick Street St Carson 90746,,,,
6248,10244,,,,18812.0,,,South,,,Bonham,Avenue,,,,,,,,,,,,,90746.0,,Carson,Carson,,,,,Carson GIS,{259C7172-27D6-416A-8650-47260C804042},0,,259C7172-27D6-416A-8650-47260C804042,Unknown,,S,,,Ave,S Bonham Ave,2015/03/24 09:32:55+00,18812 S Bonham Ave Carson 90746,259C7172-27D6-416A-8650-47260C804042_18812_S_Bonham_Ave_Carson_90746,Bonham,18812 S Bonham Avenue Ave Carson 90746,,,,
6256,10260,,,,553.0,,,East,,,Cheriton,Drive,,,,,,,,,,,,,90746.0,,Carson,Carson,,,,,Carson GIS,{CC6FFBE7-4B45-425D-BEB6-C125606E6558},0,,CC6FFBE7-4B45-425D-BEB6-C125606E6558,Unknown,,E,,,Dr,E Cheriton Dr,2015/03/24 09:32:55+00,553 E Cheriton Dr Carson 90746,CC6FFBE7-4B45-425D-BEB6-C125606E6558_553_E_Cheriton_Dr_Carson_90746,Cheriton,553 E Cheriton Drive Dr Carson 90746,,,,
6258,10264,,,,20119.0,,,South,,,Annalee,Avenue,,,,,,,,,,,,,90746.0,,Carson,Carson,,,,,Carson GIS,{A6DA2FBB-122B-49C5-89FC-228BE1942D70},0,,A6DA2FBB-122B-49C5-89FC-228BE1942D70,Unknown,,S,,,Ave,S Annalee Ave,2015/03/24 09:32:55+00,20119 S Annalee Ave Carson 90746,A6DA2FBB-122B-49C5-89FC-228BE1942D70_20119_S_Annalee_Ave_Carson_90746,Annalee,20119 S Annalee Avenue Ave Carson 90746,,,,
6259,10265,,,,20531.0,,,South,,,Belshaw,Avenue,,,,,,,,,,,,,90746.0,,Carson,Carson,,,,,Carson GIS,{8B1E8A12-724F-4579-BE40-392A2E614B08},0,,8B1E8A12-724F-4579-BE40-392A2E614B08,Unknown,,S,,,Ave,S Belshaw Ave,2015/03/24 09:32:55+00,20531 S Belshaw Ave Carson 90746,8B1E8A12-724F-4579-BE40-392A2E614B08_20531_S_Belshaw_Ave_Carson_90746,Belshaw,20531 S Belshaw Avenue Ave Carson 90746,,,,
6262,10269,,,,18625.0,,,South,,,Mettler,Avenue,,,,,,,,,,,,,90746.0,,Carson,Carson,,,,,Carson GIS,{A54A5CE0-C989-4017-83EE-454C8974D95E},0,,A54A5CE0-C989-4017-83EE-454C8974D95E,Unknown,,S,,,Ave,S Mettler Ave,2015/03/24 09:32:55+00,18625 S Mettler Ave Carson 90746,A54A5CE0-C989-4017-83EE-454C8974D95E_18625_S_Mettler_Ave_Carson_90746,Mettler,18625 S Mettler Avenue Ave Carson 90746,,,,
6263,10270,,,,20019.0,,,South,,,Annalee,Avenue,,,,,,,,,,,,,90746.0,,Carson,Carson,,,,,Carson GIS,{D9FB9C5D-2754-4C44-9DB0-85675C9030C1},0,,D9FB9C5D-2754-4C44-9DB0-85675C9030C1,Unknown,,S,,,Ave,S Annalee Ave,2015/03/24 09:32:55+00,20019 S Annalee Ave Carson 90746,D9FB9C5D-2754-4C44-9DB0-85675C9030C1_20019_S_Annalee_Ave_Carson_90746,Annalee,20019 S Annalee Avenue Ave Carson 90746,,,,
6264,10275,,,,20202.0,,,South,,,Campaign,Drive,,,,,,,,,,,,,90746.0,,Carson,Carson,,,,,Carson GIS,{85E701DD-77A7-4B53-A44A-6B37E3F30F36},0,,85E701DD-77A7-4B53-A44A-6B37E3F30F36,Unknown,,S,,,Dr,S Campaign Dr,2015/03/24 09:32:55+00,20202 S Campaign Dr Carson 90746,85E701DD-77A7-4B53-A44A-6B37E3F30F36_20202_S_Campaign_Dr_Carson_90746,Campaign,20202 S Campaign Drive Dr Carson 90746,,,,
6271,10293,,,,1893.0,,,East,,,Helmick,Street,,,,,,,,,,,,,90746.0,,Carson,Carson,,,,,Carson GIS,{0CE98458-D5F2-4A00-A833-B3D27BC6C981},0,,0CE98458-D5F2-4A00-A833-B3D27BC6C981,Unknown,,E,,,St,E Helmick St,2015/03/24 09:32:55+00,1893 E Helmick St Carson 90746,0CE98458-D5F2-4A00-A833-B3D27BC6C981_1893_E_Helmick_St_Carson_90746,Helmick,1893 E Helmick Street St Carson 90746,,,,
6272,10294,,,,1213.0,,,East,,,Gladwick,Street,,,,,,,,,,,,,90746.0,,Carson,Carson,,,,,Carson GIS,{5963D507-1C89-4909-8BEB-EC6E3A129098},0,,5963D507-1C89-4909-8BEB-EC6E3A129098,Unknown,,E,,,St,E Gladwick St,2015/03/24 09:32:55+00,1213 E Gladwick St Carson 90746,5963D507-1C89-4909-8BEB-EC6E3A129098_1213_E_Gladwick_St_Carson_90746,Gladwick,1213 E Gladwick Street St Carson 90746,,,,
6273,10296,,,,114.0,,,East,,,Bilson,Street,,,,,,,,,,,,,90746.0,,Carson,Carson,,,,,Carson GIS,{6CC309AF-0456-4E89-A541-2AF353C002B6},0,,6CC309AF-0456-4E89-A541-2AF353C002B6,Unknown,,E,,,St,E Bilson St,2015/03/24 09:32:55+00,114 E Bilson St Carson 90746,6CC309AF-0456-4E89-A541-2AF353C002B6_114_E_Bilson_St_Carson_90746,Bilson,114 E Bilson Street St Carson 90746,,,,
6299,10349,,,,768.0,,,East,,,Turmont,Street,,,,,,,,,,,,,90746.0,,Carson,Carson,,,,,Carson GIS,{7516FB11-24D5-4798-858A-58A48094B437},0,,7516FB11-24D5-4798-858A-58A48094B437,Unknown,,E,,,St,E Turmont St,2015/03/24 09:32:55+00,768 E Turmont St Carson 90746,7516FB11-24D5-4798-858A-58A48094B437_768_E_Turmont_St_Carson_90746,Turmont,768 E Turmont Street St Carson 90746,,,,
6303,10353,,,,1602.0,,,East,,,Gladwick,Street,,,,,,,,,,,,,90746.0,,Carson,Carson,,,,,Carson GIS,{F1D44CD2-55E1-4A23-9D94-55D567941375},0,,F1D44CD2-55E1-4A23-9D94-55D567941375,Unknown,,E,,,St,E Gladwick St,2015/03/24 09:32:55+00,1602 E Gladwick St Carson 90746,F1D44CD2-55E1-4A23-9D94-55D567941375_1602_E_Gladwick_St_Carson_90746,Gladwick,1602 E Gladwick Street St Carson 90746,,,,
6304,10354,,,,19317.0,,,South,,,Tajauta,Avenue,,,,,,,,,,,,,90746.0,,Carson,Carson,,,,,Carson GIS,{F90B80BF-EE0C-4782-B6AF-0F6E43D63238},0,,F90B80BF-EE0C-4782-B6AF-0F6E43D63238,Unknown,,S,,,Ave,S Tajauta Ave,2015/03/24 09:32:55+00,19317 S Tajauta Ave Carson 90746,F90B80BF-EE0C-4782-B6AF-0F6E43D63238_19317_S_Tajauta_Ave_Carson_90746,Tajauta,19317 S Tajauta Avenue Ave Carson 90746,,,,
6305,10355,,,,19918.0,,,South,,,Belshaw,Avenue,,,,,,,,,,,,,90746.0,,Carson,Carson,,,,,Carson GIS,{C0BD2D80-2F78-45E7-BD64-64C7AF0F9A00},0,,C0BD2D80-2F78-45E7-BD64-64C7AF0F9A00,Unknown,,S,,,Ave,S Belshaw Ave,2015/03/24 09:32:55+00,19918 S Belshaw Ave Carson 90746,C0BD2D80-2F78-45E7-BD64-64C7AF0F9A00_19918_S_Belshaw_Ave_Carson_90746,Belshaw,19918 S Belshaw Avenue Ave Carson 90746,,,,
6312,10362,,,,1848.0,,,East,,,Denwall,Drive,,,,,,,,,,,,,90746.0,,Carson,Carson,,,,,Carson GIS,{A18173DD-2AD4-42BF-BAA9-82E63E332AC8},0,,A18173DD-2AD4-42BF-BAA9-82E63E332AC8,Unknown,,E,,,Dr,E Denwall Dr,2015/03/24 09:32:55+00,1848 E Denwall Dr Carson 90746,A18173DD-2AD4-42BF-BAA9-82E63E332AC8_1848_E_Denwall_Dr_Carson_90746,Denwall,1848 E Denwall Drive Dr Carson 90746,,,,
6313,10363,,,,19208.0,,,South,,,Northwood,Avenue,,,,,,,,,,,,,90746.0,,Carson,Carson,,,,,Carson GIS,{E5B072F5-D6A0-43B8-8C72-CA3B70FBC830},0,,E5B072F5-D6A0-43B8-8C72-CA3B70FBC830,Unknown,,S,,,Ave,S Northwood Ave,2015/03/24 09:32:55+00,19208 S Northwood Ave Carson 90746,E5B072F5-D6A0-43B8-8C72-CA3B70FBC830_19208_S_Northwood_Ave_Carson_90746,Northwood,19208 S Northwood Avenue Ave Carson 90746,,,,
6318,10368,,,,20209.0,,,South,,,Nestor,Avenue,,,,,,,,,,,,,90746.0,,Carson,Carson,,,,,Carson GIS,{660EBF85-6976-4B60-B819-33B49916521A},0,,660EBF85-6976-4B60-B819-33B49916521A,Unknown,,S,,,Ave,S Nestor Ave,2015/03/24 09:32:55+00,20209 S Nestor Ave Carson 90746,660EBF85-6976-4B60-B819-33B49916521A_20209_S_Nestor_Ave_Carson_90746,Nestor,20209 S Nestor Avenue Ave Carson 90746,,,,
6319,10370,,,,17338.0,,,South,,,Towne,Court,,,,,,,,,,,,,90746.0,,Carson,Carson,,,,,Carson GIS,{6546590F-5096-4774-9025-59D10384B4E1},0,,6546590F-5096-4774-9025-59D10384B4E1,Unknown,,S,,,Ct,S Towne Ct,2015/03/24 09:32:55+00,17338 S Towne Ct Carson 90746,6546590F-5096-4774-9025-59D10384B4E1_17338_S_Towne_Ct_Carson_90746,Towne,17338 S Towne Court Ct Carson 90746,,,,
6325,10382,,,,17902.0,,,South,,,Star Of India,Lane,,,,,,,,,,,,,90746.0,,Carson,Carson,,,,,Carson GIS,{B4105490-59C0-4206-82CF-0B291C1854AB},0,,B4105490-59C0-4206-82CF-0B291C1854AB,Unknown,,S,,,Ln,S Star Of India Ln,2015/03/24 09:32:55+00,17902 S Star Of India Ln Carson 90746,B4105490-59C0-4206-82CF-0B291C1854AB_17902_S_Star_Of_India_Ln_Carson_90746,Star Of India,17902 S Star Of India Lane Ln Carson 90746,,,,
6336,10401,,,,20113.0,,,East,,,Pricetown,Avenue,,,,,,,,,,,,,90746.0,,Carson,Carson,,,,,Carson GIS,{CCF63EE8-C343-49AB-AE80-E01E305FDF10},0,,CCF63EE8-C343-49AB-AE80-E01E305FDF10,Unknown,,E,,,Ave,E Pricetown Ave,2015/03/24 09:32:55+00,20113 E Pricetown Ave Carson 90746,CCF63EE8-C343-49AB-AE80-E01E305FDF10_20113_E_Pricetown_Ave_Carson_90746,Pricetown,20113 E Pricetown Avenue Ave Carson 90746,,,,
6337,10402,,,,867.0,,,East,,,Helmick,Street,,,,,,,,,,,,,90746.0,,Carson,Carson,,,,,Carson GIS,{1318F4C6-0C93-4BB4-97A2-60F208F305C6},0,,1318F4C6-0C93-4BB4-97A2-60F208F305C6,Unknown,,E,,,St,E Helmick St,2015/03/24 09:32:55+00,867 E Helmick St Carson 90746,1318F4C6-0C93-4BB4-97A2-60F208F305C6_867_E_Helmick_St_Carson_90746,Helmick,867 E Helmick Street St Carson 90746,,,,
6338,10403,,,,1246.0,,,East,,,Denwall,Drive,,,,,,,,,,,,,90746.0,,Carson,Carson,,,,,Carson GIS,{223A7500-14C4-4A70-86AC-14535BCBDE9C},0,,223A7500-14C4-4A70-86AC-14535BCBDE9C,Unknown,,E,,,Dr,E Denwall Dr,2015/03/24 09:32:55+00,1246 E Denwall Dr Carson 90746,223A7500-14C4-4A70-86AC-14535BCBDE9C_1246_E_Denwall_Dr_Carson_90746,Denwall,1246 E Denwall Drive Dr Carson 90746,,,,
6354,10422,,,,352.0,,,East,,,Sherman,Drive,,,,,,,,,,,,,90746.0,,Carson,Carson,,,,,Carson GIS,{46B18CB8-65FA-4D5E-9DAE-9B11E55181B0},0,,46B18CB8-65FA-4D5E-9DAE-9B11E55181B0,Unknown,,E,,,Dr,E Sherman Dr,2015/03/24 09:32:55+00,352 E Sherman Dr Carson 90746,46B18CB8-65FA-4D5E-9DAE-9B11E55181B0_352_E_Sherman_Dr_Carson_90746,Sherman,352 E Sherman Drive Dr Carson 90746,,,,
6364,10436,,,,419.0,,,East,,,181st,Street,,,,,,,,,,,,,90746.0,,Carson,Carson,,,,,Carson GIS,{D96C2603-E1A2-4FE0-8953-9D7E58524183},0,,D96C2603-E1A2-4FE0-8953-9D7E58524183,Unknown,,E,,,St,E 181st St,2015/03/24 09:32:55+00,419 E 181st St Carson 90746,D96C2603-E1A2-4FE0-8953-9D7E58524183_419_E_181st_St_Carson_90746,181st,419 E 181st Street St Carson 90746,,,,
6385,10465,,,,19309.0,,,South,,,Cliveden,Avenue,,,,,,,,,,,,,90746.0,,Carson,Carson,,,,,Carson GIS,{7D614E0B-9127-40A8-83C1-434460D9D49E},0,,7D614E0B-9127-40A8-83C1-434460D9D49E,Unknown,,S,,,Ave,S Cliveden Ave,2015/03/24 09:32:55+00,19309 S Cliveden Ave Carson 90746,7D614E0B-9127-40A8-83C1-434460D9D49E_19309_S_Cliveden_Ave_Carson_90746,Cliveden,19309 S Cliveden Avenue Ave Carson 90746,,,,
6386,10467,,,,541.0,,,East,,,Cassidy,Street,,,,,,,,,,,,,90746.0,,Carson,Carson,,,,,Carson GIS,{27F7CADD-23BB-4EAA-B294-C16E86FB2D69},0,,27F7CADD-23BB-4EAA-B294-C16E86FB2D69,Unknown,,E,,,St,E Cassidy St,2015/03/24 09:32:55+00,541 E Cassidy St Carson 90746,27F7CADD-23BB-4EAA-B294-C16E86FB2D69_541_E_Cassidy_St_Carson_90746,Cassidy,541 E Cassidy Street St Carson 90746,,,,
6392,10474,,,,933.0,,,East,,,Gladwick,Street,,,,,,,,,,,,,90746.0,,Carson,Carson,,,,,Carson GIS,{091C7965-B63E-44EA-A5B0-98A1AB375A92},0,,091C7965-B63E-44EA-A5B0-98A1AB375A92,Unknown,,E,,,St,E Gladwick St,2015/03/24 09:32:55+00,933 E Gladwick St Carson 90746,091C7965-B63E-44EA-A5B0-98A1AB375A92_933_E_Gladwick_St_Carson_90746,Gladwick,933 E Gladwick Street St Carson 90746,,,,
6406,10499,,,,501.0,,,East,,,Albertoni,Street,,,,,,,,,,,Number,B2,90746.0,,Carson,Carson,,,,,Carson GIS,{49F15C80-A605-46FF-AC0C-764E4E691DC3},0,,49F15C80-A605-46FF-AC0C-764E4E691DC3,Unknown,,E,,,St,E Albertoni St,2018/04/04 16:54:53+00,501 E Albertoni St Number B2 Carson 90746,49F15C80-A605-46FF-AC0C-764E4E691DC3_501_E_Albertoni_St_Number_B2_Carson_90746,Albertoni,501 E Albertoni Street St Number B2 Carson 90746,,,,
6408,10503,,,,20243.0,,,South,,,Campaign,Drive,,,,,,,,,,,,,90746.0,,Carson,Carson,,,,,Carson GIS,{C64AD8D2-9B1B-461D-A884-D479A85F4F91},0,,C64AD8D2-9B1B-461D-A884-D479A85F4F91,Unknown,,S,,,Dr,S Campaign Dr,2015/03/24 09:32:55+00,20243 S Campaign Dr Carson 90746,C64AD8D2-9B1B-461D-A884-D479A85F4F91_20243_S_Campaign_Dr_Carson_90746,Campaign,20243 S Campaign Drive Dr Carson 90746,,,,
6409,10504,,,,20008.0,,,South,,,Hillford,Avenue,,,,,,,,,,,,,90746.0,,Carson,Carson,,,,,Carson GIS,{D451A2B7-6448-44A7-9855-185AB9B6CC28},0,,D451A2B7-6448-44A7-9855-185AB9B6CC28,Unknown,,S,,,Ave,S Hillford Ave,2015/03/24 09:32:55+00,20008 S Hillford Ave Carson 90746,D451A2B7-6448-44A7-9855-185AB9B6CC28_20008_S_Hillford_Ave_Carson_90746,Hillford,20008 S Hillford Avenue Ave Carson 90746,,,,
6429,10538,,,,113.0,,,East,,,Savarona,Way,,,,,,,,,,,,,90746.0,,Carson,Carson,,,,,Carson GIS,{07A7EB31-5969-4112-B5A2-A55B3DE86FEC},0,,07A7EB31-5969-4112-B5A2-A55B3DE86FEC,Unknown,,E,,,Wy,E Savarona Wy,2015/03/24 09:32:55+00,113 E Savarona Wy Carson 90746,07A7EB31-5969-4112-B5A2-A55B3DE86FEC_113_E_Savarona_Wy_Carson_90746,Savarona,113 E Savarona Way Wy Carson 90746,,,,
6430,10541,,,,18223.0,,,South,,,Cairo,Avenue,,,,,,,,,,,,,90746.0,,Carson,Carson,,,,,Carson GIS,{E399DE32-88E4-479B-9747-1E6677A980EE},0,,E399DE32-88E4-479B-9747-1E6677A980EE,Unknown,,S,,,Ave,S Cairo Ave,2015/03/24 09:32:55+00,18223 S Cairo Ave Carson 90746,E399DE32-88E4-479B-9747-1E6677A980EE_18223_S_Cairo_Ave_Carson_90746,Cairo,18223 S Cairo Avenue Ave Carson 90746,,,,
6431,10542,,,,305.0,,,East,,,Centerview,Drive,,,,,,,,,,,,,90746.0,,Carson,Carson,,,,,Carson GIS,{B76FF2DE-E651-4CAA-B70D-27529AC4C877},0,,B76FF2DE-E651-4CAA-B70D-27529AC4C877,Unknown,,E,,,Dr,E Centerview Dr,2015/03/24 09:32:55+00,305 E Centerview Dr Carson 90746,B76FF2DE-E651-4CAA-B70D-27529AC4C877_305_E_Centerview_Dr_Carson_90746,Centerview,305 E Centerview Drive Dr Carson 90746,,,,
6454,10573,,,,20103.0,,,South,,,Scobey,Avenue,,,,,,,,,,,,,90746.0,,Carson,Carson,,,,,Carson GIS,{46CE27D0-536C-4139-A264-35528121346E},0,,46CE27D0-536C-4139-A264-35528121346E,Unknown,,S,,,Ave,S Scobey Ave,2015/03/24 09:32:55+00,20103 S Scobey Ave Carson 90746,46CE27D0-536C-4139-A264-35528121346E_20103_S_Scobey_Ave_Carson_90746,Scobey,20103 S Scobey Avenue Ave Carson 90746,,,,
6461,10582,,,,1812.0,,,East,,,Dimondale,Drive,,,,,,,,,,,,,90746.0,,Carson,Carson,,,,,Carson GIS,{56B66A9D-3F4E-418B-A4A5-C819AEBF31F2},0,,56B66A9D-3F4E-418B-A4A5-C819AEBF31F2,Unknown,,E,,,Dr,E Dimondale Dr,2015/03/24 09:32:55+00,1812 E Dimondale Dr Carson 90746,56B66A9D-3F4E-418B-A4A5-C819AEBF31F2_1812_E_Dimondale_Dr_Carson_90746,Dimondale,1812 E Dimondale Drive Dr Carson 90746,,,,
6471,10597,,,,20330.0,,,South,,,Caron,Circle,,,,,,,,,,,,,90746.0,,Carson,Carson,,,,,Carson GIS,{2E3C0B5C-291F-4A17-B395-63D832B0D7FC},0,,2E3C0B5C-291F-4A17-B395-63D832B0D7FC,Unknown,,S,,,Cir,S Caron Cir,2015/03/24 09:32:55+00,20330 S Caron Cir Carson 90746,2E3C0B5C-291F-4A17-B395-63D832B0D7FC_20330_S_Caron_Cir_Carson_90746,Caron,20330 S Caron Circle Cir Carson 90746,,,,
6484,10616,,,,20118.0,,,South,,,Dalfsen,Avenue,,,,,,,,,,,,,90746.0,,Carson,Carson,,,,,Carson GIS,{DDFE1115-FFDB-4469-B807-E4B88ACAEC4E},0,,DDFE1115-FFDB-4469-B807-E4B88ACAEC4E,Unknown,,S,,,Ave,S Dalfsen Ave,2015/03/24 09:32:55+00,20118 S Dalfsen Ave Carson 90746,DDFE1115-FFDB-4469-B807-E4B88ACAEC4E_20118_S_Dalfsen_Ave_Carson_90746,Dalfsen,20118 S Dalfsen Avenue Ave Carson 90746,,,,
6485,10617,,,,1302.0,,,East,,,Denwall,Drive,,,,,,,,,,,,,90746.0,,Carson,Carson,,,,,Carson GIS,{EF289AEF-8F16-4D07-ACFA-1D445B5E0833},0,,EF289AEF-8F16-4D07-ACFA-1D445B5E0833,Unknown,,E,,,Dr,E Denwall Dr,2015/03/24 09:32:55+00,1302 E Denwall Dr Carson 90746,EF289AEF-8F16-4D07-ACFA-1D445B5E0833_1302_E_Denwall_Dr_Carson_90746,Denwall,1302 E Denwall Drive Dr Carson 90746,,,,
6488,10623,,,,244.0,,,East,,,185th,Street,,,,,,,,,,,,,90746.0,,Carson,Carson,,,,,Carson GIS,{08FA260F-85A1-4B5A-A667-7F2F2FED9D63},0,,08FA260F-85A1-4B5A-A667-7F2F2FED9D63,Unknown,,E,,,St,E 185th St,2015/03/24 09:32:55+00,244 E 185th St Carson 90746,08FA260F-85A1-4B5A-A667-7F2F2FED9D63_244_E_185th_St_Carson_90746,185th,244 E 185th Street St Carson 90746,,,,
6498,10648,,,,19416.0,,,South,,,Tajauta,Avenue,,,,,,,,,,,,,90746.0,,Carson,Carson,,,,,Carson GIS,{BFB2E54C-3576-494A-A0D7-D944EA62F8DC},0,,BFB2E54C-3576-494A-A0D7-D944EA62F8DC,Unknown,,S,,,Ave,S Tajauta Ave,2015/03/24 09:32:55+00,19416 S Tajauta Ave Carson 90746,BFB2E54C-3576-494A-A0D7-D944EA62F8DC_19416_S_Tajauta_Ave_Carson_90746,Tajauta,19416 S Tajauta Avenue Ave Carson 90746,,,,
6499,10651,,,,20022.0,,,South,,,Campaign,Drive,,,,,,,,,,,,,90746.0,,Carson,Carson,,,,,Carson GIS,{29906AC5-A808-4AC1-BB1C-C8EEEA0E458A},0,,29906AC5-A808-4AC1-BB1C-C8EEEA0E458A,Unknown,,S,,,Dr,S Campaign Dr,2015/03/24 09:32:55+00,20022 S Campaign Dr Carson 90746,29906AC5-A808-4AC1-BB1C-C8EEEA0E458A_20022_S_Campaign_Dr_Carson_90746,Campaign,20022 S Campaign Drive Dr Carson 90746,,,,
6504,10665,,,,19213.0,,,South,,,Cliveden,Avenue,,,,,,,,,,,,,90746.0,,Carson,Carson,,,,,Carson GIS,{6091C0AD-15F8-42D1-9E42-89A2F5F44F0C},0,,6091C0AD-15F8-42D1-9E42-89A2F5F44F0C,Unknown,,S,,,Ave,S Cliveden Ave,2015/03/24 09:32:55+00,19213 S Cliveden Ave Carson 90746,6091C0AD-15F8-42D1-9E42-89A2F5F44F0C_19213_S_Cliveden_Ave_Carson_90746,Cliveden,19213 S Cliveden Avenue Ave Carson 90746,,,,
6509,10671,,,,18703.0,,,South,,,Towne,Avenue,,,,,,,,,,,,,90746.0,,Carson,Carson,,,,,Carson GIS,{A0BE1002-E283-461F-B600-314606BDFAAE},0,,A0BE1002-E283-461F-B600-314606BDFAAE,Unknown,,S,,,Ave,S Towne Ave,2015/03/24 09:32:55+00,18703 S Towne Ave Carson 90746,A0BE1002-E283-461F-B600-314606BDFAAE_18703_S_Towne_Ave_Carson_90746,Towne,18703 S Towne Avenue Ave Carson 90746,,,,
6514,10680,,,,1152.0,,,East,,,Turmont,Street,,,,,,,,,,,,,90746.0,,Carson,Carson,,,,,Carson GIS,{44D9559E-6E70-4ED9-B666-B8B97EC7B95D},0,,44D9559E-6E70-4ED9-B666-B8B97EC7B95D,Unknown,,E,,,St,E Turmont St,2015/03/24 09:32:55+00,1152 E Turmont St Carson 90746,44D9559E-6E70-4ED9-B666-B8B97EC7B95D_1152_E_Turmont_St_Carson_90746,Turmont,1152 E Turmont Street St Carson 90746,,,,
6517,10684,,,,206.0,,,East,,,184th,Street,,,,,,,,,,,,,90746.0,,Carson,Carson,,,,,Carson GIS,{C774FBDD-135A-4A86-A0EF-7B6EC829AED9},0,,C774FBDD-135A-4A86-A0EF-7B6EC829AED9,Unknown,,E,,,St,E 184th St,2015/03/24 09:32:55+00,206 E 184th St Carson 90746,C774FBDD-135A-4A86-A0EF-7B6EC829AED9_206_E_184th_St_Carson_90746,184th,206 E 184th Street St Carson 90746,,,,
6520,10688,,,,20303.0,,,South,,,Amantha,Avenue,,,,,,,,,,,,,90746.0,,Carson,Carson,,,,,Carson GIS,{0C1E57AD-5C54-4756-812D-15C1DFF81553},0,,0C1E57AD-5C54-4756-812D-15C1DFF81553,Unknown,,S,,,Ave,S Amantha Ave,2015/03/24 09:32:55+00,20303 S Amantha Ave Carson 90746,0C1E57AD-5C54-4756-812D-15C1DFF81553_20303_S_Amantha_Ave_Carson_90746,Amantha,20303 S Amantha Avenue Ave Carson 90746,,,,
6521,10689,,,,19203.0,,,South,,,Northwood,Avenue,,,,,,,,,,,,,90746.0,,Carson,Carson,,,,,Carson GIS,{46E7DFB1-59BB-4326-BE73-6D51BAF99C07},0,,46E7DFB1-59BB-4326-BE73-6D51BAF99C07,Unknown,,S,,,Ave,S Northwood Ave,2015/03/24 09:32:55+00,19203 S Northwood Ave Carson 90746,46E7DFB1-59BB-4326-BE73-6D51BAF99C07_19203_S_Northwood_Ave_Carson_90746,Northwood,19203 S Northwood Avenue Ave Carson 90746,,,,
6529,10703,,,,17227.0,,,South,,,Ambler,Avenue,,,,,,,,,,,,,90746.0,,Carson,Carson,,,,,Carson GIS,{35873CB4-49CB-41B9-BEA7-DEAF76094EAB},0,,35873CB4-49CB-41B9-BEA7-DEAF76094EAB,Unknown,,S,,,Ave,S Ambler Ave,2015/03/24 09:32:55+00,17227 S Ambler Ave Carson 90746,35873CB4-49CB-41B9-BEA7-DEAF76094EAB_17227_S_Ambler_Ave_Carson_90746,Ambler,17227 S Ambler Avenue Ave Carson 90746,,,,
6535,10717,,,,18613.0,,,South,,,Crocker,Avenue,,,,,,,,,,,,,90746.0,,Carson,Carson,,,,,Carson GIS,{208747A3-BD4E-47AC-9817-2BA2E558CC62},0,,208747A3-BD4E-47AC-9817-2BA2E558CC62,Unknown,,S,,,Ave,S Crocker Ave,2015/03/24 09:32:55+00,18613 S Crocker Ave Carson 90746,208747A3-BD4E-47AC-9817-2BA2E558CC62_18613_S_Crocker_Ave_Carson_90746,Crocker,18613 S Crocker Avenue Ave Carson 90746,,,,
6537,10721,,,,18335.0,,,South,,,Wall,Street,,,,,,,,,,,,,90746.0,,Carson,Carson,,,,,Carson GIS,{C243712A-BB8C-45ED-9C8C-D6C54EA818F4},0,,C243712A-BB8C-45ED-9C8C-D6C54EA818F4,Unknown,,S,,,St,S Wall St,2015/03/24 09:32:55+00,18335 S Wall St Carson 90746,C243712A-BB8C-45ED-9C8C-D6C54EA818F4_18335_S_Wall_St_Carson_90746,Wall,18335 S Wall Street St Carson 90746,,,,
6547,10740,,,,20208.0,,,South,,,Campaign,Drive,,,,,,,,,,,,,90746.0,,Carson,Carson,,,,,Carson GIS,{E902EAD7-0FE8-4CFF-BA65-19DDA02C652D},0,,E902EAD7-0FE8-4CFF-BA65-19DDA02C652D,Unknown,,S,,,Dr,S Campaign Dr,2015/03/24 09:32:55+00,20208 S Campaign Dr Carson 90746,E902EAD7-0FE8-4CFF-BA65-19DDA02C652D_20208_S_Campaign_Dr_Carson_90746,Campaign,20208 S Campaign Drive Dr Carson 90746,,,,
6548,10741,,,,17303.0,,,South,,,Billings,Drive,,,,,,,,,,,,,90746.0,,Carson,Carson,,,,,Carson GIS,{251071F5-49DD-46B9-874A-EB6EA460EE7C},0,,251071F5-49DD-46B9-874A-EB6EA460EE7C,Unknown,,S,,,Dr,S Billings Dr,2015/03/24 09:32:55+00,17303 S Billings Dr Carson 90746,251071F5-49DD-46B9-874A-EB6EA460EE7C_17303_S_Billings_Dr_Carson_90746,Billings,17303 S Billings Drive Dr Carson 90746,,,,
6562,10761,,,,20228.0,,,South,,,Amantha,Avenue,,,,,,,,,,,,,90746.0,,Carson,Carson,,,,,Carson GIS,{C77721DB-FE8F-418E-B9FE-5B57966EEEC8},0,,C77721DB-FE8F-418E-B9FE-5B57966EEEC8,Unknown,,S,,,Ave,S Amantha Ave,2015/03/24 09:32:55+00,20228 S Amantha Ave Carson 90746,C77721DB-FE8F-418E-B9FE-5B57966EEEC8_20228_S_Amantha_Ave_Carson_90746,Amantha,20228 S Amantha Avenue Ave Carson 90746,,,,
6566,10766,,,,18619.0,,,South,,,Towne,Avenue,,,,,,,,,,,,,90746.0,,Carson,Carson,,,,,Carson GIS,{8043C1F5-CE1F-4C36-973E-D379450AC760},0,,8043C1F5-CE1F-4C36-973E-D379450AC760,Unknown,,S,,,Ave,S Towne Ave,2015/03/24 09:32:55+00,18619 S Towne Ave Carson 90746,8043C1F5-CE1F-4C36-973E-D379450AC760_18619_S_Towne_Ave_Carson_90746,Towne,18619 S Towne Avenue Ave Carson 90746,,,,
6567,10767,,,,17302.0,,,South,,,Ambler,Avenue,,,,,,,,,,,,,90746.0,,Carson,Carson,,,,,Carson GIS,{6CED0F5C-4659-493D-A219-69114B552F6A},0,,6CED0F5C-4659-493D-A219-69114B552F6A,Unknown,,S,,,Ave,S Ambler Ave,2015/03/24 09:32:55+00,17302 S Ambler Ave Carson 90746,6CED0F5C-4659-493D-A219-69114B552F6A_17302_S_Ambler_Ave_Carson_90746,Ambler,17302 S Ambler Avenue Ave Carson 90746,,,,
6588,10797,,,,18706.0,,,South,,,Towne,Avenue,,,,,,,,,,,,,90746.0,,Carson,Carson,,,,,Carson GIS,{9394E66D-2372-49EE-8686-FEE3038FE4E0},0,,9394E66D-2372-49EE-8686-FEE3038FE4E0,Unknown,,S,,,Ave,S Towne Ave,2015/03/24 09:32:55+00,18706 S Towne Ave Carson 90746,9394E66D-2372-49EE-8686-FEE3038FE4E0_18706_S_Towne_Ave_Carson_90746,Towne,18706 S Towne Avenue Ave Carson 90746,,,,
6598,10821,,,,18625.0,,,South,,,Wall,Street,,,,,,,,,,,,,90746.0,,Carson,Carson,,,,,Carson GIS,{EE5D54FD-59EC-4EA7-ACB8-E78E2934971B},0,,EE5D54FD-59EC-4EA7-ACB8-E78E2934971B,Unknown,,S,,,St,S Wall St,2015/03/24 09:32:55+00,18625 S Wall St Carson 90746,EE5D54FD-59EC-4EA7-ACB8-E78E2934971B_18625_S_Wall_St_Carson_90746,Wall,18625 S Wall Street St Carson 90746,,,,
6612,10838,,,,326.0,,,East,,,181st,Street,,,,,,,,,,,,,90746.0,,Carson,Carson,,,,,Carson GIS,{BA6EC73F-3CF7-41ED-B679-B5BD28F9AFB9},0,,BA6EC73F-3CF7-41ED-B679-B5BD28F9AFB9,Unknown,,E,,,St,E 181st St,2015/03/24 09:32:55+00,326 E 181st St Carson 90746,BA6EC73F-3CF7-41ED-B679-B5BD28F9AFB9_326_E_181st_St_Carson_90746,181st,326 E 181st Street St Carson 90746,,,,
6613,10840,,,,18008.0,,,South,,,Adria Maru,Lane,,,,,,,,,,,,,90746.0,,Carson,Carson,,,,,Carson GIS,{68883FCF-4F0E-4A8A-9BCD-DACBBBD54B62},0,,68883FCF-4F0E-4A8A-9BCD-DACBBBD54B62,Unknown,,S,,,Ln,S Adria Maru Ln,2015/03/24 09:32:55+00,18008 S Adria Maru Ln Carson 90746,68883FCF-4F0E-4A8A-9BCD-DACBBBD54B62_18008_S_Adria_Maru_Ln_Carson_90746,Adria Maru,18008 S Adria Maru Lane Ln Carson 90746,,,,
6616,10843,,,,320.0,,,East,,,Collamer,Drive,,,,,,,,,,,,,90746.0,,Carson,Carson,,,,,Carson GIS,{C6DE37B7-75A3-47AC-8BDF-41A172C5997E},0,,C6DE37B7-75A3-47AC-8BDF-41A172C5997E,Unknown,,E,,,Dr,E Collamer Dr,2015/03/24 09:32:55+00,320 E Collamer Dr Carson 90746,C6DE37B7-75A3-47AC-8BDF-41A172C5997E_320_E_Collamer_Dr_Carson_90746,Collamer,320 E Collamer Drive Dr Carson 90746,,,,
6617,10846,,,,1511.0,,,East,,,Gladwick,Street,,,,,,,,,,,,,90746.0,,Carson,Carson,,,,,Carson GIS,{48D89158-2BA3-4838-B17C-C6658B7FF9BD},0,,48D89158-2BA3-4838-B17C-C6658B7FF9BD,Unknown,,E,,,St,E Gladwick St,2015/03/24 09:32:55+00,1511 E Gladwick St Carson 90746,48D89158-2BA3-4838-B17C-C6658B7FF9BD_1511_E_Gladwick_St_Carson_90746,Gladwick,1511 E Gladwick Street St Carson 90746,,,,
6619,10852,,,,20108.0,,,South,,,Wadley,Avenue,,,,,,,,,,,,,90746.0,,Carson,Carson,,,,,Carson GIS,{012714F8-2CBE-426E-8506-A343D7D09848},0,,012714F8-2CBE-426E-8506-A343D7D09848,Unknown,,S,,,Ave,S Wadley Ave,2015/03/24 09:32:55+00,20108 S Wadley Ave Carson 90746,012714F8-2CBE-426E-8506-A343D7D09848_20108_S_Wadley_Ave_Carson_90746,Wadley,20108 S Wadley Avenue Ave Carson 90746,,,,
6623,10859,,,,414.0,,,East,,,184th,Street,,,,,,,,,,,,,90746.0,,Carson,Carson,,,,,Carson GIS,{8B024219-4EDC-4278-B483-F451EA6771A3},0,,8B024219-4EDC-4278-B483-F451EA6771A3,Unknown,,E,,,St,E 184th St,2015/03/24 09:32:55+00,414 E 184th St Carson 90746,8B024219-4EDC-4278-B483-F451EA6771A3_414_E_184th_St_Carson_90746,184th,414 E 184th Street St Carson 90746,,,,
6624,10860,,,,1024.0,,,East,,,Turmont,Street,,,,,,,,,,,,,90746.0,,Carson,Carson,,,,,Carson GIS,{1975F93C-E598-46C6-A32C-61B23E696289},0,,1975F93C-E598-46C6-A32C-61B23E696289,Unknown,,E,,,St,E Turmont St,2015/03/24 09:32:55+00,1024 E Turmont St Carson 90746,1975F93C-E598-46C6-A32C-61B23E696289_1024_E_Turmont_St_Carson_90746,Turmont,1024 E Turmont Street St Carson 90746,,,,
6634,10878,,,,18206.0,,,South,,,Wall,Street,,,,,,,,,,,,,90746.0,,Carson,Carson,,,,,Carson GIS,{C6C28A44-5A08-401F-89BB-FF7161976AE9},0,,C6C28A44-5A08-401F-89BB-FF7161976AE9,Unknown,,S,,,St,S Wall St,2015/03/24 09:32:55+00,18206 S Wall St Carson 90746,C6C28A44-5A08-401F-89BB-FF7161976AE9_18206_S_Wall_St_Carson_90746,Wall,18206 S Wall Street St Carson 90746,,,,
6649,10903,,,,18630.0,,,South,,,Billings,Avenue,,,,,,,,,,,,,90746.0,,Carson,Carson,,,,,Carson GIS,{A03E7E4F-ECAF-451D-B02E-C0E9280B4AA7},0,,A03E7E4F-ECAF-451D-B02E-C0E9280B4AA7,Unknown,,S,,,Ave,S Billings Ave,2015/03/24 09:32:55+00,18630 S Billings Ave Carson 90746,A03E7E4F-ECAF-451D-B02E-C0E9280B4AA7_18630_S_Billings_Ave_Carson_90746,Billings,18630 S Billings Avenue Ave Carson 90746,,,,
6655,10912,,,,1870.0,,,East,,,Cashdan,Street,,,,,,,,,,,,,90746.0,,Carson,Carson,,,,,Carson GIS,{8E0EEAD5-C88E-495C-A55C-46D638B05A37},0,,8E0EEAD5-C88E-495C-A55C-46D638B05A37,Unknown,,E,,,St,E Cashdan St,2015/03/24 09:32:55+00,1870 E Cashdan St Carson 90746,8E0EEAD5-C88E-495C-A55C-46D638B05A37_1870_E_Cashdan_St_Carson_90746,Cashdan,1870 E Cashdan Street St Carson 90746,,,,
6656,10914,,,,18222.0,,,South,,,Crocker,Avenue,,,,,,,,,,,,,90746.0,,Carson,Carson,,,,,Carson GIS,{EF73C7F0-8A2B-48BE-B99A-8307BFBB9324},0,,EF73C7F0-8A2B-48BE-B99A-8307BFBB9324,Unknown,,S,,,Ave,S Crocker Ave,2015/03/24 09:32:55+00,18222 S Crocker Ave Carson 90746,EF73C7F0-8A2B-48BE-B99A-8307BFBB9324_18222_S_Crocker_Ave_Carson_90746,Crocker,18222 S Crocker Avenue Ave Carson 90746,,,,
6668,10935,,,,842.0,,,East,,,Denwall,Drive,,,,,,,,,,,,,90746.0,,Carson,Carson,,,,,Carson GIS,{4EE0D83E-1CED-45C1-8866-B722A5F99A3E},0,,4EE0D83E-1CED-45C1-8866-B722A5F99A3E,Unknown,,E,,,Dr,E Denwall Dr,2015/03/24 09:32:55+00,842 E Denwall Dr Carson 90746,4EE0D83E-1CED-45C1-8866-B722A5F99A3E_842_E_Denwall_Dr_Carson_90746,Denwall,842 E Denwall Drive Dr Carson 90746,,,,
6694,10975,,,,17224.0,,,South,,,Bonham,Avenue,,,,,,,,,,,,,90746.0,,Carson,Carson,,,,,Carson GIS,{6657362D-5C1F-4F46-B8E3-AE5B899404BB},0,,6657362D-5C1F-4F46-B8E3-AE5B899404BB,Unknown,,S,,,Ave,S Bonham Ave,2015/03/24 09:32:55+00,17224 S Bonham Ave Carson 90746,6657362D-5C1F-4F46-B8E3-AE5B899404BB_17224_S_Bonham_Ave_Carson_90746,Bonham,17224 S Bonham Avenue Ave Carson 90746,,,,
6696,10978,,,,19021.0,,,South,,,Kemp,Avenue,,,,,,,,,,,,,90746.0,,Carson,Carson,,,,,Carson GIS,{863724F6-DBE7-4AFB-A682-4FDEA6802CA2},0,,863724F6-DBE7-4AFB-A682-4FDEA6802CA2,Unknown,,S,,,Ave,S Kemp Ave,2015/03/24 09:32:55+00,19021 S Kemp Ave Carson 90746,863724F6-DBE7-4AFB-A682-4FDEA6802CA2_19021_S_Kemp_Ave_Carson_90746,Kemp,19021 S Kemp Avenue Ave Carson 90746,,,,
6704,10993,,,,20112.0,,,South,,,Campaign,Drive,,,,,,,,,,,,,90746.0,,Carson,Carson,,,,,Carson GIS,{C459C8A7-3762-4E99-8426-EF40F6556B1D},0,,C459C8A7-3762-4E99-8426-EF40F6556B1D,Unknown,,S,,,Dr,S Campaign Dr,2015/03/24 09:32:55+00,20112 S Campaign Dr Carson 90746,C459C8A7-3762-4E99-8426-EF40F6556B1D_20112_S_Campaign_Dr_Carson_90746,Campaign,20112 S Campaign Drive Dr Carson 90746,,,,
6716,11008,,,,18324.0,,,South,,,Milmore,Avenue,,,,,,,,,,,,,90746.0,,Carson,Carson,,,,,Carson GIS,{0FCEC18F-1754-4885-A4AB-8AC0E00B4CA4},0,,0FCEC18F-1754-4885-A4AB-8AC0E00B4CA4,Unknown,,S,,,Ave,S Milmore Ave,2015/03/24 09:32:55+00,18324 S Milmore Ave Carson 90746,0FCEC18F-1754-4885-A4AB-8AC0E00B4CA4_18324_S_Milmore_Ave_Carson_90746,Milmore,18324 S Milmore Avenue Ave Carson 90746,,,,
6720,11013,,,,19303.0,,,South,,,Broadacres,Avenue,,,,,,,,,,,,,90746.0,,Carson,Carson,,,,,Carson GIS,{28CAEA89-5334-41F2-A9EE-8AF7A90CC0BC},0,,28CAEA89-5334-41F2-A9EE-8AF7A90CC0BC,Unknown,,S,,,Ave,S Broadacres Ave,2015/03/24 09:32:55+00,19303 S Broadacres Ave Carson 90746,28CAEA89-5334-41F2-A9EE-8AF7A90CC0BC_19303_S_Broadacres_Ave_Carson_90746,Broadacres,19303 S Broadacres Avenue Ave Carson 90746,,,,
6731,11034,,,,19014.0,,,South,,,Tajauta,Avenue,,,,,,,,,,,,,90746.0,,Carson,Carson,,,,,Carson GIS,{AF6B8E63-021E-4AB7-8658-9E9231C079D9},0,,AF6B8E63-021E-4AB7-8658-9E9231C079D9,Unknown,,S,,,Ave,S Tajauta Ave,2015/03/24 09:32:55+00,19014 S Tajauta Ave Carson 90746,AF6B8E63-021E-4AB7-8658-9E9231C079D9_19014_S_Tajauta_Ave_Carson_90746,Tajauta,19014 S Tajauta Avenue Ave Carson 90746,,,,
6741,11050,,,,334.0,,,East,,,Sherman,Drive,,,,,,,,,,,,,90746.0,,Carson,Carson,,,,,Carson GIS,{834A6F32-6811-4BA4-AE5A-045B4DE54BE7},0,,834A6F32-6811-4BA4-AE5A-045B4DE54BE7,Unknown,,E,,,Dr,E Sherman Dr,2015/03/24 09:32:55+00,334 E Sherman Dr Carson 90746,834A6F32-6811-4BA4-AE5A-045B4DE54BE7_334_E_Sherman_Dr_Carson_90746,Sherman,334 E Sherman Drive Dr Carson 90746,,,,
6750,11060,,,,18206.0,,,South,,,Crocker,Avenue,,,,,,,,,,,,,90746.0,,Carson,Carson,,,,,Carson GIS,{9A175690-8225-4924-BEF6-1E6B0D08B593},0,,9A175690-8225-4924-BEF6-1E6B0D08B593,Unknown,,S,,,Ave,S Crocker Ave,2015/03/24 09:32:55+00,18206 S Crocker Ave Carson 90746,9A175690-8225-4924-BEF6-1E6B0D08B593_18206_S_Crocker_Ave_Carson_90746,Crocker,18206 S Crocker Avenue Ave Carson 90746,,,,
6752,11063,,,,19317.0,,,South,,,Grandee,Avenue,,,,,,,,,,,,,90746.0,,Carson,Carson,,,,,Carson GIS,{44AF2733-6BBC-4564-8B14-DD2B0E9A015E},0,,44AF2733-6BBC-4564-8B14-DD2B0E9A015E,Unknown,,S,,,Ave,S Grandee Ave,2015/03/24 09:32:55+00,19317 S Grandee Ave Carson 90746,44AF2733-6BBC-4564-8B14-DD2B0E9A015E_19317_S_Grandee_Ave_Carson_90746,Grandee,19317 S Grandee Avenue Ave Carson 90746,,,,
6754,11067,,,,430.0,,,East,,,Cassidy,Street,,,,,,,,,,,,,90746.0,,Carson,Carson,,,,,Carson GIS,{C2A6D16A-588A-4437-9EEC-B8A642E8A37B},0,,C2A6D16A-588A-4437-9EEC-B8A642E8A37B,Unknown,,E,,,St,E Cassidy St,2015/03/24 09:32:55+00,430 E Cassidy St Carson 90746,C2A6D16A-588A-4437-9EEC-B8A642E8A37B_430_E_Cassidy_St_Carson_90746,Cassidy,430 E Cassidy Street St Carson 90746,,,,
6762,11077,,,,18615.0,,,South,,,Milmore,Avenue,,,,,,,,,,,,,90746.0,,Carson,Carson,,,,,Carson GIS,{D5AFB0DC-46FB-4AD4-B69A-916722B84463},0,,D5AFB0DC-46FB-4AD4-B69A-916722B84463,Unknown,,S,,,Ave,S Milmore Ave,2015/03/24 09:32:55+00,18615 S Milmore Ave Carson 90746,D5AFB0DC-46FB-4AD4-B69A-916722B84463_18615_S_Milmore_Ave_Carson_90746,Milmore,18615 S Milmore Avenue Ave Carson 90746,,,,
6777,11098,,,,18628.0,,,South,,,Bonham,Avenue,,,,,,,,,,,,,90746.0,,Carson,Carson,,,,,Carson GIS,{97F5DD06-9059-45AA-AA3D-6D95BC0BA6F1},0,,97F5DD06-9059-45AA-AA3D-6D95BC0BA6F1,Unknown,,S,,,Ave,S Bonham Ave,2015/03/24 09:32:55+00,18628 S Bonham Ave Carson 90746,97F5DD06-9059-45AA-AA3D-6D95BC0BA6F1_18628_S_Bonham_Ave_Carson_90746,Bonham,18628 S Bonham Avenue Ave Carson 90746,,,,
6784,11109,,,,890.0,,,East,,,Gladwick,Street,,,,,,,,,,,,,90746.0,,Carson,Carson,,,,,Carson GIS,{1D9C732E-788E-4E08-AE6E-1DAE21A90EE0},0,,1D9C732E-788E-4E08-AE6E-1DAE21A90EE0,Unknown,,E,,,St,E Gladwick St,2015/03/24 09:32:55+00,890 E Gladwick St Carson 90746,1D9C732E-788E-4E08-AE6E-1DAE21A90EE0_890_E_Gladwick_St_Carson_90746,Gladwick,890 E Gladwick Street St Carson 90746,,,,
6791,11121,,,,540.0,,,East,,,Cassidy,Street,,,,,,,,,,,,,90746.0,,Carson,Carson,,,,,Carson GIS,{469B5522-1760-46EF-822B-344EFCF833D3},0,,469B5522-1760-46EF-822B-344EFCF833D3,Unknown,,E,,,St,E Cassidy St,2015/03/24 09:32:55+00,540 E Cassidy St Carson 90746,469B5522-1760-46EF-822B-344EFCF833D3_540_E_Cassidy_St_Carson_90746,Cassidy,540 E Cassidy Street St Carson 90746,,,,
6814,11166,,,,18324.0,,,South,,,Coltman,Avenue,,,,,,,,,,,,,90746.0,,Carson,Carson,,,,,Carson GIS,{06ACDCED-1D07-4891-ABDE-D338A477C1FB},0,,06ACDCED-1D07-4891-ABDE-D338A477C1FB,Unknown,,S,,,Ave,S Coltman Ave,2015/03/24 09:32:55+00,18324 S Coltman Ave Carson 90746,06ACDCED-1D07-4891-ABDE-D338A477C1FB_18324_S_Coltman_Ave_Carson_90746,Coltman,18324 S Coltman Avenue Ave Carson 90746,,,,
6849,11213,,,,18613.0,,,South,,,Wall,Street,,,,,,,,,,,,,90746.0,,Carson,Carson,,,,,Carson GIS,{AE7E1577-122B-460E-A6E6-1540263D12B8},0,,AE7E1577-122B-460E-A6E6-1540263D12B8,Unknown,,S,,,St,S Wall St,2015/03/24 09:32:55+00,18613 S Wall St Carson 90746,AE7E1577-122B-460E-A6E6-1540263D12B8_18613_S_Wall_St_Carson_90746,Wall,18613 S Wall Street St Carson 90746,,,,
6850,11214,,,,18620.0,,,South,,,Cairo,Avenue,,,,,,,,,,,,,90746.0,,Carson,Carson,,,,,Carson GIS,{E85E919D-B65D-45B9-8751-733495EBF3A8},0,,E85E919D-B65D-45B9-8751-733495EBF3A8,Unknown,,S,,,Ave,S Cairo Ave,2015/03/24 09:32:55+00,18620 S Cairo Ave Carson 90746,E85E919D-B65D-45B9-8751-733495EBF3A8_18620_S_Cairo_Ave_Carson_90746,Cairo,18620 S Cairo Avenue Ave Carson 90746,,,,
6856,11223,,,,18415.0,,,South,,,Avalon,Boulevard,,,,,,,,,,,,,90746.0,,Carson,Carson,,,,,Carson GIS,{454BFE03-B8CC-4442-BB7C-10E40C9C067F},0,,454BFE03-B8CC-4442-BB7C-10E40C9C067F,Unknown,,S,,,Blvd,S Avalon Blvd,2015/03/24 09:32:55+00,18415 S Avalon Blvd Carson 90746,454BFE03-B8CC-4442-BB7C-10E40C9C067F_18415_S_Avalon_Blvd_Carson_90746,Avalon,18415 S Avalon Boulevard Blvd Carson 90746,,,,
6867,11241,,,,1516.0,,,East,,,Turmont,Street,,,,,,,,,,,,,90746.0,,Carson,Carson,,,,,Carson GIS,{E8BE3279-086E-4306-BF23-A35920E0B29A},0,,E8BE3279-086E-4306-BF23-A35920E0B29A,Unknown,,E,,,St,E Turmont St,2015/03/24 09:32:55+00,1516 E Turmont St Carson 90746,E8BE3279-086E-4306-BF23-A35920E0B29A_1516_E_Turmont_St_Carson_90746,Turmont,1516 E Turmont Street St Carson 90746,,,,
6885,11264,,,,20021.0,,,South,,,Cliveden,Avenue,,,,,,,,,,,,,90746.0,,Carson,Carson,,,,,Carson GIS,{78BBE28B-1BB7-43F1-AD14-BF9CA9763A24},0,,78BBE28B-1BB7-43F1-AD14-BF9CA9763A24,Unknown,,S,,,Ave,S Cliveden Ave,2015/03/24 09:32:55+00,20021 S Cliveden Ave Carson 90746,78BBE28B-1BB7-43F1-AD14-BF9CA9763A24_20021_S_Cliveden_Ave_Carson_90746,Cliveden,20021 S Cliveden Avenue Ave Carson 90746,,,,
6886,11265,,,,334.0,,,East,,,185th,Street,,,,,,,,,,,,,90746.0,,Carson,Carson,,,,,Carson GIS,{ACEBB233-941D-48EB-94BF-700D09E33A5D},0,,ACEBB233-941D-48EB-94BF-700D09E33A5D,Unknown,,E,,,St,E 185th St,2015/03/24 09:32:55+00,334 E 185th St Carson 90746,ACEBB233-941D-48EB-94BF-700D09E33A5D_334_E_185th_St_Carson_90746,185th,334 E 185th Street St Carson 90746,,,,
6890,11278,,,,19018.0,,,South,,,Broadacres,Avenue,,,,,,,,,,,,,90746.0,,Carson,Carson,,,,,Carson GIS,{65AD95D8-3FBB-41E4-A307-2576ED2DD6D4},0,,65AD95D8-3FBB-41E4-A307-2576ED2DD6D4,Unknown,,S,,,Ave,S Broadacres Ave,2015/03/24 09:32:55+00,19018 S Broadacres Ave Carson 90746,65AD95D8-3FBB-41E4-A307-2576ED2DD6D4_19018_S_Broadacres_Ave_Carson_90746,Broadacres,19018 S Broadacres Avenue Ave Carson 90746,,,,
6896,11284,,,,1812.0,,,East,,,Cyrene,Drive,,,,,,,,,,,,,90746.0,,Carson,Carson,,,,,Carson GIS,{221E504E-AD16-4C5C-95C4-2E63E25DCBF1},0,,221E504E-AD16-4C5C-95C4-2E63E25DCBF1,Unknown,,E,,,Dr,E Cyrene Dr,2015/03/24 09:32:55+00,1812 E Cyrene Dr Carson 90746,221E504E-AD16-4C5C-95C4-2E63E25DCBF1_1812_E_Cyrene_Dr_Carson_90746,Cyrene,1812 E Cyrene Drive Dr Carson 90746,,,,
6897,11285,,,,1606.0,,,East,,,Turmont,Street,,,,,,,,,,,,,90746.0,,Carson,Carson,,,,,Carson GIS,{A21162A7-4950-429D-B226-2F01B95763DC},0,,A21162A7-4950-429D-B226-2F01B95763DC,Unknown,,E,,,St,E Turmont St,2015/03/24 09:32:55+00,1606 E Turmont St Carson 90746,A21162A7-4950-429D-B226-2F01B95763DC_1606_E_Turmont_St_Carson_90746,Turmont,1606 E Turmont Street St Carson 90746,,,,
6904,11293,,,,258.0,,,East,,,189th,Street,,,,,,,,,,,,,90746.0,,Carson,Carson,,,,,Carson GIS,{A202BD53-D5E8-4811-BD73-FFBAD83668E8},0,,A202BD53-D5E8-4811-BD73-FFBAD83668E8,Unknown,,E,,,St,E 189th St,2015/03/24 09:32:55+00,258 E 189th St Carson 90746,A202BD53-D5E8-4811-BD73-FFBAD83668E8_258_E_189th_St_Carson_90746,189th,258 E 189th Street St Carson 90746,,,,
6905,11294,,,,420.0,,,East,,,189th,Street,,,,,,,,,,,,,90746.0,,Carson,Carson,,,,,Carson GIS,{48FD37C4-F694-4598-B68A-BCA1283AB2C3},0,,48FD37C4-F694-4598-B68A-BCA1283AB2C3,Unknown,,E,,,St,E 189th St,2015/03/24 09:32:55+00,420 E 189th St Carson 90746,48FD37C4-F694-4598-B68A-BCA1283AB2C3_420_E_189th_St_Carson_90746,189th,420 E 189th Street St Carson 90746,,,,
6912,11307,,,,424.0,,,East,,,185th,Street,,,,,,,,,,,,,90746.0,,Carson,Carson,,,,,Carson GIS,{D29445AB-B0A8-438D-829D-EB8DB7E3B131},0,,D29445AB-B0A8-438D-829D-EB8DB7E3B131,Unknown,,E,,,St,E 185th St,2015/03/24 09:32:55+00,424 E 185th St Carson 90746,D29445AB-B0A8-438D-829D-EB8DB7E3B131_424_E_185th_St_Carson_90746,185th,424 E 185th Street St Carson 90746,,,,
6927,11323,,,,18634.0,,,South,,,Milmore,Avenue,,,,,,,,,,,,,90746.0,,Carson,Carson,,,,,Carson GIS,{4D7694B9-6B25-4BA8-A208-C0EC698BB7B0},0,,4D7694B9-6B25-4BA8-A208-C0EC698BB7B0,Unknown,,S,,,Ave,S Milmore Ave,2015/03/24 09:32:55+00,18634 S Milmore Ave Carson 90746,4D7694B9-6B25-4BA8-A208-C0EC698BB7B0_18634_S_Milmore_Ave_Carson_90746,Milmore,18634 S Milmore Avenue Ave Carson 90746,,,,
6928,11324,,,,1472.0,,,East,,,Helmick,Street,,,,,,,,,,,,,90746.0,,Carson,Carson,,,,,Carson GIS,{5334AE5A-FA35-43E1-A065-A3BD07028EE6},0,,5334AE5A-FA35-43E1-A065-A3BD07028EE6,Unknown,,E,,,St,E Helmick St,2015/03/24 09:32:55+00,1472 E Helmick St Carson 90746,5334AE5A-FA35-43E1-A065-A3BD07028EE6_1472_E_Helmick_St_Carson_90746,Helmick,1472 E Helmick Street St Carson 90746,,,,
6931,11331,,,,18415.0,,,South,,,Cairo,Avenue,,,,,,,,,,,,,90746.0,,Carson,Carson,,,,,Carson GIS,{F709771D-F4EA-45EB-BDE6-9A7E5E652C31},0,,F709771D-F4EA-45EB-BDE6-9A7E5E652C31,Unknown,,S,,,Ave,S Cairo Ave,2015/03/24 09:32:55+00,18415 S Cairo Ave Carson 90746,F709771D-F4EA-45EB-BDE6-9A7E5E652C31_18415_S_Cairo_Ave_Carson_90746,Cairo,18415 S Cairo Avenue Ave Carson 90746,,,,
6933,11338,,,,1114.0,,,East,,,Denwall,Drive,,,,,,,,,,,,,90746.0,,Carson,Carson,,,,,Carson GIS,{6F3EA6F0-9054-44EB-A004-41EE0F464305},0,,6F3EA6F0-9054-44EB-A004-41EE0F464305,Unknown,,E,,,Dr,E Denwall Dr,2015/03/24 09:32:55+00,1114 E Denwall Dr Carson 90746,6F3EA6F0-9054-44EB-A004-41EE0F464305_1114_E_Denwall_Dr_Carson_90746,Denwall,1114 E Denwall Drive Dr Carson 90746,,,,
6943,11352,,,,19433.0,,,South,,,Harlan,Avenue,,,,,,,,,,,,,90746.0,,Carson,Carson,,,,,Carson GIS,{448012FC-18B5-4CC5-9618-0825BCB7CBE9},0,,448012FC-18B5-4CC5-9618-0825BCB7CBE9,Unknown,,S,,,Ave,S Harlan Ave,2015/03/24 09:32:55+00,19433 S Harlan Ave Carson 90746,448012FC-18B5-4CC5-9618-0825BCB7CBE9_19433_S_Harlan_Ave_Carson_90746,Harlan,19433 S Harlan Avenue Ave Carson 90746,,,,
6955,11371,,,,20208.0,,,South,,,Radlett,Avenue,,,,,,,,,,,,,90746.0,,Carson,Carson,,,,,Carson GIS,{D1983A81-AF87-4C5E-BE55-8264FC9FD634},0,,D1983A81-AF87-4C5E-BE55-8264FC9FD634,Unknown,,S,,,Ave,S Radlett Ave,2015/03/24 09:32:55+00,20208 S Radlett Ave Carson 90746,D1983A81-AF87-4C5E-BE55-8264FC9FD634_20208_S_Radlett_Ave_Carson_90746,Radlett,20208 S Radlett Avenue Ave Carson 90746,,,,
6960,11383,,,,1261.0,,,East,,,Dimondale,Drive,,,,,,,,,,,,,90746.0,,Carson,Carson,,,,,Carson GIS,{2D014E04-99AA-48C2-B5F5-A9CAF4D47CFD},0,,2D014E04-99AA-48C2-B5F5-A9CAF4D47CFD,Unknown,,E,,,Dr,E Dimondale Dr,2015/03/24 09:32:55+00,1261 E Dimondale Dr Carson 90746,2D014E04-99AA-48C2-B5F5-A9CAF4D47CFD_1261_E_Dimondale_Dr_Carson_90746,Dimondale,1261 E Dimondale Drive Dr Carson 90746,,,,
6963,11389,,,,1878.0,,,East,,,Cyrene,Drive,,,,,,,,,,,,,90746.0,,Carson,Carson,,,,,Carson GIS,{A7809073-87E4-4543-A728-63581A08254A},0,,A7809073-87E4-4543-A728-63581A08254A,Unknown,,E,,,Dr,E Cyrene Dr,2015/03/24 09:32:55+00,1878 E Cyrene Dr Carson 90746,A7809073-87E4-4543-A728-63581A08254A_1878_E_Cyrene_Dr_Carson_90746,Cyrene,1878 E Cyrene Drive Dr Carson 90746,,,,
6967,11393,,,,972.0,,,East,,,Turmont,Street,,,,,,,,,,,,,90746.0,,Carson,Carson,,,,,Carson GIS,{7B0F7390-2B2E-4054-B6D4-E1777A079ED2},0,,7B0F7390-2B2E-4054-B6D4-E1777A079ED2,Unknown,,E,,,St,E Turmont St,2015/03/24 09:32:55+00,972 E Turmont St Carson 90746,7B0F7390-2B2E-4054-B6D4-E1777A079ED2_972_E_Turmont_St_Carson_90746,Turmont,972 E Turmont Street St Carson 90746,,,,
6970,11398,,,,1811.0,,,East,,,Gladwick,Street,,,,,,,,,,,,,90746.0,,Carson,Carson,,,,,Carson GIS,{54CF2BB5-9306-4CA3-92D1-C9EF4F6ADD03},0,,54CF2BB5-9306-4CA3-92D1-C9EF4F6ADD03,Unknown,,E,,,St,E Gladwick St,2015/03/24 09:32:55+00,1811 E Gladwick St Carson 90746,54CF2BB5-9306-4CA3-92D1-C9EF4F6ADD03_1811_E_Gladwick_St_Carson_90746,Gladwick,1811 E Gladwick Street St Carson 90746,,,,
6971,11402,,,,161.0,,,East,,,Selandia,Lane,,,,,,,,,,,,,90746.0,,Carson,Carson,,,,,Carson GIS,{BCFBB00B-170E-4C66-A2FD-37467017BBD2},0,,BCFBB00B-170E-4C66-A2FD-37467017BBD2,Unknown,,E,,,Ln,E Selandia Ln,2015/03/24 09:32:55+00,161 E Selandia Ln Carson 90746,BCFBB00B-170E-4C66-A2FD-37467017BBD2_161_E_Selandia_Ln_Carson_90746,Selandia,161 E Selandia Lane Ln Carson 90746,,,,
6972,11403,,,,20102.0,,,South,,,Enslow,Drive,,,,,,,,,,,,,90746.0,,Carson,Carson,,,,,Carson GIS,{A86339F7-1142-40B4-8FF8-8BBC43987D03},0,,A86339F7-1142-40B4-8FF8-8BBC43987D03,Unknown,,S,,,Dr,S Enslow Dr,2015/03/24 09:32:55+00,20102 S Enslow Dr Carson 90746,A86339F7-1142-40B4-8FF8-8BBC43987D03_20102_S_Enslow_Dr_Carson_90746,Enslow,20102 S Enslow Drive Dr Carson 90746,,,,
6973,11406,,,,321.0,,,East,,,186th,Street,,,,,,,,,,,,,90746.0,,Carson,Carson,,,,,Carson GIS,{9AFBBBBB-836B-44DC-B427-A213FCE3A8A2},0,,9AFBBBBB-836B-44DC-B427-A213FCE3A8A2,Unknown,,E,,,St,E 186th St,2015/03/24 09:32:55+00,321 E 186th St Carson 90746,9AFBBBBB-836B-44DC-B427-A213FCE3A8A2_321_E_186th_St_Carson_90746,186th,321 E 186th Street St Carson 90746,,,,
6983,11426,,,,966.0,,,East,,,Turmont,Street,,,,,,,,,,,,,90746.0,,Carson,Carson,,,,,Carson GIS,{2B39A453-2292-4A68-BA33-B45FD06A404C},0,,2B39A453-2292-4A68-BA33-B45FD06A404C,Unknown,,E,,,St,E Turmont St,2015/03/24 09:32:55+00,966 E Turmont St Carson 90746,2B39A453-2292-4A68-BA33-B45FD06A404C_966_E_Turmont_St_Carson_90746,Turmont,966 E Turmont Street St Carson 90746,,,,
6992,11436,,,,18203.0,,,South,,,Milmore,Avenue,,,,,,,,,,,,,90746.0,,Carson,Carson,,,,,Carson GIS,{A7D3AA41-84AB-4536-BBB0-012EDC73AEF6},0,,A7D3AA41-84AB-4536-BBB0-012EDC73AEF6,Unknown,,S,,,Ave,S Milmore Ave,2015/03/24 09:32:55+00,18203 S Milmore Ave Carson 90746,A7D3AA41-84AB-4536-BBB0-012EDC73AEF6_18203_S_Milmore_Ave_Carson_90746,Milmore,18203 S Milmore Avenue Ave Carson 90746,,,,
7018,11473,,,,19213.0,,,South,,,Broadacres,Avenue,,,,,,,,,,,,,90746.0,,Carson,Carson,,,,,Carson GIS,{036AA3B0-4496-4FE8-94C5-7F379DCEE011},0,,036AA3B0-4496-4FE8-94C5-7F379DCEE011,Unknown,,S,,,Ave,S Broadacres Ave,2015/03/24 09:32:55+00,19213 S Broadacres Ave Carson 90746,036AA3B0-4496-4FE8-94C5-7F379DCEE011_19213_S_Broadacres_Ave_Carson_90746,Broadacres,19213 S Broadacres Avenue Ave Carson 90746,,,,
7026,11489,,,,1473.0,,,East,,,Gladwick,Street,,,,,,,,,,,,,90746.0,,Carson,Carson,,,,,Carson GIS,{4C90277C-023F-4490-8000-9A47EF102E23},0,,4C90277C-023F-4490-8000-9A47EF102E23,Unknown,,E,,,St,E Gladwick St,2015/03/24 09:32:55+00,1473 E Gladwick St Carson 90746,4C90277C-023F-4490-8000-9A47EF102E23_1473_E_Gladwick_St_Carson_90746,Gladwick,1473 E Gladwick Street St Carson 90746,,,,
7027,11492,,,,1734.0,,,East,,,Turmont,Street,,,,,,,,,,,,,90746.0,,Carson,Carson,,,,,Carson GIS,{920A0DAD-D789-482E-85C8-A6DA71590F7B},0,,920A0DAD-D789-482E-85C8-A6DA71590F7B,Unknown,,E,,,St,E Turmont St,2015/03/24 09:32:55+00,1734 E Turmont St Carson 90746,920A0DAD-D789-482E-85C8-A6DA71590F7B_1734_E_Turmont_St_Carson_90746,Turmont,1734 E Turmont Street St Carson 90746,,,,
7042,11517,,,,18325.0,,,South,,,Milmore,Avenue,,,,,,,,,,,,,90746.0,,Carson,Carson,,,,,Carson GIS,{41D383A6-3ACA-4DD9-B9B8-EB107361BDD7},0,,41D383A6-3ACA-4DD9-B9B8-EB107361BDD7,Unknown,,S,,,Ave,S Milmore Ave,2015/03/24 09:32:55+00,18325 S Milmore Ave Carson 90746,41D383A6-3ACA-4DD9-B9B8-EB107361BDD7_18325_S_Milmore_Ave_Carson_90746,Milmore,18325 S Milmore Avenue Ave Carson 90746,,,,
7050,11528,,,,1069.0,,,East,,,Denwall,Drive,,,,,,,,,,,,,90746.0,,Carson,Carson,,,,,Carson GIS,{9EAE149D-C52A-44A0-B1C4-07F7593A20ED},0,,9EAE149D-C52A-44A0-B1C4-07F7593A20ED,Unknown,,E,,,Dr,E Denwall Dr,2015/03/24 09:32:55+00,1069 E Denwall Dr Carson 90746,9EAE149D-C52A-44A0-B1C4-07F7593A20ED_1069_E_Denwall_Dr_Carson_90746,Denwall,1069 E Denwall Drive Dr Carson 90746,,,,
7052,11530,,,,416.0,,,East,,,Bradenhall,Drive,,,,,,,,,,,,,90746.0,,Carson,Carson,,,,,Carson GIS,{6DB8AB63-8FE8-4FEA-8C13-1EF8EC310C77},0,,6DB8AB63-8FE8-4FEA-8C13-1EF8EC310C77,Unknown,,E,,,Dr,E Bradenhall Dr,2015/03/24 09:32:55+00,416 E Bradenhall Dr Carson 90746,6DB8AB63-8FE8-4FEA-8C13-1EF8EC310C77_416_E_Bradenhall_Dr_Carson_90746,Bradenhall,416 E Bradenhall Drive Dr Carson 90746,,,,
7053,11531,,,,20229.0,,,South,,,Belshaw,Avenue,,,,,,,,,,,,,90746.0,,Carson,Carson,,,,,Carson GIS,{6518E3FF-22F9-4CA3-A946-E572CB631A27},0,,6518E3FF-22F9-4CA3-A946-E572CB631A27,Unknown,,S,,,Ave,S Belshaw Ave,2015/03/24 09:32:55+00,20229 S Belshaw Ave Carson 90746,6518E3FF-22F9-4CA3-A946-E572CB631A27_20229_S_Belshaw_Ave_Carson_90746,Belshaw,20229 S Belshaw Avenue Ave Carson 90746,,,,
7054,11533,,,,19433.0,,,South,,,Tajauta,Avenue,,,,,,,,,,,,,90746.0,,Carson,Carson,,,,,Carson GIS,{25191551-465A-44BD-BAF8-0827EF759712},0,,25191551-465A-44BD-BAF8-0827EF759712,Unknown,,S,,,Ave,S Tajauta Ave,2015/03/24 09:32:55+00,19433 S Tajauta Ave Carson 90746,25191551-465A-44BD-BAF8-0827EF759712_19433_S_Tajauta_Ave_Carson_90746,Tajauta,19433 S Tajauta Avenue Ave Carson 90746,,,,
7078,11578,,,,1208.0,,,East,,,Denwall,Drive,,,,,,,,,,,,,90746.0,,Carson,Carson,,,,,Carson GIS,{FAF6595B-2828-407B-948D-76A6442C566B},0,,FAF6595B-2828-407B-948D-76A6442C566B,Unknown,,E,,,Dr,E Denwall Dr,2015/03/24 09:32:55+00,1208 E Denwall Dr Carson 90746,FAF6595B-2828-407B-948D-76A6442C566B_1208_E_Denwall_Dr_Carson_90746,Denwall,1208 E Denwall Drive Dr Carson 90746,,,,
7094,11611,,,,1728.0,,,East,,,Abbottson,Street,,,,,,,,,,,,,90746.0,,Carson,Carson,,,,,Carson GIS,{B76B7359-FDC4-4A22-8EAA-450D30F7DA4D},0,,B76B7359-FDC4-4A22-8EAA-450D30F7DA4D,Unknown,,E,,,St,E Abbottson St,2015/03/24 09:32:55+00,1728 E Abbottson St Carson 90746,B76B7359-FDC4-4A22-8EAA-450D30F7DA4D_1728_E_Abbottson_St_Carson_90746,Abbottson,1728 E Abbottson Street St Carson 90746,,,,
7103,11631,,,,531.0,,,East,,,Kenbridge,Drive,,,,,,,,,,,,,90746.0,,Carson,Carson,,,,,Carson GIS,{B5448220-CF70-4710-ABE1-6F0142D360C8},0,,B5448220-CF70-4710-ABE1-6F0142D360C8,Unknown,,E,,,Dr,E Kenbridge Dr,2015/03/24 09:32:55+00,531 E Kenbridge Dr Carson 90746,B5448220-CF70-4710-ABE1-6F0142D360C8_531_E_Kenbridge_Dr_Carson_90746,Kenbridge,531 E Kenbridge Drive Dr Carson 90746,,,,
7107,11636,,,,526.0,,,East,,,Moorehaven,Drive,,,,,,,,,,,,,90746.0,,Carson,Carson,,,,,Carson GIS,{3DB49638-8609-4C7B-9FFC-0D54BD40BEE5},0,,3DB49638-8609-4C7B-9FFC-0D54BD40BEE5,Unknown,,E,,,Dr,E Moorehaven Dr,2015/03/24 09:32:55+00,526 E Moorehaven Dr Carson 90746,3DB49638-8609-4C7B-9FFC-0D54BD40BEE5_526_E_Moorehaven_Dr_Carson_90746,Moorehaven,526 E Moorehaven Drive Dr Carson 90746,,,,
7115,11652,,,,308.0,,,East,,,Sherman,Drive,,,,,,,,,,,,,90746.0,,Carson,Carson,,,,,Carson GIS,{7B739BEF-D1AE-459A-ABA1-A065199534F4},0,,7B739BEF-D1AE-459A-ABA1-A065199534F4,Unknown,,E,,,Dr,E Sherman Dr,2015/03/24 09:32:55+00,308 E Sherman Dr Carson 90746,7B739BEF-D1AE-459A-ABA1-A065199534F4_308_E_Sherman_Dr_Carson_90746,Sherman,308 E Sherman Drive Dr Carson 90746,,,,
7116,11653,,,,19323.0,,,South,,,Craigjon,Avenue,,,,,,,,,,,,,90746.0,,Carson,Carson,,,,,Carson GIS,{7D70E7D3-C561-4A3B-9BCC-5FDD6DEECF83},0,,7D70E7D3-C561-4A3B-9BCC-5FDD6DEECF83,Unknown,,S,,,Ave,S Craigjon Ave,2015/03/24 09:32:55+00,19323 S Craigjon Ave Carson 90746,7D70E7D3-C561-4A3B-9BCC-5FDD6DEECF83_19323_S_Craigjon_Ave_Carson_90746,Craigjon,19323 S Craigjon Avenue Ave Carson 90746,,,,
7118,11655,,,,19437.0,,,South,,,Northwood,Avenue,,,,,,,,,,,,,90746.0,,Carson,Carson,,,,,Carson GIS,{9759ECE3-2751-49B4-95B4-BF98D826E6CF},0,,9759ECE3-2751-49B4-95B4-BF98D826E6CF,Unknown,,S,,,Ave,S Northwood Ave,2015/03/24 09:32:55+00,19437 S Northwood Ave Carson 90746,9759ECE3-2751-49B4-95B4-BF98D826E6CF_19437_S_Northwood_Ave_Carson_90746,Northwood,19437 S Northwood Avenue Ave Carson 90746,,,,
7119,11657,,,,19102.0,,,South,,,Nestor,Avenue,,,,,,,,,,,,,90746.0,,Carson,Carson,,,,,Carson GIS,{2EE00C27-0789-4B68-88D1-098E0973AA8F},0,,2EE00C27-0789-4B68-88D1-098E0973AA8F,Unknown,,S,,,Ave,S Nestor Ave,2015/03/24 09:32:55+00,19102 S Nestor Ave Carson 90746,2EE00C27-0789-4B68-88D1-098E0973AA8F_19102_S_Nestor_Ave_Carson_90746,Nestor,19102 S Nestor Avenue Ave Carson 90746,,,,
7130,11670,,,,1618.0,,,East,,,Helmick,Street,,,,,,,,,,,,,90746.0,,Carson,Carson,,,,,Carson GIS,{11886F3A-3299-41EE-9EA8-8D4BDC05109D},0,,11886F3A-3299-41EE-9EA8-8D4BDC05109D,Unknown,,E,,,St,E Helmick St,2015/03/24 09:32:55+00,1618 E Helmick St Carson 90746,11886F3A-3299-41EE-9EA8-8D4BDC05109D_1618_E_Helmick_St_Carson_90746,Helmick,1618 E Helmick Street St Carson 90746,,,,
7146,11693,,,,17980.0,,,South,,,Savarona,Way,,,,,,,,,,,,,90746.0,,Carson,Carson,,,,,Carson GIS,{F43C44CA-1ACA-489B-B43B-839BD172AD93},0,,F43C44CA-1ACA-489B-B43B-839BD172AD93,Unknown,,S,,,Wy,S Savarona Wy,2015/03/24 09:32:55+00,17980 S Savarona Wy Carson 90746,F43C44CA-1ACA-489B-B43B-839BD172AD93_17980_S_Savarona_Wy_Carson_90746,Savarona,17980 S Savarona Way Wy Carson 90746,,,,
7147,11694,,,,18728.0,,,South,,,Mettler,Avenue,,,,,,,,,,,,,90746.0,,Carson,Carson,,,,,Carson GIS,{542C2F40-ED06-4869-B873-19CE75D00E39},0,,542C2F40-ED06-4869-B873-19CE75D00E39,Unknown,,S,,,Ave,S Mettler Ave,2015/03/24 09:32:55+00,18728 S Mettler Ave Carson 90746,542C2F40-ED06-4869-B873-19CE75D00E39_18728_S_Mettler_Ave_Carson_90746,Mettler,18728 S Mettler Avenue Ave Carson 90746,,,,
7148,11695,,,,1004.0,,,East,,,Gladwick,Street,,,,,,,,,,,,,90746.0,,Carson,Carson,,,,,Carson GIS,{D5AAAD35-531F-4BDF-B8DA-8BD64E7E2EFC},0,,D5AAAD35-531F-4BDF-B8DA-8BD64E7E2EFC,Unknown,,E,,,St,E Gladwick St,2015/03/24 09:32:55+00,1004 E Gladwick St Carson 90746,D5AAAD35-531F-4BDF-B8DA-8BD64E7E2EFC_1004_E_Gladwick_St_Carson_90746,Gladwick,1004 E Gladwick Street St Carson 90746,,,,
7149,11696,,,,19113.0,,,South,,,Andmark,Avenue,,,,,,,,,,,,,90746.0,,Carson,Carson,,,,,Carson GIS,{989A4DF8-50E3-4D0D-94D2-7A038FC56B4C},0,,989A4DF8-50E3-4D0D-94D2-7A038FC56B4C,Unknown,,S,,,Ave,S Andmark Ave,2015/03/24 09:32:55+00,19113 S Andmark Ave Carson 90746,989A4DF8-50E3-4D0D-94D2-7A038FC56B4C_19113_S_Andmark_Ave_Carson_90746,Andmark,19113 S Andmark Avenue Ave Carson 90746,,,,
7150,11699,,,,1602.0,,,East,,,Abbottson,Street,,,,,,,,,,,,,90746.0,,Carson,Carson,,,,,Carson GIS,{91ED2FA0-C183-4576-A5B7-8DD8AD63E5D1},0,,91ED2FA0-C183-4576-A5B7-8DD8AD63E5D1,Unknown,,E,,,St,E Abbottson St,2015/03/24 09:32:55+00,1602 E Abbottson St Carson 90746,91ED2FA0-C183-4576-A5B7-8DD8AD63E5D1_1602_E_Abbottson_St_Carson_90746,Abbottson,1602 E Abbottson Street St Carson 90746,,,,
7157,11706,,,,1874.0,,,East,,,Gladwick,Street,,,,,,,,,,,,,90746.0,,Carson,Carson,,,,,Carson GIS,{48549FC5-8F8C-4D25-91DE-BAFF49BC2A99},0,,48549FC5-8F8C-4D25-91DE-BAFF49BC2A99,Unknown,,E,,,St,E Gladwick St,2015/03/24 09:32:55+00,1874 E Gladwick St Carson 90746,48549FC5-8F8C-4D25-91DE-BAFF49BC2A99_1874_E_Gladwick_St_Carson_90746,Gladwick,1874 E Gladwick Street St Carson 90746,,,,
7161,11711,,,,138.0,,,East,,,Savarona,Way,,,,,,,,,,,,,90746.0,,Carson,Carson,,,,,Carson GIS,{92472DDA-7F70-4F24-A91B-B38456BBD97F},0,,92472DDA-7F70-4F24-A91B-B38456BBD97F,Unknown,,E,,,Wy,E Savarona Wy,2015/03/24 09:32:55+00,138 E Savarona Wy Carson 90746,92472DDA-7F70-4F24-A91B-B38456BBD97F_138_E_Savarona_Wy_Carson_90746,Savarona,138 E Savarona Way Wy Carson 90746,,,,
7173,11733,,,,328.0,,,East,,,185th,Street,,,,,,,,,,,,,90746.0,,Carson,Carson,,,,,Carson GIS,{EAD142BB-F63B-40B1-B6A3-2D511E3A8E8A},0,,EAD142BB-F63B-40B1-B6A3-2D511E3A8E8A,Unknown,,E,,,St,E 185th St,2015/03/24 09:32:55+00,328 E 185th St Carson 90746,EAD142BB-F63B-40B1-B6A3-2D511E3A8E8A_328_E_185th_St_Carson_90746,185th,328 E 185th Street St Carson 90746,,,,
7178,11750,,,,530.0,,,East,,,Moorehaven,Drive,,,,,,,,,,,,,90746.0,,Carson,Carson,,,,,Carson GIS,{2B7F6598-1D83-497A-940E-881FF8FF83B7},0,,2B7F6598-1D83-497A-940E-881FF8FF83B7,Unknown,,E,,,Dr,E Moorehaven Dr,2015/03/24 09:32:55+00,530 E Moorehaven Dr Carson 90746,2B7F6598-1D83-497A-940E-881FF8FF83B7_530_E_Moorehaven_Dr_Carson_90746,Moorehaven,530 E Moorehaven Drive Dr Carson 90746,,,,
7184,11758,,,,20209.0,,,South,,,Scobey,Avenue,,,,,,,,,,,,,90746.0,,Carson,Carson,,,,,Carson GIS,{7E584499-5A19-46B0-9B26-6A4FE665F0A3},0,,7E584499-5A19-46B0-9B26-6A4FE665F0A3,Unknown,,S,,,Ave,S Scobey Ave,2015/03/24 09:32:55+00,20209 S Scobey Ave Carson 90746,7E584499-5A19-46B0-9B26-6A4FE665F0A3_20209_S_Scobey_Ave_Carson_90746,Scobey,20209 S Scobey Avenue Ave Carson 90746,,,,
7203,11787,,,,331.0,,,East,,,Centerview,Drive,,,,,,,,,,,,,90746.0,,Carson,Carson,,,,,Carson GIS,{FE7F3F30-FF68-425B-B782-51F65BA96A87},0,,FE7F3F30-FF68-425B-B782-51F65BA96A87,Unknown,,E,,,Dr,E Centerview Dr,2015/03/24 09:32:55+00,331 E Centerview Dr Carson 90746,FE7F3F30-FF68-425B-B782-51F65BA96A87_331_E_Centerview_Dr_Carson_90746,Centerview,331 E Centerview Drive Dr Carson 90746,,,,
7207,11801,,,,17909.0,,,South,,,Adria Maru,Lane,,,,,,,,,,,,,90746.0,,Carson,Carson,,,,,Carson GIS,{F421D9CF-D876-4B4C-8F8A-A1538328C193},0,,F421D9CF-D876-4B4C-8F8A-A1538328C193,Unknown,,S,,,Ln,S Adria Maru Ln,2015/03/24 09:32:55+00,17909 S Adria Maru Ln Carson 90746,F421D9CF-D876-4B4C-8F8A-A1538328C193_17909_S_Adria_Maru_Ln_Carson_90746,Adria Maru,17909 S Adria Maru Lane Ln Carson 90746,,,,
7208,11802,,,,600.0,,,East,,,Turmont,Street,,,,,,,,,,,,,90746.0,,Carson,Carson,,,,,Carson GIS,{CCECE637-7A53-45D4-A179-89581FD976FE},0,,CCECE637-7A53-45D4-A179-89581FD976FE,Unknown,,E,,,St,E Turmont St,2015/03/24 09:32:55+00,600 E Turmont St Carson 90746,CCECE637-7A53-45D4-A179-89581FD976FE_600_E_Turmont_St_Carson_90746,Turmont,600 E Turmont Street St Carson 90746,,,,
7209,11803,,,,18625.0,,,South,,,Avalon,Boulevard,,,,,,,,,,,,,90746.0,,Carson,Carson,,,,,Carson GIS,{2B403B38-5EE0-41ED-AD6E-82F4884A8C6A},0,,2B403B38-5EE0-41ED-AD6E-82F4884A8C6A,Unknown,,S,,,Blvd,S Avalon Blvd,2015/03/24 09:32:55+00,18625 S Avalon Blvd Carson 90746,2B403B38-5EE0-41ED-AD6E-82F4884A8C6A_18625_S_Avalon_Blvd_Carson_90746,Avalon,18625 S Avalon Boulevard Blvd Carson 90746,,,,
7220,11823,,,,228.0,,,East,,,Star Of India,Lane,,,,,,,,,,,,,90746.0,,Carson,Carson,,,,,Carson GIS,{A744702F-F723-43D4-9B58-4AD0309B6B73},0,,A744702F-F723-43D4-9B58-4AD0309B6B73,Unknown,,E,,,Ln,E Star Of India Ln,2015/03/24 09:32:55+00,228 E Star Of India Ln Carson 90746,A744702F-F723-43D4-9B58-4AD0309B6B73_228_E_Star_Of_India_Ln_Carson_90746,Star Of India,228 E Star Of India Lane Ln Carson 90746,,,,
7222,11826,,,,1865.0,,,East,,,Kramer,Drive,,,,,,,,,,,,,90746.0,,Carson,Carson,,,,,Carson GIS,{02B2FDC4-09ED-4CE6-971F-2832210600CA},0,,02B2FDC4-09ED-4CE6-971F-2832210600CA,Unknown,,E,,,Dr,E Kramer Dr,2015/03/24 09:32:55+00,1865 E Kramer Dr Carson 90746,02B2FDC4-09ED-4CE6-971F-2832210600CA_1865_E_Kramer_Dr_Carson_90746,Kramer,1865 E Kramer Drive Dr Carson 90746,,,,
7231,11841,,,,309.0,,,East,,,Bradenhall,Drive,,,,,,,,,,,,,90746.0,,Carson,Carson,,,,,Carson GIS,{42E09D5F-AD81-4585-94CD-6B1816198C9B},0,,42E09D5F-AD81-4585-94CD-6B1816198C9B,Unknown,,E,,,Dr,E Bradenhall Dr,2015/03/24 09:32:55+00,309 E Bradenhall Dr Carson 90746,42E09D5F-AD81-4585-94CD-6B1816198C9B_309_E_Bradenhall_Dr_Carson_90746,Bradenhall,309 E Bradenhall Drive Dr Carson 90746,,,,
7246,11867,,,,18229.0,,,South,,,Avalon,Boulevard,,,,,,,,,,,,,90746.0,,Carson,Carson,,,,,Carson GIS,{D8A23300-BE75-47DF-AC85-662B3A26B03C},0,,D8A23300-BE75-47DF-AC85-662B3A26B03C,Unknown,,S,,,Blvd,S Avalon Blvd,2015/03/24 09:32:55+00,18229 S Avalon Blvd Carson 90746,D8A23300-BE75-47DF-AC85-662B3A26B03C_18229_S_Avalon_Blvd_Carson_90746,Avalon,18229 S Avalon Boulevard Blvd Carson 90746,,,,
7248,11869,,,,20212.0,,,South,,,Amantha,Avenue,,,,,,,,,,,,,90746.0,,Carson,Carson,,,,,Carson GIS,{9611785C-A2B2-49C7-9F3A-90A8F1776FFA},0,,9611785C-A2B2-49C7-9F3A-90A8F1776FFA,Unknown,,S,,,Ave,S Amantha Ave,2015/03/24 09:32:55+00,20212 S Amantha Ave Carson 90746,9611785C-A2B2-49C7-9F3A-90A8F1776FFA_20212_S_Amantha_Ave_Carson_90746,Amantha,20212 S Amantha Avenue Ave Carson 90746,,,,
7249,11870,,,,1852.0,,,East,,,Turmont,Street,,,,,,,,,,,,,90746.0,,Carson,Carson,,,,,Carson GIS,{F819D8C2-1C59-4BF3-AEAC-1D7AC7CA0ABC},0,,F819D8C2-1C59-4BF3-AEAC-1D7AC7CA0ABC,Unknown,,E,,,St,E Turmont St,2015/03/24 09:32:55+00,1852 E Turmont St Carson 90746,F819D8C2-1C59-4BF3-AEAC-1D7AC7CA0ABC_1852_E_Turmont_St_Carson_90746,Turmont,1852 E Turmont Street St Carson 90746,,,,
7265,11893,,,,20009.0,,,South,,,Belshaw,Avenue,,,,,,,,,,,,,90746.0,,Carson,Carson,,,,,Carson GIS,{1AEA0F1B-20C5-4351-9F6A-D0B57AE205FB},0,,1AEA0F1B-20C5-4351-9F6A-D0B57AE205FB,Unknown,,S,,,Ave,S Belshaw Ave,2015/03/24 09:32:55+00,20009 S Belshaw Ave Carson 90746,1AEA0F1B-20C5-4351-9F6A-D0B57AE205FB_20009_S_Belshaw_Ave_Carson_90746,Belshaw,20009 S Belshaw Avenue Ave Carson 90746,,,,
7267,11897,,,,19402.0,,,South,,,Cliveden,Avenue,,,,,,,,,,,,,90746.0,,Carson,Carson,,,,,Carson GIS,{3AC3A8D3-C442-4325-BE9E-8064F1AA17BB},0,,3AC3A8D3-C442-4325-BE9E-8064F1AA17BB,Unknown,,S,,,Ave,S Cliveden Ave,2015/03/24 09:32:55+00,19402 S Cliveden Ave Carson 90746,3AC3A8D3-C442-4325-BE9E-8064F1AA17BB_19402_S_Cliveden_Ave_Carson_90746,Cliveden,19402 S Cliveden Avenue Ave Carson 90746,,,,
7269,11899,,,,20318.0,,,South,,,Tillman,Avenue,,,,,,,,,,,,,90746.0,,Carson,Carson,,,,,Carson GIS,{E7A43F64-35CA-4EA0-8770-7D4C6933EF56},0,,E7A43F64-35CA-4EA0-8770-7D4C6933EF56,Unknown,,S,,,Ave,S Tillman Ave,2015/03/24 09:32:55+00,20318 S Tillman Ave Carson 90746,E7A43F64-35CA-4EA0-8770-7D4C6933EF56_20318_S_Tillman_Ave_Carson_90746,Tillman,20318 S Tillman Avenue Ave Carson 90746,,,,
7277,11908,,,,1741.0,,,East,,,Helmick,Street,,,,,,,,,,,,,90746.0,,Carson,Carson,,,,,Carson GIS,{62154C91-5B3C-4134-8205-E432D269A482},0,,62154C91-5B3C-4134-8205-E432D269A482,Unknown,,E,,,St,E Helmick St,2015/03/24 09:32:55+00,1741 E Helmick St Carson 90746,62154C91-5B3C-4134-8205-E432D269A482_1741_E_Helmick_St_Carson_90746,Helmick,1741 E Helmick Street St Carson 90746,,,,
7289,11929,,,,563.0,,,East,,,Kenbridge,Drive,,,,,,,,,,,,,90746.0,,Carson,Carson,,,,,Carson GIS,{589FAAC3-4307-4A04-B4D1-7446D26E7444},0,,589FAAC3-4307-4A04-B4D1-7446D26E7444,Unknown,,E,,,Dr,E Kenbridge Dr,2015/03/24 09:32:55+00,563 E Kenbridge Dr Carson 90746,589FAAC3-4307-4A04-B4D1-7446D26E7444_563_E_Kenbridge_Dr_Carson_90746,Kenbridge,563 E Kenbridge Drive Dr Carson 90746,,,,
7312,11958,,,,1007.0,,,East,,,Gladwick,Street,,,,,,,,,,,,,90746.0,,Carson,Carson,,,,,Carson GIS,{310025B3-DD4E-4A7C-9706-76D16950BF21},0,,310025B3-DD4E-4A7C-9706-76D16950BF21,Unknown,,E,,,St,E Gladwick St,2015/03/24 09:32:55+00,1007 E Gladwick St Carson 90746,310025B3-DD4E-4A7C-9706-76D16950BF21_1007_E_Gladwick_St_Carson_90746,Gladwick,1007 E Gladwick Street St Carson 90746,,,,
7326,11978,,,,17227.0,,,South,,,Billings,Drive,,,,,,,,,,,,,90746.0,,Carson,Carson,,,,,Carson GIS,{C3E3ED4D-3B8D-45F7-9F4E-0DA760EF8CBE},0,,C3E3ED4D-3B8D-45F7-9F4E-0DA760EF8CBE,Unknown,,S,,,Dr,S Billings Dr,2015/03/24 09:32:55+00,17227 S Billings Dr Carson 90746,C3E3ED4D-3B8D-45F7-9F4E-0DA760EF8CBE_17227_S_Billings_Dr_Carson_90746,Billings,17227 S Billings Drive Dr Carson 90746,,,,
7332,11988,,,,17331.0,,,South,,,Bonham,Avenue,,,,,,,,,,,,,90746.0,,Carson,Carson,,,,,Carson GIS,{0531DD58-12BA-4124-B0A4-F009A7E4FD20},0,,0531DD58-12BA-4124-B0A4-F009A7E4FD20,Unknown,,S,,,Ave,S Bonham Ave,2015/03/24 09:32:55+00,17331 S Bonham Ave Carson 90746,0531DD58-12BA-4124-B0A4-F009A7E4FD20_17331_S_Bonham_Ave_Carson_90746,Bonham,17331 S Bonham Avenue Ave Carson 90746,,,,
7333,11989,,,,1102.0,,,East,,,Turmont,Street,,,,,,,,,,,,,90746.0,,Carson,Carson,,,,,Carson GIS,{1FE4026B-D408-4235-ACB6-F8D5133D4983},0,,1FE4026B-D408-4235-ACB6-F8D5133D4983,Unknown,,E,,,St,E Turmont St,2015/03/24 09:32:55+00,1102 E Turmont St Carson 90746,1FE4026B-D408-4235-ACB6-F8D5133D4983_1102_E_Turmont_St_Carson_90746,Turmont,1102 E Turmont Street St Carson 90746,,,,
7353,12018,,,,129.0,,,East,,,Savarona,Way,,,,,,,,,,,,,90746.0,,Carson,Carson,,,,,Carson GIS,{9684F167-3851-4A3E-AC81-63F28FDB0ACC},0,,9684F167-3851-4A3E-AC81-63F28FDB0ACC,Unknown,,E,,,Wy,E Savarona Wy,2015/03/24 09:32:55+00,129 E Savarona Wy Carson 90746,9684F167-3851-4A3E-AC81-63F28FDB0ACC_129_E_Savarona_Wy_Carson_90746,Savarona,129 E Savarona Way Wy Carson 90746,,,,
7364,12031,,,,1118.0,,,East,,,Gladwick,Street,,,,,,,,,,,,,90746.0,,Carson,Carson,,,,,Carson GIS,{58855C69-4B8C-42A3-9C27-48AA777A8CEC},0,,58855C69-4B8C-42A3-9C27-48AA777A8CEC,Unknown,,E,,,St,E Gladwick St,2015/03/24 09:32:55+00,1118 E Gladwick St Carson 90746,58855C69-4B8C-42A3-9C27-48AA777A8CEC_1118_E_Gladwick_St_Carson_90746,Gladwick,1118 E Gladwick Street St Carson 90746,,,,
7365,12033,,,,19719.0,,,South,,,Annalee,Avenue,,,,,,,,,,,,,90746.0,,Carson,Carson,,,,,Carson GIS,{9C9E16C9-782F-449D-A98C-B729905CC377},0,,9C9E16C9-782F-449D-A98C-B729905CC377,Unknown,,S,,,Ave,S Annalee Ave,2015/03/24 09:32:55+00,19719 S Annalee Ave Carson 90746,9C9E16C9-782F-449D-A98C-B729905CC377_19719_S_Annalee_Ave_Carson_90746,Annalee,19719 S Annalee Avenue Ave Carson 90746,,,,
7372,12047,,,,18629.0,,,South,,,Avalon,Boulevard,,,,,,,,,,,,,90746.0,,Carson,Carson,,,,,Carson GIS,{1B29EA3C-BCD8-47C9-A4E0-DDEEA0516D63},0,,1B29EA3C-BCD8-47C9-A4E0-DDEEA0516D63,Unknown,,S,,,Blvd,S Avalon Blvd,2015/03/24 09:32:55+00,18629 S Avalon Blvd Carson 90746,1B29EA3C-BCD8-47C9-A4E0-DDEEA0516D63_18629_S_Avalon_Blvd_Carson_90746,Avalon,18629 S Avalon Boulevard Blvd Carson 90746,,,,
7375,12051,,,,235.0,,,East,,,185th,Street,,,,,,,,,,,,,90746.0,,Carson,Carson,,,,,Carson GIS,{93C68B2E-B4BF-489A-82DA-5CE25325573B},0,,93C68B2E-B4BF-489A-82DA-5CE25325573B,Unknown,,E,,,St,E 185th St,2015/03/24 09:32:55+00,235 E 185th St Carson 90746,93C68B2E-B4BF-489A-82DA-5CE25325573B_235_E_185th_St_Carson_90746,185th,235 E 185th Street St Carson 90746,,,,
7413,12110,,,,19102.0,,,South,,,Gunlock,Avenue,,,,,,,,,,,,,90746.0,,Carson,Carson,,,,,Carson GIS,{1D9ABC5C-78E3-4364-8445-76456613CC6E},0,,1D9ABC5C-78E3-4364-8445-76456613CC6E,Unknown,,S,,,Ave,S Gunlock Ave,2015/03/24 09:32:55+00,19102 S Gunlock Ave Carson 90746,1D9ABC5C-78E3-4364-8445-76456613CC6E_19102_S_Gunlock_Ave_Carson_90746,Gunlock,19102 S Gunlock Avenue Ave Carson 90746,,,,
7414,12111,,,,17117.0,,,South,,,Saldee,Drive,,,,,,,,,,,,,90746.0,,Carson,Carson,,,,,Carson GIS,{92EEB4DB-9154-4673-8526-1F2ACF747DA0},0,,92EEB4DB-9154-4673-8526-1F2ACF747DA0,Unknown,,S,,,Dr,S Saldee Dr,2015/03/24 09:32:55+00,17117 S Saldee Dr Carson 90746,92EEB4DB-9154-4673-8526-1F2ACF747DA0_17117_S_Saldee_Dr_Carson_90746,Saldee,17117 S Saldee Drive Dr Carson 90746,,,,
7430,12142,,,,20308.0,,,South,,,Annalee,Avenue,,,,,,,,,,,,,90746.0,,Carson,Carson,,,,,Carson GIS,{53B90E18-F0FF-4CCF-97BB-E52697F1CDF3},0,,53B90E18-F0FF-4CCF-97BB-E52697F1CDF3,Unknown,,S,,,Ave,S Annalee Ave,2015/03/24 09:32:55+00,20308 S Annalee Ave Carson 90746,53B90E18-F0FF-4CCF-97BB-E52697F1CDF3_20308_S_Annalee_Ave_Carson_90746,Annalee,20308 S Annalee Avenue Ave Carson 90746,,,,
7437,12151,,,,20012.0,,,South,,,Enslow,Drive,,,,,,,,,,,,,90746.0,,Carson,Carson,,,,,Carson GIS,{B85C77AA-2B4F-4251-B746-4C75C81D7F64},0,,B85C77AA-2B4F-4251-B746-4C75C81D7F64,Unknown,,S,,,Dr,S Enslow Dr,2015/03/24 09:32:55+00,20012 S Enslow Dr Carson 90746,B85C77AA-2B4F-4251-B746-4C75C81D7F64_20012_S_Enslow_Dr_Carson_90746,Enslow,20012 S Enslow Drive Dr Carson 90746,,,,
7443,12163,,,,508.0,,,East,,,Kenbridge,Drive,,,,,,,,,,,,,90746.0,,Carson,Carson,,,,,Carson GIS,{7FDB3370-B088-40F3-987C-141A22A9C856},0,,7FDB3370-B088-40F3-987C-141A22A9C856,Unknown,,E,,,Dr,E Kenbridge Dr,2015/03/24 09:32:55+00,508 E Kenbridge Dr Carson 90746,7FDB3370-B088-40F3-987C-141A22A9C856_508_E_Kenbridge_Dr_Carson_90746,Kenbridge,508 E Kenbridge Drive Dr Carson 90746,,,,
7454,12176,,,,1236.0,,,East,,,Denwall,Drive,,,,,,,,,,,,,90746.0,,Carson,Carson,,,,,Carson GIS,{E5788D69-A0EE-4122-B6D6-B80212A1B3A4},0,,E5788D69-A0EE-4122-B6D6-B80212A1B3A4,Unknown,,E,,,Dr,E Denwall Dr,2015/03/24 09:32:55+00,1236 E Denwall Dr Carson 90746,E5788D69-A0EE-4122-B6D6-B80212A1B3A4_1236_E_Denwall_Dr_Carson_90746,Denwall,1236 E Denwall Drive Dr Carson 90746,,,,
7463,12190,,,,426.0,,,East,,,Cassidy,Street,,,,,,,,,,,,,90746.0,,Carson,Carson,,,,,Carson GIS,{F01AD8FB-4163-4EB5-981D-179990F810E3},0,,F01AD8FB-4163-4EB5-981D-179990F810E3,Unknown,,E,,,St,E Cassidy St,2015/03/24 09:32:55+00,426 E Cassidy St Carson 90746,F01AD8FB-4163-4EB5-981D-179990F810E3_426_E_Cassidy_St_Carson_90746,Cassidy,426 E Cassidy Street St Carson 90746,,,,
7469,12197,,,,19018.0,,,South,,,Kemp,Avenue,,,,,,,,,,,,,90746.0,,Carson,Carson,,,,,Carson GIS,{B5A59CF0-EA80-43FE-A1ED-4D641F519034},0,,B5A59CF0-EA80-43FE-A1ED-4D641F519034,Unknown,,S,,,Ave,S Kemp Ave,2015/03/24 09:32:55+00,19018 S Kemp Ave Carson 90746,B5A59CF0-EA80-43FE-A1ED-4D641F519034_19018_S_Kemp_Ave_Carson_90746,Kemp,19018 S Kemp Avenue Ave Carson 90746,,,,
7474,12202,,,,1869.0,,,East,,,Dimondale,Drive,,,,,,,,,,,,,90746.0,,Carson,Carson,,,,,Carson GIS,{1859DC8C-BFB5-4D18-AF4B-7D65466CCB6A},0,,1859DC8C-BFB5-4D18-AF4B-7D65466CCB6A,Unknown,,E,,,Dr,E Dimondale Dr,2015/03/24 09:32:55+00,1869 E Dimondale Dr Carson 90746,1859DC8C-BFB5-4D18-AF4B-7D65466CCB6A_1869_E_Dimondale_Dr_Carson_90746,Dimondale,1869 E Dimondale Drive Dr Carson 90746,,,,
7486,12219,,,,1837.0,,,East,,,Abbottson,Street,,,,,,,,,,,,,90746.0,,Carson,Carson,,,,,Carson GIS,{B3027646-66BA-43C1-9312-F3864BBB752E},0,,B3027646-66BA-43C1-9312-F3864BBB752E,Unknown,,E,,,St,E Abbottson St,2015/03/24 09:32:55+00,1837 E Abbottson St Carson 90746,B3027646-66BA-43C1-9312-F3864BBB752E_1837_E_Abbottson_St_Carson_90746,Abbottson,1837 E Abbottson Street St Carson 90746,,,,
7488,12224,,,,19338.0,,,South,,,Nestor,Avenue,,,,,,,,,,,,,90746.0,,Carson,Carson,,,,,Carson GIS,{486B6C35-BA7E-4D67-AD47-BBDA03648D06},0,,486B6C35-BA7E-4D67-AD47-BBDA03648D06,Unknown,,S,,,Ave,S Nestor Ave,2015/03/24 09:32:55+00,19338 S Nestor Ave Carson 90746,486B6C35-BA7E-4D67-AD47-BBDA03648D06_19338_S_Nestor_Ave_Carson_90746,Nestor,19338 S Nestor Avenue Ave Carson 90746,,,,
7489,12225,,,,20242.0,,,South,,,Eddington,Drive,,,,,,,,,,,,,90746.0,,Carson,Carson,,,,,Carson GIS,{5754BE8B-4BE0-4DEF-88F6-7B5136C4296C},0,,5754BE8B-4BE0-4DEF-88F6-7B5136C4296C,Unknown,,S,,,Dr,S Eddington Dr,2015/03/24 09:32:55+00,20242 S Eddington Dr Carson 90746,5754BE8B-4BE0-4DEF-88F6-7B5136C4296C_20242_S_Eddington_Dr_Carson_90746,Eddington,20242 S Eddington Drive Dr Carson 90746,,,,
7491,12229,,,,17334.0,,,South,,,Wall,Street,,,,,,,,,,,,,90746.0,,Carson,Carson,,,,,Carson GIS,{6469EBC1-D922-4477-8477-C1D8C828CBFB},0,,6469EBC1-D922-4477-8477-C1D8C828CBFB,Unknown,,S,,,St,S Wall St,2015/03/24 09:32:55+00,17334 S Wall St Carson 90746,6469EBC1-D922-4477-8477-C1D8C828CBFB_17334_S_Wall_St_Carson_90746,Wall,17334 S Wall Street St Carson 90746,,,,
7492,12231,,,,19203.0,,,South,,,Grandee,Avenue,,,,,,,,,,,,,90746.0,,Carson,Carson,,,,,Carson GIS,{E08D0605-AE2C-4F94-BEFF-C9A1247099DD},0,,E08D0605-AE2C-4F94-BEFF-C9A1247099DD,Unknown,,S,,,Ave,S Grandee Ave,2015/03/24 09:32:55+00,19203 S Grandee Ave Carson 90746,E08D0605-AE2C-4F94-BEFF-C9A1247099DD_19203_S_Grandee_Ave_Carson_90746,Grandee,19203 S Grandee Avenue Ave Carson 90746,,,,
7493,12232,,,,902.0,,,East,,,Gladwick,Street,,,,,,,,,,,,,90746.0,,Carson,Carson,,,,,Carson GIS,{84DAE445-BAB9-478E-90B8-1F345B956830},0,,84DAE445-BAB9-478E-90B8-1F345B956830,Unknown,,E,,,St,E Gladwick St,2015/03/24 09:32:55+00,902 E Gladwick St Carson 90746,84DAE445-BAB9-478E-90B8-1F345B956830_902_E_Gladwick_St_Carson_90746,Gladwick,902 E Gladwick Street St Carson 90746,,,,
7518,12269,,,,18703.0,,,South,,,Bonham,Avenue,,,,,,,,,,,,,90746.0,,Carson,Carson,,,,,Carson GIS,{C30D42E8-BFCC-49BF-9C49-A054FA824429},0,,C30D42E8-BFCC-49BF-9C49-A054FA824429,Unknown,,S,,,Ave,S Bonham Ave,2015/03/24 09:32:55+00,18703 S Bonham Ave Carson 90746,C30D42E8-BFCC-49BF-9C49-A054FA824429_18703_S_Bonham_Ave_Carson_90746,Bonham,18703 S Bonham Avenue Ave Carson 90746,,,,
7524,12278,,,,20217.0,,,South,,,Eddington,Drive,,,,,,,,,,,,,90746.0,,Carson,Carson,,,,,Carson GIS,{7C623187-CB11-4CC1-866C-2D01A4CA420A},0,,7C623187-CB11-4CC1-866C-2D01A4CA420A,Unknown,,S,,,Dr,S Eddington Dr,2015/03/24 09:32:55+00,20217 S Eddington Dr Carson 90746,7C623187-CB11-4CC1-866C-2D01A4CA420A_20217_S_Eddington_Dr_Carson_90746,Eddington,20217 S Eddington Drive Dr Carson 90746,,,,
7550,12323,,,,18010.0,,,South,,,Adria Maru,Lane,,,,,,,,,,,,,90746.0,,Carson,Carson,,,,,Carson GIS,{9EF1BE81-5D39-4342-AB8C-52136DC6E44C},0,,9EF1BE81-5D39-4342-AB8C-52136DC6E44C,Unknown,,S,,,Ln,S Adria Maru Ln,2015/03/24 09:32:55+00,18010 S Adria Maru Ln Carson 90746,9EF1BE81-5D39-4342-AB8C-52136DC6E44C_18010_S_Adria_Maru_Ln_Carson_90746,Adria Maru,18010 S Adria Maru Lane Ln Carson 90746,,,,
7552,12326,,,,1218.0,,,East,,,Gladwick,Street,,,,,,,,,,,,,90746.0,,Carson,Carson,,,,,Carson GIS,{86EAA677-A70B-43E8-8CEC-FA118A9B9B9B},0,,86EAA677-A70B-43E8-8CEC-FA118A9B9B9B,Unknown,,E,,,St,E Gladwick St,2015/03/24 09:32:55+00,1218 E Gladwick St Carson 90746,86EAA677-A70B-43E8-8CEC-FA118A9B9B9B_1218_E_Gladwick_St_Carson_90746,Gladwick,1218 E Gladwick Street St Carson 90746,,,,
7556,12334,,,,18112.0,,,South,,,Coltman,Avenue,,,,,,,,,,,,,90746.0,,Carson,Carson,,,,,Carson GIS,{DB753570-78DE-443E-A2CA-E4B87D8E5967},0,,DB753570-78DE-443E-A2CA-E4B87D8E5967,Unknown,,S,,,Ave,S Coltman Ave,2015/03/24 09:32:55+00,18112 S Coltman Ave Carson 90746,DB753570-78DE-443E-A2CA-E4B87D8E5967_18112_S_Coltman_Ave_Carson_90746,Coltman,18112 S Coltman Avenue Ave Carson 90746,,,,
7587,12382,,,,320.0,,,East,,,182nd,Street,,,,,,,,,,,,,90746.0,,Carson,Carson,,,,,Carson GIS,{1303E2BF-36AC-4F0D-A730-0DC5DA220B0F},0,,1303E2BF-36AC-4F0D-A730-0DC5DA220B0F,Unknown,,E,,,St,E 182nd St,2015/03/24 09:32:55+00,320 E 182nd St Carson 90746,1303E2BF-36AC-4F0D-A730-0DC5DA220B0F_320_E_182nd_St_Carson_90746,182nd,320 E 182nd Street St Carson 90746,,,,
7589,12384,,,,1875.0,,,East,,,Helmick,Street,,,,,,,,,,,,,90746.0,,Carson,Carson,,,,,Carson GIS,{0B986219-5141-4A4D-998C-35A2943E76EC},0,,0B986219-5141-4A4D-998C-35A2943E76EC,Unknown,,E,,,St,E Helmick St,2015/03/24 09:32:55+00,1875 E Helmick St Carson 90746,0B986219-5141-4A4D-998C-35A2943E76EC_1875_E_Helmick_St_Carson_90746,Helmick,1875 E Helmick Street St Carson 90746,,,,
7591,12386,,,,1458.0,,,East,,,Gladwick,Street,,,,,,,,,,,,,90746.0,,Carson,Carson,,,,,Carson GIS,{A713E142-9835-4290-8964-18C57BB3FF57},0,,A713E142-9835-4290-8964-18C57BB3FF57,Unknown,,E,,,St,E Gladwick St,2015/03/24 09:32:55+00,1458 E Gladwick St Carson 90746,A713E142-9835-4290-8964-18C57BB3FF57_1458_E_Gladwick_St_Carson_90746,Gladwick,1458 E Gladwick Street St Carson 90746,,,,
7596,12394,,,,19422.0,,,South,,,Nestor,Avenue,,,,,,,,,,,,,90746.0,,Carson,Carson,,,,,Carson GIS,{6F914D72-742D-4E95-907B-3DF01D0F2721},0,,6F914D72-742D-4E95-907B-3DF01D0F2721,Unknown,,S,,,Ave,S Nestor Ave,2015/03/24 09:32:55+00,19422 S Nestor Ave Carson 90746,6F914D72-742D-4E95-907B-3DF01D0F2721_19422_S_Nestor_Ave_Carson_90746,Nestor,19422 S Nestor Avenue Ave Carson 90746,,,,
7600,12401,,,,559.0,,,East,,,Cassidy,Street,,,,,,,,,,,,,90746.0,,Carson,Carson,,,,,Carson GIS,{038D6505-8F08-4A5E-A068-178F6AE112D3},0,,038D6505-8F08-4A5E-A068-178F6AE112D3,Unknown,,E,,,St,E Cassidy St,2015/03/24 09:32:55+00,559 E Cassidy St Carson 90746,038D6505-8F08-4A5E-A068-178F6AE112D3_559_E_Cassidy_St_Carson_90746,Cassidy,559 E Cassidy Street St Carson 90746,,,,
7609,12413,,,,1324.0,,,East,,,Gladwick,Street,,,,,,,,,,,,,90746.0,,Carson,Carson,,,,,Carson GIS,{0ACA0A74-0C67-491A-8CEA-C82DA28253F4},0,,0ACA0A74-0C67-491A-8CEA-C82DA28253F4,Unknown,,E,,,St,E Gladwick St,2015/03/24 09:32:55+00,1324 E Gladwick St Carson 90746,0ACA0A74-0C67-491A-8CEA-C82DA28253F4_1324_E_Gladwick_St_Carson_90746,Gladwick,1324 E Gladwick Street St Carson 90746,,,,
7610,12414,,,,18223.0,,,South,,,Milmore,Avenue,,,,,,,,,,,,,90746.0,,Carson,Carson,,,,,Carson GIS,{EA6F5FD1-6222-4D5F-801D-64E074E2912A},0,,EA6F5FD1-6222-4D5F-801D-64E074E2912A,Unknown,,S,,,Ave,S Milmore Ave,2015/03/24 09:32:55+00,18223 S Milmore Ave Carson 90746,EA6F5FD1-6222-4D5F-801D-64E074E2912A_18223_S_Milmore_Ave_Carson_90746,Milmore,18223 S Milmore Avenue Ave Carson 90746,,,,
7619,12429,,,,833.0,,,East,,,Cyrene,Street,,,,,,,,,,,,,90746.0,,Carson,Carson,,,,,Carson GIS,{BC4DD05B-7783-4FD4-AC0B-7755BCD0937E},0,,BC4DD05B-7783-4FD4-AC0B-7755BCD0937E,Unknown,,E,,,St,E Cyrene St,2015/03/24 09:32:55+00,833 E Cyrene St Carson 90746,BC4DD05B-7783-4FD4-AC0B-7755BCD0937E_833_E_Cyrene_St_Carson_90746,Cyrene,833 E Cyrene Street St Carson 90746,,,,
7620,12430,,,,516.0,,,East,,,182nd,Street,,,,,,,,,,,,,90746.0,,Carson,Carson,,,,,Carson GIS,{E8DEC247-CC3D-4482-9029-575AA76D097A},0,,E8DEC247-CC3D-4482-9029-575AA76D097A,Unknown,,E,,,St,E 182nd St,2015/03/24 09:32:55+00,516 E 182nd St Carson 90746,E8DEC247-CC3D-4482-9029-575AA76D097A_516_E_182nd_St_Carson_90746,182nd,516 E 182nd Street St Carson 90746,,,,
7628,12441,,,,418.0,,,East,,,Victoria,Street,,,,,,,,,,,,,90746.0,,Carson,Carson,,,,,Carson GIS,{9DD0450A-9E94-4D23-BECB-6E24189020DC},0,,9DD0450A-9E94-4D23-BECB-6E24189020DC,Unknown,,E,,,St,E Victoria St,2015/03/24 09:32:55+00,418 E Victoria St Carson 90746,9DD0450A-9E94-4D23-BECB-6E24189020DC_418_E_Victoria_St_Carson_90746,Victoria,418 E Victoria Street St Carson 90746,,,,
7632,12447,,,,1832.0,,,East,,,Dimondale,Drive,,,,,,,,,,,,,90746.0,,Carson,Carson,,,,,Carson GIS,{C2640F9C-B393-44B0-AC72-A9050787F6C0},0,,C2640F9C-B393-44B0-AC72-A9050787F6C0,Unknown,,E,,,Dr,E Dimondale Dr,2015/03/24 09:32:55+00,1832 E Dimondale Dr Carson 90746,C2640F9C-B393-44B0-AC72-A9050787F6C0_1832_E_Dimondale_Dr_Carson_90746,Dimondale,1832 E Dimondale Drive Dr Carson 90746,,,,
7654,12486,,,,19208.0,,,South,,,Grandee,Avenue,,,,,,,,,,,,,90746.0,,Carson,Carson,,,,,Carson GIS,{60B57AF4-6C67-4AE2-A26B-7A62D1C5BE90},0,,60B57AF4-6C67-4AE2-A26B-7A62D1C5BE90,Unknown,,S,,,Ave,S Grandee Ave,2015/03/24 09:32:55+00,19208 S Grandee Ave Carson 90746,60B57AF4-6C67-4AE2-A26B-7A62D1C5BE90_19208_S_Grandee_Ave_Carson_90746,Grandee,19208 S Grandee Avenue Ave Carson 90746,,,,
7655,12487,,,,1871.0,,,East,,,Kamm,Street,,,,,,,,,,,,,90746.0,,Carson,Carson,,,,,Carson GIS,{3EA31EE8-E093-4FB4-8E2D-B518BA70BC58},0,,3EA31EE8-E093-4FB4-8E2D-B518BA70BC58,Unknown,,E,,,St,E Kamm St,2015/03/24 09:32:55+00,1871 E Kamm St Carson 90746,3EA31EE8-E093-4FB4-8E2D-B518BA70BC58_1871_E_Kamm_St_Carson_90746,Kamm,1871 E Kamm Street St Carson 90746,,,,
7656,12489,,,,18523.0,,,South,,,Avalon,Boulevard,,,,,,,,,,,,,90746.0,,Carson,Carson,,,,,Carson GIS,{6A18402D-716D-41A0-9390-9333DA0C08BB},0,,6A18402D-716D-41A0-9390-9333DA0C08BB,Unknown,,S,,,Blvd,S Avalon Blvd,2015/03/24 09:32:55+00,18523 S Avalon Blvd Carson 90746,6A18402D-716D-41A0-9390-9333DA0C08BB_18523_S_Avalon_Blvd_Carson_90746,Avalon,18523 S Avalon Boulevard Blvd Carson 90746,,,,
7661,12498,,,,19435.0,,,South,,,Craigjon,Avenue,,,,,,,,,,,,,90746.0,,Carson,Carson,,,,,Carson GIS,{1C70DAFB-396A-46D2-8198-0F0FF66E1908},0,,1C70DAFB-396A-46D2-8198-0F0FF66E1908,Unknown,,S,,,Ave,S Craigjon Ave,2015/03/24 09:32:55+00,19435 S Craigjon Ave Carson 90746,1C70DAFB-396A-46D2-8198-0F0FF66E1908_19435_S_Craigjon_Ave_Carson_90746,Craigjon,19435 S Craigjon Avenue Ave Carson 90746,,,,
7664,12503,,,,18015.0,,,South,,,Cairo,Avenue,,,,,,,,,,,,,90746.0,,Carson,Carson,,,,,Carson GIS,{940FC7A2-4CC6-4A90-9360-0546977831D7},0,,940FC7A2-4CC6-4A90-9360-0546977831D7,Unknown,,S,,,Ave,S Cairo Ave,2015/03/24 09:32:55+00,18015 S Cairo Ave Carson 90746,940FC7A2-4CC6-4A90-9360-0546977831D7_18015_S_Cairo_Ave_Carson_90746,Cairo,18015 S Cairo Avenue Ave Carson 90746,,,,
7682,12527,,,,330.0,,,East,,,184th,Street,,,,,,,,,,,,,90746.0,,Carson,Carson,,,,,Carson GIS,{FF382143-165F-48B3-A5F0-40522C06B926},0,,FF382143-165F-48B3-A5F0-40522C06B926,Unknown,,E,,,St,E 184th St,2015/03/24 09:32:55+00,330 E 184th St Carson 90746,FF382143-165F-48B3-A5F0-40522C06B926_330_E_184th_St_Carson_90746,184th,330 E 184th Street St Carson 90746,,,,
7684,12530,,,,20229.0,,,South,,,Scobey,Avenue,,,,,,,,,,,,,90746.0,,Carson,Carson,,,,,Carson GIS,{79C92F6A-138E-4FC0-9D6B-F0101928EC2B},0,,79C92F6A-138E-4FC0-9D6B-F0101928EC2B,Unknown,,S,,,Ave,S Scobey Ave,2015/03/24 09:32:55+00,20229 S Scobey Ave Carson 90746,79C92F6A-138E-4FC0-9D6B-F0101928EC2B_20229_S_Scobey_Ave_Carson_90746,Scobey,20229 S Scobey Avenue Ave Carson 90746,,,,
7689,12541,,,,1770.0,,,East,,,Fernrock,Street,,,,,,,,,,,,,90746.0,,Carson,Carson,,,,,Carson GIS,{5064C04A-2C9C-4E82-84D9-98B7ED4746E5},0,,5064C04A-2C9C-4E82-84D9-98B7ED4746E5,Unknown,,E,,,St,E Fernrock St,2015/03/24 09:32:55+00,1770 E Fernrock St Carson 90746,5064C04A-2C9C-4E82-84D9-98B7ED4746E5_1770_E_Fernrock_St_Carson_90746,Fernrock,1770 E Fernrock Street St Carson 90746,,,,
7692,12545,,,,852.0,,,East,,,Denwall,Drive,,,,,,,,,,,,,90746.0,,Carson,Carson,,,,,Carson GIS,{F738AF03-A16E-4168-83D9-FAB01E513F0C},0,,F738AF03-A16E-4168-83D9-FAB01E513F0C,Unknown,,E,,,Dr,E Denwall Dr,2015/03/24 09:32:55+00,852 E Denwall Dr Carson 90746,F738AF03-A16E-4168-83D9-FAB01E513F0C_852_E_Denwall_Dr_Carson_90746,Denwall,852 E Denwall Drive Dr Carson 90746,,,,
7693,12546,,,,125.0,,,East,,,Selandia,Lane,,,,,,,,,,,,,90746.0,,Carson,Carson,,,,,Carson GIS,{F6284453-CC3D-4E44-B6DA-EB7E902A02F2},0,,F6284453-CC3D-4E44-B6DA-EB7E902A02F2,Unknown,,E,,,Ln,E Selandia Ln,2015/03/24 09:32:55+00,125 E Selandia Ln Carson 90746,F6284453-CC3D-4E44-B6DA-EB7E902A02F2_125_E_Selandia_Ln_Carson_90746,Selandia,125 E Selandia Lane Ln Carson 90746,,,,
7699,12559,,,,19303.0,,,South,,,Craigjon,Avenue,,,,,,,,,,,,,90746.0,,Carson,Carson,,,,,Carson GIS,{DF8BE0D6-635D-4E2A-8A44-B1A208E67C18},0,,DF8BE0D6-635D-4E2A-8A44-B1A208E67C18,Unknown,,S,,,Ave,S Craigjon Ave,2015/03/24 09:32:55+00,19303 S Craigjon Ave Carson 90746,DF8BE0D6-635D-4E2A-8A44-B1A208E67C18_19303_S_Craigjon_Ave_Carson_90746,Craigjon,19303 S Craigjon Avenue Ave Carson 90746,,,,
7710,12580,,,,19303.0,,,South,,,Andmark,Avenue,,,,,,,,,,,,,90746.0,,Carson,Carson,,,,,Carson GIS,{03C96B05-7EC6-4D1A-B1D3-07AAA9DC06D2},0,,03C96B05-7EC6-4D1A-B1D3-07AAA9DC06D2,Unknown,,S,,,Ave,S Andmark Ave,2015/03/24 09:32:55+00,19303 S Andmark Ave Carson 90746,03C96B05-7EC6-4D1A-B1D3-07AAA9DC06D2_19303_S_Andmark_Ave_Carson_90746,Andmark,19303 S Andmark Avenue Ave Carson 90746,,,,
7719,12590,,,,1002.0,,,East,,,Turmont,Street,,,,,,,,,,,,,90746.0,,Carson,Carson,,,,,Carson GIS,{F96262EC-CF12-4C2A-9680-635309A4479C},0,,F96262EC-CF12-4C2A-9680-635309A4479C,Unknown,,E,,,St,E Turmont St,2015/03/24 09:32:55+00,1002 E Turmont St Carson 90746,F96262EC-CF12-4C2A-9680-635309A4479C_1002_E_Turmont_St_Carson_90746,Turmont,1002 E Turmont Street St Carson 90746,,,,
7744,12626,,,,1815.0,,,East,,,Gladwick,Street,,,,,,,,,,,,,90746.0,,Carson,Carson,,,,,Carson GIS,{A2210980-B419-40B5-8471-EC2DD9A3FF19},0,,A2210980-B419-40B5-8471-EC2DD9A3FF19,Unknown,,E,,,St,E Gladwick St,2015/03/24 09:32:55+00,1815 E Gladwick St Carson 90746,A2210980-B419-40B5-8471-EC2DD9A3FF19_1815_E_Gladwick_St_Carson_90746,Gladwick,1815 E Gladwick Street St Carson 90746,,,,
7750,12636,,,,18212.0,,,South,,,Coltman,Avenue,,,,,,,,,,,,,90746.0,,Carson,Carson,,,,,Carson GIS,{BAEC0211-C958-423D-8D6A-8AB706C44D38},0,,BAEC0211-C958-423D-8D6A-8AB706C44D38,Unknown,,S,,,Ave,S Coltman Ave,2015/03/24 09:32:55+00,18212 S Coltman Ave Carson 90746,BAEC0211-C958-423D-8D6A-8AB706C44D38_18212_S_Coltman_Ave_Carson_90746,Coltman,18212 S Coltman Avenue Ave Carson 90746,,,,
7800,12709,,,,20025.0,,,South,,,Nestor,Avenue,,,,,,,,,,,,,90746.0,,Carson,Carson,,,,,Carson GIS,{39178360-B68F-440C-9A1B-31D919D589FB},0,,39178360-B68F-440C-9A1B-31D919D589FB,Unknown,,S,,,Ave,S Nestor Ave,2015/03/24 09:32:55+00,20025 S Nestor Ave Carson 90746,39178360-B68F-440C-9A1B-31D919D589FB_20025_S_Nestor_Ave_Carson_90746,Nestor,20025 S Nestor Avenue Ave Carson 90746,,,,
7801,12711,,,,19226.0,,,South,,,Harlan,Avenue,,,,,,,,,,,,,90746.0,,Carson,Carson,,,,,Carson GIS,{285EAB9A-9F79-4221-8D4E-94560BEF4BC9},0,,285EAB9A-9F79-4221-8D4E-94560BEF4BC9,Unknown,,S,,,Ave,S Harlan Ave,2015/03/24 09:32:55+00,19226 S Harlan Ave Carson 90746,285EAB9A-9F79-4221-8D4E-94560BEF4BC9_19226_S_Harlan_Ave_Carson_90746,Harlan,19226 S Harlan Avenue Ave Carson 90746,,,,
7802,12712,,,,346.0,,,East,,,Sherman,Drive,,,,,,,,,,,,,90746.0,,Carson,Carson,,,,,Carson GIS,{32F4A0A3-545C-46C4-9390-B95C082EA80E},0,,32F4A0A3-545C-46C4-9390-B95C082EA80E,Unknown,,E,,,Dr,E Sherman Dr,2015/03/24 09:32:55+00,346 E Sherman Dr Carson 90746,32F4A0A3-545C-46C4-9390-B95C082EA80E_346_E_Sherman_Dr_Carson_90746,Sherman,346 E Sherman Drive Dr Carson 90746,,,,
7826,12745,,,,19107.0,,,South,,,Kemp,Avenue,,,,,,,,,,,,,90746.0,,Carson,Carson,,,,,Carson GIS,{39452976-271D-4DC0-83A7-D84C29587A15},0,,39452976-271D-4DC0-83A7-D84C29587A15,Unknown,,S,,,Ave,S Kemp Ave,2015/03/24 09:32:55+00,19107 S Kemp Ave Carson 90746,39452976-271D-4DC0-83A7-D84C29587A15_19107_S_Kemp_Ave_Carson_90746,Kemp,19107 S Kemp Avenue Ave Carson 90746,,,,
7830,12755,,,,19306.0,,,South,,,Northwood,Avenue,,,,,,,,,,,,,90746.0,,Carson,Carson,,,,,Carson GIS,{01863133-9039-4B87-ABFA-49920D29EB6F},0,,01863133-9039-4B87-ABFA-49920D29EB6F,Unknown,,S,,,Ave,S Northwood Ave,2015/03/24 09:32:55+00,19306 S Northwood Ave Carson 90746,01863133-9039-4B87-ABFA-49920D29EB6F_19306_S_Northwood_Ave_Carson_90746,Northwood,19306 S Northwood Avenue Ave Carson 90746,,,,
7831,12756,,,,20030.0,,,South,,,Nestor,Avenue,,,,,,,,,,,,,90746.0,,Carson,Carson,,,,,Carson GIS,{7111856D-B670-401B-A268-C034960DAB22},0,,7111856D-B670-401B-A268-C034960DAB22,Unknown,,S,,,Ave,S Nestor Ave,2015/03/24 09:32:55+00,20030 S Nestor Ave Carson 90746,7111856D-B670-401B-A268-C034960DAB22_20030_S_Nestor_Ave_Carson_90746,Nestor,20030 S Nestor Avenue Ave Carson 90746,,,,
7835,12767,,,,18318.0,,,South,,,Crocker,Avenue,,,,,,,,,,,,,90746.0,,Carson,Carson,,,,,Carson GIS,{5CD6C188-72BA-4A47-81D6-801AE4C5A68D},0,,5CD6C188-72BA-4A47-81D6-801AE4C5A68D,Unknown,,S,,,Ave,S Crocker Ave,2015/03/24 09:32:55+00,18318 S Crocker Ave Carson 90746,5CD6C188-72BA-4A47-81D6-801AE4C5A68D_18318_S_Crocker_Ave_Carson_90746,Crocker,18318 S Crocker Avenue Ave Carson 90746,,,,
7849,12786,,,,559.0,,,East,,,Cheriton,Drive,,,,,,,,,,,,,90746.0,,Carson,Carson,,,,,Carson GIS,{FC4863BB-2DB6-466B-9462-4C2B5279F31C},0,,FC4863BB-2DB6-466B-9462-4C2B5279F31C,Unknown,,E,,,Dr,E Cheriton Dr,2015/03/24 09:32:55+00,559 E Cheriton Dr Carson 90746,FC4863BB-2DB6-466B-9462-4C2B5279F31C_559_E_Cheriton_Dr_Carson_90746,Cheriton,559 E Cheriton Drive Dr Carson 90746,,,,
7851,12788,,,,439.0,,,East,,,181st,Street,,,,,,,,,,,,,90746.0,,Carson,Carson,,,,,Carson GIS,{DB4BB348-CC9A-485B-9BAB-943A348EF44E},0,,DB4BB348-CC9A-485B-9BAB-943A348EF44E,Unknown,,E,,,St,E 181st St,2015/03/24 09:32:55+00,439 E 181st St Carson 90746,DB4BB348-CC9A-485B-9BAB-943A348EF44E_439_E_181st_St_Carson_90746,181st,439 E 181st Street St Carson 90746,,,,
7852,12789,,,,104.0,,,East,,,Roblin,Street,,,,,,,,,,,,,90746.0,,Carson,Carson,,,,,Carson GIS,{E9953297-EF59-4C0C-B989-0A237BE56DC2},0,,E9953297-EF59-4C0C-B989-0A237BE56DC2,Unknown,,E,,,St,E Roblin St,2015/03/24 09:32:55+00,104 E Roblin St Carson 90746,E9953297-EF59-4C0C-B989-0A237BE56DC2_104_E_Roblin_St_Carson_90746,Roblin,104 E Roblin Street St Carson 90746,,,,
7877,12833,,,,19303.0,,,South,,,Northwood,Avenue,,,,,,,,,,,,,90746.0,,Carson,Carson,,,,,Carson GIS,{808AE027-E541-4227-A658-EC9CACB3C1AF},0,,808AE027-E541-4227-A658-EC9CACB3C1AF,Unknown,,S,,,Ave,S Northwood Ave,2015/03/24 09:32:55+00,19303 S Northwood Ave Carson 90746,808AE027-E541-4227-A658-EC9CACB3C1AF_19303_S_Northwood_Ave_Carson_90746,Northwood,19303 S Northwood Avenue Ave Carson 90746,,,,
7886,12856,,,,19307.0,,,South,,,Andmark,Avenue,,,,,,,,,,,,,90746.0,,Carson,Carson,,,,,Carson GIS,{D5FC5DE3-8F48-44C6-8373-AC4CF4FF9748},0,,D5FC5DE3-8F48-44C6-8373-AC4CF4FF9748,Unknown,,S,,,Ave,S Andmark Ave,2015/03/24 09:32:55+00,19307 S Andmark Ave Carson 90746,D5FC5DE3-8F48-44C6-8373-AC4CF4FF9748_19307_S_Andmark_Ave_Carson_90746,Andmark,19307 S Andmark Avenue Ave Carson 90746,,,,
7887,12857,,,,1837.0,,,East,,,Denwall,Drive,,,,,,,,,,,,,90746.0,,Carson,Carson,,,,,Carson GIS,{9F3345C3-E900-4D5A-BD83-D40014DFC549},0,,9F3345C3-E900-4D5A-BD83-D40014DFC549,Unknown,,E,,,Dr,E Denwall Dr,2015/03/24 09:32:55+00,1837 E Denwall Dr Carson 90746,9F3345C3-E900-4D5A-BD83-D40014DFC549_1837_E_Denwall_Dr_Carson_90746,Denwall,1837 E Denwall Drive Dr Carson 90746,,,,
7904,12884,,,,18725.0,,,South,,,Wall,Street,,,,,,,,,,,,,90746.0,,Carson,Carson,,,,,Carson GIS,{8BA235C2-7810-441D-8329-3AA7F4AAA81D},0,,8BA235C2-7810-441D-8329-3AA7F4AAA81D,Unknown,,S,,,St,S Wall St,2015/03/24 09:32:55+00,18725 S Wall St Carson 90746,8BA235C2-7810-441D-8329-3AA7F4AAA81D_18725_S_Wall_St_Carson_90746,Wall,18725 S Wall Street St Carson 90746,,,,
7905,12885,,,,18924.0,,,South,,,Towne,Avenue,,,,,,,,,,,,,90746.0,,Carson,Carson,,,,,Carson GIS,{D8E806E6-D65F-44B5-87D3-C91C762DB48A},0,,D8E806E6-D65F-44B5-87D3-C91C762DB48A,Unknown,,S,,,Ave,S Towne Ave,2015/03/24 09:32:55+00,18924 S Towne Ave Carson 90746,D8E806E6-D65F-44B5-87D3-C91C762DB48A_18924_S_Towne_Ave_Carson_90746,Towne,18924 S Towne Avenue Ave Carson 90746,,,,
7916,12909,,,,17334.0,,,South,,,Bonham,Avenue,,,,,,,,,,,,,90746.0,,Carson,Carson,,,,,Carson GIS,{23D60A69-80DC-4BD2-B33A-99EE4D83E908},0,,23D60A69-80DC-4BD2-B33A-99EE4D83E908,Unknown,,S,,,Ave,S Bonham Ave,2015/03/24 09:32:55+00,17334 S Bonham Ave Carson 90746,23D60A69-80DC-4BD2-B33A-99EE4D83E908_17334_S_Bonham_Ave_Carson_90746,Bonham,17334 S Bonham Avenue Ave Carson 90746,,,,
7917,12911,,,,19103.0,,,South,,,Kemp,Avenue,,,,,,,,,,,,,90746.0,,Carson,Carson,,,,,Carson GIS,{A59F02C0-B198-4EFB-A717-80202CBA206D},0,,A59F02C0-B198-4EFB-A717-80202CBA206D,Unknown,,S,,,Ave,S Kemp Ave,2015/03/24 09:32:55+00,19103 S Kemp Ave Carson 90746,A59F02C0-B198-4EFB-A717-80202CBA206D_19103_S_Kemp_Ave_Carson_90746,Kemp,19103 S Kemp Avenue Ave Carson 90746,,,,
7919,12916,,,,1452.0,,,East,,,Fernrock,Street,,,,,,,,,,,,,90746.0,,Carson,Carson,,,,,Carson GIS,{04F36E2E-2DFF-45D3-8BB8-69D70D9E1BE7},0,,04F36E2E-2DFF-45D3-8BB8-69D70D9E1BE7,Unknown,,E,,,St,E Fernrock St,2015/03/24 09:32:55+00,1452 E Fernrock St Carson 90746,04F36E2E-2DFF-45D3-8BB8-69D70D9E1BE7_1452_E_Fernrock_St_Carson_90746,Fernrock,1452 E Fernrock Street St Carson 90746,,,,
7920,12917,,,,20222.0,,,South,,,Amantha,Avenue,,,,,,,,,,,,,90746.0,,Carson,Carson,,,,,Carson GIS,{1F659D5C-287B-4D8D-8D7E-665CCA6A2A9E},0,,1F659D5C-287B-4D8D-8D7E-665CCA6A2A9E,Unknown,,S,,,Ave,S Amantha Ave,2015/03/24 09:32:55+00,20222 S Amantha Ave Carson 90746,1F659D5C-287B-4D8D-8D7E-665CCA6A2A9E_20222_S_Amantha_Ave_Carson_90746,Amantha,20222 S Amantha Avenue Ave Carson 90746,,,,
7923,12928,,,,20807.0,,,South,,,Belshaw,Avenue,,,,,,,,,,,,,90746.0,,Carson,Carson,,,,,Carson GIS,{0F9840F5-E384-41A9-B514-7781E77B9F4D},0,,0F9840F5-E384-41A9-B514-7781E77B9F4D,Unknown,,S,,,Ave,S Belshaw Ave,2015/03/24 09:32:55+00,20807 S Belshaw Ave Carson 90746,0F9840F5-E384-41A9-B514-7781E77B9F4D_20807_S_Belshaw_Ave_Carson_90746,Belshaw,20807 S Belshaw Avenue Ave Carson 90746,,,,
7932,12948,,,,19317.0,,,South,,,Harlan,Avenue,,,,,,,,,,,,,90746.0,,Carson,Carson,,,,,Carson GIS,{3EF40098-45B7-4908-8F32-DF1E5255AEFB},0,,3EF40098-45B7-4908-8F32-DF1E5255AEFB,Unknown,,S,,,Ave,S Harlan Ave,2015/03/24 09:32:55+00,19317 S Harlan Ave Carson 90746,3EF40098-45B7-4908-8F32-DF1E5255AEFB_19317_S_Harlan_Ave_Carson_90746,Harlan,19317 S Harlan Avenue Ave Carson 90746,,,,
7933,12949,,,,320.0,,,East,,,189th,Street,,,,,,,,,,,,,90746.0,,Carson,Carson,,,,,Carson GIS,{70666424-99F5-4D4B-9F09-126ADBA0C4E3},0,,70666424-99F5-4D4B-9F09-126ADBA0C4E3,Unknown,,E,,,St,E 189th St,2015/03/24 09:32:55+00,320 E 189th St Carson 90746,70666424-99F5-4D4B-9F09-126ADBA0C4E3_320_E_189th_St_Carson_90746,189th,320 E 189th Street St Carson 90746,,,,
7934,12950,,,,824.0,,,East,,,Turmont,Street,,,,,,,,,,,,,90746.0,,Carson,Carson,,,,,Carson GIS,{CB82F3BD-2AFA-4428-877F-4781FE6ACA75},0,,CB82F3BD-2AFA-4428-877F-4781FE6ACA75,Unknown,,E,,,St,E Turmont St,2015/03/24 09:32:55+00,824 E Turmont St Carson 90746,CB82F3BD-2AFA-4428-877F-4781FE6ACA75_824_E_Turmont_St_Carson_90746,Turmont,824 E Turmont Street St Carson 90746,,,,
7954,12999,,,,20019.0,,,South,,,Belshaw,Avenue,,,,,,,,,,,,,90746.0,,Carson,Carson,,,,,Carson GIS,{2ED0CD92-E3C3-43D8-97B2-3CF8C99066F5},0,,2ED0CD92-E3C3-43D8-97B2-3CF8C99066F5,Unknown,,S,,,Ave,S Belshaw Ave,2015/03/24 09:32:55+00,20019 S Belshaw Ave Carson 90746,2ED0CD92-E3C3-43D8-97B2-3CF8C99066F5_20019_S_Belshaw_Ave_Carson_90746,Belshaw,20019 S Belshaw Avenue Ave Carson 90746,,,,
7962,13013,,,,18619.0,,,South,,,Billings,Avenue,,,,,,,,,,,,,90746.0,,Carson,Carson,,,,,Carson GIS,{EABEDAC1-690A-4C1A-9A69-3A8783B345B3},0,,EABEDAC1-690A-4C1A-9A69-3A8783B345B3,Unknown,,S,,,Ave,S Billings Ave,2015/03/24 09:32:55+00,18619 S Billings Ave Carson 90746,EABEDAC1-690A-4C1A-9A69-3A8783B345B3_18619_S_Billings_Ave_Carson_90746,Billings,18619 S Billings Avenue Ave Carson 90746,,,,
7963,13014,,,,145.0,,,East,,,Albertoni,Street,,,,,,,,,,,,,90746.0,,Carson,Carson,,,,,Carson GIS,{4E6747AA-6805-4F7A-A4BE-51C4DFAEA2EB},0,,4E6747AA-6805-4F7A-A4BE-51C4DFAEA2EB,Unknown,,E,,,St,E Albertoni St,2015/03/24 09:32:55+00,145 E Albertoni St Carson 90746,4E6747AA-6805-4F7A-A4BE-51C4DFAEA2EB_145_E_Albertoni_St_Carson_90746,Albertoni,145 E Albertoni Street St Carson 90746,,,,
7966,13021,,,,908.0,,,East,,,Gladwick,Street,,,,,,,,,,,,,90746.0,,Carson,Carson,,,,,Carson GIS,{735A9248-43C0-480E-B17E-AE3AFBE42FA2},0,,735A9248-43C0-480E-B17E-AE3AFBE42FA2,Unknown,,E,,,St,E Gladwick St,2015/03/24 09:32:55+00,908 E Gladwick St Carson 90746,735A9248-43C0-480E-B17E-AE3AFBE42FA2_908_E_Gladwick_St_Carson_90746,Gladwick,908 E Gladwick Street St Carson 90746,,,,
7969,13025,,,,1025.0,,,East,,,Bedmar,Street,,,,,,,,,,,,,90746.0,,Carson,Carson,,,,,Carson GIS,{922FBC76-A01A-4B75-A1D0-E31D58042D83},0,,922FBC76-A01A-4B75-A1D0-E31D58042D83,Unknown,,E,,,St,E Bedmar St,2017/08/31 14:15:26+00,1025 E Bedmar St Carson 90746,922FBC76-A01A-4B75-A1D0-E31D58042D83_1025_E_Bedmar_St_Carson_90746,Bedmar,1025 E Bedmar Street St Carson 90746,,,,
7985,13049,,,,313.0,,,East,,,181st,Street,,,,,,,,,,,,,90746.0,,Carson,Carson,,,,,Carson GIS,{B5FE8CB0-D5A2-4ADC-951F-CE566EB9BA8F},0,,B5FE8CB0-D5A2-4ADC-951F-CE566EB9BA8F,Unknown,,E,,,St,E 181st St,2015/03/24 09:32:55+00,313 E 181st St Carson 90746,B5FE8CB0-D5A2-4ADC-951F-CE566EB9BA8F_313_E_181st_St_Carson_90746,181st,313 E 181st Street St Carson 90746,,,,
8023,13109,,,,20218.0,,,South,,,Amantha,Avenue,,,,,,,,,,,,,90746.0,,Carson,Carson,,,,,Carson GIS,{16D68040-2102-4970-A0DE-0853394F5D46},0,,16D68040-2102-4970-A0DE-0853394F5D46,Unknown,,S,,,Ave,S Amantha Ave,2015/03/24 09:32:55+00,20218 S Amantha Ave Carson 90746,16D68040-2102-4970-A0DE-0853394F5D46_20218_S_Amantha_Ave_Carson_90746,Amantha,20218 S Amantha Avenue Ave Carson 90746,,,,
8043,13141,,,,1863.0,,,East,,,Abbottson,Street,,,,,,,,,,,,,90746.0,,Carson,Carson,,,,,Carson GIS,{D8FCA7FE-B8A1-4361-9EEB-DEC3B127E3CC},0,,D8FCA7FE-B8A1-4361-9EEB-DEC3B127E3CC,Unknown,,E,,,St,E Abbottson St,2015/03/24 09:32:55+00,1863 E Abbottson St Carson 90746,D8FCA7FE-B8A1-4361-9EEB-DEC3B127E3CC_1863_E_Abbottson_St_Carson_90746,Abbottson,1863 E Abbottson Street St Carson 90746,,,,
8046,13149,,,,1044.0,,,East,,,Fernrock,Street,,,,,,,,,,,,,90746.0,,Carson,Carson,,,,,Carson GIS,{DD420F74-5A22-412D-8DF8-C16F103E9B9E},0,,DD420F74-5A22-412D-8DF8-C16F103E9B9E,Unknown,,E,,,St,E Fernrock St,2015/03/24 09:32:55+00,1044 E Fernrock St Carson 90746,DD420F74-5A22-412D-8DF8-C16F103E9B9E_1044_E_Fernrock_St_Carson_90746,Fernrock,1044 E Fernrock Street St Carson 90746,,,,
8047,13151,,,,18932.0,,,South,,,Milmore,Avenue,,,,,,,,,,,,,90746.0,,Carson,Carson,,,,,Carson GIS,{AE4259D8-A5EA-413F-8116-2213A8E1C689},0,,AE4259D8-A5EA-413F-8116-2213A8E1C689,Unknown,,S,,,Ave,S Milmore Ave,2015/03/24 09:32:55+00,18932 S Milmore Ave Carson 90746,AE4259D8-A5EA-413F-8116-2213A8E1C689_18932_S_Milmore_Ave_Carson_90746,Milmore,18932 S Milmore Avenue Ave Carson 90746,,,,
8049,13153,,,,18318.0,,,South,,,Bonham,Avenue,,,,,,,,,,,,,90746.0,,Carson,Carson,,,,,Carson GIS,{1A8E49D5-38E6-4C52-924A-D92C8A121046},0,,1A8E49D5-38E6-4C52-924A-D92C8A121046,Unknown,,S,,,Ave,S Bonham Ave,2015/03/24 09:32:55+00,18318 S Bonham Ave Carson 90746,1A8E49D5-38E6-4C52-924A-D92C8A121046_18318_S_Bonham_Ave_Carson_90746,Bonham,18318 S Bonham Avenue Ave Carson 90746,,,,
8052,13160,,,,481.0,,,East,,,Albertoni,Street,,,,,,,,,,,,,90746.0,,Carson,Carson,,,,,Carson GIS,{D2AD5F54-D440-4E91-9A46-01481457F872},0,,D2AD5F54-D440-4E91-9A46-01481457F872,Unknown,,E,,,St,E Albertoni St,2018/04/04 16:54:53+00,481 E Albertoni St Carson 90746,D2AD5F54-D440-4E91-9A46-01481457F872_481_E_Albertoni_St_Carson_90746,Albertoni,481 E Albertoni Street St Carson 90746,,,,
8058,13169,,,,17905.0,,,South,,,Adria Maru,Lane,,,,,,,,,,,,,90746.0,,Carson,Carson,,,,,Carson GIS,{CE8E6350-2884-4969-A1D0-AB92DBB17789},0,,CE8E6350-2884-4969-A1D0-AB92DBB17789,Unknown,,S,,,Ln,S Adria Maru Ln,2015/03/24 09:32:55+00,17905 S Adria Maru Ln Carson 90746,CE8E6350-2884-4969-A1D0-AB92DBB17789_17905_S_Adria_Maru_Ln_Carson_90746,Adria Maru,17905 S Adria Maru Lane Ln Carson 90746,,,,
8072,13197,,,,18203.0,,,South,,,Cairo,Avenue,,,,,,,,,,,,,90746.0,,Carson,Carson,,,,,Carson GIS,{71DA64E3-C7C9-4C75-A32B-615F8EACA771},0,,71DA64E3-C7C9-4C75-A32B-615F8EACA771,Unknown,,S,,,Ave,S Cairo Ave,2015/03/24 09:32:55+00,18203 S Cairo Ave Carson 90746,71DA64E3-C7C9-4C75-A32B-615F8EACA771_18203_S_Cairo_Ave_Carson_90746,Cairo,18203 S Cairo Avenue Ave Carson 90746,,,,
8073,13198,,,,18418.0,,,South,,,Towne,Avenue,,,,,,,,,,,,,90746.0,,Carson,Carson,,,,,Carson GIS,{264C2613-EEF4-4C57-9A6C-4DA933FD6911},0,,264C2613-EEF4-4C57-9A6C-4DA933FD6911,Unknown,,S,,,Ave,S Towne Ave,2015/03/24 09:32:55+00,18418 S Towne Ave Carson 90746,264C2613-EEF4-4C57-9A6C-4DA933FD6911_18418_S_Towne_Ave_Carson_90746,Towne,18418 S Towne Avenue Ave Carson 90746,,,,
8074,13200,,,,1022.0,,,East,,,Denwall,Drive,,,,,,,,,,,,,90746.0,,Carson,Carson,,,,,Carson GIS,{53083608-CD63-4340-AFEC-30ACA5A928EF},0,,53083608-CD63-4340-AFEC-30ACA5A928EF,Unknown,,E,,,Dr,E Denwall Dr,2015/03/24 09:32:55+00,1022 E Denwall Dr Carson 90746,53083608-CD63-4340-AFEC-30ACA5A928EF_1022_E_Denwall_Dr_Carson_90746,Denwall,1022 E Denwall Drive Dr Carson 90746,,,,
8075,13201,,,,1773.0,,,East,,,Gladwick,Street,,,,,,,,,,,,,90746.0,,Carson,Carson,,,,,Carson GIS,{73D1004B-27CA-497E-A72C-49E407B29AC6},0,,73D1004B-27CA-497E-A72C-49E407B29AC6,Unknown,,E,,,St,E Gladwick St,2015/03/24 09:32:55+00,1773 E Gladwick St Carson 90746,73D1004B-27CA-497E-A72C-49E407B29AC6_1773_E_Gladwick_St_Carson_90746,Gladwick,1773 E Gladwick Street St Carson 90746,,,,
8076,13203,,,,331.0,,,East,,,Cassidy,Street,,,,,,,,,,,,,90746.0,,Carson,Carson,,,,,Carson GIS,{87373A7B-54D3-4248-BDCE-441C6B0104D0},0,,87373A7B-54D3-4248-BDCE-441C6B0104D0,Unknown,,E,,,St,E Cassidy St,2015/03/24 09:32:55+00,331 E Cassidy St Carson 90746,87373A7B-54D3-4248-BDCE-441C6B0104D0_331_E_Cassidy_St_Carson_90746,Cassidy,331 E Cassidy Street St Carson 90746,,,,
8081,13209,,,,308.0,,,East,,,Collamer,Drive,,,,,,,,,,,,,90746.0,,Carson,Carson,,,,,Carson GIS,{73F217AF-0FFF-4E6B-AB5B-EDA007B30287},0,,73F217AF-0FFF-4E6B-AB5B-EDA007B30287,Unknown,,E,,,Dr,E Collamer Dr,2015/03/24 09:32:55+00,308 E Collamer Dr Carson 90746,73F217AF-0FFF-4E6B-AB5B-EDA007B30287_308_E_Collamer_Dr_Carson_90746,Collamer,308 E Collamer Drive Dr Carson 90746,,,,
8086,13223,,,,1238.0,,,East,,,Sultan,Circle,,,,,,,,,,,,,90746.0,,Carson,Carson,,,,,Carson GIS,{A715DD0C-09F2-4574-B53A-6FBBB41DB51B},0,,A715DD0C-09F2-4574-B53A-6FBBB41DB51B,Unknown,,E,,,Cir,E Sultan Cir,2015/03/24 09:32:55+00,1238 E Sultan Cir Carson 90746,A715DD0C-09F2-4574-B53A-6FBBB41DB51B_1238_E_Sultan_Cir_Carson_90746,Sultan,1238 E Sultan Circle Cir Carson 90746,,,,
8095,13240,,,,1359.0,,,East,,,Gladwick,Street,,,,,,,,,,,,,90746.0,,Carson,Carson,,,,,Carson GIS,{0A9DC8D0-1F1A-4D80-A57E-4145BBE7B0D3},0,,0A9DC8D0-1F1A-4D80-A57E-4145BBE7B0D3,Unknown,,E,,,St,E Gladwick St,2015/03/24 09:32:55+00,1359 E Gladwick St Carson 90746,0A9DC8D0-1F1A-4D80-A57E-4145BBE7B0D3_1359_E_Gladwick_St_Carson_90746,Gladwick,1359 E Gladwick Street St Carson 90746,,,,
8101,13251,,,,20102.0,,,South,,,Dalfsen,Avenue,,,,,,,,,,,,,90746.0,,Carson,Carson,,,,,Carson GIS,{3842947B-55FD-4CC9-A9AD-88A9EE8F87F0},0,,3842947B-55FD-4CC9-A9AD-88A9EE8F87F0,Unknown,,S,,,Ave,S Dalfsen Ave,2015/03/24 09:32:55+00,20102 S Dalfsen Ave Carson 90746,3842947B-55FD-4CC9-A9AD-88A9EE8F87F0_20102_S_Dalfsen_Ave_Carson_90746,Dalfsen,20102 S Dalfsen Avenue Ave Carson 90746,,,,
8103,13259,,,,103.0,,,East,,,189th,Street,,,,,,,,,,,,,90746.0,,Carson,Carson,,,,,Carson GIS,{6392DD10-63F0-45FA-8A99-03D8793C4607},0,,6392DD10-63F0-45FA-8A99-03D8793C4607,Unknown,,E,,,St,E 189th St,2015/03/24 09:32:55+00,103 E 189th St Carson 90746,6392DD10-63F0-45FA-8A99-03D8793C4607_103_E_189th_St_Carson_90746,189th,103 E 189th Street St Carson 90746,,,,
8111,13273,,,,19925.0,,,South,,,Campaign,Drive,,,,,,,,,,,,,90746.0,,Carson,Carson,,,,,Carson GIS,{995E55DA-2D7A-4F38-9ABF-D88AC47F4994},0,,995E55DA-2D7A-4F38-9ABF-D88AC47F4994,Unknown,,S,,,Dr,S Campaign Dr,2015/03/24 09:32:55+00,19925 S Campaign Dr Carson 90746,995E55DA-2D7A-4F38-9ABF-D88AC47F4994_19925_S_Campaign_Dr_Carson_90746,Campaign,19925 S Campaign Drive Dr Carson 90746,,,,
8112,13274,,,,20118.0,,,South,,,Enslow,Drive,,,,,,,,,,,,,90746.0,,Carson,Carson,,,,,Carson GIS,{51D1F239-7F66-496B-B73B-0DAB05BD8CA0},0,,51D1F239-7F66-496B-B73B-0DAB05BD8CA0,Unknown,,S,,,Dr,S Enslow Dr,2015/03/24 09:32:55+00,20118 S Enslow Dr Carson 90746,51D1F239-7F66-496B-B73B-0DAB05BD8CA0_20118_S_Enslow_Dr_Carson_90746,Enslow,20118 S Enslow Drive Dr Carson 90746,,,,
8114,13276,,,,17333.0,,,South,,,Billings,Drive,,,,,,,,,,,,,90746.0,,Carson,Carson,,,,,Carson GIS,{3851C08A-3A58-473D-87FA-122574F193EA},0,,3851C08A-3A58-473D-87FA-122574F193EA,Unknown,,S,,,Dr,S Billings Dr,2015/03/24 09:32:55+00,17333 S Billings Dr Carson 90746,3851C08A-3A58-473D-87FA-122574F193EA_17333_S_Billings_Dr_Carson_90746,Billings,17333 S Billings Drive Dr Carson 90746,,,,
8115,13277,,,,1716.0,,,East,,,Turmont,Street,,,,,,,,,,,,,90746.0,,Carson,Carson,,,,,Carson GIS,{93192DA0-F062-4DD2-AED1-1236008630C4},0,,93192DA0-F062-4DD2-AED1-1236008630C4,Unknown,,E,,,St,E Turmont St,2015/03/24 09:32:55+00,1716 E Turmont St Carson 90746,93192DA0-F062-4DD2-AED1-1236008630C4_1716_E_Turmont_St_Carson_90746,Turmont,1716 E Turmont Street St Carson 90746,,,,
8116,13280,,,,963.0,,,East,,,Helmick,Street,,,,,,,,,,,,,90746.0,,Carson,Carson,,,,,Carson GIS,{4C6584C3-8DA7-4264-BE9C-4DA78261C449},0,,4C6584C3-8DA7-4264-BE9C-4DA78261C449,Unknown,,E,,,St,E Helmick St,2015/03/24 09:32:55+00,963 E Helmick St Carson 90746,4C6584C3-8DA7-4264-BE9C-4DA78261C449_963_E_Helmick_St_Carson_90746,Helmick,963 E Helmick Street St Carson 90746,,,,
8119,13291,,,,320.0,,,East,,,181st,Street,,,,,,,,,,,,,90746.0,,Carson,Carson,,,,,Carson GIS,{C85F9215-05D8-4159-9D29-2C19A477A369},0,,C85F9215-05D8-4159-9D29-2C19A477A369,Unknown,,E,,,St,E 181st St,2015/03/24 09:32:55+00,320 E 181st St Carson 90746,C85F9215-05D8-4159-9D29-2C19A477A369_320_E_181st_St_Carson_90746,181st,320 E 181st Street St Carson 90746,,,,
8135,13316,,,,17229.0,,,South,,,Wall,Street,,,,,,,,,,,,,90746.0,,Carson,Carson,,,,,Carson GIS,{53B1B68D-6302-41CD-9E34-CF8B9AC58ADB},0,,53B1B68D-6302-41CD-9E34-CF8B9AC58ADB,Unknown,,S,,,St,S Wall St,2015/03/24 09:32:55+00,17229 S Wall St Carson 90746,53B1B68D-6302-41CD-9E34-CF8B9AC58ADB_17229_S_Wall_St_Carson_90746,Wall,17229 S Wall Street St Carson 90746,,,,
8144,13330,,,,20113.0,,,South,,,Tajauta,Avenue,,,,,,,,,,,,,90746.0,,Carson,Carson,,,,,Carson GIS,{AFBF205D-D8B7-44EC-9691-C11DAC81F50F},0,,AFBF205D-D8B7-44EC-9691-C11DAC81F50F,Unknown,,S,,,Ave,S Tajauta Ave,2015/03/24 09:32:55+00,20113 S Tajauta Ave Carson 90746,AFBF205D-D8B7-44EC-9691-C11DAC81F50F_20113_S_Tajauta_Ave_Carson_90746,Tajauta,20113 S Tajauta Avenue Ave Carson 90746,,,,
8145,13331,,,,1859.0,,,East,,,Helmick,Street,,,,,,,,,,,,,90746.0,,Carson,Carson,,,,,Carson GIS,{E7B8E8D5-CC72-43D7-B39F-AC8B7AB29F9A},0,,E7B8E8D5-CC72-43D7-B39F-AC8B7AB29F9A,Unknown,,E,,,St,E Helmick St,2015/03/24 09:32:55+00,1859 E Helmick St Carson 90746,E7B8E8D5-CC72-43D7-B39F-AC8B7AB29F9A_1859_E_Helmick_St_Carson_90746,Helmick,1859 E Helmick Street St Carson 90746,,,,
8146,13332,,,,18403.0,,,South,,,Milmore,Avenue,,,,,,,,,,,,,90746.0,,Carson,Carson,,,,,Carson GIS,{748A2BA4-1FFB-4970-BC5F-EDB20D3348DE},0,,748A2BA4-1FFB-4970-BC5F-EDB20D3348DE,Unknown,,S,,,Ave,S Milmore Ave,2015/03/24 09:32:55+00,18403 S Milmore Ave Carson 90746,748A2BA4-1FFB-4970-BC5F-EDB20D3348DE_18403_S_Milmore_Ave_Carson_90746,Milmore,18403 S Milmore Avenue Ave Carson 90746,,,,
8167,13369,,,,18910.0,,,South,,,Milmore,Avenue,,,,,,,,,,,,,90746.0,,Carson,Carson,,,,,Carson GIS,{A9DFE819-4644-4C90-B21B-472B7980BF72},0,,A9DFE819-4644-4C90-B21B-472B7980BF72,Unknown,,S,,,Ave,S Milmore Ave,2015/03/24 09:32:55+00,18910 S Milmore Ave Carson 90746,A9DFE819-4644-4C90-B21B-472B7980BF72_18910_S_Milmore_Ave_Carson_90746,Milmore,18910 S Milmore Avenue Ave Carson 90746,,,,
8168,13370,,,,1021.0,,,East,,,Helmick,Street,,,,,,,,,,,,,90746.0,,Carson,Carson,,,,,Carson GIS,{10B88EA0-BD2E-48EC-B8FF-A0396FB207FC},0,,10B88EA0-BD2E-48EC-B8FF-A0396FB207FC,Unknown,,E,,,St,E Helmick St,2015/03/24 09:32:55+00,1021 E Helmick St Carson 90746,10B88EA0-BD2E-48EC-B8FF-A0396FB207FC_1021_E_Helmick_St_Carson_90746,Helmick,1021 E Helmick Street St Carson 90746,,,,
8170,13374,,,,207.0,,,East,,,Roblin,Street,,,,,,,,,,,,,90746.0,,Carson,Carson,,,,,Carson GIS,{1252EAB0-AB9B-4811-A651-A14D597DFAD2},0,,1252EAB0-AB9B-4811-A651-A14D597DFAD2,Unknown,,E,,,St,E Roblin St,2015/03/24 09:32:55+00,207 E Roblin St Carson 90746,1252EAB0-AB9B-4811-A651-A14D597DFAD2_207_E_Roblin_St_Carson_90746,Roblin,207 E Roblin Street St Carson 90746,,,,
8179,13389,,,,18505.0,,,South,,,Avalon,Boulevard,,,,,,,,,,,,,90746.0,,Carson,Carson,,,,,Carson GIS,{15664ABD-9EAE-4B28-ABE1-D5CF81946EAB},0,,15664ABD-9EAE-4B28-ABE1-D5CF81946EAB,Unknown,,S,,,Blvd,S Avalon Blvd,2015/03/24 09:32:55+00,18505 S Avalon Blvd Carson 90746,15664ABD-9EAE-4B28-ABE1-D5CF81946EAB_18505_S_Avalon_Blvd_Carson_90746,Avalon,18505 S Avalon Boulevard Blvd Carson 90746,,,,
8183,13394,,,,17335.0,,,South,,,Bonham,Avenue,,,,,,,,,,,,,90746.0,,Carson,Carson,,,,,Carson GIS,{AF217359-78F4-4FF0-8D14-4005E9AD673B},0,,AF217359-78F4-4FF0-8D14-4005E9AD673B,Unknown,,S,,,Ave,S Bonham Ave,2015/03/24 09:32:55+00,17335 S Bonham Ave Carson 90746,AF217359-78F4-4FF0-8D14-4005E9AD673B_17335_S_Bonham_Ave_Carson_90746,Bonham,17335 S Bonham Avenue Ave Carson 90746,,,,
8185,13398,,,,136.0,,,East,,,189th,Street,,,,,,,,,,,,,90746.0,,Carson,Carson,,,,,Carson GIS,{61521242-26DB-4254-8D39-BFA3FDD472F6},0,,61521242-26DB-4254-8D39-BFA3FDD472F6,Unknown,,E,,,St,E 189th St,2015/03/24 09:32:55+00,136 E 189th St Carson 90746,61521242-26DB-4254-8D39-BFA3FDD472F6_136_E_189th_St_Carson_90746,189th,136 E 189th Street St Carson 90746,,,,
8186,13399,,,,1447.0,,,East,,,Abbottson,Street,,,,,,,,,,,,,90746.0,,Carson,Carson,,,,,Carson GIS,{B8E74775-6DE1-4C8B-B3C7-76AC843A91D1},0,,B8E74775-6DE1-4C8B-B3C7-76AC843A91D1,Unknown,,E,,,St,E Abbottson St,2015/03/24 09:32:55+00,1447 E Abbottson St Carson 90746,B8E74775-6DE1-4C8B-B3C7-76AC843A91D1_1447_E_Abbottson_St_Carson_90746,Abbottson,1447 E Abbottson Street St Carson 90746,,,,
8196,13411,,,,20123.0,,,South,,,Enslow,Drive,,,,,,,,,,,,,90746.0,,Carson,Carson,,,,,Carson GIS,{2EA64108-7501-4FF6-829C-F62A926BBBBD},0,,2EA64108-7501-4FF6-829C-F62A926BBBBD,Unknown,,S,,,Dr,S Enslow Dr,2015/03/24 09:32:55+00,20123 S Enslow Dr Carson 90746,2EA64108-7501-4FF6-829C-F62A926BBBBD_20123_S_Enslow_Dr_Carson_90746,Enslow,20123 S Enslow Drive Dr Carson 90746,,,,
8201,13418,,,,19113.0,,,South,,,Harlan,Avenue,,,,,,,,,,,,,90746.0,,Carson,Carson,,,,,Carson GIS,{F32FD21C-D5A5-4095-9582-F2F6E0A99F94},0,,F32FD21C-D5A5-4095-9582-F2F6E0A99F94,Unknown,,S,,,Ave,S Harlan Ave,2015/03/24 09:32:55+00,19113 S Harlan Ave Carson 90746,F32FD21C-D5A5-4095-9582-F2F6E0A99F94_19113_S_Harlan_Ave_Carson_90746,Harlan,19113 S Harlan Avenue Ave Carson 90746,,,,
8203,13426,,,,19422.0,,,South,,,Harlan,Avenue,,,,,,,,,,,,,90746.0,,Carson,Carson,,,,,Carson GIS,{66C413F2-529C-4DA8-A79A-DA0F7FF787E7},0,,66C413F2-529C-4DA8-A79A-DA0F7FF787E7,Unknown,,S,,,Ave,S Harlan Ave,2015/03/24 09:32:55+00,19422 S Harlan Ave Carson 90746,66C413F2-529C-4DA8-A79A-DA0F7FF787E7_19422_S_Harlan_Ave_Carson_90746,Harlan,19422 S Harlan Avenue Ave Carson 90746,,,,
8204,13427,,,,18713.0,,,South,,,Avalon,Boulevard,,,,,,,,,,,,,90746.0,,Carson,Carson,,,,,Carson GIS,{C3E07175-2471-4DDC-BC8A-C5C8AAA89077},0,,C3E07175-2471-4DDC-BC8A-C5C8AAA89077,Unknown,,S,,,Blvd,S Avalon Blvd,2015/03/24 09:32:55+00,18713 S Avalon Blvd Carson 90746,C3E07175-2471-4DDC-BC8A-C5C8AAA89077_18713_S_Avalon_Blvd_Carson_90746,Avalon,18713 S Avalon Boulevard Blvd Carson 90746,,,,
8211,13437,,,,18005.0,,,South,,,Adria Maru,Lane,,,,,,,,,,,,,90746.0,,Carson,Carson,,,,,Carson GIS,{8976F7C6-F395-49B7-A771-2D0ACECD0F2E},0,,8976F7C6-F395-49B7-A771-2D0ACECD0F2E,Unknown,,S,,,Ln,S Adria Maru Ln,2015/03/24 09:32:55+00,18005 S Adria Maru Ln Carson 90746,8976F7C6-F395-49B7-A771-2D0ACECD0F2E_18005_S_Adria_Maru_Ln_Carson_90746,Adria Maru,18005 S Adria Maru Lane Ln Carson 90746,,,,
8216,13446,,,,514.0,,,East,,,Bradenhall,Drive,,,,,,,,,,,,,90746.0,,Carson,Carson,,,,,Carson GIS,{9657B041-A641-4381-9D77-59BE1D35BBFB},0,,9657B041-A641-4381-9D77-59BE1D35BBFB,Unknown,,E,,,Dr,E Bradenhall Dr,2015/03/24 09:32:55+00,514 E Bradenhall Dr Carson 90746,9657B041-A641-4381-9D77-59BE1D35BBFB_514_E_Bradenhall_Dr_Carson_90746,Bradenhall,514 E Bradenhall Drive Dr Carson 90746,,,,
8218,13448,,,,19413.0,,,South,,,Cliveden,Avenue,,,,,,,,,,,,,90746.0,,Carson,Carson,,,,,Carson GIS,{94C436ED-78B9-46B3-99AB-FA5D03289913},0,,94C436ED-78B9-46B3-99AB-FA5D03289913,Unknown,,S,,,Ave,S Cliveden Ave,2015/03/24 09:32:55+00,19413 S Cliveden Ave Carson 90746,94C436ED-78B9-46B3-99AB-FA5D03289913_19413_S_Cliveden_Ave_Carson_90746,Cliveden,19413 S Cliveden Avenue Ave Carson 90746,,,,
8225,13463,,,,18955.0,,,South,,,Milmore,Avenue,,,,,,,,,,,,,90746.0,,Carson,Carson,,,,,Carson GIS,{7901AAB0-CADC-413F-AED8-099D01EF9992},0,,7901AAB0-CADC-413F-AED8-099D01EF9992,Unknown,,S,,,Ave,S Milmore Ave,2015/03/24 09:32:55+00,18955 S Milmore Ave Carson 90746,7901AAB0-CADC-413F-AED8-099D01EF9992_18955_S_Milmore_Ave_Carson_90746,Milmore,18955 S Milmore Avenue Ave Carson 90746,,,,
8242,13490,,,,1463.0,,,East,,,Gladwick,Street,,,,,,,,,,,,,90746.0,,Carson,Carson,,,,,Carson GIS,{E3322FFF-97C5-4FC5-BD23-2796E86F7F76},0,,E3322FFF-97C5-4FC5-BD23-2796E86F7F76,Unknown,,E,,,St,E Gladwick St,2015/03/24 09:32:55+00,1463 E Gladwick St Carson 90746,E3322FFF-97C5-4FC5-BD23-2796E86F7F76_1463_E_Gladwick_St_Carson_90746,Gladwick,1463 E Gladwick Street St Carson 90746,,,,
8249,13500,,,,18517.0,,,South,,,Avalon,Boulevard,,,,,,,,,,,,,90746.0,,Carson,Carson,,,,,Carson GIS,{75917B67-83AD-4FF5-8563-3CAF5FF6B3F1},0,,75917B67-83AD-4FF5-8563-3CAF5FF6B3F1,Unknown,,S,,,Blvd,S Avalon Blvd,2015/03/24 09:32:55+00,18517 S Avalon Blvd Carson 90746,75917B67-83AD-4FF5-8563-3CAF5FF6B3F1_18517_S_Avalon_Blvd_Carson_90746,Avalon,18517 S Avalon Boulevard Blvd Carson 90746,,,,
8250,13501,,,,20024.0,,,South,,,Hillford,Avenue,,,,,,,,,,,,,90746.0,,Carson,Carson,,,,,Carson GIS,{09C357AB-7482-436D-A02D-99D906A64F1F},0,,09C357AB-7482-436D-A02D-99D906A64F1F,Unknown,,S,,,Ave,S Hillford Ave,2015/03/24 09:32:55+00,20024 S Hillford Ave Carson 90746,09C357AB-7482-436D-A02D-99D906A64F1F_20024_S_Hillford_Ave_Carson_90746,Hillford,20024 S Hillford Avenue Ave Carson 90746,,,,
8256,13512,,,,20331.0,,,South,,,Caron,Circle,,,,,,,,,,,,,90746.0,,Carson,Carson,,,,,Carson GIS,{FC8436DE-CC3A-4177-BBE2-E5844F612FE9},0,,FC8436DE-CC3A-4177-BBE2-E5844F612FE9,Unknown,,S,,,Cir,S Caron Cir,2015/03/24 09:32:55+00,20331 S Caron Cir Carson 90746,FC8436DE-CC3A-4177-BBE2-E5844F612FE9_20331_S_Caron_Cir_Carson_90746,Caron,20331 S Caron Circle Cir Carson 90746,,,,
8265,13529,,,,1543.0,,,East,,,Gladwick,Street,,,,,,,,,,,,,90746.0,,Carson,Carson,,,,,Carson GIS,{4C4276F5-EC5A-4A81-B1B3-AB0871171EAB},0,,4C4276F5-EC5A-4A81-B1B3-AB0871171EAB,Unknown,,E,,,St,E Gladwick St,2015/03/24 09:32:55+00,1543 E Gladwick St Carson 90746,4C4276F5-EC5A-4A81-B1B3-AB0871171EAB_1543_E_Gladwick_St_Carson_90746,Gladwick,1543 E Gladwick Street St Carson 90746,,,,
8267,13532,,,,316.0,,,East,,,186th,Street,,,,,,,,,,,,,90746.0,,Carson,Carson,,,,,Carson GIS,{B52F083A-E328-4B91-B415-980D7138D3AF},0,,B52F083A-E328-4B91-B415-980D7138D3AF,Unknown,,E,,,St,E 186th St,2015/03/24 09:32:55+00,316 E 186th St Carson 90746,B52F083A-E328-4B91-B415-980D7138D3AF_316_E_186th_St_Carson_90746,186th,316 E 186th Street St Carson 90746,,,,
8287,13557,,,,1782.0,,,East,,,Gladwick,Street,,,,,,,,,,,,,90746.0,,Carson,Carson,,,,,Carson GIS,{31C47729-C641-4C32-B2A6-C39709D1B69D},0,,31C47729-C641-4C32-B2A6-C39709D1B69D,Unknown,,E,,,St,E Gladwick St,2015/03/24 09:32:55+00,1782 E Gladwick St Carson 90746,31C47729-C641-4C32-B2A6-C39709D1B69D_1782_E_Gladwick_St_Carson_90746,Gladwick,1782 E Gladwick Street St Carson 90746,,,,
8298,13570,,,,20109.0,,,South,,,Tajauta,Avenue,,,,,,,,,,,,,90746.0,,Carson,Carson,,,,,Carson GIS,{ECD6E4E1-7083-47B0-80D5-836522D111FA},0,,ECD6E4E1-7083-47B0-80D5-836522D111FA,Unknown,,S,,,Ave,S Tajauta Ave,2015/03/24 09:32:55+00,20109 S Tajauta Ave Carson 90746,ECD6E4E1-7083-47B0-80D5-836522D111FA_20109_S_Tajauta_Ave_Carson_90746,Tajauta,20109 S Tajauta Avenue Ave Carson 90746,,,,
8300,13572,,,,16918.0,,,South,,,Belforest,Drive,,,,,,,,,,,,,90746.0,,Carson,Carson,,,,,Carson GIS,{3345CC7B-A37A-4C7D-9AD7-B5D075597222},0,,3345CC7B-A37A-4C7D-9AD7-B5D075597222,Unknown,,S,,,Dr,S Belforest Dr,2015/03/24 09:32:55+00,16918 S Belforest Dr Carson 90746,3345CC7B-A37A-4C7D-9AD7-B5D075597222_16918_S_Belforest_Dr_Carson_90746,Belforest,16918 S Belforest Drive Dr Carson 90746,,,,
8306,13579,,,,19235.0,,,South,,,Kemp,Avenue,,,,,,,,,,,,,90746.0,,Carson,Carson,,,,,Carson GIS,{112C4B0C-0759-49D7-840C-10B01A19523F},0,,112C4B0C-0759-49D7-840C-10B01A19523F,Unknown,,S,,,Ave,S Kemp Ave,2015/03/24 09:32:55+00,19235 S Kemp Ave Carson 90746,112C4B0C-0759-49D7-840C-10B01A19523F_19235_S_Kemp_Ave_Carson_90746,Kemp,19235 S Kemp Avenue Ave Carson 90746,,,,
8316,13601,,,,1893.0,,,East,,,Cyrene,Drive,,,,,,,,,,,,,90746.0,,Carson,Carson,,,,,Carson GIS,{9658BB8F-76EC-4991-8B60-C3DDF6DD8CCC},0,,9658BB8F-76EC-4991-8B60-C3DDF6DD8CCC,Unknown,,E,,,Dr,E Cyrene Dr,2015/03/24 09:32:55+00,1893 E Cyrene Dr Carson 90746,9658BB8F-76EC-4991-8B60-C3DDF6DD8CCC_1893_E_Cyrene_Dr_Carson_90746,Cyrene,1893 E Cyrene Drive Dr Carson 90746,,,,
8322,13612,,,,1802.0,,,East,,,Denwall,Drive,,,,,,,,,,,,,90746.0,,Carson,Carson,,,,,Carson GIS,{ABA6B9BE-A563-46B6-82C2-79FD816E3277},0,,ABA6B9BE-A563-46B6-82C2-79FD816E3277,Unknown,,E,,,Dr,E Denwall Dr,2015/03/24 09:32:55+00,1802 E Denwall Dr Carson 90746,ABA6B9BE-A563-46B6-82C2-79FD816E3277_1802_E_Denwall_Dr_Carson_90746,Denwall,1802 E Denwall Drive Dr Carson 90746,,,,
8338,13635,,,,18921.0,,,South,,,Milmore,Avenue,,,,,,,,,,,,,90746.0,,Carson,Carson,,,,,Carson GIS,{D51898CD-A375-4BE3-8A27-0958345CAA8C},0,,D51898CD-A375-4BE3-8A27-0958345CAA8C,Unknown,,S,,,Ave,S Milmore Ave,2015/03/24 09:32:55+00,18921 S Milmore Ave Carson 90746,D51898CD-A375-4BE3-8A27-0958345CAA8C_18921_S_Milmore_Ave_Carson_90746,Milmore,18921 S Milmore Avenue Ave Carson 90746,,,,
8339,13636,,,,19222.0,,,South,,,Grandee,Avenue,,,,,,,,,,,,,90746.0,,Carson,Carson,,,,,Carson GIS,{4432E900-18E5-4B30-867D-A32EAA550A6F},0,,4432E900-18E5-4B30-867D-A32EAA550A6F,Unknown,,S,,,Ave,S Grandee Ave,2015/03/24 09:32:55+00,19222 S Grandee Ave Carson 90746,4432E900-18E5-4B30-867D-A32EAA550A6F_19222_S_Grandee_Ave_Carson_90746,Grandee,19222 S Grandee Avenue Ave Carson 90746,,,,
8342,13646,,,,19222.0,,,South,,,Tajauta,Avenue,,,,,,,,,,,,,90746.0,,Carson,Carson,,,,,Carson GIS,{2DD7A874-C981-40CE-A70D-D55A02240FE2},0,,2DD7A874-C981-40CE-A70D-D55A02240FE2,Unknown,,S,,,Ave,S Tajauta Ave,2015/03/24 09:32:55+00,19222 S Tajauta Ave Carson 90746,2DD7A874-C981-40CE-A70D-D55A02240FE2_19222_S_Tajauta_Ave_Carson_90746,Tajauta,19222 S Tajauta Avenue Ave Carson 90746,,,,
8356,13667,,,,20322.0,,,South,,,Amantha,Avenue,,,,,,,,,,,,,90746.0,,Carson,Carson,,,,,Carson GIS,{AB274A1B-D9DA-4D4E-AE1C-C8E1DA38E691},0,,AB274A1B-D9DA-4D4E-AE1C-C8E1DA38E691,Unknown,,S,,,Ave,S Amantha Ave,2015/03/24 09:32:55+00,20322 S Amantha Ave Carson 90746,AB274A1B-D9DA-4D4E-AE1C-C8E1DA38E691_20322_S_Amantha_Ave_Carson_90746,Amantha,20322 S Amantha Avenue Ave Carson 90746,,,,
8357,13668,,,,20118.0,,,South,,,Hillford,Avenue,,,,,,,,,,,,,90746.0,,Carson,Carson,,,,,Carson GIS,{1B07F572-CED1-4A1B-B4E2-DA16A8A44CF7},0,,1B07F572-CED1-4A1B-B4E2-DA16A8A44CF7,Unknown,,S,,,Ave,S Hillford Ave,2015/03/24 09:32:55+00,20118 S Hillford Ave Carson 90746,1B07F572-CED1-4A1B-B4E2-DA16A8A44CF7_20118_S_Hillford_Ave_Carson_90746,Hillford,20118 S Hillford Avenue Ave Carson 90746,,,,
8358,13670,,,,17117.0,,,South,,,Mettler,Drive,,,,,,,,,,,,,90746.0,,Carson,Carson,,,,,Carson GIS,{C8F62A47-F07B-457D-8371-D0F648E5B680},0,,C8F62A47-F07B-457D-8371-D0F648E5B680,Unknown,,S,,,Dr,S Mettler Dr,2015/03/24 09:32:55+00,17117 S Mettler Dr Carson 90746,C8F62A47-F07B-457D-8371-D0F648E5B680_17117_S_Mettler_Dr_Carson_90746,Mettler,17117 S Mettler Drive Dr Carson 90746,,,,
8363,13680,,,,20213.0,,,South,,,Eddington,Drive,,,,,,,,,,,,,90746.0,,Carson,Carson,,,,,Carson GIS,{CEB41234-C2BE-42B2-B6B4-95A29B9BDDA1},0,,CEB41234-C2BE-42B2-B6B4-95A29B9BDDA1,Unknown,,S,,,Dr,S Eddington Dr,2015/03/24 09:32:55+00,20213 S Eddington Dr Carson 90746,CEB41234-C2BE-42B2-B6B4-95A29B9BDDA1_20213_S_Eddington_Dr_Carson_90746,Eddington,20213 S Eddington Drive Dr Carson 90746,,,,
8364,13681,,,,19436.0,,,South,,,Harlan,Avenue,,,,,,,,,,,,,90746.0,,Carson,Carson,,,,,Carson GIS,{7E2C6938-A40F-48C8-BB0D-4718006A372E},0,,7E2C6938-A40F-48C8-BB0D-4718006A372E,Unknown,,S,,,Ave,S Harlan Ave,2015/03/24 09:32:55+00,19436 S Harlan Ave Carson 90746,7E2C6938-A40F-48C8-BB0D-4718006A372E_19436_S_Harlan_Ave_Carson_90746,Harlan,19436 S Harlan Avenue Ave Carson 90746,,,,
8373,13695,,,,18302.0,,,South,,,Coltman,Avenue,,,,,,,,,,,,,90746.0,,Carson,Carson,,,,,Carson GIS,{FA896C49-1C93-416C-B836-39A8B8758BC0},0,,FA896C49-1C93-416C-B836-39A8B8758BC0,Unknown,,S,,,Ave,S Coltman Ave,2015/03/24 09:32:55+00,18302 S Coltman Ave Carson 90746,FA896C49-1C93-416C-B836-39A8B8758BC0_18302_S_Coltman_Ave_Carson_90746,Coltman,18302 S Coltman Avenue Ave Carson 90746,,,,
8410,13748,,,,19232.0,,,South,,,Cliveden,Avenue,,,,,,,,,,,,,90746.0,,Carson,Carson,,,,,Carson GIS,{C97E0D94-4B3D-45CD-987F-47ED5197C0EE},0,,C97E0D94-4B3D-45CD-987F-47ED5197C0EE,Unknown,,S,,,Ave,S Cliveden Ave,2015/03/24 09:32:55+00,19232 S Cliveden Ave Carson 90746,C97E0D94-4B3D-45CD-987F-47ED5197C0EE_19232_S_Cliveden_Ave_Carson_90746,Cliveden,19232 S Cliveden Avenue Ave Carson 90746,,,,
8411,13749,,,,340.0,,,East,,,Victoria,Street,,,,,,,,,,,,,90746.0,,Carson,Carson,,,,,Carson GIS,{A0D7DE0D-60A0-4EF2-940D-FCD338835325},0,,A0D7DE0D-60A0-4EF2-940D-FCD338835325,Unknown,,E,,,St,E Victoria St,2015/03/24 09:32:55+00,340 E Victoria St Carson 90746,A0D7DE0D-60A0-4EF2-940D-FCD338835325_340_E_Victoria_St_Carson_90746,Victoria,340 E Victoria Street St Carson 90746,,,,
8413,13753,,,,17341.0,,,South,,,Wall,Street,,,,,,,,,,,,,90746.0,,Carson,Carson,,,,,Carson GIS,{83F9A7C4-9C65-4E9A-A17E-66434BDFE219},0,,83F9A7C4-9C65-4E9A-A17E-66434BDFE219,Unknown,,S,,,St,S Wall St,2015/03/24 09:32:55+00,17341 S Wall St Carson 90746,83F9A7C4-9C65-4E9A-A17E-66434BDFE219_17341_S_Wall_St_Carson_90746,Wall,17341 S Wall Street St Carson 90746,,,,
8431,13783,,,,20020.0,,,South,,,Belshaw,Avenue,,,,,,,,,,,,,90746.0,,Carson,Carson,,,,,Carson GIS,{1B1530B6-1627-423B-9B88-8146737D38CF},0,,1B1530B6-1627-423B-9B88-8146737D38CF,Unknown,,S,,,Ave,S Belshaw Ave,2015/03/24 09:32:55+00,20020 S Belshaw Ave Carson 90746,1B1530B6-1627-423B-9B88-8146737D38CF_20020_S_Belshaw_Ave_Carson_90746,Belshaw,20020 S Belshaw Avenue Ave Carson 90746,,,,
8436,13790,,,,18813.0,,,South,,,Billings,Avenue,,,,,,,,,,,,,90746.0,,Carson,Carson,,,,,Carson GIS,{43928344-DBB1-4D54-8A8F-AE933E81370E},0,,43928344-DBB1-4D54-8A8F-AE933E81370E,Unknown,,S,,,Ave,S Billings Ave,2015/03/24 09:32:55+00,18813 S Billings Ave Carson 90746,43928344-DBB1-4D54-8A8F-AE933E81370E_18813_S_Billings_Ave_Carson_90746,Billings,18813 S Billings Avenue Ave Carson 90746,,,,
8452,13828,,,,20224.0,,,South,,,Hillford,Avenue,,,,,,,,,,,,,90746.0,,Carson,Carson,,,,,Carson GIS,{2F88438C-E331-4615-B7C9-F00F03261A8E},0,,2F88438C-E331-4615-B7C9-F00F03261A8E,Unknown,,S,,,Ave,S Hillford Ave,2015/03/24 09:32:55+00,20224 S Hillford Ave Carson 90746,2F88438C-E331-4615-B7C9-F00F03261A8E_20224_S_Hillford_Ave_Carson_90746,Hillford,20224 S Hillford Avenue Ave Carson 90746,,,,
8475,13864,,,,1402.0,,,East,,,Turmont,Street,,,,,,,,,,,,,90746.0,,Carson,Carson,,,,,Carson GIS,{0133732E-2EB0-4674-8C78-32905DC5AEE9},0,,0133732E-2EB0-4674-8C78-32905DC5AEE9,Unknown,,E,,,St,E Turmont St,2015/03/24 09:32:55+00,1402 E Turmont St Carson 90746,0133732E-2EB0-4674-8C78-32905DC5AEE9_1402_E_Turmont_St_Carson_90746,Turmont,1402 E Turmont Street St Carson 90746,,,,
8478,13872,,,,1475.0,,,East,,,Helmick,Street,,,,,,,,,,,,,90746.0,,Carson,Carson,,,,,Carson GIS,{A239C81C-3A4D-49CD-A57F-063E8095FC60},0,,A239C81C-3A4D-49CD-A57F-063E8095FC60,Unknown,,E,,,St,E Helmick St,2015/03/24 09:32:55+00,1475 E Helmick St Carson 90746,A239C81C-3A4D-49CD-A57F-063E8095FC60_1475_E_Helmick_St_Carson_90746,Helmick,1475 E Helmick Street St Carson 90746,,,,
8492,13891,,,,1880.0,,,East,,,Denwall,Drive,,,,,,,,,,,,,90746.0,,Carson,Carson,,,,,Carson GIS,{BFD23E51-CD08-4822-A0AA-2A516297383D},0,,BFD23E51-CD08-4822-A0AA-2A516297383D,Unknown,,E,,,Dr,E Denwall Dr,2015/03/24 09:32:55+00,1880 E Denwall Dr Carson 90746,BFD23E51-CD08-4822-A0AA-2A516297383D_1880_E_Denwall_Dr_Carson_90746,Denwall,1880 E Denwall Drive Dr Carson 90746,,,,
8497,13897,,,,18403.0,,,South,,,Towne,Avenue,,,,,,,,,,,,,90746.0,,Carson,Carson,,,,,Carson GIS,{A2EA5B67-C7C7-4DE6-9A79-1272FC6870D7},0,,A2EA5B67-C7C7-4DE6-9A79-1272FC6870D7,Unknown,,S,,,Ave,S Towne Ave,2015/03/24 09:32:55+00,18403 S Towne Ave Carson 90746,A2EA5B67-C7C7-4DE6-9A79-1272FC6870D7_18403_S_Towne_Ave_Carson_90746,Towne,18403 S Towne Avenue Ave Carson 90746,,,,
8499,13899,,,,18000.0,,,South,,,Savarona,Way,,,,,,,,,,,,,90746.0,,Carson,Carson,,,,,Carson GIS,{A5BA5A16-012A-41F3-8237-76981F5D55B8},0,,A5BA5A16-012A-41F3-8237-76981F5D55B8,Unknown,,S,,,Wy,S Savarona Wy,2015/03/24 09:32:55+00,18000 S Savarona Wy Carson 90746,A5BA5A16-012A-41F3-8237-76981F5D55B8_18000_S_Savarona_Wy_Carson_90746,Savarona,18000 S Savarona Way Wy Carson 90746,,,,
8509,13912,,,,18709.0,,,South,,,Cairo,Avenue,,,,,,,,,,,,,90746.0,,Carson,Carson,,,,,Carson GIS,{20A85B74-0A50-4C89-BB7C-CA57287528EE},0,,20A85B74-0A50-4C89-BB7C-CA57287528EE,Unknown,,S,,,Ave,S Cairo Ave,2015/03/24 09:32:55+00,18709 S Cairo Ave Carson 90746,20A85B74-0A50-4C89-BB7C-CA57287528EE_18709_S_Cairo_Ave_Carson_90746,Cairo,18709 S Cairo Avenue Ave Carson 90746,,,,
8514,13922,,,,358.0,,,East,,,181st,Street,,,,,,,,,,,,,90746.0,,Carson,Carson,,,,,Carson GIS,{5D176C36-B1FF-4513-9EF7-3B07E888ECF5},0,,5D176C36-B1FF-4513-9EF7-3B07E888ECF5,Unknown,,E,,,St,E 181st St,2015/03/24 09:32:55+00,358 E 181st St Carson 90746,5D176C36-B1FF-4513-9EF7-3B07E888ECF5_358_E_181st_St_Carson_90746,181st,358 E 181st Street St Carson 90746,,,,
8528,13950,,,,20010.0,,,South,,,Eddington,Drive,,,,,,,,,,,,,90746.0,,Carson,Carson,,,,,Carson GIS,{AC065A69-9415-4029-A74F-5F4AC6760F25},0,,AC065A69-9415-4029-A74F-5F4AC6760F25,Unknown,,S,,,Dr,S Eddington Dr,2015/03/24 09:32:55+00,20010 S Eddington Dr Carson 90746,AC065A69-9415-4029-A74F-5F4AC6760F25_20010_S_Eddington_Dr_Carson_90746,Eddington,20010 S Eddington Drive Dr Carson 90746,,,,
8529,13951,,,,20119.0,,,South,,,Tajauta,Avenue,,,,,,,,,,,,,90746.0,,Carson,Carson,,,,,Carson GIS,{6CEECDB5-C0DB-450C-A72A-234AAFC111CF},0,,6CEECDB5-C0DB-450C-A72A-234AAFC111CF,Unknown,,S,,,Ave,S Tajauta Ave,2015/03/24 09:32:55+00,20119 S Tajauta Ave Carson 90746,6CEECDB5-C0DB-450C-A72A-234AAFC111CF_20119_S_Tajauta_Ave_Carson_90746,Tajauta,20119 S Tajauta Avenue Ave Carson 90746,,,,
8546,13975,,,,501.0,,,East,,,Cheriton,Drive,,,,,,,,,,,,,90746.0,,Carson,Carson,,,,,Carson GIS,{13230964-6248-483D-AC15-AA39FF19F908},0,,13230964-6248-483D-AC15-AA39FF19F908,Unknown,,E,,,Dr,E Cheriton Dr,2015/03/24 09:32:55+00,501 E Cheriton Dr Carson 90746,13230964-6248-483D-AC15-AA39FF19F908_501_E_Cheriton_Dr_Carson_90746,Cheriton,501 E Cheriton Drive Dr Carson 90746,,,,
8548,13983,,,,1258.0,,,East,,,Sultan,Circle,,,,,,,,,,,,,90746.0,,Carson,Carson,,,,,Carson GIS,{D59DC6EC-2AA4-4BE0-8CCE-3ED952F8FBEB},0,,D59DC6EC-2AA4-4BE0-8CCE-3ED952F8FBEB,Unknown,,E,,,Cir,E Sultan Cir,2015/03/24 09:32:55+00,1258 E Sultan Cir Carson 90746,D59DC6EC-2AA4-4BE0-8CCE-3ED952F8FBEB_1258_E_Sultan_Cir_Carson_90746,Sultan,1258 E Sultan Circle Cir Carson 90746,,,,
8552,13989,,,,1253.0,,,East,,,Gladwick,Street,,,,,,,,,,,,,90746.0,,Carson,Carson,,,,,Carson GIS,{E99C11EB-F5A3-464E-BB16-732F64C1385D},0,,E99C11EB-F5A3-464E-BB16-732F64C1385D,Unknown,,E,,,St,E Gladwick St,2015/03/24 09:32:55+00,1253 E Gladwick St Carson 90746,E99C11EB-F5A3-464E-BB16-732F64C1385D_1253_E_Gladwick_St_Carson_90746,Gladwick,1253 E Gladwick Street St Carson 90746,,,,
8556,14003,,,,1025.0,,,East,,,Helmick,Street,,,,,,,,,,,,,90746.0,,Carson,Carson,,,,,Carson GIS,{7B24C3CE-C55F-48AE-95B1-2FFD006975E9},0,,7B24C3CE-C55F-48AE-95B1-2FFD006975E9,Unknown,,E,,,St,E Helmick St,2015/03/24 09:32:55+00,1025 E Helmick St Carson 90746,7B24C3CE-C55F-48AE-95B1-2FFD006975E9_1025_E_Helmick_St_Carson_90746,Helmick,1025 E Helmick Street St Carson 90746,,,,
8558,14005,,,,18818.0,,,South,,,Cairo,Avenue,,,,,,,,,,,,,90746.0,,Carson,Carson,,,,,Carson GIS,{7FF3DB07-FA39-4191-9549-15940EC4E259},0,,7FF3DB07-FA39-4191-9549-15940EC4E259,Unknown,,S,,,Ave,S Cairo Ave,2015/03/24 09:32:55+00,18818 S Cairo Ave Carson 90746,7FF3DB07-FA39-4191-9549-15940EC4E259_18818_S_Cairo_Ave_Carson_90746,Cairo,18818 S Cairo Avenue Ave Carson 90746,,,,
8572,14021,,,,819.0,,,East,,,Cyrene,Street,,,,,,,,,,,,,90746.0,,Carson,Carson,,,,,Carson GIS,{536106A6-973D-4935-8C16-8F12A1D15435},0,,536106A6-973D-4935-8C16-8F12A1D15435,Unknown,,E,,,St,E Cyrene St,2015/03/24 09:32:55+00,819 E Cyrene St Carson 90746,536106A6-973D-4935-8C16-8F12A1D15435_819_E_Cyrene_St_Carson_90746,Cyrene,819 E Cyrene Street St Carson 90746,,,,
8579,14030,,,,20018.0,,,East,,,Pricetown,Avenue,,,,,,,,,,,,,90746.0,,Carson,Carson,,,,,Carson GIS,{625025DD-E837-4EEC-B150-2D3FD258BF35},0,,625025DD-E837-4EEC-B150-2D3FD258BF35,Unknown,,E,,,Ave,E Pricetown Ave,2015/03/24 09:32:55+00,20018 E Pricetown Ave Carson 90746,625025DD-E837-4EEC-B150-2D3FD258BF35_20018_E_Pricetown_Ave_Carson_90746,Pricetown,20018 E Pricetown Avenue Ave Carson 90746,,,,
8580,14031,,,,18208.0,,,South,,,Coltman,Avenue,,,,,,,,,,,,,90746.0,,Carson,Carson,,,,,Carson GIS,{7A99E0D2-647F-43AB-B789-3EF44E605CD4},0,,7A99E0D2-647F-43AB-B789-3EF44E605CD4,Unknown,,S,,,Ave,S Coltman Ave,2015/03/24 09:32:55+00,18208 S Coltman Ave Carson 90746,7A99E0D2-647F-43AB-B789-3EF44E605CD4_18208_S_Coltman_Ave_Carson_90746,Coltman,18208 S Coltman Avenue Ave Carson 90746,,,,
8586,14039,,,,20009.0,,,South,,,Nestor,Avenue,,,,,,,,,,,,,90746.0,,Carson,Carson,,,,,Carson GIS,{10D576B5-5C99-4010-96D4-B84443A14453},0,,10D576B5-5C99-4010-96D4-B84443A14453,Unknown,,S,,,Ave,S Nestor Ave,2015/03/24 09:32:55+00,20009 S Nestor Ave Carson 90746,10D576B5-5C99-4010-96D4-B84443A14453_20009_S_Nestor_Ave_Carson_90746,Nestor,20009 S Nestor Avenue Ave Carson 90746,,,,
8588,14042,,,,19018.0,,,South,,,Andmark,Avenue,,,,,,,,,,,,,90746.0,,Carson,Carson,,,,,Carson GIS,{FF2B5A98-A1AC-4014-BE9D-21D4009378F5},0,,FF2B5A98-A1AC-4014-BE9D-21D4009378F5,Unknown,,S,,,Ave,S Andmark Ave,2015/03/24 09:32:55+00,19018 S Andmark Ave Carson 90746,FF2B5A98-A1AC-4014-BE9D-21D4009378F5_19018_S_Andmark_Ave_Carson_90746,Andmark,19018 S Andmark Avenue Ave Carson 90746,,,,
8590,14046,,,,19206.0,,,South,,,Gunlock,Avenue,,,,,,,,,,,,,90746.0,,Carson,Carson,,,,,Carson GIS,{E33E67C1-BAEC-4C49-A631-E1A402AD8A05},0,,E33E67C1-BAEC-4C49-A631-E1A402AD8A05,Unknown,,S,,,Ave,S Gunlock Ave,2015/03/24 09:32:55+00,19206 S Gunlock Ave Carson 90746,E33E67C1-BAEC-4C49-A631-E1A402AD8A05_19206_S_Gunlock_Ave_Carson_90746,Gunlock,19206 S Gunlock Avenue Ave Carson 90746,,,,
8598,14056,,,,20229.0,,,South,,,Tillman,Avenue,,,,,,,,,,,,,90746.0,,Carson,Carson,,,,,Carson GIS,{85A603A0-7F07-4B18-A11B-CF827A5896E5},0,,85A603A0-7F07-4B18-A11B-CF827A5896E5,Unknown,,S,,,Ave,S Tillman Ave,2015/03/24 09:32:55+00,20229 S Tillman Ave Carson 90746,85A603A0-7F07-4B18-A11B-CF827A5896E5_20229_S_Tillman_Ave_Carson_90746,Tillman,20229 S Tillman Avenue Ave Carson 90746,,,,
8602,14063,,,,1889.0,,,East,,,Abbottson,Street,,,,,,,,,,,,,90746.0,,Carson,Carson,,,,,Carson GIS,{0DA857BA-6C04-4FF4-B13A-91A132758C40},0,,0DA857BA-6C04-4FF4-B13A-91A132758C40,Unknown,,E,,,St,E Abbottson St,2015/03/24 09:32:55+00,1889 E Abbottson St Carson 90746,0DA857BA-6C04-4FF4-B13A-91A132758C40_1889_E_Abbottson_St_Carson_90746,Abbottson,1889 E Abbottson Street St Carson 90746,,,,
8603,14064,,,,17932.0,,,South,,,Star Of India,Lane,,,,,,,,,,,,,90746.0,,Carson,Carson,,,,,Carson GIS,{10B721B5-0E18-461C-A4AD-B8FB83F22745},0,,10B721B5-0E18-461C-A4AD-B8FB83F22745,Unknown,,S,,,Ln,S Star Of India Ln,2015/03/24 09:32:55+00,17932 S Star Of India Ln Carson 90746,10B721B5-0E18-461C-A4AD-B8FB83F22745_17932_S_Star_Of_India_Ln_Carson_90746,Star Of India,17932 S Star Of India Lane Ln Carson 90746,,,,
8610,14074,,,,561.0,,,East,,,Cassidy,Street,,,,,,,,,,,,,90746.0,,Carson,Carson,,,,,Carson GIS,{FC998376-90AB-430E-A2A0-04A3B4795C42},0,,FC998376-90AB-430E-A2A0-04A3B4795C42,Unknown,,E,,,St,E Cassidy St,2015/03/24 09:32:55+00,561 E Cassidy St Carson 90746,FC998376-90AB-430E-A2A0-04A3B4795C42_561_E_Cassidy_St_Carson_90746,Cassidy,561 E Cassidy Street St Carson 90746,,,,
8618,14087,,,,17330.0,,,South,,,Billings,Drive,,,,,,,,,,,,,90746.0,,Carson,Carson,,,,,Carson GIS,{A1B64324-AB3E-4E9B-867A-88ECC4D454A2},0,,A1B64324-AB3E-4E9B-867A-88ECC4D454A2,Unknown,,S,,,Dr,S Billings Dr,2015/03/24 09:32:55+00,17330 S Billings Dr Carson 90746,A1B64324-AB3E-4E9B-867A-88ECC4D454A2_17330_S_Billings_Dr_Carson_90746,Billings,17330 S Billings Drive Dr Carson 90746,,,,
8619,14088,,,,106.0,,,East,,,189th,Street,,,,,,,,,,,,,90746.0,,Carson,Carson,,,,,Carson GIS,{72BDDF1E-8023-4A78-BCF0-98C8B6D5053A},0,,72BDDF1E-8023-4A78-BCF0-98C8B6D5053A,Unknown,,E,,,St,E 189th St,2015/03/24 09:32:55+00,106 E 189th St Carson 90746,72BDDF1E-8023-4A78-BCF0-98C8B6D5053A_106_E_189th_St_Carson_90746,189th,106 E 189th Street St Carson 90746,,,,
8643,14128,,,,1048.0,,,East,,,Gladwick,Street,,,,,,,,,,,,,90746.0,,Carson,Carson,,,,,Carson GIS,{4D3898DE-2493-40F6-AAA2-9EBB6CC2FB21},0,,4D3898DE-2493-40F6-AAA2-9EBB6CC2FB21,Unknown,,E,,,St,E Gladwick St,2015/03/24 09:32:55+00,1048 E Gladwick St Carson 90746,4D3898DE-2493-40F6-AAA2-9EBB6CC2FB21_1048_E_Gladwick_St_Carson_90746,Gladwick,1048 E Gladwick Street St Carson 90746,,,,
8644,14131,,,,18302.0,,,South,,,Bonham,Avenue,,,,,,,,,,,,,90746.0,,Carson,Carson,,,,,Carson GIS,{A2720A3E-2FF6-40AE-B3BD-812B6429E47A},0,,A2720A3E-2FF6-40AE-B3BD-812B6429E47A,Unknown,,S,,,Ave,S Bonham Ave,2015/03/24 09:32:55+00,18302 S Bonham Ave Carson 90746,A2720A3E-2FF6-40AE-B3BD-812B6429E47A_18302_S_Bonham_Ave_Carson_90746,Bonham,18302 S Bonham Avenue Ave Carson 90746,,,,
8645,14132,,,,17347.0,,,South,,,Towne,Court,,,,,,,,,,,,,90746.0,,Carson,Carson,,,,,Carson GIS,{5B90F32B-837D-4E50-AF3E-B0E94598F2D8},0,,5B90F32B-837D-4E50-AF3E-B0E94598F2D8,Unknown,,S,,,Ct,S Towne Ct,2015/03/24 09:32:55+00,17347 S Towne Ct Carson 90746,5B90F32B-837D-4E50-AF3E-B0E94598F2D8_17347_S_Towne_Ct_Carson_90746,Towne,17347 S Towne Court Ct Carson 90746,,,,
8662,14167,,,,19426.0,,,South,,,Northwood,Avenue,,,,,,,,,,,,,90746.0,,Carson,Carson,,,,,Carson GIS,{DC3A3474-80D3-432E-879C-9A708870176A},0,,DC3A3474-80D3-432E-879C-9A708870176A,Unknown,,S,,,Ave,S Northwood Ave,2015/03/24 09:32:55+00,19426 S Northwood Ave Carson 90746,DC3A3474-80D3-432E-879C-9A708870176A_19426_S_Northwood_Ave_Carson_90746,Northwood,19426 S Northwood Avenue Ave Carson 90746,,,,
8681,14198,,,,20024.0,,,South,,,Northwood,Avenue,,,,,,,,,,,,,90746.0,,Carson,Carson,,,,,Carson GIS,{F19F491B-15E7-4163-A6F6-A664BDFB82AA},0,,F19F491B-15E7-4163-A6F6-A664BDFB82AA,Unknown,,S,,,Ave,S Northwood Ave,2015/03/24 09:32:55+00,20024 S Northwood Ave Carson 90746,F19F491B-15E7-4163-A6F6-A664BDFB82AA_20024_S_Northwood_Ave_Carson_90746,Northwood,20024 S Northwood Avenue Ave Carson 90746,,,,
8710,14233,,,,19203.0,,,South,,,Andmark,Avenue,,,,,,,,,,,,,90746.0,,Carson,Carson,,,,,Carson GIS,{6F971D89-15C7-41DB-BE4C-462E96E02095},0,,6F971D89-15C7-41DB-BE4C-462E96E02095,Unknown,,S,,,Ave,S Andmark Ave,2015/03/24 09:32:55+00,19203 S Andmark Ave Carson 90746,6F971D89-15C7-41DB-BE4C-462E96E02095_19203_S_Andmark_Ave_Carson_90746,Andmark,19203 S Andmark Avenue Ave Carson 90746,,,,
8717,14244,,,,891.0,,,East,,,Gladwick,Street,,,,,,,,,,,,,90746.0,,Carson,Carson,,,,,Carson GIS,{692AE4FA-13E0-4B2F-86E3-EBF89F75CC33},0,,692AE4FA-13E0-4B2F-86E3-EBF89F75CC33,Unknown,,E,,,St,E Gladwick St,2015/03/24 09:32:55+00,891 E Gladwick St Carson 90746,692AE4FA-13E0-4B2F-86E3-EBF89F75CC33_891_E_Gladwick_St_Carson_90746,Gladwick,891 E Gladwick Street St Carson 90746,,,,
8718,14245,,,,18222.0,,,South,,,Towne,Avenue,,,,,,,,,,,,,90746.0,,Carson,Carson,,,,,Carson GIS,{DFEC1CE7-901A-4FC6-83A0-C2FC739BE5E6},0,,DFEC1CE7-901A-4FC6-83A0-C2FC739BE5E6,Unknown,,S,,,Ave,S Towne Ave,2015/03/24 09:32:55+00,18222 S Towne Ave Carson 90746,DFEC1CE7-901A-4FC6-83A0-C2FC739BE5E6_18222_S_Towne_Ave_Carson_90746,Towne,18222 S Towne Avenue Ave Carson 90746,,,,
8729,14269,,,,348.0,,,East,,,Collamer,Drive,,,,,,,,,,,,,90746.0,,Carson,Carson,,,,,Carson GIS,{BDBB44B4-461A-4C3C-AB59-4C9510D7B33D},0,,BDBB44B4-461A-4C3C-AB59-4C9510D7B33D,Unknown,,E,,,Dr,E Collamer Dr,2015/03/24 09:32:55+00,348 E Collamer Dr Carson 90746,BDBB44B4-461A-4C3C-AB59-4C9510D7B33D_348_E_Collamer_Dr_Carson_90746,Collamer,348 E Collamer Drive Dr Carson 90746,,,,
8731,14271,,,,18507.0,,,South,,,Avalon,Boulevard,,,,,,,,,,,,,90746.0,,Carson,Carson,,,,,Carson GIS,{25879548-28E0-4CC8-9A33-5B1A2C448F41},0,,25879548-28E0-4CC8-9A33-5B1A2C448F41,Unknown,,S,,,Blvd,S Avalon Blvd,2015/03/24 09:32:55+00,18507 S Avalon Blvd Carson 90746,25879548-28E0-4CC8-9A33-5B1A2C448F41_18507_S_Avalon_Blvd_Carson_90746,Avalon,18507 S Avalon Boulevard Blvd Carson 90746,,,,
8735,14277,,,,18209.0,,,South,,,Mettler,Avenue,,,,,,,,,,,,,90746.0,,Carson,Carson,,,,,Carson GIS,{7F12AA99-310E-4A06-9061-4FD2C6323BD0},0,,7F12AA99-310E-4A06-9061-4FD2C6323BD0,Unknown,,S,,,Ave,S Mettler Ave,2015/03/24 09:32:55+00,18209 S Mettler Ave Carson 90746,7F12AA99-310E-4A06-9061-4FD2C6323BD0_18209_S_Mettler_Ave_Carson_90746,Mettler,18209 S Mettler Avenue Ave Carson 90746,,,,
8742,14289,,,,1317.0,,,East,,,Helmick,Street,,,,,,,,,,,,,90746.0,,Carson,Carson,,,,,Carson GIS,{03B4B5A2-1EF0-46E9-8719-C81EFBBC9765},0,,03B4B5A2-1EF0-46E9-8719-C81EFBBC9765,Unknown,,E,,,St,E Helmick St,2015/03/24 09:32:55+00,1317 E Helmick St Carson 90746,03B4B5A2-1EF0-46E9-8719-C81EFBBC9765_1317_E_Helmick_St_Carson_90746,Helmick,1317 E Helmick Street St Carson 90746,,,,
8743,14290,,,,20309.0,,,South,,,Amantha,Avenue,,,,,,,,,,,,,90746.0,,Carson,Carson,,,,,Carson GIS,{1EC43278-32D5-489D-8603-CA205C513964},0,,1EC43278-32D5-489D-8603-CA205C513964,Unknown,,S,,,Ave,S Amantha Ave,2015/03/24 09:32:55+00,20309 S Amantha Ave Carson 90746,1EC43278-32D5-489D-8603-CA205C513964_20309_S_Amantha_Ave_Carson_90746,Amantha,20309 S Amantha Avenue Ave Carson 90746,,,,
8769,14324,,,,19423.0,,,South,,,Northwood,Avenue,,,,,,,,,,,,,90746.0,,Carson,Carson,,,,,Carson GIS,{8D311776-964D-4CA7-A95D-5D91392C5B55},0,,8D311776-964D-4CA7-A95D-5D91392C5B55,Unknown,,S,,,Ave,S Northwood Ave,2015/03/24 09:32:55+00,19423 S Northwood Ave Carson 90746,8D311776-964D-4CA7-A95D-5D91392C5B55_19423_S_Northwood_Ave_Carson_90746,Northwood,19423 S Northwood Avenue Ave Carson 90746,,,,
8775,14334,,,,1035.0,,,East,,,Bedmar,Street,,,,,,,,,,,,,90746.0,,Carson,Carson,,,,,Carson GIS,{E2CC2092-ADCA-4475-B2FD-444831D39FF5},0,,E2CC2092-ADCA-4475-B2FD-444831D39FF5,Unknown,,E,,,St,E Bedmar St,2017/08/31 14:15:26+00,1035 E Bedmar St Carson 90746,E2CC2092-ADCA-4475-B2FD-444831D39FF5_1035_E_Bedmar_St_Carson_90746,Bedmar,1035 E Bedmar Street St Carson 90746,,,,
8793,14369,,,,18713.0,,,South,,,Towne,Avenue,,,,,,,,,,,,,90746.0,,Carson,Carson,,,,,Carson GIS,{FB5AF900-9A1D-48CF-BFAB-41623754DC10},0,,FB5AF900-9A1D-48CF-BFAB-41623754DC10,Unknown,,S,,,Ave,S Towne Ave,2015/03/24 09:32:55+00,18713 S Towne Ave Carson 90746,FB5AF900-9A1D-48CF-BFAB-41623754DC10_18713_S_Towne_Ave_Carson_90746,Towne,18713 S Towne Avenue Ave Carson 90746,,,,
8797,14382,,,,20015.0,,,South,,,Scobey,Avenue,,,,,,,,,,,,,90746.0,,Carson,Carson,,,,,Carson GIS,{1618B024-0B3A-4F14-9081-C8935B20F6CB},0,,1618B024-0B3A-4F14-9081-C8935B20F6CB,Unknown,,S,,,Ave,S Scobey Ave,2015/03/24 09:32:55+00,20015 S Scobey Ave Carson 90746,1618B024-0B3A-4F14-9081-C8935B20F6CB_20015_S_Scobey_Ave_Carson_90746,Scobey,20015 S Scobey Avenue Ave Carson 90746,,,,
8811,14403,,,,548.0,,,East,,,Cassidy,Street,,,,,,,,,,,,,90746.0,,Carson,Carson,,,,,Carson GIS,{1A068AE4-41C1-4F26-B2C9-DFCBD150A71B},0,,1A068AE4-41C1-4F26-B2C9-DFCBD150A71B,Unknown,,E,,,St,E Cassidy St,2015/03/24 09:32:55+00,548 E Cassidy St Carson 90746,1A068AE4-41C1-4F26-B2C9-DFCBD150A71B_548_E_Cassidy_St_Carson_90746,Cassidy,548 E Cassidy Street St Carson 90746,,,,
8812,14405,,,,18819.0,,,South,,,Avalon,Boulevard,,,,,,,,,,,,,90746.0,,Carson,Carson,,,,,Carson GIS,{72AEB1DF-3F88-4371-A343-A12C673A2F16},0,,72AEB1DF-3F88-4371-A343-A12C673A2F16,Unknown,,S,,,Blvd,S Avalon Blvd,2015/03/24 09:32:55+00,18819 S Avalon Blvd Carson 90746,72AEB1DF-3F88-4371-A343-A12C673A2F16_18819_S_Avalon_Blvd_Carson_90746,Avalon,18819 S Avalon Boulevard Blvd Carson 90746,,,,
8824,14422,,,,20103.0,,,South,,,Midtown,Avenue,,,,,,,,,,,,,90746.0,,Carson,Carson,,,,,Carson GIS,{89DC09DD-CCF9-4B3A-9489-A73AC4C100DA},0,,89DC09DD-CCF9-4B3A-9489-A73AC4C100DA,Unknown,,S,,,Ave,S Midtown Ave,2015/03/24 09:32:55+00,20103 S Midtown Ave Carson 90746,89DC09DD-CCF9-4B3A-9489-A73AC4C100DA_20103_S_Midtown_Ave_Carson_90746,Midtown,20103 S Midtown Avenue Ave Carson 90746,,,,
8829,14431,,,,408.0,,,East,,,Collamer,Drive,,,,,,,,,,,,,90746.0,,Carson,Carson,,,,,Carson GIS,{BC3AE409-1234-48F6-893A-B889A787E899},0,,BC3AE409-1234-48F6-893A-B889A787E899,Unknown,,E,,,Dr,E Collamer Dr,2015/03/24 09:32:55+00,408 E Collamer Dr Carson 90746,BC3AE409-1234-48F6-893A-B889A787E899_408_E_Collamer_Dr_Carson_90746,Collamer,408 E Collamer Drive Dr Carson 90746,,,,
8841,14452,,,,18606.0,,,South,,,Ambler,Avenue,,,,,,,,,,,,,90746.0,,Carson,Carson,,,,,Carson GIS,{73B7FBFC-74FF-4806-A2C6-1162CD9C5364},0,,73B7FBFC-74FF-4806-A2C6-1162CD9C5364,Unknown,,S,,,Ave,S Ambler Ave,2015/03/24 09:32:55+00,18606 S Ambler Ave Carson 90746,73B7FBFC-74FF-4806-A2C6-1162CD9C5364_18606_S_Ambler_Ave_Carson_90746,Ambler,18606 S Ambler Avenue Ave Carson 90746,,,,
8844,14459,,,,17315.0,,,South,,,Billings,Drive,,,,,,,,,,,,,90746.0,,Carson,Carson,,,,,Carson GIS,{51B0A062-3943-49C4-A034-05AACCA1ED2A},0,,51B0A062-3943-49C4-A034-05AACCA1ED2A,Unknown,,S,,,Dr,S Billings Dr,2015/03/24 09:32:55+00,17315 S Billings Dr Carson 90746,51B0A062-3943-49C4-A034-05AACCA1ED2A_17315_S_Billings_Dr_Carson_90746,Billings,17315 S Billings Drive Dr Carson 90746,,,,
8850,14470,,,,19212.0,,,South,,,Cliveden,Avenue,,,,,,,,,,,,,90746.0,,Carson,Carson,,,,,Carson GIS,{283CA240-6092-438B-B086-2D2CC57C68A0},0,,283CA240-6092-438B-B086-2D2CC57C68A0,Unknown,,S,,,Ave,S Cliveden Ave,2015/03/24 09:32:55+00,19212 S Cliveden Ave Carson 90746,283CA240-6092-438B-B086-2D2CC57C68A0_19212_S_Cliveden_Ave_Carson_90746,Cliveden,19212 S Cliveden Avenue Ave Carson 90746,,,,
8851,14471,,,,1500.0,,,East,,,Cyrene,Drive,,,,,,,,,,,,,90746.0,,Carson,Carson,,,,,Carson GIS,{F4C72166-2D3C-4182-AA29-92D1130880DC},0,,F4C72166-2D3C-4182-AA29-92D1130880DC,Unknown,,E,,,Dr,E Cyrene Dr,2015/03/24 09:32:55+00,1500 E Cyrene Dr Carson 90746,F4C72166-2D3C-4182-AA29-92D1130880DC_1500_E_Cyrene_Dr_Carson_90746,Cyrene,1500 E Cyrene Drive Dr Carson 90746,,,,
8863,14488,,,,813.0,,,East,,,Helmick,Street,,,,,,,,,,,,,90746.0,,Carson,Carson,,,,,Carson GIS,{E2A3CE3D-99E5-45CF-8FBA-DAE0614C8A04},0,,E2A3CE3D-99E5-45CF-8FBA-DAE0614C8A04,Unknown,,E,,,St,E Helmick St,2015/03/24 09:32:55+00,813 E Helmick St Carson 90746,E2A3CE3D-99E5-45CF-8FBA-DAE0614C8A04_813_E_Helmick_St_Carson_90746,Helmick,813 E Helmick Street St Carson 90746,,,,
8865,14491,,,,1618.0,,,East,,,Turmont,Street,,,,,,,,,,,,,90746.0,,Carson,Carson,,,,,Carson GIS,{6D876E40-7A4D-43D7-9F10-53AF00551F6F},0,,6D876E40-7A4D-43D7-9F10-53AF00551F6F,Unknown,,E,,,St,E Turmont St,2015/03/24 09:32:55+00,1618 E Turmont St Carson 90746,6D876E40-7A4D-43D7-9F10-53AF00551F6F_1618_E_Turmont_St_Carson_90746,Turmont,1618 E Turmont Street St Carson 90746,,,,
8878,14513,,,,20119.0,,,South,,,Campaign,Drive,,,,,,,,,,,,,90746.0,,Carson,Carson,,,,,Carson GIS,{2D5D9668-6217-44BD-8BD4-B957C97A1F18},0,,2D5D9668-6217-44BD-8BD4-B957C97A1F18,Unknown,,S,,,Dr,S Campaign Dr,2015/03/24 09:32:55+00,20119 S Campaign Dr Carson 90746,2D5D9668-6217-44BD-8BD4-B957C97A1F18_20119_S_Campaign_Dr_Carson_90746,Campaign,20119 S Campaign Drive Dr Carson 90746,,,,
8888,14531,,,,441.0,,,East,,,189th,Street,,,,,,,,,,,,,90746.0,,Carson,Carson,,,,,Carson GIS,{BA201F81-FDF0-4411-B75D-16D6904CD548},0,,BA201F81-FDF0-4411-B75D-16D6904CD548,Unknown,,E,,,St,E 189th St,2015/03/24 09:32:55+00,441 E 189th St Carson 90746,BA201F81-FDF0-4411-B75D-16D6904CD548_441_E_189th_St_Carson_90746,189th,441 E 189th Street St Carson 90746,,,,
8889,14532,,,,936.0,,,East,,,Gladwick,Street,,,,,,,,,,,,,90746.0,,Carson,Carson,,,,,Carson GIS,{F875F905-B7D9-4EC0-A58B-68ECBE63D513},0,,F875F905-B7D9-4EC0-A58B-68ECBE63D513,Unknown,,E,,,St,E Gladwick St,2015/03/24 09:32:55+00,936 E Gladwick St Carson 90746,F875F905-B7D9-4EC0-A58B-68ECBE63D513_936_E_Gladwick_St_Carson_90746,Gladwick,936 E Gladwick Street St Carson 90746,,,,
8890,14534,,,,18116.0,,,South,,,Wall,Street,,,,,,,,,,,,,90746.0,,Carson,Carson,,,,,Carson GIS,{51071E81-94B6-4869-8878-8E43E33FCC25},0,,51071E81-94B6-4869-8878-8E43E33FCC25,Unknown,,S,,,St,S Wall St,2015/03/24 09:32:55+00,18116 S Wall St Carson 90746,51071E81-94B6-4869-8878-8E43E33FCC25_18116_S_Wall_St_Carson_90746,Wall,18116 S Wall Street St Carson 90746,,,,
8892,14538,,,,853.0,,,East,,,Gladwick,Street,,,,,,,,,,,,,90746.0,,Carson,Carson,,,,,Carson GIS,{39C08B77-29C6-4C19-B567-7082E85F9526},0,,39C08B77-29C6-4C19-B567-7082E85F9526,Unknown,,E,,,St,E Gladwick St,2015/03/24 09:32:55+00,853 E Gladwick St Carson 90746,39C08B77-29C6-4C19-B567-7082E85F9526_853_E_Gladwick_St_Carson_90746,Gladwick,853 E Gladwick Street St Carson 90746,,,,
8893,14539,,,,18237.0,,,South,,,Wall,Street,,,,,,,,,,,,,90746.0,,Carson,Carson,,,,,Carson GIS,{8FE9D93A-AA06-43FD-A818-0DDE43D08CCA},0,,8FE9D93A-AA06-43FD-A818-0DDE43D08CCA,Unknown,,S,,,St,S Wall St,2015/03/24 09:32:55+00,18237 S Wall St Carson 90746,8FE9D93A-AA06-43FD-A818-0DDE43D08CCA_18237_S_Wall_St_Carson_90746,Wall,18237 S Wall Street St Carson 90746,,,,
8901,14550,,,,324.0,,,East,,,Sherman,Drive,,,,,,,,,,,,,90746.0,,Carson,Carson,,,,,Carson GIS,{F469969E-2591-4286-A080-20BBCF347F91},0,,F469969E-2591-4286-A080-20BBCF347F91,Unknown,,E,,,Dr,E Sherman Dr,2015/03/24 09:32:55+00,324 E Sherman Dr Carson 90746,F469969E-2591-4286-A080-20BBCF347F91_324_E_Sherman_Dr_Carson_90746,Sherman,324 E Sherman Drive Dr Carson 90746,,,,
8910,14569,,,,18713.0,,,South,,,Crocker,Avenue,,,,,,,,,,,,,90746.0,,Carson,Carson,,,,,Carson GIS,{A38F2DFF-4BC3-4D33-82AF-CD99026BBEE8},0,,A38F2DFF-4BC3-4D33-82AF-CD99026BBEE8,Unknown,,S,,,Ave,S Crocker Ave,2015/03/24 09:32:55+00,18713 S Crocker Ave Carson 90746,A38F2DFF-4BC3-4D33-82AF-CD99026BBEE8_18713_S_Crocker_Ave_Carson_90746,Crocker,18713 S Crocker Avenue Ave Carson 90746,,,,
8917,14579,,,,20019.0,,,South,,,Scobey,Avenue,,,,,,,,,,,,,90746.0,,Carson,Carson,,,,,Carson GIS,{B72B6488-C1FE-4E57-A68E-3934BBD3711F},0,,B72B6488-C1FE-4E57-A68E-3934BBD3711F,Unknown,,S,,,Ave,S Scobey Ave,2015/03/24 09:32:55+00,20019 S Scobey Ave Carson 90746,B72B6488-C1FE-4E57-A68E-3934BBD3711F_20019_S_Scobey_Ave_Carson_90746,Scobey,20019 S Scobey Avenue Ave Carson 90746,,,,
8927,14593,,,,1871.0,,,East,,,Turmont,Street,,,,,,,,,,,,,90746.0,,Carson,Carson,,,,,Carson GIS,{7308944C-6EA1-4942-9C19-04D44BEE9310},0,,7308944C-6EA1-4942-9C19-04D44BEE9310,Unknown,,E,,,St,E Turmont St,2015/03/24 09:32:55+00,1871 E Turmont St Carson 90746,7308944C-6EA1-4942-9C19-04D44BEE9310_1871_E_Turmont_St_Carson_90746,Turmont,1871 E Turmont Street St Carson 90746,,,,
8929,14596,,,,1513.0,,,East,,,Helmick,Street,,,,,,,,,,,,,90746.0,,Carson,Carson,,,,,Carson GIS,{C740351D-399A-49F1-9D1C-F01E762A9CC4},0,,C740351D-399A-49F1-9D1C-F01E762A9CC4,Unknown,,E,,,St,E Helmick St,2015/03/24 09:32:55+00,1513 E Helmick St Carson 90746,C740351D-399A-49F1-9D1C-F01E762A9CC4_1513_E_Helmick_St_Carson_90746,Helmick,1513 E Helmick Street St Carson 90746,,,,
8932,14600,,,,1438.0,,,East,,,Helmick,Street,,,,,,,,,,,,,90746.0,,Carson,Carson,,,,,Carson GIS,{BA63FE76-DE52-49C9-AEE2-1BCE9FE22FC4},0,,BA63FE76-DE52-49C9-AEE2-1BCE9FE22FC4,Unknown,,E,,,St,E Helmick St,2015/03/24 09:32:55+00,1438 E Helmick St Carson 90746,BA63FE76-DE52-49C9-AEE2-1BCE9FE22FC4_1438_E_Helmick_St_Carson_90746,Helmick,1438 E Helmick Street St Carson 90746,,,,
8992,14740,,,,914.0,,,East,,,Dimondale,Drive,,,,,,,,,,,,,90746.0,,Carson,Carson,,,,,Carson GIS,{D9095103-793D-4DFA-A20E-6189397DD0A2},0,,D9095103-793D-4DFA-A20E-6189397DD0A2,Unknown,,E,,,Dr,E Dimondale Dr,2015/03/24 09:32:55+00,914 E Dimondale Dr Carson 90746,D9095103-793D-4DFA-A20E-6189397DD0A2_914_E_Dimondale_Dr_Carson_90746,Dimondale,914 E Dimondale Drive Dr Carson 90746,,,,
9049,14879,,,,19813.0,,,,,,Pricetown,Avenue,,,,,,,,,,,,,90746.0,,Carson,Carson,,,,,Carson GIS,{B8A2F6A2-2028-415A-95C5-E1F8A1178D92},0,,B8A2F6A2-2028-415A-95C5-E1F8A1178D92,Unknown,,,,,Ave,Pricetown Ave,2015/03/24 09:32:55+00,19813 Pricetown Ave Carson 90746,B8A2F6A2-2028-415A-95C5-E1F8A1178D92_19813_Pricetown_Ave_Carson_90746,Pricetown,19813 Pricetown Avenue Ave Carson 90746,,,,
9050,14880,,,,932.0,,,East,,,Dimondale,Drive,,,,,,,,,,,,,90746.0,,Carson,Carson,,,,,Carson GIS,{B7B8E191-E977-43EB-A329-152226AD1308},0,,B7B8E191-E977-43EB-A329-152226AD1308,Unknown,,E,,,Dr,E Dimondale Dr,2015/03/24 09:32:55+00,932 E Dimondale Dr Carson 90746,B7B8E191-E977-43EB-A329-152226AD1308_932_E_Dimondale_Dr_Carson_90746,Dimondale,932 E Dimondale Drive Dr Carson 90746,,,,
9078,14970,,,,911.0,,,East,,,Dimondale,Drive,,,,,,,,,,,,,90746.0,,Carson,Carson,,,,,Carson GIS,{82FAA135-289A-4074-A5EE-7FCFCAFF3C08},0,,82FAA135-289A-4074-A5EE-7FCFCAFF3C08,Unknown,,E,,,Dr,E Dimondale Dr,2015/03/24 09:32:55+00,911 E Dimondale Dr Carson 90746,82FAA135-289A-4074-A5EE-7FCFCAFF3C08_911_E_Dimondale_Dr_Carson_90746,Dimondale,911 E Dimondale Drive Dr Carson 90746,,,,
9079,14976,,,,906.0,,,East,,,Dimondale,Drive,,,,,,,,,,,,,90746.0,,Carson,Carson,,,,,Carson GIS,{2AE69643-C375-45D7-A89D-F2F64E5C1AF1},0,,2AE69643-C375-45D7-A89D-F2F64E5C1AF1,Unknown,,E,,,Dr,E Dimondale Dr,2015/03/24 09:32:55+00,906 E Dimondale Dr Carson 90746,2AE69643-C375-45D7-A89D-F2F64E5C1AF1_906_E_Dimondale_Dr_Carson_90746,Dimondale,906 E Dimondale Drive Dr Carson 90746,,,,
9081,14980,,,,219.0,,,,,,Freeden,Street,,,,,,,,,,,,,90746.0,,Carson,Carson,,,,,Carson GIS,{BD14FDBD-7430-4F6F-B5EB-9D90FD2F5C7B},0,,BD14FDBD-7430-4F6F-B5EB-9D90FD2F5C7B,Unknown,,,,,St,Freeden St,2015/03/24 09:32:55+00,219 Freeden St Carson 90746,BD14FDBD-7430-4F6F-B5EB-9D90FD2F5C7B_219_Freeden_St_Carson_90746,Freeden,219 Freeden Street St Carson 90746,,,,
9096,15018,,,,901.0,,,East,,,Dimondale,Drive,,,,,,,,,,,,,90746.0,,Carson,Carson,,,,,Carson GIS,{D2459252-FDED-4AA1-A57D-FEFAE6B9C00C},0,,D2459252-FDED-4AA1-A57D-FEFAE6B9C00C,Unknown,,E,,,Dr,E Dimondale Dr,2015/03/24 09:32:55+00,901 E Dimondale Dr Carson 90746,D2459252-FDED-4AA1-A57D-FEFAE6B9C00C_901_E_Dimondale_Dr_Carson_90746,Dimondale,901 E Dimondale Drive Dr Carson 90746,,,,
9205,15296,,,,17329.0,,,,,,Crocker,Avenue,,,,,,,,,,,,,90746.0,,Carson,Carson,,,,,Carson GIS,{B38EB33F-B871-4BD1-80BC-2B5DC9C764D7},0,,B38EB33F-B871-4BD1-80BC-2B5DC9C764D7,Unknown,,,,,Ave,Crocker Ave,2015/03/24 09:32:55+00,17329 Crocker Ave Carson 90746,B38EB33F-B871-4BD1-80BC-2B5DC9C764D7_17329_Crocker_Ave_Carson_90746,Crocker,17329 Crocker Avenue Ave Carson 90746,,,,
9247,15399,,,,19725.0,,,,,,Pricetown,Avenue,,,,,,,,,,,,,90746.0,,Carson,Carson,,,,,Carson GIS,{01BE549A-1C91-436E-AAB4-612CB2F8470E},0,,01BE549A-1C91-436E-AAB4-612CB2F8470E,Unknown,,,,,Ave,Pricetown Ave,2015/03/24 09:32:55+00,19725 Pricetown Ave Carson 90746,01BE549A-1C91-436E-AAB4-612CB2F8470E_19725_Pricetown_Ave_Carson_90746,Pricetown,19725 Pricetown Avenue Ave Carson 90746,,,,
9308,15532,,,,137.0,,,,,,Selandia,Lane,,,,,,,,,,,,,90746.0,,Carson,Carson,,,,,Carson GIS,{3021985E-49C1-4E6C-8096-21196C8A3BCA},0,,3021985E-49C1-4E6C-8096-21196C8A3BCA,Unknown,,,,,Ln,Selandia Ln,2015/03/24 09:32:55+00,137 Selandia Ln Carson 90746,3021985E-49C1-4E6C-8096-21196C8A3BCA_137_Selandia_Ln_Carson_90746,Selandia,137 Selandia Lane Ln Carson 90746,,,,
9321,15565,,,,19802.0,,,,,,Pricetown,Avenue,,,,,,,,,,,,,90746.0,,Carson,Carson,,,,,Carson GIS,{938112F7-A7E9-452C-BF56-7ECF874AB73D},0,,938112F7-A7E9-452C-BF56-7ECF874AB73D,Unknown,,,,,Ave,Pricetown Ave,2015/03/24 09:32:55+00,19802 Pricetown Ave Carson 90746,938112F7-A7E9-452C-BF56-7ECF874AB73D_19802_Pricetown_Ave_Carson_90746,Pricetown,19802 Pricetown Avenue Ave Carson 90746,,,,
9328,15582,,,,1254.0,,,,,,Helmick,Street,,,,,,,,,,,,,90746.0,,Carson,Carson,,,,,Carson GIS,{A150FA4B-94DE-4649-B14D-72CB345F0B8E},0,,A150FA4B-94DE-4649-B14D-72CB345F0B8E,Unknown,,,,,St,Helmick St,2015/03/24 09:32:55+00,1254 Helmick St Carson 90746,A150FA4B-94DE-4649-B14D-72CB345F0B8E_1254_Helmick_St_Carson_90746,Helmick,1254 Helmick Street St Carson 90746,,,,
9332,15590,,,,17330.0,,,,,,Crocker,Avenue,,,,,,,,,,,,,90746.0,,Carson,Carson,,,,,Carson GIS,{791AE44F-FC44-47D8-A179-3DC8F8EEC584},0,,791AE44F-FC44-47D8-A179-3DC8F8EEC584,Unknown,,,,,Ave,Crocker Ave,2015/03/24 09:32:55+00,17330 Crocker Ave Carson 90746,791AE44F-FC44-47D8-A179-3DC8F8EEC584_17330_Crocker_Ave_Carson_90746,Crocker,17330 Crocker Avenue Ave Carson 90746,,,,
9363,15666,,,,215.0,,,,,,Freeden,Street,,,,,,,,,,,,,90746.0,,Carson,Carson,,,,,Carson GIS,{F6A7E3DF-5E47-4C9F-86F5-4031B94E6C81},0,,F6A7E3DF-5E47-4C9F-86F5-4031B94E6C81,Unknown,,,,,St,Freeden St,2015/03/24 09:32:55+00,215 Freeden St Carson 90746,F6A7E3DF-5E47-4C9F-86F5-4031B94E6C81_215_Freeden_St_Carson_90746,Freeden,215 Freeden Street St Carson 90746,,,,
9392,15729,,,,17324.0,,,,,,Crocker,Avenue,,,,,,,,,,,,,90746.0,,Carson,Carson,,,,,Carson GIS,{E917927A-CACA-48DA-BC71-2EFEAF18806E},0,,E917927A-CACA-48DA-BC71-2EFEAF18806E,Unknown,,,,,Ave,Crocker Ave,2015/03/24 09:32:55+00,17324 Crocker Ave Carson 90746,E917927A-CACA-48DA-BC71-2EFEAF18806E_17324_Crocker_Ave_Carson_90746,Crocker,17324 Crocker Avenue Ave Carson 90746,,,,
9421,15816,,,,17337.0,,,,,,Crocker,Avenue,,,,,,,,,,,,,90746.0,,Carson,Carson,,,,,Carson GIS,{DDC5865B-114E-4E86-961A-7D2BAEB7D169},0,,DDC5865B-114E-4E86-961A-7D2BAEB7D169,Unknown,,,,,Ave,Crocker Ave,2015/03/24 09:32:55+00,17337 Crocker Ave Carson 90746,DDC5865B-114E-4E86-961A-7D2BAEB7D169_17337_Crocker_Ave_Carson_90746,Crocker,17337 Crocker Avenue Ave Carson 90746,,,,
9444,15890,,,,17332.0,,,,,,Crocker,Avenue,,,,,,,,,,,,,90746.0,,Carson,Carson,,,,,Carson GIS,{55A02DE9-74E0-485A-B09C-456A5E780144},0,,55A02DE9-74E0-485A-B09C-456A5E780144,Unknown,,,,,Ave,Crocker Ave,2015/03/24 09:32:55+00,17332 Crocker Ave Carson 90746,55A02DE9-74E0-485A-B09C-456A5E780144_17332_Crocker_Ave_Carson_90746,Crocker,17332 Crocker Avenue Ave Carson 90746,,,,
9518,16087,,,,17347.0,,,,,,Bonham,Avenue,,,,,,,,,,,,,90746.0,,Carson,Carson,,,,,Carson GIS,{FC38506B-2665-4D66-B706-00646A5B5EE4},0,,FC38506B-2665-4D66-B706-00646A5B5EE4,Unknown,,,,,Ave,Bonham Ave,2015/03/24 09:32:55+00,17347 Bonham Ave Carson 90746,FC38506B-2665-4D66-B706-00646A5B5EE4_17347_Bonham_Ave_Carson_90746,Bonham,17347 Bonham Avenue Ave Carson 90746,,,,
9525,16103,,,,17333.0,,,,,,Crocker,Avenue,,,,,,,,,,,,,90746.0,,Carson,Carson,,,,,Carson GIS,{D4AA73A1-D4F5-42A1-AFD5-5A28945DDDE4},0,,D4AA73A1-D4F5-42A1-AFD5-5A28945DDDE4,Unknown,,,,,Ave,Crocker Ave,2015/03/24 09:32:55+00,17333 Crocker Ave Carson 90746,D4AA73A1-D4F5-42A1-AFD5-5A28945DDDE4_17333_Crocker_Ave_Carson_90746,Crocker,17333 Crocker Avenue Ave Carson 90746,,,,
9532,16116,,,,907.0,,,East,,,Dimondale,Drive,,,,,,,,,,,,,90746.0,,Carson,Carson,,,,,Carson GIS,{4AE48E86-0956-4AFE-8D73-9D40D1EF9A9F},0,,4AE48E86-0956-4AFE-8D73-9D40D1EF9A9F,Unknown,,E,,,Dr,E Dimondale Dr,2015/03/24 09:32:55+00,907 E Dimondale Dr Carson 90746,4AE48E86-0956-4AFE-8D73-9D40D1EF9A9F_907_E_Dimondale_Dr_Carson_90746,Dimondale,907 E Dimondale Drive Dr Carson 90746,,,,
9533,16121,,,,17322.0,,,,,,Crocker,Avenue,,,,,,,,,,,,,90746.0,,Carson,Carson,,,,,Carson GIS,{4CD6E132-837B-4156-AF20-086867163A33},0,,4CD6E132-837B-4156-AF20-086867163A33,Unknown,,,,,Ave,Crocker Ave,2015/03/24 09:32:55+00,17322 Crocker Ave Carson 90746,4CD6E132-837B-4156-AF20-086867163A33_17322_Crocker_Ave_Carson_90746,Crocker,17322 Crocker Avenue Ave Carson 90746,,,,
9540,16140,,,,251.0,,,West,,,Victoria,Street,,,,,,,,,,,,,90746.0,,Carson,Carson,,,,,Carson GIS,{6C916CEF-2B3C-43A3-AF99-1E43E1209AD2},0,,6C916CEF-2B3C-43A3-AF99-1E43E1209AD2,Unknown,,W,,,St,W Victoria St,2015/03/24 09:32:55+00,251 W Victoria St Carson 90746,6C916CEF-2B3C-43A3-AF99-1E43E1209AD2_251_W_Victoria_St_Carson_90746,Victoria,251 W Victoria Street St Carson 90746,,,,
9543,16145,,,,19823.0,,,,,,Pricetown,Avenue,,,,,,,,,,,,,90746.0,,Carson,Carson,,,,,Carson GIS,{E556F9FA-F611-411B-BD64-561FA78156AD},0,,E556F9FA-F611-411B-BD64-561FA78156AD,Unknown,,,,,Ave,Pricetown Ave,2015/03/24 09:32:55+00,19823 Pricetown Ave Carson 90746,E556F9FA-F611-411B-BD64-561FA78156AD_19823_Pricetown_Ave_Carson_90746,Pricetown,19823 Pricetown Avenue Ave Carson 90746,,,,
9546,16152,,,,160.0,,,East,,,Selandia,Lane,,,,,,,,,,,,,90746.0,,Carson,Carson,,,,,Carson GIS,{4077D9F0-9A1C-4046-B38A-751E5BEE8287},0,,4077D9F0-9A1C-4046-B38A-751E5BEE8287,Unknown,,E,,,Ln,E Selandia Ln,2015/03/24 09:32:55+00,160 E Selandia Ln Carson 90746,4077D9F0-9A1C-4046-B38A-751E5BEE8287_160_E_Selandia_Ln_Carson_90746,Selandia,160 E Selandia Lane Ln Carson 90746,,,,
9563,16193,,,,949.0,,,East,,,Dimondale,Drive,,,,,,,,,,,,,90746.0,,Carson,Carson,,,,,Carson GIS,{3A03C9AE-71AA-4171-BFFF-0B5F9C4C3F25},0,,3A03C9AE-71AA-4171-BFFF-0B5F9C4C3F25,Unknown,,E,,,Dr,E Dimondale Dr,2015/03/24 09:32:55+00,949 E Dimondale Dr Carson 90746,3A03C9AE-71AA-4171-BFFF-0B5F9C4C3F25_949_E_Dimondale_Dr_Carson_90746,Dimondale,949 E Dimondale Drive Dr Carson 90746,,,,
9566,16224,,,,20118.0,U,,South,,,Central,Avenue,,,,,,,,,,,,,90746.0,,Carson,Carson,,,,,LACO DPW Add,{E744F175-D3A8-4AEF-BA3B-956101A71121},0,,E744F175-D3A8-4AEF-BA3B-956101A71121,Utility,,S,,,Ave,S Central Ave,2024/07/17 18:16:05+00,20118 U S Central Ave Carson 90746,E744F175-D3A8-4AEF-BA3B-956101A71121_20118_U_S_Central_Ave_Carson_90746,Central,20118 U S Central Avenue Ave Carson 90746,,,,
9573,16234,,,,601.0,U,,East,,,Victoria,Street,,,,,,,,,,,,,90746.0,,Carson,Carson,,,,,LACO DPW Add,{4430B052-721F-4E42-9105-07437BB55873},0,,4430B052-721F-4E42-9105-07437BB55873,Utility,,E,,,St,E Victoria St,2024/07/17 18:16:05+00,601 U E Victoria St Carson 90746,4430B052-721F-4E42-9105-07437BB55873_601_U_E_Victoria_St_Carson_90746,Victoria,601 U E Victoria Street St Carson 90746,,,,
9912,17354,,,,18724.0,,,South,,,Billings,Avenue,,,,,,,,,,,,,90746.0,,Carson,Carson,,,,,Carson GIS,{44BA2F9B-C613-4EE1-A592-99A6B5C69615},0,,44BA2F9B-C613-4EE1-A592-99A6B5C69615,Unknown,,S,,,Ave,S Billings Ave,2024/05/12 21:11:39+00,18724 S Billings Ave Carson 90746,44BA2F9B-C613-4EE1-A592-99A6B5C69615_18724_S_Billings_Ave_Carson_90746,Billings,18724 S Billings Avenue Ave Carson 90746,,,,
10455,19083,,,,18309.0,,,South,,,Avalon,Boulevard,,,,,,,,,,,,,90746.0,,Carson,Carson,,,,,Carson GIS,{2DCD0EBB-661E-46C5-9402-F10ECFEE9FA0},0,,2DCD0EBB-661E-46C5-9402-F10ECFEE9FA0,Unknown,,S,,,Blvd,S Avalon Blvd,2024/05/12 21:11:39+00,18309 S Avalon Blvd Carson 90746,2DCD0EBB-661E-46C5-9402-F10ECFEE9FA0_18309_S_Avalon_Blvd_Carson_90746,Avalon,18309 S Avalon Boulevard Blvd Carson 90746,,,,
10730,19986,,,,20238.0,,,South,,,Belshaw,Avenue,,,,,,,,,,,,,90746.0,,Carson,Carson,,,,,Carson GIS,{01B0B24E-2037-4A1B-950E-9B49E42AF917},0,,01B0B24E-2037-4A1B-950E-9B49E42AF917,Unknown,,S,,,Ave,S Belshaw Ave,2024/05/12 21:11:39+00,20238 S Belshaw Ave Carson 90746,01B0B24E-2037-4A1B-950E-9B49E42AF917_20238_S_Belshaw_Ave_Carson_90746,Belshaw,20238 S Belshaw Avenue Ave Carson 90746,,,,
