fid,OBJECTID,OBJIDstr,AIN,NumPrefix,Number,NumSuffix,PreMod,PreDir,PreType,StArticle,StreetName,PostType,PostDir,PostMod,BldgID,BldgSource,BldgTypePl,BldgType,BldgName,FlrTypePl,FlrType,FlrName,UnitType,UnitName,ZipCode,Zip4,LegalComm,PostComm1,PostComm2,PostComm3,OtherComm1,OtherComm2,Source,SourceID,MADRank,AROIDstr,OIDstr,PropType,ObjID,PreDirAbbr,PostDirAbbr,PreTypeAbbr,PostTypeAbbr,FullName,UpdateDate,FullAddress,UniqueID,StName_EnerGov,FullAddress_EnerGov,MSAG_City,ESN,lon,lat
13853,54264,,,,7638.0,,,North,,,Security,Avenue,,,,,,,,,,,,,91504.0,,Los Angeles,Burbank,,,,,LA City,{30AAFCD9-F8E1-4DDF-8C24-7170F6E26BC2},0,,30AAFCD9-F8E1-4DDF-8C24-7170F6E26BC2,Unknown,,N,,,Ave,N Security Ave,2023/09/12 23:03:18+00,7638 N Security Ave Burbank 91504,30AAFCD9-F8E1-4DDF-8C24-7170F6E26BC2_7638_N_Security_Ave_Burbank_91504,Security,7638 N Security Avenue Ave Los Angeles 91504,,,,
59195,234225,,2113011039.0,,20833.0,,,West,,,Covello,Street,,,,,,,,,,,,,91504.0,,Los Angeles,Burbank,,,,,LA City,{87CE5A46-D334-4FAA-B7D9-606CCCB68580},0,,87CE5A46-D334-4FAA-B7D9-606CCCB68580,Unknown,,W,,,St,W Covello St,2023/09/12 23:03:18+00,20833 W Covello St Burbank 91504,87CE5A46-D334-4FAA-B7D9-606CCCB68580_20833_W_Covello_St_Burbank_91504,Covello,20833 W Covello Street St Los Angeles 91504,,,,
59196,234226,,2113011040.0,,20835.0,,,West,,,Covello,Street,,,,,,,,,,,,,91504.0,,Los Angeles,Burbank,,,,,LA City,{C18EC8E9-151F-4701-A3A8-037540BDC898},0,,C18EC8E9-151F-4701-A3A8-037540BDC898,Unknown,,W,,,St,W Covello St,2023/09/12 23:03:18+00,20835 W Covello St Burbank 91504,C18EC8E9-151F-4701-A3A8-037540BDC898_20835_W_Covello_St_Burbank_91504,Covello,20835 W Covello Street St Los Angeles 91504,,,,
61900,236930,,2118006023.0,,18419.0,,,West,,,Covello,Street,,,,,,,,,,,,,91504.0,,Los Angeles,Burbank,,,,,LA City,{BB8B5D67-77F2-4038-9DAB-5B62CE88A512},0,,BB8B5D67-77F2-4038-9DAB-5B62CE88A512,Unknown,,W,,,St,W Covello St,2023/09/12 23:03:18+00,18419 W Covello St Burbank 91504,BB8B5D67-77F2-4038-9DAB-5B62CE88A512_18419_W_Covello_St_Burbank_91504,Covello,18419 W Covello Street St Los Angeles 91504,,,,
209190,384533,,2401041906.0,,9401.0,,,North,,,Cabrini,Drive,,,,,,,,,,,,,91504.0,,Los Angeles,Burbank,,,,,LA City,{9D8C7292-4419-4085-816F-1F4B2E6BB363},0,,9D8C7292-4419-4085-816F-1F4B2E6BB363,Unknown,,N,,,Dr,N Cabrini Dr,2023/09/12 23:03:18+00,9401 N Cabrini Dr Burbank 91504,9D8C7292-4419-4085-816F-1F4B2E6BB363_9401_N_Cabrini_Dr_Burbank_91504,Cabrini,9401 N Cabrini Drive Dr Los Angeles 91504,,,,
209191,384534,,2401042006.0,,9795.0,,,West,,,Cabrini,Drive,,,,,,,,,,,,,91504.0,,Los Angeles,Burbank,,,,,LA City,{7928453A-1B4B-4F01-A5F7-BEE676D547D7},0,,7928453A-1B4B-4F01-A5F7-BEE676D547D7,Unknown,,W,,,Dr,W Cabrini Dr,2023/09/12 23:03:18+00,9795 W Cabrini Dr Burbank 91504,7928453A-1B4B-4F01-A5F7-BEE676D547D7_9795_W_Cabrini_Dr_Burbank_91504,Cabrini,9795 W Cabrini Drive Dr Los Angeles 91504,,,,
209192,384535,,2401042008.0,,7530.0,,,North,,,Glenoaks,Boulevard,,,,,,,,,,,,,91504.0,,Los Angeles,Burbank,,,,,LA City,{A0E23C6C-3494-40EB-9694-97F6DB8C4355},0,,A0E23C6C-3494-40EB-9694-97F6DB8C4355,Unknown,,N,,,Blvd,N Glenoaks Blvd,2023/09/12 23:03:18+00,7530 N Glenoaks Blvd Burbank 91504,A0E23C6C-3494-40EB-9694-97F6DB8C4355_7530_N_Glenoaks_Blvd_Burbank_91504,Glenoaks,7530 N Glenoaks Boulevard Blvd Los Angeles 91504,,,,
209193,384536,,2401042011.0,,7500.0,,,North,,,Glenoaks,Boulevard,,,,,,,,,,,,,91504.0,,Los Angeles,Burbank,,,,,LA City,{650D2680-7CD6-4202-88A0-DAE32A82C372},0,,650D2680-7CD6-4202-88A0-DAE32A82C372,Unknown,,N,,,Blvd,N Glenoaks Blvd,2023/09/12 23:03:18+00,7500 N Glenoaks Blvd Burbank 91504,650D2680-7CD6-4202-88A0-DAE32A82C372_7500_N_Glenoaks_Blvd_Burbank_91504,Glenoaks,7500 N Glenoaks Boulevard Blvd Los Angeles 91504,,,,
209195,384538,,2401042012.0,,7590.0,,,North,,,Glenoaks,Boulevard,,,,,,,,,,,,,91504.0,,Los Angeles,Burbank,,,,,LA City,{9BCEF1C8-62A5-4D66-9B5E-5CA16845CFA8},0,,9BCEF1C8-62A5-4D66-9B5E-5CA16845CFA8,Unknown,,N,,,Blvd,N Glenoaks Blvd,2023/09/12 23:03:18+00,7590 N Glenoaks Blvd Burbank 91504,9BCEF1C8-62A5-4D66-9B5E-5CA16845CFA8_7590_N_Glenoaks_Blvd_Burbank_91504,Glenoaks,7590 N Glenoaks Boulevard Blvd Los Angeles 91504,,,,
209196,384539,,2401042012.0,,7560.0,,,North,,,Glenoaks,Boulevard,,,,,,,,,,,,,91504.0,,Los Angeles,Burbank,,,,,LA City,{B5673119-A802-49BF-ABAE-13A860AF0F84},0,,B5673119-A802-49BF-ABAE-13A860AF0F84,Unknown,,N,,,Blvd,N Glenoaks Blvd,2023/09/12 23:03:18+00,7560 N Glenoaks Blvd Burbank 91504,B5673119-A802-49BF-ABAE-13A860AF0F84_7560_N_Glenoaks_Blvd_Burbank_91504,Glenoaks,7560 N Glenoaks Boulevard Blvd Los Angeles 91504,,,,
209197,384540,,2401043006.0,,7765.0,,,North,Via,,Sorrento,,,,,,,,,,,,,,91504.0,,Los Angeles,Burbank,,,,,LA City,{FF68651E-372C-4FD5-81F5-A21C3A46642A},0,,FF68651E-372C-4FD5-81F5-A21C3A46642A,Unknown,,N,,Via,,N Via Sorrento,2023/09/12 23:03:18+00,7765 N Via Sorrento Burbank 91504,FF68651E-372C-4FD5-81F5-A21C3A46642A_7765_N_Via_Sorrento_Burbank_91504,Via Sorrento,7765 N Via Sorrento Los Angeles 91504,,,,
209198,384541,,2401043006.0,,7770.0,,,North,Via,,Sorrento,,,,,,,,,,,,,,91504.0,,Los Angeles,Burbank,,,,,LA City,{D04DB6E0-FB1D-4BED-90E8-D8CD824BEBDB},0,,D04DB6E0-FB1D-4BED-90E8-D8CD824BEBDB,Unknown,,N,,Via,,N Via Sorrento,2023/09/12 23:03:18+00,7770 N Via Sorrento Burbank 91504,D04DB6E0-FB1D-4BED-90E8-D8CD824BEBDB_7770_N_Via_Sorrento_Burbank_91504,Via Sorrento,7770 N Via Sorrento Los Angeles 91504,,,,
209199,384542,,2401043006.0,,7748.0,,,North,Via,,Napoli,,,,,,,,,,,,,,91504.0,,Los Angeles,Burbank,,,,,LA City,{A1D06E9A-D716-4E17-9598-0CD7D5923E2E},0,,A1D06E9A-D716-4E17-9598-0CD7D5923E2E,Unknown,,N,,Via,,N Via Napoli,2023/09/12 23:03:18+00,7748 N Via Napoli Burbank 91504,A1D06E9A-D716-4E17-9598-0CD7D5923E2E_7748_N_Via_Napoli_Burbank_91504,Via Napoli,7748 N Via Napoli Los Angeles 91504,,,,
209200,384543,,2401043006.0,,7716.0,,,North,Via,,Sorrento,,,,,,,,,,,,,,91504.0,,Los Angeles,Burbank,,,,,LA City,{7FE01A2F-F094-4E03-99D1-817837554572},0,,7FE01A2F-F094-4E03-99D1-817837554572,Unknown,,N,,Via,,N Via Sorrento,2023/09/12 23:03:18+00,7716 N Via Sorrento Burbank 91504,7FE01A2F-F094-4E03-99D1-817837554572_7716_N_Via_Sorrento_Burbank_91504,Via Sorrento,7716 N Via Sorrento Los Angeles 91504,,,,
209201,384544,,2401043006.0,,7749.0,,,North,Via,,Napoli,,,,,,,,,,,,,,91504.0,,Los Angeles,Burbank,,,,,LA City,{50B22618-2092-4AFB-8624-1EDE6C4BAAC3},0,,50B22618-2092-4AFB-8624-1EDE6C4BAAC3,Unknown,,N,,Via,,N Via Napoli,2023/09/12 23:03:18+00,7749 N Via Napoli Burbank 91504,50B22618-2092-4AFB-8624-1EDE6C4BAAC3_7749_N_Via_Napoli_Burbank_91504,Via Napoli,7749 N Via Napoli Los Angeles 91504,,,,
209202,384545,,2401043006.0,,7727.0,,,North,Via,,Sorrento,,,,,,,,,,,,,,91504.0,,Los Angeles,Burbank,,,,,LA City,{DD01869A-85D9-4F5E-80A0-C0894F07A5BA},0,,DD01869A-85D9-4F5E-80A0-C0894F07A5BA,Unknown,,N,,Via,,N Via Sorrento,2023/09/12 23:03:18+00,7727 N Via Sorrento Burbank 91504,DD01869A-85D9-4F5E-80A0-C0894F07A5BA_7727_N_Via_Sorrento_Burbank_91504,Via Sorrento,7727 N Via Sorrento Los Angeles 91504,,,,
209203,384546,,2401043006.0,,7760.0,,,North,Via,,Napoli,,,,,,,,,,,,,,91504.0,,Los Angeles,Burbank,,,,,LA City,{7452C23B-635E-4F77-B01D-F6C33B2D5EFC},0,,7452C23B-635E-4F77-B01D-F6C33B2D5EFC,Unknown,,N,,Via,,N Via Napoli,2023/09/12 23:03:18+00,7760 N Via Napoli Burbank 91504,7452C23B-635E-4F77-B01D-F6C33B2D5EFC_7760_N_Via_Napoli_Burbank_91504,Via Napoli,7760 N Via Napoli Los Angeles 91504,,,,
209204,384547,,2401043006.0,,7745.0,,,North,Via,,Napoli,,,,,,,,,,,,,,91504.0,,Los Angeles,Burbank,,,,,LA City,{241402DA-FDF8-4158-9956-5C9FB11745AF},0,,241402DA-FDF8-4158-9956-5C9FB11745AF,Unknown,,N,,Via,,N Via Napoli,2023/09/12 23:03:18+00,7745 N Via Napoli Burbank 91504,241402DA-FDF8-4158-9956-5C9FB11745AF_7745_N_Via_Napoli_Burbank_91504,Via Napoli,7745 N Via Napoli Los Angeles 91504,,,,
209205,384548,,2401043006.0,,7751.0,,,North,Via,,Sorrento,,,,,,,,,,,,,,91504.0,,Los Angeles,Burbank,,,,,LA City,{0E032398-F051-467A-8BCE-A808D618D04F},0,,0E032398-F051-467A-8BCE-A808D618D04F,Unknown,,N,,Via,,N Via Sorrento,2023/09/12 23:03:18+00,7751 N Via Sorrento Burbank 91504,0E032398-F051-467A-8BCE-A808D618D04F_7751_N_Via_Sorrento_Burbank_91504,Via Sorrento,7751 N Via Sorrento Los Angeles 91504,,,,
209206,384549,,2401043006.0,,7720.0,,,North,Via,,Napoli,,,,,,,,,,,,,,91504.0,,Los Angeles,Burbank,,,,,LA City,{367F88B2-BF04-4A73-84D6-E4AE1B4F1BDA},0,,367F88B2-BF04-4A73-84D6-E4AE1B4F1BDA,Unknown,,N,,Via,,N Via Napoli,2023/09/12 23:03:18+00,7720 N Via Napoli Burbank 91504,367F88B2-BF04-4A73-84D6-E4AE1B4F1BDA_7720_N_Via_Napoli_Burbank_91504,Via Napoli,7720 N Via Napoli Los Angeles 91504,,,,
209207,384550,,2401043006.0,,7740.0,,,North,Via,,Napoli,,,,,,,,,,,,,,91504.0,,Los Angeles,Burbank,,,,,LA City,{60C8053B-8D82-44BA-AB2B-1284BA1D7EB5},0,,60C8053B-8D82-44BA-AB2B-1284BA1D7EB5,Unknown,,N,,Via,,N Via Napoli,2023/09/12 23:03:18+00,7740 N Via Napoli Burbank 91504,60C8053B-8D82-44BA-AB2B-1284BA1D7EB5_7740_N_Via_Napoli_Burbank_91504,Via Napoli,7740 N Via Napoli Los Angeles 91504,,,,
209208,384551,,2401043006.0,,7714.0,,,North,Via,,Napoli,,,,,,,,,,,,,,91504.0,,Los Angeles,Burbank,,,,,LA City,{4711D18B-7EBC-43A8-8852-588C7064AB07},0,,4711D18B-7EBC-43A8-8852-588C7064AB07,Unknown,,N,,Via,,N Via Napoli,2023/09/12 23:03:18+00,7714 N Via Napoli Burbank 91504,4711D18B-7EBC-43A8-8852-588C7064AB07_7714_N_Via_Napoli_Burbank_91504,Via Napoli,7714 N Via Napoli Los Angeles 91504,,,,
209209,384552,,2401043006.0,,7746.0,,,North,Via,,Napoli,,,,,,,,,,,,,,91504.0,,Los Angeles,Burbank,,,,,LA City,{4EE179F0-B72E-401E-AB31-3086C70F6041},0,,4EE179F0-B72E-401E-AB31-3086C70F6041,Unknown,,N,,Via,,N Via Napoli,2023/09/12 23:03:18+00,7746 N Via Napoli Burbank 91504,4EE179F0-B72E-401E-AB31-3086C70F6041_7746_N_Via_Napoli_Burbank_91504,Via Napoli,7746 N Via Napoli Los Angeles 91504,,,,
209210,384553,,2401043006.0,,7702.0,,,North,Via,,Napoli,,,,,,,,,,,,,,91504.0,,Los Angeles,Burbank,,,,,LA City,{82C6A2B3-EC35-46B2-9E69-0BB407276F24},0,,82C6A2B3-EC35-46B2-9E69-0BB407276F24,Unknown,,N,,Via,,N Via Napoli,2023/09/12 23:03:18+00,7702 N Via Napoli Burbank 91504,82C6A2B3-EC35-46B2-9E69-0BB407276F24_7702_N_Via_Napoli_Burbank_91504,Via Napoli,7702 N Via Napoli Los Angeles 91504,,,,
209211,384554,,2401043006.0,,7772.0,,,North,Via,,Sorrento,,,,,,,,,,,,,,91504.0,,Los Angeles,Burbank,,,,,LA City,{2BBFEE4C-2ED1-4ADA-824C-DEE7CF6A0383},0,,2BBFEE4C-2ED1-4ADA-824C-DEE7CF6A0383,Unknown,,N,,Via,,N Via Sorrento,2023/09/12 23:03:18+00,7772 N Via Sorrento Burbank 91504,2BBFEE4C-2ED1-4ADA-824C-DEE7CF6A0383_7772_N_Via_Sorrento_Burbank_91504,Via Sorrento,7772 N Via Sorrento Los Angeles 91504,,,,
209212,384555,,2401043006.0,,7726.0,,,North,Via,,Napoli,,,,,,,,,,,,,,91504.0,,Los Angeles,Burbank,,,,,LA City,{7C07BA59-66BD-42C5-A881-A6D3FBB54BB9},0,,7C07BA59-66BD-42C5-A881-A6D3FBB54BB9,Unknown,,N,,Via,,N Via Napoli,2023/09/12 23:03:18+00,7726 N Via Napoli Burbank 91504,7C07BA59-66BD-42C5-A881-A6D3FBB54BB9_7726_N_Via_Napoli_Burbank_91504,Via Napoli,7726 N Via Napoli Los Angeles 91504,,,,
209213,384556,,2401043006.0,,7741.0,,,North,Via,,Napoli,,,,,,,,,,,,,,91504.0,,Los Angeles,Burbank,,,,,LA City,{2F41686D-2CB8-4678-8423-0836ECB3640E},0,,2F41686D-2CB8-4678-8423-0836ECB3640E,Unknown,,N,,Via,,N Via Napoli,2023/09/12 23:03:18+00,7741 N Via Napoli Burbank 91504,2F41686D-2CB8-4678-8423-0836ECB3640E_7741_N_Via_Napoli_Burbank_91504,Via Napoli,7741 N Via Napoli Los Angeles 91504,,,,
209214,384557,,2401043006.0,,7730.0,,,North,Via,,Napoli,,,,,,,,,,,,,,91504.0,,Los Angeles,Burbank,,,,,LA City,{BDBBA9AD-8E72-45A0-BCDD-276B425CC5BD},0,,BDBBA9AD-8E72-45A0-BCDD-276B425CC5BD,Unknown,,N,,Via,,N Via Napoli,2023/09/12 23:03:18+00,7730 N Via Napoli Burbank 91504,BDBBA9AD-8E72-45A0-BCDD-276B425CC5BD_7730_N_Via_Napoli_Burbank_91504,Via Napoli,7730 N Via Napoli Los Angeles 91504,,,,
209215,384558,,2401043006.0,,7738.0,,,North,Via,,Sorrento,,,,,,,,,,,,,,91504.0,,Los Angeles,Burbank,,,,,LA City,{A126A89C-FADC-4950-8776-46CB4DBC74AD},0,,A126A89C-FADC-4950-8776-46CB4DBC74AD,Unknown,,N,,Via,,N Via Sorrento,2023/09/12 23:03:18+00,7738 N Via Sorrento Burbank 91504,A126A89C-FADC-4950-8776-46CB4DBC74AD_7738_N_Via_Sorrento_Burbank_91504,Via Sorrento,7738 N Via Sorrento Los Angeles 91504,,,,
209216,384559,,2401043006.0,,7721.0,,,North,Via,,Sorrento,,,,,,,,,,,,,,91504.0,,Los Angeles,Burbank,,,,,LA City,{686E7917-9E73-46DB-BF71-D2D2FFD68F1A},0,,686E7917-9E73-46DB-BF71-D2D2FFD68F1A,Unknown,,N,,Via,,N Via Sorrento,2023/09/12 23:03:18+00,7721 N Via Sorrento Burbank 91504,686E7917-9E73-46DB-BF71-D2D2FFD68F1A_7721_N_Via_Sorrento_Burbank_91504,Via Sorrento,7721 N Via Sorrento Los Angeles 91504,,,,
209217,384560,,2401043006.0,,7756.0,,,North,Via,,Napoli,,,,,,,,,,,,,,91504.0,,Los Angeles,Burbank,,,,,LA City,{A0449F15-6E4C-47F8-8BFB-DF4CB2DAD4CD},0,,A0449F15-6E4C-47F8-8BFB-DF4CB2DAD4CD,Unknown,,N,,Via,,N Via Napoli,2023/09/12 23:03:18+00,7756 N Via Napoli Burbank 91504,A0449F15-6E4C-47F8-8BFB-DF4CB2DAD4CD_7756_N_Via_Napoli_Burbank_91504,Via Napoli,7756 N Via Napoli Los Angeles 91504,,,,
209218,384561,,2401043006.0,,7739.0,,,North,Via,,Napoli,,,,,,,,,,,,,,91504.0,,Los Angeles,Burbank,,,,,LA City,{94101EB5-89B1-4D84-A5B8-1C583B0C9E98},0,,94101EB5-89B1-4D84-A5B8-1C583B0C9E98,Unknown,,N,,Via,,N Via Napoli,2023/09/12 23:03:18+00,7739 N Via Napoli Burbank 91504,94101EB5-89B1-4D84-A5B8-1C583B0C9E98_7739_N_Via_Napoli_Burbank_91504,Via Napoli,7739 N Via Napoli Los Angeles 91504,,,,
209219,384562,,2401043006.0,,7734.0,,,North,Via,,Sorrento,,,,,,,,,,,,,,91504.0,,Los Angeles,Burbank,,,,,LA City,{87A74460-9920-4830-B870-1843F741136D},0,,87A74460-9920-4830-B870-1843F741136D,Unknown,,N,,Via,,N Via Sorrento,2023/09/12 23:03:18+00,7734 N Via Sorrento Burbank 91504,87A74460-9920-4830-B870-1843F741136D_7734_N_Via_Sorrento_Burbank_91504,Via Sorrento,7734 N Via Sorrento Los Angeles 91504,,,,
209220,384563,,2401043006.0,,7750.0,,,North,Via,,Sorrento,,,,,,,,,,,,,,91504.0,,Los Angeles,Burbank,,,,,LA City,{AAF02598-C15B-4FA0-8B02-B72F6A1C9B55},0,,AAF02598-C15B-4FA0-8B02-B72F6A1C9B55,Unknown,,N,,Via,,N Via Sorrento,2023/09/12 23:03:18+00,7750 N Via Sorrento Burbank 91504,AAF02598-C15B-4FA0-8B02-B72F6A1C9B55_7750_N_Via_Sorrento_Burbank_91504,Via Sorrento,7750 N Via Sorrento Los Angeles 91504,,,,
209221,384564,,2401043006.0,,7719.0,,,North,Via,,Napoli,,,,,,,,,,,,,,91504.0,,Los Angeles,Burbank,,,,,LA City,{288C16EB-986E-45EA-8487-D3A075ACEB69},0,,288C16EB-986E-45EA-8487-D3A075ACEB69,Unknown,,N,,Via,,N Via Napoli,2023/09/12 23:03:18+00,7719 N Via Napoli Burbank 91504,288C16EB-986E-45EA-8487-D3A075ACEB69_7719_N_Via_Napoli_Burbank_91504,Via Napoli,7719 N Via Napoli Los Angeles 91504,,,,
209222,384565,,2401043006.0,,7728.0,,,North,Via,,Napoli,,,,,,,,,,,,,,91504.0,,Los Angeles,Burbank,,,,,LA City,{819725F0-6CAA-471D-91E1-15C93077B774},0,,819725F0-6CAA-471D-91E1-15C93077B774,Unknown,,N,,Via,,N Via Napoli,2023/09/12 23:03:18+00,7728 N Via Napoli Burbank 91504,819725F0-6CAA-471D-91E1-15C93077B774_7728_N_Via_Napoli_Burbank_91504,Via Napoli,7728 N Via Napoli Los Angeles 91504,,,,
209223,384566,,2401043006.0,,7717.0,,,North,Via,,Sorrento,,,,,,,,,,,,,,91504.0,,Los Angeles,Burbank,,,,,LA City,{A73008FA-C567-4A52-B5A7-0C2D162ACD7F},0,,A73008FA-C567-4A52-B5A7-0C2D162ACD7F,Unknown,,N,,Via,,N Via Sorrento,2023/09/12 23:03:18+00,7717 N Via Sorrento Burbank 91504,A73008FA-C567-4A52-B5A7-0C2D162ACD7F_7717_N_Via_Sorrento_Burbank_91504,Via Sorrento,7717 N Via Sorrento Los Angeles 91504,,,,
209224,384567,,2401043006.0,,7710.0,,,North,Via,,Napoli,,,,,,,,,,,,,,91504.0,,Los Angeles,Burbank,,,,,LA City,{2FD47559-7AE3-43A2-82C7-98B14C736DDD},0,,2FD47559-7AE3-43A2-82C7-98B14C736DDD,Unknown,,N,,Via,,N Via Napoli,2023/09/12 23:03:18+00,7710 N Via Napoli Burbank 91504,2FD47559-7AE3-43A2-82C7-98B14C736DDD_7710_N_Via_Napoli_Burbank_91504,Via Napoli,7710 N Via Napoli Los Angeles 91504,,,,
209225,384568,,2401043006.0,,7713.0,,,North,Via,,Sorrento,,,,,,,,,,,,,,91504.0,,Los Angeles,Burbank,,,,,LA City,{4EE11A64-511A-4240-99A4-A89C7D07294C},0,,4EE11A64-511A-4240-99A4-A89C7D07294C,Unknown,,N,,Via,,N Via Sorrento,2023/09/12 23:03:18+00,7713 N Via Sorrento Burbank 91504,4EE11A64-511A-4240-99A4-A89C7D07294C_7713_N_Via_Sorrento_Burbank_91504,Via Sorrento,7713 N Via Sorrento Los Angeles 91504,,,,
209226,384569,,2401043006.0,,7761.0,,,North,Via,,Sorrento,,,,,,,,,,,,,,91504.0,,Los Angeles,Burbank,,,,,LA City,{A12E23D3-F965-45F7-BD39-091398AE80B6},0,,A12E23D3-F965-45F7-BD39-091398AE80B6,Unknown,,N,,Via,,N Via Sorrento,2023/09/12 23:03:18+00,7761 N Via Sorrento Burbank 91504,A12E23D3-F965-45F7-BD39-091398AE80B6_7761_N_Via_Sorrento_Burbank_91504,Via Sorrento,7761 N Via Sorrento Los Angeles 91504,,,,
209227,384570,,2401043006.0,,7742.0,,,North,Via,,Sorrento,,,,,,,,,,,,,,91504.0,,Los Angeles,Burbank,,,,,LA City,{4434FEA0-A079-4E0E-96AC-5F9BEDCDBE24},0,,4434FEA0-A079-4E0E-96AC-5F9BEDCDBE24,Unknown,,N,,Via,,N Via Sorrento,2023/09/12 23:03:18+00,7742 N Via Sorrento Burbank 91504,4434FEA0-A079-4E0E-96AC-5F9BEDCDBE24_7742_N_Via_Sorrento_Burbank_91504,Via Sorrento,7742 N Via Sorrento Los Angeles 91504,,,,
209228,384571,,2401043006.0,,7719.0,,,North,Via,,Sorrento,,,,,,,,,,,,,,91504.0,,Los Angeles,Burbank,,,,,LA City,{3A91294A-97D1-4B4A-A4D3-C0F930AC6C37},0,,3A91294A-97D1-4B4A-A4D3-C0F930AC6C37,Unknown,,N,,Via,,N Via Sorrento,2023/09/12 23:03:18+00,7719 N Via Sorrento Burbank 91504,3A91294A-97D1-4B4A-A4D3-C0F930AC6C37_7719_N_Via_Sorrento_Burbank_91504,Via Sorrento,7719 N Via Sorrento Los Angeles 91504,,,,
209229,384572,,2401043006.0,,7732.0,,,North,Via,,Sorrento,,,,,,,,,,,,,,91504.0,,Los Angeles,Burbank,,,,,LA City,{360552CF-B68F-40AD-9019-B8C5EE6E8C50},0,,360552CF-B68F-40AD-9019-B8C5EE6E8C50,Unknown,,N,,Via,,N Via Sorrento,2023/09/12 23:03:18+00,7732 N Via Sorrento Burbank 91504,360552CF-B68F-40AD-9019-B8C5EE6E8C50_7732_N_Via_Sorrento_Burbank_91504,Via Sorrento,7732 N Via Sorrento Los Angeles 91504,,,,
209230,384573,,2401043006.0,,7748.0,,,North,Via,,Sorrento,,,,,,,,,,,,,,91504.0,,Los Angeles,Burbank,,,,,LA City,{5F08E7BD-2F41-4B8D-9737-2FB753333FDB},0,,5F08E7BD-2F41-4B8D-9737-2FB753333FDB,Unknown,,N,,Via,,N Via Sorrento,2023/09/12 23:03:18+00,7748 N Via Sorrento Burbank 91504,5F08E7BD-2F41-4B8D-9737-2FB753333FDB_7748_N_Via_Sorrento_Burbank_91504,Via Sorrento,7748 N Via Sorrento Los Angeles 91504,,,,
209231,384574,,2401043006.0,,7746.0,,,North,Via,,Sorrento,,,,,,,,,,,,,,91504.0,,Los Angeles,Burbank,,,,,LA City,{2F8A0478-64EE-49C6-86EA-85A10F7187A1},0,,2F8A0478-64EE-49C6-86EA-85A10F7187A1,Unknown,,N,,Via,,N Via Sorrento,2023/09/12 23:03:18+00,7746 N Via Sorrento Burbank 91504,2F8A0478-64EE-49C6-86EA-85A10F7187A1_7746_N_Via_Sorrento_Burbank_91504,Via Sorrento,7746 N Via Sorrento Los Angeles 91504,,,,
209232,384575,,2401043006.0,,7724.0,,,North,Via,,Sorrento,,,,,,,,,,,,,,91504.0,,Los Angeles,Burbank,,,,,LA City,{1BE1A0CA-4737-4F43-9D5B-D215AE19C667},0,,1BE1A0CA-4737-4F43-9D5B-D215AE19C667,Unknown,,N,,Via,,N Via Sorrento,2023/09/12 23:03:18+00,7724 N Via Sorrento Burbank 91504,1BE1A0CA-4737-4F43-9D5B-D215AE19C667_7724_N_Via_Sorrento_Burbank_91504,Via Sorrento,7724 N Via Sorrento Los Angeles 91504,,,,
209233,384576,,2401043006.0,,7700.0,,,North,Via,,Napoli,,,,,,,,,,,,,,91504.0,,Los Angeles,Burbank,,,,,LA City,{BD4D5237-BA4E-4E41-84EE-1E39BAB5441F},0,,BD4D5237-BA4E-4E41-84EE-1E39BAB5441F,Unknown,,N,,Via,,N Via Napoli,2023/09/12 23:03:18+00,7700 N Via Napoli Burbank 91504,BD4D5237-BA4E-4E41-84EE-1E39BAB5441F_7700_N_Via_Napoli_Burbank_91504,Via Napoli,7700 N Via Napoli Los Angeles 91504,,,,
209234,384577,,2401043006.0,,7771.0,,,North,Via,,Sorrento,,,,,,,,,,,,,,91504.0,,Los Angeles,Burbank,,,,,LA City,{D04D1D31-E6D0-41C9-9507-EC60151288A1},0,,D04D1D31-E6D0-41C9-9507-EC60151288A1,Unknown,,N,,Via,,N Via Sorrento,2023/09/12 23:03:18+00,7771 N Via Sorrento Burbank 91504,D04D1D31-E6D0-41C9-9507-EC60151288A1_7771_N_Via_Sorrento_Burbank_91504,Via Sorrento,7771 N Via Sorrento Los Angeles 91504,,,,
209235,384578,,2401043006.0,,7732.0,,,North,Via,,Napoli,,,,,,,,,,,,,,91504.0,,Los Angeles,Burbank,,,,,LA City,{9FA63194-12E8-4819-A111-C96A88833B47},0,,9FA63194-12E8-4819-A111-C96A88833B47,Unknown,,N,,Via,,N Via Napoli,2023/09/12 23:03:18+00,7732 N Via Napoli Burbank 91504,9FA63194-12E8-4819-A111-C96A88833B47_7732_N_Via_Napoli_Burbank_91504,Via Napoli,7732 N Via Napoli Los Angeles 91504,,,,
209236,384579,,2401043006.0,,7744.0,,,North,Via,,Napoli,,,,,,,,,,,,,,91504.0,,Los Angeles,Burbank,,,,,LA City,{ADE12855-93F5-421A-AB81-389C487039AB},0,,ADE12855-93F5-421A-AB81-389C487039AB,Unknown,,N,,Via,,N Via Napoli,2023/09/12 23:03:18+00,7744 N Via Napoli Burbank 91504,ADE12855-93F5-421A-AB81-389C487039AB_7744_N_Via_Napoli_Burbank_91504,Via Napoli,7744 N Via Napoli Los Angeles 91504,,,,
209237,384580,,2401043006.0,,7718.0,,,North,Via,,Napoli,,,,,,,,,,,,,,91504.0,,Los Angeles,Burbank,,,,,LA City,{36730345-EFCE-428F-B2E7-86C7223448B4},0,,36730345-EFCE-428F-B2E7-86C7223448B4,Unknown,,N,,Via,,N Via Napoli,2023/09/12 23:03:18+00,7718 N Via Napoli Burbank 91504,36730345-EFCE-428F-B2E7-86C7223448B4_7718_N_Via_Napoli_Burbank_91504,Via Napoli,7718 N Via Napoli Los Angeles 91504,,,,
209238,384581,,2401043006.0,,7776.0,,,North,Via,,Sorrento,,,,,,,,,,,,,,91504.0,,Los Angeles,Burbank,,,,,LA City,{908D1B50-759F-48C3-95C8-B8A0A6A1BD35},0,,908D1B50-759F-48C3-95C8-B8A0A6A1BD35,Unknown,,N,,Via,,N Via Sorrento,2023/09/12 23:03:18+00,7776 N Via Sorrento Burbank 91504,908D1B50-759F-48C3-95C8-B8A0A6A1BD35_7776_N_Via_Sorrento_Burbank_91504,Via Sorrento,7776 N Via Sorrento Los Angeles 91504,,,,
209239,384582,,2401043006.0,,7713.0,,,North,Via,,Napoli,,,,,,,,,,,,,,91504.0,,Los Angeles,Burbank,,,,,LA City,{D4D8E3FE-065C-485F-A512-C0575DFACB4B},0,,D4D8E3FE-065C-485F-A512-C0575DFACB4B,Unknown,,N,,Via,,N Via Napoli,2023/09/12 23:03:18+00,7713 N Via Napoli Burbank 91504,D4D8E3FE-065C-485F-A512-C0575DFACB4B_7713_N_Via_Napoli_Burbank_91504,Via Napoli,7713 N Via Napoli Los Angeles 91504,,,,
209240,384583,,2401043006.0,,7754.0,,,North,Via,,Napoli,,,,,,,,,,,,,,91504.0,,Los Angeles,Burbank,,,,,LA City,{CFB258D7-2607-444E-A0AD-4B120697F878},0,,CFB258D7-2607-444E-A0AD-4B120697F878,Unknown,,N,,Via,,N Via Napoli,2023/09/12 23:03:18+00,7754 N Via Napoli Burbank 91504,CFB258D7-2607-444E-A0AD-4B120697F878_7754_N_Via_Napoli_Burbank_91504,Via Napoli,7754 N Via Napoli Los Angeles 91504,,,,
209241,384584,,2401043006.0,,7716.0,,,North,Via,,Napoli,,,,,,,,,,,,,,91504.0,,Los Angeles,Burbank,,,,,LA City,{D196BAEC-7EBA-4225-B460-D1253246C42D},0,,D196BAEC-7EBA-4225-B460-D1253246C42D,Unknown,,N,,Via,,N Via Napoli,2023/09/12 23:03:18+00,7716 N Via Napoli Burbank 91504,D196BAEC-7EBA-4225-B460-D1253246C42D_7716_N_Via_Napoli_Burbank_91504,Via Napoli,7716 N Via Napoli Los Angeles 91504,,,,
209242,384585,,2401043006.0,,7721.0,,,North,Via,,Napoli,,,,,,,,,,,,,,91504.0,,Los Angeles,Burbank,,,,,LA City,{33AA93CB-25C2-4B92-A785-2ABAF02D458C},0,,33AA93CB-25C2-4B92-A785-2ABAF02D458C,Unknown,,N,,Via,,N Via Napoli,2023/09/12 23:03:18+00,7721 N Via Napoli Burbank 91504,33AA93CB-25C2-4B92-A785-2ABAF02D458C_7721_N_Via_Napoli_Burbank_91504,Via Napoli,7721 N Via Napoli Los Angeles 91504,,,,
209243,384586,,2401043006.0,,7752.0,,,North,Via,,Napoli,,,,,,,,,,,,,,91504.0,,Los Angeles,Burbank,,,,,LA City,{F568A867-4840-4DED-ACCD-5D5D68F389A4},0,,F568A867-4840-4DED-ACCD-5D5D68F389A4,Unknown,,N,,Via,,N Via Napoli,2023/09/12 23:03:18+00,7752 N Via Napoli Burbank 91504,F568A867-4840-4DED-ACCD-5D5D68F389A4_7752_N_Via_Napoli_Burbank_91504,Via Napoli,7752 N Via Napoli Los Angeles 91504,,,,
209244,384587,,2401043006.0,,7773.0,,,North,Via,,Sorrento,,,,,,,,,,,,,,91504.0,,Los Angeles,Burbank,,,,,LA City,{DB51AD45-4665-43C8-BE09-6A4071FC682D},0,,DB51AD45-4665-43C8-BE09-6A4071FC682D,Unknown,,N,,Via,,N Via Sorrento,2023/09/12 23:03:18+00,7773 N Via Sorrento Burbank 91504,DB51AD45-4665-43C8-BE09-6A4071FC682D_7773_N_Via_Sorrento_Burbank_91504,Via Sorrento,7773 N Via Sorrento Los Angeles 91504,,,,
209245,384588,,2401043006.0,,7742.0,,,North,Via,,Napoli,,,,,,,,,,,,,,91504.0,,Los Angeles,Burbank,,,,,LA City,{4900C1D6-A184-485B-937A-FC298C6F93BA},0,,4900C1D6-A184-485B-937A-FC298C6F93BA,Unknown,,N,,Via,,N Via Napoli,2023/09/12 23:03:18+00,7742 N Via Napoli Burbank 91504,4900C1D6-A184-485B-937A-FC298C6F93BA_7742_N_Via_Napoli_Burbank_91504,Via Napoli,7742 N Via Napoli Los Angeles 91504,,,,
209246,384589,,2401043006.0,,7723.0,,,North,Via,,Napoli,,,,,,,,,,,,,,91504.0,,Los Angeles,Burbank,,,,,LA City,{DA96C087-483C-4F61-B1FE-295551B29132},0,,DA96C087-483C-4F61-B1FE-295551B29132,Unknown,,N,,Via,,N Via Napoli,2023/09/12 23:03:18+00,7723 N Via Napoli Burbank 91504,DA96C087-483C-4F61-B1FE-295551B29132_7723_N_Via_Napoli_Burbank_91504,Via Napoli,7723 N Via Napoli Los Angeles 91504,,,,
209247,384590,,2401043006.0,,7740.0,,,North,Via,,Sorrento,,,,,,,,,,,,,,91504.0,,Los Angeles,Burbank,,,,,LA City,{ADBFE345-2F47-4633-9DF5-AD3EFBCBFB9D},0,,ADBFE345-2F47-4633-9DF5-AD3EFBCBFB9D,Unknown,,N,,Via,,N Via Sorrento,2023/09/12 23:03:18+00,7740 N Via Sorrento Burbank 91504,ADBFE345-2F47-4633-9DF5-AD3EFBCBFB9D_7740_N_Via_Sorrento_Burbank_91504,Via Sorrento,7740 N Via Sorrento Los Angeles 91504,,,,
209248,384591,,2401043006.0,,7769.0,,,North,Via,,Sorrento,,,,,,,,,,,,,,91504.0,,Los Angeles,Burbank,,,,,LA City,{6439A5D5-F901-467F-A052-E611A04F20C2},0,,6439A5D5-F901-467F-A052-E611A04F20C2,Unknown,,N,,Via,,N Via Sorrento,2023/09/12 23:03:18+00,7769 N Via Sorrento Burbank 91504,6439A5D5-F901-467F-A052-E611A04F20C2_7769_N_Via_Sorrento_Burbank_91504,Via Sorrento,7769 N Via Sorrento Los Angeles 91504,,,,
209249,384592,,2401043006.0,,7725.0,,,North,Via,,Sorrento,,,,,,,,,,,,,,91504.0,,Los Angeles,Burbank,,,,,LA City,{362B34C0-70CE-4FCA-946D-E1CA91DE26CF},0,,362B34C0-70CE-4FCA-946D-E1CA91DE26CF,Unknown,,N,,Via,,N Via Sorrento,2023/09/12 23:03:18+00,7725 N Via Sorrento Burbank 91504,362B34C0-70CE-4FCA-946D-E1CA91DE26CF_7725_N_Via_Sorrento_Burbank_91504,Via Sorrento,7725 N Via Sorrento Los Angeles 91504,,,,
209250,384593,,2401043006.0,,7736.0,,,North,Via,,Napoli,,,,,,,,,,,,,,91504.0,,Los Angeles,Burbank,,,,,LA City,{C0D4D14A-08FC-47C6-B1B3-8258711112F0},0,,C0D4D14A-08FC-47C6-B1B3-8258711112F0,Unknown,,N,,Via,,N Via Napoli,2023/09/12 23:03:18+00,7736 N Via Napoli Burbank 91504,C0D4D14A-08FC-47C6-B1B3-8258711112F0_7736_N_Via_Napoli_Burbank_91504,Via Napoli,7736 N Via Napoli Los Angeles 91504,,,,
209251,384594,,2401043006.0,,7722.0,,,North,Via,,Sorrento,,,,,,,,,,,,,,91504.0,,Los Angeles,Burbank,,,,,LA City,{22D27A54-1D40-42F0-BF10-794AB1B9C847},0,,22D27A54-1D40-42F0-BF10-794AB1B9C847,Unknown,,N,,Via,,N Via Sorrento,2023/09/12 23:03:18+00,7722 N Via Sorrento Burbank 91504,22D27A54-1D40-42F0-BF10-794AB1B9C847_7722_N_Via_Sorrento_Burbank_91504,Via Sorrento,7722 N Via Sorrento Los Angeles 91504,,,,
209252,384595,,2401043006.0,,7736.0,,,North,Via,,Sorrento,,,,,,,,,,,,,,91504.0,,Los Angeles,Burbank,,,,,LA City,{865A549E-3266-475D-AEA3-C8D255889405},0,,865A549E-3266-475D-AEA3-C8D255889405,Unknown,,N,,Via,,N Via Sorrento,2023/09/12 23:03:18+00,7736 N Via Sorrento Burbank 91504,865A549E-3266-475D-AEA3-C8D255889405_7736_N_Via_Sorrento_Burbank_91504,Via Sorrento,7736 N Via Sorrento Los Angeles 91504,,,,
209253,384596,,2401043006.0,,7767.0,,,North,Via,,Sorrento,,,,,,,,,,,,,,91504.0,,Los Angeles,Burbank,,,,,LA City,{93376EA4-C7C8-470D-99B8-94759ECD173B},0,,93376EA4-C7C8-470D-99B8-94759ECD173B,Unknown,,N,,Via,,N Via Sorrento,2023/09/12 23:03:18+00,7767 N Via Sorrento Burbank 91504,93376EA4-C7C8-470D-99B8-94759ECD173B_7767_N_Via_Sorrento_Burbank_91504,Via Sorrento,7767 N Via Sorrento Los Angeles 91504,,,,
209254,384597,,2401043006.0,,7710.0,,,North,Via,,Sorrento,,,,,,,,,,,,,,91504.0,,Los Angeles,Burbank,,,,,LA City,{093BC525-2897-4612-9F4D-C7ED9915FCE0},0,,093BC525-2897-4612-9F4D-C7ED9915FCE0,Unknown,,N,,Via,,N Via Sorrento,2023/09/12 23:03:18+00,7710 N Via Sorrento Burbank 91504,093BC525-2897-4612-9F4D-C7ED9915FCE0_7710_N_Via_Sorrento_Burbank_91504,Via Sorrento,7710 N Via Sorrento Los Angeles 91504,,,,
209255,384598,,2401043006.0,,7743.0,,,North,Via,,Napoli,,,,,,,,,,,,,,91504.0,,Los Angeles,Burbank,,,,,LA City,{4B9560F7-162F-4C0C-B357-58A34EA486D5},0,,4B9560F7-162F-4C0C-B357-58A34EA486D5,Unknown,,N,,Via,,N Via Napoli,2023/09/12 23:03:18+00,7743 N Via Napoli Burbank 91504,4B9560F7-162F-4C0C-B357-58A34EA486D5_7743_N_Via_Napoli_Burbank_91504,Via Napoli,7743 N Via Napoli Los Angeles 91504,,,,
209256,384599,,2401043006.0,,7758.0,,,North,Via,,Napoli,,,,,,,,,,,,,,91504.0,,Los Angeles,Burbank,,,,,LA City,{9CC82C54-6AA0-460E-AF8C-D5A83B0C00DA},0,,9CC82C54-6AA0-460E-AF8C-D5A83B0C00DA,Unknown,,N,,Via,,N Via Napoli,2023/09/12 23:03:18+00,7758 N Via Napoli Burbank 91504,9CC82C54-6AA0-460E-AF8C-D5A83B0C00DA_7758_N_Via_Napoli_Burbank_91504,Via Napoli,7758 N Via Napoli Los Angeles 91504,,,,
209257,384600,,2401043006.0,,7727.0,,,North,Via,,Napoli,,,,,,,,,,,,,,91504.0,,Los Angeles,Burbank,,,,,LA City,{D5B7C5DE-34FC-453C-89E3-F639646254B3},0,,D5B7C5DE-34FC-453C-89E3-F639646254B3,Unknown,,N,,Via,,N Via Napoli,2023/09/12 23:03:18+00,7727 N Via Napoli Burbank 91504,D5B7C5DE-34FC-453C-89E3-F639646254B3_7727_N_Via_Napoli_Burbank_91504,Via Napoli,7727 N Via Napoli Los Angeles 91504,,,,
209258,384601,,2401043006.0,,7704.0,,,North,Via,,Napoli,,,,,,,,,,,,,,91504.0,,Los Angeles,Burbank,,,,,LA City,{748FE3C7-B922-4E18-BB44-2D59CB99D73A},0,,748FE3C7-B922-4E18-BB44-2D59CB99D73A,Unknown,,N,,Via,,N Via Napoli,2023/09/12 23:03:18+00,7704 N Via Napoli Burbank 91504,748FE3C7-B922-4E18-BB44-2D59CB99D73A_7704_N_Via_Napoli_Burbank_91504,Via Napoli,7704 N Via Napoli Los Angeles 91504,,,,
209259,384602,,2401043006.0,,7750.0,,,North,Via,,Napoli,,,,,,,,,,,,,,91504.0,,Los Angeles,Burbank,,,,,LA City,{F55CCA8A-51E6-4AB9-B15F-3CF45DF92CED},0,,F55CCA8A-51E6-4AB9-B15F-3CF45DF92CED,Unknown,,N,,Via,,N Via Napoli,2023/09/12 23:03:18+00,7750 N Via Napoli Burbank 91504,F55CCA8A-51E6-4AB9-B15F-3CF45DF92CED_7750_N_Via_Napoli_Burbank_91504,Via Napoli,7750 N Via Napoli Los Angeles 91504,,,,
209260,384603,,2401043006.0,,7718.0,,,North,Via,,Sorrento,,,,,,,,,,,,,,91504.0,,Los Angeles,Burbank,,,,,LA City,{28044405-6B65-4523-B5C1-44295565F8E0},0,,28044405-6B65-4523-B5C1-44295565F8E0,Unknown,,N,,Via,,N Via Sorrento,2023/09/12 23:03:18+00,7718 N Via Sorrento Burbank 91504,28044405-6B65-4523-B5C1-44295565F8E0_7718_N_Via_Sorrento_Burbank_91504,Via Sorrento,7718 N Via Sorrento Los Angeles 91504,,,,
209261,384604,,2401043006.0,,7725.0,,,North,Via,,Napoli,,,,,,,,,,,,,,91504.0,,Los Angeles,Burbank,,,,,LA City,{46269AB4-7DE0-48D9-91B7-0597980CA1A7},0,,46269AB4-7DE0-48D9-91B7-0597980CA1A7,Unknown,,N,,Via,,N Via Napoli,2023/09/12 23:03:18+00,7725 N Via Napoli Burbank 91504,46269AB4-7DE0-48D9-91B7-0597980CA1A7_7725_N_Via_Napoli_Burbank_91504,Via Napoli,7725 N Via Napoli Los Angeles 91504,,,,
209262,384605,,2401043006.0,,7774.0,,,North,Via,,Sorrento,,,,,,,,,,,,,,91504.0,,Los Angeles,Burbank,,,,,LA City,{18D4A61A-6E09-4103-87F3-57C554FFE4C3},0,,18D4A61A-6E09-4103-87F3-57C554FFE4C3,Unknown,,N,,Via,,N Via Sorrento,2023/09/12 23:03:18+00,7774 N Via Sorrento Burbank 91504,18D4A61A-6E09-4103-87F3-57C554FFE4C3_7774_N_Via_Sorrento_Burbank_91504,Via Sorrento,7774 N Via Sorrento Los Angeles 91504,,,,
209263,384606,,2401043006.0,,7728.0,,,North,Via,,Sorrento,,,,,,,,,,,,,,91504.0,,Los Angeles,Burbank,,,,,LA City,{4CFABA92-340F-4017-B3CD-2A3515B4EF22},0,,4CFABA92-340F-4017-B3CD-2A3515B4EF22,Unknown,,N,,Via,,N Via Sorrento,2023/09/12 23:03:18+00,7728 N Via Sorrento Burbank 91504,4CFABA92-340F-4017-B3CD-2A3515B4EF22_7728_N_Via_Sorrento_Burbank_91504,Via Sorrento,7728 N Via Sorrento Los Angeles 91504,,,,
209264,384607,,2401043006.0,,7747.0,,,North,Via,,Napoli,,,,,,,,,,,,,,91504.0,,Los Angeles,Burbank,,,,,LA City,{4745827E-C003-4ADD-951A-5304FFF731D1},0,,4745827E-C003-4ADD-951A-5304FFF731D1,Unknown,,N,,Via,,N Via Napoli,2023/09/12 23:03:18+00,7747 N Via Napoli Burbank 91504,4745827E-C003-4ADD-951A-5304FFF731D1_7747_N_Via_Napoli_Burbank_91504,Via Napoli,7747 N Via Napoli Los Angeles 91504,,,,
209265,384608,,2401043006.0,,7708.0,,,North,Via,,Napoli,,,,,,,,,,,,,,91504.0,,Los Angeles,Burbank,,,,,LA City,{978CC2EA-D19C-4773-A2E8-D375B53709FC},0,,978CC2EA-D19C-4773-A2E8-D375B53709FC,Unknown,,N,,Via,,N Via Napoli,2023/09/12 23:03:18+00,7708 N Via Napoli Burbank 91504,978CC2EA-D19C-4773-A2E8-D375B53709FC_7708_N_Via_Napoli_Burbank_91504,Via Napoli,7708 N Via Napoli Los Angeles 91504,,,,
209266,384609,,2401043006.0,,7720.0,,,North,Via,,Sorrento,,,,,,,,,,,,,,91504.0,,Los Angeles,Burbank,,,,,LA City,{4C44DC38-F3F9-482B-917D-407AD01A783B},0,,4C44DC38-F3F9-482B-917D-407AD01A783B,Unknown,,N,,Via,,N Via Sorrento,2023/09/12 23:03:18+00,7720 N Via Sorrento Burbank 91504,4C44DC38-F3F9-482B-917D-407AD01A783B_7720_N_Via_Sorrento_Burbank_91504,Via Sorrento,7720 N Via Sorrento Los Angeles 91504,,,,
209267,384610,,2401043006.0,,7723.0,,,North,Via,,Sorrento,,,,,,,,,,,,,,91504.0,,Los Angeles,Burbank,,,,,LA City,{C989DFD4-D8CF-464C-87AC-D172E7BF1E0C},0,,C989DFD4-D8CF-464C-87AC-D172E7BF1E0C,Unknown,,N,,Via,,N Via Sorrento,2023/09/12 23:03:18+00,7723 N Via Sorrento Burbank 91504,C989DFD4-D8CF-464C-87AC-D172E7BF1E0C_7723_N_Via_Sorrento_Burbank_91504,Via Sorrento,7723 N Via Sorrento Los Angeles 91504,,,,
209268,384611,,2401043006.0,,7744.0,,,North,Via,,Sorrento,,,,,,,,,,,,,,91504.0,,Los Angeles,Burbank,,,,,LA City,{67947AEC-ACF7-46B2-9755-A7D3537AC862},0,,67947AEC-ACF7-46B2-9755-A7D3537AC862,Unknown,,N,,Via,,N Via Sorrento,2023/09/12 23:03:18+00,7744 N Via Sorrento Burbank 91504,67947AEC-ACF7-46B2-9755-A7D3537AC862_7744_N_Via_Sorrento_Burbank_91504,Via Sorrento,7744 N Via Sorrento Los Angeles 91504,,,,
209269,384612,,2401043006.0,,7726.0,,,North,Via,,Sorrento,,,,,,,,,,,,,,91504.0,,Los Angeles,Burbank,,,,,LA City,{E49C32E9-626A-43C2-ADD9-D67FA4EBDE00},0,,E49C32E9-626A-43C2-ADD9-D67FA4EBDE00,Unknown,,N,,Via,,N Via Sorrento,2023/09/12 23:03:18+00,7726 N Via Sorrento Burbank 91504,E49C32E9-626A-43C2-ADD9-D67FA4EBDE00_7726_N_Via_Sorrento_Burbank_91504,Via Sorrento,7726 N Via Sorrento Los Angeles 91504,,,,
209270,384613,,2401043006.0,,7715.0,,,North,Via,,Napoli,,,,,,,,,,,,,,91504.0,,Los Angeles,Burbank,,,,,LA City,{58BFEA92-818A-47EE-8761-DCD2C6F2A28E},0,,58BFEA92-818A-47EE-8761-DCD2C6F2A28E,Unknown,,N,,Via,,N Via Napoli,2023/09/12 23:03:18+00,7715 N Via Napoli Burbank 91504,58BFEA92-818A-47EE-8761-DCD2C6F2A28E_7715_N_Via_Napoli_Burbank_91504,Via Napoli,7715 N Via Napoli Los Angeles 91504,,,,
209271,384614,,2401043006.0,,7752.0,,,North,Via,,Sorrento,,,,,,,,,,,,,,91504.0,,Los Angeles,Burbank,,,,,LA City,{2E825207-D0AA-4266-AA14-04FD925A4413},0,,2E825207-D0AA-4266-AA14-04FD925A4413,Unknown,,N,,Via,,N Via Sorrento,2023/09/12 23:03:18+00,7752 N Via Sorrento Burbank 91504,2E825207-D0AA-4266-AA14-04FD925A4413_7752_N_Via_Sorrento_Burbank_91504,Via Sorrento,7752 N Via Sorrento Los Angeles 91504,,,,
209272,384615,,2401043006.0,,7712.0,,,North,Via,,Sorrento,,,,,,,,,,,,,,91504.0,,Los Angeles,Burbank,,,,,LA City,{65587770-BAD5-484C-B120-F6417F05E0D2},0,,65587770-BAD5-484C-B120-F6417F05E0D2,Unknown,,N,,Via,,N Via Sorrento,2023/09/12 23:03:18+00,7712 N Via Sorrento Burbank 91504,65587770-BAD5-484C-B120-F6417F05E0D2_7712_N_Via_Sorrento_Burbank_91504,Via Sorrento,7712 N Via Sorrento Los Angeles 91504,,,,
209273,384616,,2401043006.0,,7738.0,,,North,Via,,Napoli,,,,,,,,,,,,,,91504.0,,Los Angeles,Burbank,,,,,LA City,{92578F66-BE59-436F-BA44-0457F8098DAB},0,,92578F66-BE59-436F-BA44-0457F8098DAB,Unknown,,N,,Via,,N Via Napoli,2023/09/12 23:03:18+00,7738 N Via Napoli Burbank 91504,92578F66-BE59-436F-BA44-0457F8098DAB_7738_N_Via_Napoli_Burbank_91504,Via Napoli,7738 N Via Napoli Los Angeles 91504,,,,
209274,384617,,2401043006.0,,7717.0,,,North,Via,,Napoli,,,,,,,,,,,,,,91504.0,,Los Angeles,Burbank,,,,,LA City,{08F67734-4BFC-4816-97C8-B78F72EEC578},0,,08F67734-4BFC-4816-97C8-B78F72EEC578,Unknown,,N,,Via,,N Via Napoli,2023/09/12 23:03:18+00,7717 N Via Napoli Burbank 91504,08F67734-4BFC-4816-97C8-B78F72EEC578_7717_N_Via_Napoli_Burbank_91504,Via Napoli,7717 N Via Napoli Los Angeles 91504,,,,
209275,384618,,2401043006.0,,7755.0,,,North,Via,,Sorrento,,,,,,,,,,,,,,91504.0,,Los Angeles,Burbank,,,,,LA City,{FF841807-7295-4E4F-AC9F-707BF97F5AD5},0,,FF841807-7295-4E4F-AC9F-707BF97F5AD5,Unknown,,N,,Via,,N Via Sorrento,2023/09/12 23:03:18+00,7755 N Via Sorrento Burbank 91504,FF841807-7295-4E4F-AC9F-707BF97F5AD5_7755_N_Via_Sorrento_Burbank_91504,Via Sorrento,7755 N Via Sorrento Los Angeles 91504,,,,
209276,384619,,2401043006.0,,7722.0,,,North,Via,,Napoli,,,,,,,,,,,,,,91504.0,,Los Angeles,Burbank,,,,,LA City,{2937BE75-4E3B-499C-9561-4BE0C301A2C3},0,,2937BE75-4E3B-499C-9561-4BE0C301A2C3,Unknown,,N,,Via,,N Via Napoli,2023/09/12 23:03:18+00,7722 N Via Napoli Burbank 91504,2937BE75-4E3B-499C-9561-4BE0C301A2C3_7722_N_Via_Napoli_Burbank_91504,Via Napoli,7722 N Via Napoli Los Angeles 91504,,,,
209277,384620,,2401043006.0,,7757.0,,,North,Via,,Sorrento,,,,,,,,,,,,,,91504.0,,Los Angeles,Burbank,,,,,LA City,{561A3190-ACC0-464B-BABB-199E14B49BC2},0,,561A3190-ACC0-464B-BABB-199E14B49BC2,Unknown,,N,,Via,,N Via Sorrento,2023/09/12 23:03:18+00,7757 N Via Sorrento Burbank 91504,561A3190-ACC0-464B-BABB-199E14B49BC2_7757_N_Via_Sorrento_Burbank_91504,Via Sorrento,7757 N Via Sorrento Los Angeles 91504,,,,
209278,384621,,2401043006.0,,7724.0,,,North,Via,,Napoli,,,,,,,,,,,,,,91504.0,,Los Angeles,Burbank,,,,,LA City,{D1D10B64-513B-41DC-BF11-637FF8AA7326},0,,D1D10B64-513B-41DC-BF11-637FF8AA7326,Unknown,,N,,Via,,N Via Napoli,2023/09/12 23:03:18+00,7724 N Via Napoli Burbank 91504,D1D10B64-513B-41DC-BF11-637FF8AA7326_7724_N_Via_Napoli_Burbank_91504,Via Napoli,7724 N Via Napoli Los Angeles 91504,,,,
209279,384622,,2401043006.0,,7715.0,,,North,Via,,Sorrento,,,,,,,,,,,,,,91504.0,,Los Angeles,Burbank,,,,,LA City,{02D53239-A374-48A9-90A2-47966E53685E},0,,02D53239-A374-48A9-90A2-47966E53685E,Unknown,,N,,Via,,N Via Sorrento,2023/09/12 23:03:18+00,7715 N Via Sorrento Burbank 91504,02D53239-A374-48A9-90A2-47966E53685E_7715_N_Via_Sorrento_Burbank_91504,Via Sorrento,7715 N Via Sorrento Los Angeles 91504,,,,
209280,384623,,2401043006.0,,7712.0,,,North,Via,,Napoli,,,,,,,,,,,,,,91504.0,,Los Angeles,Burbank,,,,,LA City,{9E09EE97-3BBB-4E70-B9AF-3DB097F098F2},0,,9E09EE97-3BBB-4E70-B9AF-3DB097F098F2,Unknown,,N,,Via,,N Via Napoli,2023/09/12 23:03:18+00,7712 N Via Napoli Burbank 91504,9E09EE97-3BBB-4E70-B9AF-3DB097F098F2_7712_N_Via_Napoli_Burbank_91504,Via Napoli,7712 N Via Napoli Los Angeles 91504,,,,
209281,384624,,2401043006.0,,7753.0,,,North,Via,,Sorrento,,,,,,,,,,,,,,91504.0,,Los Angeles,Burbank,,,,,LA City,{E5AA238A-ED34-4AF7-B976-808A85A2204F},0,,E5AA238A-ED34-4AF7-B976-808A85A2204F,Unknown,,N,,Via,,N Via Sorrento,2023/09/12 23:03:18+00,7753 N Via Sorrento Burbank 91504,E5AA238A-ED34-4AF7-B976-808A85A2204F_7753_N_Via_Sorrento_Burbank_91504,Via Sorrento,7753 N Via Sorrento Los Angeles 91504,,,,
209282,384625,,2401043006.0,,7714.0,,,North,Via,,Sorrento,,,,,,,,,,,,,,91504.0,,Los Angeles,Burbank,,,,,LA City,{3B5038F1-CDBD-4C65-BE0E-D9A873E04631},0,,3B5038F1-CDBD-4C65-BE0E-D9A873E04631,Unknown,,N,,Via,,N Via Sorrento,2023/09/12 23:03:18+00,7714 N Via Sorrento Burbank 91504,3B5038F1-CDBD-4C65-BE0E-D9A873E04631_7714_N_Via_Sorrento_Burbank_91504,Via Sorrento,7714 N Via Sorrento Los Angeles 91504,,,,
209283,384626,,2401043006.0,,7763.0,,,North,Via,,Sorrento,,,,,,,,,,,,,,91504.0,,Los Angeles,Burbank,,,,,LA City,{4E612624-D5AB-4D41-9CB4-11E208B85865},0,,4E612624-D5AB-4D41-9CB4-11E208B85865,Unknown,,N,,Via,,N Via Sorrento,2023/09/12 23:03:18+00,7763 N Via Sorrento Burbank 91504,4E612624-D5AB-4D41-9CB4-11E208B85865_7763_N_Via_Sorrento_Burbank_91504,Via Sorrento,7763 N Via Sorrento Los Angeles 91504,,,,
209284,384627,,2401043006.0,,7706.0,,,North,Via,,Napoli,,,,,,,,,,,,,,91504.0,,Los Angeles,Burbank,,,,,LA City,{2FD55335-C521-481C-9761-8BE225751BDC},0,,2FD55335-C521-481C-9761-8BE225751BDC,Unknown,,N,,Via,,N Via Napoli,2023/09/12 23:03:18+00,7706 N Via Napoli Burbank 91504,2FD55335-C521-481C-9761-8BE225751BDC_7706_N_Via_Napoli_Burbank_91504,Via Napoli,7706 N Via Napoli Los Angeles 91504,,,,
209285,384628,,2401043022.0,,9642.0,,,West,Via,,Rimini,,,,,,,,,,,,,,91504.0,,Los Angeles,Burbank,,,,,LA City,{C11DC560-5938-4A08-9F83-21B262DA9704},0,,C11DC560-5938-4A08-9F83-21B262DA9704,Unknown,,W,,Via,,W Via Rimini,2023/09/12 23:03:18+00,9642 W Via Rimini Burbank 91504,C11DC560-5938-4A08-9F83-21B262DA9704_9642_W_Via_Rimini_Burbank_91504,Via Rimini,9642 W Via Rimini Los Angeles 91504,,,,
209286,384629,,2401043022.0,,9669.0,,,West,Via,,Torrino,,,,,,,,,,,,,,91504.0,,Los Angeles,Burbank,,,,,LA City,{ED6DE4F6-FBEE-4AFC-8A0A-9D38CC946A4D},0,,ED6DE4F6-FBEE-4AFC-8A0A-9D38CC946A4D,Unknown,,W,,Via,,W Via Torrino,2023/09/12 23:03:18+00,9669 W Via Torrino Burbank 91504,ED6DE4F6-FBEE-4AFC-8A0A-9D38CC946A4D_9669_W_Via_Torrino_Burbank_91504,Via Torrino,9669 W Via Torrino Los Angeles 91504,,,,
209287,384630,,2401043022.0,,9674.0,,,West,Via,,Torrino,,,,,,,,,,,,,,91504.0,,Los Angeles,Burbank,,,,,LA City,{8300F13B-AEE8-4E49-8066-1754DFB8F24B},0,,8300F13B-AEE8-4E49-8066-1754DFB8F24B,Unknown,,W,,Via,,W Via Torrino,2023/09/12 23:03:18+00,9674 W Via Torrino Burbank 91504,8300F13B-AEE8-4E49-8066-1754DFB8F24B_9674_W_Via_Torrino_Burbank_91504,Via Torrino,9674 W Via Torrino Los Angeles 91504,,,,
209288,384631,,2401043022.0,,9637.0,,,West,Via,,Torrino,,,,,,,,,,,,,,91504.0,,Los Angeles,Burbank,,,,,LA City,{8A98B230-B5EA-4A77-909B-FF8A44976552},0,,8A98B230-B5EA-4A77-909B-FF8A44976552,Unknown,,W,,Via,,W Via Torrino,2023/09/12 23:03:18+00,9637 W Via Torrino Burbank 91504,8A98B230-B5EA-4A77-909B-FF8A44976552_9637_W_Via_Torrino_Burbank_91504,Via Torrino,9637 W Via Torrino Los Angeles 91504,,,,
209289,384632,,2401043022.0,,9684.0,,,West,Via,,Torrino,,,,,,,,,,,,,,91504.0,,Los Angeles,Burbank,,,,,LA City,{0AE39B1A-8B38-4AD1-80F3-E4F0209FE6AF},0,,0AE39B1A-8B38-4AD1-80F3-E4F0209FE6AF,Unknown,,W,,Via,,W Via Torrino,2023/09/12 23:03:18+00,9684 W Via Torrino Burbank 91504,0AE39B1A-8B38-4AD1-80F3-E4F0209FE6AF_9684_W_Via_Torrino_Burbank_91504,Via Torrino,9684 W Via Torrino Los Angeles 91504,,,,
209290,384633,,2401043022.0,,9678.0,,,West,Via,,Torrino,,,,,,,,,,,,,,91504.0,,Los Angeles,Burbank,,,,,LA City,{28A2BC5E-2DD3-48AB-8F2E-DA15C1F5B919},0,,28A2BC5E-2DD3-48AB-8F2E-DA15C1F5B919,Unknown,,W,,Via,,W Via Torrino,2023/09/12 23:03:18+00,9678 W Via Torrino Burbank 91504,28A2BC5E-2DD3-48AB-8F2E-DA15C1F5B919_9678_W_Via_Torrino_Burbank_91504,Via Torrino,9678 W Via Torrino Los Angeles 91504,,,,
209291,384634,,2401043022.0,,9679.0,,,West,Via,,Torrino,,,,,,,,,,,,,,91504.0,,Los Angeles,Burbank,,,,,LA City,{E8D64CB3-6A55-4D62-8E1B-C0B4C473FF35},0,,E8D64CB3-6A55-4D62-8E1B-C0B4C473FF35,Unknown,,W,,Via,,W Via Torrino,2023/09/12 23:03:18+00,9679 W Via Torrino Burbank 91504,E8D64CB3-6A55-4D62-8E1B-C0B4C473FF35_9679_W_Via_Torrino_Burbank_91504,Via Torrino,9679 W Via Torrino Los Angeles 91504,,,,
209292,384635,,2401043022.0,,9662.0,,,West,Via,,Torrino,,,,,,,,,,,,,,91504.0,,Los Angeles,Burbank,,,,,LA City,{6A46090F-A53B-46BA-AA92-B88E9B0ACD50},0,,6A46090F-A53B-46BA-AA92-B88E9B0ACD50,Unknown,,W,,Via,,W Via Torrino,2023/09/12 23:03:18+00,9662 W Via Torrino Burbank 91504,6A46090F-A53B-46BA-AA92-B88E9B0ACD50_9662_W_Via_Torrino_Burbank_91504,Via Torrino,9662 W Via Torrino Los Angeles 91504,,,,
209293,384636,,2401043022.0,,9651.0,,,West,Via,,Torrino,,,,,,,,,,,,,,91504.0,,Los Angeles,Burbank,,,,,LA City,{E02EE1D9-6B22-45B8-B6C4-2D05198F7B90},0,,E02EE1D9-6B22-45B8-B6C4-2D05198F7B90,Unknown,,W,,Via,,W Via Torrino,2023/09/12 23:03:18+00,9651 W Via Torrino Burbank 91504,E02EE1D9-6B22-45B8-B6C4-2D05198F7B90_9651_W_Via_Torrino_Burbank_91504,Via Torrino,9651 W Via Torrino Los Angeles 91504,,,,
209294,384637,,2401043022.0,,9672.0,,,West,Via,,Torrino,,,,,,,,,,,,,,91504.0,,Los Angeles,Burbank,,,,,LA City,{983F3C41-5926-418C-85B8-071467C1F41E},0,,983F3C41-5926-418C-85B8-071467C1F41E,Unknown,,W,,Via,,W Via Torrino,2023/09/12 23:03:18+00,9672 W Via Torrino Burbank 91504,983F3C41-5926-418C-85B8-071467C1F41E_9672_W_Via_Torrino_Burbank_91504,Via Torrino,9672 W Via Torrino Los Angeles 91504,,,,
209295,384638,,2401043022.0,,9695.0,,,West,Via,,Torrino,,,,,,,,,,,,,,91504.0,,Los Angeles,Burbank,,,,,LA City,{05ECA077-7248-49EA-AD87-804B33DC22FC},0,,05ECA077-7248-49EA-AD87-804B33DC22FC,Unknown,,W,,Via,,W Via Torrino,2023/09/12 23:03:18+00,9695 W Via Torrino Burbank 91504,05ECA077-7248-49EA-AD87-804B33DC22FC_9695_W_Via_Torrino_Burbank_91504,Via Torrino,9695 W Via Torrino Los Angeles 91504,,,,
209296,384639,,2401043022.0,,9636.0,,,West,Via,,Rimini,,,,,,,,,,,,,,91504.0,,Los Angeles,Burbank,,,,,LA City,{E6A6FEFF-2D89-4BED-B506-D98D9848B92D},0,,E6A6FEFF-2D89-4BED-B506-D98D9848B92D,Unknown,,W,,Via,,W Via Rimini,2023/09/12 23:03:18+00,9636 W Via Rimini Burbank 91504,E6A6FEFF-2D89-4BED-B506-D98D9848B92D_9636_W_Via_Rimini_Burbank_91504,Via Rimini,9636 W Via Rimini Los Angeles 91504,,,,
209297,384640,,2401043022.0,,9660.0,,,West,Via,,Torrino,,,,,,,,,,,,,,91504.0,,Los Angeles,Burbank,,,,,LA City,{DDBC03AF-D0A0-4114-BED9-DB186B84D7C3},0,,DDBC03AF-D0A0-4114-BED9-DB186B84D7C3,Unknown,,W,,Via,,W Via Torrino,2023/09/12 23:03:18+00,9660 W Via Torrino Burbank 91504,DDBC03AF-D0A0-4114-BED9-DB186B84D7C3_9660_W_Via_Torrino_Burbank_91504,Via Torrino,9660 W Via Torrino Los Angeles 91504,,,,
209298,384641,,2401043022.0,,9634.0,,,West,Via,,Torrino,,,,,,,,,,,,,,91504.0,,Los Angeles,Burbank,,,,,LA City,{C4A926AB-240C-4D4D-8DC7-C29E77116271},0,,C4A926AB-240C-4D4D-8DC7-C29E77116271,Unknown,,W,,Via,,W Via Torrino,2023/09/12 23:03:18+00,9634 W Via Torrino Burbank 91504,C4A926AB-240C-4D4D-8DC7-C29E77116271_9634_W_Via_Torrino_Burbank_91504,Via Torrino,9634 W Via Torrino Los Angeles 91504,,,,
209299,384642,,2401043022.0,,9691.0,,,West,Via,,Torrino,,,,,,,,,,,,,,91504.0,,Los Angeles,Burbank,,,,,LA City,{512DC98A-A286-4D7C-BA17-108CFB1732E2},0,,512DC98A-A286-4D7C-BA17-108CFB1732E2,Unknown,,W,,Via,,W Via Torrino,2023/09/12 23:03:18+00,9691 W Via Torrino Burbank 91504,512DC98A-A286-4D7C-BA17-108CFB1732E2_9691_W_Via_Torrino_Burbank_91504,Via Torrino,9691 W Via Torrino Los Angeles 91504,,,,
209300,384643,,2401043022.0,,9690.0,,,West,Via,,Torrino,,,,,,,,,,,,,,91504.0,,Los Angeles,Burbank,,,,,LA City,{95A13541-4FD6-44EF-B329-3AAAA56FD450},0,,95A13541-4FD6-44EF-B329-3AAAA56FD450,Unknown,,W,,Via,,W Via Torrino,2023/09/12 23:03:18+00,9690 W Via Torrino Burbank 91504,95A13541-4FD6-44EF-B329-3AAAA56FD450_9690_W_Via_Torrino_Burbank_91504,Via Torrino,9690 W Via Torrino Los Angeles 91504,,,,
209301,384644,,2401043022.0,,9682.0,,,West,Via,,Torrino,,,,,,,,,,,,,,91504.0,,Los Angeles,Burbank,,,,,LA City,{3A954196-7579-4145-9E31-8D6296D3943D},0,,3A954196-7579-4145-9E31-8D6296D3943D,Unknown,,W,,Via,,W Via Torrino,2023/09/12 23:03:18+00,9682 W Via Torrino Burbank 91504,3A954196-7579-4145-9E31-8D6296D3943D_9682_W_Via_Torrino_Burbank_91504,Via Torrino,9682 W Via Torrino Los Angeles 91504,,,,
209302,384645,,2401043022.0,,9646.0,,,West,Via,,Torrino,,,,,,,,,,,,,,91504.0,,Los Angeles,Burbank,,,,,LA City,{E4272E24-ABA6-427B-A315-18E9F7942964},0,,E4272E24-ABA6-427B-A315-18E9F7942964,Unknown,,W,,Via,,W Via Torrino,2023/09/12 23:03:18+00,9646 W Via Torrino Burbank 91504,E4272E24-ABA6-427B-A315-18E9F7942964_9646_W_Via_Torrino_Burbank_91504,Via Torrino,9646 W Via Torrino Los Angeles 91504,,,,
209303,384646,,2401043022.0,,9647.0,,,West,Via,,Torrino,,,,,,,,,,,,,,91504.0,,Los Angeles,Burbank,,,,,LA City,{5A15F25E-A115-46EB-B2E8-8D23009B05A7},0,,5A15F25E-A115-46EB-B2E8-8D23009B05A7,Unknown,,W,,Via,,W Via Torrino,2023/09/12 23:03:18+00,9647 W Via Torrino Burbank 91504,5A15F25E-A115-46EB-B2E8-8D23009B05A7_9647_W_Via_Torrino_Burbank_91504,Via Torrino,9647 W Via Torrino Los Angeles 91504,,,,
209304,384647,,2401043022.0,,9636.0,,,West,Via,,Torrino,,,,,,,,,,,,,,91504.0,,Los Angeles,Burbank,,,,,LA City,{A65CB232-953A-4199-99F0-D733F91904DD},0,,A65CB232-953A-4199-99F0-D733F91904DD,Unknown,,W,,Via,,W Via Torrino,2023/09/12 23:03:18+00,9636 W Via Torrino Burbank 91504,A65CB232-953A-4199-99F0-D733F91904DD_9636_W_Via_Torrino_Burbank_91504,Via Torrino,9636 W Via Torrino Los Angeles 91504,,,,
209305,384648,,2401043022.0,,9650.0,,,West,Via,,Torrino,,,,,,,,,,,,,,91504.0,,Los Angeles,Burbank,,,,,LA City,{9E63157B-0754-409B-9CD5-ABF8D61BA73A},0,,9E63157B-0754-409B-9CD5-ABF8D61BA73A,Unknown,,W,,Via,,W Via Torrino,2023/09/12 23:03:18+00,9650 W Via Torrino Burbank 91504,9E63157B-0754-409B-9CD5-ABF8D61BA73A_9650_W_Via_Torrino_Burbank_91504,Via Torrino,9650 W Via Torrino Los Angeles 91504,,,,
209306,384649,,2401043022.0,,9686.0,,,West,Via,,Torrino,,,,,,,,,,,,,,91504.0,,Los Angeles,Burbank,,,,,LA City,{8F9A74B5-41B7-49C6-A66E-D9E6C95022D1},0,,8F9A74B5-41B7-49C6-A66E-D9E6C95022D1,Unknown,,W,,Via,,W Via Torrino,2023/09/12 23:03:18+00,9686 W Via Torrino Burbank 91504,8F9A74B5-41B7-49C6-A66E-D9E6C95022D1_9686_W_Via_Torrino_Burbank_91504,Via Torrino,9686 W Via Torrino Los Angeles 91504,,,,
209307,384650,,2401043022.0,,9640.0,,,West,Via,,Torrino,,,,,,,,,,,,,,91504.0,,Los Angeles,Burbank,,,,,LA City,{B281886F-C39E-4C66-8926-653A62419FBD},0,,B281886F-C39E-4C66-8926-653A62419FBD,Unknown,,W,,Via,,W Via Torrino,2023/09/12 23:03:18+00,9640 W Via Torrino Burbank 91504,B281886F-C39E-4C66-8926-653A62419FBD_9640_W_Via_Torrino_Burbank_91504,Via Torrino,9640 W Via Torrino Los Angeles 91504,,,,
209308,384651,,2401043022.0,,9638.0,,,West,Via,,Rimini,,,,,,,,,,,,,,91504.0,,Los Angeles,Burbank,,,,,LA City,{88F5F2AB-F362-410D-9234-683DDD4D9318},0,,88F5F2AB-F362-410D-9234-683DDD4D9318,Unknown,,W,,Via,,W Via Rimini,2023/09/12 23:03:18+00,9638 W Via Rimini Burbank 91504,88F5F2AB-F362-410D-9234-683DDD4D9318_9638_W_Via_Rimini_Burbank_91504,Via Rimini,9638 W Via Rimini Los Angeles 91504,,,,
209309,384652,,2401043022.0,,9638.0,,,West,Via,,Torrino,,,,,,,,,,,,,,91504.0,,Los Angeles,Burbank,,,,,LA City,{DA606423-345F-4B08-A6DC-7C7C748FDF52},0,,DA606423-345F-4B08-A6DC-7C7C748FDF52,Unknown,,W,,Via,,W Via Torrino,2023/09/12 23:03:18+00,9638 W Via Torrino Burbank 91504,DA606423-345F-4B08-A6DC-7C7C748FDF52_9638_W_Via_Torrino_Burbank_91504,Via Torrino,9638 W Via Torrino Los Angeles 91504,,,,
209310,384653,,2401043022.0,,9643.0,,,West,Via,,Torrino,,,,,,,,,,,,,,91504.0,,Los Angeles,Burbank,,,,,LA City,{0CAE278E-06A9-4CBB-A4F8-17B18BC10D77},0,,0CAE278E-06A9-4CBB-A4F8-17B18BC10D77,Unknown,,W,,Via,,W Via Torrino,2023/09/12 23:03:18+00,9643 W Via Torrino Burbank 91504,0CAE278E-06A9-4CBB-A4F8-17B18BC10D77_9643_W_Via_Torrino_Burbank_91504,Via Torrino,9643 W Via Torrino Los Angeles 91504,,,,
209311,384654,,2401043022.0,,9640.0,,,West,Via,,Rimini,,,,,,,,,,,,,,91504.0,,Los Angeles,Burbank,,,,,LA City,{BD970892-6344-416C-AE43-4537CF042354},0,,BD970892-6344-416C-AE43-4537CF042354,Unknown,,W,,Via,,W Via Rimini,2023/09/12 23:03:18+00,9640 W Via Rimini Burbank 91504,BD970892-6344-416C-AE43-4537CF042354_9640_W_Via_Rimini_Burbank_91504,Via Rimini,9640 W Via Rimini Los Angeles 91504,,,,
209312,384655,,2401043022.0,,9692.0,,,West,Via,,Torrino,,,,,,,,,,,,,,91504.0,,Los Angeles,Burbank,,,,,LA City,{F40A5F86-AC5A-49F3-9642-EC65A856C321},0,,F40A5F86-AC5A-49F3-9642-EC65A856C321,Unknown,,W,,Via,,W Via Torrino,2023/09/12 23:03:18+00,9692 W Via Torrino Burbank 91504,F40A5F86-AC5A-49F3-9642-EC65A856C321_9692_W_Via_Torrino_Burbank_91504,Via Torrino,9692 W Via Torrino Los Angeles 91504,,,,
209313,384656,,2401043022.0,,9645.0,,,West,Via,,Torrino,,,,,,,,,,,,,,91504.0,,Los Angeles,Burbank,,,,,LA City,{7A3EA7B8-591D-49D7-96B6-CD1DDCBF8CF8},0,,7A3EA7B8-591D-49D7-96B6-CD1DDCBF8CF8,Unknown,,W,,Via,,W Via Torrino,2023/09/12 23:03:18+00,9645 W Via Torrino Burbank 91504,7A3EA7B8-591D-49D7-96B6-CD1DDCBF8CF8_9645_W_Via_Torrino_Burbank_91504,Via Torrino,9645 W Via Torrino Los Angeles 91504,,,,
209314,384657,,2401043022.0,,9645.0,,,West,Via,,Rimini,,,,,,,,,,,,,,91504.0,,Los Angeles,Burbank,,,,,LA City,{324085E9-FF5F-4283-9D61-C318E018A33C},0,,324085E9-FF5F-4283-9D61-C318E018A33C,Unknown,,W,,Via,,W Via Rimini,2023/09/12 23:03:18+00,9645 W Via Rimini Burbank 91504,324085E9-FF5F-4283-9D61-C318E018A33C_9645_W_Via_Rimini_Burbank_91504,Via Rimini,9645 W Via Rimini Los Angeles 91504,,,,
209315,384658,,2401043022.0,,9664.0,,,West,Via,,Torrino,,,,,,,,,,,,,,91504.0,,Los Angeles,Burbank,,,,,LA City,{C2B00B30-2CF2-4D8E-AD72-D5131CBDFE41},0,,C2B00B30-2CF2-4D8E-AD72-D5131CBDFE41,Unknown,,W,,Via,,W Via Torrino,2023/09/12 23:03:18+00,9664 W Via Torrino Burbank 91504,C2B00B30-2CF2-4D8E-AD72-D5131CBDFE41_9664_W_Via_Torrino_Burbank_91504,Via Torrino,9664 W Via Torrino Los Angeles 91504,,,,
209316,384659,,2401043022.0,,9681.0,,,West,Via,,Torrino,,,,,,,,,,,,,,91504.0,,Los Angeles,Burbank,,,,,LA City,{467010DB-2146-4CA2-B7AF-78EC580A041E},0,,467010DB-2146-4CA2-B7AF-78EC580A041E,Unknown,,W,,Via,,W Via Torrino,2023/09/12 23:03:18+00,9681 W Via Torrino Burbank 91504,467010DB-2146-4CA2-B7AF-78EC580A041E_9681_W_Via_Torrino_Burbank_91504,Via Torrino,9681 W Via Torrino Los Angeles 91504,,,,
209317,384660,,2401043022.0,,9648.0,,,West,Via,,Rimini,,,,,,,,,,,,,,91504.0,,Los Angeles,Burbank,,,,,LA City,{01152ED7-CFEE-4F5C-B311-3C3F08C67625},0,,01152ED7-CFEE-4F5C-B311-3C3F08C67625,Unknown,,W,,Via,,W Via Rimini,2023/09/12 23:03:18+00,9648 W Via Rimini Burbank 91504,01152ED7-CFEE-4F5C-B311-3C3F08C67625_9648_W_Via_Rimini_Burbank_91504,Via Rimini,9648 W Via Rimini Los Angeles 91504,,,,
209318,384661,,2401043022.0,,9635.0,,,West,Via,,Torrino,,,,,,,,,,,,,,91504.0,,Los Angeles,Burbank,,,,,LA City,{CE999839-EE80-4979-AEA7-2ECC9A5EDFB7},0,,CE999839-EE80-4979-AEA7-2ECC9A5EDFB7,Unknown,,W,,Via,,W Via Torrino,2023/09/12 23:03:18+00,9635 W Via Torrino Burbank 91504,CE999839-EE80-4979-AEA7-2ECC9A5EDFB7_9635_W_Via_Torrino_Burbank_91504,Via Torrino,9635 W Via Torrino Los Angeles 91504,,,,
209319,384662,,2401043022.0,,9671.0,,,West,Via,,Torrino,,,,,,,,,,,,,,91504.0,,Los Angeles,Burbank,,,,,LA City,{58C4A38D-ABBD-42E7-8958-5D090275D6CF},0,,58C4A38D-ABBD-42E7-8958-5D090275D6CF,Unknown,,W,,Via,,W Via Torrino,2023/09/12 23:03:18+00,9671 W Via Torrino Burbank 91504,58C4A38D-ABBD-42E7-8958-5D090275D6CF_9671_W_Via_Torrino_Burbank_91504,Via Torrino,9671 W Via Torrino Los Angeles 91504,,,,
209320,384663,,2401043022.0,,9697.0,,,West,Via,,Torrino,,,,,,,,,,,,,,91504.0,,Los Angeles,Burbank,,,,,LA City,{00E03D25-D63C-442E-9F72-2621A881A68B},0,,00E03D25-D63C-442E-9F72-2621A881A68B,Unknown,,W,,Via,,W Via Torrino,2023/09/12 23:03:18+00,9697 W Via Torrino Burbank 91504,00E03D25-D63C-442E-9F72-2621A881A68B_9697_W_Via_Torrino_Burbank_91504,Via Torrino,9697 W Via Torrino Los Angeles 91504,,,,
209321,384664,,2401043022.0,,9641.0,,,West,Via,,Torrino,,,,,,,,,,,,,,91504.0,,Los Angeles,Burbank,,,,,LA City,{DBC03349-D16E-450B-BF0F-14A10CC8D567},0,,DBC03349-D16E-450B-BF0F-14A10CC8D567,Unknown,,W,,Via,,W Via Torrino,2023/09/12 23:03:18+00,9641 W Via Torrino Burbank 91504,DBC03349-D16E-450B-BF0F-14A10CC8D567_9641_W_Via_Torrino_Burbank_91504,Via Torrino,9641 W Via Torrino Los Angeles 91504,,,,
209322,384665,,2401043022.0,,9650.0,,,West,Via,,Rimini,,,,,,,,,,,,,,91504.0,,Los Angeles,Burbank,,,,,LA City,{2DACE3D6-C852-4CB8-BABE-7B7BFCF2AF60},0,,2DACE3D6-C852-4CB8-BABE-7B7BFCF2AF60,Unknown,,W,,Via,,W Via Rimini,2023/09/12 23:03:18+00,9650 W Via Rimini Burbank 91504,2DACE3D6-C852-4CB8-BABE-7B7BFCF2AF60_9650_W_Via_Rimini_Burbank_91504,Via Rimini,9650 W Via Rimini Los Angeles 91504,,,,
209323,384666,,2401043022.0,,9637.0,,,West,Via,,Rimini,,,,,,,,,,,,,,91504.0,,Los Angeles,Burbank,,,,,LA City,{AC5F5A4C-A188-4EC5-B8DF-74F786A4F6C7},0,,AC5F5A4C-A188-4EC5-B8DF-74F786A4F6C7,Unknown,,W,,Via,,W Via Rimini,2023/09/12 23:03:18+00,9637 W Via Rimini Burbank 91504,AC5F5A4C-A188-4EC5-B8DF-74F786A4F6C7_9637_W_Via_Rimini_Burbank_91504,Via Rimini,9637 W Via Rimini Los Angeles 91504,,,,
209324,384667,,2401043022.0,,9656.0,,,West,Via,,Torrino,,,,,,,,,,,,,,91504.0,,Los Angeles,Burbank,,,,,LA City,{514E8339-8E30-4343-9C3F-79ACF873CDAD},0,,514E8339-8E30-4343-9C3F-79ACF873CDAD,Unknown,,W,,Via,,W Via Torrino,2023/09/12 23:03:18+00,9656 W Via Torrino Burbank 91504,514E8339-8E30-4343-9C3F-79ACF873CDAD_9656_W_Via_Torrino_Burbank_91504,Via Torrino,9656 W Via Torrino Los Angeles 91504,,,,
209325,384668,,2401043022.0,,9689.0,,,West,Via,,Torrino,,,,,,,,,,,,,,91504.0,,Los Angeles,Burbank,,,,,LA City,{CC06E892-C606-4FE6-9F5F-0E1BB4F2451F},0,,CC06E892-C606-4FE6-9F5F-0E1BB4F2451F,Unknown,,W,,Via,,W Via Torrino,2023/09/12 23:03:18+00,9689 W Via Torrino Burbank 91504,CC06E892-C606-4FE6-9F5F-0E1BB4F2451F_9689_W_Via_Torrino_Burbank_91504,Via Torrino,9689 W Via Torrino Los Angeles 91504,,,,
209326,384669,,2401043022.0,,9648.0,,,West,Via,,Torrino,,,,,,,,,,,,,,91504.0,,Los Angeles,Burbank,,,,,LA City,{63D7CFDF-CC0E-4012-A517-1A465141C23A},0,,63D7CFDF-CC0E-4012-A517-1A465141C23A,Unknown,,W,,Via,,W Via Torrino,2023/09/12 23:03:18+00,9648 W Via Torrino Burbank 91504,63D7CFDF-CC0E-4012-A517-1A465141C23A_9648_W_Via_Torrino_Burbank_91504,Via Torrino,9648 W Via Torrino Los Angeles 91504,,,,
209327,384670,,2401043022.0,,9646.0,,,West,Via,,Rimini,,,,,,,,,,,,,,91504.0,,Los Angeles,Burbank,,,,,LA City,{55DA256C-6CC2-461E-A49A-DE179435CC43},0,,55DA256C-6CC2-461E-A49A-DE179435CC43,Unknown,,W,,Via,,W Via Rimini,2023/09/12 23:03:18+00,9646 W Via Rimini Burbank 91504,55DA256C-6CC2-461E-A49A-DE179435CC43_9646_W_Via_Rimini_Burbank_91504,Via Rimini,9646 W Via Rimini Los Angeles 91504,,,,
209328,384671,,2401043022.0,,9673.0,,,West,Via,,Torrino,,,,,,,,,,,,,,91504.0,,Los Angeles,Burbank,,,,,LA City,{BF4CB180-D499-4C94-B238-178720539A43},0,,BF4CB180-D499-4C94-B238-178720539A43,Unknown,,W,,Via,,W Via Torrino,2023/09/12 23:03:18+00,9673 W Via Torrino Burbank 91504,BF4CB180-D499-4C94-B238-178720539A43_9673_W_Via_Torrino_Burbank_91504,Via Torrino,9673 W Via Torrino Los Angeles 91504,,,,
209329,384672,,2401043022.0,,9639.0,,,West,Via,,Rimini,,,,,,,,,,,,,,91504.0,,Los Angeles,Burbank,,,,,LA City,{41A8128A-6CC0-4C5F-9A1B-B524175C1AC5},0,,41A8128A-6CC0-4C5F-9A1B-B524175C1AC5,Unknown,,W,,Via,,W Via Rimini,2023/09/12 23:03:18+00,9639 W Via Rimini Burbank 91504,41A8128A-6CC0-4C5F-9A1B-B524175C1AC5_9639_W_Via_Rimini_Burbank_91504,Via Rimini,9639 W Via Rimini Los Angeles 91504,,,,
209330,384673,,2401043022.0,,9655.0,,,West,Via,,Torrino,,,,,,,,,,,,,,91504.0,,Los Angeles,Burbank,,,,,LA City,{B92CF81A-64E1-4196-ADB2-5664F34707F1},0,,B92CF81A-64E1-4196-ADB2-5664F34707F1,Unknown,,W,,Via,,W Via Torrino,2023/09/12 23:03:18+00,9655 W Via Torrino Burbank 91504,B92CF81A-64E1-4196-ADB2-5664F34707F1_9655_W_Via_Torrino_Burbank_91504,Via Torrino,9655 W Via Torrino Los Angeles 91504,,,,
209331,384674,,2401043022.0,,9699.0,,,West,Via,,Torrino,,,,,,,,,,,,,,91504.0,,Los Angeles,Burbank,,,,,LA City,{D5981DC0-EADB-4F86-9B7B-A4CC81FA6117},0,,D5981DC0-EADB-4F86-9B7B-A4CC81FA6117,Unknown,,W,,Via,,W Via Torrino,2023/09/12 23:03:18+00,9699 W Via Torrino Burbank 91504,D5981DC0-EADB-4F86-9B7B-A4CC81FA6117_9699_W_Via_Torrino_Burbank_91504,Via Torrino,9699 W Via Torrino Los Angeles 91504,,,,
209332,384675,,2401043022.0,,9642.0,,,West,Via,,Torrino,,,,,,,,,,,,,,91504.0,,Los Angeles,Burbank,,,,,LA City,{CC57C235-652B-4897-A781-F18C85951614},0,,CC57C235-652B-4897-A781-F18C85951614,Unknown,,W,,Via,,W Via Torrino,2023/09/12 23:03:18+00,9642 W Via Torrino Burbank 91504,CC57C235-652B-4897-A781-F18C85951614_9642_W_Via_Torrino_Burbank_91504,Via Torrino,9642 W Via Torrino Los Angeles 91504,,,,
209333,384676,,2401043022.0,,9647.0,,,West,Via,,Rimini,,,,,,,,,,,,,,91504.0,,Los Angeles,Burbank,,,,,LA City,{7485B284-CE44-4FA0-BF3A-B7CF663B538C},0,,7485B284-CE44-4FA0-BF3A-B7CF663B538C,Unknown,,W,,Via,,W Via Rimini,2023/09/12 23:03:18+00,9647 W Via Rimini Burbank 91504,7485B284-CE44-4FA0-BF3A-B7CF663B538C_9647_W_Via_Rimini_Burbank_91504,Via Rimini,9647 W Via Rimini Los Angeles 91504,,,,
209334,384677,,2401043022.0,,9658.0,,,West,Via,,Torrino,,,,,,,,,,,,,,91504.0,,Los Angeles,Burbank,,,,,LA City,{2E3A0EBD-A7F6-43B8-82E6-48C599E2B059},0,,2E3A0EBD-A7F6-43B8-82E6-48C599E2B059,Unknown,,W,,Via,,W Via Torrino,2023/09/12 23:03:18+00,9658 W Via Torrino Burbank 91504,2E3A0EBD-A7F6-43B8-82E6-48C599E2B059_9658_W_Via_Torrino_Burbank_91504,Via Torrino,9658 W Via Torrino Los Angeles 91504,,,,
209335,384678,,2401043022.0,,9688.0,,,West,Via,,Torrino,,,,,,,,,,,,,,91504.0,,Los Angeles,Burbank,,,,,LA City,{41BBEC69-CACE-45DD-8F5F-DF52AE78DE10},0,,41BBEC69-CACE-45DD-8F5F-DF52AE78DE10,Unknown,,W,,Via,,W Via Torrino,2023/09/12 23:03:18+00,9688 W Via Torrino Burbank 91504,41BBEC69-CACE-45DD-8F5F-DF52AE78DE10_9688_W_Via_Torrino_Burbank_91504,Via Torrino,9688 W Via Torrino Los Angeles 91504,,,,
209336,384679,,2401043022.0,,9661.0,,,West,Via,,Torrino,,,,,,,,,,,,,,91504.0,,Los Angeles,Burbank,,,,,LA City,{2615746B-5B2C-4246-BF6F-F6F4D47FD7BB},0,,2615746B-5B2C-4246-BF6F-F6F4D47FD7BB,Unknown,,W,,Via,,W Via Torrino,2023/09/12 23:03:18+00,9661 W Via Torrino Burbank 91504,2615746B-5B2C-4246-BF6F-F6F4D47FD7BB_9661_W_Via_Torrino_Burbank_91504,Via Torrino,9661 W Via Torrino Los Angeles 91504,,,,
209337,384680,,2401043022.0,,9693.0,,,West,Via,,Torrino,,,,,,,,,,,,,,91504.0,,Los Angeles,Burbank,,,,,LA City,{98504D37-A234-42B9-8211-724E5C86A749},0,,98504D37-A234-42B9-8211-724E5C86A749,Unknown,,W,,Via,,W Via Torrino,2023/09/12 23:03:18+00,9693 W Via Torrino Burbank 91504,98504D37-A234-42B9-8211-724E5C86A749_9693_W_Via_Torrino_Burbank_91504,Via Torrino,9693 W Via Torrino Los Angeles 91504,,,,
209338,384681,,2401043022.0,,9653.0,,,West,Via,,Torrino,,,,,,,,,,,,,,91504.0,,Los Angeles,Burbank,,,,,LA City,{EB39FC51-C01B-4796-BBCD-3E119318B937},0,,EB39FC51-C01B-4796-BBCD-3E119318B937,Unknown,,W,,Via,,W Via Torrino,2023/09/12 23:03:18+00,9653 W Via Torrino Burbank 91504,EB39FC51-C01B-4796-BBCD-3E119318B937_9653_W_Via_Torrino_Burbank_91504,Via Torrino,9653 W Via Torrino Los Angeles 91504,,,,
209339,384682,,2401043022.0,,9663.0,,,West,Via,,Torrino,,,,,,,,,,,,,,91504.0,,Los Angeles,Burbank,,,,,LA City,{4A97E99C-C8D3-4F9B-9FB9-C3808F5FCFD9},0,,4A97E99C-C8D3-4F9B-9FB9-C3808F5FCFD9,Unknown,,W,,Via,,W Via Torrino,2023/09/12 23:03:18+00,9663 W Via Torrino Burbank 91504,4A97E99C-C8D3-4F9B-9FB9-C3808F5FCFD9_9663_W_Via_Torrino_Burbank_91504,Via Torrino,9663 W Via Torrino Los Angeles 91504,,,,
209340,384683,,2401043022.0,,9677.0,,,West,Via,,Torrino,,,,,,,,,,,,,,91504.0,,Los Angeles,Burbank,,,,,LA City,{A7312D30-03DB-45FA-B37C-ED0121508B6F},0,,A7312D30-03DB-45FA-B37C-ED0121508B6F,Unknown,,W,,Via,,W Via Torrino,2023/09/12 23:03:18+00,9677 W Via Torrino Burbank 91504,A7312D30-03DB-45FA-B37C-ED0121508B6F_9677_W_Via_Torrino_Burbank_91504,Via Torrino,9677 W Via Torrino Los Angeles 91504,,,,
209341,384684,,2401043022.0,,9649.0,,,West,Via,,Rimini,,,,,,,,,,,,,,91504.0,,Los Angeles,Burbank,,,,,LA City,{3B645E14-B005-4990-9232-F350B453688B},0,,3B645E14-B005-4990-9232-F350B453688B,Unknown,,W,,Via,,W Via Rimini,2023/09/12 23:03:18+00,9649 W Via Rimini Burbank 91504,3B645E14-B005-4990-9232-F350B453688B_9649_W_Via_Rimini_Burbank_91504,Via Rimini,9649 W Via Rimini Los Angeles 91504,,,,
209342,384685,,2401043022.0,,9644.0,,,West,Via,,Rimini,,,,,,,,,,,,,,91504.0,,Los Angeles,Burbank,,,,,LA City,{8E0417FD-9077-4489-8718-D211B4915E70},0,,8E0417FD-9077-4489-8718-D211B4915E70,Unknown,,W,,Via,,W Via Rimini,2023/09/12 23:03:18+00,9644 W Via Rimini Burbank 91504,8E0417FD-9077-4489-8718-D211B4915E70_9644_W_Via_Rimini_Burbank_91504,Via Rimini,9644 W Via Rimini Los Angeles 91504,,,,
209343,384686,,2401043022.0,,9641.0,,,West,Via,,Rimini,,,,,,,,,,,,,,91504.0,,Los Angeles,Burbank,,,,,LA City,{0C610B87-42A0-4979-966F-B84826681713},0,,0C610B87-42A0-4979-966F-B84826681713,Unknown,,W,,Via,,W Via Rimini,2023/09/12 23:03:18+00,9641 W Via Rimini Burbank 91504,0C610B87-42A0-4979-966F-B84826681713_9641_W_Via_Rimini_Burbank_91504,Via Rimini,9641 W Via Rimini Los Angeles 91504,,,,
209344,384687,,2401043022.0,,9687.0,,,West,Via,,Torrino,,,,,,,,,,,,,,91504.0,,Los Angeles,Burbank,,,,,LA City,{37AF640F-3141-421F-BC4C-9199752EC05C},0,,37AF640F-3141-421F-BC4C-9199752EC05C,Unknown,,W,,Via,,W Via Torrino,2023/09/12 23:03:18+00,9687 W Via Torrino Burbank 91504,37AF640F-3141-421F-BC4C-9199752EC05C_9687_W_Via_Torrino_Burbank_91504,Via Torrino,9687 W Via Torrino Los Angeles 91504,,,,
209345,384688,,2401043022.0,,9666.0,,,West,Via,,Torrino,,,,,,,,,,,,,,91504.0,,Los Angeles,Burbank,,,,,LA City,{F9E8BE4E-2FA7-414C-A1C2-0669C5D5412B},0,,F9E8BE4E-2FA7-414C-A1C2-0669C5D5412B,Unknown,,W,,Via,,W Via Torrino,2023/09/12 23:03:18+00,9666 W Via Torrino Burbank 91504,F9E8BE4E-2FA7-414C-A1C2-0669C5D5412B_9666_W_Via_Torrino_Burbank_91504,Via Torrino,9666 W Via Torrino Los Angeles 91504,,,,
209346,384689,,2401043022.0,,9634.0,,,West,Via,,Rimini,,,,,,,,,,,,,,91504.0,,Los Angeles,Burbank,,,,,LA City,{C1BB8190-5792-421B-A0A4-01C27F9C7C31},0,,C1BB8190-5792-421B-A0A4-01C27F9C7C31,Unknown,,W,,Via,,W Via Rimini,2023/09/12 23:03:18+00,9634 W Via Rimini Burbank 91504,C1BB8190-5792-421B-A0A4-01C27F9C7C31_9634_W_Via_Rimini_Burbank_91504,Via Rimini,9634 W Via Rimini Los Angeles 91504,,,,
209347,384690,,2401043022.0,,9639.0,,,West,Via,,Torrino,,,,,,,,,,,,,,91504.0,,Los Angeles,Burbank,,,,,LA City,{9050EF7E-45B4-4AB7-A0D2-BA08FF2140EE},0,,9050EF7E-45B4-4AB7-A0D2-BA08FF2140EE,Unknown,,W,,Via,,W Via Torrino,2023/09/12 23:03:18+00,9639 W Via Torrino Burbank 91504,9050EF7E-45B4-4AB7-A0D2-BA08FF2140EE_9639_W_Via_Torrino_Burbank_91504,Via Torrino,9639 W Via Torrino Los Angeles 91504,,,,
209348,384691,,2401043022.0,,9644.0,,,West,Via,,Torrino,,,,,,,,,,,,,,91504.0,,Los Angeles,Burbank,,,,,LA City,{33C57EF5-691C-4225-A95F-8D005B974721},0,,33C57EF5-691C-4225-A95F-8D005B974721,Unknown,,W,,Via,,W Via Torrino,2023/09/12 23:03:18+00,9644 W Via Torrino Burbank 91504,33C57EF5-691C-4225-A95F-8D005B974721_9644_W_Via_Torrino_Burbank_91504,Via Torrino,9644 W Via Torrino Los Angeles 91504,,,,
209349,384692,,2401043022.0,,9667.0,,,West,Via,,Torrino,,,,,,,,,,,,,,91504.0,,Los Angeles,Burbank,,,,,LA City,{F416846E-5598-4131-B721-C1A6589CB9EB},0,,F416846E-5598-4131-B721-C1A6589CB9EB,Unknown,,W,,Via,,W Via Torrino,2023/09/12 23:03:18+00,9667 W Via Torrino Burbank 91504,F416846E-5598-4131-B721-C1A6589CB9EB_9667_W_Via_Torrino_Burbank_91504,Via Torrino,9667 W Via Torrino Los Angeles 91504,,,,
209350,384693,,2401043022.0,,9685.0,,,West,Via,,Torrino,,,,,,,,,,,,,,91504.0,,Los Angeles,Burbank,,,,,LA City,{9494D262-436D-40BF-8DE4-1F79B9E20A94},0,,9494D262-436D-40BF-8DE4-1F79B9E20A94,Unknown,,W,,Via,,W Via Torrino,2023/09/12 23:03:18+00,9685 W Via Torrino Burbank 91504,9494D262-436D-40BF-8DE4-1F79B9E20A94_9685_W_Via_Torrino_Burbank_91504,Via Torrino,9685 W Via Torrino Los Angeles 91504,,,,
209351,384694,,2401043022.0,,9675.0,,,West,Via,,Torrino,,,,,,,,,,,,,,91504.0,,Los Angeles,Burbank,,,,,LA City,{4BF51A10-1A36-4143-87F3-BB7C20E60C77},0,,4BF51A10-1A36-4143-87F3-BB7C20E60C77,Unknown,,W,,Via,,W Via Torrino,2023/09/12 23:03:18+00,9675 W Via Torrino Burbank 91504,4BF51A10-1A36-4143-87F3-BB7C20E60C77_9675_W_Via_Torrino_Burbank_91504,Via Torrino,9675 W Via Torrino Los Angeles 91504,,,,
209352,384695,,2401043022.0,,9633.0,,,West,Via,,Rimini,,,,,,,,,,,,,,91504.0,,Los Angeles,Burbank,,,,,LA City,{13E51E68-B46D-4A81-8CD6-4A45F2F05FC8},0,,13E51E68-B46D-4A81-8CD6-4A45F2F05FC8,Unknown,,W,,Via,,W Via Rimini,2023/09/12 23:03:18+00,9633 W Via Rimini Burbank 91504,13E51E68-B46D-4A81-8CD6-4A45F2F05FC8_9633_W_Via_Rimini_Burbank_91504,Via Rimini,9633 W Via Rimini Los Angeles 91504,,,,
209353,384696,,2401043022.0,,9649.0,,,West,Via,,Torrino,,,,,,,,,,,,,,91504.0,,Los Angeles,Burbank,,,,,LA City,{D20AA414-B5CC-447F-B4B4-C6F402F943AF},0,,D20AA414-B5CC-447F-B4B4-C6F402F943AF,Unknown,,W,,Via,,W Via Torrino,2023/09/12 23:03:18+00,9649 W Via Torrino Burbank 91504,D20AA414-B5CC-447F-B4B4-C6F402F943AF_9649_W_Via_Torrino_Burbank_91504,Via Torrino,9649 W Via Torrino Los Angeles 91504,,,,
209354,384697,,2401043022.0,,9696.0,,,West,Via,,Torrino,,,,,,,,,,,,,,91504.0,,Los Angeles,Burbank,,,,,LA City,{E12FA189-1FAF-4CE2-86F5-8CFF30E68D6B},0,,E12FA189-1FAF-4CE2-86F5-8CFF30E68D6B,Unknown,,W,,Via,,W Via Torrino,2023/09/12 23:03:18+00,9696 W Via Torrino Burbank 91504,E12FA189-1FAF-4CE2-86F5-8CFF30E68D6B_9696_W_Via_Torrino_Burbank_91504,Via Torrino,9696 W Via Torrino Los Angeles 91504,,,,
209355,384698,,2401043022.0,,9668.0,,,West,Via,,Torrino,,,,,,,,,,,,,,91504.0,,Los Angeles,Burbank,,,,,LA City,{F2D0553A-2262-4DC8-90E4-8CF8C8797816},0,,F2D0553A-2262-4DC8-90E4-8CF8C8797816,Unknown,,W,,Via,,W Via Torrino,2023/09/12 23:03:18+00,9668 W Via Torrino Burbank 91504,F2D0553A-2262-4DC8-90E4-8CF8C8797816_9668_W_Via_Torrino_Burbank_91504,Via Torrino,9668 W Via Torrino Los Angeles 91504,,,,
209356,384699,,2401043022.0,,9651.0,,,West,Via,,Rimini,,,,,,,,,,,,,,91504.0,,Los Angeles,Burbank,,,,,LA City,{80A441A5-5461-46DD-961A-51B8A662E268},0,,80A441A5-5461-46DD-961A-51B8A662E268,Unknown,,W,,Via,,W Via Rimini,2023/09/12 23:03:18+00,9651 W Via Rimini Burbank 91504,80A441A5-5461-46DD-961A-51B8A662E268_9651_W_Via_Rimini_Burbank_91504,Via Rimini,9651 W Via Rimini Los Angeles 91504,,,,
209357,384700,,2401043022.0,,9665.0,,,West,Via,,Torrino,,,,,,,,,,,,,,91504.0,,Los Angeles,Burbank,,,,,LA City,{08B73991-6420-4724-A3F3-B8554D569459},0,,08B73991-6420-4724-A3F3-B8554D569459,Unknown,,W,,Via,,W Via Torrino,2023/09/12 23:03:18+00,9665 W Via Torrino Burbank 91504,08B73991-6420-4724-A3F3-B8554D569459_9665_W_Via_Torrino_Burbank_91504,Via Torrino,9665 W Via Torrino Los Angeles 91504,,,,
209358,384701,,2401043022.0,,9676.0,,,West,Via,,Torrino,,,,,,,,,,,,,,91504.0,,Los Angeles,Burbank,,,,,LA City,{7ECE53BC-91D0-421B-A21E-224D2E0E2E17},0,,7ECE53BC-91D0-421B-A21E-224D2E0E2E17,Unknown,,W,,Via,,W Via Torrino,2023/09/12 23:03:18+00,9676 W Via Torrino Burbank 91504,7ECE53BC-91D0-421B-A21E-224D2E0E2E17_9676_W_Via_Torrino_Burbank_91504,Via Torrino,9676 W Via Torrino Los Angeles 91504,,,,
209359,384702,,2401043022.0,,9694.0,,,West,Via,,Torrino,,,,,,,,,,,,,,91504.0,,Los Angeles,Burbank,,,,,LA City,{4E2456EF-EC2C-4CA9-B543-26B9B17821C4},0,,4E2456EF-EC2C-4CA9-B543-26B9B17821C4,Unknown,,W,,Via,,W Via Torrino,2023/09/12 23:03:18+00,9694 W Via Torrino Burbank 91504,4E2456EF-EC2C-4CA9-B543-26B9B17821C4_9694_W_Via_Torrino_Burbank_91504,Via Torrino,9694 W Via Torrino Los Angeles 91504,,,,
209360,384703,,2401043022.0,,9670.0,,,West,Via,,Torrino,,,,,,,,,,,,,,91504.0,,Los Angeles,Burbank,,,,,LA City,{D54EDDEF-C909-4C19-9C57-4BA7F5CCA8D0},0,,D54EDDEF-C909-4C19-9C57-4BA7F5CCA8D0,Unknown,,W,,Via,,W Via Torrino,2023/09/12 23:03:18+00,9670 W Via Torrino Burbank 91504,D54EDDEF-C909-4C19-9C57-4BA7F5CCA8D0_9670_W_Via_Torrino_Burbank_91504,Via Torrino,9670 W Via Torrino Los Angeles 91504,,,,
209361,384704,,2401043022.0,,9635.0,,,West,Via,,Rimini,,,,,,,,,,,,,,91504.0,,Los Angeles,Burbank,,,,,LA City,{BB4CAC1B-6BF1-4897-8540-8C4001D52966},0,,BB4CAC1B-6BF1-4897-8540-8C4001D52966,Unknown,,W,,Via,,W Via Rimini,2023/09/12 23:03:18+00,9635 W Via Rimini Burbank 91504,BB4CAC1B-6BF1-4897-8540-8C4001D52966_9635_W_Via_Rimini_Burbank_91504,Via Rimini,9635 W Via Rimini Los Angeles 91504,,,,
209362,384705,,2401043022.0,,9698.0,,,West,Via,,Torrino,,,,,,,,,,,,,,91504.0,,Los Angeles,Burbank,,,,,LA City,{004D59B9-A823-430D-BC76-AC49DB678E83},0,,004D59B9-A823-430D-BC76-AC49DB678E83,Unknown,,W,,Via,,W Via Torrino,2023/09/12 23:03:18+00,9698 W Via Torrino Burbank 91504,004D59B9-A823-430D-BC76-AC49DB678E83_9698_W_Via_Torrino_Burbank_91504,Via Torrino,9698 W Via Torrino Los Angeles 91504,,,,
209363,384706,,2401043022.0,,9657.0,,,West,Via,,Torrino,,,,,,,,,,,,,,91504.0,,Los Angeles,Burbank,,,,,LA City,{A1501179-41D1-4208-8CA9-6FC965FBA669},0,,A1501179-41D1-4208-8CA9-6FC965FBA669,Unknown,,W,,Via,,W Via Torrino,2023/09/12 23:03:18+00,9657 W Via Torrino Burbank 91504,A1501179-41D1-4208-8CA9-6FC965FBA669_9657_W_Via_Torrino_Burbank_91504,Via Torrino,9657 W Via Torrino Los Angeles 91504,,,,
209364,384707,,2401043022.0,,9659.0,,,West,Via,,Torrino,,,,,,,,,,,,,,91504.0,,Los Angeles,Burbank,,,,,LA City,{02A58B1D-58F9-4DE7-9D1D-2DFFB984063F},0,,02A58B1D-58F9-4DE7-9D1D-2DFFB984063F,Unknown,,W,,Via,,W Via Torrino,2023/09/12 23:03:18+00,9659 W Via Torrino Burbank 91504,02A58B1D-58F9-4DE7-9D1D-2DFFB984063F_9659_W_Via_Torrino_Burbank_91504,Via Torrino,9659 W Via Torrino Los Angeles 91504,,,,
209365,384708,,2401043022.0,,9683.0,,,West,Via,,Torrino,,,,,,,,,,,,,,91504.0,,Los Angeles,Burbank,,,,,LA City,{9AFDD0F0-8ABE-4008-8D37-F36728359EBC},0,,9AFDD0F0-8ABE-4008-8D37-F36728359EBC,Unknown,,W,,Via,,W Via Torrino,2023/09/12 23:03:18+00,9683 W Via Torrino Burbank 91504,9AFDD0F0-8ABE-4008-8D37-F36728359EBC_9683_W_Via_Torrino_Burbank_91504,Via Torrino,9683 W Via Torrino Los Angeles 91504,,,,
209366,384709,,2401043022.0,,9680.0,,,West,Via,,Torrino,,,,,,,,,,,,,,91504.0,,Los Angeles,Burbank,,,,,LA City,{C609ED8A-21E1-40CE-A368-581A74A8C146},0,,C609ED8A-21E1-40CE-A368-581A74A8C146,Unknown,,W,,Via,,W Via Torrino,2023/09/12 23:03:18+00,9680 W Via Torrino Burbank 91504,C609ED8A-21E1-40CE-A368-581A74A8C146_9680_W_Via_Torrino_Burbank_91504,Via Torrino,9680 W Via Torrino Los Angeles 91504,,,,
209367,384710,,2401044002.0,,9770.0,,,West,Via,,Nola,,,,,,,,,,,,,,91504.0,,Los Angeles,Burbank,,,,,LA City,{67E6641B-2015-4BAB-BF1A-6CCF8D4D5F6F},0,,67E6641B-2015-4BAB-BF1A-6CCF8D4D5F6F,Unknown,,W,,Via,,W Via Nola,2023/09/12 23:03:18+00,9770 W Via Nola Burbank 91504,67E6641B-2015-4BAB-BF1A-6CCF8D4D5F6F_9770_W_Via_Nola_Burbank_91504,Via Nola,9770 W Via Nola Los Angeles 91504,,,,
209368,384711,,2401044002.0,,9777.0,,,West,Via,,Zibello,,,,,,,,,,,,,,91504.0,,Los Angeles,Burbank,,,,,LA City,{D427747D-4063-4E9C-A71D-C8D1C390BB40},0,,D427747D-4063-4E9C-A71D-C8D1C390BB40,Unknown,,W,,Via,,W Via Zibello,2023/09/12 23:03:18+00,9777 W Via Zibello Burbank 91504,D427747D-4063-4E9C-A71D-C8D1C390BB40_9777_W_Via_Zibello_Burbank_91504,Via Zibello,9777 W Via Zibello Los Angeles 91504,,,,
209369,384712,,2401044002.0,,7782.0,,,North,Via,,Cassano,,,,,,,,,,,,,,91504.0,,Los Angeles,Burbank,,,,,LA City,{39415E50-6AA8-45A3-9214-3B7EDA1A02A7},0,,39415E50-6AA8-45A3-9214-3B7EDA1A02A7,Unknown,,N,,Via,,N Via Cassano,2023/09/12 23:03:18+00,7782 N Via Cassano Burbank 91504,39415E50-6AA8-45A3-9214-3B7EDA1A02A7_7782_N_Via_Cassano_Burbank_91504,Via Cassano,7782 N Via Cassano Los Angeles 91504,,,,
209370,384713,,2401044002.0,,9761.0,,,West,Via,,Pavia,,,,,,,,,,,,,,91504.0,,Los Angeles,Burbank,,,,,LA City,{8BE71C75-0321-439C-B018-57AA43EB8E94},0,,8BE71C75-0321-439C-B018-57AA43EB8E94,Unknown,,W,,Via,,W Via Pavia,2023/09/12 23:03:18+00,9761 W Via Pavia Burbank 91504,8BE71C75-0321-439C-B018-57AA43EB8E94_9761_W_Via_Pavia_Burbank_91504,Via Pavia,9761 W Via Pavia Los Angeles 91504,,,,
209371,384714,,2401044002.0,,7792.0,,,North,Via,,Cassano,,,,,,,,,,,,,,91504.0,,Los Angeles,Burbank,,,,,LA City,{C5D95401-D9FD-4B41-B4E1-7AA7EB41AE43},0,,C5D95401-D9FD-4B41-B4E1-7AA7EB41AE43,Unknown,,N,,Via,,N Via Cassano,2023/09/12 23:03:18+00,7792 N Via Cassano Burbank 91504,C5D95401-D9FD-4B41-B4E1-7AA7EB41AE43_7792_N_Via_Cassano_Burbank_91504,Via Cassano,7792 N Via Cassano Los Angeles 91504,,,,
209372,384715,,2401044002.0,,9765.0,,,West,Via,,Pavia,,,,,,,,,,,,,,91504.0,,Los Angeles,Burbank,,,,,LA City,{2609D534-EC41-46C4-AAFD-62971DA10752},0,,2609D534-EC41-46C4-AAFD-62971DA10752,Unknown,,W,,Via,,W Via Pavia,2023/09/12 23:03:18+00,9765 W Via Pavia Burbank 91504,2609D534-EC41-46C4-AAFD-62971DA10752_9765_W_Via_Pavia_Burbank_91504,Via Pavia,9765 W Via Pavia Los Angeles 91504,,,,
209373,384716,,2401044002.0,,7752.0,,,North,Via,,Catalina,,,,,,,,,,,,,,91504.0,,Los Angeles,Burbank,,,,,LA City,{903ED95B-D367-4A89-B1C9-FF9EEB0C1E26},0,,903ED95B-D367-4A89-B1C9-FF9EEB0C1E26,Unknown,,N,,Via,,N Via Catalina,2023/09/12 23:03:18+00,7752 N Via Catalina Burbank 91504,903ED95B-D367-4A89-B1C9-FF9EEB0C1E26_7752_N_Via_Catalina_Burbank_91504,Via Catalina,7752 N Via Catalina Los Angeles 91504,,,,
209374,384717,,2401044002.0,,7789.0,,,North,Via,,Cassano,,,,,,,,,,,,,,91504.0,,Los Angeles,Burbank,,,,,LA City,{F5FADAE2-080C-48E5-91FF-35FCCAEDC91C},0,,F5FADAE2-080C-48E5-91FF-35FCCAEDC91C,Unknown,,N,,Via,,N Via Cassano,2023/09/12 23:03:18+00,7789 N Via Cassano Burbank 91504,F5FADAE2-080C-48E5-91FF-35FCCAEDC91C_7789_N_Via_Cassano_Burbank_91504,Via Cassano,7789 N Via Cassano Los Angeles 91504,,,,
209375,384718,,2401044002.0,,7760.0,,,North,Via,,Catalina,,,,,,,,,,,,,,91504.0,,Los Angeles,Burbank,,,,,LA City,{010C6011-3014-49E3-8DE5-A95D36FBF4C5},0,,010C6011-3014-49E3-8DE5-A95D36FBF4C5,Unknown,,N,,Via,,N Via Catalina,2023/09/12 23:03:18+00,7760 N Via Catalina Burbank 91504,010C6011-3014-49E3-8DE5-A95D36FBF4C5_7760_N_Via_Catalina_Burbank_91504,Via Catalina,7760 N Via Catalina Los Angeles 91504,,,,
209376,384719,,2401044002.0,,9766.0,,,West,Via,,Pavia,,,,,,,,,,,,,,91504.0,,Los Angeles,Burbank,,,,,LA City,{72CE2116-42EA-4986-880D-651F70233ADE},0,,72CE2116-42EA-4986-880D-651F70233ADE,Unknown,,W,,Via,,W Via Pavia,2023/09/12 23:03:18+00,9766 W Via Pavia Burbank 91504,72CE2116-42EA-4986-880D-651F70233ADE_9766_W_Via_Pavia_Burbank_91504,Via Pavia,9766 W Via Pavia Los Angeles 91504,,,,
209377,384720,,2401044002.0,,9775.0,,,West,Via,,Zibello,,,,,,,,,,,,,,91504.0,,Los Angeles,Burbank,,,,,LA City,{233BE6CC-6DA9-463A-AFEB-E17208B16B4B},0,,233BE6CC-6DA9-463A-AFEB-E17208B16B4B,Unknown,,W,,Via,,W Via Zibello,2023/09/12 23:03:18+00,9775 W Via Zibello Burbank 91504,233BE6CC-6DA9-463A-AFEB-E17208B16B4B_9775_W_Via_Zibello_Burbank_91504,Via Zibello,9775 W Via Zibello Los Angeles 91504,,,,
209378,384721,,2401044002.0,,9780.0,,,West,Via,,Zibello,,,,,,,,,,,,,,91504.0,,Los Angeles,Burbank,,,,,LA City,{449D6A62-A49A-46B9-8A55-5362E2C7B71B},0,,449D6A62-A49A-46B9-8A55-5362E2C7B71B,Unknown,,W,,Via,,W Via Zibello,2023/09/12 23:03:18+00,9780 W Via Zibello Burbank 91504,449D6A62-A49A-46B9-8A55-5362E2C7B71B_9780_W_Via_Zibello_Burbank_91504,Via Zibello,9780 W Via Zibello Los Angeles 91504,,,,
209379,384722,,2401044002.0,,7761.0,,,North,Via,,Catalina,,,,,,,,,,,,,,91504.0,,Los Angeles,Burbank,,,,,LA City,{773ED04F-D44A-46C6-ACBC-34F51A67A962},0,,773ED04F-D44A-46C6-ACBC-34F51A67A962,Unknown,,N,,Via,,N Via Catalina,2023/09/12 23:03:18+00,7761 N Via Catalina Burbank 91504,773ED04F-D44A-46C6-ACBC-34F51A67A962_7761_N_Via_Catalina_Burbank_91504,Via Catalina,7761 N Via Catalina Los Angeles 91504,,,,
209380,384723,,2401044002.0,,7788.0,,,North,Via,,Cassano,,,,,,,,,,,,,,91504.0,,Los Angeles,Burbank,,,,,LA City,{DCD4B89C-9959-4256-864A-5B52B842A709},0,,DCD4B89C-9959-4256-864A-5B52B842A709,Unknown,,N,,Via,,N Via Cassano,2023/09/12 23:03:18+00,7788 N Via Cassano Burbank 91504,DCD4B89C-9959-4256-864A-5B52B842A709_7788_N_Via_Cassano_Burbank_91504,Via Cassano,7788 N Via Cassano Los Angeles 91504,,,,
209381,384724,,2401044002.0,,9776.0,,,West,Via,,Zibello,,,,,,,,,,,,,,91504.0,,Los Angeles,Burbank,,,,,LA City,{1F486F97-1EE5-4BFB-B4C4-90DAEC9692AF},0,,1F486F97-1EE5-4BFB-B4C4-90DAEC9692AF,Unknown,,W,,Via,,W Via Zibello,2023/09/12 23:03:18+00,9776 W Via Zibello Burbank 91504,1F486F97-1EE5-4BFB-B4C4-90DAEC9692AF_9776_W_Via_Zibello_Burbank_91504,Via Zibello,9776 W Via Zibello Los Angeles 91504,,,,
209382,384725,,2401044002.0,,9788.0,,,West,Via,,Zibello,,,,,,,,,,,,,,91504.0,,Los Angeles,Burbank,,,,,LA City,{E20542AE-E927-4219-BD4C-40AB7DCBA283},0,,E20542AE-E927-4219-BD4C-40AB7DCBA283,Unknown,,W,,Via,,W Via Zibello,2023/09/12 23:03:18+00,9788 W Via Zibello Burbank 91504,E20542AE-E927-4219-BD4C-40AB7DCBA283_9788_W_Via_Zibello_Burbank_91504,Via Zibello,9788 W Via Zibello Los Angeles 91504,,,,
209383,384726,,2401044002.0,,7780.0,,,North,Via,,Cassano,,,,,,,,,,,,,,91504.0,,Los Angeles,Burbank,,,,,LA City,{3023D2B5-BB9F-49F5-9EC7-75970CF94BCC},0,,3023D2B5-BB9F-49F5-9EC7-75970CF94BCC,Unknown,,N,,Via,,N Via Cassano,2023/09/12 23:03:18+00,7780 N Via Cassano Burbank 91504,3023D2B5-BB9F-49F5-9EC7-75970CF94BCC_7780_N_Via_Cassano_Burbank_91504,Via Cassano,7780 N Via Cassano Los Angeles 91504,,,,
209384,384727,,2401044002.0,,7754.0,,,North,Via,,Catalina,,,,,,,,,,,,,,91504.0,,Los Angeles,Burbank,,,,,LA City,{C3A2B4C0-F698-4380-ADA4-952ED59041F0},0,,C3A2B4C0-F698-4380-ADA4-952ED59041F0,Unknown,,N,,Via,,N Via Catalina,2023/09/12 23:03:18+00,7754 N Via Catalina Burbank 91504,C3A2B4C0-F698-4380-ADA4-952ED59041F0_7754_N_Via_Catalina_Burbank_91504,Via Catalina,7754 N Via Catalina Los Angeles 91504,,,,
209385,384728,,2401044002.0,,9786.0,,,West,Via,,Zibello,,,,,,,,,,,,,,91504.0,,Los Angeles,Burbank,,,,,LA City,{DF489C22-167E-48FC-91A0-7570BF0071B5},0,,DF489C22-167E-48FC-91A0-7570BF0071B5,Unknown,,W,,Via,,W Via Zibello,2023/09/12 23:03:18+00,9786 W Via Zibello Burbank 91504,DF489C22-167E-48FC-91A0-7570BF0071B5_9786_W_Via_Zibello_Burbank_91504,Via Zibello,9786 W Via Zibello Los Angeles 91504,,,,
209386,384729,,2401044002.0,,7796.0,,,North,Via,,Cassano,,,,,,,,,,,,,,91504.0,,Los Angeles,Burbank,,,,,LA City,{10B637F1-C4A2-4E76-83DA-3418ADD9085F},0,,10B637F1-C4A2-4E76-83DA-3418ADD9085F,Unknown,,N,,Via,,N Via Cassano,2023/09/12 23:03:18+00,7796 N Via Cassano Burbank 91504,10B637F1-C4A2-4E76-83DA-3418ADD9085F_7796_N_Via_Cassano_Burbank_91504,Via Cassano,7796 N Via Cassano Los Angeles 91504,,,,
209387,384730,,2401044002.0,,7763.0,,,North,Via,,Catalina,,,,,,,,,,,,,,91504.0,,Los Angeles,Burbank,,,,,LA City,{3BFCD892-A38E-454C-854B-90932C405494},0,,3BFCD892-A38E-454C-854B-90932C405494,Unknown,,N,,Via,,N Via Catalina,2023/09/12 23:03:18+00,7763 N Via Catalina Burbank 91504,3BFCD892-A38E-454C-854B-90932C405494_7763_N_Via_Catalina_Burbank_91504,Via Catalina,7763 N Via Catalina Los Angeles 91504,,,,
209388,384731,,2401044002.0,,7790.0,,,North,Via,,Cassano,,,,,,,,,,,,,,91504.0,,Los Angeles,Burbank,,,,,LA City,{30643EBE-BD35-4C52-975B-FDE281B22B03},0,,30643EBE-BD35-4C52-975B-FDE281B22B03,Unknown,,N,,Via,,N Via Cassano,2023/09/12 23:03:18+00,7790 N Via Cassano Burbank 91504,30643EBE-BD35-4C52-975B-FDE281B22B03_7790_N_Via_Cassano_Burbank_91504,Via Cassano,7790 N Via Cassano Los Angeles 91504,,,,
209389,384732,,2401044002.0,,7769.0,,,North,Via,,Catalina,,,,,,,,,,,,,,91504.0,,Los Angeles,Burbank,,,,,LA City,{BC35A68C-E753-48D8-9BC0-C5BA60FCDF41},0,,BC35A68C-E753-48D8-9BC0-C5BA60FCDF41,Unknown,,N,,Via,,N Via Catalina,2023/09/12 23:03:18+00,7769 N Via Catalina Burbank 91504,BC35A68C-E753-48D8-9BC0-C5BA60FCDF41_7769_N_Via_Catalina_Burbank_91504,Via Catalina,7769 N Via Catalina Los Angeles 91504,,,,
209390,384733,,2401044002.0,,9774.0,,,West,Via,,Zibello,,,,,,,,,,,,,,91504.0,,Los Angeles,Burbank,,,,,LA City,{D69ED0BE-06E3-44EB-BA3D-093CE00DB5E1},0,,D69ED0BE-06E3-44EB-BA3D-093CE00DB5E1,Unknown,,W,,Via,,W Via Zibello,2023/09/12 23:03:18+00,9774 W Via Zibello Burbank 91504,D69ED0BE-06E3-44EB-BA3D-093CE00DB5E1_9774_W_Via_Zibello_Burbank_91504,Via Zibello,9774 W Via Zibello Los Angeles 91504,,,,
209391,384734,,2401044002.0,,9781.0,,,West,Via,,Zibello,,,,,,,,,,,,,,91504.0,,Los Angeles,Burbank,,,,,LA City,{628F62D1-C6F7-49DF-B52C-27989EFA2349},0,,628F62D1-C6F7-49DF-B52C-27989EFA2349,Unknown,,W,,Via,,W Via Zibello,2023/09/12 23:03:18+00,9781 W Via Zibello Burbank 91504,628F62D1-C6F7-49DF-B52C-27989EFA2349_9781_W_Via_Zibello_Burbank_91504,Via Zibello,9781 W Via Zibello Los Angeles 91504,,,,
209392,384735,,2401044002.0,,7798.0,,,North,Via,,Cassano,,,,,,,,,,,,,,91504.0,,Los Angeles,Burbank,,,,,LA City,{B76AC777-E148-4E86-8643-CB9FC085A373},0,,B76AC777-E148-4E86-8643-CB9FC085A373,Unknown,,N,,Via,,N Via Cassano,2023/09/12 23:03:18+00,7798 N Via Cassano Burbank 91504,B76AC777-E148-4E86-8643-CB9FC085A373_7798_N_Via_Cassano_Burbank_91504,Via Cassano,7798 N Via Cassano Los Angeles 91504,,,,
209393,384736,,2401044002.0,,7797.0,,,North,Via,,Cassano,,,,,,,,,,,,,,91504.0,,Los Angeles,Burbank,,,,,LA City,{1A53B998-E5C8-45DC-98D0-34A361B67537},0,,1A53B998-E5C8-45DC-98D0-34A361B67537,Unknown,,N,,Via,,N Via Cassano,2023/09/12 23:03:18+00,7797 N Via Cassano Burbank 91504,1A53B998-E5C8-45DC-98D0-34A361B67537_7797_N_Via_Cassano_Burbank_91504,Via Cassano,7797 N Via Cassano Los Angeles 91504,,,,
209394,384737,,2401044002.0,,9784.0,,,West,Via,,Zibello,,,,,,,,,,,,,,91504.0,,Los Angeles,Burbank,,,,,LA City,{765825BB-C1A6-41BF-92B0-4BB0358B0D76},0,,765825BB-C1A6-41BF-92B0-4BB0358B0D76,Unknown,,W,,Via,,W Via Zibello,2023/09/12 23:03:18+00,9784 W Via Zibello Burbank 91504,765825BB-C1A6-41BF-92B0-4BB0358B0D76_9784_W_Via_Zibello_Burbank_91504,Via Zibello,9784 W Via Zibello Los Angeles 91504,,,,
209395,384738,,2401044002.0,,9779.0,,,West,Via,,Zibello,,,,,,,,,,,,,,91504.0,,Los Angeles,Burbank,,,,,LA City,{ECFB2471-BC74-4FA1-ADD1-0CD2D7A64243},0,,ECFB2471-BC74-4FA1-ADD1-0CD2D7A64243,Unknown,,W,,Via,,W Via Zibello,2023/09/12 23:03:18+00,9779 W Via Zibello Burbank 91504,ECFB2471-BC74-4FA1-ADD1-0CD2D7A64243_9779_W_Via_Zibello_Burbank_91504,Via Zibello,9779 W Via Zibello Los Angeles 91504,,,,
209396,384739,,2401044002.0,,9763.0,,,West,Via,,Nola,,,,,,,,,,,,,,91504.0,,Los Angeles,Burbank,,,,,LA City,{6DDFBE91-C2C3-4485-8553-80815BF5E258},0,,6DDFBE91-C2C3-4485-8553-80815BF5E258,Unknown,,W,,Via,,W Via Nola,2023/09/12 23:03:18+00,9763 W Via Nola Burbank 91504,6DDFBE91-C2C3-4485-8553-80815BF5E258_9763_W_Via_Nola_Burbank_91504,Via Nola,9763 W Via Nola Los Angeles 91504,,,,
209397,384740,,2401044002.0,,9771.0,,,West,Via,,Nola,,,,,,,,,,,,,,91504.0,,Los Angeles,Burbank,,,,,LA City,{CA50062B-63ED-4AF2-B0FC-E6447EBD9F1B},0,,CA50062B-63ED-4AF2-B0FC-E6447EBD9F1B,Unknown,,W,,Via,,W Via Nola,2023/09/12 23:03:18+00,9771 W Via Nola Burbank 91504,CA50062B-63ED-4AF2-B0FC-E6447EBD9F1B_9771_W_Via_Nola_Burbank_91504,Via Nola,9771 W Via Nola Los Angeles 91504,,,,
209398,384741,,2401044002.0,,9764.0,,,West,Via,,Pavia,,,,,,,,,,,,,,91504.0,,Los Angeles,Burbank,,,,,LA City,{8FC4B42A-30ED-408A-9298-655C58E389F8},0,,8FC4B42A-30ED-408A-9298-655C58E389F8,Unknown,,W,,Via,,W Via Pavia,2023/09/12 23:03:18+00,9764 W Via Pavia Burbank 91504,8FC4B42A-30ED-408A-9298-655C58E389F8_9764_W_Via_Pavia_Burbank_91504,Via Pavia,9764 W Via Pavia Los Angeles 91504,,,,
209399,384742,,2401044002.0,,9772.0,,,West,Via,,Pavia,,,,,,,,,,,,,,91504.0,,Los Angeles,Burbank,,,,,LA City,{FDF64185-CF4F-4814-98CC-CB5D13BACD4B},0,,FDF64185-CF4F-4814-98CC-CB5D13BACD4B,Unknown,,W,,Via,,W Via Pavia,2023/09/12 23:03:18+00,9772 W Via Pavia Burbank 91504,FDF64185-CF4F-4814-98CC-CB5D13BACD4B_9772_W_Via_Pavia_Burbank_91504,Via Pavia,9772 W Via Pavia Los Angeles 91504,,,,
209400,384743,,2401044002.0,,7775.0,,,North,Via,,Catalina,,,,,,,,,,,,,,91504.0,,Los Angeles,Burbank,,,,,LA City,{99DB93C5-0E3E-43CA-A38F-870BB5794653},0,,99DB93C5-0E3E-43CA-A38F-870BB5794653,Unknown,,N,,Via,,N Via Catalina,2023/09/12 23:03:18+00,7775 N Via Catalina Burbank 91504,99DB93C5-0E3E-43CA-A38F-870BB5794653_7775_N_Via_Catalina_Burbank_91504,Via Catalina,7775 N Via Catalina Los Angeles 91504,,,,
209401,384744,,2401044002.0,,7767.0,,,North,Via,,Catalina,,,,,,,,,,,,,,91504.0,,Los Angeles,Burbank,,,,,LA City,{13291A4F-4F33-4CA6-8DD9-CE646C6FAEFF},0,,13291A4F-4F33-4CA6-8DD9-CE646C6FAEFF,Unknown,,N,,Via,,N Via Catalina,2023/09/12 23:03:18+00,7767 N Via Catalina Burbank 91504,13291A4F-4F33-4CA6-8DD9-CE646C6FAEFF_7767_N_Via_Catalina_Burbank_91504,Via Catalina,7767 N Via Catalina Los Angeles 91504,,,,
209402,384745,,2401044002.0,,9765.0,,,West,Via,,Nola,,,,,,,,,,,,,,91504.0,,Los Angeles,Burbank,,,,,LA City,{1EF105A2-22F1-4767-9CEC-55BF24524C5E},0,,1EF105A2-22F1-4767-9CEC-55BF24524C5E,Unknown,,W,,Via,,W Via Nola,2023/09/12 23:03:18+00,9765 W Via Nola Burbank 91504,1EF105A2-22F1-4767-9CEC-55BF24524C5E_9765_W_Via_Nola_Burbank_91504,Via Nola,9765 W Via Nola Los Angeles 91504,,,,
209403,384746,,2401044002.0,,9772.0,,,West,Via,,Zibello,,,,,,,,,,,,,,91504.0,,Los Angeles,Burbank,,,,,LA City,{1C618538-BFED-4EA5-99D7-BC1C4A0C7B85},0,,1C618538-BFED-4EA5-99D7-BC1C4A0C7B85,Unknown,,W,,Via,,W Via Zibello,2023/09/12 23:03:18+00,9772 W Via Zibello Burbank 91504,1C618538-BFED-4EA5-99D7-BC1C4A0C7B85_9772_W_Via_Zibello_Burbank_91504,Via Zibello,9772 W Via Zibello Los Angeles 91504,,,,
209404,384747,,2401044002.0,,7765.0,,,North,Via,,Catalina,,,,,,,,,,,,,,91504.0,,Los Angeles,Burbank,,,,,LA City,{3DD0BDDC-2C64-4D1F-BA18-59D97DFAF864},0,,3DD0BDDC-2C64-4D1F-BA18-59D97DFAF864,Unknown,,N,,Via,,N Via Catalina,2023/09/12 23:03:18+00,7765 N Via Catalina Burbank 91504,3DD0BDDC-2C64-4D1F-BA18-59D97DFAF864_7765_N_Via_Catalina_Burbank_91504,Via Catalina,7765 N Via Catalina Los Angeles 91504,,,,
209405,384748,,2401044002.0,,7750.0,,,North,Via,,Catalina,,,,,,,,,,,,,,91504.0,,Los Angeles,Burbank,,,,,LA City,{367117BA-1BFB-486F-AF1E-13CB231B05DE},0,,367117BA-1BFB-486F-AF1E-13CB231B05DE,Unknown,,N,,Via,,N Via Catalina,2023/09/12 23:03:18+00,7750 N Via Catalina Burbank 91504,367117BA-1BFB-486F-AF1E-13CB231B05DE_7750_N_Via_Catalina_Burbank_91504,Via Catalina,7750 N Via Catalina Los Angeles 91504,,,,
209406,384749,,2401044002.0,,7766.0,,,North,Via,,Catalina,,,,,,,,,,,,,,91504.0,,Los Angeles,Burbank,,,,,LA City,{F5AABECE-E080-4048-9A8C-40D41C4DD07D},0,,F5AABECE-E080-4048-9A8C-40D41C4DD07D,Unknown,,N,,Via,,N Via Catalina,2023/09/12 23:03:18+00,7766 N Via Catalina Burbank 91504,F5AABECE-E080-4048-9A8C-40D41C4DD07D_7766_N_Via_Catalina_Burbank_91504,Via Catalina,7766 N Via Catalina Los Angeles 91504,,,,
209407,384750,,2401044002.0,,9771.0,,,West,Via,,Zibello,,,,,,,,,,,,,,91504.0,,Los Angeles,Burbank,,,,,LA City,{4B7A99CF-37EF-4145-A93A-D3D8AF65BB88},0,,4B7A99CF-37EF-4145-A93A-D3D8AF65BB88,Unknown,,W,,Via,,W Via Zibello,2023/09/12 23:03:18+00,9771 W Via Zibello Burbank 91504,4B7A99CF-37EF-4145-A93A-D3D8AF65BB88_9771_W_Via_Zibello_Burbank_91504,Via Zibello,9771 W Via Zibello Los Angeles 91504,,,,
209408,384751,,2401044002.0,,7771.0,,,North,Via,,Catalina,,,,,,,,,,,,,,91504.0,,Los Angeles,Burbank,,,,,LA City,{9DD86C0C-F1C0-4048-AA2A-F1CFB8938A71},0,,9DD86C0C-F1C0-4048-AA2A-F1CFB8938A71,Unknown,,N,,Via,,N Via Catalina,2023/09/12 23:03:18+00,7771 N Via Catalina Burbank 91504,9DD86C0C-F1C0-4048-AA2A-F1CFB8938A71_7771_N_Via_Catalina_Burbank_91504,Via Catalina,7771 N Via Catalina Los Angeles 91504,,,,
209409,384752,,2401044002.0,,9767.0,,,West,Via,,Nola,,,,,,,,,,,,,,91504.0,,Los Angeles,Burbank,,,,,LA City,{83695155-AD77-4391-8E9E-7B788D5BAB83},0,,83695155-AD77-4391-8E9E-7B788D5BAB83,Unknown,,W,,Via,,W Via Nola,2023/09/12 23:03:18+00,9767 W Via Nola Burbank 91504,83695155-AD77-4391-8E9E-7B788D5BAB83_9767_W_Via_Nola_Burbank_91504,Via Nola,9767 W Via Nola Los Angeles 91504,,,,
209410,384753,,2401044002.0,,7773.0,,,North,Via,,Catalina,,,,,,,,,,,,,,91504.0,,Los Angeles,Burbank,,,,,LA City,{F312ADD5-3323-46A4-BFAD-D7DA834A5EFA},0,,F312ADD5-3323-46A4-BFAD-D7DA834A5EFA,Unknown,,N,,Via,,N Via Catalina,2023/09/12 23:03:18+00,7773 N Via Catalina Burbank 91504,F312ADD5-3323-46A4-BFAD-D7DA834A5EFA_7773_N_Via_Catalina_Burbank_91504,Via Catalina,7773 N Via Catalina Los Angeles 91504,,,,
209411,384754,,2401044002.0,,9773.0,,,West,Via,,Pavia,,,,,,,,,,,,,,91504.0,,Los Angeles,Burbank,,,,,LA City,{B942B565-7578-4180-9F4E-C91C0D163176},0,,B942B565-7578-4180-9F4E-C91C0D163176,Unknown,,W,,Via,,W Via Pavia,2023/09/12 23:03:18+00,9773 W Via Pavia Burbank 91504,B942B565-7578-4180-9F4E-C91C0D163176_9773_W_Via_Pavia_Burbank_91504,Via Pavia,9773 W Via Pavia Los Angeles 91504,,,,
209412,384755,,2401044002.0,,9762.0,,,West,Via,,Nola,,,,,,,,,,,,,,91504.0,,Los Angeles,Burbank,,,,,LA City,{335B9C4A-F27E-46FD-9D94-6A15922FC9FD},0,,335B9C4A-F27E-46FD-9D94-6A15922FC9FD,Unknown,,W,,Via,,W Via Nola,2023/09/12 23:03:18+00,9762 W Via Nola Burbank 91504,335B9C4A-F27E-46FD-9D94-6A15922FC9FD_9762_W_Via_Nola_Burbank_91504,Via Nola,9762 W Via Nola Los Angeles 91504,,,,
209413,384756,,2401044002.0,,7785.0,,,North,Via,,Cassano,,,,,,,,,,,,,,91504.0,,Los Angeles,Burbank,,,,,LA City,{475B0BB5-A301-482A-A639-044AD41B58B9},0,,475B0BB5-A301-482A-A639-044AD41B58B9,Unknown,,N,,Via,,N Via Cassano,2023/09/12 23:03:18+00,7785 N Via Cassano Burbank 91504,475B0BB5-A301-482A-A639-044AD41B58B9_7785_N_Via_Cassano_Burbank_91504,Via Cassano,7785 N Via Cassano Los Angeles 91504,,,,
209414,384757,,2401044002.0,,7784.0,,,North,Via,,Cassano,,,,,,,,,,,,,,91504.0,,Los Angeles,Burbank,,,,,LA City,{82797E47-314F-496B-93C1-3E071961F61C},0,,82797E47-314F-496B-93C1-3E071961F61C,Unknown,,N,,Via,,N Via Cassano,2023/09/12 23:03:18+00,7784 N Via Cassano Burbank 91504,82797E47-314F-496B-93C1-3E071961F61C_7784_N_Via_Cassano_Burbank_91504,Via Cassano,7784 N Via Cassano Los Angeles 91504,,,,
209415,384758,,2401044002.0,,9766.0,,,West,Via,,Nola,,,,,,,,,,,,,,91504.0,,Los Angeles,Burbank,,,,,LA City,{5E25B690-670E-44C5-97C1-F477B2AC18D1},0,,5E25B690-670E-44C5-97C1-F477B2AC18D1,Unknown,,W,,Via,,W Via Nola,2023/09/12 23:03:18+00,9766 W Via Nola Burbank 91504,5E25B690-670E-44C5-97C1-F477B2AC18D1_9766_W_Via_Nola_Burbank_91504,Via Nola,9766 W Via Nola Los Angeles 91504,,,,
209416,384759,,2401044002.0,,7772.0,,,North,Via,,Catalina,,,,,,,,,,,,,,91504.0,,Los Angeles,Burbank,,,,,LA City,{6A6B6803-E3BB-484E-8A5E-C60400857842},0,,6A6B6803-E3BB-484E-8A5E-C60400857842,Unknown,,N,,Via,,N Via Catalina,2023/09/12 23:03:18+00,7772 N Via Catalina Burbank 91504,6A6B6803-E3BB-484E-8A5E-C60400857842_7772_N_Via_Catalina_Burbank_91504,Via Catalina,7772 N Via Catalina Los Angeles 91504,,,,
209417,384760,,2401044002.0,,9778.0,,,West,Via,,Zibello,,,,,,,,,,,,,,91504.0,,Los Angeles,Burbank,,,,,LA City,{5A6BA707-250F-4628-8973-713C7E463FF6},0,,5A6BA707-250F-4628-8973-713C7E463FF6,Unknown,,W,,Via,,W Via Zibello,2023/09/12 23:03:18+00,9778 W Via Zibello Burbank 91504,5A6BA707-250F-4628-8973-713C7E463FF6_9778_W_Via_Zibello_Burbank_91504,Via Zibello,9778 W Via Zibello Los Angeles 91504,,,,
209418,384761,,2401044002.0,,9773.0,,,West,Via,,Zibello,,,,,,,,,,,,,,91504.0,,Los Angeles,Burbank,,,,,LA City,{5B6C11B3-D05C-45DB-99B0-C1CB0FEBC1A8},0,,5B6C11B3-D05C-45DB-99B0-C1CB0FEBC1A8,Unknown,,W,,Via,,W Via Zibello,2023/09/12 23:03:18+00,9773 W Via Zibello Burbank 91504,5B6C11B3-D05C-45DB-99B0-C1CB0FEBC1A8_9773_W_Via_Zibello_Burbank_91504,Via Zibello,9773 W Via Zibello Los Angeles 91504,,,,
209419,384762,,2401044002.0,,7770.0,,,North,Via,,Catalina,,,,,,,,,,,,,,91504.0,,Los Angeles,Burbank,,,,,LA City,{A605F3B0-02BF-4A9F-A0CD-259872FAF387},0,,A605F3B0-02BF-4A9F-A0CD-259872FAF387,Unknown,,N,,Via,,N Via Catalina,2023/09/12 23:03:18+00,7770 N Via Catalina Burbank 91504,A605F3B0-02BF-4A9F-A0CD-259872FAF387_7770_N_Via_Catalina_Burbank_91504,Via Catalina,7770 N Via Catalina Los Angeles 91504,,,,
209420,384763,,2401044002.0,,7774.0,,,North,Via,,Catalina,,,,,,,,,,,,,,91504.0,,Los Angeles,Burbank,,,,,LA City,{452F98A9-EDA0-4631-B869-81760425BBC3},0,,452F98A9-EDA0-4631-B869-81760425BBC3,Unknown,,N,,Via,,N Via Catalina,2023/09/12 23:03:18+00,7774 N Via Catalina Burbank 91504,452F98A9-EDA0-4631-B869-81760425BBC3_7774_N_Via_Catalina_Burbank_91504,Via Catalina,7774 N Via Catalina Los Angeles 91504,,,,
209421,384764,,2401044002.0,,7795.0,,,North,Via,,Cassano,,,,,,,,,,,,,,91504.0,,Los Angeles,Burbank,,,,,LA City,{BFFDB916-6BAF-42EF-A183-DBAA89F1CC15},0,,BFFDB916-6BAF-42EF-A183-DBAA89F1CC15,Unknown,,N,,Via,,N Via Cassano,2023/09/12 23:03:18+00,7795 N Via Cassano Burbank 91504,BFFDB916-6BAF-42EF-A183-DBAA89F1CC15_7795_N_Via_Cassano_Burbank_91504,Via Cassano,7795 N Via Cassano Los Angeles 91504,,,,
209422,384765,,2401044002.0,,7759.0,,,North,Via,,Catalina,,,,,,,,,,,,,,91504.0,,Los Angeles,Burbank,,,,,LA City,{D46F9A5E-5B4B-45A0-B5D6-81542769B63F},0,,D46F9A5E-5B4B-45A0-B5D6-81542769B63F,Unknown,,N,,Via,,N Via Catalina,2023/09/12 23:03:18+00,7759 N Via Catalina Burbank 91504,D46F9A5E-5B4B-45A0-B5D6-81542769B63F_7759_N_Via_Catalina_Burbank_91504,Via Catalina,7759 N Via Catalina Los Angeles 91504,,,,
209423,384766,,2401044002.0,,9768.0,,,West,Via,,Pavia,,,,,,,,,,,,,,91504.0,,Los Angeles,Burbank,,,,,LA City,{4BD3068B-96E0-45ED-B868-0AF85D77A0CC},0,,4BD3068B-96E0-45ED-B868-0AF85D77A0CC,Unknown,,W,,Via,,W Via Pavia,2023/09/12 23:03:18+00,9768 W Via Pavia Burbank 91504,4BD3068B-96E0-45ED-B868-0AF85D77A0CC_9768_W_Via_Pavia_Burbank_91504,Via Pavia,9768 W Via Pavia Los Angeles 91504,,,,
209424,384767,,2401044002.0,,7794.0,,,North,Via,,Cassano,,,,,,,,,,,,,,91504.0,,Los Angeles,Burbank,,,,,LA City,{BB621106-2C79-44EB-954B-03ABA89E2DAF},0,,BB621106-2C79-44EB-954B-03ABA89E2DAF,Unknown,,N,,Via,,N Via Cassano,2023/09/12 23:03:18+00,7794 N Via Cassano Burbank 91504,BB621106-2C79-44EB-954B-03ABA89E2DAF_7794_N_Via_Cassano_Burbank_91504,Via Cassano,7794 N Via Cassano Los Angeles 91504,,,,
209425,384768,,2401044002.0,,9770.0,,,West,Via,,Pavia,,,,,,,,,,,,,,91504.0,,Los Angeles,Burbank,,,,,LA City,{5B8E43B3-02AC-4106-96FF-F0360C9AEBD7},0,,5B8E43B3-02AC-4106-96FF-F0360C9AEBD7,Unknown,,W,,Via,,W Via Pavia,2023/09/12 23:03:18+00,9770 W Via Pavia Burbank 91504,5B8E43B3-02AC-4106-96FF-F0360C9AEBD7_9770_W_Via_Pavia_Burbank_91504,Via Pavia,9770 W Via Pavia Los Angeles 91504,,,,
209426,384769,,2401044002.0,,7781.0,,,North,Via,,Cassano,,,,,,,,,,,,,,91504.0,,Los Angeles,Burbank,,,,,LA City,{9516DA9B-7C4C-481C-8C36-B4C5210E0276},0,,9516DA9B-7C4C-481C-8C36-B4C5210E0276,Unknown,,N,,Via,,N Via Cassano,2023/09/12 23:03:18+00,7781 N Via Cassano Burbank 91504,9516DA9B-7C4C-481C-8C36-B4C5210E0276_7781_N_Via_Cassano_Burbank_91504,Via Cassano,7781 N Via Cassano Los Angeles 91504,,,,
209427,384770,,2401044002.0,,9768.0,,,West,Via,,Nola,,,,,,,,,,,,,,91504.0,,Los Angeles,Burbank,,,,,LA City,{EF14FF3E-C640-42A8-9E71-364403F3B599},0,,EF14FF3E-C640-42A8-9E71-364403F3B599,Unknown,,W,,Via,,W Via Nola,2023/09/12 23:03:18+00,9768 W Via Nola Burbank 91504,EF14FF3E-C640-42A8-9E71-364403F3B599_9768_W_Via_Nola_Burbank_91504,Via Nola,9768 W Via Nola Los Angeles 91504,,,,
209428,384771,,2401044002.0,,7793.0,,,North,Via,,Cassano,,,,,,,,,,,,,,91504.0,,Los Angeles,Burbank,,,,,LA City,{28DB7238-C4E5-47EB-9E51-545D900D62DE},0,,28DB7238-C4E5-47EB-9E51-545D900D62DE,Unknown,,N,,Via,,N Via Cassano,2023/09/12 23:03:18+00,7793 N Via Cassano Burbank 91504,28DB7238-C4E5-47EB-9E51-545D900D62DE_7793_N_Via_Cassano_Burbank_91504,Via Cassano,7793 N Via Cassano Los Angeles 91504,,,,
209429,384772,,2401044002.0,,9763.0,,,West,Via,,Pavia,,,,,,,,,,,,,,91504.0,,Los Angeles,Burbank,,,,,LA City,{C6BA4302-E520-4477-BFA7-C1A7E7CB3D45},0,,C6BA4302-E520-4477-BFA7-C1A7E7CB3D45,Unknown,,W,,Via,,W Via Pavia,2023/09/12 23:03:18+00,9763 W Via Pavia Burbank 91504,C6BA4302-E520-4477-BFA7-C1A7E7CB3D45_9763_W_Via_Pavia_Burbank_91504,Via Pavia,9763 W Via Pavia Los Angeles 91504,,,,
209430,384773,,2401044002.0,,7783.0,,,North,Via,,Cassano,,,,,,,,,,,,,,91504.0,,Los Angeles,Burbank,,,,,LA City,{B8150CDF-9314-45C1-8136-507F8558AEAF},0,,B8150CDF-9314-45C1-8136-507F8558AEAF,Unknown,,N,,Via,,N Via Cassano,2023/09/12 23:03:18+00,7783 N Via Cassano Burbank 91504,B8150CDF-9314-45C1-8136-507F8558AEAF_7783_N_Via_Cassano_Burbank_91504,Via Cassano,7783 N Via Cassano Los Angeles 91504,,,,
209431,384774,,2401044002.0,,9767.0,,,West,Via,,Pavia,,,,,,,,,,,,,,91504.0,,Los Angeles,Burbank,,,,,LA City,{AF151B54-3C53-44CB-A18E-6F0209956EBA},0,,AF151B54-3C53-44CB-A18E-6F0209956EBA,Unknown,,W,,Via,,W Via Pavia,2023/09/12 23:03:18+00,9767 W Via Pavia Burbank 91504,AF151B54-3C53-44CB-A18E-6F0209956EBA_9767_W_Via_Pavia_Burbank_91504,Via Pavia,9767 W Via Pavia Los Angeles 91504,,,,
209432,384775,,2401044002.0,,7758.0,,,North,Via,,Catalina,,,,,,,,,,,,,,91504.0,,Los Angeles,Burbank,,,,,LA City,{D004931B-AD87-4022-AC9A-7E3E26D419F1},0,,D004931B-AD87-4022-AC9A-7E3E26D419F1,Unknown,,N,,Via,,N Via Catalina,2023/09/12 23:03:18+00,7758 N Via Catalina Burbank 91504,D004931B-AD87-4022-AC9A-7E3E26D419F1_7758_N_Via_Catalina_Burbank_91504,Via Catalina,7758 N Via Catalina Los Angeles 91504,,,,
209433,384776,,2401044002.0,,9771.0,,,West,Via,,Pavia,,,,,,,,,,,,,,91504.0,,Los Angeles,Burbank,,,,,LA City,{CEC23068-242E-4919-852C-E89E2AE528A8},0,,CEC23068-242E-4919-852C-E89E2AE528A8,Unknown,,W,,Via,,W Via Pavia,2023/09/12 23:03:18+00,9771 W Via Pavia Burbank 91504,CEC23068-242E-4919-852C-E89E2AE528A8_9771_W_Via_Pavia_Burbank_91504,Via Pavia,9771 W Via Pavia Los Angeles 91504,,,,
209434,384777,,2401044002.0,,7791.0,,,North,Via,,Cassano,,,,,,,,,,,,,,91504.0,,Los Angeles,Burbank,,,,,LA City,{F754EF1E-CDFF-4D6F-AE1A-3616B916DC17},0,,F754EF1E-CDFF-4D6F-AE1A-3616B916DC17,Unknown,,N,,Via,,N Via Cassano,2023/09/12 23:03:18+00,7791 N Via Cassano Burbank 91504,F754EF1E-CDFF-4D6F-AE1A-3616B916DC17_7791_N_Via_Cassano_Burbank_91504,Via Cassano,7791 N Via Cassano Los Angeles 91504,,,,
209435,384778,,2401044002.0,,9764.0,,,West,Via,,Nola,,,,,,,,,,,,,,91504.0,,Los Angeles,Burbank,,,,,LA City,{5210F4B4-2036-4710-96A9-6ADE9529047A},0,,5210F4B4-2036-4710-96A9-6ADE9529047A,Unknown,,W,,Via,,W Via Nola,2023/09/12 23:03:18+00,9764 W Via Nola Burbank 91504,5210F4B4-2036-4710-96A9-6ADE9529047A_9764_W_Via_Nola_Burbank_91504,Via Nola,9764 W Via Nola Los Angeles 91504,,,,
209436,384779,,2401044002.0,,7787.0,,,North,Via,,Cassano,,,,,,,,,,,,,,91504.0,,Los Angeles,Burbank,,,,,LA City,{108687AB-D23F-45AB-BD3E-B7E0E3781779},0,,108687AB-D23F-45AB-BD3E-B7E0E3781779,Unknown,,N,,Via,,N Via Cassano,2023/09/12 23:03:18+00,7787 N Via Cassano Burbank 91504,108687AB-D23F-45AB-BD3E-B7E0E3781779_7787_N_Via_Cassano_Burbank_91504,Via Cassano,7787 N Via Cassano Los Angeles 91504,,,,
209437,384780,,2401044002.0,,9790.0,,,West,Via,,Zibello,,,,,,,,,,,,,,91504.0,,Los Angeles,Burbank,,,,,LA City,{03285B22-888C-4359-A1FE-0F0127BEC4A9},0,,03285B22-888C-4359-A1FE-0F0127BEC4A9,Unknown,,W,,Via,,W Via Zibello,2023/09/12 23:03:18+00,9790 W Via Zibello Burbank 91504,03285B22-888C-4359-A1FE-0F0127BEC4A9_9790_W_Via_Zibello_Burbank_91504,Via Zibello,9790 W Via Zibello Los Angeles 91504,,,,
209438,384781,,2401044002.0,,9769.0,,,West,Via,,Nola,,,,,,,,,,,,,,91504.0,,Los Angeles,Burbank,,,,,LA City,{03E47877-8E14-4420-8D57-7BF8D2C2D4D7},0,,03E47877-8E14-4420-8D57-7BF8D2C2D4D7,Unknown,,W,,Via,,W Via Nola,2023/09/12 23:03:18+00,9769 W Via Nola Burbank 91504,03E47877-8E14-4420-8D57-7BF8D2C2D4D7_9769_W_Via_Nola_Burbank_91504,Via Nola,9769 W Via Nola Los Angeles 91504,,,,
209439,384782,,2401044002.0,,9772.0,,,West,Via,,Nola,,,,,,,,,,,,,,91504.0,,Los Angeles,Burbank,,,,,LA City,{2972494B-BB07-49E3-B94D-8308C0A9E8B2},0,,2972494B-BB07-49E3-B94D-8308C0A9E8B2,Unknown,,W,,Via,,W Via Nola,2023/09/12 23:03:18+00,9772 W Via Nola Burbank 91504,2972494B-BB07-49E3-B94D-8308C0A9E8B2_9772_W_Via_Nola_Burbank_91504,Via Nola,9772 W Via Nola Los Angeles 91504,,,,
209440,384783,,2401044002.0,,9773.0,,,West,Via,,Nola,,,,,,,,,,,,,,91504.0,,Los Angeles,Burbank,,,,,LA City,{594F4544-D900-414A-AEAE-C4511E1BC7D3},0,,594F4544-D900-414A-AEAE-C4511E1BC7D3,Unknown,,W,,Via,,W Via Nola,2023/09/12 23:03:18+00,9773 W Via Nola Burbank 91504,594F4544-D900-414A-AEAE-C4511E1BC7D3_9773_W_Via_Nola_Burbank_91504,Via Nola,9773 W Via Nola Los Angeles 91504,,,,
209441,384784,,2401044002.0,,9761.0,,,West,Via,,Nola,,,,,,,,,,,,,,91504.0,,Los Angeles,Burbank,,,,,LA City,{28295AC6-2672-4FD4-9D11-8CC96B367983},0,,28295AC6-2672-4FD4-9D11-8CC96B367983,Unknown,,W,,Via,,W Via Nola,2023/09/12 23:03:18+00,9761 W Via Nola Burbank 91504,28295AC6-2672-4FD4-9D11-8CC96B367983_9761_W_Via_Nola_Burbank_91504,Via Nola,9761 W Via Nola Los Angeles 91504,,,,
209442,384785,,2401044002.0,,9769.0,,,West,Via,,Pavia,,,,,,,,,,,,,,91504.0,,Los Angeles,Burbank,,,,,LA City,{A22ABB25-5EEE-4BDF-8A70-7D94629A44C0},0,,A22ABB25-5EEE-4BDF-8A70-7D94629A44C0,Unknown,,W,,Via,,W Via Pavia,2023/09/12 23:03:18+00,9769 W Via Pavia Burbank 91504,A22ABB25-5EEE-4BDF-8A70-7D94629A44C0_9769_W_Via_Pavia_Burbank_91504,Via Pavia,9769 W Via Pavia Los Angeles 91504,,,,
209443,384786,,2401044002.0,,7768.0,,,North,Via,,Catalina,,,,,,,,,,,,,,91504.0,,Los Angeles,Burbank,,,,,LA City,{2FEF6F80-7E7B-4A4E-ACEF-9936DE1DCAFF},0,,2FEF6F80-7E7B-4A4E-ACEF-9936DE1DCAFF,Unknown,,N,,Via,,N Via Catalina,2023/09/12 23:03:18+00,7768 N Via Catalina Burbank 91504,2FEF6F80-7E7B-4A4E-ACEF-9936DE1DCAFF_7768_N_Via_Catalina_Burbank_91504,Via Catalina,7768 N Via Catalina Los Angeles 91504,,,,
209444,384787,,2401044002.0,,7756.0,,,North,Via,,Catalina,,,,,,,,,,,,,,91504.0,,Los Angeles,Burbank,,,,,LA City,{E96DD56B-A942-4103-B8D1-94BE09F4C9F2},0,,E96DD56B-A942-4103-B8D1-94BE09F4C9F2,Unknown,,N,,Via,,N Via Catalina,2023/09/12 23:03:18+00,7756 N Via Catalina Burbank 91504,E96DD56B-A942-4103-B8D1-94BE09F4C9F2_7756_N_Via_Catalina_Burbank_91504,Via Catalina,7756 N Via Catalina Los Angeles 91504,,,,
209445,384788,,2401044002.0,,9782.0,,,West,Via,,Zibello,,,,,,,,,,,,,,91504.0,,Los Angeles,Burbank,,,,,LA City,{68E98F0B-E12A-452D-9079-0769D0C8BB61},0,,68E98F0B-E12A-452D-9079-0769D0C8BB61,Unknown,,W,,Via,,W Via Zibello,2023/09/12 23:03:18+00,9782 W Via Zibello Burbank 91504,68E98F0B-E12A-452D-9079-0769D0C8BB61_9782_W_Via_Zibello_Burbank_91504,Via Zibello,9782 W Via Zibello Los Angeles 91504,,,,
209446,384789,,2401045002.0,,9718.0,,,West,Via,,Roma,,,,,,,,,,,,,,91504.0,,Los Angeles,Burbank,,,,,LA City,{26BEC334-1661-4A6C-A12F-0CB8A540E3D4},0,,26BEC334-1661-4A6C-A12F-0CB8A540E3D4,Unknown,,W,,Via,,W Via Roma,2023/09/12 23:03:18+00,9718 W Via Roma Burbank 91504,26BEC334-1661-4A6C-A12F-0CB8A540E3D4_9718_W_Via_Roma_Burbank_91504,Via Roma,9718 W Via Roma Los Angeles 91504,,,,
209447,384790,,2401045002.0,,9724.0,,,West,Via,,Siena,,,,,,,,,,,,,,91504.0,,Los Angeles,Burbank,,,,,LA City,{AF192744-9638-47E6-87FB-ACAA4B72F037},0,,AF192744-9638-47E6-87FB-ACAA4B72F037,Unknown,,W,,Via,,W Via Siena,2023/09/12 23:03:18+00,9724 W Via Siena Burbank 91504,AF192744-9638-47E6-87FB-ACAA4B72F037_9724_W_Via_Siena_Burbank_91504,Via Siena,9724 W Via Siena Los Angeles 91504,,,,
209448,384791,,2401045002.0,,9719.0,,,West,Via,,Roma,,,,,,,,,,,,,,91504.0,,Los Angeles,Burbank,,,,,LA City,{3E295D9E-94A6-4AA1-9FE0-4DDACAB6BC92},0,,3E295D9E-94A6-4AA1-9FE0-4DDACAB6BC92,Unknown,,W,,Via,,W Via Roma,2023/09/12 23:03:18+00,9719 W Via Roma Burbank 91504,3E295D9E-94A6-4AA1-9FE0-4DDACAB6BC92_9719_W_Via_Roma_Burbank_91504,Via Roma,9719 W Via Roma Los Angeles 91504,,,,
209449,384792,,2401045002.0,,7832.0,,,North,Via,,Cassano,,,,,,,,,,,,,,91504.0,,Los Angeles,Burbank,,,,,LA City,{7B1EAE91-C175-45D5-A60F-F89961D2B12B},0,,7B1EAE91-C175-45D5-A60F-F89961D2B12B,Unknown,,N,,Via,,N Via Cassano,2023/09/12 23:03:18+00,7832 N Via Cassano Burbank 91504,7B1EAE91-C175-45D5-A60F-F89961D2B12B_7832_N_Via_Cassano_Burbank_91504,Via Cassano,7832 N Via Cassano Los Angeles 91504,,,,
209450,384793,,2401045002.0,,7829.0,,,North,Via,,Cassano,,,,,,,,,,,,,,91504.0,,Los Angeles,Burbank,,,,,LA City,{C89C926C-30AD-4AE2-B1BF-2F635CE08A1C},0,,C89C926C-30AD-4AE2-B1BF-2F635CE08A1C,Unknown,,N,,Via,,N Via Cassano,2023/09/12 23:03:18+00,7829 N Via Cassano Burbank 91504,C89C926C-30AD-4AE2-B1BF-2F635CE08A1C_7829_N_Via_Cassano_Burbank_91504,Via Cassano,7829 N Via Cassano Los Angeles 91504,,,,
209451,384794,,2401045002.0,,7806.0,,,North,Via,,Genova,,,,,,,,,,,,,,91504.0,,Los Angeles,Burbank,,,,,LA City,{14A5A778-B711-48A4-B162-D77BDD153B8C},0,,14A5A778-B711-48A4-B162-D77BDD153B8C,Unknown,,N,,Via,,N Via Genova,2023/09/12 23:03:18+00,7806 N Via Genova Burbank 91504,14A5A778-B711-48A4-B162-D77BDD153B8C_7806_N_Via_Genova_Burbank_91504,Via Genova,7806 N Via Genova Los Angeles 91504,,,,
209452,384795,,2401045002.0,,7809.0,,,North,Via,,Tortona,,,,,,,,,,,,,,91504.0,,Los Angeles,Burbank,,,,,LA City,{5504D416-2ACD-42A1-9134-1C9258757032},0,,5504D416-2ACD-42A1-9134-1C9258757032,Unknown,,N,,Via,,N Via Tortona,2023/09/12 23:03:18+00,7809 N Via Tortona Burbank 91504,5504D416-2ACD-42A1-9134-1C9258757032_7809_N_Via_Tortona_Burbank_91504,Via Tortona,7809 N Via Tortona Los Angeles 91504,,,,
209453,384796,,2401045002.0,,9745.0,,,West,Via,,Roma,,,,,,,,,,,,,,91504.0,,Los Angeles,Burbank,,,,,LA City,{5DE559F2-38C4-4E6E-A0C7-BD2E87F3000E},0,,5DE559F2-38C4-4E6E-A0C7-BD2E87F3000E,Unknown,,W,,Via,,W Via Roma,2023/09/12 23:03:18+00,9745 W Via Roma Burbank 91504,5DE559F2-38C4-4E6E-A0C7-BD2E87F3000E_9745_W_Via_Roma_Burbank_91504,Via Roma,9745 W Via Roma Los Angeles 91504,,,,
209454,384797,,2401045002.0,,9763.0,,,West,Via,,Roma,,,,,,,,,,,,,,91504.0,,Los Angeles,Burbank,,,,,LA City,{F78D5E07-0ED4-4A79-A161-0F9E1CB4DBA5},0,,F78D5E07-0ED4-4A79-A161-0F9E1CB4DBA5,Unknown,,W,,Via,,W Via Roma,2023/09/12 23:03:18+00,9763 W Via Roma Burbank 91504,F78D5E07-0ED4-4A79-A161-0F9E1CB4DBA5_9763_W_Via_Roma_Burbank_91504,Via Roma,9763 W Via Roma Los Angeles 91504,,,,
209455,384798,,2401045002.0,,7825.0,,,North,Via,,Cassano,,,,,,,,,,,,,,91504.0,,Los Angeles,Burbank,,,,,LA City,{F96E1A24-97D6-47C5-B234-BFF635D2D264},0,,F96E1A24-97D6-47C5-B234-BFF635D2D264,Unknown,,N,,Via,,N Via Cassano,2023/09/12 23:03:18+00,7825 N Via Cassano Burbank 91504,F96E1A24-97D6-47C5-B234-BFF635D2D264_7825_N_Via_Cassano_Burbank_91504,Via Cassano,7825 N Via Cassano Los Angeles 91504,,,,
209456,384799,,2401045002.0,,7834.0,,,North,Via,,Cassano,,,,,,,,,,,,,,91504.0,,Los Angeles,Burbank,,,,,LA City,{6C1B0F0F-511D-416D-92D3-F9389FA78D3B},0,,6C1B0F0F-511D-416D-92D3-F9389FA78D3B,Unknown,,N,,Via,,N Via Cassano,2023/09/12 23:03:18+00,7834 N Via Cassano Burbank 91504,6C1B0F0F-511D-416D-92D3-F9389FA78D3B_7834_N_Via_Cassano_Burbank_91504,Via Cassano,7834 N Via Cassano Los Angeles 91504,,,,
209457,384800,,2401045002.0,,9728.0,,,West,Via,,Siena,,,,,,,,,,,,,,91504.0,,Los Angeles,Burbank,,,,,LA City,{3AAD952E-057C-45B4-9DFD-5B05C2003D52},0,,3AAD952E-057C-45B4-9DFD-5B05C2003D52,Unknown,,W,,Via,,W Via Siena,2023/09/12 23:03:18+00,9728 W Via Siena Burbank 91504,3AAD952E-057C-45B4-9DFD-5B05C2003D52_9728_W_Via_Siena_Burbank_91504,Via Siena,9728 W Via Siena Los Angeles 91504,,,,
209458,384801,,2401045002.0,,9759.0,,,West,Via,,Roma,,,,,,,,,,,,,,91504.0,,Los Angeles,Burbank,,,,,LA City,{3D083C44-FE64-499B-9567-07928E74A55C},0,,3D083C44-FE64-499B-9567-07928E74A55C,Unknown,,W,,Via,,W Via Roma,2023/09/12 23:03:18+00,9759 W Via Roma Burbank 91504,3D083C44-FE64-499B-9567-07928E74A55C_9759_W_Via_Roma_Burbank_91504,Via Roma,9759 W Via Roma Los Angeles 91504,,,,
209459,384802,,2401045002.0,,9734.0,,,West,Via,,Siena,,,,,,,,,,,,,,91504.0,,Los Angeles,Burbank,,,,,LA City,{AA2DCD68-8A47-43D9-8B8F-39DC67894BBF},0,,AA2DCD68-8A47-43D9-8B8F-39DC67894BBF,Unknown,,W,,Via,,W Via Siena,2023/09/12 23:03:18+00,9734 W Via Siena Burbank 91504,AA2DCD68-8A47-43D9-8B8F-39DC67894BBF_9734_W_Via_Siena_Burbank_91504,Via Siena,9734 W Via Siena Los Angeles 91504,,,,
209460,384803,,2401045002.0,,9779.0,,,West,Via,,Roma,,,,,,,,,,,,,,91504.0,,Los Angeles,Burbank,,,,,LA City,{1E8CA8D0-A616-4F0F-BA39-B350AF16E948},0,,1E8CA8D0-A616-4F0F-BA39-B350AF16E948,Unknown,,W,,Via,,W Via Roma,2023/09/12 23:03:18+00,9779 W Via Roma Burbank 91504,1E8CA8D0-A616-4F0F-BA39-B350AF16E948_9779_W_Via_Roma_Burbank_91504,Via Roma,9779 W Via Roma Los Angeles 91504,,,,
209461,384804,,2401045002.0,,7817.0,,,North,Via,,Genova,,,,,,,,,,,,,,91504.0,,Los Angeles,Burbank,,,,,LA City,{45C5884A-AFD3-4054-8C6C-34B343A3D504},0,,45C5884A-AFD3-4054-8C6C-34B343A3D504,Unknown,,N,,Via,,N Via Genova,2023/09/12 23:03:18+00,7817 N Via Genova Burbank 91504,45C5884A-AFD3-4054-8C6C-34B343A3D504_7817_N_Via_Genova_Burbank_91504,Via Genova,7817 N Via Genova Los Angeles 91504,,,,
209462,384805,,2401045002.0,,9777.0,,,West,Via,,Roma,,,,,,,,,,,,,,91504.0,,Los Angeles,Burbank,,,,,LA City,{FC5843F7-25AB-4142-89EC-E38B8367B006},0,,FC5843F7-25AB-4142-89EC-E38B8367B006,Unknown,,W,,Via,,W Via Roma,2023/09/12 23:03:18+00,9777 W Via Roma Burbank 91504,FC5843F7-25AB-4142-89EC-E38B8367B006_9777_W_Via_Roma_Burbank_91504,Via Roma,9777 W Via Roma Los Angeles 91504,,,,
209463,384806,,2401045002.0,,7813.0,,,North,Via,,Genova,,,,,,,,,,,,,,91504.0,,Los Angeles,Burbank,,,,,LA City,{D7580E4A-A510-47D7-A134-9429DD1EF131},0,,D7580E4A-A510-47D7-A134-9429DD1EF131,Unknown,,N,,Via,,N Via Genova,2023/09/12 23:03:18+00,7813 N Via Genova Burbank 91504,D7580E4A-A510-47D7-A134-9429DD1EF131_7813_N_Via_Genova_Burbank_91504,Via Genova,7813 N Via Genova Los Angeles 91504,,,,
209464,384807,,2401045002.0,,9701.0,,,West,Via,,Roma,,,,,,,,,,,,,,91504.0,,Los Angeles,Burbank,,,,,LA City,{8A3EBF66-F550-438E-A371-D4CE5C7C6312},0,,8A3EBF66-F550-438E-A371-D4CE5C7C6312,Unknown,,W,,Via,,W Via Roma,2023/09/12 23:03:18+00,9701 W Via Roma Burbank 91504,8A3EBF66-F550-438E-A371-D4CE5C7C6312_9701_W_Via_Roma_Burbank_91504,Via Roma,9701 W Via Roma Los Angeles 91504,,,,
209465,384808,,2401045002.0,,7805.0,,,North,Via,,Udine,,,,,,,,,,,,,,91504.0,,Los Angeles,Burbank,,,,,LA City,{6EFA132B-C36C-44F3-8B1F-4609F8A5056F},0,,6EFA132B-C36C-44F3-8B1F-4609F8A5056F,Unknown,,N,,Via,,N Via Udine,2023/09/12 23:03:18+00,7805 N Via Udine Burbank 91504,6EFA132B-C36C-44F3-8B1F-4609F8A5056F_7805_N_Via_Udine_Burbank_91504,Via Udine,7805 N Via Udine Los Angeles 91504,,,,
209466,384809,,2401045002.0,,7804.0,,,North,Via,,Genova,,,,,,,,,,,,,,91504.0,,Los Angeles,Burbank,,,,,LA City,{845F38CF-AF87-4428-98BA-83C85D31AC69},0,,845F38CF-AF87-4428-98BA-83C85D31AC69,Unknown,,N,,Via,,N Via Genova,2023/09/12 23:03:18+00,7804 N Via Genova Burbank 91504,845F38CF-AF87-4428-98BA-83C85D31AC69_7804_N_Via_Genova_Burbank_91504,Via Genova,7804 N Via Genova Los Angeles 91504,,,,
209467,384810,,2401045002.0,,9765.0,,,West,Via,,Roma,,,,,,,,,,,,,,91504.0,,Los Angeles,Burbank,,,,,LA City,{2C53E930-5D09-4F10-A215-7DE94BDFD884},0,,2C53E930-5D09-4F10-A215-7DE94BDFD884,Unknown,,W,,Via,,W Via Roma,2023/09/12 23:03:18+00,9765 W Via Roma Burbank 91504,2C53E930-5D09-4F10-A215-7DE94BDFD884_9765_W_Via_Roma_Burbank_91504,Via Roma,9765 W Via Roma Los Angeles 91504,,,,
209468,384811,,2401045002.0,,9732.0,,,West,Via,,Siena,,,,,,,,,,,,,,91504.0,,Los Angeles,Burbank,,,,,LA City,{D3BEF15C-9B2E-440C-B340-6FADEBDE76AA},0,,D3BEF15C-9B2E-440C-B340-6FADEBDE76AA,Unknown,,W,,Via,,W Via Siena,2023/09/12 23:03:18+00,9732 W Via Siena Burbank 91504,D3BEF15C-9B2E-440C-B340-6FADEBDE76AA_9732_W_Via_Siena_Burbank_91504,Via Siena,9732 W Via Siena Los Angeles 91504,,,,
209469,384812,,2401045002.0,,9712.0,,,West,Via,,Roma,,,,,,,,,,,,,,91504.0,,Los Angeles,Burbank,,,,,LA City,{A2DF88FF-8EF4-4E77-AB0C-F76662003301},0,,A2DF88FF-8EF4-4E77-AB0C-F76662003301,Unknown,,W,,Via,,W Via Roma,2023/09/12 23:03:18+00,9712 W Via Roma Burbank 91504,A2DF88FF-8EF4-4E77-AB0C-F76662003301_9712_W_Via_Roma_Burbank_91504,Via Roma,9712 W Via Roma Los Angeles 91504,,,,
209470,384813,,2401045002.0,,9727.0,,,West,Via,,Siena,,,,,,,,,,,,,,91504.0,,Los Angeles,Burbank,,,,,LA City,{534DE920-00EB-4077-925B-E06946B1D319},0,,534DE920-00EB-4077-925B-E06946B1D319,Unknown,,W,,Via,,W Via Siena,2023/09/12 23:03:18+00,9727 W Via Siena Burbank 91504,534DE920-00EB-4077-925B-E06946B1D319_9727_W_Via_Siena_Burbank_91504,Via Siena,9727 W Via Siena Los Angeles 91504,,,,
209471,384814,,2401045002.0,,7822.0,,,North,Via,,Cassano,,,,,,,,,,,,,,91504.0,,Los Angeles,Burbank,,,,,LA City,{06316131-2815-4C48-ABD1-37769CB4C559},0,,06316131-2815-4C48-ABD1-37769CB4C559,Unknown,,N,,Via,,N Via Cassano,2023/09/12 23:03:18+00,7822 N Via Cassano Burbank 91504,06316131-2815-4C48-ABD1-37769CB4C559_7822_N_Via_Cassano_Burbank_91504,Via Cassano,7822 N Via Cassano Los Angeles 91504,,,,
209472,384815,,2401045002.0,,9773.0,,,West,Via,,Roma,,,,,,,,,,,,,,91504.0,,Los Angeles,Burbank,,,,,LA City,{99D550F4-9F68-406A-95F9-1F3E4CDAE3C3},0,,99D550F4-9F68-406A-95F9-1F3E4CDAE3C3,Unknown,,W,,Via,,W Via Roma,2023/09/12 23:03:18+00,9773 W Via Roma Burbank 91504,99D550F4-9F68-406A-95F9-1F3E4CDAE3C3_9773_W_Via_Roma_Burbank_91504,Via Roma,9773 W Via Roma Los Angeles 91504,,,,
209473,384816,,2401045002.0,,7818.0,,,North,Via,,Genova,,,,,,,,,,,,,,91504.0,,Los Angeles,Burbank,,,,,LA City,{9FE65D0B-CC6C-4274-875D-409F160826F3},0,,9FE65D0B-CC6C-4274-875D-409F160826F3,Unknown,,N,,Via,,N Via Genova,2023/09/12 23:03:18+00,7818 N Via Genova Burbank 91504,9FE65D0B-CC6C-4274-875D-409F160826F3_7818_N_Via_Genova_Burbank_91504,Via Genova,7818 N Via Genova Los Angeles 91504,,,,
209474,384817,,2401045002.0,,9704.0,,,West,Via,,Roma,,,,,,,,,,,,,,91504.0,,Los Angeles,Burbank,,,,,LA City,{63ECE7A2-AF4A-4870-BD88-14B0291A9132},0,,63ECE7A2-AF4A-4870-BD88-14B0291A9132,Unknown,,W,,Via,,W Via Roma,2023/09/12 23:03:18+00,9704 W Via Roma Burbank 91504,63ECE7A2-AF4A-4870-BD88-14B0291A9132_9704_W_Via_Roma_Burbank_91504,Via Roma,9704 W Via Roma Los Angeles 91504,,,,
209475,384818,,2401045002.0,,9729.0,,,West,Via,,Roma,,,,,,,,,,,,,,91504.0,,Los Angeles,Burbank,,,,,LA City,{FAD7CAE0-E86E-44E5-B5EC-64D4FB97EFEA},0,,FAD7CAE0-E86E-44E5-B5EC-64D4FB97EFEA,Unknown,,W,,Via,,W Via Roma,2023/09/12 23:03:18+00,9729 W Via Roma Burbank 91504,FAD7CAE0-E86E-44E5-B5EC-64D4FB97EFEA_9729_W_Via_Roma_Burbank_91504,Via Roma,9729 W Via Roma Los Angeles 91504,,,,
209476,384819,,2401045002.0,,9747.0,,,West,Via,,Roma,,,,,,,,,,,,,,91504.0,,Los Angeles,Burbank,,,,,LA City,{78AC5CEE-5E5B-48D4-9DAA-8C57D44CA00F},0,,78AC5CEE-5E5B-48D4-9DAA-8C57D44CA00F,Unknown,,W,,Via,,W Via Roma,2023/09/12 23:03:18+00,9747 W Via Roma Burbank 91504,78AC5CEE-5E5B-48D4-9DAA-8C57D44CA00F_9747_W_Via_Roma_Burbank_91504,Via Roma,9747 W Via Roma Los Angeles 91504,,,,
209477,384820,,2401045002.0,,9751.0,,,West,Via,,Roma,,,,,,,,,,,,,,91504.0,,Los Angeles,Burbank,,,,,LA City,{C52ADD09-8DE9-46D2-ADB3-159E7135E03C},0,,C52ADD09-8DE9-46D2-ADB3-159E7135E03C,Unknown,,W,,Via,,W Via Roma,2023/09/12 23:03:18+00,9751 W Via Roma Burbank 91504,C52ADD09-8DE9-46D2-ADB3-159E7135E03C_9751_W_Via_Roma_Burbank_91504,Via Roma,9751 W Via Roma Los Angeles 91504,,,,
209478,384821,,2401045002.0,,9775.0,,,West,Via,,Roma,,,,,,,,,,,,,,91504.0,,Los Angeles,Burbank,,,,,LA City,{247AE2F7-DBFB-4BFA-BDFB-263853EDFA07},0,,247AE2F7-DBFB-4BFA-BDFB-263853EDFA07,Unknown,,W,,Via,,W Via Roma,2023/09/12 23:03:18+00,9775 W Via Roma Burbank 91504,247AE2F7-DBFB-4BFA-BDFB-263853EDFA07_9775_W_Via_Roma_Burbank_91504,Via Roma,9775 W Via Roma Los Angeles 91504,,,,
209479,384822,,2401045002.0,,9707.0,,,West,Via,,Roma,,,,,,,,,,,,,,91504.0,,Los Angeles,Burbank,,,,,LA City,{EBDF5947-B5CB-445C-868E-3913C64AC2BC},0,,EBDF5947-B5CB-445C-868E-3913C64AC2BC,Unknown,,W,,Via,,W Via Roma,2023/09/12 23:03:18+00,9707 W Via Roma Burbank 91504,EBDF5947-B5CB-445C-868E-3913C64AC2BC_9707_W_Via_Roma_Burbank_91504,Via Roma,9707 W Via Roma Los Angeles 91504,,,,
209480,384823,,2401045002.0,,9757.0,,,West,Via,,Roma,,,,,,,,,,,,,,91504.0,,Los Angeles,Burbank,,,,,LA City,{03AA6211-9023-4743-AB21-CFE90C39351F},0,,03AA6211-9023-4743-AB21-CFE90C39351F,Unknown,,W,,Via,,W Via Roma,2023/09/12 23:03:18+00,9757 W Via Roma Burbank 91504,03AA6211-9023-4743-AB21-CFE90C39351F_9757_W_Via_Roma_Burbank_91504,Via Roma,9757 W Via Roma Los Angeles 91504,,,,
209481,384824,,2401045002.0,,9709.0,,,West,Via,,Roma,,,,,,,,,,,,,,91504.0,,Los Angeles,Burbank,,,,,LA City,{A71A686C-47A2-4995-8F5F-AF0AD32E6DB2},0,,A71A686C-47A2-4995-8F5F-AF0AD32E6DB2,Unknown,,W,,Via,,W Via Roma,2023/09/12 23:03:18+00,9709 W Via Roma Burbank 91504,A71A686C-47A2-4995-8F5F-AF0AD32E6DB2_9709_W_Via_Roma_Burbank_91504,Via Roma,9709 W Via Roma Los Angeles 91504,,,,
209482,384825,,2401045002.0,,9727.0,,,West,Via,,Roma,,,,,,,,,,,,,,91504.0,,Los Angeles,Burbank,,,,,LA City,{99C8AB98-975B-4D95-B92C-95D08B22DF3F},0,,99C8AB98-975B-4D95-B92C-95D08B22DF3F,Unknown,,W,,Via,,W Via Roma,2023/09/12 23:03:18+00,9727 W Via Roma Burbank 91504,99C8AB98-975B-4D95-B92C-95D08B22DF3F_9727_W_Via_Roma_Burbank_91504,Via Roma,9727 W Via Roma Los Angeles 91504,,,,
209483,384826,,2401045002.0,,9774.0,,,West,Via,,Roma,,,,,,,,,,,,,,91504.0,,Los Angeles,Burbank,,,,,LA City,{04855732-E37B-4720-AE80-169F90846DA4},0,,04855732-E37B-4720-AE80-169F90846DA4,Unknown,,W,,Via,,W Via Roma,2023/09/12 23:03:18+00,9774 W Via Roma Burbank 91504,04855732-E37B-4720-AE80-169F90846DA4_9774_W_Via_Roma_Burbank_91504,Via Roma,9774 W Via Roma Los Angeles 91504,,,,
209484,384827,,2401045002.0,,9766.0,,,West,Via,,Roma,,,,,,,,,,,,,,91504.0,,Los Angeles,Burbank,,,,,LA City,{9F6BE3FD-291B-4877-AEFE-CB40DC9D60D1},0,,9F6BE3FD-291B-4877-AEFE-CB40DC9D60D1,Unknown,,W,,Via,,W Via Roma,2023/09/12 23:03:18+00,9766 W Via Roma Burbank 91504,9F6BE3FD-291B-4877-AEFE-CB40DC9D60D1_9766_W_Via_Roma_Burbank_91504,Via Roma,9766 W Via Roma Los Angeles 91504,,,,
209485,384828,,2401045002.0,,7823.0,,,North,Via,,Genova,,,,,,,,,,,,,,91504.0,,Los Angeles,Burbank,,,,,LA City,{35C84228-C900-41F8-939E-4965204732D4},0,,35C84228-C900-41F8-939E-4965204732D4,Unknown,,N,,Via,,N Via Genova,2023/09/12 23:03:18+00,7823 N Via Genova Burbank 91504,35C84228-C900-41F8-939E-4965204732D4_7823_N_Via_Genova_Burbank_91504,Via Genova,7823 N Via Genova Los Angeles 91504,,,,
209486,384829,,2401045002.0,,7814.0,,,North,Via,,Genova,,,,,,,,,,,,,,91504.0,,Los Angeles,Burbank,,,,,LA City,{9FA95747-58CA-4769-92F1-1A3F429491EA},0,,9FA95747-58CA-4769-92F1-1A3F429491EA,Unknown,,N,,Via,,N Via Genova,2023/09/12 23:03:18+00,7814 N Via Genova Burbank 91504,9FA95747-58CA-4769-92F1-1A3F429491EA_7814_N_Via_Genova_Burbank_91504,Via Genova,7814 N Via Genova Los Angeles 91504,,,,
209487,384830,,2401045002.0,,7812.0,,,North,Via,,Genova,,,,,,,,,,,,,,91504.0,,Los Angeles,Burbank,,,,,LA City,{A4F1E0E7-9868-4A9B-8A30-05ED82445557},0,,A4F1E0E7-9868-4A9B-8A30-05ED82445557,Unknown,,N,,Via,,N Via Genova,2023/09/12 23:03:18+00,7812 N Via Genova Burbank 91504,A4F1E0E7-9868-4A9B-8A30-05ED82445557_7812_N_Via_Genova_Burbank_91504,Via Genova,7812 N Via Genova Los Angeles 91504,,,,
209488,384831,,2401045002.0,,7800.0,,,North,Via,,Tortona,,,,,,,,,,,,,,91504.0,,Los Angeles,Burbank,,,,,LA City,{BCF7EB77-E585-49D9-AF8C-23227F249730},0,,BCF7EB77-E585-49D9-AF8C-23227F249730,Unknown,,N,,Via,,N Via Tortona,2023/09/12 23:03:18+00,7800 N Via Tortona Burbank 91504,BCF7EB77-E585-49D9-AF8C-23227F249730_7800_N_Via_Tortona_Burbank_91504,Via Tortona,7800 N Via Tortona Los Angeles 91504,,,,
209489,384832,,2401045002.0,,9706.0,,,West,Via,,Roma,,,,,,,,,,,,,,91504.0,,Los Angeles,Burbank,,,,,LA City,{80DA1DFF-5C6A-479F-8893-5D7333FFDE43},0,,80DA1DFF-5C6A-479F-8893-5D7333FFDE43,Unknown,,W,,Via,,W Via Roma,2023/09/12 23:03:18+00,9706 W Via Roma Burbank 91504,80DA1DFF-5C6A-479F-8893-5D7333FFDE43_9706_W_Via_Roma_Burbank_91504,Via Roma,9706 W Via Roma Los Angeles 91504,,,,
209490,384833,,2401045002.0,,9713.0,,,West,Via,,Roma,,,,,,,,,,,,,,91504.0,,Los Angeles,Burbank,,,,,LA City,{131A4318-BA6F-4383-AE96-9ADA32A0A311},0,,131A4318-BA6F-4383-AE96-9ADA32A0A311,Unknown,,W,,Via,,W Via Roma,2023/09/12 23:03:18+00,9713 W Via Roma Burbank 91504,131A4318-BA6F-4383-AE96-9ADA32A0A311_9713_W_Via_Roma_Burbank_91504,Via Roma,9713 W Via Roma Los Angeles 91504,,,,
209491,384834,,2401045002.0,,7806.0,,,North,Via,,Tortona,,,,,,,,,,,,,,91504.0,,Los Angeles,Burbank,,,,,LA City,{C2F4F843-5812-435D-9CDC-D4D209766AD2},0,,C2F4F843-5812-435D-9CDC-D4D209766AD2,Unknown,,N,,Via,,N Via Tortona,2023/09/12 23:03:18+00,7806 N Via Tortona Burbank 91504,C2F4F843-5812-435D-9CDC-D4D209766AD2_7806_N_Via_Tortona_Burbank_91504,Via Tortona,7806 N Via Tortona Los Angeles 91504,,,,
209492,384835,,2401045002.0,,9725.0,,,West,Via,,Roma,,,,,,,,,,,,,,91504.0,,Los Angeles,Burbank,,,,,LA City,{5E41168D-1313-453B-9538-560421293257},0,,5E41168D-1313-453B-9538-560421293257,Unknown,,W,,Via,,W Via Roma,2023/09/12 23:03:18+00,9725 W Via Roma Burbank 91504,5E41168D-1313-453B-9538-560421293257_9725_W_Via_Roma_Burbank_91504,Via Roma,9725 W Via Roma Los Angeles 91504,,,,
209493,384836,,2401045002.0,,9768.0,,,West,Via,,Roma,,,,,,,,,,,,,,91504.0,,Los Angeles,Burbank,,,,,LA City,{E5577DE1-3AF2-4B4F-B3B0-5A3A2D97B3F7},0,,E5577DE1-3AF2-4B4F-B3B0-5A3A2D97B3F7,Unknown,,W,,Via,,W Via Roma,2023/09/12 23:03:18+00,9768 W Via Roma Burbank 91504,E5577DE1-3AF2-4B4F-B3B0-5A3A2D97B3F7_9768_W_Via_Roma_Burbank_91504,Via Roma,9768 W Via Roma Los Angeles 91504,,,,
209494,384837,,2401045002.0,,9721.0,,,West,Via,,Siena,,,,,,,,,,,,,,91504.0,,Los Angeles,Burbank,,,,,LA City,{7A197C80-2EAC-4AED-8BF5-2F6A3B61E00D},0,,7A197C80-2EAC-4AED-8BF5-2F6A3B61E00D,Unknown,,W,,Via,,W Via Siena,2023/09/12 23:03:18+00,9721 W Via Siena Burbank 91504,7A197C80-2EAC-4AED-8BF5-2F6A3B61E00D_9721_W_Via_Siena_Burbank_91504,Via Siena,9721 W Via Siena Los Angeles 91504,,,,
209495,384838,,2401045002.0,,7803.0,,,North,Via,,Tortona,,,,,,,,,,,,,,91504.0,,Los Angeles,Burbank,,,,,LA City,{0233C17C-7EC7-4107-B925-D850E9888DB3},0,,0233C17C-7EC7-4107-B925-D850E9888DB3,Unknown,,N,,Via,,N Via Tortona,2023/09/12 23:03:18+00,7803 N Via Tortona Burbank 91504,0233C17C-7EC7-4107-B925-D850E9888DB3_7803_N_Via_Tortona_Burbank_91504,Via Tortona,7803 N Via Tortona Los Angeles 91504,,,,
209496,384839,,2401045002.0,,7808.0,,,North,Via,,Tortona,,,,,,,,,,,,,,91504.0,,Los Angeles,Burbank,,,,,LA City,{5F654756-A0CA-42FC-A3DC-1F3B298C2DB6},0,,5F654756-A0CA-42FC-A3DC-1F3B298C2DB6,Unknown,,N,,Via,,N Via Tortona,2023/09/12 23:03:18+00,7808 N Via Tortona Burbank 91504,5F654756-A0CA-42FC-A3DC-1F3B298C2DB6_7808_N_Via_Tortona_Burbank_91504,Via Tortona,7808 N Via Tortona Los Angeles 91504,,,,
209497,384840,,2401045002.0,,9705.0,,,West,Via,,Roma,,,,,,,,,,,,,,91504.0,,Los Angeles,Burbank,,,,,LA City,{B64E044F-09F9-4A30-88DB-852EE7F0C18D},0,,B64E044F-09F9-4A30-88DB-852EE7F0C18D,Unknown,,W,,Via,,W Via Roma,2023/09/12 23:03:18+00,9705 W Via Roma Burbank 91504,B64E044F-09F9-4A30-88DB-852EE7F0C18D_9705_W_Via_Roma_Burbank_91504,Via Roma,9705 W Via Roma Los Angeles 91504,,,,
209498,384841,,2401045002.0,,9761.0,,,West,Via,,Roma,,,,,,,,,,,,,,91504.0,,Los Angeles,Burbank,,,,,LA City,{63EEF309-4C01-46AB-BA43-3EAA2EC0B6BA},0,,63EEF309-4C01-46AB-BA43-3EAA2EC0B6BA,Unknown,,W,,Via,,W Via Roma,2023/09/12 23:03:18+00,9761 W Via Roma Burbank 91504,63EEF309-4C01-46AB-BA43-3EAA2EC0B6BA_9761_W_Via_Roma_Burbank_91504,Via Roma,9761 W Via Roma Los Angeles 91504,,,,
209499,384842,,2401045002.0,,7801.0,,,North,Via,,Tortona,,,,,,,,,,,,,,91504.0,,Los Angeles,Burbank,,,,,LA City,{74700335-BCDB-4F56-9A88-8B0705A9DBB2},0,,74700335-BCDB-4F56-9A88-8B0705A9DBB2,Unknown,,N,,Via,,N Via Tortona,2023/09/12 23:03:18+00,7801 N Via Tortona Burbank 91504,74700335-BCDB-4F56-9A88-8B0705A9DBB2_7801_N_Via_Tortona_Burbank_91504,Via Tortona,7801 N Via Tortona Los Angeles 91504,,,,
209500,384843,,2401045002.0,,7805.0,,,North,Via,,Tortona,,,,,,,,,,,,,,91504.0,,Los Angeles,Burbank,,,,,LA City,{30B89F55-FD18-413B-8696-E99CE9EDA749},0,,30B89F55-FD18-413B-8696-E99CE9EDA749,Unknown,,N,,Via,,N Via Tortona,2023/09/12 23:03:18+00,7805 N Via Tortona Burbank 91504,30B89F55-FD18-413B-8696-E99CE9EDA749_7805_N_Via_Tortona_Burbank_91504,Via Tortona,7805 N Via Tortona Los Angeles 91504,,,,
209501,384844,,2401045002.0,,9720.0,,,West,Via,,Siena,,,,,,,,,,,,,,91504.0,,Los Angeles,Burbank,,,,,LA City,{FA312F10-F8E0-49DE-B8DB-D70615EE1B48},0,,FA312F10-F8E0-49DE-B8DB-D70615EE1B48,Unknown,,W,,Via,,W Via Siena,2023/09/12 23:03:18+00,9720 W Via Siena Burbank 91504,FA312F10-F8E0-49DE-B8DB-D70615EE1B48_9720_W_Via_Siena_Burbank_91504,Via Siena,9720 W Via Siena Los Angeles 91504,,,,
209502,384845,,2401045002.0,,9715.0,,,West,Via,,Roma,,,,,,,,,,,,,,91504.0,,Los Angeles,Burbank,,,,,LA City,{4CD8D118-30A2-4E57-BA24-E7143D58DDA9},0,,4CD8D118-30A2-4E57-BA24-E7143D58DDA9,Unknown,,W,,Via,,W Via Roma,2023/09/12 23:03:18+00,9715 W Via Roma Burbank 91504,4CD8D118-30A2-4E57-BA24-E7143D58DDA9_9715_W_Via_Roma_Burbank_91504,Via Roma,9715 W Via Roma Los Angeles 91504,,,,
209503,384846,,2401045002.0,,7800.0,,,North,Via,,Genova,,,,,,,,,,,,,,91504.0,,Los Angeles,Burbank,,,,,LA City,{BEAFDD31-DEAD-4E43-97B7-479F23FCAAB1},0,,BEAFDD31-DEAD-4E43-97B7-479F23FCAAB1,Unknown,,N,,Via,,N Via Genova,2023/09/12 23:03:18+00,7800 N Via Genova Burbank 91504,BEAFDD31-DEAD-4E43-97B7-479F23FCAAB1_7800_N_Via_Genova_Burbank_91504,Via Genova,7800 N Via Genova Los Angeles 91504,,,,
209504,384847,,2401045002.0,,9702.0,,,West,Via,,Roma,,,,,,,,,,,,,,91504.0,,Los Angeles,Burbank,,,,,LA City,{3F9E6F51-3C40-449C-8195-6D39C3545A45},0,,3F9E6F51-3C40-449C-8195-6D39C3545A45,Unknown,,W,,Via,,W Via Roma,2023/09/12 23:03:18+00,9702 W Via Roma Burbank 91504,3F9E6F51-3C40-449C-8195-6D39C3545A45_9702_W_Via_Roma_Burbank_91504,Via Roma,9702 W Via Roma Los Angeles 91504,,,,
209505,384848,,2401045002.0,,9714.0,,,West,Via,,Roma,,,,,,,,,,,,,,91504.0,,Los Angeles,Burbank,,,,,LA City,{3E140EC7-E52A-4EEE-8B06-9692A137CC70},0,,3E140EC7-E52A-4EEE-8B06-9692A137CC70,Unknown,,W,,Via,,W Via Roma,2023/09/12 23:03:18+00,9714 W Via Roma Burbank 91504,3E140EC7-E52A-4EEE-8B06-9692A137CC70_9714_W_Via_Roma_Burbank_91504,Via Roma,9714 W Via Roma Los Angeles 91504,,,,
209506,384849,,2401045002.0,,9762.0,,,West,Via,,Roma,,,,,,,,,,,,,,91504.0,,Los Angeles,Burbank,,,,,LA City,{14BC862E-8662-4832-AF61-1F55A1DB4D79},0,,14BC862E-8662-4832-AF61-1F55A1DB4D79,Unknown,,W,,Via,,W Via Roma,2023/09/12 23:03:18+00,9762 W Via Roma Burbank 91504,14BC862E-8662-4832-AF61-1F55A1DB4D79_9762_W_Via_Roma_Burbank_91504,Via Roma,9762 W Via Roma Los Angeles 91504,,,,
209507,384850,,2401045002.0,,9742.0,,,West,Via,,Roma,,,,,,,,,,,,,,91504.0,,Los Angeles,Burbank,,,,,LA City,{367DFA3D-3D92-48DA-AC5F-11F24DE23432},0,,367DFA3D-3D92-48DA-AC5F-11F24DE23432,Unknown,,W,,Via,,W Via Roma,2023/09/12 23:03:18+00,9742 W Via Roma Burbank 91504,367DFA3D-3D92-48DA-AC5F-11F24DE23432_9742_W_Via_Roma_Burbank_91504,Via Roma,9742 W Via Roma Los Angeles 91504,,,,
209508,384851,,2401045002.0,,9716.0,,,West,Via,,Roma,,,,,,,,,,,,,,91504.0,,Los Angeles,Burbank,,,,,LA City,{515EA834-6076-4C65-AFCE-D1E6BB7BB888},0,,515EA834-6076-4C65-AFCE-D1E6BB7BB888,Unknown,,W,,Via,,W Via Roma,2023/09/12 23:03:18+00,9716 W Via Roma Burbank 91504,515EA834-6076-4C65-AFCE-D1E6BB7BB888_9716_W_Via_Roma_Burbank_91504,Via Roma,9716 W Via Roma Los Angeles 91504,,,,
209509,384852,,2401045002.0,,9723.0,,,West,Via,,Roma,,,,,,,,,,,,,,91504.0,,Los Angeles,Burbank,,,,,LA City,{0750642A-9083-496A-86D2-74ED8949CF11},0,,0750642A-9083-496A-86D2-74ED8949CF11,Unknown,,W,,Via,,W Via Roma,2023/09/12 23:03:18+00,9723 W Via Roma Burbank 91504,0750642A-9083-496A-86D2-74ED8949CF11_9723_W_Via_Roma_Burbank_91504,Via Roma,9723 W Via Roma Los Angeles 91504,,,,
209510,384853,,2401045002.0,,9772.0,,,West,Via,,Roma,,,,,,,,,,,,,,91504.0,,Los Angeles,Burbank,,,,,LA City,{7441164F-6568-4376-A518-3426216CF81A},0,,7441164F-6568-4376-A518-3426216CF81A,Unknown,,W,,Via,,W Via Roma,2023/09/12 23:03:18+00,9772 W Via Roma Burbank 91504,7441164F-6568-4376-A518-3426216CF81A_9772_W_Via_Roma_Burbank_91504,Via Roma,9772 W Via Roma Los Angeles 91504,,,,
209511,384854,,2401045002.0,,9728.0,,,West,Via,,Roma,,,,,,,,,,,,,,91504.0,,Los Angeles,Burbank,,,,,LA City,{F5576C4D-110A-4105-AE6D-292F5A51D830},0,,F5576C4D-110A-4105-AE6D-292F5A51D830,Unknown,,W,,Via,,W Via Roma,2023/09/12 23:03:18+00,9728 W Via Roma Burbank 91504,F5576C4D-110A-4105-AE6D-292F5A51D830_9728_W_Via_Roma_Burbank_91504,Via Roma,9728 W Via Roma Los Angeles 91504,,,,
209512,384855,,2401045002.0,,9733.0,,,West,Via,,Roma,,,,,,,,,,,,,,91504.0,,Los Angeles,Burbank,,,,,LA City,{17A7F557-41F6-4CBC-B6E3-037C37644BEE},0,,17A7F557-41F6-4CBC-B6E3-037C37644BEE,Unknown,,W,,Via,,W Via Roma,2023/09/12 23:03:18+00,9733 W Via Roma Burbank 91504,17A7F557-41F6-4CBC-B6E3-037C37644BEE_9733_W_Via_Roma_Burbank_91504,Via Roma,9733 W Via Roma Los Angeles 91504,,,,
209513,384856,,2401045002.0,,7835.0,,,North,Via,,Cassano,,,,,,,,,,,,,,91504.0,,Los Angeles,Burbank,,,,,LA City,{A1CB199A-2167-4B58-B139-C4D9CD432FA6},0,,A1CB199A-2167-4B58-B139-C4D9CD432FA6,Unknown,,N,,Via,,N Via Cassano,2023/09/12 23:03:18+00,7835 N Via Cassano Burbank 91504,A1CB199A-2167-4B58-B139-C4D9CD432FA6_7835_N_Via_Cassano_Burbank_91504,Via Cassano,7835 N Via Cassano Los Angeles 91504,,,,
209514,384857,,2401045002.0,,7810.0,,,North,Via,,Tortona,,,,,,,,,,,,,,91504.0,,Los Angeles,Burbank,,,,,LA City,{E0200B1B-6378-4176-B70F-195691298BFD},0,,E0200B1B-6378-4176-B70F-195691298BFD,Unknown,,N,,Via,,N Via Tortona,2023/09/12 23:03:18+00,7810 N Via Tortona Burbank 91504,E0200B1B-6378-4176-B70F-195691298BFD_7810_N_Via_Tortona_Burbank_91504,Via Tortona,7810 N Via Tortona Los Angeles 91504,,,,
209515,384858,,2401045002.0,,7820.0,,,North,Via,,Genova,,,,,,,,,,,,,,91504.0,,Los Angeles,Burbank,,,,,LA City,{3C426A80-9BFC-463C-8361-6A39C8363101},0,,3C426A80-9BFC-463C-8361-6A39C8363101,Unknown,,N,,Via,,N Via Genova,2023/09/12 23:03:18+00,7820 N Via Genova Burbank 91504,3C426A80-9BFC-463C-8361-6A39C8363101_7820_N_Via_Genova_Burbank_91504,Via Genova,7820 N Via Genova Los Angeles 91504,,,,
209516,384859,,2401045002.0,,7827.0,,,North,Via,,Cassano,,,,,,,,,,,,,,91504.0,,Los Angeles,Burbank,,,,,LA City,{AC739CF1-66BF-43EF-823C-3DF152970A84},0,,AC739CF1-66BF-43EF-823C-3DF152970A84,Unknown,,N,,Via,,N Via Cassano,2023/09/12 23:03:18+00,7827 N Via Cassano Burbank 91504,AC739CF1-66BF-43EF-823C-3DF152970A84_7827_N_Via_Cassano_Burbank_91504,Via Cassano,7827 N Via Cassano Los Angeles 91504,,,,
209517,384860,,2401045002.0,,7821.0,,,North,Via,,Genova,,,,,,,,,,,,,,91504.0,,Los Angeles,Burbank,,,,,LA City,{FF62D7E3-A8CF-40F1-A9F5-2C06827C2E34},0,,FF62D7E3-A8CF-40F1-A9F5-2C06827C2E34,Unknown,,N,,Via,,N Via Genova,2023/09/12 23:03:18+00,7821 N Via Genova Burbank 91504,FF62D7E3-A8CF-40F1-A9F5-2C06827C2E34_7821_N_Via_Genova_Burbank_91504,Via Genova,7821 N Via Genova Los Angeles 91504,,,,
209518,384861,,2401045002.0,,9726.0,,,West,Via,,Siena,,,,,,,,,,,,,,91504.0,,Los Angeles,Burbank,,,,,LA City,{A73C8CA7-06D4-4B3F-B3D6-0DD462B34A57},0,,A73C8CA7-06D4-4B3F-B3D6-0DD462B34A57,Unknown,,W,,Via,,W Via Siena,2023/09/12 23:03:18+00,9726 W Via Siena Burbank 91504,A73C8CA7-06D4-4B3F-B3D6-0DD462B34A57_9726_W_Via_Siena_Burbank_91504,Via Siena,9726 W Via Siena Los Angeles 91504,,,,
209519,384862,,2401045002.0,,9755.0,,,West,Via,,Roma,,,,,,,,,,,,,,91504.0,,Los Angeles,Burbank,,,,,LA City,{072D5575-3F2A-4382-BAF7-981ED7A0696E},0,,072D5575-3F2A-4382-BAF7-981ED7A0696E,Unknown,,W,,Via,,W Via Roma,2023/09/12 23:03:18+00,9755 W Via Roma Burbank 91504,072D5575-3F2A-4382-BAF7-981ED7A0696E_9755_W_Via_Roma_Burbank_91504,Via Roma,9755 W Via Roma Los Angeles 91504,,,,
209520,384863,,2401045002.0,,9753.0,,,West,Via,,Roma,,,,,,,,,,,,,,91504.0,,Los Angeles,Burbank,,,,,LA City,{726A8832-00A4-4D81-ADFC-B3C63E244157},0,,726A8832-00A4-4D81-ADFC-B3C63E244157,Unknown,,W,,Via,,W Via Roma,2023/09/12 23:03:18+00,9753 W Via Roma Burbank 91504,726A8832-00A4-4D81-ADFC-B3C63E244157_9753_W_Via_Roma_Burbank_91504,Via Roma,9753 W Via Roma Los Angeles 91504,,,,
209521,384864,,2401045002.0,,7819.0,,,North,Via,,Genova,,,,,,,,,,,,,,91504.0,,Los Angeles,Burbank,,,,,LA City,{2EC45BBC-9BA6-4ACB-B991-0C67F1B39611},0,,2EC45BBC-9BA6-4ACB-B991-0C67F1B39611,Unknown,,N,,Via,,N Via Genova,2023/09/12 23:03:18+00,7819 N Via Genova Burbank 91504,2EC45BBC-9BA6-4ACB-B991-0C67F1B39611_7819_N_Via_Genova_Burbank_91504,Via Genova,7819 N Via Genova Los Angeles 91504,,,,
209522,384865,,2401045002.0,,7810.0,,,North,Via,,Genova,,,,,,,,,,,,,,91504.0,,Los Angeles,Burbank,,,,,LA City,{046D8AA6-615F-417A-8D89-0F9A4E586B65},0,,046D8AA6-615F-417A-8D89-0F9A4E586B65,Unknown,,N,,Via,,N Via Genova,2023/09/12 23:03:18+00,7810 N Via Genova Burbank 91504,046D8AA6-615F-417A-8D89-0F9A4E586B65_7810_N_Via_Genova_Burbank_91504,Via Genova,7810 N Via Genova Los Angeles 91504,,,,
209523,384866,,2401045002.0,,9764.0,,,West,Via,,Roma,,,,,,,,,,,,,,91504.0,,Los Angeles,Burbank,,,,,LA City,{1488C5B4-3EC7-4841-AD2D-C352DE537E46},0,,1488C5B4-3EC7-4841-AD2D-C352DE537E46,Unknown,,W,,Via,,W Via Roma,2023/09/12 23:03:18+00,9764 W Via Roma Burbank 91504,1488C5B4-3EC7-4841-AD2D-C352DE537E46_9764_W_Via_Roma_Burbank_91504,Via Roma,9764 W Via Roma Los Angeles 91504,,,,
209524,384867,,2401045002.0,,9723.0,,,West,Via,,Siena,,,,,,,,,,,,,,91504.0,,Los Angeles,Burbank,,,,,LA City,{BBFA504A-3756-46A5-9B13-18AC117D5A13},0,,BBFA504A-3756-46A5-9B13-18AC117D5A13,Unknown,,W,,Via,,W Via Siena,2023/09/12 23:03:18+00,9723 W Via Siena Burbank 91504,BBFA504A-3756-46A5-9B13-18AC117D5A13_9723_W_Via_Siena_Burbank_91504,Via Siena,9723 W Via Siena Los Angeles 91504,,,,
209525,384868,,2401045002.0,,7807.0,,,North,Via,,Tortona,,,,,,,,,,,,,,91504.0,,Los Angeles,Burbank,,,,,LA City,{A891CC26-4B9C-4A70-B833-E56398FDAA1A},0,,A891CC26-4B9C-4A70-B833-E56398FDAA1A,Unknown,,N,,Via,,N Via Tortona,2023/09/12 23:03:18+00,7807 N Via Tortona Burbank 91504,A891CC26-4B9C-4A70-B833-E56398FDAA1A_7807_N_Via_Tortona_Burbank_91504,Via Tortona,7807 N Via Tortona Los Angeles 91504,,,,
209526,384869,,2401045002.0,,7802.0,,,North,Via,,Genova,,,,,,,,,,,,,,91504.0,,Los Angeles,Burbank,,,,,LA City,{730556EF-4D71-460D-8C5D-7029E0A091E6},0,,730556EF-4D71-460D-8C5D-7029E0A091E6,Unknown,,N,,Via,,N Via Genova,2023/09/12 23:03:18+00,7802 N Via Genova Burbank 91504,730556EF-4D71-460D-8C5D-7029E0A091E6_7802_N_Via_Genova_Burbank_91504,Via Genova,7802 N Via Genova Los Angeles 91504,,,,
209527,384870,,2401045002.0,,9739.0,,,West,Via,,Roma,,,,,,,,,,,,,,91504.0,,Los Angeles,Burbank,,,,,LA City,{968F49F1-D4A8-452C-8E48-8355E7FE9184},0,,968F49F1-D4A8-452C-8E48-8355E7FE9184,Unknown,,W,,Via,,W Via Roma,2023/09/12 23:03:18+00,9739 W Via Roma Burbank 91504,968F49F1-D4A8-452C-8E48-8355E7FE9184_9739_W_Via_Roma_Burbank_91504,Via Roma,9739 W Via Roma Los Angeles 91504,,,,
209528,384871,,2401045002.0,,9724.0,,,West,Via,,Roma,,,,,,,,,,,,,,91504.0,,Los Angeles,Burbank,,,,,LA City,{EE9F996C-83EB-43CC-B7C8-C95FEAE67B03},0,,EE9F996C-83EB-43CC-B7C8-C95FEAE67B03,Unknown,,W,,Via,,W Via Roma,2023/09/12 23:03:18+00,9724 W Via Roma Burbank 91504,EE9F996C-83EB-43CC-B7C8-C95FEAE67B03_9724_W_Via_Roma_Burbank_91504,Via Roma,9724 W Via Roma Los Angeles 91504,,,,
209529,384872,,2401045002.0,,7836.0,,,North,Via,,Cassano,,,,,,,,,,,,,,91504.0,,Los Angeles,Burbank,,,,,LA City,{2273F6A0-D86F-480A-A75B-8F58441A5856},0,,2273F6A0-D86F-480A-A75B-8F58441A5856,Unknown,,N,,Via,,N Via Cassano,2023/09/12 23:03:18+00,7836 N Via Cassano Burbank 91504,2273F6A0-D86F-480A-A75B-8F58441A5856_7836_N_Via_Cassano_Burbank_91504,Via Cassano,7836 N Via Cassano Los Angeles 91504,,,,
209530,384873,,2401045002.0,,9703.0,,,West,Via,,Roma,,,,,,,,,,,,,,91504.0,,Los Angeles,Burbank,,,,,LA City,{252265CA-5D62-411F-8C0B-FA655D643187},0,,252265CA-5D62-411F-8C0B-FA655D643187,Unknown,,W,,Via,,W Via Roma,2023/09/12 23:03:18+00,9703 W Via Roma Burbank 91504,252265CA-5D62-411F-8C0B-FA655D643187_9703_W_Via_Roma_Burbank_91504,Via Roma,9703 W Via Roma Los Angeles 91504,,,,
209531,384874,,2401045002.0,,9754.0,,,West,Via,,Roma,,,,,,,,,,,,,,91504.0,,Los Angeles,Burbank,,,,,LA City,{03FB719A-3C01-4BC1-BBF8-62BDAE33FBF8},0,,03FB719A-3C01-4BC1-BBF8-62BDAE33FBF8,Unknown,,W,,Via,,W Via Roma,2023/09/12 23:03:18+00,9754 W Via Roma Burbank 91504,03FB719A-3C01-4BC1-BBF8-62BDAE33FBF8_9754_W_Via_Roma_Burbank_91504,Via Roma,9754 W Via Roma Los Angeles 91504,,,,
209532,384875,,2401045002.0,,9734.0,,,West,Via,,Roma,,,,,,,,,,,,,,91504.0,,Los Angeles,Burbank,,,,,LA City,{F464D994-2ABE-464E-A325-DFE7ABFE96B7},0,,F464D994-2ABE-464E-A325-DFE7ABFE96B7,Unknown,,W,,Via,,W Via Roma,2023/09/12 23:03:18+00,9734 W Via Roma Burbank 91504,F464D994-2ABE-464E-A325-DFE7ABFE96B7_9734_W_Via_Roma_Burbank_91504,Via Roma,9734 W Via Roma Los Angeles 91504,,,,
209533,384876,,2401045002.0,,9767.0,,,West,Via,,Roma,,,,,,,,,,,,,,91504.0,,Los Angeles,Burbank,,,,,LA City,{D676D36A-E763-4E94-B0AD-D13992B114C2},0,,D676D36A-E763-4E94-B0AD-D13992B114C2,Unknown,,W,,Via,,W Via Roma,2023/09/12 23:03:18+00,9767 W Via Roma Burbank 91504,D676D36A-E763-4E94-B0AD-D13992B114C2_9767_W_Via_Roma_Burbank_91504,Via Roma,9767 W Via Roma Los Angeles 91504,,,,
209534,384877,,2401045002.0,,9741.0,,,West,Via,,Roma,,,,,,,,,,,,,,91504.0,,Los Angeles,Burbank,,,,,LA City,{36E480A7-9FC3-4F1E-BDEA-B2D7F027C8BA},0,,36E480A7-9FC3-4F1E-BDEA-B2D7F027C8BA,Unknown,,W,,Via,,W Via Roma,2023/09/12 23:03:18+00,9741 W Via Roma Burbank 91504,36E480A7-9FC3-4F1E-BDEA-B2D7F027C8BA_9741_W_Via_Roma_Burbank_91504,Via Roma,9741 W Via Roma Los Angeles 91504,,,,
209535,384878,,2401045002.0,,9743.0,,,West,Via,,Roma,,,,,,,,,,,,,,91504.0,,Los Angeles,Burbank,,,,,LA City,{16DBFA37-17D7-4F0B-90EC-933042DBF2B8},0,,16DBFA37-17D7-4F0B-90EC-933042DBF2B8,Unknown,,W,,Via,,W Via Roma,2023/09/12 23:03:18+00,9743 W Via Roma Burbank 91504,16DBFA37-17D7-4F0B-90EC-933042DBF2B8_9743_W_Via_Roma_Burbank_91504,Via Roma,9743 W Via Roma Los Angeles 91504,,,,
209536,384879,,2401045002.0,,9737.0,,,West,Via,,Roma,,,,,,,,,,,,,,91504.0,,Los Angeles,Burbank,,,,,LA City,{C3C612A5-C75F-4FCB-80EE-5FC1634E1B5C},0,,C3C612A5-C75F-4FCB-80EE-5FC1634E1B5C,Unknown,,W,,Via,,W Via Roma,2023/09/12 23:03:18+00,9737 W Via Roma Burbank 91504,C3C612A5-C75F-4FCB-80EE-5FC1634E1B5C_9737_W_Via_Roma_Burbank_91504,Via Roma,9737 W Via Roma Los Angeles 91504,,,,
209537,384880,,2401045002.0,,9730.0,,,West,Via,,Siena,,,,,,,,,,,,,,91504.0,,Los Angeles,Burbank,,,,,LA City,{1536D301-5B49-4D00-A132-58B6F521CEF6},0,,1536D301-5B49-4D00-A132-58B6F521CEF6,Unknown,,W,,Via,,W Via Siena,2023/09/12 23:03:18+00,9730 W Via Siena Burbank 91504,1536D301-5B49-4D00-A132-58B6F521CEF6_9730_W_Via_Siena_Burbank_91504,Via Siena,9730 W Via Siena Los Angeles 91504,,,,
209538,384881,,2401045002.0,,9732.0,,,West,Via,,Roma,,,,,,,,,,,,,,91504.0,,Los Angeles,Burbank,,,,,LA City,{73443229-4C82-4139-95EE-6AB98EE2F1D3},0,,73443229-4C82-4139-95EE-6AB98EE2F1D3,Unknown,,W,,Via,,W Via Roma,2023/09/12 23:03:18+00,9732 W Via Roma Burbank 91504,73443229-4C82-4139-95EE-6AB98EE2F1D3_9732_W_Via_Roma_Burbank_91504,Via Roma,9732 W Via Roma Los Angeles 91504,,,,
209539,384882,,2401045002.0,,7808.0,,,North,Via,,Genova,,,,,,,,,,,,,,91504.0,,Los Angeles,Burbank,,,,,LA City,{1C9A5207-82AC-42F0-A05F-1614C68CB544},0,,1C9A5207-82AC-42F0-A05F-1614C68CB544,Unknown,,N,,Via,,N Via Genova,2023/09/12 23:03:18+00,7808 N Via Genova Burbank 91504,1C9A5207-82AC-42F0-A05F-1614C68CB544_7808_N_Via_Genova_Burbank_91504,Via Genova,7808 N Via Genova Los Angeles 91504,,,,
209540,384883,,2401045002.0,,9746.0,,,West,Via,,Roma,,,,,,,,,,,,,,91504.0,,Los Angeles,Burbank,,,,,LA City,{A0D99B38-3724-493E-AAB2-0B6C560BA26A},0,,A0D99B38-3724-493E-AAB2-0B6C560BA26A,Unknown,,W,,Via,,W Via Roma,2023/09/12 23:03:18+00,9746 W Via Roma Burbank 91504,A0D99B38-3724-493E-AAB2-0B6C560BA26A_9746_W_Via_Roma_Burbank_91504,Via Roma,9746 W Via Roma Los Angeles 91504,,,,
209541,384884,,2401045002.0,,7824.0,,,North,Via,,Cassano,,,,,,,,,,,,,,91504.0,,Los Angeles,Burbank,,,,,LA City,{26D62C10-9331-4A1A-9E97-CBB69F806721},0,,26D62C10-9331-4A1A-9E97-CBB69F806721,Unknown,,N,,Via,,N Via Cassano,2023/09/12 23:03:18+00,7824 N Via Cassano Burbank 91504,26D62C10-9331-4A1A-9E97-CBB69F806721_7824_N_Via_Cassano_Burbank_91504,Via Cassano,7824 N Via Cassano Los Angeles 91504,,,,
209542,384885,,2401045002.0,,9778.0,,,West,Via,,Roma,,,,,,,,,,,,,,91504.0,,Los Angeles,Burbank,,,,,LA City,{2364E2F0-6708-439D-ACEC-06B3F1DBC354},0,,2364E2F0-6708-439D-ACEC-06B3F1DBC354,Unknown,,W,,Via,,W Via Roma,2023/09/12 23:03:18+00,9778 W Via Roma Burbank 91504,2364E2F0-6708-439D-ACEC-06B3F1DBC354_9778_W_Via_Roma_Burbank_91504,Via Roma,9778 W Via Roma Los Angeles 91504,,,,
209543,384886,,2401045002.0,,9749.0,,,West,Via,,Roma,,,,,,,,,,,,,,91504.0,,Los Angeles,Burbank,,,,,LA City,{71B47F5A-77E8-42F6-A75E-52760D3E0315},0,,71B47F5A-77E8-42F6-A75E-52760D3E0315,Unknown,,W,,Via,,W Via Roma,2023/09/12 23:03:18+00,9749 W Via Roma Burbank 91504,71B47F5A-77E8-42F6-A75E-52760D3E0315_9749_W_Via_Roma_Burbank_91504,Via Roma,9749 W Via Roma Los Angeles 91504,,,,
209544,384887,,2401045002.0,,9776.0,,,West,Via,,Roma,,,,,,,,,,,,,,91504.0,,Los Angeles,Burbank,,,,,LA City,{6D317170-A674-4660-A935-EF6D00EE5EDB},0,,6D317170-A674-4660-A935-EF6D00EE5EDB,Unknown,,W,,Via,,W Via Roma,2023/09/12 23:03:18+00,9776 W Via Roma Burbank 91504,6D317170-A674-4660-A935-EF6D00EE5EDB_9776_W_Via_Roma_Burbank_91504,Via Roma,9776 W Via Roma Los Angeles 91504,,,,
209545,384888,,2401045002.0,,9700.0,,,West,Via,,Roma,,,,,,,,,,,,,,91504.0,,Los Angeles,Burbank,,,,,LA City,{AF3D025A-8568-4617-96C3-7CD21B994198},0,,AF3D025A-8568-4617-96C3-7CD21B994198,Unknown,,W,,Via,,W Via Roma,2023/09/12 23:03:18+00,9700 W Via Roma Burbank 91504,AF3D025A-8568-4617-96C3-7CD21B994198_9700_W_Via_Roma_Burbank_91504,Via Roma,9700 W Via Roma Los Angeles 91504,,,,
209546,384889,,2401045002.0,,7807.0,,,North,Via,,Udine,,,,,,,,,,,,,,91504.0,,Los Angeles,Burbank,,,,,LA City,{EEFE7681-CA9C-4843-B924-AA2E829878C3},0,,EEFE7681-CA9C-4843-B924-AA2E829878C3,Unknown,,N,,Via,,N Via Udine,2023/09/12 23:03:18+00,7807 N Via Udine Burbank 91504,EEFE7681-CA9C-4843-B924-AA2E829878C3_7807_N_Via_Udine_Burbank_91504,Via Udine,7807 N Via Udine Los Angeles 91504,,,,
209547,384890,,2401045002.0,,7816.0,,,North,Via,,Genova,,,,,,,,,,,,,,91504.0,,Los Angeles,Burbank,,,,,LA City,{0681F96F-5660-47BF-A72B-6153305499E2},0,,0681F96F-5660-47BF-A72B-6153305499E2,Unknown,,N,,Via,,N Via Genova,2023/09/12 23:03:18+00,7816 N Via Genova Burbank 91504,0681F96F-5660-47BF-A72B-6153305499E2_7816_N_Via_Genova_Burbank_91504,Via Genova,7816 N Via Genova Los Angeles 91504,,,,
209548,384891,,2401045002.0,,7804.0,,,North,Via,,Tortona,,,,,,,,,,,,,,91504.0,,Los Angeles,Burbank,,,,,LA City,{954FABCC-5E48-43BA-A249-FA6EFCDC5736},0,,954FABCC-5E48-43BA-A249-FA6EFCDC5736,Unknown,,N,,Via,,N Via Tortona,2023/09/12 23:03:18+00,7804 N Via Tortona Burbank 91504,954FABCC-5E48-43BA-A249-FA6EFCDC5736_7804_N_Via_Tortona_Burbank_91504,Via Tortona,7804 N Via Tortona Los Angeles 91504,,,,
209549,384892,,2401045002.0,,9717.0,,,West,Via,,Roma,,,,,,,,,,,,,,91504.0,,Los Angeles,Burbank,,,,,LA City,{1FF9C07B-F467-47AC-9A7C-5766428AB240},0,,1FF9C07B-F467-47AC-9A7C-5766428AB240,Unknown,,W,,Via,,W Via Roma,2023/09/12 23:03:18+00,9717 W Via Roma Burbank 91504,1FF9C07B-F467-47AC-9A7C-5766428AB240_9717_W_Via_Roma_Burbank_91504,Via Roma,9717 W Via Roma Los Angeles 91504,,,,
209550,384893,,2401045002.0,,9736.0,,,West,Via,,Siena,,,,,,,,,,,,,,91504.0,,Los Angeles,Burbank,,,,,LA City,{00F183CE-99D2-4E4E-A354-D251CEC33298},0,,00F183CE-99D2-4E4E-A354-D251CEC33298,Unknown,,W,,Via,,W Via Siena,2023/09/12 23:03:18+00,9736 W Via Siena Burbank 91504,00F183CE-99D2-4E4E-A354-D251CEC33298_9736_W_Via_Siena_Burbank_91504,Via Siena,9736 W Via Siena Los Angeles 91504,,,,
209551,384894,,2401045002.0,,7815.0,,,North,Via,,Genova,,,,,,,,,,,,,,91504.0,,Los Angeles,Burbank,,,,,LA City,{45704849-D54C-427C-B0C2-89298DBB1FB7},0,,45704849-D54C-427C-B0C2-89298DBB1FB7,Unknown,,N,,Via,,N Via Genova,2023/09/12 23:03:18+00,7815 N Via Genova Burbank 91504,45704849-D54C-427C-B0C2-89298DBB1FB7_7815_N_Via_Genova_Burbank_91504,Via Genova,7815 N Via Genova Los Angeles 91504,,,,
209552,384895,,2401045002.0,,9726.0,,,West,Via,,Roma,,,,,,,,,,,,,,91504.0,,Los Angeles,Burbank,,,,,LA City,{42E298CE-B073-462E-8D35-3AA861C0FA32},0,,42E298CE-B073-462E-8D35-3AA861C0FA32,Unknown,,W,,Via,,W Via Roma,2023/09/12 23:03:18+00,9726 W Via Roma Burbank 91504,42E298CE-B073-462E-8D35-3AA861C0FA32_9726_W_Via_Roma_Burbank_91504,Via Roma,9726 W Via Roma Los Angeles 91504,,,,
209553,384896,,2401045002.0,,9725.0,,,West,Via,,Siena,,,,,,,,,,,,,,91504.0,,Los Angeles,Burbank,,,,,LA City,{2C650AFD-6787-4BC1-B142-BFAFF52B422A},0,,2C650AFD-6787-4BC1-B142-BFAFF52B422A,Unknown,,W,,Via,,W Via Siena,2023/09/12 23:03:18+00,9725 W Via Siena Burbank 91504,2C650AFD-6787-4BC1-B142-BFAFF52B422A_9725_W_Via_Siena_Burbank_91504,Via Siena,9725 W Via Siena Los Angeles 91504,,,,
209554,384897,,2401045002.0,,9744.0,,,West,Via,,Roma,,,,,,,,,,,,,,91504.0,,Los Angeles,Burbank,,,,,LA City,{C4EC36A1-8D6D-4B0C-AA09-342895C6780D},0,,C4EC36A1-8D6D-4B0C-AA09-342895C6780D,Unknown,,W,,Via,,W Via Roma,2023/09/12 23:03:18+00,9744 W Via Roma Burbank 91504,C4EC36A1-8D6D-4B0C-AA09-342895C6780D_9744_W_Via_Roma_Burbank_91504,Via Roma,9744 W Via Roma Los Angeles 91504,,,,
209555,384898,,2401045002.0,,7802.0,,,North,Via,,Tortona,,,,,,,,,,,,,,91504.0,,Los Angeles,Burbank,,,,,LA City,{EE78E57F-4825-4B4C-8233-66B4E1B00915},0,,EE78E57F-4825-4B4C-8233-66B4E1B00915,Unknown,,N,,Via,,N Via Tortona,2023/09/12 23:03:18+00,7802 N Via Tortona Burbank 91504,EE78E57F-4825-4B4C-8233-66B4E1B00915_7802_N_Via_Tortona_Burbank_91504,Via Tortona,7802 N Via Tortona Los Angeles 91504,,,,
209556,384899,,2401045002.0,,9758.0,,,West,Via,,Roma,,,,,,,,,,,,,,91504.0,,Los Angeles,Burbank,,,,,LA City,{96414ED4-7D90-452B-9042-50BBBFC10B94},0,,96414ED4-7D90-452B-9042-50BBBFC10B94,Unknown,,W,,Via,,W Via Roma,2023/09/12 23:03:18+00,9758 W Via Roma Burbank 91504,96414ED4-7D90-452B-9042-50BBBFC10B94_9758_W_Via_Roma_Burbank_91504,Via Roma,9758 W Via Roma Los Angeles 91504,,,,
209557,384900,,2401045002.0,,9722.0,,,West,Via,,Siena,,,,,,,,,,,,,,91504.0,,Los Angeles,Burbank,,,,,LA City,{7C81D6C1-9BC6-4ACC-96CD-0361EEEE37B0},0,,7C81D6C1-9BC6-4ACC-96CD-0361EEEE37B0,Unknown,,W,,Via,,W Via Siena,2023/09/12 23:03:18+00,9722 W Via Siena Burbank 91504,7C81D6C1-9BC6-4ACC-96CD-0361EEEE37B0_9722_W_Via_Siena_Burbank_91504,Via Siena,9722 W Via Siena Los Angeles 91504,,,,
209558,384901,,2401045002.0,,9756.0,,,West,Via,,Roma,,,,,,,,,,,,,,91504.0,,Los Angeles,Burbank,,,,,LA City,{4B1F90A5-D56B-4F61-9D94-A99D54D7F475},0,,4B1F90A5-D56B-4F61-9D94-A99D54D7F475,Unknown,,W,,Via,,W Via Roma,2023/09/12 23:03:18+00,9756 W Via Roma Burbank 91504,4B1F90A5-D56B-4F61-9D94-A99D54D7F475_9756_W_Via_Roma_Burbank_91504,Via Roma,9756 W Via Roma Los Angeles 91504,,,,
209559,384902,,2401045002.0,,7820.0,,,North,Via,,Cassano,,,,,,,,,,,,,,91504.0,,Los Angeles,Burbank,,,,,LA City,{1020F205-9247-4631-995B-560BBC984E25},0,,1020F205-9247-4631-995B-560BBC984E25,Unknown,,N,,Via,,N Via Cassano,2023/09/12 23:03:18+00,7820 N Via Cassano Burbank 91504,1020F205-9247-4631-995B-560BBC984E25_7820_N_Via_Cassano_Burbank_91504,Via Cassano,7820 N Via Cassano Los Angeles 91504,,,,
209560,384903,,2401045002.0,,9731.0,,,West,Via,,Roma,,,,,,,,,,,,,,91504.0,,Los Angeles,Burbank,,,,,LA City,{E2733D88-EC0A-4730-B3F1-00C10EC7FC39},0,,E2733D88-EC0A-4730-B3F1-00C10EC7FC39,Unknown,,W,,Via,,W Via Roma,2023/09/12 23:03:18+00,9731 W Via Roma Burbank 91504,E2733D88-EC0A-4730-B3F1-00C10EC7FC39_9731_W_Via_Roma_Burbank_91504,Via Roma,9731 W Via Roma Los Angeles 91504,,,,
209561,384904,,2401045002.0,,7833.0,,,North,Via,,Cassano,,,,,,,,,,,,,,91504.0,,Los Angeles,Burbank,,,,,LA City,{28B6ED75-B0EE-44A5-A293-AFCE870AB545},0,,28B6ED75-B0EE-44A5-A293-AFCE870AB545,Unknown,,N,,Via,,N Via Cassano,2023/09/12 23:03:18+00,7833 N Via Cassano Burbank 91504,28B6ED75-B0EE-44A5-A293-AFCE870AB545_7833_N_Via_Cassano_Burbank_91504,Via Cassano,7833 N Via Cassano Los Angeles 91504,,,,
209562,384905,,2401045002.0,,9730.0,,,West,Via,,Roma,,,,,,,,,,,,,,91504.0,,Los Angeles,Burbank,,,,,LA City,{AE5CF037-4340-449C-B6B4-85423612BFB5},0,,AE5CF037-4340-449C-B6B4-85423612BFB5,Unknown,,W,,Via,,W Via Roma,2023/09/12 23:03:18+00,9730 W Via Roma Burbank 91504,AE5CF037-4340-449C-B6B4-85423612BFB5_9730_W_Via_Roma_Burbank_91504,Via Roma,9730 W Via Roma Los Angeles 91504,,,,
209563,384906,,2401045002.0,,9735.0,,,West,Via,,Roma,,,,,,,,,,,,,,91504.0,,Los Angeles,Burbank,,,,,LA City,{8510A295-8E31-42A9-B454-7A60A7AE3B8A},0,,8510A295-8E31-42A9-B454-7A60A7AE3B8A,Unknown,,W,,Via,,W Via Roma,2023/09/12 23:03:18+00,9735 W Via Roma Burbank 91504,8510A295-8E31-42A9-B454-7A60A7AE3B8A_9735_W_Via_Roma_Burbank_91504,Via Roma,9735 W Via Roma Los Angeles 91504,,,,
209564,384907,,2401045002.0,,7831.0,,,North,Via,,Cassano,,,,,,,,,,,,,,91504.0,,Los Angeles,Burbank,,,,,LA City,{AA7D1F65-9681-4C60-9A8D-7A1ABE66B42D},0,,AA7D1F65-9681-4C60-9A8D-7A1ABE66B42D,Unknown,,N,,Via,,N Via Cassano,2023/09/12 23:03:18+00,7831 N Via Cassano Burbank 91504,AA7D1F65-9681-4C60-9A8D-7A1ABE66B42D_7831_N_Via_Cassano_Burbank_91504,Via Cassano,7831 N Via Cassano Los Angeles 91504,,,,
209565,384908,,2401045002.0,,7809.0,,,North,Via,,Udine,,,,,,,,,,,,,,91504.0,,Los Angeles,Burbank,,,,,LA City,{519EEA58-5AC1-4447-A0D8-3318F70CE548},0,,519EEA58-5AC1-4447-A0D8-3318F70CE548,Unknown,,N,,Via,,N Via Udine,2023/09/12 23:03:18+00,7809 N Via Udine Burbank 91504,519EEA58-5AC1-4447-A0D8-3318F70CE548_7809_N_Via_Udine_Burbank_91504,Via Udine,7809 N Via Udine Los Angeles 91504,,,,
209566,384909,,2401045002.0,,9780.0,,,West,Via,,Roma,,,,,,,,,,,,,,91504.0,,Los Angeles,Burbank,,,,,LA City,{FB75DB84-DB12-4149-B6AD-F7176C1331A6},0,,FB75DB84-DB12-4149-B6AD-F7176C1331A6,Unknown,,W,,Via,,W Via Roma,2023/09/12 23:03:18+00,9780 W Via Roma Burbank 91504,FB75DB84-DB12-4149-B6AD-F7176C1331A6_9780_W_Via_Roma_Burbank_91504,Via Roma,9780 W Via Roma Los Angeles 91504,,,,
209567,384910,,2401046028.0,,7761.0,,,North,Via,,Capri,,,,,,,,,,,,,,91504.0,,Los Angeles,Burbank,,,,,LA City,{1F4E2592-E4D1-4A86-A3D4-962ED9E927C6},0,,1F4E2592-E4D1-4A86-A3D4-962ED9E927C6,Unknown,,N,,Via,,N Via Capri,2023/09/12 23:03:18+00,7761 N Via Capri Burbank 91504,1F4E2592-E4D1-4A86-A3D4-962ED9E927C6_7761_N_Via_Capri_Burbank_91504,Via Capri,7761 N Via Capri Los Angeles 91504,,,,
209568,384911,,2401046028.0,,7766.0,,,North,Via,,Capri,,,,,,,,,,,,,,91504.0,,Los Angeles,Burbank,,,,,LA City,{839510EC-6403-4B53-A898-D81DF35DFC64},0,,839510EC-6403-4B53-A898-D81DF35DFC64,Unknown,,N,,Via,,N Via Capri,2023/09/12 23:03:18+00,7766 N Via Capri Burbank 91504,839510EC-6403-4B53-A898-D81DF35DFC64_7766_N_Via_Capri_Burbank_91504,Via Capri,7766 N Via Capri Los Angeles 91504,,,,
209569,384912,,2401046028.0,,7705.0,,,West,Via,,Capri,,,,,,,,,,,,,,91504.0,,Los Angeles,Burbank,,,,,LA City,{DE5918C7-58C6-46D9-BFE1-62B4255F9770},0,,DE5918C7-58C6-46D9-BFE1-62B4255F9770,Unknown,,W,,Via,,W Via Capri,2023/09/12 23:03:18+00,7705 W Via Capri Burbank 91504,DE5918C7-58C6-46D9-BFE1-62B4255F9770_7705_W_Via_Capri_Burbank_91504,Via Capri,7705 W Via Capri Los Angeles 91504,,,,
209570,384913,,2401046028.0,,7715.0,,,West,Via,,Capri,,,,,,,,,,,,,,91504.0,,Los Angeles,Burbank,,,,,LA City,{ABA28AAB-62E3-4524-9023-F614DCC9C5A8},0,,ABA28AAB-62E3-4524-9023-F614DCC9C5A8,Unknown,,W,,Via,,W Via Capri,2023/09/12 23:03:18+00,7715 W Via Capri Burbank 91504,ABA28AAB-62E3-4524-9023-F614DCC9C5A8_7715_W_Via_Capri_Burbank_91504,Via Capri,7715 W Via Capri Los Angeles 91504,,,,
209571,384914,,2401046028.0,,7729.0,,,North,Via,,Capri,,,,,,,,,,,,,,91504.0,,Los Angeles,Burbank,,,,,LA City,{BB2D3E5D-3BB2-435C-9239-520B72A7252C},0,,BB2D3E5D-3BB2-435C-9239-520B72A7252C,Unknown,,N,,Via,,N Via Capri,2023/09/12 23:03:18+00,7729 N Via Capri Burbank 91504,BB2D3E5D-3BB2-435C-9239-520B72A7252C_7729_N_Via_Capri_Burbank_91504,Via Capri,7729 N Via Capri Los Angeles 91504,,,,
209572,384915,,2401046028.0,,7707.0,,,West,Via,,Capri,,,,,,,,,,,,,,91504.0,,Los Angeles,Burbank,,,,,LA City,{DDF43B40-B6DE-4B3C-BC43-12F23B780E5F},0,,DDF43B40-B6DE-4B3C-BC43-12F23B780E5F,Unknown,,W,,Via,,W Via Capri,2023/09/12 23:03:18+00,7707 W Via Capri Burbank 91504,DDF43B40-B6DE-4B3C-BC43-12F23B780E5F_7707_W_Via_Capri_Burbank_91504,Via Capri,7707 W Via Capri Los Angeles 91504,,,,
209573,384916,,2401046028.0,,7709.0,,,West,Via,,Capri,,,,,,,,,,,,,,91504.0,,Los Angeles,Burbank,,,,,LA City,{148FB78E-137F-44F3-821E-6D07E97487E9},0,,148FB78E-137F-44F3-821E-6D07E97487E9,Unknown,,W,,Via,,W Via Capri,2023/09/12 23:03:18+00,7709 W Via Capri Burbank 91504,148FB78E-137F-44F3-821E-6D07E97487E9_7709_W_Via_Capri_Burbank_91504,Via Capri,7709 W Via Capri Los Angeles 91504,,,,
209574,384917,,2401046028.0,,7727.0,,,North,Via,,Capri,,,,,,,,,,,,,,91504.0,,Los Angeles,Burbank,,,,,LA City,{748BD287-EF0A-40EE-94F4-58EB01C0584A},0,,748BD287-EF0A-40EE-94F4-58EB01C0584A,Unknown,,N,,Via,,N Via Capri,2023/09/12 23:03:18+00,7727 N Via Capri Burbank 91504,748BD287-EF0A-40EE-94F4-58EB01C0584A_7727_N_Via_Capri_Burbank_91504,Via Capri,7727 N Via Capri Los Angeles 91504,,,,
209575,384918,,2401046028.0,,7762.0,,,North,Via,,Capri,,,,,,,,,,,,,,91504.0,,Los Angeles,Burbank,,,,,LA City,{EC7C38D8-D366-4186-B7E3-B4BF6E17645B},0,,EC7C38D8-D366-4186-B7E3-B4BF6E17645B,Unknown,,N,,Via,,N Via Capri,2023/09/12 23:03:18+00,7762 N Via Capri Burbank 91504,EC7C38D8-D366-4186-B7E3-B4BF6E17645B_7762_N_Via_Capri_Burbank_91504,Via Capri,7762 N Via Capri Los Angeles 91504,,,,
209576,384919,,2401046028.0,,7711.0,,,West,Via,,Capri,,,,,,,,,,,,,,91504.0,,Los Angeles,Burbank,,,,,LA City,{2563070E-2B47-4B59-BB4D-137BCC37C22E},0,,2563070E-2B47-4B59-BB4D-137BCC37C22E,Unknown,,W,,Via,,W Via Capri,2023/09/12 23:03:18+00,7711 W Via Capri Burbank 91504,2563070E-2B47-4B59-BB4D-137BCC37C22E_7711_W_Via_Capri_Burbank_91504,Via Capri,7711 W Via Capri Los Angeles 91504,,,,
209577,384920,,2401046028.0,,7748.0,,,North,Via,,Capri,,,,,,,,,,,,,,91504.0,,Los Angeles,Burbank,,,,,LA City,{EAAD6F15-1858-4E97-8FE8-0816C51B90E2},0,,EAAD6F15-1858-4E97-8FE8-0816C51B90E2,Unknown,,N,,Via,,N Via Capri,2023/09/12 23:03:18+00,7748 N Via Capri Burbank 91504,EAAD6F15-1858-4E97-8FE8-0816C51B90E2_7748_N_Via_Capri_Burbank_91504,Via Capri,7748 N Via Capri Los Angeles 91504,,,,
209578,384921,,2401046028.0,,7769.0,,,North,Via,,Capri,,,,,,,,,,,,,,91504.0,,Los Angeles,Burbank,,,,,LA City,{8F680033-62BB-426F-8BE8-54CDE068F17D},0,,8F680033-62BB-426F-8BE8-54CDE068F17D,Unknown,,N,,Via,,N Via Capri,2023/09/12 23:03:18+00,7769 N Via Capri Burbank 91504,8F680033-62BB-426F-8BE8-54CDE068F17D_7769_N_Via_Capri_Burbank_91504,Via Capri,7769 N Via Capri Los Angeles 91504,,,,
209579,384922,,2401046028.0,,7750.0,,,North,Via,,Capri,,,,,,,,,,,,,,91504.0,,Los Angeles,Burbank,,,,,LA City,{EF816D96-7917-4466-90AB-4B92F4564657},0,,EF816D96-7917-4466-90AB-4B92F4564657,Unknown,,N,,Via,,N Via Capri,2023/09/12 23:03:18+00,7750 N Via Capri Burbank 91504,EF816D96-7917-4466-90AB-4B92F4564657_7750_N_Via_Capri_Burbank_91504,Via Capri,7750 N Via Capri Los Angeles 91504,,,,
209580,384923,,2401046028.0,,7752.0,,,North,Via,,Capri,,,,,,,,,,,,,,91504.0,,Los Angeles,Burbank,,,,,LA City,{75AC84BB-C860-448D-A7E1-155AF64EBDDA},0,,75AC84BB-C860-448D-A7E1-155AF64EBDDA,Unknown,,N,,Via,,N Via Capri,2023/09/12 23:03:18+00,7752 N Via Capri Burbank 91504,75AC84BB-C860-448D-A7E1-155AF64EBDDA_7752_N_Via_Capri_Burbank_91504,Via Capri,7752 N Via Capri Los Angeles 91504,,,,
209581,384924,,2401046028.0,,7770.0,,,North,Via,,Capri,,,,,,,,,,,,,,91504.0,,Los Angeles,Burbank,,,,,LA City,{056CB62F-A688-4AA0-985C-D9AE93C20F07},0,,056CB62F-A688-4AA0-985C-D9AE93C20F07,Unknown,,N,,Via,,N Via Capri,2023/09/12 23:03:18+00,7770 N Via Capri Burbank 91504,056CB62F-A688-4AA0-985C-D9AE93C20F07_7770_N_Via_Capri_Burbank_91504,Via Capri,7770 N Via Capri Los Angeles 91504,,,,
209582,384925,,2401046028.0,,7758.0,,,North,Via,,Capri,,,,,,,,,,,,,,91504.0,,Los Angeles,Burbank,,,,,LA City,{0A26856D-262C-42C8-A919-B39DDC289C97},0,,0A26856D-262C-42C8-A919-B39DDC289C97,Unknown,,N,,Via,,N Via Capri,2023/09/12 23:03:18+00,7758 N Via Capri Burbank 91504,0A26856D-262C-42C8-A919-B39DDC289C97_7758_N_Via_Capri_Burbank_91504,Via Capri,7758 N Via Capri Los Angeles 91504,,,,
209583,384926,,2401046028.0,,7701.0,,,West,Via,,Capri,,,,,,,,,,,,,,91504.0,,Los Angeles,Burbank,,,,,LA City,{D1C4132A-CAAC-41EA-AF52-FD20C5ED45B8},0,,D1C4132A-CAAC-41EA-AF52-FD20C5ED45B8,Unknown,,W,,Via,,W Via Capri,2023/09/12 23:03:18+00,7701 W Via Capri Burbank 91504,D1C4132A-CAAC-41EA-AF52-FD20C5ED45B8_7701_W_Via_Capri_Burbank_91504,Via Capri,7701 W Via Capri Los Angeles 91504,,,,
209584,384927,,2401046028.0,,7712.0,,,West,Via,,Capri,,,,,,,,,,,,,,91504.0,,Los Angeles,Burbank,,,,,LA City,{50CF710A-982D-4BC2-886B-7EF971174C05},0,,50CF710A-982D-4BC2-886B-7EF971174C05,Unknown,,W,,Via,,W Via Capri,2023/09/12 23:03:18+00,7712 W Via Capri Burbank 91504,50CF710A-982D-4BC2-886B-7EF971174C05_7712_W_Via_Capri_Burbank_91504,Via Capri,7712 W Via Capri Los Angeles 91504,,,,
209585,384928,,2401046028.0,,7760.0,,,North,Via,,Capri,,,,,,,,,,,,,,91504.0,,Los Angeles,Burbank,,,,,LA City,{1AE226FC-5590-4C4B-A4B4-2C0ED272DD43},0,,1AE226FC-5590-4C4B-A4B4-2C0ED272DD43,Unknown,,N,,Via,,N Via Capri,2023/09/12 23:03:18+00,7760 N Via Capri Burbank 91504,1AE226FC-5590-4C4B-A4B4-2C0ED272DD43_7760_N_Via_Capri_Burbank_91504,Via Capri,7760 N Via Capri Los Angeles 91504,,,,
209586,384929,,2401046028.0,,7723.0,,,North,Via,,Capri,,,,,,,,,,,,,,91504.0,,Los Angeles,Burbank,,,,,LA City,{DA371FA6-31F5-4E95-887C-6FDE0716BD97},0,,DA371FA6-31F5-4E95-887C-6FDE0716BD97,Unknown,,N,,Via,,N Via Capri,2023/09/12 23:03:18+00,7723 N Via Capri Burbank 91504,DA371FA6-31F5-4E95-887C-6FDE0716BD97_7723_N_Via_Capri_Burbank_91504,Via Capri,7723 N Via Capri Los Angeles 91504,,,,
209587,384930,,2401046028.0,,7717.0,,,West,Via,,Capri,,,,,,,,,,,,,,91504.0,,Los Angeles,Burbank,,,,,LA City,{8FA27838-9D72-4FEC-9BF9-68AA3EF0FF09},0,,8FA27838-9D72-4FEC-9BF9-68AA3EF0FF09,Unknown,,W,,Via,,W Via Capri,2023/09/12 23:03:18+00,7717 W Via Capri Burbank 91504,8FA27838-9D72-4FEC-9BF9-68AA3EF0FF09_7717_W_Via_Capri_Burbank_91504,Via Capri,7717 W Via Capri Los Angeles 91504,,,,
209588,384931,,2401046028.0,,7771.0,,,North,Via,,Capri,,,,,,,,,,,,,,91504.0,,Los Angeles,Burbank,,,,,LA City,{6BFBDF1D-38CF-4516-8D78-7531762AA2AC},0,,6BFBDF1D-38CF-4516-8D78-7531762AA2AC,Unknown,,N,,Via,,N Via Capri,2023/09/12 23:03:18+00,7771 N Via Capri Burbank 91504,6BFBDF1D-38CF-4516-8D78-7531762AA2AC_7771_N_Via_Capri_Burbank_91504,Via Capri,7771 N Via Capri Los Angeles 91504,,,,
209589,384932,,2401046028.0,,7763.0,,,North,Via,,Capri,,,,,,,,,,,,,,91504.0,,Los Angeles,Burbank,,,,,LA City,{371424EE-E977-427E-ABB3-BFE2A5994EA1},0,,371424EE-E977-427E-ABB3-BFE2A5994EA1,Unknown,,N,,Via,,N Via Capri,2023/09/12 23:03:18+00,7763 N Via Capri Burbank 91504,371424EE-E977-427E-ABB3-BFE2A5994EA1_7763_N_Via_Capri_Burbank_91504,Via Capri,7763 N Via Capri Los Angeles 91504,,,,
209590,384933,,2401046028.0,,7703.0,,,West,Via,,Capri,,,,,,,,,,,,,,91504.0,,Los Angeles,Burbank,,,,,LA City,{C2D5AE4C-15F3-49B5-949F-C7A7D70C4DCC},0,,C2D5AE4C-15F3-49B5-949F-C7A7D70C4DCC,Unknown,,W,,Via,,W Via Capri,2023/09/12 23:03:18+00,7703 W Via Capri Burbank 91504,C2D5AE4C-15F3-49B5-949F-C7A7D70C4DCC_7703_W_Via_Capri_Burbank_91504,Via Capri,7703 W Via Capri Los Angeles 91504,,,,
209591,384934,,2401046028.0,,7735.0,,,North,Via,,Capri,,,,,,,,,,,,,,91504.0,,Los Angeles,Burbank,,,,,LA City,{9FC11E45-2D85-492E-A5DD-B0FEE7B5F682},0,,9FC11E45-2D85-492E-A5DD-B0FEE7B5F682,Unknown,,N,,Via,,N Via Capri,2023/09/12 23:03:18+00,7735 N Via Capri Burbank 91504,9FC11E45-2D85-492E-A5DD-B0FEE7B5F682_7735_N_Via_Capri_Burbank_91504,Via Capri,7735 N Via Capri Los Angeles 91504,,,,
209592,384935,,2401046028.0,,7719.0,,,West,Via,,Capri,,,,,,,,,,,,,,91504.0,,Los Angeles,Burbank,,,,,LA City,{6842BAE7-06FA-425E-8F73-375AC8DFCF25},0,,6842BAE7-06FA-425E-8F73-375AC8DFCF25,Unknown,,W,,Via,,W Via Capri,2023/09/12 23:03:18+00,7719 W Via Capri Burbank 91504,6842BAE7-06FA-425E-8F73-375AC8DFCF25_7719_W_Via_Capri_Burbank_91504,Via Capri,7719 W Via Capri Los Angeles 91504,,,,
209593,384936,,2401046028.0,,7743.0,,,North,Via,,Capri,,,,,,,,,,,,,,91504.0,,Los Angeles,Burbank,,,,,LA City,{05DB269A-B3A0-4CD8-B430-6F9BDB42B1D4},0,,05DB269A-B3A0-4CD8-B430-6F9BDB42B1D4,Unknown,,N,,Via,,N Via Capri,2023/09/12 23:03:18+00,7743 N Via Capri Burbank 91504,05DB269A-B3A0-4CD8-B430-6F9BDB42B1D4_7743_N_Via_Capri_Burbank_91504,Via Capri,7743 N Via Capri Los Angeles 91504,,,,
209594,384937,,2401046028.0,,7747.0,,,North,Via,,Capri,,,,,,,,,,,,,,91504.0,,Los Angeles,Burbank,,,,,LA City,{C386BF6F-CDB5-4468-B7B9-444D101B91B7},0,,C386BF6F-CDB5-4468-B7B9-444D101B91B7,Unknown,,N,,Via,,N Via Capri,2023/09/12 23:03:18+00,7747 N Via Capri Burbank 91504,C386BF6F-CDB5-4468-B7B9-444D101B91B7_7747_N_Via_Capri_Burbank_91504,Via Capri,7747 N Via Capri Los Angeles 91504,,,,
209595,384938,,2401046028.0,,7731.0,,,North,Via,,Capri,,,,,,,,,,,,,,91504.0,,Los Angeles,Burbank,,,,,LA City,{A43D9E01-21C4-41B1-8553-9747EC22CA31},0,,A43D9E01-21C4-41B1-8553-9747EC22CA31,Unknown,,N,,Via,,N Via Capri,2023/09/12 23:03:18+00,7731 N Via Capri Burbank 91504,A43D9E01-21C4-41B1-8553-9747EC22CA31_7731_N_Via_Capri_Burbank_91504,Via Capri,7731 N Via Capri Los Angeles 91504,,,,
209596,384939,,2401046028.0,,7749.0,,,North,Via,,Capri,,,,,,,,,,,,,,91504.0,,Los Angeles,Burbank,,,,,LA City,{0BA67262-770E-403F-B415-B5FF22976CF1},0,,0BA67262-770E-403F-B415-B5FF22976CF1,Unknown,,N,,Via,,N Via Capri,2023/09/12 23:03:18+00,7749 N Via Capri Burbank 91504,0BA67262-770E-403F-B415-B5FF22976CF1_7749_N_Via_Capri_Burbank_91504,Via Capri,7749 N Via Capri Los Angeles 91504,,,,
209597,384940,,2401046028.0,,7741.0,,,North,Via,,Capri,,,,,,,,,,,,,,91504.0,,Los Angeles,Burbank,,,,,LA City,{9B1C9352-C0C3-40C3-BE54-5CC9C52F92B2},0,,9B1C9352-C0C3-40C3-BE54-5CC9C52F92B2,Unknown,,N,,Via,,N Via Capri,2023/09/12 23:03:18+00,7741 N Via Capri Burbank 91504,9B1C9352-C0C3-40C3-BE54-5CC9C52F92B2_7741_N_Via_Capri_Burbank_91504,Via Capri,7741 N Via Capri Los Angeles 91504,,,,
209598,384941,,2401046028.0,,7753.0,,,North,Via,,Capri,,,,,,,,,,,,,,91504.0,,Los Angeles,Burbank,,,,,LA City,{0B274FF2-D533-4297-8915-482A00A8599C},0,,0B274FF2-D533-4297-8915-482A00A8599C,Unknown,,N,,Via,,N Via Capri,2023/09/12 23:03:18+00,7753 N Via Capri Burbank 91504,0B274FF2-D533-4297-8915-482A00A8599C_7753_N_Via_Capri_Burbank_91504,Via Capri,7753 N Via Capri Los Angeles 91504,,,,
209599,384942,,2401046028.0,,7713.0,,,West,Via,,Capri,,,,,,,,,,,,,,91504.0,,Los Angeles,Burbank,,,,,LA City,{AA06BF92-7701-447E-A11A-F1640DF92883},0,,AA06BF92-7701-447E-A11A-F1640DF92883,Unknown,,W,,Via,,W Via Capri,2023/09/12 23:03:18+00,7713 W Via Capri Burbank 91504,AA06BF92-7701-447E-A11A-F1640DF92883_7713_W_Via_Capri_Burbank_91504,Via Capri,7713 W Via Capri Los Angeles 91504,,,,
209600,384943,,2401046028.0,,7725.0,,,North,Via,,Capri,,,,,,,,,,,,,,91504.0,,Los Angeles,Burbank,,,,,LA City,{11C0AFF4-747E-4BA4-8B01-EFFF31AD8E14},0,,11C0AFF4-747E-4BA4-8B01-EFFF31AD8E14,Unknown,,N,,Via,,N Via Capri,2023/09/12 23:03:18+00,7725 N Via Capri Burbank 91504,11C0AFF4-747E-4BA4-8B01-EFFF31AD8E14_7725_N_Via_Capri_Burbank_91504,Via Capri,7725 N Via Capri Los Angeles 91504,,,,
209601,384944,,2401046028.0,,7755.0,,,North,Via,,Capri,,,,,,,,,,,,,,91504.0,,Los Angeles,Burbank,,,,,LA City,{6DA881FD-DAAE-4FAD-B140-EAF65B6E052B},0,,6DA881FD-DAAE-4FAD-B140-EAF65B6E052B,Unknown,,N,,Via,,N Via Capri,2023/09/12 23:03:18+00,7755 N Via Capri Burbank 91504,6DA881FD-DAAE-4FAD-B140-EAF65B6E052B_7755_N_Via_Capri_Burbank_91504,Via Capri,7755 N Via Capri Los Angeles 91504,,,,
209602,384945,,2401046028.0,,7768.0,,,North,Via,,Capri,,,,,,,,,,,,,,91504.0,,Los Angeles,Burbank,,,,,LA City,{342F4430-057D-4B6B-97F0-2E1C276D15DF},0,,342F4430-057D-4B6B-97F0-2E1C276D15DF,Unknown,,N,,Via,,N Via Capri,2023/09/12 23:03:18+00,7768 N Via Capri Burbank 91504,342F4430-057D-4B6B-97F0-2E1C276D15DF_7768_N_Via_Capri_Burbank_91504,Via Capri,7768 N Via Capri Los Angeles 91504,,,,
209603,384946,,2401046028.0,,7733.0,,,North,Via,,Capri,,,,,,,,,,,,,,91504.0,,Los Angeles,Burbank,,,,,LA City,{0B041332-277F-458C-AC71-62EE4D39BE06},0,,0B041332-277F-458C-AC71-62EE4D39BE06,Unknown,,N,,Via,,N Via Capri,2023/09/12 23:03:18+00,7733 N Via Capri Burbank 91504,0B041332-277F-458C-AC71-62EE4D39BE06_7733_N_Via_Capri_Burbank_91504,Via Capri,7733 N Via Capri Los Angeles 91504,,,,
209604,384947,,2401046028.0,,7714.0,,,West,Via,,Capri,,,,,,,,,,,,,,91504.0,,Los Angeles,Burbank,,,,,LA City,{1B93E9EC-697F-4409-92B4-44DB04861823},0,,1B93E9EC-697F-4409-92B4-44DB04861823,Unknown,,W,,Via,,W Via Capri,2023/09/12 23:03:18+00,7714 W Via Capri Burbank 91504,1B93E9EC-697F-4409-92B4-44DB04861823_7714_W_Via_Capri_Burbank_91504,Via Capri,7714 W Via Capri Los Angeles 91504,,,,
209605,384948,,2401046028.0,,7765.0,,,North,Via,,Capri,,,,,,,,,,,,,,91504.0,,Los Angeles,Burbank,,,,,LA City,{2B1D7E4E-CCD6-4AD6-9C08-08CAE9FF8707},0,,2B1D7E4E-CCD6-4AD6-9C08-08CAE9FF8707,Unknown,,N,,Via,,N Via Capri,2023/09/12 23:03:18+00,7765 N Via Capri Burbank 91504,2B1D7E4E-CCD6-4AD6-9C08-08CAE9FF8707_7765_N_Via_Capri_Burbank_91504,Via Capri,7765 N Via Capri Los Angeles 91504,,,,
209606,384949,,2401046028.0,,7739.0,,,North,Via,,Capri,,,,,,,,,,,,,,91504.0,,Los Angeles,Burbank,,,,,LA City,{8F338EE2-148E-4D47-975C-36B102B51334},0,,8F338EE2-148E-4D47-975C-36B102B51334,Unknown,,N,,Via,,N Via Capri,2023/09/12 23:03:18+00,7739 N Via Capri Burbank 91504,8F338EE2-148E-4D47-975C-36B102B51334_7739_N_Via_Capri_Burbank_91504,Via Capri,7739 N Via Capri Los Angeles 91504,,,,
209607,384950,,2401046028.0,,7759.0,,,North,Via,,Capri,,,,,,,,,,,,,,91504.0,,Los Angeles,Burbank,,,,,LA City,{194CD3AE-9A23-4419-B197-A885CB1B52CC},0,,194CD3AE-9A23-4419-B197-A885CB1B52CC,Unknown,,N,,Via,,N Via Capri,2023/09/12 23:03:18+00,7759 N Via Capri Burbank 91504,194CD3AE-9A23-4419-B197-A885CB1B52CC_7759_N_Via_Capri_Burbank_91504,Via Capri,7759 N Via Capri Los Angeles 91504,,,,
209608,384951,,2401046028.0,,7745.0,,,North,Via,,Capri,,,,,,,,,,,,,,91504.0,,Los Angeles,Burbank,,,,,LA City,{8271E991-E3DF-461E-BB6A-D280E2ACB114},0,,8271E991-E3DF-461E-BB6A-D280E2ACB114,Unknown,,N,,Via,,N Via Capri,2023/09/12 23:03:18+00,7745 N Via Capri Burbank 91504,8271E991-E3DF-461E-BB6A-D280E2ACB114_7745_N_Via_Capri_Burbank_91504,Via Capri,7745 N Via Capri Los Angeles 91504,,,,
209609,384952,,2401046028.0,,7767.0,,,North,Via,,Capri,,,,,,,,,,,,,,91504.0,,Los Angeles,Burbank,,,,,LA City,{82EA85F2-BFEA-449D-9D56-99539936CBF6},0,,82EA85F2-BFEA-449D-9D56-99539936CBF6,Unknown,,N,,Via,,N Via Capri,2023/09/12 23:03:18+00,7767 N Via Capri Burbank 91504,82EA85F2-BFEA-449D-9D56-99539936CBF6_7767_N_Via_Capri_Burbank_91504,Via Capri,7767 N Via Capri Los Angeles 91504,,,,
209610,384953,,2401046028.0,,7764.0,,,North,Via,,Capri,,,,,,,,,,,,,,91504.0,,Los Angeles,Burbank,,,,,LA City,{1083ADA2-EB46-4615-B5BB-11A533AAB5B3},0,,1083ADA2-EB46-4615-B5BB-11A533AAB5B3,Unknown,,N,,Via,,N Via Capri,2023/09/12 23:03:18+00,7764 N Via Capri Burbank 91504,1083ADA2-EB46-4615-B5BB-11A533AAB5B3_7764_N_Via_Capri_Burbank_91504,Via Capri,7764 N Via Capri Los Angeles 91504,,,,
209611,384954,,2401046028.0,,7751.0,,,North,Via,,Capri,,,,,,,,,,,,,,91504.0,,Los Angeles,Burbank,,,,,LA City,{554AB38D-2827-4F26-8D9D-8195A338A3E6},0,,554AB38D-2827-4F26-8D9D-8195A338A3E6,Unknown,,N,,Via,,N Via Capri,2023/09/12 23:03:18+00,7751 N Via Capri Burbank 91504,554AB38D-2827-4F26-8D9D-8195A338A3E6_7751_N_Via_Capri_Burbank_91504,Via Capri,7751 N Via Capri Los Angeles 91504,,,,
209612,384955,,2401046028.0,,7710.0,,,West,Via,,Capri,,,,,,,,,,,,,,91504.0,,Los Angeles,Burbank,,,,,LA City,{2A15C8CF-7EC8-461D-9314-50968EE5FE5E},0,,2A15C8CF-7EC8-461D-9314-50968EE5FE5E,Unknown,,W,,Via,,W Via Capri,2023/09/12 23:03:18+00,7710 W Via Capri Burbank 91504,2A15C8CF-7EC8-461D-9314-50968EE5FE5E_7710_W_Via_Capri_Burbank_91504,Via Capri,7710 W Via Capri Los Angeles 91504,,,,
209613,384956,,2401046074.0,,7774.0,,,North,Via,,Rosa Maria,,,,,,,,,,,,,,91504.0,,Los Angeles,Burbank,,,,,LA City,{DE915779-CC28-49BB-B6F2-BB7F14F05F53},0,,DE915779-CC28-49BB-B6F2-BB7F14F05F53,Unknown,,N,,Via,,N Via Rosa Maria,2023/09/12 23:03:18+00,7774 N Via Rosa Maria Burbank 91504,DE915779-CC28-49BB-B6F2-BB7F14F05F53_7774_N_Via_Rosa_Maria_Burbank_91504,Via Rosa Maria,7774 N Via Rosa Maria Los Angeles 91504,,,,
209614,384957,,2401046074.0,,7768.0,,,North,Via,,Ronaldo,,,,,,,,,,,,,,91504.0,,Los Angeles,Burbank,,,,,LA City,{87FA427E-FFE1-41D1-BD57-FDA7D72879AF},0,,87FA427E-FFE1-41D1-BD57-FDA7D72879AF,Unknown,,N,,Via,,N Via Ronaldo,2023/09/12 23:03:18+00,7768 N Via Ronaldo Burbank 91504,87FA427E-FFE1-41D1-BD57-FDA7D72879AF_7768_N_Via_Ronaldo_Burbank_91504,Via Ronaldo,7768 N Via Ronaldo Los Angeles 91504,,,,
209615,384958,,2401046074.0,,7783.0,,,North,Via,,Ronaldo,,,,,,,,,,,,,,91504.0,,Los Angeles,Burbank,,,,,LA City,{1F69E095-8123-47E3-8789-4626814F891D},0,,1F69E095-8123-47E3-8789-4626814F891D,Unknown,,N,,Via,,N Via Ronaldo,2023/09/12 23:03:18+00,7783 N Via Ronaldo Burbank 91504,1F69E095-8123-47E3-8789-4626814F891D_7783_N_Via_Ronaldo_Burbank_91504,Via Ronaldo,7783 N Via Ronaldo Los Angeles 91504,,,,
209616,384959,,2401046074.0,,7782.0,,,North,Via,,Rosa Maria,,,,,,,,,,,,,,91504.0,,Los Angeles,Burbank,,,,,LA City,{1E865C9E-BDD4-4E91-8C7E-4E4EE1F4FF67},0,,1E865C9E-BDD4-4E91-8C7E-4E4EE1F4FF67,Unknown,,N,,Via,,N Via Rosa Maria,2023/09/12 23:03:18+00,7782 N Via Rosa Maria Burbank 91504,1E865C9E-BDD4-4E91-8C7E-4E4EE1F4FF67_7782_N_Via_Rosa_Maria_Burbank_91504,Via Rosa Maria,7782 N Via Rosa Maria Los Angeles 91504,,,,
209617,384960,,2401046074.0,,7767.0,,,North,Via,,Rosa Maria,,,,,,,,,,,,,,91504.0,,Los Angeles,Burbank,,,,,LA City,{645BCD1C-1BE1-4753-8ECC-62229582BA84},0,,645BCD1C-1BE1-4753-8ECC-62229582BA84,Unknown,,N,,Via,,N Via Rosa Maria,2023/09/12 23:03:18+00,7767 N Via Rosa Maria Burbank 91504,645BCD1C-1BE1-4753-8ECC-62229582BA84_7767_N_Via_Rosa_Maria_Burbank_91504,Via Rosa Maria,7767 N Via Rosa Maria Los Angeles 91504,,,,
209618,384961,,2401046074.0,,7766.0,,,North,Via,,Ronaldo,,,,,,,,,,,,,,91504.0,,Los Angeles,Burbank,,,,,LA City,{10C3C6C8-350B-4F40-B3C3-99132107EFC8},0,,10C3C6C8-350B-4F40-B3C3-99132107EFC8,Unknown,,N,,Via,,N Via Ronaldo,2023/09/12 23:03:18+00,7766 N Via Ronaldo Burbank 91504,10C3C6C8-350B-4F40-B3C3-99132107EFC8_7766_N_Via_Ronaldo_Burbank_91504,Via Ronaldo,7766 N Via Ronaldo Los Angeles 91504,,,,
209619,384962,,2401046074.0,,7761.0,,,North,Via,,Rosa Maria,,,,,,,,,,,,,,91504.0,,Los Angeles,Burbank,,,,,LA City,{64DEC016-1A6B-46BF-BA03-5CEDEFFBAFEE},0,,64DEC016-1A6B-46BF-BA03-5CEDEFFBAFEE,Unknown,,N,,Via,,N Via Rosa Maria,2023/09/12 23:03:18+00,7761 N Via Rosa Maria Burbank 91504,64DEC016-1A6B-46BF-BA03-5CEDEFFBAFEE_7761_N_Via_Rosa_Maria_Burbank_91504,Via Rosa Maria,7761 N Via Rosa Maria Los Angeles 91504,,,,
209620,384963,,2401046074.0,,9558.0,,,West,Via,,Milano,,,,,,,,,,,,,,91504.0,,Los Angeles,Burbank,,,,,LA City,{7FC4D7BB-1E35-4C3F-B77F-D94B3BF47DCA},0,,7FC4D7BB-1E35-4C3F-B77F-D94B3BF47DCA,Unknown,,W,,Via,,W Via Milano,2023/09/12 23:03:18+00,9558 W Via Milano Burbank 91504,7FC4D7BB-1E35-4C3F-B77F-D94B3BF47DCA_9558_W_Via_Milano_Burbank_91504,Via Milano,9558 W Via Milano Los Angeles 91504,,,,
209621,384964,,2401046074.0,,7758.0,,,North,Via,,Rosa Maria,,,,,,,,,,,,,,91504.0,,Los Angeles,Burbank,,,,,LA City,{A5E66624-D683-421F-9E38-DE0FC7D31ED8},0,,A5E66624-D683-421F-9E38-DE0FC7D31ED8,Unknown,,N,,Via,,N Via Rosa Maria,2023/09/12 23:03:18+00,7758 N Via Rosa Maria Burbank 91504,A5E66624-D683-421F-9E38-DE0FC7D31ED8_7758_N_Via_Rosa_Maria_Burbank_91504,Via Rosa Maria,7758 N Via Rosa Maria Los Angeles 91504,,,,
209622,384965,,2401046074.0,,7752.0,,,North,Via,,Rosa Maria,,,,,,,,,,,,,,91504.0,,Los Angeles,Burbank,,,,,LA City,{72590618-1864-4BD1-978E-AB6DF256B6B8},0,,72590618-1864-4BD1-978E-AB6DF256B6B8,Unknown,,N,,Via,,N Via Rosa Maria,2023/09/12 23:03:18+00,7752 N Via Rosa Maria Burbank 91504,72590618-1864-4BD1-978E-AB6DF256B6B8_7752_N_Via_Rosa_Maria_Burbank_91504,Via Rosa Maria,7752 N Via Rosa Maria Los Angeles 91504,,,,
209623,384966,,2401046074.0,,7754.0,,,North,Via,,Rosa Maria,,,,,,,,,,,,,,91504.0,,Los Angeles,Burbank,,,,,LA City,{C1A1A842-51A1-4529-A4DD-6281DF925BDA},0,,C1A1A842-51A1-4529-A4DD-6281DF925BDA,Unknown,,N,,Via,,N Via Rosa Maria,2023/09/12 23:03:18+00,7754 N Via Rosa Maria Burbank 91504,C1A1A842-51A1-4529-A4DD-6281DF925BDA_7754_N_Via_Rosa_Maria_Burbank_91504,Via Rosa Maria,7754 N Via Rosa Maria Los Angeles 91504,,,,
209624,384967,,2401046074.0,,7775.0,,,North,Via,,Rosa Maria,,,,,,,,,,,,,,91504.0,,Los Angeles,Burbank,,,,,LA City,{2DDE3CE8-54EA-4D4F-BFE4-78DC7B58B30A},0,,2DDE3CE8-54EA-4D4F-BFE4-78DC7B58B30A,Unknown,,N,,Via,,N Via Rosa Maria,2023/09/12 23:03:18+00,7775 N Via Rosa Maria Burbank 91504,2DDE3CE8-54EA-4D4F-BFE4-78DC7B58B30A_7775_N_Via_Rosa_Maria_Burbank_91504,Via Rosa Maria,7775 N Via Rosa Maria Los Angeles 91504,,,,
209625,384968,,2401046074.0,,9562.0,,,West,Via,,Milano,,,,,,,,,,,,,,91504.0,,Los Angeles,Burbank,,,,,LA City,{F5C59627-5A14-48A3-8F75-2204CBA3A3AA},0,,F5C59627-5A14-48A3-8F75-2204CBA3A3AA,Unknown,,W,,Via,,W Via Milano,2023/09/12 23:03:18+00,9562 W Via Milano Burbank 91504,F5C59627-5A14-48A3-8F75-2204CBA3A3AA_9562_W_Via_Milano_Burbank_91504,Via Milano,9562 W Via Milano Los Angeles 91504,,,,
209626,384969,,2401046074.0,,7773.0,,,North,Via,,Rosa Maria,,,,,,,,,,,,,,91504.0,,Los Angeles,Burbank,,,,,LA City,{9948AC1F-6524-4B05-AA9E-1CECD1CDE70C},0,,9948AC1F-6524-4B05-AA9E-1CECD1CDE70C,Unknown,,N,,Via,,N Via Rosa Maria,2023/09/12 23:03:18+00,7773 N Via Rosa Maria Burbank 91504,9948AC1F-6524-4B05-AA9E-1CECD1CDE70C_7773_N_Via_Rosa_Maria_Burbank_91504,Via Rosa Maria,7773 N Via Rosa Maria Los Angeles 91504,,,,
209627,384970,,2401046074.0,,7759.0,,,North,Via,,Rosa Maria,,,,,,,,,,,,,,91504.0,,Los Angeles,Burbank,,,,,LA City,{386B40BE-4C67-445F-BC39-3C16788712F7},0,,386B40BE-4C67-445F-BC39-3C16788712F7,Unknown,,N,,Via,,N Via Rosa Maria,2023/09/12 23:03:18+00,7759 N Via Rosa Maria Burbank 91504,386B40BE-4C67-445F-BC39-3C16788712F7_7759_N_Via_Rosa_Maria_Burbank_91504,Via Rosa Maria,7759 N Via Rosa Maria Los Angeles 91504,,,,
209628,384971,,2401046074.0,,9554.0,,,West,Via,,Milano,,,,,,,,,,,,,,91504.0,,Los Angeles,Burbank,,,,,LA City,{C16DC794-3583-4BA3-9177-5E868ED10CAC},0,,C16DC794-3583-4BA3-9177-5E868ED10CAC,Unknown,,W,,Via,,W Via Milano,2023/09/12 23:03:18+00,9554 W Via Milano Burbank 91504,C16DC794-3583-4BA3-9177-5E868ED10CAC_9554_W_Via_Milano_Burbank_91504,Via Milano,9554 W Via Milano Los Angeles 91504,,,,
209629,384972,,2401046074.0,,7778.0,,,North,Via,,Ronaldo,,,,,,,,,,,,,,91504.0,,Los Angeles,Burbank,,,,,LA City,{BBD9A124-1665-4339-B881-1599A4F924EA},0,,BBD9A124-1665-4339-B881-1599A4F924EA,Unknown,,N,,Via,,N Via Ronaldo,2023/09/12 23:03:18+00,7778 N Via Ronaldo Burbank 91504,BBD9A124-1665-4339-B881-1599A4F924EA_7778_N_Via_Ronaldo_Burbank_91504,Via Ronaldo,7778 N Via Ronaldo Los Angeles 91504,,,,
209630,384973,,2401046074.0,,7751.0,,,North,Via,,Rosa Maria,,,,,,,,,,,,,,91504.0,,Los Angeles,Burbank,,,,,LA City,{CC7CAE8E-2980-4869-9E60-BDF987A6A9BD},0,,CC7CAE8E-2980-4869-9E60-BDF987A6A9BD,Unknown,,N,,Via,,N Via Rosa Maria,2023/09/12 23:03:18+00,7751 N Via Rosa Maria Burbank 91504,CC7CAE8E-2980-4869-9E60-BDF987A6A9BD_7751_N_Via_Rosa_Maria_Burbank_91504,Via Rosa Maria,7751 N Via Rosa Maria Los Angeles 91504,,,,
209631,384974,,2401046074.0,,9552.0,,,West,Via,,Milano,,,,,,,,,,,,,,91504.0,,Los Angeles,Burbank,,,,,LA City,{C8FFBFC9-197A-47B9-B197-DB0F239ED86F},0,,C8FFBFC9-197A-47B9-B197-DB0F239ED86F,Unknown,,W,,Via,,W Via Milano,2023/09/12 23:03:18+00,9552 W Via Milano Burbank 91504,C8FFBFC9-197A-47B9-B197-DB0F239ED86F_9552_W_Via_Milano_Burbank_91504,Via Milano,9552 W Via Milano Los Angeles 91504,,,,
209632,384975,,2401046074.0,,7764.0,,,North,Via,,Ronaldo,,,,,,,,,,,,,,91504.0,,Los Angeles,Burbank,,,,,LA City,{C01BD598-9868-47F2-957D-BE486557B1EF},0,,C01BD598-9868-47F2-957D-BE486557B1EF,Unknown,,N,,Via,,N Via Ronaldo,2023/09/12 23:03:18+00,7764 N Via Ronaldo Burbank 91504,C01BD598-9868-47F2-957D-BE486557B1EF_7764_N_Via_Ronaldo_Burbank_91504,Via Ronaldo,7764 N Via Ronaldo Los Angeles 91504,,,,
209633,384976,,2401046074.0,,7756.0,,,North,Via,,Rosa Maria,,,,,,,,,,,,,,91504.0,,Los Angeles,Burbank,,,,,LA City,{9174F7FC-177E-48EA-BD4A-83A31A4F4C9C},0,,9174F7FC-177E-48EA-BD4A-83A31A4F4C9C,Unknown,,N,,Via,,N Via Rosa Maria,2023/09/12 23:03:18+00,7756 N Via Rosa Maria Burbank 91504,9174F7FC-177E-48EA-BD4A-83A31A4F4C9C_7756_N_Via_Rosa_Maria_Burbank_91504,Via Rosa Maria,7756 N Via Rosa Maria Los Angeles 91504,,,,
209634,384977,,2401046074.0,,9550.0,,,West,Via,,Milano,,,,,,,,,,,,,,91504.0,,Los Angeles,Burbank,,,,,LA City,{64A7E529-9810-49EF-ACBB-0D80A84506FE},0,,64A7E529-9810-49EF-ACBB-0D80A84506FE,Unknown,,W,,Via,,W Via Milano,2023/09/12 23:03:18+00,9550 W Via Milano Burbank 91504,64A7E529-9810-49EF-ACBB-0D80A84506FE_9550_W_Via_Milano_Burbank_91504,Via Milano,9550 W Via Milano Los Angeles 91504,,,,
209635,384978,,2401046074.0,,7782.0,,,North,Via,,Ronaldo,,,,,,,,,,,,,,91504.0,,Los Angeles,Burbank,,,,,LA City,{473F56C6-FC67-4B2A-A469-F0B375B64C06},0,,473F56C6-FC67-4B2A-A469-F0B375B64C06,Unknown,,N,,Via,,N Via Ronaldo,2023/09/12 23:03:18+00,7782 N Via Ronaldo Burbank 91504,473F56C6-FC67-4B2A-A469-F0B375B64C06_7782_N_Via_Ronaldo_Burbank_91504,Via Ronaldo,7782 N Via Ronaldo Los Angeles 91504,,,,
209636,384979,,2401046074.0,,7755.0,,,North,Via,,Rosa Maria,,,,,,,,,,,,,,91504.0,,Los Angeles,Burbank,,,,,LA City,{BB031A50-B504-4A43-AC64-541C6EDDF108},0,,BB031A50-B504-4A43-AC64-541C6EDDF108,Unknown,,N,,Via,,N Via Rosa Maria,2023/09/12 23:03:18+00,7755 N Via Rosa Maria Burbank 91504,BB031A50-B504-4A43-AC64-541C6EDDF108_7755_N_Via_Rosa_Maria_Burbank_91504,Via Rosa Maria,7755 N Via Rosa Maria Los Angeles 91504,,,,
209637,384980,,2401046074.0,,7777.0,,,North,Via,,Ronaldo,,,,,,,,,,,,,,91504.0,,Los Angeles,Burbank,,,,,LA City,{0616FAD6-6A08-47C8-8183-BB6D4E60ACD8},0,,0616FAD6-6A08-47C8-8183-BB6D4E60ACD8,Unknown,,N,,Via,,N Via Ronaldo,2023/09/12 23:03:18+00,7777 N Via Ronaldo Burbank 91504,0616FAD6-6A08-47C8-8183-BB6D4E60ACD8_7777_N_Via_Ronaldo_Burbank_91504,Via Ronaldo,7777 N Via Ronaldo Los Angeles 91504,,,,
209638,384981,,2401046074.0,,7763.0,,,North,Via,,Rosa Maria,,,,,,,,,,,,,,91504.0,,Los Angeles,Burbank,,,,,LA City,{4B164892-D94C-4BB3-AF86-B10C15B15789},0,,4B164892-D94C-4BB3-AF86-B10C15B15789,Unknown,,N,,Via,,N Via Rosa Maria,2023/09/12 23:03:18+00,7763 N Via Rosa Maria Burbank 91504,4B164892-D94C-4BB3-AF86-B10C15B15789_7763_N_Via_Rosa_Maria_Burbank_91504,Via Rosa Maria,7763 N Via Rosa Maria Los Angeles 91504,,,,
209639,384982,,2401046074.0,,7773.0,,,North,Via,,Ronaldo,,,,,,,,,,,,,,91504.0,,Los Angeles,Burbank,,,,,LA City,{62FD4890-2E9F-4968-8DD2-610446A70271},0,,62FD4890-2E9F-4968-8DD2-610446A70271,Unknown,,N,,Via,,N Via Ronaldo,2023/09/12 23:03:18+00,7773 N Via Ronaldo Burbank 91504,62FD4890-2E9F-4968-8DD2-610446A70271_7773_N_Via_Ronaldo_Burbank_91504,Via Ronaldo,7773 N Via Ronaldo Los Angeles 91504,,,,
209640,384983,,2401046074.0,,7778.0,,,North,Via,,Rosa Maria,,,,,,,,,,,,,,91504.0,,Los Angeles,Burbank,,,,,LA City,{013627A9-4EED-4304-9943-0D99386DFD82},0,,013627A9-4EED-4304-9943-0D99386DFD82,Unknown,,N,,Via,,N Via Rosa Maria,2023/09/12 23:03:18+00,7778 N Via Rosa Maria Burbank 91504,013627A9-4EED-4304-9943-0D99386DFD82_7778_N_Via_Rosa_Maria_Burbank_91504,Via Rosa Maria,7778 N Via Rosa Maria Los Angeles 91504,,,,
209641,384984,,2401046074.0,,7769.0,,,North,Via,,Ronaldo,,,,,,,,,,,,,,91504.0,,Los Angeles,Burbank,,,,,LA City,{ADB28A0D-487A-49D2-8F62-3AEB4FB55AC5},0,,ADB28A0D-487A-49D2-8F62-3AEB4FB55AC5,Unknown,,N,,Via,,N Via Ronaldo,2023/09/12 23:03:18+00,7769 N Via Ronaldo Burbank 91504,ADB28A0D-487A-49D2-8F62-3AEB4FB55AC5_7769_N_Via_Ronaldo_Burbank_91504,Via Ronaldo,7769 N Via Ronaldo Los Angeles 91504,,,,
209642,384985,,2401046074.0,,9551.0,,,West,Via,,Milano,,,,,,,,,,,,,,91504.0,,Los Angeles,Burbank,,,,,LA City,{2D31F3CE-7ABC-4419-AFAD-785D5994080A},0,,2D31F3CE-7ABC-4419-AFAD-785D5994080A,Unknown,,W,,Via,,W Via Milano,2023/09/12 23:03:18+00,9551 W Via Milano Burbank 91504,2D31F3CE-7ABC-4419-AFAD-785D5994080A_9551_W_Via_Milano_Burbank_91504,Via Milano,9551 W Via Milano Los Angeles 91504,,,,
209643,384986,,2401046074.0,,9556.0,,,West,Via,,Milano,,,,,,,,,,,,,,91504.0,,Los Angeles,Burbank,,,,,LA City,{571C7578-9A77-40F2-A287-88A3095EEEE4},0,,571C7578-9A77-40F2-A287-88A3095EEEE4,Unknown,,W,,Via,,W Via Milano,2023/09/12 23:03:18+00,9556 W Via Milano Burbank 91504,571C7578-9A77-40F2-A287-88A3095EEEE4_9556_W_Via_Milano_Burbank_91504,Via Milano,9556 W Via Milano Los Angeles 91504,,,,
209644,384987,,2401046074.0,,7775.0,,,North,Via,,Ronaldo,,,,,,,,,,,,,,91504.0,,Los Angeles,Burbank,,,,,LA City,{BC34D933-632C-40D1-8C82-8DDA36807834},0,,BC34D933-632C-40D1-8C82-8DDA36807834,Unknown,,N,,Via,,N Via Ronaldo,2023/09/12 23:03:18+00,7775 N Via Ronaldo Burbank 91504,BC34D933-632C-40D1-8C82-8DDA36807834_7775_N_Via_Ronaldo_Burbank_91504,Via Ronaldo,7775 N Via Ronaldo Los Angeles 91504,,,,
209645,384988,,2401046074.0,,9566.0,,,West,Via,,Milano,,,,,,,,,,,,,,91504.0,,Los Angeles,Burbank,,,,,LA City,{B1A61B8F-7116-4449-B4B8-F7EB418D8165},0,,B1A61B8F-7116-4449-B4B8-F7EB418D8165,Unknown,,W,,Via,,W Via Milano,2023/09/12 23:03:18+00,9566 W Via Milano Burbank 91504,B1A61B8F-7116-4449-B4B8-F7EB418D8165_9566_W_Via_Milano_Burbank_91504,Via Milano,9566 W Via Milano Los Angeles 91504,,,,
209646,384989,,2401046074.0,,7768.0,,,North,Via,,Rosa Maria,,,,,,,,,,,,,,91504.0,,Los Angeles,Burbank,,,,,LA City,{93C1FBA2-205E-4BB4-AA60-B6DDD4402DC0},0,,93C1FBA2-205E-4BB4-AA60-B6DDD4402DC0,Unknown,,N,,Via,,N Via Rosa Maria,2023/09/12 23:03:18+00,7768 N Via Rosa Maria Burbank 91504,93C1FBA2-205E-4BB4-AA60-B6DDD4402DC0_7768_N_Via_Rosa_Maria_Burbank_91504,Via Rosa Maria,7768 N Via Rosa Maria Los Angeles 91504,,,,
209647,384990,,2401046074.0,,7779.0,,,North,Via,,Ronaldo,,,,,,,,,,,,,,91504.0,,Los Angeles,Burbank,,,,,LA City,{675DEB79-395D-43F1-8579-F388D93265F5},0,,675DEB79-395D-43F1-8579-F388D93265F5,Unknown,,N,,Via,,N Via Ronaldo,2023/09/12 23:03:18+00,7779 N Via Ronaldo Burbank 91504,675DEB79-395D-43F1-8579-F388D93265F5_7779_N_Via_Ronaldo_Burbank_91504,Via Ronaldo,7779 N Via Ronaldo Los Angeles 91504,,,,
209648,384991,,2401046074.0,,9553.0,,,West,Via,,Milano,,,,,,,,,,,,,,91504.0,,Los Angeles,Burbank,,,,,LA City,{CCBBEB8E-17D7-4617-A7C3-7B1D983F3055},0,,CCBBEB8E-17D7-4617-A7C3-7B1D983F3055,Unknown,,W,,Via,,W Via Milano,2023/09/12 23:03:18+00,9553 W Via Milano Burbank 91504,CCBBEB8E-17D7-4617-A7C3-7B1D983F3055_9553_W_Via_Milano_Burbank_91504,Via Milano,9553 W Via Milano Los Angeles 91504,,,,
209649,384992,,2401046074.0,,7767.0,,,North,Via,,Ronaldo,,,,,,,,,,,,,,91504.0,,Los Angeles,Burbank,,,,,LA City,{58F4CBDB-0AAC-4606-B7AB-2D2604EA608A},0,,58F4CBDB-0AAC-4606-B7AB-2D2604EA608A,Unknown,,N,,Via,,N Via Ronaldo,2023/09/12 23:03:18+00,7767 N Via Ronaldo Burbank 91504,58F4CBDB-0AAC-4606-B7AB-2D2604EA608A_7767_N_Via_Ronaldo_Burbank_91504,Via Ronaldo,7767 N Via Ronaldo Los Angeles 91504,,,,
209650,384993,,2401046074.0,,9555.0,,,West,Via,,Milano,,,,,,,,,,,,,,91504.0,,Los Angeles,Burbank,,,,,LA City,{009BCC28-4A2B-45DC-9AF4-120283B30BA6},0,,009BCC28-4A2B-45DC-9AF4-120283B30BA6,Unknown,,W,,Via,,W Via Milano,2023/09/12 23:03:18+00,9555 W Via Milano Burbank 91504,009BCC28-4A2B-45DC-9AF4-120283B30BA6_9555_W_Via_Milano_Burbank_91504,Via Milano,9555 W Via Milano Los Angeles 91504,,,,
209651,384994,,2401046074.0,,7771.0,,,North,Via,,Rosa Maria,,,,,,,,,,,,,,91504.0,,Los Angeles,Burbank,,,,,LA City,{76AB9133-CA14-4890-BA6F-4E9B47657888},0,,76AB9133-CA14-4890-BA6F-4E9B47657888,Unknown,,N,,Via,,N Via Rosa Maria,2023/09/12 23:03:18+00,7771 N Via Rosa Maria Burbank 91504,76AB9133-CA14-4890-BA6F-4E9B47657888_7771_N_Via_Rosa_Maria_Burbank_91504,Via Rosa Maria,7771 N Via Rosa Maria Los Angeles 91504,,,,
209652,384995,,2401046074.0,,7772.0,,,North,Via,,Rosa Maria,,,,,,,,,,,,,,91504.0,,Los Angeles,Burbank,,,,,LA City,{D169C49C-F476-4D4C-87BD-099D8FCEBE97},0,,D169C49C-F476-4D4C-87BD-099D8FCEBE97,Unknown,,N,,Via,,N Via Rosa Maria,2023/09/12 23:03:18+00,7772 N Via Rosa Maria Burbank 91504,D169C49C-F476-4D4C-87BD-099D8FCEBE97_7772_N_Via_Rosa_Maria_Burbank_91504,Via Rosa Maria,7772 N Via Rosa Maria Los Angeles 91504,,,,
209653,384996,,2401046074.0,,7774.0,,,North,Via,,Ronaldo,,,,,,,,,,,,,,91504.0,,Los Angeles,Burbank,,,,,LA City,{BA36DACE-1F09-4A37-8B44-D38A2EF528DE},0,,BA36DACE-1F09-4A37-8B44-D38A2EF528DE,Unknown,,N,,Via,,N Via Ronaldo,2023/09/12 23:03:18+00,7774 N Via Ronaldo Burbank 91504,BA36DACE-1F09-4A37-8B44-D38A2EF528DE_7774_N_Via_Ronaldo_Burbank_91504,Via Ronaldo,7774 N Via Ronaldo Los Angeles 91504,,,,
209654,384997,,2401046074.0,,7765.0,,,North,Via,,Ronaldo,,,,,,,,,,,,,,91504.0,,Los Angeles,Burbank,,,,,LA City,{EAB17870-5E55-4CC6-B097-82EE96ED6B18},0,,EAB17870-5E55-4CC6-B097-82EE96ED6B18,Unknown,,N,,Via,,N Via Ronaldo,2023/09/12 23:03:18+00,7765 N Via Ronaldo Burbank 91504,EAB17870-5E55-4CC6-B097-82EE96ED6B18_7765_N_Via_Ronaldo_Burbank_91504,Via Ronaldo,7765 N Via Ronaldo Los Angeles 91504,,,,
209655,384998,,2401046074.0,,7780.0,,,North,Via,,Rosa Maria,,,,,,,,,,,,,,91504.0,,Los Angeles,Burbank,,,,,LA City,{E3612C2C-DF9A-4255-9C5D-832F1C833CD2},0,,E3612C2C-DF9A-4255-9C5D-832F1C833CD2,Unknown,,N,,Via,,N Via Rosa Maria,2023/09/12 23:03:18+00,7780 N Via Rosa Maria Burbank 91504,E3612C2C-DF9A-4255-9C5D-832F1C833CD2_7780_N_Via_Rosa_Maria_Burbank_91504,Via Rosa Maria,7780 N Via Rosa Maria Los Angeles 91504,,,,
209656,384999,,2401046074.0,,7780.0,,,North,Via,,Ronaldo,,,,,,,,,,,,,,91504.0,,Los Angeles,Burbank,,,,,LA City,{D9395980-A059-46DF-A3ED-FC1117190E56},0,,D9395980-A059-46DF-A3ED-FC1117190E56,Unknown,,N,,Via,,N Via Ronaldo,2023/09/12 23:03:18+00,7780 N Via Ronaldo Burbank 91504,D9395980-A059-46DF-A3ED-FC1117190E56_7780_N_Via_Ronaldo_Burbank_91504,Via Ronaldo,7780 N Via Ronaldo Los Angeles 91504,,,,
209657,385000,,2401046074.0,,7753.0,,,North,Via,,Rosa Maria,,,,,,,,,,,,,,91504.0,,Los Angeles,Burbank,,,,,LA City,{FAC3E45B-5E1E-42A1-9073-92FFC0E952F9},0,,FAC3E45B-5E1E-42A1-9073-92FFC0E952F9,Unknown,,N,,Via,,N Via Rosa Maria,2023/09/12 23:03:18+00,7753 N Via Rosa Maria Burbank 91504,FAC3E45B-5E1E-42A1-9073-92FFC0E952F9_7753_N_Via_Rosa_Maria_Burbank_91504,Via Rosa Maria,7753 N Via Rosa Maria Los Angeles 91504,,,,
209658,385001,,2401046074.0,,7776.0,,,North,Via,,Rosa Maria,,,,,,,,,,,,,,91504.0,,Los Angeles,Burbank,,,,,LA City,{A5552800-F6C3-4DDC-A2E7-9A7B035F3DFB},0,,A5552800-F6C3-4DDC-A2E7-9A7B035F3DFB,Unknown,,N,,Via,,N Via Rosa Maria,2023/09/12 23:03:18+00,7776 N Via Rosa Maria Burbank 91504,A5552800-F6C3-4DDC-A2E7-9A7B035F3DFB_7776_N_Via_Rosa_Maria_Burbank_91504,Via Rosa Maria,7776 N Via Rosa Maria Los Angeles 91504,,,,
209659,385002,,2401046074.0,,7781.0,,,North,Via,,Ronaldo,,,,,,,,,,,,,,91504.0,,Los Angeles,Burbank,,,,,LA City,{8B37BC21-433E-4938-99AD-6221B0E8A2EA},0,,8B37BC21-433E-4938-99AD-6221B0E8A2EA,Unknown,,N,,Via,,N Via Ronaldo,2023/09/12 23:03:18+00,7781 N Via Ronaldo Burbank 91504,8B37BC21-433E-4938-99AD-6221B0E8A2EA_7781_N_Via_Ronaldo_Burbank_91504,Via Ronaldo,7781 N Via Ronaldo Los Angeles 91504,,,,
209660,385003,,2401046074.0,,7770.0,,,North,Via,,Rosa Maria,,,,,,,,,,,,,,91504.0,,Los Angeles,Burbank,,,,,LA City,{F18DC251-5286-48E8-B725-814E9206D4E5},0,,F18DC251-5286-48E8-B725-814E9206D4E5,Unknown,,N,,Via,,N Via Rosa Maria,2023/09/12 23:03:18+00,7770 N Via Rosa Maria Burbank 91504,F18DC251-5286-48E8-B725-814E9206D4E5_7770_N_Via_Rosa_Maria_Burbank_91504,Via Rosa Maria,7770 N Via Rosa Maria Los Angeles 91504,,,,
209661,385004,,2401046074.0,,7776.0,,,North,Via,,Ronaldo,,,,,,,,,,,,,,91504.0,,Los Angeles,Burbank,,,,,LA City,{67ED4FF5-D575-430F-8BCD-E262CA5CD5F7},0,,67ED4FF5-D575-430F-8BCD-E262CA5CD5F7,Unknown,,N,,Via,,N Via Ronaldo,2023/09/12 23:03:18+00,7776 N Via Ronaldo Burbank 91504,67ED4FF5-D575-430F-8BCD-E262CA5CD5F7_7776_N_Via_Ronaldo_Burbank_91504,Via Ronaldo,7776 N Via Ronaldo Los Angeles 91504,,,,
209662,385005,,2401046074.0,,7757.0,,,North,Via,,Rosa Maria,,,,,,,,,,,,,,91504.0,,Los Angeles,Burbank,,,,,LA City,{95CA7FD9-D4E6-4071-AE14-744D455EEB75},0,,95CA7FD9-D4E6-4071-AE14-744D455EEB75,Unknown,,N,,Via,,N Via Rosa Maria,2023/09/12 23:03:18+00,7757 N Via Rosa Maria Burbank 91504,95CA7FD9-D4E6-4071-AE14-744D455EEB75_7757_N_Via_Rosa_Maria_Burbank_91504,Via Rosa Maria,7757 N Via Rosa Maria Los Angeles 91504,,,,
209663,385006,,2401046074.0,,7770.0,,,North,Via,,Ronaldo,,,,,,,,,,,,,,91504.0,,Los Angeles,Burbank,,,,,LA City,{D9D49F9C-2F29-4602-9D53-003253668D65},0,,D9D49F9C-2F29-4602-9D53-003253668D65,Unknown,,N,,Via,,N Via Ronaldo,2023/09/12 23:03:18+00,7770 N Via Ronaldo Burbank 91504,D9D49F9C-2F29-4602-9D53-003253668D65_7770_N_Via_Ronaldo_Burbank_91504,Via Ronaldo,7770 N Via Ronaldo Los Angeles 91504,,,,
209664,385007,,2401046074.0,,9564.0,,,West,Via,,Milano,,,,,,,,,,,,,,91504.0,,Los Angeles,Burbank,,,,,LA City,{FA9B3EBA-C9CE-486E-AD22-9B18E446B5D9},0,,FA9B3EBA-C9CE-486E-AD22-9B18E446B5D9,Unknown,,W,,Via,,W Via Milano,2023/09/12 23:03:18+00,9564 W Via Milano Burbank 91504,FA9B3EBA-C9CE-486E-AD22-9B18E446B5D9_9564_W_Via_Milano_Burbank_91504,Via Milano,9564 W Via Milano Los Angeles 91504,,,,
209665,385008,,2401046074.0,,7765.0,,,North,Via,,Rosa Maria,,,,,,,,,,,,,,91504.0,,Los Angeles,Burbank,,,,,LA City,{0BB6D230-930C-4DAE-860D-C80008C5F73A},0,,0BB6D230-930C-4DAE-860D-C80008C5F73A,Unknown,,N,,Via,,N Via Rosa Maria,2023/09/12 23:03:18+00,7765 N Via Rosa Maria Burbank 91504,0BB6D230-930C-4DAE-860D-C80008C5F73A_7765_N_Via_Rosa_Maria_Burbank_91504,Via Rosa Maria,7765 N Via Rosa Maria Los Angeles 91504,,,,
209666,385009,,2401046074.0,,7800.0,,,North,Via,,Ronaldo,,,,,,,,,,,,,,91504.0,,Los Angeles,Burbank,,,,,LA City,{4755A536-D747-4179-85A9-F067A96F2974},0,,4755A536-D747-4179-85A9-F067A96F2974,Unknown,,N,,Via,,N Via Ronaldo,2023/09/12 23:03:18+00,7800 N Via Ronaldo Burbank 91504,4755A536-D747-4179-85A9-F067A96F2974_7800_N_Via_Ronaldo_Burbank_91504,Via Ronaldo,7800 N Via Ronaldo Los Angeles 91504,,,,
209667,385010,,2401046104.0,,7766.0,,,,Via,,Van Nuys,Boulevard,,,,,,,,,,,,,91504.0,,Los Angeles,Burbank,,,,,Assessor,{73848B9C-7015-432B-B9A4-6B158601DCAC},0,,73848B9C-7015-432B-B9A4-6B158601DCAC,Unknown,,,,Via,Blvd,Via Van Nuys Blvd,2024/04/27 17:13:09+00,7766 Via Van Nuys Blvd Burbank 91504,73848B9C-7015-432B-B9A4-6B158601DCAC_7766_Via_Van_Nuys_Blvd_Burbank_91504,Via Van Nuys,7766 Via Van Nuys Boulevard Blvd Los Angeles 91504,,,,
209668,385011,,2401047005.0,,9426.0,,,West,Via,,Patricia,,,,,,,,,,,,,,91504.0,,Los Angeles,Burbank,,,,,LA City,{947742B4-5446-4B54-BD20-AA9101EFB924},0,,947742B4-5446-4B54-BD20-AA9101EFB924,Unknown,,W,,Via,,W Via Patricia,2023/09/12 23:03:18+00,9426 W Via Patricia Burbank 91504,947742B4-5446-4B54-BD20-AA9101EFB924_9426_W_Via_Patricia_Burbank_91504,Via Patricia,9426 W Via Patricia Los Angeles 91504,,,,
209669,385012,,2401047005.0,,9434.0,,,West,Via,,Patricia,,,,,,,,,,,,,,91504.0,,Los Angeles,Burbank,,,,,LA City,{0C9BCD24-33DD-47BC-A7EA-601F0A1729D4},0,,0C9BCD24-33DD-47BC-A7EA-601F0A1729D4,Unknown,,W,,Via,,W Via Patricia,2023/09/12 23:03:18+00,9434 W Via Patricia Burbank 91504,0C9BCD24-33DD-47BC-A7EA-601F0A1729D4_9434_W_Via_Patricia_Burbank_91504,Via Patricia,9434 W Via Patricia Los Angeles 91504,,,,
209670,385013,,2401047005.0,,9420.0,,,West,Via,,Monique,,,,,,,,,,,,,,91504.0,,Los Angeles,Burbank,,,,,LA City,{4F2A447F-25F2-40A9-8895-127EC4726719},0,,4F2A447F-25F2-40A9-8895-127EC4726719,Unknown,,W,,Via,,W Via Monique,2023/09/12 23:03:18+00,9420 W Via Monique Burbank 91504,4F2A447F-25F2-40A9-8895-127EC4726719_9420_W_Via_Monique_Burbank_91504,Via Monique,9420 W Via Monique Los Angeles 91504,,,,
209671,385014,,2401047005.0,,9417.0,,,West,Via,,Patricia,,,,,,,,,,,,,,91504.0,,Los Angeles,Burbank,,,,,LA City,{8F54B28D-D29B-4D15-9054-92A69A48C929},0,,8F54B28D-D29B-4D15-9054-92A69A48C929,Unknown,,W,,Via,,W Via Patricia,2023/09/12 23:03:18+00,9417 W Via Patricia Burbank 91504,8F54B28D-D29B-4D15-9054-92A69A48C929_9417_W_Via_Patricia_Burbank_91504,Via Patricia,9417 W Via Patricia Los Angeles 91504,,,,
209672,385015,,2401047005.0,,9411.0,,,West,Via,,Yolanda,,,,,,,,,,,,,,91504.0,,Los Angeles,Burbank,,,,,LA City,{7C702091-D95C-4E58-B39F-A1447E50227C},0,,7C702091-D95C-4E58-B39F-A1447E50227C,Unknown,,W,,Via,,W Via Yolanda,2023/09/12 23:03:18+00,9411 W Via Yolanda Burbank 91504,7C702091-D95C-4E58-B39F-A1447E50227C_9411_W_Via_Yolanda_Burbank_91504,Via Yolanda,9411 W Via Yolanda Los Angeles 91504,,,,
209673,385016,,2401047005.0,,9413.0,,,West,Via,,Patricia,,,,,,,,,,,,,,91504.0,,Los Angeles,Burbank,,,,,LA City,{60EEFE77-D596-4721-B37D-D5869DE6931C},0,,60EEFE77-D596-4721-B37D-D5869DE6931C,Unknown,,W,,Via,,W Via Patricia,2023/09/12 23:03:18+00,9413 W Via Patricia Burbank 91504,60EEFE77-D596-4721-B37D-D5869DE6931C_9413_W_Via_Patricia_Burbank_91504,Via Patricia,9413 W Via Patricia Los Angeles 91504,,,,
209674,385017,,2401047005.0,,9433.0,,,West,Via,,Patricia,,,,,,,,,,,,,,91504.0,,Los Angeles,Burbank,,,,,LA City,{66851667-DA34-4817-BF0A-6D47855AB58C},0,,66851667-DA34-4817-BF0A-6D47855AB58C,Unknown,,W,,Via,,W Via Patricia,2023/09/12 23:03:18+00,9433 W Via Patricia Burbank 91504,66851667-DA34-4817-BF0A-6D47855AB58C_9433_W_Via_Patricia_Burbank_91504,Via Patricia,9433 W Via Patricia Los Angeles 91504,,,,
209675,385018,,2401047005.0,,9438.0,,,West,Via,,Monique,,,,,,,,,,,,,,91504.0,,Los Angeles,Burbank,,,,,LA City,{D558DF00-1F29-47BB-86E5-D81CF4BCC6B9},0,,D558DF00-1F29-47BB-86E5-D81CF4BCC6B9,Unknown,,W,,Via,,W Via Monique,2023/09/12 23:03:18+00,9438 W Via Monique Burbank 91504,D558DF00-1F29-47BB-86E5-D81CF4BCC6B9_9438_W_Via_Monique_Burbank_91504,Via Monique,9438 W Via Monique Los Angeles 91504,,,,
209676,385019,,2401047005.0,,9413.0,,,West,Via,,Yolanda,,,,,,,,,,,,,,91504.0,,Los Angeles,Burbank,,,,,LA City,{2C1FD80F-68F9-4EAF-9335-D3FCE9DFAF73},0,,2C1FD80F-68F9-4EAF-9335-D3FCE9DFAF73,Unknown,,W,,Via,,W Via Yolanda,2023/09/12 23:03:18+00,9413 W Via Yolanda Burbank 91504,2C1FD80F-68F9-4EAF-9335-D3FCE9DFAF73_9413_W_Via_Yolanda_Burbank_91504,Via Yolanda,9413 W Via Yolanda Los Angeles 91504,,,,
209677,385020,,2401047005.0,,9435.0,,,West,Via,,Monique,,,,,,,,,,,,,,91504.0,,Los Angeles,Burbank,,,,,LA City,{DC3B8708-4A49-4ACC-934E-8184FE79D051},0,,DC3B8708-4A49-4ACC-934E-8184FE79D051,Unknown,,W,,Via,,W Via Monique,2023/09/12 23:03:18+00,9435 W Via Monique Burbank 91504,DC3B8708-4A49-4ACC-934E-8184FE79D051_9435_W_Via_Monique_Burbank_91504,Via Monique,9435 W Via Monique Los Angeles 91504,,,,
209678,385021,,2401047005.0,,9443.0,,,West,Via,,Monique,,,,,,,,,,,,,,91504.0,,Los Angeles,Burbank,,,,,LA City,{46ADBBF0-C7D6-46E7-9E4D-8B70546F4B64},0,,46ADBBF0-C7D6-46E7-9E4D-8B70546F4B64,Unknown,,W,,Via,,W Via Monique,2023/09/12 23:03:18+00,9443 W Via Monique Burbank 91504,46ADBBF0-C7D6-46E7-9E4D-8B70546F4B64_9443_W_Via_Monique_Burbank_91504,Via Monique,9443 W Via Monique Los Angeles 91504,,,,
209679,385022,,2401047005.0,,9430.0,,,West,Via,,Monique,,,,,,,,,,,,,,91504.0,,Los Angeles,Burbank,,,,,LA City,{69E12713-A06A-4DE5-B75E-FB6CC4D90ECF},0,,69E12713-A06A-4DE5-B75E-FB6CC4D90ECF,Unknown,,W,,Via,,W Via Monique,2023/09/12 23:03:18+00,9430 W Via Monique Burbank 91504,69E12713-A06A-4DE5-B75E-FB6CC4D90ECF_9430_W_Via_Monique_Burbank_91504,Via Monique,9430 W Via Monique Los Angeles 91504,,,,
209680,385023,,2401047005.0,,9427.0,,,West,Via,,Monique,,,,,,,,,,,,,,91504.0,,Los Angeles,Burbank,,,,,LA City,{6BC0B033-38A9-4F05-83F9-67E7CB5F7A4D},0,,6BC0B033-38A9-4F05-83F9-67E7CB5F7A4D,Unknown,,W,,Via,,W Via Monique,2023/09/12 23:03:18+00,9427 W Via Monique Burbank 91504,6BC0B033-38A9-4F05-83F9-67E7CB5F7A4D_9427_W_Via_Monique_Burbank_91504,Via Monique,9427 W Via Monique Los Angeles 91504,,,,
209681,385024,,2401047005.0,,9431.0,,,West,Via,,Monique,,,,,,,,,,,,,,91504.0,,Los Angeles,Burbank,,,,,LA City,{BAE98C79-F12A-4874-BB0E-814188CB4223},0,,BAE98C79-F12A-4874-BB0E-814188CB4223,Unknown,,W,,Via,,W Via Monique,2023/09/12 23:03:18+00,9431 W Via Monique Burbank 91504,BAE98C79-F12A-4874-BB0E-814188CB4223_9431_W_Via_Monique_Burbank_91504,Via Monique,9431 W Via Monique Los Angeles 91504,,,,
209682,385025,,2401047005.0,,9423.0,,,West,Via,,Monique,,,,,,,,,,,,,,91504.0,,Los Angeles,Burbank,,,,,LA City,{90BFA1F4-2B0B-452F-97AB-70A015FB7811},0,,90BFA1F4-2B0B-452F-97AB-70A015FB7811,Unknown,,W,,Via,,W Via Monique,2023/09/12 23:03:18+00,9423 W Via Monique Burbank 91504,90BFA1F4-2B0B-452F-97AB-70A015FB7811_9423_W_Via_Monique_Burbank_91504,Via Monique,9423 W Via Monique Los Angeles 91504,,,,
209683,385026,,2401047005.0,,9441.0,,,West,Via,,Monique,,,,,,,,,,,,,,91504.0,,Los Angeles,Burbank,,,,,LA City,{A0E6188B-D141-46D7-8C11-BED1F0092D2A},0,,A0E6188B-D141-46D7-8C11-BED1F0092D2A,Unknown,,W,,Via,,W Via Monique,2023/09/12 23:03:18+00,9441 W Via Monique Burbank 91504,A0E6188B-D141-46D7-8C11-BED1F0092D2A_9441_W_Via_Monique_Burbank_91504,Via Monique,9441 W Via Monique Los Angeles 91504,,,,
209684,385027,,2401047005.0,,9444.0,,,West,Via,,Monique,,,,,,,,,,,,,,91504.0,,Los Angeles,Burbank,,,,,LA City,{6D66B909-6A3C-44F7-BAAF-24D4E58AB9A4},0,,6D66B909-6A3C-44F7-BAAF-24D4E58AB9A4,Unknown,,W,,Via,,W Via Monique,2023/09/12 23:03:18+00,9444 W Via Monique Burbank 91504,6D66B909-6A3C-44F7-BAAF-24D4E58AB9A4_9444_W_Via_Monique_Burbank_91504,Via Monique,9444 W Via Monique Los Angeles 91504,,,,
209685,385028,,2401047005.0,,9407.0,,,West,Via,,Yolanda,,,,,,,,,,,,,,91504.0,,Los Angeles,Burbank,,,,,LA City,{89D1EDCF-B3CB-4432-AABD-FD50C466B0A9},0,,89D1EDCF-B3CB-4432-AABD-FD50C466B0A9,Unknown,,W,,Via,,W Via Yolanda,2023/09/12 23:03:18+00,9407 W Via Yolanda Burbank 91504,89D1EDCF-B3CB-4432-AABD-FD50C466B0A9_9407_W_Via_Yolanda_Burbank_91504,Via Yolanda,9407 W Via Yolanda Los Angeles 91504,,,,
209686,385029,,2401047005.0,,9408.0,,,West,Via,,Yolanda,,,,,,,,,,,,,,91504.0,,Los Angeles,Burbank,,,,,LA City,{DC8FD6D5-F79A-49A8-92B2-01BFB42D7251},0,,DC8FD6D5-F79A-49A8-92B2-01BFB42D7251,Unknown,,W,,Via,,W Via Yolanda,2023/09/12 23:03:18+00,9408 W Via Yolanda Burbank 91504,DC8FD6D5-F79A-49A8-92B2-01BFB42D7251_9408_W_Via_Yolanda_Burbank_91504,Via Yolanda,9408 W Via Yolanda Los Angeles 91504,,,,
209687,385030,,2401047005.0,,9402.0,,,West,Via,,Yolanda,,,,,,,,,,,,,,91504.0,,Los Angeles,Burbank,,,,,LA City,{57E145DD-7E37-4922-A404-43E9FF9D25E4},0,,57E145DD-7E37-4922-A404-43E9FF9D25E4,Unknown,,W,,Via,,W Via Yolanda,2023/09/12 23:03:18+00,9402 W Via Yolanda Burbank 91504,57E145DD-7E37-4922-A404-43E9FF9D25E4_9402_W_Via_Yolanda_Burbank_91504,Via Yolanda,9402 W Via Yolanda Los Angeles 91504,,,,
209688,385031,,2401047005.0,,9424.0,,,West,Via,,Patricia,,,,,,,,,,,,,,91504.0,,Los Angeles,Burbank,,,,,LA City,{1CC6D491-1A8D-4BE9-90C6-61536652AC02},0,,1CC6D491-1A8D-4BE9-90C6-61536652AC02,Unknown,,W,,Via,,W Via Patricia,2023/09/12 23:03:18+00,9424 W Via Patricia Burbank 91504,1CC6D491-1A8D-4BE9-90C6-61536652AC02_9424_W_Via_Patricia_Burbank_91504,Via Patricia,9424 W Via Patricia Los Angeles 91504,,,,
209689,385032,,2401047005.0,,9436.0,,,West,Via,,Patricia,,,,,,,,,,,,,,91504.0,,Los Angeles,Burbank,,,,,LA City,{F8868F54-3B78-4B37-BBBE-7E6C82AF9044},0,,F8868F54-3B78-4B37-BBBE-7E6C82AF9044,Unknown,,W,,Via,,W Via Patricia,2023/09/12 23:03:18+00,9436 W Via Patricia Burbank 91504,F8868F54-3B78-4B37-BBBE-7E6C82AF9044_9436_W_Via_Patricia_Burbank_91504,Via Patricia,9436 W Via Patricia Los Angeles 91504,,,,
209690,385033,,2401047005.0,,9406.0,,,West,Via,,Patricia,,,,,,,,,,,,,,91504.0,,Los Angeles,Burbank,,,,,LA City,{D84011CD-0B3C-45BF-9982-D10893507BB2},0,,D84011CD-0B3C-45BF-9982-D10893507BB2,Unknown,,W,,Via,,W Via Patricia,2023/09/12 23:03:18+00,9406 W Via Patricia Burbank 91504,D84011CD-0B3C-45BF-9982-D10893507BB2_9406_W_Via_Patricia_Burbank_91504,Via Patricia,9406 W Via Patricia Los Angeles 91504,,,,
209691,385034,,2401047005.0,,9415.0,,,West,Via,,Patricia,,,,,,,,,,,,,,91504.0,,Los Angeles,Burbank,,,,,LA City,{BF590C0E-B766-4442-8E4F-753E85B37495},0,,BF590C0E-B766-4442-8E4F-753E85B37495,Unknown,,W,,Via,,W Via Patricia,2023/09/12 23:03:18+00,9415 W Via Patricia Burbank 91504,BF590C0E-B766-4442-8E4F-753E85B37495_9415_W_Via_Patricia_Burbank_91504,Via Patricia,9415 W Via Patricia Los Angeles 91504,,,,
209692,385035,,2401047005.0,,9412.0,,,West,Via,,Yolanda,,,,,,,,,,,,,,91504.0,,Los Angeles,Burbank,,,,,LA City,{301050EA-AF3B-4A40-854C-EA80BF799DD4},0,,301050EA-AF3B-4A40-854C-EA80BF799DD4,Unknown,,W,,Via,,W Via Yolanda,2023/09/12 23:03:18+00,9412 W Via Yolanda Burbank 91504,301050EA-AF3B-4A40-854C-EA80BF799DD4_9412_W_Via_Yolanda_Burbank_91504,Via Yolanda,9412 W Via Yolanda Los Angeles 91504,,,,
209693,385036,,2401047005.0,,9430.0,,,West,Via,,Patricia,,,,,,,,,,,,,,91504.0,,Los Angeles,Burbank,,,,,LA City,{8352679D-0306-4248-975B-320B79996340},0,,8352679D-0306-4248-975B-320B79996340,Unknown,,W,,Via,,W Via Patricia,2023/09/12 23:03:18+00,9430 W Via Patricia Burbank 91504,8352679D-0306-4248-975B-320B79996340_9430_W_Via_Patricia_Burbank_91504,Via Patricia,9430 W Via Patricia Los Angeles 91504,,,,
209694,385037,,2401047005.0,,9427.0,,,West,Via,,Patricia,,,,,,,,,,,,,,91504.0,,Los Angeles,Burbank,,,,,LA City,{4C06A021-5348-440E-8710-5AD8C232C61F},0,,4C06A021-5348-440E-8710-5AD8C232C61F,Unknown,,W,,Via,,W Via Patricia,2023/09/12 23:03:18+00,9427 W Via Patricia Burbank 91504,4C06A021-5348-440E-8710-5AD8C232C61F_9427_W_Via_Patricia_Burbank_91504,Via Patricia,9427 W Via Patricia Los Angeles 91504,,,,
209695,385038,,2401047005.0,,9404.0,,,West,Via,,Yolanda,,,,,,,,,,,,,,91504.0,,Los Angeles,Burbank,,,,,LA City,{41EB9DD5-4548-4D86-B910-0C595044E06F},0,,41EB9DD5-4548-4D86-B910-0C595044E06F,Unknown,,W,,Via,,W Via Yolanda,2023/09/12 23:03:18+00,9404 W Via Yolanda Burbank 91504,41EB9DD5-4548-4D86-B910-0C595044E06F_9404_W_Via_Yolanda_Burbank_91504,Via Yolanda,9404 W Via Yolanda Los Angeles 91504,,,,
209696,385039,,2401047005.0,,9410.0,,,West,Via,,Patricia,,,,,,,,,,,,,,91504.0,,Los Angeles,Burbank,,,,,LA City,{5F0DA2FA-274B-4F2D-9E46-8C665213127A},0,,5F0DA2FA-274B-4F2D-9E46-8C665213127A,Unknown,,W,,Via,,W Via Patricia,2023/09/12 23:03:18+00,9410 W Via Patricia Burbank 91504,5F0DA2FA-274B-4F2D-9E46-8C665213127A_9410_W_Via_Patricia_Burbank_91504,Via Patricia,9410 W Via Patricia Los Angeles 91504,,,,
209697,385040,,2401047005.0,,9414.0,,,West,Via,,Yolanda,,,,,,,,,,,,,,91504.0,,Los Angeles,Burbank,,,,,LA City,{114EBC47-C681-4E0F-961A-B1B18589E264},0,,114EBC47-C681-4E0F-961A-B1B18589E264,Unknown,,W,,Via,,W Via Yolanda,2023/09/12 23:03:18+00,9414 W Via Yolanda Burbank 91504,114EBC47-C681-4E0F-961A-B1B18589E264_9414_W_Via_Yolanda_Burbank_91504,Via Yolanda,9414 W Via Yolanda Los Angeles 91504,,,,
209698,385041,,2401047005.0,,9432.0,,,West,Via,,Monique,,,,,,,,,,,,,,91504.0,,Los Angeles,Burbank,,,,,LA City,{221E90FE-BFC1-498B-86E7-5D17E84040D4},0,,221E90FE-BFC1-498B-86E7-5D17E84040D4,Unknown,,W,,Via,,W Via Monique,2023/09/12 23:03:18+00,9432 W Via Monique Burbank 91504,221E90FE-BFC1-498B-86E7-5D17E84040D4_9432_W_Via_Monique_Burbank_91504,Via Monique,9432 W Via Monique Los Angeles 91504,,,,
209699,385042,,2401047005.0,,9431.0,,,West,Via,,Patricia,,,,,,,,,,,,,,91504.0,,Los Angeles,Burbank,,,,,LA City,{F62AD204-1B31-48E8-B9AF-58A188DBEAD6},0,,F62AD204-1B31-48E8-B9AF-58A188DBEAD6,Unknown,,W,,Via,,W Via Patricia,2023/09/12 23:03:18+00,9431 W Via Patricia Burbank 91504,F62AD204-1B31-48E8-B9AF-58A188DBEAD6_9431_W_Via_Patricia_Burbank_91504,Via Patricia,9431 W Via Patricia Los Angeles 91504,,,,
209700,385043,,2401047005.0,,9434.0,,,West,Via,,Monique,,,,,,,,,,,,,,91504.0,,Los Angeles,Burbank,,,,,LA City,{AF7740D5-5A84-4E26-B307-0890A967D9CD},0,,AF7740D5-5A84-4E26-B307-0890A967D9CD,Unknown,,W,,Via,,W Via Monique,2023/09/12 23:03:18+00,9434 W Via Monique Burbank 91504,AF7740D5-5A84-4E26-B307-0890A967D9CD_9434_W_Via_Monique_Burbank_91504,Via Monique,9434 W Via Monique Los Angeles 91504,,,,
209701,385044,,2401047005.0,,9428.0,,,West,Via,,Monique,,,,,,,,,,,,,,91504.0,,Los Angeles,Burbank,,,,,LA City,{14A6CE05-7F49-4FC3-8BE0-8CD088422FF4},0,,14A6CE05-7F49-4FC3-8BE0-8CD088422FF4,Unknown,,W,,Via,,W Via Monique,2023/09/12 23:03:18+00,9428 W Via Monique Burbank 91504,14A6CE05-7F49-4FC3-8BE0-8CD088422FF4_9428_W_Via_Monique_Burbank_91504,Via Monique,9428 W Via Monique Los Angeles 91504,,,,
209702,385045,,2401047005.0,,9408.0,,,West,Via,,Patricia,,,,,,,,,,,,,,91504.0,,Los Angeles,Burbank,,,,,LA City,{448C5587-96F8-4380-9F3B-87156C758247},0,,448C5587-96F8-4380-9F3B-87156C758247,Unknown,,W,,Via,,W Via Patricia,2023/09/12 23:03:18+00,9408 W Via Patricia Burbank 91504,448C5587-96F8-4380-9F3B-87156C758247_9408_W_Via_Patricia_Burbank_91504,Via Patricia,9408 W Via Patricia Los Angeles 91504,,,,
209703,385046,,2401047005.0,,9419.0,,,West,Via,,Patricia,,,,,,,,,,,,,,91504.0,,Los Angeles,Burbank,,,,,LA City,{68972EF4-8B4E-48C1-AA08-82D4D4A0FF0A},0,,68972EF4-8B4E-48C1-AA08-82D4D4A0FF0A,Unknown,,W,,Via,,W Via Patricia,2023/09/12 23:03:18+00,9419 W Via Patricia Burbank 91504,68972EF4-8B4E-48C1-AA08-82D4D4A0FF0A_9419_W_Via_Patricia_Burbank_91504,Via Patricia,9419 W Via Patricia Los Angeles 91504,,,,
209704,385047,,2401047005.0,,9403.0,,,West,Via,,Yolanda,,,,,,,,,,,,,,91504.0,,Los Angeles,Burbank,,,,,LA City,{4C39EEF6-BC1D-4B1A-9A44-A8F25BFA2B75},0,,4C39EEF6-BC1D-4B1A-9A44-A8F25BFA2B75,Unknown,,W,,Via,,W Via Yolanda,2023/09/12 23:03:18+00,9403 W Via Yolanda Burbank 91504,4C39EEF6-BC1D-4B1A-9A44-A8F25BFA2B75_9403_W_Via_Yolanda_Burbank_91504,Via Yolanda,9403 W Via Yolanda Los Angeles 91504,,,,
209705,385048,,2401047005.0,,9433.0,,,West,Via,,Monique,,,,,,,,,,,,,,91504.0,,Los Angeles,Burbank,,,,,LA City,{AF61A7DE-2F47-49F8-89F1-89827ECE856F},0,,AF61A7DE-2F47-49F8-89F1-89827ECE856F,Unknown,,W,,Via,,W Via Monique,2023/09/12 23:03:18+00,9433 W Via Monique Burbank 91504,AF61A7DE-2F47-49F8-89F1-89827ECE856F_9433_W_Via_Monique_Burbank_91504,Via Monique,9433 W Via Monique Los Angeles 91504,,,,
209706,385049,,2401047005.0,,9429.0,,,West,Via,,Patricia,,,,,,,,,,,,,,91504.0,,Los Angeles,Burbank,,,,,LA City,{32D4F243-9320-4BA1-AB70-BB21B9998F48},0,,32D4F243-9320-4BA1-AB70-BB21B9998F48,Unknown,,W,,Via,,W Via Patricia,2023/09/12 23:03:18+00,9429 W Via Patricia Burbank 91504,32D4F243-9320-4BA1-AB70-BB21B9998F48_9429_W_Via_Patricia_Burbank_91504,Via Patricia,9429 W Via Patricia Los Angeles 91504,,,,
209707,385050,,2401047005.0,,9440.0,,,West,Via,,Monique,,,,,,,,,,,,,,91504.0,,Los Angeles,Burbank,,,,,LA City,{1412F043-CAC9-4CF1-887C-16CCAC6BF4C6},0,,1412F043-CAC9-4CF1-887C-16CCAC6BF4C6,Unknown,,W,,Via,,W Via Monique,2023/09/12 23:03:18+00,9440 W Via Monique Burbank 91504,1412F043-CAC9-4CF1-887C-16CCAC6BF4C6_9440_W_Via_Monique_Burbank_91504,Via Monique,9440 W Via Monique Los Angeles 91504,,,,
209708,385051,,2401047005.0,,9416.0,,,West,Via,,Yolanda,,,,,,,,,,,,,,91504.0,,Los Angeles,Burbank,,,,,LA City,{33A67C57-1CBF-4530-AFF8-1D1EC65BFC14},0,,33A67C57-1CBF-4530-AFF8-1D1EC65BFC14,Unknown,,W,,Via,,W Via Yolanda,2023/09/12 23:03:18+00,9416 W Via Yolanda Burbank 91504,33A67C57-1CBF-4530-AFF8-1D1EC65BFC14_9416_W_Via_Yolanda_Burbank_91504,Via Yolanda,9416 W Via Yolanda Los Angeles 91504,,,,
209709,385052,,2401047005.0,,9425.0,,,West,Via,,Patricia,,,,,,,,,,,,,,91504.0,,Los Angeles,Burbank,,,,,LA City,{81D79914-1A0C-4AF8-A8A9-85393C0D3897},0,,81D79914-1A0C-4AF8-A8A9-85393C0D3897,Unknown,,W,,Via,,W Via Patricia,2023/09/12 23:03:18+00,9425 W Via Patricia Burbank 91504,81D79914-1A0C-4AF8-A8A9-85393C0D3897_9425_W_Via_Patricia_Burbank_91504,Via Patricia,9425 W Via Patricia Los Angeles 91504,,,,
209710,385053,,2401047005.0,,9409.0,,,West,Via,,Yolanda,,,,,,,,,,,,,,91504.0,,Los Angeles,Burbank,,,,,LA City,{C1324462-3B32-48B1-BD6F-A9509B6A37AE},0,,C1324462-3B32-48B1-BD6F-A9509B6A37AE,Unknown,,W,,Via,,W Via Yolanda,2023/09/12 23:03:18+00,9409 W Via Yolanda Burbank 91504,C1324462-3B32-48B1-BD6F-A9509B6A37AE_9409_W_Via_Yolanda_Burbank_91504,Via Yolanda,9409 W Via Yolanda Los Angeles 91504,,,,
209711,385054,,2401047005.0,,9439.0,,,West,Via,,Monique,,,,,,,,,,,,,,91504.0,,Los Angeles,Burbank,,,,,LA City,{6D751FAE-E3B8-459A-935F-5CAFDE91DBB8},0,,6D751FAE-E3B8-459A-935F-5CAFDE91DBB8,Unknown,,W,,Via,,W Via Monique,2023/09/12 23:03:18+00,9439 W Via Monique Burbank 91504,6D751FAE-E3B8-459A-935F-5CAFDE91DBB8_9439_W_Via_Monique_Burbank_91504,Via Monique,9439 W Via Monique Los Angeles 91504,,,,
209712,385055,,2401047005.0,,9400.0,,,West,Via,,Yolanda,,,,,,,,,,,,,,91504.0,,Los Angeles,Burbank,,,,,LA City,{FF1422DF-E6A2-4CF9-8135-486B147710C1},0,,FF1422DF-E6A2-4CF9-8135-486B147710C1,Unknown,,W,,Via,,W Via Yolanda,2023/09/12 23:03:18+00,9400 W Via Yolanda Burbank 91504,FF1422DF-E6A2-4CF9-8135-486B147710C1_9400_W_Via_Yolanda_Burbank_91504,Via Yolanda,9400 W Via Yolanda Los Angeles 91504,,,,
209713,385056,,2401047005.0,,9437.0,,,West,Via,,Monique,,,,,,,,,,,,,,91504.0,,Los Angeles,Burbank,,,,,LA City,{B1045EA3-CC06-4229-A9DB-8E96E2D994B5},0,,B1045EA3-CC06-4229-A9DB-8E96E2D994B5,Unknown,,W,,Via,,W Via Monique,2023/09/12 23:03:18+00,9437 W Via Monique Burbank 91504,B1045EA3-CC06-4229-A9DB-8E96E2D994B5_9437_W_Via_Monique_Burbank_91504,Via Monique,9437 W Via Monique Los Angeles 91504,,,,
209714,385057,,2401047005.0,,9432.0,,,West,Via,,Patricia,,,,,,,,,,,,,,91504.0,,Los Angeles,Burbank,,,,,LA City,{EF7DD0B2-43E1-4CE6-A4D6-24FAD0722107},0,,EF7DD0B2-43E1-4CE6-A4D6-24FAD0722107,Unknown,,W,,Via,,W Via Patricia,2023/09/12 23:03:18+00,9432 W Via Patricia Burbank 91504,EF7DD0B2-43E1-4CE6-A4D6-24FAD0722107_9432_W_Via_Patricia_Burbank_91504,Via Patricia,9432 W Via Patricia Los Angeles 91504,,,,
209715,385058,,2401047005.0,,9429.0,,,West,Via,,Monique,,,,,,,,,,,,,,91504.0,,Los Angeles,Burbank,,,,,LA City,{C05180E6-53D7-4928-9E9D-8492635ECFD8},0,,C05180E6-53D7-4928-9E9D-8492635ECFD8,Unknown,,W,,Via,,W Via Monique,2023/09/12 23:03:18+00,9429 W Via Monique Burbank 91504,C05180E6-53D7-4928-9E9D-8492635ECFD8_9429_W_Via_Monique_Burbank_91504,Via Monique,9429 W Via Monique Los Angeles 91504,,,,
209716,385059,,2401047005.0,,9405.0,,,West,Via,,Yolanda,,,,,,,,,,,,,,91504.0,,Los Angeles,Burbank,,,,,LA City,{03221498-5B0F-402F-BA53-672B8AD2E01B},0,,03221498-5B0F-402F-BA53-672B8AD2E01B,Unknown,,W,,Via,,W Via Yolanda,2023/09/12 23:03:18+00,9405 W Via Yolanda Burbank 91504,03221498-5B0F-402F-BA53-672B8AD2E01B_9405_W_Via_Yolanda_Burbank_91504,Via Yolanda,9405 W Via Yolanda Los Angeles 91504,,,,
209717,385060,,2401047005.0,,9438.0,,,West,Via,,Patricia,,,,,,,,,,,,,,91504.0,,Los Angeles,Burbank,,,,,LA City,{5C956593-CED8-4F01-B9F0-C5DADC120B20},0,,5C956593-CED8-4F01-B9F0-C5DADC120B20,Unknown,,W,,Via,,W Via Patricia,2023/09/12 23:03:18+00,9438 W Via Patricia Burbank 91504,5C956593-CED8-4F01-B9F0-C5DADC120B20_9438_W_Via_Patricia_Burbank_91504,Via Patricia,9438 W Via Patricia Los Angeles 91504,,,,
209718,385061,,2401047005.0,,9411.0,,,West,Via,,Patricia,,,,,,,,,,,,,,91504.0,,Los Angeles,Burbank,,,,,LA City,{F96387CF-C43E-46C3-9C0C-CBC866508517},0,,F96387CF-C43E-46C3-9C0C-CBC866508517,Unknown,,W,,Via,,W Via Patricia,2023/09/12 23:03:18+00,9411 W Via Patricia Burbank 91504,F96387CF-C43E-46C3-9C0C-CBC866508517_9411_W_Via_Patricia_Burbank_91504,Via Patricia,9411 W Via Patricia Los Angeles 91504,,,,
209719,385062,,2401047005.0,,9442.0,,,West,Via,,Monique,,,,,,,,,,,,,,91504.0,,Los Angeles,Burbank,,,,,LA City,{009B3838-E0EB-46C9-8CA2-63DC4EB9470B},0,,009B3838-E0EB-46C9-8CA2-63DC4EB9470B,Unknown,,W,,Via,,W Via Monique,2023/09/12 23:03:18+00,9442 W Via Monique Burbank 91504,009B3838-E0EB-46C9-8CA2-63DC4EB9470B_9442_W_Via_Monique_Burbank_91504,Via Monique,9442 W Via Monique Los Angeles 91504,,,,
209720,385063,,2401047005.0,,9424.0,,,West,Via,,Monique,,,,,,,,,,,,,,91504.0,,Los Angeles,Burbank,,,,,LA City,{DF857522-D38C-4CC5-9861-2BAA9607B800},0,,DF857522-D38C-4CC5-9861-2BAA9607B800,Unknown,,W,,Via,,W Via Monique,2023/09/12 23:03:18+00,9424 W Via Monique Burbank 91504,DF857522-D38C-4CC5-9861-2BAA9607B800_9424_W_Via_Monique_Burbank_91504,Via Monique,9424 W Via Monique Los Angeles 91504,,,,
209721,385064,,2401047005.0,,9422.0,,,West,Via,,Monique,,,,,,,,,,,,,,91504.0,,Los Angeles,Burbank,,,,,LA City,{C98D21F7-DA99-4233-B06E-FE8B3D2ACAF7},0,,C98D21F7-DA99-4233-B06E-FE8B3D2ACAF7,Unknown,,W,,Via,,W Via Monique,2023/09/12 23:03:18+00,9422 W Via Monique Burbank 91504,C98D21F7-DA99-4233-B06E-FE8B3D2ACAF7_9422_W_Via_Monique_Burbank_91504,Via Monique,9422 W Via Monique Los Angeles 91504,,,,
209722,385065,,2401047005.0,,9421.0,,,West,Via,,Monique,,,,,,,,,,,,,,91504.0,,Los Angeles,Burbank,,,,,LA City,{9780893C-0B1C-4FC2-8A09-5758977F9364},0,,9780893C-0B1C-4FC2-8A09-5758977F9364,Unknown,,W,,Via,,W Via Monique,2023/09/12 23:03:18+00,9421 W Via Monique Burbank 91504,9780893C-0B1C-4FC2-8A09-5758977F9364_9421_W_Via_Monique_Burbank_91504,Via Monique,9421 W Via Monique Los Angeles 91504,,,,
209723,385066,,2401047005.0,,9428.0,,,West,Via,,Patricia,,,,,,,,,,,,,,91504.0,,Los Angeles,Burbank,,,,,LA City,{6B55D4CE-0E37-41A2-8E4C-93F0436CDD9A},0,,6B55D4CE-0E37-41A2-8E4C-93F0436CDD9A,Unknown,,W,,Via,,W Via Patricia,2023/09/12 23:03:18+00,9428 W Via Patricia Burbank 91504,6B55D4CE-0E37-41A2-8E4C-93F0436CDD9A_9428_W_Via_Patricia_Burbank_91504,Via Patricia,9428 W Via Patricia Los Angeles 91504,,,,
209724,385067,,2401047005.0,,9406.0,,,West,Via,,Yolanda,,,,,,,,,,,,,,91504.0,,Los Angeles,Burbank,,,,,LA City,{26C1090F-AFB4-4A82-B9BF-2A4436FEF45C},0,,26C1090F-AFB4-4A82-B9BF-2A4436FEF45C,Unknown,,W,,Via,,W Via Yolanda,2023/09/12 23:03:18+00,9406 W Via Yolanda Burbank 91504,26C1090F-AFB4-4A82-B9BF-2A4436FEF45C_9406_W_Via_Yolanda_Burbank_91504,Via Yolanda,9406 W Via Yolanda Los Angeles 91504,,,,
209725,385068,,2401047005.0,,9445.0,,,West,Via,,Monique,,,,,,,,,,,,,,91504.0,,Los Angeles,Burbank,,,,,LA City,{10870155-C049-4FF0-B9B8-A4ABBDD6CB98},0,,10870155-C049-4FF0-B9B8-A4ABBDD6CB98,Unknown,,W,,Via,,W Via Monique,2023/09/12 23:03:18+00,9445 W Via Monique Burbank 91504,10870155-C049-4FF0-B9B8-A4ABBDD6CB98_9445_W_Via_Monique_Burbank_91504,Via Monique,9445 W Via Monique Los Angeles 91504,,,,
209726,385069,,2401047005.0,,9418.0,,,West,Via,,Yolanda,,,,,,,,,,,,,,91504.0,,Los Angeles,Burbank,,,,,LA City,{48A3AABE-5FFD-4AE4-9312-30176E66C7F8},0,,48A3AABE-5FFD-4AE4-9312-30176E66C7F8,Unknown,,W,,Via,,W Via Yolanda,2023/09/12 23:03:18+00,9418 W Via Yolanda Burbank 91504,48A3AABE-5FFD-4AE4-9312-30176E66C7F8_9418_W_Via_Yolanda_Burbank_91504,Via Yolanda,9418 W Via Yolanda Los Angeles 91504,,,,
209727,385070,,2401047005.0,,9436.0,,,West,Via,,Monique,,,,,,,,,,,,,,91504.0,,Los Angeles,Burbank,,,,,LA City,{9B3F4E16-92CF-4CDA-833E-49827C920DD2},0,,9B3F4E16-92CF-4CDA-833E-49827C920DD2,Unknown,,W,,Via,,W Via Monique,2023/09/12 23:03:18+00,9436 W Via Monique Burbank 91504,9B3F4E16-92CF-4CDA-833E-49827C920DD2_9436_W_Via_Monique_Burbank_91504,Via Monique,9436 W Via Monique Los Angeles 91504,,,,
209728,385071,,2401047005.0,,9425.0,,,West,Via,,Monique,,,,,,,,,,,,,,91504.0,,Los Angeles,Burbank,,,,,LA City,{A6D10148-BD52-48AD-B630-E12A8EC7AD3F},0,,A6D10148-BD52-48AD-B630-E12A8EC7AD3F,Unknown,,W,,Via,,W Via Monique,2023/09/12 23:03:18+00,9425 W Via Monique Burbank 91504,A6D10148-BD52-48AD-B630-E12A8EC7AD3F_9425_W_Via_Monique_Burbank_91504,Via Monique,9425 W Via Monique Los Angeles 91504,,,,
209729,385072,,2401047005.0,,9426.0,,,West,Via,,Monique,,,,,,,,,,,,,,91504.0,,Los Angeles,Burbank,,,,,LA City,{885070B9-5E93-4860-BA70-07C4BC1DA2E4},0,,885070B9-5E93-4860-BA70-07C4BC1DA2E4,Unknown,,W,,Via,,W Via Monique,2023/09/12 23:03:18+00,9426 W Via Monique Burbank 91504,885070B9-5E93-4860-BA70-07C4BC1DA2E4_9426_W_Via_Monique_Burbank_91504,Via Monique,9426 W Via Monique Los Angeles 91504,,,,
209730,385073,,2401047005.0,,9410.0,,,West,Via,,Yolanda,,,,,,,,,,,,,,91504.0,,Los Angeles,Burbank,,,,,LA City,{F8970D5B-9F1B-47AB-9121-BAF9E81F821F},0,,F8970D5B-9F1B-47AB-9121-BAF9E81F821F,Unknown,,W,,Via,,W Via Yolanda,2023/09/12 23:03:18+00,9410 W Via Yolanda Burbank 91504,F8970D5B-9F1B-47AB-9121-BAF9E81F821F_9410_W_Via_Yolanda_Burbank_91504,Via Yolanda,9410 W Via Yolanda Los Angeles 91504,,,,
209731,385074,,2401047005.0,,9401.0,,,West,Via,,Yolanda,,,,,,,,,,,,,,91504.0,,Los Angeles,Burbank,,,,,LA City,{FBC71C62-CB72-4006-AA00-08E0795D709D},0,,FBC71C62-CB72-4006-AA00-08E0795D709D,Unknown,,W,,Via,,W Via Yolanda,2023/09/12 23:03:18+00,9401 W Via Yolanda Burbank 91504,FBC71C62-CB72-4006-AA00-08E0795D709D_9401_W_Via_Yolanda_Burbank_91504,Via Yolanda,9401 W Via Yolanda Los Angeles 91504,,,,
209732,385075,,2401047034.0,,9418.0,,,,Via,,Moorpark,Street,,,,,,,,,,,,,91504.0,,Los Angeles,Burbank,,,,,Assessor,{FF66C534-1753-42D3-9618-6BFFE9166263},0,,FF66C534-1753-42D3-9618-6BFFE9166263,Unknown,,,,Via,St,Via Moorpark St,2024/05/12 21:05:27+00,9418 Via Moorpark St Burbank 91504,FF66C534-1753-42D3-9618-6BFFE9166263_9418_Via_Moorpark_St_Burbank_91504,Via Moorpark,9418 Via Moorpark Street St Los Angeles 91504,,,,
209733,385076,,2401047035.0,,9420.0,,,,Via,,Nordhoff,Street,,,,,,,,,,,,,91504.0,,Los Angeles,Burbank,,,,,Assessor,{322550D7-BF2E-40BF-BCA6-29705E7A723D},0,,322550D7-BF2E-40BF-BCA6-29705E7A723D,Unknown,,,,Via,St,Via Nordhoff St,2024/05/12 21:05:27+00,9420 Via Nordhoff St Burbank 91504,322550D7-BF2E-40BF-BCA6-29705E7A723D_9420_Via_Nordhoff_St_Burbank_91504,Via Nordhoff,9420 Via Nordhoff Street St Los Angeles 91504,,,,
209734,385077,,2401047036.0,,9422.0,,,,Via,,Arroyo Park,Drive,,,,,,,,,,,,,91504.0,,Los Angeles,Burbank,,,,,Assessor,{37E7DAC9-1C1B-4D85-8DEF-E8A836F222CB},0,,37E7DAC9-1C1B-4D85-8DEF-E8A836F222CB,Unknown,,,,Via,Dr,Via Arroyo Park Dr,2024/05/12 21:05:27+00,9422 Via Arroyo Park Dr Burbank 91504,37E7DAC9-1C1B-4D85-8DEF-E8A836F222CB_9422_Via_Arroyo_Park_Dr_Burbank_91504,Via Arroyo Park,9422 Via Arroyo Park Drive Dr Los Angeles 91504,,,,
209735,385078,,2401047071.0,,9350.0,,,West,Via,,Monique,,,,,,,,,,,,,,91504.0,,Los Angeles,Burbank,,,,,LA City,{444DDD77-1B2B-4444-B34D-7527E5839C5F},0,,444DDD77-1B2B-4444-B34D-7527E5839C5F,Unknown,,W,,Via,,W Via Monique,2023/09/12 23:03:18+00,9350 W Via Monique Burbank 91504,444DDD77-1B2B-4444-B34D-7527E5839C5F_9350_W_Via_Monique_Burbank_91504,Via Monique,9350 W Via Monique Los Angeles 91504,,,,
209736,385079,,2401047071.0,,9345.0,,,West,Via,,Patricia,,,,,,,,,,,,,,91504.0,,Los Angeles,Burbank,,,,,LA City,{7F0AB111-882D-4B6B-8062-39A1030B8AAD},0,,7F0AB111-882D-4B6B-8062-39A1030B8AAD,Unknown,,W,,Via,,W Via Patricia,2023/09/12 23:03:18+00,9345 W Via Patricia Burbank 91504,7F0AB111-882D-4B6B-8062-39A1030B8AAD_9345_W_Via_Patricia_Burbank_91504,Via Patricia,9345 W Via Patricia Los Angeles 91504,,,,
209737,385080,,2401047071.0,,9400.0,,,West,Via,,Monique,,,,,,,,,,,,,,91504.0,,Los Angeles,Burbank,,,,,LA City,{9CE35F09-FC40-442E-8A05-1BD3540764E0},0,,9CE35F09-FC40-442E-8A05-1BD3540764E0,Unknown,,W,,Via,,W Via Monique,2023/09/12 23:03:18+00,9400 W Via Monique Burbank 91504,9CE35F09-FC40-442E-8A05-1BD3540764E0_9400_W_Via_Monique_Burbank_91504,Via Monique,9400 W Via Monique Los Angeles 91504,,,,
209738,385081,,2401047071.0,,7901.0,,,North,Via,,Magdalena,,,,,,,,,,,,,,91504.0,,Los Angeles,Burbank,,,,,LA City,{7590CE12-46D5-462B-85E9-78FF0753A998},0,,7590CE12-46D5-462B-85E9-78FF0753A998,Unknown,,N,,Via,,N Via Magdalena,2023/09/12 23:03:18+00,7901 N Via Magdalena Burbank 91504,7590CE12-46D5-462B-85E9-78FF0753A998_7901_N_Via_Magdalena_Burbank_91504,Via Magdalena,7901 N Via Magdalena Los Angeles 91504,,,,
209739,385082,,2401047071.0,,7907.0,,,North,Via,,Magdalena,,,,,,,,,,,,,,91504.0,,Los Angeles,Burbank,,,,,LA City,{FC71BEFC-8736-44A8-9B62-18A9573287ED},0,,FC71BEFC-8736-44A8-9B62-18A9573287ED,Unknown,,N,,Via,,N Via Magdalena,2023/09/12 23:03:18+00,7907 N Via Magdalena Burbank 91504,FC71BEFC-8736-44A8-9B62-18A9573287ED_7907_N_Via_Magdalena_Burbank_91504,Via Magdalena,7907 N Via Magdalena Los Angeles 91504,,,,
209740,385083,,2401047071.0,,9348.0,,,West,Via,,Patricia,,,,,,,,,,,,,,91504.0,,Los Angeles,Burbank,,,,,LA City,{526F393E-D3E2-4F66-9220-87EA378D0A35},0,,526F393E-D3E2-4F66-9220-87EA378D0A35,Unknown,,W,,Via,,W Via Patricia,2023/09/12 23:03:18+00,9348 W Via Patricia Burbank 91504,526F393E-D3E2-4F66-9220-87EA378D0A35_9348_W_Via_Patricia_Burbank_91504,Via Patricia,9348 W Via Patricia Los Angeles 91504,,,,
209741,385084,,2401047071.0,,7914.0,,,North,Via,,Magdalena,,,,,,,,,,,,,,91504.0,,Los Angeles,Burbank,,,,,LA City,{6065E884-F3AD-43B6-872A-C363F977AD82},0,,6065E884-F3AD-43B6-872A-C363F977AD82,Unknown,,N,,Via,,N Via Magdalena,2023/09/12 23:03:18+00,7914 N Via Magdalena Burbank 91504,6065E884-F3AD-43B6-872A-C363F977AD82_7914_N_Via_Magdalena_Burbank_91504,Via Magdalena,7914 N Via Magdalena Los Angeles 91504,,,,
209742,385085,,2401047071.0,,7924.0,,,North,Via,,Magdalena,,,,,,,,,,,,,,91504.0,,Los Angeles,Burbank,,,,,LA City,{12F0B383-27D8-4727-859D-01CC03B81BC0},0,,12F0B383-27D8-4727-859D-01CC03B81BC0,Unknown,,N,,Via,,N Via Magdalena,2023/09/12 23:03:18+00,7924 N Via Magdalena Burbank 91504,12F0B383-27D8-4727-859D-01CC03B81BC0_7924_N_Via_Magdalena_Burbank_91504,Via Magdalena,7924 N Via Magdalena Los Angeles 91504,,,,
209743,385086,,2401047071.0,,9346.0,,,West,Via,,Patricia,,,,,,,,,,,,,,91504.0,,Los Angeles,Burbank,,,,,LA City,{952BC014-18EC-4CFC-8A87-2431D258D6F2},0,,952BC014-18EC-4CFC-8A87-2431D258D6F2,Unknown,,W,,Via,,W Via Patricia,2023/09/12 23:03:18+00,9346 W Via Patricia Burbank 91504,952BC014-18EC-4CFC-8A87-2431D258D6F2_9346_W_Via_Patricia_Burbank_91504,Via Patricia,9346 W Via Patricia Los Angeles 91504,,,,
209744,385087,,2401047071.0,,9347.0,,,West,Via,,Patricia,,,,,,,,,,,,,,91504.0,,Los Angeles,Burbank,,,,,LA City,{06C37DE2-25AB-44A2-AC87-B1787B61CC34},0,,06C37DE2-25AB-44A2-AC87-B1787B61CC34,Unknown,,W,,Via,,W Via Patricia,2023/09/12 23:03:18+00,9347 W Via Patricia Burbank 91504,06C37DE2-25AB-44A2-AC87-B1787B61CC34_9347_W_Via_Patricia_Burbank_91504,Via Patricia,9347 W Via Patricia Los Angeles 91504,,,,
209745,385088,,2401047071.0,,7916.0,,,North,Via,,Magdalena,,,,,,,,,,,,,,91504.0,,Los Angeles,Burbank,,,,,LA City,{3B0A9685-AF2E-49CB-B0B4-F59A9151D649},0,,3B0A9685-AF2E-49CB-B0B4-F59A9151D649,Unknown,,N,,Via,,N Via Magdalena,2023/09/12 23:03:18+00,7916 N Via Magdalena Burbank 91504,3B0A9685-AF2E-49CB-B0B4-F59A9151D649_7916_N_Via_Magdalena_Burbank_91504,Via Magdalena,7916 N Via Magdalena Los Angeles 91504,,,,
209746,385089,,2401047071.0,,9350.0,,,West,Via,,Patricia,,,,,,,,,,,,,,91504.0,,Los Angeles,Burbank,,,,,LA City,{7C0B9479-DD94-462B-9C78-25415DE1020A},0,,7C0B9479-DD94-462B-9C78-25415DE1020A,Unknown,,W,,Via,,W Via Patricia,2023/09/12 23:03:18+00,9350 W Via Patricia Burbank 91504,7C0B9479-DD94-462B-9C78-25415DE1020A_9350_W_Via_Patricia_Burbank_91504,Via Patricia,9350 W Via Patricia Los Angeles 91504,,,,
209747,385090,,2401047071.0,,7905.0,,,North,Via,,Magdalena,,,,,,,,,,,,,,91504.0,,Los Angeles,Burbank,,,,,LA City,{549BD8CD-0C6B-43A4-903C-3014E6D67176},0,,549BD8CD-0C6B-43A4-903C-3014E6D67176,Unknown,,N,,Via,,N Via Magdalena,2023/09/12 23:03:18+00,7905 N Via Magdalena Burbank 91504,549BD8CD-0C6B-43A4-903C-3014E6D67176_7905_N_Via_Magdalena_Burbank_91504,Via Magdalena,7905 N Via Magdalena Los Angeles 91504,,,,
209748,385091,,2401047071.0,,7918.0,,,North,Via,,Magdalena,,,,,,,,,,,,,,91504.0,,Los Angeles,Burbank,,,,,LA City,{EC42EE2D-8AC6-4B4D-A2D8-76FF8AFA20A5},0,,EC42EE2D-8AC6-4B4D-A2D8-76FF8AFA20A5,Unknown,,N,,Via,,N Via Magdalena,2023/09/12 23:03:18+00,7918 N Via Magdalena Burbank 91504,EC42EE2D-8AC6-4B4D-A2D8-76FF8AFA20A5_7918_N_Via_Magdalena_Burbank_91504,Via Magdalena,7918 N Via Magdalena Los Angeles 91504,,,,
209749,385092,,2401047071.0,,9402.0,,,West,Via,,Monique,,,,,,,,,,,,,,91504.0,,Los Angeles,Burbank,,,,,LA City,{1274A111-5B09-4528-874B-0B1533A63562},0,,1274A111-5B09-4528-874B-0B1533A63562,Unknown,,W,,Via,,W Via Monique,2023/09/12 23:03:18+00,9402 W Via Monique Burbank 91504,1274A111-5B09-4528-874B-0B1533A63562_9402_W_Via_Monique_Burbank_91504,Via Monique,9402 W Via Monique Los Angeles 91504,,,,
209750,385093,,2401047071.0,,9351.0,,,West,Via,,Patricia,,,,,,,,,,,,,,91504.0,,Los Angeles,Burbank,,,,,LA City,{BE518F2F-34CC-4F68-8FA1-0D8AFF38C143},0,,BE518F2F-34CC-4F68-8FA1-0D8AFF38C143,Unknown,,W,,Via,,W Via Patricia,2023/09/12 23:03:18+00,9351 W Via Patricia Burbank 91504,BE518F2F-34CC-4F68-8FA1-0D8AFF38C143_9351_W_Via_Patricia_Burbank_91504,Via Patricia,9351 W Via Patricia Los Angeles 91504,,,,
209751,385094,,2401047071.0,,7904.0,,,North,Via,,Magdalena,,,,,,,,,,,,,,91504.0,,Los Angeles,Burbank,,,,,LA City,{DE105C22-287E-443D-A598-D696CB2EB94F},0,,DE105C22-287E-443D-A598-D696CB2EB94F,Unknown,,N,,Via,,N Via Magdalena,2023/09/12 23:03:18+00,7904 N Via Magdalena Burbank 91504,DE105C22-287E-443D-A598-D696CB2EB94F_7904_N_Via_Magdalena_Burbank_91504,Via Magdalena,7904 N Via Magdalena Los Angeles 91504,,,,
209752,385095,,2401047071.0,,7906.0,,,North,Via,,Magdalena,,,,,,,,,,,,,,91504.0,,Los Angeles,Burbank,,,,,LA City,{6DD0CE73-9AD1-46E9-A2A0-75096CC9BC03},0,,6DD0CE73-9AD1-46E9-A2A0-75096CC9BC03,Unknown,,N,,Via,,N Via Magdalena,2023/09/12 23:03:18+00,7906 N Via Magdalena Burbank 91504,6DD0CE73-9AD1-46E9-A2A0-75096CC9BC03_7906_N_Via_Magdalena_Burbank_91504,Via Magdalena,7906 N Via Magdalena Los Angeles 91504,,,,
209753,385096,,2401047071.0,,9349.0,,,West,Via,,Patricia,,,,,,,,,,,,,,91504.0,,Los Angeles,Burbank,,,,,LA City,{931AA00B-ACCE-465B-A2D4-7B38F218E193},0,,931AA00B-ACCE-465B-A2D4-7B38F218E193,Unknown,,W,,Via,,W Via Patricia,2023/09/12 23:03:18+00,9349 W Via Patricia Burbank 91504,931AA00B-ACCE-465B-A2D4-7B38F218E193_9349_W_Via_Patricia_Burbank_91504,Via Patricia,9349 W Via Patricia Los Angeles 91504,,,,
209754,385097,,2401047071.0,,9352.0,,,West,Via,,Monique,,,,,,,,,,,,,,91504.0,,Los Angeles,Burbank,,,,,LA City,{78D03C03-D797-4885-BEC2-BBE7252280BD},0,,78D03C03-D797-4885-BEC2-BBE7252280BD,Unknown,,W,,Via,,W Via Monique,2023/09/12 23:03:18+00,9352 W Via Monique Burbank 91504,78D03C03-D797-4885-BEC2-BBE7252280BD_9352_W_Via_Monique_Burbank_91504,Via Monique,9352 W Via Monique Los Angeles 91504,,,,
209755,385098,,2401047071.0,,7908.0,,,North,Via,,Magdalena,,,,,,,,,,,,,,91504.0,,Los Angeles,Burbank,,,,,LA City,{B94A4F4D-7DBD-45DD-B46F-201974CAC660},0,,B94A4F4D-7DBD-45DD-B46F-201974CAC660,Unknown,,N,,Via,,N Via Magdalena,2023/09/12 23:03:18+00,7908 N Via Magdalena Burbank 91504,B94A4F4D-7DBD-45DD-B46F-201974CAC660_7908_N_Via_Magdalena_Burbank_91504,Via Magdalena,7908 N Via Magdalena Los Angeles 91504,,,,
209756,385099,,2401047071.0,,9404.0,,,West,Via,,Monique,,,,,,,,,,,,,,91504.0,,Los Angeles,Burbank,,,,,LA City,{4ADCA085-49DA-4C9B-BA96-EA3F522CDB92},0,,4ADCA085-49DA-4C9B-BA96-EA3F522CDB92,Unknown,,W,,Via,,W Via Monique,2023/09/12 23:03:18+00,9404 W Via Monique Burbank 91504,4ADCA085-49DA-4C9B-BA96-EA3F522CDB92_9404_W_Via_Monique_Burbank_91504,Via Monique,9404 W Via Monique Los Angeles 91504,,,,
209757,385100,,2401047071.0,,7900.0,,,North,Via,,Magdalena,,,,,,,,,,,,,,91504.0,,Los Angeles,Burbank,,,,,LA City,{99A8E4F7-D350-4E18-9F55-E542AF759ABD},0,,99A8E4F7-D350-4E18-9F55-E542AF759ABD,Unknown,,N,,Via,,N Via Magdalena,2023/09/12 23:03:18+00,7900 N Via Magdalena Burbank 91504,99A8E4F7-D350-4E18-9F55-E542AF759ABD_7900_N_Via_Magdalena_Burbank_91504,Via Magdalena,7900 N Via Magdalena Los Angeles 91504,,,,
209758,385101,,2401047071.0,,7902.0,,,North,Via,,Magdalena,,,,,,,,,,,,,,91504.0,,Los Angeles,Burbank,,,,,LA City,{421FC7D0-90D7-4A62-BAF6-9DF3548D632E},0,,421FC7D0-90D7-4A62-BAF6-9DF3548D632E,Unknown,,N,,Via,,N Via Magdalena,2023/09/12 23:03:18+00,7902 N Via Magdalena Burbank 91504,421FC7D0-90D7-4A62-BAF6-9DF3548D632E_7902_N_Via_Magdalena_Burbank_91504,Via Magdalena,7902 N Via Magdalena Los Angeles 91504,,,,
209759,385102,,2401047071.0,,9354.0,,,West,Via,,Monique,,,,,,,,,,,,,,91504.0,,Los Angeles,Burbank,,,,,LA City,{E6360866-103D-4861-9A43-3EE726EC8258},0,,E6360866-103D-4861-9A43-3EE726EC8258,Unknown,,W,,Via,,W Via Monique,2023/09/12 23:03:18+00,9354 W Via Monique Burbank 91504,E6360866-103D-4861-9A43-3EE726EC8258_9354_W_Via_Monique_Burbank_91504,Via Monique,9354 W Via Monique Los Angeles 91504,,,,
209760,385103,,2401047071.0,,7903.0,,,North,Via,,Magdalena,,,,,,,,,,,,,,91504.0,,Los Angeles,Burbank,,,,,LA City,{F24E36DE-7EF2-4E93-A6B9-F360237E17CD},0,,F24E36DE-7EF2-4E93-A6B9-F360237E17CD,Unknown,,N,,Via,,N Via Magdalena,2023/09/12 23:03:18+00,7903 N Via Magdalena Burbank 91504,F24E36DE-7EF2-4E93-A6B9-F360237E17CD_7903_N_Via_Magdalena_Burbank_91504,Via Magdalena,7903 N Via Magdalena Los Angeles 91504,,,,
209761,385104,,2401047071.0,,7910.0,,,North,Via,,Magdalena,,,,,,,,,,,,,,91504.0,,Los Angeles,Burbank,,,,,LA City,{DC33DE68-A5A7-4717-B583-5EF0FB847D32},0,,DC33DE68-A5A7-4717-B583-5EF0FB847D32,Unknown,,N,,Via,,N Via Magdalena,2023/09/12 23:03:18+00,7910 N Via Magdalena Burbank 91504,DC33DE68-A5A7-4717-B583-5EF0FB847D32_7910_N_Via_Magdalena_Burbank_91504,Via Magdalena,7910 N Via Magdalena Los Angeles 91504,,,,
209762,385105,,2401047071.0,,7920.0,,,North,Via,,Magdalena,,,,,,,,,,,,,,91504.0,,Los Angeles,Burbank,,,,,LA City,{1843BBB3-AD18-42F5-A76D-C2760DF99126},0,,1843BBB3-AD18-42F5-A76D-C2760DF99126,Unknown,,N,,Via,,N Via Magdalena,2023/09/12 23:03:18+00,7920 N Via Magdalena Burbank 91504,1843BBB3-AD18-42F5-A76D-C2760DF99126_7920_N_Via_Magdalena_Burbank_91504,Via Magdalena,7920 N Via Magdalena Los Angeles 91504,,,,
209763,385106,,2401047071.0,,7922.0,,,North,Via,,Magdalena,,,,,,,,,,,,,,91504.0,,Los Angeles,Burbank,,,,,LA City,{8AA4B5D1-EB3E-4FF9-A1C3-95C45FDA2527},0,,8AA4B5D1-EB3E-4FF9-A1C3-95C45FDA2527,Unknown,,N,,Via,,N Via Magdalena,2023/09/12 23:03:18+00,7922 N Via Magdalena Burbank 91504,8AA4B5D1-EB3E-4FF9-A1C3-95C45FDA2527_7922_N_Via_Magdalena_Burbank_91504,Via Magdalena,7922 N Via Magdalena Los Angeles 91504,,,,
209764,385107,,2401047071.0,,7912.0,,,North,Via,,Magdalena,,,,,,,,,,,,,,91504.0,,Los Angeles,Burbank,,,,,LA City,{DD9ECF5D-72BB-4062-B4C0-2CD26000CACD},0,,DD9ECF5D-72BB-4062-B4C0-2CD26000CACD,Unknown,,N,,Via,,N Via Magdalena,2023/09/12 23:03:18+00,7912 N Via Magdalena Burbank 91504,DD9ECF5D-72BB-4062-B4C0-2CD26000CACD_7912_N_Via_Magdalena_Burbank_91504,Via Magdalena,7912 N Via Magdalena Los Angeles 91504,,,,
209765,385108,,2401047101.0,,7950.0,,,North,Via,,Latina,,,,,,,,,,,,,,91504.0,,Los Angeles,Burbank,,,,,LA City,{F7C82815-EFA0-4263-B347-AF36025EC1E6},0,,F7C82815-EFA0-4263-B347-AF36025EC1E6,Unknown,,N,,Via,,N Via Latina,2023/09/12 23:03:18+00,7950 N Via Latina Burbank 91504,F7C82815-EFA0-4263-B347-AF36025EC1E6_7950_N_Via_Latina_Burbank_91504,Via Latina,7950 N Via Latina Los Angeles 91504,,,,
209766,385109,,2401047101.0,,7938.0,,,North,Via,,Latina,,,,,,,,,,,,,,91504.0,,Los Angeles,Burbank,,,,,LA City,{550A5524-022F-4A7E-BD76-C5A005C554DD},0,,550A5524-022F-4A7E-BD76-C5A005C554DD,Unknown,,N,,Via,,N Via Latina,2023/09/12 23:03:18+00,7938 N Via Latina Burbank 91504,550A5524-022F-4A7E-BD76-C5A005C554DD_7938_N_Via_Latina_Burbank_91504,Via Latina,7938 N Via Latina Los Angeles 91504,,,,
209767,385110,,2401047101.0,,7941.0,,,North,Via,,Latina,,,,,,,,,,,,,,91504.0,,Los Angeles,Burbank,,,,,LA City,{A5748598-B4FC-4431-94A1-383130264B24},0,,A5748598-B4FC-4431-94A1-383130264B24,Unknown,,N,,Via,,N Via Latina,2023/09/12 23:03:18+00,7941 N Via Latina Burbank 91504,A5748598-B4FC-4431-94A1-383130264B24_7941_N_Via_Latina_Burbank_91504,Via Latina,7941 N Via Latina Los Angeles 91504,,,,
209768,385111,,2401047101.0,,7949.0,,,North,Via,,Latina,,,,,,,,,,,,,,91504.0,,Los Angeles,Burbank,,,,,LA City,{F0F03927-7875-4769-ABB3-DB738F357DB2},0,,F0F03927-7875-4769-ABB3-DB738F357DB2,Unknown,,N,,Via,,N Via Latina,2023/09/12 23:03:18+00,7949 N Via Latina Burbank 91504,F0F03927-7875-4769-ABB3-DB738F357DB2_7949_N_Via_Latina_Burbank_91504,Via Latina,7949 N Via Latina Los Angeles 91504,,,,
209769,385112,,2401047101.0,,7951.0,,,North,Via,,Latina,,,,,,,,,,,,,,91504.0,,Los Angeles,Burbank,,,,,LA City,{C3500E58-69A3-4944-A76E-259BF714C6D9},0,,C3500E58-69A3-4944-A76E-259BF714C6D9,Unknown,,N,,Via,,N Via Latina,2023/09/12 23:03:18+00,7951 N Via Latina Burbank 91504,C3500E58-69A3-4944-A76E-259BF714C6D9_7951_N_Via_Latina_Burbank_91504,Via Latina,7951 N Via Latina Los Angeles 91504,,,,
209770,385113,,2401047101.0,,8010.0,,,North,Via,,Pompeii,,,,,,,,,,,,,,91504.0,,Los Angeles,Burbank,,,,,LA City,{76C1BBC7-6196-4A88-993E-E61E029DF749},0,,76C1BBC7-6196-4A88-993E-E61E029DF749,Unknown,,N,,Via,,N Via Pompeii,2023/09/12 23:03:18+00,8010 N Via Pompeii Burbank 91504,76C1BBC7-6196-4A88-993E-E61E029DF749_8010_N_Via_Pompeii_Burbank_91504,Via Pompeii,8010 N Via Pompeii Los Angeles 91504,,,,
209771,385114,,2401047101.0,,9320.0,,,West,Via,,Ferrara,,,,,,,,,,,,,,91504.0,,Los Angeles,Burbank,,,,,LA City,{11FF8B31-0B11-42EB-9174-45794EB5A63F},0,,11FF8B31-0B11-42EB-9174-45794EB5A63F,Unknown,,W,,Via,,W Via Ferrara,2023/09/12 23:03:18+00,9320 W Via Ferrara Burbank 91504,11FF8B31-0B11-42EB-9174-45794EB5A63F_9320_W_Via_Ferrara_Burbank_91504,Via Ferrara,9320 W Via Ferrara Los Angeles 91504,,,,
209772,385115,,2401047101.0,,8038.0,,,North,Via,,Pompeii,,,,,,,,,,,,,,91504.0,,Los Angeles,Burbank,,,,,LA City,{B3925ADA-22CB-46AD-9EB7-A039CEB743E8},0,,B3925ADA-22CB-46AD-9EB7-A039CEB743E8,Unknown,,N,,Via,,N Via Pompeii,2023/09/12 23:03:18+00,8038 N Via Pompeii Burbank 91504,B3925ADA-22CB-46AD-9EB7-A039CEB743E8_8038_N_Via_Pompeii_Burbank_91504,Via Pompeii,8038 N Via Pompeii Los Angeles 91504,,,,
209773,385116,,2401047101.0,,7945.0,,,North,Via,,Latina,,,,,,,,,,,,,,91504.0,,Los Angeles,Burbank,,,,,LA City,{1B0B71CC-1D84-4C62-A6F9-24C534311482},0,,1B0B71CC-1D84-4C62-A6F9-24C534311482,Unknown,,N,,Via,,N Via Latina,2023/09/12 23:03:18+00,7945 N Via Latina Burbank 91504,1B0B71CC-1D84-4C62-A6F9-24C534311482_7945_N_Via_Latina_Burbank_91504,Via Latina,7945 N Via Latina Los Angeles 91504,,,,
209774,385117,,2401047101.0,,9316.0,,,West,Via,,Ferrara,,,,,,,,,,,,,,91504.0,,Los Angeles,Burbank,,,,,LA City,{25EEA686-FBFE-47BB-93DE-4B97159BF23D},0,,25EEA686-FBFE-47BB-93DE-4B97159BF23D,Unknown,,W,,Via,,W Via Ferrara,2023/09/12 23:03:18+00,9316 W Via Ferrara Burbank 91504,25EEA686-FBFE-47BB-93DE-4B97159BF23D_9316_W_Via_Ferrara_Burbank_91504,Via Ferrara,9316 W Via Ferrara Los Angeles 91504,,,,
209775,385118,,2401047101.0,,9324.0,,,West,Via,,Ferrara,,,,,,,,,,,,,,91504.0,,Los Angeles,Burbank,,,,,LA City,{02A2F184-9242-4D10-873A-A716F65C749A},0,,02A2F184-9242-4D10-873A-A716F65C749A,Unknown,,W,,Via,,W Via Ferrara,2023/09/12 23:03:18+00,9324 W Via Ferrara Burbank 91504,02A2F184-9242-4D10-873A-A716F65C749A_9324_W_Via_Ferrara_Burbank_91504,Via Ferrara,9324 W Via Ferrara Los Angeles 91504,,,,
209776,385119,,2401047101.0,,8020.0,,,North,Via,,Pompeii,,,,,,,,,,,,,,91504.0,,Los Angeles,Burbank,,,,,LA City,{F01C5856-47DD-4F0C-9E68-35BCEA1C1E70},0,,F01C5856-47DD-4F0C-9E68-35BCEA1C1E70,Unknown,,N,,Via,,N Via Pompeii,2023/09/12 23:03:18+00,8020 N Via Pompeii Burbank 91504,F01C5856-47DD-4F0C-9E68-35BCEA1C1E70_8020_N_Via_Pompeii_Burbank_91504,Via Pompeii,8020 N Via Pompeii Los Angeles 91504,,,,
209777,385120,,2401047101.0,,7939.0,,,North,Via,,Latina,,,,,,,,,,,,,,91504.0,,Los Angeles,Burbank,,,,,LA City,{BA07464F-0A9C-4CE7-9613-4DAC918BE078},0,,BA07464F-0A9C-4CE7-9613-4DAC918BE078,Unknown,,N,,Via,,N Via Latina,2023/09/12 23:03:18+00,7939 N Via Latina Burbank 91504,BA07464F-0A9C-4CE7-9613-4DAC918BE078_7939_N_Via_Latina_Burbank_91504,Via Latina,7939 N Via Latina Los Angeles 91504,,,,
209778,385121,,2401047101.0,,8018.0,,,North,Via,,Verona,,,,,,,,,,,,,,91504.0,,Los Angeles,Burbank,,,,,LA City,{F5427B54-C194-4907-8D31-1BA3A6308E33},0,,F5427B54-C194-4907-8D31-1BA3A6308E33,Unknown,,N,,Via,,N Via Verona,2023/09/12 23:03:18+00,8018 N Via Verona Burbank 91504,F5427B54-C194-4907-8D31-1BA3A6308E33_8018_N_Via_Verona_Burbank_91504,Via Verona,8018 N Via Verona Los Angeles 91504,,,,
209779,385122,,2401047101.0,,7954.0,,,North,Via,,Latina,,,,,,,,,,,,,,91504.0,,Los Angeles,Burbank,,,,,LA City,{6756F0CC-23DD-4FC3-8BD2-7A6D66D7BE53},0,,6756F0CC-23DD-4FC3-8BD2-7A6D66D7BE53,Unknown,,N,,Via,,N Via Latina,2023/09/12 23:03:18+00,7954 N Via Latina Burbank 91504,6756F0CC-23DD-4FC3-8BD2-7A6D66D7BE53_7954_N_Via_Latina_Burbank_91504,Via Latina,7954 N Via Latina Los Angeles 91504,,,,
209780,385123,,2401047101.0,,8011.0,,,North,Via,,Pompeii,,,,,,,,,,,,,,91504.0,,Los Angeles,Burbank,,,,,LA City,{A813A959-5C87-4006-954A-561B65853FC0},0,,A813A959-5C87-4006-954A-561B65853FC0,Unknown,,N,,Via,,N Via Pompeii,2023/09/12 23:03:18+00,8011 N Via Pompeii Burbank 91504,A813A959-5C87-4006-954A-561B65853FC0_8011_N_Via_Pompeii_Burbank_91504,Via Pompeii,8011 N Via Pompeii Los Angeles 91504,,,,
209781,385124,,2401047101.0,,8026.0,,,North,Via,,Verona,,,,,,,,,,,,,,91504.0,,Los Angeles,Burbank,,,,,LA City,{5CC92699-B914-4C0B-90D9-15061DAC66A9},0,,5CC92699-B914-4C0B-90D9-15061DAC66A9,Unknown,,N,,Via,,N Via Verona,2023/09/12 23:03:18+00,8026 N Via Verona Burbank 91504,5CC92699-B914-4C0B-90D9-15061DAC66A9_8026_N_Via_Verona_Burbank_91504,Via Verona,8026 N Via Verona Los Angeles 91504,,,,
209782,385125,,2401047101.0,,8015.0,,,North,Via,,Verona,,,,,,,,,,,,,,91504.0,,Los Angeles,Burbank,,,,,LA City,{C3236610-0BC0-4B40-9333-641FD1CD4441},0,,C3236610-0BC0-4B40-9333-641FD1CD4441,Unknown,,N,,Via,,N Via Verona,2023/09/12 23:03:18+00,8015 N Via Verona Burbank 91504,C3236610-0BC0-4B40-9333-641FD1CD4441_8015_N_Via_Verona_Burbank_91504,Via Verona,8015 N Via Verona Los Angeles 91504,,,,
209783,385126,,2401047101.0,,7948.0,,,North,Via,,Latina,,,,,,,,,,,,,,91504.0,,Los Angeles,Burbank,,,,,LA City,{7B031360-E659-40FC-A47F-F6CD828A6160},0,,7B031360-E659-40FC-A47F-F6CD828A6160,Unknown,,N,,Via,,N Via Latina,2023/09/12 23:03:18+00,7948 N Via Latina Burbank 91504,7B031360-E659-40FC-A47F-F6CD828A6160_7948_N_Via_Latina_Burbank_91504,Via Latina,7948 N Via Latina Los Angeles 91504,,,,
209784,385127,,2401047101.0,,7944.0,,,North,Via,,Latina,,,,,,,,,,,,,,91504.0,,Los Angeles,Burbank,,,,,LA City,{5122AE53-FCEC-437C-B0BF-660EC9EA5BA8},0,,5122AE53-FCEC-437C-B0BF-660EC9EA5BA8,Unknown,,N,,Via,,N Via Latina,2023/09/12 23:03:18+00,7944 N Via Latina Burbank 91504,5122AE53-FCEC-437C-B0BF-660EC9EA5BA8_7944_N_Via_Latina_Burbank_91504,Via Latina,7944 N Via Latina Los Angeles 91504,,,,
209785,385128,,2401047101.0,,7931.0,,,North,Via,,Latina,,,,,,,,,,,,,,91504.0,,Los Angeles,Burbank,,,,,LA City,{C2267D78-4491-4BC1-A161-5EF2F899E157},0,,C2267D78-4491-4BC1-A161-5EF2F899E157,Unknown,,N,,Via,,N Via Latina,2023/09/12 23:03:18+00,7931 N Via Latina Burbank 91504,C2267D78-4491-4BC1-A161-5EF2F899E157_7931_N_Via_Latina_Burbank_91504,Via Latina,7931 N Via Latina Los Angeles 91504,,,,
209786,385129,,2401047101.0,,8014.0,,,North,Via,,Verona,,,,,,,,,,,,,,91504.0,,Los Angeles,Burbank,,,,,LA City,{CAD76A47-8482-4A05-BCCE-FCE2BA720408},0,,CAD76A47-8482-4A05-BCCE-FCE2BA720408,Unknown,,N,,Via,,N Via Verona,2023/09/12 23:03:18+00,8014 N Via Verona Burbank 91504,CAD76A47-8482-4A05-BCCE-FCE2BA720408_8014_N_Via_Verona_Burbank_91504,Via Verona,8014 N Via Verona Los Angeles 91504,,,,
209787,385130,,2401047101.0,,8021.0,,,North,Via,,Pompeii,,,,,,,,,,,,,,91504.0,,Los Angeles,Burbank,,,,,LA City,{1E05F463-DE3D-41FB-AB05-E1B17ED31990},0,,1E05F463-DE3D-41FB-AB05-E1B17ED31990,Unknown,,N,,Via,,N Via Pompeii,2023/09/12 23:03:18+00,8021 N Via Pompeii Burbank 91504,1E05F463-DE3D-41FB-AB05-E1B17ED31990_8021_N_Via_Pompeii_Burbank_91504,Via Pompeii,8021 N Via Pompeii Los Angeles 91504,,,,
209788,385131,,2401047101.0,,8016.0,,,North,Via,,Verona,,,,,,,,,,,,,,91504.0,,Los Angeles,Burbank,,,,,LA City,{79D28B93-13F5-49BF-801D-2DF1F073C98C},0,,79D28B93-13F5-49BF-801D-2DF1F073C98C,Unknown,,N,,Via,,N Via Verona,2023/09/12 23:03:18+00,8016 N Via Verona Burbank 91504,79D28B93-13F5-49BF-801D-2DF1F073C98C_8016_N_Via_Verona_Burbank_91504,Via Verona,8016 N Via Verona Los Angeles 91504,,,,
209789,385132,,2401047101.0,,9330.0,,,West,Via,,Ferrara,,,,,,,,,,,,,,91504.0,,Los Angeles,Burbank,,,,,LA City,{F713B6FD-1EEF-4F68-A076-159EFC85ED45},0,,F713B6FD-1EEF-4F68-A076-159EFC85ED45,Unknown,,W,,Via,,W Via Ferrara,2023/09/12 23:03:18+00,9330 W Via Ferrara Burbank 91504,F713B6FD-1EEF-4F68-A076-159EFC85ED45_9330_W_Via_Ferrara_Burbank_91504,Via Ferrara,9330 W Via Ferrara Los Angeles 91504,,,,
209790,385133,,2401047101.0,,7940.0,,,North,Via,,Latina,,,,,,,,,,,,,,91504.0,,Los Angeles,Burbank,,,,,LA City,{029822D2-BA77-4638-833B-E718E8A27EAD},0,,029822D2-BA77-4638-833B-E718E8A27EAD,Unknown,,N,,Via,,N Via Latina,2023/09/12 23:03:18+00,7940 N Via Latina Burbank 91504,029822D2-BA77-4638-833B-E718E8A27EAD_7940_N_Via_Latina_Burbank_91504,Via Latina,7940 N Via Latina Los Angeles 91504,,,,
209791,385134,,2401047101.0,,8017.0,,,North,Via,,Pompeii,,,,,,,,,,,,,,91504.0,,Los Angeles,Burbank,,,,,LA City,{9E1F1145-D5CD-48D6-AB05-C24A1907D55B},0,,9E1F1145-D5CD-48D6-AB05-C24A1907D55B,Unknown,,N,,Via,,N Via Pompeii,2023/09/12 23:03:18+00,8017 N Via Pompeii Burbank 91504,9E1F1145-D5CD-48D6-AB05-C24A1907D55B_8017_N_Via_Pompeii_Burbank_91504,Via Pompeii,8017 N Via Pompeii Los Angeles 91504,,,,
209792,385135,,2401047101.0,,8023.0,,,North,Via,,Pompeii,,,,,,,,,,,,,,91504.0,,Los Angeles,Burbank,,,,,LA City,{ACCD50BE-85F9-4365-9BA8-0BC32592493D},0,,ACCD50BE-85F9-4365-9BA8-0BC32592493D,Unknown,,N,,Via,,N Via Pompeii,2023/09/12 23:03:18+00,8023 N Via Pompeii Burbank 91504,ACCD50BE-85F9-4365-9BA8-0BC32592493D_8023_N_Via_Pompeii_Burbank_91504,Via Pompeii,8023 N Via Pompeii Los Angeles 91504,,,,
209793,385136,,2401047101.0,,8002.0,,,North,Via,,Pompeii,,,,,,,,,,,,,,91504.0,,Los Angeles,Burbank,,,,,LA City,{3A33DCE1-7BA2-4310-B26E-9007E01DB874},0,,3A33DCE1-7BA2-4310-B26E-9007E01DB874,Unknown,,N,,Via,,N Via Pompeii,2023/09/12 23:03:18+00,8002 N Via Pompeii Burbank 91504,3A33DCE1-7BA2-4310-B26E-9007E01DB874_8002_N_Via_Pompeii_Burbank_91504,Via Pompeii,8002 N Via Pompeii Los Angeles 91504,,,,
209794,385137,,2401047101.0,,8009.0,,,North,Via,,Pompeii,,,,,,,,,,,,,,91504.0,,Los Angeles,Burbank,,,,,LA City,{FA8E4082-5B43-406D-8E19-E9AD2DD13356},0,,FA8E4082-5B43-406D-8E19-E9AD2DD13356,Unknown,,N,,Via,,N Via Pompeii,2023/09/12 23:03:18+00,8009 N Via Pompeii Burbank 91504,FA8E4082-5B43-406D-8E19-E9AD2DD13356_8009_N_Via_Pompeii_Burbank_91504,Via Pompeii,8009 N Via Pompeii Los Angeles 91504,,,,
209795,385138,,2401047101.0,,8004.0,,,North,Via,,Verona,,,,,,,,,,,,,,91504.0,,Los Angeles,Burbank,,,,,LA City,{A36FD24C-A525-454C-A3FB-EABE0B8EA26D},0,,A36FD24C-A525-454C-A3FB-EABE0B8EA26D,Unknown,,N,,Via,,N Via Verona,2023/09/12 23:03:18+00,8004 N Via Verona Burbank 91504,A36FD24C-A525-454C-A3FB-EABE0B8EA26D_8004_N_Via_Verona_Burbank_91504,Via Verona,8004 N Via Verona Los Angeles 91504,,,,
209796,385139,,2401047101.0,,8019.0,,,North,Via,,Pompeii,,,,,,,,,,,,,,91504.0,,Los Angeles,Burbank,,,,,LA City,{8CA0A789-08BA-441D-908E-47BCD0C17F37},0,,8CA0A789-08BA-441D-908E-47BCD0C17F37,Unknown,,N,,Via,,N Via Pompeii,2023/09/12 23:03:18+00,8019 N Via Pompeii Burbank 91504,8CA0A789-08BA-441D-908E-47BCD0C17F37_8019_N_Via_Pompeii_Burbank_91504,Via Pompeii,8019 N Via Pompeii Los Angeles 91504,,,,
209797,385140,,2401047101.0,,8024.0,,,North,Via,,Verona,,,,,,,,,,,,,,91504.0,,Los Angeles,Burbank,,,,,LA City,{CEA80DCF-89B9-447D-AB84-6398BDE09874},0,,CEA80DCF-89B9-447D-AB84-6398BDE09874,Unknown,,N,,Via,,N Via Verona,2023/09/12 23:03:18+00,8024 N Via Verona Burbank 91504,CEA80DCF-89B9-447D-AB84-6398BDE09874_8024_N_Via_Verona_Burbank_91504,Via Verona,8024 N Via Verona Los Angeles 91504,,,,
209798,385141,,2401047101.0,,7947.0,,,North,Via,,Latina,,,,,,,,,,,,,,91504.0,,Los Angeles,Burbank,,,,,LA City,{644CA497-66EE-47E5-B674-397B91AB734F},0,,644CA497-66EE-47E5-B674-397B91AB734F,Unknown,,N,,Via,,N Via Latina,2023/09/12 23:03:18+00,7947 N Via Latina Burbank 91504,644CA497-66EE-47E5-B674-397B91AB734F_7947_N_Via_Latina_Burbank_91504,Via Latina,7947 N Via Latina Los Angeles 91504,,,,
209799,385142,,2401047101.0,,8008.0,,,North,Via,,Pompeii,,,,,,,,,,,,,,91504.0,,Los Angeles,Burbank,,,,,LA City,{992CCF25-AA6D-4CC0-923A-282A3436F053},0,,992CCF25-AA6D-4CC0-923A-282A3436F053,Unknown,,N,,Via,,N Via Pompeii,2023/09/12 23:03:18+00,8008 N Via Pompeii Burbank 91504,992CCF25-AA6D-4CC0-923A-282A3436F053_8008_N_Via_Pompeii_Burbank_91504,Via Pompeii,8008 N Via Pompeii Los Angeles 91504,,,,
209800,385143,,2401047101.0,,8011.0,,,North,Via,,Verona,,,,,,,,,,,,,,91504.0,,Los Angeles,Burbank,,,,,LA City,{141E14FF-CCA7-4D19-9780-5A483D463CFE},0,,141E14FF-CCA7-4D19-9780-5A483D463CFE,Unknown,,N,,Via,,N Via Verona,2023/09/12 23:03:18+00,8011 N Via Verona Burbank 91504,141E14FF-CCA7-4D19-9780-5A483D463CFE_8011_N_Via_Verona_Burbank_91504,Via Verona,8011 N Via Verona Los Angeles 91504,,,,
209801,385144,,2401047101.0,,8030.0,,,North,Via,,Pompeii,,,,,,,,,,,,,,91504.0,,Los Angeles,Burbank,,,,,LA City,{695FA8EE-F6DC-4BD6-9785-3059674D7B0E},0,,695FA8EE-F6DC-4BD6-9785-3059674D7B0E,Unknown,,N,,Via,,N Via Pompeii,2023/09/12 23:03:18+00,8030 N Via Pompeii Burbank 91504,695FA8EE-F6DC-4BD6-9785-3059674D7B0E_8030_N_Via_Pompeii_Burbank_91504,Via Pompeii,8030 N Via Pompeii Los Angeles 91504,,,,
209802,385145,,2401047101.0,,8001.0,,,North,Via,,Verona,,,,,,,,,,,,,,91504.0,,Los Angeles,Burbank,,,,,LA City,{C7C63150-DA94-49AC-A737-A7FB6CFD5DFD},0,,C7C63150-DA94-49AC-A737-A7FB6CFD5DFD,Unknown,,N,,Via,,N Via Verona,2023/09/12 23:03:18+00,8001 N Via Verona Burbank 91504,C7C63150-DA94-49AC-A737-A7FB6CFD5DFD_8001_N_Via_Verona_Burbank_91504,Via Verona,8001 N Via Verona Los Angeles 91504,,,,
209803,385146,,2401047101.0,,8015.0,,,North,Via,,Pompeii,,,,,,,,,,,,,,91504.0,,Los Angeles,Burbank,,,,,LA City,{94239F6E-6291-4BE1-9934-901E3DC07E1F},0,,94239F6E-6291-4BE1-9934-901E3DC07E1F,Unknown,,N,,Via,,N Via Pompeii,2023/09/12 23:03:18+00,8015 N Via Pompeii Burbank 91504,94239F6E-6291-4BE1-9934-901E3DC07E1F_8015_N_Via_Pompeii_Burbank_91504,Via Pompeii,8015 N Via Pompeii Los Angeles 91504,,,,
209804,385147,,2401047101.0,,8005.0,,,North,Via,,Verona,,,,,,,,,,,,,,91504.0,,Los Angeles,Burbank,,,,,LA City,{C1077705-B570-4EF0-9AB6-0518B14321B2},0,,C1077705-B570-4EF0-9AB6-0518B14321B2,Unknown,,N,,Via,,N Via Verona,2023/09/12 23:03:18+00,8005 N Via Verona Burbank 91504,C1077705-B570-4EF0-9AB6-0518B14321B2_8005_N_Via_Verona_Burbank_91504,Via Verona,8005 N Via Verona Los Angeles 91504,,,,
209805,385148,,2401047101.0,,8029.0,,,North,Via,,Pompeii,,,,,,,,,,,,,,91504.0,,Los Angeles,Burbank,,,,,LA City,{FA4178EC-CBFD-4AB1-9D68-7F8838ADD2EB},0,,FA4178EC-CBFD-4AB1-9D68-7F8838ADD2EB,Unknown,,N,,Via,,N Via Pompeii,2023/09/12 23:03:18+00,8029 N Via Pompeii Burbank 91504,FA4178EC-CBFD-4AB1-9D68-7F8838ADD2EB_8029_N_Via_Pompeii_Burbank_91504,Via Pompeii,8029 N Via Pompeii Los Angeles 91504,,,,
209806,385149,,2401047101.0,,9323.0,,,West,Via,,Ferrara,,,,,,,,,,,,,,91504.0,,Los Angeles,Burbank,,,,,LA City,{732BEC66-B547-4865-B09F-90FD8881C637},0,,732BEC66-B547-4865-B09F-90FD8881C637,Unknown,,W,,Via,,W Via Ferrara,2023/09/12 23:03:18+00,9323 W Via Ferrara Burbank 91504,732BEC66-B547-4865-B09F-90FD8881C637_9323_W_Via_Ferrara_Burbank_91504,Via Ferrara,9323 W Via Ferrara Los Angeles 91504,,,,
209807,385150,,2401047101.0,,7937.0,,,North,Via,,Latina,,,,,,,,,,,,,,91504.0,,Los Angeles,Burbank,,,,,LA City,{775651B3-A7EE-48B1-95F4-887F2721D71C},0,,775651B3-A7EE-48B1-95F4-887F2721D71C,Unknown,,N,,Via,,N Via Latina,2023/09/12 23:03:18+00,7937 N Via Latina Burbank 91504,775651B3-A7EE-48B1-95F4-887F2721D71C_7937_N_Via_Latina_Burbank_91504,Via Latina,7937 N Via Latina Los Angeles 91504,,,,
209808,385151,,2401047101.0,,8014.0,,,North,Via,,Pompeii,,,,,,,,,,,,,,91504.0,,Los Angeles,Burbank,,,,,LA City,{794B6CE3-CC32-426B-96F4-C1B94D4EB8F7},0,,794B6CE3-CC32-426B-96F4-C1B94D4EB8F7,Unknown,,N,,Via,,N Via Pompeii,2023/09/12 23:03:18+00,8014 N Via Pompeii Burbank 91504,794B6CE3-CC32-426B-96F4-C1B94D4EB8F7_8014_N_Via_Pompeii_Burbank_91504,Via Pompeii,8014 N Via Pompeii Los Angeles 91504,,,,
209809,385152,,2401047101.0,,9322.0,,,West,Via,,Ferrara,,,,,,,,,,,,,,91504.0,,Los Angeles,Burbank,,,,,LA City,{14E95B64-E140-433C-A5B2-B54355C0FD89},0,,14E95B64-E140-433C-A5B2-B54355C0FD89,Unknown,,W,,Via,,W Via Ferrara,2023/09/12 23:03:18+00,9322 W Via Ferrara Burbank 91504,14E95B64-E140-433C-A5B2-B54355C0FD89_9322_W_Via_Ferrara_Burbank_91504,Via Ferrara,9322 W Via Ferrara Los Angeles 91504,,,,
209810,385153,,2401047101.0,,8003.0,,,North,Via,,Verona,,,,,,,,,,,,,,91504.0,,Los Angeles,Burbank,,,,,LA City,{5486D3C8-6D9F-4CA7-A467-59510D606015},0,,5486D3C8-6D9F-4CA7-A467-59510D606015,Unknown,,N,,Via,,N Via Verona,2023/09/12 23:03:18+00,8003 N Via Verona Burbank 91504,5486D3C8-6D9F-4CA7-A467-59510D606015_8003_N_Via_Verona_Burbank_91504,Via Verona,8003 N Via Verona Los Angeles 91504,,,,
209811,385154,,2401047101.0,,8008.0,,,North,Via,,Verona,,,,,,,,,,,,,,91504.0,,Los Angeles,Burbank,,,,,LA City,{64A3DBDF-4593-405B-8B2A-14E8A292038F},0,,64A3DBDF-4593-405B-8B2A-14E8A292038F,Unknown,,N,,Via,,N Via Verona,2023/09/12 23:03:18+00,8008 N Via Verona Burbank 91504,64A3DBDF-4593-405B-8B2A-14E8A292038F_8008_N_Via_Verona_Burbank_91504,Via Verona,8008 N Via Verona Los Angeles 91504,,,,
209812,385155,,2401047101.0,,8007.0,,,North,Via,,Pompeii,,,,,,,,,,,,,,91504.0,,Los Angeles,Burbank,,,,,LA City,{672CDBA4-90F9-43EA-9A68-50DB4F967E1B},0,,672CDBA4-90F9-43EA-9A68-50DB4F967E1B,Unknown,,N,,Via,,N Via Pompeii,2023/09/12 23:03:18+00,8007 N Via Pompeii Burbank 91504,672CDBA4-90F9-43EA-9A68-50DB4F967E1B_8007_N_Via_Pompeii_Burbank_91504,Via Pompeii,8007 N Via Pompeii Los Angeles 91504,,,,
209813,385156,,2401047101.0,,7942.0,,,North,Via,,Latina,,,,,,,,,,,,,,91504.0,,Los Angeles,Burbank,,,,,LA City,{04BF6CF7-53AB-4CB2-928A-F95D03099DBE},0,,04BF6CF7-53AB-4CB2-928A-F95D03099DBE,Unknown,,N,,Via,,N Via Latina,2023/09/12 23:03:18+00,7942 N Via Latina Burbank 91504,04BF6CF7-53AB-4CB2-928A-F95D03099DBE_7942_N_Via_Latina_Burbank_91504,Via Latina,7942 N Via Latina Los Angeles 91504,,,,
209814,385157,,2401047101.0,,8007.0,,,North,Via,,Verona,,,,,,,,,,,,,,91504.0,,Los Angeles,Burbank,,,,,LA City,{E14ECA69-E1C2-4D83-8C0C-11D73D9AD8C7},0,,E14ECA69-E1C2-4D83-8C0C-11D73D9AD8C7,Unknown,,N,,Via,,N Via Verona,2023/09/12 23:03:18+00,8007 N Via Verona Burbank 91504,E14ECA69-E1C2-4D83-8C0C-11D73D9AD8C7_8007_N_Via_Verona_Burbank_91504,Via Verona,8007 N Via Verona Los Angeles 91504,,,,
209815,385158,,2401047101.0,,8000.0,,,North,Via,,Pompeii,,,,,,,,,,,,,,91504.0,,Los Angeles,Burbank,,,,,LA City,{F99889E9-1C46-47A2-BDA0-129800978C33},0,,F99889E9-1C46-47A2-BDA0-129800978C33,Unknown,,N,,Via,,N Via Pompeii,2023/09/12 23:03:18+00,8000 N Via Pompeii Burbank 91504,F99889E9-1C46-47A2-BDA0-129800978C33_8000_N_Via_Pompeii_Burbank_91504,Via Pompeii,8000 N Via Pompeii Los Angeles 91504,,,,
209816,385159,,2401047101.0,,8024.0,,,North,Via,,Pompeii,,,,,,,,,,,,,,91504.0,,Los Angeles,Burbank,,,,,LA City,{1B2E3E9D-35F6-4F53-B95B-90AECEA0ABE4},0,,1B2E3E9D-35F6-4F53-B95B-90AECEA0ABE4,Unknown,,N,,Via,,N Via Pompeii,2023/09/12 23:03:18+00,8024 N Via Pompeii Burbank 91504,1B2E3E9D-35F6-4F53-B95B-90AECEA0ABE4_8024_N_Via_Pompeii_Burbank_91504,Via Pompeii,8024 N Via Pompeii Los Angeles 91504,,,,
209817,385160,,2401047101.0,,8004.0,,,North,Via,,Pompeii,,,,,,,,,,,,,,91504.0,,Los Angeles,Burbank,,,,,LA City,{2530BBAC-E4EE-4463-9254-D88ED20E83F2},0,,2530BBAC-E4EE-4463-9254-D88ED20E83F2,Unknown,,N,,Via,,N Via Pompeii,2023/09/12 23:03:18+00,8004 N Via Pompeii Burbank 91504,2530BBAC-E4EE-4463-9254-D88ED20E83F2_8004_N_Via_Pompeii_Burbank_91504,Via Pompeii,8004 N Via Pompeii Los Angeles 91504,,,,
209818,385161,,2401047101.0,,8006.0,,,North,Via,,Pompeii,,,,,,,,,,,,,,91504.0,,Los Angeles,Burbank,,,,,LA City,{F08BAF77-79AC-496B-B9DE-81D6C687EB12},0,,F08BAF77-79AC-496B-B9DE-81D6C687EB12,Unknown,,N,,Via,,N Via Pompeii,2023/09/12 23:03:18+00,8006 N Via Pompeii Burbank 91504,F08BAF77-79AC-496B-B9DE-81D6C687EB12_8006_N_Via_Pompeii_Burbank_91504,Via Pompeii,8006 N Via Pompeii Los Angeles 91504,,,,
209819,385162,,2401047101.0,,7943.0,,,North,Via,,Latina,,,,,,,,,,,,,,91504.0,,Los Angeles,Burbank,,,,,LA City,{5E760B7C-BD4E-4673-8CCA-8845741E8C1A},0,,5E760B7C-BD4E-4673-8CCA-8845741E8C1A,Unknown,,N,,Via,,N Via Latina,2023/09/12 23:03:18+00,7943 N Via Latina Burbank 91504,5E760B7C-BD4E-4673-8CCA-8845741E8C1A_7943_N_Via_Latina_Burbank_91504,Via Latina,7943 N Via Latina Los Angeles 91504,,,,
209820,385163,,2401047101.0,,7935.0,,,North,Via,,Latina,,,,,,,,,,,,,,91504.0,,Los Angeles,Burbank,,,,,LA City,{092B5D2A-5E6F-4E78-A476-A26FF01A99A1},0,,092B5D2A-5E6F-4E78-A476-A26FF01A99A1,Unknown,,N,,Via,,N Via Latina,2023/09/12 23:03:18+00,7935 N Via Latina Burbank 91504,092B5D2A-5E6F-4E78-A476-A26FF01A99A1_7935_N_Via_Latina_Burbank_91504,Via Latina,7935 N Via Latina Los Angeles 91504,,,,
209821,385164,,2401047101.0,,8003.0,,,North,Via,,Pompeii,,,,,,,,,,,,,,91504.0,,Los Angeles,Burbank,,,,,LA City,{3541D9D5-EDEB-4A94-95C3-06B6903CC817},0,,3541D9D5-EDEB-4A94-95C3-06B6903CC817,Unknown,,N,,Via,,N Via Pompeii,2023/09/12 23:03:18+00,8003 N Via Pompeii Burbank 91504,3541D9D5-EDEB-4A94-95C3-06B6903CC817_8003_N_Via_Pompeii_Burbank_91504,Via Pompeii,8003 N Via Pompeii Los Angeles 91504,,,,
209822,385165,,2401047101.0,,8005.0,,,North,Via,,Pompeii,,,,,,,,,,,,,,91504.0,,Los Angeles,Burbank,,,,,LA City,{11D08037-F1EB-4849-A7E4-E00C2B2D0A4B},0,,11D08037-F1EB-4849-A7E4-E00C2B2D0A4B,Unknown,,N,,Via,,N Via Pompeii,2023/09/12 23:03:18+00,8005 N Via Pompeii Burbank 91504,11D08037-F1EB-4849-A7E4-E00C2B2D0A4B_8005_N_Via_Pompeii_Burbank_91504,Via Pompeii,8005 N Via Pompeii Los Angeles 91504,,,,
209823,385166,,2401047101.0,,8031.0,,,North,Via,,Pompeii,,,,,,,,,,,,,,91504.0,,Los Angeles,Burbank,,,,,LA City,{6E7E6B69-7D15-4004-9D94-464179D3A0A6},0,,6E7E6B69-7D15-4004-9D94-464179D3A0A6,Unknown,,N,,Via,,N Via Pompeii,2023/09/12 23:03:18+00,8031 N Via Pompeii Burbank 91504,6E7E6B69-7D15-4004-9D94-464179D3A0A6_8031_N_Via_Pompeii_Burbank_91504,Via Pompeii,8031 N Via Pompeii Los Angeles 91504,,,,
209824,385167,,2401047101.0,,8018.0,,,North,Via,,Pompeii,,,,,,,,,,,,,,91504.0,,Los Angeles,Burbank,,,,,LA City,{D030546F-0098-429A-9DF9-CC807CF13778},0,,D030546F-0098-429A-9DF9-CC807CF13778,Unknown,,N,,Via,,N Via Pompeii,2023/09/12 23:03:18+00,8018 N Via Pompeii Burbank 91504,D030546F-0098-429A-9DF9-CC807CF13778_8018_N_Via_Pompeii_Burbank_91504,Via Pompeii,8018 N Via Pompeii Los Angeles 91504,,,,
209825,385168,,2401047101.0,,8028.0,,,North,Via,,Pompeii,,,,,,,,,,,,,,91504.0,,Los Angeles,Burbank,,,,,LA City,{D539999D-82AE-4FC7-97DF-C5FB69D9A3BF},0,,D539999D-82AE-4FC7-97DF-C5FB69D9A3BF,Unknown,,N,,Via,,N Via Pompeii,2023/09/12 23:03:18+00,8028 N Via Pompeii Burbank 91504,D539999D-82AE-4FC7-97DF-C5FB69D9A3BF_8028_N_Via_Pompeii_Burbank_91504,Via Pompeii,8028 N Via Pompeii Los Angeles 91504,,,,
209826,385169,,2401047101.0,,8025.0,,,North,Via,,Pompeii,,,,,,,,,,,,,,91504.0,,Los Angeles,Burbank,,,,,LA City,{2986B509-D1DB-4C22-8790-C380C6883C0D},0,,2986B509-D1DB-4C22-8790-C380C6883C0D,Unknown,,N,,Via,,N Via Pompeii,2023/09/12 23:03:18+00,8025 N Via Pompeii Burbank 91504,2986B509-D1DB-4C22-8790-C380C6883C0D_8025_N_Via_Pompeii_Burbank_91504,Via Pompeii,8025 N Via Pompeii Los Angeles 91504,,,,
209827,385170,,2401047101.0,,9328.0,,,West,Via,,Ferrara,,,,,,,,,,,,,,91504.0,,Los Angeles,Burbank,,,,,LA City,{A36968AF-EE49-4DB8-8B21-B24C79505669},0,,A36968AF-EE49-4DB8-8B21-B24C79505669,Unknown,,W,,Via,,W Via Ferrara,2023/09/12 23:03:18+00,9328 W Via Ferrara Burbank 91504,A36968AF-EE49-4DB8-8B21-B24C79505669_9328_W_Via_Ferrara_Burbank_91504,Via Ferrara,9328 W Via Ferrara Los Angeles 91504,,,,
209828,385171,,2401047101.0,,8022.0,,,North,Via,,Pompeii,,,,,,,,,,,,,,91504.0,,Los Angeles,Burbank,,,,,LA City,{1842C3BD-6C67-40A1-89B2-CBAC22F93B1D},0,,1842C3BD-6C67-40A1-89B2-CBAC22F93B1D,Unknown,,N,,Via,,N Via Pompeii,2023/09/12 23:03:18+00,8022 N Via Pompeii Burbank 91504,1842C3BD-6C67-40A1-89B2-CBAC22F93B1D_8022_N_Via_Pompeii_Burbank_91504,Via Pompeii,8022 N Via Pompeii Los Angeles 91504,,,,
209829,385172,,2401047101.0,,8006.0,,,North,Via,,Verona,,,,,,,,,,,,,,91504.0,,Los Angeles,Burbank,,,,,LA City,{4E7B71A1-2C34-49B3-AA50-9E64A0FC14EB},0,,4E7B71A1-2C34-49B3-AA50-9E64A0FC14EB,Unknown,,N,,Via,,N Via Verona,2023/09/12 23:03:18+00,8006 N Via Verona Burbank 91504,4E7B71A1-2C34-49B3-AA50-9E64A0FC14EB_8006_N_Via_Verona_Burbank_91504,Via Verona,8006 N Via Verona Los Angeles 91504,,,,
209830,385173,,2401047101.0,,9318.0,,,West,Via,,Ferrara,,,,,,,,,,,,,,91504.0,,Los Angeles,Burbank,,,,,LA City,{562F5153-4769-4014-91A9-B04AB2C5CA00},0,,562F5153-4769-4014-91A9-B04AB2C5CA00,Unknown,,W,,Via,,W Via Ferrara,2023/09/12 23:03:18+00,9318 W Via Ferrara Burbank 91504,562F5153-4769-4014-91A9-B04AB2C5CA00_9318_W_Via_Ferrara_Burbank_91504,Via Ferrara,9318 W Via Ferrara Los Angeles 91504,,,,
209831,385174,,2401047101.0,,9326.0,,,West,Via,,Ferrara,,,,,,,,,,,,,,91504.0,,Los Angeles,Burbank,,,,,LA City,{2C411DDE-7AB9-4FF2-B12B-1EF38C35A11A},0,,2C411DDE-7AB9-4FF2-B12B-1EF38C35A11A,Unknown,,W,,Via,,W Via Ferrara,2023/09/12 23:03:18+00,9326 W Via Ferrara Burbank 91504,2C411DDE-7AB9-4FF2-B12B-1EF38C35A11A_9326_W_Via_Ferrara_Burbank_91504,Via Ferrara,9326 W Via Ferrara Los Angeles 91504,,,,
209832,385175,,2401047101.0,,8009.0,,,North,Via,,Verona,,,,,,,,,,,,,,91504.0,,Los Angeles,Burbank,,,,,LA City,{77358BD8-99CA-4DDD-84F3-DB34F1FAE257},0,,77358BD8-99CA-4DDD-84F3-DB34F1FAE257,Unknown,,N,,Via,,N Via Verona,2023/09/12 23:03:18+00,8009 N Via Verona Burbank 91504,77358BD8-99CA-4DDD-84F3-DB34F1FAE257_8009_N_Via_Verona_Burbank_91504,Via Verona,8009 N Via Verona Los Angeles 91504,,,,
209833,385176,,2401047101.0,,7933.0,,,North,Via,,Latina,,,,,,,,,,,,,,91504.0,,Los Angeles,Burbank,,,,,LA City,{51D321A9-C79F-4CE6-8EAB-720AAA8B0E48},0,,51D321A9-C79F-4CE6-8EAB-720AAA8B0E48,Unknown,,N,,Via,,N Via Latina,2023/09/12 23:03:18+00,7933 N Via Latina Burbank 91504,51D321A9-C79F-4CE6-8EAB-720AAA8B0E48_7933_N_Via_Latina_Burbank_91504,Via Latina,7933 N Via Latina Los Angeles 91504,,,,
209834,385177,,2401047101.0,,8034.0,,,North,Via,,Pompeii,,,,,,,,,,,,,,91504.0,,Los Angeles,Burbank,,,,,LA City,{7547BCDD-B3DC-4343-9F05-2E9F2DD549D9},0,,7547BCDD-B3DC-4343-9F05-2E9F2DD549D9,Unknown,,N,,Via,,N Via Pompeii,2023/09/12 23:03:18+00,8034 N Via Pompeii Burbank 91504,7547BCDD-B3DC-4343-9F05-2E9F2DD549D9_8034_N_Via_Pompeii_Burbank_91504,Via Pompeii,8034 N Via Pompeii Los Angeles 91504,,,,
209835,385178,,2401047101.0,,8012.0,,,North,Via,,Pompeii,,,,,,,,,,,,,,91504.0,,Los Angeles,Burbank,,,,,LA City,{A2E184E8-A42A-488B-8A4D-0B50380F1E8F},0,,A2E184E8-A42A-488B-8A4D-0B50380F1E8F,Unknown,,N,,Via,,N Via Pompeii,2023/09/12 23:03:18+00,8012 N Via Pompeii Burbank 91504,A2E184E8-A42A-488B-8A4D-0B50380F1E8F_8012_N_Via_Pompeii_Burbank_91504,Via Pompeii,8012 N Via Pompeii Los Angeles 91504,,,,
209836,385179,,2401047101.0,,7953.0,,,North,Via,,Latina,,,,,,,,,,,,,,91504.0,,Los Angeles,Burbank,,,,,LA City,{7C5D398D-4647-422A-A625-3723C3A148AC},0,,7C5D398D-4647-422A-A625-3723C3A148AC,Unknown,,N,,Via,,N Via Latina,2023/09/12 23:03:18+00,7953 N Via Latina Burbank 91504,7C5D398D-4647-422A-A625-3723C3A148AC_7953_N_Via_Latina_Burbank_91504,Via Latina,7953 N Via Latina Los Angeles 91504,,,,
209837,385180,,2401047101.0,,7952.0,,,North,Via,,Latina,,,,,,,,,,,,,,91504.0,,Los Angeles,Burbank,,,,,LA City,{FDC4A3E5-4253-44C4-B805-80D7E0EA22B0},0,,FDC4A3E5-4253-44C4-B805-80D7E0EA22B0,Unknown,,N,,Via,,N Via Latina,2023/09/12 23:03:18+00,7952 N Via Latina Burbank 91504,FDC4A3E5-4253-44C4-B805-80D7E0EA22B0_7952_N_Via_Latina_Burbank_91504,Via Latina,7952 N Via Latina Los Angeles 91504,,,,
209838,385181,,2401047101.0,,8026.0,,,North,Via,,Pompeii,,,,,,,,,,,,,,91504.0,,Los Angeles,Burbank,,,,,LA City,{8F897CB3-5ECB-4DD0-A430-DE5D6D8B0394},0,,8F897CB3-5ECB-4DD0-A430-DE5D6D8B0394,Unknown,,N,,Via,,N Via Pompeii,2023/09/12 23:03:18+00,8026 N Via Pompeii Burbank 91504,8F897CB3-5ECB-4DD0-A430-DE5D6D8B0394_8026_N_Via_Pompeii_Burbank_91504,Via Pompeii,8026 N Via Pompeii Los Angeles 91504,,,,
209839,385182,,2401047101.0,,8020.0,,,North,Via,,Verona,,,,,,,,,,,,,,91504.0,,Los Angeles,Burbank,,,,,LA City,{DF429934-9549-4893-9E8A-0E902C8C6307},0,,DF429934-9549-4893-9E8A-0E902C8C6307,Unknown,,N,,Via,,N Via Verona,2023/09/12 23:03:18+00,8020 N Via Verona Burbank 91504,DF429934-9549-4893-9E8A-0E902C8C6307_8020_N_Via_Verona_Burbank_91504,Via Verona,8020 N Via Verona Los Angeles 91504,,,,
209840,385183,,2401047101.0,,8017.0,,,North,Via,,Verona,,,,,,,,,,,,,,91504.0,,Los Angeles,Burbank,,,,,LA City,{909BEF97-8AE0-43DA-9FAD-C72CD54E11CE},0,,909BEF97-8AE0-43DA-9FAD-C72CD54E11CE,Unknown,,N,,Via,,N Via Verona,2023/09/12 23:03:18+00,8017 N Via Verona Burbank 91504,909BEF97-8AE0-43DA-9FAD-C72CD54E11CE_8017_N_Via_Verona_Burbank_91504,Via Verona,8017 N Via Verona Los Angeles 91504,,,,
209841,385184,,2401047101.0,,8036.0,,,North,Via,,Pompeii,,,,,,,,,,,,,,91504.0,,Los Angeles,Burbank,,,,,LA City,{FE9806E4-BBE0-4950-8428-6D4B4735B874},0,,FE9806E4-BBE0-4950-8428-6D4B4735B874,Unknown,,N,,Via,,N Via Pompeii,2023/09/12 23:03:18+00,8036 N Via Pompeii Burbank 91504,FE9806E4-BBE0-4950-8428-6D4B4735B874_8036_N_Via_Pompeii_Burbank_91504,Via Pompeii,8036 N Via Pompeii Los Angeles 91504,,,,
209842,385185,,2401047101.0,,7955.0,,,North,Via,,Latina,,,,,,,,,,,,,,91504.0,,Los Angeles,Burbank,,,,,LA City,{48E20C9F-F6A6-4933-A1C2-19690BA5B07B},0,,48E20C9F-F6A6-4933-A1C2-19690BA5B07B,Unknown,,N,,Via,,N Via Latina,2023/09/12 23:03:18+00,7955 N Via Latina Burbank 91504,48E20C9F-F6A6-4933-A1C2-19690BA5B07B_7955_N_Via_Latina_Burbank_91504,Via Latina,7955 N Via Latina Los Angeles 91504,,,,
209843,385186,,2401047101.0,,9321.0,,,West,Via,,Ferrara,,,,,,,,,,,,,,91504.0,,Los Angeles,Burbank,,,,,LA City,{264A88E1-871F-49C0-9A30-3526493F6437},0,,264A88E1-871F-49C0-9A30-3526493F6437,Unknown,,W,,Via,,W Via Ferrara,2023/09/12 23:03:18+00,9321 W Via Ferrara Burbank 91504,264A88E1-871F-49C0-9A30-3526493F6437_9321_W_Via_Ferrara_Burbank_91504,Via Ferrara,9321 W Via Ferrara Los Angeles 91504,,,,
209844,385187,,2401047101.0,,8016.0,,,North,Via,,Pompeii,,,,,,,,,,,,,,91504.0,,Los Angeles,Burbank,,,,,LA City,{4135883A-BCEC-4437-B1BE-E193F74F8459},0,,4135883A-BCEC-4437-B1BE-E193F74F8459,Unknown,,N,,Via,,N Via Pompeii,2023/09/12 23:03:18+00,8016 N Via Pompeii Burbank 91504,4135883A-BCEC-4437-B1BE-E193F74F8459_8016_N_Via_Pompeii_Burbank_91504,Via Pompeii,8016 N Via Pompeii Los Angeles 91504,,,,
209845,385188,,2401047101.0,,8032.0,,,North,Via,,Pompeii,,,,,,,,,,,,,,91504.0,,Los Angeles,Burbank,,,,,LA City,{6D1EB333-DE8E-43EE-A396-DD4E2AB37E82},0,,6D1EB333-DE8E-43EE-A396-DD4E2AB37E82,Unknown,,N,,Via,,N Via Pompeii,2023/09/12 23:03:18+00,8032 N Via Pompeii Burbank 91504,6D1EB333-DE8E-43EE-A396-DD4E2AB37E82_8032_N_Via_Pompeii_Burbank_91504,Via Pompeii,8032 N Via Pompeii Los Angeles 91504,,,,
209846,385189,,2401047101.0,,8022.0,,,North,Via,,Verona,,,,,,,,,,,,,,91504.0,,Los Angeles,Burbank,,,,,LA City,{8BDE07B8-BCB9-496E-AAE5-9374C759C401},0,,8BDE07B8-BCB9-496E-AAE5-9374C759C401,Unknown,,N,,Via,,N Via Verona,2023/09/12 23:03:18+00,8022 N Via Verona Burbank 91504,8BDE07B8-BCB9-496E-AAE5-9374C759C401_8022_N_Via_Verona_Burbank_91504,Via Verona,8022 N Via Verona Los Angeles 91504,,,,
209847,385190,,2401047101.0,,8027.0,,,North,Via,,Pompeii,,,,,,,,,,,,,,91504.0,,Los Angeles,Burbank,,,,,LA City,{A1BEAEAB-7721-442F-BC01-062B8D8386B6},0,,A1BEAEAB-7721-442F-BC01-062B8D8386B6,Unknown,,N,,Via,,N Via Pompeii,2023/09/12 23:03:18+00,8027 N Via Pompeii Burbank 91504,A1BEAEAB-7721-442F-BC01-062B8D8386B6_8027_N_Via_Pompeii_Burbank_91504,Via Pompeii,8027 N Via Pompeii Los Angeles 91504,,,,
209848,385191,,2401047101.0,,9325.0,,,West,Via,,Ferrara,,,,,,,,,,,,,,91504.0,,Los Angeles,Burbank,,,,,LA City,{38E02503-4F8A-4E5A-AA31-4DECF57E1343},0,,38E02503-4F8A-4E5A-AA31-4DECF57E1343,Unknown,,W,,Via,,W Via Ferrara,2023/09/12 23:03:18+00,9325 W Via Ferrara Burbank 91504,38E02503-4F8A-4E5A-AA31-4DECF57E1343_9325_W_Via_Ferrara_Burbank_91504,Via Ferrara,9325 W Via Ferrara Los Angeles 91504,,,,
209849,385192,,2401047184.0,,8030.0,,,North,Via,,Latina,,,,,,,,,,,,,,91504.0,,Los Angeles,Burbank,,,,,LA City,{E14A8CD3-F254-4816-9455-BCB1A4052746},0,,E14A8CD3-F254-4816-9455-BCB1A4052746,Unknown,,N,,Via,,N Via Latina,2023/09/12 23:03:18+00,8030 N Via Latina Burbank 91504,E14A8CD3-F254-4816-9455-BCB1A4052746_8030_N_Via_Latina_Burbank_91504,Via Latina,8030 N Via Latina Los Angeles 91504,,,,
209850,385193,,2401047184.0,,8031.0,,,North,Via,,Latina,,,,,,,,,,,,,,91504.0,,Los Angeles,Burbank,,,,,LA City,{CC0C086F-9070-41A3-8FF2-C37700059F9E},0,,CC0C086F-9070-41A3-8FF2-C37700059F9E,Unknown,,N,,Via,,N Via Latina,2023/09/12 23:03:18+00,8031 N Via Latina Burbank 91504,CC0C086F-9070-41A3-8FF2-C37700059F9E_8031_N_Via_Latina_Burbank_91504,Via Latina,8031 N Via Latina Los Angeles 91504,,,,
209851,385194,,2401047184.0,,8040.0,,,North,Via,,Latina,,,,,,,,,,,,,,91504.0,,Los Angeles,Burbank,,,,,LA City,{ABE16BBE-EDE3-4699-9F43-A08642CBC091},0,,ABE16BBE-EDE3-4699-9F43-A08642CBC091,Unknown,,N,,Via,,N Via Latina,2023/09/12 23:03:18+00,8040 N Via Latina Burbank 91504,ABE16BBE-EDE3-4699-9F43-A08642CBC091_8040_N_Via_Latina_Burbank_91504,Via Latina,8040 N Via Latina Los Angeles 91504,,,,
209852,385195,,2401047184.0,,8039.0,,,North,Via,,Latina,,,,,,,,,,,,,,91504.0,,Los Angeles,Burbank,,,,,LA City,{26322CEA-ED41-461F-9E21-7B02D07FE1B3},0,,26322CEA-ED41-461F-9E21-7B02D07FE1B3,Unknown,,N,,Via,,N Via Latina,2023/09/12 23:03:18+00,8039 N Via Latina Burbank 91504,26322CEA-ED41-461F-9E21-7B02D07FE1B3_8039_N_Via_Latina_Burbank_91504,Via Latina,8039 N Via Latina Los Angeles 91504,,,,
209853,385196,,2401047184.0,,8016.0,,,North,Via,,Latina,,,,,,,,,,,,,,91504.0,,Los Angeles,Burbank,,,,,LA City,{0565ECD9-61BC-4863-A778-6D16B63C3473},0,,0565ECD9-61BC-4863-A778-6D16B63C3473,Unknown,,N,,Via,,N Via Latina,2023/09/12 23:03:18+00,8016 N Via Latina Burbank 91504,0565ECD9-61BC-4863-A778-6D16B63C3473_8016_N_Via_Latina_Burbank_91504,Via Latina,8016 N Via Latina Los Angeles 91504,,,,
209854,385197,,2401047184.0,,8035.0,,,North,Via,,Latina,,,,,,,,,,,,,,91504.0,,Los Angeles,Burbank,,,,,LA City,{CC54D635-C513-4841-A8DE-64CFC270513C},0,,CC54D635-C513-4841-A8DE-64CFC270513C,Unknown,,N,,Via,,N Via Latina,2023/09/12 23:03:18+00,8035 N Via Latina Burbank 91504,CC54D635-C513-4841-A8DE-64CFC270513C_8035_N_Via_Latina_Burbank_91504,Via Latina,8035 N Via Latina Los Angeles 91504,,,,
209855,385198,,2401047184.0,,8022.0,,,North,Via,,Latina,,,,,,,,,,,,,,91504.0,,Los Angeles,Burbank,,,,,LA City,{215EEDA4-909B-4281-BAF9-5D66C15512D7},0,,215EEDA4-909B-4281-BAF9-5D66C15512D7,Unknown,,N,,Via,,N Via Latina,2023/09/12 23:03:18+00,8022 N Via Latina Burbank 91504,215EEDA4-909B-4281-BAF9-5D66C15512D7_8022_N_Via_Latina_Burbank_91504,Via Latina,8022 N Via Latina Los Angeles 91504,,,,
209856,385199,,2401047184.0,,8026.0,,,North,Via,,Latina,,,,,,,,,,,,,,91504.0,,Los Angeles,Burbank,,,,,LA City,{F42AD8D5-2231-447B-BD06-85222D96691B},0,,F42AD8D5-2231-447B-BD06-85222D96691B,Unknown,,N,,Via,,N Via Latina,2023/09/12 23:03:18+00,8026 N Via Latina Burbank 91504,F42AD8D5-2231-447B-BD06-85222D96691B_8026_N_Via_Latina_Burbank_91504,Via Latina,8026 N Via Latina Los Angeles 91504,,,,
209857,385200,,2401047184.0,,8036.0,,,North,Via,,Latina,,,,,,,,,,,,,,91504.0,,Los Angeles,Burbank,,,,,LA City,{8FD84E31-C1A4-4431-B0D2-1492C1D2236B},0,,8FD84E31-C1A4-4431-B0D2-1492C1D2236B,Unknown,,N,,Via,,N Via Latina,2023/09/12 23:03:18+00,8036 N Via Latina Burbank 91504,8FD84E31-C1A4-4431-B0D2-1492C1D2236B_8036_N_Via_Latina_Burbank_91504,Via Latina,8036 N Via Latina Los Angeles 91504,,,,
209858,385201,,2401047184.0,,9345.0,,,West,Via,,Crema,,,,,,,,,,,,,,91504.0,,Los Angeles,Burbank,,,,,LA City,{4964A194-5E87-45F3-9D53-C0FD314A8F0A},0,,4964A194-5E87-45F3-9D53-C0FD314A8F0A,Unknown,,W,,Via,,W Via Crema,2023/09/12 23:03:18+00,9345 W Via Crema Burbank 91504,4964A194-5E87-45F3-9D53-C0FD314A8F0A_9345_W_Via_Crema_Burbank_91504,Via Crema,9345 W Via Crema Los Angeles 91504,,,,
209859,385202,,2401047184.0,,9343.0,,,West,Via,,Crema,,,,,,,,,,,,,,91504.0,,Los Angeles,Burbank,,,,,LA City,{22130145-D7A7-4E44-B6D0-A068FA4E6944},0,,22130145-D7A7-4E44-B6D0-A068FA4E6944,Unknown,,W,,Via,,W Via Crema,2023/09/12 23:03:18+00,9343 W Via Crema Burbank 91504,22130145-D7A7-4E44-B6D0-A068FA4E6944_9343_W_Via_Crema_Burbank_91504,Via Crema,9343 W Via Crema Los Angeles 91504,,,,
209860,385203,,2401047184.0,,9341.0,,,West,Via,,Crema,,,,,,,,,,,,,,91504.0,,Los Angeles,Burbank,,,,,LA City,{5F5B03EF-5C75-4084-A1EC-2C8F4B1B6248},0,,5F5B03EF-5C75-4084-A1EC-2C8F4B1B6248,Unknown,,W,,Via,,W Via Crema,2023/09/12 23:03:18+00,9341 W Via Crema Burbank 91504,5F5B03EF-5C75-4084-A1EC-2C8F4B1B6248_9341_W_Via_Crema_Burbank_91504,Via Crema,9341 W Via Crema Los Angeles 91504,,,,
209861,385204,,2401047184.0,,9351.0,,,West,Via,,Crema,,,,,,,,,,,,,,91504.0,,Los Angeles,Burbank,,,,,LA City,{307FD5FF-ADB2-4E87-81D1-7CFD5EA0D869},0,,307FD5FF-ADB2-4E87-81D1-7CFD5EA0D869,Unknown,,W,,Via,,W Via Crema,2023/09/12 23:03:18+00,9351 W Via Crema Burbank 91504,307FD5FF-ADB2-4E87-81D1-7CFD5EA0D869_9351_W_Via_Crema_Burbank_91504,Via Crema,9351 W Via Crema Los Angeles 91504,,,,
209862,385205,,2401047184.0,,9349.0,,,West,Via,,Crema,,,,,,,,,,,,,,91504.0,,Los Angeles,Burbank,,,,,LA City,{AC343A30-765F-4180-B50B-F8FA3DD6CF37},0,,AC343A30-765F-4180-B50B-F8FA3DD6CF37,Unknown,,W,,Via,,W Via Crema,2023/09/12 23:03:18+00,9349 W Via Crema Burbank 91504,AC343A30-765F-4180-B50B-F8FA3DD6CF37_9349_W_Via_Crema_Burbank_91504,Via Crema,9349 W Via Crema Los Angeles 91504,,,,
209863,385206,,2401047184.0,,8033.0,,,North,Via,,Latina,,,,,,,,,,,,,,91504.0,,Los Angeles,Burbank,,,,,LA City,{D4E06A29-895F-4309-880B-48A0DACC90E8},0,,D4E06A29-895F-4309-880B-48A0DACC90E8,Unknown,,N,,Via,,N Via Latina,2023/09/12 23:03:18+00,8033 N Via Latina Burbank 91504,D4E06A29-895F-4309-880B-48A0DACC90E8_8033_N_Via_Latina_Burbank_91504,Via Latina,8033 N Via Latina Los Angeles 91504,,,,
209864,385207,,2401047184.0,,8034.0,,,North,Via,,Latina,,,,,,,,,,,,,,91504.0,,Los Angeles,Burbank,,,,,LA City,{D79F872C-D50F-451D-A199-E0E9BA6FAAF8},0,,D79F872C-D50F-451D-A199-E0E9BA6FAAF8,Unknown,,N,,Via,,N Via Latina,2023/09/12 23:03:18+00,8034 N Via Latina Burbank 91504,D79F872C-D50F-451D-A199-E0E9BA6FAAF8_8034_N_Via_Latina_Burbank_91504,Via Latina,8034 N Via Latina Los Angeles 91504,,,,
209865,385208,,2401047184.0,,9342.0,,,West,Via,,Crema,,,,,,,,,,,,,,91504.0,,Los Angeles,Burbank,,,,,LA City,{F216E2E2-28DA-4144-BDDE-B1FF7269C376},0,,F216E2E2-28DA-4144-BDDE-B1FF7269C376,Unknown,,W,,Via,,W Via Crema,2023/09/12 23:03:18+00,9342 W Via Crema Burbank 91504,F216E2E2-28DA-4144-BDDE-B1FF7269C376_9342_W_Via_Crema_Burbank_91504,Via Crema,9342 W Via Crema Los Angeles 91504,,,,
209866,385209,,2401047184.0,,8032.0,,,North,Via,,Latina,,,,,,,,,,,,,,91504.0,,Los Angeles,Burbank,,,,,LA City,{484FFD63-BE23-4934-AFDE-33D7A790FFE2},0,,484FFD63-BE23-4934-AFDE-33D7A790FFE2,Unknown,,N,,Via,,N Via Latina,2023/09/12 23:03:18+00,8032 N Via Latina Burbank 91504,484FFD63-BE23-4934-AFDE-33D7A790FFE2_8032_N_Via_Latina_Burbank_91504,Via Latina,8032 N Via Latina Los Angeles 91504,,,,
209867,385210,,2401047184.0,,9346.0,,,West,Via,,Crema,,,,,,,,,,,,,,91504.0,,Los Angeles,Burbank,,,,,LA City,{0B96B06D-8D2A-462A-878F-A53BC0037AFC},0,,0B96B06D-8D2A-462A-878F-A53BC0037AFC,Unknown,,W,,Via,,W Via Crema,2023/09/12 23:03:18+00,9346 W Via Crema Burbank 91504,0B96B06D-8D2A-462A-878F-A53BC0037AFC_9346_W_Via_Crema_Burbank_91504,Via Crema,9346 W Via Crema Los Angeles 91504,,,,
209868,385211,,2401047184.0,,8020.0,,,North,Via,,Latina,,,,,,,,,,,,,,91504.0,,Los Angeles,Burbank,,,,,LA City,{75367995-720B-4841-940D-E9990A9E2786},0,,75367995-720B-4841-940D-E9990A9E2786,Unknown,,N,,Via,,N Via Latina,2023/09/12 23:03:18+00,8020 N Via Latina Burbank 91504,75367995-720B-4841-940D-E9990A9E2786_8020_N_Via_Latina_Burbank_91504,Via Latina,8020 N Via Latina Los Angeles 91504,,,,
209869,385212,,2401047184.0,,9348.0,,,West,Via,,Crema,,,,,,,,,,,,,,91504.0,,Los Angeles,Burbank,,,,,LA City,{BCFA6658-0E61-4175-940E-223D6D352F25},0,,BCFA6658-0E61-4175-940E-223D6D352F25,Unknown,,W,,Via,,W Via Crema,2023/09/12 23:03:18+00,9348 W Via Crema Burbank 91504,BCFA6658-0E61-4175-940E-223D6D352F25_9348_W_Via_Crema_Burbank_91504,Via Crema,9348 W Via Crema Los Angeles 91504,,,,
209870,385213,,2401047184.0,,8041.0,,,North,Via,,Latina,,,,,,,,,,,,,,91504.0,,Los Angeles,Burbank,,,,,LA City,{32F41775-A775-4907-BFE4-7ECA45C37F74},0,,32F41775-A775-4907-BFE4-7ECA45C37F74,Unknown,,N,,Via,,N Via Latina,2023/09/12 23:03:18+00,8041 N Via Latina Burbank 91504,32F41775-A775-4907-BFE4-7ECA45C37F74_8041_N_Via_Latina_Burbank_91504,Via Latina,8041 N Via Latina Los Angeles 91504,,,,
209871,385214,,2401047184.0,,8025.0,,,North,Via,,Latina,,,,,,,,,,,,,,91504.0,,Los Angeles,Burbank,,,,,LA City,{865BCD81-1945-4591-B361-DBAFF3BC127F},0,,865BCD81-1945-4591-B361-DBAFF3BC127F,Unknown,,N,,Via,,N Via Latina,2023/09/12 23:03:18+00,8025 N Via Latina Burbank 91504,865BCD81-1945-4591-B361-DBAFF3BC127F_8025_N_Via_Latina_Burbank_91504,Via Latina,8025 N Via Latina Los Angeles 91504,,,,
209872,385215,,2401047184.0,,8024.0,,,North,Via,,Latina,,,,,,,,,,,,,,91504.0,,Los Angeles,Burbank,,,,,LA City,{B12D41EA-7B9F-4AC4-83E6-2D6E3A9E83E8},0,,B12D41EA-7B9F-4AC4-83E6-2D6E3A9E83E8,Unknown,,N,,Via,,N Via Latina,2023/09/12 23:03:18+00,8024 N Via Latina Burbank 91504,B12D41EA-7B9F-4AC4-83E6-2D6E3A9E83E8_8024_N_Via_Latina_Burbank_91504,Via Latina,8024 N Via Latina Los Angeles 91504,,,,
209873,385216,,2401047184.0,,8029.0,,,North,Via,,Latina,,,,,,,,,,,,,,91504.0,,Los Angeles,Burbank,,,,,LA City,{1B5DECC3-B3CA-408A-A211-F101C1CC6E87},0,,1B5DECC3-B3CA-408A-A211-F101C1CC6E87,Unknown,,N,,Via,,N Via Latina,2023/09/12 23:03:18+00,8029 N Via Latina Burbank 91504,1B5DECC3-B3CA-408A-A211-F101C1CC6E87_8029_N_Via_Latina_Burbank_91504,Via Latina,8029 N Via Latina Los Angeles 91504,,,,
209874,385217,,2401047184.0,,8023.0,,,North,Via,,Latina,,,,,,,,,,,,,,91504.0,,Los Angeles,Burbank,,,,,LA City,{EA8A07FB-1AD1-4189-9D90-597CCD5F5343},0,,EA8A07FB-1AD1-4189-9D90-597CCD5F5343,Unknown,,N,,Via,,N Via Latina,2023/09/12 23:03:18+00,8023 N Via Latina Burbank 91504,EA8A07FB-1AD1-4189-9D90-597CCD5F5343_8023_N_Via_Latina_Burbank_91504,Via Latina,8023 N Via Latina Los Angeles 91504,,,,
209875,385218,,2401047184.0,,9347.0,,,West,Via,,Crema,,,,,,,,,,,,,,91504.0,,Los Angeles,Burbank,,,,,LA City,{36A1DF36-6BD4-4579-B15D-5CE39E6F3A4E},0,,36A1DF36-6BD4-4579-B15D-5CE39E6F3A4E,Unknown,,W,,Via,,W Via Crema,2023/09/12 23:03:18+00,9347 W Via Crema Burbank 91504,36A1DF36-6BD4-4579-B15D-5CE39E6F3A4E_9347_W_Via_Crema_Burbank_91504,Via Crema,9347 W Via Crema Los Angeles 91504,,,,
209876,385219,,2401047184.0,,8021.0,,,North,Via,,Latina,,,,,,,,,,,,,,91504.0,,Los Angeles,Burbank,,,,,LA City,{905CBFBD-620E-4CD0-88C1-1E9954C6DC53},0,,905CBFBD-620E-4CD0-88C1-1E9954C6DC53,Unknown,,N,,Via,,N Via Latina,2023/09/12 23:03:18+00,8021 N Via Latina Burbank 91504,905CBFBD-620E-4CD0-88C1-1E9954C6DC53_8021_N_Via_Latina_Burbank_91504,Via Latina,8021 N Via Latina Los Angeles 91504,,,,
209877,385220,,2401047184.0,,8028.0,,,North,Via,,Latina,,,,,,,,,,,,,,91504.0,,Los Angeles,Burbank,,,,,LA City,{4E2A7FFA-B06F-41BD-8C40-03485AA569B7},0,,4E2A7FFA-B06F-41BD-8C40-03485AA569B7,Unknown,,N,,Via,,N Via Latina,2023/09/12 23:03:18+00,8028 N Via Latina Burbank 91504,4E2A7FFA-B06F-41BD-8C40-03485AA569B7_8028_N_Via_Latina_Burbank_91504,Via Latina,8028 N Via Latina Los Angeles 91504,,,,
209878,385221,,2401047184.0,,8043.0,,,North,Via,,Latina,,,,,,,,,,,,,,91504.0,,Los Angeles,Burbank,,,,,LA City,{E5CE3C24-E5A2-4310-B828-FA9B074007F1},0,,E5CE3C24-E5A2-4310-B828-FA9B074007F1,Unknown,,N,,Via,,N Via Latina,2023/09/12 23:03:18+00,8043 N Via Latina Burbank 91504,E5CE3C24-E5A2-4310-B828-FA9B074007F1_8043_N_Via_Latina_Burbank_91504,Via Latina,8043 N Via Latina Los Angeles 91504,,,,
209879,385222,,2401047184.0,,8019.0,,,North,Via,,Latina,,,,,,,,,,,,,,91504.0,,Los Angeles,Burbank,,,,,LA City,{DC40EC27-C451-4C49-82A6-3BDF145A3623},0,,DC40EC27-C451-4C49-82A6-3BDF145A3623,Unknown,,N,,Via,,N Via Latina,2023/09/12 23:03:18+00,8019 N Via Latina Burbank 91504,DC40EC27-C451-4C49-82A6-3BDF145A3623_8019_N_Via_Latina_Burbank_91504,Via Latina,8019 N Via Latina Los Angeles 91504,,,,
209880,385223,,2401047184.0,,8018.0,,,North,Via,,Latina,,,,,,,,,,,,,,91504.0,,Los Angeles,Burbank,,,,,LA City,{871B8D82-B12B-403B-AD01-1B67F9648395},0,,871B8D82-B12B-403B-AD01-1B67F9648395,Unknown,,N,,Via,,N Via Latina,2023/09/12 23:03:18+00,8018 N Via Latina Burbank 91504,871B8D82-B12B-403B-AD01-1B67F9648395_8018_N_Via_Latina_Burbank_91504,Via Latina,8018 N Via Latina Los Angeles 91504,,,,
209881,385224,,2401047184.0,,8038.0,,,North,Via,,Latina,,,,,,,,,,,,,,91504.0,,Los Angeles,Burbank,,,,,LA City,{935DC333-2EEF-4CB4-9FA2-4A134C17314B},0,,935DC333-2EEF-4CB4-9FA2-4A134C17314B,Unknown,,N,,Via,,N Via Latina,2023/09/12 23:03:18+00,8038 N Via Latina Burbank 91504,935DC333-2EEF-4CB4-9FA2-4A134C17314B_8038_N_Via_Latina_Burbank_91504,Via Latina,8038 N Via Latina Los Angeles 91504,,,,
209882,385225,,2401047184.0,,9350.0,,,West,Via,,Crema,,,,,,,,,,,,,,91504.0,,Los Angeles,Burbank,,,,,LA City,{8625A899-73D7-4735-AB83-021998F209AD},0,,8625A899-73D7-4735-AB83-021998F209AD,Unknown,,W,,Via,,W Via Crema,2023/09/12 23:03:18+00,9350 W Via Crema Burbank 91504,8625A899-73D7-4735-AB83-021998F209AD_9350_W_Via_Crema_Burbank_91504,Via Crema,9350 W Via Crema Los Angeles 91504,,,,
209883,385226,,2401047184.0,,8027.0,,,North,Via,,Latina,,,,,,,,,,,,,,91504.0,,Los Angeles,Burbank,,,,,LA City,{1667E6A2-7E93-4E04-AD50-B4331523F1F4},0,,1667E6A2-7E93-4E04-AD50-B4331523F1F4,Unknown,,N,,Via,,N Via Latina,2023/09/12 23:03:18+00,8027 N Via Latina Burbank 91504,1667E6A2-7E93-4E04-AD50-B4331523F1F4_8027_N_Via_Latina_Burbank_91504,Via Latina,8027 N Via Latina Los Angeles 91504,,,,
209884,385227,,2401047184.0,,9344.0,,,West,Via,,Crema,,,,,,,,,,,,,,91504.0,,Los Angeles,Burbank,,,,,LA City,{53DD538E-10DA-4F97-ABD5-9F07358E2BBD},0,,53DD538E-10DA-4F97-ABD5-9F07358E2BBD,Unknown,,W,,Via,,W Via Crema,2023/09/12 23:03:18+00,9344 W Via Crema Burbank 91504,53DD538E-10DA-4F97-ABD5-9F07358E2BBD_9344_W_Via_Crema_Burbank_91504,Via Crema,9344 W Via Crema Los Angeles 91504,,,,
209885,385228,,2401048005.0,,9550.0,,,North,Via,,Stefano,,,,,,,,,,,,,,91504.0,,Los Angeles,Burbank,,,,,LA City,{899FAF8C-FA7B-42E4-9F2C-545AE8669F3F},0,,899FAF8C-FA7B-42E4-9F2C-545AE8669F3F,Unknown,,N,,Via,,N Via Stefano,2023/09/12 23:03:18+00,9550 N Via Stefano Burbank 91504,899FAF8C-FA7B-42E4-9F2C-545AE8669F3F_9550_N_Via_Stefano_Burbank_91504,Via Stefano,9550 N Via Stefano Los Angeles 91504,,,,
209886,385229,,2401048005.0,,9581.0,,,West,Via,,Bernard,,,,,,,,,,,,,,91504.0,,Los Angeles,Burbank,,,,,LA City,{0F8C6D90-8E80-49AE-88C8-87F92943EC9D},0,,0F8C6D90-8E80-49AE-88C8-87F92943EC9D,Unknown,,W,,Via,,W Via Bernard,2023/09/12 23:03:18+00,9581 W Via Bernard Burbank 91504,0F8C6D90-8E80-49AE-88C8-87F92943EC9D_9581_W_Via_Bernard_Burbank_91504,Via Bernard,9581 W Via Bernard Los Angeles 91504,,,,
209887,385230,,2401048005.0,,9565.0,,,West,Via,,Bernard,,,,,,,,,,,,,,91504.0,,Los Angeles,Burbank,,,,,LA City,{2D200D82-FB90-4953-9FC0-5D4B13A0CE28},0,,2D200D82-FB90-4953-9FC0-5D4B13A0CE28,Unknown,,W,,Via,,W Via Bernard,2023/09/12 23:03:18+00,9565 W Via Bernard Burbank 91504,2D200D82-FB90-4953-9FC0-5D4B13A0CE28_9565_W_Via_Bernard_Burbank_91504,Via Bernard,9565 W Via Bernard Los Angeles 91504,,,,
209888,385231,,2401048005.0,,9556.0,,,West,Via,,Salerno,,,,,,,,,,,,,,91504.0,,Los Angeles,Burbank,,,,,LA City,{6E443BEC-674A-4B5F-9CE9-ABD9D6ECD161},0,,6E443BEC-674A-4B5F-9CE9-ABD9D6ECD161,Unknown,,W,,Via,,W Via Salerno,2023/09/12 23:03:18+00,9556 W Via Salerno Burbank 91504,6E443BEC-674A-4B5F-9CE9-ABD9D6ECD161_9556_W_Via_Salerno_Burbank_91504,Via Salerno,9556 W Via Salerno Los Angeles 91504,,,,
209889,385232,,2401048005.0,,9561.0,,,West,Via,,Bernard,,,,,,,,,,,,,,91504.0,,Los Angeles,Burbank,,,,,LA City,{786CE651-4DA8-4500-8C62-23D93E493619},0,,786CE651-4DA8-4500-8C62-23D93E493619,Unknown,,W,,Via,,W Via Bernard,2023/09/12 23:03:18+00,9561 W Via Bernard Burbank 91504,786CE651-4DA8-4500-8C62-23D93E493619_9561_W_Via_Bernard_Burbank_91504,Via Bernard,9561 W Via Bernard Los Angeles 91504,,,,
209890,385233,,2401048005.0,,9543.0,,,West,Via,,Venezia,,,,,,,,,,,,,,91504.0,,Los Angeles,Burbank,,,,,LA City,{C9FCECCB-F06F-4602-9343-7E916B0FBE20},0,,C9FCECCB-F06F-4602-9343-7E916B0FBE20,Unknown,,W,,Via,,W Via Venezia,2023/09/12 23:03:18+00,9543 W Via Venezia Burbank 91504,C9FCECCB-F06F-4602-9343-7E916B0FBE20_9543_W_Via_Venezia_Burbank_91504,Via Venezia,9543 W Via Venezia Los Angeles 91504,,,,
209891,385234,,2401048005.0,,9553.0,,,West,Via,,Venezia,,,,,,,,,,,,,,91504.0,,Los Angeles,Burbank,,,,,LA City,{27C48630-1CF6-4FA3-B565-CEF74889938B},0,,27C48630-1CF6-4FA3-B565-CEF74889938B,Unknown,,W,,Via,,W Via Venezia,2023/09/12 23:03:18+00,9553 W Via Venezia Burbank 91504,27C48630-1CF6-4FA3-B565-CEF74889938B_9553_W_Via_Venezia_Burbank_91504,Via Venezia,9553 W Via Venezia Los Angeles 91504,,,,
209892,385235,,2401048005.0,,9586.0,,,West,Via,,Bernard,,,,,,,,,,,,,,91504.0,,Los Angeles,Burbank,,,,,LA City,{106F77AC-3540-4D96-998F-00B36A961422},0,,106F77AC-3540-4D96-998F-00B36A961422,Unknown,,W,,Via,,W Via Bernard,2023/09/12 23:03:18+00,9586 W Via Bernard Burbank 91504,106F77AC-3540-4D96-998F-00B36A961422_9586_W_Via_Bernard_Burbank_91504,Via Bernard,9586 W Via Bernard Los Angeles 91504,,,,
209893,385236,,2401048005.0,,9532.0,,,West,Via,,Venezia,,,,,,,,,,,,,,91504.0,,Los Angeles,Burbank,,,,,LA City,{8F99A435-407D-41E7-8733-3A5D7C8AF5F5},0,,8F99A435-407D-41E7-8733-3A5D7C8AF5F5,Unknown,,W,,Via,,W Via Venezia,2023/09/12 23:03:18+00,9532 W Via Venezia Burbank 91504,8F99A435-407D-41E7-8733-3A5D7C8AF5F5_9532_W_Via_Venezia_Burbank_91504,Via Venezia,9532 W Via Venezia Los Angeles 91504,,,,
209894,385237,,2401048005.0,,9582.0,,,West,Via,,Bernard,,,,,,,,,,,,,,91504.0,,Los Angeles,Burbank,,,,,LA City,{5292FD61-E81B-42BD-B586-CABD28803386},0,,5292FD61-E81B-42BD-B586-CABD28803386,Unknown,,W,,Via,,W Via Bernard,2023/09/12 23:03:18+00,9582 W Via Bernard Burbank 91504,5292FD61-E81B-42BD-B586-CABD28803386_9582_W_Via_Bernard_Burbank_91504,Via Bernard,9582 W Via Bernard Los Angeles 91504,,,,
209895,385238,,2401048005.0,,7909.0,,,North,Via,,Stefano,,,,,,,,,,,,,,91504.0,,Los Angeles,Burbank,,,,,LA City,{F50D34D8-A1D7-4E59-88E0-04F71469D909},0,,F50D34D8-A1D7-4E59-88E0-04F71469D909,Unknown,,N,,Via,,N Via Stefano,2023/09/12 23:03:18+00,7909 N Via Stefano Burbank 91504,F50D34D8-A1D7-4E59-88E0-04F71469D909_7909_N_Via_Stefano_Burbank_91504,Via Stefano,7909 N Via Stefano Los Angeles 91504,,,,
209896,385239,,2401048005.0,,9535.0,,,West,Via,,Venezia,,,,,,,,,,,,,,91504.0,,Los Angeles,Burbank,,,,,LA City,{4D6959C8-1482-4093-B645-37EA8EB541EB},0,,4D6959C8-1482-4093-B645-37EA8EB541EB,Unknown,,W,,Via,,W Via Venezia,2023/09/12 23:03:18+00,9535 W Via Venezia Burbank 91504,4D6959C8-1482-4093-B645-37EA8EB541EB_9535_W_Via_Venezia_Burbank_91504,Via Venezia,9535 W Via Venezia Los Angeles 91504,,,,
209897,385240,,2401048005.0,,9545.0,,,West,Via,,Salerno,,,,,,,,,,,,,,91504.0,,Los Angeles,Burbank,,,,,LA City,{D113DD7B-127F-4C41-A7CD-4D3B80753F26},0,,D113DD7B-127F-4C41-A7CD-4D3B80753F26,Unknown,,W,,Via,,W Via Salerno,2023/09/12 23:03:18+00,9545 W Via Salerno Burbank 91504,D113DD7B-127F-4C41-A7CD-4D3B80753F26_9545_W_Via_Salerno_Burbank_91504,Via Salerno,9545 W Via Salerno Los Angeles 91504,,,,
209898,385241,,2401048005.0,,9558.0,,,West,Via,,Salerno,,,,,,,,,,,,,,91504.0,,Los Angeles,Burbank,,,,,LA City,{382F4D47-ABDC-4500-8A7B-7E09E4B7684B},0,,382F4D47-ABDC-4500-8A7B-7E09E4B7684B,Unknown,,W,,Via,,W Via Salerno,2023/09/12 23:03:18+00,9558 W Via Salerno Burbank 91504,382F4D47-ABDC-4500-8A7B-7E09E4B7684B_9558_W_Via_Salerno_Burbank_91504,Via Salerno,9558 W Via Salerno Los Angeles 91504,,,,
209899,385242,,2401048005.0,,9549.0,,,West,Via,,Venezia,,,,,,,,,,,,,,91504.0,,Los Angeles,Burbank,,,,,LA City,{A4BE579D-DB09-4406-921A-49CA896113E8},0,,A4BE579D-DB09-4406-921A-49CA896113E8,Unknown,,W,,Via,,W Via Venezia,2023/09/12 23:03:18+00,9549 W Via Venezia Burbank 91504,A4BE579D-DB09-4406-921A-49CA896113E8_9549_W_Via_Venezia_Burbank_91504,Via Venezia,9549 W Via Venezia Los Angeles 91504,,,,
209900,385243,,2401048005.0,,9562.0,,,West,Via,,Bernard,,,,,,,,,,,,,,91504.0,,Los Angeles,Burbank,,,,,LA City,{8A735175-AC2A-4E2E-B27C-94ECB876AA79},0,,8A735175-AC2A-4E2E-B27C-94ECB876AA79,Unknown,,W,,Via,,W Via Bernard,2023/09/12 23:03:18+00,9562 W Via Bernard Burbank 91504,8A735175-AC2A-4E2E-B27C-94ECB876AA79_9562_W_Via_Bernard_Burbank_91504,Via Bernard,9562 W Via Bernard Los Angeles 91504,,,,
209901,385244,,2401048005.0,,7915.0,,,North,Via,,Stefano,,,,,,,,,,,,,,91504.0,,Los Angeles,Burbank,,,,,LA City,{E5C11048-C9BF-420F-B324-23EE99B1EE9C},0,,E5C11048-C9BF-420F-B324-23EE99B1EE9C,Unknown,,N,,Via,,N Via Stefano,2023/09/12 23:03:18+00,7915 N Via Stefano Burbank 91504,E5C11048-C9BF-420F-B324-23EE99B1EE9C_7915_N_Via_Stefano_Burbank_91504,Via Stefano,7915 N Via Stefano Los Angeles 91504,,,,
209902,385245,,2401048005.0,,9554.0,,,North,Via,,Stefano,,,,,,,,,,,,,,91504.0,,Los Angeles,Burbank,,,,,LA City,{ABCA655A-EF0B-433D-B566-B61A92F9D8B3},0,,ABCA655A-EF0B-433D-B566-B61A92F9D8B3,Unknown,,N,,Via,,N Via Stefano,2023/09/12 23:03:18+00,9554 N Via Stefano Burbank 91504,ABCA655A-EF0B-433D-B566-B61A92F9D8B3_9554_N_Via_Stefano_Burbank_91504,Via Stefano,9554 N Via Stefano Los Angeles 91504,,,,
209903,385246,,2401048005.0,,9540.0,,,West,Via,,Venezia,,,,,,,,,,,,,,91504.0,,Los Angeles,Burbank,,,,,LA City,{09E58A2E-07D8-407F-9C50-CBE8C7DD295B},0,,09E58A2E-07D8-407F-9C50-CBE8C7DD295B,Unknown,,W,,Via,,W Via Venezia,2023/09/12 23:03:18+00,9540 W Via Venezia Burbank 91504,09E58A2E-07D8-407F-9C50-CBE8C7DD295B_9540_W_Via_Venezia_Burbank_91504,Via Venezia,9540 W Via Venezia Los Angeles 91504,,,,
209904,385247,,2401048005.0,,9555.0,,,West,Via,,Venezia,,,,,,,,,,,,,,91504.0,,Los Angeles,Burbank,,,,,LA City,{BBBB7F77-5B97-4FFD-9B63-79C3E52C1322},0,,BBBB7F77-5B97-4FFD-9B63-79C3E52C1322,Unknown,,W,,Via,,W Via Venezia,2023/09/12 23:03:18+00,9555 W Via Venezia Burbank 91504,BBBB7F77-5B97-4FFD-9B63-79C3E52C1322_9555_W_Via_Venezia_Burbank_91504,Via Venezia,9555 W Via Venezia Los Angeles 91504,,,,
209905,385248,,2401048005.0,,7906.0,,,North,Via,,Stefano,,,,,,,,,,,,,,91504.0,,Los Angeles,Burbank,,,,,LA City,{07C31390-94AC-47D7-B89D-E2CA781FD3DB},0,,07C31390-94AC-47D7-B89D-E2CA781FD3DB,Unknown,,N,,Via,,N Via Stefano,2023/09/12 23:03:18+00,7906 N Via Stefano Burbank 91504,07C31390-94AC-47D7-B89D-E2CA781FD3DB_7906_N_Via_Stefano_Burbank_91504,Via Stefano,7906 N Via Stefano Los Angeles 91504,,,,
209906,385249,,2401048005.0,,9590.0,,,West,Via,,Bernard,,,,,,,,,,,,,,91504.0,,Los Angeles,Burbank,,,,,LA City,{BCFA173C-35E1-44A8-872F-197840008D63},0,,BCFA173C-35E1-44A8-872F-197840008D63,Unknown,,W,,Via,,W Via Bernard,2023/09/12 23:03:18+00,9590 W Via Bernard Burbank 91504,BCFA173C-35E1-44A8-872F-197840008D63_9590_W_Via_Bernard_Burbank_91504,Via Bernard,9590 W Via Bernard Los Angeles 91504,,,,
209907,385250,,2401048005.0,,9556.0,,,West,Via,,Ricardo,,,,,,,,,,,,,,91504.0,,Los Angeles,Burbank,,,,,LA City,{1FE92B58-DA48-4F12-9C66-9D7718D3CBE5},0,,1FE92B58-DA48-4F12-9C66-9D7718D3CBE5,Unknown,,W,,Via,,W Via Ricardo,2023/09/12 23:03:18+00,9556 W Via Ricardo Burbank 91504,1FE92B58-DA48-4F12-9C66-9D7718D3CBE5_9556_W_Via_Ricardo_Burbank_91504,Via Ricardo,9556 W Via Ricardo Los Angeles 91504,,,,
209908,385251,,2401048005.0,,9560.0,,,West,Via,,Bernard,,,,,,,,,,,,,,91504.0,,Los Angeles,Burbank,,,,,LA City,{5A91902C-95B6-42BE-BBEE-FE130247C567},0,,5A91902C-95B6-42BE-BBEE-FE130247C567,Unknown,,W,,Via,,W Via Bernard,2023/09/12 23:03:18+00,9560 W Via Bernard Burbank 91504,5A91902C-95B6-42BE-BBEE-FE130247C567_9560_W_Via_Bernard_Burbank_91504,Via Bernard,9560 W Via Bernard Los Angeles 91504,,,,
209909,385252,,2401048005.0,,9534.0,,,West,Via,,Venezia,,,,,,,,,,,,,,91504.0,,Los Angeles,Burbank,,,,,LA City,{676F914A-60D5-430F-840F-A225025E4655},0,,676F914A-60D5-430F-840F-A225025E4655,Unknown,,W,,Via,,W Via Venezia,2023/09/12 23:03:18+00,9534 W Via Venezia Burbank 91504,676F914A-60D5-430F-840F-A225025E4655_9534_W_Via_Venezia_Burbank_91504,Via Venezia,9534 W Via Venezia Los Angeles 91504,,,,
209910,385253,,2401048005.0,,9539.0,,,West,Via,,Venezia,,,,,,,,,,,,,,91504.0,,Los Angeles,Burbank,,,,,LA City,{81A3D3FC-E57D-43DA-A303-C1C1087BCA45},0,,81A3D3FC-E57D-43DA-A303-C1C1087BCA45,Unknown,,W,,Via,,W Via Venezia,2023/09/12 23:03:18+00,9539 W Via Venezia Burbank 91504,81A3D3FC-E57D-43DA-A303-C1C1087BCA45_9539_W_Via_Venezia_Burbank_91504,Via Venezia,9539 W Via Venezia Los Angeles 91504,,,,
209911,385254,,2401048005.0,,9533.0,,,West,Via,,Venezia,,,,,,,,,,,,,,91504.0,,Los Angeles,Burbank,,,,,LA City,{C4D25A44-E686-48AE-A085-7DC52F799E6A},0,,C4D25A44-E686-48AE-A085-7DC52F799E6A,Unknown,,W,,Via,,W Via Venezia,2023/09/12 23:03:18+00,9533 W Via Venezia Burbank 91504,C4D25A44-E686-48AE-A085-7DC52F799E6A_9533_W_Via_Venezia_Burbank_91504,Via Venezia,9533 W Via Venezia Los Angeles 91504,,,,
209912,385255,,2401048005.0,,9537.0,,,West,Via,,Venezia,,,,,,,,,,,,,,91504.0,,Los Angeles,Burbank,,,,,LA City,{A8752F64-757A-4361-9D0B-AA6F67713146},0,,A8752F64-757A-4361-9D0B-AA6F67713146,Unknown,,W,,Via,,W Via Venezia,2023/09/12 23:03:18+00,9537 W Via Venezia Burbank 91504,A8752F64-757A-4361-9D0B-AA6F67713146_9537_W_Via_Venezia_Burbank_91504,Via Venezia,9537 W Via Venezia Los Angeles 91504,,,,
209913,385256,,2401048005.0,,9569.0,,,West,Via,,Bernard,,,,,,,,,,,,,,91504.0,,Los Angeles,Burbank,,,,,LA City,{82809AE6-7C78-469B-944E-93ED1AC718B5},0,,82809AE6-7C78-469B-944E-93ED1AC718B5,Unknown,,W,,Via,,W Via Bernard,2023/09/12 23:03:18+00,9569 W Via Bernard Burbank 91504,82809AE6-7C78-469B-944E-93ED1AC718B5_9569_W_Via_Bernard_Burbank_91504,Via Bernard,9569 W Via Bernard Los Angeles 91504,,,,
209914,385257,,2401048005.0,,9564.0,,,West,Via,,Bernard,,,,,,,,,,,,,,91504.0,,Los Angeles,Burbank,,,,,LA City,{C3D929A4-8D1D-40DE-A79A-409689BD75EE},0,,C3D929A4-8D1D-40DE-A79A-409689BD75EE,Unknown,,W,,Via,,W Via Bernard,2023/09/12 23:03:18+00,9564 W Via Bernard Burbank 91504,C3D929A4-8D1D-40DE-A79A-409689BD75EE_9564_W_Via_Bernard_Burbank_91504,Via Bernard,9564 W Via Bernard Los Angeles 91504,,,,
209915,385258,,2401048005.0,,9548.0,,,West,Via,,Salerno,,,,,,,,,,,,,,91504.0,,Los Angeles,Burbank,,,,,LA City,{1E1DFAA1-C355-464F-B651-24E4FC25119A},0,,1E1DFAA1-C355-464F-B651-24E4FC25119A,Unknown,,W,,Via,,W Via Salerno,2023/09/12 23:03:18+00,9548 W Via Salerno Burbank 91504,1E1DFAA1-C355-464F-B651-24E4FC25119A_9548_W_Via_Salerno_Burbank_91504,Via Salerno,9548 W Via Salerno Los Angeles 91504,,,,
209916,385259,,2401048005.0,,9584.0,,,West,Via,,Bernard,,,,,,,,,,,,,,91504.0,,Los Angeles,Burbank,,,,,LA City,{344EC39F-C804-4766-AC28-4A4FF2C33CAB},0,,344EC39F-C804-4766-AC28-4A4FF2C33CAB,Unknown,,W,,Via,,W Via Bernard,2023/09/12 23:03:18+00,9584 W Via Bernard Burbank 91504,344EC39F-C804-4766-AC28-4A4FF2C33CAB_9584_W_Via_Bernard_Burbank_91504,Via Bernard,9584 W Via Bernard Los Angeles 91504,,,,
209917,385260,,2401048005.0,,9571.0,,,West,Via,,Bernard,,,,,,,,,,,,,,91504.0,,Los Angeles,Burbank,,,,,LA City,{551ABF69-09D8-402C-B4C5-C8BF13066944},0,,551ABF69-09D8-402C-B4C5-C8BF13066944,Unknown,,W,,Via,,W Via Bernard,2023/09/12 23:03:18+00,9571 W Via Bernard Burbank 91504,551ABF69-09D8-402C-B4C5-C8BF13066944_9571_W_Via_Bernard_Burbank_91504,Via Bernard,9571 W Via Bernard Los Angeles 91504,,,,
209918,385261,,2401048005.0,,9551.0,,,West,Via,,Venezia,,,,,,,,,,,,,,91504.0,,Los Angeles,Burbank,,,,,LA City,{DA33139A-0D59-40B1-ACB7-57FC93013FF2},0,,DA33139A-0D59-40B1-ACB7-57FC93013FF2,Unknown,,W,,Via,,W Via Venezia,2023/09/12 23:03:18+00,9551 W Via Venezia Burbank 91504,DA33139A-0D59-40B1-ACB7-57FC93013FF2_9551_W_Via_Venezia_Burbank_91504,Via Venezia,9551 W Via Venezia Los Angeles 91504,,,,
209919,385262,,2401048005.0,,9587.0,,,West,Via,,Bernard,,,,,,,,,,,,,,91504.0,,Los Angeles,Burbank,,,,,LA City,{06845E91-CD08-43CB-8406-254731AB453E},0,,06845E91-CD08-43CB-8406-254731AB453E,Unknown,,W,,Via,,W Via Bernard,2023/09/12 23:03:18+00,9587 W Via Bernard Burbank 91504,06845E91-CD08-43CB-8406-254731AB453E_9587_W_Via_Bernard_Burbank_91504,Via Bernard,9587 W Via Bernard Los Angeles 91504,,,,
209920,385263,,2401048005.0,,9579.0,,,West,Via,,Bernard,,,,,,,,,,,,,,91504.0,,Los Angeles,Burbank,,,,,LA City,{F538E9CF-BA1D-4503-9BA3-2BE5C59497CE},0,,F538E9CF-BA1D-4503-9BA3-2BE5C59497CE,Unknown,,W,,Via,,W Via Bernard,2023/09/12 23:03:18+00,9579 W Via Bernard Burbank 91504,F538E9CF-BA1D-4503-9BA3-2BE5C59497CE_9579_W_Via_Bernard_Burbank_91504,Via Bernard,9579 W Via Bernard Los Angeles 91504,,,,
209921,385264,,2401048005.0,,9552.0,,,West,Via,,Salerno,,,,,,,,,,,,,,91504.0,,Los Angeles,Burbank,,,,,LA City,{60E7C391-5CE2-489D-9887-40C58579E69F},0,,60E7C391-5CE2-489D-9887-40C58579E69F,Unknown,,W,,Via,,W Via Salerno,2023/09/12 23:03:18+00,9552 W Via Salerno Burbank 91504,60E7C391-5CE2-489D-9887-40C58579E69F_9552_W_Via_Salerno_Burbank_91504,Via Salerno,9552 W Via Salerno Los Angeles 91504,,,,
209922,385265,,2401048005.0,,9561.0,,,West,Via,,Ricardo,,,,,,,,,,,,,,91504.0,,Los Angeles,Burbank,,,,,LA City,{F7AF1EC4-E1BB-4357-97AD-86658214EA34},0,,F7AF1EC4-E1BB-4357-97AD-86658214EA34,Unknown,,W,,Via,,W Via Ricardo,2023/09/12 23:03:18+00,9561 W Via Ricardo Burbank 91504,F7AF1EC4-E1BB-4357-97AD-86658214EA34_9561_W_Via_Ricardo_Burbank_91504,Via Ricardo,9561 W Via Ricardo Los Angeles 91504,,,,
209923,385266,,2401048005.0,,9583.0,,,West,Via,,Bernard,,,,,,,,,,,,,,91504.0,,Los Angeles,Burbank,,,,,LA City,{395DB927-68CA-463E-B2AF-93A6B83D0933},0,,395DB927-68CA-463E-B2AF-93A6B83D0933,Unknown,,W,,Via,,W Via Bernard,2023/09/12 23:03:18+00,9583 W Via Bernard Burbank 91504,395DB927-68CA-463E-B2AF-93A6B83D0933_9583_W_Via_Bernard_Burbank_91504,Via Bernard,9583 W Via Bernard Los Angeles 91504,,,,
209924,385267,,2401048005.0,,9576.0,,,West,Via,,Bernard,,,,,,,,,,,,,,91504.0,,Los Angeles,Burbank,,,,,LA City,{AC88B4FA-59EC-477F-8797-A65FCCB96B11},0,,AC88B4FA-59EC-477F-8797-A65FCCB96B11,Unknown,,W,,Via,,W Via Bernard,2023/09/12 23:03:18+00,9576 W Via Bernard Burbank 91504,AC88B4FA-59EC-477F-8797-A65FCCB96B11_9576_W_Via_Bernard_Burbank_91504,Via Bernard,9576 W Via Bernard Los Angeles 91504,,,,
209925,385268,,2401048005.0,,9531.0,,,West,Via,,Venezia,,,,,,,,,,,,,,91504.0,,Los Angeles,Burbank,,,,,LA City,{227EF036-4E5D-4938-9F87-1C6F516A1E0E},0,,227EF036-4E5D-4938-9F87-1C6F516A1E0E,Unknown,,W,,Via,,W Via Venezia,2023/09/12 23:03:18+00,9531 W Via Venezia Burbank 91504,227EF036-4E5D-4938-9F87-1C6F516A1E0E_9531_W_Via_Venezia_Burbank_91504,Via Venezia,9531 W Via Venezia Los Angeles 91504,,,,
209926,385269,,2401048005.0,,9567.0,,,West,Via,,Bernard,,,,,,,,,,,,,,91504.0,,Los Angeles,Burbank,,,,,LA City,{0A205F9E-A9B6-4ABB-B0E3-81DF2DFE02B4},0,,0A205F9E-A9B6-4ABB-B0E3-81DF2DFE02B4,Unknown,,W,,Via,,W Via Bernard,2023/09/12 23:03:18+00,9567 W Via Bernard Burbank 91504,0A205F9E-A9B6-4ABB-B0E3-81DF2DFE02B4_9567_W_Via_Bernard_Burbank_91504,Via Bernard,9567 W Via Bernard Los Angeles 91504,,,,
209927,385270,,2401048005.0,,9538.0,,,West,Via,,Venezia,,,,,,,,,,,,,,91504.0,,Los Angeles,Burbank,,,,,LA City,{9874B613-50EC-4D54-B794-17B934F7B319},0,,9874B613-50EC-4D54-B794-17B934F7B319,Unknown,,W,,Via,,W Via Venezia,2023/09/12 23:03:18+00,9538 W Via Venezia Burbank 91504,9874B613-50EC-4D54-B794-17B934F7B319_9538_W_Via_Venezia_Burbank_91504,Via Venezia,9538 W Via Venezia Los Angeles 91504,,,,
209928,385271,,2401048005.0,,9566.0,,,West,Via,,Bernard,,,,,,,,,,,,,,91504.0,,Los Angeles,Burbank,,,,,LA City,{BFC1DFCC-3063-4A5B-B3C7-03A7BE712872},0,,BFC1DFCC-3063-4A5B-B3C7-03A7BE712872,Unknown,,W,,Via,,W Via Bernard,2023/09/12 23:03:18+00,9566 W Via Bernard Burbank 91504,BFC1DFCC-3063-4A5B-B3C7-03A7BE712872_9566_W_Via_Bernard_Burbank_91504,Via Bernard,9566 W Via Bernard Los Angeles 91504,,,,
209929,385272,,2401048005.0,,9558.0,,,West,Via,,Ricardo,,,,,,,,,,,,,,91504.0,,Los Angeles,Burbank,,,,,LA City,{E3C01DC5-04FE-420C-BB94-DC1D805907B4},0,,E3C01DC5-04FE-420C-BB94-DC1D805907B4,Unknown,,W,,Via,,W Via Ricardo,2023/09/12 23:03:18+00,9558 W Via Ricardo Burbank 91504,E3C01DC5-04FE-420C-BB94-DC1D805907B4_9558_W_Via_Ricardo_Burbank_91504,Via Ricardo,9558 W Via Ricardo Los Angeles 91504,,,,
209930,385273,,2401048005.0,,9548.0,,,North,Via,,Stefano,,,,,,,,,,,,,,91504.0,,Los Angeles,Burbank,,,,,LA City,{FB214677-960E-45F5-88C7-9102DE133B06},0,,FB214677-960E-45F5-88C7-9102DE133B06,Unknown,,N,,Via,,N Via Stefano,2023/09/12 23:03:18+00,9548 N Via Stefano Burbank 91504,FB214677-960E-45F5-88C7-9102DE133B06_9548_N_Via_Stefano_Burbank_91504,Via Stefano,9548 N Via Stefano Los Angeles 91504,,,,
209931,385274,,2401048005.0,,9551.0,,,West,Via,,Salerno,,,,,,,,,,,,,,91504.0,,Los Angeles,Burbank,,,,,LA City,{78A54AB9-6751-4284-8AC1-5ED89F2026DE},0,,78A54AB9-6751-4284-8AC1-5ED89F2026DE,Unknown,,W,,Via,,W Via Salerno,2023/09/12 23:03:18+00,9551 W Via Salerno Burbank 91504,78A54AB9-6751-4284-8AC1-5ED89F2026DE_9551_W_Via_Salerno_Burbank_91504,Via Salerno,9551 W Via Salerno Los Angeles 91504,,,,
209932,385275,,2401048005.0,,9547.0,,,West,Via,,Venezia,,,,,,,,,,,,,,91504.0,,Los Angeles,Burbank,,,,,LA City,{872E0522-BF6D-4CF1-9C9F-2507A6027A7A},0,,872E0522-BF6D-4CF1-9C9F-2507A6027A7A,Unknown,,W,,Via,,W Via Venezia,2023/09/12 23:03:18+00,9547 W Via Venezia Burbank 91504,872E0522-BF6D-4CF1-9C9F-2507A6027A7A_9547_W_Via_Venezia_Burbank_91504,Via Venezia,9547 W Via Venezia Los Angeles 91504,,,,
209933,385276,,2401048005.0,,9560.0,,,West,Via,,Ricardo,,,,,,,,,,,,,,91504.0,,Los Angeles,Burbank,,,,,LA City,{B8CE1E1F-AAE7-414C-B41C-05EDB5C2AA3A},0,,B8CE1E1F-AAE7-414C-B41C-05EDB5C2AA3A,Unknown,,W,,Via,,W Via Ricardo,2023/09/12 23:03:18+00,9560 W Via Ricardo Burbank 91504,B8CE1E1F-AAE7-414C-B41C-05EDB5C2AA3A_9560_W_Via_Ricardo_Burbank_91504,Via Ricardo,9560 W Via Ricardo Los Angeles 91504,,,,
209934,385277,,2401048005.0,,7910.0,,,North,Via,,Stefano,,,,,,,,,,,,,,91504.0,,Los Angeles,Burbank,,,,,LA City,{7351B632-D472-4E68-87CC-0C508308E365},0,,7351B632-D472-4E68-87CC-0C508308E365,Unknown,,N,,Via,,N Via Stefano,2023/09/12 23:03:18+00,7910 N Via Stefano Burbank 91504,7351B632-D472-4E68-87CC-0C508308E365_7910_N_Via_Stefano_Burbank_91504,Via Stefano,7910 N Via Stefano Los Angeles 91504,,,,
209935,385278,,2401048005.0,,9551.0,,,West,Via,,Ricardo,,,,,,,,,,,,,,91504.0,,Los Angeles,Burbank,,,,,LA City,{39889606-FE65-461D-BDB7-16B6C0692695},0,,39889606-FE65-461D-BDB7-16B6C0692695,Unknown,,W,,Via,,W Via Ricardo,2023/09/12 23:03:18+00,9551 W Via Ricardo Burbank 91504,39889606-FE65-461D-BDB7-16B6C0692695_9551_W_Via_Ricardo_Burbank_91504,Via Ricardo,9551 W Via Ricardo Los Angeles 91504,,,,
209936,385279,,2401048005.0,,7903.0,,,North,Via,,Stefano,,,,,,,,,,,,,,91504.0,,Los Angeles,Burbank,,,,,LA City,{C391A069-3E63-4BF9-B92A-A0274420E76D},0,,C391A069-3E63-4BF9-B92A-A0274420E76D,Unknown,,N,,Via,,N Via Stefano,2023/09/12 23:03:18+00,7903 N Via Stefano Burbank 91504,C391A069-3E63-4BF9-B92A-A0274420E76D_7903_N_Via_Stefano_Burbank_91504,Via Stefano,7903 N Via Stefano Los Angeles 91504,,,,
209937,385280,,2401048005.0,,9557.0,,,West,Via,,Ricardo,,,,,,,,,,,,,,91504.0,,Los Angeles,Burbank,,,,,LA City,{9346FF75-0E71-4274-A15E-BE3BD4C13E78},0,,9346FF75-0E71-4274-A15E-BE3BD4C13E78,Unknown,,W,,Via,,W Via Ricardo,2023/09/12 23:03:18+00,9557 W Via Ricardo Burbank 91504,9346FF75-0E71-4274-A15E-BE3BD4C13E78_9557_W_Via_Ricardo_Burbank_91504,Via Ricardo,9557 W Via Ricardo Los Angeles 91504,,,,
209938,385281,,2401048005.0,,7905.0,,,North,Via,,Stefano,,,,,,,,,,,,,,91504.0,,Los Angeles,Burbank,,,,,LA City,{FFA81044-D6E7-48C9-8309-E0944001FA84},0,,FFA81044-D6E7-48C9-8309-E0944001FA84,Unknown,,N,,Via,,N Via Stefano,2023/09/12 23:03:18+00,7905 N Via Stefano Burbank 91504,FFA81044-D6E7-48C9-8309-E0944001FA84_7905_N_Via_Stefano_Burbank_91504,Via Stefano,7905 N Via Stefano Los Angeles 91504,,,,
209939,385282,,2401048005.0,,9547.0,,,West,Via,,Salerno,,,,,,,,,,,,,,91504.0,,Los Angeles,Burbank,,,,,LA City,{02AC7F5F-102C-4C53-930B-B3E7A221E04A},0,,02AC7F5F-102C-4C53-930B-B3E7A221E04A,Unknown,,W,,Via,,W Via Salerno,2023/09/12 23:03:18+00,9547 W Via Salerno Burbank 91504,02AC7F5F-102C-4C53-930B-B3E7A221E04A_9547_W_Via_Salerno_Burbank_91504,Via Salerno,9547 W Via Salerno Los Angeles 91504,,,,
209940,385283,,2401048005.0,,9554.0,,,West,Via,,Ricardo,,,,,,,,,,,,,,91504.0,,Los Angeles,Burbank,,,,,LA City,{D1C0D6D3-3CC6-4F86-BCCA-AAB0B0D56323},0,,D1C0D6D3-3CC6-4F86-BCCA-AAB0B0D56323,Unknown,,W,,Via,,W Via Ricardo,2023/09/12 23:03:18+00,9554 W Via Ricardo Burbank 91504,D1C0D6D3-3CC6-4F86-BCCA-AAB0B0D56323_9554_W_Via_Ricardo_Burbank_91504,Via Ricardo,9554 W Via Ricardo Los Angeles 91504,,,,
209941,385284,,2401048005.0,,9550.0,,,West,Via,,Salerno,,,,,,,,,,,,,,91504.0,,Los Angeles,Burbank,,,,,LA City,{9C18EDDA-29FB-4337-8229-12D6512DA882},0,,9C18EDDA-29FB-4337-8229-12D6512DA882,Unknown,,W,,Via,,W Via Salerno,2023/09/12 23:03:18+00,9550 W Via Salerno Burbank 91504,9C18EDDA-29FB-4337-8229-12D6512DA882_9550_W_Via_Salerno_Burbank_91504,Via Salerno,9550 W Via Salerno Los Angeles 91504,,,,
209942,385285,,2401048005.0,,9546.0,,,West,Via,,Salerno,,,,,,,,,,,,,,91504.0,,Los Angeles,Burbank,,,,,LA City,{92F7A03B-F376-4A5B-9CD0-3A98351B4439},0,,92F7A03B-F376-4A5B-9CD0-3A98351B4439,Unknown,,W,,Via,,W Via Salerno,2023/09/12 23:03:18+00,9546 W Via Salerno Burbank 91504,92F7A03B-F376-4A5B-9CD0-3A98351B4439_9546_W_Via_Salerno_Burbank_91504,Via Salerno,9546 W Via Salerno Los Angeles 91504,,,,
209943,385286,,2401048005.0,,9549.0,,,West,Via,,Salerno,,,,,,,,,,,,,,91504.0,,Los Angeles,Burbank,,,,,LA City,{771864C6-83BF-4D6D-8DB3-7599513FC4E0},0,,771864C6-83BF-4D6D-8DB3-7599513FC4E0,Unknown,,W,,Via,,W Via Salerno,2023/09/12 23:03:18+00,9549 W Via Salerno Burbank 91504,771864C6-83BF-4D6D-8DB3-7599513FC4E0_9549_W_Via_Salerno_Burbank_91504,Via Salerno,9549 W Via Salerno Los Angeles 91504,,,,
209944,385287,,2401048005.0,,9554.0,,,West,Via,,Salerno,,,,,,,,,,,,,,91504.0,,Los Angeles,Burbank,,,,,LA City,{828A0640-D657-42CB-B18D-129A3D2B4B5F},0,,828A0640-D657-42CB-B18D-129A3D2B4B5F,Unknown,,W,,Via,,W Via Salerno,2023/09/12 23:03:18+00,9554 W Via Salerno Burbank 91504,828A0640-D657-42CB-B18D-129A3D2B4B5F_9554_W_Via_Salerno_Burbank_91504,Via Salerno,9554 W Via Salerno Los Angeles 91504,,,,
209945,385288,,2401048005.0,,9568.0,,,West,Via,,Bernard,,,,,,,,,,,,,,91504.0,,Los Angeles,Burbank,,,,,LA City,{250AB0F4-A871-4894-A8A2-BFBFB5F32913},0,,250AB0F4-A871-4894-A8A2-BFBFB5F32913,Unknown,,W,,Via,,W Via Bernard,2023/09/12 23:03:18+00,9568 W Via Bernard Burbank 91504,250AB0F4-A871-4894-A8A2-BFBFB5F32913_9568_W_Via_Bernard_Burbank_91504,Via Bernard,9568 W Via Bernard Los Angeles 91504,,,,
209946,385289,,2401048005.0,,9585.0,,,West,Via,,Bernard,,,,,,,,,,,,,,91504.0,,Los Angeles,Burbank,,,,,LA City,{695F2912-5D37-48FA-B15A-5F9E2190DDD3},0,,695F2912-5D37-48FA-B15A-5F9E2190DDD3,Unknown,,W,,Via,,W Via Bernard,2023/09/12 23:03:18+00,9585 W Via Bernard Burbank 91504,695F2912-5D37-48FA-B15A-5F9E2190DDD3_9585_W_Via_Bernard_Burbank_91504,Via Bernard,9585 W Via Bernard Los Angeles 91504,,,,
209947,385290,,2401048005.0,,9559.0,,,West,Via,,Ricardo,,,,,,,,,,,,,,91504.0,,Los Angeles,Burbank,,,,,LA City,{4CACC55D-DBDA-49FB-83D4-24E21C0ECA7A},0,,4CACC55D-DBDA-49FB-83D4-24E21C0ECA7A,Unknown,,W,,Via,,W Via Ricardo,2023/09/12 23:03:18+00,9559 W Via Ricardo Burbank 91504,4CACC55D-DBDA-49FB-83D4-24E21C0ECA7A_9559_W_Via_Ricardo_Burbank_91504,Via Ricardo,9559 W Via Ricardo Los Angeles 91504,,,,
209948,385291,,2401048005.0,,9578.0,,,West,Via,,Bernard,,,,,,,,,,,,,,91504.0,,Los Angeles,Burbank,,,,,LA City,{03A5E127-8C81-48AE-8EE1-FF24FA8426D3},0,,03A5E127-8C81-48AE-8EE1-FF24FA8426D3,Unknown,,W,,Via,,W Via Bernard,2023/09/12 23:03:18+00,9578 W Via Bernard Burbank 91504,03A5E127-8C81-48AE-8EE1-FF24FA8426D3_9578_W_Via_Bernard_Burbank_91504,Via Bernard,9578 W Via Bernard Los Angeles 91504,,,,
209949,385292,,2401048005.0,,9560.0,,,West,Via,,Salerno,,,,,,,,,,,,,,91504.0,,Los Angeles,Burbank,,,,,LA City,{C9EA6115-4117-4B8E-9604-F67522E281BE},0,,C9EA6115-4117-4B8E-9604-F67522E281BE,Unknown,,W,,Via,,W Via Salerno,2023/09/12 23:03:18+00,9560 W Via Salerno Burbank 91504,C9EA6115-4117-4B8E-9604-F67522E281BE_9560_W_Via_Salerno_Burbank_91504,Via Salerno,9560 W Via Salerno Los Angeles 91504,,,,
209950,385293,,2401048005.0,,7901.0,,,North,Via,,Stefano,,,,,,,,,,,,,,91504.0,,Los Angeles,Burbank,,,,,LA City,{17BFEDAE-D426-4BBB-AA8A-247D6B635375},0,,17BFEDAE-D426-4BBB-AA8A-247D6B635375,Unknown,,N,,Via,,N Via Stefano,2023/09/12 23:03:18+00,7901 N Via Stefano Burbank 91504,17BFEDAE-D426-4BBB-AA8A-247D6B635375_7901_N_Via_Stefano_Burbank_91504,Via Stefano,7901 N Via Stefano Los Angeles 91504,,,,
209951,385294,,2401048005.0,,9563.0,,,West,Via,,Bernard,,,,,,,,,,,,,,91504.0,,Los Angeles,Burbank,,,,,LA City,{784CAC52-7D0E-4D1D-91FC-51BDB751002E},0,,784CAC52-7D0E-4D1D-91FC-51BDB751002E,Unknown,,W,,Via,,W Via Bernard,2023/09/12 23:03:18+00,9563 W Via Bernard Burbank 91504,784CAC52-7D0E-4D1D-91FC-51BDB751002E_9563_W_Via_Bernard_Burbank_91504,Via Bernard,9563 W Via Bernard Los Angeles 91504,,,,
209952,385295,,2401048005.0,,9555.0,,,West,Via,,Ricardo,,,,,,,,,,,,,,91504.0,,Los Angeles,Burbank,,,,,LA City,{AF088905-5387-4A02-A709-583D60C9CD18},0,,AF088905-5387-4A02-A709-583D60C9CD18,Unknown,,W,,Via,,W Via Ricardo,2023/09/12 23:03:18+00,9555 W Via Ricardo Burbank 91504,AF088905-5387-4A02-A709-583D60C9CD18_9555_W_Via_Ricardo_Burbank_91504,Via Ricardo,9555 W Via Ricardo Los Angeles 91504,,,,
209953,385296,,2401048005.0,,7907.0,,,North,Via,,Stefano,,,,,,,,,,,,,,91504.0,,Los Angeles,Burbank,,,,,LA City,{93BAD024-728A-48DE-A947-B923B79F52AB},0,,93BAD024-728A-48DE-A947-B923B79F52AB,Unknown,,N,,Via,,N Via Stefano,2023/09/12 23:03:18+00,7907 N Via Stefano Burbank 91504,93BAD024-728A-48DE-A947-B923B79F52AB_7907_N_Via_Stefano_Burbank_91504,Via Stefano,7907 N Via Stefano Los Angeles 91504,,,,
209954,385297,,2401048005.0,,9570.0,,,West,Via,,Bernard,,,,,,,,,,,,,,91504.0,,Los Angeles,Burbank,,,,,LA City,{DA5A50B5-F916-43B0-8C26-C938BFB1CA14},0,,DA5A50B5-F916-43B0-8C26-C938BFB1CA14,Unknown,,W,,Via,,W Via Bernard,2023/09/12 23:03:18+00,9570 W Via Bernard Burbank 91504,DA5A50B5-F916-43B0-8C26-C938BFB1CA14_9570_W_Via_Bernard_Burbank_91504,Via Bernard,9570 W Via Bernard Los Angeles 91504,,,,
209955,385298,,2401048005.0,,9552.0,,,North,Via,,Stefano,,,,,,,,,,,,,,91504.0,,Los Angeles,Burbank,,,,,LA City,{09CED0A9-9D54-45DE-93C6-87B89A34F408},0,,09CED0A9-9D54-45DE-93C6-87B89A34F408,Unknown,,N,,Via,,N Via Stefano,2023/09/12 23:03:18+00,9552 N Via Stefano Burbank 91504,09CED0A9-9D54-45DE-93C6-87B89A34F408_9552_N_Via_Stefano_Burbank_91504,Via Stefano,9552 N Via Stefano Los Angeles 91504,,,,
209956,385299,,2401048005.0,,9580.0,,,West,Via,,Bernard,,,,,,,,,,,,,,91504.0,,Los Angeles,Burbank,,,,,LA City,{F37B95ED-5399-493E-BDC9-89E42FAD22AB},0,,F37B95ED-5399-493E-BDC9-89E42FAD22AB,Unknown,,W,,Via,,W Via Bernard,2023/09/12 23:03:18+00,9580 W Via Bernard Burbank 91504,F37B95ED-5399-493E-BDC9-89E42FAD22AB_9580_W_Via_Bernard_Burbank_91504,Via Bernard,9580 W Via Bernard Los Angeles 91504,,,,
209957,385300,,2401048005.0,,9588.0,,,West,Via,,Bernard,,,,,,,,,,,,,,91504.0,,Los Angeles,Burbank,,,,,LA City,{1D12964B-B5F0-4A81-B106-C5BD5511B2D3},0,,1D12964B-B5F0-4A81-B106-C5BD5511B2D3,Unknown,,W,,Via,,W Via Bernard,2023/09/12 23:03:18+00,9588 W Via Bernard Burbank 91504,1D12964B-B5F0-4A81-B106-C5BD5511B2D3_9588_W_Via_Bernard_Burbank_91504,Via Bernard,9588 W Via Bernard Los Angeles 91504,,,,
209958,385301,,2401048005.0,,7911.0,,,North,Via,,Stefano,,,,,,,,,,,,,,91504.0,,Los Angeles,Burbank,,,,,LA City,{CFCCA7DB-47B0-4854-AE14-DA0D6047B49F},0,,CFCCA7DB-47B0-4854-AE14-DA0D6047B49F,Unknown,,N,,Via,,N Via Stefano,2023/09/12 23:03:18+00,7911 N Via Stefano Burbank 91504,CFCCA7DB-47B0-4854-AE14-DA0D6047B49F_7911_N_Via_Stefano_Burbank_91504,Via Stefano,7911 N Via Stefano Los Angeles 91504,,,,
209959,385302,,2401048005.0,,9562.0,,,West,Via,,Salerno,,,,,,,,,,,,,,91504.0,,Los Angeles,Burbank,,,,,LA City,{F1B877C7-55EB-46D5-9B07-78512C376713},0,,F1B877C7-55EB-46D5-9B07-78512C376713,Unknown,,W,,Via,,W Via Salerno,2023/09/12 23:03:18+00,9562 W Via Salerno Burbank 91504,F1B877C7-55EB-46D5-9B07-78512C376713_9562_W_Via_Salerno_Burbank_91504,Via Salerno,9562 W Via Salerno Los Angeles 91504,,,,
209960,385303,,2401048005.0,,9541.0,,,West,Via,,Salerno,,,,,,,,,,,,,,91504.0,,Los Angeles,Burbank,,,,,LA City,{E3A0D752-BED2-4E32-A13A-CDC5293FD94E},0,,E3A0D752-BED2-4E32-A13A-CDC5293FD94E,Unknown,,W,,Via,,W Via Salerno,2023/09/12 23:03:18+00,9541 W Via Salerno Burbank 91504,E3A0D752-BED2-4E32-A13A-CDC5293FD94E_9541_W_Via_Salerno_Burbank_91504,Via Salerno,9541 W Via Salerno Los Angeles 91504,,,,
209961,385304,,2401048005.0,,9574.0,,,West,Via,,Bernard,,,,,,,,,,,,,,91504.0,,Los Angeles,Burbank,,,,,LA City,{ADF5DB44-8E26-43EF-B64A-C6EA90A652B4},0,,ADF5DB44-8E26-43EF-B64A-C6EA90A652B4,Unknown,,W,,Via,,W Via Bernard,2023/09/12 23:03:18+00,9574 W Via Bernard Burbank 91504,ADF5DB44-8E26-43EF-B64A-C6EA90A652B4_9574_W_Via_Bernard_Burbank_91504,Via Bernard,9574 W Via Bernard Los Angeles 91504,,,,
209962,385305,,2401048005.0,,9536.0,,,West,Via,,Venezia,,,,,,,,,,,,,,91504.0,,Los Angeles,Burbank,,,,,LA City,{D71CFC8E-F8EA-4C80-B71E-4F71DF01186E},0,,D71CFC8E-F8EA-4C80-B71E-4F71DF01186E,Unknown,,W,,Via,,W Via Venezia,2023/09/12 23:03:18+00,9536 W Via Venezia Burbank 91504,D71CFC8E-F8EA-4C80-B71E-4F71DF01186E_9536_W_Via_Venezia_Burbank_91504,Via Venezia,9536 W Via Venezia Los Angeles 91504,,,,
209963,385306,,2401048005.0,,9543.0,,,West,Via,,Salerno,,,,,,,,,,,,,,91504.0,,Los Angeles,Burbank,,,,,LA City,{AC078977-0E49-4B4D-8652-D20A660B0E23},0,,AC078977-0E49-4B4D-8652-D20A660B0E23,Unknown,,W,,Via,,W Via Salerno,2023/09/12 23:03:18+00,9543 W Via Salerno Burbank 91504,AC078977-0E49-4B4D-8652-D20A660B0E23_9543_W_Via_Salerno_Burbank_91504,Via Salerno,9543 W Via Salerno Los Angeles 91504,,,,
209964,385307,,2401048005.0,,9542.0,,,West,Via,,Venezia,,,,,,,,,,,,,,91504.0,,Los Angeles,Burbank,,,,,LA City,{1EDC25FA-3276-47F9-A65F-A289C18EDBA9},0,,1EDC25FA-3276-47F9-A65F-A289C18EDBA9,Unknown,,W,,Via,,W Via Venezia,2023/09/12 23:03:18+00,9542 W Via Venezia Burbank 91504,1EDC25FA-3276-47F9-A65F-A289C18EDBA9_9542_W_Via_Venezia_Burbank_91504,Via Venezia,9542 W Via Venezia Los Angeles 91504,,,,
209965,385308,,2401048005.0,,9553.0,,,West,Via,,Ricardo,,,,,,,,,,,,,,91504.0,,Los Angeles,Burbank,,,,,LA City,{72C88861-BB68-43DB-AB5D-72FABF77FD00},0,,72C88861-BB68-43DB-AB5D-72FABF77FD00,Unknown,,W,,Via,,W Via Ricardo,2023/09/12 23:03:18+00,9553 W Via Ricardo Burbank 91504,72C88861-BB68-43DB-AB5D-72FABF77FD00_9553_W_Via_Ricardo_Burbank_91504,Via Ricardo,9553 W Via Ricardo Los Angeles 91504,,,,
209966,385309,,2401048005.0,,7908.0,,,North,Via,,Stefano,,,,,,,,,,,,,,91504.0,,Los Angeles,Burbank,,,,,LA City,{70C92541-7E47-4853-A2E9-9A0C29FA9DAD},0,,70C92541-7E47-4853-A2E9-9A0C29FA9DAD,Unknown,,N,,Via,,N Via Stefano,2023/09/12 23:03:18+00,7908 N Via Stefano Burbank 91504,70C92541-7E47-4853-A2E9-9A0C29FA9DAD_7908_N_Via_Stefano_Burbank_91504,Via Stefano,7908 N Via Stefano Los Angeles 91504,,,,
209967,385310,,2401048005.0,,9572.0,,,West,Via,,Bernard,,,,,,,,,,,,,,91504.0,,Los Angeles,Burbank,,,,,LA City,{BCA9CC8C-E495-4322-9F9E-A8623B38DA37},0,,BCA9CC8C-E495-4322-9F9E-A8623B38DA37,Unknown,,W,,Via,,W Via Bernard,2023/09/12 23:03:18+00,9572 W Via Bernard Burbank 91504,BCA9CC8C-E495-4322-9F9E-A8623B38DA37_9572_W_Via_Bernard_Burbank_91504,Via Bernard,9572 W Via Bernard Los Angeles 91504,,,,
209968,385311,,2401048074.0,,9548.0,,,,Via,,Laurel Canyon,Boulevard,,,,,,,,,,,,,91504.0,,Los Angeles,Burbank,,,,,Assessor,{92F1C84C-97D2-40FF-AD3A-8290AC692CDA},0,,92F1C84C-97D2-40FF-AD3A-8290AC692CDA,Unknown,,,,Via,Blvd,Via Laurel Canyon Blvd,2024/05/12 21:05:27+00,9548 Via Laurel Canyon Blvd Burbank 91504,92F1C84C-97D2-40FF-AD3A-8290AC692CDA_9548_Via_Laurel_Canyon_Blvd_Burbank_91504,Via Laurel Canyon,9548 Via Laurel Canyon Boulevard Blvd Los Angeles 91504,,,,
209969,385312,,2401048075.0,,9550.0,,,,Via,,Idaho,Avenue,,,,,,,,,,,,,91504.0,,Los Angeles,Burbank,,,,,Assessor,{B0F3DD65-9E83-4469-9647-8485C98C8D25},0,,B0F3DD65-9E83-4469-9647-8485C98C8D25,Unknown,,,,Via,Ave,Via Idaho Ave,2024/05/12 21:05:27+00,9550 Via Idaho Ave Burbank 91504,B0F3DD65-9E83-4469-9647-8485C98C8D25_9550_Via_Idaho_Ave_Burbank_91504,Via Idaho,9550 Via Idaho Avenue Ave Los Angeles 91504,,,,
209970,385313,,2401048076.0,,9552.0,,,,Via,,Mayfield,Avenue,,,,,,,,,,,,,91504.0,,Los Angeles,Burbank,,,,,Assessor,{8DFBA67E-5D88-4913-B710-799DDBB29E25},0,,8DFBA67E-5D88-4913-B710-799DDBB29E25,Unknown,,,,Via,Ave,Via Mayfield Ave,2024/05/12 21:05:27+00,9552 Via Mayfield Ave Burbank 91504,8DFBA67E-5D88-4913-B710-799DDBB29E25_9552_Via_Mayfield_Ave_Burbank_91504,Via Mayfield,9552 Via Mayfield Avenue Ave Los Angeles 91504,,,,
209971,385314,,2401048077.0,,9554.0,,,,Via,,Knoll,Drive,,,,,,,,,,,,,91504.0,,Los Angeles,Burbank,,,,,Assessor,{F645345C-4669-4EF9-AFD1-D021E85AC1E2},0,,F645345C-4669-4EF9-AFD1-D021E85AC1E2,Unknown,,,,Via,Dr,Via Knoll Dr,2024/05/12 21:05:27+00,9554 Via Knoll Dr Burbank 91504,F645345C-4669-4EF9-AFD1-D021E85AC1E2_9554_Via_Knoll_Dr_Burbank_91504,Via Knoll,9554 Via Knoll Drive Dr Los Angeles 91504,,,,
209972,385315,,2401048086.0,,9545.0,,,,Via,,New Depot,Street,,,,,,,,,,,,,91504.0,,Los Angeles,Burbank,,,,,Assessor,{80205FB4-3749-4F47-A834-4E95F8EF257E},0,,80205FB4-3749-4F47-A834-4E95F8EF257E,Unknown,,,,Via,St,Via New Depot St,2024/05/12 21:05:27+00,9545 Via New Depot St Burbank 91504,80205FB4-3749-4F47-A834-4E95F8EF257E_9545_Via_New_Depot_St_Burbank_91504,Via New Depot,9545 Via New Depot Street St Los Angeles 91504,,,,
209973,385316,,2401048093.0,,9502.0,,,West,Via,,Venezia,,,,,,,,,,,,,,91504.0,,Los Angeles,Burbank,,,,,LA City,{C4A22FB6-A64E-4601-A194-EE5C231E2172},0,,C4A22FB6-A64E-4601-A194-EE5C231E2172,Unknown,,W,,Via,,W Via Venezia,2023/09/12 23:03:18+00,9502 W Via Venezia Burbank 91504,C4A22FB6-A64E-4601-A194-EE5C231E2172_9502_W_Via_Venezia_Burbank_91504,Via Venezia,9502 W Via Venezia Los Angeles 91504,,,,
209974,385317,,2401048093.0,,9514.0,,,West,Via,,Salerno,,,,,,,,,,,,,,91504.0,,Los Angeles,Burbank,,,,,LA City,{7BA4423E-1EB9-419D-93E7-21C001870670},0,,7BA4423E-1EB9-419D-93E7-21C001870670,Unknown,,W,,Via,,W Via Salerno,2023/09/12 23:03:18+00,9514 W Via Salerno Burbank 91504,7BA4423E-1EB9-419D-93E7-21C001870670_9514_W_Via_Salerno_Burbank_91504,Via Salerno,9514 W Via Salerno Los Angeles 91504,,,,
209975,385318,,2401048093.0,,9518.0,,,West,Via,,Salerno,,,,,,,,,,,,,,91504.0,,Los Angeles,Burbank,,,,,LA City,{ACEDA4E4-9BDA-4B49-AAB5-56C80B64CD88},0,,ACEDA4E4-9BDA-4B49-AAB5-56C80B64CD88,Unknown,,W,,Via,,W Via Salerno,2023/09/12 23:03:18+00,9518 W Via Salerno Burbank 91504,ACEDA4E4-9BDA-4B49-AAB5-56C80B64CD88_9518_W_Via_Salerno_Burbank_91504,Via Salerno,9518 W Via Salerno Los Angeles 91504,,,,
209976,385319,,2401048093.0,,9506.0,,,West,Via,,Venezia,,,,,,,,,,,,,,91504.0,,Los Angeles,Burbank,,,,,LA City,{50FE8705-4D8A-4BC8-8B8D-E7A578F49357},0,,50FE8705-4D8A-4BC8-8B8D-E7A578F49357,Unknown,,W,,Via,,W Via Venezia,2023/09/12 23:03:18+00,9506 W Via Venezia Burbank 91504,50FE8705-4D8A-4BC8-8B8D-E7A578F49357_9506_W_Via_Venezia_Burbank_91504,Via Venezia,9506 W Via Venezia Los Angeles 91504,,,,
209977,385320,,2401048093.0,,9527.0,,,West,Via,,Salerno,,,,,,,,,,,,,,91504.0,,Los Angeles,Burbank,,,,,LA City,{EB6298B2-5E50-4924-96A3-69872AADF7F2},0,,EB6298B2-5E50-4924-96A3-69872AADF7F2,Unknown,,W,,Via,,W Via Salerno,2023/09/12 23:03:18+00,9527 W Via Salerno Burbank 91504,EB6298B2-5E50-4924-96A3-69872AADF7F2_9527_W_Via_Salerno_Burbank_91504,Via Salerno,9527 W Via Salerno Los Angeles 91504,,,,
209978,385321,,2401048093.0,,9531.0,,,West,Via,,Salerno,,,,,,,,,,,,,,91504.0,,Los Angeles,Burbank,,,,,LA City,{1C846B6A-97C6-4876-8F17-80C487C03D2C},0,,1C846B6A-97C6-4876-8F17-80C487C03D2C,Unknown,,W,,Via,,W Via Salerno,2023/09/12 23:03:18+00,9531 W Via Salerno Burbank 91504,1C846B6A-97C6-4876-8F17-80C487C03D2C_9531_W_Via_Salerno_Burbank_91504,Via Salerno,9531 W Via Salerno Los Angeles 91504,,,,
209979,385322,,2401048093.0,,9441.0,,,West,Via,,Venezia,,,,,,,,,,,,,,91504.0,,Los Angeles,Burbank,,,,,LA City,{7D964ACF-62C8-4A16-A0DA-E80CD9B1F471},0,,7D964ACF-62C8-4A16-A0DA-E80CD9B1F471,Unknown,,W,,Via,,W Via Venezia,2023/09/12 23:03:18+00,9441 W Via Venezia Burbank 91504,7D964ACF-62C8-4A16-A0DA-E80CD9B1F471_9441_W_Via_Venezia_Burbank_91504,Via Venezia,9441 W Via Venezia Los Angeles 91504,,,,
209980,385323,,2401048093.0,,9524.0,,,West,Via,,Tivoli,,,,,,,,,,,,,,91504.0,,Los Angeles,Burbank,,,,,LA City,{05DCC37D-DC4C-4449-AF18-3E2908872538},0,,05DCC37D-DC4C-4449-AF18-3E2908872538,Unknown,,W,,Via,,W Via Tivoli,2023/09/12 23:03:18+00,9524 W Via Tivoli Burbank 91504,05DCC37D-DC4C-4449-AF18-3E2908872538_9524_W_Via_Tivoli_Burbank_91504,Via Tivoli,9524 W Via Tivoli Los Angeles 91504,,,,
209981,385324,,2401048093.0,,9437.0,,,West,Via,,Venezia,,,,,,,,,,,,,,91504.0,,Los Angeles,Burbank,,,,,LA City,{39077165-C975-401F-8A93-00FA96EC70BE},0,,39077165-C975-401F-8A93-00FA96EC70BE,Unknown,,W,,Via,,W Via Venezia,2023/09/12 23:03:18+00,9437 W Via Venezia Burbank 91504,39077165-C975-401F-8A93-00FA96EC70BE_9437_W_Via_Venezia_Burbank_91504,Via Venezia,9437 W Via Venezia Los Angeles 91504,,,,
209982,385325,,2401048093.0,,9514.0,,,West,Via,,Venezia,,,,,,,,,,,,,,91504.0,,Los Angeles,Burbank,,,,,LA City,{D3A0D05C-B1ED-4911-8512-D5E1F27A1949},0,,D3A0D05C-B1ED-4911-8512-D5E1F27A1949,Unknown,,W,,Via,,W Via Venezia,2023/09/12 23:03:18+00,9514 W Via Venezia Burbank 91504,D3A0D05C-B1ED-4911-8512-D5E1F27A1949_9514_W_Via_Venezia_Burbank_91504,Via Venezia,9514 W Via Venezia Los Angeles 91504,,,,
209983,385326,,2401048093.0,,9438.0,,,West,Via,,Venezia,,,,,,,,,,,,,,91504.0,,Los Angeles,Burbank,,,,,LA City,{893A731A-18D4-48CC-95CB-96F5FDB97E5F},0,,893A731A-18D4-48CC-95CB-96F5FDB97E5F,Unknown,,W,,Via,,W Via Venezia,2023/09/12 23:03:18+00,9438 W Via Venezia Burbank 91504,893A731A-18D4-48CC-95CB-96F5FDB97E5F_9438_W_Via_Venezia_Burbank_91504,Via Venezia,9438 W Via Venezia Los Angeles 91504,,,,
209984,385327,,2401048093.0,,9530.0,,,West,Via,,Tivoli,,,,,,,,,,,,,,91504.0,,Los Angeles,Burbank,,,,,LA City,{80F3D9DF-140A-4BFA-9BF3-3E838F775DEA},0,,80F3D9DF-140A-4BFA-9BF3-3E838F775DEA,Unknown,,W,,Via,,W Via Tivoli,2023/09/12 23:03:18+00,9530 W Via Tivoli Burbank 91504,80F3D9DF-140A-4BFA-9BF3-3E838F775DEA_9530_W_Via_Tivoli_Burbank_91504,Via Tivoli,9530 W Via Tivoli Los Angeles 91504,,,,
209985,385328,,2401048093.0,,9525.0,,,West,Via,,Salerno,,,,,,,,,,,,,,91504.0,,Los Angeles,Burbank,,,,,LA City,{3D43BE25-5B0C-4A07-A705-5027251C688A},0,,3D43BE25-5B0C-4A07-A705-5027251C688A,Unknown,,W,,Via,,W Via Salerno,2023/09/12 23:03:18+00,9525 W Via Salerno Burbank 91504,3D43BE25-5B0C-4A07-A705-5027251C688A_9525_W_Via_Salerno_Burbank_91504,Via Salerno,9525 W Via Salerno Los Angeles 91504,,,,
209986,385329,,2401048093.0,,9520.0,,,West,Via,,Venezia,,,,,,,,,,,,,,91504.0,,Los Angeles,Burbank,,,,,LA City,{160F3C80-6531-4128-9FA9-AF80AD41D269},0,,160F3C80-6531-4128-9FA9-AF80AD41D269,Unknown,,W,,Via,,W Via Venezia,2023/09/12 23:03:18+00,9520 W Via Venezia Burbank 91504,160F3C80-6531-4128-9FA9-AF80AD41D269_9520_W_Via_Venezia_Burbank_91504,Via Venezia,9520 W Via Venezia Los Angeles 91504,,,,
209987,385330,,2401048093.0,,9505.0,,,West,Via,,Salerno,,,,,,,,,,,,,,91504.0,,Los Angeles,Burbank,,,,,LA City,{EDAB12F7-7758-402B-9D66-23D7196ABE6F},0,,EDAB12F7-7758-402B-9D66-23D7196ABE6F,Unknown,,W,,Via,,W Via Salerno,2023/09/12 23:03:18+00,9505 W Via Salerno Burbank 91504,EDAB12F7-7758-402B-9D66-23D7196ABE6F_9505_W_Via_Salerno_Burbank_91504,Via Salerno,9505 W Via Salerno Los Angeles 91504,,,,
209988,385331,,2401048093.0,,9516.0,,,West,Via,,Salerno,,,,,,,,,,,,,,91504.0,,Los Angeles,Burbank,,,,,LA City,{4DBFDFBF-FFCE-4032-A338-C90A62E5E710},0,,4DBFDFBF-FFCE-4032-A338-C90A62E5E710,Unknown,,W,,Via,,W Via Salerno,2023/09/12 23:03:18+00,9516 W Via Salerno Burbank 91504,4DBFDFBF-FFCE-4032-A338-C90A62E5E710_9516_W_Via_Salerno_Burbank_91504,Via Salerno,9516 W Via Salerno Los Angeles 91504,,,,
209989,385332,,2401048093.0,,9440.0,,,West,Via,,Venezia,,,,,,,,,,,,,,91504.0,,Los Angeles,Burbank,,,,,LA City,{6FCBB74C-303D-43A7-AB64-E09B4C504CC8},0,,6FCBB74C-303D-43A7-AB64-E09B4C504CC8,Unknown,,W,,Via,,W Via Venezia,2023/09/12 23:03:18+00,9440 W Via Venezia Burbank 91504,6FCBB74C-303D-43A7-AB64-E09B4C504CC8_9440_W_Via_Venezia_Burbank_91504,Via Venezia,9440 W Via Venezia Los Angeles 91504,,,,
209990,385333,,2401048093.0,,9527.0,,,West,Via,,Venezia,,,,,,,,,,,,,,91504.0,,Los Angeles,Burbank,,,,,LA City,{56DA47E4-8DAC-46D3-A827-F89A660AA7B7},0,,56DA47E4-8DAC-46D3-A827-F89A660AA7B7,Unknown,,W,,Via,,W Via Venezia,2023/09/12 23:03:18+00,9527 W Via Venezia Burbank 91504,56DA47E4-8DAC-46D3-A827-F89A660AA7B7_9527_W_Via_Venezia_Burbank_91504,Via Venezia,9527 W Via Venezia Los Angeles 91504,,,,
209991,385334,,2401048093.0,,9518.0,,,West,Via,,Venezia,,,,,,,,,,,,,,91504.0,,Los Angeles,Burbank,,,,,LA City,{6006A851-96D3-475E-A054-0AB92A212A12},0,,6006A851-96D3-475E-A054-0AB92A212A12,Unknown,,W,,Via,,W Via Venezia,2023/09/12 23:03:18+00,9518 W Via Venezia Burbank 91504,6006A851-96D3-475E-A054-0AB92A212A12_9518_W_Via_Venezia_Burbank_91504,Via Venezia,9518 W Via Venezia Los Angeles 91504,,,,
209992,385335,,2401048093.0,,9515.0,,,West,Via,,Salerno,,,,,,,,,,,,,,91504.0,,Los Angeles,Burbank,,,,,LA City,{86FC2B4B-CC60-466F-A2BF-C96D507330B6},0,,86FC2B4B-CC60-466F-A2BF-C96D507330B6,Unknown,,W,,Via,,W Via Salerno,2023/09/12 23:03:18+00,9515 W Via Salerno Burbank 91504,86FC2B4B-CC60-466F-A2BF-C96D507330B6_9515_W_Via_Salerno_Burbank_91504,Via Salerno,9515 W Via Salerno Los Angeles 91504,,,,
209993,385336,,2401048093.0,,9500.0,,,West,Via,,Salerno,,,,,,,,,,,,,,91504.0,,Los Angeles,Burbank,,,,,LA City,{6A6FDDBD-8FA6-411E-A5AC-B46EC093AE56},0,,6A6FDDBD-8FA6-411E-A5AC-B46EC093AE56,Unknown,,W,,Via,,W Via Salerno,2023/09/12 23:03:18+00,9500 W Via Salerno Burbank 91504,6A6FDDBD-8FA6-411E-A5AC-B46EC093AE56_9500_W_Via_Salerno_Burbank_91504,Via Salerno,9500 W Via Salerno Los Angeles 91504,,,,
209994,385337,,2401048093.0,,9505.0,,,West,Via,,Venezia,,,,,,,,,,,,,,91504.0,,Los Angeles,Burbank,,,,,LA City,{BC98EBE1-977A-44B8-AA8B-920295FD3E5A},0,,BC98EBE1-977A-44B8-AA8B-920295FD3E5A,Unknown,,W,,Via,,W Via Venezia,2023/09/12 23:03:18+00,9505 W Via Venezia Burbank 91504,BC98EBE1-977A-44B8-AA8B-920295FD3E5A_9505_W_Via_Venezia_Burbank_91504,Via Venezia,9505 W Via Venezia Los Angeles 91504,,,,
209995,385338,,2401048093.0,,9533.0,,,West,Via,,Salerno,,,,,,,,,,,,,,91504.0,,Los Angeles,Burbank,,,,,LA City,{C7F290C6-9CF3-4F0B-9F62-9FB92056025F},0,,C7F290C6-9CF3-4F0B-9F62-9FB92056025F,Unknown,,W,,Via,,W Via Salerno,2023/09/12 23:03:18+00,9533 W Via Salerno Burbank 91504,C7F290C6-9CF3-4F0B-9F62-9FB92056025F_9533_W_Via_Salerno_Burbank_91504,Via Salerno,9533 W Via Salerno Los Angeles 91504,,,,
209996,385339,,2401048093.0,,9526.0,,,West,Via,,Salerno,,,,,,,,,,,,,,91504.0,,Los Angeles,Burbank,,,,,LA City,{5C2A3F43-7F32-4D43-A7E6-C9CA2B6D46CF},0,,5C2A3F43-7F32-4D43-A7E6-C9CA2B6D46CF,Unknown,,W,,Via,,W Via Salerno,2023/09/12 23:03:18+00,9526 W Via Salerno Burbank 91504,5C2A3F43-7F32-4D43-A7E6-C9CA2B6D46CF_9526_W_Via_Salerno_Burbank_91504,Via Salerno,9526 W Via Salerno Los Angeles 91504,,,,
209997,385340,,2401048093.0,,9528.0,,,West,Via,,Salerno,,,,,,,,,,,,,,91504.0,,Los Angeles,Burbank,,,,,LA City,{7D4D5E80-902E-49B3-A958-AE1E9146393A},0,,7D4D5E80-902E-49B3-A958-AE1E9146393A,Unknown,,W,,Via,,W Via Salerno,2023/09/12 23:03:18+00,9528 W Via Salerno Burbank 91504,7D4D5E80-902E-49B3-A958-AE1E9146393A_9528_W_Via_Salerno_Burbank_91504,Via Salerno,9528 W Via Salerno Los Angeles 91504,,,,
209998,385341,,2401048093.0,,9443.0,,,West,Via,,Venezia,,,,,,,,,,,,,,91504.0,,Los Angeles,Burbank,,,,,LA City,{8922924D-B7D5-4944-9922-C4BB44F259F9},0,,8922924D-B7D5-4944-9922-C4BB44F259F9,Unknown,,W,,Via,,W Via Venezia,2023/09/12 23:03:18+00,9443 W Via Venezia Burbank 91504,8922924D-B7D5-4944-9922-C4BB44F259F9_9443_W_Via_Venezia_Burbank_91504,Via Venezia,9443 W Via Venezia Los Angeles 91504,,,,
209999,385342,,2401048093.0,,9515.0,,,West,Via,,Venezia,,,,,,,,,,,,,,91504.0,,Los Angeles,Burbank,,,,,LA City,{D7C61E8A-865D-40EB-A033-1B1BB30ABBEB},0,,D7C61E8A-865D-40EB-A033-1B1BB30ABBEB,Unknown,,W,,Via,,W Via Venezia,2023/09/12 23:03:18+00,9515 W Via Venezia Burbank 91504,D7C61E8A-865D-40EB-A033-1B1BB30ABBEB_9515_W_Via_Venezia_Burbank_91504,Via Venezia,9515 W Via Venezia Los Angeles 91504,,,,
210000,385343,,2401048093.0,,9502.0,,,West,Via,,Salerno,,,,,,,,,,,,,,91504.0,,Los Angeles,Burbank,,,,,LA City,{12EE0B22-70A6-4DAC-A05E-EF7699453F99},0,,12EE0B22-70A6-4DAC-A05E-EF7699453F99,Unknown,,W,,Via,,W Via Salerno,2023/09/12 23:03:18+00,9502 W Via Salerno Burbank 91504,12EE0B22-70A6-4DAC-A05E-EF7699453F99_9502_W_Via_Salerno_Burbank_91504,Via Salerno,9502 W Via Salerno Los Angeles 91504,,,,
210001,385344,,2401048093.0,,9532.0,,,West,Via,,Salerno,,,,,,,,,,,,,,91504.0,,Los Angeles,Burbank,,,,,LA City,{15A490A0-0858-4502-809F-5E505330155C},0,,15A490A0-0858-4502-809F-5E505330155C,Unknown,,W,,Via,,W Via Salerno,2023/09/12 23:03:18+00,9532 W Via Salerno Burbank 91504,15A490A0-0858-4502-809F-5E505330155C_9532_W_Via_Salerno_Burbank_91504,Via Salerno,9532 W Via Salerno Los Angeles 91504,,,,
210002,385345,,2401048093.0,,9526.0,,,West,Via,,Tivoli,,,,,,,,,,,,,,91504.0,,Los Angeles,Burbank,,,,,LA City,{19D87EF9-2097-489F-AF54-5B556133927C},0,,19D87EF9-2097-489F-AF54-5B556133927C,Unknown,,W,,Via,,W Via Tivoli,2023/09/12 23:03:18+00,9526 W Via Tivoli Burbank 91504,19D87EF9-2097-489F-AF54-5B556133927C_9526_W_Via_Tivoli_Burbank_91504,Via Tivoli,9526 W Via Tivoli Los Angeles 91504,,,,
210003,385346,,2401048093.0,,9524.0,,,West,Via,,Salerno,,,,,,,,,,,,,,91504.0,,Los Angeles,Burbank,,,,,LA City,{190755D8-4B88-49F7-A584-6CA2F24664E4},0,,190755D8-4B88-49F7-A584-6CA2F24664E4,Unknown,,W,,Via,,W Via Salerno,2023/09/12 23:03:18+00,9524 W Via Salerno Burbank 91504,190755D8-4B88-49F7-A584-6CA2F24664E4_9524_W_Via_Salerno_Burbank_91504,Via Salerno,9524 W Via Salerno Los Angeles 91504,,,,
210004,385347,,2401048093.0,,9535.0,,,West,Via,,Tivoli,,,,,,,,,,,,,,91504.0,,Los Angeles,Burbank,,,,,LA City,{2E281DD0-1F84-4A9D-A82E-4990233DE24D},0,,2E281DD0-1F84-4A9D-A82E-4990233DE24D,Unknown,,W,,Via,,W Via Tivoli,2023/09/12 23:03:18+00,9535 W Via Tivoli Burbank 91504,2E281DD0-1F84-4A9D-A82E-4990233DE24D_9535_W_Via_Tivoli_Burbank_91504,Via Tivoli,9535 W Via Tivoli Los Angeles 91504,,,,
210005,385348,,2401048093.0,,9439.0,,,West,Via,,Venezia,,,,,,,,,,,,,,91504.0,,Los Angeles,Burbank,,,,,LA City,{48119ACD-7B37-4BE3-8B7B-1D8FBF96F52B},0,,48119ACD-7B37-4BE3-8B7B-1D8FBF96F52B,Unknown,,W,,Via,,W Via Venezia,2023/09/12 23:03:18+00,9439 W Via Venezia Burbank 91504,48119ACD-7B37-4BE3-8B7B-1D8FBF96F52B_9439_W_Via_Venezia_Burbank_91504,Via Venezia,9439 W Via Venezia Los Angeles 91504,,,,
210006,385349,,2401048093.0,,9436.0,,,West,Via,,Venezia,,,,,,,,,,,,,,91504.0,,Los Angeles,Burbank,,,,,LA City,{0B9EA082-5B5C-4FB7-B4C2-894E1A726A75},0,,0B9EA082-5B5C-4FB7-B4C2-894E1A726A75,Unknown,,W,,Via,,W Via Venezia,2023/09/12 23:03:18+00,9436 W Via Venezia Burbank 91504,0B9EA082-5B5C-4FB7-B4C2-894E1A726A75_9436_W_Via_Venezia_Burbank_91504,Via Venezia,9436 W Via Venezia Los Angeles 91504,,,,
210007,385350,,2401048093.0,,9442.0,,,West,Via,,Venezia,,,,,,,,,,,,,,91504.0,,Los Angeles,Burbank,,,,,LA City,{B5929B69-C08F-4048-9A97-00D9DDECB364},0,,B5929B69-C08F-4048-9A97-00D9DDECB364,Unknown,,W,,Via,,W Via Venezia,2023/09/12 23:03:18+00,9442 W Via Venezia Burbank 91504,B5929B69-C08F-4048-9A97-00D9DDECB364_9442_W_Via_Venezia_Burbank_91504,Via Venezia,9442 W Via Venezia Los Angeles 91504,,,,
210008,385351,,2401048093.0,,9522.0,,,West,Via,,Tivoli,,,,,,,,,,,,,,91504.0,,Los Angeles,Burbank,,,,,LA City,{22603BDC-81B9-4D07-BCDA-B36BB41F2CFB},0,,22603BDC-81B9-4D07-BCDA-B36BB41F2CFB,Unknown,,W,,Via,,W Via Tivoli,2023/09/12 23:03:18+00,9522 W Via Tivoli Burbank 91504,22603BDC-81B9-4D07-BCDA-B36BB41F2CFB_9522_W_Via_Tivoli_Burbank_91504,Via Tivoli,9522 W Via Tivoli Los Angeles 91504,,,,
210009,385352,,2401048093.0,,9516.0,,,West,Via,,Venezia,,,,,,,,,,,,,,91504.0,,Los Angeles,Burbank,,,,,LA City,{9923516A-2465-4475-B96E-9EE804623E31},0,,9923516A-2465-4475-B96E-9EE804623E31,Unknown,,W,,Via,,W Via Venezia,2023/09/12 23:03:18+00,9516 W Via Venezia Burbank 91504,9923516A-2465-4475-B96E-9EE804623E31_9516_W_Via_Venezia_Burbank_91504,Via Venezia,9516 W Via Venezia Los Angeles 91504,,,,
210010,385353,,2401048093.0,,9504.0,,,West,Via,,Salerno,,,,,,,,,,,,,,91504.0,,Los Angeles,Burbank,,,,,LA City,{7DCC4848-CBDA-4FEE-8D01-326BCC4995C7},0,,7DCC4848-CBDA-4FEE-8D01-326BCC4995C7,Unknown,,W,,Via,,W Via Salerno,2023/09/12 23:03:18+00,9504 W Via Salerno Burbank 91504,7DCC4848-CBDA-4FEE-8D01-326BCC4995C7_9504_W_Via_Salerno_Burbank_91504,Via Salerno,9504 W Via Salerno Los Angeles 91504,,,,
210011,385354,,2401048093.0,,9503.0,,,West,Via,,Venezia,,,,,,,,,,,,,,91504.0,,Los Angeles,Burbank,,,,,LA City,{158961F6-010A-49A9-9135-4BF62818A91D},0,,158961F6-010A-49A9-9135-4BF62818A91D,Unknown,,W,,Via,,W Via Venezia,2023/09/12 23:03:18+00,9503 W Via Venezia Burbank 91504,158961F6-010A-49A9-9135-4BF62818A91D_9503_W_Via_Venezia_Burbank_91504,Via Venezia,9503 W Via Venezia Los Angeles 91504,,,,
210012,385355,,2401048093.0,,9532.0,,,West,Via,,Tivoli,,,,,,,,,,,,,,91504.0,,Los Angeles,Burbank,,,,,LA City,{01164172-7F69-4848-B481-004D4A96003B},0,,01164172-7F69-4848-B481-004D4A96003B,Unknown,,W,,Via,,W Via Tivoli,2023/09/12 23:03:18+00,9532 W Via Tivoli Burbank 91504,01164172-7F69-4848-B481-004D4A96003B_9532_W_Via_Tivoli_Burbank_91504,Via Tivoli,9532 W Via Tivoli Los Angeles 91504,,,,
210013,385356,,2401048093.0,,9536.0,,,West,Via,,Tivoli,,,,,,,,,,,,,,91504.0,,Los Angeles,Burbank,,,,,LA City,{F2FE13EC-E16C-471F-A03E-ECBC3302D504},0,,F2FE13EC-E16C-471F-A03E-ECBC3302D504,Unknown,,W,,Via,,W Via Tivoli,2023/09/12 23:03:18+00,9536 W Via Tivoli Burbank 91504,F2FE13EC-E16C-471F-A03E-ECBC3302D504_9536_W_Via_Tivoli_Burbank_91504,Via Tivoli,9536 W Via Tivoli Los Angeles 91504,,,,
210014,385357,,2401048093.0,,9522.0,,,West,Via,,Salerno,,,,,,,,,,,,,,91504.0,,Los Angeles,Burbank,,,,,LA City,{96589712-6CBB-406F-BD2C-D8E029D43F60},0,,96589712-6CBB-406F-BD2C-D8E029D43F60,Unknown,,W,,Via,,W Via Salerno,2023/09/12 23:03:18+00,9522 W Via Salerno Burbank 91504,96589712-6CBB-406F-BD2C-D8E029D43F60_9522_W_Via_Salerno_Burbank_91504,Via Salerno,9522 W Via Salerno Los Angeles 91504,,,,
210015,385358,,2401048093.0,,9445.0,,,West,Via,,Venezia,,,,,,,,,,,,,,91504.0,,Los Angeles,Burbank,,,,,LA City,{A7B5859D-DF61-493A-A367-D12F5C5C5F54},0,,A7B5859D-DF61-493A-A367-D12F5C5C5F54,Unknown,,W,,Via,,W Via Venezia,2023/09/12 23:03:18+00,9445 W Via Venezia Burbank 91504,A7B5859D-DF61-493A-A367-D12F5C5C5F54_9445_W_Via_Venezia_Burbank_91504,Via Venezia,9445 W Via Venezia Los Angeles 91504,,,,
210016,385359,,2401048093.0,,9517.0,,,West,Via,,Venezia,,,,,,,,,,,,,,91504.0,,Los Angeles,Burbank,,,,,LA City,{90EE8DAE-24BB-4F7A-AB9F-9D19A9C7FEA7},0,,90EE8DAE-24BB-4F7A-AB9F-9D19A9C7FEA7,Unknown,,W,,Via,,W Via Venezia,2023/09/12 23:03:18+00,9517 W Via Venezia Burbank 91504,90EE8DAE-24BB-4F7A-AB9F-9D19A9C7FEA7_9517_W_Via_Venezia_Burbank_91504,Via Venezia,9517 W Via Venezia Los Angeles 91504,,,,
210017,385360,,2401048093.0,,7802.0,,,North,Via,,Tivoli,,,,,,,,,,,,,,91504.0,,Los Angeles,Burbank,,,,,LA City,{33F29FAC-0C3E-41BF-9530-713277FB7B52},0,,33F29FAC-0C3E-41BF-9530-713277FB7B52,Unknown,,N,,Via,,N Via Tivoli,2023/09/12 23:03:18+00,7802 N Via Tivoli Burbank 91504,33F29FAC-0C3E-41BF-9530-713277FB7B52_7802_N_Via_Tivoli_Burbank_91504,Via Tivoli,7802 N Via Tivoli Los Angeles 91504,,,,
210018,385361,,2401048093.0,,7800.0,,,North,Via,,Tivoli,,,,,,,,,,,,,,91504.0,,Los Angeles,Burbank,,,,,LA City,{7A429334-CC89-4D65-B086-6EC957860E9F},0,,7A429334-CC89-4D65-B086-6EC957860E9F,Unknown,,N,,Via,,N Via Tivoli,2023/09/12 23:03:18+00,7800 N Via Tivoli Burbank 91504,7A429334-CC89-4D65-B086-6EC957860E9F_7800_N_Via_Tivoli_Burbank_91504,Via Tivoli,7800 N Via Tivoli Los Angeles 91504,,,,
210019,385362,,2401048093.0,,9530.0,,,West,Via,,Salerno,,,,,,,,,,,,,,91504.0,,Los Angeles,Burbank,,,,,LA City,{93DFD9EF-DFA8-4F65-A4AD-F6C45E63124A},0,,93DFD9EF-DFA8-4F65-A4AD-F6C45E63124A,Unknown,,W,,Via,,W Via Salerno,2023/09/12 23:03:18+00,9530 W Via Salerno Burbank 91504,93DFD9EF-DFA8-4F65-A4AD-F6C45E63124A_9530_W_Via_Salerno_Burbank_91504,Via Salerno,9530 W Via Salerno Los Angeles 91504,,,,
210020,385363,,2401048093.0,,9531.0,,,West,Via,,Tivoli,,,,,,,,,,,,,,91504.0,,Los Angeles,Burbank,,,,,LA City,{9EDCA3E3-4622-49A2-974B-A18E66BA0C29},0,,9EDCA3E3-4622-49A2-974B-A18E66BA0C29,Unknown,,W,,Via,,W Via Tivoli,2023/09/12 23:03:18+00,9531 W Via Tivoli Burbank 91504,9EDCA3E3-4622-49A2-974B-A18E66BA0C29_9531_W_Via_Tivoli_Burbank_91504,Via Tivoli,9531 W Via Tivoli Los Angeles 91504,,,,
210021,385364,,2401048093.0,,9520.0,,,West,Via,,Salerno,,,,,,,,,,,,,,91504.0,,Los Angeles,Burbank,,,,,LA City,{BE752B86-D759-4251-8615-A71175C8FE8D},0,,BE752B86-D759-4251-8615-A71175C8FE8D,Unknown,,W,,Via,,W Via Salerno,2023/09/12 23:03:18+00,9520 W Via Salerno Burbank 91504,BE752B86-D759-4251-8615-A71175C8FE8D_9520_W_Via_Salerno_Burbank_91504,Via Salerno,9520 W Via Salerno Los Angeles 91504,,,,
210022,385365,,2401048093.0,,9512.0,,,West,Via,,Venezia,,,,,,,,,,,,,,91504.0,,Los Angeles,Burbank,,,,,LA City,{304454D7-07A3-4354-A1C4-457F310DA332},0,,304454D7-07A3-4354-A1C4-457F310DA332,Unknown,,W,,Via,,W Via Venezia,2023/09/12 23:03:18+00,9512 W Via Venezia Burbank 91504,304454D7-07A3-4354-A1C4-457F310DA332_9512_W_Via_Venezia_Burbank_91504,Via Venezia,9512 W Via Venezia Los Angeles 91504,,,,
210023,385366,,2401048093.0,,9507.0,,,West,Via,,Venezia,,,,,,,,,,,,,,91504.0,,Los Angeles,Burbank,,,,,LA City,{B679C3DF-AFC1-4AC4-AF03-77167C74D298},0,,B679C3DF-AFC1-4AC4-AF03-77167C74D298,Unknown,,W,,Via,,W Via Venezia,2023/09/12 23:03:18+00,9507 W Via Venezia Burbank 91504,B679C3DF-AFC1-4AC4-AF03-77167C74D298_9507_W_Via_Venezia_Burbank_91504,Via Venezia,9507 W Via Venezia Los Angeles 91504,,,,
210024,385367,,2401048093.0,,9528.0,,,West,Via,,Tivoli,,,,,,,,,,,,,,91504.0,,Los Angeles,Burbank,,,,,LA City,{BEF86272-090C-443E-BDB0-D2EF97D7EF94},0,,BEF86272-090C-443E-BDB0-D2EF97D7EF94,Unknown,,W,,Via,,W Via Tivoli,2023/09/12 23:03:18+00,9528 W Via Tivoli Burbank 91504,BEF86272-090C-443E-BDB0-D2EF97D7EF94_9528_W_Via_Tivoli_Burbank_91504,Via Tivoli,9528 W Via Tivoli Los Angeles 91504,,,,
210025,385368,,2401048093.0,,9533.0,,,West,Via,,Tivoli,,,,,,,,,,,,,,91504.0,,Los Angeles,Burbank,,,,,LA City,{70833FFA-7528-4A82-81B6-1F55168440A4},0,,70833FFA-7528-4A82-81B6-1F55168440A4,Unknown,,W,,Via,,W Via Tivoli,2023/09/12 23:03:18+00,9533 W Via Tivoli Burbank 91504,70833FFA-7528-4A82-81B6-1F55168440A4_9533_W_Via_Tivoli_Burbank_91504,Via Tivoli,9533 W Via Tivoli Los Angeles 91504,,,,
210026,385369,,2401048093.0,,9513.0,,,West,Via,,Salerno,,,,,,,,,,,,,,91504.0,,Los Angeles,Burbank,,,,,LA City,{ABEAE05B-1739-4179-9EAF-BBE3D48E450E},0,,ABEAE05B-1739-4179-9EAF-BBE3D48E450E,Unknown,,W,,Via,,W Via Salerno,2023/09/12 23:03:18+00,9513 W Via Salerno Burbank 91504,ABEAE05B-1739-4179-9EAF-BBE3D48E450E_9513_W_Via_Salerno_Burbank_91504,Via Salerno,9513 W Via Salerno Los Angeles 91504,,,,
210027,385370,,2401048093.0,,7804.0,,,North,Via,,Tivoli,,,,,,,,,,,,,,91504.0,,Los Angeles,Burbank,,,,,LA City,{5451524C-477F-4BBC-ACF9-0B00DC7F3DFE},0,,5451524C-477F-4BBC-ACF9-0B00DC7F3DFE,Unknown,,N,,Via,,N Via Tivoli,2023/09/12 23:03:18+00,7804 N Via Tivoli Burbank 91504,5451524C-477F-4BBC-ACF9-0B00DC7F3DFE_7804_N_Via_Tivoli_Burbank_91504,Via Tivoli,7804 N Via Tivoli Los Angeles 91504,,,,
210028,385371,,2401048093.0,,9534.0,,,West,Via,,Tivoli,,,,,,,,,,,,,,91504.0,,Los Angeles,Burbank,,,,,LA City,{45CA9CB2-3EAE-4309-A90F-650C1685DA19},0,,45CA9CB2-3EAE-4309-A90F-650C1685DA19,Unknown,,W,,Via,,W Via Tivoli,2023/09/12 23:03:18+00,9534 W Via Tivoli Burbank 91504,45CA9CB2-3EAE-4309-A90F-650C1685DA19_9534_W_Via_Tivoli_Burbank_91504,Via Tivoli,9534 W Via Tivoli Los Angeles 91504,,,,
210029,385372,,2401048093.0,,9501.0,,,West,Via,,Venezia,,,,,,,,,,,,,,91504.0,,Los Angeles,Burbank,,,,,LA City,{4278FCFA-FA55-432E-BBEA-794A0BD6024E},0,,4278FCFA-FA55-432E-BBEA-794A0BD6024E,Unknown,,W,,Via,,W Via Venezia,2023/09/12 23:03:18+00,9501 W Via Venezia Burbank 91504,4278FCFA-FA55-432E-BBEA-794A0BD6024E_9501_W_Via_Venezia_Burbank_91504,Via Venezia,9501 W Via Venezia Los Angeles 91504,,,,
210030,385373,,2401048093.0,,9503.0,,,West,Via,,Salerno,,,,,,,,,,,,,,91504.0,,Los Angeles,Burbank,,,,,LA City,{3CFC4D3A-0AB1-4990-8517-4C169259FCE6},0,,3CFC4D3A-0AB1-4990-8517-4C169259FCE6,Unknown,,W,,Via,,W Via Salerno,2023/09/12 23:03:18+00,9503 W Via Salerno Burbank 91504,3CFC4D3A-0AB1-4990-8517-4C169259FCE6_9503_W_Via_Salerno_Burbank_91504,Via Salerno,9503 W Via Salerno Los Angeles 91504,,,,
210031,385374,,2401048093.0,,9520.0,,,West,Via,,Tivoli,,,,,,,,,,,,,,91504.0,,Los Angeles,Burbank,,,,,LA City,{CA79B5C8-23ED-44D6-982C-93CA005DE145},0,,CA79B5C8-23ED-44D6-982C-93CA005DE145,Unknown,,W,,Via,,W Via Tivoli,2023/09/12 23:03:18+00,9520 W Via Tivoli Burbank 91504,CA79B5C8-23ED-44D6-982C-93CA005DE145_9520_W_Via_Tivoli_Burbank_91504,Via Tivoli,9520 W Via Tivoli Los Angeles 91504,,,,
210032,385375,,2401048093.0,,9519.0,,,West,Via,,Venezia,,,,,,,,,,,,,,91504.0,,Los Angeles,Burbank,,,,,LA City,{A6FD991D-520A-471F-83C7-E43860FB10C8},0,,A6FD991D-520A-471F-83C7-E43860FB10C8,Unknown,,W,,Via,,W Via Venezia,2023/09/12 23:03:18+00,9519 W Via Venezia Burbank 91504,A6FD991D-520A-471F-83C7-E43860FB10C8_9519_W_Via_Venezia_Burbank_91504,Via Venezia,9519 W Via Venezia Los Angeles 91504,,,,
210033,385376,,2401048093.0,,9444.0,,,West,Via,,Venezia,,,,,,,,,,,,,,91504.0,,Los Angeles,Burbank,,,,,LA City,{2B46F15F-1B2D-44F8-87CD-E92FD8F5BB63},0,,2B46F15F-1B2D-44F8-87CD-E92FD8F5BB63,Unknown,,W,,Via,,W Via Venezia,2023/09/12 23:03:18+00,9444 W Via Venezia Burbank 91504,2B46F15F-1B2D-44F8-87CD-E92FD8F5BB63_9444_W_Via_Venezia_Burbank_91504,Via Venezia,9444 W Via Venezia Los Angeles 91504,,,,
210034,385377,,2401048093.0,,9501.0,,,West,Via,,Salerno,,,,,,,,,,,,,,91504.0,,Los Angeles,Burbank,,,,,LA City,{C6F9F60C-5023-4CF7-9478-D5C3CDE3336E},0,,C6F9F60C-5023-4CF7-9478-D5C3CDE3336E,Unknown,,W,,Via,,W Via Salerno,2023/09/12 23:03:18+00,9501 W Via Salerno Burbank 91504,C6F9F60C-5023-4CF7-9478-D5C3CDE3336E_9501_W_Via_Salerno_Burbank_91504,Via Salerno,9501 W Via Salerno Los Angeles 91504,,,,
210035,385378,,2401048093.0,,9508.0,,,West,Via,,Venezia,,,,,,,,,,,,,,91504.0,,Los Angeles,Burbank,,,,,LA City,{6EA4871B-BB1F-40CA-A229-696FC3810ADE},0,,6EA4871B-BB1F-40CA-A229-696FC3810ADE,Unknown,,W,,Via,,W Via Venezia,2023/09/12 23:03:18+00,9508 W Via Venezia Burbank 91504,6EA4871B-BB1F-40CA-A229-696FC3810ADE_9508_W_Via_Venezia_Burbank_91504,Via Venezia,9508 W Via Venezia Los Angeles 91504,,,,
210036,385379,,2401048093.0,,9529.0,,,West,Via,,Salerno,,,,,,,,,,,,,,91504.0,,Los Angeles,Burbank,,,,,LA City,{8B525C8A-9CB1-4CB5-A218-DBE3CDBA3641},0,,8B525C8A-9CB1-4CB5-A218-DBE3CDBA3641,Unknown,,W,,Via,,W Via Salerno,2023/09/12 23:03:18+00,9529 W Via Salerno Burbank 91504,8B525C8A-9CB1-4CB5-A218-DBE3CDBA3641_9529_W_Via_Salerno_Burbank_91504,Via Salerno,9529 W Via Salerno Los Angeles 91504,,,,
210037,385380,,2401048093.0,,9511.0,,,West,Via,,Salerno,,,,,,,,,,,,,,91504.0,,Los Angeles,Burbank,,,,,LA City,{61B7A719-4FD2-4FE0-83CD-F33E4DC1CA2F},0,,61B7A719-4FD2-4FE0-83CD-F33E4DC1CA2F,Unknown,,W,,Via,,W Via Salerno,2023/09/12 23:03:18+00,9511 W Via Salerno Burbank 91504,61B7A719-4FD2-4FE0-83CD-F33E4DC1CA2F_9511_W_Via_Salerno_Burbank_91504,Via Salerno,9511 W Via Salerno Los Angeles 91504,,,,
210038,385381,,2401048093.0,,9504.0,,,West,Via,,Venezia,,,,,,,,,,,,,,91504.0,,Los Angeles,Burbank,,,,,LA City,{1B563ABC-1F3A-4FCA-AAD0-B5A4C6E78F4C},0,,1B563ABC-1F3A-4FCA-AAD0-B5A4C6E78F4C,Unknown,,W,,Via,,W Via Venezia,2023/09/12 23:03:18+00,9504 W Via Venezia Burbank 91504,1B563ABC-1F3A-4FCA-AAD0-B5A4C6E78F4C_9504_W_Via_Venezia_Burbank_91504,Via Venezia,9504 W Via Venezia Los Angeles 91504,,,,
210039,385382,,2401048093.0,,9509.0,,,West,Via,,Salerno,,,,,,,,,,,,,,91504.0,,Los Angeles,Burbank,,,,,LA City,{9A203AE6-68B4-45A7-B291-63F5CFF6A205},0,,9A203AE6-68B4-45A7-B291-63F5CFF6A205,Unknown,,W,,Via,,W Via Salerno,2023/09/12 23:03:18+00,9509 W Via Salerno Burbank 91504,9A203AE6-68B4-45A7-B291-63F5CFF6A205_9509_W_Via_Salerno_Burbank_91504,Via Salerno,9509 W Via Salerno Los Angeles 91504,,,,
210040,385383,,2401048093.0,,9512.0,,,West,Via,,Salerno,,,,,,,,,,,,,,91504.0,,Los Angeles,Burbank,,,,,LA City,{AFAA2570-012F-4F4C-A666-889E011823C2},0,,AFAA2570-012F-4F4C-A666-889E011823C2,Unknown,,W,,Via,,W Via Salerno,2023/09/12 23:03:18+00,9512 W Via Salerno Burbank 91504,AFAA2570-012F-4F4C-A666-889E011823C2_9512_W_Via_Salerno_Burbank_91504,Via Salerno,9512 W Via Salerno Los Angeles 91504,,,,
210041,385384,,2401048096.0,,9522.0,,,,Via,,Copper Hill,Drive,,,,,,,,,,,,,91504.0,,Los Angeles,Burbank,,,,,Assessor,{38B1A27F-952C-4E00-AAEA-7B81DAAA9C67},0,,38B1A27F-952C-4E00-AAEA-7B81DAAA9C67,Unknown,,,,Via,Dr,Via Copper Hill Dr,2024/05/12 21:05:27+00,9522 Via Copper Hill Dr Burbank 91504,38B1A27F-952C-4E00-AAEA-7B81DAAA9C67_9522_Via_Copper_Hill_Dr_Burbank_91504,Via Copper Hill,9522 Via Copper Hill Drive Dr Los Angeles 91504,,,,
210042,385385,,2401048097.0,,9524.0,,,,Via,,Century Park,,,,,,,,,,,,,,91504.0,,Los Angeles,Burbank,,,,,Assessor,{EBD6281A-6370-4436-B8A8-B9B10C2459D3},0,,EBD6281A-6370-4436-B8A8-B9B10C2459D3,Unknown,,,,Via,,Via Century Park,2024/05/12 21:05:27+00,9524 Via Century Park Burbank 91504,EBD6281A-6370-4436-B8A8-B9B10C2459D3_9524_Via_Century_Park_Burbank_91504,Via Century Park,9524 Via Century Park Los Angeles 91504,,,,
210043,385386,,2401048098.0,,9526.0,,,,Via,,Copper Hill,Drive,,,,,,,,,,,,,91504.0,,Los Angeles,Burbank,,,,,Assessor,{AD899962-87F8-4AFB-84DE-C037597D45C8},0,,AD899962-87F8-4AFB-84DE-C037597D45C8,Unknown,,,,Via,Dr,Via Copper Hill Dr,2024/05/12 21:05:27+00,9526 Via Copper Hill Dr Burbank 91504,AD899962-87F8-4AFB-84DE-C037597D45C8_9526_Via_Copper_Hill_Dr_Burbank_91504,Via Copper Hill,9526 Via Copper Hill Drive Dr Los Angeles 91504,,,,
210044,385387,,2401048099.0,,9528.0,,,,Via,,Copper Hill,Drive,,,,,,,,,,,,,91504.0,,Los Angeles,Burbank,,,,,Assessor,{41ADB90C-CF87-4549-9732-BF8F8A0F318A},0,,41ADB90C-CF87-4549-9732-BF8F8A0F318A,Unknown,,,,Via,Dr,Via Copper Hill Dr,2024/05/12 21:05:27+00,9528 Via Copper Hill Dr Burbank 91504,41ADB90C-CF87-4549-9732-BF8F8A0F318A_9528_Via_Copper_Hill_Dr_Burbank_91504,Via Copper Hill,9528 Via Copper Hill Drive Dr Los Angeles 91504,,,,
210045,385388,,2401048100.0,,9530.0,,,,Via,,Copper Hill,Drive,,,,,,,,,,,,,91504.0,,Los Angeles,Burbank,,,,,Assessor,{38176EFC-8018-4589-9560-CB8DB59802D0},0,,38176EFC-8018-4589-9560-CB8DB59802D0,Unknown,,,,Via,Dr,Via Copper Hill Dr,2024/05/12 21:05:27+00,9530 Via Copper Hill Dr Burbank 91504,38176EFC-8018-4589-9560-CB8DB59802D0_9530_Via_Copper_Hill_Dr_Burbank_91504,Via Copper Hill,9530 Via Copper Hill Drive Dr Los Angeles 91504,,,,
210046,385389,,2401048101.0,,9532.0,,,,Via,,Dobbs,Street,,,,,,,,,,,,,91504.0,,Los Angeles,Burbank,,,,,Assessor,{FA229226-6E5F-4B7E-9511-D436575D7F85},0,,FA229226-6E5F-4B7E-9511-D436575D7F85,Unknown,,,,Via,St,Via Dobbs St,2024/05/12 21:05:27+00,9532 Via Dobbs St Burbank 91504,FA229226-6E5F-4B7E-9511-D436575D7F85_9532_Via_Dobbs_St_Burbank_91504,Via Dobbs,9532 Via Dobbs Street St Los Angeles 91504,,,,
210047,385390,,2401048102.0,,9534.0,,,,Via,,Copper Hill,Drive,,,,,,,,,,,,,91504.0,,Los Angeles,Burbank,,,,,Assessor,{432CA50E-E173-4F21-A877-29AB42694E8C},0,,432CA50E-E173-4F21-A877-29AB42694E8C,Unknown,,,,Via,Dr,Via Copper Hill Dr,2024/05/12 21:05:27+00,9534 Via Copper Hill Dr Burbank 91504,432CA50E-E173-4F21-A877-29AB42694E8C_9534_Via_Copper_Hill_Dr_Burbank_91504,Via Copper Hill,9534 Via Copper Hill Drive Dr Los Angeles 91504,,,,
210048,385391,,2401048103.0,,9536.0,,,,Via,,Copper Hill,Drive,,,,,,,,,,,,,91504.0,,Los Angeles,Burbank,,,,,Assessor,{4CBC6037-383D-4958-A476-70BFD2B66159},0,,4CBC6037-383D-4958-A476-70BFD2B66159,Unknown,,,,Via,Dr,Via Copper Hill Dr,2024/05/12 21:05:27+00,9536 Via Copper Hill Dr Burbank 91504,4CBC6037-383D-4958-A476-70BFD2B66159_9536_Via_Copper_Hill_Dr_Burbank_91504,Via Copper Hill,9536 Via Copper Hill Drive Dr Los Angeles 91504,,,,
210049,385392,,2401048104.0,,9535.0,,,,Via,,Century Park,,,,,,,,,,,,,,91504.0,,Los Angeles,Burbank,,,,,Assessor,{C5317A7C-1CA1-42EB-AB42-A4736F98F656},0,,C5317A7C-1CA1-42EB-AB42-A4736F98F656,Unknown,,,,Via,,Via Century Park,2024/05/12 21:05:27+00,9535 Via Century Park Burbank 91504,C5317A7C-1CA1-42EB-AB42-A4736F98F656_9535_Via_Century_Park_Burbank_91504,Via Century Park,9535 Via Century Park Los Angeles 91504,,,,
210050,385393,,2401048105.0,,9533.0,,,,Via,,Copper Hill,Drive,,,,,,,,,,,,,91504.0,,Los Angeles,Burbank,,,,,Assessor,{6451F5F1-4058-447D-BC73-EF949AA8F4C6},0,,6451F5F1-4058-447D-BC73-EF949AA8F4C6,Unknown,,,,Via,Dr,Via Copper Hill Dr,2024/05/12 21:05:27+00,9533 Via Copper Hill Dr Burbank 91504,6451F5F1-4058-447D-BC73-EF949AA8F4C6_9533_Via_Copper_Hill_Dr_Burbank_91504,Via Copper Hill,9533 Via Copper Hill Drive Dr Los Angeles 91504,,,,
210051,385394,,2401048106.0,,9531.0,,,,Via,,Town And Country,Road,,,,,,,,,,,,,91504.0,,Los Angeles,Burbank,,,,,Assessor,{8314AA39-DBAF-44B4-9BE6-24FB9AC7034A},0,,8314AA39-DBAF-44B4-9BE6-24FB9AC7034A,Unknown,,,,Via,Rd,Via Town And Country Rd,2024/05/12 21:05:27+00,9531 Via Town And Country Rd Burbank 91504,8314AA39-DBAF-44B4-9BE6-24FB9AC7034A_9531_Via_Town_And_Country_Rd_Burbank_91504,Via Town And Country,9531 Via Town And Country Road Rd Los Angeles 91504,,,,
210052,385395,,2401048107.0,,7804.0,,,,Via,,Copper Hill,Drive,,,,,,,,,,,,,91504.0,,Los Angeles,Burbank,,,,,Assessor,{E04FEC90-4FB2-417C-91D3-7E9929A27439},0,,E04FEC90-4FB2-417C-91D3-7E9929A27439,Unknown,,,,Via,Dr,Via Copper Hill Dr,2024/05/12 21:05:27+00,7804 Via Copper Hill Dr Burbank 91504,E04FEC90-4FB2-417C-91D3-7E9929A27439_7804_Via_Copper_Hill_Dr_Burbank_91504,Via Copper Hill,7804 Via Copper Hill Drive Dr Los Angeles 91504,,,,
210053,385396,,2401048108.0,,7802.0,,,,Via,,Copper Hill,Drive,,,,,,,,,,,,,91504.0,,Los Angeles,Burbank,,,,,Assessor,{C8DB49D0-4D00-45A6-8E77-5D15D8B8F679},0,,C8DB49D0-4D00-45A6-8E77-5D15D8B8F679,Unknown,,,,Via,Dr,Via Copper Hill Dr,2024/05/12 21:05:27+00,7802 Via Copper Hill Dr Burbank 91504,C8DB49D0-4D00-45A6-8E77-5D15D8B8F679_7802_Via_Copper_Hill_Dr_Burbank_91504,Via Copper Hill,7802 Via Copper Hill Drive Dr Los Angeles 91504,,,,
210054,385397,,2401048163.0,,9432.0,,,West,Via,,Salerno,,,,,,,,,,,,,,91504.0,,Los Angeles,Burbank,,,,,LA City,{E5665E79-3DE4-4D55-A1FA-1353A79488E4},0,,E5665E79-3DE4-4D55-A1FA-1353A79488E4,Unknown,,W,,Via,,W Via Salerno,2023/09/12 23:03:18+00,9432 W Via Salerno Burbank 91504,E5665E79-3DE4-4D55-A1FA-1353A79488E4_9432_W_Via_Salerno_Burbank_91504,Via Salerno,9432 W Via Salerno Los Angeles 91504,,,,
210055,385398,,2401048163.0,,9430.0,,,West,Via,,Salerno,,,,,,,,,,,,,,91504.0,,Los Angeles,Burbank,,,,,LA City,{DF50E38F-2756-4229-88B3-0EA1E58EF003},0,,DF50E38F-2756-4229-88B3-0EA1E58EF003,Unknown,,W,,Via,,W Via Salerno,2023/09/12 23:03:18+00,9430 W Via Salerno Burbank 91504,DF50E38F-2756-4229-88B3-0EA1E58EF003_9430_W_Via_Salerno_Burbank_91504,Via Salerno,9430 W Via Salerno Los Angeles 91504,,,,
210056,385399,,2401048163.0,,7802.0,,,North,Via,,Foggia,,,,,,,,,,,,,,91504.0,,Los Angeles,Burbank,,,,,LA City,{598D17C4-76DA-4F1C-8ECF-A524F0B41505},0,,598D17C4-76DA-4F1C-8ECF-A524F0B41505,Unknown,,N,,Via,,N Via Foggia,2023/09/12 23:03:18+00,7802 N Via Foggia Burbank 91504,598D17C4-76DA-4F1C-8ECF-A524F0B41505_7802_N_Via_Foggia_Burbank_91504,Via Foggia,7802 N Via Foggia Los Angeles 91504,,,,
210057,385400,,2401048163.0,,7804.0,,,North,Via,,Foggia,,,,,,,,,,,,,,91504.0,,Los Angeles,Burbank,,,,,LA City,{DDFAED7A-25D9-4B3E-AA96-7CA14AAFCB31},0,,DDFAED7A-25D9-4B3E-AA96-7CA14AAFCB31,Unknown,,N,,Via,,N Via Foggia,2023/09/12 23:03:18+00,7804 N Via Foggia Burbank 91504,DDFAED7A-25D9-4B3E-AA96-7CA14AAFCB31_7804_N_Via_Foggia_Burbank_91504,Via Foggia,7804 N Via Foggia Los Angeles 91504,,,,
210058,385401,,2401048163.0,,9434.0,,,West,Via,,Salerno,,,,,,,,,,,,,,91504.0,,Los Angeles,Burbank,,,,,LA City,{D59337DF-6325-474D-84A4-DE0DFB49930F},0,,D59337DF-6325-474D-84A4-DE0DFB49930F,Unknown,,W,,Via,,W Via Salerno,2023/09/12 23:03:18+00,9434 W Via Salerno Burbank 91504,D59337DF-6325-474D-84A4-DE0DFB49930F_9434_W_Via_Salerno_Burbank_91504,Via Salerno,9434 W Via Salerno Los Angeles 91504,,,,
210059,385402,,2401048163.0,,7810.0,,,North,Via,,Foggia,,,,,,,,,,,,,,91504.0,,Los Angeles,Burbank,,,,,LA City,{E47808BD-0954-419A-94B8-A3949BD00F59},0,,E47808BD-0954-419A-94B8-A3949BD00F59,Unknown,,N,,Via,,N Via Foggia,2023/09/12 23:03:18+00,7810 N Via Foggia Burbank 91504,E47808BD-0954-419A-94B8-A3949BD00F59_7810_N_Via_Foggia_Burbank_91504,Via Foggia,7810 N Via Foggia Los Angeles 91504,,,,
210060,385403,,2401048163.0,,7811.0,,,North,Via,,Foggia,,,,,,,,,,,,,,91504.0,,Los Angeles,Burbank,,,,,LA City,{66DCCD03-7312-4CAB-B594-952137CAF277},0,,66DCCD03-7312-4CAB-B594-952137CAF277,Unknown,,N,,Via,,N Via Foggia,2023/09/12 23:03:18+00,7811 N Via Foggia Burbank 91504,66DCCD03-7312-4CAB-B594-952137CAF277_7811_N_Via_Foggia_Burbank_91504,Via Foggia,7811 N Via Foggia Los Angeles 91504,,,,
210061,385404,,2401048163.0,,7803.0,,,North,Via,,Foggia,,,,,,,,,,,,,,91504.0,,Los Angeles,Burbank,,,,,LA City,{C848892D-913E-4F85-8660-31408AD2BCE7},0,,C848892D-913E-4F85-8660-31408AD2BCE7,Unknown,,N,,Via,,N Via Foggia,2023/09/12 23:03:18+00,7803 N Via Foggia Burbank 91504,C848892D-913E-4F85-8660-31408AD2BCE7_7803_N_Via_Foggia_Burbank_91504,Via Foggia,7803 N Via Foggia Los Angeles 91504,,,,
210062,385405,,2401048163.0,,9427.0,,,West,Via,,Venezia,,,,,,,,,,,,,,91504.0,,Los Angeles,Burbank,,,,,LA City,{39C14A64-1E52-4A6B-A793-20E296EA31FF},0,,39C14A64-1E52-4A6B-A793-20E296EA31FF,Unknown,,W,,Via,,W Via Venezia,2023/09/12 23:03:18+00,9427 W Via Venezia Burbank 91504,39C14A64-1E52-4A6B-A793-20E296EA31FF_9427_W_Via_Venezia_Burbank_91504,Via Venezia,9427 W Via Venezia Los Angeles 91504,,,,
210063,385406,,2401048163.0,,7801.0,,,North,Via,,Foggia,,,,,,,,,,,,,,91504.0,,Los Angeles,Burbank,,,,,LA City,{E2BC7B41-511E-4665-B363-49720F53D1ED},0,,E2BC7B41-511E-4665-B363-49720F53D1ED,Unknown,,N,,Via,,N Via Foggia,2023/09/12 23:03:18+00,7801 N Via Foggia Burbank 91504,E2BC7B41-511E-4665-B363-49720F53D1ED_7801_N_Via_Foggia_Burbank_91504,Via Foggia,7801 N Via Foggia Los Angeles 91504,,,,
210064,385407,,2401048163.0,,9426.0,,,West,Via,,Venezia,,,,,,,,,,,,,,91504.0,,Los Angeles,Burbank,,,,,LA City,{ECF4EC9E-79DD-4E0F-B084-7DE8B3416332},0,,ECF4EC9E-79DD-4E0F-B084-7DE8B3416332,Unknown,,W,,Via,,W Via Venezia,2023/09/12 23:03:18+00,9426 W Via Venezia Burbank 91504,ECF4EC9E-79DD-4E0F-B084-7DE8B3416332_9426_W_Via_Venezia_Burbank_91504,Via Venezia,9426 W Via Venezia Los Angeles 91504,,,,
210065,385408,,2401048163.0,,7816.0,,,North,Via,,Foggia,,,,,,,,,,,,,,91504.0,,Los Angeles,Burbank,,,,,LA City,{884A0E38-1028-439D-B8C5-662BF7FFC286},0,,884A0E38-1028-439D-B8C5-662BF7FFC286,Unknown,,N,,Via,,N Via Foggia,2023/09/12 23:03:18+00,7816 N Via Foggia Burbank 91504,884A0E38-1028-439D-B8C5-662BF7FFC286_7816_N_Via_Foggia_Burbank_91504,Via Foggia,7816 N Via Foggia Los Angeles 91504,,,,
210066,385409,,2401048163.0,,9428.0,,,West,Via,,Salerno,,,,,,,,,,,,,,91504.0,,Los Angeles,Burbank,,,,,LA City,{030C26E6-369F-46D3-8187-BE9D826B3891},0,,030C26E6-369F-46D3-8187-BE9D826B3891,Unknown,,W,,Via,,W Via Salerno,2023/09/12 23:03:18+00,9428 W Via Salerno Burbank 91504,030C26E6-369F-46D3-8187-BE9D826B3891_9428_W_Via_Salerno_Burbank_91504,Via Salerno,9428 W Via Salerno Los Angeles 91504,,,,
210067,385410,,2401048163.0,,9440.0,,,West,Via,,Salerno,,,,,,,,,,,,,,91504.0,,Los Angeles,Burbank,,,,,LA City,{EEDCD884-8AF2-4B54-A3AE-160AF6E1E9BF},0,,EEDCD884-8AF2-4B54-A3AE-160AF6E1E9BF,Unknown,,W,,Via,,W Via Salerno,2023/09/12 23:03:18+00,9440 W Via Salerno Burbank 91504,EEDCD884-8AF2-4B54-A3AE-160AF6E1E9BF_9440_W_Via_Salerno_Burbank_91504,Via Salerno,9440 W Via Salerno Los Angeles 91504,,,,
210068,385411,,2401048163.0,,7809.0,,,North,Via,,Foggia,,,,,,,,,,,,,,91504.0,,Los Angeles,Burbank,,,,,LA City,{5C8D708C-FAF6-4AEC-AB6C-29102F68E7B9},0,,5C8D708C-FAF6-4AEC-AB6C-29102F68E7B9,Unknown,,N,,Via,,N Via Foggia,2023/09/12 23:03:18+00,7809 N Via Foggia Burbank 91504,5C8D708C-FAF6-4AEC-AB6C-29102F68E7B9_7809_N_Via_Foggia_Burbank_91504,Via Foggia,7809 N Via Foggia Los Angeles 91504,,,,
210069,385412,,2401048163.0,,7820.0,,,North,Via,,Foggia,,,,,,,,,,,,,,91504.0,,Los Angeles,Burbank,,,,,LA City,{992D77A1-703B-41DA-A4C9-A0FE897D6FF8},0,,992D77A1-703B-41DA-A4C9-A0FE897D6FF8,Unknown,,N,,Via,,N Via Foggia,2023/09/12 23:03:18+00,7820 N Via Foggia Burbank 91504,992D77A1-703B-41DA-A4C9-A0FE897D6FF8_7820_N_Via_Foggia_Burbank_91504,Via Foggia,7820 N Via Foggia Los Angeles 91504,,,,
210070,385413,,2401048163.0,,7818.0,,,North,Via,,Foggia,,,,,,,,,,,,,,91504.0,,Los Angeles,Burbank,,,,,LA City,{6F7C0873-EB11-4990-8DC1-2421FEB4D1AF},0,,6F7C0873-EB11-4990-8DC1-2421FEB4D1AF,Unknown,,N,,Via,,N Via Foggia,2023/09/12 23:03:18+00,7818 N Via Foggia Burbank 91504,6F7C0873-EB11-4990-8DC1-2421FEB4D1AF_7818_N_Via_Foggia_Burbank_91504,Via Foggia,7818 N Via Foggia Los Angeles 91504,,,,
210071,385414,,2401048163.0,,9429.0,,,West,Via,,Venezia,,,,,,,,,,,,,,91504.0,,Los Angeles,Burbank,,,,,LA City,{32A61088-F8AB-4851-BBA0-A6B8E63A8F0F},0,,32A61088-F8AB-4851-BBA0-A6B8E63A8F0F,Unknown,,W,,Via,,W Via Venezia,2023/09/12 23:03:18+00,9429 W Via Venezia Burbank 91504,32A61088-F8AB-4851-BBA0-A6B8E63A8F0F_9429_W_Via_Venezia_Burbank_91504,Via Venezia,9429 W Via Venezia Los Angeles 91504,,,,
210072,385415,,2401048163.0,,7807.0,,,North,Via,,Foggia,,,,,,,,,,,,,,91504.0,,Los Angeles,Burbank,,,,,LA City,{83F33CB5-E595-4007-8AE4-C182C5CAFD08},0,,83F33CB5-E595-4007-8AE4-C182C5CAFD08,Unknown,,N,,Via,,N Via Foggia,2023/09/12 23:03:18+00,7807 N Via Foggia Burbank 91504,83F33CB5-E595-4007-8AE4-C182C5CAFD08_7807_N_Via_Foggia_Burbank_91504,Via Foggia,7807 N Via Foggia Los Angeles 91504,,,,
210073,385416,,2401048163.0,,9424.0,,,West,Via,,Venezia,,,,,,,,,,,,,,91504.0,,Los Angeles,Burbank,,,,,LA City,{B80C9A9A-082F-4E68-830A-5EC11714408A},0,,B80C9A9A-082F-4E68-830A-5EC11714408A,Unknown,,W,,Via,,W Via Venezia,2023/09/12 23:03:18+00,9424 W Via Venezia Burbank 91504,B80C9A9A-082F-4E68-830A-5EC11714408A_9424_W_Via_Venezia_Burbank_91504,Via Venezia,9424 W Via Venezia Los Angeles 91504,,,,
210074,385417,,2401048163.0,,7800.0,,,North,Via,,Foggia,,,,,,,,,,,,,,91504.0,,Los Angeles,Burbank,,,,,LA City,{807DC29D-2A93-45F3-9EE8-A1321103B0D5},0,,807DC29D-2A93-45F3-9EE8-A1321103B0D5,Unknown,,N,,Via,,N Via Foggia,2023/09/12 23:03:18+00,7800 N Via Foggia Burbank 91504,807DC29D-2A93-45F3-9EE8-A1321103B0D5_7800_N_Via_Foggia_Burbank_91504,Via Foggia,7800 N Via Foggia Los Angeles 91504,,,,
210075,385418,,2401048163.0,,7812.0,,,North,Via,,Foggia,,,,,,,,,,,,,,91504.0,,Los Angeles,Burbank,,,,,LA City,{3A04FACE-656B-4CBE-A562-9BB4B80F9C98},0,,3A04FACE-656B-4CBE-A562-9BB4B80F9C98,Unknown,,N,,Via,,N Via Foggia,2023/09/12 23:03:18+00,7812 N Via Foggia Burbank 91504,3A04FACE-656B-4CBE-A562-9BB4B80F9C98_7812_N_Via_Foggia_Burbank_91504,Via Foggia,7812 N Via Foggia Los Angeles 91504,,,,
210076,385419,,2401048163.0,,9425.0,,,West,Via,,Venezia,,,,,,,,,,,,,,91504.0,,Los Angeles,Burbank,,,,,LA City,{F94B0CB8-7E0A-4A06-967B-BAC2B1C71AE3},0,,F94B0CB8-7E0A-4A06-967B-BAC2B1C71AE3,Unknown,,W,,Via,,W Via Venezia,2023/09/12 23:03:18+00,9425 W Via Venezia Burbank 91504,F94B0CB8-7E0A-4A06-967B-BAC2B1C71AE3_9425_W_Via_Venezia_Burbank_91504,Via Venezia,9425 W Via Venezia Los Angeles 91504,,,,
210077,385420,,2401048163.0,,7805.0,,,North,Via,,Foggia,,,,,,,,,,,,,,91504.0,,Los Angeles,Burbank,,,,,LA City,{D272008B-7C06-4735-B607-A8C6AD270646},0,,D272008B-7C06-4735-B607-A8C6AD270646,Unknown,,N,,Via,,N Via Foggia,2023/09/12 23:03:18+00,7805 N Via Foggia Burbank 91504,D272008B-7C06-4735-B607-A8C6AD270646_7805_N_Via_Foggia_Burbank_91504,Via Foggia,7805 N Via Foggia Los Angeles 91504,,,,
210078,385421,,2401048163.0,,9423.0,,,West,Via,,Venezia,,,,,,,,,,,,,,91504.0,,Los Angeles,Burbank,,,,,LA City,{45CE8534-B7EC-425D-86C5-0B969EAC4122},0,,45CE8534-B7EC-425D-86C5-0B969EAC4122,Unknown,,W,,Via,,W Via Venezia,2023/09/12 23:03:18+00,9423 W Via Venezia Burbank 91504,45CE8534-B7EC-425D-86C5-0B969EAC4122_9423_W_Via_Venezia_Burbank_91504,Via Venezia,9423 W Via Venezia Los Angeles 91504,,,,
210079,385422,,2401048163.0,,9438.0,,,West,Via,,Salerno,,,,,,,,,,,,,,91504.0,,Los Angeles,Burbank,,,,,LA City,{0CA1FB52-6234-4FC2-B54F-1B09798D4D99},0,,0CA1FB52-6234-4FC2-B54F-1B09798D4D99,Unknown,,W,,Via,,W Via Salerno,2023/09/12 23:03:18+00,9438 W Via Salerno Burbank 91504,0CA1FB52-6234-4FC2-B54F-1B09798D4D99_9438_W_Via_Salerno_Burbank_91504,Via Salerno,9438 W Via Salerno Los Angeles 91504,,,,
210080,385423,,2401048163.0,,7814.0,,,North,Via,,Foggia,,,,,,,,,,,,,,91504.0,,Los Angeles,Burbank,,,,,LA City,{891F6690-3736-4F88-B629-DA4B160BC621},0,,891F6690-3736-4F88-B629-DA4B160BC621,Unknown,,N,,Via,,N Via Foggia,2023/09/12 23:03:18+00,7814 N Via Foggia Burbank 91504,891F6690-3736-4F88-B629-DA4B160BC621_7814_N_Via_Foggia_Burbank_91504,Via Foggia,7814 N Via Foggia Los Angeles 91504,,,,
210081,385424,,2401048163.0,,9436.0,,,West,Via,,Salerno,,,,,,,,,,,,,,91504.0,,Los Angeles,Burbank,,,,,LA City,{6E67078B-33BE-48FE-9FDB-45BAE3ACE477},0,,6E67078B-33BE-48FE-9FDB-45BAE3ACE477,Unknown,,W,,Via,,W Via Salerno,2023/09/12 23:03:18+00,9436 W Via Salerno Burbank 91504,6E67078B-33BE-48FE-9FDB-45BAE3ACE477_9436_W_Via_Salerno_Burbank_91504,Via Salerno,9436 W Via Salerno Los Angeles 91504,,,,
210082,385425,,2401048163.0,,7808.0,,,North,Via,,Foggia,,,,,,,,,,,,,,91504.0,,Los Angeles,Burbank,,,,,LA City,{1927D62D-50AD-4C3C-84C9-F3DAD34B975A},0,,1927D62D-50AD-4C3C-84C9-F3DAD34B975A,Unknown,,N,,Via,,N Via Foggia,2023/09/12 23:03:18+00,7808 N Via Foggia Burbank 91504,1927D62D-50AD-4C3C-84C9-F3DAD34B975A_7808_N_Via_Foggia_Burbank_91504,Via Foggia,7808 N Via Foggia Los Angeles 91504,,,,
210083,385426,,2401048163.0,,7806.0,,,North,Via,,Foggia,,,,,,,,,,,,,,91504.0,,Los Angeles,Burbank,,,,,LA City,{B761702C-FD92-463D-A786-ABC43A60A298},0,,B761702C-FD92-463D-A786-ABC43A60A298,Unknown,,N,,Via,,N Via Foggia,2023/09/12 23:03:18+00,7806 N Via Foggia Burbank 91504,B761702C-FD92-463D-A786-ABC43A60A298_7806_N_Via_Foggia_Burbank_91504,Via Foggia,7806 N Via Foggia Los Angeles 91504,,,,
210084,385427,,2401048163.0,,9428.0,,,West,Via,,Venezia,,,,,,,,,,,,,,91504.0,,Los Angeles,Burbank,,,,,LA City,{AE4F0BC9-508D-41C0-94A1-1B3246244283},0,,AE4F0BC9-508D-41C0-94A1-1B3246244283,Unknown,,W,,Via,,W Via Venezia,2023/09/12 23:03:18+00,9428 W Via Venezia Burbank 91504,AE4F0BC9-508D-41C0-94A1-1B3246244283_9428_W_Via_Venezia_Burbank_91504,Via Venezia,9428 W Via Venezia Los Angeles 91504,,,,
210342,385685,,2403011029.0,,8040.0,,,North,,,Glenoaks,Boulevard,,,,,,,,,,,,,91504.0,,Los Angeles,Burbank,,,,,LA City,{7C1F8F82-0C76-4815-8D78-239BA79685E8},0,,7C1F8F82-0C76-4815-8D78-239BA79685E8,Unknown,,N,,,Blvd,N Glenoaks Blvd,2023/09/12 23:03:18+00,8040 N Glenoaks Blvd Burbank 91504,7C1F8F82-0C76-4815-8D78-239BA79685E8_8040_N_Glenoaks_Blvd_Burbank_91504,Glenoaks,8040 N Glenoaks Boulevard Blvd Los Angeles 91504,,,,
210419,385762,,2403014017.0,,9951.0,,,West,,,Glencrest,Circle,,,,,,,,,,,,,91504.0,,Los Angeles,Burbank,,,,,LA City,{BA5C6379-9EC5-44FC-A284-F311FF1F091E},0,,BA5C6379-9EC5-44FC-A284-F311FF1F091E,Unknown,,W,,,Cir,W Glencrest Cir,2023/09/12 23:03:18+00,9951 W Glencrest Cir Burbank 91504,BA5C6379-9EC5-44FC-A284-F311FF1F091E_9951_W_Glencrest_Cir_Burbank_91504,Glencrest,9951 W Glencrest Circle Cir Los Angeles 91504,,,,
210420,385763,,2403014018.0,,9957.0,,,West,,,Glencrest,Circle,,,,,,,,,,,,,91504.0,,Los Angeles,Burbank,,,,,LA City,{BC27E54D-A2D2-447A-BFEE-DDA69DFFED05},0,,BC27E54D-A2D2-447A-BFEE-DDA69DFFED05,Unknown,,W,,,Cir,W Glencrest Cir,2023/09/12 23:03:18+00,9957 W Glencrest Cir Burbank 91504,BC27E54D-A2D2-447A-BFEE-DDA69DFFED05_9957_W_Glencrest_Cir_Burbank_91504,Glencrest,9957 W Glencrest Circle Cir Los Angeles 91504,,,,
210421,385764,,2403014018.0,,9955.0,,,West,,,Glencrest,Circle,,,,,,,,,,,,,91504.0,,Los Angeles,Burbank,,,,,LA City,{A8832EEB-3818-4153-A8D0-4A989F871178},0,,A8832EEB-3818-4153-A8D0-4A989F871178,Unknown,,W,,,Cir,W Glencrest Cir,2023/09/12 23:03:18+00,9955 W Glencrest Cir Burbank 91504,A8832EEB-3818-4153-A8D0-4A989F871178_9955_W_Glencrest_Cir_Burbank_91504,Glencrest,9955 W Glencrest Circle Cir Los Angeles 91504,,,,
210422,385765,,2403014019.0,,9967.0,,,West,,,Glencrest,Circle,,,,,,,,,,,,,91504.0,,Los Angeles,Burbank,,,,,LA City,{A509C462-0D3C-406C-ACF7-EF252A4E44AB},0,,A509C462-0D3C-406C-ACF7-EF252A4E44AB,Unknown,,W,,,Cir,W Glencrest Cir,2023/09/12 23:03:18+00,9967 W Glencrest Cir Burbank 91504,A509C462-0D3C-406C-ACF7-EF252A4E44AB_9967_W_Glencrest_Cir_Burbank_91504,Glencrest,9967 W Glencrest Circle Cir Los Angeles 91504,,,,
210423,385766,,2403014019.0,,9965.0,1/2,,West,,,Glencrest,Circle,,,,,,,,,,,,,91504.0,,Los Angeles,Burbank,,,,,LA City,{6A658FE5-FCFD-49C5-B9BB-F3A2A8C38F2B},0,,6A658FE5-FCFD-49C5-B9BB-F3A2A8C38F2B,Unknown,,W,,,Cir,W Glencrest Cir,2024/05/12 21:05:27+00,9965 1/2 W Glencrest Cir Burbank 91504,6A658FE5-FCFD-49C5-B9BB-F3A2A8C38F2B_9965_1/2_W_Glencrest_Cir_Burbank_91504,Glencrest,9965 1/2 W Glencrest Circle Cir Los Angeles 91504,,,,
210424,385767,,2403014019.0,,9965.0,,,West,,,Glencrest,Circle,,,,,,,,,,,,,91504.0,,Los Angeles,Burbank,,,,,LA City,{9B04659E-A813-42C6-9EE6-E37BAEB8C35E},0,,9B04659E-A813-42C6-9EE6-E37BAEB8C35E,Unknown,,W,,,Cir,W Glencrest Cir,2024/05/12 21:05:27+00,9965 W Glencrest Cir Burbank 91504,9B04659E-A813-42C6-9EE6-E37BAEB8C35E_9965_W_Glencrest_Cir_Burbank_91504,Glencrest,9965 W Glencrest Circle Cir Los Angeles 91504,,,,
210428,385771,,2403014023.0,,9947.0,,,West,,,Glencrest,Circle,,,,,,,,,,,,,91504.0,,Los Angeles,Burbank,,,,,LA City,{FF86DBF7-0A70-4E83-A2B4-F70158436A5A},0,,FF86DBF7-0A70-4E83-A2B4-F70158436A5A,Unknown,,W,,,Cir,W Glencrest Cir,2023/09/12 23:03:18+00,9947 W Glencrest Cir Burbank 91504,FF86DBF7-0A70-4E83-A2B4-F70158436A5A_9947_W_Glencrest_Cir_Burbank_91504,Glencrest,9947 W Glencrest Circle Cir Los Angeles 91504,,,,
210429,385772,,2403015001.0,,7850.0,,,North,,,Shadyspring,Drive,,,,,,,,,,,,,91504.0,,Los Angeles,Burbank,,,,,LA City,{E8C641DD-4569-4322-BBFF-726BC38F90C9},0,,E8C641DD-4569-4322-BBFF-726BC38F90C9,Unknown,,N,,,Dr,N Shadyspring Dr,2023/09/12 23:03:18+00,7850 N Shadyspring Dr Burbank 91504,E8C641DD-4569-4322-BBFF-726BC38F90C9_7850_N_Shadyspring_Dr_Burbank_91504,Shadyspring,7850 N Shadyspring Drive Dr Los Angeles 91504,,,,
210430,385773,,2403015002.0,,7856.0,,,North,,,Shadyspring,Drive,,,,,,,,,,,,,91504.0,,Los Angeles,Burbank,,,,,LA City,{66A66C89-A997-47AB-850C-CDC31C1DAC88},0,,66A66C89-A997-47AB-850C-CDC31C1DAC88,Unknown,,N,,,Dr,N Shadyspring Dr,2023/09/12 23:03:18+00,7856 N Shadyspring Dr Burbank 91504,66A66C89-A997-47AB-850C-CDC31C1DAC88_7856_N_Shadyspring_Dr_Burbank_91504,Shadyspring,7856 N Shadyspring Drive Dr Los Angeles 91504,,,,
210431,385774,,2403015003.0,,7860.0,,,North,,,Shadyspring,Drive,,,,,,,,,,,,,91504.0,,Los Angeles,Burbank,,,,,LA City,{B4A4685A-1B30-4EB1-86AC-1A28BF9DCD1A},0,,B4A4685A-1B30-4EB1-86AC-1A28BF9DCD1A,Unknown,,N,,,Dr,N Shadyspring Dr,2023/09/12 23:03:18+00,7860 N Shadyspring Dr Burbank 91504,B4A4685A-1B30-4EB1-86AC-1A28BF9DCD1A_7860_N_Shadyspring_Dr_Burbank_91504,Shadyspring,7860 N Shadyspring Drive Dr Los Angeles 91504,,,,
210432,385775,,2403015007.0,,7890.0,,,North,,,Shadyspring,Drive,,,,,,,,,,,,,91504.0,,Los Angeles,Burbank,,,,,LA City,{2902ED1F-36FC-4EBC-8548-6F937563991B},0,,2902ED1F-36FC-4EBC-8548-6F937563991B,Unknown,,N,,,Dr,N Shadyspring Dr,2023/09/12 23:03:18+00,7890 N Shadyspring Dr Burbank 91504,2902ED1F-36FC-4EBC-8548-6F937563991B_7890_N_Shadyspring_Dr_Burbank_91504,Shadyspring,7890 N Shadyspring Drive Dr Los Angeles 91504,,,,
210433,385776,,2403015008.0,,7898.0,,,North,,,Shadyspring,Drive,,,,,,,,,,,,,91504.0,,Los Angeles,Burbank,,,,,LA City,{EB8766EE-9470-4C14-9168-4AC8E4012DC6},0,,EB8766EE-9470-4C14-9168-4AC8E4012DC6,Unknown,,N,,,Dr,N Shadyspring Dr,2023/09/12 23:03:18+00,7898 N Shadyspring Dr Burbank 91504,EB8766EE-9470-4C14-9168-4AC8E4012DC6_7898_N_Shadyspring_Dr_Burbank_91504,Shadyspring,7898 N Shadyspring Drive Dr Los Angeles 91504,,,,
210434,385777,,2403015009.0,,7800.0,,,North,,,Glenoaks,Boulevard,,,,,,,,,,,,,91504.0,,Los Angeles,Burbank,,,,,LA City,{97CCD919-AF93-43BD-ACDE-FB702D5DA87F},0,,97CCD919-AF93-43BD-ACDE-FB702D5DA87F,Unknown,,N,,,Blvd,N Glenoaks Blvd,2023/09/12 23:03:18+00,7800 N Glenoaks Blvd Burbank 91504,97CCD919-AF93-43BD-ACDE-FB702D5DA87F_7800_N_Glenoaks_Blvd_Burbank_91504,Glenoaks,7800 N Glenoaks Boulevard Blvd Los Angeles 91504,,,,
210435,385778,,2403015010.0,,7806.0,,,North,,,Glenoaks,Boulevard,,,,,,,,,,,,,91504.0,,Los Angeles,Burbank,,,,,LA City,{3CC5DFF6-5C57-4AC1-A793-E508CBF0A18C},0,,3CC5DFF6-5C57-4AC1-A793-E508CBF0A18C,Unknown,,N,,,Blvd,N Glenoaks Blvd,2023/09/12 23:03:18+00,7806 N Glenoaks Blvd Burbank 91504,3CC5DFF6-5C57-4AC1-A793-E508CBF0A18C_7806_N_Glenoaks_Blvd_Burbank_91504,Glenoaks,7806 N Glenoaks Boulevard Blvd Los Angeles 91504,,,,
210436,385779,,2403015011.0,,7812.0,,,North,,,Glenoaks,Boulevard,,,,,,,,,,,,,91504.0,,Los Angeles,Burbank,,,,,LA City,{2FB6FAAF-9969-446F-B826-7CE9564E90AF},0,,2FB6FAAF-9969-446F-B826-7CE9564E90AF,Unknown,,N,,,Blvd,N Glenoaks Blvd,2023/09/12 23:03:18+00,7812 N Glenoaks Blvd Burbank 91504,2FB6FAAF-9969-446F-B826-7CE9564E90AF_7812_N_Glenoaks_Blvd_Burbank_91504,Glenoaks,7812 N Glenoaks Boulevard Blvd Los Angeles 91504,,,,
210437,385780,,2403015012.0,,9966.0,,,West,,,Glencrest,Circle,,,,,,,,,,,,,91504.0,,Los Angeles,Burbank,,,,,LA City,{793199CD-8BE9-4D3B-B9D9-DA03E68BC0ED},0,,793199CD-8BE9-4D3B-B9D9-DA03E68BC0ED,Unknown,,W,,,Cir,W Glencrest Cir,2023/09/12 23:03:18+00,9966 W Glencrest Cir Burbank 91504,793199CD-8BE9-4D3B-B9D9-DA03E68BC0ED_9966_W_Glencrest_Cir_Burbank_91504,Glencrest,9966 W Glencrest Circle Cir Los Angeles 91504,,,,
210438,385781,,2403015013.0,,9960.0,,,West,,,Glencrest,Circle,,,,,,,,,,,,,91504.0,,Los Angeles,Burbank,,,,,LA City,{1172E568-577C-4C18-AB37-FAC02E0C0770},0,,1172E568-577C-4C18-AB37-FAC02E0C0770,Unknown,,W,,,Cir,W Glencrest Cir,2023/09/12 23:03:18+00,9960 W Glencrest Cir Burbank 91504,1172E568-577C-4C18-AB37-FAC02E0C0770_9960_W_Glencrest_Cir_Burbank_91504,Glencrest,9960 W Glencrest Circle Cir Los Angeles 91504,,,,
210439,385782,,2403015014.0,,9954.0,,,West,,,Glencrest,Circle,,,,,,,,,,,,,91504.0,,Los Angeles,Burbank,,,,,LA City,{E8F06F50-2511-4496-B772-347CF7B3664E},0,,E8F06F50-2511-4496-B772-347CF7B3664E,Unknown,,W,,,Cir,W Glencrest Cir,2023/09/12 23:03:18+00,9954 W Glencrest Cir Burbank 91504,E8F06F50-2511-4496-B772-347CF7B3664E_9954_W_Glencrest_Cir_Burbank_91504,Glencrest,9954 W Glencrest Circle Cir Los Angeles 91504,,,,
210440,385783,,2403015015.0,,9948.0,,,West,,,Glencrest,Circle,,,,,,,,,,,,,91504.0,,Los Angeles,Burbank,,,,,LA City,{5B26F1C8-7547-4814-83FE-90B8D31A5EE0},0,,5B26F1C8-7547-4814-83FE-90B8D31A5EE0,Unknown,,W,,,Cir,W Glencrest Cir,2023/09/12 23:03:18+00,9948 W Glencrest Cir Burbank 91504,5B26F1C8-7547-4814-83FE-90B8D31A5EE0_9948_W_Glencrest_Cir_Burbank_91504,Glencrest,9948 W Glencrest Circle Cir Los Angeles 91504,,,,
210441,385784,,2403015016.0,,9944.0,,,West,,,Glencrest,Circle,,,,,,,,,,,,,91504.0,,Los Angeles,Burbank,,,,,LA City,{6FC874CB-D253-4BCA-BE59-2C20F9A385C9},0,,6FC874CB-D253-4BCA-BE59-2C20F9A385C9,Unknown,,W,,,Cir,W Glencrest Cir,2023/09/12 23:03:18+00,9944 W Glencrest Cir Burbank 91504,6FC874CB-D253-4BCA-BE59-2C20F9A385C9_9944_W_Glencrest_Cir_Burbank_91504,Glencrest,9944 W Glencrest Circle Cir Los Angeles 91504,,,,
210442,385785,,2403015017.0,,9940.0,,,West,,,Glencrest,Circle,,,,,,,,,,,,,91504.0,,Los Angeles,Burbank,,,,,LA City,{AF469AA7-AC52-421E-9C2A-07FFD4CDB067},0,,AF469AA7-AC52-421E-9C2A-07FFD4CDB067,Unknown,,W,,,Cir,W Glencrest Cir,2023/09/12 23:03:18+00,9940 W Glencrest Cir Burbank 91504,AF469AA7-AC52-421E-9C2A-07FFD4CDB067_9940_W_Glencrest_Cir_Burbank_91504,Glencrest,9940 W Glencrest Circle Cir Los Angeles 91504,,,,
210443,385786,,2403015018.0,,9941.0,,,West,,,Glencrest,Circle,,,,,,,,,,,,,91504.0,,Los Angeles,Burbank,,,,,LA City,{D03E073C-985D-4B41-96AB-CDEAF7E36BBE},0,,D03E073C-985D-4B41-96AB-CDEAF7E36BBE,Unknown,,W,,,Cir,W Glencrest Cir,2023/09/12 23:03:18+00,9941 W Glencrest Cir Burbank 91504,D03E073C-985D-4B41-96AB-CDEAF7E36BBE_9941_W_Glencrest_Cir_Burbank_91504,Glencrest,9941 W Glencrest Circle Cir Los Angeles 91504,,,,
210444,385787,,2403015018.0,,9943.0,,,West,,,Glencrest,Circle,,,,,,,,,,,,,91504.0,,Los Angeles,Burbank,,,,,LA City,{8E34BD37-1B59-48D9-B5C8-0822CC448F34},0,,8E34BD37-1B59-48D9-B5C8-0822CC448F34,Unknown,,W,,,Cir,W Glencrest Cir,2023/09/12 23:03:18+00,9943 W Glencrest Cir Burbank 91504,8E34BD37-1B59-48D9-B5C8-0822CC448F34_9943_W_Glencrest_Cir_Burbank_91504,Glencrest,9943 W Glencrest Circle Cir Los Angeles 91504,,,,
210445,385788,,2403015020.0,,7884.0,,,North,,,Shadyspring,Drive,,,,,,,,,,,,,91504.0,,Los Angeles,Burbank,,,,,LA City,{6C73A7FB-8A95-487D-AB15-764B7083A483},0,,6C73A7FB-8A95-487D-AB15-764B7083A483,Unknown,,N,,,Dr,N Shadyspring Dr,2023/09/12 23:03:18+00,7884 N Shadyspring Dr Burbank 91504,6C73A7FB-8A95-487D-AB15-764B7083A483_7884_N_Shadyspring_Dr_Burbank_91504,Shadyspring,7884 N Shadyspring Drive Dr Los Angeles 91504,,,,
210446,385789,,2403015021.0,,7868.0,,,North,,,Shadyspring,Drive,,,,,,,,,,,,,91504.0,,Los Angeles,Burbank,,,,,LA City,{28986529-E2DB-4306-9535-D41505AE0822},0,,28986529-E2DB-4306-9535-D41505AE0822,Unknown,,N,,,Dr,N Shadyspring Dr,2023/09/12 23:03:18+00,7868 N Shadyspring Dr Burbank 91504,28986529-E2DB-4306-9535-D41505AE0822_7868_N_Shadyspring_Dr_Burbank_91504,Shadyspring,7868 N Shadyspring Drive Dr Los Angeles 91504,,,,
210447,385790,,2403015022.0,,7878.0,,,North,,,Shadyspring,Drive,,,,,,,,,,,,,91504.0,,Los Angeles,Burbank,,,,,LA City,{C26277CC-73B3-46C9-B257-B932AECB8F60},0,,C26277CC-73B3-46C9-B257-B932AECB8F60,Unknown,,N,,,Dr,N Shadyspring Dr,2023/09/12 23:03:18+00,7878 N Shadyspring Dr Burbank 91504,C26277CC-73B3-46C9-B257-B932AECB8F60_7878_N_Shadyspring_Dr_Burbank_91504,Shadyspring,7878 N Shadyspring Drive Dr Los Angeles 91504,,,,
210448,385791,,2403015023.0,,7818.0,,,North,,,Glenoaks,Boulevard,,,,,,,,,,,,,91504.0,,Los Angeles,Burbank,,,,,LA City,{9C2FA982-9F12-40BB-866D-4DB6AB894026},0,,9C2FA982-9F12-40BB-866D-4DB6AB894026,Unknown,,N,,,Blvd,N Glenoaks Blvd,2023/09/12 23:03:18+00,7818 N Glenoaks Blvd Burbank 91504,9C2FA982-9F12-40BB-866D-4DB6AB894026_7818_N_Glenoaks_Blvd_Burbank_91504,Glenoaks,7818 N Glenoaks Boulevard Blvd Los Angeles 91504,,,,
210449,385792,,2403016001.0,,7825.0,,,North,,,Shadycove,Avenue,,,,,,,,,,,,,91504.0,,Los Angeles,Burbank,,,,,LA City,{A13B3575-E22A-4325-A154-98F636D10BDD},0,,A13B3575-E22A-4325-A154-98F636D10BDD,Unknown,,N,,,Ave,N Shadycove Ave,2023/09/12 23:03:18+00,7825 N Shadycove Ave Burbank 91504,A13B3575-E22A-4325-A154-98F636D10BDD_7825_N_Shadycove_Ave_Burbank_91504,Shadycove,7825 N Shadycove Avenue Ave Los Angeles 91504,,,,
210450,385793,,2403016002.0,,7823.0,,,North,,,Shadycove,Avenue,,,,,,,,,,,,,91504.0,,Los Angeles,Burbank,,,,,LA City,{C72230AC-B7C6-46E5-8F9B-AE0C3DF083DB},0,,C72230AC-B7C6-46E5-8F9B-AE0C3DF083DB,Unknown,,N,,,Ave,N Shadycove Ave,2023/09/12 23:03:18+00,7823 N Shadycove Ave Burbank 91504,C72230AC-B7C6-46E5-8F9B-AE0C3DF083DB_7823_N_Shadycove_Ave_Burbank_91504,Shadycove,7823 N Shadycove Avenue Ave Los Angeles 91504,,,,
210451,385794,,2403016003.0,,7817.0,,,North,,,Shadycove,Avenue,,,,,,,,,,,,,91504.0,,Los Angeles,Burbank,,,,,LA City,{B757DE1A-5A32-4A4E-9317-54E708F12734},0,,B757DE1A-5A32-4A4E-9317-54E708F12734,Unknown,,N,,,Ave,N Shadycove Ave,2023/09/12 23:03:18+00,7817 N Shadycove Ave Burbank 91504,B757DE1A-5A32-4A4E-9317-54E708F12734_7817_N_Shadycove_Ave_Burbank_91504,Shadycove,7817 N Shadycove Avenue Ave Los Angeles 91504,,,,
210452,385795,,2403016004.0,,7811.0,,,North,,,Shadycove,Avenue,,,,,,,,,,,,,91504.0,,Los Angeles,Burbank,,,,,LA City,{DFEC5352-ED66-49E6-99F1-5A6981462053},0,,DFEC5352-ED66-49E6-99F1-5A6981462053,Unknown,,N,,,Ave,N Shadycove Ave,2023/09/12 23:03:18+00,7811 N Shadycove Ave Burbank 91504,DFEC5352-ED66-49E6-99F1-5A6981462053_7811_N_Shadycove_Ave_Burbank_91504,Shadycove,7811 N Shadycove Avenue Ave Los Angeles 91504,,,,
210453,385796,,2403016005.0,,9801.0,,,West,,,Glenhill,Drive,,,,,,,,,,,,,91504.0,,Los Angeles,Burbank,,,,,LA City,{389603FE-4024-4B00-9428-FAA2998207FC},0,,389603FE-4024-4B00-9428-FAA2998207FC,Unknown,,W,,,Dr,W Glenhill Dr,2023/09/12 23:03:18+00,9801 W Glenhill Dr Burbank 91504,389603FE-4024-4B00-9428-FAA2998207FC_9801_W_Glenhill_Dr_Burbank_91504,Glenhill,9801 W Glenhill Drive Dr Los Angeles 91504,,,,
210454,385797,,2403016006.0,,9807.0,,,West,,,Glenhill,Drive,,,,,,,,,,,,,91504.0,,Los Angeles,Burbank,,,,,LA City,{58524A55-CFB6-483F-8686-164E51B4B7D3},0,,58524A55-CFB6-483F-8686-164E51B4B7D3,Unknown,,W,,,Dr,W Glenhill Dr,2023/09/12 23:03:18+00,9807 W Glenhill Dr Burbank 91504,58524A55-CFB6-483F-8686-164E51B4B7D3_9807_W_Glenhill_Dr_Burbank_91504,Glenhill,9807 W Glenhill Drive Dr Los Angeles 91504,,,,
210455,385798,,2403016007.0,,9813.0,,,West,,,Glenhill,Drive,,,,,,,,,,,,,91504.0,,Los Angeles,Burbank,,,,,LA City,{93A4742D-7BAA-4A37-8E73-F1FAD69A2124},0,,93A4742D-7BAA-4A37-8E73-F1FAD69A2124,Unknown,,W,,,Dr,W Glenhill Dr,2023/09/12 23:03:18+00,9813 W Glenhill Dr Burbank 91504,93A4742D-7BAA-4A37-8E73-F1FAD69A2124_9813_W_Glenhill_Dr_Burbank_91504,Glenhill,9813 W Glenhill Drive Dr Los Angeles 91504,,,,
210456,385799,,2403016008.0,,9819.0,,,West,,,Glenhill,Drive,,,,,,,,,,,,,91504.0,,Los Angeles,Burbank,,,,,LA City,{E22FB35D-C51A-49AF-8870-F236EEDCE855},0,,E22FB35D-C51A-49AF-8870-F236EEDCE855,Unknown,,W,,,Dr,W Glenhill Dr,2023/09/12 23:03:18+00,9819 W Glenhill Dr Burbank 91504,E22FB35D-C51A-49AF-8870-F236EEDCE855_9819_W_Glenhill_Dr_Burbank_91504,Glenhill,9819 W Glenhill Drive Dr Los Angeles 91504,,,,
210457,385800,,2403016009.0,,7802.0,,,North,,,Shadyspring,Drive,,,,,,,,,,,,,91504.0,,Los Angeles,Burbank,,,,,LA City,{EA1CC589-994E-40F4-85A6-B7171DEFC474},0,,EA1CC589-994E-40F4-85A6-B7171DEFC474,Unknown,,N,,,Dr,N Shadyspring Dr,2023/09/12 23:03:18+00,7802 N Shadyspring Dr Burbank 91504,EA1CC589-994E-40F4-85A6-B7171DEFC474_7802_N_Shadyspring_Dr_Burbank_91504,Shadyspring,7802 N Shadyspring Drive Dr Los Angeles 91504,,,,
210458,385801,,2403016010.0,,7810.0,,,North,,,Shadyspring,Drive,,,,,,,,,,,,,91504.0,,Los Angeles,Burbank,,,,,LA City,{B54F6D45-2329-425C-9B09-4F0D2147A5F6},0,,B54F6D45-2329-425C-9B09-4F0D2147A5F6,Unknown,,N,,,Dr,N Shadyspring Dr,2023/09/12 23:03:18+00,7810 N Shadyspring Dr Burbank 91504,B54F6D45-2329-425C-9B09-4F0D2147A5F6_7810_N_Shadyspring_Dr_Burbank_91504,Shadyspring,7810 N Shadyspring Drive Dr Los Angeles 91504,,,,
210459,385802,,2403016012.0,,7824.0,,,North,,,Shadyspring,Drive,,,,,,,,,,,,,91504.0,,Los Angeles,Burbank,,,,,LA City,{19C0DCDD-4814-4176-A597-E0C7D00CC384},0,,19C0DCDD-4814-4176-A597-E0C7D00CC384,Unknown,,N,,,Dr,N Shadyspring Dr,2023/09/12 23:03:18+00,7824 N Shadyspring Dr Burbank 91504,19C0DCDD-4814-4176-A597-E0C7D00CC384_7824_N_Shadyspring_Dr_Burbank_91504,Shadyspring,7824 N Shadyspring Drive Dr Los Angeles 91504,,,,
210460,385803,,2403016013.0,,7832.0,,,North,,,Shadyspring,Drive,,,,,,,,,,,,,91504.0,,Los Angeles,Burbank,,,,,LA City,{0D5E268D-E917-4555-8946-65B2FD03A0D4},0,,0D5E268D-E917-4555-8946-65B2FD03A0D4,Unknown,,N,,,Dr,N Shadyspring Dr,2023/09/12 23:03:18+00,7832 N Shadyspring Dr Burbank 91504,0D5E268D-E917-4555-8946-65B2FD03A0D4_7832_N_Shadyspring_Dr_Burbank_91504,Shadyspring,7832 N Shadyspring Drive Dr Los Angeles 91504,,,,
210461,385804,,2403016014.0,,7838.0,,,North,,,Shadyspring,Drive,,,,,,,,,,,,,91504.0,,Los Angeles,Burbank,,,,,LA City,{02DD5EB9-D1A0-4D0D-BA6C-DC50157F6B09},0,,02DD5EB9-D1A0-4D0D-BA6C-DC50157F6B09,Unknown,,N,,,Dr,N Shadyspring Dr,2023/09/12 23:03:18+00,7838 N Shadyspring Dr Burbank 91504,02DD5EB9-D1A0-4D0D-BA6C-DC50157F6B09_7838_N_Shadyspring_Dr_Burbank_91504,Shadyspring,7838 N Shadyspring Drive Dr Los Angeles 91504,,,,
210462,385805,,2403016014.0,,7840.0,,,North,,,Shadyspring,Drive,,,,,,,,,,,,,91504.0,,Los Angeles,Burbank,,,,,LA City,{98C665EE-7EBD-451D-8936-01F91A800B4A},0,,98C665EE-7EBD-451D-8936-01F91A800B4A,Unknown,,N,,,Dr,N Shadyspring Dr,2023/09/12 23:03:18+00,7840 N Shadyspring Dr Burbank 91504,98C665EE-7EBD-451D-8936-01F91A800B4A_7840_N_Shadyspring_Dr_Burbank_91504,Shadyspring,7840 N Shadyspring Drive Dr Los Angeles 91504,,,,
210463,385806,,2403016015.0,,7846.0,,,North,,,Shadyspring,Drive,,,,,,,,,,,,,91504.0,,Los Angeles,Burbank,,,,,LA City,{B327AF51-ED45-4CE8-BDD1-B5326728D7C3},0,,B327AF51-ED45-4CE8-BDD1-B5326728D7C3,Unknown,,N,,,Dr,N Shadyspring Dr,2023/09/12 23:03:18+00,7846 N Shadyspring Dr Burbank 91504,B327AF51-ED45-4CE8-BDD1-B5326728D7C3_7846_N_Shadyspring_Dr_Burbank_91504,Shadyspring,7846 N Shadyspring Drive Dr Los Angeles 91504,,,,
210464,385807,,2403017001.0,,7758.0,,,North,,,Glenoaks,Boulevard,,,,,,,,,,,,,91504.0,,Los Angeles,Burbank,,,,,LA City,{90937DCE-2425-4393-90E4-F45226395A02},0,,90937DCE-2425-4393-90E4-F45226395A02,Unknown,,N,,,Blvd,N Glenoaks Blvd,2023/09/12 23:03:18+00,7758 N Glenoaks Blvd Burbank 91504,90937DCE-2425-4393-90E4-F45226395A02_7758_N_Glenoaks_Blvd_Burbank_91504,Glenoaks,7758 N Glenoaks Boulevard Blvd Los Angeles 91504,,,,
210465,385808,,2403017002.0,,7766.0,,,North,,,Glenoaks,Boulevard,,,,,,,,,,,,,91504.0,,Los Angeles,Burbank,,,,,LA City,{BEB20C64-86AB-4EAC-9349-09B05AFE32FE},0,,BEB20C64-86AB-4EAC-9349-09B05AFE32FE,Unknown,,N,,,Blvd,N Glenoaks Blvd,2023/09/12 23:03:18+00,7766 N Glenoaks Blvd Burbank 91504,BEB20C64-86AB-4EAC-9349-09B05AFE32FE_7766_N_Glenoaks_Blvd_Burbank_91504,Glenoaks,7766 N Glenoaks Boulevard Blvd Los Angeles 91504,,,,
210466,385809,,2403017003.0,,7772.0,,,North,,,Glenoaks,Boulevard,,,,,,,,,,,,,91504.0,,Los Angeles,Burbank,,,,,LA City,{7994994C-A7E8-4921-A514-160BD948FAC4},0,,7994994C-A7E8-4921-A514-160BD948FAC4,Unknown,,N,,,Blvd,N Glenoaks Blvd,2023/09/12 23:03:18+00,7772 N Glenoaks Blvd Burbank 91504,7994994C-A7E8-4921-A514-160BD948FAC4_7772_N_Glenoaks_Blvd_Burbank_91504,Glenoaks,7772 N Glenoaks Boulevard Blvd Los Angeles 91504,,,,
210467,385810,,2403017004.0,,7780.0,,,North,,,Glenoaks,Boulevard,,,,,,,,,,,,,91504.0,,Los Angeles,Burbank,,,,,LA City,{CD7625F0-B788-4F35-A87F-CE96EBAE929E},0,,CD7625F0-B788-4F35-A87F-CE96EBAE929E,Unknown,,N,,,Blvd,N Glenoaks Blvd,2023/09/12 23:03:18+00,7780 N Glenoaks Blvd Burbank 91504,CD7625F0-B788-4F35-A87F-CE96EBAE929E_7780_N_Glenoaks_Blvd_Burbank_91504,Glenoaks,7780 N Glenoaks Boulevard Blvd Los Angeles 91504,,,,
210468,385811,,2403017005.0,,7893.0,,,North,,,Shadyspring,Drive,,,,,,,,,,,,,91504.0,,Los Angeles,Burbank,,,,,LA City,{BED89AD9-97A9-45D3-B071-425272B42197},0,,BED89AD9-97A9-45D3-B071-425272B42197,Unknown,,N,,,Dr,N Shadyspring Dr,2023/09/12 23:03:18+00,7893 N Shadyspring Dr Burbank 91504,BED89AD9-97A9-45D3-B071-425272B42197_7893_N_Shadyspring_Dr_Burbank_91504,Shadyspring,7893 N Shadyspring Drive Dr Los Angeles 91504,,,,
210469,385812,,2403017006.0,,7887.0,,,North,,,Shadyspring,Drive,,,,,,,,,,,,,91504.0,,Los Angeles,Burbank,,,,,LA City,{25A06315-7471-4FD9-8813-5966628A8E5E},0,,25A06315-7471-4FD9-8813-5966628A8E5E,Unknown,,N,,,Dr,N Shadyspring Dr,2023/09/12 23:03:18+00,7887 N Shadyspring Dr Burbank 91504,25A06315-7471-4FD9-8813-5966628A8E5E_7887_N_Shadyspring_Dr_Burbank_91504,Shadyspring,7887 N Shadyspring Drive Dr Los Angeles 91504,,,,
210470,385813,,2403017007.0,,7881.0,,,North,,,Shadyspring,Drive,,,,,,,,,,,,,91504.0,,Los Angeles,Burbank,,,,,LA City,{893461B7-DA27-4F2E-88CF-2785A198CCF6},0,,893461B7-DA27-4F2E-88CF-2785A198CCF6,Unknown,,N,,,Dr,N Shadyspring Dr,2023/09/12 23:03:18+00,7881 N Shadyspring Dr Burbank 91504,893461B7-DA27-4F2E-88CF-2785A198CCF6_7881_N_Shadyspring_Dr_Burbank_91504,Shadyspring,7881 N Shadyspring Drive Dr Los Angeles 91504,,,,
210471,385814,,2403017007.0,,7791.0,,,North,,,Shadyspring,Place,,,,,,,,,,,,,91504.0,,Los Angeles,Burbank,,,,,LA City,{8DF12896-2545-4797-8A26-435D9E5899E5},0,,8DF12896-2545-4797-8A26-435D9E5899E5,Unknown,,N,,,Pl,N Shadyspring Pl,2023/09/12 23:03:18+00,7791 N Shadyspring Pl Burbank 91504,8DF12896-2545-4797-8A26-435D9E5899E5_7791_N_Shadyspring_Pl_Burbank_91504,Shadyspring,7791 N Shadyspring Place Pl Los Angeles 91504,,,,
210472,385815,,2403017008.0,,7777.0,,,North,,,Shadyspring,Place,,,,,,,,,,,,,91504.0,,Los Angeles,Burbank,,,,,LA City,{66E46FE4-7E8E-41C0-88C1-344DA1BCA019},0,,66E46FE4-7E8E-41C0-88C1-344DA1BCA019,Unknown,,N,,,Pl,N Shadyspring Pl,2023/09/12 23:03:18+00,7777 N Shadyspring Pl Burbank 91504,66E46FE4-7E8E-41C0-88C1-344DA1BCA019_7777_N_Shadyspring_Pl_Burbank_91504,Shadyspring,7777 N Shadyspring Place Pl Los Angeles 91504,,,,
210473,385816,,2403017009.0,,7771.0,,,North,,,Shadyspring,Place,,,,,,,,,,,,,91504.0,,Los Angeles,Burbank,,,,,LA City,{3AC6D049-7045-4BCD-94F7-E274604551DD},0,,3AC6D049-7045-4BCD-94F7-E274604551DD,Unknown,,N,,,Pl,N Shadyspring Pl,2023/09/12 23:03:18+00,7771 N Shadyspring Pl Burbank 91504,3AC6D049-7045-4BCD-94F7-E274604551DD_7771_N_Shadyspring_Pl_Burbank_91504,Shadyspring,7771 N Shadyspring Place Pl Los Angeles 91504,,,,
210474,385817,,2403017010.0,,7765.0,,,North,,,Shadyspring,Place,,,,,,,,,,,,,91504.0,,Los Angeles,Burbank,,,,,LA City,{4FCE4735-5565-40F6-AFFE-6FB617EE93CB},0,,4FCE4735-5565-40F6-AFFE-6FB617EE93CB,Unknown,,N,,,Pl,N Shadyspring Pl,2023/09/12 23:03:18+00,7765 N Shadyspring Pl Burbank 91504,4FCE4735-5565-40F6-AFFE-6FB617EE93CB_7765_N_Shadyspring_Pl_Burbank_91504,Shadyspring,7765 N Shadyspring Place Pl Los Angeles 91504,,,,
210475,385818,,2403017011.0,,7759.0,,,North,,,Shadyspring,Place,,,,,,,,,,,,,91504.0,,Los Angeles,Burbank,,,,,LA City,{C8220F88-C510-4200-A4F4-873F0E919CB6},0,,C8220F88-C510-4200-A4F4-873F0E919CB6,Unknown,,N,,,Pl,N Shadyspring Pl,2023/09/12 23:03:18+00,7759 N Shadyspring Pl Burbank 91504,C8220F88-C510-4200-A4F4-873F0E919CB6_7759_N_Shadyspring_Pl_Burbank_91504,Shadyspring,7759 N Shadyspring Place Pl Los Angeles 91504,,,,
210476,385819,,2403017012.0,,7745.0,,,North,,,Shadyspring,Place,,,,,,,,,,,,,91504.0,,Los Angeles,Burbank,,,,,LA City,{2F15DDA2-6156-40BC-86E5-4655BFC46B47},0,,2F15DDA2-6156-40BC-86E5-4655BFC46B47,Unknown,,N,,,Pl,N Shadyspring Pl,2023/09/12 23:03:18+00,7745 N Shadyspring Pl Burbank 91504,2F15DDA2-6156-40BC-86E5-4655BFC46B47_7745_N_Shadyspring_Pl_Burbank_91504,Shadyspring,7745 N Shadyspring Place Pl Los Angeles 91504,,,,
210477,385820,,2403017013.0,,7744.0,,,North,,,Shadyspring,Place,,,,,,,,,,,,,91504.0,,Los Angeles,Burbank,,,,,LA City,{8E3B7591-84C7-4C89-BA80-C21D84DA96DB},0,,8E3B7591-84C7-4C89-BA80-C21D84DA96DB,Unknown,,N,,,Pl,N Shadyspring Pl,2023/09/12 23:03:18+00,7744 N Shadyspring Pl Burbank 91504,8E3B7591-84C7-4C89-BA80-C21D84DA96DB_7744_N_Shadyspring_Pl_Burbank_91504,Shadyspring,7744 N Shadyspring Place Pl Los Angeles 91504,,,,
210478,385821,,2403017013.0,,7734.0,,,North,,,Glenoaks,Boulevard,,,,,,,,,,,,,91504.0,,Los Angeles,Burbank,,,,,LA City,{95CFDDE1-4D25-4154-AE94-920174E99CDE},0,,95CFDDE1-4D25-4154-AE94-920174E99CDE,Unknown,,N,,,Blvd,N Glenoaks Blvd,2023/09/12 23:03:18+00,7734 N Glenoaks Blvd Burbank 91504,95CFDDE1-4D25-4154-AE94-920174E99CDE_7734_N_Glenoaks_Blvd_Burbank_91504,Glenoaks,7734 N Glenoaks Boulevard Blvd Los Angeles 91504,,,,
210479,385822,,2403017014.0,,7728.0,,,North,,,Glenoaks,Boulevard,,,,,,,,,,,,,91504.0,,Los Angeles,Burbank,,,,,LA City,{BA8191AD-0916-4E22-BD00-1A6383E65A35},0,,BA8191AD-0916-4E22-BD00-1A6383E65A35,Unknown,,N,,,Blvd,N Glenoaks Blvd,2023/09/12 23:03:18+00,7728 N Glenoaks Blvd Burbank 91504,BA8191AD-0916-4E22-BD00-1A6383E65A35_7728_N_Glenoaks_Blvd_Burbank_91504,Glenoaks,7728 N Glenoaks Boulevard Blvd Los Angeles 91504,,,,
210480,385823,,2403017017.0,,7762.0,,,North,,,Shadyspring,Place,,,,,,,,,,,,,91504.0,,Los Angeles,Burbank,,,,,LA City,{9F2FDE29-6A76-4C68-91A0-F06E79D39127},0,,9F2FDE29-6A76-4C68-91A0-F06E79D39127,Unknown,,N,,,Pl,N Shadyspring Pl,2023/09/12 23:03:18+00,7762 N Shadyspring Pl Burbank 91504,9F2FDE29-6A76-4C68-91A0-F06E79D39127_7762_N_Shadyspring_Pl_Burbank_91504,Shadyspring,7762 N Shadyspring Place Pl Los Angeles 91504,,,,
210481,385824,,2403017018.0,,7768.0,,,North,,,Shadyspring,Place,,,,,,,,,,,,,91504.0,,Los Angeles,Burbank,,,,,LA City,{4707030B-6E53-4CDE-B68A-9FA4C8E12F15},0,,4707030B-6E53-4CDE-B68A-9FA4C8E12F15,Unknown,,N,,,Pl,N Shadyspring Pl,2023/09/12 23:03:18+00,7768 N Shadyspring Pl Burbank 91504,4707030B-6E53-4CDE-B68A-9FA4C8E12F15_7768_N_Shadyspring_Pl_Burbank_91504,Shadyspring,7768 N Shadyspring Place Pl Los Angeles 91504,,,,
210482,385825,,2403017019.0,,7774.0,,,North,,,Shadyspring,Place,,,,,,,,,,,,,91504.0,,Los Angeles,Burbank,,,,,LA City,{21ECE05E-35F4-4C7E-869B-6988D3157DE5},0,,21ECE05E-35F4-4C7E-869B-6988D3157DE5,Unknown,,N,,,Pl,N Shadyspring Pl,2023/09/12 23:03:18+00,7774 N Shadyspring Pl Burbank 91504,21ECE05E-35F4-4C7E-869B-6988D3157DE5_7774_N_Shadyspring_Pl_Burbank_91504,Shadyspring,7774 N Shadyspring Place Pl Los Angeles 91504,,,,
210483,385826,,2403017020.0,,7780.0,,,North,,,Shadyspring,Place,,,,,,,,,,,,,91504.0,,Los Angeles,Burbank,,,,,LA City,{1F87FA0D-2EA5-48AA-825B-CBFCC5817613},0,,1F87FA0D-2EA5-48AA-825B-CBFCC5817613,Unknown,,N,,,Pl,N Shadyspring Pl,2023/09/12 23:03:18+00,7780 N Shadyspring Pl Burbank 91504,1F87FA0D-2EA5-48AA-825B-CBFCC5817613_7780_N_Shadyspring_Pl_Burbank_91504,Shadyspring,7780 N Shadyspring Place Pl Los Angeles 91504,,,,
210484,385827,,2403017021.0,,7784.0,,,North,,,Shadyspring,Place,,,,,,,,,,,,,91504.0,,Los Angeles,Burbank,,,,,LA City,{E0ABA106-FE57-45FD-8821-13047943CC8C},0,,E0ABA106-FE57-45FD-8821-13047943CC8C,Unknown,,N,,,Pl,N Shadyspring Pl,2023/09/12 23:03:18+00,7784 N Shadyspring Pl Burbank 91504,E0ABA106-FE57-45FD-8821-13047943CC8C_7784_N_Shadyspring_Pl_Burbank_91504,Shadyspring,7784 N Shadyspring Place Pl Los Angeles 91504,,,,
210485,385828,,2403017021.0,,7786.0,,,North,,,Shadyspring,Place,,,,,,,,,,,,,91504.0,,Los Angeles,Burbank,,,,,LA City,{430D84F9-BF7C-4468-BAFB-DEA18B137740},0,,430D84F9-BF7C-4468-BAFB-DEA18B137740,Unknown,,N,,,Pl,N Shadyspring Pl,2023/09/12 23:03:18+00,7786 N Shadyspring Pl Burbank 91504,430D84F9-BF7C-4468-BAFB-DEA18B137740_7786_N_Shadyspring_Pl_Burbank_91504,Shadyspring,7786 N Shadyspring Place Pl Los Angeles 91504,,,,
210486,385829,,2403017022.0,,7792.0,,,North,,,Shadyspring,Place,,,,,,,,,,,,,91504.0,,Los Angeles,Burbank,,,,,LA City,{4B216F94-B85D-46D9-89DC-932B2D4FBD63},0,,4B216F94-B85D-46D9-89DC-932B2D4FBD63,Unknown,,N,,,Pl,N Shadyspring Pl,2023/09/12 23:03:18+00,7792 N Shadyspring Pl Burbank 91504,4B216F94-B85D-46D9-89DC-932B2D4FBD63_7792_N_Shadyspring_Pl_Burbank_91504,Shadyspring,7792 N Shadyspring Place Pl Los Angeles 91504,,,,
210487,385830,,2403017023.0,,7869.0,,,North,,,Shadyspring,Drive,,,,,,,,,,,,,91504.0,,Los Angeles,Burbank,,,,,LA City,{F563F9DB-E55C-4C1A-AE2E-E16D3F96902E},0,,F563F9DB-E55C-4C1A-AE2E-E16D3F96902E,Unknown,,N,,,Dr,N Shadyspring Dr,2023/09/12 23:03:18+00,7869 N Shadyspring Dr Burbank 91504,F563F9DB-E55C-4C1A-AE2E-E16D3F96902E_7869_N_Shadyspring_Dr_Burbank_91504,Shadyspring,7869 N Shadyspring Drive Dr Los Angeles 91504,,,,
210488,385831,,2403017024.0,,7859.0,,,North,,,Shadyspring,Drive,,,,,,,,,,,,,91504.0,,Los Angeles,Burbank,,,,,LA City,{FD9D42AB-79C8-4881-975D-2BCCE2D0E8A4},0,,FD9D42AB-79C8-4881-975D-2BCCE2D0E8A4,Unknown,,N,,,Dr,N Shadyspring Dr,2023/09/12 23:03:18+00,7859 N Shadyspring Dr Burbank 91504,FD9D42AB-79C8-4881-975D-2BCCE2D0E8A4_7859_N_Shadyspring_Dr_Burbank_91504,Shadyspring,7859 N Shadyspring Drive Dr Los Angeles 91504,,,,
210489,385832,,2403017025.0,,7849.0,,,North,,,Shadyspring,Drive,,,,,,,,,,,,,91504.0,,Los Angeles,Burbank,,,,,LA City,{7EF16331-1B74-4E9F-8F04-2BA6C2D4ECB2},0,,7EF16331-1B74-4E9F-8F04-2BA6C2D4ECB2,Unknown,,N,,,Dr,N Shadyspring Dr,2023/09/12 23:03:18+00,7849 N Shadyspring Dr Burbank 91504,7EF16331-1B74-4E9F-8F04-2BA6C2D4ECB2_7849_N_Shadyspring_Dr_Burbank_91504,Shadyspring,7849 N Shadyspring Drive Dr Los Angeles 91504,,,,
210490,385833,,2403017026.0,,7839.0,,,North,,,Shadyspring,Drive,,,,,,,,,,,,,91504.0,,Los Angeles,Burbank,,,,,LA City,{D72BB90C-AA47-4730-ACD7-EACB9D887E4D},0,,D72BB90C-AA47-4730-ACD7-EACB9D887E4D,Unknown,,N,,,Dr,N Shadyspring Dr,2023/09/12 23:03:18+00,7839 N Shadyspring Dr Burbank 91504,D72BB90C-AA47-4730-ACD7-EACB9D887E4D_7839_N_Shadyspring_Dr_Burbank_91504,Shadyspring,7839 N Shadyspring Drive Dr Los Angeles 91504,,,,
210491,385834,,2403017027.0,,7831.0,,,North,,,Shadyspring,Drive,,,,,,,,,,,,,91504.0,,Los Angeles,Burbank,,,,,LA City,{887A896E-EB32-40AF-98F3-281E59D548E0},0,,887A896E-EB32-40AF-98F3-281E59D548E0,Unknown,,N,,,Dr,N Shadyspring Dr,2023/09/12 23:03:18+00,7831 N Shadyspring Dr Burbank 91504,887A896E-EB32-40AF-98F3-281E59D548E0_7831_N_Shadyspring_Dr_Burbank_91504,Shadyspring,7831 N Shadyspring Drive Dr Los Angeles 91504,,,,
210492,385835,,2403017028.0,,7823.0,,,North,,,Shadyspring,Drive,,,,,,,,,,,,,91504.0,,Los Angeles,Burbank,,,,,LA City,{412371CC-C3CF-4D75-A25E-C92429626EB9},0,,412371CC-C3CF-4D75-A25E-C92429626EB9,Unknown,,N,,,Dr,N Shadyspring Dr,2023/09/12 23:03:18+00,7823 N Shadyspring Dr Burbank 91504,412371CC-C3CF-4D75-A25E-C92429626EB9_7823_N_Shadyspring_Dr_Burbank_91504,Shadyspring,7823 N Shadyspring Drive Dr Los Angeles 91504,,,,
210493,385836,,2403017029.0,,7817.0,,,North,,,Shadyspring,Drive,,,,,,,,,,,,,91504.0,,Los Angeles,Burbank,,,,,LA City,{2E85C4EF-E107-4F1B-8795-53348C13970E},0,,2E85C4EF-E107-4F1B-8795-53348C13970E,Unknown,,N,,,Dr,N Shadyspring Dr,2023/09/12 23:03:18+00,7817 N Shadyspring Dr Burbank 91504,2E85C4EF-E107-4F1B-8795-53348C13970E_7817_N_Shadyspring_Dr_Burbank_91504,Shadyspring,7817 N Shadyspring Drive Dr Los Angeles 91504,,,,
210494,385837,,2403017030.0,,7811.0,,,North,,,Shadyspring,Drive,,,,,,,,,,,,,91504.0,,Los Angeles,Burbank,,,,,LA City,{51C2AA1B-1254-475D-90CD-5D14869AB361},0,,51C2AA1B-1254-475D-90CD-5D14869AB361,Unknown,,N,,,Dr,N Shadyspring Dr,2023/09/12 23:03:18+00,7811 N Shadyspring Dr Burbank 91504,51C2AA1B-1254-475D-90CD-5D14869AB361_7811_N_Shadyspring_Dr_Burbank_91504,Shadyspring,7811 N Shadyspring Drive Dr Los Angeles 91504,,,,
210495,385838,,2403017031.0,,7807.0,,,North,,,Shadyspring,Drive,,,,,,,,,,,,,91504.0,,Los Angeles,Burbank,,,,,LA City,{1D9C4482-7D1D-4CC7-8044-E1C4CEACD300},0,,1D9C4482-7D1D-4CC7-8044-E1C4CEACD300,Unknown,,N,,,Dr,N Shadyspring Dr,2023/09/12 23:03:18+00,7807 N Shadyspring Dr Burbank 91504,1D9C4482-7D1D-4CC7-8044-E1C4CEACD300_7807_N_Shadyspring_Dr_Burbank_91504,Shadyspring,7807 N Shadyspring Drive Dr Los Angeles 91504,,,,
210496,385839,,2403017032.0,,7801.0,,,North,,,Shadyspring,Drive,,,,,,,,,,,,,91504.0,,Los Angeles,Burbank,,,,,LA City,{35168D7C-A7F6-41E1-A852-6A8389ED2F83},0,,35168D7C-A7F6-41E1-A852-6A8389ED2F83,Unknown,,N,,,Dr,N Shadyspring Dr,2023/09/12 23:03:18+00,7801 N Shadyspring Dr Burbank 91504,35168D7C-A7F6-41E1-A852-6A8389ED2F83_7801_N_Shadyspring_Dr_Burbank_91504,Shadyspring,7801 N Shadyspring Drive Dr Los Angeles 91504,,,,
210497,385840,,2403017033.0,,7777.0,,,North,,,Shadyspring,Drive,,,,,,,,,,,,,91504.0,,Los Angeles,Burbank,,,,,LA City,{BA978360-A22A-4788-8C2E-D7FBAE4108D9},0,,BA978360-A22A-4788-8C2E-D7FBAE4108D9,Unknown,,N,,,Dr,N Shadyspring Dr,2023/09/12 23:03:18+00,7777 N Shadyspring Dr Burbank 91504,BA978360-A22A-4788-8C2E-D7FBAE4108D9_7777_N_Shadyspring_Dr_Burbank_91504,Shadyspring,7777 N Shadyspring Drive Dr Los Angeles 91504,,,,
210498,385841,,2403017034.0,,7771.0,,,North,,,Shadyspring,Drive,,,,,,,,,,,,,91504.0,,Los Angeles,Burbank,,,,,LA City,{FC432C0E-7D36-40EB-B040-D5536776F6B8},0,,FC432C0E-7D36-40EB-B040-D5536776F6B8,Unknown,,N,,,Dr,N Shadyspring Dr,2023/09/12 23:03:18+00,7771 N Shadyspring Dr Burbank 91504,FC432C0E-7D36-40EB-B040-D5536776F6B8_7771_N_Shadyspring_Dr_Burbank_91504,Shadyspring,7771 N Shadyspring Drive Dr Los Angeles 91504,,,,
210499,385842,,2403017035.0,,7765.0,,,North,,,Shadyspring,Drive,,,,,,,,,,,,,91504.0,,Los Angeles,Burbank,,,,,LA City,{25E664E1-0B52-46ED-B84C-DA574BACFCFB},0,,25E664E1-0B52-46ED-B84C-DA574BACFCFB,Unknown,,N,,,Dr,N Shadyspring Dr,2023/09/12 23:03:18+00,7765 N Shadyspring Dr Burbank 91504,25E664E1-0B52-46ED-B84C-DA574BACFCFB_7765_N_Shadyspring_Dr_Burbank_91504,Shadyspring,7765 N Shadyspring Drive Dr Los Angeles 91504,,,,
210500,385843,,2403017036.0,,7759.0,,,North,,,Shadyspring,Drive,,,,,,,,,,,,,91504.0,,Los Angeles,Burbank,,,,,LA City,{AC4F1FB3-FD8A-4994-8738-3DD65EA28EE0},0,,AC4F1FB3-FD8A-4994-8738-3DD65EA28EE0,Unknown,,N,,,Dr,N Shadyspring Dr,2023/09/12 23:03:18+00,7759 N Shadyspring Dr Burbank 91504,AC4F1FB3-FD8A-4994-8738-3DD65EA28EE0_7759_N_Shadyspring_Dr_Burbank_91504,Shadyspring,7759 N Shadyspring Drive Dr Los Angeles 91504,,,,
210501,385844,,2403017037.0,,7753.0,,,North,,,Shadyspring,Drive,,,,,,,,,,,,,91504.0,,Los Angeles,Burbank,,,,,LA City,{96F0B4A9-5C28-4ED3-9EF0-0563EBCED520},0,,96F0B4A9-5C28-4ED3-9EF0-0563EBCED520,Unknown,,N,,,Dr,N Shadyspring Dr,2023/09/12 23:03:18+00,7753 N Shadyspring Dr Burbank 91504,96F0B4A9-5C28-4ED3-9EF0-0563EBCED520_7753_N_Shadyspring_Dr_Burbank_91504,Shadyspring,7753 N Shadyspring Drive Dr Los Angeles 91504,,,,
210502,385845,,2403017038.0,,7747.0,,,North,,,Shadyspring,Drive,,,,,,,,,,,,,91504.0,,Los Angeles,Burbank,,,,,LA City,{A5899CE1-AE3F-4CB1-A503-771D4994B978},0,,A5899CE1-AE3F-4CB1-A503-771D4994B978,Unknown,,N,,,Dr,N Shadyspring Dr,2023/09/12 23:03:18+00,7747 N Shadyspring Dr Burbank 91504,A5899CE1-AE3F-4CB1-A503-771D4994B978_7747_N_Shadyspring_Dr_Burbank_91504,Shadyspring,7747 N Shadyspring Drive Dr Los Angeles 91504,,,,
210503,385846,,2403017039.0,,7741.0,,,North,,,Shadyspring,Drive,,,,,,,,,,,,,91504.0,,Los Angeles,Burbank,,,,,LA City,{BC883FAC-FA6B-4861-AAF1-208933D7BF94},0,,BC883FAC-FA6B-4861-AAF1-208933D7BF94,Unknown,,N,,,Dr,N Shadyspring Dr,2023/09/12 23:03:18+00,7741 N Shadyspring Dr Burbank 91504,BC883FAC-FA6B-4861-AAF1-208933D7BF94_7741_N_Shadyspring_Dr_Burbank_91504,Shadyspring,7741 N Shadyspring Drive Dr Los Angeles 91504,,,,
210504,385847,,2403017040.0,,7722.0,,,North,,,Glenoaks,Boulevard,,,,,,,,,,,,,91504.0,,Los Angeles,Burbank,,,,,LA City,{BFDDE9F5-1DD0-449A-944E-472D2149DC8A},0,,BFDDE9F5-1DD0-449A-944E-472D2149DC8A,Unknown,,N,,,Blvd,N Glenoaks Blvd,2023/09/12 23:03:18+00,7722 N Glenoaks Blvd Burbank 91504,BFDDE9F5-1DD0-449A-944E-472D2149DC8A_7722_N_Glenoaks_Blvd_Burbank_91504,Glenoaks,7722 N Glenoaks Boulevard Blvd Los Angeles 91504,,,,
210505,385848,,2403017041.0,,7718.0,,,North,,,Glenoaks,Boulevard,,,,,,,,,,,,,91504.0,,Los Angeles,Burbank,,,,,LA City,{ABE7E6CF-8EED-4FC5-9ED8-849F7A0C0F3F},0,,ABE7E6CF-8EED-4FC5-9ED8-849F7A0C0F3F,Unknown,,N,,,Blvd,N Glenoaks Blvd,2023/09/12 23:03:18+00,7718 N Glenoaks Blvd Burbank 91504,ABE7E6CF-8EED-4FC5-9ED8-849F7A0C0F3F_7718_N_Glenoaks_Blvd_Burbank_91504,Glenoaks,7718 N Glenoaks Boulevard Blvd Los Angeles 91504,,,,
210506,385849,,2403017041.0,,7716.0,,,North,,,Glenoaks,Boulevard,,,,,,,,,,,,,91504.0,,Los Angeles,Burbank,,,,,LA City,{B4DA7A1E-0B7E-47EF-884C-352321175D8D},0,,B4DA7A1E-0B7E-47EF-884C-352321175D8D,Unknown,,N,,,Blvd,N Glenoaks Blvd,2023/09/12 23:03:18+00,7716 N Glenoaks Blvd Burbank 91504,B4DA7A1E-0B7E-47EF-884C-352321175D8D_7716_N_Glenoaks_Blvd_Burbank_91504,Glenoaks,7716 N Glenoaks Boulevard Blvd Los Angeles 91504,,,,
210507,385850,,2403017042.0,,7725.0,,,North,,,Shadyspring,Drive,,,,,,,,,,,,,91504.0,,Los Angeles,Burbank,,,,,LA City,{F2D605C6-C75B-4309-B7A6-DE269F796805},0,,F2D605C6-C75B-4309-B7A6-DE269F796805,Unknown,,N,,,Dr,N Shadyspring Dr,2023/09/12 23:03:18+00,7725 N Shadyspring Dr Burbank 91504,F2D605C6-C75B-4309-B7A6-DE269F796805_7725_N_Shadyspring_Dr_Burbank_91504,Shadyspring,7725 N Shadyspring Drive Dr Los Angeles 91504,,,,
210508,385851,,2403017043.0,,7750.0,,,North,,,Shadyspring,Place,,,,,,,,,,,,,91504.0,,Los Angeles,Burbank,,,,,LA City,{69C98FF4-2F44-4A14-AE74-1D6996EFD8A7},0,,69C98FF4-2F44-4A14-AE74-1D6996EFD8A7,Unknown,,N,,,Pl,N Shadyspring Pl,2023/09/12 23:03:18+00,7750 N Shadyspring Pl Burbank 91504,69C98FF4-2F44-4A14-AE74-1D6996EFD8A7_7750_N_Shadyspring_Pl_Burbank_91504,Shadyspring,7750 N Shadyspring Place Pl Los Angeles 91504,,,,
210509,385852,,2403017044.0,,7756.0,,,North,,,Shadyspring,Place,,,,,,,,,,,,,91504.0,,Los Angeles,Burbank,,,,,LA City,{83573C24-0588-4699-B70C-37F6ED98101A},0,,83573C24-0588-4699-B70C-37F6ED98101A,Unknown,,N,,,Pl,N Shadyspring Pl,2023/09/12 23:03:18+00,7756 N Shadyspring Pl Burbank 91504,83573C24-0588-4699-B70C-37F6ED98101A_7756_N_Shadyspring_Pl_Burbank_91504,Shadyspring,7756 N Shadyspring Place Pl Los Angeles 91504,,,,
210510,385853,,2403018002.0,,7657.0,,,North,,,Glencrest,Drive,,,,,,,,,,,,,91504.0,,Los Angeles,Burbank,,,,,LA City,{3438158B-59E3-4471-8C14-B208D3C4C555},0,,3438158B-59E3-4471-8C14-B208D3C4C555,Unknown,,N,,,Dr,N Glencrest Dr,2023/09/12 23:03:18+00,7657 N Glencrest Dr Burbank 91504,3438158B-59E3-4471-8C14-B208D3C4C555_7657_N_Glencrest_Dr_Burbank_91504,Glencrest,7657 N Glencrest Drive Dr Los Angeles 91504,,,,
210511,385854,,2403018003.0,,7663.0,,,North,,,Glencrest,Drive,,,,,,,,,,,,,91504.0,,Los Angeles,Burbank,,,,,LA City,{F02E8A66-FBB4-432D-991E-4EC17F24657E},0,,F02E8A66-FBB4-432D-991E-4EC17F24657E,Unknown,,N,,,Dr,N Glencrest Dr,2023/09/12 23:03:18+00,7663 N Glencrest Dr Burbank 91504,F02E8A66-FBB4-432D-991E-4EC17F24657E_7663_N_Glencrest_Dr_Burbank_91504,Glencrest,7663 N Glencrest Drive Dr Los Angeles 91504,,,,
210512,385855,,2403018004.0,,7667.0,,,North,,,Glencrest,Drive,,,,,,,,,,,,,91504.0,,Los Angeles,Burbank,,,,,LA City,{660ACE79-320D-4B64-9596-24E9DE07D562},0,,660ACE79-320D-4B64-9596-24E9DE07D562,Unknown,,N,,,Dr,N Glencrest Dr,2023/09/12 23:03:18+00,7667 N Glencrest Dr Burbank 91504,660ACE79-320D-4B64-9596-24E9DE07D562_7667_N_Glencrest_Dr_Burbank_91504,Glencrest,7667 N Glencrest Drive Dr Los Angeles 91504,,,,
210513,385856,,2403018006.0,,7720.0,,,North,,,Shadyspring,Drive,,,,,,,,,,,,,91504.0,,Los Angeles,Burbank,,,,,LA City,{C9C16459-FD1B-490A-883A-AEBDA00018E2},0,,C9C16459-FD1B-490A-883A-AEBDA00018E2,Unknown,,N,,,Dr,N Shadyspring Dr,2023/09/12 23:03:18+00,7720 N Shadyspring Dr Burbank 91504,C9C16459-FD1B-490A-883A-AEBDA00018E2_7720_N_Shadyspring_Dr_Burbank_91504,Shadyspring,7720 N Shadyspring Drive Dr Los Angeles 91504,,,,
210514,385857,,2403018006.0,,7718.0,,,North,,,Shadyspring,Drive,,,,,,,,,,,,,91504.0,,Los Angeles,Burbank,,,,,LA City,{2D73133D-567C-4A9C-8C2D-4A4FAA794740},0,,2D73133D-567C-4A9C-8C2D-4A4FAA794740,Unknown,,N,,,Dr,N Shadyspring Dr,2023/09/12 23:03:18+00,7718 N Shadyspring Dr Burbank 91504,2D73133D-567C-4A9C-8C2D-4A4FAA794740_7718_N_Shadyspring_Dr_Burbank_91504,Shadyspring,7718 N Shadyspring Drive Dr Los Angeles 91504,,,,
210515,385858,,2403018007.0,,7684.0,,,North,,,Glencrest,Drive,,,,,,,,,,,,,91504.0,,Los Angeles,Burbank,,,,,LA City,{7EF5981E-09D9-43AD-8AED-68834832AD96},0,,7EF5981E-09D9-43AD-8AED-68834832AD96,Unknown,,N,,,Dr,N Glencrest Dr,2023/09/12 23:03:18+00,7684 N Glencrest Dr Burbank 91504,7EF5981E-09D9-43AD-8AED-68834832AD96_7684_N_Glencrest_Dr_Burbank_91504,Glencrest,7684 N Glencrest Drive Dr Los Angeles 91504,,,,
210516,385859,,2403018008.0,,7728.0,,,North,,,Shadyspring,Drive,,,,,,,,,,,,,91504.0,,Los Angeles,Burbank,,,,,LA City,{B9DF3839-7D17-4C49-962E-E479C5C4109C},0,,B9DF3839-7D17-4C49-962E-E479C5C4109C,Unknown,,N,,,Dr,N Shadyspring Dr,2023/09/12 23:03:18+00,7728 N Shadyspring Dr Burbank 91504,B9DF3839-7D17-4C49-962E-E479C5C4109C_7728_N_Shadyspring_Dr_Burbank_91504,Shadyspring,7728 N Shadyspring Drive Dr Los Angeles 91504,,,,
210517,385860,,2403018008.0,,7730.0,,,North,,,Shadyspring,Drive,,,,,,,,,,,,,91504.0,,Los Angeles,Burbank,,,,,LA City,{2D2B10B7-43BA-412C-BE26-5E6E90D328CE},0,,2D2B10B7-43BA-412C-BE26-5E6E90D328CE,Unknown,,N,,,Dr,N Shadyspring Dr,2023/09/12 23:03:18+00,7730 N Shadyspring Dr Burbank 91504,2D2B10B7-43BA-412C-BE26-5E6E90D328CE_7730_N_Shadyspring_Dr_Burbank_91504,Shadyspring,7730 N Shadyspring Drive Dr Los Angeles 91504,,,,
210518,385861,,2403018009.0,,7738.0,,,North,,,Shadyspring,Drive,,,,,,,,,,,,,91504.0,,Los Angeles,Burbank,,,,,LA City,{83CC2F33-6ACA-4F31-8E02-FE230FFB95CC},0,,83CC2F33-6ACA-4F31-8E02-FE230FFB95CC,Unknown,,N,,,Dr,N Shadyspring Dr,2023/09/12 23:03:18+00,7738 N Shadyspring Dr Burbank 91504,83CC2F33-6ACA-4F31-8E02-FE230FFB95CC_7738_N_Shadyspring_Dr_Burbank_91504,Shadyspring,7738 N Shadyspring Drive Dr Los Angeles 91504,,,,
210519,385862,,2403018010.0,,7744.0,,,North,,,Shadyspring,Drive,,,,,,,,,,,,,91504.0,,Los Angeles,Burbank,,,,,LA City,{6CE98A9C-31C5-44BD-8D63-A630764D5604},0,,6CE98A9C-31C5-44BD-8D63-A630764D5604,Unknown,,N,,,Dr,N Shadyspring Dr,2023/09/12 23:03:18+00,7744 N Shadyspring Dr Burbank 91504,6CE98A9C-31C5-44BD-8D63-A630764D5604_7744_N_Shadyspring_Dr_Burbank_91504,Shadyspring,7744 N Shadyspring Drive Dr Los Angeles 91504,,,,
210520,385863,,2403018011.0,,7750.0,,,North,,,Shadyspring,Drive,,,,,,,,,,,,,91504.0,,Los Angeles,Burbank,,,,,LA City,{3AC348E3-5AD5-46EF-AEE3-C85C856F3BDE},0,,3AC348E3-5AD5-46EF-AEE3-C85C856F3BDE,Unknown,,N,,,Dr,N Shadyspring Dr,2023/09/12 23:03:18+00,7750 N Shadyspring Dr Burbank 91504,3AC348E3-5AD5-46EF-AEE3-C85C856F3BDE_7750_N_Shadyspring_Dr_Burbank_91504,Shadyspring,7750 N Shadyspring Drive Dr Los Angeles 91504,,,,
210521,385864,,2403018012.0,,7756.0,,,North,,,Shadyspring,Drive,,,,,,,,,,,,,91504.0,,Los Angeles,Burbank,,,,,LA City,{D75FDBB2-2404-443C-BBF6-E7752ADACD21},0,,D75FDBB2-2404-443C-BBF6-E7752ADACD21,Unknown,,N,,,Dr,N Shadyspring Dr,2023/09/12 23:03:18+00,7756 N Shadyspring Dr Burbank 91504,D75FDBB2-2404-443C-BBF6-E7752ADACD21_7756_N_Shadyspring_Dr_Burbank_91504,Shadyspring,7756 N Shadyspring Drive Dr Los Angeles 91504,,,,
210522,385865,,2403018013.0,,7762.0,,,North,,,Shadyspring,Drive,,,,,,,,,,,,,91504.0,,Los Angeles,Burbank,,,,,LA City,{2FFD3722-163B-4797-9325-D5558006F997},0,,2FFD3722-163B-4797-9325-D5558006F997,Unknown,,N,,,Dr,N Shadyspring Dr,2023/09/12 23:03:18+00,7762 N Shadyspring Dr Burbank 91504,2FFD3722-163B-4797-9325-D5558006F997_7762_N_Shadyspring_Dr_Burbank_91504,Shadyspring,7762 N Shadyspring Drive Dr Los Angeles 91504,,,,
210523,385866,,2403018014.0,,7768.0,,,North,,,Shadyspring,Drive,,,,,,,,,,,,,91504.0,,Los Angeles,Burbank,,,,,LA City,{BAD6A14B-5A61-4BB8-8E57-6BD49B17D251},0,,BAD6A14B-5A61-4BB8-8E57-6BD49B17D251,Unknown,,N,,,Dr,N Shadyspring Dr,2023/09/12 23:03:18+00,7768 N Shadyspring Dr Burbank 91504,BAD6A14B-5A61-4BB8-8E57-6BD49B17D251_7768_N_Shadyspring_Dr_Burbank_91504,Shadyspring,7768 N Shadyspring Drive Dr Los Angeles 91504,,,,
210524,385867,,2403018014.0,,7766.0,,,North,,,Shadyspring,Drive,,,,,,,,,,,,,91504.0,,Los Angeles,Burbank,,,,,LA City,{27571A05-914B-4966-ADA0-1C602520031C},0,,27571A05-914B-4966-ADA0-1C602520031C,Unknown,,N,,,Dr,N Shadyspring Dr,2023/09/12 23:03:18+00,7766 N Shadyspring Dr Burbank 91504,27571A05-914B-4966-ADA0-1C602520031C_7766_N_Shadyspring_Dr_Burbank_91504,Shadyspring,7766 N Shadyspring Drive Dr Los Angeles 91504,,,,
210525,385868,,2403018015.0,,7774.0,,,North,,,Shadyspring,Drive,,,,,,,,,,,,,91504.0,,Los Angeles,Burbank,,,,,LA City,{E1BCE9F4-0AFF-4252-879B-C11EB82C43B8},0,,E1BCE9F4-0AFF-4252-879B-C11EB82C43B8,Unknown,,N,,,Dr,N Shadyspring Dr,2023/09/12 23:03:18+00,7774 N Shadyspring Dr Burbank 91504,E1BCE9F4-0AFF-4252-879B-C11EB82C43B8_7774_N_Shadyspring_Dr_Burbank_91504,Shadyspring,7774 N Shadyspring Drive Dr Los Angeles 91504,,,,
210526,385869,,2403018016.0,,9816.0,,,West,,,Glenhill,Drive,,,,,,,,,,,,,91504.0,,Los Angeles,Burbank,,,,,LA City,{5445F9E4-B5C7-440E-A484-2400224519CC},0,,5445F9E4-B5C7-440E-A484-2400224519CC,Unknown,,W,,,Dr,W Glenhill Dr,2023/09/12 23:03:18+00,9816 W Glenhill Dr Burbank 91504,5445F9E4-B5C7-440E-A484-2400224519CC_9816_W_Glenhill_Dr_Burbank_91504,Glenhill,9816 W Glenhill Drive Dr Los Angeles 91504,,,,
210527,385870,,2403018016.0,,7757.0,,,North,,,Shadycove,Avenue,,,,,,,,,,,,,91504.0,,Los Angeles,Burbank,,,,,LA City,{192F1C2A-53B7-4CF1-8B7B-A9F39850122F},0,,192F1C2A-53B7-4CF1-8B7B-A9F39850122F,Unknown,,N,,,Ave,N Shadycove Ave,2023/09/12 23:03:18+00,7757 N Shadycove Ave Burbank 91504,192F1C2A-53B7-4CF1-8B7B-A9F39850122F_7757_N_Shadycove_Ave_Burbank_91504,Shadycove,7757 N Shadycove Avenue Ave Los Angeles 91504,,,,
210528,385871,,2403018017.0,,7751.0,,,North,,,Shadycove,Avenue,,,,,,,,,,,,,91504.0,,Los Angeles,Burbank,,,,,LA City,{BEE82247-F85A-4018-8F9C-D181A729390B},0,,BEE82247-F85A-4018-8F9C-D181A729390B,Unknown,,N,,,Ave,N Shadycove Ave,2023/09/12 23:03:18+00,7751 N Shadycove Ave Burbank 91504,BEE82247-F85A-4018-8F9C-D181A729390B_7751_N_Shadycove_Ave_Burbank_91504,Shadycove,7751 N Shadycove Avenue Ave Los Angeles 91504,,,,
210529,385872,,2403018018.0,,7747.0,,,North,,,Shadycove,Avenue,,,,,,,,,,,,,91504.0,,Los Angeles,Burbank,,,,,LA City,{47F8534E-9FA0-43A1-87D6-CA43BCB9F486},0,,47F8534E-9FA0-43A1-87D6-CA43BCB9F486,Unknown,,N,,,Ave,N Shadycove Ave,2023/09/12 23:03:18+00,7747 N Shadycove Ave Burbank 91504,47F8534E-9FA0-43A1-87D6-CA43BCB9F486_7747_N_Shadycove_Ave_Burbank_91504,Shadycove,7747 N Shadycove Avenue Ave Los Angeles 91504,,,,
210530,385873,,2403018019.0,,7741.0,,,North,,,Shadycove,Avenue,,,,,,,,,,,,,91504.0,,Los Angeles,Burbank,,,,,LA City,{71A3465E-6A0C-4F38-8DF7-2AE60CB7B36C},0,,71A3465E-6A0C-4F38-8DF7-2AE60CB7B36C,Unknown,,N,,,Ave,N Shadycove Ave,2023/09/12 23:03:18+00,7741 N Shadycove Ave Burbank 91504,71A3465E-6A0C-4F38-8DF7-2AE60CB7B36C_7741_N_Shadycove_Ave_Burbank_91504,Shadycove,7741 N Shadycove Avenue Ave Los Angeles 91504,,,,
210531,385874,,2403018020.0,,7735.0,,,North,,,Shadycove,Avenue,,,,,,,,,,,,,91504.0,,Los Angeles,Burbank,,,,,LA City,{68907F20-B7D3-4C7C-BD22-772643FCE404},0,,68907F20-B7D3-4C7C-BD22-772643FCE404,Unknown,,N,,,Ave,N Shadycove Ave,2023/09/12 23:03:18+00,7735 N Shadycove Ave Burbank 91504,68907F20-B7D3-4C7C-BD22-772643FCE404_7735_N_Shadycove_Ave_Burbank_91504,Shadycove,7735 N Shadycove Avenue Ave Los Angeles 91504,,,,
210532,385875,,2403018021.0,,7729.0,,,North,,,Shadycove,Avenue,,,,,,,,,,,,,91504.0,,Los Angeles,Burbank,,,,,LA City,{7233AC24-8A18-42E3-A0AE-687CA66DEC5E},0,,7233AC24-8A18-42E3-A0AE-687CA66DEC5E,Unknown,,N,,,Ave,N Shadycove Ave,2023/09/12 23:03:18+00,7729 N Shadycove Ave Burbank 91504,7233AC24-8A18-42E3-A0AE-687CA66DEC5E_7729_N_Shadycove_Ave_Burbank_91504,Shadycove,7729 N Shadycove Avenue Ave Los Angeles 91504,,,,
210533,385876,,2403018021.0,,7727.0,,,North,,,Shadycove,Avenue,,,,,,,,,,,,,91504.0,,Los Angeles,Burbank,,,,,LA City,{71D0729E-E1DC-454F-B1FE-9A2C73D5BEDC},0,,71D0729E-E1DC-454F-B1FE-9A2C73D5BEDC,Unknown,,N,,,Ave,N Shadycove Ave,2023/09/12 23:03:18+00,7727 N Shadycove Ave Burbank 91504,71D0729E-E1DC-454F-B1FE-9A2C73D5BEDC_7727_N_Shadycove_Ave_Burbank_91504,Shadycove,7727 N Shadycove Avenue Ave Los Angeles 91504,,,,
210534,385877,,2403018022.0,,7725.0,,,North,,,Shadycove,Avenue,,,,,,,,,,,,,91504.0,,Los Angeles,Burbank,,,,,LA City,{6708311A-C53E-43E9-8E1B-142C1F3357CF},0,,6708311A-C53E-43E9-8E1B-142C1F3357CF,Unknown,,N,,,Ave,N Shadycove Ave,2023/09/12 23:03:18+00,7725 N Shadycove Ave Burbank 91504,6708311A-C53E-43E9-8E1B-142C1F3357CF_7725_N_Shadycove_Ave_Burbank_91504,Shadycove,7725 N Shadycove Avenue Ave Los Angeles 91504,,,,
210535,385878,,2403018023.0,,7719.0,,,North,,,Shadycove,Avenue,,,,,,,,,,,,,91504.0,,Los Angeles,Burbank,,,,,LA City,{793A5EE5-01F3-4355-A7A3-C5820DAE7C3A},0,,793A5EE5-01F3-4355-A7A3-C5820DAE7C3A,Unknown,,N,,,Ave,N Shadycove Ave,2023/09/12 23:03:18+00,7719 N Shadycove Ave Burbank 91504,793A5EE5-01F3-4355-A7A3-C5820DAE7C3A_7719_N_Shadycove_Ave_Burbank_91504,Shadycove,7719 N Shadycove Avenue Ave Los Angeles 91504,,,,
210536,385879,,2403018024.0,,7713.0,,,North,,,Shadycove,Avenue,,,,,,,,,,,,,91504.0,,Los Angeles,Burbank,,,,,LA City,{1CB66DBD-FD8E-4CD6-93C9-E214AB6254EB},0,,1CB66DBD-FD8E-4CD6-93C9-E214AB6254EB,Unknown,,N,,,Ave,N Shadycove Ave,2023/09/12 23:03:18+00,7713 N Shadycove Ave Burbank 91504,1CB66DBD-FD8E-4CD6-93C9-E214AB6254EB_7713_N_Shadycove_Ave_Burbank_91504,Shadycove,7713 N Shadycove Avenue Ave Los Angeles 91504,,,,
210537,385880,,2403018025.0,,7707.0,,,North,,,Shadycove,Avenue,,,,,,,,,,,,,91504.0,,Los Angeles,Burbank,,,,,LA City,{C6B402ED-7CD4-48D1-A3FD-14B8A3996E22},0,,C6B402ED-7CD4-48D1-A3FD-14B8A3996E22,Unknown,,N,,,Ave,N Shadycove Ave,2023/09/12 23:03:18+00,7707 N Shadycove Ave Burbank 91504,C6B402ED-7CD4-48D1-A3FD-14B8A3996E22_7707_N_Shadycove_Ave_Burbank_91504,Shadycove,7707 N Shadycove Avenue Ave Los Angeles 91504,,,,
210538,385881,,2403018026.0,,7701.0,,,North,,,Shadycove,Avenue,,,,,,,,,,,,,91504.0,,Los Angeles,Burbank,,,,,LA City,{977F405E-9A60-4A14-A409-C9E2CDC57C01},0,,977F405E-9A60-4A14-A409-C9E2CDC57C01,Unknown,,N,,,Ave,N Shadycove Ave,2023/09/12 23:03:18+00,7701 N Shadycove Ave Burbank 91504,977F405E-9A60-4A14-A409-C9E2CDC57C01_7701_N_Shadycove_Ave_Burbank_91504,Shadycove,7701 N Shadycove Avenue Ave Los Angeles 91504,,,,
210539,385882,,2403018027.0,,7700.0,,,North,,,Shadycove,Avenue,,,,,,,,,,,,,91504.0,,Los Angeles,Burbank,,,,,LA City,{89B104D2-1912-47D2-9FE1-BCC3C27CE770},0,,89B104D2-1912-47D2-9FE1-BCC3C27CE770,Unknown,,N,,,Ave,N Shadycove Ave,2023/09/12 23:03:18+00,7700 N Shadycove Ave Burbank 91504,89B104D2-1912-47D2-9FE1-BCC3C27CE770_7700_N_Shadycove_Ave_Burbank_91504,Shadycove,7700 N Shadycove Avenue Ave Los Angeles 91504,,,,
210540,385883,,2403018028.0,,7706.0,,,North,,,Shadycove,Avenue,,,,,,,,,,,,,91504.0,,Los Angeles,Burbank,,,,,LA City,{16990EC7-E5F2-4853-B0FE-22F51DBF3B4F},0,,16990EC7-E5F2-4853-B0FE-22F51DBF3B4F,Unknown,,N,,,Ave,N Shadycove Ave,2023/09/12 23:03:18+00,7706 N Shadycove Ave Burbank 91504,16990EC7-E5F2-4853-B0FE-22F51DBF3B4F_7706_N_Shadycove_Ave_Burbank_91504,Shadycove,7706 N Shadycove Avenue Ave Los Angeles 91504,,,,
210541,385884,,2403018029.0,,7712.0,,,North,,,Shadycove,Avenue,,,,,,,,,,,,,91504.0,,Los Angeles,Burbank,,,,,LA City,{D4E274DB-BE2F-426C-8E43-E4CB8522DC52},0,,D4E274DB-BE2F-426C-8E43-E4CB8522DC52,Unknown,,N,,,Ave,N Shadycove Ave,2023/09/12 23:03:18+00,7712 N Shadycove Ave Burbank 91504,D4E274DB-BE2F-426C-8E43-E4CB8522DC52_7712_N_Shadycove_Ave_Burbank_91504,Shadycove,7712 N Shadycove Avenue Ave Los Angeles 91504,,,,
210542,385885,,2403018030.0,,7718.0,,,North,,,Shadycove,Avenue,,,,,,,,,,,,,91504.0,,Los Angeles,Burbank,,,,,LA City,{73F4AE00-A016-4265-9007-884B7A63BAEF},0,,73F4AE00-A016-4265-9007-884B7A63BAEF,Unknown,,N,,,Ave,N Shadycove Ave,2023/09/12 23:03:18+00,7718 N Shadycove Ave Burbank 91504,73F4AE00-A016-4265-9007-884B7A63BAEF_7718_N_Shadycove_Ave_Burbank_91504,Shadycove,7718 N Shadycove Avenue Ave Los Angeles 91504,,,,
210543,385886,,2403018031.0,,7724.0,,,North,,,Shadycove,Avenue,,,,,,,,,,,,,91504.0,,Los Angeles,Burbank,,,,,LA City,{95D34E56-F3F7-487B-91C7-534CF77B27EB},0,,95D34E56-F3F7-487B-91C7-534CF77B27EB,Unknown,,N,,,Ave,N Shadycove Ave,2023/09/12 23:03:18+00,7724 N Shadycove Ave Burbank 91504,95D34E56-F3F7-487B-91C7-534CF77B27EB_7724_N_Shadycove_Ave_Burbank_91504,Shadycove,7724 N Shadycove Avenue Ave Los Angeles 91504,,,,
210544,385887,,2403018032.0,,7728.0,,,North,,,Shadycove,Avenue,,,,,,,,,,,,,91504.0,,Los Angeles,Burbank,,,,,LA City,{06CF76FC-1DE5-4D89-96A8-9B74D85CFC6C},0,,06CF76FC-1DE5-4D89-96A8-9B74D85CFC6C,Unknown,,N,,,Ave,N Shadycove Ave,2023/09/12 23:03:18+00,7728 N Shadycove Ave Burbank 91504,06CF76FC-1DE5-4D89-96A8-9B74D85CFC6C_7728_N_Shadycove_Ave_Burbank_91504,Shadycove,7728 N Shadycove Avenue Ave Los Angeles 91504,,,,
210545,385888,,2403018033.0,,7734.0,,,North,,,Shadycove,Avenue,,,,,,,,,,,,,91504.0,,Los Angeles,Burbank,,,,,LA City,{A28D6112-2B04-4258-8CF1-0277C32A0391},0,,A28D6112-2B04-4258-8CF1-0277C32A0391,Unknown,,N,,,Ave,N Shadycove Ave,2023/09/12 23:03:18+00,7734 N Shadycove Ave Burbank 91504,A28D6112-2B04-4258-8CF1-0277C32A0391_7734_N_Shadycove_Ave_Burbank_91504,Shadycove,7734 N Shadycove Avenue Ave Los Angeles 91504,,,,
210546,385889,,2403018034.0,,7740.0,,,North,,,Shadycove,Avenue,,,,,,,,,,,,,91504.0,,Los Angeles,Burbank,,,,,LA City,{AD2A3993-5B5D-4091-87E3-0674B9372715},0,,AD2A3993-5B5D-4091-87E3-0674B9372715,Unknown,,N,,,Ave,N Shadycove Ave,2023/09/12 23:03:18+00,7740 N Shadycove Ave Burbank 91504,AD2A3993-5B5D-4091-87E3-0674B9372715_7740_N_Shadycove_Ave_Burbank_91504,Shadycove,7740 N Shadycove Avenue Ave Los Angeles 91504,,,,
210547,385890,,2403018035.0,,7746.0,,,North,,,Shadycove,Avenue,,,,,,,,,,,,,91504.0,,Los Angeles,Burbank,,,,,LA City,{AFC591A4-B4E2-4104-9686-727774ACF7F7},0,,AFC591A4-B4E2-4104-9686-727774ACF7F7,Unknown,,N,,,Ave,N Shadycove Ave,2023/09/12 23:03:18+00,7746 N Shadycove Ave Burbank 91504,AFC591A4-B4E2-4104-9686-727774ACF7F7_7746_N_Shadycove_Ave_Burbank_91504,Shadycove,7746 N Shadycove Avenue Ave Los Angeles 91504,,,,
210548,385891,,2403018036.0,,7750.0,,,North,,,Shadycove,Avenue,,,,,,,,,,,,,91504.0,,Los Angeles,Burbank,,,,,LA City,{990A7FD4-1080-4638-B3BB-EF817EBCFAF9},0,,990A7FD4-1080-4638-B3BB-EF817EBCFAF9,Unknown,,N,,,Ave,N Shadycove Ave,2023/09/12 23:03:18+00,7750 N Shadycove Ave Burbank 91504,990A7FD4-1080-4638-B3BB-EF817EBCFAF9_7750_N_Shadycove_Ave_Burbank_91504,Shadycove,7750 N Shadycove Avenue Ave Los Angeles 91504,,,,
210549,385892,,2403018037.0,,7756.0,,,North,,,Shadycove,Avenue,,,,,,,,,,,,,91504.0,,Los Angeles,Burbank,,,,,LA City,{C3D77DCD-915B-44CD-9CC4-ED467D4B7355},0,,C3D77DCD-915B-44CD-9CC4-ED467D4B7355,Unknown,,N,,,Ave,N Shadycove Ave,2023/09/12 23:03:18+00,7756 N Shadycove Ave Burbank 91504,C3D77DCD-915B-44CD-9CC4-ED467D4B7355_7756_N_Shadycove_Ave_Burbank_91504,Shadycove,7756 N Shadycove Avenue Ave Los Angeles 91504,,,,
210550,385893,,2403018038.0,,9800.0,,,West,,,Glenhill,Drive,,,,,,,,,,,,,91504.0,,Los Angeles,Burbank,,,,,LA City,{30BBD738-EF2F-4557-97D4-F939C46CF7A8},0,,30BBD738-EF2F-4557-97D4-F939C46CF7A8,Unknown,,W,,,Dr,W Glenhill Dr,2023/09/12 23:03:18+00,9800 W Glenhill Dr Burbank 91504,30BBD738-EF2F-4557-97D4-F939C46CF7A8_9800_W_Glenhill_Dr_Burbank_91504,Glenhill,9800 W Glenhill Drive Dr Los Angeles 91504,,,,
210551,385894,,2403018043.0,,7630.0,,,North,,,Glenoaks,Boulevard,,,,,,,,,,,,,91504.0,,Los Angeles,Burbank,,,,,LA City,{7A7B68EC-042A-4675-86DF-99AB136C0E63},0,,7A7B68EC-042A-4675-86DF-99AB136C0E63,Unknown,,N,,,Blvd,N Glenoaks Blvd,2023/09/12 23:03:18+00,7630 N Glenoaks Blvd Burbank 91504,7A7B68EC-042A-4675-86DF-99AB136C0E63_7630_N_Glenoaks_Blvd_Burbank_91504,Glenoaks,7630 N Glenoaks Boulevard Blvd Los Angeles 91504,,,,
210552,385895,,2403018044.0,,7677.0,,,North,,,Glencrest,Drive,,,,,,,,,,,,,91504.0,,Los Angeles,Burbank,,,,,LA City,{BF8523D8-3B3C-4207-AA57-11C0AFA93B5F},0,,BF8523D8-3B3C-4207-AA57-11C0AFA93B5F,Unknown,,N,,,Dr,N Glencrest Dr,2023/09/12 23:03:18+00,7677 N Glencrest Dr Burbank 91504,BF8523D8-3B3C-4207-AA57-11C0AFA93B5F_7677_N_Glencrest_Dr_Burbank_91504,Glencrest,7677 N Glencrest Drive Dr Los Angeles 91504,,,,
210553,385896,,2403018044.0,,7675.0,,,North,,,Glencrest,Drive,,,,,,,,,,,,,91504.0,,Los Angeles,Burbank,,,,,LA City,{3C566D6C-5EC2-4EE1-9DE9-4597C26E56B6},0,,3C566D6C-5EC2-4EE1-9DE9-4597C26E56B6,Unknown,,N,,,Dr,N Glencrest Dr,2023/09/12 23:03:18+00,7675 N Glencrest Dr Burbank 91504,3C566D6C-5EC2-4EE1-9DE9-4597C26E56B6_7675_N_Glencrest_Dr_Burbank_91504,Glencrest,7675 N Glencrest Drive Dr Los Angeles 91504,,,,
210554,385897,,2403018044.0,,7679.0,,,North,,,Glencrest,Drive,,,,,,,,,,,,,91504.0,,Los Angeles,Burbank,,,,,LA City,{7F3C7183-D2F0-4FDF-A2C8-2ED33000EC69},0,,7F3C7183-D2F0-4FDF-A2C8-2ED33000EC69,Unknown,,N,,,Dr,N Glencrest Dr,2023/09/12 23:03:18+00,7679 N Glencrest Dr Burbank 91504,7F3C7183-D2F0-4FDF-A2C8-2ED33000EC69_7679_N_Glencrest_Dr_Burbank_91504,Glencrest,7679 N Glencrest Drive Dr Los Angeles 91504,,,,
210555,385898,,2403018044.0,,7673.0,,,North,,,Glencrest,Drive,,,,,,,,,,,,,91504.0,,Los Angeles,Burbank,,,,,LA City,{EA6E6697-B4C4-4D36-88EE-39677F194A3A},0,,EA6E6697-B4C4-4D36-88EE-39677F194A3A,Unknown,,N,,,Dr,N Glencrest Dr,2023/09/12 23:03:18+00,7673 N Glencrest Dr Burbank 91504,EA6E6697-B4C4-4D36-88EE-39677F194A3A_7673_N_Glencrest_Dr_Burbank_91504,Glencrest,7673 N Glencrest Drive Dr Los Angeles 91504,,,,
212296,387640,,2405017003.0,,7710.0,,,North,,,Hollywood,Way,,,,,,,,,,,,,91504.0,,Los Angeles,Burbank,,,,,LA City,{A6A1DF28-814C-44F0-8C2D-018B3B83A8A3},0,,A6A1DF28-814C-44F0-8C2D-018B3B83A8A3,Unknown,,N,,,Wy,N Hollywood Wy,2023/09/12 23:03:18+00,7710 N Hollywood Wy Burbank 91504,A6A1DF28-814C-44F0-8C2D-018B3B83A8A3_7710_N_Hollywood_Wy_Burbank_91504,Hollywood,7710 N Hollywood Way Wy Los Angeles 91504,,,,
212313,387657,,2405018002.0,,9948.0,,,West,,,Keswick,Street,,,,,,,,,,,,,91504.0,,Los Angeles,Burbank,,,,,LA City,{D21FB7A1-1ABE-4916-923E-86E2573CB4FF},0,,D21FB7A1-1ABE-4916-923E-86E2573CB4FF,Unknown,,W,,,St,W Keswick St,2023/09/12 23:03:18+00,9948 W Keswick St Burbank 91504,D21FB7A1-1ABE-4916-923E-86E2573CB4FF_9948_W_Keswick_St_Burbank_91504,Keswick,9948 W Keswick Street St Los Angeles 91504,,,,
212314,387658,,2405018003.0,,9944.0,,,West,,,Keswick,Street,,,,,,,,,,,,,91504.0,,Los Angeles,Burbank,,,,,LA City,{2A73A93E-1EF6-44E2-8A2C-9004A2CE66D5},0,,2A73A93E-1EF6-44E2-8A2C-9004A2CE66D5,Unknown,,W,,,St,W Keswick St,2023/09/12 23:03:18+00,9944 W Keswick St Burbank 91504,2A73A93E-1EF6-44E2-8A2C-9004A2CE66D5_9944_W_Keswick_St_Burbank_91504,Keswick,9944 W Keswick Street St Los Angeles 91504,,,,
212315,387659,,2405018004.0,,9938.0,,,West,,,Keswick,Street,,,,,,,,,,,,,91504.0,,Los Angeles,Burbank,,,,,LA City,{32BBDF78-C059-4303-AB4D-203607A1470C},0,,32BBDF78-C059-4303-AB4D-203607A1470C,Unknown,,W,,,St,W Keswick St,2023/09/12 23:03:18+00,9938 W Keswick St Burbank 91504,32BBDF78-C059-4303-AB4D-203607A1470C_9938_W_Keswick_St_Burbank_91504,Keswick,9938 W Keswick Street St Los Angeles 91504,,,,
212316,387660,,2405018005.0,,9932.0,,,West,,,Keswick,Street,,,,,,,,,,,,,91504.0,,Los Angeles,Burbank,,,,,LA City,{8DF2F9C2-05FC-4472-B080-22EECAEE8D56},0,,8DF2F9C2-05FC-4472-B080-22EECAEE8D56,Unknown,,W,,,St,W Keswick St,2023/09/12 23:03:18+00,9932 W Keswick St Burbank 91504,8DF2F9C2-05FC-4472-B080-22EECAEE8D56_9932_W_Keswick_St_Burbank_91504,Keswick,9932 W Keswick Street St Los Angeles 91504,,,,
212317,387661,,2405018006.0,,9928.0,,,West,,,Keswick,Street,,,,,,,,,,,,,91504.0,,Los Angeles,Burbank,,,,,LA City,{5DE58410-9F9D-46A0-B168-E695CB602DFF},0,,5DE58410-9F9D-46A0-B168-E695CB602DFF,Unknown,,W,,,St,W Keswick St,2023/09/12 23:03:18+00,9928 W Keswick St Burbank 91504,5DE58410-9F9D-46A0-B168-E695CB602DFF_9928_W_Keswick_St_Burbank_91504,Keswick,9928 W Keswick Street St Los Angeles 91504,,,,
212318,387662,,2405018007.0,,9922.0,,,West,,,Keswick,Street,,,,,,,,,,,,,91504.0,,Los Angeles,Burbank,,,,,LA City,{9E7C393B-1708-4F87-A1ED-30B778DCB9AB},0,,9E7C393B-1708-4F87-A1ED-30B778DCB9AB,Unknown,,W,,,St,W Keswick St,2023/09/12 23:03:18+00,9922 W Keswick St Burbank 91504,9E7C393B-1708-4F87-A1ED-30B778DCB9AB_9922_W_Keswick_St_Burbank_91504,Keswick,9922 W Keswick Street St Los Angeles 91504,,,,
212319,387663,,2405018008.0,,9916.0,,,West,,,Keswick,Street,,,,,,,,,,,,,91504.0,,Los Angeles,Burbank,,,,,LA City,{9FDC0A26-6679-48B3-BD37-A36033F7DF14},0,,9FDC0A26-6679-48B3-BD37-A36033F7DF14,Unknown,,W,,,St,W Keswick St,2023/09/12 23:03:18+00,9916 W Keswick St Burbank 91504,9FDC0A26-6679-48B3-BD37-A36033F7DF14_9916_W_Keswick_St_Burbank_91504,Keswick,9916 W Keswick Street St Los Angeles 91504,,,,
212320,387664,,2405018009.0,,9912.0,,,West,,,Keswick,Street,,,,,,,,,,,,,91504.0,,Los Angeles,Burbank,,,,,LA City,{E6232BD8-7661-4B8D-A4E7-B5D795B2656B},0,,E6232BD8-7661-4B8D-A4E7-B5D795B2656B,Unknown,,W,,,St,W Keswick St,2023/09/12 23:03:18+00,9912 W Keswick St Burbank 91504,E6232BD8-7661-4B8D-A4E7-B5D795B2656B_9912_W_Keswick_St_Burbank_91504,Keswick,9912 W Keswick Street St Los Angeles 91504,,,,
212321,387665,,2405018010.0,,9900.0,,,West,,,Keswick,Street,,,,,,,,,,,,,91504.0,,Los Angeles,Burbank,,,,,LA City,{CB984A9B-333C-4B84-BFDC-0CCAC0D6CAFD},0,,CB984A9B-333C-4B84-BFDC-0CCAC0D6CAFD,Unknown,,W,,,St,W Keswick St,2023/09/12 23:03:18+00,9900 W Keswick St Burbank 91504,CB984A9B-333C-4B84-BFDC-0CCAC0D6CAFD_9900_W_Keswick_St_Burbank_91504,Keswick,9900 W Keswick Street St Los Angeles 91504,,,,
212322,387666,,2405018010.0,,9906.0,,,West,,,Keswick,Street,,,,,,,,,,,,,91504.0,,Los Angeles,Burbank,,,,,LA City,{B97FC650-7B54-4284-AF7B-79DDA4884550},0,,B97FC650-7B54-4284-AF7B-79DDA4884550,Unknown,,W,,,St,W Keswick St,2023/09/12 23:03:18+00,9906 W Keswick St Burbank 91504,B97FC650-7B54-4284-AF7B-79DDA4884550_9906_W_Keswick_St_Burbank_91504,Keswick,9906 W Keswick Street St Los Angeles 91504,,,,
212323,387667,,2405018011.0,,9901.0,,,West,,,Lull,Street,,,,,,,,,,,,,91504.0,,Los Angeles,Burbank,,,,,LA City,{E956FC5B-F47D-411C-8587-E680D047A5C1},0,,E956FC5B-F47D-411C-8587-E680D047A5C1,Unknown,,W,,,St,W Lull St,2023/09/12 23:03:18+00,9901 W Lull St Burbank 91504,E956FC5B-F47D-411C-8587-E680D047A5C1_9901_W_Lull_St_Burbank_91504,Lull,9901 W Lull Street St Los Angeles 91504,,,,
212324,387668,,2405018012.0,,9907.0,,,West,,,Lull,Street,,,,,,,,,,,,,91504.0,,Los Angeles,Burbank,,,,,LA City,{1B1850E5-555A-4D56-9284-0ED3DF545C29},0,,1B1850E5-555A-4D56-9284-0ED3DF545C29,Unknown,,W,,,St,W Lull St,2023/09/12 23:03:18+00,9907 W Lull St Burbank 91504,1B1850E5-555A-4D56-9284-0ED3DF545C29_9907_W_Lull_St_Burbank_91504,Lull,9907 W Lull Street St Los Angeles 91504,,,,
212325,387669,,2405018013.0,,9913.0,,,West,,,Lull,Street,,,,,,,,,,,,,91504.0,,Los Angeles,Burbank,,,,,LA City,{17245641-F449-4843-81AA-6DC2CEAA51C6},0,,17245641-F449-4843-81AA-6DC2CEAA51C6,Unknown,,W,,,St,W Lull St,2023/09/12 23:03:18+00,9913 W Lull St Burbank 91504,17245641-F449-4843-81AA-6DC2CEAA51C6_9913_W_Lull_St_Burbank_91504,Lull,9913 W Lull Street St Los Angeles 91504,,,,
212326,387670,,2405018014.0,,9917.0,,,West,,,Lull,Street,,,,,,,,,,,,,91504.0,,Los Angeles,Burbank,,,,,LA City,{78FA545E-E3C2-49B3-A226-6F7A1A3B1DD9},0,,78FA545E-E3C2-49B3-A226-6F7A1A3B1DD9,Unknown,,W,,,St,W Lull St,2023/09/12 23:03:18+00,9917 W Lull St Burbank 91504,78FA545E-E3C2-49B3-A226-6F7A1A3B1DD9_9917_W_Lull_St_Burbank_91504,Lull,9917 W Lull Street St Los Angeles 91504,,,,
212327,387671,,2405018015.0,,9923.0,,,West,,,Lull,Street,,,,,,,,,,,,,91504.0,,Los Angeles,Burbank,,,,,LA City,{C8C0EAD5-9C34-44B0-AED7-81812046EE6E},0,,C8C0EAD5-9C34-44B0-AED7-81812046EE6E,Unknown,,W,,,St,W Lull St,2023/09/12 23:03:18+00,9923 W Lull St Burbank 91504,C8C0EAD5-9C34-44B0-AED7-81812046EE6E_9923_W_Lull_St_Burbank_91504,Lull,9923 W Lull Street St Los Angeles 91504,,,,
212328,387672,,2405018016.0,,9929.0,,,West,,,Lull,Street,,,,,,,,,,,,,91504.0,,Los Angeles,Burbank,,,,,LA City,{418141B5-8952-4C14-A224-BAFAC58B6889},0,,418141B5-8952-4C14-A224-BAFAC58B6889,Unknown,,W,,,St,W Lull St,2023/09/12 23:03:18+00,9929 W Lull St Burbank 91504,418141B5-8952-4C14-A224-BAFAC58B6889_9929_W_Lull_St_Burbank_91504,Lull,9929 W Lull Street St Los Angeles 91504,,,,
212329,387673,,2405018017.0,,9933.0,,,West,,,Lull,Street,,,,,,,,,,,,,91504.0,,Los Angeles,Burbank,,,,,LA City,{7556F73E-915A-4E89-A4A8-433CC41F1802},0,,7556F73E-915A-4E89-A4A8-433CC41F1802,Unknown,,W,,,St,W Lull St,2023/09/12 23:03:18+00,9933 W Lull St Burbank 91504,7556F73E-915A-4E89-A4A8-433CC41F1802_9933_W_Lull_St_Burbank_91504,Lull,9933 W Lull Street St Los Angeles 91504,,,,
212330,387674,,2405018018.0,,9939.0,,,West,,,Lull,Street,,,,,,,,,,,,,91504.0,,Los Angeles,Burbank,,,,,LA City,{1B48E679-5884-4E99-8C45-C846FD309788},0,,1B48E679-5884-4E99-8C45-C846FD309788,Unknown,,W,,,St,W Lull St,2023/09/12 23:03:18+00,9939 W Lull St Burbank 91504,1B48E679-5884-4E99-8C45-C846FD309788_9939_W_Lull_St_Burbank_91504,Lull,9939 W Lull Street St Los Angeles 91504,,,,
212331,387675,,2405018019.0,,9947.0,,,West,,,Lull,Street,,,,,,,,,,,,,91504.0,,Los Angeles,Burbank,,,,,LA City,{C91450D3-7C47-4428-84EC-7C39F45D69EE},0,,C91450D3-7C47-4428-84EC-7C39F45D69EE,Unknown,,W,,,St,W Lull St,2023/09/12 23:03:18+00,9947 W Lull St Burbank 91504,C91450D3-7C47-4428-84EC-7C39F45D69EE_9947_W_Lull_St_Burbank_91504,Lull,9947 W Lull Street St Los Angeles 91504,,,,
212332,387676,,2405018019.0,,9945.0,,,West,,,Lull,Street,,,,,,,,,,,,,91504.0,,Los Angeles,Burbank,,,,,LA City,{25E2A64A-EE54-47F6-A261-E3847652D661},0,,25E2A64A-EE54-47F6-A261-E3847652D661,Unknown,,W,,,St,W Lull St,2023/09/12 23:03:18+00,9945 W Lull St Burbank 91504,25E2A64A-EE54-47F6-A261-E3847652D661_9945_W_Lull_St_Burbank_91504,Lull,9945 W Lull Street St Los Angeles 91504,,,,
212333,387677,,2405018020.0,,9949.0,,,West,,,Lull,Street,,,,,,,,,,,,,91504.0,,Los Angeles,Burbank,,,,,LA City,{5BD2694C-EDB6-4186-8485-9B59983A10C4},0,,5BD2694C-EDB6-4186-8485-9B59983A10C4,Unknown,,W,,,St,W Lull St,2023/09/12 23:03:18+00,9949 W Lull St Burbank 91504,5BD2694C-EDB6-4186-8485-9B59983A10C4_9949_W_Lull_St_Burbank_91504,Lull,9949 W Lull Street St Los Angeles 91504,,,,
212336,387680,,2405018023.0,,9948.0,,,West,,,Lull,Street,,,,,,,,,,,,,91504.0,,Los Angeles,Burbank,,,,,LA City,{946EAFFD-163B-4F14-A14D-52C972D13B29},0,,946EAFFD-163B-4F14-A14D-52C972D13B29,Unknown,,W,,,St,W Lull St,2023/09/12 23:03:18+00,9948 W Lull St Burbank 91504,946EAFFD-163B-4F14-A14D-52C972D13B29_9948_W_Lull_St_Burbank_91504,Lull,9948 W Lull Street St Los Angeles 91504,,,,
212337,387681,,2405018024.0,,9946.0,,,West,,,Lull,Street,,,,,,,,,,,,,91504.0,,Los Angeles,Burbank,,,,,LA City,{AE6A4220-83A3-4B25-B163-9ED3AD067802},0,,AE6A4220-83A3-4B25-B163-9ED3AD067802,Unknown,,W,,,St,W Lull St,2023/09/12 23:03:18+00,9946 W Lull St Burbank 91504,AE6A4220-83A3-4B25-B163-9ED3AD067802_9946_W_Lull_St_Burbank_91504,Lull,9946 W Lull Street St Los Angeles 91504,,,,
212338,387682,,2405018024.0,,9944.0,,,West,,,Lull,Street,,,,,,,,,,,,,91504.0,,Los Angeles,Burbank,,,,,LA City,{253A0DBB-FA97-417A-9A5D-C5B58629E6E4},0,,253A0DBB-FA97-417A-9A5D-C5B58629E6E4,Unknown,,W,,,St,W Lull St,2023/09/12 23:03:18+00,9944 W Lull St Burbank 91504,253A0DBB-FA97-417A-9A5D-C5B58629E6E4_9944_W_Lull_St_Burbank_91504,Lull,9944 W Lull Street St Los Angeles 91504,,,,
212339,387683,,2405018025.0,,9938.0,,,West,,,Lull,Street,,,,,,,,,,,,,91504.0,,Los Angeles,Burbank,,,,,LA City,{9C91AB22-F447-4572-868E-ED0FE1217F25},0,,9C91AB22-F447-4572-868E-ED0FE1217F25,Unknown,,W,,,St,W Lull St,2023/09/12 23:03:18+00,9938 W Lull St Burbank 91504,9C91AB22-F447-4572-868E-ED0FE1217F25_9938_W_Lull_St_Burbank_91504,Lull,9938 W Lull Street St Los Angeles 91504,,,,
212340,387684,,2405018025.0,,9936.0,,,West,,,Lull,Street,,,,,,,,,,,,,91504.0,,Los Angeles,Burbank,,,,,LA City,{3F318B10-7A08-4516-971B-2558212A44F5},0,,3F318B10-7A08-4516-971B-2558212A44F5,Unknown,,W,,,St,W Lull St,2023/09/12 23:03:18+00,9936 W Lull St Burbank 91504,3F318B10-7A08-4516-971B-2558212A44F5_9936_W_Lull_St_Burbank_91504,Lull,9936 W Lull Street St Los Angeles 91504,,,,
212341,387685,,2405018027.0,,9928.0,,,West,,,Lull,Street,,,,,,,,,,,,,91504.0,,Los Angeles,Burbank,,,,,LA City,{49D8983F-57F9-4CC6-8F4B-E01E70D4A5FE},0,,49D8983F-57F9-4CC6-8F4B-E01E70D4A5FE,Unknown,,W,,,St,W Lull St,2023/09/12 23:03:18+00,9928 W Lull St Burbank 91504,49D8983F-57F9-4CC6-8F4B-E01E70D4A5FE_9928_W_Lull_St_Burbank_91504,Lull,9928 W Lull Street St Los Angeles 91504,,,,
212342,387686,,2405018028.0,,9922.0,,,West,,,Lull,Street,,,,,,,,,,,,,91504.0,,Los Angeles,Burbank,,,,,LA City,{0C161679-2B85-4434-8455-6318072261C5},0,,0C161679-2B85-4434-8455-6318072261C5,Unknown,,W,,,St,W Lull St,2023/09/12 23:03:18+00,9922 W Lull St Burbank 91504,0C161679-2B85-4434-8455-6318072261C5_9922_W_Lull_St_Burbank_91504,Lull,9922 W Lull Street St Los Angeles 91504,,,,
212343,387687,,2405018029.0,,9916.0,,,West,,,Lull,Street,,,,,,,,,,,,,91504.0,,Los Angeles,Burbank,,,,,LA City,{52A80B4C-C58F-40BC-B19E-EC3D1BCC6344},0,,52A80B4C-C58F-40BC-B19E-EC3D1BCC6344,Unknown,,W,,,St,W Lull St,2023/09/12 23:03:18+00,9916 W Lull St Burbank 91504,52A80B4C-C58F-40BC-B19E-EC3D1BCC6344_9916_W_Lull_St_Burbank_91504,Lull,9916 W Lull Street St Los Angeles 91504,,,,
212344,387688,,2405018030.0,,9914.0,,,West,,,Lull,Street,,,,,,,,,,,,,91504.0,,Los Angeles,Burbank,,,,,LA City,{61B7F660-02ED-4368-8D2B-43DD8A0BD9B1},0,,61B7F660-02ED-4368-8D2B-43DD8A0BD9B1,Unknown,,W,,,St,W Lull St,2023/09/12 23:03:18+00,9914 W Lull St Burbank 91504,61B7F660-02ED-4368-8D2B-43DD8A0BD9B1_9914_W_Lull_St_Burbank_91504,Lull,9914 W Lull Street St Los Angeles 91504,,,,
212345,387689,,2405018030.0,,9912.0,,,West,,,Lull,Street,,,,,,,,,,,,,91504.0,,Los Angeles,Burbank,,,,,LA City,{ADD9AF59-3B26-4AAD-8FA3-069CADB7A193},0,,ADD9AF59-3B26-4AAD-8FA3-069CADB7A193,Unknown,,W,,,St,W Lull St,2023/09/12 23:03:18+00,9912 W Lull St Burbank 91504,ADD9AF59-3B26-4AAD-8FA3-069CADB7A193_9912_W_Lull_St_Burbank_91504,Lull,9912 W Lull Street St Los Angeles 91504,,,,
212346,387690,,2405018031.0,,9906.0,,,West,,,Lull,Street,,,,,,,,,,,,,91504.0,,Los Angeles,Burbank,,,,,LA City,{29C10386-407D-4866-9BA1-377A9E6FF2AC},0,,29C10386-407D-4866-9BA1-377A9E6FF2AC,Unknown,,W,,,St,W Lull St,2023/09/12 23:03:18+00,9906 W Lull St Burbank 91504,29C10386-407D-4866-9BA1-377A9E6FF2AC_9906_W_Lull_St_Burbank_91504,Lull,9906 W Lull Street St Los Angeles 91504,,,,
212347,387691,,2405018032.0,,7619.0,,,North,,,Security,Avenue,,,,,,,,,,,,,91504.0,,Los Angeles,Burbank,,,,,LA City,{F4BEB66F-64E6-4A17-9A30-9A56E40F66D5},0,,F4BEB66F-64E6-4A17-9A30-9A56E40F66D5,Unknown,,N,,,Ave,N Security Ave,2023/09/12 23:03:18+00,7619 N Security Ave Burbank 91504,F4BEB66F-64E6-4A17-9A30-9A56E40F66D5_7619_N_Security_Ave_Burbank_91504,Security,7619 N Security Avenue Ave Los Angeles 91504,,,,
212348,387692,,2405018032.0,,9900.0,,,West,,,Lull,Street,,,,,,,,,,,,,91504.0,,Los Angeles,Burbank,,,,,LA City,{4FFAD867-8899-4735-B166-93E447987535},0,,4FFAD867-8899-4735-B166-93E447987535,Unknown,,W,,,St,W Lull St,2023/09/12 23:03:18+00,9900 W Lull St Burbank 91504,4FFAD867-8899-4735-B166-93E447987535_9900_W_Lull_St_Burbank_91504,Lull,9900 W Lull Street St Los Angeles 91504,,,,
212349,387693,,2405018033.0,,9901.0,,,West,,,Saticoy,Street,,,,,,,,,,,,,91504.0,,Los Angeles,Burbank,,,,,LA City,{D8B7AB45-03A9-4164-AE60-890AFCD4E412},0,,D8B7AB45-03A9-4164-AE60-890AFCD4E412,Unknown,,W,,,St,W Saticoy St,2023/09/12 23:03:18+00,9901 W Saticoy St Burbank 91504,D8B7AB45-03A9-4164-AE60-890AFCD4E412_9901_W_Saticoy_St_Burbank_91504,Saticoy,9901 W Saticoy Street St Los Angeles 91504,,,,
212350,387694,,2405018034.0,,9907.0,,,West,,,Saticoy,Street,,,,,,,,,,,,,91504.0,,Los Angeles,Burbank,,,,,LA City,{0F36B14F-7F75-4FEC-B1BF-1C4139308645},0,,0F36B14F-7F75-4FEC-B1BF-1C4139308645,Unknown,,W,,,St,W Saticoy St,2023/09/12 23:03:18+00,9907 W Saticoy St Burbank 91504,0F36B14F-7F75-4FEC-B1BF-1C4139308645_9907_W_Saticoy_St_Burbank_91504,Saticoy,9907 W Saticoy Street St Los Angeles 91504,,,,
212351,387695,,2405018034.0,,9905.0,,,West,,,Saticoy,Street,,,,,,,,,,,,,91504.0,,Los Angeles,Burbank,,,,,LA City,{0F7F9CFB-4F5D-4BB7-9D0C-EBB866536AC3},0,,0F7F9CFB-4F5D-4BB7-9D0C-EBB866536AC3,Unknown,,W,,,St,W Saticoy St,2023/09/12 23:03:18+00,9905 W Saticoy St Burbank 91504,0F7F9CFB-4F5D-4BB7-9D0C-EBB866536AC3_9905_W_Saticoy_St_Burbank_91504,Saticoy,9905 W Saticoy Street St Los Angeles 91504,,,,
212352,387696,,2405018035.0,,9913.0,,,West,,,Saticoy,Street,,,,,,,,,,,,,91504.0,,Los Angeles,Burbank,,,,,LA City,{8CB8C2F6-BE2C-4F55-ADC7-B7BDB266AD66},0,,8CB8C2F6-BE2C-4F55-ADC7-B7BDB266AD66,Unknown,,W,,,St,W Saticoy St,2023/09/12 23:03:18+00,9913 W Saticoy St Burbank 91504,8CB8C2F6-BE2C-4F55-ADC7-B7BDB266AD66_9913_W_Saticoy_St_Burbank_91504,Saticoy,9913 W Saticoy Street St Los Angeles 91504,,,,
212353,387697,,2405018036.0,,9917.0,,,West,,,Saticoy,Street,,,,,,,,,,,,,91504.0,,Los Angeles,Burbank,,,,,LA City,{4508B1B4-5BFF-4F52-8C77-7F5397F7BD6E},0,,4508B1B4-5BFF-4F52-8C77-7F5397F7BD6E,Unknown,,W,,,St,W Saticoy St,2023/09/12 23:03:18+00,9917 W Saticoy St Burbank 91504,4508B1B4-5BFF-4F52-8C77-7F5397F7BD6E_9917_W_Saticoy_St_Burbank_91504,Saticoy,9917 W Saticoy Street St Los Angeles 91504,,,,
212354,387698,,2405018037.0,,9923.0,,,West,,,Saticoy,Street,,,,,,,,,,,,,91504.0,,Los Angeles,Burbank,,,,,LA City,{E8488F49-5E5E-4EA7-B781-0757091F5618},0,,E8488F49-5E5E-4EA7-B781-0757091F5618,Unknown,,W,,,St,W Saticoy St,2023/09/12 23:03:18+00,9923 W Saticoy St Burbank 91504,E8488F49-5E5E-4EA7-B781-0757091F5618_9923_W_Saticoy_St_Burbank_91504,Saticoy,9923 W Saticoy Street St Los Angeles 91504,,,,
212355,387699,,2405018038.0,,9929.0,,,West,,,Saticoy,Street,,,,,,,,,,,,,91504.0,,Los Angeles,Burbank,,,,,LA City,{A784C083-2E9E-4107-9FBC-DB486F29D0EC},0,,A784C083-2E9E-4107-9FBC-DB486F29D0EC,Unknown,,W,,,St,W Saticoy St,2023/09/12 23:03:18+00,9929 W Saticoy St Burbank 91504,A784C083-2E9E-4107-9FBC-DB486F29D0EC_9929_W_Saticoy_St_Burbank_91504,Saticoy,9929 W Saticoy Street St Los Angeles 91504,,,,
212356,387700,,2405018039.0,,9933.0,,,West,,,Saticoy,Street,,,,,,,,,,,,,91504.0,,Los Angeles,Burbank,,,,,LA City,{057C7D46-8360-4C70-A59D-1F6EACF9DBF0},0,,057C7D46-8360-4C70-A59D-1F6EACF9DBF0,Unknown,,W,,,St,W Saticoy St,2023/09/12 23:03:18+00,9933 W Saticoy St Burbank 91504,057C7D46-8360-4C70-A59D-1F6EACF9DBF0_9933_W_Saticoy_St_Burbank_91504,Saticoy,9933 W Saticoy Street St Los Angeles 91504,,,,
212357,387701,,2405018040.0,,9939.0,,,West,,,Saticoy,Street,,,,,,,,,,,,,91504.0,,Los Angeles,Burbank,,,,,LA City,{89B2D0C0-D8A6-459A-AECD-76D157EA21A2},0,,89B2D0C0-D8A6-459A-AECD-76D157EA21A2,Unknown,,W,,,St,W Saticoy St,2023/09/12 23:03:18+00,9939 W Saticoy St Burbank 91504,89B2D0C0-D8A6-459A-AECD-76D157EA21A2_9939_W_Saticoy_St_Burbank_91504,Saticoy,9939 W Saticoy Street St Los Angeles 91504,,,,
212358,387702,,2405018041.0,,9945.0,,,West,,,Saticoy,Street,,,,,,,,,,,,,91504.0,,Los Angeles,Burbank,,,,,LA City,{123261B6-BC3C-4FB1-90E3-E7243A2981F3},0,,123261B6-BC3C-4FB1-90E3-E7243A2981F3,Unknown,,W,,,St,W Saticoy St,2023/09/12 23:03:18+00,9945 W Saticoy St Burbank 91504,123261B6-BC3C-4FB1-90E3-E7243A2981F3_9945_W_Saticoy_St_Burbank_91504,Saticoy,9945 W Saticoy Street St Los Angeles 91504,,,,
212359,387703,,2405018042.0,,9949.0,,,West,,,Saticoy,Street,,,,,,,,,,,,,91504.0,,Los Angeles,Burbank,,,,,LA City,{0B4E3396-6A6C-4E9F-B7E7-F726237396CC},0,,0B4E3396-6A6C-4E9F-B7E7-F726237396CC,Unknown,,W,,,St,W Saticoy St,2023/09/12 23:03:18+00,9949 W Saticoy St Burbank 91504,0B4E3396-6A6C-4E9F-B7E7-F726237396CC_9949_W_Saticoy_St_Burbank_91504,Saticoy,9949 W Saticoy Street St Los Angeles 91504,,,,
212362,387706,,2405019002.0,,9950.0,,,West,,,Saticoy,Street,,,,,,,,,,,,,91504.0,,Los Angeles,Burbank,,,,,LA City,{652B1744-7F79-4D47-B012-41F3EB6237AD},0,,652B1744-7F79-4D47-B012-41F3EB6237AD,Unknown,,W,,,St,W Saticoy St,2023/09/12 23:03:18+00,9950 W Saticoy St Burbank 91504,652B1744-7F79-4D47-B012-41F3EB6237AD_9950_W_Saticoy_St_Burbank_91504,Saticoy,9950 W Saticoy Street St Los Angeles 91504,,,,
212363,387707,,2405019003.0,,9944.0,,,West,,,Saticoy,Street,,,,,,,,,,,,,91504.0,,Los Angeles,Burbank,,,,,LA City,{3B20E1BC-26B4-424E-916F-68422D009E6A},0,,3B20E1BC-26B4-424E-916F-68422D009E6A,Unknown,,W,,,St,W Saticoy St,2023/09/12 23:03:18+00,9944 W Saticoy St Burbank 91504,3B20E1BC-26B4-424E-916F-68422D009E6A_9944_W_Saticoy_St_Burbank_91504,Saticoy,9944 W Saticoy Street St Los Angeles 91504,,,,
212364,387708,,2405019004.0,,9940.0,,,West,,,Saticoy,Street,,,,,,,,,,,,,91504.0,,Los Angeles,Burbank,,,,,LA City,{9DFA569C-BB05-41E6-ABBF-070EEE3E7276},0,,9DFA569C-BB05-41E6-ABBF-070EEE3E7276,Unknown,,W,,,St,W Saticoy St,2023/09/12 23:03:18+00,9940 W Saticoy St Burbank 91504,9DFA569C-BB05-41E6-ABBF-070EEE3E7276_9940_W_Saticoy_St_Burbank_91504,Saticoy,9940 W Saticoy Street St Los Angeles 91504,,,,
212365,387709,,2405019005.0,,9934.0,,,West,,,Saticoy,Street,,,,,,,,,,,,,91504.0,,Los Angeles,Burbank,,,,,LA City,{0F761782-1E6D-4063-992D-AC252A2179E6},0,,0F761782-1E6D-4063-992D-AC252A2179E6,Unknown,,W,,,St,W Saticoy St,2023/09/12 23:03:18+00,9934 W Saticoy St Burbank 91504,0F761782-1E6D-4063-992D-AC252A2179E6_9934_W_Saticoy_St_Burbank_91504,Saticoy,9934 W Saticoy Street St Los Angeles 91504,,,,
212366,387710,,2405019006.0,,9930.0,,,West,,,Saticoy,Street,,,,,,,,,,,,,91504.0,,Los Angeles,Burbank,,,,,LA City,{1DFD80AF-918B-43D1-995F-9DF406A2B7F2},0,,1DFD80AF-918B-43D1-995F-9DF406A2B7F2,Unknown,,W,,,St,W Saticoy St,2023/09/12 23:03:18+00,9930 W Saticoy St Burbank 91504,1DFD80AF-918B-43D1-995F-9DF406A2B7F2_9930_W_Saticoy_St_Burbank_91504,Saticoy,9930 W Saticoy Street St Los Angeles 91504,,,,
212367,387711,,2405019007.0,,9924.0,,,West,,,Saticoy,Street,,,,,,,,,,,,,91504.0,,Los Angeles,Burbank,,,,,LA City,{1B979DCB-1DF6-450D-9FBC-77ACCE524019},0,,1B979DCB-1DF6-450D-9FBC-77ACCE524019,Unknown,,W,,,St,W Saticoy St,2023/09/12 23:03:18+00,9924 W Saticoy St Burbank 91504,1B979DCB-1DF6-450D-9FBC-77ACCE524019_9924_W_Saticoy_St_Burbank_91504,Saticoy,9924 W Saticoy Street St Los Angeles 91504,,,,
212368,387712,,2405019008.0,,9920.0,,,West,,,Saticoy,Street,,,,,,,,,,,,,91504.0,,Los Angeles,Burbank,,,,,LA City,{27515B72-4B84-4FE5-9DA3-174A5ED52058},0,,27515B72-4B84-4FE5-9DA3-174A5ED52058,Unknown,,W,,,St,W Saticoy St,2023/09/12 23:03:18+00,9920 W Saticoy St Burbank 91504,27515B72-4B84-4FE5-9DA3-174A5ED52058_9920_W_Saticoy_St_Burbank_91504,Saticoy,9920 W Saticoy Street St Los Angeles 91504,,,,
212369,387713,,2405019009.0,,9914.0,,,West,,,Saticoy,Street,,,,,,,,,,,,,91504.0,,Los Angeles,Burbank,,,,,LA City,{1D558982-C87E-4333-B380-6E621699AA3E},0,,1D558982-C87E-4333-B380-6E621699AA3E,Unknown,,W,,,St,W Saticoy St,2023/09/12 23:03:18+00,9914 W Saticoy St Burbank 91504,1D558982-C87E-4333-B380-6E621699AA3E_9914_W_Saticoy_St_Burbank_91504,Saticoy,9914 W Saticoy Street St Los Angeles 91504,,,,
212370,387714,,2405019010.0,,9911.0,,,West,,,Covello,Street,,,,,,,,,,,,,91504.0,,Los Angeles,Burbank,,,,,LA City,{82463437-3B4E-4A38-BDF9-6DBF0F2C4C07},0,,82463437-3B4E-4A38-BDF9-6DBF0F2C4C07,Unknown,,W,,,St,W Covello St,2023/09/12 23:03:18+00,9911 W Covello St Burbank 91504,82463437-3B4E-4A38-BDF9-6DBF0F2C4C07_9911_W_Covello_St_Burbank_91504,Covello,9911 W Covello Street St Los Angeles 91504,,,,
212371,387715,,2405019010.0,,9913.0,,,West,,,Covello,Street,,,,,,,,,,,,,91504.0,,Los Angeles,Burbank,,,,,LA City,{69431420-0813-4B85-865D-4B0D1F3C4900},0,,69431420-0813-4B85-865D-4B0D1F3C4900,Unknown,,W,,,St,W Covello St,2023/09/12 23:03:18+00,9913 W Covello St Burbank 91504,69431420-0813-4B85-865D-4B0D1F3C4900_9913_W_Covello_St_Burbank_91504,Covello,9913 W Covello Street St Los Angeles 91504,,,,
212372,387716,,2405019011.0,,9917.0,,,West,,,Covello,Street,,,,,,,,,,,,,91504.0,,Los Angeles,Burbank,,,,,LA City,{604494E7-AEE0-407E-9100-9B7DE591BFFE},0,,604494E7-AEE0-407E-9100-9B7DE591BFFE,Unknown,,W,,,St,W Covello St,2023/09/12 23:03:18+00,9917 W Covello St Burbank 91504,604494E7-AEE0-407E-9100-9B7DE591BFFE_9917_W_Covello_St_Burbank_91504,Covello,9917 W Covello Street St Los Angeles 91504,,,,
212373,387717,,2405019011.0,,9919.0,,,West,,,Covello,Street,,,,,,,,,,,,,91504.0,,Los Angeles,Burbank,,,,,LA City,{73BD1D61-23EE-4CD1-8206-778A897D4597},0,,73BD1D61-23EE-4CD1-8206-778A897D4597,Unknown,,W,,,St,W Covello St,2023/09/12 23:03:18+00,9919 W Covello St Burbank 91504,73BD1D61-23EE-4CD1-8206-778A897D4597_9919_W_Covello_St_Burbank_91504,Covello,9919 W Covello Street St Los Angeles 91504,,,,
212374,387718,,2405019012.0,,9923.0,,,West,,,Covello,Street,,,,,,,,,,,,,91504.0,,Los Angeles,Burbank,,,,,LA City,{090F1A33-BA48-499E-933A-69AAEACABCFB},0,,090F1A33-BA48-499E-933A-69AAEACABCFB,Unknown,,W,,,St,W Covello St,2023/09/12 23:03:18+00,9923 W Covello St Burbank 91504,090F1A33-BA48-499E-933A-69AAEACABCFB_9923_W_Covello_St_Burbank_91504,Covello,9923 W Covello Street St Los Angeles 91504,,,,
212375,387719,,2405019013.0,,9929.0,,,West,,,Covello,Street,,,,,,,,,,,,,91504.0,,Los Angeles,Burbank,,,,,LA City,{731A935F-430B-4681-9728-0AF14C6E6A66},0,,731A935F-430B-4681-9728-0AF14C6E6A66,Unknown,,W,,,St,W Covello St,2023/09/12 23:03:18+00,9929 W Covello St Burbank 91504,731A935F-430B-4681-9728-0AF14C6E6A66_9929_W_Covello_St_Burbank_91504,Covello,9929 W Covello Street St Los Angeles 91504,,,,
212376,387720,,2405019014.0,,9935.0,,,West,,,Covello,Street,,,,,,,,,,,,,91504.0,,Los Angeles,Burbank,,,,,LA City,{7B9839E9-C2D5-4800-8D48-BE041E529B88},0,,7B9839E9-C2D5-4800-8D48-BE041E529B88,Unknown,,W,,,St,W Covello St,2023/09/12 23:03:18+00,9935 W Covello St Burbank 91504,7B9839E9-C2D5-4800-8D48-BE041E529B88_9935_W_Covello_St_Burbank_91504,Covello,9935 W Covello Street St Los Angeles 91504,,,,
212377,387721,,2405019015.0,,9939.0,,,West,,,Covello,Street,,,,,,,,,,,,,91504.0,,Los Angeles,Burbank,,,,,LA City,{CB11752C-526D-41A0-B687-D6782FDBBDFD},0,,CB11752C-526D-41A0-B687-D6782FDBBDFD,Unknown,,W,,,St,W Covello St,2023/09/12 23:03:18+00,9939 W Covello St Burbank 91504,CB11752C-526D-41A0-B687-D6782FDBBDFD_9939_W_Covello_St_Burbank_91504,Covello,9939 W Covello Street St Los Angeles 91504,,,,
212378,387722,,2405019016.0,,9947.0,,,West,,,Covello,Street,,,,,,,,,,,,,91504.0,,Los Angeles,Burbank,,,,,LA City,{F55293E0-3797-4986-BF6C-B69A14F35C39},0,,F55293E0-3797-4986-BF6C-B69A14F35C39,Unknown,,W,,,St,W Covello St,2023/09/12 23:03:18+00,9947 W Covello St Burbank 91504,F55293E0-3797-4986-BF6C-B69A14F35C39_9947_W_Covello_St_Burbank_91504,Covello,9947 W Covello Street St Los Angeles 91504,,,,
212379,387723,,2405019016.0,,9945.0,,,West,,,Covello,Street,,,,,,,,,,,,,91504.0,,Los Angeles,Burbank,,,,,LA City,{5FA840B8-08D3-44B9-931B-AD6E0281AF88},0,,5FA840B8-08D3-44B9-931B-AD6E0281AF88,Unknown,,W,,,St,W Covello St,2023/09/12 23:03:18+00,9945 W Covello St Burbank 91504,5FA840B8-08D3-44B9-931B-AD6E0281AF88_9945_W_Covello_St_Burbank_91504,Covello,9945 W Covello Street St Los Angeles 91504,,,,
212380,387724,,2405019016.0,,9943.0,,,West,,,Covello,Street,,,,,,,,,,,,,91504.0,,Los Angeles,Burbank,,,,,LA City,{40D57A29-6FD7-4AB0-AA06-DF43D8B28F27},0,,40D57A29-6FD7-4AB0-AA06-DF43D8B28F27,Unknown,,W,,,St,W Covello St,2023/09/12 23:03:18+00,9943 W Covello St Burbank 91504,40D57A29-6FD7-4AB0-AA06-DF43D8B28F27_9943_W_Covello_St_Burbank_91504,Covello,9943 W Covello Street St Los Angeles 91504,,,,
212381,387725,,2405019017.0,,9949.0,,,West,,,Covello,Street,,,,,,,,,,,,,91504.0,,Los Angeles,Burbank,,,,,LA City,{65FFC35A-99D0-40E6-BC28-8C9075546E97},0,,65FFC35A-99D0-40E6-BC28-8C9075546E97,Unknown,,W,,,St,W Covello St,2023/09/12 23:03:18+00,9949 W Covello St Burbank 91504,65FFC35A-99D0-40E6-BC28-8C9075546E97_9949_W_Covello_St_Burbank_91504,Covello,9949 W Covello Street St Los Angeles 91504,,,,
212382,387726,,2405019018.0,,9953.0,,,West,,,Covello,Street,,,,,,,,,,,,,91504.0,,Los Angeles,Burbank,,,,,LA City,{5908ACB0-6411-49A4-8CB5-934C863B1183},0,,5908ACB0-6411-49A4-8CB5-934C863B1183,Unknown,,W,,,St,W Covello St,2023/09/12 23:03:18+00,9953 W Covello St Burbank 91504,5908ACB0-6411-49A4-8CB5-934C863B1183_9953_W_Covello_St_Burbank_91504,Covello,9953 W Covello Street St Los Angeles 91504,,,,
212384,387728,,2405019020.0,,9946.0,,,West,,,Covello,Street,,,,,,,,,,,,,91504.0,,Los Angeles,Burbank,,,,,LA City,{C80454E0-9D38-4C0C-8985-5FF06E54DF4D},0,,C80454E0-9D38-4C0C-8985-5FF06E54DF4D,Unknown,,W,,,St,W Covello St,2023/09/12 23:03:18+00,9946 W Covello St Burbank 91504,C80454E0-9D38-4C0C-8985-5FF06E54DF4D_9946_W_Covello_St_Burbank_91504,Covello,9946 W Covello Street St Los Angeles 91504,,,,
212385,387729,,2405019021.0,,9947.0,,,West,,,Cohasset,Street,,,,,,,,,,,,,91504.0,,Los Angeles,Burbank,,,,,LA City,{6EB2B531-CCCD-4917-950F-5DA890C91EF9},0,,6EB2B531-CCCD-4917-950F-5DA890C91EF9,Unknown,,W,,,St,W Cohasset St,2023/09/12 23:03:18+00,9947 W Cohasset St Burbank 91504,6EB2B531-CCCD-4917-950F-5DA890C91EF9_9947_W_Cohasset_St_Burbank_91504,Cohasset,9947 W Cohasset Street St Los Angeles 91504,,,,
212386,387730,,2405019023.0,,9912.0,,,West,,,Covello,Street,,,,,,,,,,,,,91504.0,,Los Angeles,Burbank,,,,,LA City,{3B812D61-65D9-427B-B0DE-606F261C5936},0,,3B812D61-65D9-427B-B0DE-606F261C5936,Unknown,,W,,,St,W Covello St,2023/09/12 23:03:18+00,9912 W Covello St Burbank 91504,3B812D61-65D9-427B-B0DE-606F261C5936_9912_W_Covello_St_Burbank_91504,Covello,9912 W Covello Street St Los Angeles 91504,,,,
212387,387731,,2405019024.0,,9918.0,,,West,,,Covello,Street,,,,,,,,,,,,,91504.0,,Los Angeles,Burbank,,,,,LA City,{D895DE5F-5E2A-420A-843A-1FA72A49ABDC},0,,D895DE5F-5E2A-420A-843A-1FA72A49ABDC,Unknown,,W,,,St,W Covello St,2023/09/12 23:03:18+00,9918 W Covello St Burbank 91504,D895DE5F-5E2A-420A-843A-1FA72A49ABDC_9918_W_Covello_St_Burbank_91504,Covello,9918 W Covello Street St Los Angeles 91504,,,,
212388,387732,,2405019025.0,,9922.0,,,West,,,Covello,Street,,,,,,,,,,,,,91504.0,,Los Angeles,Burbank,,,,,LA City,{E629194F-A939-4FBA-85E4-854E8F842416},0,,E629194F-A939-4FBA-85E4-854E8F842416,Unknown,,W,,,St,W Covello St,2023/09/12 23:03:18+00,9922 W Covello St Burbank 91504,E629194F-A939-4FBA-85E4-854E8F842416_9922_W_Covello_St_Burbank_91504,Covello,9922 W Covello Street St Los Angeles 91504,,,,
212389,387733,,2405019025.0,,9924.0,,,West,,,Covello,Street,,,,,,,,,,,,,91504.0,,Los Angeles,Burbank,,,,,LA City,{2DB513A4-5B8C-45D1-AF49-4A5FEB42D79C},0,,2DB513A4-5B8C-45D1-AF49-4A5FEB42D79C,Unknown,,W,,,St,W Covello St,2024/05/12 21:05:27+00,9924 W Covello St Burbank 91504,2DB513A4-5B8C-45D1-AF49-4A5FEB42D79C_9924_W_Covello_St_Burbank_91504,Covello,9924 W Covello Street St Los Angeles 91504,,,,
212390,387734,,2405019025.0,,9924.0,1/2,,West,,,Covello,Street,,,,,,,,,,,,,91504.0,,Los Angeles,Burbank,,,,,LA City,{6B98A480-13BF-43A6-AD06-98A7DFD2D4AD},0,,6B98A480-13BF-43A6-AD06-98A7DFD2D4AD,Unknown,,W,,,St,W Covello St,2024/05/12 21:05:27+00,9924 1/2 W Covello St Burbank 91504,6B98A480-13BF-43A6-AD06-98A7DFD2D4AD_9924_1/2_W_Covello_St_Burbank_91504,Covello,9924 1/2 W Covello Street St Los Angeles 91504,,,,
212391,387735,,2405019033.0,,7535.0,,,North,,,Security,Avenue,,,,,,,,,,,,,91504.0,,Los Angeles,Burbank,,,,,LA City,{0778065F-9C8E-4B32-AFA0-4A570037ECCE},0,,0778065F-9C8E-4B32-AFA0-4A570037ECCE,Unknown,,N,,,Ave,N Security Ave,2023/09/12 23:03:18+00,7535 N Security Ave Burbank 91504,0778065F-9C8E-4B32-AFA0-4A570037ECCE_7535_N_Security_Ave_Burbank_91504,Security,7535 N Security Avenue Ave Los Angeles 91504,,,,
212392,387736,,2405019033.0,,7537.0,,,North,,,Security,Avenue,,,,,,,,,,,,,91504.0,,Los Angeles,Burbank,,,,,LA City,{39F799D6-C688-4F9D-9012-07A1BAE6CE64},0,,39F799D6-C688-4F9D-9012-07A1BAE6CE64,Unknown,,N,,,Ave,N Security Ave,2023/09/12 23:03:18+00,7537 N Security Ave Burbank 91504,39F799D6-C688-4F9D-9012-07A1BAE6CE64_7537_N_Security_Ave_Burbank_91504,Security,7537 N Security Avenue Ave Los Angeles 91504,,,,
212393,387737,,2405019034.0,,7543.0,,,North,,,Security,Avenue,,,,,,,,,,,,,91504.0,,Los Angeles,Burbank,,,,,LA City,{DEB66280-F876-4308-9DC0-4A33A6FC4A1E},0,,DEB66280-F876-4308-9DC0-4A33A6FC4A1E,Unknown,,N,,,Ave,N Security Ave,2023/09/12 23:03:18+00,7543 N Security Ave Burbank 91504,DEB66280-F876-4308-9DC0-4A33A6FC4A1E_7543_N_Security_Ave_Burbank_91504,Security,7543 N Security Avenue Ave Los Angeles 91504,,,,
212394,387738,,2405019034.0,,7541.0,,,North,,,Security,Avenue,,,,,,,,,,,,,91504.0,,Los Angeles,Burbank,,,,,LA City,{7271E56E-BC1A-4B0A-87FE-1AECE794BBE9},0,,7271E56E-BC1A-4B0A-87FE-1AECE794BBE9,Unknown,,N,,,Ave,N Security Ave,2023/09/12 23:03:18+00,7541 N Security Ave Burbank 91504,7271E56E-BC1A-4B0A-87FE-1AECE794BBE9_7541_N_Security_Ave_Burbank_91504,Security,7541 N Security Avenue Ave Los Angeles 91504,,,,
212395,387739,,2405019035.0,,9908.0,,,West,,,Saticoy,Street,,,,,,,,,,,,,91504.0,,Los Angeles,Burbank,,,,,LA City,{5533DAF3-465B-46B7-94AD-4A9FFFB2B617},0,,5533DAF3-465B-46B7-94AD-4A9FFFB2B617,Unknown,,W,,,St,W Saticoy St,2023/09/12 23:03:18+00,9908 W Saticoy St Burbank 91504,5533DAF3-465B-46B7-94AD-4A9FFFB2B617_9908_W_Saticoy_St_Burbank_91504,Saticoy,9908 W Saticoy Street St Los Angeles 91504,,,,
212396,387740,,2405019035.0,,9904.0,,,West,,,Saticoy,Street,,,,,,,,,,,,,91504.0,,Los Angeles,Burbank,,,,,LA City,{FD0E9833-F18E-485B-A0DD-F1FD3A1709C1},0,,FD0E9833-F18E-485B-A0DD-F1FD3A1709C1,Unknown,,W,,,St,W Saticoy St,2023/09/12 23:03:18+00,9904 W Saticoy St Burbank 91504,FD0E9833-F18E-485B-A0DD-F1FD3A1709C1_9904_W_Saticoy_St_Burbank_91504,Saticoy,9904 W Saticoy Street St Los Angeles 91504,,,,
212397,387741,,2405019035.0,,9906.0,,,West,,,Saticoy,Street,,,,,,,,,,,,,91504.0,,Los Angeles,Burbank,,,,,LA City,{A989958F-E66C-4D3A-A910-36032AC16D45},0,,A989958F-E66C-4D3A-A910-36032AC16D45,Unknown,,W,,,St,W Saticoy St,2023/09/12 23:03:18+00,9906 W Saticoy St Burbank 91504,A989958F-E66C-4D3A-A910-36032AC16D45_9906_W_Saticoy_St_Burbank_91504,Saticoy,9906 W Saticoy Street St Los Angeles 91504,,,,
212398,387742,,2405019036.0,,9900.0,,,West,,,Saticoy,Street,,,,,,,,,,,,,91504.0,,Los Angeles,Burbank,,,,,LA City,{A7B4CE09-8BAA-4C76-BA3E-85AF2467F9F4},0,,A7B4CE09-8BAA-4C76-BA3E-85AF2467F9F4,Unknown,,W,,,St,W Saticoy St,2023/09/12 23:03:18+00,9900 W Saticoy St Burbank 91504,A7B4CE09-8BAA-4C76-BA3E-85AF2467F9F4_9900_W_Saticoy_St_Burbank_91504,Saticoy,9900 W Saticoy Street St Los Angeles 91504,,,,
212399,387743,,2405019037.0,,7551.0,,,North,,,Security,Avenue,,,,,,,,,,,,,91504.0,,Los Angeles,Burbank,,,,,LA City,{A210E40B-A455-47BC-A686-9F9C1E560B94},0,,A210E40B-A455-47BC-A686-9F9C1E560B94,Unknown,,N,,,Ave,N Security Ave,2023/09/12 23:03:18+00,7551 N Security Ave Burbank 91504,A210E40B-A455-47BC-A686-9F9C1E560B94_7551_N_Security_Ave_Burbank_91504,Security,7551 N Security Avenue Ave Los Angeles 91504,,,,
212400,387744,,2405019038.0,,7545.0,,,North,,,Security,Avenue,,,,,,,,,,,,,91504.0,,Los Angeles,Burbank,,,,,LA City,{31B11F8F-5B0D-44E9-B05B-02643CA08802},0,,31B11F8F-5B0D-44E9-B05B-02643CA08802,Unknown,,N,,,Ave,N Security Ave,2023/09/12 23:03:18+00,7545 N Security Ave Burbank 91504,31B11F8F-5B0D-44E9-B05B-02643CA08802_7545_N_Security_Ave_Burbank_91504,Security,7545 N Security Avenue Ave Los Angeles 91504,,,,
212401,387745,,2405019038.0,,7547.0,,,North,,,Security,Avenue,,,,,,,,,,,,,91504.0,,Los Angeles,Burbank,,,,,LA City,{408924EB-A08A-4D15-B996-EA035DE28F13},0,,408924EB-A08A-4D15-B996-EA035DE28F13,Unknown,,N,,,Ave,N Security Ave,2023/09/12 23:03:18+00,7547 N Security Ave Burbank 91504,408924EB-A08A-4D15-B996-EA035DE28F13_7547_N_Security_Ave_Burbank_91504,Security,7547 N Security Avenue Ave Los Angeles 91504,,,,
212402,387746,,2405019039.0,,9927.0,,,West,,,Cohasset,Street,,,,,,,,,,,,,91504.0,,Los Angeles,Burbank,,,,,LA City,{F17C6678-9CAE-4380-B306-5D65AE29E700},0,,F17C6678-9CAE-4380-B306-5D65AE29E700,Unknown,,W,,,St,W Cohasset St,2023/09/12 23:03:18+00,9927 W Cohasset St Burbank 91504,F17C6678-9CAE-4380-B306-5D65AE29E700_9927_W_Cohasset_St_Burbank_91504,Cohasset,9927 W Cohasset Street St Los Angeles 91504,,,,
212403,387747,,2405019040.0,,9936.0,,,West,,,Covello,Street,,,,,,,,,,,,,91504.0,,Los Angeles,Burbank,,,,,LA City,{C07B5CF5-DBFF-4DAD-A594-57F16A3D6138},0,,C07B5CF5-DBFF-4DAD-A594-57F16A3D6138,Unknown,,W,,,St,W Covello St,2023/09/12 23:03:18+00,9936 W Covello St Burbank 91504,C07B5CF5-DBFF-4DAD-A594-57F16A3D6138_9936_W_Covello_St_Burbank_91504,Covello,9936 W Covello Street St Los Angeles 91504,,,,
212404,387748,,2405019040.0,,9940.0,,,West,,,Covello,Street,,,,,,,,,,,,,91504.0,,Los Angeles,Burbank,,,,,LA City,{A71AE35F-E586-4B7A-9190-1E24839257E4},0,,A71AE35F-E586-4B7A-9190-1E24839257E4,Unknown,,W,,,St,W Covello St,2023/09/12 23:03:18+00,9940 W Covello St Burbank 91504,A71AE35F-E586-4B7A-9190-1E24839257E4_9940_W_Covello_St_Burbank_91504,Covello,9940 W Covello Street St Los Angeles 91504,,,,
212405,387749,,2405019040.0,,9935.0,,,West,,,Cohasset,Street,,,,,,,,,,,,,91504.0,,Los Angeles,Burbank,,,,,LA City,{8DF37C73-70CB-4881-9468-122ED7CF75C5},0,,8DF37C73-70CB-4881-9468-122ED7CF75C5,Unknown,,W,,,St,W Cohasset St,2023/09/12 23:03:18+00,9935 W Cohasset St Burbank 91504,8DF37C73-70CB-4881-9468-122ED7CF75C5_9935_W_Cohasset_St_Burbank_91504,Cohasset,9935 W Cohasset Street St Los Angeles 91504,,,,
212406,387750,,2405019041.0,,9907.0,,,West,,,Cohasset,Street,,,,,,,,,,,,,91504.0,,Los Angeles,Burbank,,,,,LA City,{DE95D589-30C6-4235-9A6E-665A53FB819B},0,,DE95D589-30C6-4235-9A6E-665A53FB819B,Unknown,,W,,,St,W Cohasset St,2023/09/12 23:03:18+00,9907 W Cohasset St Burbank 91504,DE95D589-30C6-4235-9A6E-665A53FB819B_9907_W_Cohasset_St_Burbank_91504,Cohasset,9907 W Cohasset Street St Los Angeles 91504,,,,
212407,387751,,2405019041.0,,9909.0,,,West,,,Cohasset,Street,,,,,,,,,,,,,91504.0,,Los Angeles,Burbank,,,,,LA City,{AECF750E-0FEE-4CED-B238-37916B109C82},0,,AECF750E-0FEE-4CED-B238-37916B109C82,Unknown,,W,,,St,W Cohasset St,2023/09/12 23:03:18+00,9909 W Cohasset St Burbank 91504,AECF750E-0FEE-4CED-B238-37916B109C82_9909_W_Cohasset_St_Burbank_91504,Cohasset,9909 W Cohasset Street St Los Angeles 91504,,,,
212408,387752,,2405019042.0,,9911.0,,,West,,,Cohasset,Street,,,,,,,,,,,,,91504.0,,Los Angeles,Burbank,,,,,LA City,{1EECA6AC-C3CD-460B-86E3-F3DA20A45322},0,,1EECA6AC-C3CD-460B-86E3-F3DA20A45322,Unknown,,W,,,St,W Cohasset St,2023/09/12 23:03:18+00,9911 W Cohasset St Burbank 91504,1EECA6AC-C3CD-460B-86E3-F3DA20A45322_9911_W_Cohasset_St_Burbank_91504,Cohasset,9911 W Cohasset Street St Los Angeles 91504,,,,
212409,387753,,2405019042.0,,9915.0,,,West,,,Cohasset,Street,,,,,,,,,,,,,91504.0,,Los Angeles,Burbank,,,,,LA City,{A0EEE88F-67CA-4423-AAF8-AF0158761057},0,,A0EEE88F-67CA-4423-AAF8-AF0158761057,Unknown,,W,,,St,W Cohasset St,2023/09/12 23:03:18+00,9915 W Cohasset St Burbank 91504,A0EEE88F-67CA-4423-AAF8-AF0158761057_9915_W_Cohasset_St_Burbank_91504,Cohasset,9915 W Cohasset Street St Los Angeles 91504,,,,
212410,387754,,2405019043.0,,9923.0,,,West,,,Cohasset,Street,,,,,,,,,,,,,91504.0,,Los Angeles,Burbank,,,,,LA City,{1B2F0F4E-10CD-4D56-928E-DAB75C517691},0,,1B2F0F4E-10CD-4D56-928E-DAB75C517691,Unknown,,W,,,St,W Cohasset St,2023/09/12 23:03:18+00,9923 W Cohasset St Burbank 91504,1B2F0F4E-10CD-4D56-928E-DAB75C517691_9923_W_Cohasset_St_Burbank_91504,Cohasset,9923 W Cohasset Street St Los Angeles 91504,,,,
212412,387756,,2405019045.0,,9917.0,,,West,,,Cohasset,Street,,,,,,,,,,,,,91504.0,,Los Angeles,Burbank,,,,,LA City,{45684AE3-B051-4DA1-B162-B04F10F4B306},0,,45684AE3-B051-4DA1-B162-B04F10F4B306,Unknown,,W,,,St,W Cohasset St,2023/09/12 23:03:18+00,9917 W Cohasset St Burbank 91504,45684AE3-B051-4DA1-B162-B04F10F4B306_9917_W_Cohasset_St_Burbank_91504,Cohasset,9917 W Cohasset Street St Los Angeles 91504,,,,
212413,387757,,2405020001.0,,7501.0,,,North,,,Bloomington,Avenue,,,,,,,,,,,,,91504.0,,Los Angeles,Burbank,,,,,LA City,{C58E2A3B-4FD2-4FBB-A2F7-20147F440F0C},0,,C58E2A3B-4FD2-4FBB-A2F7-20147F440F0C,Unknown,,N,,,Ave,N Bloomington Ave,2023/09/12 23:03:18+00,7501 N Bloomington Ave Burbank 91504,C58E2A3B-4FD2-4FBB-A2F7-20147F440F0C_7501_N_Bloomington_Ave_Burbank_91504,Bloomington,7501 N Bloomington Avenue Ave Los Angeles 91504,,,,
212414,387758,,2405020002.0,,7507.0,,,North,,,Bloomington,Avenue,,,,,,,,,,,,,91504.0,,Los Angeles,Burbank,,,,,LA City,{36B240C5-8C2A-41CC-8A2A-0B0DB865854C},0,,36B240C5-8C2A-41CC-8A2A-0B0DB865854C,Unknown,,N,,,Ave,N Bloomington Ave,2023/09/12 23:03:18+00,7507 N Bloomington Ave Burbank 91504,36B240C5-8C2A-41CC-8A2A-0B0DB865854C_7507_N_Bloomington_Ave_Burbank_91504,Bloomington,7507 N Bloomington Avenue Ave Los Angeles 91504,,,,
212415,387759,,2405020003.0,,7513.0,,,North,,,Bloomington,Avenue,,,,,,,,,,,,,91504.0,,Los Angeles,Burbank,,,,,LA City,{9D85979A-47B2-40C1-9242-3231279E28A4},0,,9D85979A-47B2-40C1-9242-3231279E28A4,Unknown,,N,,,Ave,N Bloomington Ave,2023/09/12 23:03:18+00,7513 N Bloomington Ave Burbank 91504,9D85979A-47B2-40C1-9242-3231279E28A4_7513_N_Bloomington_Ave_Burbank_91504,Bloomington,7513 N Bloomington Avenue Ave Los Angeles 91504,,,,
212416,387760,,2405020004.0,,7517.0,,,North,,,Bloomington,Avenue,,,,,,,,,,,,,91504.0,,Los Angeles,Burbank,,,,,LA City,{8FAB7FF1-6933-4721-B40E-3C2E632773EC},0,,8FAB7FF1-6933-4721-B40E-3C2E632773EC,Unknown,,N,,,Ave,N Bloomington Ave,2023/09/12 23:03:18+00,7517 N Bloomington Ave Burbank 91504,8FAB7FF1-6933-4721-B40E-3C2E632773EC_7517_N_Bloomington_Ave_Burbank_91504,Bloomington,7517 N Bloomington Avenue Ave Los Angeles 91504,,,,
212417,387761,,2405020005.0,,7523.0,,,North,,,Bloomington,Avenue,,,,,,,,,,,,,91504.0,,Los Angeles,Burbank,,,,,LA City,{E77ED9F5-A725-4CAE-A567-34D22484E922},0,,E77ED9F5-A725-4CAE-A567-34D22484E922,Unknown,,N,,,Ave,N Bloomington Ave,2023/09/12 23:03:18+00,7523 N Bloomington Ave Burbank 91504,E77ED9F5-A725-4CAE-A567-34D22484E922_7523_N_Bloomington_Ave_Burbank_91504,Bloomington,7523 N Bloomington Avenue Ave Los Angeles 91504,,,,
212418,387762,,2405020006.0,,7527.0,,,North,,,Bloomington,Avenue,,,,,,,,,,,,,91504.0,,Los Angeles,Burbank,,,,,LA City,{9FB842EC-4845-4527-8A7B-4BB3BB937EF8},0,,9FB842EC-4845-4527-8A7B-4BB3BB937EF8,Unknown,,N,,,Ave,N Bloomington Ave,2023/09/12 23:03:18+00,7527 N Bloomington Ave Burbank 91504,9FB842EC-4845-4527-8A7B-4BB3BB937EF8_7527_N_Bloomington_Ave_Burbank_91504,Bloomington,7527 N Bloomington Avenue Ave Los Angeles 91504,,,,
212419,387763,,2405020007.0,,7533.0,,,North,,,Bloomington,Avenue,,,,,,,,,,,,,91504.0,,Los Angeles,Burbank,,,,,LA City,{FD8C1352-4547-4802-832F-FB93FADAF90A},0,,FD8C1352-4547-4802-832F-FB93FADAF90A,Unknown,,N,,,Ave,N Bloomington Ave,2023/09/12 23:03:18+00,7533 N Bloomington Ave Burbank 91504,FD8C1352-4547-4802-832F-FB93FADAF90A_7533_N_Bloomington_Ave_Burbank_91504,Bloomington,7533 N Bloomington Avenue Ave Los Angeles 91504,,,,
212420,387764,,2405020007.0,,7535.0,,,North,,,Bloomington,Avenue,,,,,,,,,,,,,91504.0,,Los Angeles,Burbank,,,,,LA City,{59F02842-761B-4B14-8789-4D328BDDFFCA},0,,59F02842-761B-4B14-8789-4D328BDDFFCA,Unknown,,N,,,Ave,N Bloomington Ave,2023/09/12 23:03:18+00,7535 N Bloomington Ave Burbank 91504,59F02842-761B-4B14-8789-4D328BDDFFCA_7535_N_Bloomington_Ave_Burbank_91504,Bloomington,7535 N Bloomington Avenue Ave Los Angeles 91504,,,,
212421,387765,,2405020008.0,,7537.0,,,North,,,Bloomington,Avenue,,,,,,,,,,,,,91504.0,,Los Angeles,Burbank,,,,,LA City,{7D8BC57B-0334-444B-9A88-D50ADDB74B3F},0,,7D8BC57B-0334-444B-9A88-D50ADDB74B3F,Unknown,,N,,,Ave,N Bloomington Ave,2023/09/12 23:03:18+00,7537 N Bloomington Ave Burbank 91504,7D8BC57B-0334-444B-9A88-D50ADDB74B3F_7537_N_Bloomington_Ave_Burbank_91504,Bloomington,7537 N Bloomington Avenue Ave Los Angeles 91504,,,,
212422,387766,,2405020009.0,,7543.0,,,North,,,Bloomington,Avenue,,,,,,,,,,,,,91504.0,,Los Angeles,Burbank,,,,,LA City,{BE6A042A-65F9-4A4A-A165-BCE2EEDB851D},0,,BE6A042A-65F9-4A4A-A165-BCE2EEDB851D,Unknown,,N,,,Ave,N Bloomington Ave,2023/09/12 23:03:18+00,7543 N Bloomington Ave Burbank 91504,BE6A042A-65F9-4A4A-A165-BCE2EEDB851D_7543_N_Bloomington_Ave_Burbank_91504,Bloomington,7543 N Bloomington Avenue Ave Los Angeles 91504,,,,
212423,387767,,2405020010.0,,7549.0,,,North,,,Bloomington,Avenue,,,,,,,,,,,,,91504.0,,Los Angeles,Burbank,,,,,LA City,{AECACD24-E463-46FF-BF71-219601BF331F},0,,AECACD24-E463-46FF-BF71-219601BF331F,Unknown,,N,,,Ave,N Bloomington Ave,2023/09/12 23:03:18+00,7549 N Bloomington Ave Burbank 91504,AECACD24-E463-46FF-BF71-219601BF331F_7549_N_Bloomington_Ave_Burbank_91504,Bloomington,7549 N Bloomington Avenue Ave Los Angeles 91504,,,,
212424,387768,,2405020011.0,,7553.0,,,North,,,Bloomington,Avenue,,,,,,,,,,,,,91504.0,,Los Angeles,Burbank,,,,,LA City,{FA232386-2594-4EFA-B5E5-DA5388AB186F},0,,FA232386-2594-4EFA-B5E5-DA5388AB186F,Unknown,,N,,,Ave,N Bloomington Ave,2023/09/12 23:03:18+00,7553 N Bloomington Ave Burbank 91504,FA232386-2594-4EFA-B5E5-DA5388AB186F_7553_N_Bloomington_Ave_Burbank_91504,Bloomington,7553 N Bloomington Avenue Ave Los Angeles 91504,,,,
212425,387769,,2405020012.0,,7555.0,,,North,,,Bloomington,Avenue,,,,,,,,,,,,,91504.0,,Los Angeles,Burbank,,,,,LA City,{0D991CC1-E96F-4B3F-ABD0-CB9F894D96B1},0,,0D991CC1-E96F-4B3F-ABD0-CB9F894D96B1,Unknown,,N,,,Ave,N Bloomington Ave,2023/09/12 23:03:18+00,7555 N Bloomington Ave Burbank 91504,0D991CC1-E96F-4B3F-ABD0-CB9F894D96B1_7555_N_Bloomington_Ave_Burbank_91504,Bloomington,7555 N Bloomington Avenue Ave Los Angeles 91504,,,,
212426,387770,,2405020012.0,,7557.0,,,North,,,Bloomington,Avenue,,,,,,,,,,,,,91504.0,,Los Angeles,Burbank,,,,,LA City,{5C3EEF25-913B-4A77-9E73-C09D30C6A8B7},0,,5C3EEF25-913B-4A77-9E73-C09D30C6A8B7,Unknown,,N,,,Ave,N Bloomington Ave,2023/09/12 23:03:18+00,7557 N Bloomington Ave Burbank 91504,5C3EEF25-913B-4A77-9E73-C09D30C6A8B7_7557_N_Bloomington_Ave_Burbank_91504,Bloomington,7557 N Bloomington Avenue Ave Los Angeles 91504,,,,
212427,387771,,2405020013.0,,7563.0,,,North,,,Bloomington,Avenue,,,,,,,,,,,,,91504.0,,Los Angeles,Burbank,,,,,LA City,{2E0B3B25-255A-4653-8481-D3292C913AD1},0,,2E0B3B25-255A-4653-8481-D3292C913AD1,Unknown,,N,,,Ave,N Bloomington Ave,2023/09/12 23:03:18+00,7563 N Bloomington Ave Burbank 91504,2E0B3B25-255A-4653-8481-D3292C913AD1_7563_N_Bloomington_Ave_Burbank_91504,Bloomington,7563 N Bloomington Avenue Ave Los Angeles 91504,,,,
212428,387772,,2405020014.0,,7569.0,,,North,,,Bloomington,Avenue,,,,,,,,,,,,,91504.0,,Los Angeles,Burbank,,,,,LA City,{7575EEB2-A2CA-4A10-B3C0-E68C781C1BE0},0,,7575EEB2-A2CA-4A10-B3C0-E68C781C1BE0,Unknown,,N,,,Ave,N Bloomington Ave,2023/09/12 23:03:18+00,7569 N Bloomington Ave Burbank 91504,7575EEB2-A2CA-4A10-B3C0-E68C781C1BE0_7569_N_Bloomington_Ave_Burbank_91504,Bloomington,7569 N Bloomington Avenue Ave Los Angeles 91504,,,,
212429,387773,,2405020015.0,,7601.0,,,North,,,Bloomington,Avenue,,,,,,,,,,,,,91504.0,,Los Angeles,Burbank,,,,,LA City,{59A5CC33-53AB-47B9-9091-7B170A002CAC},0,,59A5CC33-53AB-47B9-9091-7B170A002CAC,Unknown,,N,,,Ave,N Bloomington Ave,2023/09/12 23:03:18+00,7601 N Bloomington Ave Burbank 91504,59A5CC33-53AB-47B9-9091-7B170A002CAC_7601_N_Bloomington_Ave_Burbank_91504,Bloomington,7601 N Bloomington Avenue Ave Los Angeles 91504,,,,
212430,387774,,2405020016.0,,7605.0,,,North,,,Bloomington,Avenue,,,,,,,,,,,,,91504.0,,Los Angeles,Burbank,,,,,LA City,{70407D58-4695-45BB-8167-80202A387532},0,,70407D58-4695-45BB-8167-80202A387532,Unknown,,N,,,Ave,N Bloomington Ave,2023/09/12 23:03:18+00,7605 N Bloomington Ave Burbank 91504,70407D58-4695-45BB-8167-80202A387532_7605_N_Bloomington_Ave_Burbank_91504,Bloomington,7605 N Bloomington Avenue Ave Los Angeles 91504,,,,
212431,387775,,2405020017.0,,7611.0,,,North,,,Bloomington,Avenue,,,,,,,,,,,,,91504.0,,Los Angeles,Burbank,,,,,LA City,{EB7E2461-FC15-4D69-92A4-9E12CD8C7566},0,,EB7E2461-FC15-4D69-92A4-9E12CD8C7566,Unknown,,N,,,Ave,N Bloomington Ave,2023/09/12 23:03:18+00,7611 N Bloomington Ave Burbank 91504,EB7E2461-FC15-4D69-92A4-9E12CD8C7566_7611_N_Bloomington_Ave_Burbank_91504,Bloomington,7611 N Bloomington Avenue Ave Los Angeles 91504,,,,
212432,387776,,2405020019.0,,7628.0,,,North,,,Security,Avenue,,,,,,,,,,,,,91504.0,,Los Angeles,Burbank,,,,,LA City,{FC95284A-A47E-4D4C-B11F-9B4563EDEF4A},0,,FC95284A-A47E-4D4C-B11F-9B4563EDEF4A,Unknown,,N,,,Ave,N Security Ave,2023/09/12 23:03:18+00,7628 N Security Ave Burbank 91504,FC95284A-A47E-4D4C-B11F-9B4563EDEF4A_7628_N_Security_Ave_Burbank_91504,Security,7628 N Security Avenue Ave Los Angeles 91504,,,,
212433,387777,,2405020020.0,,7624.0,,,North,,,Security,Avenue,,,,,,,,,,,,,91504.0,,Los Angeles,Burbank,,,,,LA City,{8CA45B48-611E-46A6-9BE0-E6932204FFA4},0,,8CA45B48-611E-46A6-9BE0-E6932204FFA4,Unknown,,N,,,Ave,N Security Ave,2023/09/12 23:03:18+00,7624 N Security Ave Burbank 91504,8CA45B48-611E-46A6-9BE0-E6932204FFA4_7624_N_Security_Ave_Burbank_91504,Security,7624 N Security Avenue Ave Los Angeles 91504,,,,
212434,387778,,2405020021.0,,7620.0,,,North,,,Security,Avenue,,,,,,,,,,,,,91504.0,,Los Angeles,Burbank,,,,,LA City,{54169C33-4DB6-4637-9815-AC02E5D8000D},0,,54169C33-4DB6-4637-9815-AC02E5D8000D,Unknown,,N,,,Ave,N Security Ave,2023/09/12 23:03:18+00,7620 N Security Ave Burbank 91504,54169C33-4DB6-4637-9815-AC02E5D8000D_7620_N_Security_Ave_Burbank_91504,Security,7620 N Security Avenue Ave Los Angeles 91504,,,,
212435,387779,,2405020022.0,,7614.0,,,North,,,Security,Avenue,,,,,,,,,,,,,91504.0,,Los Angeles,Burbank,,,,,LA City,{3FD4282F-E201-4166-8F37-E8D4E0F2B923},0,,3FD4282F-E201-4166-8F37-E8D4E0F2B923,Unknown,,N,,,Ave,N Security Ave,2023/09/12 23:03:18+00,7614 N Security Ave Burbank 91504,3FD4282F-E201-4166-8F37-E8D4E0F2B923_7614_N_Security_Ave_Burbank_91504,Security,7614 N Security Avenue Ave Los Angeles 91504,,,,
212436,387780,,2405020023.0,,7608.0,,,North,,,Security,Avenue,,,,,,,,,,,,,91504.0,,Los Angeles,Burbank,,,,,LA City,{BBE6B772-E2B2-4AEB-82FE-E1EE988ED6CA},0,,BBE6B772-E2B2-4AEB-82FE-E1EE988ED6CA,Unknown,,N,,,Ave,N Security Ave,2023/09/12 23:03:18+00,7608 N Security Ave Burbank 91504,BBE6B772-E2B2-4AEB-82FE-E1EE988ED6CA_7608_N_Security_Ave_Burbank_91504,Security,7608 N Security Avenue Ave Los Angeles 91504,,,,
212437,387781,,2405020024.0,,7602.0,,,North,,,Security,Avenue,,,,,,,,,,,,,91504.0,,Los Angeles,Burbank,,,,,LA City,{A976EAB7-1BD8-442B-984D-74DA396F5077},0,,A976EAB7-1BD8-442B-984D-74DA396F5077,Unknown,,N,,,Ave,N Security Ave,2023/09/12 23:03:18+00,7602 N Security Ave Burbank 91504,A976EAB7-1BD8-442B-984D-74DA396F5077_7602_N_Security_Ave_Burbank_91504,Security,7602 N Security Avenue Ave Los Angeles 91504,,,,
212438,387782,,2405020026.0,,7564.0,,,North,,,Security,Avenue,,,,,,,,,,,,,91504.0,,Los Angeles,Burbank,,,,,LA City,{11E950EE-7C29-4035-B6F0-94166549DA7E},0,,11E950EE-7C29-4035-B6F0-94166549DA7E,Unknown,,N,,,Ave,N Security Ave,2023/09/12 23:03:18+00,7564 N Security Ave Burbank 91504,11E950EE-7C29-4035-B6F0-94166549DA7E_7564_N_Security_Ave_Burbank_91504,Security,7564 N Security Avenue Ave Los Angeles 91504,,,,
212439,387783,,2405020027.0,,7558.0,,,North,,,Security,Avenue,,,,,,,,,,,,,91504.0,,Los Angeles,Burbank,,,,,LA City,{D6032891-7FBB-4519-B198-AC4759B67CF9},0,,D6032891-7FBB-4519-B198-AC4759B67CF9,Unknown,,N,,,Ave,N Security Ave,2023/09/12 23:03:18+00,7558 N Security Ave Burbank 91504,D6032891-7FBB-4519-B198-AC4759B67CF9_7558_N_Security_Ave_Burbank_91504,Security,7558 N Security Avenue Ave Los Angeles 91504,,,,
212440,387784,,2405020028.0,,7554.0,,,North,,,Security,Avenue,,,,,,,,,,,,,91504.0,,Los Angeles,Burbank,,,,,LA City,{5DA93717-DD85-43E0-88B8-9C280E663AB7},0,,5DA93717-DD85-43E0-88B8-9C280E663AB7,Unknown,,N,,,Ave,N Security Ave,2023/09/12 23:03:18+00,7554 N Security Ave Burbank 91504,5DA93717-DD85-43E0-88B8-9C280E663AB7_7554_N_Security_Ave_Burbank_91504,Security,7554 N Security Avenue Ave Los Angeles 91504,,,,
212441,387785,,2405020029.0,,7548.0,,,North,,,Security,Avenue,,,,,,,,,,,,,91504.0,,Los Angeles,Burbank,,,,,LA City,{6B4FE36F-F93F-4E03-83E5-9690C6D7A867},0,,6B4FE36F-F93F-4E03-83E5-9690C6D7A867,Unknown,,N,,,Ave,N Security Ave,2023/09/12 23:03:18+00,7548 N Security Ave Burbank 91504,6B4FE36F-F93F-4E03-83E5-9690C6D7A867_7548_N_Security_Ave_Burbank_91504,Security,7548 N Security Avenue Ave Los Angeles 91504,,,,
212442,387786,,2405020030.0,,7542.0,,,North,,,Security,Avenue,,,,,,,,,,,,,91504.0,,Los Angeles,Burbank,,,,,LA City,{13C524F0-B43E-43CB-8F01-A538E9754AAB},0,,13C524F0-B43E-43CB-8F01-A538E9754AAB,Unknown,,N,,,Ave,N Security Ave,2023/09/12 23:03:18+00,7542 N Security Ave Burbank 91504,13C524F0-B43E-43CB-8F01-A538E9754AAB_7542_N_Security_Ave_Burbank_91504,Security,7542 N Security Avenue Ave Los Angeles 91504,,,,
212443,387787,,2405020031.0,,7538.0,,,North,,,Security,Avenue,,,,,,,,,,,,,91504.0,,Los Angeles,Burbank,,,,,LA City,{428EAC2C-6408-4144-8BB1-672E07016FD8},0,,428EAC2C-6408-4144-8BB1-672E07016FD8,Unknown,,N,,,Ave,N Security Ave,2023/09/12 23:03:18+00,7538 N Security Ave Burbank 91504,428EAC2C-6408-4144-8BB1-672E07016FD8_7538_N_Security_Ave_Burbank_91504,Security,7538 N Security Avenue Ave Los Angeles 91504,,,,
212444,387788,,2405020032.0,,7534.0,,,North,,,Security,Avenue,,,,,,,,,,,,,91504.0,,Los Angeles,Burbank,,,,,LA City,{ECD31B4A-DA6E-4E7E-ABC4-0DFB6F7341DA},0,,ECD31B4A-DA6E-4E7E-ABC4-0DFB6F7341DA,Unknown,,N,,,Ave,N Security Ave,2023/09/12 23:03:18+00,7534 N Security Ave Burbank 91504,ECD31B4A-DA6E-4E7E-ABC4-0DFB6F7341DA_7534_N_Security_Ave_Burbank_91504,Security,7534 N Security Avenue Ave Los Angeles 91504,,,,
212445,387789,,2405020033.0,,7528.0,,,North,,,Security,Avenue,,,,,,,,,,,,,91504.0,,Los Angeles,Burbank,,,,,LA City,{E76A7C8C-21CF-4557-9ABA-48543E81D68B},0,,E76A7C8C-21CF-4557-9ABA-48543E81D68B,Unknown,,N,,,Ave,N Security Ave,2023/09/12 23:03:18+00,7528 N Security Ave Burbank 91504,E76A7C8C-21CF-4557-9ABA-48543E81D68B_7528_N_Security_Ave_Burbank_91504,Security,7528 N Security Avenue Ave Los Angeles 91504,,,,
212446,387790,,2405020034.0,,7522.0,,,North,,,Security,Avenue,,,,,,,,,,,,,91504.0,,Los Angeles,Burbank,,,,,LA City,{E862867D-54CE-4B87-8A30-077D7A1FFF00},0,,E862867D-54CE-4B87-8A30-077D7A1FFF00,Unknown,,N,,,Ave,N Security Ave,2023/09/12 23:03:18+00,7522 N Security Ave Burbank 91504,E862867D-54CE-4B87-8A30-077D7A1FFF00_7522_N_Security_Ave_Burbank_91504,Security,7522 N Security Avenue Ave Los Angeles 91504,,,,
212447,387791,,2405020035.0,,7516.0,,,North,,,Security,Avenue,,,,,,,,,,,,,91504.0,,Los Angeles,Burbank,,,,,LA City,{C57BAA3A-DDC6-44CB-B1DA-FBB25557A8F7},0,,C57BAA3A-DDC6-44CB-B1DA-FBB25557A8F7,Unknown,,N,,,Ave,N Security Ave,2023/09/12 23:03:18+00,7516 N Security Ave Burbank 91504,C57BAA3A-DDC6-44CB-B1DA-FBB25557A8F7_7516_N_Security_Ave_Burbank_91504,Security,7516 N Security Avenue Ave Los Angeles 91504,,,,
212448,387792,,2405020036.0,,7510.0,,,North,,,Security,Avenue,,,,,,,,,,,,,91504.0,,Los Angeles,Burbank,,,,,LA City,{A272D418-B9A5-4444-ADB2-D92C06E1EFD3},0,,A272D418-B9A5-4444-ADB2-D92C06E1EFD3,Unknown,,N,,,Ave,N Security Ave,2023/09/12 23:03:18+00,7510 N Security Ave Burbank 91504,A272D418-B9A5-4444-ADB2-D92C06E1EFD3_7510_N_Security_Ave_Burbank_91504,Security,7510 N Security Avenue Ave Los Angeles 91504,,,,
212449,387793,,2405020037.0,,7504.0,,,North,,,Security,Avenue,,,,,,,,,,,,,91504.0,,Los Angeles,Burbank,,,,,LA City,{1D6CB962-DC37-476A-8AFB-E3B3436DF646},0,,1D6CB962-DC37-476A-8AFB-E3B3436DF646,Unknown,,N,,,Ave,N Security Ave,2023/09/12 23:03:18+00,7504 N Security Ave Burbank 91504,1D6CB962-DC37-476A-8AFB-E3B3436DF646_7504_N_Security_Ave_Burbank_91504,Security,7504 N Security Avenue Ave Los Angeles 91504,,,,
212450,387794,,2405020040.0,,7632.0,,,North,,,Security,Avenue,,,,,,,,,,,,,91504.0,,Los Angeles,Burbank,,,,,LA City,{64B7E966-B52D-4203-A1D3-026E601C76A4},0,,64B7E966-B52D-4203-A1D3-026E601C76A4,Unknown,,N,,,Ave,N Security Ave,2023/09/12 23:03:18+00,7632 N Security Ave Burbank 91504,64B7E966-B52D-4203-A1D3-026E601C76A4_7632_N_Security_Ave_Burbank_91504,Security,7632 N Security Avenue Ave Los Angeles 91504,,,,
212451,387795,,2405021001.0,,9789.0,,,West,,,Cohasset,Street,,,,,,,,,,,,,91504.0,,Los Angeles,Burbank,,,,,LA City,{7198E094-0B72-4556-B7D6-611222EA5A16},0,,7198E094-0B72-4556-B7D6-611222EA5A16,Unknown,,W,,,St,W Cohasset St,2023/09/12 23:03:18+00,9789 W Cohasset St Burbank 91504,7198E094-0B72-4556-B7D6-611222EA5A16_9789_W_Cohasset_St_Burbank_91504,Cohasset,9789 W Cohasset Street St Los Angeles 91504,,,,
212452,387796,,2405021005.0,,7533.0,,,North,,,Ontario,Avenue,,,,,,,,,,,,,91504.0,,Los Angeles,Burbank,,,,,LA City,{B7D7793B-9ECE-44C2-8C3B-7BB8C947CEBD},0,,B7D7793B-9ECE-44C2-8C3B-7BB8C947CEBD,Unknown,,N,,,Ave,N Ontario Ave,2023/09/12 23:03:18+00,7533 N Ontario Ave Burbank 91504,B7D7793B-9ECE-44C2-8C3B-7BB8C947CEBD_7533_N_Ontario_Ave_Burbank_91504,Ontario,7533 N Ontario Avenue Ave Los Angeles 91504,,,,
212453,387797,,2405021006.0,,7529.0,,,North,,,Ontario,Avenue,,,,,,,,,,,,,91504.0,,Los Angeles,Burbank,,,,,LA City,{4CBCC9F7-B14B-464D-8D13-8A6423D78D67},0,,4CBCC9F7-B14B-464D-8D13-8A6423D78D67,Unknown,,N,,,Ave,N Ontario Ave,2023/09/12 23:03:18+00,7529 N Ontario Ave Burbank 91504,4CBCC9F7-B14B-464D-8D13-8A6423D78D67_7529_N_Ontario_Ave_Burbank_91504,Ontario,7529 N Ontario Avenue Ave Los Angeles 91504,,,,
212454,387798,,2405021006.0,,7527.0,1/2,,North,,,Ontario,Avenue,,,,,,,,,,,,,91504.0,,Los Angeles,Burbank,,,,,LA City,{E2C875DE-2C05-4241-8265-38DE91366369},0,,E2C875DE-2C05-4241-8265-38DE91366369,Unknown,,N,,,Ave,N Ontario Ave,2024/05/12 21:05:27+00,7527 1/2 N Ontario Ave Burbank 91504,E2C875DE-2C05-4241-8265-38DE91366369_7527_1/2_N_Ontario_Ave_Burbank_91504,Ontario,7527 1/2 N Ontario Avenue Ave Los Angeles 91504,,,,
212455,387799,,2405021006.0,,7527.0,,,North,,,Ontario,Avenue,,,,,,,,,,,,,91504.0,,Los Angeles,Burbank,,,,,LA City,{9B3AEEED-E538-4B44-B98F-DBD85ACFD5D3},0,,9B3AEEED-E538-4B44-B98F-DBD85ACFD5D3,Unknown,,N,,,Ave,N Ontario Ave,2024/05/12 21:05:27+00,7527 N Ontario Ave Burbank 91504,9B3AEEED-E538-4B44-B98F-DBD85ACFD5D3_7527_N_Ontario_Ave_Burbank_91504,Ontario,7527 N Ontario Avenue Ave Los Angeles 91504,,,,
212456,387800,,2405021007.0,,7523.0,,,North,,,Ontario,Avenue,,,,,,,,,,,,,91504.0,,Los Angeles,Burbank,,,,,LA City,{35458AAF-E5D3-4697-BB00-0168CFB17C98},0,,35458AAF-E5D3-4697-BB00-0168CFB17C98,Unknown,,N,,,Ave,N Ontario Ave,2023/09/12 23:03:18+00,7523 N Ontario Ave Burbank 91504,35458AAF-E5D3-4697-BB00-0168CFB17C98_7523_N_Ontario_Ave_Burbank_91504,Ontario,7523 N Ontario Avenue Ave Los Angeles 91504,,,,
212457,387801,,2405021008.0,,7517.0,,,North,,,Ontario,Avenue,,,,,,,,,,,,,91504.0,,Los Angeles,Burbank,,,,,LA City,{69305BC3-0EAC-439D-B9CB-1644F3469362},0,,69305BC3-0EAC-439D-B9CB-1644F3469362,Unknown,,N,,,Ave,N Ontario Ave,2023/09/12 23:03:18+00,7517 N Ontario Ave Burbank 91504,69305BC3-0EAC-439D-B9CB-1644F3469362_7517_N_Ontario_Ave_Burbank_91504,Ontario,7517 N Ontario Avenue Ave Los Angeles 91504,,,,
212458,387802,,2405021009.0,,7513.0,,,North,,,Ontario,Avenue,,,,,,,,,,,,,91504.0,,Los Angeles,Burbank,,,,,LA City,{D9AB4FC8-68DB-4761-A9B7-83CCDDF2B646},0,,D9AB4FC8-68DB-4761-A9B7-83CCDDF2B646,Unknown,,N,,,Ave,N Ontario Ave,2023/09/12 23:03:18+00,7513 N Ontario Ave Burbank 91504,D9AB4FC8-68DB-4761-A9B7-83CCDDF2B646_7513_N_Ontario_Ave_Burbank_91504,Ontario,7513 N Ontario Avenue Ave Los Angeles 91504,,,,
212459,387803,,2405021010.0,,7507.0,,,North,,,Ontario,Avenue,,,,,,,,,,,,,91504.0,,Los Angeles,Burbank,,,,,LA City,{B1851558-F3B0-41CF-8505-A591147D4C44},0,,B1851558-F3B0-41CF-8505-A591147D4C44,Unknown,,N,,,Ave,N Ontario Ave,2023/09/12 23:03:18+00,7507 N Ontario Ave Burbank 91504,B1851558-F3B0-41CF-8505-A591147D4C44_7507_N_Ontario_Ave_Burbank_91504,Ontario,7507 N Ontario Avenue Ave Los Angeles 91504,,,,
212460,387804,,2405021011.0,,7501.0,,,North,,,Ontario,Avenue,,,,,,,,,,,,,91504.0,,Los Angeles,Burbank,,,,,LA City,{DBAB2866-4D7F-4EBA-A26C-38F22CE7EBC5},0,,DBAB2866-4D7F-4EBA-A26C-38F22CE7EBC5,Unknown,,N,,,Ave,N Ontario Ave,2023/09/12 23:03:18+00,7501 N Ontario Ave Burbank 91504,DBAB2866-4D7F-4EBA-A26C-38F22CE7EBC5_7501_N_Ontario_Ave_Burbank_91504,Ontario,7501 N Ontario Avenue Ave Los Angeles 91504,,,,
212461,387805,,2405021013.0,,7508.0,,,North,,,Bloomington,Avenue,,,,,,,,,,,,,91504.0,,Los Angeles,Burbank,,,,,LA City,{67CB0E89-93DF-48DE-9579-7F05F9E00BE5},0,,67CB0E89-93DF-48DE-9579-7F05F9E00BE5,Unknown,,N,,,Ave,N Bloomington Ave,2023/09/12 23:03:18+00,7508 N Bloomington Ave Burbank 91504,67CB0E89-93DF-48DE-9579-7F05F9E00BE5_7508_N_Bloomington_Ave_Burbank_91504,Bloomington,7508 N Bloomington Avenue Ave Los Angeles 91504,,,,
212462,387806,,2405021013.0,,7506.0,,,North,,,Bloomington,Avenue,,,,,,,,,,,,,91504.0,,Los Angeles,Burbank,,,,,LA City,{9F8818AC-2E81-44B6-86F2-8A53946BF791},0,,9F8818AC-2E81-44B6-86F2-8A53946BF791,Unknown,,N,,,Ave,N Bloomington Ave,2023/09/12 23:03:18+00,7506 N Bloomington Ave Burbank 91504,9F8818AC-2E81-44B6-86F2-8A53946BF791_7506_N_Bloomington_Ave_Burbank_91504,Bloomington,7506 N Bloomington Avenue Ave Los Angeles 91504,,,,
212463,387807,,2405021014.0,,7512.0,,,North,,,Bloomington,Avenue,,,,,,,,,,,,,91504.0,,Los Angeles,Burbank,,,,,LA City,{9AD23F24-7352-4EAF-87EA-D0D02C7C0DCE},0,,9AD23F24-7352-4EAF-87EA-D0D02C7C0DCE,Unknown,,N,,,Ave,N Bloomington Ave,2023/09/12 23:03:18+00,7512 N Bloomington Ave Burbank 91504,9AD23F24-7352-4EAF-87EA-D0D02C7C0DCE_7512_N_Bloomington_Ave_Burbank_91504,Bloomington,7512 N Bloomington Avenue Ave Los Angeles 91504,,,,
212464,387808,,2405021015.0,,7516.0,,,North,,,Bloomington,Avenue,,,,,,,,,,,,,91504.0,,Los Angeles,Burbank,,,,,LA City,{92E8501B-BD5C-4F20-83FF-9320891A83AB},0,,92E8501B-BD5C-4F20-83FF-9320891A83AB,Unknown,,N,,,Ave,N Bloomington Ave,2023/09/12 23:03:18+00,7516 N Bloomington Ave Burbank 91504,92E8501B-BD5C-4F20-83FF-9320891A83AB_7516_N_Bloomington_Ave_Burbank_91504,Bloomington,7516 N Bloomington Avenue Ave Los Angeles 91504,,,,
212465,387809,,2405021016.0,,7522.0,,,North,,,Bloomington,Avenue,,,,,,,,,,,,,91504.0,,Los Angeles,Burbank,,,,,LA City,{5E3AD23F-7935-44F0-AB56-4B6645C4043F},0,,5E3AD23F-7935-44F0-AB56-4B6645C4043F,Unknown,,N,,,Ave,N Bloomington Ave,2023/09/12 23:03:18+00,7522 N Bloomington Ave Burbank 91504,5E3AD23F-7935-44F0-AB56-4B6645C4043F_7522_N_Bloomington_Ave_Burbank_91504,Bloomington,7522 N Bloomington Avenue Ave Los Angeles 91504,,,,
212466,387810,,2405021017.0,,7526.0,,,North,,,Bloomington,Avenue,,,,,,,,,,,,,91504.0,,Los Angeles,Burbank,,,,,LA City,{E57E54E1-91E2-4F91-82E0-06CBB290341E},0,,E57E54E1-91E2-4F91-82E0-06CBB290341E,Unknown,,N,,,Ave,N Bloomington Ave,2023/09/12 23:03:18+00,7526 N Bloomington Ave Burbank 91504,E57E54E1-91E2-4F91-82E0-06CBB290341E_7526_N_Bloomington_Ave_Burbank_91504,Bloomington,7526 N Bloomington Avenue Ave Los Angeles 91504,,,,
212467,387811,,2405021018.0,,7532.0,,,North,,,Bloomington,Avenue,,,,,,,,,,,,,91504.0,,Los Angeles,Burbank,,,,,LA City,{F9E99A6E-97E1-475E-B1A0-DA4252E74A6E},0,,F9E99A6E-97E1-475E-B1A0-DA4252E74A6E,Unknown,,N,,,Ave,N Bloomington Ave,2023/09/12 23:03:18+00,7532 N Bloomington Ave Burbank 91504,F9E99A6E-97E1-475E-B1A0-DA4252E74A6E_7532_N_Bloomington_Ave_Burbank_91504,Bloomington,7532 N Bloomington Avenue Ave Los Angeles 91504,,,,
212468,387812,,2405021019.0,,7536.0,,,North,,,Bloomington,Avenue,,,,,,,,,,,,,91504.0,,Los Angeles,Burbank,,,,,LA City,{F5D70ABC-31B7-4552-9948-2D172F04600D},0,,F5D70ABC-31B7-4552-9948-2D172F04600D,Unknown,,N,,,Ave,N Bloomington Ave,2023/09/12 23:03:18+00,7536 N Bloomington Ave Burbank 91504,F5D70ABC-31B7-4552-9948-2D172F04600D_7536_N_Bloomington_Ave_Burbank_91504,Bloomington,7536 N Bloomington Avenue Ave Los Angeles 91504,,,,
212469,387813,,2405021020.0,,7542.0,,,North,,,Bloomington,Avenue,,,,,,,,,,,,,91504.0,,Los Angeles,Burbank,,,,,LA City,{D6748824-0149-44FC-BE04-C2D881C490B4},0,,D6748824-0149-44FC-BE04-C2D881C490B4,Unknown,,N,,,Ave,N Bloomington Ave,2023/09/12 23:03:18+00,7542 N Bloomington Ave Burbank 91504,D6748824-0149-44FC-BE04-C2D881C490B4_7542_N_Bloomington_Ave_Burbank_91504,Bloomington,7542 N Bloomington Avenue Ave Los Angeles 91504,,,,
212470,387814,,2405021021.0,,7548.0,,,North,,,Bloomington,Avenue,,,,,,,,,,,,,91504.0,,Los Angeles,Burbank,,,,,LA City,{68484F72-C882-41C8-9CC4-7B0C5B5C5381},0,,68484F72-C882-41C8-9CC4-7B0C5B5C5381,Unknown,,N,,,Ave,N Bloomington Ave,2023/09/12 23:03:18+00,7548 N Bloomington Ave Burbank 91504,68484F72-C882-41C8-9CC4-7B0C5B5C5381_7548_N_Bloomington_Ave_Burbank_91504,Bloomington,7548 N Bloomington Avenue Ave Los Angeles 91504,,,,
212471,387815,,2405021022.0,,7552.0,,,North,,,Bloomington,Avenue,,,,,,,,,,,,,91504.0,,Los Angeles,Burbank,,,,,LA City,{CDB45DB0-4FEB-4236-A5A8-AE1EC50267AB},0,,CDB45DB0-4FEB-4236-A5A8-AE1EC50267AB,Unknown,,N,,,Ave,N Bloomington Ave,2023/09/12 23:03:18+00,7552 N Bloomington Ave Burbank 91504,CDB45DB0-4FEB-4236-A5A8-AE1EC50267AB_7552_N_Bloomington_Ave_Burbank_91504,Bloomington,7552 N Bloomington Avenue Ave Los Angeles 91504,,,,
212472,387816,,2405021023.0,,7560.0,,,North,,,Bloomington,Avenue,,,,,,,,,,,,,91504.0,,Los Angeles,Burbank,,,,,LA City,{D1605233-EC76-4D1E-A8D0-903AEBB077D7},0,,D1605233-EC76-4D1E-A8D0-903AEBB077D7,Unknown,,N,,,Ave,N Bloomington Ave,2023/09/12 23:03:18+00,7560 N Bloomington Ave Burbank 91504,D1605233-EC76-4D1E-A8D0-903AEBB077D7_7560_N_Bloomington_Ave_Burbank_91504,Bloomington,7560 N Bloomington Avenue Ave Los Angeles 91504,,,,
212473,387817,,2405021025.0,,7537.0,,,North,,,Ontario,Street,,,,,,,,,,,,,91504.0,,Los Angeles,Burbank,,,,,Assessor,{E2AB84AE-B24E-4C23-BCAB-8608909C3021},0,,E2AB84AE-B24E-4C23-BCAB-8608909C3021,Unknown,,N,,,St,N Ontario St,2024/04/27 17:13:09+00,7537 N Ontario St Burbank 91504,E2AB84AE-B24E-4C23-BCAB-8608909C3021_7537_N_Ontario_St_Burbank_91504,Ontario,7537 N Ontario Street St Los Angeles 91504,,,,
212474,387818,,2405021026.0,,7545.0,,,,,,Vista Del Mar,,,,,,,,,,,,,,91504.0,,Los Angeles,Burbank,,,,,Assessor,{692AB68F-4269-4888-AA38-2D6E059EA78D},0,,692AB68F-4269-4888-AA38-2D6E059EA78D,Unknown,,,,,,Vista Del Mar,2024/04/27 17:13:09+00,7545 Vista Del Mar Burbank 91504,692AB68F-4269-4888-AA38-2D6E059EA78D_7545_Vista_Del_Mar_Burbank_91504,Vista Del Mar,7545 Vista Del Mar Los Angeles 91504,,,,
212475,387819,,2405021027.0,,7553.0,,,,,,Ocean Crest,Drive,,,,,,,,,,,,,91504.0,,Los Angeles,Burbank,,,,,Assessor,{598FFA98-B05E-4E41-8699-7AC4D28E8968},0,,598FFA98-B05E-4E41-8699-7AC4D28E8968,Unknown,,,,,Dr,Ocean Crest Dr,2024/04/27 17:13:09+00,7553 Ocean Crest Dr Burbank 91504,598FFA98-B05E-4E41-8699-7AC4D28E8968_7553_Ocean_Crest_Dr_Burbank_91504,Ocean Crest,7553 Ocean Crest Drive Dr Los Angeles 91504,,,,
212476,387820,,2405021028.0,,7559.0,,,,,,Ocean Crest,Drive,,,,,,,,,,,,,91504.0,,Los Angeles,Burbank,,,,,Assessor,{582EE830-7051-482B-BE05-8C64BD79BB67},0,,582EE830-7051-482B-BE05-8C64BD79BB67,Unknown,,,,,Dr,Ocean Crest Dr,2024/04/27 17:13:09+00,7559 Ocean Crest Dr Burbank 91504,582EE830-7051-482B-BE05-8C64BD79BB67_7559_Ocean_Crest_Dr_Burbank_91504,Ocean Crest,7559 Ocean Crest Drive Dr Los Angeles 91504,,,,
212477,387821,,2405021029.0,,7500.0,,,North,,,Bloomington,Avenue,,,,,,,,,,,,,91504.0,,Los Angeles,Burbank,,,,,LA City,{24561D01-A0EB-4130-9C07-612EA74305F4},0,,24561D01-A0EB-4130-9C07-612EA74305F4,Unknown,,N,,,Ave,N Bloomington Ave,2023/09/12 23:03:18+00,7500 N Bloomington Ave Burbank 91504,24561D01-A0EB-4130-9C07-612EA74305F4_7500_N_Bloomington_Ave_Burbank_91504,Bloomington,7500 N Bloomington Avenue Ave Los Angeles 91504,,,,
