fid,OBJECTID,OBJIDstr,AIN,NumPrefix,Number,NumSuffix,PreMod,PreDir,PreType,StArticle,StreetName,PostType,PostDir,PostMod,BldgID,BldgSource,BldgTypePl,BldgType,BldgName,FlrTypePl,FlrType,FlrName,UnitType,UnitName,ZipCode,Zip4,LegalComm,PostComm1,PostComm2,PostComm3,OtherComm1,OtherComm2,Source,SourceID,MADRank,AROIDstr,OIDstr,PropType,ObjID,PreDirAbbr,PostDirAbbr,PreTypeAbbr,PostTypeAbbr,FullName,UpdateDate,FullAddress,UniqueID,StName_EnerGov,FullAddress_EnerGov,MSAG_City,ESN,lon,lat
224988,400792,,2424043021.0,,3900.0,,,,,,Lankershim,Boulevard,,,,,,,,,,,Unit,5528,91608.0,,Unincorporated,Universal City,,,,,LACO DPW Add,{3C3EDB36-01DA-4C30-8171-B7B4822A3142},0,,3C3EDB36-01DA-4C30-8171-B7B4822A3142,Unknown,,,,,Blvd,Lankershim Blvd,2018/01/11 13:32:36+00,3900 Lankershim Blvd Unit 5528 Universal City 91608,3C3EDB36-01DA-4C30-8171-B7B4822A3142_3900_Lankershim_Blvd_Unit_5528_Universal_City_91608,Lankershim,3900 Lankershim Boulevard Blvd Unit 5528 Universal City 91608,,,,
224989,400793,,2424043021.0,,3900.0,,,,,,Lankershim,Boulevard,,,,,,Building,5524.0,,,,Unit,105,91608.0,,Unincorporated,Universal City,,,,,LACO DPW Add,{EA9931FB-E854-4C0D-81E3-F245E735F9BC},0,,EA9931FB-E854-4C0D-81E3-F245E735F9BC,Unknown,,,,,Blvd,Lankershim Blvd,2018/01/11 13:20:56+00,3900 Lankershim Blvd Unit 105 Universal City 91608,EA9931FB-E854-4C0D-81E3-F245E735F9BC_3900_Lankershim_Blvd_Unit_105_Universal_City_91608,Lankershim,3900 Lankershim Boulevard Blvd Unit 105 Universal City 91608,,,,
224990,400794,,2424043021.0,,3900.0,,,,,,Lankershim,Boulevard,,,,,,Building,4525.0,,,,Unit,140,91608.0,,Unincorporated,Universal City,,,,,LACO DPW Add,{CF9D6680-065A-4621-B677-C28E1C7FA6A8},0,,CF9D6680-065A-4621-B677-C28E1C7FA6A8,Unknown,,,,,Blvd,Lankershim Blvd,2018/01/11 13:32:36+00,3900 Lankershim Blvd Unit 140 Universal City 91608,CF9D6680-065A-4621-B677-C28E1C7FA6A8_3900_Lankershim_Blvd_Unit_140_Universal_City_91608,Lankershim,3900 Lankershim Boulevard Blvd Unit 140 Universal City 91608,,,,
224991,400795,,2424043021.0,,3900.0,,,,,,Lankershim,Boulevard,,,,,,,,,,,Unit,5508,91608.0,,Unincorporated,Universal City,,,,,LACO DPW Add,{EB421E50-0303-4350-ADF0-AB017F4FF075},0,,EB421E50-0303-4350-ADF0-AB017F4FF075,Unknown,,,,,Blvd,Lankershim Blvd,2018/01/11 12:43:25+00,3900 Lankershim Blvd Unit 5508 Universal City 91608,EB421E50-0303-4350-ADF0-AB017F4FF075_3900_Lankershim_Blvd_Unit_5508_Universal_City_91608,Lankershim,3900 Lankershim Boulevard Blvd Unit 5508 Universal City 91608,,,,
224992,400796,,2424043021.0,,3900.0,,,,,,Lankershim,Boulevard,,,,,,,,,,,Unit,5527,91608.0,,Unincorporated,Universal City,,,,,LACO DPW Add,{746266F1-4E7A-4A18-8326-9A2A86F91872},0,,746266F1-4E7A-4A18-8326-9A2A86F91872,Unknown,,,,,Blvd,Lankershim Blvd,2018/01/11 13:20:56+00,3900 Lankershim Blvd Unit 5527 Universal City 91608,746266F1-4E7A-4A18-8326-9A2A86F91872_3900_Lankershim_Blvd_Unit_5527_Universal_City_91608,Lankershim,3900 Lankershim Boulevard Blvd Unit 5527 Universal City 91608,,,,
224993,400797,,2424043021.0,,3900.0,,,,,,Lankershim,Boulevard,,,,,,Building,4505.0,,,,Unit,139,91608.0,,Unincorporated,Universal City,,,,,LACO DPW Add,{B56813BA-4FED-447C-B647-75720FD072E7},0,,B56813BA-4FED-447C-B647-75720FD072E7,Unknown,,,,,Blvd,Lankershim Blvd,2018/01/11 13:26:33+00,3900 Lankershim Blvd Unit 139 Universal City 91608,B56813BA-4FED-447C-B647-75720FD072E7_3900_Lankershim_Blvd_Unit_139_Universal_City_91608,Lankershim,3900 Lankershim Boulevard Blvd Unit 139 Universal City 91608,,,,
224994,400798,,2424043021.0,,3900.0,,,,,,Lankershim,Boulevard,,,,,,Building,4505.0,,,,Unit,133,91608.0,,Unincorporated,Universal City,,,,,LACO DPW Add,{74D102D8-78F3-4002-BF78-94EFFB51468B},0,,74D102D8-78F3-4002-BF78-94EFFB51468B,Unknown,,,,,Blvd,Lankershim Blvd,2018/01/11 13:20:56+00,3900 Lankershim Blvd Unit 133 Universal City 91608,74D102D8-78F3-4002-BF78-94EFFB51468B_3900_Lankershim_Blvd_Unit_133_Universal_City_91608,Lankershim,3900 Lankershim Boulevard Blvd Unit 133 Universal City 91608,,,,
224995,400799,,2424043021.0,,3900.0,,,,,,Lankershim,Boulevard,,,,,,,,,,,Unit,5511,91608.0,,Unincorporated,Universal City,,,,,LACO DPW Add,{FF1A637A-1AEC-4DC6-952C-321D2D27AA7C},0,,FF1A637A-1AEC-4DC6-952C-321D2D27AA7C,Unknown,,,,,Blvd,Lankershim Blvd,2018/01/11 13:20:56+00,3900 Lankershim Blvd Unit 5511 Universal City 91608,FF1A637A-1AEC-4DC6-952C-321D2D27AA7C_3900_Lankershim_Blvd_Unit_5511_Universal_City_91608,Lankershim,3900 Lankershim Boulevard Blvd Unit 5511 Universal City 91608,,,,
224996,400800,,2424043021.0,,3900.0,,,,,,Lankershim,Boulevard,,,,,,Building,4525.0,,,,Unit,146,91608.0,,Unincorporated,Universal City,,,,,LACO DPW Add,{E3DFAC6B-A8F5-404C-AA68-2D1F318464A6},0,,E3DFAC6B-A8F5-404C-AA68-2D1F318464A6,Unknown,,,,,Blvd,Lankershim Blvd,2018/01/11 13:32:36+00,3900 Lankershim Blvd Unit 146 Universal City 91608,E3DFAC6B-A8F5-404C-AA68-2D1F318464A6_3900_Lankershim_Blvd_Unit_146_Universal_City_91608,Lankershim,3900 Lankershim Boulevard Blvd Unit 146 Universal City 91608,,,,
224997,400801,,2424043021.0,,3900.0,,,,,,Lankershim,Boulevard,,,,,,Building,4525.0,,,,Unit,134,91608.0,,Unincorporated,Universal City,,,,,LACO DPW Add,{388E49C8-3586-443E-A523-06B89FB838F1},0,,388E49C8-3586-443E-A523-06B89FB838F1,Unknown,,,,,Blvd,Lankershim Blvd,2018/01/11 13:32:36+00,3900 Lankershim Blvd Unit 134 Universal City 91608,388E49C8-3586-443E-A523-06B89FB838F1_3900_Lankershim_Blvd_Unit_134_Universal_City_91608,Lankershim,3900 Lankershim Boulevard Blvd Unit 134 Universal City 91608,,,,
224998,400802,,2424043021.0,,3900.0,,,,,,Lankershim,Boulevard,,,,,,Building,5511.0,,,,Unit,121,91608.0,,Unincorporated,Universal City,,,,,LACO DPW Add,{8A8D1B59-5B24-4FA3-96B1-BA593AF6E436},0,,8A8D1B59-5B24-4FA3-96B1-BA593AF6E436,Unknown,,,,,Blvd,Lankershim Blvd,2018/01/11 13:20:56+00,3900 Lankershim Blvd Unit 121 Universal City 91608,8A8D1B59-5B24-4FA3-96B1-BA593AF6E436_3900_Lankershim_Blvd_Unit_121_Universal_City_91608,Lankershim,3900 Lankershim Boulevard Blvd Unit 121 Universal City 91608,,,,
224999,400803,,2424043021.0,,3900.0,,,,,,Lankershim,Boulevard,,,,,,Building,4505.0,,,,Unit,147,91608.0,,Unincorporated,Universal City,,,,,LACO DPW Add,{B592A602-E7C8-4A9E-9C44-67AB12C3F187},0,,B592A602-E7C8-4A9E-9C44-67AB12C3F187,Unknown,,,,,Blvd,Lankershim Blvd,2018/01/11 13:26:33+00,3900 Lankershim Blvd Unit 147 Universal City 91608,B592A602-E7C8-4A9E-9C44-67AB12C3F187_3900_Lankershim_Blvd_Unit_147_Universal_City_91608,Lankershim,3900 Lankershim Boulevard Blvd Unit 147 Universal City 91608,,,,
225000,400804,,2424043021.0,,3900.0,,,,,,Lankershim,Boulevard,,,,,,Building,4505.0,,,,Unit,155,91608.0,,Unincorporated,Universal City,,,,,LACO DPW Add,{DE9FD684-B86A-4BC6-8D82-4D69B6DB8127},0,,DE9FD684-B86A-4BC6-8D82-4D69B6DB8127,Unknown,,,,,Blvd,Lankershim Blvd,2018/01/11 13:26:33+00,3900 Lankershim Blvd Unit 155 Universal City 91608,DE9FD684-B86A-4BC6-8D82-4D69B6DB8127_3900_Lankershim_Blvd_Unit_155_Universal_City_91608,Lankershim,3900 Lankershim Boulevard Blvd Unit 155 Universal City 91608,,,,
225001,400805,,2424043021.0,,3900.0,,,,,,Lankershim,Boulevard,,,,,,Building,4525.0,,,,Unit,136,91608.0,,Unincorporated,Universal City,,,,,LACO DPW Add,{1882DB06-B917-4BC0-A90C-6B5AE26AA54F},0,,1882DB06-B917-4BC0-A90C-6B5AE26AA54F,Unknown,,,,,Blvd,Lankershim Blvd,2018/01/11 13:32:36+00,3900 Lankershim Blvd Unit 136 Universal City 91608,1882DB06-B917-4BC0-A90C-6B5AE26AA54F_3900_Lankershim_Blvd_Unit_136_Universal_City_91608,Lankershim,3900 Lankershim Boulevard Blvd Unit 136 Universal City 91608,,,,
225002,400806,,2424043021.0,,3900.0,,,,,,Lankershim,Boulevard,,,,,,Building,4505.0,,,,Unit,167,91608.0,,Unincorporated,Universal City,,,,,LACO DPW Add,{9CFCCE30-C03E-4A3A-9BB8-325C98F618A4},0,,9CFCCE30-C03E-4A3A-9BB8-325C98F618A4,Unknown,,,,,Blvd,Lankershim Blvd,2018/01/11 13:47:09+00,3900 Lankershim Blvd Unit 167 Universal City 91608,9CFCCE30-C03E-4A3A-9BB8-325C98F618A4_3900_Lankershim_Blvd_Unit_167_Universal_City_91608,Lankershim,3900 Lankershim Boulevard Blvd Unit 167 Universal City 91608,,,,
225003,400807,,2424043021.0,,3900.0,,,,,,Lankershim,Boulevard,,,,,,Building,6522.0,,,,Unit,101G,91608.0,,Unincorporated,Universal City,,,,,LACO DPW Add,{B1770310-A868-4D26-A2FC-2D0EDADFDBF5},0,,B1770310-A868-4D26-A2FC-2D0EDADFDBF5,Unknown,,,,,Blvd,Lankershim Blvd,2018/01/11 13:16:06+00,3900 Lankershim Blvd Unit 101G Universal City 91608,B1770310-A868-4D26-A2FC-2D0EDADFDBF5_3900_Lankershim_Blvd_Unit_101G_Universal_City_91608,Lankershim,3900 Lankershim Boulevard Blvd Unit 101G Universal City 91608,,,,
225004,400808,,2424043021.0,,3900.0,,,,,,Lankershim,Boulevard,,,,,,Building,99.0,,,,Unit,99A,91608.0,,Unincorporated,Universal City,,,,,LACO DPW Add,{86ECAAB1-E7CC-4AD3-B98C-893AB71048F2},0,,86ECAAB1-E7CC-4AD3-B98C-893AB71048F2,Unknown,,,,,Blvd,Lankershim Blvd,2018/01/11 13:16:06+00,3900 Lankershim Blvd Unit 99A Universal City 91608,86ECAAB1-E7CC-4AD3-B98C-893AB71048F2_3900_Lankershim_Blvd_Unit_99A_Universal_City_91608,Lankershim,3900 Lankershim Boulevard Blvd Unit 99A Universal City 91608,,,,
225005,400809,,2424043021.0,,3900.0,,,,,,Lankershim,Boulevard,,,,,,Building,4505.0,,,,Unit,161,91608.0,,Unincorporated,Universal City,,,,,LACO DPW Add,{FE4FF507-7746-43C7-B578-8515EB0F4699},0,,FE4FF507-7746-43C7-B578-8515EB0F4699,Unknown,,,,,Blvd,Lankershim Blvd,2018/01/11 13:26:33+00,3900 Lankershim Blvd Unit 161 Universal City 91608,FE4FF507-7746-43C7-B578-8515EB0F4699_3900_Lankershim_Blvd_Unit_161_Universal_City_91608,Lankershim,3900 Lankershim Boulevard Blvd Unit 161 Universal City 91608,,,,
225006,400810,,2424043021.0,,3900.0,,,,,,Lankershim,Boulevard,,,,,,Building,4505.0,,,,Unit,151,91608.0,,Unincorporated,Universal City,,,,,LACO DPW Add,{86AAAFE5-03CB-4467-8A8E-12D4E7FBBB26},0,,86AAAFE5-03CB-4467-8A8E-12D4E7FBBB26,Unknown,,,,,Blvd,Lankershim Blvd,2018/01/11 13:26:33+00,3900 Lankershim Blvd Unit 151 Universal City 91608,86AAAFE5-03CB-4467-8A8E-12D4E7FBBB26_3900_Lankershim_Blvd_Unit_151_Universal_City_91608,Lankershim,3900 Lankershim Boulevard Blvd Unit 151 Universal City 91608,,,,
225007,400811,,2424043021.0,,3900.0,,,,,,Lankershim,Boulevard,,,,,,,,,,,Unit,5522,91608.0,,Unincorporated,Universal City,,,,,LACO DPW Add,{5042B8DC-B87C-4934-8652-45E65446EED9},0,,5042B8DC-B87C-4934-8652-45E65446EED9,Utility,,,,,Blvd,Lankershim Blvd,2018/01/11 13:20:56+00,3900 Lankershim Blvd Unit 5522 Universal City 91608,5042B8DC-B87C-4934-8652-45E65446EED9_3900_Lankershim_Blvd_Unit_5522_Universal_City_91608,Lankershim,3900 Lankershim Boulevard Blvd Unit 5522 Universal City 91608,,,,
225008,400812,,2424043021.0,,3900.0,,,,,,Lankershim,Boulevard,,,,,,Building,4505.0,,,,Unit,137,91608.0,,Unincorporated,Universal City,,,,,LACO DPW Add,{D4669096-AB1B-48C1-88D1-65A5B6DF573F},0,,D4669096-AB1B-48C1-88D1-65A5B6DF573F,Unknown,,,,,Blvd,Lankershim Blvd,2018/01/11 13:26:33+00,3900 Lankershim Blvd Unit 137 Universal City 91608,D4669096-AB1B-48C1-88D1-65A5B6DF573F_3900_Lankershim_Blvd_Unit_137_Universal_City_91608,Lankershim,3900 Lankershim Boulevard Blvd Unit 137 Universal City 91608,,,,
225009,400813,,2424043021.0,,3900.0,,,,,,Lankershim,Boulevard,,,,,,Building,4505.0,,,,Unit,141,91608.0,,Unincorporated,Universal City,,,,,LACO DPW Add,{12981952-A754-4BBB-9B0A-770F28ECE5A2},0,,12981952-A754-4BBB-9B0A-770F28ECE5A2,Unknown,,,,,Blvd,Lankershim Blvd,2018/01/11 13:26:33+00,3900 Lankershim Blvd Unit 141 Universal City 91608,12981952-A754-4BBB-9B0A-770F28ECE5A2_3900_Lankershim_Blvd_Unit_141_Universal_City_91608,Lankershim,3900 Lankershim Boulevard Blvd Unit 141 Universal City 91608,,,,
225010,400814,,2424043021.0,,3900.0,,,,,,Lankershim,Boulevard,,,,,,,,,,,Unit,5519,91608.0,,Unincorporated,Universal City,,,,,LACO DPW Add,{8171F196-CC89-4484-A038-7CFD67D77DE2},0,,8171F196-CC89-4484-A038-7CFD67D77DE2,Unknown,,,,,Blvd,Lankershim Blvd,2018/01/11 13:16:06+00,3900 Lankershim Blvd Unit 5519 Universal City 91608,8171F196-CC89-4484-A038-7CFD67D77DE2_3900_Lankershim_Blvd_Unit_5519_Universal_City_91608,Lankershim,3900 Lankershim Boulevard Blvd Unit 5519 Universal City 91608,,,,
225011,400815,,2424043021.0,,3900.0,,,,,,Lankershim,Boulevard,,,,,,,,,,,Unit,6520,91608.0,,Unincorporated,Universal City,,,,,LACO DPW Add,{6AF21FD8-D9BA-4160-866B-A0C56285D6BC},0,,6AF21FD8-D9BA-4160-866B-A0C56285D6BC,Unknown,,,,,Blvd,Lankershim Blvd,2018/01/11 13:16:06+00,3900 Lankershim Blvd Unit 6520 Universal City 91608,6AF21FD8-D9BA-4160-866B-A0C56285D6BC_3900_Lankershim_Blvd_Unit_6520_Universal_City_91608,Lankershim,3900 Lankershim Boulevard Blvd Unit 6520 Universal City 91608,,,,
225012,400816,,2424043021.0,,3900.0,,,,,,Lankershim,Boulevard,,,,,,Building,4505.0,,,,Unit,143,91608.0,,Unincorporated,Universal City,,,,,LACO DPW Add,{9AA62506-EDBF-4F72-826D-6D4E61EB5204},0,,9AA62506-EDBF-4F72-826D-6D4E61EB5204,Unknown,,,,,Blvd,Lankershim Blvd,2018/01/11 13:26:33+00,3900 Lankershim Blvd Unit 143 Universal City 91608,9AA62506-EDBF-4F72-826D-6D4E61EB5204_3900_Lankershim_Blvd_Unit_143_Universal_City_91608,Lankershim,3900 Lankershim Boulevard Blvd Unit 143 Universal City 91608,,,,
225013,400817,,2424043021.0,,3900.0,,,,,,Lankershim,Boulevard,,,,,,Building,4525.0,,,,Unit,130,91608.0,,Unincorporated,Universal City,,,,,LACO DPW Add,{348606B8-579E-45E7-A678-7FB240ADCC32},0,,348606B8-579E-45E7-A678-7FB240ADCC32,Unknown,,,,,Blvd,Lankershim Blvd,2018/01/11 13:32:36+00,3900 Lankershim Blvd Unit 130 Universal City 91608,348606B8-579E-45E7-A678-7FB240ADCC32_3900_Lankershim_Blvd_Unit_130_Universal_City_91608,Lankershim,3900 Lankershim Boulevard Blvd Unit 130 Universal City 91608,,,,
225014,400818,,2424043021.0,,3900.0,,,,,,Lankershim,Boulevard,,,,,,,,,,,Unit,6522,91608.0,,Unincorporated,Universal City,,,,,LACO DPW Add,{7310DEB9-0454-4FCD-BE5F-A832404485C7},0,,7310DEB9-0454-4FCD-BE5F-A832404485C7,Unknown,,,,,Blvd,Lankershim Blvd,2018/01/11 13:16:06+00,3900 Lankershim Blvd Unit 6522 Universal City 91608,7310DEB9-0454-4FCD-BE5F-A832404485C7_3900_Lankershim_Blvd_Unit_6522_Universal_City_91608,Lankershim,3900 Lankershim Boulevard Blvd Unit 6522 Universal City 91608,,,,
225015,400819,,2424043021.0,,3900.0,,,,,,,,,,,,,Building,5511.0,,,,Unit,120,91608.0,,Unincorporated,Universal City,,,,,LACO DPW Add,{2CE1108A-F05D-4FFD-96CB-0B3229659E8C},0,,2CE1108A-F05D-4FFD-96CB-0B3229659E8C,Unknown,,,,,,,2018/01/11 13:20:56+00,3900 Unit 120 Universal City 91608,2CE1108A-F05D-4FFD-96CB-0B3229659E8C_3900_Unit_120_Universal_City_91608,,3900 Unit 120 Universal City 91608,,,,
225016,400820,,2424043022.0,,3900.0,,,,,,Lankershim,Boulevard,,,,,,,,,,,Unit,8166,91608.0,,Unincorporated,Universal City,,,,,LACO DPW Add,{12B6C5D1-E4E7-46F2-9F57-029245669A0B},0,,12B6C5D1-E4E7-46F2-9F57-029245669A0B,Unknown,,,,,Blvd,Lankershim Blvd,2018/01/11 10:30:30+00,3900 Lankershim Blvd Unit 8166 Universal City 91608,12B6C5D1-E4E7-46F2-9F57-029245669A0B_3900_Lankershim_Blvd_Unit_8166_Universal_City_91608,Lankershim,3900 Lankershim Boulevard Blvd Unit 8166 Universal City 91608,,,,
225017,400821,,2424043022.0,,3900.0,,,,,,Lankershim,Boulevard,,,,,,,,,,,Unit,7127,91608.0,,Unincorporated,Universal City,,,,,LACO DPW Add,{9244B67A-DE03-4C76-96AB-76449AF00FCA},0,,9244B67A-DE03-4C76-96AB-76449AF00FCA,Utility,,,,,Blvd,Lankershim Blvd,2018/01/11 10:30:30+00,3900 Lankershim Blvd Unit 7127 Universal City 91608,9244B67A-DE03-4C76-96AB-76449AF00FCA_3900_Lankershim_Blvd_Unit_7127_Universal_City_91608,Lankershim,3900 Lankershim Boulevard Blvd Unit 7127 Universal City 91608,,,,
225018,400822,,2424043022.0,,3900.0,,,,,,Lankershim,Boulevard,,,,,,,,,,,Unit,6265,91608.0,,Unincorporated,Universal City,,,,,LACO DPW Add,{45B7B7F2-0BB8-455D-A55D-5EDA3C321766},0,,45B7B7F2-0BB8-455D-A55D-5EDA3C321766,Unknown,,,,,Blvd,Lankershim Blvd,2018/01/11 10:53:51+00,3900 Lankershim Blvd Unit 6265 Universal City 91608,45B7B7F2-0BB8-455D-A55D-5EDA3C321766_3900_Lankershim_Blvd_Unit_6265_Universal_City_91608,Lankershim,3900 Lankershim Boulevard Blvd Unit 6265 Universal City 91608,,,,
225019,400823,,2424043022.0,,3900.0,,,,,,Lankershim,Boulevard,,,,,,,,,,,Unit,6124,91608.0,,Unincorporated,Universal City,,,,,LACO DPW Add,{F1BE39AB-73CB-4514-A267-6F674AC1351B},0,,F1BE39AB-73CB-4514-A267-6F674AC1351B,Unknown,,,,,Blvd,Lankershim Blvd,2018/01/11 08:56:17+00,3900 Lankershim Blvd Unit 6124 Universal City 91608,F1BE39AB-73CB-4514-A267-6F674AC1351B_3900_Lankershim_Blvd_Unit_6124_Universal_City_91608,Lankershim,3900 Lankershim Boulevard Blvd Unit 6124 Universal City 91608,,,,
225020,400824,,2424043022.0,,3900.0,,,,,,Lankershim,Boulevard,,,,,,,,,,,Unit,6111,91608.0,,Unincorporated,Universal City,,,,,LACO DPW Add,{C441E628-126C-4854-AC92-BF125CDA6B60},0,,C441E628-126C-4854-AC92-BF125CDA6B60,Unknown,,,,,Blvd,Lankershim Blvd,2018/01/11 10:26:29+00,3900 Lankershim Blvd Unit 6111 Universal City 91608,C441E628-126C-4854-AC92-BF125CDA6B60_3900_Lankershim_Blvd_Unit_6111_Universal_City_91608,Lankershim,3900 Lankershim Boulevard Blvd Unit 6111 Universal City 91608,,,,
225021,400825,,2424043022.0,,3900.0,,,,,,Lankershim,Boulevard,,,,,,,,,,,Unit,7120,91608.0,,Unincorporated,Universal City,,,,,LACO DPW Add,{CE1364C1-44A9-42AD-881F-3E834536C927},0,,CE1364C1-44A9-42AD-881F-3E834536C927,Unknown,,,,,Blvd,Lankershim Blvd,2018/01/11 08:56:17+00,3900 Lankershim Blvd Unit 7120 Universal City 91608,CE1364C1-44A9-42AD-881F-3E834536C927_3900_Lankershim_Blvd_Unit_7120_Universal_City_91608,Lankershim,3900 Lankershim Boulevard Blvd Unit 7120 Universal City 91608,,,,
225022,400826,,2424043022.0,,3900.0,,,,,,Lankershim,Boulevard,,,,,,,,,,,Unit,6217,91608.0,,Unincorporated,Universal City,,,,,LACO DPW Add,{07BB932C-DFA0-4469-BCBC-0E44815D8D0C},0,,07BB932C-DFA0-4469-BCBC-0E44815D8D0C,Unknown,,,,,Blvd,Lankershim Blvd,2018/01/11 10:43:41+00,3900 Lankershim Blvd Unit 6217 Universal City 91608,07BB932C-DFA0-4469-BCBC-0E44815D8D0C_3900_Lankershim_Blvd_Unit_6217_Universal_City_91608,Lankershim,3900 Lankershim Boulevard Blvd Unit 6217 Universal City 91608,,,,
225023,400827,,2424043022.0,,3900.0,,,,,,Lankershim,Boulevard,,,,,,,,,,,Unit,8151,91608.0,,Unincorporated,Universal City,,,,,LACO DPW Add,{397FF0D0-BF51-4C11-89C6-EB66D81EB115},0,,397FF0D0-BF51-4C11-89C6-EB66D81EB115,Unknown,,,,,Blvd,Lankershim Blvd,2018/01/11 10:30:30+00,3900 Lankershim Blvd Unit 8151 Universal City 91608,397FF0D0-BF51-4C11-89C6-EB66D81EB115_3900_Lankershim_Blvd_Unit_8151_Universal_City_91608,Lankershim,3900 Lankershim Boulevard Blvd Unit 8151 Universal City 91608,,,,
225024,400828,,2424043022.0,,3900.0,,,,,,Lankershim,,,,,,,,,,,,Unit,6237,91608.0,,Unincorporated,Universal City,,,,,LACO DPW Add,{2831ADB9-CBC0-470F-94C9-F572EAFA3F08},0,,2831ADB9-CBC0-470F-94C9-F572EAFA3F08,Unknown,,,,,,Lankershim,2018/01/11 10:53:51+00,3900 Lankershim Unit 6237 Universal City 91608,2831ADB9-CBC0-470F-94C9-F572EAFA3F08_3900_Lankershim_Unit_6237_Universal_City_91608,Lankershim,3900 Lankershim Unit 6237 Universal City 91608,,,,
225025,400829,,2424043022.0,,3900.0,,,,,,Lankershim,Boulevard,,,,,,,,,,,,,91608.0,,Unincorporated,Universal City,,,,,LACO DPW Add,{764876E0-BF1D-4094-8082-1F5F54E58F93},0,,764876E0-BF1D-4094-8082-1F5F54E58F93,Unknown,,,,,Blvd,Lankershim Blvd,2017/12/04 16:23:41+00,3900 Lankershim Blvd Universal City 91608,764876E0-BF1D-4094-8082-1F5F54E58F93_3900_Lankershim_Blvd_Universal_City_91608,Lankershim,3900 Lankershim Boulevard Blvd Universal City 91608,,,,
225026,400830,,2424043022.0,,3900.0,,,,,,Lankershim,Boulevard,,,,,,,,,,,Unit,6248,91608.0,,Unincorporated,Universal City,,,,,LACO DPW Add,{A8100113-A7DA-40D9-A0A0-3AF17FE94857},0,,A8100113-A7DA-40D9-A0A0-3AF17FE94857,Unknown,,,,,Blvd,Lankershim Blvd,2018/01/11 10:43:41+00,3900 Lankershim Blvd Unit 6248 Universal City 91608,A8100113-A7DA-40D9-A0A0-3AF17FE94857_3900_Lankershim_Blvd_Unit_6248_Universal_City_91608,Lankershim,3900 Lankershim Boulevard Blvd Unit 6248 Universal City 91608,,,,
225027,400831,,2424043022.0,,3900.0,,,,,,Lankershim,Boulevard,,,,,,,,,,,Unit,6236,91608.0,,Unincorporated,Universal City,,,,,LACO DPW Add,{8D8046A0-42BF-4770-A93F-D43EA18596B5},0,,8D8046A0-42BF-4770-A93F-D43EA18596B5,Unknown,,,,,Blvd,Lankershim Blvd,2018/01/11 10:53:51+00,3900 Lankershim Blvd Unit 6236 Universal City 91608,8D8046A0-42BF-4770-A93F-D43EA18596B5_3900_Lankershim_Blvd_Unit_6236_Universal_City_91608,Lankershim,3900 Lankershim Boulevard Blvd Unit 6236 Universal City 91608,,,,
225028,400832,,2424043022.0,,3900.0,,,,,,LANKER,Boulevard,,,,,,,,,,,Unit,7351,91608.0,,Unincorporated,Universal City,,,,,LACO DPW Add,{7F638F89-4B2D-4BE3-B0DB-6D2CAFA1008E},0,,7F638F89-4B2D-4BE3-B0DB-6D2CAFA1008E,Unknown,,,,,Blvd,LANKER Blvd,2018/01/11 12:43:25+00,3900 LANKER Blvd Unit 7351 Universal City 91608,7F638F89-4B2D-4BE3-B0DB-6D2CAFA1008E_3900_LANKER_Blvd_Unit_7351_Universal_City_91608,LANKER,3900 LANKER Boulevard Blvd Unit 7351 Universal City 91608,,,,
225029,400833,,2424043022.0,,3900.0,,,,,,Lankershim,Boulevard,,,,,,,,,,,Unit,6122,91608.0,,Unincorporated,Universal City,,,,,LACO DPW Add,{DBF69A56-19A1-49B1-97F2-0547D02C1F5D},0,,DBF69A56-19A1-49B1-97F2-0547D02C1F5D,Unknown,,,,,Blvd,Lankershim Blvd,2018/01/11 10:26:29+00,3900 Lankershim Blvd Unit 6122 Universal City 91608,DBF69A56-19A1-49B1-97F2-0547D02C1F5D_3900_Lankershim_Blvd_Unit_6122_Universal_City_91608,Lankershim,3900 Lankershim Boulevard Blvd Unit 6122 Universal City 91608,,,,
225030,400834,,2424043022.0,,3900.0,,,,,,Lankershim,Boulevard,,,,,,,,,,,Unit,6164,91608.0,,Unincorporated,Universal City,,,,,LACO DPW Add,{5C36BAB6-4ED4-4B9C-947C-20E940DBDD3F},0,,5C36BAB6-4ED4-4B9C-947C-20E940DBDD3F,Unknown,,,,,Blvd,Lankershim Blvd,2018/01/11 10:53:51+00,3900 Lankershim Blvd Unit 6164 Universal City 91608,5C36BAB6-4ED4-4B9C-947C-20E940DBDD3F_3900_Lankershim_Blvd_Unit_6164_Universal_City_91608,Lankershim,3900 Lankershim Boulevard Blvd Unit 6164 Universal City 91608,,,,
225031,400835,,2424043022.0,,3900.0,,,,,,Lankershim,Boulevard,,,,,,,,,,,Unit,7212,91608.0,,Unincorporated,Universal City,,,,,LACO DPW Add,{F5177F6D-0AB9-4D67-9507-71419DEAFF7A},0,,F5177F6D-0AB9-4D67-9507-71419DEAFF7A,Utility,,,,,Blvd,Lankershim Blvd,2018/01/11 10:43:41+00,3900 Lankershim Blvd Unit 7212 Universal City 91608,F5177F6D-0AB9-4D67-9507-71419DEAFF7A_3900_Lankershim_Blvd_Unit_7212_Universal_City_91608,Lankershim,3900 Lankershim Boulevard Blvd Unit 7212 Universal City 91608,,,,
225032,400836,,2424043022.0,,3900.0,,,,,,Lankershim,Boulevard,,,,,,,,,,,Unit,6333,91608.0,,Unincorporated,Universal City,,,,,LACO DPW Add,{A2F8C03B-C9BC-4420-B1F8-B1C280EDBFDC},0,,A2F8C03B-C9BC-4420-B1F8-B1C280EDBFDC,Unknown,,,,,Blvd,Lankershim Blvd,2018/01/11 12:43:25+00,3900 Lankershim Blvd Unit 6333 Universal City 91608,A2F8C03B-C9BC-4420-B1F8-B1C280EDBFDC_3900_Lankershim_Blvd_Unit_6333_Universal_City_91608,Lankershim,3900 Lankershim Boulevard Blvd Unit 6333 Universal City 91608,,,,
225033,400837,,2424043022.0,,3900.0,,,,,,Lankershim,Boulevard,,,,,,,,,,,Unit,6178,91608.0,,Unincorporated,Universal City,,,,,LACO DPW Add,{DDD2642B-7687-45A4-89C2-60A11A3DBC62},0,,DDD2642B-7687-45A4-89C2-60A11A3DBC62,Unknown,,,,,Blvd,Lankershim Blvd,2018/01/11 10:43:41+00,3900 Lankershim Blvd Unit 6178 Universal City 91608,DDD2642B-7687-45A4-89C2-60A11A3DBC62_3900_Lankershim_Blvd_Unit_6178_Universal_City_91608,Lankershim,3900 Lankershim Boulevard Blvd Unit 6178 Universal City 91608,,,,
225034,400838,,2424043022.0,,3900.0,,,,,,Lankershim,Boulevard,,,,,,,,,,,Unit,6208,91608.0,,Unincorporated,Universal City,,,,,LACO DPW Add,{242F26D3-4F24-4511-857E-A0728549B94F},0,,242F26D3-4F24-4511-857E-A0728549B94F,Unknown,,,,,Blvd,Lankershim Blvd,2018/01/11 10:43:41+00,3900 Lankershim Blvd Unit 6208 Universal City 91608,242F26D3-4F24-4511-857E-A0728549B94F_3900_Lankershim_Blvd_Unit_6208_Universal_City_91608,Lankershim,3900 Lankershim Boulevard Blvd Unit 6208 Universal City 91608,,,,
225035,400839,,2424043022.0,,3900.0,,,,,,Lankershim,Boulevard,,,,,,,,,,,Unit,6136,91608.0,,Unincorporated,Universal City,,,,,LACO DPW Add,{A4D9AD38-7DB8-4C7D-9CD7-71EF56701661},0,,A4D9AD38-7DB8-4C7D-9CD7-71EF56701661,Unknown,,,,,Blvd,Lankershim Blvd,2018/01/11 10:26:29+00,3900 Lankershim Blvd Unit 6136 Universal City 91608,A4D9AD38-7DB8-4C7D-9CD7-71EF56701661_3900_Lankershim_Blvd_Unit_6136_Universal_City_91608,Lankershim,3900 Lankershim Boulevard Blvd Unit 6136 Universal City 91608,,,,
225036,400840,,2424043022.0,,3900.0,,,,,,Lankershim,Boulevard,,,,,,,,,,,Unit,6146,91608.0,,Unincorporated,Universal City,,,,,LACO DPW Add,{7DB4FD2C-F0DC-48AD-8555-3D58547077C7},0,,7DB4FD2C-F0DC-48AD-8555-3D58547077C7,Unknown,,,,,Blvd,Lankershim Blvd,2018/01/11 10:26:29+00,3900 Lankershim Blvd Unit 6146 Universal City 91608,7DB4FD2C-F0DC-48AD-8555-3D58547077C7_3900_Lankershim_Blvd_Unit_6146_Universal_City_91608,Lankershim,3900 Lankershim Boulevard Blvd Unit 6146 Universal City 91608,,,,
225037,400841,,2424043022.0,,3900.0,,,,,,Lankershim,Boulevard,,,,,,,,,,,Unit,7231,91608.0,,Unincorporated,Universal City,,,,,LACO DPW Add,{0DBC963F-2785-4FE3-B4AD-30E633479C31},0,,0DBC963F-2785-4FE3-B4AD-30E633479C31,Unknown,,,,,Blvd,Lankershim Blvd,2018/01/11 10:43:41+00,3900 Lankershim Blvd Unit 7231 Universal City 91608,0DBC963F-2785-4FE3-B4AD-30E633479C31_3900_Lankershim_Blvd_Unit_7231_Universal_City_91608,Lankershim,3900 Lankershim Boulevard Blvd Unit 7231 Universal City 91608,,,,
225038,400842,,2424043022.0,,3900.0,,,,,,Lankershim,Boulevard,,,,,,,,,,,Unit,7242,91608.0,,Unincorporated,Universal City,,,,,LACO DPW Add,{6B1C93AD-3E80-4957-9A86-90D83377F7A2},0,,6B1C93AD-3E80-4957-9A86-90D83377F7A2,Unknown,,,,,Blvd,Lankershim Blvd,2018/01/11 10:43:41+00,3900 Lankershim Blvd Unit 7242 Universal City 91608,6B1C93AD-3E80-4957-9A86-90D83377F7A2_3900_Lankershim_Blvd_Unit_7242_Universal_City_91608,Lankershim,3900 Lankershim Boulevard Blvd Unit 7242 Universal City 91608,,,,
225039,400843,,2424043022.0,,3900.0,,,,,,Lankershim,Boulevard,,,,,,,,,,,Unit,6128,91608.0,,Unincorporated,Universal City,,,,,LACO DPW Add,{673FEB61-6F22-4A42-985A-5DDE29B12F2C},0,,673FEB61-6F22-4A42-985A-5DDE29B12F2C,Unknown,,,,,Blvd,Lankershim Blvd,2018/01/11 08:56:17+00,3900 Lankershim Blvd Unit 6128 Universal City 91608,673FEB61-6F22-4A42-985A-5DDE29B12F2C_3900_Lankershim_Blvd_Unit_6128_Universal_City_91608,Lankershim,3900 Lankershim Boulevard Blvd Unit 6128 Universal City 91608,,,,
225040,400844,,2424043022.0,,3900.0,,,,,,Lankershim,Boulevard,,,,,,,,,,,Unit,6298,91608.0,,Unincorporated,Universal City,,,,,LACO DPW Add,{02ECB933-9C63-4912-A640-6EEE31582B97},0,,02ECB933-9C63-4912-A640-6EEE31582B97,Unknown,,,,,Blvd,Lankershim Blvd,2018/01/11 10:43:41+00,3900 Lankershim Blvd Unit 6298 Universal City 91608,02ECB933-9C63-4912-A640-6EEE31582B97_3900_Lankershim_Blvd_Unit_6298_Universal_City_91608,Lankershim,3900 Lankershim Boulevard Blvd Unit 6298 Universal City 91608,,,,
225041,400845,,2424043022.0,,3900.0,,,,,,Lankershim,Boulevard,,,,,,,,,,,Unit,8343,91608.0,,Unincorporated,Universal City,,,,,LACO DPW Add,{A6283923-AA0C-4617-A2D8-C0B89C6B4247},0,,A6283923-AA0C-4617-A2D8-C0B89C6B4247,Unknown,,,,,Blvd,Lankershim Blvd,2018/01/11 12:46:22+00,3900 Lankershim Blvd Unit 8343 Universal City 91608,A6283923-AA0C-4617-A2D8-C0B89C6B4247_3900_Lankershim_Blvd_Unit_8343_Universal_City_91608,Lankershim,3900 Lankershim Boulevard Blvd Unit 8343 Universal City 91608,,,,
225042,400846,,2424043022.0,,3900.0,,,,,,Lankershim,Boulevard,,,,,,,,,,,Unit,8422,91608.0,,Unincorporated,Universal City,,,,,LACO DPW Add,{876FAD19-4AEF-430E-BDF4-231595179E81},0,,876FAD19-4AEF-430E-BDF4-231595179E81,Unknown,,,,,Blvd,Lankershim Blvd,2018/01/11 12:48:19+00,3900 Lankershim Blvd Unit 8422 Universal City 91608,876FAD19-4AEF-430E-BDF4-231595179E81_3900_Lankershim_Blvd_Unit_8422_Universal_City_91608,Lankershim,3900 Lankershim Boulevard Blvd Unit 8422 Universal City 91608,,,,
225043,400847,,2424043022.0,,3900.0,,,,,,Lankershim,Boulevard,,,,,,,,,,,Unit,6121,91608.0,,Unincorporated,Universal City,,,,,LACO DPW Add,{9D7E14EE-4864-40E9-A8CF-E8EE359E5FC0},0,,9D7E14EE-4864-40E9-A8CF-E8EE359E5FC0,Unknown,,,,,Blvd,Lankershim Blvd,2018/01/11 10:26:29+00,3900 Lankershim Blvd Unit 6121 Universal City 91608,9D7E14EE-4864-40E9-A8CF-E8EE359E5FC0_3900_Lankershim_Blvd_Unit_6121_Universal_City_91608,Lankershim,3900 Lankershim Boulevard Blvd Unit 6121 Universal City 91608,,,,
225044,400848,,2424043022.0,,3900.0,,,,,,Lankershim,Boulevard,,,,,,,,,,,Unit,7306,91608.0,,Unincorporated,Universal City,,,,,LACO DPW Add,{13EE8F17-911E-4D21-A884-A51C4C7E1D2F},0,,13EE8F17-911E-4D21-A884-A51C4C7E1D2F,Unknown,,,,,Blvd,Lankershim Blvd,2018/01/11 10:43:41+00,3900 Lankershim Blvd Unit 7306 Universal City 91608,13EE8F17-911E-4D21-A884-A51C4C7E1D2F_3900_Lankershim_Blvd_Unit_7306_Universal_City_91608,Lankershim,3900 Lankershim Boulevard Blvd Unit 7306 Universal City 91608,,,,
225045,400849,,2424043022.0,,3900.0,,,,,,Lankershim,Boulevard,,,,,,,,,,,Unit,6209,91608.0,,Unincorporated,Universal City,,,,,LACO DPW Add,{BBCAD7CA-CDC7-4BAD-89D2-6B6A817D21C2},0,,BBCAD7CA-CDC7-4BAD-89D2-6B6A817D21C2,Utility,,,,,Blvd,Lankershim Blvd,2018/01/11 10:43:41+00,3900 Lankershim Blvd Unit 6209 Universal City 91608,BBCAD7CA-CDC7-4BAD-89D2-6B6A817D21C2_3900_Lankershim_Blvd_Unit_6209_Universal_City_91608,Lankershim,3900 Lankershim Boulevard Blvd Unit 6209 Universal City 91608,,,,
225046,400850,,2424043022.0,,3900.0,,,,,,Lankershim,Boulevard,,,,,,,,,,,Unit,6238,91608.0,,Unincorporated,Universal City,,,,,LACO DPW Add,{017ACF9C-C7A4-408C-9A58-C37C1AA3DF79},0,,017ACF9C-C7A4-408C-9A58-C37C1AA3DF79,Unknown,,,,,Blvd,Lankershim Blvd,2018/01/11 10:43:41+00,3900 Lankershim Blvd Unit 6238 Universal City 91608,017ACF9C-C7A4-408C-9A58-C37C1AA3DF79_3900_Lankershim_Blvd_Unit_6238_Universal_City_91608,Lankershim,3900 Lankershim Boulevard Blvd Unit 6238 Universal City 91608,,,,
225047,400851,,2424043022.0,,3900.0,,,,,,Lankershim,Boulevard,,,,,,,,,,,Unit,7264,91608.0,,Unincorporated,Universal City,,,,,LACO DPW Add,{F4B7B4B6-1063-461D-9EAA-CCA94CEA09C7},0,,F4B7B4B6-1063-461D-9EAA-CCA94CEA09C7,Utility,,,,,Blvd,Lankershim Blvd,2018/01/11 10:43:41+00,3900 Lankershim Blvd Unit 7264 Universal City 91608,F4B7B4B6-1063-461D-9EAA-CCA94CEA09C7_3900_Lankershim_Blvd_Unit_7264_Universal_City_91608,Lankershim,3900 Lankershim Boulevard Blvd Unit 7264 Universal City 91608,,,,
225048,400852,,2424043022.0,,3900.0,,,,,,Lankershim,Boulevard,,,,,,,,,,,Unit,6153,91608.0,,Unincorporated,Universal City,,,,,LACO DPW Add,{C075E069-C83C-42D6-BEE3-0B22544A5BCE},0,,C075E069-C83C-42D6-BEE3-0B22544A5BCE,Unknown,,,,,Blvd,Lankershim Blvd,2018/01/11 10:26:29+00,3900 Lankershim Blvd Unit 6153 Universal City 91608,C075E069-C83C-42D6-BEE3-0B22544A5BCE_3900_Lankershim_Blvd_Unit_6153_Universal_City_91608,Lankershim,3900 Lankershim Boulevard Blvd Unit 6153 Universal City 91608,,,,
225049,400853,,2424043022.0,,3900.0,,,,,,Lankershim,Boulevard,,,,,,,,,,,Unit,7156,91608.0,,Unincorporated,Universal City,,,,,LACO DPW Add,{E0001C54-C9D6-4A84-8E35-E116AA61CB87},0,,E0001C54-C9D6-4A84-8E35-E116AA61CB87,Utility,,,,,Blvd,Lankershim Blvd,2018/01/11 10:30:30+00,3900 Lankershim Blvd Unit 7156 Universal City 91608,E0001C54-C9D6-4A84-8E35-E116AA61CB87_3900_Lankershim_Blvd_Unit_7156_Universal_City_91608,Lankershim,3900 Lankershim Boulevard Blvd Unit 7156 Universal City 91608,,,,
225050,400854,,2424043022.0,,3900.0,,,,,,Lankershim,Boulevard,,,,,,,,,,,Unit,7279,91608.0,,Unincorporated,Universal City,,,,,LACO DPW Add,{65F4F5C4-878E-4D14-8321-BB423449ABC1},0,,65F4F5C4-878E-4D14-8321-BB423449ABC1,Unknown,,,,,Blvd,Lankershim Blvd,2018/01/11 10:43:41+00,3900 Lankershim Blvd Unit 7279 Universal City 91608,65F4F5C4-878E-4D14-8321-BB423449ABC1_3900_Lankershim_Blvd_Unit_7279_Universal_City_91608,Lankershim,3900 Lankershim Boulevard Blvd Unit 7279 Universal City 91608,,,,
225051,400855,,2424043022.0,,3900.0,,,,,,,,,,,,,,,,,,Unit,8216,91608.0,,Unincorporated,Universal City,,,,,LACO DPW Add,{F41AA3FF-189D-47E7-BD34-B2561109BA21},0,,F41AA3FF-189D-47E7-BD34-B2561109BA21,Unknown,,,,,,,2018/01/11 10:43:41+00,3900 Unit 8216 Universal City 91608,F41AA3FF-189D-47E7-BD34-B2561109BA21_3900_Unit_8216_Universal_City_91608,,3900 Unit 8216 Universal City 91608,,,,
225052,400856,,2424043022.0,,3900.0,,,,,,,,,,,,,,,,,,Unit,8413,91608.0,,Unincorporated,Universal City,,,,,LACO DPW Add,{13A851A4-403F-4746-9926-C0E1A0ACE2CA},0,,13A851A4-403F-4746-9926-C0E1A0ACE2CA,Unknown,,,,,,,2018/01/11 12:46:22+00,3900 Unit 8413 Universal City 91608,13A851A4-403F-4746-9926-C0E1A0ACE2CA_3900_Unit_8413_Universal_City_91608,,3900 Unit 8413 Universal City 91608,,,,
225053,400857,,2424043022.0,,3900.0,,,,,,,,,,,,,,,,,,,,91608.0,,Unincorporated,Universal City,,,,,LACO DPW Add,{0609D081-DAE3-4E43-86B8-BB8601DBBACA},0,,0609D081-DAE3-4E43-86B8-BB8601DBBACA,Unknown,,,,,,,2017/12/04 16:23:41+00,3900 Universal City 91608,0609D081-DAE3-4E43-86B8-BB8601DBBACA_3900_Universal_City_91608,,3900 Universal City 91608,,,,
225054,400858,,2424043022.0,,3900.0,,,,,,,,,,,,,,,,,,Unit,8242,91608.0,,Unincorporated,Universal City,,,,,LACO DPW Add,{6DE13B2B-5921-4352-AADF-1A3A7708F95B},0,,6DE13B2B-5921-4352-AADF-1A3A7708F95B,Unknown,,,,,,,2018/01/11 10:43:41+00,3900 Unit 8242 Universal City 91608,6DE13B2B-5921-4352-AADF-1A3A7708F95B_3900_Unit_8242_Universal_City_91608,,3900 Unit 8242 Universal City 91608,,,,
225055,400859,,2424043022.0,,3900.0,,,,,,,,,,,,,,,,,,Unit,7227,91608.0,,Unincorporated,Universal City,,,,,LACO DPW Add,{9030E85E-008F-4917-A901-6BBFF1A7D969},0,,9030E85E-008F-4917-A901-6BBFF1A7D969,Unknown,,,,,,,2018/01/11 10:43:41+00,3900 Unit 7227 Universal City 91608,9030E85E-008F-4917-A901-6BBFF1A7D969_3900_Unit_7227_Universal_City_91608,,3900 Unit 7227 Universal City 91608,,,,
225056,400860,,2424043022.0,,3900.0,,,,,,,,,,,,,,,,,,Unit,6239,91608.0,,Unincorporated,Universal City,,,,,LACO DPW Add,{F794B5F2-8174-4FF5-ADDE-2AFFC219ED2E},0,,F794B5F2-8174-4FF5-ADDE-2AFFC219ED2E,Unknown,,,,,,,2018/01/11 10:43:41+00,3900 Unit 6239 Universal City 91608,F794B5F2-8174-4FF5-ADDE-2AFFC219ED2E_3900_Unit_6239_Universal_City_91608,,3900 Unit 6239 Universal City 91608,,,,
225057,400861,,2424043022.0,,3900.0,,,,,,,,,,,,,,,,,,Unit,7234,91608.0,,Unincorporated,Universal City,,,,,LACO DPW Add,{99CC23BC-58C1-48BF-AE90-B46E4AE1515B},0,,99CC23BC-58C1-48BF-AE90-B46E4AE1515B,Unknown,,,,,,,2018/01/11 10:43:41+00,3900 Unit 7234 Universal City 91608,99CC23BC-58C1-48BF-AE90-B46E4AE1515B_3900_Unit_7234_Universal_City_91608,,3900 Unit 7234 Universal City 91608,,,,
225058,400862,,2424043022.0,,3900.0,,,,,,,,,,,,,,,,,,Unit,8214,91608.0,,Unincorporated,Universal City,,,,,LACO DPW Add,{ADB483FD-C603-4943-ABAC-D86C3713E7BE},0,,ADB483FD-C603-4943-ABAC-D86C3713E7BE,Unknown,,,,,,,2018/01/11 10:43:41+00,3900 Unit 8214 Universal City 91608,ADB483FD-C603-4943-ABAC-D86C3713E7BE_3900_Unit_8214_Universal_City_91608,,3900 Unit 8214 Universal City 91608,,,,
225061,400865,,2424043029.0,,150.0,,,,,,Universal City,Plaza,,,,,,,,,,,,,91608.0,,Unincorporated,Universal City,,,,,LACO DPW House Numbering Map,{485FBD30-38FC-4084-83AE-2B2B3DE84BBE},0,,485FBD30-38FC-4084-83AE-2B2B3DE84BBE,Unknown,,,,,Plz,Universal City Plz,2018/11/06 23:20:10+00,150 Universal City Plz Universal City 91608,485FBD30-38FC-4084-83AE-2B2B3DE84BBE_150_Universal_City_Plz_Universal_City_91608,Universal City,150 Universal City Plaza Plz Universal City 91608,,,,
225062,400866,,2424043031.0,,3900.0,,,,,,Lankershim,Boulevard,,,,,,,,,,,Unit,2372,91608.0,,Los Angeles,Universal City,,,,,LACO DPW Add,{8B21ACC0-2E06-49AB-8EC1-C06D1968A3BB},0,,8B21ACC0-2E06-49AB-8EC1-C06D1968A3BB,Unknown,,,,,Blvd,Lankershim Blvd,2018/11/04 22:24:46+00,3900 Lankershim Blvd Unit 2372 Universal City 91608,8B21ACC0-2E06-49AB-8EC1-C06D1968A3BB_3900_Lankershim_Blvd_Unit_2372_Universal_City_91608,Lankershim,3900 Lankershim Boulevard Blvd Unit 2372 Los Angeles 91608,,,,
225063,400867,,2424043032.0,,3900.0,,,,,,Lankershim,Boulevard,,,,,,,,,,,Unit,2124,91608.0,,Unincorporated,Universal City,,,,,LACO DPW Add,{08B5E252-6E56-4B18-A618-467649139C5C},0,,08B5E252-6E56-4B18-A618-467649139C5C,Utility,,,,,Blvd,Lankershim Blvd,2018/11/08 13:21:57+00,3900 Lankershim Blvd Unit 2124 Universal City 91608,08B5E252-6E56-4B18-A618-467649139C5C_3900_Lankershim_Blvd_Unit_2124_Universal_City_91608,Lankershim,3900 Lankershim Boulevard Blvd Unit 2124 Universal City 91608,,,,
225064,400868,,2424043032.0,,3900.0,,,,,,Lankershim,Boulevard,,,,,,,,,,,Unit,2315,91608.0,,Unincorporated,Universal City,,,,,LACO DPW Add,{F3D6AAE3-38F6-4EED-9BE2-ECB7D9873CA9},0,,F3D6AAE3-38F6-4EED-9BE2-ECB7D9873CA9,Unknown,,,,,Blvd,Lankershim Blvd,2018/11/08 13:21:57+00,3900 Lankershim Blvd Unit 2315 Universal City 91608,F3D6AAE3-38F6-4EED-9BE2-ECB7D9873CA9_3900_Lankershim_Blvd_Unit_2315_Universal_City_91608,Lankershim,3900 Lankershim Boulevard Blvd Unit 2315 Universal City 91608,,,,
225065,400869,,2424043032.0,,3900.0,,,,,,Lankershim,Boulevard,,,,,,,,,,,Unit,2220,91608.0,,Unincorporated,Universal City,,,,,LACO DPW Add,{49D494EB-9B15-4478-91EB-518B305EBA2D},0,,49D494EB-9B15-4478-91EB-518B305EBA2D,Unknown,,,,,Blvd,Lankershim Blvd,2018/11/08 13:21:57+00,3900 Lankershim Blvd Unit 2220 Universal City 91608,49D494EB-9B15-4478-91EB-518B305EBA2D_3900_Lankershim_Blvd_Unit_2220_Universal_City_91608,Lankershim,3900 Lankershim Boulevard Blvd Unit 2220 Universal City 91608,,,,
225066,400870,,2424043032.0,,3900.0,,,,,,Lankershim,Boulevard,,,,,,,,,,,Unit,1351,91608.0,,Unincorporated,Universal City,,,,,LACO DPW Add,{15326779-FC15-417C-9702-8CF0487BABA1},0,,15326779-FC15-417C-9702-8CF0487BABA1,Unknown,,,,,Blvd,Lankershim Blvd,2018/11/08 13:21:57+00,3900 Lankershim Blvd Unit 1351 Universal City 91608,15326779-FC15-417C-9702-8CF0487BABA1_3900_Lankershim_Blvd_Unit_1351_Universal_City_91608,Lankershim,3900 Lankershim Boulevard Blvd Unit 1351 Universal City 91608,,,,
225067,400871,,2424043032.0,,3900.0,,,,,,Lankershim,Boulevard,,,,,,,,,,,Unit,2265,91608.0,,Unincorporated,Universal City,,,,,LACO DPW Add,{8EAF9030-0544-440A-A86F-03D87046BB58},0,,8EAF9030-0544-440A-A86F-03D87046BB58,Unknown,,,,,Blvd,Lankershim Blvd,2018/11/08 13:21:57+00,3900 Lankershim Blvd Unit 2265 Universal City 91608,8EAF9030-0544-440A-A86F-03D87046BB58_3900_Lankershim_Blvd_Unit_2265_Universal_City_91608,Lankershim,3900 Lankershim Boulevard Blvd Unit 2265 Universal City 91608,,,,
225068,400872,,2424043032.0,,3900.0,,,,,,Lankershim,Boulevard,,,,,,,,,,,Unit,2332,91608.0,,Unincorporated,Universal City,,,,,LACO DPW Add,{C20E0590-E080-4281-ACB1-0EB6792F2744},0,,C20E0590-E080-4281-ACB1-0EB6792F2744,Unknown,,,,,Blvd,Lankershim Blvd,2018/11/08 13:21:57+00,3900 Lankershim Blvd Unit 2332 Universal City 91608,C20E0590-E080-4281-ACB1-0EB6792F2744_3900_Lankershim_Blvd_Unit_2332_Universal_City_91608,Lankershim,3900 Lankershim Boulevard Blvd Unit 2332 Universal City 91608,,,,
225069,400873,,2424043032.0,,3900.0,,,,,,Lankershim,Boulevard,,,,,,,,,,,Unit,2370,91608.0,,Unincorporated,Universal City,,,,,LACO DPW Add,{4B5D0100-8324-4D05-96C8-3ED3770595D4},0,,4B5D0100-8324-4D05-96C8-3ED3770595D4,Unknown,,,,,Blvd,Lankershim Blvd,2018/11/08 13:21:57+00,3900 Lankershim Blvd Unit 2370 Universal City 91608,4B5D0100-8324-4D05-96C8-3ED3770595D4_3900_Lankershim_Blvd_Unit_2370_Universal_City_91608,Lankershim,3900 Lankershim Boulevard Blvd Unit 2370 Universal City 91608,,,,
225070,400874,,2424043032.0,,3900.0,,,,,,Lankershim,Boulevard,,,,,,,,,,,Unit,3153,91608.0,,Unincorporated,Universal City,,,,,LACO DPW Add,{112B2B42-8B42-4209-8B14-9B326AE5CDCB},0,,112B2B42-8B42-4209-8B14-9B326AE5CDCB,Unknown,,,,,Blvd,Lankershim Blvd,2018/11/08 13:21:57+00,3900 Lankershim Blvd Unit 3153 Universal City 91608,112B2B42-8B42-4209-8B14-9B326AE5CDCB_3900_Lankershim_Blvd_Unit_3153_Universal_City_91608,Lankershim,3900 Lankershim Boulevard Blvd Unit 3153 Universal City 91608,,,,
225071,400875,,2424043032.0,,3900.0,,,,,,Lankershim,Boulevard,,,,,,,,,,,Unit,3110,91608.0,,Unincorporated,Universal City,,,,,LACO DPW Add,{A276AEEC-BEB0-45AF-97DC-8B2F3F6B2A41},0,,A276AEEC-BEB0-45AF-97DC-8B2F3F6B2A41,Utility,,,,,Blvd,Lankershim Blvd,2018/11/08 13:21:57+00,3900 Lankershim Blvd Unit 3110 Universal City 91608,A276AEEC-BEB0-45AF-97DC-8B2F3F6B2A41_3900_Lankershim_Blvd_Unit_3110_Universal_City_91608,Lankershim,3900 Lankershim Boulevard Blvd Unit 3110 Universal City 91608,,,,
225072,400876,,2424043032.0,,3900.0,,,,,,Lankershim,Boulevard,,,,,,,,,,,Unit,1306,91608.0,,Unincorporated,Universal City,,,,,LACO DPW Add,{341AC040-161B-4FAD-9E60-6F17094A5964},0,,341AC040-161B-4FAD-9E60-6F17094A5964,Unknown,,,,,Blvd,Lankershim Blvd,2018/11/08 13:21:57+00,3900 Lankershim Blvd Unit 1306 Universal City 91608,341AC040-161B-4FAD-9E60-6F17094A5964_3900_Lankershim_Blvd_Unit_1306_Universal_City_91608,Lankershim,3900 Lankershim Boulevard Blvd Unit 1306 Universal City 91608,,,,
225073,400877,,2424043032.0,,3900.0,,,,,,Lankershim,Boulevard,,,,,,,,,,,Unit,3156,91608.0,,Unincorporated,Universal City,,,,,LACO DPW Add,{8AA712A4-9C0B-456B-85D6-1628C5C45F47},0,,8AA712A4-9C0B-456B-85D6-1628C5C45F47,Unknown,,,,,Blvd,Lankershim Blvd,2018/11/08 13:21:57+00,3900 Lankershim Blvd Unit 3156 Universal City 91608,8AA712A4-9C0B-456B-85D6-1628C5C45F47_3900_Lankershim_Blvd_Unit_3156_Universal_City_91608,Lankershim,3900 Lankershim Boulevard Blvd Unit 3156 Universal City 91608,,,,
225074,400878,,2424043032.0,,3900.0,,,,,,Lankershim,Boulevard,,,,,,,,,,,Unit,2225,91608.0,,Unincorporated,Universal City,,,,,LACO DPW Add,{2621BC0B-E06E-4F30-A9A1-D180A6EC2389},0,,2621BC0B-E06E-4F30-A9A1-D180A6EC2389,Unknown,,,,,Blvd,Lankershim Blvd,2018/11/08 13:21:57+00,3900 Lankershim Blvd Unit 2225 Universal City 91608,2621BC0B-E06E-4F30-A9A1-D180A6EC2389_3900_Lankershim_Blvd_Unit_2225_Universal_City_91608,Lankershim,3900 Lankershim Boulevard Blvd Unit 2225 Universal City 91608,,,,
225075,400879,,2424043032.0,,3900.0,,,,,,Lankershim,Boulevard,,,,,,,,,,,Unit,2160,91608.0,,Unincorporated,Universal City,,,,,LACO DPW Add,{6454E244-CF32-41F0-9E47-0D52F3943A92},0,,6454E244-CF32-41F0-9E47-0D52F3943A92,Unknown,,,,,Blvd,Lankershim Blvd,2018/11/08 13:21:57+00,3900 Lankershim Blvd Unit 2160 Universal City 91608,6454E244-CF32-41F0-9E47-0D52F3943A92_3900_Lankershim_Blvd_Unit_2160_Universal_City_91608,Lankershim,3900 Lankershim Boulevard Blvd Unit 2160 Universal City 91608,,,,
225076,400880,,2424043032.0,,3900.0,,,,,,Lankershim,Boulevard,,,,,,,,,,,Unit,3243,91608.0,,Unincorporated,Universal City,,,,,LACO DPW Add,{1BB22CF6-FAD8-4B52-B52C-7AB8F2278187},0,,1BB22CF6-FAD8-4B52-B52C-7AB8F2278187,Unknown,,,,,Blvd,Lankershim Blvd,2018/11/08 13:21:57+00,3900 Lankershim Blvd Unit 3243 Universal City 91608,1BB22CF6-FAD8-4B52-B52C-7AB8F2278187_3900_Lankershim_Blvd_Unit_3243_Universal_City_91608,Lankershim,3900 Lankershim Boulevard Blvd Unit 3243 Universal City 91608,,,,
225077,400881,,2424043032.0,,3900.0,,,,,,Lankershim,Boulevard,,,,,,,,,,,Unit,2230,91608.0,,Unincorporated,Universal City,,,,,LACO DPW Add,{0DF4F685-503A-4200-814B-61ECF6C47820},0,,0DF4F685-503A-4200-814B-61ECF6C47820,Unknown,,,,,Blvd,Lankershim Blvd,2018/11/08 13:21:57+00,3900 Lankershim Blvd Unit 2230 Universal City 91608,0DF4F685-503A-4200-814B-61ECF6C47820_3900_Lankershim_Blvd_Unit_2230_Universal_City_91608,Lankershim,3900 Lankershim Boulevard Blvd Unit 2230 Universal City 91608,,,,
225078,400882,,2424043032.0,,3900.0,,,,,,Lankershim,Boulevard,,,,,,,,,,,Unit,2333,91608.0,,Unincorporated,Universal City,,,,,LACO DPW Add,{723F681C-5C87-437C-9CBB-3070EA4FD8A0},0,,723F681C-5C87-437C-9CBB-3070EA4FD8A0,Unknown,,,,,Blvd,Lankershim Blvd,2018/11/08 13:21:57+00,3900 Lankershim Blvd Unit 2333 Universal City 91608,723F681C-5C87-437C-9CBB-3070EA4FD8A0_3900_Lankershim_Blvd_Unit_2333_Universal_City_91608,Lankershim,3900 Lankershim Boulevard Blvd Unit 2333 Universal City 91608,,,,
225079,400883,,2424043032.0,,3900.0,,,,,,Lankershim,Boulevard,,,,,,,,,,,Unit,2345,91608.0,,Unincorporated,Universal City,,,,,LACO DPW Add,{E31908B4-5251-4736-986E-2E523C01AFBF},0,,E31908B4-5251-4736-986E-2E523C01AFBF,Unknown,,,,,Blvd,Lankershim Blvd,2018/11/08 13:21:57+00,3900 Lankershim Blvd Unit 2345 Universal City 91608,E31908B4-5251-4736-986E-2E523C01AFBF_3900_Lankershim_Blvd_Unit_2345_Universal_City_91608,Lankershim,3900 Lankershim Boulevard Blvd Unit 2345 Universal City 91608,,,,
225080,400884,,2424043032.0,,3900.0,,,,,,Lankershim,Boulevard,,,,,,,,,,,Unit,1220,91608.0,,Unincorporated,Universal City,,,,,LACO DPW Add,{648B60C7-1FAD-4A99-932B-151431BC6744},0,,648B60C7-1FAD-4A99-932B-151431BC6744,Unknown,,,,,Blvd,Lankershim Blvd,2018/11/08 13:21:57+00,3900 Lankershim Blvd Unit 1220 Universal City 91608,648B60C7-1FAD-4A99-932B-151431BC6744_3900_Lankershim_Blvd_Unit_1220_Universal_City_91608,Lankershim,3900 Lankershim Boulevard Blvd Unit 1220 Universal City 91608,,,,
225081,400885,,2424043032.0,,3900.0,,,,,,Lankershim,Boulevard,,,,,,,,,,,Unit,1320,91608.0,,Unincorporated,Universal City,,,,,LACO DPW Add,{D0F89221-87A4-459C-8402-05C506045035},0,,D0F89221-87A4-459C-8402-05C506045035,Unknown,,,,,Blvd,Lankershim Blvd,2018/11/08 13:21:57+00,3900 Lankershim Blvd Unit 1320 Universal City 91608,D0F89221-87A4-459C-8402-05C506045035_3900_Lankershim_Blvd_Unit_1320_Universal_City_91608,Lankershim,3900 Lankershim Boulevard Blvd Unit 1320 Universal City 91608,,,,
225082,400886,,2424043032.0,,3900.0,,,,,,Lankershim,Boulevard,,,,,,,,,,,Unit,3265,91608.0,,Unincorporated,Universal City,,,,,LACO DPW Add,{249DE42D-0206-440A-BC53-D1C88D512B23},0,,249DE42D-0206-440A-BC53-D1C88D512B23,Unknown,,,,,Blvd,Lankershim Blvd,2018/11/08 13:21:57+00,3900 Lankershim Blvd Unit 3265 Universal City 91608,249DE42D-0206-440A-BC53-D1C88D512B23_3900_Lankershim_Blvd_Unit_3265_Universal_City_91608,Lankershim,3900 Lankershim Boulevard Blvd Unit 3265 Universal City 91608,,,,
225083,400887,,2424043032.0,,3900.0,,,,,,Lankershim,Boulevard,,,,,,,,,,,Unit,3125,91608.0,,Unincorporated,Universal City,,,,,LACO DPW Add,{CBEFF230-D59C-465C-B89A-426C941D361C},0,,CBEFF230-D59C-465C-B89A-426C941D361C,Unknown,,,,,Blvd,Lankershim Blvd,2018/11/08 13:21:57+00,3900 Lankershim Blvd Unit 3125 Universal City 91608,CBEFF230-D59C-465C-B89A-426C941D361C_3900_Lankershim_Blvd_Unit_3125_Universal_City_91608,Lankershim,3900 Lankershim Boulevard Blvd Unit 3125 Universal City 91608,,,,
225084,400888,,2424043032.0,,3900.0,,,,,,Lankershim,Boulevard,,,,,,,,,,,Unit,1260,91608.0,,Unincorporated,Universal City,,,,,LACO DPW Add,{BAB38323-D131-4769-8FE2-39CB83F73734},0,,BAB38323-D131-4769-8FE2-39CB83F73734,Unknown,,,,,Blvd,Lankershim Blvd,2018/11/08 13:21:57+00,3900 Lankershim Blvd Unit 1260 Universal City 91608,BAB38323-D131-4769-8FE2-39CB83F73734_3900_Lankershim_Blvd_Unit_1260_Universal_City_91608,Lankershim,3900 Lankershim Boulevard Blvd Unit 1260 Universal City 91608,,,,
225085,400889,,2424043032.0,,3900.0,,,,,,Lankershim,Boulevard,,,,,,,,,,,Unit,2223,91608.0,,Unincorporated,Universal City,,,,,LACO DPW Add,{D9CD3360-1981-43FF-84DE-B52FA117B72A},0,,D9CD3360-1981-43FF-84DE-B52FA117B72A,Unknown,,,,,Blvd,Lankershim Blvd,2018/11/08 13:21:57+00,3900 Lankershim Blvd Unit 2223 Universal City 91608,D9CD3360-1981-43FF-84DE-B52FA117B72A_3900_Lankershim_Blvd_Unit_2223_Universal_City_91608,Lankershim,3900 Lankershim Boulevard Blvd Unit 2223 Universal City 91608,,,,
225086,400890,,2424043032.0,,3900.0,,,,,,Lankershim,Boulevard,,,,,,,,,,,Unit,2250,91608.0,,Unincorporated,Universal City,,,,,LACO DPW Add,{CA68EDAE-129A-47DD-B157-9FF442D2D67F},0,,CA68EDAE-129A-47DD-B157-9FF442D2D67F,Unknown,,,,,Blvd,Lankershim Blvd,2018/11/08 13:21:57+00,3900 Lankershim Blvd Unit 2250 Universal City 91608,CA68EDAE-129A-47DD-B157-9FF442D2D67F_3900_Lankershim_Blvd_Unit_2250_Universal_City_91608,Lankershim,3900 Lankershim Boulevard Blvd Unit 2250 Universal City 91608,,,,
225087,400891,,2424043032.0,,3900.0,,,,,,Lankershim,Boulevard,,,,,,,,,,,Unit,3151,91608.0,,Unincorporated,Universal City,,,,,LACO DPW Add,{8B5E9209-5B54-4BD8-98CF-14C8E5A1273A},0,,8B5E9209-5B54-4BD8-98CF-14C8E5A1273A,Unknown,,,,,Blvd,Lankershim Blvd,2018/11/08 13:21:57+00,3900 Lankershim Blvd Unit 3151 Universal City 91608,8B5E9209-5B54-4BD8-98CF-14C8E5A1273A_3900_Lankershim_Blvd_Unit_3151_Universal_City_91608,Lankershim,3900 Lankershim Boulevard Blvd Unit 3151 Universal City 91608,,,,
225088,400892,,2424043032.0,,3900.0,,,,,,Lankershim,Boulevard,,,,,,,,,,,Unit,2282,91608.0,,Unincorporated,Universal City,,,,,LACO DPW Add,{74A361EF-DFB0-47E7-8BA9-66B7A5C7567C},0,,74A361EF-DFB0-47E7-8BA9-66B7A5C7567C,Unknown,,,,,Blvd,Lankershim Blvd,2018/11/08 13:21:57+00,3900 Lankershim Blvd Unit 2282 Universal City 91608,74A361EF-DFB0-47E7-8BA9-66B7A5C7567C_3900_Lankershim_Blvd_Unit_2282_Universal_City_91608,Lankershim,3900 Lankershim Boulevard Blvd Unit 2282 Universal City 91608,,,,
225089,400893,,2424043032.0,,3900.0,,,,,,Lankershim,Boulevard,,,,,,,,,,,Unit,3225,91608.0,,Unincorporated,Universal City,,,,,LACO DPW Add,{4B773618-E8FE-482F-9049-346F5029FC4A},0,,4B773618-E8FE-482F-9049-346F5029FC4A,Unknown,,,,,Blvd,Lankershim Blvd,2018/11/08 13:21:57+00,3900 Lankershim Blvd Unit 3225 Universal City 91608,4B773618-E8FE-482F-9049-346F5029FC4A_3900_Lankershim_Blvd_Unit_3225_Universal_City_91608,Lankershim,3900 Lankershim Boulevard Blvd Unit 3225 Universal City 91608,,,,
225090,400894,,2424043032.0,,3900.0,,,,,,Lankershim,Boulevard,,,,,,,,,,,Unit,2252,91608.0,,Unincorporated,Universal City,,,,,LACO DPW Add,{BEC6766F-E597-424E-8535-B81938047049},0,,BEC6766F-E597-424E-8535-B81938047049,Unknown,,,,,Blvd,Lankershim Blvd,2018/11/08 13:21:57+00,3900 Lankershim Blvd Unit 2252 Universal City 91608,BEC6766F-E597-424E-8535-B81938047049_3900_Lankershim_Blvd_Unit_2252_Universal_City_91608,Lankershim,3900 Lankershim Boulevard Blvd Unit 2252 Universal City 91608,,,,
225091,400895,,2424043032.0,,3900.0,,,,,,Lankershim,Boulevard,,,,,,,,,,,Unit,2263,91608.0,,Unincorporated,Universal City,,,,,LACO DPW Add,{685AF78B-4780-4028-B9BA-BC786F1954CF},0,,685AF78B-4780-4028-B9BA-BC786F1954CF,Unknown,,,,,Blvd,Lankershim Blvd,2018/11/08 13:21:57+00,3900 Lankershim Blvd Unit 2263 Universal City 91608,685AF78B-4780-4028-B9BA-BC786F1954CF_3900_Lankershim_Blvd_Unit_2263_Universal_City_91608,Lankershim,3900 Lankershim Boulevard Blvd Unit 2263 Universal City 91608,,,,
225092,400896,,2424043032.0,,3900.0,,,,,,Lankershim,Boulevard,,,,,,,,,,,Unit,1280,91608.0,,Unincorporated,Universal City,,,,,LACO DPW Add,{0A404D83-BA17-4722-B140-6C98CAF84B56},0,,0A404D83-BA17-4722-B140-6C98CAF84B56,Unknown,,,,,Blvd,Lankershim Blvd,2018/11/08 13:21:57+00,3900 Lankershim Blvd Unit 1280 Universal City 91608,0A404D83-BA17-4722-B140-6C98CAF84B56_3900_Lankershim_Blvd_Unit_1280_Universal_City_91608,Lankershim,3900 Lankershim Boulevard Blvd Unit 1280 Universal City 91608,,,,
225093,400897,,2424043032.0,,3900.0,,,,,,Lankershim,Boulevard,,,,,,,,,,,Unit,2311,91608.0,,Unincorporated,Universal City,,,,,LACO DPW Add,{6AC1C06F-C0BE-4C5E-87F9-DFB25AD5D00A},0,,6AC1C06F-C0BE-4C5E-87F9-DFB25AD5D00A,Unknown,,,,,Blvd,Lankershim Blvd,2018/11/08 13:21:57+00,3900 Lankershim Blvd Unit 2311 Universal City 91608,6AC1C06F-C0BE-4C5E-87F9-DFB25AD5D00A_3900_Lankershim_Blvd_Unit_2311_Universal_City_91608,Lankershim,3900 Lankershim Boulevard Blvd Unit 2311 Universal City 91608,,,,
225094,400898,,2424043032.0,,3900.0,,,,,,Lankershim,Boulevard,,,,,,,,,,,Unit,2313,91608.0,,Unincorporated,Universal City,,,,,LACO DPW Add,{2E403E53-5607-41F0-9920-1D9BE01C1860},0,,2E403E53-5607-41F0-9920-1D9BE01C1860,Unknown,,,,,Blvd,Lankershim Blvd,2018/11/08 13:21:57+00,3900 Lankershim Blvd Unit 2313 Universal City 91608,2E403E53-5607-41F0-9920-1D9BE01C1860_3900_Lankershim_Blvd_Unit_2313_Universal_City_91608,Lankershim,3900 Lankershim Boulevard Blvd Unit 2313 Universal City 91608,,,,
225095,400899,,2424043032.0,,3900.0,,,,,,Lankershim,Boulevard,,,,,,,,,,,Unit,2128,91608.0,,Unincorporated,Universal City,,,,,LACO DPW Add,{F7B4FEA0-C57E-4EF8-9256-C777EE855C0D},0,,F7B4FEA0-C57E-4EF8-9256-C777EE855C0D,Unknown,,,,,Blvd,Lankershim Blvd,2018/11/08 13:21:57+00,3900 Lankershim Blvd Unit 2128 Universal City 91608,F7B4FEA0-C57E-4EF8-9256-C777EE855C0D_3900_Lankershim_Blvd_Unit_2128_Universal_City_91608,Lankershim,3900 Lankershim Boulevard Blvd Unit 2128 Universal City 91608,,,,
225096,400900,,2424043032.0,,3900.0,,,,,,Lankershim,Boulevard,,,,,,,,,,,Unit,2347,91608.0,,Unincorporated,Universal City,,,,,LACO DPW Add,{3EF5FA79-43D3-4846-81B9-0EA9742BB9A8},0,,3EF5FA79-43D3-4846-81B9-0EA9742BB9A8,Unknown,,,,,Blvd,Lankershim Blvd,2018/11/08 13:21:57+00,3900 Lankershim Blvd Unit 2347 Universal City 91608,3EF5FA79-43D3-4846-81B9-0EA9742BB9A8_3900_Lankershim_Blvd_Unit_2347_Universal_City_91608,Lankershim,3900 Lankershim Boulevard Blvd Unit 2347 Universal City 91608,,,,
225097,400901,,2424043032.0,,3900.0,,,,,,Lankershim,Boulevard,,,,,,,,,,,Unit,5165,91608.0,,Unincorporated,Universal City,,,,,LACO DPW Add,{171C5AFF-197B-433E-8A10-B636D25D978B},0,,171C5AFF-197B-433E-8A10-B636D25D978B,Unknown,,,,,Blvd,Lankershim Blvd,2018/11/08 13:21:57+00,3900 Lankershim Blvd Unit 5165 Universal City 91608,171C5AFF-197B-433E-8A10-B636D25D978B_3900_Lankershim_Blvd_Unit_5165_Universal_City_91608,Lankershim,3900 Lankershim Boulevard Blvd Unit 5165 Universal City 91608,,,,
225098,400902,,2424043032.0,,3900.0,,,,,,Lankershim,Boulevard,,,,,,,,,,,Unit,5296,91608.0,,Unincorporated,Universal City,,,,,LACO DPW Add,{5B8E80B0-9BEF-44DD-85B0-6CF6A7BD49CE},0,,5B8E80B0-9BEF-44DD-85B0-6CF6A7BD49CE,Unknown,,,,,Blvd,Lankershim Blvd,2018/11/08 13:21:57+00,3900 Lankershim Blvd Unit 5296 Universal City 91608,5B8E80B0-9BEF-44DD-85B0-6CF6A7BD49CE_3900_Lankershim_Blvd_Unit_5296_Universal_City_91608,Lankershim,3900 Lankershim Boulevard Blvd Unit 5296 Universal City 91608,,,,
225099,400903,,2424043032.0,,3900.0,,,,,,Lankershim,Boulevard,,,,,,,,,,,Unit,4113,91608.0,,Unincorporated,Universal City,,,,,LACO DPW Add,{BB670EB1-1099-4131-A854-59FFE2F81E93},0,,BB670EB1-1099-4131-A854-59FFE2F81E93,Unknown,,,,,Blvd,Lankershim Blvd,2018/11/08 13:21:57+00,3900 Lankershim Blvd Unit 4113 Universal City 91608,BB670EB1-1099-4131-A854-59FFE2F81E93_3900_Lankershim_Blvd_Unit_4113_Universal_City_91608,Lankershim,3900 Lankershim Boulevard Blvd Unit 4113 Universal City 91608,,,,
225100,400904,,2424043032.0,,3900.0,,,,,,Lankershim,Boulevard,,,,,,,,,,,Unit,4136,91608.0,,Unincorporated,Universal City,,,,,LACO DPW Add,{201EA496-A308-4B7E-986F-14114DD230C9},0,,201EA496-A308-4B7E-986F-14114DD230C9,Unknown,,,,,Blvd,Lankershim Blvd,2018/11/08 13:21:57+00,3900 Lankershim Blvd Unit 4136 Universal City 91608,201EA496-A308-4B7E-986F-14114DD230C9_3900_Lankershim_Blvd_Unit_4136_Universal_City_91608,Lankershim,3900 Lankershim Boulevard Blvd Unit 4136 Universal City 91608,,,,
225101,400905,,2424043032.0,,3900.0,,,,,,Lankershim,Boulevard,,,,,,,,,,,Unit,4132,91608.0,,Unincorporated,Universal City,,,,,LACO DPW Add,{3405CBF1-EDA0-4E4A-A651-28C3102C0CFF},0,,3405CBF1-EDA0-4E4A-A651-28C3102C0CFF,Unknown,,,,,Blvd,Lankershim Blvd,2018/11/08 13:21:57+00,3900 Lankershim Blvd Unit 4132 Universal City 91608,3405CBF1-EDA0-4E4A-A651-28C3102C0CFF_3900_Lankershim_Blvd_Unit_4132_Universal_City_91608,Lankershim,3900 Lankershim Boulevard Blvd Unit 4132 Universal City 91608,,,,
225102,400906,,2424043032.0,,3900.0,,,,,,Lankershim,Boulevard,,,,,,,,,,,Unit,4133,91608.0,,Unincorporated,Universal City,,,,,LACO DPW Add,{681B2FFA-3973-41B7-8DC7-19DB6A2D0F47},0,,681B2FFA-3973-41B7-8DC7-19DB6A2D0F47,Unknown,,,,,Blvd,Lankershim Blvd,2018/11/08 13:21:57+00,3900 Lankershim Blvd Unit 4133 Universal City 91608,681B2FFA-3973-41B7-8DC7-19DB6A2D0F47_3900_Lankershim_Blvd_Unit_4133_Universal_City_91608,Lankershim,3900 Lankershim Boulevard Blvd Unit 4133 Universal City 91608,,,,
225103,400907,,2424043032.0,,3900.0,,,,,,Lankershim,Boulevard,,,,,,,,,,,Unit,5146,91608.0,,Unincorporated,Universal City,,,,,LACO DPW Add,{87C75058-B5BB-4B7E-9F52-CF3D07685F0F},0,,87C75058-B5BB-4B7E-9F52-CF3D07685F0F,Unknown,,,,,Blvd,Lankershim Blvd,2018/11/08 13:21:57+00,3900 Lankershim Blvd Unit 5146 Universal City 91608,87C75058-B5BB-4B7E-9F52-CF3D07685F0F_3900_Lankershim_Blvd_Unit_5146_Universal_City_91608,Lankershim,3900 Lankershim Boulevard Blvd Unit 5146 Universal City 91608,,,,
225104,400908,,2424043032.0,,3900.0,,,,,,Lankershim,Boulevard,,,,,,,,,,,Unit,4172,91608.0,,Unincorporated,Universal City,,,,,LACO DPW Add,{0F65D651-1740-4685-928E-A79C500B88EF},0,,0F65D651-1740-4685-928E-A79C500B88EF,Unknown,,,,,Blvd,Lankershim Blvd,2018/11/08 13:21:57+00,3900 Lankershim Blvd Unit 4172 Universal City 91608,0F65D651-1740-4685-928E-A79C500B88EF_3900_Lankershim_Blvd_Unit_4172_Universal_City_91608,Lankershim,3900 Lankershim Boulevard Blvd Unit 4172 Universal City 91608,,,,
225105,400909,,2424043032.0,,3900.0,,,,,,Lankershim,Boulevard,,,,,,,,,,,Unit,5280,91608.0,,Unincorporated,Universal City,,,,,LACO DPW Add,{E14CE278-7EA5-4A2F-9A8E-2464A3FAFC4D},0,,E14CE278-7EA5-4A2F-9A8E-2464A3FAFC4D,Unknown,,,,,Blvd,Lankershim Blvd,2018/11/08 13:21:57+00,3900 Lankershim Blvd Unit 5280 Universal City 91608,E14CE278-7EA5-4A2F-9A8E-2464A3FAFC4D_3900_Lankershim_Blvd_Unit_5280_Universal_City_91608,Lankershim,3900 Lankershim Boulevard Blvd Unit 5280 Universal City 91608,,,,
225106,400910,,2424043032.0,,3900.0,U,,,,,Lankershim,Boulevard,,,,,,,,,,,Unit,4178,91608.0,,Unincorporated,Universal City,,,,,LACO DPW Add,{22384701-6619-44FF-BCB5-9AAA4A916CF0},0,,22384701-6619-44FF-BCB5-9AAA4A916CF0,Utility,,,,,Blvd,Lankershim Blvd,2024/07/17 18:16:05+00,3900 U Lankershim Blvd Unit 4178 Universal City 91608,22384701-6619-44FF-BCB5-9AAA4A916CF0_3900_U_Lankershim_Blvd_Unit_4178_Universal_City_91608,Lankershim,3900 U Lankershim Boulevard Blvd Unit 4178 Universal City 91608,,,,
225107,400911,,2424043032.0,,3900.0,,,,,,Lankershim,Boulevard,,,,,,,,,,,Unit,5184,91608.0,,Unincorporated,Universal City,,,,,LACO DPW Add,{E64FE4D4-FF84-417D-BC84-9AD5DEA9BA06},0,,E64FE4D4-FF84-417D-BC84-9AD5DEA9BA06,Unknown,,,,,Blvd,Lankershim Blvd,2018/11/08 13:21:57+00,3900 Lankershim Blvd Unit 5184 Universal City 91608,E64FE4D4-FF84-417D-BC84-9AD5DEA9BA06_3900_Lankershim_Blvd_Unit_5184_Universal_City_91608,Lankershim,3900 Lankershim Boulevard Blvd Unit 5184 Universal City 91608,,,,
225108,400912,,2424043032.0,,3900.0,,,,,,Lankershim,Boulevard,,,,,,,,,,,Unit,5182,91608.0,,Unincorporated,Universal City,,,,,LACO DPW Add,{1C22FB41-424A-4F27-9CC2-23E35423BA37},0,,1C22FB41-424A-4F27-9CC2-23E35423BA37,Unknown,,,,,Blvd,Lankershim Blvd,2018/11/08 13:21:57+00,3900 Lankershim Blvd Unit 5182 Universal City 91608,1C22FB41-424A-4F27-9CC2-23E35423BA37_3900_Lankershim_Blvd_Unit_5182_Universal_City_91608,Lankershim,3900 Lankershim Boulevard Blvd Unit 5182 Universal City 91608,,,,
225109,400913,,2424043032.0,,3900.0,,,,,,Lankershim,Boulevard,,,,,,,,,,,Unit,5163,91608.0,,Unincorporated,Universal City,,,,,LACO DPW Add,{7BEC0A77-CEEF-4100-9807-CB2DB278FF4B},0,,7BEC0A77-CEEF-4100-9807-CB2DB278FF4B,Unknown,,,,,Blvd,Lankershim Blvd,2018/11/08 13:21:57+00,3900 Lankershim Blvd Unit 5163 Universal City 91608,7BEC0A77-CEEF-4100-9807-CB2DB278FF4B_3900_Lankershim_Blvd_Unit_5163_Universal_City_91608,Lankershim,3900 Lankershim Boulevard Blvd Unit 5163 Universal City 91608,,,,
225110,400914,,2424043032.0,,3900.0,,,,,,Lankershim,Boulevard,,,,,,,,,,,Unit,5195,91608.0,,Unincorporated,Universal City,,,,,LACO DPW Add,{39E77C93-2637-474E-AD26-C1A2C92B52AB},0,,39E77C93-2637-474E-AD26-C1A2C92B52AB,Unknown,,,,,Blvd,Lankershim Blvd,2018/11/08 13:21:57+00,3900 Lankershim Blvd Unit 5195 Universal City 91608,39E77C93-2637-474E-AD26-C1A2C92B52AB_3900_Lankershim_Blvd_Unit_5195_Universal_City_91608,Lankershim,3900 Lankershim Boulevard Blvd Unit 5195 Universal City 91608,,,,
225111,400915,,2424043032.0,,3900.0,,,,,,Lankershim,Boulevard,,,,,,,,,,,Unit,4115,91608.0,,Unincorporated,Universal City,,,,,LACO DPW Add,{3B94CBC3-94A1-4D4E-A7DD-8B8C1550058A},0,,3B94CBC3-94A1-4D4E-A7DD-8B8C1550058A,Unknown,,,,,Blvd,Lankershim Blvd,2018/11/08 13:21:57+00,3900 Lankershim Blvd Unit 4115 Universal City 91608,3B94CBC3-94A1-4D4E-A7DD-8B8C1550058A_3900_Lankershim_Blvd_Unit_4115_Universal_City_91608,Lankershim,3900 Lankershim Boulevard Blvd Unit 4115 Universal City 91608,,,,
225112,400916,,2424043032.0,,3900.0,,,,,,Lankershim,Boulevard,,,,,,,,,,,Unit,5225,91608.0,,Unincorporated,Universal City,,,,,LACO DPW Add,{8721C62C-08D9-4A38-8424-3862BABA0564},0,,8721C62C-08D9-4A38-8424-3862BABA0564,Unknown,,,,,Blvd,Lankershim Blvd,2018/11/08 13:21:57+00,3900 Lankershim Blvd Unit 5225 Universal City 91608,8721C62C-08D9-4A38-8424-3862BABA0564_3900_Lankershim_Blvd_Unit_5225_Universal_City_91608,Lankershim,3900 Lankershim Boulevard Blvd Unit 5225 Universal City 91608,,,,
225113,400917,,2424043032.0,,3900.0,,,,,,Lankershim,Boulevard,,,,,,,,,,,Unit,5185,91608.0,,Unincorporated,Universal City,,,,,LACO DPW Add,{6B5B63D1-039C-43C2-81C7-2B4B5BAFCFCF},0,,6B5B63D1-039C-43C2-81C7-2B4B5BAFCFCF,Unknown,,,,,Blvd,Lankershim Blvd,2018/11/08 13:21:57+00,3900 Lankershim Blvd Unit 5185 Universal City 91608,6B5B63D1-039C-43C2-81C7-2B4B5BAFCFCF_3900_Lankershim_Blvd_Unit_5185_Universal_City_91608,Lankershim,3900 Lankershim Boulevard Blvd Unit 5185 Universal City 91608,,,,
225114,400918,,2424043032.0,,3900.0,,,,,,Lankershim,Boulevard,,,,,,,,,,,Unit,4250,91608.0,,Unincorporated,Universal City,,,,,LACO DPW Add,{4A931CBC-CE25-4770-8F1D-F660BFF31E31},0,,4A931CBC-CE25-4770-8F1D-F660BFF31E31,Unknown,,,,,Blvd,Lankershim Blvd,2018/11/08 13:21:57+00,3900 Lankershim Blvd Unit 4250 Universal City 91608,4A931CBC-CE25-4770-8F1D-F660BFF31E31_3900_Lankershim_Blvd_Unit_4250_Universal_City_91608,Lankershim,3900 Lankershim Boulevard Blvd Unit 4250 Universal City 91608,,,,
225115,400919,,2424043032.0,,3900.0,,,,,,Lankershim,Boulevard,,,,,,,,,,,Unit,4118,91608.0,,Unincorporated,Universal City,,,,,LACO DPW Add,{7B06484F-ACC9-4756-A71C-AB32F5E4F1C8},0,,7B06484F-ACC9-4756-A71C-AB32F5E4F1C8,Unknown,,,,,Blvd,Lankershim Blvd,2018/11/08 13:21:57+00,3900 Lankershim Blvd Unit 4118 Universal City 91608,7B06484F-ACC9-4756-A71C-AB32F5E4F1C8_3900_Lankershim_Blvd_Unit_4118_Universal_City_91608,Lankershim,3900 Lankershim Boulevard Blvd Unit 4118 Universal City 91608,,,,
225116,400920,,2424043032.0,,3900.0,,,,,,Lankershim,Boulevard,,,,,,,,,,,Unit,5171,91608.0,,Unincorporated,Universal City,,,,,LACO DPW Add,{532286F7-BB7C-40E3-98A9-23420D5B8BCE},0,,532286F7-BB7C-40E3-98A9-23420D5B8BCE,Unknown,,,,,Blvd,Lankershim Blvd,2018/11/08 13:21:57+00,3900 Lankershim Blvd Unit 5171 Universal City 91608,532286F7-BB7C-40E3-98A9-23420D5B8BCE_3900_Lankershim_Blvd_Unit_5171_Universal_City_91608,Lankershim,3900 Lankershim Boulevard Blvd Unit 5171 Universal City 91608,,,,
225117,400921,,2424043032.0,,3900.0,,,,,,Lankershim,Boulevard,,,,,,,,,,,Unit,5188,91608.0,,Unincorporated,Universal City,,,,,LACO DPW Add,{757242E2-0C14-44CB-BA97-266759608B5D},0,,757242E2-0C14-44CB-BA97-266759608B5D,Unknown,,,,,Blvd,Lankershim Blvd,2018/11/08 13:21:57+00,3900 Lankershim Blvd Unit 5188 Universal City 91608,757242E2-0C14-44CB-BA97-266759608B5D_3900_Lankershim_Blvd_Unit_5188_Universal_City_91608,Lankershim,3900 Lankershim Boulevard Blvd Unit 5188 Universal City 91608,,,,
225118,400922,,2424043032.0,,3900.0,,,,,,Lankershim,Boulevard,,,,,,,,,,,Unit,4111,91608.0,,Unincorporated,Universal City,,,,,LACO DPW Add,{E25CCA42-4450-40C5-AEAC-ED510ADFEB8F},0,,E25CCA42-4450-40C5-AEAC-ED510ADFEB8F,Unknown,,,,,Blvd,Lankershim Blvd,2018/11/08 13:21:57+00,3900 Lankershim Blvd Unit 4111 Universal City 91608,E25CCA42-4450-40C5-AEAC-ED510ADFEB8F_3900_Lankershim_Blvd_Unit_4111_Universal_City_91608,Lankershim,3900 Lankershim Boulevard Blvd Unit 4111 Universal City 91608,,,,
225119,400923,,2424043032.0,,3900.0,,,,,,Lankershim,Boulevard,,,,,,,,,,,Unit,4175,91608.0,,Unincorporated,Universal City,,,,,LACO DPW Add,{6A1C46C5-E055-4D91-9B1F-0F0DF129B13D},0,,6A1C46C5-E055-4D91-9B1F-0F0DF129B13D,Unknown,,,,,Blvd,Lankershim Blvd,2018/11/08 13:21:57+00,3900 Lankershim Blvd Unit 4175 Universal City 91608,6A1C46C5-E055-4D91-9B1F-0F0DF129B13D_3900_Lankershim_Blvd_Unit_4175_Universal_City_91608,Lankershim,3900 Lankershim Boulevard Blvd Unit 4175 Universal City 91608,,,,
225120,400924,,2424043032.0,,3900.0,,,,,,Lankershim,Boulevard,,,,,,,,,,,Unit,5121,91608.0,,Unincorporated,Universal City,,,,,LACO DPW Add,{518E52C5-2038-4997-AF8A-DC437119A0F5},0,,518E52C5-2038-4997-AF8A-DC437119A0F5,Unknown,,,,,Blvd,Lankershim Blvd,2018/11/08 13:21:57+00,3900 Lankershim Blvd Unit 5121 Universal City 91608,518E52C5-2038-4997-AF8A-DC437119A0F5_3900_Lankershim_Blvd_Unit_5121_Universal_City_91608,Lankershim,3900 Lankershim Boulevard Blvd Unit 5121 Universal City 91608,,,,
225121,400925,,2424043032.0,,3900.0,,,,,,Lankershim,Boulevard,,,,,,,,,,,,,91608.0,,Unincorporated,Universal City,,,,,LACO DPW Add,{55D9FF17-E1BB-42B8-A1FF-DA1C6BE413A1},0,,55D9FF17-E1BB-42B8-A1FF-DA1C6BE413A1,Unknown,,,,,Blvd,Lankershim Blvd,2018/11/08 13:21:57+00,3900 Lankershim Blvd Universal City 91608,55D9FF17-E1BB-42B8-A1FF-DA1C6BE413A1_3900_Lankershim_Blvd_Universal_City_91608,Lankershim,3900 Lankershim Boulevard Blvd Universal City 91608,,,,
225122,400926,,2424043032.0,,3900.0,,,,,,Lankershim,Boulevard,,,,,,,,,,,Unit,5271,91608.0,,Unincorporated,Universal City,,,,,LACO DPW Add,{04B6FAB5-5208-4118-B49D-F79F921900F7},0,,04B6FAB5-5208-4118-B49D-F79F921900F7,Unknown,,,,,Blvd,Lankershim Blvd,2018/11/08 13:21:57+00,3900 Lankershim Blvd Unit 5271 Universal City 91608,04B6FAB5-5208-4118-B49D-F79F921900F7_3900_Lankershim_Blvd_Unit_5271_Universal_City_91608,Lankershim,3900 Lankershim Boulevard Blvd Unit 5271 Universal City 91608,,,,
225123,400927,,2424043032.0,,3900.0,,,,,,Lankershim,Boulevard,,,,,,,,,,,Unit,5166,91608.0,,Unincorporated,Universal City,,,,,LACO DPW Add,{7C59A8F1-77C0-4E45-A999-6F42C533D92D},0,,7C59A8F1-77C0-4E45-A999-6F42C533D92D,Unknown,,,,,Blvd,Lankershim Blvd,2018/11/08 13:21:57+00,3900 Lankershim Blvd Unit 5166 Universal City 91608,7C59A8F1-77C0-4E45-A999-6F42C533D92D_3900_Lankershim_Blvd_Unit_5166_Universal_City_91608,Lankershim,3900 Lankershim Boulevard Blvd Unit 5166 Universal City 91608,,,,
225124,400928,,2424043032.0,,3900.0,,,,,,Lankershim,Boulevard,,,,,,,,,,,Unit,3228,91608.0,,Unincorporated,Universal City,,,,,LACO DPW Add,{73C8D784-689B-45D6-85EF-3DB46F79C812},0,,73C8D784-689B-45D6-85EF-3DB46F79C812,Unknown,,,,,Blvd,Lankershim Blvd,2018/11/08 13:21:57+00,3900 Lankershim Blvd Unit 3228 Universal City 91608,73C8D784-689B-45D6-85EF-3DB46F79C812_3900_Lankershim_Blvd_Unit_3228_Universal_City_91608,Lankershim,3900 Lankershim Boulevard Blvd Unit 3228 Universal City 91608,,,,
225125,400929,,2424043032.0,,3900.0,,,,,,Lankershim,Boulevard,,,,,,,,,,,Unit,4173,91608.0,,Unincorporated,Universal City,,,,,LACO DPW Add,{EC556D40-3FA0-45D7-990F-E821C3110D2B},0,,EC556D40-3FA0-45D7-990F-E821C3110D2B,Unknown,,,,,Blvd,Lankershim Blvd,2018/11/08 13:21:57+00,3900 Lankershim Blvd Unit 4173 Universal City 91608,EC556D40-3FA0-45D7-990F-E821C3110D2B_3900_Lankershim_Blvd_Unit_4173_Universal_City_91608,Lankershim,3900 Lankershim Boulevard Blvd Unit 4173 Universal City 91608,,,,
225126,400930,,2424043032.0,,3900.0,,,,,,Lankershim,Boulevard,,,,,,,,,,,Unit,4171,91608.0,,Unincorporated,Universal City,,,,,LACO DPW Add,{BD0F84C6-2164-4BB9-83B2-33FCCE18524A},0,,BD0F84C6-2164-4BB9-83B2-33FCCE18524A,Unknown,,,,,Blvd,Lankershim Blvd,2018/11/08 13:21:57+00,3900 Lankershim Blvd Unit 4171 Universal City 91608,BD0F84C6-2164-4BB9-83B2-33FCCE18524A_3900_Lankershim_Blvd_Unit_4171_Universal_City_91608,Lankershim,3900 Lankershim Boulevard Blvd Unit 4171 Universal City 91608,,,,
225127,400931,,2424043032.0,,3900.0,,,,,,Lankershim,Boulevard,,,,,,,,,,,Unit,4144,91608.0,,Unincorporated,Universal City,,,,,LACO DPW Add,{C2AD3F32-3090-4936-80BD-C22EFE1DCBB8},0,,C2AD3F32-3090-4936-80BD-C22EFE1DCBB8,Unknown,,,,,Blvd,Lankershim Blvd,2018/11/08 13:21:57+00,3900 Lankershim Blvd Unit 4144 Universal City 91608,C2AD3F32-3090-4936-80BD-C22EFE1DCBB8_3900_Lankershim_Blvd_Unit_4144_Universal_City_91608,Lankershim,3900 Lankershim Boulevard Blvd Unit 4144 Universal City 91608,,,,
225128,400932,,2424043032.0,,3900.0,,,,,,Lankershim,Boulevard,,,,,,,,,,,Unit,5135,91608.0,,Unincorporated,Universal City,,,,,LACO DPW Add,{197CA8BD-2991-4E08-A569-C9AE913F6A3F},0,,197CA8BD-2991-4E08-A569-C9AE913F6A3F,Unknown,,,,,Blvd,Lankershim Blvd,2018/11/08 13:21:57+00,3900 Lankershim Blvd Unit 5135 Universal City 91608,197CA8BD-2991-4E08-A569-C9AE913F6A3F_3900_Lankershim_Blvd_Unit_5135_Universal_City_91608,Lankershim,3900 Lankershim Boulevard Blvd Unit 5135 Universal City 91608,,,,
225129,400933,,2424043032.0,,3900.0,,,,,,Lankershim,Boulevard,,,,,,,,,,,Unit,4131,91608.0,,Unincorporated,Universal City,,,,,LACO DPW Add,{B5046DD0-E9E2-4826-9727-0A72C4615BF1},0,,B5046DD0-E9E2-4826-9727-0A72C4615BF1,Unknown,,,,,Blvd,Lankershim Blvd,2018/11/08 13:21:57+00,3900 Lankershim Blvd Unit 4131 Universal City 91608,B5046DD0-E9E2-4826-9727-0A72C4615BF1_3900_Lankershim_Blvd_Unit_4131_Universal_City_91608,Lankershim,3900 Lankershim Boulevard Blvd Unit 4131 Universal City 91608,,,,
225130,400934,,2424043032.0,,3900.0,,,,,,Lankershim,Boulevard,,,,,,,,,,,Unit,5138,91608.0,,Unincorporated,Universal City,,,,,LACO DPW Add,{D107874D-0101-4553-9D13-05A93922A247},0,,D107874D-0101-4553-9D13-05A93922A247,Unknown,,,,,Blvd,Lankershim Blvd,2018/11/08 13:21:57+00,3900 Lankershim Blvd Unit 5138 Universal City 91608,D107874D-0101-4553-9D13-05A93922A247_3900_Lankershim_Blvd_Unit_5138_Universal_City_91608,Lankershim,3900 Lankershim Boulevard Blvd Unit 5138 Universal City 91608,,,,
225131,400935,,2424043032.0,,3900.0,,,,,,Lankershim,Boulevard,,,,,,,,,,,Unit,4179,91608.0,,Unincorporated,Universal City,,,,,LACO DPW Add,{35AF02F3-8462-4102-8759-7DFAB6CD53F6},0,,35AF02F3-8462-4102-8759-7DFAB6CD53F6,Utility,,,,,Blvd,Lankershim Blvd,2018/11/08 13:21:57+00,3900 Lankershim Blvd Unit 4179 Universal City 91608,35AF02F3-8462-4102-8759-7DFAB6CD53F6_3900_Lankershim_Blvd_Unit_4179_Universal_City_91608,Lankershim,3900 Lankershim Boulevard Blvd Unit 4179 Universal City 91608,,,,
225132,400936,,2424043032.0,,3900.0,,,,,,Lankershim,Boulevard,,,,,,,,,,,Unit,5196,91608.0,,Unincorporated,Universal City,,,,,LACO DPW Add,{C1E27CE0-2B59-47EE-9397-2B081DE9ADD9},0,,C1E27CE0-2B59-47EE-9397-2B081DE9ADD9,Unknown,,,,,Blvd,Lankershim Blvd,2018/11/08 13:21:57+00,3900 Lankershim Blvd Unit 5196 Universal City 91608,C1E27CE0-2B59-47EE-9397-2B081DE9ADD9_3900_Lankershim_Blvd_Unit_5196_Universal_City_91608,Lankershim,3900 Lankershim Boulevard Blvd Unit 5196 Universal City 91608,,,,
225133,400937,,2424043032.0,,3900.0,,,,,,Lankershim,Boulevard,,,,,,,,,,,Unit,5162,91608.0,,Unincorporated,Universal City,,,,,LACO DPW Add,{6BC7AC11-02E0-43CB-8272-9F07C658786F},0,,6BC7AC11-02E0-43CB-8272-9F07C658786F,Unknown,,,,,Blvd,Lankershim Blvd,2018/11/08 13:21:57+00,3900 Lankershim Blvd Unit 5162 Universal City 91608,6BC7AC11-02E0-43CB-8272-9F07C658786F_3900_Lankershim_Blvd_Unit_5162_Universal_City_91608,Lankershim,3900 Lankershim Boulevard Blvd Unit 5162 Universal City 91608,,,,
225134,400938,,2424043032.0,,3900.0,,,,,,Lankershim,Boulevard,,,,,,,,,,,Unit,5164,91608.0,,Unincorporated,Universal City,,,,,LACO DPW Add,{665D4133-8918-4FB2-AAC7-B6E0AE464BB5},0,,665D4133-8918-4FB2-AAC7-B6E0AE464BB5,Unknown,,,,,Blvd,Lankershim Blvd,2018/11/08 13:21:57+00,3900 Lankershim Blvd Unit 5164 Universal City 91608,665D4133-8918-4FB2-AAC7-B6E0AE464BB5_3900_Lankershim_Blvd_Unit_5164_Universal_City_91608,Lankershim,3900 Lankershim Boulevard Blvd Unit 5164 Universal City 91608,,,,
225135,400939,,2424043032.0,,3900.0,,,,,,Lankershim,Boulevard,,,,,,,,,,,Unit,5262,91608.0,,Unincorporated,Universal City,,,,,LACO DPW Add,{071A14CA-024B-4C88-8D97-6D19E516A87C},0,,071A14CA-024B-4C88-8D97-6D19E516A87C,Unknown,,,,,Blvd,Lankershim Blvd,2018/11/08 13:21:57+00,3900 Lankershim Blvd Unit 5262 Universal City 91608,071A14CA-024B-4C88-8D97-6D19E516A87C_3900_Lankershim_Blvd_Unit_5262_Universal_City_91608,Lankershim,3900 Lankershim Boulevard Blvd Unit 5262 Universal City 91608,,,,
225136,400940,,2424043032.0,,3900.0,,,,,,Lankershim,Boulevard,,,,,,,,,,,Unit,5174,91608.0,,Unincorporated,Universal City,,,,,LACO DPW Add,{0EED00B3-DA88-4EEA-A5EE-CA4F30AE8A4A},0,,0EED00B3-DA88-4EEA-A5EE-CA4F30AE8A4A,Unknown,,,,,Blvd,Lankershim Blvd,2018/11/08 13:21:57+00,3900 Lankershim Blvd Unit 5174 Universal City 91608,0EED00B3-DA88-4EEA-A5EE-CA4F30AE8A4A_3900_Lankershim_Blvd_Unit_5174_Universal_City_91608,Lankershim,3900 Lankershim Boulevard Blvd Unit 5174 Universal City 91608,,,,
225137,400941,,2424043032.0,,3900.0,,,,,,Lankershim,Boulevard,,,,,,,,,,,Unit,4135,91608.0,,Unincorporated,Universal City,,,,,LACO DPW Add,{E085FFD0-D5B6-40D4-86EE-D911A5892C62},0,,E085FFD0-D5B6-40D4-86EE-D911A5892C62,Unknown,,,,,Blvd,Lankershim Blvd,2018/11/08 13:21:57+00,3900 Lankershim Blvd Unit 4135 Universal City 91608,E085FFD0-D5B6-40D4-86EE-D911A5892C62_3900_Lankershim_Blvd_Unit_4135_Universal_City_91608,Lankershim,3900 Lankershim Boulevard Blvd Unit 4135 Universal City 91608,,,,
225138,400942,,2424043032.0,,3900.0,,,,,,Lankershim,Boulevard,,,,,,,,,,,Unit,5125,91608.0,,Unincorporated,Universal City,,,,,LACO DPW Add,{20F00C01-5025-433A-BDB2-D59E03C2DB68},0,,20F00C01-5025-433A-BDB2-D59E03C2DB68,Unknown,,,,,Blvd,Lankershim Blvd,2018/11/08 13:21:57+00,3900 Lankershim Blvd Unit 5125 Universal City 91608,20F00C01-5025-433A-BDB2-D59E03C2DB68_3900_Lankershim_Blvd_Unit_5125_Universal_City_91608,Lankershim,3900 Lankershim Boulevard Blvd Unit 5125 Universal City 91608,,,,
225139,400943,,2424043032.0,,3900.0,,,,,,Lankershim,Boulevard,,,,,,,,,,,Unit,5180,91608.0,,Unincorporated,Universal City,,,,,LACO DPW Add,{8C048704-EA2D-4DEC-993D-77EFF7ABF5D3},0,,8C048704-EA2D-4DEC-993D-77EFF7ABF5D3,Unknown,,,,,Blvd,Lankershim Blvd,2018/11/08 13:21:57+00,3900 Lankershim Blvd Unit 5180 Universal City 91608,8C048704-EA2D-4DEC-993D-77EFF7ABF5D3_3900_Lankershim_Blvd_Unit_5180_Universal_City_91608,Lankershim,3900 Lankershim Boulevard Blvd Unit 5180 Universal City 91608,,,,
225140,400944,,2424043032.0,,3900.0,,,,,,Lankershim,Boulevard,,,,,,,,,,,Unit,5186,91608.0,,Unincorporated,Universal City,,,,,LACO DPW Add,{CEB030A2-A5DE-4EC7-8F43-C7D19AF570FD},0,,CEB030A2-A5DE-4EC7-8F43-C7D19AF570FD,Unknown,,,,,Blvd,Lankershim Blvd,2018/11/08 13:21:57+00,3900 Lankershim Blvd Unit 5186 Universal City 91608,CEB030A2-A5DE-4EC7-8F43-C7D19AF570FD_3900_Lankershim_Blvd_Unit_5186_Universal_City_91608,Lankershim,3900 Lankershim Boulevard Blvd Unit 5186 Universal City 91608,,,,
225141,400945,,2424043032.0,,3900.0,,,,,,Lankershim,Boulevard,,,,,,,,,,,Unit,5183,91608.0,,Unincorporated,Universal City,,,,,LACO DPW Add,{1D6EF1D6-FB66-41D9-B096-32C0979FDDD9},0,,1D6EF1D6-FB66-41D9-B096-32C0979FDDD9,Unknown,,,,,Blvd,Lankershim Blvd,2018/11/08 13:21:57+00,3900 Lankershim Blvd Unit 5183 Universal City 91608,1D6EF1D6-FB66-41D9-B096-32C0979FDDD9_3900_Lankershim_Blvd_Unit_5183_Universal_City_91608,Lankershim,3900 Lankershim Boulevard Blvd Unit 5183 Universal City 91608,,,,
225142,400946,,2424043032.0,,3900.0,,,,,,,,,,,,,,,,,,Unit,5170,91608.0,,Unincorporated,Universal City,,,,,LACO DPW Add,{91008CC0-F214-4688-B542-75E06C11F30D},0,,91008CC0-F214-4688-B542-75E06C11F30D,Unknown,,,,,,,2018/11/08 13:21:57+00,3900 Unit 5170 Universal City 91608,91008CC0-F214-4688-B542-75E06C11F30D_3900_Unit_5170_Universal_City_91608,,3900 Unit 5170 Universal City 91608,,,,
225143,400947,,2424043032.0,,3900.0,,,,,,,,,,,,,,,,,,Unit,1360,91608.0,,Unincorporated,Universal City,,,,,LACO DPW Add,{661FEEEE-0A87-4ED2-9332-6424FDAD0530},0,,661FEEEE-0A87-4ED2-9332-6424FDAD0530,Unknown,,,,,,,2018/11/08 13:21:57+00,3900 Unit 1360 Universal City 91608,661FEEEE-0A87-4ED2-9332-6424FDAD0530_3900_Unit_1360_Universal_City_91608,,3900 Unit 1360 Universal City 91608,,,,
225144,400948,,2424043032.0,,3900.0,,,,,,,,,,,,,,,,,,Unit,3112,91608.0,,Unincorporated,Universal City,,,,,LACO DPW Add,{6A71CBC6-004E-48A3-8C2C-D6BE180270B0},0,,6A71CBC6-004E-48A3-8C2C-D6BE180270B0,Utility,,,,,,,2018/11/08 13:21:57+00,3900 Unit 3112 Universal City 91608,6A71CBC6-004E-48A3-8C2C-D6BE180270B0_3900_Unit_3112_Universal_City_91608,,3900 Unit 3112 Universal City 91608,,,,
225145,400949,,2424043032.0,,3900.0,,,,,,,,,,,,,,,,,,Unit,2352,91608.0,,Unincorporated,Universal City,,,,,LACO DPW Add,{450CCBEF-D782-442A-9A05-E91465B210FE},0,,450CCBEF-D782-442A-9A05-E91465B210FE,Unknown,,,,,,,2018/11/08 13:21:57+00,3900 Unit 2352 Universal City 91608,450CCBEF-D782-442A-9A05-E91465B210FE_3900_Unit_2352_Universal_City_91608,,3900 Unit 2352 Universal City 91608,,,,
225146,400950,,2424043032.0,,100.0,,,,,,Louisiana,Avenue,,,,,,,,,,,,,91608.0,,Unincorporated,Universal City,,,,,Assessor,{50ED9331-B4EC-4EE0-A634-B5A3FE5055D9},0,,50ED9331-B4EC-4EE0-A634-B5A3FE5055D9,Unknown,,,,,Ave,Louisiana Ave,2024/04/27 06:55:51+00,100 Louisiana Ave Universal City 91608,50ED9331-B4EC-4EE0-A634-B5A3FE5055D9_100_Louisiana_Ave_Universal_City_91608,Louisiana,100 Louisiana Avenue Ave Universal City 91608,,,,
225147,400951,,2424043034.0,,3900.0,,,,,,Lankershim,Boulevard,,,,,,,,,,,Unit,3385,91608.0,,Unincorporated,Universal City,,,,,LACO DPW Add,{98290158-AE2E-48A5-B8DD-79013A9CEA5B},0,,98290158-AE2E-48A5-B8DD-79013A9CEA5B,Unknown,,,,,Blvd,Lankershim Blvd,2018/01/11 11:03:25+00,3900 Lankershim Blvd Unit 3385 Universal City 91608,98290158-AE2E-48A5-B8DD-79013A9CEA5B_3900_Lankershim_Blvd_Unit_3385_Universal_City_91608,Lankershim,3900 Lankershim Boulevard Blvd Unit 3385 Universal City 91608,,,,
225148,400952,,2424043034.0,,3900.0,,,,,,Lankershim,Boulevard,,,,,,,,,,,Unit,3351,91608.0,,Unincorporated,Universal City,,,,,LACO DPW Add,{79024125-70C1-4679-9D94-B7A6DCA8C5D7},0,,79024125-70C1-4679-9D94-B7A6DCA8C5D7,Unknown,,,,,Blvd,Lankershim Blvd,2018/01/11 11:17:15+00,3900 Lankershim Blvd Unit 3351 Universal City 91608,79024125-70C1-4679-9D94-B7A6DCA8C5D7_3900_Lankershim_Blvd_Unit_3351_Universal_City_91608,Lankershim,3900 Lankershim Boulevard Blvd Unit 3351 Universal City 91608,,,,
225149,400953,,2424043034.0,,3900.0,,,,,,Lankershim,Boulevard,,,,,,,,,,,Unit,3315,91608.0,,Unincorporated,Universal City,,,,,LACO DPW Add,{FCE3E8F5-1696-4CB2-B3ED-7DFDF2F56D1E},0,,FCE3E8F5-1696-4CB2-B3ED-7DFDF2F56D1E,Unknown,,,,,Blvd,Lankershim Blvd,2018/01/11 11:03:25+00,3900 Lankershim Blvd Unit 3315 Universal City 91608,FCE3E8F5-1696-4CB2-B3ED-7DFDF2F56D1E_3900_Lankershim_Blvd_Unit_3315_Universal_City_91608,Lankershim,3900 Lankershim Boulevard Blvd Unit 3315 Universal City 91608,,,,
225150,400954,,2424043034.0,,3900.0,,,,,,Lankershim,Boulevard,,,,,,,,,,,Unit,3332,91608.0,,Unincorporated,Universal City,,,,,LACO DPW Add,{BFABC750-A92B-499A-8CEA-EFE6AB324D84},0,,BFABC750-A92B-499A-8CEA-EFE6AB324D84,Unknown,,,,,Blvd,Lankershim Blvd,2018/01/11 11:17:15+00,3900 Lankershim Blvd Unit 3332 Universal City 91608,BFABC750-A92B-499A-8CEA-EFE6AB324D84_3900_Lankershim_Blvd_Unit_3332_Universal_City_91608,Lankershim,3900 Lankershim Boulevard Blvd Unit 3332 Universal City 91608,,,,
225151,400955,,2424043034.0,,3900.0,,,,,,Lankershim,Boulevard,,,,,,,,,,,Unit,3432,91608.0,,Unincorporated,Universal City,,,,,LACO DPW Add,{AE648177-C203-4E07-B097-3C92F0713A32},0,,AE648177-C203-4E07-B097-3C92F0713A32,Unknown,,,,,Blvd,Lankershim Blvd,2018/01/11 12:38:35+00,3900 Lankershim Blvd Unit 3432 Universal City 91608,AE648177-C203-4E07-B097-3C92F0713A32_3900_Lankershim_Blvd_Unit_3432_Universal_City_91608,Lankershim,3900 Lankershim Boulevard Blvd Unit 3432 Universal City 91608,,,,
225152,400956,,2424043034.0,,3900.0,,,,,,Lankershim,Boulevard,,,,,,,,,,,Unit,3363,91608.0,,Unincorporated,Universal City,,,,,LACO DPW Add,{29E4E6D5-AF2E-498E-961A-FBA7FEA46469},0,,29E4E6D5-AF2E-498E-961A-FBA7FEA46469,Unknown,,,,,Blvd,Lankershim Blvd,2018/01/11 11:03:25+00,3900 Lankershim Blvd Unit 3363 Universal City 91608,29E4E6D5-AF2E-498E-961A-FBA7FEA46469_3900_Lankershim_Blvd_Unit_3363_Universal_City_91608,Lankershim,3900 Lankershim Boulevard Blvd Unit 3363 Universal City 91608,,,,
225153,400957,,2424043034.0,,3900.0,,,,,,Lankershim,Boulevard,,,,,,,,,,,Unit,3322,91608.0,,Unincorporated,Universal City,,,,,LACO DPW Add,{058669F5-8538-4E5D-A13B-0FBB19F54A8C},0,,058669F5-8538-4E5D-A13B-0FBB19F54A8C,Unknown,,,,,Blvd,Lankershim Blvd,2018/01/11 11:03:25+00,3900 Lankershim Blvd Unit 3322 Universal City 91608,058669F5-8538-4E5D-A13B-0FBB19F54A8C_3900_Lankershim_Blvd_Unit_3322_Universal_City_91608,Lankershim,3900 Lankershim Boulevard Blvd Unit 3322 Universal City 91608,,,,
225154,400958,,2424043034.0,,3900.0,,,,,,Lankershim,Boulevard,,,,,,,,,,,Unit,3331,91608.0,,Unincorporated,Universal City,,,,,LACO DPW Add,{05C45CEF-229D-4D23-A35F-85C6BA032DD8},0,,05C45CEF-229D-4D23-A35F-85C6BA032DD8,Unknown,,,,,Blvd,Lankershim Blvd,2018/01/11 11:17:15+00,3900 Lankershim Blvd Unit 3331 Universal City 91608,05C45CEF-229D-4D23-A35F-85C6BA032DD8_3900_Lankershim_Blvd_Unit_3331_Universal_City_91608,Lankershim,3900 Lankershim Boulevard Blvd Unit 3331 Universal City 91608,,,,
225155,400959,,2424043034.0,,3900.0,,,,,,Lankershim,Boulevard,,,,,,,,,,,Unit,3323,91608.0,,Unincorporated,Universal City,,,,,LACO DPW Add,{2DA02F77-F366-4BB0-8510-70FBE8D9D09D},0,,2DA02F77-F366-4BB0-8510-70FBE8D9D09D,Unknown,,,,,Blvd,Lankershim Blvd,2018/01/11 11:03:25+00,3900 Lankershim Blvd Unit 3323 Universal City 91608,2DA02F77-F366-4BB0-8510-70FBE8D9D09D_3900_Lankershim_Blvd_Unit_3323_Universal_City_91608,Lankershim,3900 Lankershim Boulevard Blvd Unit 3323 Universal City 91608,,,,
225156,400960,,2424043034.0,,3900.0,,,,,,Lankershim,Boulevard,,,,,,,,,,,Unit,3361,91608.0,,Unincorporated,Universal City,,,,,LACO DPW Add,{BAB7A3C8-7DFA-41FD-969B-54EFBD6C6DDE},0,,BAB7A3C8-7DFA-41FD-969B-54EFBD6C6DDE,Unknown,,,,,Blvd,Lankershim Blvd,2018/01/11 11:17:15+00,3900 Lankershim Blvd Unit 3361 Universal City 91608,BAB7A3C8-7DFA-41FD-969B-54EFBD6C6DDE_3900_Lankershim_Blvd_Unit_3361_Universal_City_91608,Lankershim,3900 Lankershim Boulevard Blvd Unit 3361 Universal City 91608,,,,
225157,400961,,2424043034.0,,3900.0,,,,,,Lankershim,Boulevard,,,,,,,,,,,Unit,4431,91608.0,,Unincorporated,Universal City,,,,,LACO DPW Add,{C5ED17D8-E376-4A7A-B15F-ADB462D539C1},0,,C5ED17D8-E376-4A7A-B15F-ADB462D539C1,Unknown,,,,,Blvd,Lankershim Blvd,2018/01/11 12:38:35+00,3900 Lankershim Blvd Unit 4431 Universal City 91608,C5ED17D8-E376-4A7A-B15F-ADB462D539C1_3900_Lankershim_Blvd_Unit_4431_Universal_City_91608,Lankershim,3900 Lankershim Boulevard Blvd Unit 4431 Universal City 91608,,,,
225158,400962,,2424043034.0,,3900.0,,,,,,Lankershim,Boulevard,,,,,,,,,,,Unit,3427,91608.0,,Unincorporated,Universal City,,,,,LACO DPW Add,{D7991371-9147-461F-8312-93E17026A6A1},0,,D7991371-9147-461F-8312-93E17026A6A1,Unknown,,,,,Blvd,Lankershim Blvd,2018/01/11 12:38:35+00,3900 Lankershim Blvd Unit 3427 Universal City 91608,D7991371-9147-461F-8312-93E17026A6A1_3900_Lankershim_Blvd_Unit_3427_Universal_City_91608,Lankershim,3900 Lankershim Boulevard Blvd Unit 3427 Universal City 91608,,,,
225159,400963,,2424043034.0,,3900.0,,,,,,Lankershim,Boulevard,,,,,,,,,,,Unit,4447,91608.0,,Unincorporated,Universal City,,,,,LACO DPW Add,{FAF83B13-5CF3-41B6-B84D-D76CE505E1F5},0,,FAF83B13-5CF3-41B6-B84D-D76CE505E1F5,Unknown,,,,,Blvd,Lankershim Blvd,2018/01/11 12:38:35+00,3900 Lankershim Blvd Unit 4447 Universal City 91608,FAF83B13-5CF3-41B6-B84D-D76CE505E1F5_3900_Lankershim_Blvd_Unit_4447_Universal_City_91608,Lankershim,3900 Lankershim Boulevard Blvd Unit 4447 Universal City 91608,,,,
225160,400964,,2424043034.0,,3900.0,,,,,,Lankershim,Boulevard,,,,,,,,,,,Unit,4444,91608.0,,Unincorporated,Universal City,,,,,LACO DPW Add,{62E7D6D0-65B4-4E1D-B111-6EC45B3AFC2C},0,,62E7D6D0-65B4-4E1D-B111-6EC45B3AFC2C,Unknown,,,,,Blvd,Lankershim Blvd,2018/01/11 12:38:35+00,3900 Lankershim Blvd Unit 4444 Universal City 91608,62E7D6D0-65B4-4E1D-B111-6EC45B3AFC2C_3900_Lankershim_Blvd_Unit_4444_Universal_City_91608,Lankershim,3900 Lankershim Boulevard Blvd Unit 4444 Universal City 91608,,,,
225161,400965,,2424043034.0,,3900.0,,,,,,Lankershim,Boulevard,,,,,,,,,,,Unit,3449,91608.0,,Unincorporated,Universal City,,,,,LACO DPW Add,{9F60105B-C143-41C0-872F-B8D8ECFAA522},0,,9F60105B-C143-41C0-872F-B8D8ECFAA522,Unknown,,,,,Blvd,Lankershim Blvd,2018/01/11 12:38:35+00,3900 Lankershim Blvd Unit 3449 Universal City 91608,9F60105B-C143-41C0-872F-B8D8ECFAA522_3900_Lankershim_Blvd_Unit_3449_Universal_City_91608,Lankershim,3900 Lankershim Boulevard Blvd Unit 3449 Universal City 91608,,,,
225162,400966,,2424043034.0,,3900.0,,,,,,Lankershim,Boulevard,,,,,,,,,,,Unit,5464,91608.0,,Unincorporated,Universal City,,,,,LACO DPW Add,{16964410-EB37-4A93-9963-2B011C4418E6},0,,16964410-EB37-4A93-9963-2B011C4418E6,Unknown,,,,,Blvd,Lankershim Blvd,2018/01/11 12:38:35+00,3900 Lankershim Blvd Unit 5464 Universal City 91608,16964410-EB37-4A93-9963-2B011C4418E6_3900_Lankershim_Blvd_Unit_5464_Universal_City_91608,Lankershim,3900 Lankershim Boulevard Blvd Unit 5464 Universal City 91608,,,,
225163,400967,,2424043034.0,,3900.0,,,,,,Lankershim,Boulevard,,,,,,,,,,,Unit,4475,91608.0,,Unincorporated,Universal City,,,,,LACO DPW Add,{3CD4E3B2-2D72-444B-997C-6B5BFF67B58E},0,,3CD4E3B2-2D72-444B-997C-6B5BFF67B58E,Unknown,,,,,Blvd,Lankershim Blvd,2018/01/11 12:38:35+00,3900 Lankershim Blvd Unit 4475 Universal City 91608,3CD4E3B2-2D72-444B-997C-6B5BFF67B58E_3900_Lankershim_Blvd_Unit_4475_Universal_City_91608,Lankershim,3900 Lankershim Boulevard Blvd Unit 4475 Universal City 91608,,,,
225164,400968,,2424043034.0,,3900.0,,,,,,Lankershim,Boulevard,,,,,,,,,,,Unit,5437,91608.0,,Unincorporated,Universal City,,,,,LACO DPW Add,{7C5464C4-FA57-42E9-BABA-1C16DB2EDE87},0,,7C5464C4-FA57-42E9-BABA-1C16DB2EDE87,Unknown,,,,,Blvd,Lankershim Blvd,2018/01/11 12:43:25+00,3900 Lankershim Blvd Unit 5437 Universal City 91608,7C5464C4-FA57-42E9-BABA-1C16DB2EDE87_3900_Lankershim_Blvd_Unit_5437_Universal_City_91608,Lankershim,3900 Lankershim Boulevard Blvd Unit 5437 Universal City 91608,,,,
225165,400969,,2424043034.0,,3900.0,,,,,,Lankershim,Boulevard,,,,,,,,,,,Unit,4432,91608.0,,Unincorporated,Universal City,,,,,LACO DPW Add,{DB65D335-E09F-43CB-BB2C-FD12B11DF72F},0,,DB65D335-E09F-43CB-BB2C-FD12B11DF72F,Unknown,,,,,Blvd,Lankershim Blvd,2018/01/11 12:38:35+00,3900 Lankershim Blvd Unit 4432 Universal City 91608,DB65D335-E09F-43CB-BB2C-FD12B11DF72F_3900_Lankershim_Blvd_Unit_4432_Universal_City_91608,Lankershim,3900 Lankershim Boulevard Blvd Unit 4432 Universal City 91608,,,,
225166,400970,,2424043034.0,,3900.0,,,,,,Lankershim,Boulevard,,,,,,,,,,,Unit,4417,91608.0,,Unincorporated,Universal City,,,,,LACO DPW Add,{94A7BED8-81B6-457E-838E-56980FC42A8F},0,,94A7BED8-81B6-457E-838E-56980FC42A8F,Unknown,,,,,Blvd,Lankershim Blvd,2018/01/11 11:03:25+00,3900 Lankershim Blvd Unit 4417 Universal City 91608,94A7BED8-81B6-457E-838E-56980FC42A8F_3900_Lankershim_Blvd_Unit_4417_Universal_City_91608,Lankershim,3900 Lankershim Boulevard Blvd Unit 4417 Universal City 91608,,,,
225167,400971,,2424043034.0,,3900.0,U,,,,,Lankershim,Boulevard,,,,,,,,,,,Unit,4418,91608.0,,Unincorporated,Universal City,,,,,LACO DPW Add,{8BA21B72-D3EB-4503-9D55-A43FC6DECA38},0,,8BA21B72-D3EB-4503-9D55-A43FC6DECA38,Utility,,,,,Blvd,Lankershim Blvd,2024/07/17 18:16:05+00,3900 U Lankershim Blvd Unit 4418 Universal City 91608,8BA21B72-D3EB-4503-9D55-A43FC6DECA38_3900_U_Lankershim_Blvd_Unit_4418_Universal_City_91608,Lankershim,3900 U Lankershim Boulevard Blvd Unit 4418 Universal City 91608,,,,
225168,400972,,2424043034.0,,3900.0,,,,,,Lankershim,Boulevard,,,,,,,,,,,Unit,3429,91608.0,,Unincorporated,Universal City,,,,,LACO DPW Add,{E3DCBE74-BBB5-46C1-A576-D2F2A7F0FADD},0,,E3DCBE74-BBB5-46C1-A576-D2F2A7F0FADD,Unknown,,,,,Blvd,Lankershim Blvd,2018/01/11 12:38:35+00,3900 Lankershim Blvd Unit 3429 Universal City 91608,E3DCBE74-BBB5-46C1-A576-D2F2A7F0FADD_3900_Lankershim_Blvd_Unit_3429_Universal_City_91608,Lankershim,3900 Lankershim Boulevard Blvd Unit 3429 Universal City 91608,,,,
225169,400973,,2424043034.0,,3900.0,,,,,,Lankershim,Boulevard,,,,,,,,,,,Unit,5450,91608.0,,Unincorporated,Universal City,,,,,LACO DPW Add,{7BFB71B7-6F76-4E2A-8332-1165AABD21D1},0,,7BFB71B7-6F76-4E2A-8332-1165AABD21D1,Unknown,,,,,Blvd,Lankershim Blvd,2018/01/11 12:38:35+00,3900 Lankershim Blvd Unit 5450 Universal City 91608,7BFB71B7-6F76-4E2A-8332-1165AABD21D1_3900_Lankershim_Blvd_Unit_5450_Universal_City_91608,Lankershim,3900 Lankershim Boulevard Blvd Unit 5450 Universal City 91608,,,,
225170,400974,,2424043034.0,,3900.0,,,,,,Lankershim,Boulevard,,,,,,,,,,,Unit,4423,91608.0,,Unincorporated,Universal City,,,,,LACO DPW Add,{8926A6BB-B6C3-442A-9BDA-A62C68F15ECE},0,,8926A6BB-B6C3-442A-9BDA-A62C68F15ECE,Unknown,,,,,Blvd,Lankershim Blvd,2018/01/11 11:03:25+00,3900 Lankershim Blvd Unit 4423 Universal City 91608,8926A6BB-B6C3-442A-9BDA-A62C68F15ECE_3900_Lankershim_Blvd_Unit_4423_Universal_City_91608,Lankershim,3900 Lankershim Boulevard Blvd Unit 4423 Universal City 91608,,,,
225171,400975,,2424043034.0,,3900.0,,,,,,Lankershim,Boulevard,,,,,,,,,,,Unit,5411,91608.0,,Unincorporated,Universal City,,,,,LACO DPW Add,{B4B288E7-0FA0-44A2-ACBD-E4553CB5CB5B},0,,B4B288E7-0FA0-44A2-ACBD-E4553CB5CB5B,Unknown,,,,,Blvd,Lankershim Blvd,2018/01/11 12:38:35+00,3900 Lankershim Blvd Unit 5411 Universal City 91608,B4B288E7-0FA0-44A2-ACBD-E4553CB5CB5B_3900_Lankershim_Blvd_Unit_5411_Universal_City_91608,Lankershim,3900 Lankershim Boulevard Blvd Unit 5411 Universal City 91608,,,,
225172,400976,,2424043034.0,,3900.0,,,,,,Lankershim,Boulevard,,,,,,,,,,,Unit,4450,91608.0,,Unincorporated,Universal City,,,,,LACO DPW Add,{2FD93742-2567-442C-A010-C28DD2FAB874},0,,2FD93742-2567-442C-A010-C28DD2FAB874,Unknown,,,,,Blvd,Lankershim Blvd,2018/01/11 12:38:35+00,3900 Lankershim Blvd Unit 4450 Universal City 91608,2FD93742-2567-442C-A010-C28DD2FAB874_3900_Lankershim_Blvd_Unit_4450_Universal_City_91608,Lankershim,3900 Lankershim Boulevard Blvd Unit 4450 Universal City 91608,,,,
225173,400977,,2424043034.0,,6900.0,,,,,,Lankershim,Boulevard,,,,,,,,,,,Unit,5404,91608.0,,Unincorporated,Universal City,,,,,LACO DPW Add,{27DA192A-8BEC-4A0B-B354-B3795DA82521},0,,27DA192A-8BEC-4A0B-B354-B3795DA82521,Unknown,,,,,Blvd,Lankershim Blvd,2018/01/11 12:43:25+00,6900 Lankershim Blvd Unit 5404 Universal City 91608,27DA192A-8BEC-4A0B-B354-B3795DA82521_6900_Lankershim_Blvd_Unit_5404_Universal_City_91608,Lankershim,6900 Lankershim Boulevard Blvd Unit 5404 Universal City 91608,,,,
225174,400978,,2424043034.0,,3900.0,,,,,,Lankershim,Boulevard,,,,,,,,,,,Unit,5461,91608.0,,Unincorporated,Universal City,,,,,LACO DPW Add,{9246CFD9-7189-44B1-9318-97E2576FA624},0,,9246CFD9-7189-44B1-9318-97E2576FA624,Unknown,,,,,Blvd,Lankershim Blvd,2018/01/11 12:38:35+00,3900 Lankershim Blvd Unit 5461 Universal City 91608,9246CFD9-7189-44B1-9318-97E2576FA624_3900_Lankershim_Blvd_Unit_5461_Universal_City_91608,Lankershim,3900 Lankershim Boulevard Blvd Unit 5461 Universal City 91608,,,,
225175,400979,,2424043034.0,,3900.0,,,,,,Lankershim,Boulevard,,,,,,,,,,,Unit,3435,91608.0,,Unincorporated,Universal City,,,,,LACO DPW Add,{1C11B25D-B72B-4ED1-828C-8F9CDB941EE6},0,,1C11B25D-B72B-4ED1-828C-8F9CDB941EE6,Unknown,,,,,Blvd,Lankershim Blvd,2018/01/11 12:38:35+00,3900 Lankershim Blvd Unit 3435 Universal City 91608,1C11B25D-B72B-4ED1-828C-8F9CDB941EE6_3900_Lankershim_Blvd_Unit_3435_Universal_City_91608,Lankershim,3900 Lankershim Boulevard Blvd Unit 3435 Universal City 91608,,,,
225176,400980,,2424043034.0,,3900.0,,,,,,Lankershim,Boulevard,,,,,,,,,,,Unit,4452,91608.0,,Unincorporated,Universal City,,,,,LACO DPW Add,{E56B382D-09D7-4949-AD6F-9D652FC30A81},0,,E56B382D-09D7-4949-AD6F-9D652FC30A81,Unknown,,,,,Blvd,Lankershim Blvd,2018/01/11 12:38:35+00,3900 Lankershim Blvd Unit 4452 Universal City 91608,E56B382D-09D7-4949-AD6F-9D652FC30A81_3900_Lankershim_Blvd_Unit_4452_Universal_City_91608,Lankershim,3900 Lankershim Boulevard Blvd Unit 4452 Universal City 91608,,,,
225177,400981,,2424043034.0,,3900.0,,,,,,Lankershim,Boulevard,,,,,,,,,,,Unit,3409,91608.0,,Unincorporated,Universal City,,,,,LACO DPW Add,{73186B4F-D1F3-479B-8A41-9D6D30EC3BA0},0,,73186B4F-D1F3-479B-8A41-9D6D30EC3BA0,Unknown,,,,,Blvd,Lankershim Blvd,2018/01/11 11:03:25+00,3900 Lankershim Blvd Unit 3409 Universal City 91608,73186B4F-D1F3-479B-8A41-9D6D30EC3BA0_3900_Lankershim_Blvd_Unit_3409_Universal_City_91608,Lankershim,3900 Lankershim Boulevard Blvd Unit 3409 Universal City 91608,,,,
225178,400982,,2424043034.0,,3900.0,,,,,,Lankershim,Boulevard,,,,,,,,,,,Unit,3456,91608.0,,Unincorporated,Universal City,,,,,LACO DPW Add,{88446672-CE3B-424E-ADEB-4581DC7D1725},0,,88446672-CE3B-424E-ADEB-4581DC7D1725,Unknown,,,,,Blvd,Lankershim Blvd,2018/01/11 12:38:35+00,3900 Lankershim Blvd Unit 3456 Universal City 91608,88446672-CE3B-424E-ADEB-4581DC7D1725_3900_Lankershim_Blvd_Unit_3456_Universal_City_91608,Lankershim,3900 Lankershim Boulevard Blvd Unit 3456 Universal City 91608,,,,
225179,400983,,2424043034.0,,3900.0,,,,,,Lankershim,Boulevard,,,,,,,,,,,Unit,3457,91608.0,,Unincorporated,Universal City,,,,,LACO DPW Add,{B6A16D51-7CAF-41E8-812F-29BDF8447DAF},0,,B6A16D51-7CAF-41E8-812F-29BDF8447DAF,Unknown,,,,,Blvd,Lankershim Blvd,2018/01/11 12:38:35+00,3900 Lankershim Blvd Unit 3457 Universal City 91608,B6A16D51-7CAF-41E8-812F-29BDF8447DAF_3900_Lankershim_Blvd_Unit_3457_Universal_City_91608,Lankershim,3900 Lankershim Boulevard Blvd Unit 3457 Universal City 91608,,,,
225180,400984,,2424043034.0,,3900.0,U,,,,,Lankershim,Boulevard,,,,,,,,,,,Unit,4429,91608.0,,Unincorporated,Universal City,,,,,LACO DPW Add,{37415EEC-C661-4DA0-A27C-67860A46011F},0,,37415EEC-C661-4DA0-A27C-67860A46011F,Utility,,,,,Blvd,Lankershim Blvd,2024/07/17 18:16:05+00,3900 U Lankershim Blvd Unit 4429 Universal City 91608,37415EEC-C661-4DA0-A27C-67860A46011F_3900_U_Lankershim_Blvd_Unit_4429_Universal_City_91608,Lankershim,3900 U Lankershim Boulevard Blvd Unit 4429 Universal City 91608,,,,
225181,400985,,2424043034.0,,3900.0,,,,,,Lankershim,Boulevard,,,,,,,,,,,Unit,4462,91608.0,,Unincorporated,Universal City,,,,,LACO DPW Add,{29724836-B5B5-457A-986E-FF374AE7456C},0,,29724836-B5B5-457A-986E-FF374AE7456C,Unknown,,,,,Blvd,Lankershim Blvd,2018/01/11 12:38:35+00,3900 Lankershim Blvd Unit 4462 Universal City 91608,29724836-B5B5-457A-986E-FF374AE7456C_3900_Lankershim_Blvd_Unit_4462_Universal_City_91608,Lankershim,3900 Lankershim Boulevard Blvd Unit 4462 Universal City 91608,,,,
225182,400986,,2424043034.0,,3900.0,,,,,,Lankershim,Boulevard,,,,,,,,,,,Unit,4407,91608.0,,Unincorporated,Universal City,,,,,LACO DPW Add,{6D6A130E-5D80-41A7-A7F3-FE9364C13DA2},0,,6D6A130E-5D80-41A7-A7F3-FE9364C13DA2,Unknown,,,,,Blvd,Lankershim Blvd,2018/01/11 11:03:25+00,3900 Lankershim Blvd Unit 4407 Universal City 91608,6D6A130E-5D80-41A7-A7F3-FE9364C13DA2_3900_Lankershim_Blvd_Unit_4407_Universal_City_91608,Lankershim,3900 Lankershim Boulevard Blvd Unit 4407 Universal City 91608,,,,
225183,400987,,2424043034.0,,3900.0,,,,,,Lankershim,Boulevard,,,,,,,,,,,Unit,4443,91608.0,,Unincorporated,Universal City,,,,,LACO DPW Add,{4E777A75-A288-4966-B54E-36BC3C7BA1DE},0,,4E777A75-A288-4966-B54E-36BC3C7BA1DE,Unknown,,,,,Blvd,Lankershim Blvd,2018/01/11 12:38:35+00,3900 Lankershim Blvd Unit 4443 Universal City 91608,4E777A75-A288-4966-B54E-36BC3C7BA1DE_3900_Lankershim_Blvd_Unit_4443_Universal_City_91608,Lankershim,3900 Lankershim Boulevard Blvd Unit 4443 Universal City 91608,,,,
225184,400988,,2424043034.0,,3900.0,,,,,,Lankershim,Boulevard,,,,,,,,,,,Unit,4413,91608.0,,Unincorporated,Universal City,,,,,LACO DPW Add,{FFDC092F-CE62-4560-9530-B4432E5D56E5},0,,FFDC092F-CE62-4560-9530-B4432E5D56E5,Unknown,,,,,Blvd,Lankershim Blvd,2018/01/11 11:03:25+00,3900 Lankershim Blvd Unit 4413 Universal City 91608,FFDC092F-CE62-4560-9530-B4432E5D56E5_3900_Lankershim_Blvd_Unit_4413_Universal_City_91608,Lankershim,3900 Lankershim Boulevard Blvd Unit 4413 Universal City 91608,,,,
225185,400989,,2424043034.0,,3900.0,,,,,,Lankershim,Boulevard,,,,,,,,,,,Unit,4476,91608.0,,Unincorporated,Universal City,,,,,LACO DPW Add,{6B64383A-A860-45DD-B115-AB53E9A6E795},0,,6B64383A-A860-45DD-B115-AB53E9A6E795,Unknown,,,,,Blvd,Lankershim Blvd,2018/01/11 12:38:35+00,3900 Lankershim Blvd Unit 4476 Universal City 91608,6B64383A-A860-45DD-B115-AB53E9A6E795_3900_Lankershim_Blvd_Unit_4476_Universal_City_91608,Lankershim,3900 Lankershim Boulevard Blvd Unit 4476 Universal City 91608,,,,
225186,400990,,2424043034.0,,3900.0,,,,,,Lankershim,Boulevard,,,,,,,,,,,Unit,4421,91608.0,,Unincorporated,Universal City,,,,,LACO DPW Add,{16E0398C-39D3-45BD-901B-60CF1746E602},0,,16E0398C-39D3-45BD-901B-60CF1746E602,Unknown,,,,,Blvd,Lankershim Blvd,2018/01/11 11:03:25+00,3900 Lankershim Blvd Unit 4421 Universal City 91608,16E0398C-39D3-45BD-901B-60CF1746E602_3900_Lankershim_Blvd_Unit_4421_Universal_City_91608,Lankershim,3900 Lankershim Boulevard Blvd Unit 4421 Universal City 91608,,,,
225187,400991,,2424043034.0,,3900.0,,,,,,Lankershim,Boulevard,,,,,,,,,,,Unit,4496,91608.0,,Unincorporated,Universal City,,,,,LACO DPW Add,{077B35A8-6560-4DB3-95F7-804538EF49FA},0,,077B35A8-6560-4DB3-95F7-804538EF49FA,Unknown,,,,,Blvd,Lankershim Blvd,2018/01/11 13:38:59+00,3900 Lankershim Blvd Unit 4496 Universal City 91608,077B35A8-6560-4DB3-95F7-804538EF49FA_3900_Lankershim_Blvd_Unit_4496_Universal_City_91608,Lankershim,3900 Lankershim Boulevard Blvd Unit 4496 Universal City 91608,,,,
225188,400992,,2424043034.0,,3900.0,,,,,,Lankershim,Boulevard,,,,,,,,,,,Unit,4453,91608.0,,Unincorporated,Universal City,,,,,LACO DPW Add,{9E4A9215-7CAB-4E01-9A84-EDE5C8DFC628},0,,9E4A9215-7CAB-4E01-9A84-EDE5C8DFC628,Unknown,,,,,Blvd,Lankershim Blvd,2018/01/11 12:38:35+00,3900 Lankershim Blvd Unit 4453 Universal City 91608,9E4A9215-7CAB-4E01-9A84-EDE5C8DFC628_3900_Lankershim_Blvd_Unit_4453_Universal_City_91608,Lankershim,3900 Lankershim Boulevard Blvd Unit 4453 Universal City 91608,,,,
225189,400993,,2424043034.0,,3900.0,,,,,,Lankershim,,,,,,,,,,,,Unit,3455,91608.0,,Unincorporated,Universal City,,,,,LACO DPW Add,{F35E98D4-0DA9-4DF5-AF97-BDE7D3AEA696},0,,F35E98D4-0DA9-4DF5-AF97-BDE7D3AEA696,Unknown,,,,,,Lankershim,2018/01/11 12:38:35+00,3900 Lankershim Unit 3455 Universal City 91608,F35E98D4-0DA9-4DF5-AF97-BDE7D3AEA696_3900_Lankershim_Unit_3455_Universal_City_91608,Lankershim,3900 Lankershim Unit 3455 Universal City 91608,,,,
225190,400994,,2424043034.0,,3900.0,,,,,,Lankershim,Boulevard,,,,,,,,,,,Unit,4419,91608.0,,Unincorporated,Universal City,,,,,LACO DPW Add,{4DE5F951-99A7-4AEF-B177-F8E249098873},0,,4DE5F951-99A7-4AEF-B177-F8E249098873,Unknown,,,,,Blvd,Lankershim Blvd,2018/01/11 11:03:25+00,3900 Lankershim Blvd Unit 4419 Universal City 91608,4DE5F951-99A7-4AEF-B177-F8E249098873_3900_Lankershim_Blvd_Unit_4419_Universal_City_91608,Lankershim,3900 Lankershim Boulevard Blvd Unit 4419 Universal City 91608,,,,
225191,400995,,2424043034.0,,3900.0,,,,,,Lankershim,Boulevard,,,,,,,,,,,Unit,3444,91608.0,,Unincorporated,Universal City,,,,,LACO DPW Add,{4037F1D8-E4D7-4007-950D-565262044BD9},0,,4037F1D8-E4D7-4007-950D-565262044BD9,Unknown,,,,,Blvd,Lankershim Blvd,2018/01/11 12:38:35+00,3900 Lankershim Blvd Unit 3444 Universal City 91608,4037F1D8-E4D7-4007-950D-565262044BD9_3900_Lankershim_Blvd_Unit_3444_Universal_City_91608,Lankershim,3900 Lankershim Boulevard Blvd Unit 3444 Universal City 91608,,,,
225192,400996,,2424043034.0,,3900.0,,,,,,Lankershim,Boulevard,,,,,,,,,,,Unit,3426,91608.0,,Unincorporated,Universal City,,,,,LACO DPW Add,{BA79BB80-CA40-44B2-984E-C65F11B878F9},0,,BA79BB80-CA40-44B2-984E-C65F11B878F9,Unknown,,,,,Blvd,Lankershim Blvd,2018/01/11 12:38:35+00,3900 Lankershim Blvd Unit 3426 Universal City 91608,BA79BB80-CA40-44B2-984E-C65F11B878F9_3900_Lankershim_Blvd_Unit_3426_Universal_City_91608,Lankershim,3900 Lankershim Boulevard Blvd Unit 3426 Universal City 91608,,,,
225193,400997,,2424043034.0,,3900.0,,,,,,Lankershim,Boulevard,,,,,,,,,,,Unit,4499,91608.0,,Unincorporated,Universal City,,,,,LACO DPW Add,{719BCA35-308F-42D5-BB4E-1BB2599C9C16},0,,719BCA35-308F-42D5-BB4E-1BB2599C9C16,Unknown,,,,,Blvd,Lankershim Blvd,2018/11/07 15:52:49+00,3900 Lankershim Blvd Unit 4499 Universal City 91608,719BCA35-308F-42D5-BB4E-1BB2599C9C16_3900_Lankershim_Blvd_Unit_4499_Universal_City_91608,Lankershim,3900 Lankershim Boulevard Blvd Unit 4499 Universal City 91608,,,,
225194,400998,,2424043034.0,,3900.0,,,,,,Lankershim,Boulevard,,,,,,,,,,,Unit,3388,91608.0,,Unincorporated,Universal City,,,,,LACO DPW Add,{38700036-C9F3-4DE7-A389-2D0C160E5497},0,,38700036-C9F3-4DE7-A389-2D0C160E5497,Unknown,,,,,Blvd,Lankershim Blvd,2018/01/11 08:56:17+00,3900 Lankershim Blvd Unit 3388 Universal City 91608,38700036-C9F3-4DE7-A389-2D0C160E5497_3900_Lankershim_Blvd_Unit_3388_Universal_City_91608,Lankershim,3900 Lankershim Boulevard Blvd Unit 3388 Universal City 91608,,,,
225195,400999,,2424043034.0,,3900.0,,,,,,Lankershim,Boulevard,,,,,,,,,,,Unit,5430,91608.0,,Unincorporated,Universal City,,,,,LACO DPW Add,{81526EC2-526D-4972-A39B-5DF5304B2C86},0,,81526EC2-526D-4972-A39B-5DF5304B2C86,Unknown,,,,,Blvd,Lankershim Blvd,2018/01/11 12:38:35+00,3900 Lankershim Blvd Unit 5430 Universal City 91608,81526EC2-526D-4972-A39B-5DF5304B2C86_3900_Lankershim_Blvd_Unit_5430_Universal_City_91608,Lankershim,3900 Lankershim Boulevard Blvd Unit 5430 Universal City 91608,,,,
225196,401000,,2424043034.0,,3900.0,,,,,,Lankershim,Boulevard,,,,,,,,,,,Unit,3437,91608.0,,Unincorporated,Universal City,,,,,LACO DPW Add,{DDD21024-FC52-40A2-8B16-19AC3C4029FB},0,,DDD21024-FC52-40A2-8B16-19AC3C4029FB,Unknown,,,,,Blvd,Lankershim Blvd,2018/01/11 12:38:35+00,3900 Lankershim Blvd Unit 3437 Universal City 91608,DDD21024-FC52-40A2-8B16-19AC3C4029FB_3900_Lankershim_Blvd_Unit_3437_Universal_City_91608,Lankershim,3900 Lankershim Boulevard Blvd Unit 3437 Universal City 91608,,,,
225197,401001,,2424043034.0,,3900.0,,,,,,Lankershim,Boulevard,,,,,,,,,,,Unit,5297,91608.0,,Unincorporated,Universal City,,,,,LACO DPW Add,{9BEC040D-8E40-42D9-BBAA-D6E27C29023F},0,,9BEC040D-8E40-42D9-BBAA-D6E27C29023F,Unknown,,,,,Blvd,Lankershim Blvd,2018/01/11 10:53:51+00,3900 Lankershim Blvd Unit 5297 Universal City 91608,9BEC040D-8E40-42D9-BBAA-D6E27C29023F_3900_Lankershim_Blvd_Unit_5297_Universal_City_91608,Lankershim,3900 Lankershim Boulevard Blvd Unit 5297 Universal City 91608,,,,
225198,401002,,2424043034.0,,3900.0,,,,,,Lankershim,Boulevard,,,,,,,,,,,Unit,4481,91608.0,,Unincorporated,Universal City,,,,,LACO DPW Add,{2AA5B47F-9588-4427-BA0D-8CF52123A3B3},0,,2AA5B47F-9588-4427-BA0D-8CF52123A3B3,Unknown,,,,,Blvd,Lankershim Blvd,2018/01/11 12:38:35+00,3900 Lankershim Blvd Unit 4481 Universal City 91608,2AA5B47F-9588-4427-BA0D-8CF52123A3B3_3900_Lankershim_Blvd_Unit_4481_Universal_City_91608,Lankershim,3900 Lankershim Boulevard Blvd Unit 4481 Universal City 91608,,,,
225199,401003,,2424043034.0,,3900.0,,,,,,Lankershim,Boulevard,,,,,,,,,,,Unit,3316,91608.0,,Unincorporated,Universal City,,,,,LACO DPW Add,{DF5BE5AB-4DD2-4EB5-8E4B-D66719782C2F},0,,DF5BE5AB-4DD2-4EB5-8E4B-D66719782C2F,Unknown,,,,,Blvd,Lankershim Blvd,2018/01/11 11:03:25+00,3900 Lankershim Blvd Unit 3316 Universal City 91608,DF5BE5AB-4DD2-4EB5-8E4B-D66719782C2F_3900_Lankershim_Blvd_Unit_3316_Universal_City_91608,Lankershim,3900 Lankershim Boulevard Blvd Unit 3316 Universal City 91608,,,,
225200,401004,,2424043034.0,,3900.0,,,,,,Lankershim,Boulevard,,,,,,,,,,,Unit,6501,91608.0,,Unincorporated,Universal City,,,,,LACO DPW Add,{BC6DFFA8-9216-4CFA-9055-EF0F3D2C3B49},0,,BC6DFFA8-9216-4CFA-9055-EF0F3D2C3B49,Unknown,,,,,Blvd,Lankershim Blvd,2018/01/11 12:43:25+00,3900 Lankershim Blvd Unit 6501 Universal City 91608,BC6DFFA8-9216-4CFA-9055-EF0F3D2C3B49_3900_Lankershim_Blvd_Unit_6501_Universal_City_91608,Lankershim,3900 Lankershim Boulevard Blvd Unit 6501 Universal City 91608,,,,
225201,401005,,2424043034.0,,3900.0,,,,,,Lankershim,Boulevard,,,,,,,,,,,Unit,4487,91608.0,,Unincorporated,Universal City,,,,,LACO DPW Add,{5B862B5E-A9FF-4890-8EED-D39E8C0B5AFD},0,,5B862B5E-A9FF-4890-8EED-D39E8C0B5AFD,Unknown,,,,,Blvd,Lankershim Blvd,2018/01/11 12:38:35+00,3900 Lankershim Blvd Unit 4487 Universal City 91608,5B862B5E-A9FF-4890-8EED-D39E8C0B5AFD_3900_Lankershim_Blvd_Unit_4487_Universal_City_91608,Lankershim,3900 Lankershim Boulevard Blvd Unit 4487 Universal City 91608,,,,
225202,401006,,2424043034.0,,3900.0,,,,,,Lankershim,Boulevard,,,,,,,,,,,Unit,5471,91608.0,,Unincorporated,Universal City,,,,,LACO DPW Add,{96338A28-6101-4678-B7F0-139416820A52},0,,96338A28-6101-4678-B7F0-139416820A52,Unknown,,,,,Blvd,Lankershim Blvd,2018/01/11 12:38:35+00,3900 Lankershim Blvd Unit 5471 Universal City 91608,96338A28-6101-4678-B7F0-139416820A52_3900_Lankershim_Blvd_Unit_5471_Universal_City_91608,Lankershim,3900 Lankershim Boulevard Blvd Unit 5471 Universal City 91608,,,,
225203,401007,,2424043034.0,,3900.0,,,,,,Lankershim,Boulevard,,,,,,,,,,,Unit,4488,91608.0,,Unincorporated,Universal City,,,,,LACO DPW Add,{15828DA4-8226-4C37-91A6-7A911D028D53},0,,15828DA4-8226-4C37-91A6-7A911D028D53,Unknown,,,,,Blvd,Lankershim Blvd,2018/01/11 12:38:35+00,3900 Lankershim Blvd Unit 4488 Universal City 91608,15828DA4-8226-4C37-91A6-7A911D028D53_3900_Lankershim_Blvd_Unit_4488_Universal_City_91608,Lankershim,3900 Lankershim Boulevard Blvd Unit 4488 Universal City 91608,,,,
225204,401008,,2424043034.0,,3900.0,,,,,,Lankershim,Boulevard,,,,,,,,,,,Unit,4489,91608.0,,Unincorporated,Universal City,,,,,LACO DPW Add,{963F7571-A0B4-42C5-8E56-3EAFC2F84649},0,,963F7571-A0B4-42C5-8E56-3EAFC2F84649,Unknown,,,,,Blvd,Lankershim Blvd,2018/01/11 12:38:35+00,3900 Lankershim Blvd Unit 4489 Universal City 91608,963F7571-A0B4-42C5-8E56-3EAFC2F84649_3900_Lankershim_Blvd_Unit_4489_Universal_City_91608,Lankershim,3900 Lankershim Boulevard Blvd Unit 4489 Universal City 91608,,,,
225205,401009,,2424043034.0,,3900.0,,,,,,Lankershim,Boulevard,,,,,,,,,,,Unit,4420,91608.0,,Unincorporated,Universal City,,,,,LACO DPW Add,{EEDBBE4A-4FF5-41AA-8589-835EB8979A98},0,,EEDBBE4A-4FF5-41AA-8589-835EB8979A98,Unknown,,,,,Blvd,Lankershim Blvd,2018/01/11 11:03:25+00,3900 Lankershim Blvd Unit 4420 Universal City 91608,EEDBBE4A-4FF5-41AA-8589-835EB8979A98_3900_Lankershim_Blvd_Unit_4420_Universal_City_91608,Lankershim,3900 Lankershim Boulevard Blvd Unit 4420 Universal City 91608,,,,
225206,401010,,2424043034.0,,3900.0,,,,,,Lankershim,Boulevard,,,,,,,,,,,Unit,3439,91608.0,,Unincorporated,Universal City,,,,,LACO DPW Add,{1CCE0AE9-6BA7-43DC-973A-DAB1554F8A1D},0,,1CCE0AE9-6BA7-43DC-973A-DAB1554F8A1D,Unknown,,,,,Blvd,Lankershim Blvd,2018/01/11 12:38:35+00,3900 Lankershim Blvd Unit 3439 Universal City 91608,1CCE0AE9-6BA7-43DC-973A-DAB1554F8A1D_3900_Lankershim_Blvd_Unit_3439_Universal_City_91608,Lankershim,3900 Lankershim Boulevard Blvd Unit 3439 Universal City 91608,,,,
225207,401011,,2424043034.0,,3900.0,,,,,,Lankershim,Boulevard,,,,,,,,,,,Unit,4486,91608.0,,Unincorporated,Universal City,,,,,LACO DPW Add,{CAA670C2-42BD-408A-9563-75AD54480537},0,,CAA670C2-42BD-408A-9563-75AD54480537,Unknown,,,,,Blvd,Lankershim Blvd,2018/01/11 12:38:35+00,3900 Lankershim Blvd Unit 4486 Universal City 91608,CAA670C2-42BD-408A-9563-75AD54480537_3900_Lankershim_Blvd_Unit_4486_Universal_City_91608,Lankershim,3900 Lankershim Boulevard Blvd Unit 4486 Universal City 91608,,,,
225208,401012,,2424043034.0,,3900.0,,,,,,Lankershim,Boulevard,,,,,,,,,,,Unit,3447,91608.0,,Unincorporated,Universal City,,,,,LACO DPW Add,{1529E493-A90F-4C8E-BF33-B7BC6260DE3A},0,,1529E493-A90F-4C8E-BF33-B7BC6260DE3A,Unknown,,,,,Blvd,Lankershim Blvd,2018/01/11 12:38:35+00,3900 Lankershim Blvd Unit 3447 Universal City 91608,1529E493-A90F-4C8E-BF33-B7BC6260DE3A_3900_Lankershim_Blvd_Unit_3447_Universal_City_91608,Lankershim,3900 Lankershim Boulevard Blvd Unit 3447 Universal City 91608,,,,
225209,401013,,2424043034.0,,3900.0,,,,,,Lankershim,Boulevard,,,,,,,,,,,Unit,4482,91608.0,,Unincorporated,Universal City,,,,,LACO DPW Add,{65BECDA5-F0A3-4F5A-BC37-052C707DD9C5},0,,65BECDA5-F0A3-4F5A-BC37-052C707DD9C5,Utility,,,,,Blvd,Lankershim Blvd,2018/01/11 13:38:59+00,3900 Lankershim Blvd Unit 4482 Universal City 91608,65BECDA5-F0A3-4F5A-BC37-052C707DD9C5_3900_Lankershim_Blvd_Unit_4482_Universal_City_91608,Lankershim,3900 Lankershim Boulevard Blvd Unit 4482 Universal City 91608,,,,
225210,401014,,2424043034.0,,3900.0,,,,,,Lankershim,Boulevard,,,,,,,,,,,Unit,4457,91608.0,,Unincorporated,Universal City,,,,,LACO DPW Add,{D9523F67-896D-4C12-8506-74484C8605D6},0,,D9523F67-896D-4C12-8506-74484C8605D6,Unknown,,,,,Blvd,Lankershim Blvd,2018/01/11 08:56:17+00,3900 Lankershim Blvd Unit 4457 Universal City 91608,D9523F67-896D-4C12-8506-74484C8605D6_3900_Lankershim_Blvd_Unit_4457_Universal_City_91608,Lankershim,3900 Lankershim Boulevard Blvd Unit 4457 Universal City 91608,,,,
225211,401015,,2424043034.0,,3900.0,,,,,,Lankershim,Boulevard,,,,,,,,,,,Unit,4467,91608.0,,Unincorporated,Universal City,,,,,LACO DPW Add,{817FA216-B21D-4A04-876E-161432FFFBB9},0,,817FA216-B21D-4A04-876E-161432FFFBB9,Unknown,,,,,Blvd,Lankershim Blvd,2018/01/11 12:38:35+00,3900 Lankershim Blvd Unit 4467 Universal City 91608,817FA216-B21D-4A04-876E-161432FFFBB9_3900_Lankershim_Blvd_Unit_4467_Universal_City_91608,Lankershim,3900 Lankershim Boulevard Blvd Unit 4467 Universal City 91608,,,,
225212,401016,,2424043034.0,,3900.0,,,,,,Lankershim,Boulevard,,,,,,,,,,,Unit,4435,91608.0,,Unincorporated,Universal City,,,,,LACO DPW Add,{5212554D-4DC7-44E1-9943-C1719000C4D7},0,,5212554D-4DC7-44E1-9943-C1719000C4D7,Unknown,,,,,Blvd,Lankershim Blvd,2018/01/11 12:38:35+00,3900 Lankershim Blvd Unit 4435 Universal City 91608,5212554D-4DC7-44E1-9943-C1719000C4D7_3900_Lankershim_Blvd_Unit_4435_Universal_City_91608,Lankershim,3900 Lankershim Boulevard Blvd Unit 4435 Universal City 91608,,,,
225213,401017,,2424043034.0,,3900.0,,,,,,Lankershim,Boulevard,,,,,,,,,,,Unit,4494,91608.0,,Unincorporated,Universal City,,,,,LACO DPW Add,{CE3D7563-5601-4A59-AB02-106D1A1D755D},0,,CE3D7563-5601-4A59-AB02-106D1A1D755D,Unknown,,,,,Blvd,Lankershim Blvd,2018/01/11 13:38:59+00,3900 Lankershim Blvd Unit 4494 Universal City 91608,CE3D7563-5601-4A59-AB02-106D1A1D755D_3900_Lankershim_Blvd_Unit_4494_Universal_City_91608,Lankershim,3900 Lankershim Boulevard Blvd Unit 4494 Universal City 91608,,,,
225214,401018,,2424043034.0,,3900.0,,,,,,Lankershim,Boulevard,,,,,,,,,,,Unit,4483,91608.0,,Unincorporated,Universal City,,,,,LACO DPW Add,{F5C2A362-8C6D-4596-BEC5-F1140115247B},0,,F5C2A362-8C6D-4596-BEC5-F1140115247B,Unknown,,,,,Blvd,Lankershim Blvd,2018/01/11 12:38:35+00,3900 Lankershim Blvd Unit 4483 Universal City 91608,F5C2A362-8C6D-4596-BEC5-F1140115247B_3900_Lankershim_Blvd_Unit_4483_Universal_City_91608,Lankershim,3900 Lankershim Boulevard Blvd Unit 4483 Universal City 91608,,,,
225215,401019,,2424043034.0,,3900.0,,,,,,Lankershim,Boulevard,,,,,,,,,,,Unit,4438,91608.0,,Unincorporated,Universal City,,,,,LACO DPW Add,{BA58F957-D9E7-45A8-B161-F6153F7DBA2A},0,,BA58F957-D9E7-45A8-B161-F6153F7DBA2A,Unknown,,,,,Blvd,Lankershim Blvd,2018/01/11 12:38:35+00,3900 Lankershim Blvd Unit 4438 Universal City 91608,BA58F957-D9E7-45A8-B161-F6153F7DBA2A_3900_Lankershim_Blvd_Unit_4438_Universal_City_91608,Lankershim,3900 Lankershim Boulevard Blvd Unit 4438 Universal City 91608,,,,
225216,401020,,2424043034.0,,3900.0,,,,,,Lankershim,Boulevard,,,,,,,,,,,Unit,3384,91608.0,,Unincorporated,Universal City,,,,,LACO DPW Add,{D923F88D-9572-4F5D-B8CE-E749003FE8D3},0,,D923F88D-9572-4F5D-B8CE-E749003FE8D3,Unknown,,,,,Blvd,Lankershim Blvd,2018/01/11 08:56:17+00,3900 Lankershim Blvd Unit 3384 Universal City 91608,D923F88D-9572-4F5D-B8CE-E749003FE8D3_3900_Lankershim_Blvd_Unit_3384_Universal_City_91608,Lankershim,3900 Lankershim Boulevard Blvd Unit 3384 Universal City 91608,,,,
225217,401021,,2424043034.0,,3900.0,,,,,,Lankershim,Boulevard,,,,,,,,,,,Unit,5287,91608.0,,Unincorporated,Universal City,,,,,LACO DPW Add,{E74166CB-D56C-4551-9BD8-80AC3A54FBA2},0,,E74166CB-D56C-4551-9BD8-80AC3A54FBA2,Unknown,,,,,Blvd,Lankershim Blvd,2018/11/07 15:52:49+00,3900 Lankershim Blvd Unit 5287 Universal City 91608,E74166CB-D56C-4551-9BD8-80AC3A54FBA2_3900_Lankershim_Blvd_Unit_5287_Universal_City_91608,Lankershim,3900 Lankershim Boulevard Blvd Unit 5287 Universal City 91608,,,,
225218,401022,,2424043034.0,,3900.0,,,,,,Lankershim,Boulevard,,,,,,,,,,,Unit,4448,91608.0,,Unincorporated,Universal City,,,,,LACO DPW Add,{B6995F9F-4483-4C71-AC51-036F9D9BA9ED},0,,B6995F9F-4483-4C71-AC51-036F9D9BA9ED,Unknown,,,,,Blvd,Lankershim Blvd,2018/11/07 15:52:49+00,3900 Lankershim Blvd Unit 4448 Universal City 91608,B6995F9F-4483-4C71-AC51-036F9D9BA9ED_3900_Lankershim_Blvd_Unit_4448_Universal_City_91608,Lankershim,3900 Lankershim Boulevard Blvd Unit 4448 Universal City 91608,,,,
225219,401023,,2424043034.0,,3900.0,,,,,,Lankershim,Boulevard,,,,,,,,,,,,,91608.0,,Unincorporated,Universal City,,,,,LACO DPW Add,{AF80493E-96AE-401D-A7CA-862EC071D1D4},0,,AF80493E-96AE-401D-A7CA-862EC071D1D4,Unknown,,,,,Blvd,Lankershim Blvd,2017/12/04 08:28:06+00,3900 Lankershim Blvd Universal City 91608,AF80493E-96AE-401D-A7CA-862EC071D1D4_3900_Lankershim_Blvd_Universal_City_91608,Lankershim,3900 Lankershim Boulevard Blvd Universal City 91608,,,,
225220,401024,,2424043034.0,,3900.0,,,,,,Lankershim,Boulevard,,,,,,,,,,,Unit,3458,91608.0,,Unincorporated,Universal City,,,,,LACO DPW Add,{A2EFB658-DC35-4F50-8C4F-80F4B37992F8},0,,A2EFB658-DC35-4F50-8C4F-80F4B37992F8,Unknown,,,,,Blvd,Lankershim Blvd,2018/01/11 12:38:35+00,3900 Lankershim Blvd Unit 3458 Universal City 91608,A2EFB658-DC35-4F50-8C4F-80F4B37992F8_3900_Lankershim_Blvd_Unit_3458_Universal_City_91608,Lankershim,3900 Lankershim Boulevard Blvd Unit 3458 Universal City 91608,,,,
225221,401025,,2424043034.0,,3900.0,,,,,,Lankershim,Boulevard,,,,,,,,,,,Unit,4465,91608.0,,Unincorporated,Universal City,,,,,LACO DPW Add,{EDA1D603-E0A2-459E-91CB-30182CBCF465},0,,EDA1D603-E0A2-459E-91CB-30182CBCF465,Unknown,,,,,Blvd,Lankershim Blvd,2018/01/11 08:56:17+00,3900 Lankershim Blvd Unit 4465 Universal City 91608,EDA1D603-E0A2-459E-91CB-30182CBCF465_3900_Lankershim_Blvd_Unit_4465_Universal_City_91608,Lankershim,3900 Lankershim Boulevard Blvd Unit 4465 Universal City 91608,,,,
225222,401026,,2424043034.0,,3900.0,,,,,,Lankershim,Boulevard,,,,,,,,,,,Unit,4497,91608.0,,Unincorporated,Universal City,,,,,LACO DPW Add,{C9046DC4-EBD6-4F0D-9E9D-D567D21C30B4},0,,C9046DC4-EBD6-4F0D-9E9D-D567D21C30B4,Unknown,,,,,Blvd,Lankershim Blvd,2018/01/11 13:20:56+00,3900 Lankershim Blvd Unit 4497 Universal City 91608,C9046DC4-EBD6-4F0D-9E9D-D567D21C30B4_3900_Lankershim_Blvd_Unit_4497_Universal_City_91608,Lankershim,3900 Lankershim Boulevard Blvd Unit 4497 Universal City 91608,,,,
225223,401027,,2424043034.0,,3900.0,,,,,,Lankershim,Boulevard,,,,,,,,,,,Unit,4495,91608.0,,Unincorporated,Universal City,,,,,LACO DPW Add,{8ACEA200-9353-4E11-BA59-E7B8BAB6EF45},0,,8ACEA200-9353-4E11-BA59-E7B8BAB6EF45,Unknown,,,,,Blvd,Lankershim Blvd,2018/01/11 13:38:59+00,3900 Lankershim Blvd Unit 4495 Universal City 91608,8ACEA200-9353-4E11-BA59-E7B8BAB6EF45_3900_Lankershim_Blvd_Unit_4495_Universal_City_91608,Lankershim,3900 Lankershim Boulevard Blvd Unit 4495 Universal City 91608,,,,
225224,401028,,2424043034.0,,3900.0,,,,,,Lankershim,Boulevard,,,,,,,,,,,Unit,4455,91608.0,,Unincorporated,Universal City,,,,,LACO DPW Add,{739B1356-CFC0-4DB0-9AAB-A8ADDBAAF1E4},0,,739B1356-CFC0-4DB0-9AAB-A8ADDBAAF1E4,Unknown,,,,,Blvd,Lankershim Blvd,2018/01/11 12:38:35+00,3900 Lankershim Blvd Unit 4455 Universal City 91608,739B1356-CFC0-4DB0-9AAB-A8ADDBAAF1E4_3900_Lankershim_Blvd_Unit_4455_Universal_City_91608,Lankershim,3900 Lankershim Boulevard Blvd Unit 4455 Universal City 91608,,,,
225225,401029,,2424043034.0,,3900.0,,,,,,Lankershim,Boulevard,,,,,,,,,,,Unit,4477,91608.0,,Unincorporated,Universal City,,,,,LACO DPW Add,{D0DFF5DD-6EFC-493D-A8CE-B44DB0946888},0,,D0DFF5DD-6EFC-493D-A8CE-B44DB0946888,Unknown,,,,,Blvd,Lankershim Blvd,2018/01/11 12:38:35+00,3900 Lankershim Blvd Unit 4477 Universal City 91608,D0DFF5DD-6EFC-493D-A8CE-B44DB0946888_3900_Lankershim_Blvd_Unit_4477_Universal_City_91608,Lankershim,3900 Lankershim Boulevard Blvd Unit 4477 Universal City 91608,,,,
225226,401030,,2424043034.0,,3900.0,,,,,,Lankershim,Boulevard,,,,,,,,,,,Unit,6511,91608.0,,Unincorporated,Universal City,,,,,LACO DPW Add,{EDE70492-FD92-4A75-A957-59456F353685},0,,EDE70492-FD92-4A75-A957-59456F353685,Unknown,,,,,Blvd,Lankershim Blvd,2018/01/11 12:43:25+00,3900 Lankershim Blvd Unit 6511 Universal City 91608,EDE70492-FD92-4A75-A957-59456F353685_3900_Lankershim_Blvd_Unit_6511_Universal_City_91608,Lankershim,3900 Lankershim Boulevard Blvd Unit 6511 Universal City 91608,,,,
225227,401031,,2424043034.0,,3900.0,,,,,,Lankershim,Boulevard,,,,,,,,,,,Unit,4485,91608.0,,Unincorporated,Universal City,,,,,LACO DPW Add,{FDD72F83-0811-48CC-B9CD-01F8B4828D74},0,,FDD72F83-0811-48CC-B9CD-01F8B4828D74,Unknown,,,,,Blvd,Lankershim Blvd,2018/01/11 12:38:35+00,3900 Lankershim Blvd Unit 4485 Universal City 91608,FDD72F83-0811-48CC-B9CD-01F8B4828D74_3900_Lankershim_Blvd_Unit_4485_Universal_City_91608,Lankershim,3900 Lankershim Boulevard Blvd Unit 4485 Universal City 91608,,,,
225228,401032,,2424044021.0,,333.0,,,East,,,Universal Hollywood,Drive,,,,,,,,,,,,,91608.0,,Los Angeles,Universal City,,,,,LA City,{ED71ECC7-0133-4CB9-8F46-0E00FF2A0074},0,,ED71ECC7-0133-4CB9-8F46-0E00FF2A0074,Unknown,,E,,,Dr,E Universal Hollywood Dr,2023/09/12 23:03:18+00,333 E Universal Hollywood Dr Universal City 91608,ED71ECC7-0133-4CB9-8F46-0E00FF2A0074_333_E_Universal_Hollywood_Dr_Universal_City_91608,Universal Hollywood,333 E Universal Hollywood Drive Dr Los Angeles 91608,,,,
225229,401033,,2424044022.0,,555.0,,,East,,,Universal Hollywood,Drive,,,,,,,,,,,,,91608.0,,Los Angeles,Universal City,,,,,LA City,{5744A5CA-AA97-4E5A-B4D1-2DCF3F1BD6B3},0,,5744A5CA-AA97-4E5A-B4D1-2DCF3F1BD6B3,Unknown,,E,,,Dr,E Universal Hollywood Dr,2023/09/12 23:03:18+00,555 E Universal Hollywood Dr Universal City 91608,5744A5CA-AA97-4E5A-B4D1-2DCF3F1BD6B3_555_E_Universal_Hollywood_Dr_Universal_City_91608,Universal Hollywood,555 E Universal Hollywood Drive Dr Los Angeles 91608,,,,
225230,401034,,2424044037.0,,444.0,,,East,,,Universal Hollywood,Drive,,,,,,,,,,,,,91608.0,,Los Angeles,Universal City,,,,,LA City,{D9DBE0A3-0F07-4075-93D2-00DE852FB2B4},0,,D9DBE0A3-0F07-4075-93D2-00DE852FB2B4,Unknown,,E,,,Dr,E Universal Hollywood Dr,2023/09/12 23:03:18+00,444 E Universal Hollywood Dr Universal City 91608,D9DBE0A3-0F07-4075-93D2-00DE852FB2B4_444_E_Universal_Hollywood_Dr_Universal_City_91608,Universal Hollywood,444 E Universal Hollywood Drive Dr Los Angeles 91608,,,,
225234,401038,,2424044042.0,,111.0,,,East,,,Universal Hollywood,Drive,,,,,,,,,,,,,91608.0,,Los Angeles,Universal City,,,,,LA City,{2155296C-62E4-437E-BF60-7DFDAB04CAB3},0,,2155296C-62E4-437E-BF60-7DFDAB04CAB3,Unknown,,E,,,Dr,E Universal Hollywood Dr,2023/09/12 23:03:18+00,111 E Universal Hollywood Dr Universal City 91608,2155296C-62E4-437E-BF60-7DFDAB04CAB3_111_E_Universal_Hollywood_Dr_Universal_City_91608,Universal Hollywood,111 E Universal Hollywood Drive Dr Los Angeles 91608,,,,
225235,401039,,2424044042.0,,10.0,,,,,,Montana,Avenue,,,,,,,,,,,,,91608.0,,Los Angeles,Universal City,,,,,Assessor,{5EF3605E-81D6-44A0-8BFC-1757F095770E},0,,5EF3605E-81D6-44A0-8BFC-1757F095770E,Unknown,,,,,Ave,Montana Ave,2024/04/27 17:13:09+00,10 Montana Ave Universal City 91608,5EF3605E-81D6-44A0-8BFC-1757F095770E_10_Montana_Ave_Universal_City_91608,Montana,10 Montana Avenue Ave Los Angeles 91608,,,,
225237,401041,,2424045018.0,,3900.0,,,,,,Lankershim,Boulevard,,,,,,,,,,,Unit,3494,91608.0,,Unincorporated,Universal City,,,,,LACO DPW Add,{A1A13A2B-BEC8-4A9B-A23B-8CB65A908E57},0,,A1A13A2B-BEC8-4A9B-A23B-8CB65A908E57,Unknown,,,,,Blvd,Lankershim Blvd,2018/01/11 13:38:59+00,3900 Lankershim Blvd Unit 3494 Universal City 91608,A1A13A2B-BEC8-4A9B-A23B-8CB65A908E57_3900_Lankershim_Blvd_Unit_3494_Universal_City_91608,Lankershim,3900 Lankershim Boulevard Blvd Unit 3494 Universal City 91608,,,,
225238,401042,,2424045020.0,,3900.0,,,,,,Lankershim,Boulevard,,,,,,,,,,,,,91608.0,,Unincorporated,Universal City,,,,,LACO DPW Add,{C0D5FC43-27C8-42ED-A169-BDF363A4DEF5},0,,C0D5FC43-27C8-42ED-A169-BDF363A4DEF5,Unknown,,,,,Blvd,Lankershim Blvd,2017/12/05 11:35:27+00,3900 Lankershim Blvd Universal City 91608,C0D5FC43-27C8-42ED-A169-BDF363A4DEF5_3900_Lankershim_Blvd_Universal_City_91608,Lankershim,3900 Lankershim Boulevard Blvd Universal City 91608,,,,
225239,401043,,2424045028.0,,3900.0,,,,,,Lankershim,Boulevard,,,,,,,,,,,Unit,4480,91608.0,,Unincorporated,Universal City,,,,,LACO DPW Add,{8BEBC9D0-8CD7-4A7D-9A9E-69634BD1876A},0,,8BEBC9D0-8CD7-4A7D-9A9E-69634BD1876A,Utility,,,,,Blvd,Lankershim Blvd,2018/11/05 02:14:06+00,3900 Lankershim Blvd Unit 4480 Universal City 91608,8BEBC9D0-8CD7-4A7D-9A9E-69634BD1876A_3900_Lankershim_Blvd_Unit_4480_Universal_City_91608,Lankershim,3900 Lankershim Boulevard Blvd Unit 4480 Universal City 91608,,,,
225240,401044,,2424045028.0,,3900.0,,,,,,Lankershim,Boulevard,,,,,,,,,,,Unit,3488,91608.0,,Unincorporated,Universal City,,,,,LACO DPW Add,{E87B5FDC-F362-4778-B00C-EB9B53BF85BA},0,,E87B5FDC-F362-4778-B00C-EB9B53BF85BA,Unknown,,,,,Blvd,Lankershim Blvd,2018/11/05 02:14:06+00,3900 Lankershim Blvd Unit 3488 Universal City 91608,E87B5FDC-F362-4778-B00C-EB9B53BF85BA_3900_Lankershim_Blvd_Unit_3488_Universal_City_91608,Lankershim,3900 Lankershim Boulevard Blvd Unit 3488 Universal City 91608,,,,
225241,401045,,2424045028.0,,3900.0,,,,,,Lankershim,Boulevard,,,,,,,,,,,Unit,3486,91608.0,,Unincorporated,Universal City,,,,,LACO DPW Add,{07FCB508-8941-4F29-A0FC-6440535BA750},0,,07FCB508-8941-4F29-A0FC-6440535BA750,Unknown,,,,,Blvd,Lankershim Blvd,2018/11/05 02:14:06+00,3900 Lankershim Blvd Unit 3486 Universal City 91608,07FCB508-8941-4F29-A0FC-6440535BA750_3900_Lankershim_Blvd_Unit_3486_Universal_City_91608,Lankershim,3900 Lankershim Boulevard Blvd Unit 3486 Universal City 91608,,,,
225242,401046,,2424045028.0,,3900.0,,,,,,Lankershim,Boulevard,,,,,,,,,,,Unit,4490,91608.0,,Unincorporated,Universal City,,,,,LACO DPW Add,{32DBD435-0383-43AC-9F12-26CE2F30C9C7},0,,32DBD435-0383-43AC-9F12-26CE2F30C9C7,Unknown,,,,,Blvd,Lankershim Blvd,2018/11/05 02:14:06+00,3900 Lankershim Blvd Unit 4490 Universal City 91608,32DBD435-0383-43AC-9F12-26CE2F30C9C7_3900_Lankershim_Blvd_Unit_4490_Universal_City_91608,Lankershim,3900 Lankershim Boulevard Blvd Unit 4490 Universal City 91608,,,,
225243,401047,,2424045029.0,,1000.0,,,,,,Universal Center,Drive,,,,,,,,,,,,,91608.0,,Unincorporated,Universal City,,,,,CAMS,{B6365CED-1A42-4223-A1D2-9BBD784E8AA3},0,,B6365CED-1A42-4223-A1D2-9BBD784E8AA3,Unknown,,,,,Dr,Universal Center Dr,2018/11/05 02:13:01+00,1000 Universal Center Dr Universal City 91608,B6365CED-1A42-4223-A1D2-9BBD784E8AA3_1000_Universal_Center_Dr_Universal_City_91608,Universal Center,1000 Universal Center Drive Dr Universal City 91608,,,,
225244,401048,,2424045032.0,,3900.0,,,,,,Lankershim,Boulevard,,,,,,Building,4521.0,,,,Unit,196,91608.0,,Unincorporated,Universal City,,,,,LACO DPW Add,{52F9BE14-C100-4DDB-9639-9E03CB7EF3E2},0,,52F9BE14-C100-4DDB-9639-9E03CB7EF3E2,Unknown,,,,,Blvd,Lankershim Blvd,2018/11/06 19:37:37+00,3900 Lankershim Blvd Unit 196 Universal City 91608,52F9BE14-C100-4DDB-9639-9E03CB7EF3E2_3900_Lankershim_Blvd_Unit_196_Universal_City_91608,Lankershim,3900 Lankershim Boulevard Blvd Unit 196 Universal City 91608,,,,
225245,401049,,2424045032.0,,3900.0,,,,,,Lankershim,Boulevard,,,,,,Building,4521.0,,,,Unit,188,91608.0,,Unincorporated,Universal City,,,,,LACO DPW Add,{8BE4C0CB-ADCF-4701-84F4-4AF1D638794A},0,,8BE4C0CB-ADCF-4701-84F4-4AF1D638794A,Unknown,,,,,Blvd,Lankershim Blvd,2018/11/06 19:37:37+00,3900 Lankershim Blvd Unit 188 Universal City 91608,8BE4C0CB-ADCF-4701-84F4-4AF1D638794A_3900_Lankershim_Blvd_Unit_188_Universal_City_91608,Lankershim,3900 Lankershim Boulevard Blvd Unit 188 Universal City 91608,,,,
225246,401050,,2424045032.0,,3900.0,,,,,,Lankershim,Boulevard,,,,,,,,,,,Unit,4491,91608.0,,Unincorporated,Universal City,,,,,LACO DPW Add,{114A1B4E-3E8D-40BE-B322-800089AA9790},0,,114A1B4E-3E8D-40BE-B322-800089AA9790,Unknown,,,,,Blvd,Lankershim Blvd,2018/11/06 19:37:37+00,3900 Lankershim Blvd Unit 4491 Universal City 91608,114A1B4E-3E8D-40BE-B322-800089AA9790_3900_Lankershim_Blvd_Unit_4491_Universal_City_91608,Lankershim,3900 Lankershim Boulevard Blvd Unit 4491 Universal City 91608,,,,
225247,401051,,2424045032.0,,3900.0,,,,,,Lankershim,Boulevard,,,,,,Building,4525.0,,,,Unit,152,91608.0,,Unincorporated,Universal City,,,,,LACO DPW Add,{6F5A44B4-86C1-484A-8EEB-998305C11887},0,,6F5A44B4-86C1-484A-8EEB-998305C11887,Unknown,,,,,Blvd,Lankershim Blvd,2018/11/06 19:37:37+00,3900 Lankershim Blvd Unit 152 Universal City 91608,6F5A44B4-86C1-484A-8EEB-998305C11887_3900_Lankershim_Blvd_Unit_152_Universal_City_91608,Lankershim,3900 Lankershim Boulevard Blvd Unit 152 Universal City 91608,,,,
225248,401052,,2424045032.0,,3900.0,,,,,,Lankershim,Boulevard,,,,,,Building,4521.0,,,,Unit,180,91608.0,,Unincorporated,Universal City,,,,,LACO DPW Add,{8A452CC6-25EB-4AC8-9FBA-EF99A5E09351},0,,8A452CC6-25EB-4AC8-9FBA-EF99A5E09351,Unknown,,,,,Blvd,Lankershim Blvd,2018/11/06 19:37:37+00,3900 Lankershim Blvd Unit 180 Universal City 91608,8A452CC6-25EB-4AC8-9FBA-EF99A5E09351_3900_Lankershim_Blvd_Unit_180_Universal_City_91608,Lankershim,3900 Lankershim Boulevard Blvd Unit 180 Universal City 91608,,,,
225249,401053,,2424045032.0,,3900.0,,,,,,Lankershim,Boulevard,,,,,,,,,,,Unit,4493,91608.0,,Unincorporated,Universal City,,,,,LACO DPW Add,{7AB87CA8-9F12-4225-A5B1-2FB9E2A6002B},0,,7AB87CA8-9F12-4225-A5B1-2FB9E2A6002B,Unknown,,,,,Blvd,Lankershim Blvd,2018/11/06 19:37:37+00,3900 Lankershim Blvd Unit 4493 Universal City 91608,7AB87CA8-9F12-4225-A5B1-2FB9E2A6002B_3900_Lankershim_Blvd_Unit_4493_Universal_City_91608,Lankershim,3900 Lankershim Boulevard Blvd Unit 4493 Universal City 91608,,,,
225250,401054,,2424045032.0,,3900.0,,,,,,Lankershim,Boulevard,,,,,,Building,4521.0,,,,Unit,172,91608.0,,Unincorporated,Universal City,,,,,LACO DPW Add,{DF730FD5-2DDD-4082-83E5-D1F75A9631DF},0,,DF730FD5-2DDD-4082-83E5-D1F75A9631DF,Unknown,,,,,Blvd,Lankershim Blvd,2018/11/06 19:37:37+00,3900 Lankershim Blvd Unit 172 Universal City 91608,DF730FD5-2DDD-4082-83E5-D1F75A9631DF_3900_Lankershim_Blvd_Unit_172_Universal_City_91608,Lankershim,3900 Lankershim Boulevard Blvd Unit 172 Universal City 91608,,,,
225251,401055,,2424045032.0,,3900.0,,,,,,Lankershim,Boulevard,,,,,,Building,4505.0,,,,Unit,189,91608.0,,Unincorporated,Universal City,,,,,LACO DPW Add,{3C6394E7-BD03-48CE-A7BA-312A23BFAFA3},0,,3C6394E7-BD03-48CE-A7BA-312A23BFAFA3,Unknown,,,,,Blvd,Lankershim Blvd,2018/11/06 19:37:37+00,3900 Lankershim Blvd Unit 189 Universal City 91608,3C6394E7-BD03-48CE-A7BA-312A23BFAFA3_3900_Lankershim_Blvd_Unit_189_Universal_City_91608,Lankershim,3900 Lankershim Boulevard Blvd Unit 189 Universal City 91608,,,,
225252,401056,,2424045032.0,,3900.0,,,,,,Lankershim,Boulevard,,,,,,Building,4505.0,,,,Unit,175,91608.0,,Unincorporated,Universal City,,,,,LACO DPW Add,{99347806-CB2C-4404-84B4-BA5CEE160AAD},0,,99347806-CB2C-4404-84B4-BA5CEE160AAD,Unknown,,,,,Blvd,Lankershim Blvd,2018/11/06 19:37:37+00,3900 Lankershim Blvd Unit 175 Universal City 91608,99347806-CB2C-4404-84B4-BA5CEE160AAD_3900_Lankershim_Blvd_Unit_175_Universal_City_91608,Lankershim,3900 Lankershim Boulevard Blvd Unit 175 Universal City 91608,,,,
225253,401057,,2424045032.0,,3900.0,,,,,,Lankershim,Boulevard,,,,,,Building,4505.0,,,,Unit,171,91608.0,,Unincorporated,Universal City,,,,,LACO DPW Add,{05C208B9-E33F-4D63-BEC8-0C593DB2CAFE},0,,05C208B9-E33F-4D63-BEC8-0C593DB2CAFE,Unknown,,,,,Blvd,Lankershim Blvd,2018/11/06 19:37:37+00,3900 Lankershim Blvd Unit 171 Universal City 91608,05C208B9-E33F-4D63-BEC8-0C593DB2CAFE_3900_Lankershim_Blvd_Unit_171_Universal_City_91608,Lankershim,3900 Lankershim Boulevard Blvd Unit 171 Universal City 91608,,,,
225254,401058,,2424045032.0,,3900.0,,,,,,Lankershim,Boulevard,,,,,,Building,4525.0,,,,Unit,164,91608.0,,Unincorporated,Universal City,,,,,LACO DPW Add,{F1E6F4B0-5FC3-4591-94DF-9FEFE3F0BD67},0,,F1E6F4B0-5FC3-4591-94DF-9FEFE3F0BD67,Unknown,,,,,Blvd,Lankershim Blvd,2018/11/06 19:37:37+00,3900 Lankershim Blvd Unit 164 Universal City 91608,F1E6F4B0-5FC3-4591-94DF-9FEFE3F0BD67_3900_Lankershim_Blvd_Unit_164_Universal_City_91608,Lankershim,3900 Lankershim Boulevard Blvd Unit 164 Universal City 91608,,,,
225255,401059,,2424045032.0,,3900.0,,,,,,Lankershim,Boulevard,,,,,,Building,4525.0,,,,Unit,154,91608.0,,Unincorporated,Universal City,,,,,LACO DPW Add,{04E91C5E-54C0-4BE8-BD1C-9F1184B2C52D},0,,04E91C5E-54C0-4BE8-BD1C-9F1184B2C52D,Unknown,,,,,Blvd,Lankershim Blvd,2018/11/06 19:37:37+00,3900 Lankershim Blvd Unit 154 Universal City 91608,04E91C5E-54C0-4BE8-BD1C-9F1184B2C52D_3900_Lankershim_Blvd_Unit_154_Universal_City_91608,Lankershim,3900 Lankershim Boulevard Blvd Unit 154 Universal City 91608,,,,
225256,401060,,2424045032.0,,3900.0,,,,,,Lankershim,Boulevard,,,,,,Building,4521.0,,,,Unit,176,91608.0,,Unincorporated,Universal City,,,,,LACO DPW Add,{A871BB02-209E-4DB8-BA7A-A16C99FA4340},0,,A871BB02-209E-4DB8-BA7A-A16C99FA4340,Unknown,,,,,Blvd,Lankershim Blvd,2018/11/06 19:37:37+00,3900 Lankershim Blvd Unit 176 Universal City 91608,A871BB02-209E-4DB8-BA7A-A16C99FA4340_3900_Lankershim_Blvd_Unit_176_Universal_City_91608,Lankershim,3900 Lankershim Boulevard Blvd Unit 176 Universal City 91608,,,,
