fid,OBJECTID,OBJIDstr,AIN,NumPrefix,Number,NumSuffix,PreMod,PreDir,PreType,StArticle,StreetName,PostType,PostDir,PostMod,BldgID,BldgSource,BldgTypePl,BldgType,BldgName,FlrTypePl,FlrType,FlrName,UnitType,UnitName,ZipCode,Zip4,LegalComm,PostComm1,PostComm2,PostComm3,OtherComm1,OtherComm2,Source,SourceID,MADRank,AROIDstr,OIDstr,PropType,ObjID,PreDirAbbr,PostDirAbbr,PreTypeAbbr,PostTypeAbbr,FullName,UpdateDate,FullAddress,UniqueID,StName_EnerGov,FullAddress_EnerGov,MSAG_City,ESN,lon,lat
12579,28701,,,,2317.0,,,,,,Westcott,Avenue,,,,,,,,,,,,,91754.0,,Monterey Park,Monterey Park,,,,,Monterey Park,{E24412AD-7907-4E65-B8C8-54AE8BD10E61},0,,E24412AD-7907-4E65-B8C8-54AE8BD10E61,Unknown,,,,,Ave,Westcott Ave,2019/01/08 11:27:45+00,2317 Westcott Ave Monterey Park 91754,E24412AD-7907-4E65-B8C8-54AE8BD10E61_2317_Westcott_Ave_Monterey_Park_91754,Westcott,2317 Westcott Avenue Ave Monterey Park 91754,,,,
12583,28725,,,,2050.0,,,,,,Woods,Avenue,,,,,,,,,,,,,91754.0,,Monterey Park,Monterey Park,,,,,Monterey Park,{1F3397A6-D00A-4149-989F-7550E34C2F87},0,,1F3397A6-D00A-4149-989F-7550E34C2F87,Unknown,,,,,Ave,Woods Ave,2016/05/13 22:30:13+00,2050 Woods Ave Monterey Park 91754,1F3397A6-D00A-4149-989F-7550E34C2F87_2050_Woods_Ave_Monterey_Park_91754,Woods,2050 Woods Avenue Ave Monterey Park 91754,,,,
12588,28777,,,,1347.0,,,,,,Dorner,Drive,,,,,,,,,,,,,91754.0,,Monterey Park,Monterey Park,,,,,Monterey Park,{EFA5DD0F-5BBD-4F42-A8B3-CB3765E3E353},0,,EFA5DD0F-5BBD-4F42-A8B3-CB3765E3E353,Unknown,,,,,Dr,Dorner Dr,2016/05/14 21:39:39+00,1347 Dorner Dr Monterey Park 91754,EFA5DD0F-5BBD-4F42-A8B3-CB3765E3E353_1347_Dorner_Dr_Monterey_Park_91754,Dorner,1347 Dorner Drive Dr Monterey Park 91754,,,,
12591,28841,,,,1910.0,,,,Avenida,,Cesar Chavez,,,,,,,,,,,,,,91754.0,,Monterey Park,Monterey Park,,,,,Monterey Park,{39671D78-BB2A-424E-8F19-DCE2AE1D5893},0,,39671D78-BB2A-424E-8F19-DCE2AE1D5893,Unknown,,,,Avenida,,Avenida Cesar Chavez,2018/06/11 17:00:12+00,1910 Avenida Cesar Chavez Monterey Park 91754,39671D78-BB2A-424E-8F19-DCE2AE1D5893_1910_Avenida_Cesar_Chavez_Monterey_Park_91754,Avenida Cesar Chavez,1910 Avenida Cesar Chavez Monterey Park 91754,,,,
12604,29130,,,,2014.0,,,,,,Vancouver,Avenue,,,,,,,,,,,,,91754.0,,Monterey Park,Monterey Park,,,,,Monterey Park,{017F8CA2-E9F7-4425-B445-B0EC19A9A551},0,,017F8CA2-E9F7-4425-B445-B0EC19A9A551,Unknown,,,,,Ave,Vancouver Ave,2016/05/14 14:19:35+00,2014 Vancouver Ave Monterey Park 91754,017F8CA2-E9F7-4425-B445-B0EC19A9A551_2014_Vancouver_Ave_Monterey_Park_91754,Vancouver,2014 Vancouver Avenue Ave Monterey Park 91754,,,,
12616,29680,,,,1930.0,,,,Avenida,,Cesar Chavez,,,,,,,,,,,,,,91754.0,,Monterey Park,Monterey Park,,,,,Monterey Park,{682ECC1A-D5FB-4297-A901-A852F7BB4336},0,,682ECC1A-D5FB-4297-A901-A852F7BB4336,Unknown,,,,Avenida,,Avenida Cesar Chavez,2018/06/11 17:00:12+00,1930 Avenida Cesar Chavez Monterey Park 91754,682ECC1A-D5FB-4297-A901-A852F7BB4336_1930_Avenida_Cesar_Chavez_Monterey_Park_91754,Avenida Cesar Chavez,1930 Avenida Cesar Chavez Monterey Park 91754,,,,
12621,29762,,,,2034.0,,,,,,Vancouver,Avenue,,,,,,,,,,,,,91754.0,,Monterey Park,Monterey Park,,,,,Monterey Park,{E266B726-1980-46D2-B8EB-571EF57F6C26},0,,E266B726-1980-46D2-B8EB-571EF57F6C26,Unknown,,,,,Ave,Vancouver Ave,2016/05/13 16:53:26+00,2034 Vancouver Ave Monterey Park 91754,E266B726-1980-46D2-B8EB-571EF57F6C26_2034_Vancouver_Ave_Monterey_Park_91754,Vancouver,2034 Vancouver Avenue Ave Monterey Park 91754,,,,
12626,29888,,,,2406.0,,,,,,Gladmar,Street,,,,,,,,,,,,,91754.0,,Monterey Park,Monterey Park,,,,,Monterey Park,{A08479D7-C330-4F78-AD54-0E94B2D8803A},0,,A08479D7-C330-4F78-AD54-0E94B2D8803A,Unknown,,,,,St,Gladmar St,2016/05/14 12:30:49+00,2406 Gladmar St Monterey Park 91754,A08479D7-C330-4F78-AD54-0E94B2D8803A_2406_Gladmar_St_Monterey_Park_91754,Gladmar,2406 Gladmar Street St Monterey Park 91754,,,,
12627,29916,,,,2309.0,,,,,,Westcott,Avenue,,,,,,,,,,,,,91754.0,,Monterey Park,Monterey Park,,,,,Monterey Park,{C78A1B33-1A03-4F4C-8E46-EADABBA11218},0,,C78A1B33-1A03-4F4C-8E46-EADABBA11218,Unknown,,,,,Ave,Westcott Ave,2019/01/08 11:27:45+00,2309 Westcott Ave Monterey Park 91754,C78A1B33-1A03-4F4C-8E46-EADABBA11218_2309_Westcott_Ave_Monterey_Park_91754,Westcott,2309 Westcott Avenue Ave Monterey Park 91754,,,,
12628,29976,,,,2402.0,,,,,,Schoolside,Avenue,,,,,,,,,,,,,91754.0,,Monterey Park,Monterey Park,,,,,Monterey Park,{6A2A5DA8-9B77-48CB-A929-8036B40335E2},0,,6A2A5DA8-9B77-48CB-A929-8036B40335E2,Unknown,,,,,Ave,Schoolside Ave,2016/05/14 12:48:09+00,2402 Schoolside Ave Monterey Park 91754,6A2A5DA8-9B77-48CB-A929-8036B40335E2_2402_Schoolside_Ave_Monterey_Park_91754,Schoolside,2402 Schoolside Avenue Ave Monterey Park 91754,,,,
12631,29996,,,,2315.0,,,South,,,Roscommon,Avenue,,,,,,,,,,,,,91754.0,,Monterey Park,Monterey Park,,,,,Monterey Park,{1A189185-4808-4227-AF11-F90793895808},0,,1A189185-4808-4227-AF11-F90793895808,Unknown,,S,,,Ave,S Roscommon Ave,2016/05/14 13:26:54+00,2315 S Roscommon Ave Monterey Park 91754,1A189185-4808-4227-AF11-F90793895808_2315_S_Roscommon_Ave_Monterey_Park_91754,Roscommon,2315 S Roscommon Avenue Ave Monterey Park 91754,,,,
12639,30150,,,,2086.0,,,,,,Woods,Avenue,,,,,,,,,,,,,91754.0,,Monterey Park,Monterey Park,,,,,Monterey Park,{F4374EEB-D42D-42D9-B50B-350E30E174C2},0,,F4374EEB-D42D-42D9-B50B-350E30E174C2,Unknown,,,,,Ave,Woods Ave,2016/05/13 22:22:42+00,2086 Woods Ave Monterey Park 91754,F4374EEB-D42D-42D9-B50B-350E30E174C2_2086_Woods_Ave_Monterey_Park_91754,Woods,2086 Woods Avenue Ave Monterey Park 91754,,,,
12648,30264,,,,1271.0,,,,,,Dorner,Drive,,,,,,,,,,,,,91754.0,,Monterey Park,Monterey Park,,,,,Monterey Park,{B116B76B-BB6A-40E6-8571-F653CD12DE62},0,,B116B76B-BB6A-40E6-8571-F653CD12DE62,Unknown,,,,,Dr,Dorner Dr,2016/05/14 13:00:57+00,1271 Dorner Dr Monterey Park 91754,B116B76B-BB6A-40E6-8571-F653CD12DE62_1271_Dorner_Dr_Monterey_Park_91754,Dorner,1271 Dorner Drive Dr Monterey Park 91754,,,,
12656,30512,,,,2317.0,,,,,,Bleakwood,Avenue,,,,,,,,,,,,,91754.0,,Monterey Park,Monterey Park,,,,,Monterey Park,{BE3B9F10-91C4-486F-B28E-C0F46BEFBAD5},0,,BE3B9F10-91C4-486F-B28E-C0F46BEFBAD5,Unknown,,,,,Ave,Bleakwood Ave,2016/05/14 13:26:54+00,2317 Bleakwood Ave Monterey Park 91754,BE3B9F10-91C4-486F-B28E-C0F46BEFBAD5_2317_Bleakwood_Ave_Monterey_Park_91754,Bleakwood,2317 Bleakwood Avenue Ave Monterey Park 91754,,,,
12657,30641,,,,2085.0,,,,,,Bleakwood,Avenue,,,,,,,,,,,,,91754.0,,Monterey Park,Monterey Park,,,,,Monterey Park,{7BA800D4-84A1-449B-9572-71952616C55B},0,,7BA800D4-84A1-449B-9572-71952616C55B,Unknown,,,,,Ave,Bleakwood Ave,2016/05/13 16:37:09+00,2085 Bleakwood Ave Monterey Park 91754,7BA800D4-84A1-449B-9572-71952616C55B_2085_Bleakwood_Ave_Monterey_Park_91754,Bleakwood,2085 Bleakwood Avenue Ave Monterey Park 91754,,,,
12663,30729,,,,1239.0,,,,,,Dorner,Drive,,,,,,,,,,,,,91754.0,,Monterey Park,Monterey Park,,,,,Monterey Park,{F05D4832-336C-4886-9885-A185A5CB94D8},0,,F05D4832-336C-4886-9885-A185A5CB94D8,Unknown,,,,,Dr,Dorner Dr,2016/05/14 21:34:59+00,1239 Dorner Dr Monterey Park 91754,F05D4832-336C-4886-9885-A185A5CB94D8_1239_Dorner_Dr_Monterey_Park_91754,Dorner,1239 Dorner Drive Dr Monterey Park 91754,,,,
12672,30869,,,,2082.0,,,,,,Woods,Avenue,,,,,,,,,,,,,91754.0,,Monterey Park,Monterey Park,,,,,Monterey Park,{47E12050-7980-4A9A-B5B5-90CC0466CD72},0,,47E12050-7980-4A9A-B5B5-90CC0466CD72,Unknown,,,,,Ave,Woods Ave,2016/05/14 13:48:59+00,2082 Woods Ave Monterey Park 91754,47E12050-7980-4A9A-B5B5-90CC0466CD72_2082_Woods_Ave_Monterey_Park_91754,Woods,2082 Woods Avenue Ave Monterey Park 91754,,,,
12680,30958,,,,2417.0,,,,,,Schoolside,Avenue,,,,,,,,,,,,,91754.0,,Monterey Park,Monterey Park,,,,,Monterey Park,{DCFF8E21-4BCF-481D-BC17-F67C5A07749E},0,,DCFF8E21-4BCF-481D-BC17-F67C5A07749E,Unknown,,,,,Ave,Schoolside Ave,2016/05/13 15:57:00+00,2417 Schoolside Ave Monterey Park 91754,DCFF8E21-4BCF-481D-BC17-F67C5A07749E_2417_Schoolside_Ave_Monterey_Park_91754,Schoolside,2417 Schoolside Avenue Ave Monterey Park 91754,,,,
12682,31025,,,,2369.0,,,,,,Schoolside,Avenue,,,,,,,,,,,,,91754.0,,Monterey Park,Monterey Park,,,,,Monterey Park,{EFE0BA29-5DE0-47A1-A72C-DFFCD00706C2},0,,EFE0BA29-5DE0-47A1-A72C-DFFCD00706C2,Unknown,,,,,Ave,Schoolside Ave,2016/05/14 13:09:31+00,2369 Schoolside Ave Monterey Park 91754,EFE0BA29-5DE0-47A1-A72C-DFFCD00706C2_2369_Schoolside_Ave_Monterey_Park_91754,Schoolside,2369 Schoolside Avenue Ave Monterey Park 91754,,,,
12685,31086,,,,2002.0,,,,,,Vancouver,Avenue,,,,,,,,,,,,,91754.0,,Monterey Park,Monterey Park,,,,,Monterey Park,{EAC51B7C-4325-4C31-8857-3B50BEFD0A48},0,,EAC51B7C-4325-4C31-8857-3B50BEFD0A48,Unknown,,,,,Ave,Vancouver Ave,2016/05/14 14:28:39+00,2002 Vancouver Ave Monterey Park 91754,EAC51B7C-4325-4C31-8857-3B50BEFD0A48_2002_Vancouver_Ave_Monterey_Park_91754,Vancouver,2002 Vancouver Avenue Ave Monterey Park 91754,,,,
12689,31240,,,,2307.0,,,,,,Collegian,Avenue,,,,,,,,,,,,,91754.0,,Monterey Park,Monterey Park,,,,,Monterey Park,{ED745DBE-1D75-40F3-A2B2-3F21666C7D68},0,,ED745DBE-1D75-40F3-A2B2-3F21666C7D68,Unknown,,,,,Ave,Collegian Ave,2016/05/14 12:52:24+00,2307 Collegian Ave Monterey Park 91754,ED745DBE-1D75-40F3-A2B2-3F21666C7D68_2307_Collegian_Ave_Monterey_Park_91754,Collegian,2307 Collegian Avenue Ave Monterey Park 91754,,,,
12693,31297,,,,1224.0,,,,Avenida,,Cesar Chavez,,,,,,,,,,,,,,91754.0,,Monterey Park,Monterey Park,,,,,Monterey Park,{2C2E27D4-65A7-4C62-AC2E-6CFDE1654AA1},0,,2C2E27D4-65A7-4C62-AC2E-6CFDE1654AA1,Unknown,,,,Avenida,,Avenida Cesar Chavez,2018/06/11 17:00:12+00,1224 Avenida Cesar Chavez Monterey Park 91754,2C2E27D4-65A7-4C62-AC2E-6CFDE1654AA1_1224_Avenida_Cesar_Chavez_Monterey_Park_91754,Avenida Cesar Chavez,1224 Avenida Cesar Chavez Monterey Park 91754,,,,
12694,31328,,,,2425.0,,,,,,Schoolside,Avenue,,,,,,,,,,,,,91754.0,,Monterey Park,Monterey Park,,,,,Monterey Park,{A47C30C3-E9B5-4747-8319-9E1E1101B7F0},0,,A47C30C3-E9B5-4747-8319-9E1E1101B7F0,Unknown,,,,,Ave,Schoolside Ave,2016/05/14 12:48:09+00,2425 Schoolside Ave Monterey Park 91754,A47C30C3-E9B5-4747-8319-9E1E1101B7F0_2425_Schoolside_Ave_Monterey_Park_91754,Schoolside,2425 Schoolside Avenue Ave Monterey Park 91754,,,,
12715,31871,,,,1282.0,,,,,,1st,Street,,,,,,,,,,,,,91754.0,,Monterey Park,Monterey Park,,,,,Monterey Park,{DBC2BD74-F6D8-4DD2-A2D2-320B2077ECFC},0,,DBC2BD74-F6D8-4DD2-A2D2-320B2077ECFC,Unknown,,,,,St,1st St,2016/05/13 15:50:14+00,1282 1st St Monterey Park 91754,DBC2BD74-F6D8-4DD2-A2D2-320B2077ECFC_1282_1st_St_Monterey_Park_91754,1st,1282 1st Street St Monterey Park 91754,,,,
12728,32250,,,,1940.0,,,,Avenida,,Cesar Chavez,,,,,,,,,,,,,,91754.0,,Monterey Park,Monterey Park,,,,,Monterey Park,{CA5AD257-7640-4731-89E2-DDF954E56B47},0,,CA5AD257-7640-4731-89E2-DDF954E56B47,Unknown,,,,Avenida,,Avenida Cesar Chavez,2018/06/11 17:00:12+00,1940 Avenida Cesar Chavez Monterey Park 91754,CA5AD257-7640-4731-89E2-DDF954E56B47_1940_Avenida_Cesar_Chavez_Monterey_Park_91754,Avenida Cesar Chavez,1940 Avenida Cesar Chavez Monterey Park 91754,,,,
12736,32395,,,,1296.0,,,,Avenida,,Cesar Chavez,,,,,,,,,,,,,,91754.0,,Monterey Park,Monterey Park,,,,,Monterey Park,{1CB1FF38-6FE0-4421-AA62-6115CE67C549},0,,1CB1FF38-6FE0-4421-AA62-6115CE67C549,Unknown,,,,Avenida,,Avenida Cesar Chavez,2018/06/11 17:00:12+00,1296 Avenida Cesar Chavez Monterey Park 91754,1CB1FF38-6FE0-4421-AA62-6115CE67C549_1296_Avenida_Cesar_Chavez_Monterey_Park_91754,Avenida Cesar Chavez,1296 Avenida Cesar Chavez Monterey Park 91754,,,,
12739,32427,,,,2320.0,,,,,,Bleakwood,Avenue,,,,,,,,,,,,,91754.0,,Monterey Park,Monterey Park,,,,,Monterey Park,{5910DC31-2A14-4E0E-89BC-10ECE0CF718B},0,,5910DC31-2A14-4E0E-89BC-10ECE0CF718B,Unknown,,,,,Ave,Bleakwood Ave,2016/05/13 16:20:18+00,2320 Bleakwood Ave Monterey Park 91754,5910DC31-2A14-4E0E-89BC-10ECE0CF718B_2320_Bleakwood_Ave_Monterey_Park_91754,Bleakwood,2320 Bleakwood Avenue Ave Monterey Park 91754,,,,
12740,32561,,,,2362.0,,,,,,Schoolside,Avenue,,,,,,,,,,,,,91754.0,,Monterey Park,Monterey Park,,,,,Monterey Park,{DA0E0CA7-4BA9-49C3-B20E-AA571E8146F3},0,,DA0E0CA7-4BA9-49C3-B20E-AA571E8146F3,Unknown,,,,,Ave,Schoolside Ave,2016/05/14 13:00:57+00,2362 Schoolside Ave Monterey Park 91754,DA0E0CA7-4BA9-49C3-B20E-AA571E8146F3_2362_Schoolside_Ave_Monterey_Park_91754,Schoolside,2362 Schoolside Avenue Ave Monterey Park 91754,,,,
12741,32586,,,,2049.0,,,,,,Bleakwood,Avenue,,,,,,,,,,,,,91754.0,,Monterey Park,Monterey Park,,,,,Monterey Park,{33D88B5F-B2FE-4A62-B181-97AA2E8A4E03},0,,33D88B5F-B2FE-4A62-B181-97AA2E8A4E03,Unknown,,,,,Ave,Bleakwood Ave,2016/05/13 22:30:13+00,2049 Bleakwood Ave Monterey Park 91754,33D88B5F-B2FE-4A62-B181-97AA2E8A4E03_2049_Bleakwood_Ave_Monterey_Park_91754,Bleakwood,2049 Bleakwood Avenue Ave Monterey Park 91754,,,,
12744,32637,,,,2010.0,,,,,,Vancouver,Avenue,,,,,,,,,,,,,91754.0,,Monterey Park,Monterey Park,,,,,Monterey Park,{3E774B39-0335-4A81-B704-34C6CA0C7E67},0,,3E774B39-0335-4A81-B704-34C6CA0C7E67,Unknown,,,,,Ave,Vancouver Ave,2016/05/14 14:19:35+00,2010 Vancouver Ave Monterey Park 91754,3E774B39-0335-4A81-B704-34C6CA0C7E67_2010_Vancouver_Ave_Monterey_Park_91754,Vancouver,2010 Vancouver Avenue Ave Monterey Park 91754,,,,
12752,32825,,,,1258.0,,,,,,Dorner,Drive,,,,,,,,,,,,,91754.0,,Monterey Park,Monterey Park,,,,,Monterey Park,{F44E75DA-E630-40CC-BA4E-355B09104D66},0,,F44E75DA-E630-40CC-BA4E-355B09104D66,Unknown,,,,,Dr,Dorner Dr,2016/05/13 16:00:24+00,1258 Dorner Dr Monterey Park 91754,F44E75DA-E630-40CC-BA4E-355B09104D66_1258_Dorner_Dr_Monterey_Park_91754,Dorner,1258 Dorner Drive Dr Monterey Park 91754,,,,
12775,33287,,,,2006.0,,,,,,Vancouver,Avenue,,,,,,,,,,,,,91754.0,,Monterey Park,Monterey Park,,,,,Monterey Park,{B3BD0DC2-4F2D-4907-B20C-4A47F0E4E9CF},0,,B3BD0DC2-4F2D-4907-B20C-4A47F0E4E9CF,Unknown,,,,,Ave,Vancouver Ave,2016/05/13 17:03:20+00,2006 Vancouver Ave Monterey Park 91754,B3BD0DC2-4F2D-4907-B20C-4A47F0E4E9CF_2006_Vancouver_Ave_Monterey_Park_91754,Vancouver,2006 Vancouver Avenue Ave Monterey Park 91754,,,,
12779,33365,,,,1304.0,,,,Avenida,,Cesar Chavez,,,,,,,,,,,,,,91754.0,,Monterey Park,Monterey Park,,,,,Monterey Park,{0C4DA620-9B2F-4B28-B658-5A3B2B9B963C},0,,0C4DA620-9B2F-4B28-B658-5A3B2B9B963C,Unknown,,,,Avenida,,Avenida Cesar Chavez,2018/06/11 17:00:12+00,1304 Avenida Cesar Chavez Monterey Park 91754,0C4DA620-9B2F-4B28-B658-5A3B2B9B963C_1304_Avenida_Cesar_Chavez_Monterey_Park_91754,Avenida Cesar Chavez,1304 Avenida Cesar Chavez Monterey Park 91754,,,,
12791,33528,,,,1223.0,,,,,,Dorner,Drive,,,,,,,,,,,,,91754.0,,Monterey Park,Monterey Park,,,,,Monterey Park,{DF389F85-585D-43B5-B4AB-EF0F3B2DE916},0,,DF389F85-585D-43B5-B4AB-EF0F3B2DE916,Unknown,,,,,Dr,Dorner Dr,2016/05/13 22:03:47+00,1223 Dorner Dr Monterey Park 91754,DF389F85-585D-43B5-B4AB-EF0F3B2DE916_1223_Dorner_Dr_Monterey_Park_91754,Dorner,1223 Dorner Drive Dr Monterey Park 91754,,,,
12819,34299,,,,1331.0,,,,,,Dorner,Drive,,,,,,,,,,,,,91754.0,,Monterey Park,Monterey Park,,,,,Monterey Park,{5708BC0C-B415-430E-B95E-4AE828F489E5},0,,5708BC0C-B415-430E-B95E-4AE828F489E5,Unknown,,,,,Dr,Dorner Dr,2016/05/14 13:09:31+00,1331 Dorner Dr Monterey Park 91754,5708BC0C-B415-430E-B95E-4AE828F489E5_1331_Dorner_Dr_Monterey_Park_91754,Dorner,1331 Dorner Drive Dr Monterey Park 91754,,,,
12823,34399,,,,1234.0,,,,,,Dorner,Drive,,,,,,,,,,,,,91754.0,,Monterey Park,Monterey Park,,,,,Monterey Park,{607B6F50-4B58-4B50-A540-E02F26BA28BA},0,,607B6F50-4B58-4B50-A540-E02F26BA28BA,Unknown,,,,,Dr,Dorner Dr,2016/05/14 21:30:04+00,1234 Dorner Dr Monterey Park 91754,607B6F50-4B58-4B50-A540-E02F26BA28BA_1234_Dorner_Dr_Monterey_Park_91754,Dorner,1234 Dorner Drive Dr Monterey Park 91754,,,,
12838,34864,,,,2332.0,,,,,,Westcott,Avenue,,,,,,,,,,,,,91754.0,,Monterey Park,Monterey Park,,,,,Monterey Park,{FAFE2876-356C-431A-AA2A-9BFB2CA4C74D},0,,FAFE2876-356C-431A-AA2A-9BFB2CA4C74D,Unknown,,,,,Ave,Westcott Ave,2019/01/08 11:27:45+00,2332 Westcott Ave Monterey Park 91754,FAFE2876-356C-431A-AA2A-9BFB2CA4C74D_2332_Westcott_Ave_Monterey_Park_91754,Westcott,2332 Westcott Avenue Ave Monterey Park 91754,,,,
12851,35215,,,,1258.0,,,,,,1st,Street,,,,,,,,,,,,,91754.0,,Monterey Park,Monterey Park,,,,,Monterey Park,{A5483C1F-2E57-4083-BF89-BFFAEE683491},0,,A5483C1F-2E57-4083-BF89-BFFAEE683491,Unknown,,,,,St,1st St,2016/05/14 12:39:32+00,1258 1st St Monterey Park 91754,A5483C1F-2E57-4083-BF89-BFFAEE683491_1258_1st_St_Monterey_Park_91754,1st,1258 1st Street St Monterey Park 91754,,,,
12854,35296,,,,2450.0,,,,,,Sherbrook,Avenue,,,,,,,,,,,,,91754.0,,Monterey Park,Monterey Park,,,,,Monterey Park,{CB86BFB4-50F4-478D-9CE9-0E258AE9CF16},0,,CB86BFB4-50F4-478D-9CE9-0E258AE9CF16,Unknown,,,,,Ave,Sherbrook Ave,2016/05/14 21:20:16+00,2450 Sherbrook Ave Monterey Park 91754,CB86BFB4-50F4-478D-9CE9-0E258AE9CF16_2450_Sherbrook_Ave_Monterey_Park_91754,Sherbrook,2450 Sherbrook Avenue Ave Monterey Park 91754,,,,
12861,35442,,,,2338.0,,,,,,Schoolside,Avenue,,,,,,,,,,,,,91754.0,,Monterey Park,Monterey Park,,,,,Monterey Park,{43BD210F-313B-426F-9CD0-D1091C7460DE},0,,43BD210F-313B-426F-9CD0-D1091C7460DE,Unknown,,,,,Ave,Schoolside Ave,2016/05/14 13:05:12+00,2338 Schoolside Ave Monterey Park 91754,43BD210F-313B-426F-9CD0-D1091C7460DE_2338_Schoolside_Ave_Monterey_Park_91754,Schoolside,2338 Schoolside Avenue Ave Monterey Park 91754,,,,
12866,35515,,,,2336.0,,,,,,Westcott,Avenue,,,,,,,,,,,,,91754.0,,Monterey Park,Monterey Park,,,,,Monterey Park,{FA06E1F1-083C-4976-9A65-1D00C2F84925},0,,FA06E1F1-083C-4976-9A65-1D00C2F84925,Unknown,,,,,Ave,Westcott Ave,2019/01/08 11:27:45+00,2336 Westcott Ave Monterey Park 91754,FA06E1F1-083C-4976-9A65-1D00C2F84925_2336_Westcott_Ave_Monterey_Park_91754,Westcott,2336 Westcott Avenue Ave Monterey Park 91754,,,,
12879,35951,,,,2090.0,,,,,,Woods,Avenue,,,,,,,,,,,,,91754.0,,Monterey Park,Monterey Park,,,,,Monterey Park,{E080890C-688F-42CA-87DC-3906EA168DF6},0,,E080890C-688F-42CA-87DC-3906EA168DF6,Unknown,,,,,Ave,Woods Ave,2016/05/14 13:44:36+00,2090 Woods Ave Monterey Park 91754,E080890C-688F-42CA-87DC-3906EA168DF6_2090_Woods_Ave_Monterey_Park_91754,Woods,2090 Woods Avenue Ave Monterey Park 91754,,,,
12895,36410,,,,2345.0,,,,,,Schoolside,Avenue,,,,,,,,,,,,,91754.0,,Monterey Park,Monterey Park,,,,,Monterey Park,{62B185EB-CEA7-440C-8A09-F60C1CD75C63},0,,62B185EB-CEA7-440C-8A09-F60C1CD75C63,Unknown,,,,,Ave,Schoolside Ave,2016/05/13 22:11:15+00,2345 Schoolside Ave Monterey Park 91754,62B185EB-CEA7-440C-8A09-F60C1CD75C63_2345_Schoolside_Ave_Monterey_Park_91754,Schoolside,2345 Schoolside Avenue Ave Monterey Park 91754,,,,
12901,36592,,,,2330.0,,,,,,Schoolside,Avenue,,,,,,,,,,,,,91754.0,,Monterey Park,Monterey Park,,,,,Monterey Park,{C5676CFA-2F29-422D-A73C-EE66DFD43E8B},0,,C5676CFA-2F29-422D-A73C-EE66DFD43E8B,Unknown,,,,,Ave,Schoolside Ave,2016/05/13 16:13:34+00,2330 Schoolside Ave Monterey Park 91754,C5676CFA-2F29-422D-A73C-EE66DFD43E8B_2330_Schoolside_Ave_Monterey_Park_91754,Schoolside,2330 Schoolside Avenue Ave Monterey Park 91754,,,,
12909,36710,,,,2329.0,,,,,,Schoolside,Avenue,,,,,,,,,,,,,91754.0,,Monterey Park,Monterey Park,,,,,Monterey Park,{FDE28CD2-10EA-4345-A7AA-8FC8C6C11E7C},0,,FDE28CD2-10EA-4345-A7AA-8FC8C6C11E7C,Unknown,,,,,Ave,Schoolside Ave,2016/05/13 16:16:55+00,2329 Schoolside Ave Monterey Park 91754,FDE28CD2-10EA-4345-A7AA-8FC8C6C11E7C_2329_Schoolside_Ave_Monterey_Park_91754,Schoolside,2329 Schoolside Avenue Ave Monterey Park 91754,,,,
12923,37169,,,,2053.0,,,,,,Bleakwood,Avenue,,,,,,,,,,,,,91754.0,,Monterey Park,Monterey Park,,,,,Monterey Park,{F56578E3-3BDF-4F3A-876A-4720CBB9533E},0,,F56578E3-3BDF-4F3A-876A-4720CBB9533E,Unknown,,,,,Ave,Bleakwood Ave,2016/05/14 14:01:58+00,2053 Bleakwood Ave Monterey Park 91754,F56578E3-3BDF-4F3A-876A-4720CBB9533E_2053_Bleakwood_Ave_Monterey_Park_91754,Bleakwood,2053 Bleakwood Avenue Ave Monterey Park 91754,,,,
12927,37246,,,,2428.0,,,,,,Sherbrook,Avenue,,,,,,,,,,,,,91754.0,,Monterey Park,Monterey Park,,,,,Monterey Park,{C30D4CF3-FB97-4CEC-B089-8DE854CB4A65},0,,C30D4CF3-FB97-4CEC-B089-8DE854CB4A65,Unknown,,,,,Ave,Sherbrook Ave,2016/05/13 15:57:00+00,2428 Sherbrook Ave Monterey Park 91754,C30D4CF3-FB97-4CEC-B089-8DE854CB4A65_2428_Sherbrook_Ave_Monterey_Park_91754,Sherbrook,2428 Sherbrook Avenue Ave Monterey Park 91754,,,,
12934,37297,,,,2325.0,,,,,,Westcott,Avenue,,,,,,,,,,,,,91754.0,,Monterey Park,Monterey Park,,,,,Monterey Park,{23896B8B-70BB-4B52-AB2A-910AE3B1F57B},0,,23896B8B-70BB-4B52-AB2A-910AE3B1F57B,Unknown,,,,,Ave,Westcott Ave,2019/01/08 11:27:45+00,2325 Westcott Ave Monterey Park 91754,23896B8B-70BB-4B52-AB2A-910AE3B1F57B_2325_Westcott_Ave_Monterey_Park_91754,Westcott,2325 Westcott Avenue Ave Monterey Park 91754,,,,
12950,37829,,,,1339.0,,,,,,Dorner,Drive,,,,,,,,,,,,,91754.0,,Monterey Park,Monterey Park,,,,,Monterey Park,{378A74B5-3C1B-4818-BE7A-E4511E8C7FAC},0,,378A74B5-3C1B-4818-BE7A-E4511E8C7FAC,Unknown,,,,,Dr,Dorner Dr,2016/05/13 16:06:57+00,1339 Dorner Dr Monterey Park 91754,378A74B5-3C1B-4818-BE7A-E4511E8C7FAC_1339_Dorner_Dr_Monterey_Park_91754,Dorner,1339 Dorner Drive Dr Monterey Park 91754,,,,
12954,37964,,,,2022.0,,,,,,Vancouver,Avenue,,,,,,,,,,,,,91754.0,,Monterey Park,Monterey Park,,,,,Monterey Park,{E7FA10E1-2A45-4B68-AFA5-F14C99E034A8},0,,E7FA10E1-2A45-4B68-AFA5-F14C99E034A8,Unknown,,,,,Ave,Vancouver Ave,2016/05/14 14:15:08+00,2022 Vancouver Ave Monterey Park 91754,E7FA10E1-2A45-4B68-AFA5-F14C99E034A8_2022_Vancouver_Ave_Monterey_Park_91754,Vancouver,2022 Vancouver Avenue Ave Monterey Park 91754,,,,
12961,38075,,,,1330.0,,,,,,1st,Street,,,,,,,,,,,,,91754.0,,Monterey Park,Monterey Park,,,,,Monterey Park,{B9C9D2C1-A5CC-4314-B00A-167DD4C2B3D1},0,,B9C9D2C1-A5CC-4314-B00A-167DD4C2B3D1,Unknown,,,,,St,1st St,2016/05/14 12:35:10+00,1330 1st St Monterey Park 91754,B9C9D2C1-A5CC-4314-B00A-167DD4C2B3D1_1330_1st_St_Monterey_Park_91754,1st,1330 1st Street St Monterey Park 91754,,,,
12976,38302,,,,1266.0,,,,,,1st,Street,,,,,,,,,,,,,91754.0,,Monterey Park,Monterey Park,,,,,Monterey Park,{29DDD45C-0C35-44DF-9438-A15E24D256DE},0,,29DDD45C-0C35-44DF-9438-A15E24D256DE,Unknown,,,,,St,1st St,2016/05/14 21:25:10+00,1266 1st St Monterey Park 91754,29DDD45C-0C35-44DF-9438-A15E24D256DE_1266_1st_St_Monterey_Park_91754,1st,1266 1st Street St Monterey Park 91754,,,,
12994,38822,,,,1272.0,,,,Avenida,,Cesar Chavez,,,,,,,,,,,,,,91754.0,,Monterey Park,Monterey Park,,,,,Monterey Park,{D60546D9-8A25-4322-B19D-D7954CC22421},0,,D60546D9-8A25-4322-B19D-D7954CC22421,Unknown,,,,Avenida,,Avenida Cesar Chavez,2018/06/11 17:00:12+00,1272 Avenida Cesar Chavez Monterey Park 91754,D60546D9-8A25-4322-B19D-D7954CC22421_1272_Avenida_Cesar_Chavez_Monterey_Park_91754,Avenida Cesar Chavez,1272 Avenida Cesar Chavez Monterey Park 91754,,,,
13001,38968,,,,2322.0,,,South,,,Roscommon,Avenue,,,,,,,,,,,,,91754.0,,Monterey Park,Monterey Park,,,,,Monterey Park,{10B4DAFD-8FA8-4D62-87B7-92BBB381DA15},0,,10B4DAFD-8FA8-4D62-87B7-92BBB381DA15,Unknown,,S,,,Ave,S Roscommon Ave,2016/05/13 22:15:07+00,2322 S Roscommon Ave Monterey Park 91754,10B4DAFD-8FA8-4D62-87B7-92BBB381DA15_2322_S_Roscommon_Ave_Monterey_Park_91754,Roscommon,2322 S Roscommon Avenue Ave Monterey Park 91754,,,,
13002,39055,,,,2370.0,,,,,,Schoolside,Avenue,,,,,,,,,,,,,91754.0,,Monterey Park,Monterey Park,,,,,Monterey Park,{83C48294-D0D8-4CF1-8A0E-3D823465E2B7},0,,83C48294-D0D8-4CF1-8A0E-3D823465E2B7,Unknown,,,,,Ave,Schoolside Ave,2016/05/13 22:07:36+00,2370 Schoolside Ave Monterey Park 91754,83C48294-D0D8-4CF1-8A0E-3D823465E2B7_2370_Schoolside_Ave_Monterey_Park_91754,Schoolside,2370 Schoolside Avenue Ave Monterey Park 91754,,,,
13004,39084,,,,1290.0,,,,,,Dorner,Drive,,,,,,,,,,,,,91754.0,,Monterey Park,Monterey Park,,,,,Monterey Park,{E9ACDF0E-7CD4-475C-80DC-6151495E26EF},0,,E9ACDF0E-7CD4-475C-80DC-6151495E26EF,Unknown,,,,,Dr,Dorner Dr,2016/05/14 12:56:41+00,1290 Dorner Dr Monterey Park 91754,E9ACDF0E-7CD4-475C-80DC-6151495E26EF_1290_Dorner_Dr_Monterey_Park_91754,Dorner,1290 Dorner Drive Dr Monterey Park 91754,,,,
13006,39226,,,,2046.0,,,,,,Vancouver,Avenue,,,,,,,,,,,,,91754.0,,Monterey Park,Monterey Park,,,,,Monterey Park,{8B2F5D0C-1E7C-4EB7-9A16-45C0BB036FDC},0,,8B2F5D0C-1E7C-4EB7-9A16-45C0BB036FDC,Unknown,,,,,Ave,Vancouver Ave,2016/05/13 22:30:13+00,2046 Vancouver Ave Monterey Park 91754,8B2F5D0C-1E7C-4EB7-9A16-45C0BB036FDC_2046_Vancouver_Ave_Monterey_Park_91754,Vancouver,2046 Vancouver Avenue Ave Monterey Park 91754,,,,
13008,39322,,,,2353.0,,,,,,Schoolside,Avenue,,,,,,,,,,,,,91754.0,,Monterey Park,Monterey Park,,,,,Monterey Park,{D75D5DAE-D471-4A17-9867-C682C75ED838},0,,D75D5DAE-D471-4A17-9867-C682C75ED838,Unknown,,,,,Ave,Schoolside Ave,2016/05/14 13:13:46+00,2353 Schoolside Ave Monterey Park 91754,D75D5DAE-D471-4A17-9867-C682C75ED838_2353_Schoolside_Ave_Monterey_Park_91754,Schoolside,2353 Schoolside Avenue Ave Monterey Park 91754,,,,
13016,39478,,,,2305.0,,,,,,Schoolside,Avenue,,,,,,,,,,,,,91754.0,,Monterey Park,Monterey Park,,,,,Monterey Park,{A7165A0A-CCD5-44F0-B7F8-05DF63A10361},0,,A7165A0A-CCD5-44F0-B7F8-05DF63A10361,Unknown,,,,,Ave,Schoolside Ave,2016/05/13 16:20:18+00,2305 Schoolside Ave Monterey Park 91754,A7165A0A-CCD5-44F0-B7F8-05DF63A10361_2305_Schoolside_Ave_Monterey_Park_91754,Schoolside,2305 Schoolside Avenue Ave Monterey Park 91754,,,,
13026,39789,,,,1588.0,,,,,,Corporate Center,Drive,,,,,,,,,,,,,91754.0,,Monterey Park,Monterey Park,,,,,Monterey Park,{98AD1046-1DA3-4920-B862-96B0C6308007},0,,98AD1046-1DA3-4920-B862-96B0C6308007,Unknown,,,,,Dr,Corporate Center Dr,2016/05/13 22:52:59+00,1588 Corporate Center Dr Monterey Park 91754,98AD1046-1DA3-4920-B862-96B0C6308007_1588_Corporate_Center_Dr_Monterey_Park_91754,Corporate Center,1588 Corporate Center Drive Dr Monterey Park 91754,,,,
13027,39791,,,,1265.0,,,,,,1st,Street,,,,,,,,,,,,,91754.0,,Monterey Park,Monterey Park,,,,,Monterey Park,{B900291D-249E-40B0-B6B1-F99EC1591DF1},0,,B900291D-249E-40B0-B6B1-F99EC1591DF1,Unknown,,,,,St,1st St,2016/05/14 21:30:04+00,1265 1st St Monterey Park 91754,B900291D-249E-40B0-B6B1-F99EC1591DF1_1265_1st_St_Monterey_Park_91754,1st,1265 1st Street St Monterey Park 91754,,,,
13029,39807,,,,1273.0,,,,,,1st,Street,,,,,,,,,,,,,91754.0,,Monterey Park,Monterey Park,,,,,Monterey Park,{39AB57E8-0540-4A74-BCD5-868DA2DCBD79},0,,39AB57E8-0540-4A74-BCD5-868DA2DCBD79,Unknown,,,,,St,1st St,2016/05/14 12:48:09+00,1273 1st St Monterey Park 91754,39AB57E8-0540-4A74-BCD5-868DA2DCBD79_1273_1st_St_Monterey_Park_91754,1st,1273 1st Street St Monterey Park 91754,,,,
13040,40132,,,,1274.0,,,,,,1st,Street,,,,,,,,,,,,,91754.0,,Monterey Park,Monterey Park,,,,,Monterey Park,{0FB62B00-6773-4B7E-A3D6-C98B56BA405C},0,,0FB62B00-6773-4B7E-A3D6-C98B56BA405C,Unknown,,,,,St,1st St,2016/05/14 21:25:10+00,1274 1st St Monterey Park 91754,0FB62B00-6773-4B7E-A3D6-C98B56BA405C_1274_1st_St_Monterey_Park_91754,1st,1274 1st Street St Monterey Park 91754,,,,
13046,40439,,,,2405.0,,,,,,Gladmar,Street,,,,,,,,,,,,,91754.0,,Monterey Park,Monterey Park,,,,,Monterey Park,{0657850C-7F59-4738-B61F-815B674295E8},0,,0657850C-7F59-4738-B61F-815B674295E8,Unknown,,,,,St,Gladmar St,2016/05/13 15:46:42+00,2405 Gladmar St Monterey Park 91754,0657850C-7F59-4738-B61F-815B674295E8_2405_Gladmar_St_Monterey_Park_91754,Gladmar,2405 Gladmar Street St Monterey Park 91754,,,,
13052,40601,,,,1344.0,,,,Avenida,,Cesar Chavez,,,,,,,,,,,,,,91754.0,,Monterey Park,Monterey Park,,,,,Monterey Park,{31EAB688-4BB7-4402-A5B9-BF9670A427B4},0,,31EAB688-4BB7-4402-A5B9-BF9670A427B4,Unknown,,,,Avenida,,Avenida Cesar Chavez,2018/06/11 17:00:12+00,1344 Avenida Cesar Chavez Monterey Park 91754,31EAB688-4BB7-4402-A5B9-BF9670A427B4_1344_Avenida_Cesar_Chavez_Monterey_Park_91754,Avenida Cesar Chavez,1344 Avenida Cesar Chavez Monterey Park 91754,,,,
13073,41129,,,,1263.0,,,,,,Dorner,Drive,,,,,,,,,,,,,91754.0,,Monterey Park,Monterey Park,,,,,Monterey Park,{9BB8B9C1-D5E1-4606-8F1F-029A13ACB7CE},0,,9BB8B9C1-D5E1-4606-8F1F-029A13ACB7CE,Unknown,,,,,Dr,Dorner Dr,2016/05/13 22:07:36+00,1263 Dorner Dr Monterey Park 91754,9BB8B9C1-D5E1-4606-8F1F-029A13ACB7CE_1263_Dorner_Dr_Monterey_Park_91754,Dorner,1263 Dorner Drive Dr Monterey Park 91754,,,,
13088,41425,,,,2045.0,,,,,,Woods,Avenue,,,,,,,,,,,,,91754.0,,Monterey Park,Monterey Park,,,,,Monterey Park,{279D64D3-4A7F-42D1-97CB-375F795FA5DF},0,,279D64D3-4A7F-42D1-97CB-375F795FA5DF,Unknown,,,,,Ave,Woods Ave,2016/05/13 22:30:13+00,2045 Woods Ave Monterey Park 91754,279D64D3-4A7F-42D1-97CB-375F795FA5DF_2045_Woods_Ave_Monterey_Park_91754,Woods,2045 Woods Avenue Ave Monterey Park 91754,,,,
13095,41554,,,,2436.0,,,,,,Sherbrook,Avenue,,,,,,,,,,,,,91754.0,,Monterey Park,Monterey Park,,,,,Monterey Park,{CAA5FE57-B539-415A-8C9C-6EB7E02FB3F8},0,,CAA5FE57-B539-415A-8C9C-6EB7E02FB3F8,Unknown,,,,,Ave,Sherbrook Ave,2016/05/14 12:43:48+00,2436 Sherbrook Ave Monterey Park 91754,CAA5FE57-B539-415A-8C9C-6EB7E02FB3F8_2436_Sherbrook_Ave_Monterey_Park_91754,Sherbrook,2436 Sherbrook Avenue Ave Monterey Park 91754,,,,
13096,41568,,,,2054.0,,,,,,Woods,Avenue,,,,,,,,,,,,,91754.0,,Monterey Park,Monterey Park,,,,,Monterey Park,{94A1E45D-E624-472D-BF2E-46BBEA9F609F},0,,94A1E45D-E624-472D-BF2E-46BBEA9F609F,Unknown,,,,,Ave,Woods Ave,2016/05/14 22:08:51+00,2054 Woods Ave Monterey Park 91754,94A1E45D-E624-472D-BF2E-46BBEA9F609F_2054_Woods_Ave_Monterey_Park_91754,Woods,2054 Woods Avenue Ave Monterey Park 91754,,,,
13097,41653,,,,1411.0,,,,,,1st,Street,,,,,,,,,,,,,91754.0,,Monterey Park,Monterey Park,,,,,Monterey Park,{3A3ACD40-E7CA-4167-B467-8BF43173534B},0,,3A3ACD40-E7CA-4167-B467-8BF43173534B,Unknown,,,,,St,1st St,2016/05/13 15:53:37+00,1411 1st St Monterey Park 91754,3A3ACD40-E7CA-4167-B467-8BF43173534B_1411_1st_St_Monterey_Park_91754,1st,1411 1st Street St Monterey Park 91754,,,,
13099,41725,,,,1909.0,,,,,,Dorner,Drive,,,,,,,,,,,,,91754.0,,Monterey Park,Monterey Park,,,,,Monterey Park,{6EF3CD02-AFEE-427F-8BB7-E70036A07FEC},0,,6EF3CD02-AFEE-427F-8BB7-E70036A07FEC,Unknown,,,,,Dr,Dorner Dr,2016/05/14 13:22:37+00,1909 Dorner Dr Monterey Park 91754,6EF3CD02-AFEE-427F-8BB7-E70036A07FEC_1909_Dorner_Dr_Monterey_Park_91754,Dorner,1909 Dorner Drive Dr Monterey Park 91754,,,,
13103,41764,,,,2345.0,,,South,,,Atlantic,Boulevard,,,,,,,,,,,,,91754.0,,Monterey Park,Monterey Park,,,,,Monterey Park,{21B9B7E1-BA2C-4552-92D6-C84A9239E4BE},0,,21B9B7E1-BA2C-4552-92D6-C84A9239E4BE,Unknown,,S,,,Blvd,S Atlantic Blvd,2016/05/15 03:38:55+00,2345 S Atlantic Blvd Monterey Park 91754,21B9B7E1-BA2C-4552-92D6-C84A9239E4BE_2345_S_Atlantic_Blvd_Monterey_Park_91754,Atlantic,2345 S Atlantic Boulevard Blvd Monterey Park 91754,,,,
13104,41806,,,,1601.0,,,,,,Corporate Center,Drive,,,,,,,,,,,,,91754.0,,Monterey Park,Monterey Park,,,,,Monterey Park,{3BF8DB1A-4270-4E40-9891-F09D1B98225F},0,,3BF8DB1A-4270-4E40-9891-F09D1B98225F,Unknown,,,,,Dr,Corporate Center Dr,2016/05/14 14:37:36+00,1601 Corporate Center Dr Monterey Park 91754,3BF8DB1A-4270-4E40-9891-F09D1B98225F_1601_Corporate_Center_Dr_Monterey_Park_91754,Corporate Center,1601 Corporate Center Drive Dr Monterey Park 91754,,,,
13110,41970,,,,2037.0,,,,,,Woods,Avenue,,,,,,,,,,,,,91754.0,,Monterey Park,Monterey Park,,,,,Monterey Park,{A138DDA4-8898-4A1B-B461-171744D47B27},0,,A138DDA4-8898-4A1B-B461-171744D47B27,Unknown,,,,,Ave,Woods Ave,2016/05/14 14:06:21+00,2037 Woods Ave Monterey Park 91754,A138DDA4-8898-4A1B-B461-171744D47B27_2037_Woods_Ave_Monterey_Park_91754,Woods,2037 Woods Avenue Ave Monterey Park 91754,,,,
13112,41999,,,,1303.0,,,,,,Dorner,Drive,,,,,,,,,,,,,91754.0,,Monterey Park,Monterey Park,,,,,Monterey Park,{42561587-7903-4919-84E3-6549C1062BDC},0,,42561587-7903-4919-84E3-6549C1062BDC,Unknown,,,,,Dr,Dorner Dr,2016/05/13 16:10:14+00,1303 Dorner Dr Monterey Park 91754,42561587-7903-4919-84E3-6549C1062BDC_1303_Dorner_Dr_Monterey_Park_91754,Dorner,1303 Dorner Drive Dr Monterey Park 91754,,,,
13116,42067,,,,2418.0,,,,,,Gladmar,Street,,,,,,,,,,,,,91754.0,,Monterey Park,Monterey Park,,,,,Monterey Park,{6AE6AE80-8598-4446-8E4F-6DF3E9E765F0},0,,6AE6AE80-8598-4446-8E4F-6DF3E9E765F0,Unknown,,,,,St,Gladmar St,2016/05/13 21:52:12+00,2418 Gladmar St Monterey Park 91754,6AE6AE80-8598-4446-8E4F-6DF3E9E765F0_2418_Gladmar_St_Monterey_Park_91754,Gladmar,2418 Gladmar Street St Monterey Park 91754,,,,
13119,42128,,,,1226.0,,,,,,Dorner,Drive,,,,,,,,,,,,,91754.0,,Monterey Park,Monterey Park,,,,,Monterey Park,{F0509C36-F287-4633-9B3E-26540A459EF4},0,,F0509C36-F287-4633-9B3E-26540A459EF4,Unknown,,,,,Dr,Dorner Dr,2016/05/14 12:43:48+00,1226 Dorner Dr Monterey Park 91754,F0509C36-F287-4633-9B3E-26540A459EF4_1226_Dorner_Dr_Monterey_Park_91754,Dorner,1226 Dorner Drive Dr Monterey Park 91754,,,,
13133,42477,,,,1250.0,,,,,,Dorner,Drive,,,,,,,,,,,,,91754.0,,Monterey Park,Monterey Park,,,,,Monterey Park,{536ADAB9-5418-4AAC-8766-B5B75F0339C3},0,,536ADAB9-5418-4AAC-8766-B5B75F0339C3,Unknown,,,,,Dr,Dorner Dr,2016/05/13 22:03:47+00,1250 Dorner Dr Monterey Park 91754,536ADAB9-5418-4AAC-8766-B5B75F0339C3_1250_Dorner_Dr_Monterey_Park_91754,Dorner,1250 Dorner Drive Dr Monterey Park 91754,,,,
13143,42671,,,,2314.0,,,,,,Schoolside,Avenue,,,,,,,,,,,,,91754.0,,Monterey Park,Monterey Park,,,,,Monterey Park,{E862C02E-C69A-433F-ACE5-2B27D3036151},0,,E862C02E-C69A-433F-ACE5-2B27D3036151,Unknown,,,,,Ave,Schoolside Ave,2016/05/13 16:16:55+00,2314 Schoolside Ave Monterey Park 91754,E862C02E-C69A-433F-ACE5-2B27D3036151_2314_Schoolside_Ave_Monterey_Park_91754,Schoolside,2314 Schoolside Avenue Ave Monterey Park 91754,,,,
13144,42691,,,,1328.0,,,,Avenida,,Cesar Chavez,,,,,,,,,,,,,,91754.0,,Monterey Park,Monterey Park,,,,,Monterey Park,{57A073FC-F974-4240-BE2E-AB9BE5EF54CD},0,,57A073FC-F974-4240-BE2E-AB9BE5EF54CD,Unknown,,,,Avenida,,Avenida Cesar Chavez,2018/06/11 17:00:12+00,1328 Avenida Cesar Chavez Monterey Park 91754,57A073FC-F974-4240-BE2E-AB9BE5EF54CD_1328_Avenida_Cesar_Chavez_Monterey_Park_91754,Avenida Cesar Chavez,1328 Avenida Cesar Chavez Monterey Park 91754,,,,
13148,42790,,,,2420.0,,,,,,Sherbrook,Avenue,,,,,,,,,,,,,91754.0,,Monterey Park,Monterey Park,,,,,Monterey Park,{9CE521C8-543B-42F7-A6F0-36111CF88EB2},0,,9CE521C8-543B-42F7-A6F0-36111CF88EB2,Unknown,,,,,Ave,Sherbrook Ave,2016/05/14 12:52:24+00,2420 Sherbrook Ave Monterey Park 91754,9CE521C8-543B-42F7-A6F0-36111CF88EB2_2420_Sherbrook_Ave_Monterey_Park_91754,Sherbrook,2420 Sherbrook Avenue Ave Monterey Park 91754,,,,
13149,42811,,,,2385.0,,,,,,Gladmar,Street,,,,,,,,,,,,,91754.0,,Monterey Park,Monterey Park,,,,,Monterey Park,{2A21E31C-059D-41DA-9285-068E7089BEA4},0,,2A21E31C-059D-41DA-9285-068E7089BEA4,Unknown,,,,,St,Gladmar St,2016/05/13 21:56:06+00,2385 Gladmar St Monterey Park 91754,2A21E31C-059D-41DA-9285-068E7089BEA4_2385_Gladmar_St_Monterey_Park_91754,Gladmar,2385 Gladmar Street St Monterey Park 91754,,,,
13171,43413,,,,2320.0,,,,,,Westcott,Avenue,,,,,,,,,,,,,91754.0,,Monterey Park,Monterey Park,,,,,Monterey Park,{15004C40-8973-458B-9AD9-896D0EAF13D7},0,,15004C40-8973-458B-9AD9-896D0EAF13D7,Unknown,,,,,Ave,Westcott Ave,2019/01/08 11:27:45+00,2320 Westcott Ave Monterey Park 91754,15004C40-8973-458B-9AD9-896D0EAF13D7_2320_Westcott_Ave_Monterey_Park_91754,Westcott,2320 Westcott Avenue Ave Monterey Park 91754,,,,
13180,43642,,,,2429.0,,,,,,Gladmar,Street,,,,,,,,,,,,,91754.0,,Monterey Park,Monterey Park,,,,,Monterey Park,{1929DF72-9D61-4638-845C-FB1F43156D5A},0,,1929DF72-9D61-4638-845C-FB1F43156D5A,Unknown,,,,,St,Gladmar St,2016/05/14 21:20:16+00,2429 Gladmar St Monterey Park 91754,1929DF72-9D61-4638-845C-FB1F43156D5A_2429_Gladmar_St_Monterey_Park_91754,Gladmar,2429 Gladmar Street St Monterey Park 91754,,,,
13192,43969,,,,2301.0,,,South,,,Atlantic,Boulevard,,,,,,,,,,,,,91754.0,,Monterey Park,Monterey Park,,,,,Monterey Park,{777DFF8E-BB10-4724-A956-97DFD7B749CB},0,,777DFF8E-BB10-4724-A956-97DFD7B749CB,Unknown,,S,,,Blvd,S Atlantic Blvd,2016/05/13 15:50:14+00,2301 S Atlantic Blvd Monterey Park 91754,777DFF8E-BB10-4724-A956-97DFD7B749CB_2301_S_Atlantic_Blvd_Monterey_Park_91754,Atlantic,2301 S Atlantic Boulevard Blvd Monterey Park 91754,,,,
13210,44450,,,,2346.0,,,,,,Schoolside,Avenue,,,,,,,,,,,,,91754.0,,Monterey Park,Monterey Park,,,,,Monterey Park,{B2F7BE58-A655-48FB-875F-E9E0CAEF34C8},0,,B2F7BE58-A655-48FB-875F-E9E0CAEF34C8,Unknown,,,,,Ave,Schoolside Ave,2016/05/13 16:10:14+00,2346 Schoolside Ave Monterey Park 91754,B2F7BE58-A655-48FB-875F-E9E0CAEF34C8_2346_Schoolside_Ave_Monterey_Park_91754,Schoolside,2346 Schoolside Avenue Ave Monterey Park 91754,,,,
13218,44735,,,,2093.0,,,,,,Bleakwood,Avenue,,,,,,,,,,,,,91754.0,,Monterey Park,Monterey Park,,,,,Monterey Park,{648AF327-5B85-4705-B360-89F20AC46CC9},0,,648AF327-5B85-4705-B360-89F20AC46CC9,Unknown,,,,,Ave,Bleakwood Ave,2016/05/14 13:40:12+00,2093 Bleakwood Ave Monterey Park 91754,648AF327-5B85-4705-B360-89F20AC46CC9_2093_Bleakwood_Ave_Monterey_Park_91754,Bleakwood,2093 Bleakwood Avenue Ave Monterey Park 91754,,,,
13220,44779,,,,2323.0,,,South,,,Roscommon,Avenue,,,,,,,,,,,,,91754.0,,Monterey Park,Monterey Park,,,,,Monterey Park,{F39F93CB-30F5-48F4-9021-AB2344042334},0,,F39F93CB-30F5-48F4-9021-AB2344042334,Unknown,,S,,,Ave,S Roscommon Ave,2016/05/14 13:22:37+00,2323 S Roscommon Ave Monterey Park 91754,F39F93CB-30F5-48F4-9021-AB2344042334_2323_S_Roscommon_Ave_Monterey_Park_91754,Roscommon,2323 S Roscommon Avenue Ave Monterey Park 91754,,,,
13223,44907,,,,2432.0,,,,,,Sherbrook,Avenue,,,,,,,,,,,,,91754.0,,Monterey Park,Monterey Park,,,,,Monterey Park,{5C0E9793-9745-47EB-ABEC-0D0CF11208B4},0,,5C0E9793-9745-47EB-ABEC-0D0CF11208B4,Unknown,,,,,Ave,Sherbrook Ave,2016/05/13 21:59:50+00,2432 Sherbrook Ave Monterey Park 91754,5C0E9793-9745-47EB-ABEC-0D0CF11208B4_2432_Sherbrook_Ave_Monterey_Park_91754,Sherbrook,2432 Sherbrook Avenue Ave Monterey Park 91754,,,,
13227,44989,,,,1218.0,,,,,,Dorner,Drive,,,,,,,,,,,,,91754.0,,Monterey Park,Monterey Park,,,,,Monterey Park,{9DA83D49-C6C0-4513-8E01-9B232CD8A6AA},0,,9DA83D49-C6C0-4513-8E01-9B232CD8A6AA,Unknown,,,,,Dr,Dorner Dr,2016/05/13 21:59:50+00,1218 Dorner Dr Monterey Park 91754,9DA83D49-C6C0-4513-8E01-9B232CD8A6AA_1218_Dorner_Dr_Monterey_Park_91754,Dorner,1218 Dorner Drive Dr Monterey Park 91754,,,,
13229,45033,,,,2414.0,,,,,,Gladmar,Street,,,,,,,,,,,,,91754.0,,Monterey Park,Monterey Park,,,,,Monterey Park,{97D71927-DA9E-467A-9AC1-0912ED40421E},0,,97D71927-DA9E-467A-9AC1-0912ED40421E,Unknown,,,,,St,Gladmar St,2016/05/14 12:26:28+00,2414 Gladmar St Monterey Park 91754,97D71927-DA9E-467A-9AC1-0912ED40421E_2414_Gladmar_St_Monterey_Park_91754,Gladmar,2414 Gladmar Street St Monterey Park 91754,,,,
13236,45197,,,,1249.0,,,,,,1st,Street,,,,,,,,,,,,,91754.0,,Monterey Park,Monterey Park,,,,,Monterey Park,{F714689A-3477-4295-BCC0-EBE31019A68C},0,,F714689A-3477-4295-BCC0-EBE31019A68C,Unknown,,,,,St,1st St,2016/05/13 21:59:50+00,1249 1st St Monterey Park 91754,F714689A-3477-4295-BCC0-EBE31019A68C_1249_1st_St_Monterey_Park_91754,1st,1249 1st Street St Monterey Park 91754,,,,
13240,45428,,,,2525.0,,,,,,Corporate,Place,,,,,,,,,,,,,91754.0,,Monterey Park,Monterey Park,,,,,Monterey Park,{284274CF-B024-43FB-A8EC-AD8BB2117808},0,,284274CF-B024-43FB-A8EC-AD8BB2117808,Unknown,,,,,Pl,Corporate Pl,2016/05/13 23:03:52+00,2525 Corporate Pl Monterey Park 91754,284274CF-B024-43FB-A8EC-AD8BB2117808_2525_Corporate_Pl_Monterey_Park_91754,Corporate,2525 Corporate Place Pl Monterey Park 91754,,,,
13245,45697,,,,1950.0,,,,Avenida,,Cesar Chavez,,,,,,,,,,,,,,91754.0,,Monterey Park,Monterey Park,,,,,Monterey Park,{1BFF191C-2A19-4AD3-90FE-FE557F87DE7A},0,,1BFF191C-2A19-4AD3-90FE-FE557F87DE7A,Unknown,,,,Avenida,,Avenida Cesar Chavez,2018/06/11 17:00:12+00,1950 Avenida Cesar Chavez Monterey Park 91754,1BFF191C-2A19-4AD3-90FE-FE557F87DE7A_1950_Avenida_Cesar_Chavez_Monterey_Park_91754,Avenida Cesar Chavez,1950 Avenida Cesar Chavez Monterey Park 91754,,,,
13263,46101,,,,1371.0,,,,,,Dorner,Drive,,,,,,,,,,,,,91754.0,,Monterey Park,Monterey Park,,,,,Monterey Park,{E745BFC8-ED48-48E9-A549-8EF52141740D},0,,E745BFC8-ED48-48E9-A549-8EF52141740D,Unknown,,,,,Dr,Dorner Dr,2016/05/14 12:52:24+00,1371 Dorner Dr Monterey Park 91754,E745BFC8-ED48-48E9-A549-8EF52141740D_1371_Dorner_Dr_Monterey_Park_91754,Dorner,1371 Dorner Drive Dr Monterey Park 91754,,,,
13268,46298,,,,2325.0,,,South,,,Atlantic,Boulevard,,,,,,,,,,,,,91754.0,,Monterey Park,Monterey Park,,,,,Monterey Park,{C7181147-339A-42A6-BB6B-B04EA484801B},0,,C7181147-339A-42A6-BB6B-B04EA484801B,Unknown,,S,,,Blvd,S Atlantic Blvd,2016/05/13 15:46:42+00,2325 S Atlantic Blvd Monterey Park 91754,C7181147-339A-42A6-BB6B-B04EA484801B_2325_S_Atlantic_Blvd_Monterey_Park_91754,Atlantic,2325 S Atlantic Boulevard Blvd Monterey Park 91754,,,,
13278,46446,,,,1949.0,,,,,,Dorner,Drive,,,,,,,,,,,,,91754.0,,Monterey Park,Monterey Park,,,,,Monterey Park,{887F5F20-BF38-4C9E-ABDA-B833C893A90F},0,,887F5F20-BF38-4C9E-ABDA-B833C893A90F,Unknown,,,,,Dr,Dorner Dr,2016/05/13 16:23:41+00,1949 Dorner Dr Monterey Park 91754,887F5F20-BF38-4C9E-ABDA-B833C893A90F_1949_Dorner_Dr_Monterey_Park_91754,Dorner,1949 Dorner Drive Dr Monterey Park 91754,,,,
13279,46450,,,,2314.0,,,South,,,Roscommon,Avenue,,,,,,,,,,,,,91754.0,,Monterey Park,Monterey Park,,,,,Monterey Park,{39958FF4-EA5F-4AB4-BFB6-E5D3A3688B9F},0,,39958FF4-EA5F-4AB4-BFB6-E5D3A3688B9F,Unknown,,S,,,Ave,S Roscommon Ave,2016/05/14 21:54:05+00,2314 S Roscommon Ave Monterey Park 91754,39958FF4-EA5F-4AB4-BFB6-E5D3A3688B9F_2314_S_Roscommon_Ave_Monterey_Park_91754,Roscommon,2314 S Roscommon Avenue Ave Monterey Park 91754,,,,
13289,46640,,,,1305.0,,,,,,1st,Street,,,,,,,,,,,,,91754.0,,Monterey Park,Monterey Park,,,,,Monterey Park,{20C5CE70-0EB8-4462-B51B-52667D7657D8},0,,20C5CE70-0EB8-4462-B51B-52667D7657D8,Unknown,,,,,St,1st St,2016/05/14 21:34:59+00,1305 1st St Monterey Park 91754,20C5CE70-0EB8-4462-B51B-52667D7657D8_1305_1st_St_Monterey_Park_91754,1st,1305 1st Street St Monterey Park 91754,,,,
13305,46965,,,,1266.0,,,,,,Dorner,Drive,,,,,,,,,,,,,91754.0,,Monterey Park,Monterey Park,,,,,Monterey Park,{763F69E7-F0E4-4EFC-A4D4-4FFADB8D35A8},0,,763F69E7-F0E4-4EFC-A4D4-4FFADB8D35A8,Unknown,,,,,Dr,Dorner Dr,2016/05/14 12:52:24+00,1266 Dorner Dr Monterey Park 91754,763F69E7-F0E4-4EFC-A4D4-4FFADB8D35A8_1266_Dorner_Dr_Monterey_Park_91754,Dorner,1266 Dorner Drive Dr Monterey Park 91754,,,,
13309,47099,,,,2333.0,,,,,,Westcott,Avenue,,,,,,,,,,,,,91754.0,,Monterey Park,Monterey Park,,,,,Monterey Park,{AAD3E1ED-17B7-480E-8D35-E4C43DA98CDC},0,,AAD3E1ED-17B7-480E-8D35-E4C43DA98CDC,Unknown,,,,,Ave,Westcott Ave,2019/01/08 11:27:45+00,2333 Westcott Ave Monterey Park 91754,AAD3E1ED-17B7-480E-8D35-E4C43DA98CDC_2333_Westcott_Ave_Monterey_Park_91754,Westcott,2333 Westcott Avenue Ave Monterey Park 91754,,,,
13311,47132,,,,2001.0,,,,,,Woods,Avenue,,,,,,,,,,,,,91754.0,,Monterey Park,Monterey Park,,,,,Monterey Park,{0623477D-9CB6-4EAC-B552-E800B731AE5A},0,,0623477D-9CB6-4EAC-B552-E800B731AE5A,Unknown,,,,,Ave,Woods Ave,2016/05/14 14:28:39+00,2001 Woods Ave Monterey Park 91754,0623477D-9CB6-4EAC-B552-E800B731AE5A_2001_Woods_Ave_Monterey_Park_91754,Woods,2001 Woods Avenue Ave Monterey Park 91754,,,,
13317,47293,,,,1242.0,,,,,,1st,Street,,,,,,,,,,,,,91754.0,,Monterey Park,Monterey Park,,,,,Monterey Park,{430B72CF-3CE4-4E52-83A4-21B7C86B22DF},0,,430B72CF-3CE4-4E52-83A4-21B7C86B22DF,Unknown,,,,,St,1st St,2016/05/13 21:56:06+00,1242 1st St Monterey Park 91754,430B72CF-3CE4-4E52-83A4-21B7C86B22DF_1242_1st_St_Monterey_Park_91754,1st,1242 1st Street St Monterey Park 91754,,,,
13318,47320,,,,1281.0,,,,,,1st,Street,,,,,,,,,,,,,91754.0,,Monterey Park,Monterey Park,,,,,Monterey Park,{9B141489-9667-48CB-AA12-6A7CCDF2E7DF},0,,9B141489-9667-48CB-AA12-6A7CCDF2E7DF,Unknown,,,,,St,1st St,2016/05/13 15:57:00+00,1281 1st St Monterey Park 91754,9B141489-9667-48CB-AA12-6A7CCDF2E7DF_1281_1st_St_Monterey_Park_91754,1st,1281 1st Street St Monterey Park 91754,,,,
13319,47374,,,,2062.0,,,,,,Woods,Avenue,,,,,,,,,,,,,91754.0,,Monterey Park,Monterey Park,,,,,Monterey Park,{34375DC1-FA15-4E3C-AF7B-345EC007A9BF},0,,34375DC1-FA15-4E3C-AF7B-345EC007A9BF,Unknown,,,,,Ave,Woods Ave,2016/05/14 13:57:40+00,2062 Woods Ave Monterey Park 91754,34375DC1-FA15-4E3C-AF7B-345EC007A9BF_2062_Woods_Ave_Monterey_Park_91754,Woods,2062 Woods Avenue Ave Monterey Park 91754,,,,
13331,47725,,,,2017.0,,,,,,Woods,Avenue,,,,,,,,,,,,,91754.0,,Monterey Park,Monterey Park,,,,,Monterey Park,{15C60F44-F471-404F-AE25-D96091A97717},0,,15C60F44-F471-404F-AE25-D96091A97717,Unknown,,,,,Ave,Woods Ave,2016/05/14 22:23:31+00,2017 Woods Ave Monterey Park 91754,15C60F44-F471-404F-AE25-D96091A97717_2017_Woods_Ave_Monterey_Park_91754,Woods,2017 Woods Avenue Ave Monterey Park 91754,,,,
13334,47753,,,,2013.0,,,,,,Woods,Avenue,,,,,,,,,,,,,91754.0,,Monterey Park,Monterey Park,,,,,Monterey Park,{88DE91D6-F593-4DAA-A649-4FB00055955E},0,,88DE91D6-F593-4DAA-A649-4FB00055955E,Unknown,,,,,Ave,Woods Ave,2016/05/14 14:19:35+00,2013 Woods Ave Monterey Park 91754,88DE91D6-F593-4DAA-A649-4FB00055955E_2013_Woods_Ave_Monterey_Park_91754,Woods,2013 Woods Avenue Ave Monterey Park 91754,,,,
13337,47871,,,,1233.0,,,,,,1st,Street,,,,,,,,,,,,,91754.0,,Monterey Park,Monterey Park,,,,,Monterey Park,{30C78BF2-C65B-4EB6-A724-D24404085E9F},0,,30C78BF2-C65B-4EB6-A724-D24404085E9F,Unknown,,,,,St,1st St,2016/05/14 21:30:04+00,1233 1st St Monterey Park 91754,30C78BF2-C65B-4EB6-A724-D24404085E9F_1233_1st_St_Monterey_Park_91754,1st,1233 1st Street St Monterey Park 91754,,,,
13345,48046,,,,2394.0,,,,,,Schoolside,Avenue,,,,,,,,,,,,,91754.0,,Monterey Park,Monterey Park,,,,,Monterey Park,{DBAEE48B-36DC-4628-BF66-80676AEADF08},0,,DBAEE48B-36DC-4628-BF66-80676AEADF08,Unknown,,,,,Ave,Schoolside Ave,2016/05/13 15:57:00+00,2394 Schoolside Ave Monterey Park 91754,DBAEE48B-36DC-4628-BF66-80676AEADF08_2394_Schoolside_Ave_Monterey_Park_91754,Schoolside,2394 Schoolside Avenue Ave Monterey Park 91754,,,,
13362,48612,,,,1264.0,,,,Avenida,,Cesar Chavez,,,,,,,,,,,,,,91754.0,,Monterey Park,Monterey Park,,,,,Monterey Park,{A09D7863-E1EC-462F-A268-2412D71B80CD},0,,A09D7863-E1EC-462F-A268-2412D71B80CD,Unknown,,,,Avenida,,Avenida Cesar Chavez,2018/06/11 17:00:12+00,1264 Avenida Cesar Chavez Monterey Park 91754,A09D7863-E1EC-462F-A268-2412D71B80CD_1264_Avenida_Cesar_Chavez_Monterey_Park_91754,Avenida Cesar Chavez,1264 Avenida Cesar Chavez Monterey Park 91754,,,,
13374,48874,,,,1274.0,,,,,,Dorner,Drive,,,,,,,,,,,,,91754.0,,Monterey Park,Monterey Park,,,,,Monterey Park,{1128B602-0C2A-4C18-B823-82A4EE409B7C},0,,1128B602-0C2A-4C18-B823-82A4EE409B7C,Unknown,,,,,Dr,Dorner Dr,2016/05/14 12:52:24+00,1274 Dorner Dr Monterey Park 91754,1128B602-0C2A-4C18-B823-82A4EE409B7C_1274_Dorner_Dr_Monterey_Park_91754,Dorner,1274 Dorner Drive Dr Monterey Park 91754,,,,
13376,48894,,,,2324.0,,,,,,Westcott,Avenue,,,,,,,,,,,,,91754.0,,Monterey Park,Monterey Park,,,,,Monterey Park,{3963333D-4BCD-407E-B116-1D4C7FF17B6E},0,,3963333D-4BCD-407E-B116-1D4C7FF17B6E,Unknown,,,,,Ave,Westcott Ave,2019/01/08 11:27:45+00,2324 Westcott Ave Monterey Park 91754,3963333D-4BCD-407E-B116-1D4C7FF17B6E_2324_Westcott_Ave_Monterey_Park_91754,Westcott,2324 Westcott Avenue Ave Monterey Park 91754,,,,
13384,49171,,,,2026.0,,,,,,Vancouver,Avenue,,,,,,,,,,,,,91754.0,,Monterey Park,Monterey Park,,,,,Monterey Park,{02A69A60-EEDA-48AB-BCB8-E3133822CEBA},0,,02A69A60-EEDA-48AB-BCB8-E3133822CEBA,Unknown,,,,,Ave,Vancouver Ave,2016/05/13 16:56:42+00,2026 Vancouver Ave Monterey Park 91754,02A69A60-EEDA-48AB-BCB8-E3133822CEBA_2026_Vancouver_Ave_Monterey_Park_91754,Vancouver,2026 Vancouver Avenue Ave Monterey Park 91754,,,,
13394,49529,,,,2328.0,,,,,,Bleakwood,Avenue,,,,,,,,,,,,,91754.0,,Monterey Park,Monterey Park,,,,,Monterey Park,{C973623C-1539-4DDC-BFA7-3CB3BB8A3A63},0,,C973623C-1539-4DDC-BFA7-3CB3BB8A3A63,Unknown,,,,,Ave,Bleakwood Ave,2016/05/14 13:18:11+00,2328 Bleakwood Ave Monterey Park 91754,C973623C-1539-4DDC-BFA7-3CB3BB8A3A63_2328_Bleakwood_Ave_Monterey_Park_91754,Bleakwood,2328 Bleakwood Avenue Ave Monterey Park 91754,,,,
13411,50052,,,,2312.0,,,,,,Bleakwood,Avenue,,,,,,,,,,,,,91754.0,,Monterey Park,Monterey Park,,,,,Monterey Park,{07BA6259-18C7-4FC6-8301-3E53DBB5DA62},0,,07BA6259-18C7-4FC6-8301-3E53DBB5DA62,Unknown,,,,,Ave,Bleakwood Ave,2016/05/14 21:59:04+00,2312 Bleakwood Ave Monterey Park 91754,07BA6259-18C7-4FC6-8301-3E53DBB5DA62_2312_Bleakwood_Ave_Monterey_Park_91754,Bleakwood,2312 Bleakwood Avenue Ave Monterey Park 91754,,,,
13427,50581,,,,2081.0,,,,,,Bleakwood,Avenue,,,,,,,,,,,,,91754.0,,Monterey Park,Monterey Park,,,,,Monterey Park,{B9290B75-5338-4B0A-9B04-1E6340E72CDD},0,,B9290B75-5338-4B0A-9B04-1E6340E72CDD,Unknown,,,,,Ave,Bleakwood Ave,2016/05/14 13:48:59+00,2081 Bleakwood Ave Monterey Park 91754,B9290B75-5338-4B0A-9B04-1E6340E72CDD_2081_Bleakwood_Ave_Monterey_Park_91754,Bleakwood,2081 Bleakwood Avenue Ave Monterey Park 91754,,,,
13430,50692,,,,2331.0,,,South,,,Atlantic,Boulevard,,,,,,,,,,,,,91754.0,,Monterey Park,Monterey Park,,,,,Monterey Park,{D8658F0E-2CC7-4170-99C1-1E2FCFA7DC0B},0,,D8658F0E-2CC7-4170-99C1-1E2FCFA7DC0B,Unknown,,S,,,Blvd,S Atlantic Blvd,2016/05/15 03:38:55+00,2331 S Atlantic Blvd Monterey Park 91754,D8658F0E-2CC7-4170-99C1-1E2FCFA7DC0B_2331_S_Atlantic_Blvd_Monterey_Park_91754,Atlantic,2331 S Atlantic Boulevard Blvd Monterey Park 91754,,,,
17237,111952,,,,2403.0,,,,,,Telford,Street,,,,,,,,,,,,,91754.0,,Monterey Park,Monterey Park,,,,,Monterey Park,{B34D7A33-289F-4311-859D-6EFF95379ED2},0,,B34D7A33-289F-4311-859D-6EFF95379ED2,Unknown,,,,,St,Telford St,2024/05/12 21:05:27+00,2403 Telford St Monterey Park 91754,B34D7A33-289F-4311-859D-6EFF95379ED2_2403_Telford_St_Monterey_Park_91754,Telford,2403 Telford Street St Monterey Park 91754,,,,
17238,111953,,,,2403.0,,,,,,Collegian,Avenue,,,,,,,,,,,,,91754.0,,Monterey Park,Monterey Park,,,,,Monterey Park,{0CD030C8-7D56-4E99-BF96-FBEBA86B6385},0,,0CD030C8-7D56-4E99-BF96-FBEBA86B6385,Unknown,,,,,Ave,Collegian Ave,2024/05/12 21:05:27+00,2403 Collegian Ave Monterey Park 91754,0CD030C8-7D56-4E99-BF96-FBEBA86B6385_2403_Collegian_Ave_Monterey_Park_91754,Collegian,2403 Collegian Avenue Ave Monterey Park 91754,,,,
17668,116651,,,,2315.0,,,,,,Telford,Street,,,,,,,,,,,,,91754.0,,Monterey Park,Monterey Park,,,,,Monterey Park,{FD4D3C35-756C-4C1C-811B-4FA57BB43E39},0,,FD4D3C35-756C-4C1C-811B-4FA57BB43E39,Unknown,,,,,St,Telford St,2024/05/12 21:05:27+00,2315 Telford St Monterey Park 91754,FD4D3C35-756C-4C1C-811B-4FA57BB43E39_2315_Telford_St_Monterey_Park_91754,Telford,2315 Telford Street St Monterey Park 91754,,,,
17669,116652,,,,2315.0,,,,,,Collegian,Avenue,,,,,,,,,,,,,91754.0,,Monterey Park,Monterey Park,,,,,Monterey Park,{FC76D5FE-B6A4-4463-A8EA-BF167300D83F},0,,FC76D5FE-B6A4-4463-A8EA-BF167300D83F,Unknown,,,,,Ave,Collegian Ave,2024/05/12 21:05:27+00,2315 Collegian Ave Monterey Park 91754,FC76D5FE-B6A4-4463-A8EA-BF167300D83F_2315_Collegian_Ave_Monterey_Park_91754,Collegian,2315 Collegian Avenue Ave Monterey Park 91754,,,,
20353,144579,,,,2405.0,,,,,,Telford,Street,,,,,,,,,,,,,91754.0,,Monterey Park,Monterey Park,,,,,Monterey Park,{6046A9CD-2B91-42D4-BCF9-5DF1CC7CBBEE},0,,6046A9CD-2B91-42D4-BCF9-5DF1CC7CBBEE,Unknown,,,,,St,Telford St,2024/05/12 21:05:27+00,2405 Telford St Monterey Park 91754,6046A9CD-2B91-42D4-BCF9-5DF1CC7CBBEE_2405_Telford_St_Monterey_Park_91754,Telford,2405 Telford Street St Monterey Park 91754,,,,
20354,144580,,,,2405.0,,,,,,Collegian,Avenue,,,,,,,,,,,,,91754.0,,Monterey Park,Monterey Park,,,,,Monterey Park,{E1262921-20BD-43CE-8BC9-3DE3E9DEB182},0,,E1262921-20BD-43CE-8BC9-3DE3E9DEB182,Unknown,,,,,Ave,Collegian Ave,2024/05/12 21:05:27+00,2405 Collegian Ave Monterey Park 91754,E1262921-20BD-43CE-8BC9-3DE3E9DEB182_2405_Collegian_Ave_Monterey_Park_91754,Collegian,2405 Collegian Avenue Ave Monterey Park 91754,,,,
20963,151568,,,,2337.0,,,,,,Collegian,Avenue,,,,,,,,,,,,,91754.0,,Monterey Park,Monterey Park,,,,,Monterey Park,{6635C402-ABD7-495F-B610-723EA712D0A4},0,,6635C402-ABD7-495F-B610-723EA712D0A4,Unknown,,,,,Ave,Collegian Ave,2024/05/12 21:05:27+00,2337 Collegian Ave Monterey Park 91754,6635C402-ABD7-495F-B610-723EA712D0A4_2337_Collegian_Ave_Monterey_Park_91754,Collegian,2337 Collegian Avenue Ave Monterey Park 91754,,,,
20964,151569,,,,2337.0,,,,,,Telford,Street,,,,,,,,,,,,,91754.0,,Monterey Park,Monterey Park,,,,,Monterey Park,{EBCA36DA-1A3D-4D0B-AD6F-C488313E81A1},0,,EBCA36DA-1A3D-4D0B-AD6F-C488313E81A1,Unknown,,,,,St,Telford St,2024/05/12 21:05:27+00,2337 Telford St Monterey Park 91754,EBCA36DA-1A3D-4D0B-AD6F-C488313E81A1_2337_Telford_St_Monterey_Park_91754,Telford,2337 Telford Street St Monterey Park 91754,,,,
21153,153606,,,,2417.0,,,,,,Collegian,Avenue,,,,,,,,,,,,,91754.0,,Monterey Park,Monterey Park,,,,,Monterey Park,{E8E2A05D-1766-412E-A456-3CF04F2058F2},0,,E8E2A05D-1766-412E-A456-3CF04F2058F2,Unknown,,,,,Ave,Collegian Ave,2024/05/12 21:05:27+00,2417 Collegian Ave Monterey Park 91754,E8E2A05D-1766-412E-A456-3CF04F2058F2_2417_Collegian_Ave_Monterey_Park_91754,Collegian,2417 Collegian Avenue Ave Monterey Park 91754,,,,
21154,153607,,,,2417.0,,,,,,Telford,Street,,,,,,,,,,,,,91754.0,,Monterey Park,Monterey Park,,,,,Monterey Park,{CA5C4C1A-19F3-450F-8A88-850B37F966D3},0,,CA5C4C1A-19F3-450F-8A88-850B37F966D3,Unknown,,,,,St,Telford St,2024/05/12 21:05:27+00,2417 Telford St Monterey Park 91754,CA5C4C1A-19F3-450F-8A88-850B37F966D3_2417_Telford_St_Monterey_Park_91754,Telford,2417 Telford Street St Monterey Park 91754,,,,
21557,158217,,,,2325.0,,,,,,Collegian,Avenue,,,,,,,,,,,,,91754.0,,Monterey Park,Monterey Park,,,,,Monterey Park,{64A07FDA-F755-4202-B87C-D8BD04D9F47D},0,,64A07FDA-F755-4202-B87C-D8BD04D9F47D,Unknown,,,,,Ave,Collegian Ave,2024/05/12 21:05:27+00,2325 Collegian Ave Monterey Park 91754,64A07FDA-F755-4202-B87C-D8BD04D9F47D_2325_Collegian_Ave_Monterey_Park_91754,Collegian,2325 Collegian Avenue Ave Monterey Park 91754,,,,
21558,158218,,,,2325.0,,,,,,Telford,Street,,,,,,,,,,,,,91754.0,,Monterey Park,Monterey Park,,,,,Monterey Park,{143F2ECB-607C-4CDD-9A2F-551883E5627D},0,,143F2ECB-607C-4CDD-9A2F-551883E5627D,Unknown,,,,,St,Telford St,2024/05/12 21:05:27+00,2325 Telford St Monterey Park 91754,143F2ECB-607C-4CDD-9A2F-551883E5627D_2325_Telford_St_Monterey_Park_91754,Telford,2325 Telford Street St Monterey Park 91754,,,,
21644,159123,,,,2333.0,,,,,,Collegian,Avenue,,,,,,,,,,,,,91754.0,,Monterey Park,Monterey Park,,,,,Monterey Park,{3850AE04-F2F9-49B0-85E1-6C15A70C7255},0,,3850AE04-F2F9-49B0-85E1-6C15A70C7255,Unknown,,,,,Ave,Collegian Ave,2024/05/12 21:05:27+00,2333 Collegian Ave Monterey Park 91754,3850AE04-F2F9-49B0-85E1-6C15A70C7255_2333_Collegian_Ave_Monterey_Park_91754,Collegian,2333 Collegian Avenue Ave Monterey Park 91754,,,,
21645,159124,,,,2333.0,,,,,,Telford,Street,,,,,,,,,,,,,91754.0,,Monterey Park,Monterey Park,,,,,Monterey Park,{FFA2D329-4254-4EE6-B49E-E52395AD741A},0,,FFA2D329-4254-4EE6-B49E-E52395AD741A,Unknown,,,,,St,Telford St,2024/05/12 21:05:27+00,2333 Telford St Monterey Park 91754,FFA2D329-4254-4EE6-B49E-E52395AD741A_2333_Telford_St_Monterey_Park_91754,Telford,2333 Telford Street St Monterey Park 91754,,,,
21719,160115,,,,2409.0,,,,,,Collegian,Avenue,,,,,,,,,,,,,91754.0,,Monterey Park,Monterey Park,,,,,Monterey Park,{9C8A66A9-EF49-45BB-A957-A1AD1F31CD14},0,,9C8A66A9-EF49-45BB-A957-A1AD1F31CD14,Unknown,,,,,Ave,Collegian Ave,2024/05/12 21:05:27+00,2409 Collegian Ave Monterey Park 91754,9C8A66A9-EF49-45BB-A957-A1AD1F31CD14_2409_Collegian_Ave_Monterey_Park_91754,Collegian,2409 Collegian Avenue Ave Monterey Park 91754,,,,
21720,160116,,,,2409.0,,,,,,Telford,Street,,,,,,,,,,,,,91754.0,,Monterey Park,Monterey Park,,,,,Monterey Park,{63A0D20F-BEA7-4613-9AB1-84159299C546},0,,63A0D20F-BEA7-4613-9AB1-84159299C546,Unknown,,,,,St,Telford St,2024/05/12 21:05:27+00,2409 Telford St Monterey Park 91754,63A0D20F-BEA7-4613-9AB1-84159299C546_2409_Telford_St_Monterey_Park_91754,Telford,2409 Telford Street St Monterey Park 91754,,,,
726404,1303414,,5237023014.0,,2901.0,,,West,,,Floral,Drive,,,,,,,,,,,,,91754.0,,Monterey Park,Monterey Park,,,,,Monterey Park,{C81B5AC6-82FF-4F5A-A8BF-8DB85D361EA2},0,,C81B5AC6-82FF-4F5A-A8BF-8DB85D361EA2,Unknown,,W,,,Dr,W Floral Dr,2018/05/15 21:02:42+00,2901 W Floral Dr Monterey Park 91754,C81B5AC6-82FF-4F5A-A8BF-8DB85D361EA2_2901_W_Floral_Dr_Monterey_Park_91754,Floral,2901 W Floral Drive Dr Monterey Park 91754,,,,
726405,1303415,,5237024025.0,,2625.0,,,,,,Corporate,Place,,,,,,,,,,,,,91754.0,,Monterey Park,Monterey Park,,,,,Monterey Park,{F519F1A2-FD77-4573-8493-DECE5FE054FA},0,,F519F1A2-FD77-4573-8493-DECE5FE054FA,Unknown,,,,,Pl,Corporate Pl,2018/03/06 08:17:45+00,2625 Corporate Pl Monterey Park 91754,F519F1A2-FD77-4573-8493-DECE5FE054FA_2625_Corporate_Pl_Monterey_Park_91754,Corporate,2625 Corporate Place Pl Monterey Park 91754,,,,
726406,1303416,,5237024029.0,,2630.0,,,,,,Corporate,Place,,,,,,,,,,,,,91754.0,,Monterey Park,Monterey Park,,,,,Monterey Park,{0C976924-98EC-4625-9A02-D791674B7C62},0,,0C976924-98EC-4625-9A02-D791674B7C62,Unknown,,,,,Pl,Corporate Pl,2018/03/06 08:19:31+00,2630 Corporate Pl Monterey Park 91754,0C976924-98EC-4625-9A02-D791674B7C62_2630_Corporate_Pl_Monterey_Park_91754,Corporate,2630 Corporate Place Pl Monterey Park 91754,,,,
726407,1303417,,5237024056.0,,2540.0,,,,,,Corporate,Place,,,,,,,,,,,,,91754.0,,Monterey Park,Monterey Park,,,,,Monterey Park,{77A6C866-9C13-425D-BB4A-16878E28A702},0,,77A6C866-9C13-425D-BB4A-16878E28A702,Unknown,,,,,Pl,Corporate Pl,2018/05/15 21:01:30+00,2540 Corporate Pl Monterey Park 91754,77A6C866-9C13-425D-BB4A-16878E28A702_2540_Corporate_Pl_Monterey_Park_91754,Corporate,2540 Corporate Place Pl Monterey Park 91754,,,,
726408,1303418,,5237024056.0,,2550.0,,,,,,Corporate,Place,,,,,,,,,,,,,91754.0,,Monterey Park,Monterey Park,,,,,Monterey Park,{E1728BC9-89EB-4611-8EBF-10C01D569870},0,,E1728BC9-89EB-4611-8EBF-10C01D569870,Unknown,,,,,Pl,Corporate Pl,2018/05/15 21:01:30+00,2550 Corporate Pl Monterey Park 91754,E1728BC9-89EB-4611-8EBF-10C01D569870_2550_Corporate_Pl_Monterey_Park_91754,Corporate,2550 Corporate Place Pl Monterey Park 91754,,,,
726409,1303419,,5237024056.0,,2530.0,,,,,,Corporate,Place,,,,,,,,,,,,,91754.0,,Monterey Park,Monterey Park,,,,,Monterey Park,{15D670B3-8EB0-4871-B61B-55CC1319C8BF},0,,15D670B3-8EB0-4871-B61B-55CC1319C8BF,Unknown,,,,,Pl,Corporate Pl,2018/05/15 21:01:30+00,2530 Corporate Pl Monterey Park 91754,15D670B3-8EB0-4871-B61B-55CC1319C8BF_2530_Corporate_Pl_Monterey_Park_91754,Corporate,2530 Corporate Place Pl Monterey Park 91754,,,,
726410,1303420,,5237024056.0,,2580.0,,,,,,Corporate,Place,,,,,,,,,,,,,91754.0,,Monterey Park,Monterey Park,,,,,Monterey Park,{F360F290-90C7-433D-BDCE-9D1DCE083EAF},0,,F360F290-90C7-433D-BDCE-9D1DCE083EAF,Unknown,,,,,Pl,Corporate Pl,2018/05/15 21:01:30+00,2580 Corporate Pl Monterey Park 91754,F360F290-90C7-433D-BDCE-9D1DCE083EAF_2580_Corporate_Pl_Monterey_Park_91754,Corporate,2580 Corporate Place Pl Monterey Park 91754,,,,
726411,1303421,,5237024056.0,,2570.0,,,,,,Corporate,Place,,,,,,,,,,,,,91754.0,,Monterey Park,Monterey Park,,,,,Monterey Park,{1566ECF2-7972-4476-9655-3277A1871CEB},0,,1566ECF2-7972-4476-9655-3277A1871CEB,Unknown,,,,,Pl,Corporate Pl,2018/05/15 21:01:30+00,2570 Corporate Pl Monterey Park 91754,1566ECF2-7972-4476-9655-3277A1871CEB_2570_Corporate_Pl_Monterey_Park_91754,Corporate,2570 Corporate Place Pl Monterey Park 91754,,,,
726412,1303422,,5237024056.0,,2560.0,,,,,,Corporate,Place,,,,,,,,,,,,,91754.0,,Monterey Park,Monterey Park,,,,,Monterey Park,{50A72531-3F2F-400C-8F71-BEB3E81B7CC8},0,,50A72531-3F2F-400C-8F71-BEB3E81B7CC8,Unknown,,,,,Pl,Corporate Pl,2018/05/15 21:01:30+00,2560 Corporate Pl Monterey Park 91754,50A72531-3F2F-400C-8F71-BEB3E81B7CC8_2560_Corporate_Pl_Monterey_Park_91754,Corporate,2560 Corporate Place Pl Monterey Park 91754,,,,
726413,1303424,,5237024071.0,,1600.0,,,,,,Corporate Center,Drive,,,,,,,,,,,,,91754.0,,Monterey Park,Monterey Park,,,,,Monterey Park,{911A807A-BAE4-4244-80D0-6452B8D3F0E3},0,,911A807A-BAE4-4244-80D0-6452B8D3F0E3,Unknown,,,,,Dr,Corporate Center Dr,2018/03/06 08:20:15+00,1600 Corporate Center Dr Monterey Park 91754,911A807A-BAE4-4244-80D0-6452B8D3F0E3_1600_Corporate_Center_Dr_Monterey_Park_91754,Corporate Center,1600 Corporate Center Drive Dr Monterey Park 91754,,,,
738401,1317751,,5251002903.0,,1479.0,,,,Avenida,,Cesar Chavez,,,,,,,Garage,ELAC P3 Parking,,,,,,91754.0,,Monterey Park,Monterey Park,,,,,CAMS,{DD1F5A34-0911-47FE-8646-845DF27617DF},0,,DD1F5A34-0911-47FE-8646-845DF27617DF,Unknown,,,,Avenida,,Avenida Cesar Chavez,2019/06/03 13:28:09+00,1479 Avenida Cesar Chavez Monterey Park 91754,DD1F5A34-0911-47FE-8646-845DF27617DF_1479_Avenida_Cesar_Chavez_Monterey_Park_91754,Avenida Cesar Chavez,1479 Avenida Cesar Chavez Monterey Park 91754,,,,
738402,1317752,,5251002903.0,,1301.0,,,,Avenida,,Cesar Chavez,,,,,,,,,,,,,,91754.0,,Monterey Park,Monterey Park,,,,,Monterey Park,{1BAF9A49-3741-4C5B-B32F-B0E9F5BBD46A},0,,1BAF9A49-3741-4C5B-B32F-B0E9F5BBD46A,Unknown,,,,Avenida,,Avenida Cesar Chavez,2018/11/02 04:21:11+00,1301 Avenida Cesar Chavez Monterey Park 91754,1BAF9A49-3741-4C5B-B32F-B0E9F5BBD46A_1301_Avenida_Cesar_Chavez_Monterey_Park_91754,Avenida Cesar Chavez,1301 Avenida Cesar Chavez Monterey Park 91754,,,,
738403,1317753,,5251003001.0,,2002.0,,,,,,Woods,Avenue,,,,,,,,,,,,,91754.0,,Monterey Park,Monterey Park,,,,,Monterey Park,{5CA429D0-E6A8-4ECB-B6D9-2C4D511F6919},0,,5CA429D0-E6A8-4ECB-B6D9-2C4D511F6919,Unknown,,,,,Ave,Woods Ave,2018/10/23 10:26:15+00,2002 Woods Ave Monterey Park 91754,5CA429D0-E6A8-4ECB-B6D9-2C4D511F6919_2002_Woods_Ave_Monterey_Park_91754,Woods,2002 Woods Avenue Ave Monterey Park 91754,,,,
738404,1317754,,5251003002.0,,2006.0,,,,,,Woods,Avenue,,,,,,,,,,,,,91754.0,,Monterey Park,Monterey Park,,,,,Monterey Park,{722B3872-82FA-4236-9CC8-D57F9F888D66},0,,722B3872-82FA-4236-9CC8-D57F9F888D66,Unknown,,,,,Ave,Woods Ave,2018/05/15 21:35:33+00,2006 Woods Ave Monterey Park 91754,722B3872-82FA-4236-9CC8-D57F9F888D66_2006_Woods_Ave_Monterey_Park_91754,Woods,2006 Woods Avenue Ave Monterey Park 91754,,,,
738405,1317755,,5251003003.0,,2010.0,,,,,,Woods,Avenue,,,,,,,,,,,,,91754.0,,Monterey Park,Monterey Park,,,,,Monterey Park,{22E80B21-56DA-41F7-B452-8ABE2971F744},0,,22E80B21-56DA-41F7-B452-8ABE2971F744,Unknown,,,,,Ave,Woods Ave,2018/10/23 09:17:16+00,2010 Woods Ave Monterey Park 91754,22E80B21-56DA-41F7-B452-8ABE2971F744_2010_Woods_Ave_Monterey_Park_91754,Woods,2010 Woods Avenue Ave Monterey Park 91754,,,,
738406,1317756,,5251003004.0,,2014.0,,,,,,Woods,Avenue,,,,,,,,,,,,,91754.0,,Monterey Park,Monterey Park,,,,,Monterey Park,{861CAADA-8178-4ACD-8580-8CB0BE77C925},0,,861CAADA-8178-4ACD-8580-8CB0BE77C925,Unknown,,,,,Ave,Woods Ave,2018/05/15 21:34:58+00,2014 Woods Ave Monterey Park 91754,861CAADA-8178-4ACD-8580-8CB0BE77C925_2014_Woods_Ave_Monterey_Park_91754,Woods,2014 Woods Avenue Ave Monterey Park 91754,,,,
738407,1317757,,5251003005.0,,2018.0,,,,,,Woods,Avenue,,,,,,,,,,,,,91754.0,,Monterey Park,Monterey Park,,,,,Monterey Park,{8871BEBB-656B-44A0-BA3E-9DFBEC1C52FD},0,,8871BEBB-656B-44A0-BA3E-9DFBEC1C52FD,Unknown,,,,,Ave,Woods Ave,2018/10/23 10:26:15+00,2018 Woods Ave Monterey Park 91754,8871BEBB-656B-44A0-BA3E-9DFBEC1C52FD_2018_Woods_Ave_Monterey_Park_91754,Woods,2018 Woods Avenue Ave Monterey Park 91754,,,,
738408,1317758,,5251003006.0,,2022.0,,,,,,Woods,Avenue,,,,,,,,,,,,,91754.0,,Monterey Park,Monterey Park,,,,,Monterey Park,{C24F4F76-015A-46DC-9E70-5A7A3C03436D},0,,C24F4F76-015A-46DC-9E70-5A7A3C03436D,Unknown,,,,,Ave,Woods Ave,2018/10/23 09:25:22+00,2022 Woods Ave Monterey Park 91754,C24F4F76-015A-46DC-9E70-5A7A3C03436D_2022_Woods_Ave_Monterey_Park_91754,Woods,2022 Woods Avenue Ave Monterey Park 91754,,,,
738409,1317759,,5251003007.0,,2026.0,,,,,,Woods,Avenue,,,,,,,,,,,,,91754.0,,Monterey Park,Monterey Park,,,,,Monterey Park,{E50BE59E-7C87-45EE-AAC6-A86B2293F284},0,,E50BE59E-7C87-45EE-AAC6-A86B2293F284,Unknown,,,,,Ave,Woods Ave,2018/03/06 08:41:27+00,2026 Woods Ave Monterey Park 91754,E50BE59E-7C87-45EE-AAC6-A86B2293F284_2026_Woods_Ave_Monterey_Park_91754,Woods,2026 Woods Avenue Ave Monterey Park 91754,,,,
738410,1317760,,5251003008.0,,2030.0,,,,,,Woods,Avenue,,,,,,,,,,,,,91754.0,,Monterey Park,Monterey Park,,,,,Monterey Park,{282992C6-293C-42E6-85EE-1CBFE677DBC0},0,,282992C6-293C-42E6-85EE-1CBFE677DBC0,Unknown,,,,,Ave,Woods Ave,2018/10/23 10:26:50+00,2030 Woods Ave Monterey Park 91754,282992C6-293C-42E6-85EE-1CBFE677DBC0_2030_Woods_Ave_Monterey_Park_91754,Woods,2030 Woods Avenue Ave Monterey Park 91754,,,,
738411,1317761,,5251003009.0,,2034.0,,,,,,Woods,Avenue,,,,,,,,,,,,,91754.0,,Monterey Park,Monterey Park,,,,,Monterey Park,{A10C3B67-C55B-4C6B-A238-6EBF2DB3C3B0},0,,A10C3B67-C55B-4C6B-A238-6EBF2DB3C3B0,Unknown,,,,,Ave,Woods Ave,2018/10/23 10:04:52+00,2034 Woods Ave Monterey Park 91754,A10C3B67-C55B-4C6B-A238-6EBF2DB3C3B0_2034_Woods_Ave_Monterey_Park_91754,Woods,2034 Woods Avenue Ave Monterey Park 91754,,,,
738412,1317762,,5251003010.0,,2038.0,,,,,,Woods,Avenue,,,,,,,,,,,,,91754.0,,Monterey Park,Monterey Park,,,,,Monterey Park,{546BFC22-1F8C-41FD-938D-7BA22C914D6E},0,,546BFC22-1F8C-41FD-938D-7BA22C914D6E,Unknown,,,,,Ave,Woods Ave,2018/03/06 08:42:18+00,2038 Woods Ave Monterey Park 91754,546BFC22-1F8C-41FD-938D-7BA22C914D6E_2038_Woods_Ave_Monterey_Park_91754,Woods,2038 Woods Avenue Ave Monterey Park 91754,,,,
738413,1317763,,5251003011.0,,2042.0,,,,,,Woods,Avenue,,,,,,,,,,,,,91754.0,,Monterey Park,Monterey Park,,,,,Monterey Park,{745D1183-8D09-44B6-BF19-9D2D71F7E948},0,,745D1183-8D09-44B6-BF19-9D2D71F7E948,Unknown,,,,,Ave,Woods Ave,2018/10/23 10:26:15+00,2042 Woods Ave Monterey Park 91754,745D1183-8D09-44B6-BF19-9D2D71F7E948_2042_Woods_Ave_Monterey_Park_91754,Woods,2042 Woods Avenue Ave Monterey Park 91754,,,,
738414,1317764,,5251003012.0,,2046.0,,,,,,Woods,Avenue,,,,,,,,,,,,,91754.0,,Monterey Park,Monterey Park,,,,,Monterey Park,{DF21E693-22F2-4B32-9CD7-734498C2FA63},0,,DF21E693-22F2-4B32-9CD7-734498C2FA63,Unknown,,,,,Ave,Woods Ave,2018/05/15 21:35:33+00,2046 Woods Ave Monterey Park 91754,DF21E693-22F2-4B32-9CD7-734498C2FA63_2046_Woods_Ave_Monterey_Park_91754,Woods,2046 Woods Avenue Ave Monterey Park 91754,,,,
738415,1317765,,5251003013.0,,2045.0,,,,,,Bleakwood,Avenue,,,,,,,,,,,,,91754.0,,Monterey Park,Monterey Park,,,,,Monterey Park,{9D67EA4F-9757-41DD-8740-7D27EAA5A7AB},0,,9D67EA4F-9757-41DD-8740-7D27EAA5A7AB,Unknown,,,,,Ave,Bleakwood Ave,2018/10/23 09:21:29+00,2045 Bleakwood Ave Monterey Park 91754,9D67EA4F-9757-41DD-8740-7D27EAA5A7AB_2045_Bleakwood_Ave_Monterey_Park_91754,Bleakwood,2045 Bleakwood Avenue Ave Monterey Park 91754,,,,
738416,1317766,,5251003014.0,,2041.0,,,,,,Bleakwood,Avenue,,,,,,,,,,,,,91754.0,,Monterey Park,Monterey Park,,,,,Monterey Park,{332B4910-ED5E-4C0C-9F25-AB392B8CEE36},0,,332B4910-ED5E-4C0C-9F25-AB392B8CEE36,Unknown,,,,,Ave,Bleakwood Ave,2018/05/15 21:34:16+00,2041 Bleakwood Ave Monterey Park 91754,332B4910-ED5E-4C0C-9F25-AB392B8CEE36_2041_Bleakwood_Ave_Monterey_Park_91754,Bleakwood,2041 Bleakwood Avenue Ave Monterey Park 91754,,,,
738417,1317767,,5251003015.0,,2037.0,,,,,,Bleakwood,Avenue,,,,,,,,,,,,,91754.0,,Monterey Park,Monterey Park,,,,,Monterey Park,{B33E82DE-DCC6-42C9-A95A-89DEDC2E7868},0,,B33E82DE-DCC6-42C9-A95A-89DEDC2E7868,Unknown,,,,,Ave,Bleakwood Ave,2018/03/06 08:41:53+00,2037 Bleakwood Ave Monterey Park 91754,B33E82DE-DCC6-42C9-A95A-89DEDC2E7868_2037_Bleakwood_Ave_Monterey_Park_91754,Bleakwood,2037 Bleakwood Avenue Ave Monterey Park 91754,,,,
738418,1317768,,5251003016.0,,2033.0,,,,,,Bleakwood,Avenue,,,,,,,,,,,,,91754.0,,Monterey Park,Monterey Park,,,,,Monterey Park,{55796FBA-778D-4045-B935-84CF3E6BD455},0,,55796FBA-778D-4045-B935-84CF3E6BD455,Unknown,,,,,Ave,Bleakwood Ave,2018/10/23 09:21:29+00,2033 Bleakwood Ave Monterey Park 91754,55796FBA-778D-4045-B935-84CF3E6BD455_2033_Bleakwood_Ave_Monterey_Park_91754,Bleakwood,2033 Bleakwood Avenue Ave Monterey Park 91754,,,,
738419,1317769,,5251003017.0,,2029.0,,,,,,Bleakwood,Avenue,,,,,,,,,,,,,91754.0,,Monterey Park,Monterey Park,,,,,Monterey Park,{46F83D54-52CA-41AD-8E3C-D8DFA3408E16},0,,46F83D54-52CA-41AD-8E3C-D8DFA3408E16,Unknown,,,,,Ave,Bleakwood Ave,2018/03/06 08:41:53+00,2029 Bleakwood Ave Monterey Park 91754,46F83D54-52CA-41AD-8E3C-D8DFA3408E16_2029_Bleakwood_Ave_Monterey_Park_91754,Bleakwood,2029 Bleakwood Avenue Ave Monterey Park 91754,,,,
738420,1317770,,5251003018.0,,2025.0,,,,,,Bleakwood,Avenue,,,,,,,,,,,,,91754.0,,Monterey Park,Monterey Park,,,,,Monterey Park,{7842C23E-D465-4B6D-8567-0BB22D44D707},0,,7842C23E-D465-4B6D-8567-0BB22D44D707,Unknown,,,,,Ave,Bleakwood Ave,2018/10/23 10:25:35+00,2025 Bleakwood Ave Monterey Park 91754,7842C23E-D465-4B6D-8567-0BB22D44D707_2025_Bleakwood_Ave_Monterey_Park_91754,Bleakwood,2025 Bleakwood Avenue Ave Monterey Park 91754,,,,
738421,1317771,,5251003019.0,,2021.0,,,,,,Bleakwood,Avenue,,,,,,,,,,,,,91754.0,,Monterey Park,Monterey Park,,,,,Monterey Park,{6F3C1A7A-D3CE-4E06-A4D5-D6B0F526B363},0,,6F3C1A7A-D3CE-4E06-A4D5-D6B0F526B363,Unknown,,,,,Ave,Bleakwood Ave,2018/03/06 08:42:18+00,2021 Bleakwood Ave Monterey Park 91754,6F3C1A7A-D3CE-4E06-A4D5-D6B0F526B363_2021_Bleakwood_Ave_Monterey_Park_91754,Bleakwood,2021 Bleakwood Avenue Ave Monterey Park 91754,,,,
738422,1317772,,5251003020.0,,2017.0,,,,,,Bleakwood,Avenue,,,,,,,,,,,,,91754.0,,Monterey Park,Monterey Park,,,,,Monterey Park,{5AD9A0D6-7B0C-45B3-B23E-BBC61EEEE48A},0,,5AD9A0D6-7B0C-45B3-B23E-BBC61EEEE48A,Unknown,,,,,Ave,Bleakwood Ave,2018/10/23 09:20:11+00,2017 Bleakwood Ave Monterey Park 91754,5AD9A0D6-7B0C-45B3-B23E-BBC61EEEE48A_2017_Bleakwood_Ave_Monterey_Park_91754,Bleakwood,2017 Bleakwood Avenue Ave Monterey Park 91754,,,,
738423,1317773,,5251003021.0,,2013.0,,,,,,Bleakwood,Avenue,,,,,,,,,,,,,91754.0,,Monterey Park,Monterey Park,,,,,Monterey Park,{2A3B2759-9647-468E-B66B-627E37B97C4B},0,,2A3B2759-9647-468E-B66B-627E37B97C4B,Unknown,,,,,Ave,Bleakwood Ave,2018/03/06 08:41:53+00,2013 Bleakwood Ave Monterey Park 91754,2A3B2759-9647-468E-B66B-627E37B97C4B_2013_Bleakwood_Ave_Monterey_Park_91754,Bleakwood,2013 Bleakwood Avenue Ave Monterey Park 91754,,,,
738424,1317774,,5251003022.0,,2009.0,,,,,,Bleakwood,Avenue,,,,,,,,,,,,,91754.0,,Monterey Park,Monterey Park,,,,,Monterey Park,{9F2A542D-B061-492B-9EDE-A3FF8C7C247C},0,,9F2A542D-B061-492B-9EDE-A3FF8C7C247C,Unknown,,,,,Ave,Bleakwood Ave,2018/10/23 10:26:15+00,2009 Bleakwood Ave Monterey Park 91754,9F2A542D-B061-492B-9EDE-A3FF8C7C247C_2009_Bleakwood_Ave_Monterey_Park_91754,Bleakwood,2009 Bleakwood Avenue Ave Monterey Park 91754,,,,
738425,1317775,,5251003023.0,,2005.0,,,,,,Bleakwood,Avenue,,,,,,,,,,,,,91754.0,,Monterey Park,Monterey Park,,,,,Monterey Park,{D101691B-E8EF-4E42-8BE3-6C5B2FC4D033},0,,D101691B-E8EF-4E42-8BE3-6C5B2FC4D033,Unknown,,,,,Ave,Bleakwood Ave,2018/05/15 21:36:13+00,2005 Bleakwood Ave Monterey Park 91754,D101691B-E8EF-4E42-8BE3-6C5B2FC4D033_2005_Bleakwood_Ave_Monterey_Park_91754,Bleakwood,2005 Bleakwood Avenue Ave Monterey Park 91754,,,,
738426,1317776,,5251003024.0,,2001.0,,,,,,Bleakwood,Avenue,,,,,,,,,,,,,91754.0,,Monterey Park,Monterey Park,,,,,Monterey Park,{8F100F4E-72E9-444A-8DF3-1CBFBFBC2C67},0,,8F100F4E-72E9-444A-8DF3-1CBFBFBC2C67,Unknown,,,,,Ave,Bleakwood Ave,2018/10/23 10:27:26+00,2001 Bleakwood Ave Monterey Park 91754,8F100F4E-72E9-444A-8DF3-1CBFBFBC2C67_2001_Bleakwood_Ave_Monterey_Park_91754,Bleakwood,2001 Bleakwood Avenue Ave Monterey Park 91754,,,,
738427,1317777,,5251004003.0,,2058.0,,,,,,Woods,Avenue,,,,,,,,,,,,,91754.0,,Monterey Park,Monterey Park,,,,,Monterey Park,{DA6BB375-EF94-403C-8808-52FA7D848CAB},0,,DA6BB375-EF94-403C-8808-52FA7D848CAB,Unknown,,,,,Ave,Woods Ave,2018/03/06 08:42:41+00,2058 Woods Ave Monterey Park 91754,DA6BB375-EF94-403C-8808-52FA7D848CAB_2058_Woods_Ave_Monterey_Park_91754,Woods,2058 Woods Avenue Ave Monterey Park 91754,,,,
738428,1317778,,5251004005.0,,2066.0,,,,,,Woods,Avenue,,,,,,,,,,,,,91754.0,,Monterey Park,Monterey Park,,,,,Monterey Park,{0B71FFE0-16E4-49C3-91E6-019AB2CED5DD},0,,0B71FFE0-16E4-49C3-91E6-019AB2CED5DD,Unknown,,,,,Ave,Woods Ave,2018/03/06 08:42:41+00,2066 Woods Ave Monterey Park 91754,0B71FFE0-16E4-49C3-91E6-019AB2CED5DD_2066_Woods_Ave_Monterey_Park_91754,Woods,2066 Woods Avenue Ave Monterey Park 91754,,,,
738429,1317779,,5251004006.0,,2070.0,,,,,,Woods,Avenue,,,,,,,,,,,,,91754.0,,Monterey Park,Monterey Park,,,,,Monterey Park,{47A78E1C-063D-4C69-92CD-3991A252DCFB},0,,47A78E1C-063D-4C69-92CD-3991A252DCFB,Unknown,,,,,Ave,Woods Ave,2018/05/15 21:35:33+00,2070 Woods Ave Monterey Park 91754,47A78E1C-063D-4C69-92CD-3991A252DCFB_2070_Woods_Ave_Monterey_Park_91754,Woods,2070 Woods Avenue Ave Monterey Park 91754,,,,
738430,1317780,,5251004007.0,,2074.0,,,,,,Woods,Avenue,,,,,,,,,,,,,91754.0,,Monterey Park,Monterey Park,,,,,Monterey Park,{CC92B369-BEA2-4B66-B906-457E4E5AED25},0,,CC92B369-BEA2-4B66-B906-457E4E5AED25,Unknown,,,,,Ave,Woods Ave,2018/03/06 08:41:27+00,2074 Woods Ave Monterey Park 91754,CC92B369-BEA2-4B66-B906-457E4E5AED25_2074_Woods_Ave_Monterey_Park_91754,Woods,2074 Woods Avenue Ave Monterey Park 91754,,,,
738431,1317781,,5251004008.0,,2078.0,,,,,,Woods,Avenue,,,,,,,,,,,,,91754.0,,Monterey Park,Monterey Park,,,,,Monterey Park,{08C7C634-874F-42FC-9380-04AE4D7EC93D},0,,08C7C634-874F-42FC-9380-04AE4D7EC93D,Unknown,,,,,Ave,Woods Ave,2018/05/15 21:33:19+00,2078 Woods Ave Monterey Park 91754,08C7C634-874F-42FC-9380-04AE4D7EC93D_2078_Woods_Ave_Monterey_Park_91754,Woods,2078 Woods Avenue Ave Monterey Park 91754,,,,
738432,1317782,,5251004012.0,,2094.0,,,,,,Woods,Avenue,,,,,,,,,,,,,91754.0,,Monterey Park,Monterey Park,,,,,Monterey Park,{E385E48C-966B-4072-8FFE-27308B5BFF66},0,,E385E48C-966B-4072-8FFE-27308B5BFF66,Unknown,,,,,Ave,Woods Ave,2018/05/15 21:34:16+00,2094 Woods Ave Monterey Park 91754,E385E48C-966B-4072-8FFE-27308B5BFF66_2094_Woods_Ave_Monterey_Park_91754,Woods,2094 Woods Avenue Ave Monterey Park 91754,,,,
738433,1317783,,5251004014.0,,2089.0,,,,,,Bleakwood,Avenue,,,,,,,,,,,,,91754.0,,Monterey Park,Monterey Park,,,,,Monterey Park,{B8AD9D42-B798-4236-91E8-B9A51C215B90},0,,B8AD9D42-B798-4236-91E8-B9A51C215B90,Unknown,,,,,Ave,Bleakwood Ave,2018/05/15 21:33:19+00,2089 Bleakwood Ave Monterey Park 91754,B8AD9D42-B798-4236-91E8-B9A51C215B90_2089_Bleakwood_Ave_Monterey_Park_91754,Bleakwood,2089 Bleakwood Avenue Ave Monterey Park 91754,,,,
738434,1317784,,5251004017.0,,2077.0,,,,,,Bleakwood,Avenue,,,,,,,,,,,,,91754.0,,Monterey Park,Monterey Park,,,,,Monterey Park,{1E264A08-D24D-40F5-BC71-81C9E496DA6A},0,,1E264A08-D24D-40F5-BC71-81C9E496DA6A,Unknown,,,,,Ave,Bleakwood Ave,2018/05/15 21:36:13+00,2077 Bleakwood Ave Monterey Park 91754,1E264A08-D24D-40F5-BC71-81C9E496DA6A_2077_Bleakwood_Ave_Monterey_Park_91754,Bleakwood,2077 Bleakwood Avenue Ave Monterey Park 91754,,,,
738435,1317785,,5251004018.0,,2073.0,,,,,,Bleakwood,Avenue,,,,,,,,,,,,,91754.0,,Monterey Park,Monterey Park,,,,,Monterey Park,{1D101D3B-312F-43CF-A11F-5D8C95BDE294},0,,1D101D3B-312F-43CF-A11F-5D8C95BDE294,Unknown,,,,,Ave,Bleakwood Ave,2018/03/06 08:41:53+00,2073 Bleakwood Ave Monterey Park 91754,1D101D3B-312F-43CF-A11F-5D8C95BDE294_2073_Bleakwood_Ave_Monterey_Park_91754,Bleakwood,2073 Bleakwood Avenue Ave Monterey Park 91754,,,,
738436,1317786,,5251004019.0,,2069.0,,,,,,Bleakwood,Avenue,,,,,,,,,,,,,91754.0,,Monterey Park,Monterey Park,,,,,Monterey Park,{6A623920-309E-458F-BBC5-C21D4785F186},0,,6A623920-309E-458F-BBC5-C21D4785F186,Unknown,,,,,Ave,Bleakwood Ave,2018/03/06 08:42:18+00,2069 Bleakwood Ave Monterey Park 91754,6A623920-309E-458F-BBC5-C21D4785F186_2069_Bleakwood_Ave_Monterey_Park_91754,Bleakwood,2069 Bleakwood Avenue Ave Monterey Park 91754,,,,
738437,1317787,,5251004020.0,,2065.0,,,,,,Bleakwood,Avenue,,,,,,,,,,,,,91754.0,,Monterey Park,Monterey Park,,,,,Monterey Park,{13927A5B-B814-4282-8EE1-64ECC9E1AE16},0,,13927A5B-B814-4282-8EE1-64ECC9E1AE16,Unknown,,,,,Ave,Bleakwood Ave,2018/05/15 21:36:13+00,2065 Bleakwood Ave Monterey Park 91754,13927A5B-B814-4282-8EE1-64ECC9E1AE16_2065_Bleakwood_Ave_Monterey_Park_91754,Bleakwood,2065 Bleakwood Avenue Ave Monterey Park 91754,,,,
738438,1317788,,5251004021.0,,2061.0,,,,,,Bleakwood,Avenue,,,,,,,,,,,,,91754.0,,Monterey Park,Monterey Park,,,,,Monterey Park,{586E40D0-3D51-44C8-9DAD-90CA3F33629E},0,,586E40D0-3D51-44C8-9DAD-90CA3F33629E,Unknown,,,,,Ave,Bleakwood Ave,2018/05/15 21:35:33+00,2061 Bleakwood Ave Monterey Park 91754,586E40D0-3D51-44C8-9DAD-90CA3F33629E_2061_Bleakwood_Ave_Monterey_Park_91754,Bleakwood,2061 Bleakwood Avenue Ave Monterey Park 91754,,,,
738439,1317789,,5251004022.0,,2057.0,,,,,,Bleakwood,Avenue,,,,,,,,,,,,,91754.0,,Monterey Park,Monterey Park,,,,,Monterey Park,{6A32AD59-994D-46C7-8F96-80D53587EA8C},0,,6A32AD59-994D-46C7-8F96-80D53587EA8C,Unknown,,,,,Ave,Bleakwood Ave,2018/03/06 08:42:18+00,2057 Bleakwood Ave Monterey Park 91754,6A32AD59-994D-46C7-8F96-80D53587EA8C_2057_Bleakwood_Ave_Monterey_Park_91754,Bleakwood,2057 Bleakwood Avenue Ave Monterey Park 91754,,,,
738440,1317790,,5251005005.0,,2018.0,,,,,,Vancouver,Avenue,,,,,,,,,,,,,91754.0,,Monterey Park,Monterey Park,,,,,Monterey Park,{47D003EC-EABF-4787-935B-7A48A27C1B5A},0,,47D003EC-EABF-4787-935B-7A48A27C1B5A,Unknown,,,,,Ave,Vancouver Ave,2018/05/15 21:34:58+00,2018 Vancouver Ave Monterey Park 91754,47D003EC-EABF-4787-935B-7A48A27C1B5A_2018_Vancouver_Ave_Monterey_Park_91754,Vancouver,2018 Vancouver Avenue Ave Monterey Park 91754,,,,
738441,1317791,,5251005008.0,,2030.0,,,,,,Vancouver,Avenue,,,,,,,,,,,,,91754.0,,Monterey Park,Monterey Park,,,,,Monterey Park,{F45130F3-9BE9-4186-8C5B-F01E92CDB454},0,,F45130F3-9BE9-4186-8C5B-F01E92CDB454,Unknown,,,,,Ave,Vancouver Ave,2018/05/15 21:35:33+00,2030 Vancouver Ave Monterey Park 91754,F45130F3-9BE9-4186-8C5B-F01E92CDB454_2030_Vancouver_Ave_Monterey_Park_91754,Vancouver,2030 Vancouver Avenue Ave Monterey Park 91754,,,,
738442,1317792,,5251005010.0,,2038.0,,,,,,Vancouver,Avenue,,,,,,,,,,,,,91754.0,,Monterey Park,Monterey Park,,,,,Monterey Park,{38516D5E-6812-4ED9-8BF6-B1C6CD673BE1},0,,38516D5E-6812-4ED9-8BF6-B1C6CD673BE1,Unknown,,,,,Ave,Vancouver Ave,2018/03/06 08:41:53+00,2038 Vancouver Ave Monterey Park 91754,38516D5E-6812-4ED9-8BF6-B1C6CD673BE1_2038_Vancouver_Ave_Monterey_Park_91754,Vancouver,2038 Vancouver Avenue Ave Monterey Park 91754,,,,
738443,1317793,,5251005011.0,,2042.0,,,,,,Vancouver,Avenue,,,,,,,,,,,,,91754.0,,Monterey Park,Monterey Park,,,,,Monterey Park,{E0147FF2-43B6-46D1-8565-0F7FB5D345E8},0,,E0147FF2-43B6-46D1-8565-0F7FB5D345E8,Unknown,,,,,Ave,Vancouver Ave,2018/03/06 08:42:18+00,2042 Vancouver Ave Monterey Park 91754,E0147FF2-43B6-46D1-8565-0F7FB5D345E8_2042_Vancouver_Ave_Monterey_Park_91754,Vancouver,2042 Vancouver Avenue Ave Monterey Park 91754,,,,
738444,1317794,,5251005014.0,,2041.0,,,,,,Woods,Avenue,,,,,,,,,,,,,91754.0,,Monterey Park,Monterey Park,,,,,Monterey Park,{3DA0DF3A-FB56-4BEF-9F3C-474AF7514B55},0,,3DA0DF3A-FB56-4BEF-9F3C-474AF7514B55,Unknown,,,,,Ave,Woods Ave,2018/05/15 21:35:33+00,2041 Woods Ave Monterey Park 91754,3DA0DF3A-FB56-4BEF-9F3C-474AF7514B55_2041_Woods_Ave_Monterey_Park_91754,Woods,2041 Woods Avenue Ave Monterey Park 91754,,,,
738445,1317795,,5251005016.0,,2033.0,,,,,,Woods,Avenue,,,,,,,,,,,,,91754.0,,Monterey Park,Monterey Park,,,,,Monterey Park,{770E9378-B258-4967-A19C-E9ADE5CA2FEE},0,,770E9378-B258-4967-A19C-E9ADE5CA2FEE,Unknown,,,,,Ave,Woods Ave,2018/05/15 21:34:16+00,2033 Woods Ave Monterey Park 91754,770E9378-B258-4967-A19C-E9ADE5CA2FEE_2033_Woods_Ave_Monterey_Park_91754,Woods,2033 Woods Avenue Ave Monterey Park 91754,,,,
738446,1317796,,5251005017.0,,2029.0,,,,,,Woods,Avenue,,,,,,,,,,,,,91754.0,,Monterey Park,Monterey Park,,,,,Monterey Park,{133C20FC-13EB-4161-91EB-13BA876BED4A},0,,133C20FC-13EB-4161-91EB-13BA876BED4A,Unknown,,,,,Ave,Woods Ave,2018/05/15 21:34:16+00,2029 Woods Ave Monterey Park 91754,133C20FC-13EB-4161-91EB-13BA876BED4A_2029_Woods_Ave_Monterey_Park_91754,Woods,2029 Woods Avenue Ave Monterey Park 91754,,,,
738447,1317797,,5251005018.0,,2025.0,,,,,,Woods,Avenue,,,,,,,,,,,,,91754.0,,Monterey Park,Monterey Park,,,,,Monterey Park,{FD05F3F2-D2D1-48F1-B15A-25593FDE534D},0,,FD05F3F2-D2D1-48F1-B15A-25593FDE534D,Unknown,,,,,Ave,Woods Ave,2018/05/15 21:36:13+00,2025 Woods Ave Monterey Park 91754,FD05F3F2-D2D1-48F1-B15A-25593FDE534D_2025_Woods_Ave_Monterey_Park_91754,Woods,2025 Woods Avenue Ave Monterey Park 91754,,,,
738448,1317798,,5251005019.0,,2021.0,,,,,,Woods,Avenue,,,,,,,,,,,,,91754.0,,Monterey Park,Monterey Park,,,,,Monterey Park,{96BBC1C6-6F3B-412C-833F-D4C4228AA30E},0,,96BBC1C6-6F3B-412C-833F-D4C4228AA30E,Unknown,,,,,Ave,Woods Ave,2018/03/06 08:41:27+00,2021 Woods Ave Monterey Park 91754,96BBC1C6-6F3B-412C-833F-D4C4228AA30E_2021_Woods_Ave_Monterey_Park_91754,Woods,2021 Woods Avenue Ave Monterey Park 91754,,,,
738449,1317799,,5251005022.0,,2009.0,,,,,,Woods,Avenue,,,,,,,,,,,,,91754.0,,Monterey Park,Monterey Park,,,,,Monterey Park,{D548E2F5-40A3-4BAF-A1CF-F28A3C0139C9},0,,D548E2F5-40A3-4BAF-A1CF-F28A3C0139C9,Unknown,,,,,Ave,Woods Ave,2018/03/06 08:42:18+00,2009 Woods Ave Monterey Park 91754,D548E2F5-40A3-4BAF-A1CF-F28A3C0139C9_2009_Woods_Ave_Monterey_Park_91754,Woods,2009 Woods Avenue Ave Monterey Park 91754,,,,
738450,1317800,,5251005023.0,,2005.0,,,,,,Woods,Avenue,,,,,,,,,,,,,91754.0,,Monterey Park,Monterey Park,,,,,Monterey Park,{853A7F5A-060E-4A16-B090-4DCDEDF11836},0,,853A7F5A-060E-4A16-B090-4DCDEDF11836,Unknown,,,,,Ave,Woods Ave,2018/05/15 21:34:16+00,2005 Woods Ave Monterey Park 91754,853A7F5A-060E-4A16-B090-4DCDEDF11836_2005_Woods_Ave_Monterey_Park_91754,Woods,2005 Woods Avenue Ave Monterey Park 91754,,,,
738451,1317801,,5251006001.0,,2050.0,,,,,,Vancouver,Avenue,,,,,,,,,,,,,91754.0,,Monterey Park,Monterey Park,,,,,Monterey Park,{741E2012-15FC-495B-91B7-6DDF653F6382},0,,741E2012-15FC-495B-91B7-6DDF653F6382,Unknown,,,,,Ave,Vancouver Ave,2018/05/15 21:35:33+00,2050 Vancouver Ave Monterey Park 91754,741E2012-15FC-495B-91B7-6DDF653F6382_2050_Vancouver_Ave_Monterey_Park_91754,Vancouver,2050 Vancouver Avenue Ave Monterey Park 91754,,,,
738452,1317802,,5251006002.0,,2054.0,,,,,,Vancouver,Avenue,,,,,,,,,,,,,91754.0,,Monterey Park,Monterey Park,,,,,Monterey Park,{370B97AB-3568-4C7B-BEF6-38554C5CBEA3},0,,370B97AB-3568-4C7B-BEF6-38554C5CBEA3,Unknown,,,,,Ave,Vancouver Ave,2018/10/23 10:26:50+00,2054 Vancouver Ave Monterey Park 91754,370B97AB-3568-4C7B-BEF6-38554C5CBEA3_2054_Vancouver_Ave_Monterey_Park_91754,Vancouver,2054 Vancouver Avenue Ave Monterey Park 91754,,,,
738453,1317803,,5251006003.0,,2058.0,,,,,,Vancouver,Avenue,,,,,,,,,,,,,91754.0,,Monterey Park,Monterey Park,,,,,Monterey Park,{5AD440F0-71D5-4759-B2C2-B83046364903},0,,5AD440F0-71D5-4759-B2C2-B83046364903,Unknown,,,,,Ave,Vancouver Ave,2018/10/23 09:32:45+00,2058 Vancouver Ave Monterey Park 91754,5AD440F0-71D5-4759-B2C2-B83046364903_2058_Vancouver_Ave_Monterey_Park_91754,Vancouver,2058 Vancouver Avenue Ave Monterey Park 91754,,,,
738454,1317804,,5251006004.0,,2062.0,,,,,,Vancouver,Avenue,,,,,,,,,,,,,91754.0,,Monterey Park,Monterey Park,,,,,Monterey Park,{B021C80A-E666-4628-8180-D84E60F2077E},0,,B021C80A-E666-4628-8180-D84E60F2077E,Unknown,,,,,Ave,Vancouver Ave,2018/03/06 08:42:18+00,2062 Vancouver Ave Monterey Park 91754,B021C80A-E666-4628-8180-D84E60F2077E_2062_Vancouver_Ave_Monterey_Park_91754,Vancouver,2062 Vancouver Avenue Ave Monterey Park 91754,,,,
738455,1317805,,5251006005.0,,2066.0,,,,,,Vancouver,Avenue,,,,,,,,,,,,,91754.0,,Monterey Park,Monterey Park,,,,,Monterey Park,{213C6F78-F7BB-4167-A8B5-2883D83DA7BE},0,,213C6F78-F7BB-4167-A8B5-2883D83DA7BE,Unknown,,,,,Ave,Vancouver Ave,2018/03/06 08:41:53+00,2066 Vancouver Ave Monterey Park 91754,213C6F78-F7BB-4167-A8B5-2883D83DA7BE_2066_Vancouver_Ave_Monterey_Park_91754,Vancouver,2066 Vancouver Avenue Ave Monterey Park 91754,,,,
738456,1317806,,5251006006.0,,2070.0,,,,,,Vancouver,Avenue,,,,,,,,,,,,,91754.0,,Monterey Park,Monterey Park,,,,,Monterey Park,{ECF28D93-4C69-40E0-94E2-B169DD585EF2},0,,ECF28D93-4C69-40E0-94E2-B169DD585EF2,Unknown,,,,,Ave,Vancouver Ave,2018/03/06 08:42:41+00,2070 Vancouver Ave Monterey Park 91754,ECF28D93-4C69-40E0-94E2-B169DD585EF2_2070_Vancouver_Ave_Monterey_Park_91754,Vancouver,2070 Vancouver Avenue Ave Monterey Park 91754,,,,
738457,1317807,,5251006007.0,,2074.0,,,,,,Vancouver,Avenue,,,,,,,,,,,,,91754.0,,Monterey Park,Monterey Park,,,,,Monterey Park,{AC57C5FD-19E5-405B-BE9C-44AC198874A8},0,,AC57C5FD-19E5-405B-BE9C-44AC198874A8,Unknown,,,,,Ave,Vancouver Ave,2018/03/06 08:42:18+00,2074 Vancouver Ave Monterey Park 91754,AC57C5FD-19E5-405B-BE9C-44AC198874A8_2074_Vancouver_Ave_Monterey_Park_91754,Vancouver,2074 Vancouver Avenue Ave Monterey Park 91754,,,,
738458,1317808,,5251006008.0,,2078.0,,,,,,Vancouver,Avenue,,,,,,,,,,,,,91754.0,,Monterey Park,Monterey Park,,,,,Monterey Park,{2A752E17-03B0-413B-B936-D955AEF6D97C},0,,2A752E17-03B0-413B-B936-D955AEF6D97C,Unknown,,,,,Ave,Vancouver Ave,2018/03/06 08:43:04+00,2078 Vancouver Ave Monterey Park 91754,2A752E17-03B0-413B-B936-D955AEF6D97C_2078_Vancouver_Ave_Monterey_Park_91754,Vancouver,2078 Vancouver Avenue Ave Monterey Park 91754,,,,
738459,1317809,,5251006009.0,,2082.0,,,,,,Vancouver,Avenue,,,,,,,,,,,,,91754.0,,Monterey Park,Monterey Park,,,,,Monterey Park,{98B78782-2667-461D-B6DC-C2F85B0B2EAA},0,,98B78782-2667-461D-B6DC-C2F85B0B2EAA,Unknown,,,,,Ave,Vancouver Ave,2018/05/15 21:35:33+00,2082 Vancouver Ave Monterey Park 91754,98B78782-2667-461D-B6DC-C2F85B0B2EAA_2082_Vancouver_Ave_Monterey_Park_91754,Vancouver,2082 Vancouver Avenue Ave Monterey Park 91754,,,,
738460,1317810,,5251006010.0,,2086.0,,,,,,Vancouver,Avenue,,,,,,,,,,,,,91754.0,,Monterey Park,Monterey Park,,,,,Monterey Park,{164EE6A8-441D-4430-8620-8D33C7DA7C8C},0,,164EE6A8-441D-4430-8620-8D33C7DA7C8C,Unknown,,,,,Ave,Vancouver Ave,2018/05/15 21:36:48+00,2086 Vancouver Ave Monterey Park 91754,164EE6A8-441D-4430-8620-8D33C7DA7C8C_2086_Vancouver_Ave_Monterey_Park_91754,Vancouver,2086 Vancouver Avenue Ave Monterey Park 91754,,,,
738461,1317811,,5251006011.0,,2090.0,,,,,,Vancouver,Avenue,,,,,,,,,,,,,91754.0,,Monterey Park,Monterey Park,,,,,Monterey Park,{FEE488DB-65D4-4AEA-9FC6-D32C3F144D9D},0,,FEE488DB-65D4-4AEA-9FC6-D32C3F144D9D,Unknown,,,,,Ave,Vancouver Ave,2018/05/15 21:34:16+00,2090 Vancouver Ave Monterey Park 91754,FEE488DB-65D4-4AEA-9FC6-D32C3F144D9D_2090_Vancouver_Ave_Monterey_Park_91754,Vancouver,2090 Vancouver Avenue Ave Monterey Park 91754,,,,
738462,1317812,,5251006012.0,,2094.0,,,,,,Vancouver,Avenue,,,,,,,,,,,,,91754.0,,Monterey Park,Monterey Park,,,,,Monterey Park,{B8E65FBB-964D-4B90-ACD3-9D15BC988B5F},0,,B8E65FBB-964D-4B90-ACD3-9D15BC988B5F,Unknown,,,,,Ave,Vancouver Ave,2018/03/06 08:42:41+00,2094 Vancouver Ave Monterey Park 91754,B8E65FBB-964D-4B90-ACD3-9D15BC988B5F_2094_Vancouver_Ave_Monterey_Park_91754,Vancouver,2094 Vancouver Avenue Ave Monterey Park 91754,,,,
738463,1317813,,5251006013.0,,2093.0,,,,,,Woods,Avenue,,,,,,,,,,,,,91754.0,,Monterey Park,Monterey Park,,,,,Monterey Park,{93789C42-BF8E-47B8-A666-E39163305578},0,,93789C42-BF8E-47B8-A666-E39163305578,Unknown,,,,,Ave,Woods Ave,2018/05/15 21:34:16+00,2093 Woods Ave Monterey Park 91754,93789C42-BF8E-47B8-A666-E39163305578_2093_Woods_Ave_Monterey_Park_91754,Woods,2093 Woods Avenue Ave Monterey Park 91754,,,,
738464,1317814,,5251006014.0,,2089.0,,,,,,Woods,Avenue,,,,,,,,,,,,,91754.0,,Monterey Park,Monterey Park,,,,,Monterey Park,{9E08260D-AA4B-49D2-A903-4008D27C6D78},0,,9E08260D-AA4B-49D2-A903-4008D27C6D78,Unknown,,,,,Ave,Woods Ave,2018/03/06 08:41:53+00,2089 Woods Ave Monterey Park 91754,9E08260D-AA4B-49D2-A903-4008D27C6D78_2089_Woods_Ave_Monterey_Park_91754,Woods,2089 Woods Avenue Ave Monterey Park 91754,,,,
738465,1317815,,5251006015.0,,2085.0,,,,,,Woods,Avenue,,,,,,,,,,,,,91754.0,,Monterey Park,Monterey Park,,,,,Monterey Park,{69CAD32C-AF3B-4C31-AE30-1CA124601DA8},0,,69CAD32C-AF3B-4C31-AE30-1CA124601DA8,Unknown,,,,,Ave,Woods Ave,2018/10/23 09:33:34+00,2085 Woods Ave Monterey Park 91754,69CAD32C-AF3B-4C31-AE30-1CA124601DA8_2085_Woods_Ave_Monterey_Park_91754,Woods,2085 Woods Avenue Ave Monterey Park 91754,,,,
738466,1317816,,5251006016.0,,2081.0,,,,,,Woods,Avenue,,,,,,,,,,,,,91754.0,,Monterey Park,Monterey Park,,,,,Monterey Park,{823718E9-77E9-47B1-ADB3-D536A63263B1},0,,823718E9-77E9-47B1-ADB3-D536A63263B1,Unknown,,,,,Ave,Woods Ave,2018/03/06 08:42:41+00,2081 Woods Ave Monterey Park 91754,823718E9-77E9-47B1-ADB3-D536A63263B1_2081_Woods_Ave_Monterey_Park_91754,Woods,2081 Woods Avenue Ave Monterey Park 91754,,,,
738467,1317817,,5251006017.0,,2077.0,,,,,,Woods,Avenue,,,,,,,,,,,,,91754.0,,Monterey Park,Monterey Park,,,,,Monterey Park,{54E9AC8E-BED8-4148-8032-8FE21EE63A60},0,,54E9AC8E-BED8-4148-8032-8FE21EE63A60,Unknown,,,,,Ave,Woods Ave,2018/03/06 08:43:27+00,2077 Woods Ave Monterey Park 91754,54E9AC8E-BED8-4148-8032-8FE21EE63A60_2077_Woods_Ave_Monterey_Park_91754,Woods,2077 Woods Avenue Ave Monterey Park 91754,,,,
738468,1317818,,5251006018.0,,2073.0,,,,,,Woods,Avenue,,,,,,,,,,,,,91754.0,,Monterey Park,Monterey Park,,,,,Monterey Park,{3F9D311F-D9F9-46BF-9C9D-B963439D4717},0,,3F9D311F-D9F9-46BF-9C9D-B963439D4717,Unknown,,,,,Ave,Woods Ave,2018/10/23 09:30:57+00,2073 Woods Ave Monterey Park 91754,3F9D311F-D9F9-46BF-9C9D-B963439D4717_2073_Woods_Ave_Monterey_Park_91754,Woods,2073 Woods Avenue Ave Monterey Park 91754,,,,
738469,1317819,,5251006019.0,,2069.0,,,,,,Woods,Avenue,,,,,,,,,,,,,91754.0,,Monterey Park,Monterey Park,,,,,Monterey Park,{0EB5FD81-57DE-4757-9968-2D3C6CC433EA},0,,0EB5FD81-57DE-4757-9968-2D3C6CC433EA,Unknown,,,,,Ave,Woods Ave,2018/05/15 21:36:13+00,2069 Woods Ave Monterey Park 91754,0EB5FD81-57DE-4757-9968-2D3C6CC433EA_2069_Woods_Ave_Monterey_Park_91754,Woods,2069 Woods Avenue Ave Monterey Park 91754,,,,
738470,1317820,,5251006020.0,,2065.0,,,,,,Woods,Avenue,,,,,,,,,,,,,91754.0,,Monterey Park,Monterey Park,,,,,Monterey Park,{7EBF041D-1FF4-4D12-927A-34C29986AC50},0,,7EBF041D-1FF4-4D12-927A-34C29986AC50,Unknown,,,,,Ave,Woods Ave,2018/10/23 10:27:26+00,2065 Woods Ave Monterey Park 91754,7EBF041D-1FF4-4D12-927A-34C29986AC50_2065_Woods_Ave_Monterey_Park_91754,Woods,2065 Woods Avenue Ave Monterey Park 91754,,,,
738471,1317821,,5251006021.0,,2061.0,,,,,,Woods,Avenue,,,,,,,,,,,,,91754.0,,Monterey Park,Monterey Park,,,,,Monterey Park,{116ED722-92FE-4372-AC53-B1C217694D9B},0,,116ED722-92FE-4372-AC53-B1C217694D9B,Unknown,,,,,Ave,Woods Ave,2018/10/23 10:27:26+00,2061 Woods Ave Monterey Park 91754,116ED722-92FE-4372-AC53-B1C217694D9B_2061_Woods_Ave_Monterey_Park_91754,Woods,2061 Woods Avenue Ave Monterey Park 91754,,,,
738472,1317822,,5251006022.0,,2057.0,,,,,,Woods,Avenue,,,,,,,,,,,,,91754.0,,Monterey Park,Monterey Park,,,,,Monterey Park,{1B2703DC-64EA-4C29-8E44-B137A1EB6C2D},0,,1B2703DC-64EA-4C29-8E44-B137A1EB6C2D,Unknown,,,,,Ave,Woods Ave,2018/10/23 09:33:34+00,2057 Woods Ave Monterey Park 91754,1B2703DC-64EA-4C29-8E44-B137A1EB6C2D_2057_Woods_Ave_Monterey_Park_91754,Woods,2057 Woods Avenue Ave Monterey Park 91754,,,,
738473,1317823,,5251006023.0,,2053.0,,,,,,Woods,Avenue,,,,,,,,,,,,,91754.0,,Monterey Park,Monterey Park,,,,,Monterey Park,{7DF64020-2227-4DDC-B08D-EC799E0E74F5},0,,7DF64020-2227-4DDC-B08D-EC799E0E74F5,Unknown,,,,,Ave,Woods Ave,2018/10/23 10:27:26+00,2053 Woods Ave Monterey Park 91754,7DF64020-2227-4DDC-B08D-EC799E0E74F5_2053_Woods_Ave_Monterey_Park_91754,Woods,2053 Woods Avenue Ave Monterey Park 91754,,,,
738474,1317824,,5251006024.0,,2049.0,,,,,,Woods,Avenue,,,,,,,,,,,,,91754.0,,Monterey Park,Monterey Park,,,,,Monterey Park,{221E21F3-252D-4D84-AC03-EEF55886ADC1},0,,221E21F3-252D-4D84-AC03-EEF55886ADC1,Unknown,,,,,Ave,Woods Ave,2018/10/23 09:33:34+00,2049 Woods Ave Monterey Park 91754,221E21F3-252D-4D84-AC03-EEF55886ADC1_2049_Woods_Ave_Monterey_Park_91754,Woods,2049 Woods Avenue Ave Monterey Park 91754,,,,
738475,1317825,,5251007001.0,,2093.0,,,,,,Vancouver,Avenue,,,,,,,,,,,,,91754.0,,Monterey Park,Monterey Park,,,,,Monterey Park,{6EA7C384-A7C5-4FFC-8AD8-8212B950D341},0,,6EA7C384-A7C5-4FFC-8AD8-8212B950D341,Unknown,,,,,Ave,Vancouver Ave,2018/03/06 08:41:27+00,2093 Vancouver Ave Monterey Park 91754,6EA7C384-A7C5-4FFC-8AD8-8212B950D341_2093_Vancouver_Ave_Monterey_Park_91754,Vancouver,2093 Vancouver Avenue Ave Monterey Park 91754,,,,
738476,1317826,,5251007002.0,,2089.0,,,,,,Vancouver,Avenue,,,,,,,,,,,,,91754.0,,Monterey Park,Monterey Park,,,,,Monterey Park,{C1010449-2612-4F5B-9910-C385BC052069},0,,C1010449-2612-4F5B-9910-C385BC052069,Unknown,,,,,Ave,Vancouver Ave,2018/10/23 09:32:45+00,2089 Vancouver Ave Monterey Park 91754,C1010449-2612-4F5B-9910-C385BC052069_2089_Vancouver_Ave_Monterey_Park_91754,Vancouver,2089 Vancouver Avenue Ave Monterey Park 91754,,,,
738477,1317827,,5251007003.0,,2085.0,,,,,,Vancouver,Avenue,,,,,,,,,,,,,91754.0,,Monterey Park,Monterey Park,,,,,Monterey Park,{A77F155F-87B0-43CA-B1B3-D7E4F14DCF9C},0,,A77F155F-87B0-43CA-B1B3-D7E4F14DCF9C,Unknown,,,,,Ave,Vancouver Ave,2018/10/23 10:15:27+00,2085 Vancouver Ave Monterey Park 91754,A77F155F-87B0-43CA-B1B3-D7E4F14DCF9C_2085_Vancouver_Ave_Monterey_Park_91754,Vancouver,2085 Vancouver Avenue Ave Monterey Park 91754,,,,
738478,1317828,,5251007004.0,,2081.0,,,,,,Vancouver,Avenue,,,,,,,,,,,,,91754.0,,Monterey Park,Monterey Park,,,,,Monterey Park,{7BE77AB9-2F8A-40F7-9D34-30E1CB2E1E69},0,,7BE77AB9-2F8A-40F7-9D34-30E1CB2E1E69,Unknown,,,,,Ave,Vancouver Ave,2018/10/23 09:34:08+00,2081 Vancouver Ave Monterey Park 91754,7BE77AB9-2F8A-40F7-9D34-30E1CB2E1E69_2081_Vancouver_Ave_Monterey_Park_91754,Vancouver,2081 Vancouver Avenue Ave Monterey Park 91754,,,,
738479,1317829,,5251007005.0,,2077.0,,,,,,Vancouver,Avenue,,,,,,,,,,,,,91754.0,,Monterey Park,Monterey Park,,,,,Monterey Park,{B4433C15-9FC3-49F2-B61C-B8D3641B4B4E},0,,B4433C15-9FC3-49F2-B61C-B8D3641B4B4E,Unknown,,,,,Ave,Vancouver Ave,2018/05/15 21:35:33+00,2077 Vancouver Ave Monterey Park 91754,B4433C15-9FC3-49F2-B61C-B8D3641B4B4E_2077_Vancouver_Ave_Monterey_Park_91754,Vancouver,2077 Vancouver Avenue Ave Monterey Park 91754,,,,
738480,1317830,,5251007006.0,,2073.0,,,,,,Vancouver,Avenue,,,,,,,,,,,,,91754.0,,Monterey Park,Monterey Park,,,,,Monterey Park,{EB450155-AB4A-471F-AB6A-CEBCE0727F7E},0,,EB450155-AB4A-471F-AB6A-CEBCE0727F7E,Unknown,,,,,Ave,Vancouver Ave,2018/05/15 21:35:33+00,2073 Vancouver Ave Monterey Park 91754,EB450155-AB4A-471F-AB6A-CEBCE0727F7E_2073_Vancouver_Ave_Monterey_Park_91754,Vancouver,2073 Vancouver Avenue Ave Monterey Park 91754,,,,
738481,1317831,,5251007007.0,,2069.0,,,,,,Vancouver,Avenue,,,,,,,,,,,,,91754.0,,Monterey Park,Monterey Park,,,,,Monterey Park,{1E254429-358C-4E10-9D80-D2C1D1CDBFA4},0,,1E254429-358C-4E10-9D80-D2C1D1CDBFA4,Unknown,,,,,Ave,Vancouver Ave,2018/10/23 09:33:34+00,2069 Vancouver Ave Monterey Park 91754,1E254429-358C-4E10-9D80-D2C1D1CDBFA4_2069_Vancouver_Ave_Monterey_Park_91754,Vancouver,2069 Vancouver Avenue Ave Monterey Park 91754,,,,
738482,1317832,,5251007008.0,,2065.0,,,,,,Vancouver,Avenue,,,,,,,,,,,,,91754.0,,Monterey Park,Monterey Park,,,,,Monterey Park,{1B2CCB82-6B77-4ADF-AF04-F2AE1A83118A},0,,1B2CCB82-6B77-4ADF-AF04-F2AE1A83118A,Unknown,,,,,Ave,Vancouver Ave,2018/05/15 21:34:58+00,2065 Vancouver Ave Monterey Park 91754,1B2CCB82-6B77-4ADF-AF04-F2AE1A83118A_2065_Vancouver_Ave_Monterey_Park_91754,Vancouver,2065 Vancouver Avenue Ave Monterey Park 91754,,,,
738483,1317833,,5251007009.0,,2061.0,,,,,,Vancouver,Avenue,,,,,,,,,,,,,91754.0,,Monterey Park,Monterey Park,,,,,Monterey Park,{F9DB4B91-1690-4508-8CAA-D6E266144B89},0,,F9DB4B91-1690-4508-8CAA-D6E266144B89,Unknown,,,,,Ave,Vancouver Ave,2018/10/23 10:27:26+00,2061 Vancouver Ave Monterey Park 91754,F9DB4B91-1690-4508-8CAA-D6E266144B89_2061_Vancouver_Ave_Monterey_Park_91754,Vancouver,2061 Vancouver Avenue Ave Monterey Park 91754,,,,
738484,1317834,,5251007010.0,,2057.0,,,,,,Vancouver,Avenue,,,,,,,,,,,,,91754.0,,Monterey Park,Monterey Park,,,,,Monterey Park,{823C0039-92E9-4521-9AC0-416778D49E05},0,,823C0039-92E9-4521-9AC0-416778D49E05,Unknown,,,,,Ave,Vancouver Ave,2018/10/23 10:27:26+00,2057 Vancouver Ave Monterey Park 91754,823C0039-92E9-4521-9AC0-416778D49E05_2057_Vancouver_Ave_Monterey_Park_91754,Vancouver,2057 Vancouver Avenue Ave Monterey Park 91754,,,,
738485,1317835,,5251007010.0,,2059.0,,,,,,Vancouver,Avenue,,,,,,,,,,,,,91754.0,,Monterey Park,Monterey Park,,,,,Assessor,{EB86FA8B-D38F-4C7C-9E83-887CD9E43C62},0,,EB86FA8B-D38F-4C7C-9E83-887CD9E43C62,Unknown,,,,,Ave,Vancouver Ave,2024/04/27 17:13:09+00,2059 Vancouver Ave Monterey Park 91754,EB86FA8B-D38F-4C7C-9E83-887CD9E43C62_2059_Vancouver_Ave_Monterey_Park_91754,Vancouver,2059 Vancouver Avenue Ave Monterey Park 91754,,,,
738486,1317836,,5251007011.0,,2053.0,,,,,,Vancouver,Avenue,,,,,,,,,,,,,91754.0,,Monterey Park,Monterey Park,,,,,Monterey Park,{7F33ACCB-3E84-4E7E-AE3B-17E41774F651},0,,7F33ACCB-3E84-4E7E-AE3B-17E41774F651,Unknown,,,,,Ave,Vancouver Ave,2018/03/06 08:41:27+00,2053 Vancouver Ave Monterey Park 91754,7F33ACCB-3E84-4E7E-AE3B-17E41774F651_2053_Vancouver_Ave_Monterey_Park_91754,Vancouver,2053 Vancouver Avenue Ave Monterey Park 91754,,,,
738487,1317837,,5251007012.0,,2049.0,,,,,,Vancouver,Avenue,,,,,,,,,,,,,91754.0,,Monterey Park,Monterey Park,,,,,Monterey Park,{85E6E344-BBDF-4DCC-BD86-DA644A00C3D4},0,,85E6E344-BBDF-4DCC-BD86-DA644A00C3D4,Unknown,,,,,Ave,Vancouver Ave,2018/10/23 09:34:08+00,2049 Vancouver Ave Monterey Park 91754,85E6E344-BBDF-4DCC-BD86-DA644A00C3D4_2049_Vancouver_Ave_Monterey_Park_91754,Vancouver,2049 Vancouver Avenue Ave Monterey Park 91754,,,,
738488,1317838,,5251007013.0,,2045.0,,,,,,Vancouver,Avenue,,,,,,,,,,,,,91754.0,,Monterey Park,Monterey Park,,,,,Monterey Park,{21748632-C2A1-48B8-9337-7DFDAECACF7E},0,,21748632-C2A1-48B8-9337-7DFDAECACF7E,Unknown,,,,,Ave,Vancouver Ave,2018/10/23 10:27:26+00,2045 Vancouver Ave Monterey Park 91754,21748632-C2A1-48B8-9337-7DFDAECACF7E_2045_Vancouver_Ave_Monterey_Park_91754,Vancouver,2045 Vancouver Avenue Ave Monterey Park 91754,,,,
738489,1317839,,5251007014.0,,2041.0,,,,,,Vancouver,Avenue,,,,,,,,,,,,,91754.0,,Monterey Park,Monterey Park,,,,,Monterey Park,{7D1F8595-3311-498B-83C4-F0D0A0C3F400},0,,7D1F8595-3311-498B-83C4-F0D0A0C3F400,Unknown,,,,,Ave,Vancouver Ave,2018/10/23 09:34:08+00,2041 Vancouver Ave Monterey Park 91754,7D1F8595-3311-498B-83C4-F0D0A0C3F400_2041_Vancouver_Ave_Monterey_Park_91754,Vancouver,2041 Vancouver Avenue Ave Monterey Park 91754,,,,
738490,1317840,,5251007015.0,,2037.0,,,,,,Vancouver,Avenue,,,,,,,,,,,,,91754.0,,Monterey Park,Monterey Park,,,,,Monterey Park,{782F7AE9-4F1E-40EE-BFAC-C040D01CC769},0,,782F7AE9-4F1E-40EE-BFAC-C040D01CC769,Unknown,,,,,Ave,Vancouver Ave,2018/05/15 21:35:33+00,2037 Vancouver Ave Monterey Park 91754,782F7AE9-4F1E-40EE-BFAC-C040D01CC769_2037_Vancouver_Ave_Monterey_Park_91754,Vancouver,2037 Vancouver Avenue Ave Monterey Park 91754,,,,
738491,1317841,,5251007016.0,,2033.0,,,,,,Vancouver,Avenue,,,,,,,,,,,,,91754.0,,Monterey Park,Monterey Park,,,,,Monterey Park,{657D940B-530F-422F-BE9A-A15353A79816},0,,657D940B-530F-422F-BE9A-A15353A79816,Unknown,,,,,Ave,Vancouver Ave,2018/10/23 10:28:08+00,2033 Vancouver Ave Monterey Park 91754,657D940B-530F-422F-BE9A-A15353A79816_2033_Vancouver_Ave_Monterey_Park_91754,Vancouver,2033 Vancouver Avenue Ave Monterey Park 91754,,,,
738492,1317842,,5251007017.0,,2029.0,,,,,,Vancouver,Avenue,,,,,,,,,,,,,91754.0,,Monterey Park,Monterey Park,,,,,Monterey Park,{5524BCF8-91B6-4418-B8BA-31C6E7A0B559},0,,5524BCF8-91B6-4418-B8BA-31C6E7A0B559,Unknown,,,,,Ave,Vancouver Ave,2018/10/23 09:33:34+00,2029 Vancouver Ave Monterey Park 91754,5524BCF8-91B6-4418-B8BA-31C6E7A0B559_2029_Vancouver_Ave_Monterey_Park_91754,Vancouver,2029 Vancouver Avenue Ave Monterey Park 91754,,,,
738493,1317843,,5251007018.0,,2025.0,,,,,,Vancouver,Avenue,,,,,,,,,,,,,91754.0,,Monterey Park,Monterey Park,,,,,Monterey Park,{4248F18C-F516-4264-973F-FF141ABDE44B},0,,4248F18C-F516-4264-973F-FF141ABDE44B,Unknown,,,,,Ave,Vancouver Ave,2018/05/15 21:36:13+00,2025 Vancouver Ave Monterey Park 91754,4248F18C-F516-4264-973F-FF141ABDE44B_2025_Vancouver_Ave_Monterey_Park_91754,Vancouver,2025 Vancouver Avenue Ave Monterey Park 91754,,,,
738494,1317844,,5251007019.0,,2021.0,,,,,,Vancouver,Avenue,,,,,,,,,,,,,91754.0,,Monterey Park,Monterey Park,,,,,Monterey Park,{3596EFC7-8099-4433-8145-A05D257379D7},0,,3596EFC7-8099-4433-8145-A05D257379D7,Unknown,,,,,Ave,Vancouver Ave,2018/03/06 08:42:18+00,2021 Vancouver Ave Monterey Park 91754,3596EFC7-8099-4433-8145-A05D257379D7_2021_Vancouver_Ave_Monterey_Park_91754,Vancouver,2021 Vancouver Avenue Ave Monterey Park 91754,,,,
738495,1317845,,5251007020.0,,2017.0,,,,,,Vancouver,Avenue,,,,,,,,,,,,,91754.0,,Monterey Park,Monterey Park,,,,,Monterey Park,{DD293FCA-2271-47F6-977E-5F4B90182C0A},0,,DD293FCA-2271-47F6-977E-5F4B90182C0A,Unknown,,,,,Ave,Vancouver Ave,2018/03/06 08:42:41+00,2017 Vancouver Ave Monterey Park 91754,DD293FCA-2271-47F6-977E-5F4B90182C0A_2017_Vancouver_Ave_Monterey_Park_91754,Vancouver,2017 Vancouver Avenue Ave Monterey Park 91754,,,,
738496,1317846,,5251007021.0,,2013.0,,,,,,Vancouver,Avenue,,,,,,,,,,,,,91754.0,,Monterey Park,Monterey Park,,,,,Monterey Park,{2E4A62ED-4483-4C10-BEB6-DA5591228209},0,,2E4A62ED-4483-4C10-BEB6-DA5591228209,Unknown,,,,,Ave,Vancouver Ave,2018/10/23 09:35:15+00,2013 Vancouver Ave Monterey Park 91754,2E4A62ED-4483-4C10-BEB6-DA5591228209_2013_Vancouver_Ave_Monterey_Park_91754,Vancouver,2013 Vancouver Avenue Ave Monterey Park 91754,,,,
738497,1317847,,5251007022.0,,2009.0,,,,,,Vancouver,Avenue,,,,,,,,,,,,,91754.0,,Monterey Park,Monterey Park,,,,,Monterey Park,{4D08096A-6A5F-40BE-A36B-5AE18EA65278},0,,4D08096A-6A5F-40BE-A36B-5AE18EA65278,Unknown,,,,,Ave,Vancouver Ave,2018/05/15 21:34:58+00,2009 Vancouver Ave Monterey Park 91754,4D08096A-6A5F-40BE-A36B-5AE18EA65278_2009_Vancouver_Ave_Monterey_Park_91754,Vancouver,2009 Vancouver Avenue Ave Monterey Park 91754,,,,
738498,1317848,,5251007023.0,,2005.0,,,,,,Vancouver,Avenue,,,,,,,,,,,,,91754.0,,Monterey Park,Monterey Park,,,,,Monterey Park,{7EB920A4-900C-425B-BC8D-B55CB072B67E},0,,7EB920A4-900C-425B-BC8D-B55CB072B67E,Unknown,,,,,Ave,Vancouver Ave,2018/03/06 08:41:53+00,2005 Vancouver Ave Monterey Park 91754,7EB920A4-900C-425B-BC8D-B55CB072B67E_2005_Vancouver_Ave_Monterey_Park_91754,Vancouver,2005 Vancouver Avenue Ave Monterey Park 91754,,,,
738499,1317849,,5251007024.0,,2001.0,,,,,,Vancouver,Avenue,,,,,,,,,,,,,91754.0,,Monterey Park,Monterey Park,,,,,Monterey Park,{645100AF-F344-439F-9510-03260CEC4E84},0,,645100AF-F344-439F-9510-03260CEC4E84,Unknown,,,,,Ave,Vancouver Ave,2018/10/23 10:29:39+00,2001 Vancouver Ave Monterey Park 91754,645100AF-F344-439F-9510-03260CEC4E84_2001_Vancouver_Ave_Monterey_Park_91754,Vancouver,2001 Vancouver Avenue Ave Monterey Park 91754,,,,
738868,1318218,,5251010001.0,,2399.0,,,,,,Vancouver,Avenue,,,,,,,,,,,,,91754.0,,Monterey Park,Monterey Park,,,,,Monterey Park,{82EFF8A9-FC53-41CF-8CE4-DE851E563B9D},0,,82EFF8A9-FC53-41CF-8CE4-DE851E563B9D,Unknown,,,,,Ave,Vancouver Ave,2018/07/10 23:24:20+00,2399 Vancouver Ave Monterey Park 91754,82EFF8A9-FC53-41CF-8CE4-DE851E563B9D_2399_Vancouver_Ave_Monterey_Park_91754,Vancouver,2399 Vancouver Avenue Ave Monterey Park 91754,,,,
738869,1318219,,5251010002.0,,2397.0,,,,,,Vancouver,Avenue,,,,,,,,,,,,,91754.0,,Monterey Park,Monterey Park,,,,,Monterey Park,{2DE9BC1C-871C-4801-9737-B74DF996AA92},0,,2DE9BC1C-871C-4801-9737-B74DF996AA92,Unknown,,,,,Ave,Vancouver Ave,2018/03/30 13:07:37+00,2397 Vancouver Ave Monterey Park 91754,2DE9BC1C-871C-4801-9737-B74DF996AA92_2397_Vancouver_Ave_Monterey_Park_91754,Vancouver,2397 Vancouver Avenue Ave Monterey Park 91754,,,,
738870,1318220,,5251010003.0,,2395.0,,,,,,Vancouver,Avenue,,,,,,,,,,,,,91754.0,,Monterey Park,Monterey Park,,,,,Monterey Park,{D8535926-718A-4120-9208-54A99C3E3524},0,,D8535926-718A-4120-9208-54A99C3E3524,Unknown,,,,,Ave,Vancouver Ave,2018/03/30 13:06:51+00,2395 Vancouver Ave Monterey Park 91754,D8535926-718A-4120-9208-54A99C3E3524_2395_Vancouver_Ave_Monterey_Park_91754,Vancouver,2395 Vancouver Avenue Ave Monterey Park 91754,,,,
738871,1318221,,5251010004.0,,2391.0,,,,,,Vancouver,Avenue,,,,,,,,,,,,,91754.0,,Monterey Park,Monterey Park,,,,,Monterey Park,{2199979F-4894-45D1-867D-FD803814D16B},0,,2199979F-4894-45D1-867D-FD803814D16B,Unknown,,,,,Ave,Vancouver Ave,2018/03/06 08:43:04+00,2391 Vancouver Ave Monterey Park 91754,2199979F-4894-45D1-867D-FD803814D16B_2391_Vancouver_Ave_Monterey_Park_91754,Vancouver,2391 Vancouver Avenue Ave Monterey Park 91754,,,,
738872,1318222,,5251010005.0,,2387.0,,,,,,Vancouver,Avenue,,,,,,,,,,,,,91754.0,,Monterey Park,Monterey Park,,,,,Monterey Park,{FEF3DAE8-BE90-47A1-84D7-58B0A4F4A65D},0,,FEF3DAE8-BE90-47A1-84D7-58B0A4F4A65D,Unknown,,,,,Ave,Vancouver Ave,2018/10/28 19:11:49+00,2387 Vancouver Ave Monterey Park 91754,FEF3DAE8-BE90-47A1-84D7-58B0A4F4A65D_2387_Vancouver_Ave_Monterey_Park_91754,Vancouver,2387 Vancouver Avenue Ave Monterey Park 91754,,,,
738873,1318223,,5251010006.0,,2383.0,,,,,,Vancouver,Avenue,,,,,,,,,,,,,91754.0,,Monterey Park,Monterey Park,,,,,Monterey Park,{073D7295-E028-4AF4-8BD5-3462CC03D993},0,,073D7295-E028-4AF4-8BD5-3462CC03D993,Unknown,,,,,Ave,Vancouver Ave,2018/07/10 23:19:40+00,2383 Vancouver Ave Monterey Park 91754,073D7295-E028-4AF4-8BD5-3462CC03D993_2383_Vancouver_Ave_Monterey_Park_91754,Vancouver,2383 Vancouver Avenue Ave Monterey Park 91754,,,,
738874,1318224,,5251010007.0,,2379.0,,,,,,Vancouver,Avenue,,,,,,,,,,,,,91754.0,,Monterey Park,Monterey Park,,,,,Monterey Park,{0CCA5D26-BE81-463E-B2E7-FB8721F3329B},0,,0CCA5D26-BE81-463E-B2E7-FB8721F3329B,Unknown,,,,,Ave,Vancouver Ave,2018/11/02 04:28:27+00,2379 Vancouver Ave Monterey Park 91754,0CCA5D26-BE81-463E-B2E7-FB8721F3329B_2379_Vancouver_Ave_Monterey_Park_91754,Vancouver,2379 Vancouver Avenue Ave Monterey Park 91754,,,,
738875,1318225,,5251010008.0,,2375.0,,,,,,Vancouver,Avenue,,,,,,,,,,,,,91754.0,,Monterey Park,Monterey Park,,,,,Monterey Park,{9044EC95-C9CC-4B6C-A50E-9BFB3C89B7EF},0,,9044EC95-C9CC-4B6C-A50E-9BFB3C89B7EF,Unknown,,,,,Ave,Vancouver Ave,2018/10/29 23:59:35+00,2375 Vancouver Ave Monterey Park 91754,9044EC95-C9CC-4B6C-A50E-9BFB3C89B7EF_2375_Vancouver_Ave_Monterey_Park_91754,Vancouver,2375 Vancouver Avenue Ave Monterey Park 91754,,,,
738876,1318226,,5251010009.0,,2371.0,,,,,,Vancouver,Avenue,,,,,,,,,,,,,91754.0,,Monterey Park,Monterey Park,,,,,Monterey Park,{9F82092C-AD0F-4E46-B65B-56A2EAB060FF},0,,9F82092C-AD0F-4E46-B65B-56A2EAB060FF,Unknown,,,,,Ave,Vancouver Ave,2018/03/30 13:07:37+00,2371 Vancouver Ave Monterey Park 91754,9F82092C-AD0F-4E46-B65B-56A2EAB060FF_2371_Vancouver_Ave_Monterey_Park_91754,Vancouver,2371 Vancouver Avenue Ave Monterey Park 91754,,,,
738877,1318227,,5251010010.0,,2367.0,,,,,,Vancouver,Avenue,,,,,,,,,,,,,91754.0,,Monterey Park,Monterey Park,,,,,Monterey Park,{89D8E61A-C390-4690-8B09-D74057C14A3F},0,,89D8E61A-C390-4690-8B09-D74057C14A3F,Unknown,,,,,Ave,Vancouver Ave,2018/11/04 20:22:35+00,2367 Vancouver Ave Monterey Park 91754,89D8E61A-C390-4690-8B09-D74057C14A3F_2367_Vancouver_Ave_Monterey_Park_91754,Vancouver,2367 Vancouver Avenue Ave Monterey Park 91754,,,,
738878,1318228,,5251010011.0,,2020.0,,,,Avenida,,Cesar Chavez,,,,,,,,,,,,,,91754.0,,Monterey Park,Monterey Park,,,,,Monterey Park,{E3E700BE-B23D-4144-88E7-1736B9A273C7},0,,E3E700BE-B23D-4144-88E7-1736B9A273C7,Unknown,,,,Avenida,,Avenida Cesar Chavez,2018/10/23 09:30:57+00,2020 Avenida Cesar Chavez Monterey Park 91754,E3E700BE-B23D-4144-88E7-1736B9A273C7_2020_Avenida_Cesar_Chavez_Monterey_Park_91754,Avenida Cesar Chavez,2020 Avenida Cesar Chavez Monterey Park 91754,,,,
738879,1318229,,5251010012.0,,2010.0,,,,Avenida,,Cesar Chavez,,,,,,,,,,,,,,91754.0,,Monterey Park,Monterey Park,,,,,Monterey Park,{3DC45FDE-9773-41A9-BBF4-4B34383EFF88},0,,3DC45FDE-9773-41A9-BBF4-4B34383EFF88,Unknown,,,,Avenida,,Avenida Cesar Chavez,2018/10/23 10:28:53+00,2010 Avenida Cesar Chavez Monterey Park 91754,3DC45FDE-9773-41A9-BBF4-4B34383EFF88_2010_Avenida_Cesar_Chavez_Monterey_Park_91754,Avenida Cesar Chavez,2010 Avenida Cesar Chavez Monterey Park 91754,,,,
738880,1318230,,5251010013.0,,2000.0,,,,Avenida,,Cesar Chavez,,,,,,,,,,,,,,91754.0,,Monterey Park,Monterey Park,,,,,Monterey Park,{297176A3-8E4F-416D-8D98-F7B52E51E1B1},0,,297176A3-8E4F-416D-8D98-F7B52E51E1B1,Unknown,,,,Avenida,,Avenida Cesar Chavez,2018/11/04 20:24:14+00,2000 Avenida Cesar Chavez Monterey Park 91754,297176A3-8E4F-416D-8D98-F7B52E51E1B1_2000_Avenida_Cesar_Chavez_Monterey_Park_91754,Avenida Cesar Chavez,2000 Avenida Cesar Chavez Monterey Park 91754,,,,
738881,1318231,,5251010014.0,,2323.0,,,,,,Vancouver,Avenue,,,,,,,,,,,,,91754.0,,Monterey Park,Monterey Park,,,,,Monterey Park,{3F31B487-963D-4E8C-81C0-9B4AA640100F},0,,3F31B487-963D-4E8C-81C0-9B4AA640100F,Unknown,,,,,Ave,Vancouver Ave,2018/10/23 10:27:26+00,2323 Vancouver Ave Monterey Park 91754,3F31B487-963D-4E8C-81C0-9B4AA640100F_2323_Vancouver_Ave_Monterey_Park_91754,Vancouver,2323 Vancouver Avenue Ave Monterey Park 91754,,,,
738882,1318232,,5251010015.0,,2327.0,,,,,,Vancouver,Avenue,,,,,,,,,,,,,91754.0,,Monterey Park,Monterey Park,,,,,Monterey Park,{4828E9C5-AE87-4DFC-96D5-DFB74EC10DB5},0,,4828E9C5-AE87-4DFC-96D5-DFB74EC10DB5,Unknown,,,,,Ave,Vancouver Ave,2018/03/06 08:42:41+00,2327 Vancouver Ave Monterey Park 91754,4828E9C5-AE87-4DFC-96D5-DFB74EC10DB5_2327_Vancouver_Ave_Monterey_Park_91754,Vancouver,2327 Vancouver Avenue Ave Monterey Park 91754,,,,
738883,1318233,,5251010016.0,,2331.0,,,,,,Vancouver,Avenue,,,,,,,,,,,,,91754.0,,Monterey Park,Monterey Park,,,,,Monterey Park,{9B5FA48C-2DFF-4592-BCE5-287CB0A90DEA},0,,9B5FA48C-2DFF-4592-BCE5-287CB0A90DEA,Unknown,,,,,Ave,Vancouver Ave,2018/07/10 23:19:40+00,2331 Vancouver Ave Monterey Park 91754,9B5FA48C-2DFF-4592-BCE5-287CB0A90DEA_2331_Vancouver_Ave_Monterey_Park_91754,Vancouver,2331 Vancouver Avenue Ave Monterey Park 91754,,,,
738884,1318234,,5251010017.0,,2335.0,,,,,,Vancouver,Avenue,,,,,,,,,,,,,91754.0,,Monterey Park,Monterey Park,,,,,Monterey Park,{7C8F9033-8891-4812-A95A-FD5FF2FEB3B3},0,,7C8F9033-8891-4812-A95A-FD5FF2FEB3B3,Unknown,,,,,Ave,Vancouver Ave,2018/03/30 13:06:51+00,2335 Vancouver Ave Monterey Park 91754,7C8F9033-8891-4812-A95A-FD5FF2FEB3B3_2335_Vancouver_Ave_Monterey_Park_91754,Vancouver,2335 Vancouver Avenue Ave Monterey Park 91754,,,,
738885,1318235,,5251010018.0,,2339.0,,,,,,Vancouver,Avenue,,,,,,,,,,,,,91754.0,,Monterey Park,Monterey Park,,,,,Monterey Park,{76CFC5A8-D430-41B4-BB57-EFC5E0C0B100},0,,76CFC5A8-D430-41B4-BB57-EFC5E0C0B100,Unknown,,,,,Ave,Vancouver Ave,2018/05/15 21:36:13+00,2339 Vancouver Ave Monterey Park 91754,76CFC5A8-D430-41B4-BB57-EFC5E0C0B100_2339_Vancouver_Ave_Monterey_Park_91754,Vancouver,2339 Vancouver Avenue Ave Monterey Park 91754,,,,
738886,1318236,,5251010019.0,,2343.0,,,,,,Vancouver,Avenue,,,,,,,,,,,,,91754.0,,Monterey Park,Monterey Park,,,,,Monterey Park,{B8886783-3F90-4F5A-A7A0-4BEC2EC0FE80},0,,B8886783-3F90-4F5A-A7A0-4BEC2EC0FE80,Unknown,,,,,Ave,Vancouver Ave,2018/10/23 10:27:26+00,2343 Vancouver Ave Monterey Park 91754,B8886783-3F90-4F5A-A7A0-4BEC2EC0FE80_2343_Vancouver_Ave_Monterey_Park_91754,Vancouver,2343 Vancouver Avenue Ave Monterey Park 91754,,,,
738887,1318237,,5251010020.0,,2347.0,,,,,,Vancouver,Avenue,,,,,,,,,,,,,91754.0,,Monterey Park,Monterey Park,,,,,Monterey Park,{D17E4688-DC75-422E-9647-61ED47E726BB},0,,D17E4688-DC75-422E-9647-61ED47E726BB,Unknown,,,,,Ave,Vancouver Ave,2018/07/10 23:28:47+00,2347 Vancouver Ave Monterey Park 91754,D17E4688-DC75-422E-9647-61ED47E726BB_2347_Vancouver_Ave_Monterey_Park_91754,Vancouver,2347 Vancouver Avenue Ave Monterey Park 91754,,,,
738888,1318238,,5251010021.0,,2351.0,,,,,,Vancouver,Avenue,,,,,,,,,,,,,91754.0,,Monterey Park,Monterey Park,,,,,Monterey Park,{853A33DE-6185-4C10-90DF-FF9E8819EFF6},0,,853A33DE-6185-4C10-90DF-FF9E8819EFF6,Unknown,,,,,Ave,Vancouver Ave,2018/03/06 08:43:04+00,2351 Vancouver Ave Monterey Park 91754,853A33DE-6185-4C10-90DF-FF9E8819EFF6_2351_Vancouver_Ave_Monterey_Park_91754,Vancouver,2351 Vancouver Avenue Ave Monterey Park 91754,,,,
738889,1318239,,5251010022.0,,2355.0,,,,,,Vancouver,Avenue,,,,,,,,,,,,,91754.0,,Monterey Park,Monterey Park,,,,,Monterey Park,{833EBD35-E35B-4667-9F69-5134CDF00AFA},0,,833EBD35-E35B-4667-9F69-5134CDF00AFA,Unknown,,,,,Ave,Vancouver Ave,2018/07/10 23:28:47+00,2355 Vancouver Ave Monterey Park 91754,833EBD35-E35B-4667-9F69-5134CDF00AFA_2355_Vancouver_Ave_Monterey_Park_91754,Vancouver,2355 Vancouver Avenue Ave Monterey Park 91754,,,,
738890,1318240,,5251010023.0,,2359.0,,,,,,Vancouver,Avenue,,,,,,,,,,,,,91754.0,,Monterey Park,Monterey Park,,,,,Monterey Park,{248320C0-B367-4C9D-B7B0-E1AFCACD717E},0,,248320C0-B367-4C9D-B7B0-E1AFCACD717E,Unknown,,,,,Ave,Vancouver Ave,2018/07/10 23:24:20+00,2359 Vancouver Ave Monterey Park 91754,248320C0-B367-4C9D-B7B0-E1AFCACD717E_2359_Vancouver_Ave_Monterey_Park_91754,Vancouver,2359 Vancouver Avenue Ave Monterey Park 91754,,,,
738891,1318241,,5251010024.0,,2363.0,,,,,,Vancouver,Avenue,,,,,,,,,,,,,91754.0,,Monterey Park,Monterey Park,,,,,Monterey Park,{93B07948-E28B-4648-8924-FA55DD20C388},0,,93B07948-E28B-4648-8924-FA55DD20C388,Unknown,,,,,Ave,Vancouver Ave,2018/05/15 21:34:58+00,2363 Vancouver Ave Monterey Park 91754,93B07948-E28B-4648-8924-FA55DD20C388_2363_Vancouver_Ave_Monterey_Park_91754,Vancouver,2363 Vancouver Avenue Ave Monterey Park 91754,,,,
738892,1318242,,5251011001.0,,2330.0,,,,,,Vancouver,Avenue,,,,,,,,,,,,,91754.0,,Monterey Park,Monterey Park,,,,,Monterey Park,{FEB85C91-75E2-448F-87D7-10E739AA0EF5},0,,FEB85C91-75E2-448F-87D7-10E739AA0EF5,Unknown,,,,,Ave,Vancouver Ave,2018/10/23 10:28:08+00,2330 Vancouver Ave Monterey Park 91754,FEB85C91-75E2-448F-87D7-10E739AA0EF5_2330_Vancouver_Ave_Monterey_Park_91754,Vancouver,2330 Vancouver Avenue Ave Monterey Park 91754,,,,
738893,1318243,,5251011002.0,,2334.0,,,,,,Vancouver,Avenue,,,,,,,,,,,,,91754.0,,Monterey Park,Monterey Park,,,,,Monterey Park,{AE751BCF-2A12-4F3D-94B0-44F41B53FFF1},0,,AE751BCF-2A12-4F3D-94B0-44F41B53FFF1,Unknown,,,,,Ave,Vancouver Ave,2018/10/23 09:33:07+00,2334 Vancouver Ave Monterey Park 91754,AE751BCF-2A12-4F3D-94B0-44F41B53FFF1_2334_Vancouver_Ave_Monterey_Park_91754,Vancouver,2334 Vancouver Avenue Ave Monterey Park 91754,,,,
738894,1318244,,5251011003.0,,2338.0,,,,,,Vancouver,Avenue,,,,,,,,,,,,,91754.0,,Monterey Park,Monterey Park,,,,,Monterey Park,{AC3D1B26-3D8A-4FAE-AF59-F12089434C1F},0,,AC3D1B26-3D8A-4FAE-AF59-F12089434C1F,Unknown,,,,,Ave,Vancouver Ave,2018/05/15 21:36:48+00,2338 Vancouver Ave Monterey Park 91754,AC3D1B26-3D8A-4FAE-AF59-F12089434C1F_2338_Vancouver_Ave_Monterey_Park_91754,Vancouver,2338 Vancouver Avenue Ave Monterey Park 91754,,,,
738895,1318245,,5251011004.0,,2342.0,,,,,,Vancouver,Avenue,,,,,,,,,,,,,91754.0,,Monterey Park,Monterey Park,,,,,Monterey Park,{D8475862-CB48-4439-A37F-A2C190E0ABB3},0,,D8475862-CB48-4439-A37F-A2C190E0ABB3,Unknown,,,,,Ave,Vancouver Ave,2018/10/23 09:34:41+00,2342 Vancouver Ave Monterey Park 91754,D8475862-CB48-4439-A37F-A2C190E0ABB3_2342_Vancouver_Ave_Monterey_Park_91754,Vancouver,2342 Vancouver Avenue Ave Monterey Park 91754,,,,
738896,1318246,,5251011005.0,,2346.0,,,,,,Vancouver,Avenue,,,,,,,,,,,,,91754.0,,Monterey Park,Monterey Park,,,,,Monterey Park,{12667415-E4C2-4FD0-AC09-E829C9127145},0,,12667415-E4C2-4FD0-AC09-E829C9127145,Unknown,,,,,Ave,Vancouver Ave,2018/10/23 10:27:26+00,2346 Vancouver Ave Monterey Park 91754,12667415-E4C2-4FD0-AC09-E829C9127145_2346_Vancouver_Ave_Monterey_Park_91754,Vancouver,2346 Vancouver Avenue Ave Monterey Park 91754,,,,
738897,1318247,,5251011006.0,,2350.0,,,,,,Vancouver,Avenue,,,,,,,,,,,,,91754.0,,Monterey Park,Monterey Park,,,,,Monterey Park,{92483A61-1BAF-4B8E-926E-76106FC76AB2},0,,92483A61-1BAF-4B8E-926E-76106FC76AB2,Unknown,,,,,Ave,Vancouver Ave,2018/10/23 10:28:08+00,2350 Vancouver Ave Monterey Park 91754,92483A61-1BAF-4B8E-926E-76106FC76AB2_2350_Vancouver_Ave_Monterey_Park_91754,Vancouver,2350 Vancouver Avenue Ave Monterey Park 91754,,,,
738898,1318248,,5251011007.0,,2354.0,,,,,,Vancouver,Avenue,,,,,,,,,,,,,91754.0,,Monterey Park,Monterey Park,,,,,Monterey Park,{810D1AD2-9139-47A1-9A72-3998D46E674B},0,,810D1AD2-9139-47A1-9A72-3998D46E674B,Unknown,,,,,Ave,Vancouver Ave,2018/10/23 10:27:26+00,2354 Vancouver Ave Monterey Park 91754,810D1AD2-9139-47A1-9A72-3998D46E674B_2354_Vancouver_Ave_Monterey_Park_91754,Vancouver,2354 Vancouver Avenue Ave Monterey Park 91754,,,,
738899,1318249,,5251011008.0,,2358.0,,,,,,Vancouver,Avenue,,,,,,,,,,,,,91754.0,,Monterey Park,Monterey Park,,,,,Monterey Park,{C67A6189-0726-4CE8-BDAB-15CDE8CA84F5},0,,C67A6189-0726-4CE8-BDAB-15CDE8CA84F5,Unknown,,,,,Ave,Vancouver Ave,2018/03/06 08:42:18+00,2358 Vancouver Ave Monterey Park 91754,C67A6189-0726-4CE8-BDAB-15CDE8CA84F5_2358_Vancouver_Ave_Monterey_Park_91754,Vancouver,2358 Vancouver Avenue Ave Monterey Park 91754,,,,
738900,1318250,,5251011009.0,,2362.0,,,,,,Vancouver,Avenue,,,,,,,,,,,,,91754.0,,Monterey Park,Monterey Park,,,,,Monterey Park,{9375825C-0ADD-4BED-92AF-EF2C02CCF94A},0,,9375825C-0ADD-4BED-92AF-EF2C02CCF94A,Unknown,,,,,Ave,Vancouver Ave,2018/05/15 21:35:33+00,2362 Vancouver Ave Monterey Park 91754,9375825C-0ADD-4BED-92AF-EF2C02CCF94A_2362_Vancouver_Ave_Monterey_Park_91754,Vancouver,2362 Vancouver Avenue Ave Monterey Park 91754,,,,
738901,1318251,,5251011010.0,,2361.0,,,,,,Woods,Avenue,,,,,,,,,,,,,91754.0,,Monterey Park,Monterey Park,,,,,Monterey Park,{EB9872BD-B314-48AD-88AD-273BAEB15390},0,,EB9872BD-B314-48AD-88AD-273BAEB15390,Unknown,,,,,Ave,Woods Ave,2018/10/23 09:35:15+00,2361 Woods Ave Monterey Park 91754,EB9872BD-B314-48AD-88AD-273BAEB15390_2361_Woods_Ave_Monterey_Park_91754,Woods,2361 Woods Avenue Ave Monterey Park 91754,,,,
738902,1318252,,5251011011.0,,2357.0,,,,,,Woods,Avenue,,,,,,,,,,,,,91754.0,,Monterey Park,Monterey Park,,,,,Monterey Park,{1EC0B48F-D189-4EB1-A836-CD790BE68790},0,,1EC0B48F-D189-4EB1-A836-CD790BE68790,Unknown,,,,,Ave,Woods Ave,2018/03/06 08:43:04+00,2357 Woods Ave Monterey Park 91754,1EC0B48F-D189-4EB1-A836-CD790BE68790_2357_Woods_Ave_Monterey_Park_91754,Woods,2357 Woods Avenue Ave Monterey Park 91754,,,,
738903,1318253,,5251011012.0,,2353.0,,,,,,Woods,Avenue,,,,,,,,,,,,,91754.0,,Monterey Park,Monterey Park,,,,,Monterey Park,{CC7161DC-4034-402D-A6CC-2A06DF9B797B},0,,CC7161DC-4034-402D-A6CC-2A06DF9B797B,Unknown,,,,,Ave,Woods Ave,2018/10/28 18:53:55+00,2353 Woods Ave Monterey Park 91754,CC7161DC-4034-402D-A6CC-2A06DF9B797B_2353_Woods_Ave_Monterey_Park_91754,Woods,2353 Woods Avenue Ave Monterey Park 91754,,,,
738904,1318254,,5251011013.0,,2349.0,,,,,,Woods,Avenue,,,,,,,,,,,,,91754.0,,Monterey Park,Monterey Park,,,,,Monterey Park,{5BC474AA-53F8-4975-9068-236E0D4A8C68},0,,5BC474AA-53F8-4975-9068-236E0D4A8C68,Unknown,,,,,Ave,Woods Ave,2018/05/15 21:35:33+00,2349 Woods Ave Monterey Park 91754,5BC474AA-53F8-4975-9068-236E0D4A8C68_2349_Woods_Ave_Monterey_Park_91754,Woods,2349 Woods Avenue Ave Monterey Park 91754,,,,
738905,1318255,,5251011014.0,,2345.0,,,,,,Woods,Avenue,,,,,,,,,,,,,91754.0,,Monterey Park,Monterey Park,,,,,Monterey Park,{16F33CE7-39B0-4E64-8590-A72C2C9D4683},0,,16F33CE7-39B0-4E64-8590-A72C2C9D4683,Unknown,,,,,Ave,Woods Ave,2018/07/10 23:28:47+00,2345 Woods Ave Monterey Park 91754,16F33CE7-39B0-4E64-8590-A72C2C9D4683_2345_Woods_Ave_Monterey_Park_91754,Woods,2345 Woods Avenue Ave Monterey Park 91754,,,,
738906,1318256,,5251011015.0,,2341.0,,,,,,Woods,Avenue,,,,,,,,,,,,,91754.0,,Monterey Park,Monterey Park,,,,,Monterey Park,{93C94301-7F4F-477F-8382-D9177E82E1C7},0,,93C94301-7F4F-477F-8382-D9177E82E1C7,Unknown,,,,,Ave,Woods Ave,2018/10/30 00:03:56+00,2341 Woods Ave Monterey Park 91754,93C94301-7F4F-477F-8382-D9177E82E1C7_2341_Woods_Ave_Monterey_Park_91754,Woods,2341 Woods Avenue Ave Monterey Park 91754,,,,
738907,1318257,,5251011016.0,,2337.0,,,,,,Woods,Avenue,,,,,,,,,,,,,91754.0,,Monterey Park,Monterey Park,,,,,Monterey Park,{359A4D46-1A07-461A-9EBD-4870AE7D14C0},0,,359A4D46-1A07-461A-9EBD-4870AE7D14C0,Unknown,,,,,Ave,Woods Ave,2018/03/30 13:07:37+00,2337 Woods Ave Monterey Park 91754,359A4D46-1A07-461A-9EBD-4870AE7D14C0_2337_Woods_Ave_Monterey_Park_91754,Woods,2337 Woods Avenue Ave Monterey Park 91754,,,,
738908,1318258,,5251011017.0,,2333.0,,,,,,Woods,Avenue,,,,,,,,,,,,,91754.0,,Monterey Park,Monterey Park,,,,,Monterey Park,{DA075217-5BBD-418E-AE13-CC85E10035FA},0,,DA075217-5BBD-418E-AE13-CC85E10035FA,Unknown,,,,,Ave,Woods Ave,2018/10/23 10:27:26+00,2333 Woods Ave Monterey Park 91754,DA075217-5BBD-418E-AE13-CC85E10035FA_2333_Woods_Ave_Monterey_Park_91754,Woods,2333 Woods Avenue Ave Monterey Park 91754,,,,
738909,1318259,,5251012001.0,,2366.0,,,,,,Vancouver,Avenue,,,,,,,,,,,,,91754.0,,Monterey Park,Monterey Park,,,,,Monterey Park,{1546B0DE-7351-40E0-8DE2-B2FFBA528B6C},0,,1546B0DE-7351-40E0-8DE2-B2FFBA528B6C,Unknown,,,,,Ave,Vancouver Ave,2018/05/15 21:36:13+00,2366 Vancouver Ave Monterey Park 91754,1546B0DE-7351-40E0-8DE2-B2FFBA528B6C_2366_Vancouver_Ave_Monterey_Park_91754,Vancouver,2366 Vancouver Avenue Ave Monterey Park 91754,,,,
738910,1318260,,5251012002.0,,2370.0,,,,,,Vancouver,Avenue,,,,,,,,,,,,,91754.0,,Monterey Park,Monterey Park,,,,,Monterey Park,{75A960B8-A71B-47A8-8F2D-29A033B9E687},0,,75A960B8-A71B-47A8-8F2D-29A033B9E687,Unknown,,,,,Ave,Vancouver Ave,2018/03/06 08:43:27+00,2370 Vancouver Ave Monterey Park 91754,75A960B8-A71B-47A8-8F2D-29A033B9E687_2370_Vancouver_Ave_Monterey_Park_91754,Vancouver,2370 Vancouver Avenue Ave Monterey Park 91754,,,,
738911,1318261,,5251012003.0,,2374.0,,,,,,Vancouver,Avenue,,,,,,,,,,,,,91754.0,,Monterey Park,Monterey Park,,,,,Monterey Park,{9D565106-B251-4F55-8459-1E2067C8D2B2},0,,9D565106-B251-4F55-8459-1E2067C8D2B2,Unknown,,,,,Ave,Vancouver Ave,2018/03/06 08:43:04+00,2374 Vancouver Ave Monterey Park 91754,9D565106-B251-4F55-8459-1E2067C8D2B2_2374_Vancouver_Ave_Monterey_Park_91754,Vancouver,2374 Vancouver Avenue Ave Monterey Park 91754,,,,
738912,1318262,,5251012004.0,,2378.0,,,,,,Vancouver,Avenue,,,,,,,,,,,,,91754.0,,Monterey Park,Monterey Park,,,,,Monterey Park,{6BA14D25-3689-4290-8FF2-24FEB8295A86},0,,6BA14D25-3689-4290-8FF2-24FEB8295A86,Unknown,,,,,Ave,Vancouver Ave,2018/10/23 09:36:03+00,2378 Vancouver Ave Monterey Park 91754,6BA14D25-3689-4290-8FF2-24FEB8295A86_2378_Vancouver_Ave_Monterey_Park_91754,Vancouver,2378 Vancouver Avenue Ave Monterey Park 91754,,,,
738913,1318263,,5251012005.0,,2382.0,,,,,,Vancouver,Avenue,,,,,,,,,,,,,91754.0,,Monterey Park,Monterey Park,,,,,Monterey Park,{6CB81F73-F3E2-4600-9AAE-BA0618575333},0,,6CB81F73-F3E2-4600-9AAE-BA0618575333,Unknown,,,,,Ave,Vancouver Ave,2018/10/23 09:34:41+00,2382 Vancouver Ave Monterey Park 91754,6CB81F73-F3E2-4600-9AAE-BA0618575333_2382_Vancouver_Ave_Monterey_Park_91754,Vancouver,2382 Vancouver Avenue Ave Monterey Park 91754,,,,
738914,1318264,,5251012006.0,,2386.0,,,,,,Vancouver,Avenue,,,,,,,,,,,,,91754.0,,Monterey Park,Monterey Park,,,,,Monterey Park,{7342B3E8-6726-4455-9936-840A839C429F},0,,7342B3E8-6726-4455-9936-840A839C429F,Unknown,,,,,Ave,Vancouver Ave,2018/10/23 10:28:08+00,2386 Vancouver Ave Monterey Park 91754,7342B3E8-6726-4455-9936-840A839C429F_2386_Vancouver_Ave_Monterey_Park_91754,Vancouver,2386 Vancouver Avenue Ave Monterey Park 91754,,,,
738915,1318265,,5251012007.0,,2390.0,,,,,,Vancouver,Avenue,,,,,,,,,,,,,91754.0,,Monterey Park,Monterey Park,,,,,Monterey Park,{B33D3FCF-B547-40DD-9EAD-97E7F2B23228},0,,B33D3FCF-B547-40DD-9EAD-97E7F2B23228,Unknown,,,,,Ave,Vancouver Ave,2018/03/06 08:42:18+00,2390 Vancouver Ave Monterey Park 91754,B33D3FCF-B547-40DD-9EAD-97E7F2B23228_2390_Vancouver_Ave_Monterey_Park_91754,Vancouver,2390 Vancouver Avenue Ave Monterey Park 91754,,,,
738916,1318266,,5251012008.0,,2394.0,,,,,,Vancouver,Avenue,,,,,,,,,,,,,91754.0,,Monterey Park,Monterey Park,,,,,Monterey Park,{1C7E3330-DAB3-47BD-91FF-0A373866F966},0,,1C7E3330-DAB3-47BD-91FF-0A373866F966,Unknown,,,,,Ave,Vancouver Ave,2018/10/23 10:28:08+00,2394 Vancouver Ave Monterey Park 91754,1C7E3330-DAB3-47BD-91FF-0A373866F966_2394_Vancouver_Ave_Monterey_Park_91754,Vancouver,2394 Vancouver Avenue Ave Monterey Park 91754,,,,
738917,1318267,,5251012009.0,,2396.0,,,,,,Vancouver,Avenue,,,,,,,,,,,,,91754.0,,Monterey Park,Monterey Park,,,,,Monterey Park,{D4F6B82F-D7AC-438B-99E8-011D4409FAB0},0,,D4F6B82F-D7AC-438B-99E8-011D4409FAB0,Unknown,,,,,Ave,Vancouver Ave,2018/03/06 08:41:53+00,2396 Vancouver Ave Monterey Park 91754,D4F6B82F-D7AC-438B-99E8-011D4409FAB0_2396_Vancouver_Ave_Monterey_Park_91754,Vancouver,2396 Vancouver Avenue Ave Monterey Park 91754,,,,
738918,1318268,,5251012010.0,,2398.0,,,,,,Vancouver,Avenue,,,,,,,,,,,,,91754.0,,Monterey Park,Monterey Park,,,,,Monterey Park,{FFE7EE90-F810-4C04-A995-7B8220809ECC},0,,FFE7EE90-F810-4C04-A995-7B8220809ECC,Unknown,,,,,Ave,Vancouver Ave,2018/03/30 13:07:37+00,2398 Vancouver Ave Monterey Park 91754,FFE7EE90-F810-4C04-A995-7B8220809ECC_2398_Vancouver_Ave_Monterey_Park_91754,Vancouver,2398 Vancouver Avenue Ave Monterey Park 91754,,,,
738919,1318269,,5251012011.0,,2399.0,,,,,,Woods,Avenue,,,,,,,,,,,,,91754.0,,Monterey Park,Monterey Park,,,,,Monterey Park,{A84FBFA8-EA57-4E93-AA96-851CA443013A},0,,A84FBFA8-EA57-4E93-AA96-851CA443013A,Unknown,,,,,Ave,Woods Ave,2018/07/10 23:24:20+00,2399 Woods Ave Monterey Park 91754,A84FBFA8-EA57-4E93-AA96-851CA443013A_2399_Woods_Ave_Monterey_Park_91754,Woods,2399 Woods Avenue Ave Monterey Park 91754,,,,
738920,1318270,,5251012012.0,,2397.0,,,,,,Woods,Avenue,,,,,,,,,,,,,91754.0,,Monterey Park,Monterey Park,,,,,Monterey Park,{C0DF73A6-0D34-4BAE-9CB9-9BA7850D489F},0,,C0DF73A6-0D34-4BAE-9CB9-9BA7850D489F,Unknown,,,,,Ave,Woods Ave,2018/03/06 08:43:27+00,2397 Woods Ave Monterey Park 91754,C0DF73A6-0D34-4BAE-9CB9-9BA7850D489F_2397_Woods_Ave_Monterey_Park_91754,Woods,2397 Woods Avenue Ave Monterey Park 91754,,,,
738921,1318271,,5251012013.0,,2395.0,,,,,,Woods,Avenue,,,,,,,,,,,,,91754.0,,Monterey Park,Monterey Park,,,,,Monterey Park,{2B4BE2D9-D983-4BF1-A6D9-0AC78780621C},0,,2B4BE2D9-D983-4BF1-A6D9-0AC78780621C,Unknown,,,,,Ave,Woods Ave,2018/03/06 08:42:18+00,2395 Woods Ave Monterey Park 91754,2B4BE2D9-D983-4BF1-A6D9-0AC78780621C_2395_Woods_Ave_Monterey_Park_91754,Woods,2395 Woods Avenue Ave Monterey Park 91754,,,,
738922,1318272,,5251012014.0,,2389.0,,,,,,Woods,Avenue,,,,,,,,,,,,,91754.0,,Monterey Park,Monterey Park,,,,,Monterey Park,{43F9DAAE-B05F-4996-943F-36DDD899AD23},0,,43F9DAAE-B05F-4996-943F-36DDD899AD23,Unknown,,,,,Ave,Woods Ave,2018/10/23 09:34:08+00,2389 Woods Ave Monterey Park 91754,43F9DAAE-B05F-4996-943F-36DDD899AD23_2389_Woods_Ave_Monterey_Park_91754,Woods,2389 Woods Avenue Ave Monterey Park 91754,,,,
738923,1318273,,5251012015.0,,2385.0,,,,,,Woods,Avenue,,,,,,,,,,,,,91754.0,,Monterey Park,Monterey Park,,,,,Monterey Park,{D27B30DA-84D0-4E31-AB7D-8207C09B3367},0,,D27B30DA-84D0-4E31-AB7D-8207C09B3367,Unknown,,,,,Ave,Woods Ave,2018/10/23 09:34:08+00,2385 Woods Ave Monterey Park 91754,D27B30DA-84D0-4E31-AB7D-8207C09B3367_2385_Woods_Ave_Monterey_Park_91754,Woods,2385 Woods Avenue Ave Monterey Park 91754,,,,
738924,1318274,,5251012016.0,,2381.0,,,,,,Woods,Avenue,,,,,,,,,,,,,91754.0,,Monterey Park,Monterey Park,,,,,Monterey Park,{A1667B1B-C245-43A4-925E-6DD06FBDBDBA},0,,A1667B1B-C245-43A4-925E-6DD06FBDBDBA,Unknown,,,,,Ave,Woods Ave,2018/10/23 10:28:08+00,2381 Woods Ave Monterey Park 91754,A1667B1B-C245-43A4-925E-6DD06FBDBDBA_2381_Woods_Ave_Monterey_Park_91754,Woods,2381 Woods Avenue Ave Monterey Park 91754,,,,
738925,1318275,,5251012017.0,,2377.0,,,,,,Woods,Avenue,,,,,,,,,,,,,91754.0,,Monterey Park,Monterey Park,,,,,Monterey Park,{8D5A2EA9-4411-4FC6-8BF4-0AA6ED1301D2},0,,8D5A2EA9-4411-4FC6-8BF4-0AA6ED1301D2,Unknown,,,,,Ave,Woods Ave,2018/03/06 08:43:27+00,2377 Woods Ave Monterey Park 91754,8D5A2EA9-4411-4FC6-8BF4-0AA6ED1301D2_2377_Woods_Ave_Monterey_Park_91754,Woods,2377 Woods Avenue Ave Monterey Park 91754,,,,
738926,1318276,,5251012018.0,,2373.0,,,,,,Woods,Avenue,,,,,,,,,,,,,91754.0,,Monterey Park,Monterey Park,,,,,Monterey Park,{AD931CF0-C1E3-430E-9680-6671B5F21857},0,,AD931CF0-C1E3-430E-9680-6671B5F21857,Unknown,,,,,Ave,Woods Ave,2018/10/23 10:27:26+00,2373 Woods Ave Monterey Park 91754,AD931CF0-C1E3-430E-9680-6671B5F21857_2373_Woods_Ave_Monterey_Park_91754,Woods,2373 Woods Avenue Ave Monterey Park 91754,,,,
738927,1318277,,5251012019.0,,2369.0,,,,,,Woods,Avenue,,,,,,,,,,,,,91754.0,,Monterey Park,Monterey Park,,,,,Monterey Park,{87BEF7C0-5BD1-4411-A6B0-EEB8234DD56C},0,,87BEF7C0-5BD1-4411-A6B0-EEB8234DD56C,Unknown,,,,,Ave,Woods Ave,2018/10/23 10:09:42+00,2369 Woods Ave Monterey Park 91754,87BEF7C0-5BD1-4411-A6B0-EEB8234DD56C_2369_Woods_Ave_Monterey_Park_91754,Woods,2369 Woods Avenue Ave Monterey Park 91754,,,,
738928,1318278,,5251012020.0,,2365.0,,,,,,Woods,Avenue,,,,,,,,,,,,,91754.0,,Monterey Park,Monterey Park,,,,,Monterey Park,{623DD480-5B70-403E-A38C-BBF479406321},0,,623DD480-5B70-403E-A38C-BBF479406321,Unknown,,,,,Ave,Woods Ave,2018/03/06 08:43:04+00,2365 Woods Ave Monterey Park 91754,623DD480-5B70-403E-A38C-BBF479406321_2365_Woods_Ave_Monterey_Park_91754,Woods,2365 Woods Avenue Ave Monterey Park 91754,,,,
738929,1318279,,5251013001.0,,2334.0,,,,,,Woods,Avenue,,,,,,,,,,,,,91754.0,,Monterey Park,Monterey Park,,,,,Monterey Park,{BCAB90A8-226C-45CD-8F14-041472D42250},0,,BCAB90A8-226C-45CD-8F14-041472D42250,Unknown,,,,,Ave,Woods Ave,2018/10/23 09:36:03+00,2334 Woods Ave Monterey Park 91754,BCAB90A8-226C-45CD-8F14-041472D42250_2334_Woods_Ave_Monterey_Park_91754,Woods,2334 Woods Avenue Ave Monterey Park 91754,,,,
738930,1318280,,5251013002.0,,2338.0,,,,,,Woods,Avenue,,,,,,,,,,,,,91754.0,,Monterey Park,Monterey Park,,,,,Monterey Park,{8A350D42-637E-4390-A06F-F5D8EE99DF1A},0,,8A350D42-637E-4390-A06F-F5D8EE99DF1A,Unknown,,,,,Ave,Woods Ave,2018/03/06 08:42:18+00,2338 Woods Ave Monterey Park 91754,8A350D42-637E-4390-A06F-F5D8EE99DF1A_2338_Woods_Ave_Monterey_Park_91754,Woods,2338 Woods Avenue Ave Monterey Park 91754,,,,
738931,1318281,,5251013003.0,,2342.0,,,,,,Woods,Avenue,,,,,,,,,,,,,91754.0,,Monterey Park,Monterey Park,,,,,Monterey Park,{BC38F082-CD96-412F-BA9C-962D1230644E},0,,BC38F082-CD96-412F-BA9C-962D1230644E,Unknown,,,,,Ave,Woods Ave,2018/10/23 09:44:02+00,2342 Woods Ave Monterey Park 91754,BC38F082-CD96-412F-BA9C-962D1230644E_2342_Woods_Ave_Monterey_Park_91754,Woods,2342 Woods Avenue Ave Monterey Park 91754,,,,
738932,1318282,,5251013004.0,,2346.0,,,,,,Woods,Avenue,,,,,,,,,,,,,91754.0,,Monterey Park,Monterey Park,,,,,Monterey Park,{B0664C75-84A5-4BA2-A4CE-D688D706F43C},0,,B0664C75-84A5-4BA2-A4CE-D688D706F43C,Unknown,,,,,Ave,Woods Ave,2018/10/23 09:36:03+00,2346 Woods Ave Monterey Park 91754,B0664C75-84A5-4BA2-A4CE-D688D706F43C_2346_Woods_Ave_Monterey_Park_91754,Woods,2346 Woods Avenue Ave Monterey Park 91754,,,,
738933,1318283,,5251013005.0,,2350.0,,,,,,Woods,Avenue,,,,,,,,,,,,,91754.0,,Monterey Park,Monterey Park,,,,,Monterey Park,{88733223-8B30-4EE2-BBAD-D0F799BD7E9A},0,,88733223-8B30-4EE2-BBAD-D0F799BD7E9A,Unknown,,,,,Ave,Woods Ave,2018/05/15 21:35:33+00,2350 Woods Ave Monterey Park 91754,88733223-8B30-4EE2-BBAD-D0F799BD7E9A_2350_Woods_Ave_Monterey_Park_91754,Woods,2350 Woods Avenue Ave Monterey Park 91754,,,,
738934,1318284,,5251013006.0,,2354.0,,,,,,Woods,Avenue,,,,,,,,,,,,,91754.0,,Monterey Park,Monterey Park,,,,,Monterey Park,{92D4369D-C248-43D5-84BA-233F389C6017},0,,92D4369D-C248-43D5-84BA-233F389C6017,Unknown,,,,,Ave,Woods Ave,2018/05/15 21:36:13+00,2354 Woods Ave Monterey Park 91754,92D4369D-C248-43D5-84BA-233F389C6017_2354_Woods_Ave_Monterey_Park_91754,Woods,2354 Woods Avenue Ave Monterey Park 91754,,,,
738935,1318285,,5251013007.0,,2358.0,,,,,,Woods,Avenue,,,,,,,,,,,,,91754.0,,Monterey Park,Monterey Park,,,,,Monterey Park,{FC43FB3E-C6A3-47FE-8AFB-41EA5D8CCD0B},0,,FC43FB3E-C6A3-47FE-8AFB-41EA5D8CCD0B,Unknown,,,,,Ave,Woods Ave,2018/10/23 09:36:32+00,2358 Woods Ave Monterey Park 91754,FC43FB3E-C6A3-47FE-8AFB-41EA5D8CCD0B_2358_Woods_Ave_Monterey_Park_91754,Woods,2358 Woods Avenue Ave Monterey Park 91754,,,,
738936,1318286,,5251013008.0,,2357.0,,,,,,Bleakwood,Avenue,,,,,,,,,,,,,91754.0,,Monterey Park,Monterey Park,,,,,Monterey Park,{0A9F8A55-7653-4393-902B-FE045D6C5C0C},0,,0A9F8A55-7653-4393-902B-FE045D6C5C0C,Unknown,,,,,Ave,Bleakwood Ave,2018/10/23 10:28:08+00,2357 Bleakwood Ave Monterey Park 91754,0A9F8A55-7653-4393-902B-FE045D6C5C0C_2357_Bleakwood_Ave_Monterey_Park_91754,Bleakwood,2357 Bleakwood Avenue Ave Monterey Park 91754,,,,
738937,1318287,,5251013009.0,,2353.0,,,,,,Bleakwood,Avenue,,,,,,,,,,,,,91754.0,,Monterey Park,Monterey Park,,,,,Monterey Park,{3CEF4502-2D02-4468-9EA7-5A45ADE190B4},0,,3CEF4502-2D02-4468-9EA7-5A45ADE190B4,Unknown,,,,,Ave,Bleakwood Ave,2018/10/23 09:37:06+00,2353 Bleakwood Ave Monterey Park 91754,3CEF4502-2D02-4468-9EA7-5A45ADE190B4_2353_Bleakwood_Ave_Monterey_Park_91754,Bleakwood,2353 Bleakwood Avenue Ave Monterey Park 91754,,,,
738938,1318288,,5251013010.0,,2349.0,,,,,,Bleakwood,Avenue,,,,,,,,,,,,,91754.0,,Monterey Park,Monterey Park,,,,,Monterey Park,{B35B1799-CBF5-4F5E-B921-B11EB96D9412},0,,B35B1799-CBF5-4F5E-B921-B11EB96D9412,Unknown,,,,,Ave,Bleakwood Ave,2018/03/06 08:43:04+00,2349 Bleakwood Ave Monterey Park 91754,B35B1799-CBF5-4F5E-B921-B11EB96D9412_2349_Bleakwood_Ave_Monterey_Park_91754,Bleakwood,2349 Bleakwood Avenue Ave Monterey Park 91754,,,,
738939,1318289,,5251013011.0,,2345.0,,,,,,Bleakwood,Avenue,,,,,,,,,,,,,91754.0,,Monterey Park,Monterey Park,,,,,Monterey Park,{AE1F09D8-F317-4C0A-B9E0-89EA886B58D3},0,,AE1F09D8-F317-4C0A-B9E0-89EA886B58D3,Unknown,,,,,Ave,Bleakwood Ave,2018/05/15 21:36:48+00,2345 Bleakwood Ave Monterey Park 91754,AE1F09D8-F317-4C0A-B9E0-89EA886B58D3_2345_Bleakwood_Ave_Monterey_Park_91754,Bleakwood,2345 Bleakwood Avenue Ave Monterey Park 91754,,,,
738940,1318290,,5251013012.0,,2341.0,,,,,,Bleakwood,Avenue,,,,,,,,,,,,,91754.0,,Monterey Park,Monterey Park,,,,,Monterey Park,{93CB1C19-F674-4B1C-A280-5D2EEAE760DD},0,,93CB1C19-F674-4B1C-A280-5D2EEAE760DD,Unknown,,,,,Ave,Bleakwood Ave,2018/03/06 08:42:41+00,2341 Bleakwood Ave Monterey Park 91754,93CB1C19-F674-4B1C-A280-5D2EEAE760DD_2341_Bleakwood_Ave_Monterey_Park_91754,Bleakwood,2341 Bleakwood Avenue Ave Monterey Park 91754,,,,
738941,1318291,,5251013013.0,,2337.0,,,,,,Bleakwood,Avenue,,,,,,,,,,,,,91754.0,,Monterey Park,Monterey Park,,,,,Monterey Park,{665B198D-5E2E-439D-B49A-390B0555587D},0,,665B198D-5E2E-439D-B49A-390B0555587D,Unknown,,,,,Ave,Bleakwood Ave,2018/10/23 09:39:25+00,2337 Bleakwood Ave Monterey Park 91754,665B198D-5E2E-439D-B49A-390B0555587D_2337_Bleakwood_Ave_Monterey_Park_91754,Bleakwood,2337 Bleakwood Avenue Ave Monterey Park 91754,,,,
738942,1318292,,5251014001.0,,2362.0,,,,,,Woods,Avenue,,,,,,,,,,,,,91754.0,,Monterey Park,Monterey Park,,,,,Monterey Park,{7F9B6820-173C-45D5-8EDE-5D5F17E576BF},0,,7F9B6820-173C-45D5-8EDE-5D5F17E576BF,Unknown,,,,,Ave,Woods Ave,2018/05/15 21:36:48+00,2362 Woods Ave Monterey Park 91754,7F9B6820-173C-45D5-8EDE-5D5F17E576BF_2362_Woods_Ave_Monterey_Park_91754,Woods,2362 Woods Avenue Ave Monterey Park 91754,,,,
738943,1318293,,5251014002.0,,2366.0,,,,,,Woods,Avenue,,,,,,,,,,,,,91754.0,,Monterey Park,Monterey Park,,,,,Monterey Park,{226AD200-685C-4768-8936-247DF837757C},0,,226AD200-685C-4768-8936-247DF837757C,Unknown,,,,,Ave,Woods Ave,2018/10/23 10:28:53+00,2366 Woods Ave Monterey Park 91754,226AD200-685C-4768-8936-247DF837757C_2366_Woods_Ave_Monterey_Park_91754,Woods,2366 Woods Avenue Ave Monterey Park 91754,,,,
738944,1318294,,5251014003.0,,2370.0,,,,,,Woods,Avenue,,,,,,,,,,,,,91754.0,,Monterey Park,Monterey Park,,,,,Monterey Park,{A1142436-25A3-49C9-B737-FC5163D22F58},0,,A1142436-25A3-49C9-B737-FC5163D22F58,Unknown,,,,,Ave,Woods Ave,2018/05/15 21:36:48+00,2370 Woods Ave Monterey Park 91754,A1142436-25A3-49C9-B737-FC5163D22F58_2370_Woods_Ave_Monterey_Park_91754,Woods,2370 Woods Avenue Ave Monterey Park 91754,,,,
738945,1318295,,5251014004.0,,2374.0,,,,,,Woods,Avenue,,,,,,,,,,,,,91754.0,,Monterey Park,Monterey Park,,,,,Monterey Park,{EF9565CB-541D-456A-93F7-29D8248421AB},0,,EF9565CB-541D-456A-93F7-29D8248421AB,Unknown,,,,,Ave,Woods Ave,2018/03/06 08:43:04+00,2374 Woods Ave Monterey Park 91754,EF9565CB-541D-456A-93F7-29D8248421AB_2374_Woods_Ave_Monterey_Park_91754,Woods,2374 Woods Avenue Ave Monterey Park 91754,,,,
738946,1318296,,5251014005.0,,2378.0,,,,,,Woods,Avenue,,,,,,,,,,,,,91754.0,,Monterey Park,Monterey Park,,,,,Monterey Park,{2C1B7833-B85F-4753-B1C1-D54D8AB84BE5},0,,2C1B7833-B85F-4753-B1C1-D54D8AB84BE5,Unknown,,,,,Ave,Woods Ave,2018/05/15 21:36:48+00,2378 Woods Ave Monterey Park 91754,2C1B7833-B85F-4753-B1C1-D54D8AB84BE5_2378_Woods_Ave_Monterey_Park_91754,Woods,2378 Woods Avenue Ave Monterey Park 91754,,,,
738947,1318297,,5251014006.0,,2382.0,,,,,,Woods,Avenue,,,,,,,,,,,,,91754.0,,Monterey Park,Monterey Park,,,,,Monterey Park,{75520FB7-163A-4DCF-96C7-6246DEA7EE3B},0,,75520FB7-163A-4DCF-96C7-6246DEA7EE3B,Unknown,,,,,Ave,Woods Ave,2018/10/23 10:28:08+00,2382 Woods Ave Monterey Park 91754,75520FB7-163A-4DCF-96C7-6246DEA7EE3B_2382_Woods_Ave_Monterey_Park_91754,Woods,2382 Woods Avenue Ave Monterey Park 91754,,,,
738948,1318298,,5251014007.0,,2386.0,,,,,,Woods,Avenue,,,,,,,,,,,,,91754.0,,Monterey Park,Monterey Park,,,,,Monterey Park,{241D6632-5801-44B5-98AB-84D92B5E6DD2},0,,241D6632-5801-44B5-98AB-84D92B5E6DD2,Unknown,,,,,Ave,Woods Ave,2018/10/23 09:40:48+00,2386 Woods Ave Monterey Park 91754,241D6632-5801-44B5-98AB-84D92B5E6DD2_2386_Woods_Ave_Monterey_Park_91754,Woods,2386 Woods Avenue Ave Monterey Park 91754,,,,
738949,1318299,,5251014008.0,,2390.0,,,,,,Woods,Avenue,,,,,,,,,,,,,91754.0,,Monterey Park,Monterey Park,,,,,Monterey Park,{3084CCDF-4380-4963-AFED-39C4E117BF51},0,,3084CCDF-4380-4963-AFED-39C4E117BF51,Unknown,,,,,Ave,Woods Ave,2018/05/15 21:35:33+00,2390 Woods Ave Monterey Park 91754,3084CCDF-4380-4963-AFED-39C4E117BF51_2390_Woods_Ave_Monterey_Park_91754,Woods,2390 Woods Avenue Ave Monterey Park 91754,,,,
738950,1318300,,5251014009.0,,2394.0,,,,,,Woods,Avenue,,,,,,,,,,,,,91754.0,,Monterey Park,Monterey Park,,,,,Monterey Park,{DF0A79C2-2FAC-4DC5-9C3D-44BEC12AC7F2},0,,DF0A79C2-2FAC-4DC5-9C3D-44BEC12AC7F2,Unknown,,,,,Ave,Woods Ave,2018/03/06 08:42:41+00,2394 Woods Ave Monterey Park 91754,DF0A79C2-2FAC-4DC5-9C3D-44BEC12AC7F2_2394_Woods_Ave_Monterey_Park_91754,Woods,2394 Woods Avenue Ave Monterey Park 91754,,,,
738951,1318301,,5251014010.0,,2398.0,,,,,,Woods,Avenue,,,,,,,,,,,,,91754.0,,Monterey Park,Monterey Park,,,,,Monterey Park,{21268D90-D9BE-4561-A08D-876D3F260EC2},0,,21268D90-D9BE-4561-A08D-876D3F260EC2,Unknown,,,,,Ave,Woods Ave,2018/11/04 20:21:43+00,2398 Woods Ave Monterey Park 91754,21268D90-D9BE-4561-A08D-876D3F260EC2_2398_Woods_Ave_Monterey_Park_91754,Woods,2398 Woods Avenue Ave Monterey Park 91754,,,,
738952,1318302,,5251014011.0,,2397.0,,,,,,Bleakwood,Avenue,,,,,,,,,,,,,91754.0,,Monterey Park,Monterey Park,,,,,Monterey Park,{10537C6C-B091-4CE0-BDEF-610AC30F7831},0,,10537C6C-B091-4CE0-BDEF-610AC30F7831,Unknown,,,,,Ave,Bleakwood Ave,2018/11/04 20:21:08+00,2397 Bleakwood Ave Monterey Park 91754,10537C6C-B091-4CE0-BDEF-610AC30F7831_2397_Bleakwood_Ave_Monterey_Park_91754,Bleakwood,2397 Bleakwood Avenue Ave Monterey Park 91754,,,,
738953,1318303,,5251014012.0,,2393.0,,,,,,Bleakwood,Avenue,,,,,,,,,,,,,91754.0,,Monterey Park,Monterey Park,,,,,Monterey Park,{D159ACB7-A5DF-486D-B6C4-26E4B8A49F05},0,,D159ACB7-A5DF-486D-B6C4-26E4B8A49F05,Unknown,,,,,Ave,Bleakwood Ave,2018/03/06 08:43:04+00,2393 Bleakwood Ave Monterey Park 91754,D159ACB7-A5DF-486D-B6C4-26E4B8A49F05_2393_Bleakwood_Ave_Monterey_Park_91754,Bleakwood,2393 Bleakwood Avenue Ave Monterey Park 91754,,,,
738954,1318304,,5251014013.0,,2389.0,,,,,,Bleakwood,Avenue,,,,,,,,,,,,,91754.0,,Monterey Park,Monterey Park,,,,,Monterey Park,{9B1E5A29-0033-43F1-A480-1B15F8273F07},0,,9B1E5A29-0033-43F1-A480-1B15F8273F07,Unknown,,,,,Ave,Bleakwood Ave,2018/03/06 08:42:41+00,2389 Bleakwood Ave Monterey Park 91754,9B1E5A29-0033-43F1-A480-1B15F8273F07_2389_Bleakwood_Ave_Monterey_Park_91754,Bleakwood,2389 Bleakwood Avenue Ave Monterey Park 91754,,,,
738955,1318305,,5251014014.0,,2385.0,,,,,,Bleakwood,Avenue,,,,,,,,,,,,,91754.0,,Monterey Park,Monterey Park,,,,,Monterey Park,{D6E11E6E-A4B2-4308-824D-2B38297DC3C2},0,,D6E11E6E-A4B2-4308-824D-2B38297DC3C2,Unknown,,,,,Ave,Bleakwood Ave,2018/10/23 09:35:15+00,2385 Bleakwood Ave Monterey Park 91754,D6E11E6E-A4B2-4308-824D-2B38297DC3C2_2385_Bleakwood_Ave_Monterey_Park_91754,Bleakwood,2385 Bleakwood Avenue Ave Monterey Park 91754,,,,
738956,1318306,,5251014015.0,,2381.0,,,,,,Bleakwood,Avenue,,,,,,,,,,,,,91754.0,,Monterey Park,Monterey Park,,,,,Monterey Park,{587CE572-416D-47E5-8DFE-01411AFB2700},0,,587CE572-416D-47E5-8DFE-01411AFB2700,Unknown,,,,,Ave,Bleakwood Ave,2018/03/06 08:43:27+00,2381 Bleakwood Ave Monterey Park 91754,587CE572-416D-47E5-8DFE-01411AFB2700_2381_Bleakwood_Ave_Monterey_Park_91754,Bleakwood,2381 Bleakwood Avenue Ave Monterey Park 91754,,,,
738957,1318307,,5251014016.0,,2377.0,,,,,,Bleakwood,Avenue,,,,,,,,,,,,,91754.0,,Monterey Park,Monterey Park,,,,,Monterey Park,{FF1DE274-FDC3-4ADA-8D48-23AFDCC506C8},0,,FF1DE274-FDC3-4ADA-8D48-23AFDCC506C8,Unknown,,,,,Ave,Bleakwood Ave,2018/03/06 08:42:18+00,2377 Bleakwood Ave Monterey Park 91754,FF1DE274-FDC3-4ADA-8D48-23AFDCC506C8_2377_Bleakwood_Ave_Monterey_Park_91754,Bleakwood,2377 Bleakwood Avenue Ave Monterey Park 91754,,,,
738958,1318308,,5251014017.0,,2373.0,,,,,,Bleakwood,Avenue,,,,,,,,,,,,,91754.0,,Monterey Park,Monterey Park,,,,,Monterey Park,{80EF044B-FCFF-4504-AFEE-8C8F66F1C673},0,,80EF044B-FCFF-4504-AFEE-8C8F66F1C673,Unknown,,,,,Ave,Bleakwood Ave,2018/10/23 10:28:08+00,2373 Bleakwood Ave Monterey Park 91754,80EF044B-FCFF-4504-AFEE-8C8F66F1C673_2373_Bleakwood_Ave_Monterey_Park_91754,Bleakwood,2373 Bleakwood Avenue Ave Monterey Park 91754,,,,
738959,1318309,,5251014018.0,,2369.0,,,,,,Bleakwood,Avenue,,,,,,,,,,,,,91754.0,,Monterey Park,Monterey Park,,,,,Monterey Park,{BC77A7F4-40AD-4CB3-BDB1-7521D0786C7D},0,,BC77A7F4-40AD-4CB3-BDB1-7521D0786C7D,Unknown,,,,,Ave,Bleakwood Ave,2018/03/06 08:42:41+00,2369 Bleakwood Ave Monterey Park 91754,BC77A7F4-40AD-4CB3-BDB1-7521D0786C7D_2369_Bleakwood_Ave_Monterey_Park_91754,Bleakwood,2369 Bleakwood Avenue Ave Monterey Park 91754,,,,
738960,1318310,,5251014019.0,,2365.0,,,,,,Bleakwood,Avenue,,,,,,,,,,,,,91754.0,,Monterey Park,Monterey Park,,,,,Monterey Park,{B71949AD-D4F2-4E1D-B38B-51ECD07A0976},0,,B71949AD-D4F2-4E1D-B38B-51ECD07A0976,Unknown,,,,,Ave,Bleakwood Ave,2018/10/23 09:35:15+00,2365 Bleakwood Ave Monterey Park 91754,B71949AD-D4F2-4E1D-B38B-51ECD07A0976_2365_Bleakwood_Ave_Monterey_Park_91754,Bleakwood,2365 Bleakwood Avenue Ave Monterey Park 91754,,,,
738961,1318311,,5251014020.0,,2361.0,,,,,,Bleakwood,Avenue,,,,,,,,,,,,,91754.0,,Monterey Park,Monterey Park,,,,,Monterey Park,{A565CAAF-93E5-4755-9C65-59FEDB038D5E},0,,A565CAAF-93E5-4755-9C65-59FEDB038D5E,Unknown,,,,,Ave,Bleakwood Ave,2018/03/06 08:42:41+00,2361 Bleakwood Ave Monterey Park 91754,A565CAAF-93E5-4755-9C65-59FEDB038D5E_2361_Bleakwood_Ave_Monterey_Park_91754,Bleakwood,2361 Bleakwood Avenue Ave Monterey Park 91754,,,,
738962,1318312,,5251015001.0,,2336.0,,,,,,Bleakwood,Avenue,,,,,,,,,,,,,91754.0,,Monterey Park,Monterey Park,,,,,Monterey Park,{1626E504-F566-4FF0-B17A-917841E576A1},0,,1626E504-F566-4FF0-B17A-917841E576A1,Unknown,,,,,Ave,Bleakwood Ave,2018/03/06 08:43:04+00,2336 Bleakwood Ave Monterey Park 91754,1626E504-F566-4FF0-B17A-917841E576A1_2336_Bleakwood_Ave_Monterey_Park_91754,Bleakwood,2336 Bleakwood Avenue Ave Monterey Park 91754,,,,
738963,1318313,,5251015002.0,,2340.0,,,,,,Bleakwood,Avenue,,,,,,,,,,,,,91754.0,,Monterey Park,Monterey Park,,,,,Monterey Park,{15FB5A61-2C0D-4148-AA3C-FB7457F055DE},0,,15FB5A61-2C0D-4148-AA3C-FB7457F055DE,Unknown,,,,,Ave,Bleakwood Ave,2018/10/23 09:40:48+00,2340 Bleakwood Ave Monterey Park 91754,15FB5A61-2C0D-4148-AA3C-FB7457F055DE_2340_Bleakwood_Ave_Monterey_Park_91754,Bleakwood,2340 Bleakwood Avenue Ave Monterey Park 91754,,,,
738964,1318314,,5251015003.0,,2344.0,,,,,,Bleakwood,Avenue,,,,,,,,,,,,,91754.0,,Monterey Park,Monterey Park,,,,,Monterey Park,{783AD9E7-F09F-4489-8B16-297216FB4162},0,,783AD9E7-F09F-4489-8B16-297216FB4162,Unknown,,,,,Ave,Bleakwood Ave,2018/03/06 08:43:04+00,2344 Bleakwood Ave Monterey Park 91754,783AD9E7-F09F-4489-8B16-297216FB4162_2344_Bleakwood_Ave_Monterey_Park_91754,Bleakwood,2344 Bleakwood Avenue Ave Monterey Park 91754,,,,
738965,1318315,,5251015004.0,,2348.0,,,,,,Bleakwood,Avenue,,,,,,,,,,,,,91754.0,,Monterey Park,Monterey Park,,,,,Monterey Park,{47774BF0-758F-4433-99BA-C7FC1A7A3A37},0,,47774BF0-758F-4433-99BA-C7FC1A7A3A37,Unknown,,,,,Ave,Bleakwood Ave,2018/10/23 09:47:22+00,2348 Bleakwood Ave Monterey Park 91754,47774BF0-758F-4433-99BA-C7FC1A7A3A37_2348_Bleakwood_Ave_Monterey_Park_91754,Bleakwood,2348 Bleakwood Avenue Ave Monterey Park 91754,,,,
738966,1318316,,5251015005.0,,2352.0,,,,,,Bleakwood,Avenue,,,,,,,,,,,,,91754.0,,Monterey Park,Monterey Park,,,,,Monterey Park,{3BFFEE62-5DC5-471C-AB69-9FEBCB118B4B},0,,3BFFEE62-5DC5-471C-AB69-9FEBCB118B4B,Unknown,,,,,Ave,Bleakwood Ave,2018/10/23 10:30:17+00,2352 Bleakwood Ave Monterey Park 91754,3BFFEE62-5DC5-471C-AB69-9FEBCB118B4B_2352_Bleakwood_Ave_Monterey_Park_91754,Bleakwood,2352 Bleakwood Avenue Ave Monterey Park 91754,,,,
738967,1318317,,5251015006.0,,2351.0,,,South,,,Roscommon,Avenue,,,,,,,,,,,,,91754.0,,Monterey Park,Monterey Park,,,,,Monterey Park,{5ACEAA7F-ADC7-4871-AAEF-0D75FCAD8A40},0,,5ACEAA7F-ADC7-4871-AAEF-0D75FCAD8A40,Unknown,,S,,,Ave,S Roscommon Ave,2018/10/23 09:46:01+00,2351 S Roscommon Ave Monterey Park 91754,5ACEAA7F-ADC7-4871-AAEF-0D75FCAD8A40_2351_S_Roscommon_Ave_Monterey_Park_91754,Roscommon,2351 S Roscommon Avenue Ave Monterey Park 91754,,,,
738968,1318318,,5251015007.0,,2347.0,,,South,,,Roscommon,Avenue,,,,,,,,,,,,,91754.0,,Monterey Park,Monterey Park,,,,,Monterey Park,{F143E24A-72AD-4893-BB99-8EEAC2355987},0,,F143E24A-72AD-4893-BB99-8EEAC2355987,Unknown,,S,,,Ave,S Roscommon Ave,2018/10/23 10:30:17+00,2347 S Roscommon Ave Monterey Park 91754,F143E24A-72AD-4893-BB99-8EEAC2355987_2347_S_Roscommon_Ave_Monterey_Park_91754,Roscommon,2347 S Roscommon Avenue Ave Monterey Park 91754,,,,
738969,1318319,,5251015008.0,,2343.0,,,South,,,Roscommon,Avenue,,,,,,,,,,,,,91754.0,,Monterey Park,Monterey Park,,,,,Monterey Park,{3D8B73A2-49C8-4375-BAA2-2831A280314C},0,,3D8B73A2-49C8-4375-BAA2-2831A280314C,Unknown,,S,,,Ave,S Roscommon Ave,2018/03/06 08:43:04+00,2343 S Roscommon Ave Monterey Park 91754,3D8B73A2-49C8-4375-BAA2-2831A280314C_2343_S_Roscommon_Ave_Monterey_Park_91754,Roscommon,2343 S Roscommon Avenue Ave Monterey Park 91754,,,,
738970,1318320,,5251015009.0,,2339.0,,,South,,,Roscommon,Avenue,,,,,,,,,,,,,91754.0,,Monterey Park,Monterey Park,,,,,Monterey Park,{A62232A0-9683-4DA0-8FC9-73F53B3F2045},0,,A62232A0-9683-4DA0-8FC9-73F53B3F2045,Unknown,,S,,,Ave,S Roscommon Ave,2018/10/23 09:45:26+00,2339 S Roscommon Ave Monterey Park 91754,A62232A0-9683-4DA0-8FC9-73F53B3F2045_2339_S_Roscommon_Ave_Monterey_Park_91754,Roscommon,2339 S Roscommon Avenue Ave Monterey Park 91754,,,,
738971,1318321,,5251015010.0,,2335.0,,,South,,,Roscommon,Avenue,,,,,,,,,,,,,91754.0,,Monterey Park,Monterey Park,,,,,Monterey Park,{98B21ED4-AC23-41CD-8C1E-02D772AFE34D},0,,98B21ED4-AC23-41CD-8C1E-02D772AFE34D,Unknown,,S,,,Ave,S Roscommon Ave,2018/03/06 08:43:27+00,2335 S Roscommon Ave Monterey Park 91754,98B21ED4-AC23-41CD-8C1E-02D772AFE34D_2335_S_Roscommon_Ave_Monterey_Park_91754,Roscommon,2335 S Roscommon Avenue Ave Monterey Park 91754,,,,
738972,1318322,,5251016001.0,,2391.0,,,South,,,Roscommon,Avenue,,,,,,,,,,,,,91754.0,,Monterey Park,Monterey Park,,,,,Monterey Park,{76713A6B-23E4-4BEE-B0A7-19E33C77B8E8},0,,76713A6B-23E4-4BEE-B0A7-19E33C77B8E8,Unknown,,S,,,Ave,S Roscommon Ave,2018/10/23 10:28:53+00,2391 S Roscommon Ave Monterey Park 91754,76713A6B-23E4-4BEE-B0A7-19E33C77B8E8_2391_S_Roscommon_Ave_Monterey_Park_91754,Roscommon,2391 S Roscommon Avenue Ave Monterey Park 91754,,,,
738973,1318323,,5251016002.0,,2387.0,,,South,,,Roscommon,Avenue,,,,,,,,,,,,,91754.0,,Monterey Park,Monterey Park,,,,,Monterey Park,{9DA3F279-4C20-4647-A061-E2BAA3E2F95C},0,,9DA3F279-4C20-4647-A061-E2BAA3E2F95C,Unknown,,S,,,Ave,S Roscommon Ave,2018/03/06 08:42:41+00,2387 S Roscommon Ave Monterey Park 91754,9DA3F279-4C20-4647-A061-E2BAA3E2F95C_2387_S_Roscommon_Ave_Monterey_Park_91754,Roscommon,2387 S Roscommon Avenue Ave Monterey Park 91754,,,,
738974,1318324,,5251016003.0,,2383.0,,,South,,,Roscommon,Avenue,,,,,,,,,,,,,91754.0,,Monterey Park,Monterey Park,,,,,Monterey Park,{BBE28588-C779-4A77-803D-3D46696B07E5},0,,BBE28588-C779-4A77-803D-3D46696B07E5,Unknown,,S,,,Ave,S Roscommon Ave,2018/10/23 10:30:17+00,2383 S Roscommon Ave Monterey Park 91754,BBE28588-C779-4A77-803D-3D46696B07E5_2383_S_Roscommon_Ave_Monterey_Park_91754,Roscommon,2383 S Roscommon Avenue Ave Monterey Park 91754,,,,
738975,1318325,,5251016004.0,,2379.0,,,South,,,Roscommon,Avenue,,,,,,,,,,,,,91754.0,,Monterey Park,Monterey Park,,,,,Monterey Park,{F5C7F6BF-19CC-42E0-ACBB-DDFC979B02E3},0,,F5C7F6BF-19CC-42E0-ACBB-DDFC979B02E3,Unknown,,S,,,Ave,S Roscommon Ave,2018/03/06 08:42:18+00,2379 S Roscommon Ave Monterey Park 91754,F5C7F6BF-19CC-42E0-ACBB-DDFC979B02E3_2379_S_Roscommon_Ave_Monterey_Park_91754,Roscommon,2379 S Roscommon Avenue Ave Monterey Park 91754,,,,
738976,1318326,,5251016005.0,,2375.0,,,South,,,Roscommon,Avenue,,,,,,,,,,,,,91754.0,,Monterey Park,Monterey Park,,,,,Monterey Park,{1C5A44E9-2720-46F2-A992-E90258F736CF},0,,1C5A44E9-2720-46F2-A992-E90258F736CF,Unknown,,S,,,Ave,S Roscommon Ave,2018/05/15 21:36:48+00,2375 S Roscommon Ave Monterey Park 91754,1C5A44E9-2720-46F2-A992-E90258F736CF_2375_S_Roscommon_Ave_Monterey_Park_91754,Roscommon,2375 S Roscommon Avenue Ave Monterey Park 91754,,,,
738977,1318327,,5251016006.0,,2371.0,,,South,,,Roscommon,Avenue,,,,,,,,,,,,,91754.0,,Monterey Park,Monterey Park,,,,,Monterey Park,{1C90209E-FAE8-4DF9-B47C-2511D73247CE},0,,1C90209E-FAE8-4DF9-B47C-2511D73247CE,Unknown,,S,,,Ave,S Roscommon Ave,2018/03/06 08:43:27+00,2371 S Roscommon Ave Monterey Park 91754,1C90209E-FAE8-4DF9-B47C-2511D73247CE_2371_S_Roscommon_Ave_Monterey_Park_91754,Roscommon,2371 S Roscommon Avenue Ave Monterey Park 91754,,,,
738978,1318328,,5251016007.0,,2367.0,,,South,,,Roscommon,Avenue,,,,,,,,,,,,,91754.0,,Monterey Park,Monterey Park,,,,,Monterey Park,{27317FFB-C609-48C8-90C8-E9546FE285FE},0,,27317FFB-C609-48C8-90C8-E9546FE285FE,Unknown,,S,,,Ave,S Roscommon Ave,2018/05/15 21:36:48+00,2367 S Roscommon Ave Monterey Park 91754,27317FFB-C609-48C8-90C8-E9546FE285FE_2367_S_Roscommon_Ave_Monterey_Park_91754,Roscommon,2367 S Roscommon Avenue Ave Monterey Park 91754,,,,
738979,1318329,,5251016008.0,,2363.0,,,South,,,Roscommon,Avenue,,,,,,,,,,,,,91754.0,,Monterey Park,Monterey Park,,,,,Monterey Park,{F137FF37-647B-4BFA-B57B-D9616278A96B},0,,F137FF37-647B-4BFA-B57B-D9616278A96B,Unknown,,S,,,Ave,S Roscommon Ave,2018/10/23 10:30:17+00,2363 S Roscommon Ave Monterey Park 91754,F137FF37-647B-4BFA-B57B-D9616278A96B_2363_S_Roscommon_Ave_Monterey_Park_91754,Roscommon,2363 S Roscommon Avenue Ave Monterey Park 91754,,,,
738980,1318330,,5251016009.0,,2359.0,,,South,,,Roscommon,Avenue,,,,,,,,,,,,,91754.0,,Monterey Park,Monterey Park,,,,,Monterey Park,{194F9AE9-F666-4B05-8392-83B7284299E4},0,,194F9AE9-F666-4B05-8392-83B7284299E4,Unknown,,S,,,Ave,S Roscommon Ave,2018/03/06 08:43:27+00,2359 S Roscommon Ave Monterey Park 91754,194F9AE9-F666-4B05-8392-83B7284299E4_2359_S_Roscommon_Ave_Monterey_Park_91754,Roscommon,2359 S Roscommon Avenue Ave Monterey Park 91754,,,,
738981,1318331,,5251016010.0,,2355.0,,,South,,,Roscommon,Avenue,,,,,,,,,,,,,91754.0,,Monterey Park,Monterey Park,,,,,Monterey Park,{45A644D1-EF0E-4E6A-9271-4BC6055AFC74},0,,45A644D1-EF0E-4E6A-9271-4BC6055AFC74,Unknown,,S,,,Ave,S Roscommon Ave,2018/10/23 10:29:39+00,2355 S Roscommon Ave Monterey Park 91754,45A644D1-EF0E-4E6A-9271-4BC6055AFC74_2355_S_Roscommon_Ave_Monterey_Park_91754,Roscommon,2355 S Roscommon Avenue Ave Monterey Park 91754,,,,
738982,1318332,,5251016011.0,,2356.0,,,,,,Bleakwood,Avenue,,,,,,,,,,,,,91754.0,,Monterey Park,Monterey Park,,,,,Monterey Park,{FC42DCD8-FC94-4440-8AF3-9969A9A37980},0,,FC42DCD8-FC94-4440-8AF3-9969A9A37980,Unknown,,,,,Ave,Bleakwood Ave,2018/03/06 08:42:41+00,2356 Bleakwood Ave Monterey Park 91754,FC42DCD8-FC94-4440-8AF3-9969A9A37980_2356_Bleakwood_Ave_Monterey_Park_91754,Bleakwood,2356 Bleakwood Avenue Ave Monterey Park 91754,,,,
738983,1318333,,5251016012.0,,2360.0,,,,,,Bleakwood,Avenue,,,,,,,,,,,,,91754.0,,Monterey Park,Monterey Park,,,,,Monterey Park,{70B95273-F879-4D30-8402-D0EF44C993F8},0,,70B95273-F879-4D30-8402-D0EF44C993F8,Unknown,,,,,Ave,Bleakwood Ave,2018/03/06 08:42:18+00,2360 Bleakwood Ave Monterey Park 91754,70B95273-F879-4D30-8402-D0EF44C993F8_2360_Bleakwood_Ave_Monterey_Park_91754,Bleakwood,2360 Bleakwood Avenue Ave Monterey Park 91754,,,,
738984,1318334,,5251016013.0,,2364.0,,,,,,Bleakwood,Avenue,,,,,,,,,,,,,91754.0,,Monterey Park,Monterey Park,,,,,Monterey Park,{34FF7466-F383-46F0-912F-75ECED31A61D},0,,34FF7466-F383-46F0-912F-75ECED31A61D,Unknown,,,,,Ave,Bleakwood Ave,2018/10/23 10:29:39+00,2364 Bleakwood Ave Monterey Park 91754,34FF7466-F383-46F0-912F-75ECED31A61D_2364_Bleakwood_Ave_Monterey_Park_91754,Bleakwood,2364 Bleakwood Avenue Ave Monterey Park 91754,,,,
738985,1318335,,5251016014.0,,2368.0,,,,,,Bleakwood,Avenue,,,,,,,,,,,,,91754.0,,Monterey Park,Monterey Park,,,,,Monterey Park,{874D7699-99FD-4FA3-B388-2A6420E42458},0,,874D7699-99FD-4FA3-B388-2A6420E42458,Unknown,,,,,Ave,Bleakwood Ave,2018/10/23 09:47:59+00,2368 Bleakwood Ave Monterey Park 91754,874D7699-99FD-4FA3-B388-2A6420E42458_2368_Bleakwood_Ave_Monterey_Park_91754,Bleakwood,2368 Bleakwood Avenue Ave Monterey Park 91754,,,,
738986,1318336,,5251016015.0,,2372.0,,,,,,Bleakwood,Avenue,,,,,,,,,,,,,91754.0,,Monterey Park,Monterey Park,,,,,Monterey Park,{B8937FC4-3D19-442C-94FE-3323DAF04820},0,,B8937FC4-3D19-442C-94FE-3323DAF04820,Unknown,,,,,Ave,Bleakwood Ave,2018/05/15 21:36:13+00,2372 Bleakwood Ave Monterey Park 91754,B8937FC4-3D19-442C-94FE-3323DAF04820_2372_Bleakwood_Ave_Monterey_Park_91754,Bleakwood,2372 Bleakwood Avenue Ave Monterey Park 91754,,,,
738987,1318337,,5251016016.0,,2376.0,,,,,,Bleakwood,Avenue,,,,,,,,,,,,,91754.0,,Monterey Park,Monterey Park,,,,,Monterey Park,{CA35FC15-C812-476A-A3B0-262947818A79},0,,CA35FC15-C812-476A-A3B0-262947818A79,Unknown,,,,,Ave,Bleakwood Ave,2018/03/06 08:43:04+00,2376 Bleakwood Ave Monterey Park 91754,CA35FC15-C812-476A-A3B0-262947818A79_2376_Bleakwood_Ave_Monterey_Park_91754,Bleakwood,2376 Bleakwood Avenue Ave Monterey Park 91754,,,,
738988,1318338,,5251016017.0,,2380.0,,,,,,Bleakwood,Avenue,,,,,,,,,,,,,91754.0,,Monterey Park,Monterey Park,,,,,Monterey Park,{0D60DF7C-9DDE-429B-ADAF-5A92B209247A},0,,0D60DF7C-9DDE-429B-ADAF-5A92B209247A,Unknown,,,,,Ave,Bleakwood Ave,2018/05/15 21:36:13+00,2380 Bleakwood Ave Monterey Park 91754,0D60DF7C-9DDE-429B-ADAF-5A92B209247A_2380_Bleakwood_Ave_Monterey_Park_91754,Bleakwood,2380 Bleakwood Avenue Ave Monterey Park 91754,,,,
738989,1318339,,5251016018.0,,2384.0,,,,,,Bleakwood,Avenue,,,,,,,,,,,,,91754.0,,Monterey Park,Monterey Park,,,,,Monterey Park,{6A608D1E-905D-44E4-8C49-5CB03AEBF62E},0,,6A608D1E-905D-44E4-8C49-5CB03AEBF62E,Unknown,,,,,Ave,Bleakwood Ave,2018/03/06 08:43:27+00,2384 Bleakwood Ave Monterey Park 91754,6A608D1E-905D-44E4-8C49-5CB03AEBF62E_2384_Bleakwood_Ave_Monterey_Park_91754,Bleakwood,2384 Bleakwood Avenue Ave Monterey Park 91754,,,,
738990,1318340,,5251016019.0,,2388.0,,,,,,Bleakwood,Avenue,,,,,,,,,,,,,91754.0,,Monterey Park,Monterey Park,,,,,Monterey Park,{1E1BF406-9A79-430D-AF36-57A306C9E03F},0,,1E1BF406-9A79-430D-AF36-57A306C9E03F,Unknown,,,,,Ave,Bleakwood Ave,2018/10/23 09:47:22+00,2388 Bleakwood Ave Monterey Park 91754,1E1BF406-9A79-430D-AF36-57A306C9E03F_2388_Bleakwood_Ave_Monterey_Park_91754,Bleakwood,2388 Bleakwood Avenue Ave Monterey Park 91754,,,,
738991,1318341,,5251016020.0,,2392.0,,,,,,Bleakwood,Avenue,,,,,,,,,,,,,91754.0,,Monterey Park,Monterey Park,,,,,Monterey Park,{1B1BCC05-6A61-4168-98FD-F73FE09680AA},0,,1B1BCC05-6A61-4168-98FD-F73FE09680AA,Unknown,,,,,Ave,Bleakwood Ave,2018/03/06 08:43:27+00,2392 Bleakwood Ave Monterey Park 91754,1B1BCC05-6A61-4168-98FD-F73FE09680AA_2392_Bleakwood_Ave_Monterey_Park_91754,Bleakwood,2392 Bleakwood Avenue Ave Monterey Park 91754,,,,
738992,1318342,,5251017001.0,,2354.0,,,South,,,Roscommon,Avenue,,,,,,,,,,,,,91754.0,,Monterey Park,Monterey Park,,,,,Monterey Park,{DBB2F0A3-2DEE-4F8A-82F2-DCE082A5185C},0,,DBB2F0A3-2DEE-4F8A-82F2-DCE082A5185C,Unknown,,S,,,Ave,S Roscommon Ave,2018/10/23 09:48:27+00,2354 S Roscommon Ave Monterey Park 91754,DBB2F0A3-2DEE-4F8A-82F2-DCE082A5185C_2354_S_Roscommon_Ave_Monterey_Park_91754,Roscommon,2354 S Roscommon Avenue Ave Monterey Park 91754,,,,
738993,1318343,,5251017002.0,,2358.0,,,South,,,Roscommon,Avenue,,,,,,,,,,,,,91754.0,,Monterey Park,Monterey Park,,,,,Monterey Park,{0358064A-1BCE-41FD-B3A2-503B9C3A3212},0,,0358064A-1BCE-41FD-B3A2-503B9C3A3212,Unknown,,S,,,Ave,S Roscommon Ave,2018/05/15 21:36:48+00,2358 S Roscommon Ave Monterey Park 91754,0358064A-1BCE-41FD-B3A2-503B9C3A3212_2358_S_Roscommon_Ave_Monterey_Park_91754,Roscommon,2358 S Roscommon Avenue Ave Monterey Park 91754,,,,
738994,1318344,,5251017003.0,,2362.0,,,South,,,Roscommon,Avenue,,,,,,,,,,,,,91754.0,,Monterey Park,Monterey Park,,,,,Monterey Park,{4B51940F-A574-4804-9DD0-C9C28CAF73EF},0,,4B51940F-A574-4804-9DD0-C9C28CAF73EF,Unknown,,S,,,Ave,S Roscommon Ave,2018/10/23 09:48:27+00,2362 S Roscommon Ave Monterey Park 91754,4B51940F-A574-4804-9DD0-C9C28CAF73EF_2362_S_Roscommon_Ave_Monterey_Park_91754,Roscommon,2362 S Roscommon Avenue Ave Monterey Park 91754,,,,
738995,1318345,,5251017004.0,,2366.0,,,South,,,Roscommon,Avenue,,,,,,,,,,,,,91754.0,,Monterey Park,Monterey Park,,,,,Monterey Park,{B9D667D9-AA37-46EC-A762-34CDFB2BA955},0,,B9D667D9-AA37-46EC-A762-34CDFB2BA955,Unknown,,S,,,Ave,S Roscommon Ave,2018/10/23 10:31:41+00,2366 S Roscommon Ave Monterey Park 91754,B9D667D9-AA37-46EC-A762-34CDFB2BA955_2366_S_Roscommon_Ave_Monterey_Park_91754,Roscommon,2366 S Roscommon Avenue Ave Monterey Park 91754,,,,
738996,1318346,,5251017005.0,,2370.0,,,South,,,Roscommon,Avenue,,,,,,,,,,,,,91754.0,,Monterey Park,Monterey Park,,,,,Monterey Park,{ABF29BAB-9DF2-4B44-8B56-F9DE2E990A99},0,,ABF29BAB-9DF2-4B44-8B56-F9DE2E990A99,Unknown,,S,,,Ave,S Roscommon Ave,2018/03/06 08:43:04+00,2370 S Roscommon Ave Monterey Park 91754,ABF29BAB-9DF2-4B44-8B56-F9DE2E990A99_2370_S_Roscommon_Ave_Monterey_Park_91754,Roscommon,2370 S Roscommon Avenue Ave Monterey Park 91754,,,,
738997,1318347,,5251017006.0,,2374.0,,,South,,,Roscommon,Avenue,,,,,,,,,,,,,91754.0,,Monterey Park,Monterey Park,,,,,Monterey Park,{4604D712-D2B3-4C7D-A236-DC0D7A4EC6C6},0,,4604D712-D2B3-4C7D-A236-DC0D7A4EC6C6,Unknown,,S,,,Ave,S Roscommon Ave,2018/05/15 21:36:13+00,2374 S Roscommon Ave Monterey Park 91754,4604D712-D2B3-4C7D-A236-DC0D7A4EC6C6_2374_S_Roscommon_Ave_Monterey_Park_91754,Roscommon,2374 S Roscommon Avenue Ave Monterey Park 91754,,,,
738998,1318348,,5251017007.0,,2378.0,,,South,,,Roscommon,Avenue,,,,,,,,,,,,,91754.0,,Monterey Park,Monterey Park,,,,,Monterey Park,{8EFCC52D-4FB5-4D52-AB79-E70082287DAF},0,,8EFCC52D-4FB5-4D52-AB79-E70082287DAF,Unknown,,S,,,Ave,S Roscommon Ave,2018/03/06 08:43:04+00,2378 S Roscommon Ave Monterey Park 91754,8EFCC52D-4FB5-4D52-AB79-E70082287DAF_2378_S_Roscommon_Ave_Monterey_Park_91754,Roscommon,2378 S Roscommon Avenue Ave Monterey Park 91754,,,,
738999,1318349,,5251017008.0,,2382.0,,,South,,,Roscommon,Avenue,,,,,,,,,,,,,91754.0,,Monterey Park,Monterey Park,,,,,Monterey Park,{00D9F8F2-758F-418B-82D6-289F850282E1},0,,00D9F8F2-758F-418B-82D6-289F850282E1,Unknown,,S,,,Ave,S Roscommon Ave,2018/05/15 21:35:33+00,2382 S Roscommon Ave Monterey Park 91754,00D9F8F2-758F-418B-82D6-289F850282E1_2382_S_Roscommon_Ave_Monterey_Park_91754,Roscommon,2382 S Roscommon Avenue Ave Monterey Park 91754,,,,
739000,1318350,,5251017009.0,,2386.0,,,South,,,Roscommon,Avenue,,,,,,,,,,,,,91754.0,,Monterey Park,Monterey Park,,,,,Monterey Park,{94056C47-B7F9-436F-9655-5848500F9E55},0,,94056C47-B7F9-436F-9655-5848500F9E55,Unknown,,S,,,Ave,S Roscommon Ave,2018/10/23 10:31:41+00,2386 S Roscommon Ave Monterey Park 91754,94056C47-B7F9-436F-9655-5848500F9E55_2386_S_Roscommon_Ave_Monterey_Park_91754,Roscommon,2386 S Roscommon Avenue Ave Monterey Park 91754,,,,
739001,1318351,,5251017010.0,,2390.0,,,South,,,Roscommon,Avenue,,,,,,,,,,,,,91754.0,,Monterey Park,Monterey Park,,,,,Monterey Park,{129BA39A-1282-4A75-8865-09EC24E70EE4},0,,129BA39A-1282-4A75-8865-09EC24E70EE4,Unknown,,S,,,Ave,S Roscommon Ave,2018/10/23 10:30:17+00,2390 S Roscommon Ave Monterey Park 91754,129BA39A-1282-4A75-8865-09EC24E70EE4_2390_S_Roscommon_Ave_Monterey_Park_91754,Roscommon,2390 S Roscommon Avenue Ave Monterey Park 91754,,,,
739002,1318352,,5251017011.0,,1750.0,,,,,,Dorner,Drive,,,,,,,,,,,,,91754.0,,Monterey Park,Monterey Park,,,,,Monterey Park,{D0B1D93D-A207-4ED1-B346-5F84BC9CA382},0,,D0B1D93D-A207-4ED1-B346-5F84BC9CA382,Unknown,,,,,Dr,Dorner Dr,2018/10/23 09:47:22+00,1750 Dorner Dr Monterey Park 91754,D0B1D93D-A207-4ED1-B346-5F84BC9CA382_1750_Dorner_Dr_Monterey_Park_91754,Dorner,1750 Dorner Drive Dr Monterey Park 91754,,,,
739003,1318353,,5251017012.0,,2346.0,,,South,,,Roscommon,Avenue,,,,,,,,,,,,,91754.0,,Monterey Park,Monterey Park,,,,,Monterey Park,{AC393642-7B79-4D66-BC1B-AAFBA695463A},0,,AC393642-7B79-4D66-BC1B-AAFBA695463A,Unknown,,S,,,Ave,S Roscommon Ave,2018/10/23 10:30:17+00,2346 S Roscommon Ave Monterey Park 91754,AC393642-7B79-4D66-BC1B-AAFBA695463A_2346_S_Roscommon_Ave_Monterey_Park_91754,Roscommon,2346 S Roscommon Avenue Ave Monterey Park 91754,,,,
739004,1318354,,5251017013.0,,2350.0,,,South,,,Roscommon,Avenue,,,,,,,,,,,,,91754.0,,Monterey Park,Monterey Park,,,,,Monterey Park,{09DDA367-CE15-4DF9-B7CE-81D581F7C89C},0,,09DDA367-CE15-4DF9-B7CE-81D581F7C89C,Unknown,,S,,,Ave,S Roscommon Ave,2018/05/15 21:36:13+00,2350 S Roscommon Ave Monterey Park 91754,09DDA367-CE15-4DF9-B7CE-81D581F7C89C_2350_S_Roscommon_Ave_Monterey_Park_91754,Roscommon,2350 S Roscommon Avenue Ave Monterey Park 91754,,,,
739005,1318355,,5251017014.0,,2345.0,,,,,,Westcott,Avenue,,,,,,,,,,,,,91754.0,,Monterey Park,Monterey Park,,,,,Monterey Park,{2F6A26EE-E69C-4D52-A1EB-025F2C0DB49F},0,,2F6A26EE-E69C-4D52-A1EB-025F2C0DB49F,Unknown,,,,,Ave,Westcott Ave,2019/01/08 11:27:45+00,2345 Westcott Ave Monterey Park 91754,2F6A26EE-E69C-4D52-A1EB-025F2C0DB49F_2345_Westcott_Ave_Monterey_Park_91754,Westcott,2345 Westcott Avenue Ave Monterey Park 91754,,,,
739006,1318356,,5251017015.0,,2341.0,,,,,,Westcott,Avenue,,,,,,,,,,,,,91754.0,,Monterey Park,Monterey Park,,,,,Monterey Park,{90EDB90B-CBAF-4D22-BC93-A4FEC8BF0E0D},0,,90EDB90B-CBAF-4D22-BC93-A4FEC8BF0E0D,Unknown,,,,,Ave,Westcott Ave,2019/01/08 11:27:45+00,2341 Westcott Ave Monterey Park 91754,90EDB90B-CBAF-4D22-BC93-A4FEC8BF0E0D_2341_Westcott_Ave_Monterey_Park_91754,Westcott,2341 Westcott Avenue Ave Monterey Park 91754,,,,
739007,1318357,,5251017016.0,,1740.0,,,,,,Dorner,Drive,,,,,,,,,,,,,91754.0,,Monterey Park,Monterey Park,,,,,Monterey Park,{113DA941-C95E-4766-93A2-933917209EA7},0,,113DA941-C95E-4766-93A2-933917209EA7,Unknown,,,,,Dr,Dorner Dr,2018/05/15 21:36:48+00,1740 Dorner Dr Monterey Park 91754,113DA941-C95E-4766-93A2-933917209EA7_1740_Dorner_Dr_Monterey_Park_91754,Dorner,1740 Dorner Drive Dr Monterey Park 91754,,,,
739008,1318358,,5251017017.0,,2385.0,,,,,,Westcott,Avenue,,,,,,,,,,,,,91754.0,,Monterey Park,Monterey Park,,,,,Monterey Park,{AA8AB215-BA80-40DC-9933-63CF214D6524},0,,AA8AB215-BA80-40DC-9933-63CF214D6524,Unknown,,,,,Ave,Westcott Ave,2019/01/08 11:27:45+00,2385 Westcott Ave Monterey Park 91754,AA8AB215-BA80-40DC-9933-63CF214D6524_2385_Westcott_Ave_Monterey_Park_91754,Westcott,2385 Westcott Avenue Ave Monterey Park 91754,,,,
739009,1318359,,5251017018.0,,2381.0,,,,,,Westcott,Avenue,,,,,,,,,,,,,91754.0,,Monterey Park,Monterey Park,,,,,Monterey Park,{CE0DBA5A-F803-4659-B787-DBE6D140E054},0,,CE0DBA5A-F803-4659-B787-DBE6D140E054,Unknown,,,,,Ave,Westcott Ave,2019/01/08 11:27:45+00,2381 Westcott Ave Monterey Park 91754,CE0DBA5A-F803-4659-B787-DBE6D140E054_2381_Westcott_Ave_Monterey_Park_91754,Westcott,2381 Westcott Avenue Ave Monterey Park 91754,,,,
739010,1318360,,5251017019.0,,2377.0,,,,,,Westcott,Avenue,,,,,,,,,,,,,91754.0,,Monterey Park,Monterey Park,,,,,Monterey Park,{02E3014F-F46D-46C0-9C09-56BA3E2B4D7B},0,,02E3014F-F46D-46C0-9C09-56BA3E2B4D7B,Unknown,,,,,Ave,Westcott Ave,2019/01/08 11:27:45+00,2377 Westcott Ave Monterey Park 91754,02E3014F-F46D-46C0-9C09-56BA3E2B4D7B_2377_Westcott_Ave_Monterey_Park_91754,Westcott,2377 Westcott Avenue Ave Monterey Park 91754,,,,
739011,1318361,,5251017020.0,,2373.0,,,,,,Westcott,Avenue,,,,,,,,,,,,,91754.0,,Monterey Park,Monterey Park,,,,,Monterey Park,{9DB15750-32FE-40B6-B2C2-BEB169674127},0,,9DB15750-32FE-40B6-B2C2-BEB169674127,Unknown,,,,,Ave,Westcott Ave,2019/01/08 11:27:45+00,2373 Westcott Ave Monterey Park 91754,9DB15750-32FE-40B6-B2C2-BEB169674127_2373_Westcott_Ave_Monterey_Park_91754,Westcott,2373 Westcott Avenue Ave Monterey Park 91754,,,,
739012,1318362,,5251017021.0,,2369.0,,,,,,Westcott,Avenue,,,,,,,,,,,,,91754.0,,Monterey Park,Monterey Park,,,,,Monterey Park,{B7CAA943-DE2F-47DF-84D3-1616FF7985F2},0,,B7CAA943-DE2F-47DF-84D3-1616FF7985F2,Unknown,,,,,Ave,Westcott Ave,2019/01/08 11:27:45+00,2369 Westcott Ave Monterey Park 91754,B7CAA943-DE2F-47DF-84D3-1616FF7985F2_2369_Westcott_Ave_Monterey_Park_91754,Westcott,2369 Westcott Avenue Ave Monterey Park 91754,,,,
739013,1318363,,5251017022.0,,2365.0,,,,,,Westcott,Avenue,,,,,,,,,,,,,91754.0,,Monterey Park,Monterey Park,,,,,Monterey Park,{9EBFBCD6-91C9-4E58-8923-04DAC51615D3},0,,9EBFBCD6-91C9-4E58-8923-04DAC51615D3,Unknown,,,,,Ave,Westcott Ave,2019/01/08 11:27:45+00,2365 Westcott Ave Monterey Park 91754,9EBFBCD6-91C9-4E58-8923-04DAC51615D3_2365_Westcott_Ave_Monterey_Park_91754,Westcott,2365 Westcott Avenue Ave Monterey Park 91754,,,,
739014,1318364,,5251017023.0,,2361.0,,,,,,Westcott,Avenue,,,,,,,,,,,,,91754.0,,Monterey Park,Monterey Park,,,,,Monterey Park,{DEA70F99-FEAD-456A-9DDA-79D9485DCE08},0,,DEA70F99-FEAD-456A-9DDA-79D9485DCE08,Unknown,,,,,Ave,Westcott Ave,2019/01/08 11:27:45+00,2361 Westcott Ave Monterey Park 91754,DEA70F99-FEAD-456A-9DDA-79D9485DCE08_2361_Westcott_Ave_Monterey_Park_91754,Westcott,2361 Westcott Avenue Ave Monterey Park 91754,,,,
739015,1318365,,5251017024.0,,2357.0,,,,,,Westcott,Avenue,,,,,,,,,,,,,91754.0,,Monterey Park,Monterey Park,,,,,Monterey Park,{7EF9875B-C74A-4181-8BD4-EBF80C225C52},0,,7EF9875B-C74A-4181-8BD4-EBF80C225C52,Unknown,,,,,Ave,Westcott Ave,2019/01/08 11:27:45+00,2357 Westcott Ave Monterey Park 91754,7EF9875B-C74A-4181-8BD4-EBF80C225C52_2357_Westcott_Ave_Monterey_Park_91754,Westcott,2357 Westcott Avenue Ave Monterey Park 91754,,,,
739016,1318366,,5251017025.0,,2353.0,,,,,,Westcott,Avenue,,,,,,,,,,,,,91754.0,,Monterey Park,Monterey Park,,,,,Monterey Park,{0175B2BD-7F0F-4D99-90AD-85183C2FD0DF},0,,0175B2BD-7F0F-4D99-90AD-85183C2FD0DF,Unknown,,,,,Ave,Westcott Ave,2019/01/08 11:27:45+00,2353 Westcott Ave Monterey Park 91754,0175B2BD-7F0F-4D99-90AD-85183C2FD0DF_2353_Westcott_Ave_Monterey_Park_91754,Westcott,2353 Westcott Avenue Ave Monterey Park 91754,,,,
739017,1318367,,5251017026.0,,2349.0,,,,,,Westcott,Avenue,,,,,,,,,,,,,91754.0,,Monterey Park,Monterey Park,,,,,Monterey Park,{6EEC22C3-9708-4D3B-AA2D-3E8BCCF0E1EA},0,,6EEC22C3-9708-4D3B-AA2D-3E8BCCF0E1EA,Unknown,,,,,Ave,Westcott Ave,2019/01/08 11:27:45+00,2349 Westcott Ave Monterey Park 91754,6EEC22C3-9708-4D3B-AA2D-3E8BCCF0E1EA_2349_Westcott_Ave_Monterey_Park_91754,Westcott,2349 Westcott Avenue Ave Monterey Park 91754,,,,
739018,1318368,,5251017029.0,,1840.0,,,,,,1st,Street,,,,,,,,,,,,,91754.0,,Monterey Park,Monterey Park,,,,,Monterey Park,{13F691E7-1F82-4AA9-B501-9E17BB5BB9D2},0,,13F691E7-1F82-4AA9-B501-9E17BB5BB9D2,Unknown,,,,,St,1st St,2018/03/06 08:42:41+00,1840 1st St Monterey Park 91754,13F691E7-1F82-4AA9-B501-9E17BB5BB9D2_1840_1st_St_Monterey_Park_91754,1st,1840 1st Street St Monterey Park 91754,,,,
739019,1318369,,5251017030.0,,1860.0,,,,,,1st,Street,,,,,,,,,,,,,91754.0,,Monterey Park,Monterey Park,,,,,Monterey Park,{2C5503ED-D824-4A18-A55D-C4C0FA01C859},0,,2C5503ED-D824-4A18-A55D-C4C0FA01C859,Unknown,,,,,St,1st St,2018/10/23 09:50:50+00,1860 1st St Monterey Park 91754,2C5503ED-D824-4A18-A55D-C4C0FA01C859_1860_1st_St_Monterey_Park_91754,1st,1860 1st Street St Monterey Park 91754,,,,
739020,1318370,,5251017031.0,,1800.0,,,,,,1st,Street,,,,,,,,,,,,,91754.0,,Monterey Park,Monterey Park,,,,,Monterey Park,{A35FD7E8-CB15-487C-9E6B-A3A2317D7C4E},0,,A35FD7E8-CB15-487C-9E6B-A3A2317D7C4E,Unknown,,,,,St,1st St,2018/03/06 08:43:27+00,1800 1st St Monterey Park 91754,A35FD7E8-CB15-487C-9E6B-A3A2317D7C4E_1800_1st_St_Monterey_Park_91754,1st,1800 1st Street St Monterey Park 91754,,,,
739021,1318371,,5251018004.0,,2340.0,,,,,,Westcott,Avenue,,,,,,,,,,,,,91754.0,,Monterey Park,Monterey Park,,,,,Monterey Park,{FCA82C3A-E5FE-40C6-8F54-40A201BD63D7},0,,FCA82C3A-E5FE-40C6-8F54-40A201BD63D7,Unknown,,,,,Ave,Westcott Ave,2019/01/08 11:27:45+00,2340 Westcott Ave Monterey Park 91754,FCA82C3A-E5FE-40C6-8F54-40A201BD63D7_2340_Westcott_Ave_Monterey_Park_91754,Westcott,2340 Westcott Avenue Ave Monterey Park 91754,,,,
739022,1318372,,5251018005.0,,2439.0,,,,,,Sherbrook,Avenue,,,,,,,,,,,,,91754.0,,Monterey Park,Monterey Park,,,,,Monterey Park,{4BFE02DD-2E17-43E6-8C8F-84FFBF2ACCF1},0,,4BFE02DD-2E17-43E6-8C8F-84FFBF2ACCF1,Unknown,,,,,Ave,Sherbrook Ave,2018/03/06 08:42:41+00,2439 Sherbrook Ave Monterey Park 91754,4BFE02DD-2E17-43E6-8C8F-84FFBF2ACCF1_2439_Sherbrook_Ave_Monterey_Park_91754,Sherbrook,2439 Sherbrook Avenue Ave Monterey Park 91754,,,,
739023,1318373,,5251018006.0,,2435.0,,,,,,Sherbrook,Avenue,,,,,,,,,,,,,91754.0,,Monterey Park,Monterey Park,,,,,Monterey Park,{10191674-DD1D-4939-B4C2-13F28576457C},0,,10191674-DD1D-4939-B4C2-13F28576457C,Unknown,,,,,Ave,Sherbrook Ave,2018/10/23 09:48:27+00,2435 Sherbrook Ave Monterey Park 91754,10191674-DD1D-4939-B4C2-13F28576457C_2435_Sherbrook_Ave_Monterey_Park_91754,Sherbrook,2435 Sherbrook Avenue Ave Monterey Park 91754,,,,
739024,1318374,,5251018007.0,,2431.0,,,,,,Sherbrook,Avenue,,,,,,,,,,,,,91754.0,,Monterey Park,Monterey Park,,,,,Monterey Park,{CA5A50F2-188F-4A58-876B-CF387F4A7AD2},0,,CA5A50F2-188F-4A58-876B-CF387F4A7AD2,Unknown,,,,,Ave,Sherbrook Ave,2018/10/23 10:30:17+00,2431 Sherbrook Ave Monterey Park 91754,CA5A50F2-188F-4A58-876B-CF387F4A7AD2_2431_Sherbrook_Ave_Monterey_Park_91754,Sherbrook,2431 Sherbrook Avenue Ave Monterey Park 91754,,,,
739025,1318375,,5251018008.0,,2427.0,,,,,,Sherbrook,Avenue,,,,,,,,,,,,,91754.0,,Monterey Park,Monterey Park,,,,,Monterey Park,{210F5BB7-F28E-426E-8948-594D2B1062DD},0,,210F5BB7-F28E-426E-8948-594D2B1062DD,Unknown,,,,,Ave,Sherbrook Ave,2018/10/23 09:51:48+00,2427 Sherbrook Ave Monterey Park 91754,210F5BB7-F28E-426E-8948-594D2B1062DD_2427_Sherbrook_Ave_Monterey_Park_91754,Sherbrook,2427 Sherbrook Avenue Ave Monterey Park 91754,,,,
739026,1318376,,5251018009.0,,2423.0,,,,,,Sherbrook,Avenue,,,,,,,,,,,,,91754.0,,Monterey Park,Monterey Park,,,,,Monterey Park,{4B35DD5C-9A76-443A-B546-3C9413EB5FEA},0,,4B35DD5C-9A76-443A-B546-3C9413EB5FEA,Unknown,,,,,Ave,Sherbrook Ave,2018/05/15 21:37:23+00,2423 Sherbrook Ave Monterey Park 91754,4B35DD5C-9A76-443A-B546-3C9413EB5FEA_2423_Sherbrook_Ave_Monterey_Park_91754,Sherbrook,2423 Sherbrook Avenue Ave Monterey Park 91754,,,,
739027,1318377,,5251018010.0,,2419.0,,,,,,Sherbrook,Avenue,,,,,,,,,,,,,91754.0,,Monterey Park,Monterey Park,,,,,Monterey Park,{1A4DCED4-0F12-46BA-AD39-F41361E76057},0,,1A4DCED4-0F12-46BA-AD39-F41361E76057,Unknown,,,,,Ave,Sherbrook Ave,2018/10/23 09:55:42+00,2419 Sherbrook Ave Monterey Park 91754,1A4DCED4-0F12-46BA-AD39-F41361E76057_2419_Sherbrook_Ave_Monterey_Park_91754,Sherbrook,2419 Sherbrook Avenue Ave Monterey Park 91754,,,,
739028,1318378,,5251018011.0,,2415.0,,,,,,Sherbrook,Avenue,,,,,,,,,,,,,91754.0,,Monterey Park,Monterey Park,,,,,Monterey Park,{CD5DBE06-B441-4AC6-B8D1-64EBE47CAC72},0,,CD5DBE06-B441-4AC6-B8D1-64EBE47CAC72,Unknown,,,,,Ave,Sherbrook Ave,2018/10/23 10:30:56+00,2415 Sherbrook Ave Monterey Park 91754,CD5DBE06-B441-4AC6-B8D1-64EBE47CAC72_2415_Sherbrook_Ave_Monterey_Park_91754,Sherbrook,2415 Sherbrook Avenue Ave Monterey Park 91754,,,,
739029,1318379,,5251018012.0,,2411.0,,,,,,Sherbrook,Avenue,,,,,,,,,,,,,91754.0,,Monterey Park,Monterey Park,,,,,Monterey Park,{89F741AA-32A9-446C-B57F-2F39F971FC8D},0,,89F741AA-32A9-446C-B57F-2F39F971FC8D,Unknown,,,,,Ave,Sherbrook Ave,2018/10/23 09:48:27+00,2411 Sherbrook Ave Monterey Park 91754,89F741AA-32A9-446C-B57F-2F39F971FC8D_2411_Sherbrook_Ave_Monterey_Park_91754,Sherbrook,2411 Sherbrook Avenue Ave Monterey Park 91754,,,,
739030,1318380,,5251018013.0,,2407.0,,,,,,Sherbrook,Avenue,,,,,,,,,,,,,91754.0,,Monterey Park,Monterey Park,,,,,Monterey Park,{1B57898E-FD14-4CE6-B4DD-6C23BD22D27D},0,,1B57898E-FD14-4CE6-B4DD-6C23BD22D27D,Unknown,,,,,Ave,Sherbrook Ave,2018/03/06 08:43:04+00,2407 Sherbrook Ave Monterey Park 91754,1B57898E-FD14-4CE6-B4DD-6C23BD22D27D_2407_Sherbrook_Ave_Monterey_Park_91754,Sherbrook,2407 Sherbrook Avenue Ave Monterey Park 91754,,,,
739031,1318381,,5251018014.0,,1500.0,,,,,,Dorner,Drive,,,,,,,,,,,,,91754.0,,Monterey Park,Monterey Park,,,,,Monterey Park,{C4989D14-DF04-4B61-9CB8-4471FE2E80D7},0,,C4989D14-DF04-4B61-9CB8-4471FE2E80D7,Unknown,,,,,Dr,Dorner Dr,2018/10/23 09:56:23+00,1500 Dorner Dr Monterey Park 91754,C4989D14-DF04-4B61-9CB8-4471FE2E80D7_1500_Dorner_Dr_Monterey_Park_91754,Dorner,1500 Dorner Drive Dr Monterey Park 91754,,,,
739032,1318382,,5251018015.0,,1510.0,,,,,,Dorner,Drive,,,,,,,,,,,,,91754.0,,Monterey Park,Monterey Park,,,,,Monterey Park,{024A4A05-0075-45FA-8204-086D0F9335BE},0,,024A4A05-0075-45FA-8204-086D0F9335BE,Unknown,,,,,Dr,Dorner Dr,2018/10/23 10:31:41+00,1510 Dorner Dr Monterey Park 91754,024A4A05-0075-45FA-8204-086D0F9335BE_1510_Dorner_Dr_Monterey_Park_91754,Dorner,1510 Dorner Drive Dr Monterey Park 91754,,,,
739033,1318383,,5251018016.0,,1520.0,,,,,,Dorner,Drive,,,,,,,,,,,,,91754.0,,Monterey Park,Monterey Park,,,,,Monterey Park,{2D1D27EE-1896-4F9D-9E1B-648B1812C79B},0,,2D1D27EE-1896-4F9D-9E1B-648B1812C79B,Unknown,,,,,Dr,Dorner Dr,2018/03/06 08:42:41+00,1520 Dorner Dr Monterey Park 91754,2D1D27EE-1896-4F9D-9E1B-648B1812C79B_1520_Dorner_Dr_Monterey_Park_91754,Dorner,1520 Dorner Drive Dr Monterey Park 91754,,,,
739034,1318384,,5251018017.0,,1530.0,,,,,,Dorner,Drive,,,,,,,,,,,,,91754.0,,Monterey Park,Monterey Park,,,,,Monterey Park,{E6D02E69-24B9-4B87-A099-5D088DDF9381},0,,E6D02E69-24B9-4B87-A099-5D088DDF9381,Unknown,,,,,Dr,Dorner Dr,2018/10/23 10:31:41+00,1530 Dorner Dr Monterey Park 91754,E6D02E69-24B9-4B87-A099-5D088DDF9381_1530_Dorner_Dr_Monterey_Park_91754,Dorner,1530 Dorner Drive Dr Monterey Park 91754,,,,
739035,1318385,,5251018018.0,,2344.0,,,,,,Westcott,Avenue,,,,,,,,,,,,,91754.0,,Monterey Park,Monterey Park,,,,,Monterey Park,{29EC4F79-7799-49EC-A881-61FB43155D65},0,,29EC4F79-7799-49EC-A881-61FB43155D65,Unknown,,,,,Ave,Westcott Ave,2019/01/08 11:27:45+00,2344 Westcott Ave Monterey Park 91754,29EC4F79-7799-49EC-A881-61FB43155D65_2344_Westcott_Ave_Monterey_Park_91754,Westcott,2344 Westcott Avenue Ave Monterey Park 91754,,,,
739036,1318386,,5251018019.0,,2348.0,,,,,,Westcott,Avenue,,,,,,,,,,,,,91754.0,,Monterey Park,Monterey Park,,,,,Monterey Park,{763DFE84-DDC3-4DB1-BC93-31CE8491EE35},0,,763DFE84-DDC3-4DB1-BC93-31CE8491EE35,Unknown,,,,,Ave,Westcott Ave,2019/01/08 11:27:45+00,2348 Westcott Ave Monterey Park 91754,763DFE84-DDC3-4DB1-BC93-31CE8491EE35_2348_Westcott_Ave_Monterey_Park_91754,Westcott,2348 Westcott Avenue Ave Monterey Park 91754,,,,
739037,1318387,,5251018020.0,,2352.0,,,,,,Westcott,Avenue,,,,,,,,,,,,,91754.0,,Monterey Park,Monterey Park,,,,,Monterey Park,{219DD2B6-F91D-4FFC-AF25-189C860C1DE7},0,,219DD2B6-F91D-4FFC-AF25-189C860C1DE7,Unknown,,,,,Ave,Westcott Ave,2019/01/08 11:27:45+00,2352 Westcott Ave Monterey Park 91754,219DD2B6-F91D-4FFC-AF25-189C860C1DE7_2352_Westcott_Ave_Monterey_Park_91754,Westcott,2352 Westcott Avenue Ave Monterey Park 91754,,,,
739038,1318388,,5251018021.0,,2356.0,,,,,,Westcott,Avenue,,,,,,,,,,,,,91754.0,,Monterey Park,Monterey Park,,,,,Monterey Park,{99D56157-EB31-4AEB-B8D6-023B718B9C81},0,,99D56157-EB31-4AEB-B8D6-023B718B9C81,Unknown,,,,,Ave,Westcott Ave,2019/01/08 11:27:45+00,2356 Westcott Ave Monterey Park 91754,99D56157-EB31-4AEB-B8D6-023B718B9C81_2356_Westcott_Ave_Monterey_Park_91754,Westcott,2356 Westcott Avenue Ave Monterey Park 91754,,,,
739039,1318389,,5251018022.0,,2360.0,,,,,,Westcott,Avenue,,,,,,,,,,,,,91754.0,,Monterey Park,Monterey Park,,,,,Monterey Park,{FFE746EE-18DD-4F2A-A6E7-877DDA3C627E},0,,FFE746EE-18DD-4F2A-A6E7-877DDA3C627E,Unknown,,,,,Ave,Westcott Ave,2019/01/08 11:27:45+00,2360 Westcott Ave Monterey Park 91754,FFE746EE-18DD-4F2A-A6E7-877DDA3C627E_2360_Westcott_Ave_Monterey_Park_91754,Westcott,2360 Westcott Avenue Ave Monterey Park 91754,,,,
739040,1318390,,5251018023.0,,2364.0,,,,,,Westcott,Avenue,,,,,,,,,,,,,91754.0,,Monterey Park,Monterey Park,,,,,Monterey Park,{77E35F47-1381-446A-8560-EF17E2235E87},0,,77E35F47-1381-446A-8560-EF17E2235E87,Unknown,,,,,Ave,Westcott Ave,2019/01/08 11:27:45+00,2364 Westcott Ave Monterey Park 91754,77E35F47-1381-446A-8560-EF17E2235E87_2364_Westcott_Ave_Monterey_Park_91754,Westcott,2364 Westcott Avenue Ave Monterey Park 91754,,,,
739041,1318391,,5251018024.0,,2368.0,,,,,,Westcott,Avenue,,,,,,,,,,,,,91754.0,,Monterey Park,Monterey Park,,,,,Monterey Park,{ACDC3079-592A-4F80-8BCB-0DED050F25E2},0,,ACDC3079-592A-4F80-8BCB-0DED050F25E2,Unknown,,,,,Ave,Westcott Ave,2019/01/08 11:27:45+00,2368 Westcott Ave Monterey Park 91754,ACDC3079-592A-4F80-8BCB-0DED050F25E2_2368_Westcott_Ave_Monterey_Park_91754,Westcott,2368 Westcott Avenue Ave Monterey Park 91754,,,,
739042,1318392,,5251018025.0,,2372.0,,,,,,Westcott,Avenue,,,,,,,,,,,,,91754.0,,Monterey Park,Monterey Park,,,,,Monterey Park,{242D67CC-33CD-465B-832C-241816ADA62B},0,,242D67CC-33CD-465B-832C-241816ADA62B,Unknown,,,,,Ave,Westcott Ave,2019/01/08 11:27:45+00,2372 Westcott Ave Monterey Park 91754,242D67CC-33CD-465B-832C-241816ADA62B_2372_Westcott_Ave_Monterey_Park_91754,Westcott,2372 Westcott Avenue Ave Monterey Park 91754,,,,
739043,1318393,,5251018026.0,,2376.0,,,,,,Westcott,Avenue,,,,,,,,,,,,,91754.0,,Monterey Park,Monterey Park,,,,,Monterey Park,{1EED22D8-1C0C-460D-954C-F84A15BA3343},0,,1EED22D8-1C0C-460D-954C-F84A15BA3343,Unknown,,,,,Ave,Westcott Ave,2019/01/08 11:27:45+00,2376 Westcott Ave Monterey Park 91754,1EED22D8-1C0C-460D-954C-F84A15BA3343_2376_Westcott_Ave_Monterey_Park_91754,Westcott,2376 Westcott Avenue Ave Monterey Park 91754,,,,
739044,1318394,,5251018027.0,,2380.0,,,,,,Westcott,Avenue,,,,,,,,,,,,,91754.0,,Monterey Park,Monterey Park,,,,,Monterey Park,{4D2D12B0-56CA-4295-AA55-BC8643213B22},0,,4D2D12B0-56CA-4295-AA55-BC8643213B22,Unknown,,,,,Ave,Westcott Ave,2019/01/08 11:27:45+00,2380 Westcott Ave Monterey Park 91754,4D2D12B0-56CA-4295-AA55-BC8643213B22_2380_Westcott_Ave_Monterey_Park_91754,Westcott,2380 Westcott Avenue Ave Monterey Park 91754,,,,
739045,1318395,,5251018028.0,,2384.0,,,,,,Westcott,Avenue,,,,,,,,,,,,,91754.0,,Monterey Park,Monterey Park,,,,,Monterey Park,{2E9C0988-EE62-4581-9ED0-FCC07E395F99},0,,2E9C0988-EE62-4581-9ED0-FCC07E395F99,Unknown,,,,,Ave,Westcott Ave,2019/01/08 11:27:45+00,2384 Westcott Ave Monterey Park 91754,2E9C0988-EE62-4581-9ED0-FCC07E395F99_2384_Westcott_Ave_Monterey_Park_91754,Westcott,2384 Westcott Avenue Ave Monterey Park 91754,,,,
739046,1318396,,5251018029.0,,2388.0,,,,,,Westcott,Avenue,,,,,,,,,,,,,91754.0,,Monterey Park,Monterey Park,,,,,Monterey Park,{2868C9D6-0BFE-478E-9629-9BB4BDB9C128},0,,2868C9D6-0BFE-478E-9629-9BB4BDB9C128,Unknown,,,,,Ave,Westcott Ave,2019/01/08 11:27:45+00,2388 Westcott Ave Monterey Park 91754,2868C9D6-0BFE-478E-9629-9BB4BDB9C128_2388_Westcott_Ave_Monterey_Park_91754,Westcott,2388 Westcott Avenue Ave Monterey Park 91754,,,,
739047,1318397,,5251018030.0,,2445.0,,,,,,Sherbrook,Avenue,,,,,,,,,,,,,91754.0,,Monterey Park,Monterey Park,,,,,Monterey Park,{DC9B729F-F536-4EC4-9BBE-DE251B8A44C5},0,,DC9B729F-F536-4EC4-9BBE-DE251B8A44C5,Unknown,,,,,Ave,Sherbrook Ave,2018/05/15 21:36:13+00,2445 Sherbrook Ave Monterey Park 91754,DC9B729F-F536-4EC4-9BBE-DE251B8A44C5_2445_Sherbrook_Ave_Monterey_Park_91754,Sherbrook,2445 Sherbrook Avenue Ave Monterey Park 91754,,,,
739048,1318398,,5251018031.0,,2441.0,,,,,,Sherbrook,Avenue,,,,,,,,,,,,,91754.0,,Monterey Park,Monterey Park,,,,,Monterey Park,{691B05AE-7BF1-4B13-B152-9E53AE9D7C4A},0,,691B05AE-7BF1-4B13-B152-9E53AE9D7C4A,Unknown,,,,,Ave,Sherbrook Ave,2018/03/06 08:42:41+00,2441 Sherbrook Ave Monterey Park 91754,691B05AE-7BF1-4B13-B152-9E53AE9D7C4A_2441_Sherbrook_Ave_Monterey_Park_91754,Sherbrook,2441 Sherbrook Avenue Ave Monterey Park 91754,,,,
739049,1318399,,5251018033.0,,1700.0,,,,,,1st,Street,,,,,,,,,,,,,91754.0,,Monterey Park,Monterey Park,,,,,Monterey Park,{A5889E6E-6FD2-4C78-8D88-C4BFA35E3ACE},0,,A5889E6E-6FD2-4C78-8D88-C4BFA35E3ACE,Unknown,,,,,St,1st St,2018/10/23 09:55:42+00,1700 1st St Monterey Park 91754,A5889E6E-6FD2-4C78-8D88-C4BFA35E3ACE_1700_1st_St_Monterey_Park_91754,1st,1700 1st Street St Monterey Park 91754,,,,
739050,1318400,,5251019001.0,,2385.0,,,,,,Schoolside,Avenue,,,,,,,,,,,,,91754.0,,Monterey Park,Monterey Park,,,,,Monterey Park,{7858A57E-F89C-441C-A22E-5F6BEBF55AC4},0,,7858A57E-F89C-441C-A22E-5F6BEBF55AC4,Unknown,,,,,Ave,Schoolside Ave,2018/03/06 08:43:04+00,2385 Schoolside Ave Monterey Park 91754,7858A57E-F89C-441C-A22E-5F6BEBF55AC4_2385_Schoolside_Ave_Monterey_Park_91754,Schoolside,2385 Schoolside Avenue Ave Monterey Park 91754,,,,
739051,1318401,,5251019002.0,,2393.0,,,,,,Schoolside,Avenue,,,,,,,,,,,,,91754.0,,Monterey Park,Monterey Park,,,,,Monterey Park,{1A59977A-1354-455A-BD36-5546271D1F09},0,,1A59977A-1354-455A-BD36-5546271D1F09,Unknown,,,,,Ave,Schoolside Ave,2018/05/15 21:37:23+00,2393 Schoolside Ave Monterey Park 91754,1A59977A-1354-455A-BD36-5546271D1F09_2393_Schoolside_Ave_Monterey_Park_91754,Schoolside,2393 Schoolside Avenue Ave Monterey Park 91754,,,,
739052,1318402,,5251019003.0,,2401.0,,,,,,Schoolside,Avenue,,,,,,,,,,,,,91754.0,,Monterey Park,Monterey Park,,,,,Monterey Park,{D4B9828C-EC37-4517-A29F-A8B73E1B3640},0,,D4B9828C-EC37-4517-A29F-A8B73E1B3640,Unknown,,,,,Ave,Schoolside Ave,2018/03/06 08:42:41+00,2401 Schoolside Ave Monterey Park 91754,D4B9828C-EC37-4517-A29F-A8B73E1B3640_2401_Schoolside_Ave_Monterey_Park_91754,Schoolside,2401 Schoolside Avenue Ave Monterey Park 91754,,,,
739053,1318403,,5251019004.0,,2409.0,,,,,,Schoolside,Avenue,,,,,,,,,,,,,91754.0,,Monterey Park,Monterey Park,,,,,Monterey Park,{149A41B7-D153-4ECF-8C10-1271CA5429E8},0,,149A41B7-D153-4ECF-8C10-1271CA5429E8,Unknown,,,,,Ave,Schoolside Ave,2018/05/15 21:36:48+00,2409 Schoolside Ave Monterey Park 91754,149A41B7-D153-4ECF-8C10-1271CA5429E8_2409_Schoolside_Ave_Monterey_Park_91754,Schoolside,2409 Schoolside Avenue Ave Monterey Park 91754,,,,
739054,1318404,,5251019009.0,,2416.0,,,,,,Sherbrook,Avenue,,,,,,,,,,,,,91754.0,,Monterey Park,Monterey Park,,,,,Monterey Park,{0A56DCB3-0AC8-41B1-8B87-F77AD8728540},0,,0A56DCB3-0AC8-41B1-8B87-F77AD8728540,Unknown,,,,,Ave,Sherbrook Ave,2018/05/15 21:36:13+00,2416 Sherbrook Ave Monterey Park 91754,0A56DCB3-0AC8-41B1-8B87-F77AD8728540_2416_Sherbrook_Ave_Monterey_Park_91754,Sherbrook,2416 Sherbrook Avenue Ave Monterey Park 91754,,,,
739055,1318405,,5251019011.0,,2424.0,,,,,,Sherbrook,Avenue,,,,,,,,,,,,,91754.0,,Monterey Park,Monterey Park,,,,,Monterey Park,{CDEFA493-7BC7-4715-8673-80A5728AE6CD},0,,CDEFA493-7BC7-4715-8673-80A5728AE6CD,Unknown,,,,,Ave,Sherbrook Ave,2018/03/06 08:43:27+00,2424 Sherbrook Ave Monterey Park 91754,CDEFA493-7BC7-4715-8673-80A5728AE6CD_2424_Sherbrook_Ave_Monterey_Park_91754,Sherbrook,2424 Sherbrook Avenue Ave Monterey Park 91754,,,,
739056,1318406,,5251019015.0,,2440.0,,,,,,Sherbrook,Avenue,,,,,,,,,,,,,91754.0,,Monterey Park,Monterey Park,,,,,Monterey Park,{D43A6BD7-8F84-4235-8AC4-8600678EC8DC},0,,D43A6BD7-8F84-4235-8AC4-8600678EC8DC,Unknown,,,,,Ave,Sherbrook Ave,2018/05/15 21:36:13+00,2440 Sherbrook Ave Monterey Park 91754,D43A6BD7-8F84-4235-8AC4-8600678EC8DC_2440_Sherbrook_Ave_Monterey_Park_91754,Sherbrook,2440 Sherbrook Avenue Ave Monterey Park 91754,,,,
739057,1318407,,5251019016.0,,1480.0,,,,,,Dorner,Drive,,,,,,,,,,,,,91754.0,,Monterey Park,Monterey Park,,,,,Monterey Park,{0FEC83FE-A046-4C14-975B-56575E81083C},0,,0FEC83FE-A046-4C14-975B-56575E81083C,Unknown,,,,,Dr,Dorner Dr,2018/03/06 08:42:41+00,1480 Dorner Dr Monterey Park 91754,0FEC83FE-A046-4C14-975B-56575E81083C_1480_Dorner_Dr_Monterey_Park_91754,Dorner,1480 Dorner Drive Dr Monterey Park 91754,,,,
739058,1318408,,5251019017.0,,1490.0,,,,,,Dorner,Drive,,,,,,,,,,,,,91754.0,,Monterey Park,Monterey Park,,,,,Monterey Park,{41B23F60-CD29-4AF6-A67D-996E97B2CF8E},0,,41B23F60-CD29-4AF6-A67D-996E97B2CF8E,Unknown,,,,,Dr,Dorner Dr,2018/05/15 21:37:23+00,1490 Dorner Dr Monterey Park 91754,41B23F60-CD29-4AF6-A67D-996E97B2CF8E_1490_Dorner_Dr_Monterey_Park_91754,Dorner,1490 Dorner Drive Dr Monterey Park 91754,,,,
739059,1318409,,5251020001.0,,1960.0,,,,Avenida,,Cesar Chavez,,,,,,,,,,,,,,91754.0,,Monterey Park,Monterey Park,,,,,Monterey Park,{DFC5828C-7982-413A-9948-29DB4651275D},0,,DFC5828C-7982-413A-9948-29DB4651275D,Unknown,,,,Avenida,,Avenida Cesar Chavez,2018/06/11 17:00:12+00,1960 Avenida Cesar Chavez Monterey Park 91754,DFC5828C-7982-413A-9948-29DB4651275D_1960_Avenida_Cesar_Chavez_Monterey_Park_91754,Avenida Cesar Chavez,1960 Avenida Cesar Chavez Monterey Park 91754,,,,
739060,1318410,,5251020005.0,,1920.0,,,,Avenida,,Cesar Chavez,,,,,,,,,,,,,,91754.0,,Monterey Park,Monterey Park,,,,,Monterey Park,{C9FE8DA1-D71E-439D-9FF5-9808E57D7212},0,,C9FE8DA1-D71E-439D-9FF5-9808E57D7212,Unknown,,,,Avenida,,Avenida Cesar Chavez,2018/06/11 17:00:12+00,1920 Avenida Cesar Chavez Monterey Park 91754,C9FE8DA1-D71E-439D-9FF5-9808E57D7212_1920_Avenida_Cesar_Chavez_Monterey_Park_91754,Avenida Cesar Chavez,1920 Avenida Cesar Chavez Monterey Park 91754,,,,
739061,1318411,,5251020007.0,,2313.0,,,,,,Bleakwood,Avenue,,,,,,,,,,,,,91754.0,,Monterey Park,Monterey Park,,,,,Monterey Park,{9B9EAA09-3D27-4464-A3C0-700E1CA74DA3},0,,9B9EAA09-3D27-4464-A3C0-700E1CA74DA3,Unknown,,,,,Ave,Bleakwood Ave,2018/05/15 21:36:48+00,2313 Bleakwood Ave Monterey Park 91754,9B9EAA09-3D27-4464-A3C0-700E1CA74DA3_2313_Bleakwood_Ave_Monterey_Park_91754,Bleakwood,2313 Bleakwood Avenue Ave Monterey Park 91754,,,,
739062,1318412,,5251020009.0,,2321.0,,,,,,Bleakwood,Avenue,,,,,,,,,,,,,91754.0,,Monterey Park,Monterey Park,,,,,Monterey Park,{0C9950FB-1A7D-4AE5-BDA8-A4E3C9F0F808},0,,0C9950FB-1A7D-4AE5-BDA8-A4E3C9F0F808,Unknown,,,,,Ave,Bleakwood Ave,2018/11/04 20:21:43+00,2321 Bleakwood Ave Monterey Park 91754,0C9950FB-1A7D-4AE5-BDA8-A4E3C9F0F808_2321_Bleakwood_Ave_Monterey_Park_91754,Bleakwood,2321 Bleakwood Avenue Ave Monterey Park 91754,,,,
739063,1318413,,5251020010.0,,2325.0,,,,,,Bleakwood,Avenue,,,,,,,,,,,,,91754.0,,Monterey Park,Monterey Park,,,,,Monterey Park,{E9D52CD7-9B5E-4F0F-90FD-51C5D8EE0A57},0,,E9D52CD7-9B5E-4F0F-90FD-51C5D8EE0A57,Unknown,,,,,Ave,Bleakwood Ave,2018/06/07 18:25:26+00,2325 Bleakwood Ave Monterey Park 91754,E9D52CD7-9B5E-4F0F-90FD-51C5D8EE0A57_2325_Bleakwood_Ave_Monterey_Park_91754,Bleakwood,2325 Bleakwood Avenue Ave Monterey Park 91754,,,,
739064,1318414,,5251020012.0,,1919.0,,,,,,Dorner,Drive,,,,,,,,,,,,,91754.0,,Monterey Park,Monterey Park,,,,,Monterey Park,{BDDB09D3-0724-4A39-B395-292C96606174},0,,BDDB09D3-0724-4A39-B395-292C96606174,Unknown,,,,,Dr,Dorner Dr,2018/03/06 08:43:04+00,1919 Dorner Dr Monterey Park 91754,BDDB09D3-0724-4A39-B395-292C96606174_1919_Dorner_Dr_Monterey_Park_91754,Dorner,1919 Dorner Drive Dr Monterey Park 91754,,,,
739065,1318415,,5251020013.0,,1929.0,,,,,,Dorner,Drive,,,,,,,,,,,,,91754.0,,Monterey Park,Monterey Park,,,,,Monterey Park,{8523FE3F-D5B6-47A8-B316-2EB3584533DD},0,,8523FE3F-D5B6-47A8-B316-2EB3584533DD,Unknown,,,,,Dr,Dorner Dr,2018/05/15 21:37:23+00,1929 Dorner Dr Monterey Park 91754,8523FE3F-D5B6-47A8-B316-2EB3584533DD_1929_Dorner_Dr_Monterey_Park_91754,Dorner,1929 Dorner Drive Dr Monterey Park 91754,,,,
739066,1318416,,5251020014.0,,1939.0,,,,,,Dorner,Drive,,,,,,,,,,,,,91754.0,,Monterey Park,Monterey Park,,,,,Monterey Park,{F179DCC0-7B4F-4D7C-8AE0-0E1474174774},0,,F179DCC0-7B4F-4D7C-8AE0-0E1474174774,Unknown,,,,,Dr,Dorner Dr,2018/05/15 21:37:23+00,1939 Dorner Dr Monterey Park 91754,F179DCC0-7B4F-4D7C-8AE0-0E1474174774_1939_Dorner_Dr_Monterey_Park_91754,Dorner,1939 Dorner Drive Dr Monterey Park 91754,,,,
739067,1318417,,5251020016.0,,1959.0,,,,,,Dorner,Drive,,,,,,,,,,,,,91754.0,,Monterey Park,Monterey Park,,,,,Monterey Park,{BA31207C-296C-463E-9383-C15774CEB3AD},0,,BA31207C-296C-463E-9383-C15774CEB3AD,Unknown,,,,,Dr,Dorner Dr,2018/03/06 08:43:50+00,1959 Dorner Dr Monterey Park 91754,BA31207C-296C-463E-9383-C15774CEB3AD_1959_Dorner_Dr_Monterey_Park_91754,Dorner,1959 Dorner Drive Dr Monterey Park 91754,,,,
739068,1318418,,5251021002.0,,2316.0,,,,,,Bleakwood,Avenue,,,,,,,,,,,,,91754.0,,Monterey Park,Monterey Park,,,,,Monterey Park,{7D84D2AF-303D-48D3-8C06-FCF4C8C36DEE},0,,7D84D2AF-303D-48D3-8C06-FCF4C8C36DEE,Unknown,,,,,Ave,Bleakwood Ave,2018/03/06 08:42:41+00,2316 Bleakwood Ave Monterey Park 91754,7D84D2AF-303D-48D3-8C06-FCF4C8C36DEE_2316_Bleakwood_Ave_Monterey_Park_91754,Bleakwood,2316 Bleakwood Avenue Ave Monterey Park 91754,,,,
739069,1318419,,5251021004.0,,2324.0,,,,,,Bleakwood,Avenue,,,,,,,,,,,,,91754.0,,Monterey Park,Monterey Park,,,,,Monterey Park,{9247622D-22D0-4981-BD74-D055B8D2C600},0,,9247622D-22D0-4981-BD74-D055B8D2C600,Unknown,,,,,Ave,Bleakwood Ave,2018/03/06 08:43:04+00,2324 Bleakwood Ave Monterey Park 91754,9247622D-22D0-4981-BD74-D055B8D2C600_2324_Bleakwood_Ave_Monterey_Park_91754,Bleakwood,2324 Bleakwood Avenue Ave Monterey Park 91754,,,,
739070,1318420,,5251021006.0,,2331.0,,,South,,,Roscommon,Avenue,,,,,,,,,,,,,91754.0,,Monterey Park,Monterey Park,,,,,Monterey Park,{4ED5BCE9-49BE-4B0F-89D7-0C0BDDE7BFF4},0,,4ED5BCE9-49BE-4B0F-89D7-0C0BDDE7BFF4,Unknown,,S,,,Ave,S Roscommon Ave,2018/03/06 08:43:50+00,2331 S Roscommon Ave Monterey Park 91754,4ED5BCE9-49BE-4B0F-89D7-0C0BDDE7BFF4_2331_S_Roscommon_Ave_Monterey_Park_91754,Roscommon,2331 S Roscommon Avenue Ave Monterey Park 91754,,,,
739071,1318421,,5251021007.0,,2327.0,,,South,,,Roscommon,Avenue,,,,,,,,,,,,,91754.0,,Monterey Park,Monterey Park,,,,,Monterey Park,{019B8650-62D2-49C3-B846-DBC0830F43C1},0,,019B8650-62D2-49C3-B846-DBC0830F43C1,Unknown,,S,,,Ave,S Roscommon Ave,2018/05/15 21:37:23+00,2327 S Roscommon Ave Monterey Park 91754,019B8650-62D2-49C3-B846-DBC0830F43C1_2327_S_Roscommon_Ave_Monterey_Park_91754,Roscommon,2327 S Roscommon Avenue Ave Monterey Park 91754,,,,
739072,1318422,,5251021009.0,,2319.0,,,South,,,Roscommon,Avenue,,,,,,,,,,,,,91754.0,,Monterey Park,Monterey Park,,,,,Monterey Park,{378C4AF6-8F87-4092-9E03-6D4D89030D6C},0,,378C4AF6-8F87-4092-9E03-6D4D89030D6C,Unknown,,S,,,Ave,S Roscommon Ave,2018/03/06 08:43:50+00,2319 S Roscommon Ave Monterey Park 91754,378C4AF6-8F87-4092-9E03-6D4D89030D6C_2319_S_Roscommon_Ave_Monterey_Park_91754,Roscommon,2319 S Roscommon Avenue Ave Monterey Park 91754,,,,
739073,1318423,,5251021011.0,,2311.0,,,South,,,Roscommon,Avenue,,,,,,,,,,,,,91754.0,,Monterey Park,Monterey Park,,,,,Monterey Park,{E8E4677F-A64B-433C-8B9A-3759BE905B6C},0,,E8E4677F-A64B-433C-8B9A-3759BE905B6C,Unknown,,S,,,Ave,S Roscommon Ave,2018/03/06 08:43:04+00,2311 S Roscommon Ave Monterey Park 91754,E8E4677F-A64B-433C-8B9A-3759BE905B6C_2311_S_Roscommon_Ave_Monterey_Park_91754,Roscommon,2311 S Roscommon Avenue Ave Monterey Park 91754,,,,
739074,1318424,,5251022001.0,,2310.0,,,South,,,Roscommon,Avenue,,,,,,,,,,,,,91754.0,,Monterey Park,Monterey Park,,,,,Monterey Park,{9148DE30-EDD0-4BA4-B736-AE4F835D178B},0,,9148DE30-EDD0-4BA4-B736-AE4F835D178B,Unknown,,S,,,Ave,S Roscommon Ave,2018/05/15 21:37:23+00,2310 S Roscommon Ave Monterey Park 91754,9148DE30-EDD0-4BA4-B736-AE4F835D178B_2310_S_Roscommon_Ave_Monterey_Park_91754,Roscommon,2310 S Roscommon Avenue Ave Monterey Park 91754,,,,
739075,1318425,,5251022003.0,,2318.0,,,South,,,Roscommon,Avenue,,,,,,,,,,,,,91754.0,,Monterey Park,Monterey Park,,,,,Monterey Park,{C84409C1-FC6F-4532-B1D1-32C1CDDC0804},0,,C84409C1-FC6F-4532-B1D1-32C1CDDC0804,Unknown,,S,,,Ave,S Roscommon Ave,2018/05/15 21:37:23+00,2318 S Roscommon Ave Monterey Park 91754,C84409C1-FC6F-4532-B1D1-32C1CDDC0804_2318_S_Roscommon_Ave_Monterey_Park_91754,Roscommon,2318 S Roscommon Avenue Ave Monterey Park 91754,,,,
739076,1318426,,5251022005.0,,2326.0,,,South,,,Roscommon,Avenue,,,,,,,,,,,,,91754.0,,Monterey Park,Monterey Park,,,,,Monterey Park,{A2BFE3A1-750A-4A35-A813-16476709EFBA},0,,A2BFE3A1-750A-4A35-A813-16476709EFBA,Unknown,,S,,,Ave,S Roscommon Ave,2018/05/15 21:36:13+00,2326 S Roscommon Ave Monterey Park 91754,A2BFE3A1-750A-4A35-A813-16476709EFBA_2326_S_Roscommon_Ave_Monterey_Park_91754,Roscommon,2326 S Roscommon Avenue Ave Monterey Park 91754,,,,
739077,1318427,,5251022006.0,,2330.0,,,South,,,Roscommon,Avenue,,,,,,,,,,,,,91754.0,,Monterey Park,Monterey Park,,,,,Monterey Park,{4E7593FE-DA1D-4331-823D-020E8BA472B7},0,,4E7593FE-DA1D-4331-823D-020E8BA472B7,Unknown,,S,,,Ave,S Roscommon Ave,2018/10/28 19:25:24+00,2330 S Roscommon Ave Monterey Park 91754,4E7593FE-DA1D-4331-823D-020E8BA472B7_2330_S_Roscommon_Ave_Monterey_Park_91754,Roscommon,2330 S Roscommon Avenue Ave Monterey Park 91754,,,,
739078,1318428,,5251022007.0,,2334.0,,,South,,,Roscommon,Avenue,,,,,,,,,,,,,91754.0,,Monterey Park,Monterey Park,,,,,Monterey Park,{80B44080-D4B1-4FC5-A537-36B177363F79},0,,80B44080-D4B1-4FC5-A537-36B177363F79,Unknown,,S,,,Ave,S Roscommon Ave,2018/03/15 19:44:01+00,2334 S Roscommon Ave Monterey Park 91754,80B44080-D4B1-4FC5-A537-36B177363F79_2334_S_Roscommon_Ave_Monterey_Park_91754,Roscommon,2334 S Roscommon Avenue Ave Monterey Park 91754,,,,
739079,1318429,,5251022009.0,,2313.0,,,,,,Westcott,Avenue,,,,,,,,,,,,,91754.0,,Monterey Park,Monterey Park,,,,,Monterey Park,{A286BCC6-E666-4120-9F00-DFB858812302},0,,A286BCC6-E666-4120-9F00-DFB858812302,Unknown,,,,,Ave,Westcott Ave,2019/01/08 11:27:45+00,2313 Westcott Ave Monterey Park 91754,A286BCC6-E666-4120-9F00-DFB858812302_2313_Westcott_Ave_Monterey_Park_91754,Westcott,2313 Westcott Avenue Ave Monterey Park 91754,,,,
739080,1318430,,5251022011.0,,2321.0,,,,,,Westcott,Avenue,,,,,,,,,,,,,91754.0,,Monterey Park,Monterey Park,,,,,Monterey Park,{ACAE65E4-48B5-431B-B081-A3BAFC35374C},0,,ACAE65E4-48B5-431B-B081-A3BAFC35374C,Unknown,,,,,Ave,Westcott Ave,2019/01/08 11:27:45+00,2321 Westcott Ave Monterey Park 91754,ACAE65E4-48B5-431B-B081-A3BAFC35374C_2321_Westcott_Ave_Monterey_Park_91754,Westcott,2321 Westcott Avenue Ave Monterey Park 91754,,,,
739081,1318431,,5251022013.0,,2329.0,,,,,,Westcott,Avenue,,,,,,,,,,,,,91754.0,,Monterey Park,Monterey Park,,,,,Monterey Park,{9307CC41-8925-4C06-815C-1A0C3F78955D},0,,9307CC41-8925-4C06-815C-1A0C3F78955D,Unknown,,,,,Ave,Westcott Ave,2019/01/08 11:27:45+00,2329 Westcott Ave Monterey Park 91754,9307CC41-8925-4C06-815C-1A0C3F78955D_2329_Westcott_Ave_Monterey_Park_91754,Westcott,2329 Westcott Avenue Ave Monterey Park 91754,,,,
739082,1318432,,5251022015.0,,2337.0,,,,,,Westcott,Avenue,,,,,,,,,,,,,91754.0,,Monterey Park,Monterey Park,,,,,Monterey Park,{B6DE5B10-D5A6-4425-84C9-00CE2C73945F},0,,B6DE5B10-D5A6-4425-84C9-00CE2C73945F,Unknown,,,,,Ave,Westcott Ave,2019/01/08 11:27:45+00,2337 Westcott Ave Monterey Park 91754,B6DE5B10-D5A6-4425-84C9-00CE2C73945F_2337_Westcott_Ave_Monterey_Park_91754,Westcott,2337 Westcott Avenue Ave Monterey Park 91754,,,,
739083,1318433,,5251023001.0,,1539.0,,,,,,Dorner,Drive,,,,,,,,,,,,,91754.0,,Monterey Park,Monterey Park,,,,,Monterey Park,{473DA0C2-ECFB-4AD6-AEEA-084C0BA1A706},0,,473DA0C2-ECFB-4AD6-AEEA-084C0BA1A706,Unknown,,,,,Dr,Dorner Dr,2018/03/06 08:42:41+00,1539 Dorner Dr Monterey Park 91754,473DA0C2-ECFB-4AD6-AEEA-084C0BA1A706_1539_Dorner_Dr_Monterey_Park_91754,Dorner,1539 Dorner Drive Dr Monterey Park 91754,,,,
739084,1318434,,5251023004.0,,2328.0,,,,,,Westcott,Avenue,,,,,,,,,,,,,91754.0,,Monterey Park,Monterey Park,,,,,Monterey Park,{F830A057-64E5-423A-9F00-C5B0B3BCBC08},0,,F830A057-64E5-423A-9F00-C5B0B3BCBC08,Unknown,,,,,Ave,Westcott Ave,2019/01/08 11:27:45+00,2328 Westcott Ave Monterey Park 91754,F830A057-64E5-423A-9F00-C5B0B3BCBC08_2328_Westcott_Ave_Monterey_Park_91754,Westcott,2328 Westcott Avenue Ave Monterey Park 91754,,,,
739085,1318435,,5251023900.0,,1500.0,,,,Avenida,,Cesar Chavez,,,,,,,,,,,,,,91754.0,,Monterey Park,Monterey Park,,,,,Monterey Park,{3790EDB6-D2F3-4059-AE38-3A32BD7DA842},0,,3790EDB6-D2F3-4059-AE38-3A32BD7DA842,Unknown,,,,Avenida,,Avenida Cesar Chavez,2018/06/11 17:00:12+00,1500 Avenida Cesar Chavez Monterey Park 91754,3790EDB6-D2F3-4059-AE38-3A32BD7DA842_1500_Avenida_Cesar_Chavez_Monterey_Park_91754,Avenida Cesar Chavez,1500 Avenida Cesar Chavez Monterey Park 91754,,,,
739086,1318436,,5251023901.0,,1700.0,,,,Avenida,,Cesar Chavez,,,,,,,,,,,,,,91754.0,,Monterey Park,Monterey Park,,,,,Monterey Park,{1219DBB7-233D-4CCE-9F50-7E7325919AB8},0,,1219DBB7-233D-4CCE-9F50-7E7325919AB8,Unknown,,,,Avenida,,Avenida Cesar Chavez,2018/06/11 17:00:12+00,1700 Avenida Cesar Chavez Monterey Park 91754,1219DBB7-233D-4CCE-9F50-7E7325919AB8_1700_Avenida_Cesar_Chavez_Monterey_Park_91754,Avenida Cesar Chavez,1700 Avenida Cesar Chavez Monterey Park 91754,,,,
739087,1318437,,5251024002.0,,2313.0,,,,,,Schoolside,Avenue,,,,,,,,,,,,,91754.0,,Monterey Park,Monterey Park,,,,,Monterey Park,{FF5A4D31-AF47-43B5-9B3E-20FD3DE396C3},0,,FF5A4D31-AF47-43B5-9B3E-20FD3DE396C3,Unknown,,,,,Ave,Schoolside Ave,2018/05/15 21:36:48+00,2313 Schoolside Ave Monterey Park 91754,FF5A4D31-AF47-43B5-9B3E-20FD3DE396C3_2313_Schoolside_Ave_Monterey_Park_91754,Schoolside,2313 Schoolside Avenue Ave Monterey Park 91754,,,,
739088,1318438,,5251024005.0,,2337.0,,,,,,Schoolside,Avenue,,,,,,,,,,,,,91754.0,,Monterey Park,Monterey Park,,,,,Monterey Park,{0E90E988-B53C-436A-895E-DF5324458930},0,,0E90E988-B53C-436A-895E-DF5324458930,Unknown,,,,,Ave,Schoolside Ave,2018/05/15 21:37:23+00,2337 Schoolside Ave Monterey Park 91754,0E90E988-B53C-436A-895E-DF5324458930_2337_Schoolside_Ave_Monterey_Park_91754,Schoolside,2337 Schoolside Avenue Ave Monterey Park 91754,,,,
739089,1318439,,5251024008.0,,2361.0,,,,,,Schoolside,Avenue,,,,,,,,,,,,,91754.0,,Monterey Park,Monterey Park,,,,,Monterey Park,{F2C7F6AC-AF4F-46B6-94AF-92D428EB4EE8},0,,F2C7F6AC-AF4F-46B6-94AF-92D428EB4EE8,Unknown,,,,,Ave,Schoolside Ave,2018/05/15 21:36:48+00,2361 Schoolside Ave Monterey Park 91754,F2C7F6AC-AF4F-46B6-94AF-92D428EB4EE8_2361_Schoolside_Ave_Monterey_Park_91754,Schoolside,2361 Schoolside Avenue Ave Monterey Park 91754,,,,
739090,1318440,,5251024010.0,,2377.0,,,,,,Schoolside,Avenue,,,,,,,,,,,,,91754.0,,Monterey Park,Monterey Park,,,,,Monterey Park,{2EC6094A-3DE4-4A94-AEA3-294976870C8B},0,,2EC6094A-3DE4-4A94-AEA3-294976870C8B,Unknown,,,,,Ave,Schoolside Ave,2018/03/06 08:43:27+00,2377 Schoolside Ave Monterey Park 91754,2EC6094A-3DE4-4A94-AEA3-294976870C8B_2377_Schoolside_Ave_Monterey_Park_91754,Schoolside,2377 Schoolside Avenue Ave Monterey Park 91754,,,,
739091,1318441,,5251024012.0,,2321.0,,,,,,Schoolside,Avenue,,,,,,,,,,,,,91754.0,,Monterey Park,Monterey Park,,,,,Monterey Park,{237CEADB-A73C-4411-AEE6-4F83F4D78100},0,,237CEADB-A73C-4411-AEE6-4F83F4D78100,Unknown,,,,,Ave,Schoolside Ave,2018/03/06 08:43:27+00,2321 Schoolside Ave Monterey Park 91754,237CEADB-A73C-4411-AEE6-4F83F4D78100_2321_Schoolside_Ave_Monterey_Park_91754,Schoolside,2321 Schoolside Avenue Ave Monterey Park 91754,,,,
739092,1318442,,5251025003.0,,2386.0,,,,,,Schoolside,Avenue,,,,,,,,,,,,,91754.0,,Monterey Park,Monterey Park,,,,,Monterey Park,{57BD1319-BEF8-4432-A908-5D184E5D5C47},0,,57BD1319-BEF8-4432-A908-5D184E5D5C47,Unknown,,,,,Ave,Schoolside Ave,2018/03/06 08:43:04+00,2386 Schoolside Ave Monterey Park 91754,57BD1319-BEF8-4432-A908-5D184E5D5C47_2386_Schoolside_Ave_Monterey_Park_91754,Schoolside,2386 Schoolside Avenue Ave Monterey Park 91754,,,,
739093,1318443,,5251025004.0,,2378.0,,,,,,Schoolside,Avenue,,,,,,,,,,,,,91754.0,,Monterey Park,Monterey Park,,,,,Monterey Park,{DC8D9369-D5C6-4FAF-8796-63825284E852},0,,DC8D9369-D5C6-4FAF-8796-63825284E852,Unknown,,,,,Ave,Schoolside Ave,2018/03/06 08:43:50+00,2378 Schoolside Ave Monterey Park 91754,DC8D9369-D5C6-4FAF-8796-63825284E852_2378_Schoolside_Ave_Monterey_Park_91754,Schoolside,2378 Schoolside Avenue Ave Monterey Park 91754,,,,
739094,1318444,,5251025008.0,,2354.0,,,,,,Schoolside,Avenue,,,,,,,,,,,,,91754.0,,Monterey Park,Monterey Park,,,,,Monterey Park,{E125C0DF-F9D3-4853-8C08-21AB8ABFA796},0,,E125C0DF-F9D3-4853-8C08-21AB8ABFA796,Unknown,,,,,Ave,Schoolside Ave,2018/05/15 21:36:13+00,2354 Schoolside Ave Monterey Park 91754,E125C0DF-F9D3-4853-8C08-21AB8ABFA796_2354_Schoolside_Ave_Monterey_Park_91754,Schoolside,2354 Schoolside Avenue Ave Monterey Park 91754,,,,
739095,1318445,,5251025013.0,,1363.0,,,,,,Dorner,Drive,,,,,,,,,,,,,91754.0,,Monterey Park,Monterey Park,,,,,Monterey Park,{37D41E77-B1AF-4A0C-8BF9-5B07965B3857},0,,37D41E77-B1AF-4A0C-8BF9-5B07965B3857,Unknown,,,,,Dr,Dorner Dr,2018/03/06 08:43:04+00,1363 Dorner Dr Monterey Park 91754,37D41E77-B1AF-4A0C-8BF9-5B07965B3857_1363_Dorner_Dr_Monterey_Park_91754,Dorner,1363 Dorner Drive Dr Monterey Park 91754,,,,
739096,1318446,,5251025015.0,,1379.0,,,,,,Dorner,Drive,,,,,,,,,,,,,91754.0,,Monterey Park,Monterey Park,,,,,Monterey Park,{D58976DD-3ACD-47DA-90EC-6A5C35D77A48},0,,D58976DD-3ACD-47DA-90EC-6A5C35D77A48,Unknown,,,,,Dr,Dorner Dr,2018/05/15 21:36:48+00,1379 Dorner Dr Monterey Park 91754,D58976DD-3ACD-47DA-90EC-6A5C35D77A48_1379_Dorner_Dr_Monterey_Park_91754,Dorner,1379 Dorner Drive Dr Monterey Park 91754,,,,
739097,1318447,,5251025017.0,,1355.0,,,,,,Dorner,Drive,,,,,,,,,,,,,91754.0,,Monterey Park,Monterey Park,,,,,Monterey Park,{89A98417-1941-4EE5-8FAE-EE2F59AB6520},0,,89A98417-1941-4EE5-8FAE-EE2F59AB6520,Unknown,,,,,Dr,Dorner Dr,2018/03/06 08:43:27+00,1355 Dorner Dr Monterey Park 91754,89A98417-1941-4EE5-8FAE-EE2F59AB6520_1355_Dorner_Dr_Monterey_Park_91754,Dorner,1355 Dorner Drive Dr Monterey Park 91754,,,,
739098,1318448,,5251026003.0,,2318.0,,,,,,Schoolside,Avenue,,,,,,,,,,,,,91754.0,,Monterey Park,Monterey Park,,,,,Monterey Park,{76EE5CE0-7781-4D81-92D9-EF11550ABBCD},0,,76EE5CE0-7781-4D81-92D9-EF11550ABBCD,Unknown,,,,,Ave,Schoolside Ave,2018/05/15 21:36:13+00,2318 Schoolside Ave Monterey Park 91754,76EE5CE0-7781-4D81-92D9-EF11550ABBCD_2318_Schoolside_Ave_Monterey_Park_91754,Schoolside,2318 Schoolside Avenue Ave Monterey Park 91754,,,,
739099,1318449,,5251026005.0,,2306.0,,,,,,Schoolside,Avenue,,,,,,,,,,,,,91754.0,,Monterey Park,Monterey Park,,,,,Monterey Park,{F3ECE445-0464-432E-8322-4BE48F14BC48},0,,F3ECE445-0464-432E-8322-4BE48F14BC48,Unknown,,,,,Ave,Schoolside Ave,2018/03/06 08:43:50+00,2306 Schoolside Ave Monterey Park 91754,F3ECE445-0464-432E-8322-4BE48F14BC48_2306_Schoolside_Ave_Monterey_Park_91754,Schoolside,2306 Schoolside Avenue Ave Monterey Park 91754,,,,
739100,1318450,,5251026006.0,,1360.0,,,,Avenida,,Cesar Chavez,,,,,,,,,,,,,,91754.0,,Monterey Park,Monterey Park,,,,,Monterey Park,{A53FB513-5FCE-48B1-B7BC-412FD3762BBE},0,,A53FB513-5FCE-48B1-B7BC-412FD3762BBE,Unknown,,,,Avenida,,Avenida Cesar Chavez,2018/06/11 17:00:12+00,1360 Avenida Cesar Chavez Monterey Park 91754,A53FB513-5FCE-48B1-B7BC-412FD3762BBE_1360_Avenida_Cesar_Chavez_Monterey_Park_91754,Avenida Cesar Chavez,1360 Avenida Cesar Chavez Monterey Park 91754,,,,
739101,1318451,,5251026007.0,,1352.0,,,,Avenida,,Cesar Chavez,,,,,,,,,,,,,,91754.0,,Monterey Park,Monterey Park,,,,,Monterey Park,{490E208B-DC5D-4198-BC8E-A5382E554D68},0,,490E208B-DC5D-4198-BC8E-A5382E554D68,Unknown,,,,Avenida,,Avenida Cesar Chavez,2018/06/11 17:00:12+00,1352 Avenida Cesar Chavez Monterey Park 91754,490E208B-DC5D-4198-BC8E-A5382E554D68_1352_Avenida_Cesar_Chavez_Monterey_Park_91754,Avenida Cesar Chavez,1352 Avenida Cesar Chavez Monterey Park 91754,,,,
739102,1318452,,5251026009.0,,1336.0,,,,Avenida,,Cesar Chavez,,,,,,,,,,,,,,91754.0,,Monterey Park,Monterey Park,,,,,Monterey Park,{947EB9FD-C09B-4B17-8890-AE6AD5B7A1AD},0,,947EB9FD-C09B-4B17-8890-AE6AD5B7A1AD,Unknown,,,,Avenida,,Avenida Cesar Chavez,2018/06/11 17:00:12+00,1336 Avenida Cesar Chavez Monterey Park 91754,947EB9FD-C09B-4B17-8890-AE6AD5B7A1AD_1336_Avenida_Cesar_Chavez_Monterey_Park_91754,Avenida Cesar Chavez,1336 Avenida Cesar Chavez Monterey Park 91754,,,,
739103,1318453,,5251026011.0,,1320.0,,,,Avenida,,Cesar Chavez,,,,,,,,,,,,,,91754.0,,Monterey Park,Monterey Park,,,,,Monterey Park,{4CA8D62B-C037-48BA-8C8F-7F7D5CF0D42C},0,,4CA8D62B-C037-48BA-8C8F-7F7D5CF0D42C,Unknown,,,,Avenida,,Avenida Cesar Chavez,2018/06/11 17:00:12+00,1320 Avenida Cesar Chavez Monterey Park 91754,4CA8D62B-C037-48BA-8C8F-7F7D5CF0D42C_1320_Avenida_Cesar_Chavez_Monterey_Park_91754,Avenida Cesar Chavez,1320 Avenida Cesar Chavez Monterey Park 91754,,,,
739104,1318454,,5251026012.0,,1312.0,,,,Avenida,,Cesar Chavez,,,,,,,,,,,,,,91754.0,,Monterey Park,Monterey Park,,,,,Monterey Park,{D1B4B2FA-B339-4119-AF6B-545820A7623E},0,,D1B4B2FA-B339-4119-AF6B-545820A7623E,Unknown,,,,Avenida,,Avenida Cesar Chavez,2018/06/11 17:00:12+00,1312 Avenida Cesar Chavez Monterey Park 91754,D1B4B2FA-B339-4119-AF6B-545820A7623E_1312_Avenida_Cesar_Chavez_Monterey_Park_91754,Avenida Cesar Chavez,1312 Avenida Cesar Chavez Monterey Park 91754,,,,
739105,1318455,,5251026014.0,,1283.0,,,,,,Dorner,Drive,,,,,,,,,,,,,91754.0,,Monterey Park,Monterey Park,,,,,Monterey Park,{96CCA687-58AE-44F0-9397-5124AEC54352},0,,96CCA687-58AE-44F0-9397-5124AEC54352,Unknown,,,,,Dr,Dorner Dr,2018/03/06 08:43:27+00,1283 Dorner Dr Monterey Park 91754,96CCA687-58AE-44F0-9397-5124AEC54352_1283_Dorner_Dr_Monterey_Park_91754,Dorner,1283 Dorner Drive Dr Monterey Park 91754,,,,
739106,1318456,,5251026015.0,,1295.0,,,,,,Dorner,Drive,,,,,,,,,,,,,91754.0,,Monterey Park,Monterey Park,,,,,Monterey Park,{997F5448-6F82-45CA-BEA5-F06281CB521C},0,,997F5448-6F82-45CA-BEA5-F06281CB521C,Unknown,,,,,Dr,Dorner Dr,2018/03/06 08:43:50+00,1295 Dorner Dr Monterey Park 91754,997F5448-6F82-45CA-BEA5-F06281CB521C_1295_Dorner_Dr_Monterey_Park_91754,Dorner,1295 Dorner Drive Dr Monterey Park 91754,,,,
739107,1318457,,5251026019.0,,1323.0,,,,,,Dorner,Drive,,,,,,,,,,,,,91754.0,,Monterey Park,Monterey Park,,,,,Monterey Park,{E7F87534-04A5-4574-B979-8C63B6382E12},0,,E7F87534-04A5-4574-B979-8C63B6382E12,Unknown,,,,,Dr,Dorner Dr,2018/03/06 08:43:04+00,1323 Dorner Dr Monterey Park 91754,E7F87534-04A5-4574-B979-8C63B6382E12_1323_Dorner_Dr_Monterey_Park_91754,Dorner,1323 Dorner Drive Dr Monterey Park 91754,,,,
739108,1318458,,5251026025.0,,1315.0,,,,,,Dorner,Drive,,,,,,,,,,,,,91754.0,,Monterey Park,Monterey Park,,,,,Monterey Park,{4AD30A0E-BEE6-47A1-B37D-156117E4AFF0},0,,4AD30A0E-BEE6-47A1-B37D-156117E4AFF0,Unknown,,,,,Dr,Dorner Dr,2018/05/15 21:36:48+00,1315 Dorner Dr Monterey Park 91754,4AD30A0E-BEE6-47A1-B37D-156117E4AFF0_1315_Dorner_Dr_Monterey_Park_91754,Dorner,1315 Dorner Drive Dr Monterey Park 91754,,,,
739109,1318459,,5251027001.0,,1292.0,,,,Avenida,,Cesar Chavez,,,,,,,,,,,,,,91754.0,,Monterey Park,Monterey Park,,,,,CAMS,{13D80903-0571-4A6B-8BD4-C8FD0DF9969A},0,,13D80903-0571-4A6B-8BD4-C8FD0DF9969A,Unknown,,,,Avenida,,Avenida Cesar Chavez,2018/10/18 14:58:37+00,1292 Avenida Cesar Chavez Monterey Park 91754,13D80903-0571-4A6B-8BD4-C8FD0DF9969A_1292_Avenida_Cesar_Chavez_Monterey_Park_91754,Avenida Cesar Chavez,1292 Avenida Cesar Chavez Monterey Park 91754,,,,
739110,1318460,,5251027002.0,,1284.0,,,,Avenida,,Cesar Chavez,,,,,,,,,,,,,,91754.0,,Monterey Park,Monterey Park,,,,,Monterey Park,{539160F3-CB9F-466D-BD84-50D875CD3275},0,,539160F3-CB9F-466D-BD84-50D875CD3275,Unknown,,,,Avenida,,Avenida Cesar Chavez,2018/06/11 17:00:12+00,1284 Avenida Cesar Chavez Monterey Park 91754,539160F3-CB9F-466D-BD84-50D875CD3275_1284_Avenida_Cesar_Chavez_Monterey_Park_91754,Avenida Cesar Chavez,1284 Avenida Cesar Chavez Monterey Park 91754,,,,
739111,1318461,,5251027003.0,,1276.0,,,,Avenida,,Cesar Chavez,,,,,,,,,,,,,,91754.0,,Monterey Park,Monterey Park,,,,,CAMS,{D15E60FB-DAC5-4541-931C-56A3623B73F9},0,,D15E60FB-DAC5-4541-931C-56A3623B73F9,Unknown,,,,Avenida,,Avenida Cesar Chavez,2019/06/03 13:28:09+00,1276 Avenida Cesar Chavez Monterey Park 91754,D15E60FB-DAC5-4541-931C-56A3623B73F9_1276_Avenida_Cesar_Chavez_Monterey_Park_91754,Avenida Cesar Chavez,1276 Avenida Cesar Chavez Monterey Park 91754,,,,
739112,1318462,,5251027003.0,,1280.0,,,,Avenida,,Cesar Chavez,,,,,,,,,,,,,,91754.0,,Monterey Park,Monterey Park,,,,,Monterey Park,{2500837D-48A0-43FC-A738-B4224370FFDB},0,,2500837D-48A0-43FC-A738-B4224370FFDB,Unknown,,,,Avenida,,Avenida Cesar Chavez,2018/06/11 17:00:12+00,1280 Avenida Cesar Chavez Monterey Park 91754,2500837D-48A0-43FC-A738-B4224370FFDB_1280_Avenida_Cesar_Chavez_Monterey_Park_91754,Avenida Cesar Chavez,1280 Avenida Cesar Chavez Monterey Park 91754,,,,
739113,1318463,,5251027006.0,,1256.0,,,,Avenida,,Cesar Chavez,,,,,,,,,,,,,,91754.0,,Monterey Park,Monterey Park,,,,,Monterey Park,{960DB74A-485B-4435-A905-61B34D91715C},0,,960DB74A-485B-4435-A905-61B34D91715C,Unknown,,,,Avenida,,Avenida Cesar Chavez,2018/08/21 16:40:18+00,1256 Avenida Cesar Chavez Monterey Park 91754,960DB74A-485B-4435-A905-61B34D91715C_1256_Avenida_Cesar_Chavez_Monterey_Park_91754,Avenida Cesar Chavez,1256 Avenida Cesar Chavez Monterey Park 91754,,,,
739114,1318464,,5251027006.0,,1252.0,,,,Avenida,,Cesar Chavez,,,,,,,,,,,,,,91754.0,,Monterey Park,Monterey Park,,,,,CAMS,{C503735D-F242-4506-BE23-D11A59919160},0,,C503735D-F242-4506-BE23-D11A59919160,Unknown,,,,Avenida,,Avenida Cesar Chavez,2018/08/21 16:40:18+00,1252 Avenida Cesar Chavez Monterey Park 91754,C503735D-F242-4506-BE23-D11A59919160_1252_Avenida_Cesar_Chavez_Monterey_Park_91754,Avenida Cesar Chavez,1252 Avenida Cesar Chavez Monterey Park 91754,,,,
739115,1318465,,5251027007.0,,1248.0,,,,Avenida,,Cesar Chavez,,,,,,,,,,,,,,91754.0,,Monterey Park,Monterey Park,,,,,Monterey Park,{9F81C618-4811-4294-8031-39FCFBEC5655},0,,9F81C618-4811-4294-8031-39FCFBEC5655,Unknown,,,,Avenida,,Avenida Cesar Chavez,2018/06/11 17:00:12+00,1248 Avenida Cesar Chavez Monterey Park 91754,9F81C618-4811-4294-8031-39FCFBEC5655_1248_Avenida_Cesar_Chavez_Monterey_Park_91754,Avenida Cesar Chavez,1248 Avenida Cesar Chavez Monterey Park 91754,,,,
739116,1318466,,5251027008.0,,1240.0,,,,Avenida,,Cesar Chavez,,,,,,,,,,,,,,91754.0,,Monterey Park,Monterey Park,,,,,Monterey Park,{EC46C379-38A3-4C1C-BC42-ACF9BBD76F37},0,,EC46C379-38A3-4C1C-BC42-ACF9BBD76F37,Unknown,,,,Avenida,,Avenida Cesar Chavez,2018/06/11 17:00:12+00,1240 Avenida Cesar Chavez Monterey Park 91754,EC46C379-38A3-4C1C-BC42-ACF9BBD76F37_1240_Avenida_Cesar_Chavez_Monterey_Park_91754,Avenida Cesar Chavez,1240 Avenida Cesar Chavez Monterey Park 91754,,,,
739117,1318467,,5251027009.0,,1232.0,,,,Avenida,,Cesar Chavez,,,,,,,,,,,,,,91754.0,,Monterey Park,Monterey Park,,,,,Monterey Park,{FBB5879F-F29F-4041-A1B9-BB48ED565A41},0,,FBB5879F-F29F-4041-A1B9-BB48ED565A41,Unknown,,,,Avenida,,Avenida Cesar Chavez,2018/06/11 17:00:12+00,1232 Avenida Cesar Chavez Monterey Park 91754,FBB5879F-F29F-4041-A1B9-BB48ED565A41_1232_Avenida_Cesar_Chavez_Monterey_Park_91754,Avenida Cesar Chavez,1232 Avenida Cesar Chavez Monterey Park 91754,,,,
739118,1318468,,5251027014.0,,1231.0,,,,,,Dorner,Drive,,,,,,,,,,,,,91754.0,,Monterey Park,Monterey Park,,,,,Monterey Park,{5AAD699A-F183-4D6C-9B97-F47191543EE9},0,,5AAD699A-F183-4D6C-9B97-F47191543EE9,Unknown,,,,,Dr,Dorner Dr,2018/05/15 21:36:48+00,1231 Dorner Dr Monterey Park 91754,5AAD699A-F183-4D6C-9B97-F47191543EE9_1231_Dorner_Dr_Monterey_Park_91754,Dorner,1231 Dorner Drive Dr Monterey Park 91754,,,,
739119,1318469,,5251027016.0,,1247.0,,,,,,Dorner,Drive,,,,,,,,,,,,,91754.0,,Monterey Park,Monterey Park,,,,,Monterey Park,{C7BC68B6-A07E-4DA8-85BD-12E782303057},0,,C7BC68B6-A07E-4DA8-85BD-12E782303057,Unknown,,,,,Dr,Dorner Dr,2018/05/15 21:36:48+00,1247 Dorner Dr Monterey Park 91754,C7BC68B6-A07E-4DA8-85BD-12E782303057_1247_Dorner_Dr_Monterey_Park_91754,Dorner,1247 Dorner Drive Dr Monterey Park 91754,,,,
739120,1318470,,5251027017.0,,1255.0,,,,,,Dorner,Drive,,,,,,,,,,,,,91754.0,,Monterey Park,Monterey Park,,,,,Monterey Park,{09EDE95D-4BA0-4797-B221-471AB7B38DE0},0,,09EDE95D-4BA0-4797-B221-471AB7B38DE0,Unknown,,,,,Dr,Dorner Dr,2018/03/06 08:43:50+00,1255 Dorner Dr Monterey Park 91754,09EDE95D-4BA0-4797-B221-471AB7B38DE0_1255_Dorner_Dr_Monterey_Park_91754,Dorner,1255 Dorner Drive Dr Monterey Park 91754,,,,
739121,1318471,,5251027020.0,,1279.0,,,,,,Dorner,Drive,,,,,,,,,,,,,91754.0,,Monterey Park,Monterey Park,,,,,Monterey Park,{195A4588-6156-4336-9EF9-FC17F5282891},0,,195A4588-6156-4336-9EF9-FC17F5282891,Unknown,,,,,Dr,Dorner Dr,2018/03/06 08:43:50+00,1279 Dorner Dr Monterey Park 91754,195A4588-6156-4336-9EF9-FC17F5282891_1279_Dorner_Dr_Monterey_Park_91754,Dorner,1279 Dorner Drive Dr Monterey Park 91754,,,,
739122,1318472,,5251028001.0,,1298.0,,,,,,Dorner,Drive,,,,,,,,,,,,,91754.0,,Monterey Park,Monterey Park,,,,,Monterey Park,{DA0211E7-9D99-41C5-B791-4EAE9DD608E0},0,,DA0211E7-9D99-41C5-B791-4EAE9DD608E0,Unknown,,,,,Dr,Dorner Dr,2018/05/15 21:37:23+00,1298 Dorner Dr Monterey Park 91754,DA0211E7-9D99-41C5-B791-4EAE9DD608E0_1298_Dorner_Dr_Monterey_Park_91754,Dorner,1298 Dorner Drive Dr Monterey Park 91754,,,,
739123,1318473,,5251028008.0,,1242.0,,,,,,Dorner,Drive,,,,,,,,,,,,,91754.0,,Monterey Park,Monterey Park,,,,,Monterey Park,{03C901DB-4DE7-4E39-851D-31E9E0151276},0,,03C901DB-4DE7-4E39-851D-31E9E0151276,Unknown,,,,,Dr,Dorner Dr,2018/05/15 21:37:23+00,1242 Dorner Dr Monterey Park 91754,03C901DB-4DE7-4E39-851D-31E9E0151276_1242_Dorner_Dr_Monterey_Park_91754,Dorner,1242 Dorner Drive Dr Monterey Park 91754,,,,
739124,1318474,,5251028014.0,,1241.0,,,,,,1st,Street,,,,,,,,,,,,,91754.0,,Monterey Park,Monterey Park,,,,,Monterey Park,{79BCCC3F-A3BF-40E9-A061-595072EC5B76},0,,79BCCC3F-A3BF-40E9-A061-595072EC5B76,Unknown,,,,,St,1st St,2018/05/15 21:39:33+00,1241 1st St Monterey Park 91754,79BCCC3F-A3BF-40E9-A061-595072EC5B76_1241_1st_St_Monterey_Park_91754,1st,1241 1st Street St Monterey Park 91754,,,,
739125,1318475,,5251028022.0,,1384.0,,,,,,Dorner,Drive,,,,,,,,,,,,,91754.0,,Monterey Park,Monterey Park,,,,,Monterey Park,{30AC8382-B140-42F4-9A7C-D335C1851B1C},0,,30AC8382-B140-42F4-9A7C-D335C1851B1C,Unknown,,,,,Dr,Dorner Dr,2018/03/06 08:43:50+00,1384 Dorner Dr Monterey Park 91754,30AC8382-B140-42F4-9A7C-D335C1851B1C_1384_Dorner_Dr_Monterey_Park_91754,Dorner,1384 Dorner Drive Dr Monterey Park 91754,,,,
739126,1318476,,5251028023.0,,1257.0,,,,,,1st,Street,,,,,,,,,,,,,91754.0,,Monterey Park,Monterey Park,,,,,Monterey Park,{B3A6D3BC-A96E-4517-8376-E9FD7FB6847F},0,,B3A6D3BC-A96E-4517-8376-E9FD7FB6847F,Unknown,,,,,St,1st St,2018/05/15 21:37:23+00,1257 1st St Monterey Park 91754,B3A6D3BC-A96E-4517-8376-E9FD7FB6847F_1257_1st_St_Monterey_Park_91754,1st,1257 1st Street St Monterey Park 91754,,,,
739127,1318477,,5251028026.0,,1282.0,,,,,,Dorner,Drive,,,,,,,,,,,,,91754.0,,Monterey Park,Monterey Park,,,,,Monterey Park,{C69C508D-A8C5-4799-BC80-4FCE63657351},0,,C69C508D-A8C5-4799-BC80-4FCE63657351,Unknown,,,,,Dr,Dorner Dr,2018/03/06 08:43:50+00,1282 Dorner Dr Monterey Park 91754,C69C508D-A8C5-4799-BC80-4FCE63657351_1282_Dorner_Dr_Monterey_Park_91754,Dorner,1282 Dorner Drive Dr Monterey Park 91754,,,,
739128,1318478,,5251029016.0,,1214.0,,,,Avenida,,Cesar Chavez,,,,,,,,,,,,,,91754.0,,Monterey Park,Monterey Park,,,,,Monterey Park,{2E7CF870-37E0-4D50-A3C9-5A6C4142A20A},0,,2E7CF870-37E0-4D50-A3C9-5A6C4142A20A,Unknown,,,,Avenida,,Avenida Cesar Chavez,2018/06/11 17:00:12+00,1214 Avenida Cesar Chavez Monterey Park 91754,2E7CF870-37E0-4D50-A3C9-5A6C4142A20A_1214_Avenida_Cesar_Chavez_Monterey_Park_91754,Avenida Cesar Chavez,1214 Avenida Cesar Chavez Monterey Park 91754,,,,
739129,1318479,,5251030001.0,,2442.0,,,,,,Sherbrook,Avenue,,,,,,,,,,,,,91754.0,,Monterey Park,Monterey Park,,,,,Monterey Park,{62328AD9-379D-44BE-92E7-E5DC67D98D6F},0,,62328AD9-379D-44BE-92E7-E5DC67D98D6F,Unknown,,,,,Ave,Sherbrook Ave,2018/05/15 21:36:48+00,2442 Sherbrook Ave Monterey Park 91754,62328AD9-379D-44BE-92E7-E5DC67D98D6F_2442_Sherbrook_Ave_Monterey_Park_91754,Sherbrook,2442 Sherbrook Avenue Ave Monterey Park 91754,,,,
739130,1318480,,5251030002.0,,1354.0,,,,,,1st,Street,,,,,,,,,,,,,91754.0,,Monterey Park,Monterey Park,,,,,Monterey Park,{744DB8CA-7756-49E2-8806-66E7756C3F06},0,,744DB8CA-7756-49E2-8806-66E7756C3F06,Unknown,,,,,St,1st St,2018/03/06 08:43:27+00,1354 1st St Monterey Park 91754,744DB8CA-7756-49E2-8806-66E7756C3F06_1354_1st_St_Monterey_Park_91754,1st,1354 1st Street St Monterey Park 91754,,,,
739131,1318481,,5251030003.0,,1346.0,,,,,,1st,Street,,,,,,,,,,,,,91754.0,,Monterey Park,Monterey Park,,,,,Monterey Park,{0F945520-92A7-446B-80DE-B5933B58D055},0,,0F945520-92A7-446B-80DE-B5933B58D055,Unknown,,,,,St,1st St,2018/03/06 08:43:50+00,1346 1st St Monterey Park 91754,0F945520-92A7-446B-80DE-B5933B58D055_1346_1st_St_Monterey_Park_91754,1st,1346 1st Street St Monterey Park 91754,,,,
739132,1318482,,5251030004.0,,1338.0,,,,,,1st,Street,,,,,,,,,,,,,91754.0,,Monterey Park,Monterey Park,,,,,Monterey Park,{5C79CA2F-3DEA-4278-99F6-EFE1C209ED1B},0,,5C79CA2F-3DEA-4278-99F6-EFE1C209ED1B,Unknown,,,,,St,1st St,2018/05/15 21:38:02+00,1338 1st St Monterey Park 91754,5C79CA2F-3DEA-4278-99F6-EFE1C209ED1B_1338_1st_St_Monterey_Park_91754,1st,1338 1st Street St Monterey Park 91754,,,,
739133,1318483,,5251030006.0,,1322.0,,,,,,1st,Street,,,,,,,,,,,,,91754.0,,Monterey Park,Monterey Park,,,,,Monterey Park,{FFEE2F97-AFEB-4E67-97EB-3FA34120F854},0,,FFEE2F97-AFEB-4E67-97EB-3FA34120F854,Unknown,,,,,St,1st St,2018/03/06 08:43:50+00,1322 1st St Monterey Park 91754,FFEE2F97-AFEB-4E67-97EB-3FA34120F854_1322_1st_St_Monterey_Park_91754,1st,1322 1st Street St Monterey Park 91754,,,,
739134,1318484,,5251030007.0,,1314.0,,,,,,1st,Street,,,,,,,,,,,,,91754.0,,Monterey Park,Monterey Park,,,,,Monterey Park,{4A540543-0EDE-4863-96A0-9C952E453FD7},0,,4A540543-0EDE-4863-96A0-9C952E453FD7,Unknown,,,,,St,1st St,2018/05/15 21:38:02+00,1314 1st St Monterey Park 91754,4A540543-0EDE-4863-96A0-9C952E453FD7_1314_1st_St_Monterey_Park_91754,1st,1314 1st Street St Monterey Park 91754,,,,
739135,1318485,,5251030008.0,,1306.0,,,,,,1st,Street,,,,,,,,,,,,,91754.0,,Monterey Park,Monterey Park,,,,,Monterey Park,{5A6500E1-A922-44DE-9228-2168310610C4},0,,5A6500E1-A922-44DE-9228-2168310610C4,Unknown,,,,,St,1st St,2018/05/15 21:38:46+00,1306 1st St Monterey Park 91754,5A6500E1-A922-44DE-9228-2168310610C4_1306_1st_St_Monterey_Park_91754,1st,1306 1st Street St Monterey Park 91754,,,,
739136,1318486,,5251030009.0,,1298.0,,,,,,1st,Street,,,,,,,,,,,,,91754.0,,Monterey Park,Monterey Park,,,,,Monterey Park,{74A133E3-8A9E-465D-80ED-1F1578E1A481},0,,74A133E3-8A9E-465D-80ED-1F1578E1A481,Unknown,,,,,St,1st St,2018/05/15 21:38:02+00,1298 1st St Monterey Park 91754,74A133E3-8A9E-465D-80ED-1F1578E1A481_1298_1st_St_Monterey_Park_91754,1st,1298 1st Street St Monterey Park 91754,,,,
739137,1318487,,5251030010.0,,1290.0,,,,,,1st,Street,,,,,,,,,,,,,91754.0,,Monterey Park,Monterey Park,,,,,Monterey Park,{8ACA91D6-0C7D-401A-8AB0-FE143FA65BE0},0,,8ACA91D6-0C7D-401A-8AB0-FE143FA65BE0,Unknown,,,,,St,1st St,2018/03/06 08:44:14+00,1290 1st St Monterey Park 91754,8ACA91D6-0C7D-401A-8AB0-FE143FA65BE0_1290_1st_St_Monterey_Park_91754,1st,1290 1st Street St Monterey Park 91754,,,,
739138,1318488,,5251030015.0,,1250.0,,,,,,1st,Street,,,,,,,,,,,,,91754.0,,Monterey Park,Monterey Park,,,,,Monterey Park,{1C7C4F7F-CF81-4624-AB0B-DB14BC8E264B},0,,1C7C4F7F-CF81-4624-AB0B-DB14BC8E264B,Unknown,,,,,St,1st St,2018/03/06 08:44:14+00,1250 1st St Monterey Park 91754,1C7C4F7F-CF81-4624-AB0B-DB14BC8E264B_1250_1st_St_Monterey_Park_91754,1st,1250 1st Street St Monterey Park 91754,,,,
739139,1318489,,5251030017.0,,1234.0,,,,,,1st,Street,,,,,,,,,,,,,91754.0,,Monterey Park,Monterey Park,,,,,Monterey Park,{E0D233BE-9604-4B29-BEF3-842A1D476E45},0,,E0D233BE-9604-4B29-BEF3-842A1D476E45,Unknown,,,,,St,1st St,2018/05/15 21:38:02+00,1234 1st St Monterey Park 91754,E0D233BE-9604-4B29-BEF3-842A1D476E45_1234_1st_St_Monterey_Park_91754,1st,1234 1st Street St Monterey Park 91754,,,,
739140,1318490,,5251030021.0,,2389.0,,,,,,Gladmar,Street,,,,,,,,,,,,,91754.0,,Monterey Park,Monterey Park,,,,,Monterey Park,{7F1D04D8-4F8D-4BC2-8F9A-F6152BF639ED},0,,7F1D04D8-4F8D-4BC2-8F9A-F6152BF639ED,Unknown,,,,,St,Gladmar St,2018/03/06 08:43:50+00,2389 Gladmar St Monterey Park 91754,7F1D04D8-4F8D-4BC2-8F9A-F6152BF639ED_2389_Gladmar_St_Monterey_Park_91754,Gladmar,2389 Gladmar Street St Monterey Park 91754,,,,
739141,1318491,,5251030022.0,,2393.0,,,,,,Gladmar,Street,,,,,,,,,,,,,91754.0,,Monterey Park,Monterey Park,,,,,Monterey Park,{BEC21C1F-835B-46E1-99AA-135F4A54A104},0,,BEC21C1F-835B-46E1-99AA-135F4A54A104,Unknown,,,,,St,Gladmar St,2018/05/15 21:37:23+00,2393 Gladmar St Monterey Park 91754,BEC21C1F-835B-46E1-99AA-135F4A54A104_2393_Gladmar_St_Monterey_Park_91754,Gladmar,2393 Gladmar Street St Monterey Park 91754,,,,
739142,1318492,,5251030023.0,,2397.0,,,,,,Gladmar,Street,,,,,,,,,,,,,91754.0,,Monterey Park,Monterey Park,,,,,Monterey Park,{774D41ED-DA30-40FB-BDD3-72DF54B29879},0,,774D41ED-DA30-40FB-BDD3-72DF54B29879,Unknown,,,,,St,Gladmar St,2018/05/15 21:37:23+00,2397 Gladmar St Monterey Park 91754,774D41ED-DA30-40FB-BDD3-72DF54B29879_2397_Gladmar_St_Monterey_Park_91754,Gladmar,2397 Gladmar Street St Monterey Park 91754,,,,
739143,1318493,,5251030024.0,,2401.0,,,,,,Gladmar,Street,,,,,,,,,,,,,91754.0,,Monterey Park,Monterey Park,,,,,Monterey Park,{6F2DDD97-C251-4969-BE59-AAB201901914},0,,6F2DDD97-C251-4969-BE59-AAB201901914,Unknown,,,,,St,Gladmar St,2018/03/06 08:43:50+00,2401 Gladmar St Monterey Park 91754,6F2DDD97-C251-4969-BE59-AAB201901914_2401_Gladmar_St_Monterey_Park_91754,Gladmar,2401 Gladmar Street St Monterey Park 91754,,,,
739144,1318494,,5251030026.0,,2409.0,,,,,,Gladmar,Street,,,,,,,,,,,,,91754.0,,Monterey Park,Monterey Park,,,,,Monterey Park,{46BD03C2-DA66-4AF4-AE95-E3AF518B02EB},0,,46BD03C2-DA66-4AF4-AE95-E3AF518B02EB,Unknown,,,,,St,Gladmar St,2018/05/15 21:39:33+00,2409 Gladmar St Monterey Park 91754,46BD03C2-DA66-4AF4-AE95-E3AF518B02EB_2409_Gladmar_St_Monterey_Park_91754,Gladmar,2409 Gladmar Street St Monterey Park 91754,,,,
739145,1318495,,5251030027.0,,2413.0,,,,,,Gladmar,Street,,,,,,,,,,,,,91754.0,,Monterey Park,Monterey Park,,,,,Monterey Park,{EAAB874A-8E2F-444D-B237-E07C7C22AB3C},0,,EAAB874A-8E2F-444D-B237-E07C7C22AB3C,Unknown,,,,,St,Gladmar St,2018/03/06 08:44:14+00,2413 Gladmar St Monterey Park 91754,EAAB874A-8E2F-444D-B237-E07C7C22AB3C_2413_Gladmar_St_Monterey_Park_91754,Gladmar,2413 Gladmar Street St Monterey Park 91754,,,,
739146,1318496,,5251030028.0,,2417.0,,,,,,Gladmar,Street,,,,,,,,,,,,,91754.0,,Monterey Park,Monterey Park,,,,,Monterey Park,{7FA9AD1D-BEBF-4677-9DCB-AFDD6EFAE979},0,,7FA9AD1D-BEBF-4677-9DCB-AFDD6EFAE979,Unknown,,,,,St,Gladmar St,2018/03/06 08:43:50+00,2417 Gladmar St Monterey Park 91754,7FA9AD1D-BEBF-4677-9DCB-AFDD6EFAE979_2417_Gladmar_St_Monterey_Park_91754,Gladmar,2417 Gladmar Street St Monterey Park 91754,,,,
739147,1318497,,5251030029.0,,2421.0,,,,,,Gladmar,Street,,,,,,,,,,,,,91754.0,,Monterey Park,Monterey Park,,,,,Monterey Park,{6E9461E3-9E78-48B1-BDDF-B70111354E33},0,,6E9461E3-9E78-48B1-BDDF-B70111354E33,Unknown,,,,,St,Gladmar St,2018/03/06 08:43:50+00,2421 Gladmar St Monterey Park 91754,6E9461E3-9E78-48B1-BDDF-B70111354E33_2421_Gladmar_St_Monterey_Park_91754,Gladmar,2421 Gladmar Street St Monterey Park 91754,,,,
739148,1318498,,5251030030.0,,2425.0,,,,,,Gladmar,Street,,,,,,,,,,,,,91754.0,,Monterey Park,Monterey Park,,,,,Monterey Park,{6812A046-16D0-4CF1-A3B7-4E9DC3C6E4B8},0,,6812A046-16D0-4CF1-A3B7-4E9DC3C6E4B8,Unknown,,,,,St,Gladmar St,2018/05/15 21:37:23+00,2425 Gladmar St Monterey Park 91754,6812A046-16D0-4CF1-A3B7-4E9DC3C6E4B8_2425_Gladmar_St_Monterey_Park_91754,Gladmar,2425 Gladmar Street St Monterey Park 91754,,,,
739149,1318499,,5251031001.0,,2426.0,,,,,,Gladmar,Street,,,,,,,,,,,,,91754.0,,Monterey Park,Monterey Park,,,,,Monterey Park,{39183F32-FAE3-4FD3-A5CB-FC400D0D05FE},0,,39183F32-FAE3-4FD3-A5CB-FC400D0D05FE,Unknown,,,,,St,Gladmar St,2018/10/28 05:25:30+00,2426 Gladmar St Monterey Park 91754,39183F32-FAE3-4FD3-A5CB-FC400D0D05FE_2426_Gladmar_St_Monterey_Park_91754,Gladmar,2426 Gladmar Street St Monterey Park 91754,,,,
739150,1318500,,5251031002.0,,2422.0,,,,,,Gladmar,Street,,,,,,,,,,,,,91754.0,,Monterey Park,Monterey Park,,,,,Monterey Park,{4126D398-7F99-41FA-A835-ED564AE4BD7D},0,,4126D398-7F99-41FA-A835-ED564AE4BD7D,Unknown,,,,,St,Gladmar St,2018/10/28 19:26:45+00,2422 Gladmar St Monterey Park 91754,4126D398-7F99-41FA-A835-ED564AE4BD7D_2422_Gladmar_St_Monterey_Park_91754,Gladmar,2422 Gladmar Street St Monterey Park 91754,,,,
739151,1318501,,5251031005.0,,2410.0,,,,,,Gladmar,Street,,,,,,,,,,,,,91754.0,,Monterey Park,Monterey Park,,,,,Monterey Park,{887F63FB-99F7-410A-8BDF-2A564602BD5D},0,,887F63FB-99F7-410A-8BDF-2A564602BD5D,Unknown,,,,,St,Gladmar St,2018/03/06 08:44:41+00,2410 Gladmar St Monterey Park 91754,887F63FB-99F7-410A-8BDF-2A564602BD5D_2410_Gladmar_St_Monterey_Park_91754,Gladmar,2410 Gladmar Street St Monterey Park 91754,,,,
739152,1318502,,5251031007.0,,2402.0,,,,,,Gladmar,Street,,,,,,,,,,,,,91754.0,,Monterey Park,Monterey Park,,,,,Monterey Park,{DDEA90FA-C119-4929-9FDA-50618CCB7CE4},0,,DDEA90FA-C119-4929-9FDA-50618CCB7CE4,Unknown,,,,,St,Gladmar St,2018/05/15 21:38:46+00,2402 Gladmar St Monterey Park 91754,DDEA90FA-C119-4929-9FDA-50618CCB7CE4_2402_Gladmar_St_Monterey_Park_91754,Gladmar,2402 Gladmar Street St Monterey Park 91754,,,,
739153,1318503,,5251031011.0,,2413.0,,,,,,Telford,Street,,,,,,,,,,,,,91754.0,,Monterey Park,Monterey Park,,,,,Monterey Park,{4EE269BD-57FB-42FB-A181-54035CF09F1F},0,,4EE269BD-57FB-42FB-A181-54035CF09F1F,Unknown,,,,,St,Telford St,2024/05/12 21:05:27+00,2413 Telford St Monterey Park 91754,4EE269BD-57FB-42FB-A181-54035CF09F1F_2413_Telford_St_Monterey_Park_91754,Telford,2413 Telford Street St Monterey Park 91754,,,,
739154,1318504,,5251031011.0,,2413.0,,,,,,Collegian,Avenue,,,,,,,,,,,,,91754.0,,Monterey Park,Monterey Park,,,,,Monterey Park,{EEBCB7B7-E319-42E7-A827-37106CB3588B},0,,EEBCB7B7-E319-42E7-A827-37106CB3588B,Unknown,,,,,Ave,Collegian Ave,2024/05/12 21:05:27+00,2413 Collegian Ave Monterey Park 91754,EEBCB7B7-E319-42E7-A827-37106CB3588B_2413_Collegian_Ave_Monterey_Park_91754,Collegian,2413 Collegian Avenue Ave Monterey Park 91754,,,,
739155,1318505,,5251031013.0,,2421.0,,,,,,Telford,Street,,,,,,,,,,,,,91754.0,,Monterey Park,Monterey Park,,,,,Monterey Park,{8DA7EECD-36D3-40A3-8690-D43183351984},0,,8DA7EECD-36D3-40A3-8690-D43183351984,Unknown,,,,,St,Telford St,2024/05/12 21:05:27+00,2421 Telford St Monterey Park 91754,8DA7EECD-36D3-40A3-8690-D43183351984_2421_Telford_St_Monterey_Park_91754,Telford,2421 Telford Street St Monterey Park 91754,,,,
739156,1318506,,5251031013.0,,2421.0,,,,,,Collegian,Avenue,,,,,,,,,,,,,91754.0,,Monterey Park,Monterey Park,,,,,Monterey Park,{4EF4236A-0E70-4842-BE24-185635E80A90},0,,4EF4236A-0E70-4842-BE24-185635E80A90,Unknown,,,,,Ave,Collegian Ave,2024/05/12 21:05:27+00,2421 Collegian Ave Monterey Park 91754,4EF4236A-0E70-4842-BE24-185635E80A90_2421_Collegian_Ave_Monterey_Park_91754,Collegian,2421 Collegian Avenue Ave Monterey Park 91754,,,,
739157,1318507,,5251031015.0,,2401.0,,,South,,,Atlantic,Boulevard,,,,,,,,,,,,,91754.0,,Monterey Park,Monterey Park,,,,,Monterey Park,{3915FD9E-CEA6-4839-95C8-45CFCBF254CF},0,,3915FD9E-CEA6-4839-95C8-45CFCBF254CF,Unknown,,S,,,Blvd,S Atlantic Blvd,2018/10/28 05:25:30+00,2401 S Atlantic Blvd Monterey Park 91754,3915FD9E-CEA6-4839-95C8-45CFCBF254CF_2401_S_Atlantic_Blvd_Monterey_Park_91754,Atlantic,2401 S Atlantic Boulevard Blvd Monterey Park 91754,,,,
